season,week,team,rating,rank
2019,1,Alabama,1764.5,1
2019,1,Georgia,1763.9,2
2019,1,Ohio State,1741.9,3
2019,1,Notre Dame,1726.3,4
2019,1,LSU,1721.9,5
2019,1,Clemson,1717.9,6
2019,1,USC,1715.0,7
2019,1,Texas,1713.8,8
2019,1,Oklahoma,1711.1,9
2019,1,Auburn,1707.9,10
2019,1,Michigan,1700.5,11
2019,1,Florida,1699.4,12
2019,1,Texas A&M,1699.1,13
2019,1,Wisconsin,1690.4,14
2019,1,Penn State,1682.5,15
2019,1,Stanford,1681.2,16
2019,1,Mississippi State,1666.7,17
2019,1,Washington,1662.8,18
2019,1,Oklahoma State,1661.7,19
2019,1,Nebraska,1657.4,20
2019,1,Utah,1655.2,21
2019,1,North Carolina,1654.5,22
2019,1,Michigan State,1650.3,23
2019,1,NC State,1649.5,24
2019,1,Arizona State,1645.4,25
2019,1,Colorado,1644.1,26
2019,1,Virginia,1643.6,27
2019,1,Kentucky,1642.8,28
2019,1,Illinois,1642.2,29
2019,1,Florida State,1642.0,30
2019,1,Miami,1635.7,31
2019,1,Iowa,1633.2,32
2019,1,Oregon,1630.9,33
2019,1,Maryland,1630.9,34
2019,1,Arkansas,1629.4,35
2019,1,Syracuse,1627.3,36
2019,1,TCU,1625.7,37
2019,1,Indiana,1623.9,38
2019,1,Cincinnati,1623.5,39
2019,1,Boise State,1620.0,40
2019,1,Rutgers,1619.4,41
2019,1,Baylor,1618.3,42
2019,1,SMU,1617.1,43
2019,1,South Carolina,1614.7,44
2019,1,Tennessee,1612.9,45
2019,1,Boston College,1612.5,46
2019,1,Washington State,1611.5,47
2019,1,West Virginia,1606.0,48
2019,1,Memphis,1604.4,49
2019,1,Tulane,1601.4,50
2019,1,Minnesota,1600.0,51
2019,1,Ole Miss,1598.9,52
2019,1,California,1597.6,53
2019,1,UCLA,1596.5,54
2019,1,UCF,1595.4,55
2019,1,Wake Forest,1593.1,56
2019,1,Iowa State,1590.7,57
2019,1,Virginia Tech,1587.9,58
2019,1,Texas Tech,1587.4,59
2019,1,Kansas State,1576.1,60
2019,1,Kansas,1568.5,61
2019,1,Purdue,1568.4,62
2019,1,Northwestern,1567.2,63
2019,1,Missouri,1567.0,64
2019,1,Georgia State,1566.0,65
2019,1,Nevada,1565.5,66
2019,1,Hawai'i,1563.4,67
2019,1,Georgia Tech,1562.3,68
2019,1,Houston,1560.5,69
2019,1,San Diego State,1560.0,70
2019,1,Duke,1559.3,71
2019,1,Marshall,1558.4,72
2019,1,Temple,1558.4,73
2019,1,Wyoming,1557.0,74
2019,1,Louisville,1552.9,75
2019,1,UTSA,1551.7,76
2019,1,UNLV,1549.1,77
2019,1,Southern Miss,1546.7,78
2019,1,North Texas,1546.3,79
2019,1,Western Michigan,1545.7,80
2019,1,Arizona,1543.4,81
2019,1,Pittsburgh,1541.8,82
2019,1,Vanderbilt,1541.6,83
2019,1,Florida Atlantic,1540.2,84
2019,1,UAB,1538.6,85
2019,1,San José State,1538.0,86
2019,1,Eastern Michigan,1534.6,87
2019,1,Fresno State,1532.8,88
2019,1,App State,1532.6,89
2019,1,Central Michigan,1532.5,90
2019,1,Oregon State,1531.2,91
2019,1,UConn,1527.8,92
2019,1,Louisiana Tech,1527.3,93
2019,1,New Mexico,1526.0,94
2019,1,Northern Illinois,1525.8,95
2019,1,Troy,1524.3,96
2019,1,Charlotte,1522.9,97
2019,1,BYU,1517.4,98
2019,1,Florida International,1515.4,99
2019,1,Old Dominion,1514.9,100
2019,1,Middle Tennessee,1514.7,101
2019,1,Utah State,1512.5,102
2019,1,Colorado State,1511.9,103
2019,1,Toledo,1510.1,104
2019,1,UL Monroe,1509.6,105
2019,1,Army,1508.8,106
2019,1,East Carolina,1507.9,107
2019,1,UTEP,1507.6,108
2019,1,Navy,1507.4,109
2019,1,Ohio,1506.6,110
2019,1,Bowling Green,1501.2,111
2019,1,South Florida,1501.0,112
2019,1,Tulsa,1498.8,113
2019,1,Georgia Southern,1498.1,114
2019,1,Arkansas State,1497.3,115
2019,1,Western Kentucky,1492.6,116
2019,1,Louisiana,1491.4,117
2019,1,South Alabama,1490.9,118
2019,1,Buffalo,1490.1,119
2019,1,Rice,1484.3,120
2019,1,Texas State,1479.2,121
2019,1,Miami (OH),1475.7,122
2019,1,Massachusetts,1471.9,123
2019,1,Kent State,1464.4,124
2019,1,Ball State,1462.4,125
2019,1,Akron,1458.9,126
2019,1,Coastal Carolina,1445.0,127
2019,1,Air Force,1444.2,128
2019,1,New Mexico State,1438.3,129
2019,1,Liberty,1388.7,130
2019,2,Alabama,1776.0,1
2019,2,Ohio State,1774.2,2
2019,2,Georgia,1766.7,3
2019,2,LSU,1764.3,4
2019,2,USC,1755.6,5
2019,2,Clemson,1753.7,6
2019,2,Auburn,1734.6,7
2019,2,Notre Dame,1726.3,8
2019,2,Wisconsin,1719.7,9
2019,2,Oklahoma,1713.2,10
2019,2,Michigan,1708.8,11
2019,2,Florida,1703.4,12
2019,2,Penn State,1703.3,13
2019,2,Mississippi State,1693.7,14
2019,2,Maryland,1684.1,15
2019,2,Michigan State,1682.8,16
2019,2,Iowa,1679.5,17
2019,2,Utah,1679.1,18
2019,2,Oregon,1677.5,19
2019,2,Illinois,1677.0,20
2019,2,North Carolina,1672.9,21
2019,2,Texas,1671.4,22
2019,2,Kentucky,1670.6,23
2019,2,Oklahoma State,1666.1,24
2019,2,Colorado,1664.9,25
2019,2,Texas A&M,1663.2,26
2019,2,UCF,1660.9,27
2019,2,Baylor,1660.7,28
2019,2,NC State,1652.2,29
2019,2,SMU,1650.5,30
2019,2,Arizona State,1649.3,31
2019,2,Virginia,1648.6,32
2019,2,Florida State,1647.6,33
2019,2,Washington,1646.8,34
2019,2,Boise State,1643.0,35
2019,2,Ole Miss,1642.2,36
2019,2,Wake Forest,1642.0,37
2019,2,Stanford,1640.6,38
2019,2,Nebraska,1636.6,39
2019,2,Indiana,1627.8,40
2019,2,TCU,1625.7,41
2019,2,Minnesota,1624.8,42
2019,2,Missouri,1624.1,43
2019,2,Texas Tech,1624.1,44
2019,2,South Carolina,1618.7,45
2019,2,Boston College,1618.4,46
2019,2,Kansas State,1617.6,47
2019,2,Miami,1617.4,48
2019,2,Virginia Tech,1616.5,49
2019,2,Washington State,1616.3,50
2019,2,California,1613.6,51
2019,2,San Diego State,1610.9,52
2019,2,Memphis,1608.5,53
2019,2,Purdue,1606.1,54
2019,2,Wyoming,1597.1,55
2019,2,Cincinnati,1591.2,56
2019,2,Iowa State,1590.7,57
2019,2,Arkansas,1586.1,58
2019,2,UAB,1581.7,59
2019,2,Hawai'i,1580.8,60
2019,2,Georgia Tech,1580.2,61
2019,2,Tennessee,1579.7,62
2019,2,Tulane,1574.7,63
2019,2,Syracuse,1574.1,64
2019,2,Rutgers,1573.0,65
2019,2,Arkansas State,1571.9,66
2019,2,Pittsburgh,1571.5,67
2019,2,App State,1570.6,68
2019,2,Georgia State,1570.5,69
2019,2,Houston,1568.4,70
2019,2,Northwestern,1567.2,71
2019,2,Duke,1566.4,72
2019,2,Tulsa,1564.2,73
2019,2,Louisville,1562.5,74
2019,2,Temple,1558.4,75
2019,2,Arizona,1551.4,76
2019,2,BYU,1550.7,77
2019,2,West Virginia,1549.0,78
2019,2,UCLA,1545.6,79
2019,2,Marshall,1535.3,80
2019,2,Western Kentucky,1534.7,81
2019,2,Louisiana Tech,1531.4,82
2019,2,New Mexico,1526.0,83
2019,2,Utah State,1524.9,84
2019,2,Troy,1524.3,85
2019,2,Kansas,1524.1,86
2019,2,Middle Tennessee,1522.9,87
2019,2,Louisiana,1519.9,88
2019,2,Southern Miss,1519.6,89
2019,2,Nevada,1518.9,90
2019,2,Colorado State,1518.3,91
2019,2,East Carolina,1516.5,92
2019,2,Oregon State,1513.9,93
2019,2,Western Michigan,1513.2,94
2019,2,North Texas,1513.0,95
2019,2,Toledo,1510.1,96
2019,2,UTSA,1509.3,97
2019,2,Fresno State,1508.0,98
2019,2,Navy,1507.4,99
2019,2,Eastern Michigan,1506.8,100
2019,2,Georgia Southern,1505.5,101
2019,2,UL Monroe,1504.0,102
2019,2,Vanderbilt,1503.9,103
2019,2,Central Michigan,1503.2,104
2019,2,Northern Illinois,1501.8,105
2019,2,Army,1500.5,106
2019,2,South Alabama,1496.8,107
2019,2,UConn,1493.0,108
2019,2,Coastal Carolina,1489.4,109
2019,2,Old Dominion,1486.4,110
2019,2,Miami (OH),1486.2,111
2019,2,Charlotte,1484.8,112
2019,2,South Florida,1483.2,113
2019,2,Ohio,1476.9,114
2019,2,Florida Atlantic,1474.7,115
2019,2,UNLV,1474.5,116
2019,2,Florida International,1473.4,117
2019,2,San José State,1472.7,118
2019,2,Ball State,1471.4,119
2019,2,UTEP,1471.0,120
2019,2,Kent State,1470.4,121
2019,2,Buffalo,1469.2,122
2019,2,Bowling Green,1459.7,123
2019,2,Air Force,1444.2,124
2019,2,Texas State,1439.0,125
2019,2,Rice,1435.4,126
2019,2,New Mexico State,1426.7,127
2019,2,Akron,1415.8,128
2019,2,Massachusetts,1381.4,129
2019,2,Liberty,1360.1,130
2019,3,Ohio State,1828.0,1
2019,3,Alabama,1820.8,2
2019,3,Clemson,1800.1,3
2019,3,Georgia,1790.4,4
2019,3,LSU,1765.4,5
2019,3,Oklahoma,1761.1,6
2019,3,Auburn,1749.7,7
2019,3,Notre Dame,1749.1,8
2019,3,Florida,1746.0,9
2019,3,Penn State,1720.1,10
2019,3,Wisconsin,1719.7,11
2019,3,USC,1718.7,12
2019,3,Oklahoma State,1715.1,13
2019,3,Michigan,1708.8,14
2019,3,Texas,1701.0,15
2019,3,UCF,1699.6,16
2019,3,Iowa,1691.3,17
2019,3,TCU,1687.3,18
2019,3,Washington,1684.8,19
2019,3,Oregon,1683.4,20
2019,3,Utah,1683.2,21
2019,3,Arizona State,1679.8,22
2019,3,Virginia,1678.1,23
2019,3,Wake Forest,1673.1,24
2019,3,Texas A&M,1669.3,25
2019,3,SMU,1669.1,26
2019,3,Kansas State,1666.4,27
2019,3,Memphis,1666.0,28
2019,3,Nebraska,1665.3,29
2019,3,Baylor,1660.7,30
2019,3,Maryland,1654.0,31
2019,3,Michigan State,1652.3,32
2019,3,San Diego State,1650.3,33
2019,3,Washington State,1649.4,34
2019,3,Boise State,1648.6,35
2019,3,Ole Miss,1645.8,36
2019,3,Mississippi State,1645.0,37
2019,3,North Carolina,1641.8,38
2019,3,Illinois,1641.1,39
2019,3,Minnesota,1636.6,40
2019,3,California,1631.7,41
2019,3,Missouri,1628.7,42
2019,3,Kentucky,1628.0,43
2019,3,Duke,1626.6,44
2019,3,Miami,1625.2,45
2019,3,Virginia Tech,1620.0,46
2019,3,Cincinnati,1619.9,47
2019,3,Arkansas,1619.5,48
2019,3,Florida State,1618.1,49
2019,3,Louisville,1611.0,50
2019,3,Colorado,1609.4,51
2019,3,West Virginia,1607.7,52
2019,3,Stanford,1601.8,53
2019,3,Arizona,1601.4,54
2019,3,Kansas,1601.3,55
2019,3,Wyoming,1600.3,56
2019,3,Northwestern,1594.6,57
2019,3,NC State,1593.4,58
2019,3,Louisiana Tech,1591.0,59
2019,3,Temple,1588.5,60
2019,3,BYU,1587.6,61
2019,3,Tennessee,1585.1,62
2019,3,UAB,1581.7,63
2019,3,Western Michigan,1581.1,64
2019,3,Tulane,1580.0,65
2019,3,Iowa State,1579.0,66
2019,3,Texas Tech,1574.1,67
2019,3,South Carolina,1574.0,68
2019,3,Indiana,1574.0,69
2019,3,Rutgers,1573.0,70
2019,3,App State,1570.6,71
2019,3,Army,1562.5,72
2019,3,Navy,1559.0,73
2019,3,Southern Miss,1557.1,74
2019,3,Pittsburgh,1554.8,75
2019,3,Arkansas State,1548.2,76
2019,3,Marshall,1547.7,77
2019,3,Purdue,1544.5,78
2019,3,Hawai'i,1542.8,79
2019,3,Eastern Michigan,1542.6,80
2019,3,Georgia Tech,1542.0,81
2019,3,Boston College,1541.2,82
2019,3,Houston,1535.4,83
2019,3,Central Michigan,1533.8,84
2019,3,Syracuse,1527.7,85
2019,3,Louisiana,1525.4,86
2019,3,Utah State,1524.9,87
2019,3,Nevada,1524.7,88
2019,3,Florida Atlantic,1524.0,89
2019,3,Toledo,1522.2,90
2019,3,Oregon State,1522.2,91
2019,3,Charlotte,1517.8,92
2019,3,Tulsa,1515.1,93
2019,3,Fresno State,1508.0,94
2019,3,UL Monroe,1504.0,95
2019,3,Vanderbilt,1503.9,96
2019,3,New Mexico,1503.2,97
2019,3,Georgia State,1502.6,98
2019,3,Coastal Carolina,1502.0,99
2019,3,Air Force,1499.7,100
2019,3,South Florida,1499.4,101
2019,3,UCLA,1497.7,102
2019,3,North Texas,1494.8,103
2019,3,Georgia Southern,1493.6,104
2019,3,UConn,1493.0,105
2019,3,Troy,1486.9,106
2019,3,Old Dominion,1486.4,107
2019,3,Western Kentucky,1486.2,108
2019,3,Colorado State,1485.0,109
2019,3,Florida International,1480.3,110
2019,3,Northern Illinois,1473.2,111
2019,3,San José State,1472.7,112
2019,3,UTEP,1471.0,113
2019,3,East Carolina,1464.9,114
2019,3,Ohio,1464.5,115
2019,3,Middle Tennessee,1462.7,116
2019,3,Miami (OH),1457.6,117
2019,3,Kent State,1455.3,118
2019,3,UTSA,1447.3,119
2019,3,UNLV,1447.2,120
2019,3,South Alabama,1439.3,121
2019,3,Ball State,1422.0,122
2019,3,Liberty,1421.1,123
2019,3,Texas State,1420.4,124
2019,3,Buffalo,1408.3,125
2019,3,Rice,1405.9,126
2019,3,Bowling Green,1400.1,127
2019,3,New Mexico State,1387.3,128
2019,3,Akron,1385.2,129
2019,3,Massachusetts,1348.5,130
2019,4,Ohio State,1835.7,1
2019,4,Alabama,1833.2,2
2019,4,Georgia,1813.9,3
2019,4,Clemson,1811.3,4
2019,4,LSU,1797.9,5
2019,4,Auburn,1780.2,6
2019,4,Florida,1765.3,7
2019,4,Wisconsin,1761.9,8
2019,4,Oklahoma,1761.1,9
2019,4,USC,1739.3,10
2019,4,Washington,1728.5,11
2019,4,Notre Dame,1725.6,12
2019,4,Texas,1724.4,13
2019,4,Oregon,1721.7,14
2019,4,Penn State,1720.1,15
2019,4,Michigan State,1708.9,16
2019,4,SMU,1698.8,17
2019,4,Virginia,1693.0,18
2019,4,Oklahoma State,1691.7,19
2019,4,Iowa,1691.3,20
2019,4,Nebraska,1690.7,21
2019,4,UCF,1686.9,22
2019,4,Baylor,1682.4,23
2019,4,Wake Forest,1677.5,24
2019,4,Mississippi State,1674.6,25
2019,4,California,1669.1,26
2019,4,Boise State,1667.0,27
2019,4,Michigan,1666.6,28
2019,4,Kansas State,1666.4,29
2019,4,Memphis,1666.0,30
2019,4,Utah,1662.7,31
2019,4,TCU,1657.6,32
2019,4,Missouri,1656.5,33
2019,4,Arizona State,1654.0,34
2019,4,Maryland,1654.0,35
2019,4,Florida State,1645.6,36
2019,4,Miami,1639.1,37
2019,4,Texas A&M,1638.9,38
2019,4,West Virginia,1637.0,39
2019,4,Minnesota,1636.6,40
2019,4,Colorado,1635.2,41
2019,4,Duke,1626.6,42
2019,4,Iowa State,1620.5,43
2019,4,Virginia Tech,1620.0,44
2019,4,Cincinnati,1619.9,45
2019,4,Washington State,1616.6,46
2019,4,Illinois,1615.7,47
2019,4,Indiana,1610.5,48
2019,4,North Carolina,1609.5,49
2019,4,Louisiana Tech,1609.2,50
2019,4,UAB,1608.5,51
2019,4,Ole Miss,1608.4,52
2019,4,NC State,1606.6,53
2019,4,App State,1602.9,54
2019,4,San Diego State,1602.0,55
2019,4,Arizona,1601.4,56
2019,4,Boston College,1600.6,57
2019,4,Tulane,1599.8,58
2019,4,Kentucky,1598.5,59
2019,4,Louisville,1583.4,60
2019,4,Wyoming,1578.9,61
2019,4,Nevada,1577.1,62
2019,4,Texas Tech,1574.1,63
2019,4,Utah State,1573.2,64
2019,4,Kansas,1572.0,65
2019,4,Louisiana,1569.7,66
2019,4,Syracuse,1569.2,67
2019,4,Pittsburgh,1567.5,68
2019,4,Army,1567.0,69
2019,4,Arkansas,1566.8,70
2019,4,Tennessee,1565.7,71
2019,4,Stanford,1563.5,72
2019,4,Toledo,1559.6,73
2019,4,Navy,1559.0,74
2019,4,Arkansas State,1554.8,75
2019,4,Hawai'i,1551.7,76
2019,4,Eastern Michigan,1547.8,77
2019,4,Marshall,1547.7,78
2019,4,South Carolina,1546.2,79
2019,4,Southern Miss,1544.7,80
2019,4,Purdue,1544.5,81
2019,4,BYU,1543.9,82
2019,4,Coastal Carolina,1542.1,83
2019,4,Georgia Tech,1542.0,84
2019,4,Troy,1542.0,85
2019,4,Western Michigan,1539.6,86
2019,4,Northwestern,1538.0,87
2019,4,Tulsa,1536.5,88
2019,4,UCLA,1530.5,89
2019,4,North Texas,1530.2,90
2019,4,Florida Atlantic,1528.0,91
2019,4,San José State,1525.4,92
2019,4,Oregon State,1522.2,93
2019,4,Central Michigan,1519.8,94
2019,4,Fresno State,1519.2,95
2019,4,Temple,1517.5,96
2019,4,Houston,1515.6,97
2019,4,New Mexico,1515.3,98
2019,4,Rutgers,1513.6,99
2019,4,Charlotte,1506.6,100
2019,4,South Florida,1499.4,101
2019,4,Georgia Southern,1493.6,102
2019,4,Kent State,1489.5,103
2019,4,Western Kentucky,1486.2,104
2019,4,Georgia State,1481.5,105
2019,4,Air Force,1481.3,106
2019,4,Buffalo,1479.3,107
2019,4,East Carolina,1473.9,108
2019,4,Northern Illinois,1473.2,109
2019,4,Old Dominion,1471.5,110
2019,4,Vanderbilt,1471.4,111
2019,4,Middle Tennessee,1462.7,112
2019,4,UL Monroe,1462.5,113
2019,4,Florida International,1462.1,114
2019,4,UConn,1456.6,115
2019,4,Miami (OH),1449.8,116
2019,4,Colorado State,1447.6,117
2019,4,UNLV,1447.2,118
2019,4,Texas State,1441.5,119
2019,4,Liberty,1435.8,120
2019,4,Ohio,1420.3,121
2019,4,UTEP,1418.6,122
2019,4,South Alabama,1412.5,123
2019,4,UTSA,1411.9,124
2019,4,Ball State,1408.9,125
2019,4,Rice,1384.1,126
2019,4,New Mexico State,1375.3,127
2019,4,Bowling Green,1365.8,128
2019,4,Akron,1330.0,129
2019,4,Massachusetts,1308.4,130
2019,5,Ohio State,1878.9,1
2019,5,Alabama,1846.8,2
2019,5,Clemson,1817.9,3
2019,5,Georgia,1813.9,4
2019,5,Auburn,1805.9,5
2019,5,LSU,1797.9,6
2019,5,Oklahoma,1779.2,7
2019,5,Penn State,1778.9,8
2019,5,Wisconsin,1771.2,9
2019,5,Florida,1768.3,10
2019,5,Washington,1760.7,11
2019,5,Notre Dame,1753.3,12
2019,5,SMU,1731.0,13
2019,5,Michigan State,1726.3,14
2019,5,Texas,1724.4,15
2019,5,Oregon,1721.7,16
2019,5,Oklahoma State,1719.0,17
2019,5,USC,1707.1,18
2019,5,Iowa,1706.4,19
2019,5,UCF,1701.0,20
2019,5,Wake Forest,1696.9,21
2019,5,Utah,1693.5,22
2019,5,Baylor,1692.2,23
2019,5,Michigan,1689.7,24
2019,5,Arizona State,1689.5,25
2019,5,Memphis,1689.2,26
2019,5,TCU,1686.6,27
2019,5,Duke,1685.2,28
2019,5,Florida State,1674.4,29
2019,5,Cincinnati,1671.7,30
2019,5,Boise State,1667.0,31
2019,5,Virginia,1665.2,32
2019,5,Minnesota,1664.6,33
2019,5,Texas A&M,1657.9,34
2019,5,Missouri,1656.5,35
2019,5,Mississippi State,1648.9,36
2019,5,Nebraska,1647.5,37
2019,5,Kansas State,1639.1,38
2019,5,Miami,1639.1,39
2019,5,West Virginia,1637.0,40
2019,5,Colorado,1635.2,41
2019,5,California,1633.7,42
2019,5,App State,1629.5,43
2019,5,Louisiana Tech,1621.5,44
2019,5,Hawai'i,1620.2,45
2019,5,Illinois,1615.7,46
2019,5,Arizona,1613.2,47
2019,5,Iowa State,1610.7,48
2019,5,Louisiana,1606.7,49
2019,5,North Carolina,1602.9,50
2019,5,Wyoming,1602.2,51
2019,5,San Diego State,1602.0,52
2019,5,Tulane,1599.8,53
2019,5,Maryland,1595.2,54
2019,5,Ole Miss,1594.8,55
2019,5,Indiana,1593.2,56
2019,5,Utah State,1589.1,57
2019,5,Arkansas State,1588.4,58
2019,5,South Carolina,1586.0,59
2019,5,Washington State,1585.7,60
2019,5,Stanford,1584.6,61
2019,5,Louisville,1583.4,62
2019,5,Toledo,1581.9,63
2019,5,Boston College,1581.2,64
2019,5,NC State,1577.9,65
2019,5,Florida Atlantic,1574.8,66
2019,5,Syracuse,1573.5,67
2019,5,UAB,1572.7,68
2019,5,Pittsburgh,1569.7,69
2019,5,Western Michigan,1569.5,70
2019,5,Houston,1568.2,71
2019,5,Army,1567.0,72
2019,5,Tennessee,1565.7,73
2019,5,Southern Miss,1564.2,74
2019,5,Virginia Tech,1561.3,75
2019,5,Kentucky,1558.6,76
2019,5,Temple,1556.7,77
2019,5,Texas Tech,1556.0,78
2019,5,Fresno State,1549.9,79
2019,5,Eastern Michigan,1547.8,80
2019,5,Arkansas,1547.7,81
2019,5,Kansas,1543.0,82
2019,5,Tulsa,1536.5,83
2019,5,Navy,1535.8,84
2019,5,Northwestern,1528.6,85
2019,5,Western Kentucky,1521.9,86
2019,5,BYU,1521.6,87
2019,5,Air Force,1520.0,88
2019,5,UCLA,1518.7,89
2019,5,Purdue,1516.6,90
2019,5,Coastal Carolina,1515.4,91
2019,5,Nevada,1508.5,92
2019,5,Troy,1508.4,93
2019,5,Georgia Tech,1502.8,94
2019,5,Oregon State,1501.1,95
2019,5,East Carolina,1496.8,96
2019,5,Marshall,1495.8,97
2019,5,Vanderbilt,1493.8,98
2019,5,Rutgers,1490.5,99
2019,5,Central Michigan,1489.9,100
2019,5,Kent State,1489.5,101
2019,5,UL Monroe,1487.1,102
2019,5,San José State,1486.6,103
2019,5,Miami (OH),1484.3,104
2019,5,New Mexico,1483.9,105
2019,5,Georgia State,1481.5,106
2019,5,North Texas,1477.6,107
2019,5,Liberty,1467.2,108
2019,5,South Florida,1467.1,109
2019,5,Florida International,1462.1,110
2019,5,Charlotte,1459.8,111
2019,5,Georgia Southern,1456.6,112
2019,5,Texas State,1455.4,113
2019,5,Northern Illinois,1450.8,114
2019,5,Old Dominion,1448.6,115
2019,5,Middle Tennessee,1447.6,116
2019,5,Buffalo,1444.9,117
2019,5,UConn,1442.5,118
2019,5,Colorado State,1431.7,119
2019,5,UNLV,1423.9,120
2019,5,Ohio,1420.3,121
2019,5,UTSA,1411.9,122
2019,5,Ball State,1408.9,123
2019,5,UTEP,1399.1,124
2019,5,South Alabama,1388.0,125
2019,5,Rice,1371.9,126
2019,5,Bowling Green,1365.8,127
2019,5,New Mexico State,1344.7,128
2019,5,Massachusetts,1335.6,129
2019,5,Akron,1302.9,130
2019,6,Ohio State,1894.6,1
2019,6,Alabama,1846.8,2
2019,6,Georgia,1841.5,3
2019,6,Clemson,1817.9,4
2019,6,LSU,1813.7,5
2019,6,Oklahoma,1806.8,6
2019,6,Florida,1795.4,7
2019,6,Penn State,1790.0,8
2019,6,Wisconsin,1782.8,9
2019,6,Auburn,1778.7,10
2019,6,Notre Dame,1759.9,11
2019,6,Texas,1758.2,12
2019,6,Oregon,1740.6,13
2019,6,SMU,1740.2,14
2019,6,Baylor,1736.5,15
2019,6,Washington,1721.0,16
2019,6,Memphis,1718.0,17
2019,6,Michigan,1714.9,18
2019,6,Michigan State,1710.7,19
2019,6,USC,1707.1,20
2019,6,Wake Forest,1696.9,21
2019,6,Minnesota,1694.3,22
2019,6,Boise State,1694.0,23
2019,6,Utah,1693.5,24
2019,6,Arizona State,1689.5,25
2019,6,Cincinnati,1689.3,26
2019,6,UCF,1683.4,27
2019,6,Iowa,1681.2,28
2019,6,Missouri,1677.3,29
2019,6,Florida State,1674.4,30
2019,6,Oklahoma State,1672.9,31
2019,6,Virginia,1665.2,32
2019,6,Iowa State,1659.4,33
2019,6,Duke,1658.0,34
2019,6,Texas A&M,1657.9,35
2019,6,Nebraska,1657.0,36
2019,6,Mississippi State,1648.9,37
2019,6,Arizona,1644.1,38
2019,6,Maryland,1643.8,39
2019,6,North Carolina,1640.1,40
2019,6,TCU,1638.0,41
2019,6,Tulane,1635.5,42
2019,6,San Diego State,1630.9,43
2019,6,App State,1629.5,44
2019,6,Stanford,1624.3,45
2019,6,Louisiana Tech,1621.5,46
2019,6,Hawai'i,1620.2,47
2019,6,Ole Miss,1619.0,48
2019,6,California,1614.7,49
2019,6,Louisiana,1606.7,50
2019,6,Toledo,1604.5,51
2019,6,Colorado,1604.2,52
2019,6,West Virginia,1603.2,53
2019,6,Wyoming,1602.2,54
2019,6,Texas Tech,1602.0,55
2019,6,Virginia Tech,1600.4,56
2019,6,Miami,1600.0,57
2019,6,Pittsburgh,1597.0,58
2019,6,Louisville,1595.9,59
2019,6,Kansas State,1594.8,60
2019,6,Indiana,1593.2,61
2019,6,Temple,1591.6,62
2019,6,Illinois,1586.0,63
2019,6,South Carolina,1586.0,64
2019,6,Washington State,1585.7,65
2019,6,UAB,1585.4,66
2019,6,NC State,1577.9,67
2019,6,Florida Atlantic,1574.8,68
2019,6,Syracuse,1573.5,69
2019,6,Utah State,1573.2,70
2019,6,Boston College,1568.8,71
2019,6,Houston,1568.2,72
2019,6,Southern Miss,1564.2,73
2019,6,Western Kentucky,1562.7,74
2019,6,Navy,1560.5,75
2019,6,Kentucky,1558.6,76
2019,6,Oregon State,1550.5,77
2019,6,Fresno State,1549.9,78
2019,6,Arkansas,1547.7,79
2019,6,Western Michigan,1546.9,80
2019,6,Arkansas State,1543.9,81
2019,6,Tennessee,1538.1,82
2019,6,Central Michigan,1536.3,83
2019,6,Army,1531.3,84
2019,6,Tulsa,1527.3,85
2019,6,Georgia State,1526.0,86
2019,6,BYU,1521.6,87
2019,6,Northwestern,1519.2,88
2019,6,South Florida,1519.1,89
2019,6,Coastal Carolina,1515.4,90
2019,6,Kansas,1515.3,91
2019,6,San José State,1514.7,92
2019,6,Nevada,1508.5,93
2019,6,Purdue,1505.4,94
2019,6,Eastern Michigan,1501.4,95
2019,6,Air Force,1495.3,96
2019,6,Liberty,1488.6,97
2019,6,Troy,1487.6,98
2019,6,Florida International,1487.2,99
2019,6,Miami (OH),1484.3,100
2019,6,Middle Tennessee,1481.4,101
2019,6,Kent State,1477.9,102
2019,6,North Texas,1477.6,103
2019,6,Georgia Southern,1476.4,104
2019,6,Vanderbilt,1469.5,105
2019,6,UCLA,1469.2,106
2019,6,Georgia Tech,1465.5,107
2019,6,Marshall,1462.0,108
2019,6,East Carolina,1461.8,109
2019,6,Charlotte,1459.8,110
2019,6,UL Monroe,1458.4,111
2019,6,New Mexico,1455.8,112
2019,6,Texas State,1455.4,113
2019,6,UTSA,1450.6,114
2019,6,Ball State,1445.9,115
2019,6,Rutgers,1442.0,116
2019,6,Buffalo,1432.8,117
2019,6,Ohio,1432.3,118
2019,6,Northern Illinois,1413.8,119
2019,6,Old Dominion,1407.8,120
2019,6,Colorado State,1402.8,121
2019,6,UNLV,1397.0,122
2019,6,UConn,1390.5,123
2019,6,South Alabama,1368.2,124
2019,6,UTEP,1360.3,125
2019,6,Bowling Green,1359.3,126
2019,6,Rice,1359.2,127
2019,6,New Mexico State,1323.2,128
2019,6,Massachusetts,1310.5,129
2019,6,Akron,1302.9,130
2019,7,Ohio State,1894.6,1
2019,7,Alabama,1871.8,2
2019,7,LSU,1837.7,3
2019,7,Clemson,1835.5,4
2019,7,Oklahoma,1828.8,5
2019,7,Georgia,1816.5,6
2019,7,Penn State,1809.2,7
2019,7,Wisconsin,1808.7,8
2019,7,Auburn,1778.7,9
2019,7,Florida,1771.5,10
2019,7,Notre Dame,1770.5,11
2019,7,Oregon,1760.4,12
2019,7,Washington,1758.5,13
2019,7,Michigan,1744.1,14
2019,7,Baylor,1743.9,15
2019,7,SMU,1740.2,16
2019,7,Texas,1736.2,17
2019,7,Utah,1730.6,18
2019,7,Minnesota,1721.6,19
2019,7,Cincinnati,1718.0,20
2019,7,Boise State,1715.9,21
2019,7,Memphis,1702.0,22
2019,7,Arizona State,1699.3,23
2019,7,Iowa State,1698.8,24
2019,7,USC,1696.5,25
2019,7,Missouri,1695.9,26
2019,7,Michigan State,1684.8,27
2019,7,UCF,1683.4,28
2019,7,Wake Forest,1674.5,29
2019,7,Oklahoma State,1672.9,30
2019,7,Duke,1669.7,31
2019,7,App State,1667.5,32
2019,7,Iowa,1662.0,33
2019,7,Florida State,1656.8,34
2019,7,Tulane,1646.9,35
2019,7,San Diego State,1644.5,36
2019,7,North Carolina,1640.1,37
2019,7,Virginia,1638.8,38
2019,7,TCU,1638.0,39
2019,7,Texas A&M,1632.9,40
2019,7,Nebraska,1629.7,41
2019,7,Louisiana Tech,1629.7,42
2019,7,Miami,1626.4,43
2019,7,Stanford,1624.3,44
2019,7,Louisville,1618.2,45
2019,7,Mississippi State,1615.7,46
2019,7,UAB,1615.1,47
2019,7,California,1614.7,48
2019,7,Navy,1612.7,49
2019,7,South Carolina,1611.1,50
2019,7,Indiana,1610.7,51
2019,7,Temple,1607.5,52
2019,7,Arizona,1606.6,53
2019,7,Virginia Tech,1602.4,54
2019,7,Ole Miss,1600.4,55
2019,7,Hawai'i,1598.3,56
2019,7,Pittsburgh,1597.0,57
2019,7,NC State,1596.1,58
2019,7,Kansas State,1594.8,59
2019,7,Texas Tech,1594.7,60
2019,7,Maryland,1594.4,61
2019,7,Florida Atlantic,1592.6,62
2019,7,Wyoming,1588.6,63
2019,7,Colorado,1584.5,64
2019,7,Southern Miss,1583.7,65
2019,7,Western Kentucky,1582.0,66
2019,7,Washington State,1575.9,67
2019,7,Kentucky,1573.3,68
2019,7,Utah State,1573.2,69
2019,7,Tennessee,1571.4,70
2019,7,Western Michigan,1570.0,71
2019,7,Boston College,1568.8,72
2019,7,Louisiana,1568.7,73
2019,7,West Virginia,1563.8,74
2019,7,Georgia State,1558.5,75
2019,7,Illinois,1556.8,76
2019,7,Syracuse,1555.3,77
2019,7,Purdue,1554.9,78
2019,7,Toledo,1553.5,79
2019,7,Central Michigan,1546.0,80
2019,7,Arkansas State,1543.9,81
2019,7,Houston,1539.5,82
2019,7,Air Force,1537.0,83
2019,7,South Florida,1534.6,84
2019,7,Arkansas,1533.0,85
2019,7,Nevada,1522.0,86
2019,7,Northwestern,1519.2,87
2019,7,Kansas,1515.3,88
2019,7,Florida International,1515.0,89
2019,7,Oregon State,1513.4,90
2019,7,Army,1512.0,91
2019,7,Fresno State,1508.2,92
2019,7,BYU,1506.1,93
2019,7,Kent State,1505.8,94
2019,7,San José State,1501.2,95
2019,7,UL Monroe,1491.3,96
2019,7,Liberty,1488.6,97
2019,7,Troy,1487.6,98
2019,7,Coastal Carolina,1483.0,99
2019,7,Marshall,1482.7,100
2019,7,Georgia Southern,1476.4,101
2019,7,Ball State,1475.5,102
2019,7,Tulsa,1475.1,103
2019,7,Eastern Michigan,1471.9,104
2019,7,UCLA,1469.2,105
2019,7,Middle Tennessee,1463.6,106
2019,7,East Carolina,1461.8,107
2019,7,Miami (OH),1461.3,108
2019,7,North Texas,1458.1,109
2019,7,Georgia Tech,1453.8,110
2019,7,UNLV,1447.0,111
2019,7,Colorado State,1443.7,112
2019,7,Northern Illinois,1433.6,113
2019,7,Buffalo,1432.8,114
2019,7,Charlotte,1432.1,115
2019,7,Rutgers,1424.5,116
2019,7,Texas State,1422.5,117
2019,7,UTSA,1420.9,118
2019,7,Vanderbilt,1419.5,119
2019,7,New Mexico,1414.9,120
2019,7,Ohio,1412.5,121
2019,7,Bowling Green,1410.2,122
2019,7,Old Dominion,1387.2,123
2019,7,UConn,1379.1,124
2019,7,South Alabama,1368.2,125
2019,7,UTEP,1360.3,126
2019,7,Rice,1359.2,127
2019,7,New Mexico State,1313.6,128
2019,7,Massachusetts,1302.3,129
2019,7,Akron,1275.0,130
2019,8,Ohio State,1910.2,1
2019,8,Alabama,1878.8,2
2019,8,Clemson,1862.6,3
2019,8,LSU,1861.4,4
2019,8,Oklahoma,1838.8,5
2019,8,Georgia,1825.9,6
2019,8,Penn State,1824.3,7
2019,8,Auburn,1804.2,8
2019,8,Wisconsin,1795.1,9
2019,8,Florida,1794.3,10
2019,8,Oregon,1782.5,11
2019,8,Baylor,1778.7,12
2019,8,Notre Dame,1770.5,13
2019,8,SMU,1757.4,14
2019,8,Utah,1755.3,15
2019,8,Minnesota,1741.6,16
2019,8,Texas,1740.0,17
2019,8,Washington,1736.4,18
2019,8,Michigan,1729.0,19
2019,8,Memphis,1728.1,20
2019,8,Cincinnati,1725.6,21
2019,8,Iowa State,1724.8,22
2019,8,USC,1718.2,23
2019,8,UCF,1692.4,24
2019,8,Boise State,1691.1,25
2019,8,Michigan State,1684.8,26
2019,8,Wake Forest,1684.3,27
2019,8,App State,1684.0,28
2019,8,Virginia,1676.7,29
2019,8,Arizona State,1674.6,30
2019,8,Iowa,1673.7,31
2019,8,San Diego State,1667.7,32
2019,8,Texas A&M,1659.7,33
2019,8,Missouri,1653.3,34
2019,8,Louisiana Tech,1651.6,35
2019,8,Florida State,1647.0,36
2019,8,Oklahoma State,1638.1,37
2019,8,Navy,1636.7,38
2019,8,Indiana,1636.7,39
2019,8,Duke,1631.8,40
2019,8,Nebraska,1629.7,41
2019,8,North Carolina,1628.1,42
2019,8,UAB,1625.8,43
2019,8,Pittsburgh,1623.3,44
2019,8,Tulane,1620.8,45
2019,8,Kansas State,1617.9,46
2019,8,TCU,1614.8,47
2019,8,Virginia Tech,1614.4,48
2019,8,Washington State,1609.9,49
2019,8,Louisiana,1606.7,50
2019,8,Boston College,1601.3,51
2019,8,Wyoming,1600.1,52
2019,8,Utah State,1598.7,53
2019,8,Western Kentucky,1596.0,54
2019,8,Mississippi State,1592.0,55
2019,8,Louisville,1591.1,56
2019,8,Miami,1590.5,57
2019,8,Temple,1590.3,58
2019,8,Air Force,1589.5,59
2019,8,California,1588.8,60
2019,8,South Carolina,1588.3,61
2019,8,Arizona,1584.9,62
2019,8,Central Michigan,1575.1,63
2019,8,Georgia State,1574.8,64
2019,8,Stanford,1574.2,65
2019,8,Ole Miss,1573.5,66
2019,8,Illinois,1570.3,67
2019,8,Texas Tech,1568.7,68
2019,8,Maryland,1568.3,69
2019,8,Tennessee,1564.4,70
2019,8,Kentucky,1563.8,71
2019,8,NC State,1563.6,72
2019,8,Florida Atlantic,1563.4,73
2019,8,Southern Miss,1561.8,74
2019,8,Houston,1558.6,75
2019,8,West Virginia,1553.8,76
2019,8,Colorado,1550.5,77
2019,8,Hawai'i,1545.7,78
2019,8,Purdue,1543.1,79
2019,8,Western Michigan,1542.2,80
2019,8,Oregon State,1539.4,81
2019,8,Fresno State,1533.4,82
2019,8,BYU,1531.0,83
2019,8,Syracuse,1528.9,84
2019,8,Florida International,1528.3,85
2019,8,Ball State,1521.3,86
2019,8,UCLA,1519.4,87
2019,8,Marshall,1511.9,88
2019,8,Kansas,1511.5,89
2019,8,South Florida,1510.5,90
2019,8,Toledo,1507.6,91
2019,8,Arkansas,1507.5,92
2019,8,Troy,1505.9,93
2019,8,Arkansas State,1505.9,94
2019,8,Northwestern,1503.5,95
2019,8,Eastern Michigan,1499.7,96
2019,8,Nevada,1496.5,97
2019,8,Army,1495.6,98
2019,8,Liberty,1492.9,99
2019,8,Georgia Southern,1489.9,100
2019,8,Georgia Tech,1489.7,101
2019,8,Kent State,1478.4,102
2019,8,San José State,1478.0,103
2019,8,UL Monroe,1474.8,104
2019,8,Miami (OH),1473.1,105
2019,8,North Texas,1471.6,106
2019,8,Coastal Carolina,1469.5,107
2019,8,Tulsa,1467.5,108
2019,8,Vanderbilt,1462.1,109
2019,8,Buffalo,1461.5,110
2019,8,East Carolina,1452.8,111
2019,8,Middle Tennessee,1450.1,112
2019,8,Colorado State,1443.7,113
2019,8,Ohio,1439.8,114
2019,8,UTSA,1432.7,115
2019,8,Texas State,1422.5,116
2019,8,UNLV,1421.8,117
2019,8,Northern Illinois,1421.8,118
2019,8,Charlotte,1418.1,119
2019,8,Rutgers,1404.4,120
2019,8,New Mexico,1403.4,121
2019,8,Bowling Green,1381.1,122
2019,8,Old Dominion,1376.5,123
2019,8,UConn,1360.0,124
2019,8,South Alabama,1349.9,125
2019,8,Rice,1347.3,126
2019,8,UTEP,1347.0,127
2019,8,New Mexico State,1313.6,128
2019,8,Massachusetts,1302.3,129
2019,8,Akron,1246.4,130
2019,9,Ohio State,1930.4,1
2019,9,Alabama,1884.5,2
2019,9,Clemson,1873.6,3
2019,9,LSU,1871.8,4
2019,9,Penn State,1854.6,5
2019,9,Georgia,1825.9,6
2019,9,Oklahoma,1800.6,7
2019,9,Florida,1794.3,8
2019,9,Auburn,1793.8,9
2019,9,Oregon,1787.4,10
2019,9,Baylor,1778.7,11
2019,9,Wisconsin,1775.0,12
2019,9,Utah,1771.6,13
2019,9,SMU,1768.6,14
2019,9,Michigan,1767.4,15
2019,9,Minnesota,1758.1,16
2019,9,Washington,1736.4,17
2019,9,UCF,1733.4,18
2019,9,USC,1732.7,19
2019,9,Memphis,1732.6,20
2019,9,Notre Dame,1732.1,21
2019,9,Cincinnati,1725.6,22
2019,9,Texas,1705.3,23
2019,9,Iowa,1700.8,24
2019,9,App State,1700.0,25
2019,9,Iowa State,1691.9,26
2019,9,Boise State,1691.1,27
2019,9,Wake Forest,1684.3,28
2019,9,Texas A&M,1681.3,29
2019,9,San Diego State,1677.2,30
2019,9,Oklahoma State,1671.0,31
2019,9,Louisiana Tech,1668.3,32
2019,9,Indiana,1665.1,33
2019,9,Florida State,1663.9,34
2019,9,Kansas State,1656.1,35
2019,9,Michigan State,1654.5,36
2019,9,Virginia,1650.0,37
2019,9,TCU,1649.5,38
2019,9,Navy,1649.1,39
2019,9,North Carolina,1641.5,40
2019,9,Arizona State,1637.0,41
2019,9,UAB,1625.8,42
2019,9,Air Force,1621.2,43
2019,9,Wyoming,1620.7,44
2019,9,Duke,1618.4,45
2019,9,Louisville,1617.7,46
2019,9,Virginia Tech,1614.4,47
2019,9,Miami,1614.1,48
2019,9,Missouri,1612.6,49
2019,9,Illinois,1608.8,50
2019,9,Tulane,1608.4,51
2019,9,Louisiana,1606.7,52
2019,9,Washington State,1605.1,53
2019,9,Kentucky,1604.5,54
2019,9,Nebraska,1601.4,55
2019,9,Pittsburgh,1599.8,56
2019,9,Stanford,1597.9,57
2019,9,Georgia State,1596.3,58
2019,9,Tennessee,1596.0,59
2019,9,Florida Atlantic,1594.3,60
2019,9,Boston College,1590.3,61
2019,9,Southern Miss,1582.5,62
2019,9,Western Kentucky,1578.3,63
2019,9,Ole Miss,1573.5,64
2019,9,California,1572.6,65
2019,9,Hawai'i,1572.0,66
2019,9,Mississippi State,1570.5,67
2019,9,Utah State,1567.0,68
2019,9,NC State,1563.6,69
2019,9,Arizona,1561.2,70
2019,9,Western Michigan,1559.4,71
2019,9,UCLA,1557.0,72
2019,9,South Carolina,1556.6,73
2019,9,West Virginia,1553.8,74
2019,9,Texas Tech,1552.5,75
2019,9,Maryland,1551.8,76
2019,9,South Florida,1550.3,77
2019,9,Temple,1549.3,78
2019,9,Houston,1547.4,79
2019,9,Oregon State,1539.4,80
2019,9,Colorado,1536.0,81
2019,9,BYU,1531.0,82
2019,9,Central Michigan,1530.7,83
2019,9,Marshall,1529.6,84
2019,9,Kansas,1527.7,85
2019,9,Arkansas State,1527.5,86
2019,9,Toledo,1520.4,87
2019,9,Syracuse,1512.1,88
2019,9,Buffalo,1505.9,89
2019,9,Georgia Southern,1505.3,90
2019,9,Purdue,1504.6,91
2019,9,San José State,1503.5,92
2019,9,Miami (OH),1502.1,93
2019,9,Arkansas,1501.9,94
2019,9,Fresno State,1495.3,95
2019,9,Middle Tennessee,1494.3,96
2019,9,Georgia Tech,1489.7,97
2019,9,Eastern Michigan,1486.9,98
2019,9,Troy,1484.5,99
2019,9,Florida International,1484.1,100
2019,9,Colorado State,1481.8,101
2019,9,Ohio,1481.3,102
2019,9,Ball State,1479.8,103
2019,9,Northwestern,1476.4,104
2019,9,Nevada,1475.9,105
2019,9,UL Monroe,1474.8,106
2019,9,Army,1470.0,107
2019,9,Coastal Carolina,1469.5,108
2019,9,North Texas,1463.6,109
2019,9,Tulsa,1463.0,110
2019,9,Vanderbilt,1462.1,111
2019,9,Liberty,1461.8,112
2019,9,Kent State,1449.4,113
2019,9,Northern Illinois,1438.7,114
2019,9,Rutgers,1435.5,115
2019,9,UTSA,1432.7,116
2019,9,Charlotte,1426.1,117
2019,9,East Carolina,1413.0,118
2019,9,UNLV,1412.4,119
2019,9,Texas State,1400.9,120
2019,9,UConn,1397.8,121
2019,9,New Mexico,1377.1,122
2019,9,Bowling Green,1363.9,123
2019,9,Old Dominion,1345.7,124
2019,9,South Alabama,1333.9,125
2019,9,UTEP,1330.3,126
2019,9,Rice,1326.6,127
2019,9,New Mexico State,1298.2,128
2019,9,Massachusetts,1264.5,129
2019,9,Akron,1229.5,130
2019,10,Ohio State,1930.4,1
2019,10,Alabama,1884.5,2
2019,10,Clemson,1875.0,3
2019,10,LSU,1871.8,4
2019,10,Penn State,1854.6,5
2019,10,Georgia,1848.9,6
2019,10,Oregon,1830.4,7
2019,10,Oklahoma,1800.6,8
2019,10,Auburn,1800.5,9
2019,10,Utah,1794.6,10
2019,10,Michigan,1793.8,11
2019,10,Baylor,1783.4,12
2019,10,Wisconsin,1775.0,13
2019,10,Florida,1771.3,14
2019,10,Minnesota,1758.1,15
2019,10,Memphis,1753.7,16
2019,10,SMU,1747.5,17
2019,10,UCF,1744.8,18
2019,10,Notre Dame,1736.1,19
2019,10,Cincinnati,1732.9,20
2019,10,Washington,1713.3,21
2019,10,Boise State,1711.2,22
2019,10,Texas,1705.3,23
2019,10,Wake Forest,1704.4,24
2019,10,Iowa,1700.8,25
2019,10,Iowa State,1691.9,26
2019,10,Texas A&M,1691.6,27
2019,10,Kansas State,1690.2,28
2019,10,USC,1689.7,29
2019,10,Oklahoma State,1689.2,30
2019,10,Indiana,1679.1,31
2019,10,Virginia,1678.3,32
2019,10,San Diego State,1677.2,33
2019,10,App State,1675.7,34
2019,10,Navy,1674.8,35
2019,10,Louisiana Tech,1668.3,36
2019,10,Miami,1657.6,37
2019,10,Michigan State,1654.5,38
2019,10,Arizona State,1637.0,39
2019,10,TCU,1631.3,40
2019,10,Boston College,1630.6,41
2019,10,Tennessee,1629.7,42
2019,10,Air Force,1629.1,43
2019,10,Florida Atlantic,1627.5,44
2019,10,Pittsburgh,1625.3,45
2019,10,Illinois,1623.6,46
2019,10,Tulane,1621.3,47
2019,10,Wyoming,1620.7,48
2019,10,Florida State,1620.4,49
2019,10,Louisiana,1619.2,50
2019,10,Duke,1618.4,51
2019,10,Louisville,1617.7,52
2019,10,North Carolina,1613.2,53
2019,10,Missouri,1612.6,54
2019,10,Mississippi State,1611.3,55
2019,10,Virginia Tech,1610.4,56
2019,10,Washington State,1605.1,57
2019,10,Kentucky,1604.5,58
2019,10,Stanford,1597.9,59
2019,10,Georgia State,1596.3,60
2019,10,UAB,1592.0,61
2019,10,Southern Miss,1582.5,62
2019,10,UCLA,1582.3,63
2019,10,Oregon State,1581.7,64
2019,10,BYU,1580.5,65
2019,10,Nebraska,1580.0,66
2019,10,South Carolina,1575.1,67
2019,10,California,1572.6,68
2019,10,Ole Miss,1566.8,69
2019,10,Western Michigan,1559.4,70
2019,10,Central Michigan,1554.4,71
2019,10,Arkansas State,1553.2,72
2019,10,Texas Tech,1552.5,73
2019,10,Buffalo,1551.1,74
2019,10,Marshall,1550.6,75
2019,10,South Florida,1550.3,76
2019,10,Hawai'i,1550.3,77
2019,10,Temple,1549.3,78
2019,10,West Virginia,1549.2,79
2019,10,Western Kentucky,1545.0,80
2019,10,NC State,1543.4,81
2019,10,Houston,1536.0,82
2019,10,Georgia Southern,1529.6,83
2019,10,Purdue,1526.0,84
2019,10,Maryland,1525.4,85
2019,10,Toledo,1520.4,86
2019,10,Arizona,1518.8,87
2019,10,Utah State,1517.5,88
2019,10,Fresno State,1516.9,89
2019,10,Colorado,1510.7,90
2019,10,Colorado State,1503.6,91
2019,10,Miami (OH),1502.1,92
2019,10,Florida International,1494.9,93
2019,10,Kansas,1493.6,94
2019,10,Liberty,1492.4,95
2019,10,Nevada,1491.5,96
2019,10,San José State,1483.4,97
2019,10,Ohio,1481.3,98
2019,10,North Texas,1481.1,99
2019,10,Ball State,1479.8,100
2019,10,Troy,1477.5,101
2019,10,Coastal Carolina,1476.5,102
2019,10,Syracuse,1471.8,103
2019,10,Georgia Tech,1464.1,104
2019,10,Northwestern,1462.3,105
2019,10,Army,1462.2,106
2019,10,Middle Tennessee,1461.5,107
2019,10,Arkansas,1461.1,108
2019,10,Charlotte,1459.0,109
2019,10,Tulsa,1450.1,110
2019,10,Kent State,1449.4,111
2019,10,UL Monroe,1449.1,112
2019,10,Vanderbilt,1443.6,113
2019,10,Eastern Michigan,1441.6,114
2019,10,UTSA,1422.5,115
2019,10,Rutgers,1420.7,116
2019,10,Northern Illinois,1415.1,117
2019,10,East Carolina,1405.8,118
2019,10,UNLV,1390.6,119
2019,10,Texas State,1388.3,120
2019,10,Bowling Green,1381.9,121
2019,10,UConn,1372.0,122
2019,10,New Mexico,1361.5,123
2019,10,Old Dominion,1334.9,124
2019,10,South Alabama,1333.9,125
2019,10,UTEP,1312.7,126
2019,10,Rice,1305.5,127
2019,10,New Mexico State,1298.2,128
2019,10,Massachusetts,1233.9,129
2019,10,Akron,1211.4,130
2019,11,Ohio State,1935.4,1
2019,11,LSU,1897.1,2
2019,11,Clemson,1893.5,3
2019,11,Georgia,1859.5,4
2019,11,Alabama,1859.1,5
2019,11,Penn State,1830.8,6
2019,11,Oregon,1830.4,7
2019,11,Oklahoma,1804.7,8
2019,11,Baylor,1801.7,9
2019,11,Auburn,1800.5,10
2019,11,Utah,1794.6,11
2019,11,Michigan,1793.8,12
2019,11,Wisconsin,1782.7,13
2019,11,Minnesota,1781.9,14
2019,11,Florida,1779.1,15
2019,11,Notre Dame,1772.3,16
2019,11,Memphis,1753.7,17
2019,11,SMU,1751.4,18
2019,11,Washington,1739.1,19
2019,11,Cincinnati,1739.0,20
2019,11,Boise State,1720.3,21
2019,11,Texas,1717.8,22
2019,11,UCF,1715.5,23
2019,11,USC,1711.8,24
2019,11,App State,1695.3,25
2019,11,Iowa,1693.1,26
2019,11,Texas A&M,1691.6,27
2019,11,Oklahoma State,1689.2,28
2019,11,Iowa State,1687.7,29
2019,11,Virginia,1684.7,30
2019,11,Miami,1683.9,31
2019,11,Louisiana Tech,1683.0,32
2019,11,Indiana,1679.1,33
2019,11,Kansas State,1677.8,34
2019,11,Navy,1674.8,35
2019,11,Wake Forest,1664.9,36
2019,11,Louisiana,1655.5,37
2019,11,Tennessee,1650.9,38
2019,11,Virginia Tech,1649.9,39
2019,11,Florida State,1649.7,40
2019,11,San Diego State,1649.1,41
2019,11,Florida Atlantic,1645.9,42
2019,11,Illinois,1643.8,43
2019,11,Michigan State,1634.3,44
2019,11,Air Force,1629.1,45
2019,11,Pittsburgh,1625.3,46
2019,11,Tulane,1621.3,47
2019,11,Southern Miss,1617.8,48
2019,11,Arizona State,1614.8,49
2019,11,North Carolina,1613.2,50
2019,11,TCU,1613.0,51
2019,11,Wyoming,1611.7,52
2019,11,Mississippi State,1611.3,53
2019,11,Missouri,1602.0,54
2019,11,Boston College,1601.3,55
2019,11,California,1600.9,56
2019,11,Texas Tech,1594.9,57
2019,11,BYU,1594.2,58
2019,11,Louisville,1591.3,59
2019,11,Kentucky,1583.4,60
2019,11,Western Kentucky,1582.7,61
2019,11,Temple,1582.5,62
2019,11,UCLA,1582.3,63
2019,11,Duke,1582.2,64
2019,11,Stanford,1580.0,65
2019,11,Nebraska,1580.0,66
2019,11,Washington State,1576.8,67
2019,11,Ole Miss,1576.6,68
2019,11,Western Michigan,1570.4,69
2019,11,Hawai'i,1558.3,70
2019,11,UAB,1556.7,71
2019,11,Oregon State,1556.0,72
2019,11,South Carolina,1555.5,73
2019,11,Georgia State,1554.7,74
2019,11,Central Michigan,1554.4,75
2019,11,Arkansas State,1553.2,76
2019,11,Buffalo,1551.1,77
2019,11,Marshall,1550.6,78
2019,11,Purdue,1539.2,79
2019,11,Houston,1536.0,80
2019,11,Utah State,1532.6,81
2019,11,Colorado,1528.6,82
2019,11,Toledo,1528.2,83
2019,11,NC State,1524.9,84
2019,11,Miami (OH),1520.4,85
2019,11,Maryland,1520.3,86
2019,11,Nevada,1519.5,87
2019,11,Arizona,1518.8,88
2019,11,South Florida,1517.1,89
2019,11,Troy,1513.0,90
2019,11,West Virginia,1506.7,91
2019,11,Colorado State,1503.6,92
2019,11,Fresno State,1501.8,93
2019,11,Georgia Southern,1494.1,94
2019,11,Kansas,1493.6,95
2019,11,UL Monroe,1490.7,96
2019,11,Tulsa,1479.5,97
2019,11,Charlotte,1478.9,98
2019,11,Liberty,1478.7,99
2019,11,Florida International,1476.6,100
2019,11,San José State,1475.5,101
2019,11,Army,1475.5,102
2019,11,Syracuse,1471.8,103
2019,11,Ball State,1468.8,104
2019,11,North Texas,1466.5,105
2019,11,Ohio,1462.9,106
2019,11,Middle Tennessee,1461.5,107
2019,11,Georgia Tech,1457.7,108
2019,11,Northwestern,1449.1,109
2019,11,Kent State,1441.6,110
2019,11,Eastern Michigan,1441.6,111
2019,11,Coastal Carolina,1440.2,112
2019,11,Vanderbilt,1435.9,113
2019,11,UTSA,1430.3,114
2019,11,Arkansas,1423.3,115
2019,11,Rutgers,1420.7,116
2019,11,Northern Illinois,1415.1,117
2019,11,East Carolina,1401.8,118
2019,11,Texas State,1396.7,119
2019,11,UNLV,1390.6,120
2019,11,Bowling Green,1381.9,121
2019,11,UConn,1365.9,122
2019,11,New Mexico,1361.5,123
2019,11,Old Dominion,1327.0,124
2019,11,South Alabama,1325.5,125
2019,11,Rice,1305.5,126
2019,11,UTEP,1292.7,127
2019,11,New Mexico State,1288.5,128
2019,11,Massachusetts,1220.6,129
2019,11,Akron,1211.4,130
2019,12,Ohio State,1943.0,1
2019,12,LSU,1912.8,2
2019,12,Clemson,1906.4,3
2019,12,Georgia,1884.8,4
2019,12,Alabama,1882.6,5
2019,12,Penn State,1841.0,6
2019,12,Oregon,1837.5,7
2019,12,Oklahoma,1823.8,8
2019,12,Michigan,1810.5,9
2019,12,Utah,1808.4,10
2019,12,Wisconsin,1805.3,11
2019,12,Florida,1804.2,12
2019,12,Notre Dame,1794.3,13
2019,12,Baylor,1782.7,14
2019,12,Memphis,1776.0,15
2019,12,Auburn,1775.2,16
2019,12,Minnesota,1761.0,17
2019,12,SMU,1751.4,18
2019,12,Cincinnati,1749.3,19
2019,12,USC,1746.1,20
2019,12,Washington,1739.1,21
2019,12,App State,1728.5,22
2019,12,Boise State,1726.0,23
2019,12,UCF,1715.5,24
2019,12,Iowa,1714.0,25
2019,12,Texas A&M,1708.5,26
2019,12,Texas,1706.1,27
2019,12,Oklahoma State,1700.7,28
2019,12,Iowa State,1699.4,29
2019,12,Virginia,1684.7,30
2019,12,Miami,1683.9,31
2019,12,Virginia Tech,1681.6,32
2019,12,Indiana,1669.0,33
2019,12,Louisiana,1667.2,34
2019,12,San Diego State,1661.1,35
2019,12,Air Force,1658.6,36
2019,12,Navy,1652.8,37
2019,12,Florida State,1652.4,38
2019,12,Wake Forest,1652.0,39
2019,12,Tennessee,1650.9,40
2019,12,Kansas State,1650.0,41
2019,12,Florida Atlantic,1645.9,42
2019,12,Pittsburgh,1644.2,43
2019,12,Illinois,1643.8,44
2019,12,Southern Miss,1643.0,45
2019,12,Louisiana Tech,1637.4,46
2019,12,TCU,1627.6,47
2019,12,Louisville,1623.7,48
2019,12,Michigan State,1617.6,49
2019,12,Kentucky,1614.2,50
2019,12,Washington State,1608.8,51
2019,12,Arizona State,1606.7,52
2019,12,Temple,1606.6,53
2019,12,Boston College,1601.3,54
2019,12,Tulane,1597.2,55
2019,12,Marshall,1596.2,56
2019,12,BYU,1596.1,57
2019,12,North Carolina,1594.4,58
2019,12,Wyoming,1589.2,59
2019,12,Mississippi State,1587.8,60
2019,12,Western Michigan,1585.3,61
2019,12,Western Kentucky,1582.7,62
2019,12,Hawai'i,1582.6,63
2019,12,Texas Tech,1580.3,64
2019,12,Missouri,1576.9,65
2019,12,UCLA,1568.4,66
2019,12,California,1566.6,67
2019,12,UAB,1565.8,68
2019,12,Oregon State,1564.1,69
2019,12,Central Michigan,1562.3,70
2019,12,Ole Miss,1560.9,71
2019,12,Nebraska,1557.4,72
2019,12,Arkansas State,1557.3,73
2019,12,Utah State,1555.1,74
2019,12,Troy,1550.9,75
2019,12,Stanford,1548.0,76
2019,12,Miami (OH),1539.9,77
2019,12,Purdue,1539.2,78
2019,12,South Carolina,1538.5,79
2019,12,West Virginia,1534.5,80
2019,12,Syracuse,1533.5,81
2019,12,Buffalo,1532.0,82
2019,12,Colorado,1528.6,83
2019,12,Georgia Southern,1523.5,84
2019,12,Georgia State,1521.5,85
2019,12,Duke,1520.6,86
2019,12,Maryland,1520.3,87
2019,12,Nevada,1519.5,88
2019,12,Houston,1513.7,89
2019,12,Arizona,1511.8,90
2019,12,South Florida,1506.8,91
2019,12,Toledo,1505.5,92
2019,12,NC State,1492.5,93
2019,12,Fresno State,1489.8,94
2019,12,Kansas,1482.1,95
2019,12,Army,1481.4,96
2019,12,Tulsa,1479.5,97
2019,12,Charlotte,1478.9,98
2019,12,Liberty,1478.7,99
2019,12,Florida International,1476.6,100
2019,12,San José State,1475.5,101
2019,12,Colorado State,1474.1,102
2019,12,North Texas,1466.5,103
2019,12,Eastern Michigan,1466.0,104
2019,12,UL Monroe,1461.3,105
2019,12,Northwestern,1461.3,106
2019,12,Ball State,1460.9,107
2019,12,Kent State,1460.8,108
2019,12,Ohio,1448.0,109
2019,12,Middle Tennessee,1437.9,110
2019,12,Northern Illinois,1437.7,111
2019,12,Coastal Carolina,1436.1,112
2019,12,Georgia Tech,1426.0,113
2019,12,Arkansas,1423.3,114
2019,12,Rutgers,1413.2,115
2019,12,Vanderbilt,1405.1,116
2019,12,UTSA,1405.1,117
2019,12,East Carolina,1401.8,118
2019,12,UNLV,1366.3,119
2019,12,UConn,1365.9,120
2019,12,Bowling Green,1362.5,121
2019,12,Texas State,1358.9,122
2019,12,New Mexico,1355.8,123
2019,12,Rice,1329.2,124
2019,12,Old Dominion,1327.0,125
2019,12,South Alabama,1313.8,126
2019,12,New Mexico State,1302.2,127
2019,12,UTEP,1283.6,128
2019,12,Massachusetts,1208.4,129
2019,12,Akron,1187.1,130
2019,13,Ohio State,1958.3,1
2019,13,LSU,1915.5,2
2019,13,Clemson,1906.4,3
2019,13,Georgia,1893.2,4
2019,13,Alabama,1882.9,5
2019,13,Michigan,1842.2,6
2019,13,Oklahoma,1830.1,7
2019,13,Utah,1827.3,8
2019,13,Penn State,1825.6,9
2019,13,Wisconsin,1813.6,10
2019,13,Oregon,1811.5,11
2019,13,Notre Dame,1808.3,12
2019,13,Florida,1804.2,13
2019,13,Baylor,1801.4,14
2019,13,Memphis,1799.0,15
2019,13,Minnesota,1776.7,16
2019,13,Auburn,1776.4,17
2019,13,USC,1758.5,18
2019,13,Boise State,1757.8,19
2019,13,Cincinnati,1754.9,20
2019,13,App State,1733.3,21
2019,13,Iowa,1730.4,22
2019,13,UCF,1729.9,23
2019,13,SMU,1723.6,24
2019,13,Oklahoma State,1719.4,25
2019,13,Virginia Tech,1709.1,26
2019,13,Iowa State,1707.8,27
2019,13,Washington,1704.2,28
2019,13,Texas A&M,1700.1,29
2019,13,Virginia,1697.2,30
2019,13,Louisiana,1689.9,31
2019,13,Texas,1687.3,32
2019,13,Navy,1680.6,33
2019,13,Air Force,1675.7,34
2019,13,Tennessee,1669.8,35
2019,13,Kansas State,1666.5,36
2019,13,Wake Forest,1665.8,37
2019,13,Florida Atlantic,1664.7,38
2019,13,Florida State,1652.4,39
2019,13,Miami,1649.3,40
2019,13,Louisville,1644.1,41
2019,13,Michigan State,1644.0,42
2019,13,San Diego State,1643.7,43
2019,13,Indiana,1637.2,44
2019,13,Arizona State,1632.7,45
2019,13,Western Kentucky,1627.7,46
2019,13,Illinois,1627.4,47
2019,13,TCU,1621.3,48
2019,13,Kentucky,1620.8,49
2019,13,Pittsburgh,1616.6,50
2019,13,Washington State,1614.3,51
2019,13,Louisiana Tech,1613.5,52
2019,13,BYU,1609.4,53
2019,13,Nebraska,1606.9,54
2019,13,Wyoming,1603.1,55
2019,13,Temple,1601.0,56
2019,13,Hawai'i,1600.0,57
2019,13,Southern Miss,1598.0,58
2019,13,North Carolina,1596.7,59
2019,13,Mississippi State,1592.2,60
2019,13,UAB,1589.7,61
2019,13,California,1588.0,62
2019,13,Boston College,1587.3,63
2019,13,Western Michigan,1585.3,64
2019,13,Tulane,1582.8,65
2019,13,Arkansas State,1572.1,66
2019,13,Texas Tech,1563.8,67
2019,13,Colorado,1563.5,68
2019,13,Central Michigan,1562.3,69
2019,13,Marshall,1561.1,70
2019,13,Ole Miss,1560.9,71
2019,13,Oregon State,1558.6,72
2019,13,Missouri,1558.0,73
2019,13,Buffalo,1557.6,74
2019,13,UCLA,1556.1,75
2019,13,Nevada,1546.6,76
2019,13,Houston,1544.6,77
2019,13,Miami (OH),1542.2,78
2019,13,South Carolina,1538.5,79
2019,13,Georgia State,1531.2,80
2019,13,Purdue,1530.9,81
2019,13,Troy,1528.2,82
2019,13,Stanford,1526.6,83
2019,13,Utah State,1523.3,84
2019,13,West Virginia,1515.7,85
2019,13,Charlotte,1514.0,86
2019,13,Syracuse,1513.1,87
2019,13,Florida International,1511.2,88
2019,13,Eastern Michigan,1509.9,89
2019,13,Georgia Southern,1508.6,90
2019,13,Duke,1506.8,91
2019,13,Arizona,1492.9,92
2019,13,Ohio,1490.9,93
2019,13,South Florida,1483.8,94
2019,13,Army,1481.4,95
2019,13,Toledo,1479.9,96
2019,13,NC State,1479.3,97
2019,13,Kent State,1474.0,98
2019,13,Kansas,1473.7,99
2019,13,UL Monroe,1473.2,100
2019,13,Maryland,1470.8,101
2019,13,Liberty,1466.2,102
2019,13,Fresno State,1462.8,103
2019,13,Colorado State,1460.1,104
2019,13,San José State,1456.3,105
2019,13,Middle Tennessee,1456.2,106
2019,13,Tulsa,1448.6,107
2019,13,Ball State,1447.8,108
2019,13,Northwestern,1445.6,109
2019,13,Georgia Tech,1439.3,110
2019,13,North Texas,1437.4,111
2019,13,East Carolina,1428.5,112
2019,13,Coastal Carolina,1424.2,113
2019,13,Arkansas,1420.6,114
2019,13,Vanderbilt,1412.0,115
2019,13,Northern Illinois,1393.8,116
2019,13,Rutgers,1386.8,117
2019,13,UTSA,1386.3,118
2019,13,UNLV,1385.5,119
2019,13,Rice,1358.3,120
2019,13,Texas State,1354.1,121
2019,13,UConn,1339.3,122
2019,13,New Mexico,1338.7,123
2019,13,New Mexico State,1322.5,124
2019,13,Bowling Green,1319.6,125
2019,13,Old Dominion,1308.7,126
2019,13,South Alabama,1304.1,127
2019,13,UTEP,1263.3,128
2019,13,Massachusetts,1195.1,129
2019,13,Akron,1184.8,130
2019,14,Ohio State,1994.0,1
2019,14,LSU,1928.9,2
2019,14,Clemson,1921.3,3
2019,14,Georgia,1903.9,4
2019,14,Alabama,1863.9,5
2019,14,Oklahoma,1861.4,6
2019,14,Wisconsin,1853.2,7
2019,14,Utah,1836.7,8
2019,14,Penn State,1828.8,9
2019,14,Notre Dame,1826.7,10
2019,14,Baylor,1821.2,11
2019,14,Florida,1819.7,12
2019,14,Oregon,1819.3,13
2019,14,Memphis,1818.1,14
2019,14,Michigan,1806.5,15
2019,14,Auburn,1795.4,16
2019,14,Boise State,1769.4,17
2019,14,App State,1761.6,18
2019,14,USC,1758.5,19
2019,14,Iowa,1744.6,20
2019,14,UCF,1740.0,21
2019,14,SMU,1738.5,22
2019,14,Minnesota,1737.1,23
2019,14,Cincinnati,1735.8,24
2019,14,Washington,1723.4,25
2019,14,Virginia,1720.0,26
2019,14,Navy,1708.0,27
2019,14,Texas,1705.5,28
2019,14,Air Force,1694.8,29
2019,14,Kansas State,1693.0,30
2019,14,Louisiana,1692.3,31
2019,14,Oklahoma State,1688.1,32
2019,14,Texas A&M,1686.7,33
2019,14,Virginia Tech,1686.2,34
2019,14,Florida Atlantic,1685.6,35
2019,14,Iowa State,1681.3,36
2019,14,Tennessee,1678.1,37
2019,14,San Diego State,1663.6,38
2019,14,Kentucky,1657.1,39
2019,14,Indiana,1652.2,40
2019,14,Michigan State,1650.1,41
2019,14,Arizona State,1645.1,42
2019,14,Florida State,1637.0,43
2019,14,Western Kentucky,1635.6,44
2019,14,North Carolina,1633.0,45
2019,14,Wake Forest,1629.9,46
2019,14,Louisiana Tech,1622.5,47
2019,14,California,1619.1,48
2019,14,Boston College,1617.6,49
2019,14,Hawai'i,1617.6,50
2019,14,Miami,1612.9,51
2019,14,Temple,1610.7,52
2019,14,Louisville,1607.9,53
2019,14,UAB,1606.6,54
2019,14,TCU,1598.9,55
2019,14,Mississippi State,1598.0,56
2019,14,Washington State,1595.1,57
2019,14,Nebraska,1592.7,58
2019,14,BYU,1589.5,59
2019,14,Central Michigan,1587.6,60
2019,14,Pittsburgh,1586.4,61
2019,14,Wyoming,1584.1,62
2019,14,Missouri,1581.6,63
2019,14,Southern Miss,1577.1,64
2019,14,Illinois,1575.3,65
2019,14,Marshall,1571.9,66
2019,14,Buffalo,1569.4,67
2019,14,Tulane,1567.9,68
2019,14,Western Michigan,1561.5,69
2019,14,Ole Miss,1555.1,70
2019,14,Colorado,1554.1,71
2019,14,Oregon State,1550.8,72
2019,14,Syracuse,1549.0,73
2019,14,Utah State,1545.7,74
2019,14,Texas Tech,1545.6,75
2019,14,Georgia Southern,1543.4,76
2019,14,Duke,1543.2,77
2019,14,Arkansas State,1539.7,78
2019,14,West Virginia,1538.2,79
2019,14,Charlotte,1536.4,80
2019,14,UCLA,1525.0,81
2019,14,South Carolina,1523.7,82
2019,14,Nevada,1522.8,83
2019,14,Houston,1517.2,84
2019,14,Purdue,1515.9,85
2019,14,Ohio,1512.0,86
2019,14,Stanford,1508.2,87
2019,14,Miami (OH),1506.5,88
2019,14,Kent State,1506.3,89
2019,14,Florida International,1500.5,90
2019,14,Troy,1499.8,91
2019,14,Northwestern,1497.7,92
2019,14,Georgia State,1496.3,93
2019,14,Tulsa,1491.8,94
2019,14,Ball State,1483.5,95
2019,14,Liberty,1481.9,96
2019,14,Arizona,1480.5,97
2019,14,Eastern Michigan,1477.6,98
2019,14,South Florida,1473.8,99
2019,14,UL Monroe,1470.8,100
2019,14,Maryland,1464.7,101
2019,14,Army,1463.7,102
2019,14,San José State,1463.1,103
2019,14,Fresno State,1456.0,104
2019,14,Toledo,1454.5,105
2019,14,Kansas,1453.9,106
2019,14,Colorado State,1448.5,107
2019,14,Middle Tennessee,1448.3,108
2019,14,NC State,1443.0,109
2019,14,Coastal Carolina,1434.1,110
2019,14,Georgia Tech,1428.5,111
2019,14,North Texas,1420.5,112
2019,14,Northern Illinois,1417.6,113
2019,14,UNLV,1409.2,114
2019,14,Vanderbilt,1403.6,115
2019,14,Arkansas,1397.0,116
2019,14,Rice,1388.4,117
2019,14,East Carolina,1385.3,118
2019,14,Rutgers,1383.6,119
2019,14,UTSA,1377.3,120
2019,14,Texas State,1344.2,121
2019,14,South Alabama,1336.6,122
2019,14,UConn,1329.6,123
2019,14,New Mexico,1316.3,124
2019,14,Bowling Green,1307.8,125
2019,14,New Mexico State,1306.8,126
2019,14,Old Dominion,1286.3,127
2019,14,UTEP,1233.2,128
2019,14,Massachusetts,1195.1,129
2019,14,Akron,1163.7,130
2019,15,Ohio State,2014.8,1
2019,15,LSU,1965.6,2
2019,15,Clemson,1941.4,3
2019,15,Oklahoma,1883.1,4
2019,15,Georgia,1867.2,5
2019,15,Alabama,1863.9,6
2019,15,Oregon,1859.1,7
2019,15,Wisconsin,1832.4,8
2019,15,Memphis,1830.2,9
2019,15,Penn State,1828.8,10
2019,15,Notre Dame,1826.7,11
2019,15,Florida,1819.7,12
2019,15,Michigan,1806.5,13
2019,15,Baylor,1799.5,14
2019,15,Utah,1796.8,15
2019,15,Auburn,1795.4,16
2019,15,Boise State,1784.4,17
2019,15,App State,1776.5,18
2019,15,USC,1758.5,19
2019,15,Iowa,1744.6,20
2019,15,UCF,1740.0,21
2019,15,SMU,1738.5,22
2019,15,Minnesota,1737.1,23
2019,15,Cincinnati,1723.7,24
2019,15,Washington,1723.4,25
2019,15,Navy,1721.7,26
2019,15,Florida Atlantic,1711.5,27
2019,15,Texas,1705.5,28
2019,15,Virginia,1699.9,29
2019,15,Air Force,1694.8,30
2019,15,Kansas State,1693.0,31
2019,15,Oklahoma State,1688.1,32
2019,15,Texas A&M,1686.7,33
2019,15,Virginia Tech,1686.2,34
2019,15,Iowa State,1681.3,35
2019,15,Tennessee,1678.1,36
2019,15,Louisiana,1677.4,37
2019,15,San Diego State,1663.6,38
2019,15,Kentucky,1657.1,39
2019,15,Indiana,1652.2,40
2019,15,Michigan State,1650.1,41
2019,15,Arizona State,1645.1,42
2019,15,Florida State,1637.0,43
2019,15,Western Kentucky,1635.6,44
2019,15,North Carolina,1633.0,45
2019,15,Wake Forest,1629.9,46
2019,15,Louisiana Tech,1622.5,47
2019,15,California,1619.1,48
2019,15,Boston College,1617.6,49
2019,15,Miami,1612.9,50
2019,15,Temple,1610.7,51
2019,15,Louisville,1607.9,52
2019,15,Hawai'i,1602.6,53
2019,15,TCU,1598.9,54
2019,15,Mississippi State,1598.0,55
2019,15,Washington State,1595.1,56
2019,15,Nebraska,1592.7,57
2019,15,BYU,1589.5,58
2019,15,Pittsburgh,1586.4,59
2019,15,Wyoming,1584.1,60
2019,15,Missouri,1581.6,61
2019,15,UAB,1580.7,62
2019,15,Southern Miss,1577.1,63
2019,15,Illinois,1575.3,64
2019,15,Marshall,1571.9,65
2019,15,Buffalo,1569.4,66
2019,15,Tulane,1567.9,67
2019,15,Central Michigan,1562.1,68
2019,15,Western Michigan,1561.5,69
2019,15,Ole Miss,1555.1,70
2019,15,Colorado,1554.1,71
2019,15,Oregon State,1550.8,72
2019,15,Syracuse,1549.0,73
2019,15,Utah State,1545.7,74
2019,15,Texas Tech,1545.6,75
2019,15,Georgia Southern,1543.4,76
2019,15,Duke,1543.2,77
2019,15,Arkansas State,1539.7,78
2019,15,West Virginia,1538.2,79
2019,15,Charlotte,1536.4,80
2019,15,Miami (OH),1532.0,81
2019,15,UCLA,1525.0,82
2019,15,South Carolina,1523.7,83
2019,15,Nevada,1522.8,84
2019,15,Houston,1517.2,85
2019,15,Purdue,1515.9,86
2019,15,Ohio,1512.0,87
2019,15,Stanford,1508.2,88
2019,15,Kent State,1506.3,89
2019,15,Florida International,1500.5,90
2019,15,Troy,1499.8,91
2019,15,Northwestern,1497.7,92
2019,15,Georgia State,1496.3,93
2019,15,Tulsa,1491.8,94
2019,15,Ball State,1483.5,95
2019,15,Liberty,1481.9,96
2019,15,Arizona,1480.5,97
2019,15,Eastern Michigan,1477.6,98
2019,15,South Florida,1473.8,99
2019,15,UL Monroe,1470.8,100
2019,15,Maryland,1464.7,101
2019,15,San José State,1463.1,102
2019,15,Fresno State,1456.0,103
2019,15,Toledo,1454.5,104
2019,15,Kansas,1453.9,105
2019,15,Army,1450.1,106
2019,15,Colorado State,1448.5,107
2019,15,Middle Tennessee,1448.3,108
2019,15,NC State,1443.0,109
2019,15,Coastal Carolina,1434.1,110
2019,15,Georgia Tech,1428.5,111
2019,15,North Texas,1420.5,112
2019,15,Northern Illinois,1417.6,113
2019,15,UNLV,1409.2,114
2019,15,Vanderbilt,1403.6,115
2019,15,Arkansas,1397.0,116
2019,15,Rice,1388.4,117
2019,15,East Carolina,1385.3,118
2019,15,Rutgers,1383.6,119
2019,15,UTSA,1377.3,120
2019,15,Texas State,1344.2,121
2019,15,South Alabama,1336.6,122
2019,15,UConn,1329.6,123
2019,15,New Mexico,1316.3,124
2019,15,Bowling Green,1307.8,125
2019,15,New Mexico State,1306.8,126
2019,15,Old Dominion,1286.3,127
2019,15,UTEP,1233.2,128
2019,15,Massachusetts,1195.1,129
2019,15,Akron,1163.7,130
2019,16,Ohio State,2014.8,1
2019,16,LSU,1965.6,2
2019,16,Clemson,1941.4,3
2019,16,Oklahoma,1883.1,4
2019,16,Georgia,1867.2,5
2019,16,Alabama,1863.9,6
2019,16,Oregon,1859.1,7
2019,16,Wisconsin,1832.4,8
2019,16,Memphis,1830.2,9
2019,16,Penn State,1828.8,10
2019,16,Notre Dame,1826.7,11
2019,16,Florida,1819.7,12
2019,16,Michigan,1806.5,13
2019,16,Baylor,1799.5,14
2019,16,Utah,1796.8,15
2019,16,Auburn,1795.4,16
2019,16,Boise State,1784.4,17
2019,16,App State,1776.5,18
2019,16,USC,1758.5,19
2019,16,Iowa,1744.6,20
2019,16,UCF,1740.0,21
2019,16,SMU,1738.5,22
2019,16,Minnesota,1737.1,23
2019,16,Cincinnati,1723.7,24
2019,16,Washington,1723.4,25
2019,16,Navy,1721.7,26
2019,16,Florida Atlantic,1711.5,27
2019,16,Texas,1705.5,28
2019,16,Virginia,1699.9,29
2019,16,Air Force,1694.8,30
2019,16,Kansas State,1693.0,31
2019,16,Oklahoma State,1688.1,32
2019,16,Texas A&M,1686.7,33
2019,16,Virginia Tech,1686.2,34
2019,16,Iowa State,1681.3,35
2019,16,Tennessee,1678.1,36
2019,16,Louisiana,1677.4,37
2019,16,San Diego State,1663.6,38
2019,16,Kentucky,1657.1,39
2019,16,Indiana,1652.2,40
2019,16,Michigan State,1650.1,41
2019,16,Arizona State,1645.1,42
2019,16,Florida State,1637.0,43
2019,16,Western Kentucky,1635.6,44
2019,16,North Carolina,1633.0,45
2019,16,Wake Forest,1629.9,46
2019,16,Louisiana Tech,1622.5,47
2019,16,California,1619.1,48
2019,16,Boston College,1617.6,49
2019,16,Miami,1612.9,50
2019,16,Temple,1610.7,51
2019,16,Louisville,1607.9,52
2019,16,Hawai'i,1602.6,53
2019,16,TCU,1598.9,54
2019,16,Mississippi State,1598.0,55
2019,16,Washington State,1595.1,56
2019,16,Nebraska,1592.7,57
2019,16,BYU,1589.5,58
2019,16,Pittsburgh,1586.4,59
2019,16,Wyoming,1584.1,60
2019,16,Missouri,1581.6,61
2019,16,UAB,1580.7,62
2019,16,Southern Miss,1577.1,63
2019,16,Illinois,1575.3,64
2019,16,Marshall,1571.9,65
2019,16,Buffalo,1569.4,66
2019,16,Tulane,1567.9,67
2019,16,Central Michigan,1562.1,68
2019,16,Western Michigan,1561.5,69
2019,16,Ole Miss,1555.1,70
2019,16,Colorado,1554.1,71
2019,16,Oregon State,1550.8,72
2019,16,Syracuse,1549.0,73
2019,16,Utah State,1545.7,74
2019,16,Texas Tech,1545.6,75
2019,16,Georgia Southern,1543.4,76
2019,16,Duke,1543.2,77
2019,16,Arkansas State,1539.7,78
2019,16,West Virginia,1538.2,79
2019,16,Charlotte,1536.4,80
2019,16,Miami (OH),1532.0,81
2019,16,UCLA,1525.0,82
2019,16,South Carolina,1523.7,83
2019,16,Nevada,1522.8,84
2019,16,Houston,1517.2,85
2019,16,Purdue,1515.9,86
2019,16,Ohio,1512.0,87
2019,16,Stanford,1508.2,88
2019,16,Kent State,1506.3,89
2019,16,Florida International,1500.5,90
2019,16,Troy,1499.8,91
2019,16,Northwestern,1497.7,92
2019,16,Georgia State,1496.3,93
2019,16,Tulsa,1491.8,94
2019,16,Ball State,1483.5,95
2019,16,Liberty,1481.9,96
2019,16,Arizona,1480.5,97
2019,16,Eastern Michigan,1477.6,98
2019,16,South Florida,1473.8,99
2019,16,UL Monroe,1470.8,100
2019,16,Maryland,1464.7,101
2019,16,San José State,1463.1,102
2019,16,Fresno State,1456.0,103
2019,16,Toledo,1454.5,104
2019,16,Kansas,1453.9,105
2019,16,Army,1450.1,106
2019,16,Colorado State,1448.5,107
2019,16,Middle Tennessee,1448.3,108
2019,16,NC State,1443.0,109
2019,16,Coastal Carolina,1434.1,110
2019,16,Georgia Tech,1428.5,111
2019,16,North Texas,1420.5,112
2019,16,Northern Illinois,1417.6,113
2019,16,UNLV,1409.2,114
2019,16,Vanderbilt,1403.6,115
2019,16,Arkansas,1397.0,116
2019,16,Rice,1388.4,117
2019,16,East Carolina,1385.3,118
2019,16,Rutgers,1383.6,119
2019,16,UTSA,1377.3,120
2019,16,Texas State,1344.2,121
2019,16,South Alabama,1336.6,122
2019,16,UConn,1329.6,123
2019,16,New Mexico,1316.3,124
2019,16,Bowling Green,1307.8,125
2019,16,New Mexico State,1306.8,126
2019,16,Old Dominion,1286.3,127
2019,16,UTEP,1233.2,128
2019,16,Massachusetts,1195.1,129
2019,16,Akron,1163.7,130
2020,1,Ohio State,1799.5,1
2020,1,LSU,1766.5,2
2020,1,Clemson,1759.8,3
2020,1,Georgia,1733.8,4
2020,1,Alabama,1731.8,5
2020,1,Oklahoma,1728.2,6
2020,1,Oregon,1712.2,7
2020,1,Notre Dame,1702.5,8
2020,1,Penn State,1701.9,9
2020,1,Memphis,1694.5,10
2020,1,Florida,1693.5,11
2020,1,Michigan,1689.9,12
2020,1,Auburn,1686.1,13
2020,1,Wisconsin,1685.5,14
2020,1,USC,1670.1,15
2020,1,Baylor,1667.0,16
2020,1,Utah,1666.6,17
2020,1,SMU,1660.3,18
2020,1,Boise State,1652.8,19
2020,1,Washington,1650.3,20
2020,1,Texas,1650.2,21
2020,1,BYU,1645.4,22
2020,1,Iowa,1641.0,23
2020,1,Texas A&M,1639.8,24
2020,1,UCF,1634.9,25
2020,1,Minnesota,1633.7,26
2020,1,Tennessee,1632.6,27
2020,1,App State,1629.7,28
2020,1,Cincinnati,1628.3,29
2020,1,Virginia Tech,1618.4,30
2020,1,Virginia,1616.2,31
2020,1,Oklahoma State,1616.0,32
2020,1,Florida State,1612.7,33
2020,1,Florida Atlantic,1611.2,34
2020,1,Kansas State,1610.2,35
2020,1,Kentucky,1609.9,36
2020,1,Iowa State,1609.2,37
2020,1,Arizona State,1607.2,38
2020,1,Michigan State,1602.3,39
2020,1,North Carolina,1601.4,40
2020,1,Miami,1600.7,41
2020,1,Indiana,1596.8,42
2020,1,San Diego State,1585.8,43
2020,1,Mississippi State,1585.4,44
2020,1,Louisiana,1584.3,45
2020,1,Wake Forest,1583.2,46
2020,1,TCU,1583.0,47
2020,1,Nebraska,1582.4,48
2020,1,California,1580.5,49
2020,1,Boston College,1580.2,50
2020,1,Louisville,1577.7,51
2020,1,Western Kentucky,1572.4,52
2020,1,Pittsburgh,1571.2,53
2020,1,Louisiana Tech,1568.5,54
2020,1,Missouri,1566.4,55
2020,1,Illinois,1565.2,56
2020,1,Temple,1564.6,57
2020,1,Ole Miss,1562.0,58
2020,1,Washington State,1561.1,59
2020,1,Air Force,1560.5,60
2020,1,South Carolina,1554.9,61
2020,1,Colorado,1554.2,62
2020,1,Hawai'i,1551.7,63
2020,1,Oregon State,1551.2,64
2020,1,Stanford,1550.9,65
2020,1,Tulane,1549.7,66
2020,1,Texas Tech,1549.2,67
2020,1,Duke,1547.8,68
2020,1,Marshall,1547.7,69
2020,1,West Virginia,1547.0,70
2020,1,UAB,1546.7,71
2020,1,Syracuse,1546.4,72
2020,1,UCLA,1544.1,73
2020,1,Wyoming,1539.1,74
2020,1,Purdue,1538.2,75
2020,1,Houston,1535.1,76
2020,1,Western Michigan,1531.9,77
2020,1,Central Michigan,1528.9,78
2020,1,Charlotte,1528.8,79
2020,1,Northwestern,1528.4,80
2020,1,Utah State,1526.6,81
2020,1,Buffalo,1522.1,82
2020,1,Georgia Southern,1518.8,83
2020,1,Army,1516.4,84
2020,1,Nevada,1516.2,85
2020,1,Maryland,1515.1,86
2020,1,Florida International,1514.3,87
2020,1,Arizona,1509.9,88
2020,1,Tulsa,1509.3,89
2020,1,NC State,1508.8,90
2020,1,South Florida,1508.1,91
2020,1,Miami (OH),1505.7,92
2020,1,Navy,1505.3,93
2020,1,Arkansas State,1503.5,94
2020,1,Georgia Tech,1502.6,95
2020,1,Ohio,1501.4,96
2020,1,Kansas,1499.9,97
2020,1,Troy,1497.8,98
2020,1,Georgia State,1497.2,99
2020,1,Kent State,1495.2,100
2020,1,Arkansas,1491.8,101
2020,1,Fresno State,1489.9,102
2020,1,San José State,1488.7,103
2020,1,Colorado State,1487.2,104
2020,1,Toledo,1484.2,105
2020,1,Ball State,1483.6,106
2020,1,Vanderbilt,1483.4,107
2020,1,North Texas,1481.1,108
2020,1,UL Monroe,1480.8,109
2020,1,Eastern Michigan,1479.7,110
2020,1,Southern Miss,1479.4,111
2020,1,South Alabama,1479.1,112
2020,1,Liberty,1472.6,113
2020,1,Rutgers,1472.3,114
2020,1,UNLV,1469.3,115
2020,1,East Carolina,1466.8,116
2020,1,Coastal Carolina,1456.5,117
2020,1,UTSA,1455.9,118
2020,1,Northern Illinois,1454.1,119
2020,1,Rice,1450.7,120
2020,1,Middle Tennessee,1423.8,121
2020,1,New Mexico,1416.0,122
2020,1,Texas State,1408.2,123
2020,1,Bowling Green,1399.2,124
2020,1,New Mexico State,1391.4,125
2020,1,UTEP,1385.9,126
2020,1,Massachusetts,1351.2,127
2020,1,Akron,1335.5,128
2020,2,Clemson,1801.9,1
2020,2,Ohio State,1799.5,2
2020,2,LSU,1766.5,3
2020,2,Georgia,1733.8,4
2020,2,Alabama,1731.8,5
2020,2,Oklahoma,1730.8,6
2020,2,Notre Dame,1722.0,7
2020,2,Oregon,1712.2,8
2020,2,Penn State,1701.9,9
2020,2,Memphis,1694.5,10
2020,2,Florida,1693.5,11
2020,2,Michigan,1689.9,12
2020,2,Auburn,1686.1,13
2020,2,Wisconsin,1685.5,14
2020,2,USC,1670.1,15
2020,2,Baylor,1667.0,16
2020,2,Texas,1666.7,17
2020,2,Utah,1666.6,18
2020,2,SMU,1660.3,19
2020,2,App State,1655.5,20
2020,2,Boise State,1652.8,21
2020,2,Washington,1650.3,22
2020,2,Louisiana,1646.9,23
2020,2,BYU,1645.4,24
2020,2,Iowa,1641.0,25
2020,2,Texas A&M,1639.8,26
2020,2,North Carolina,1638.5,27
2020,2,UCF,1634.9,28
2020,2,Miami,1633.8,29
2020,2,Minnesota,1633.7,30
2020,2,Tennessee,1632.6,31
2020,2,Cincinnati,1628.3,32
2020,2,Virginia Tech,1618.4,33
2020,2,Virginia,1616.2,34
2020,2,Oklahoma State,1616.0,35
2020,2,Louisville,1615.5,36
2020,2,Florida Atlantic,1611.2,37
2020,2,Kentucky,1609.9,38
2020,2,Arizona State,1607.2,39
2020,2,Michigan State,1602.3,40
2020,2,Indiana,1596.8,41
2020,2,San Diego State,1585.8,42
2020,2,Mississippi State,1585.4,43
2020,2,TCU,1583.0,44
2020,2,Nebraska,1582.4,45
2020,2,California,1580.5,46
2020,2,Boston College,1580.2,47
2020,2,Florida State,1578.9,48
2020,2,Pittsburgh,1576.7,49
2020,2,Tulane,1574.3,50
2020,2,Kansas State,1571.0,51
2020,2,Louisiana Tech,1568.5,52
2020,2,Missouri,1566.4,53
2020,2,Illinois,1565.2,54
2020,2,Temple,1564.6,55
2020,2,Ole Miss,1562.0,56
2020,2,Washington State,1561.1,57
2020,2,Air Force,1560.5,58
2020,2,Army,1558.8,59
2020,2,South Carolina,1554.9,60
2020,2,West Virginia,1554.2,61
2020,2,Colorado,1554.2,62
2020,2,Hawai'i,1551.7,63
2020,2,Oregon State,1551.2,64
2020,2,Texas Tech,1551.2,65
2020,2,Stanford,1550.9,66
2020,2,Marshall,1547.7,67
2020,2,Iowa State,1546.6,68
2020,2,UCLA,1544.1,69
2020,2,Arkansas State,1542.7,70
2020,2,Wake Forest,1541.1,71
2020,2,Wyoming,1539.1,72
2020,2,Purdue,1538.2,73
2020,2,Georgia Tech,1536.5,74
2020,2,Houston,1535.1,75
2020,2,Western Kentucky,1534.6,76
2020,2,Western Michigan,1531.9,77
2020,2,Central Michigan,1528.9,78
2020,2,Northwestern,1528.4,79
2020,2,Duke,1528.3,80
2020,2,Utah State,1526.6,81
2020,2,Buffalo,1522.1,82
2020,2,Georgia Southern,1520.4,83
2020,2,Coastal Carolina,1518.4,84
2020,2,Nevada,1516.2,85
2020,2,South Florida,1515.6,86
2020,2,Maryland,1515.1,87
2020,2,Florida International,1514.3,88
2020,2,UAB,1513.7,89
2020,2,Arizona,1509.9,90
2020,2,Syracuse,1509.3,91
2020,2,Tulsa,1509.3,92
2020,2,NC State,1508.8,93
2020,2,Miami (OH),1505.7,94
2020,2,Navy,1505.3,95
2020,2,Charlotte,1503.0,96
2020,2,Ohio,1501.4,97
2020,2,Troy,1497.8,98
2020,2,Georgia State,1497.2,99
2020,2,Kent State,1495.2,100
2020,2,Arkansas,1491.8,101
2020,2,Fresno State,1489.9,102
2020,2,San José State,1488.7,103
2020,2,Colorado State,1487.2,104
2020,2,Toledo,1484.2,105
2020,2,Ball State,1483.6,106
2020,2,Vanderbilt,1483.4,107
2020,2,UTSA,1481.9,108
2020,2,North Texas,1481.1,109
2020,2,Eastern Michigan,1479.7,110
2020,2,Southern Miss,1479.4,111
2020,2,Liberty,1472.6,112
2020,2,Rutgers,1472.3,113
2020,2,UNLV,1469.3,114
2020,2,East Carolina,1466.8,115
2020,2,South Alabama,1454.5,116
2020,2,Northern Illinois,1454.1,117
2020,2,Rice,1450.7,118
2020,2,UL Monroe,1438.3,119
2020,2,Kansas,1437.9,120
2020,2,Middle Tennessee,1423.8,121
2020,2,New Mexico,1416.0,122
2020,2,Bowling Green,1399.2,123
2020,2,New Mexico State,1391.4,124
2020,2,Texas State,1382.2,125
2020,2,UTEP,1369.4,126
2020,2,Massachusetts,1351.2,127
2020,2,Akron,1335.5,128
2020,3,Clemson,1803.5,1
2020,3,Ohio State,1799.5,2
2020,3,LSU,1766.5,3
2020,3,Notre Dame,1744.1,4
2020,3,Georgia,1733.8,5
2020,3,Alabama,1731.8,6
2020,3,Oklahoma,1730.8,7
2020,3,Oregon,1712.2,8
2020,3,SMU,1704.8,9
2020,3,Penn State,1701.9,10
2020,3,Memphis,1694.5,11
2020,3,Florida,1693.5,12
2020,3,UCF,1690.5,13
2020,3,Michigan,1689.9,14
2020,3,Miami,1686.6,15
2020,3,Auburn,1686.1,16
2020,3,Wisconsin,1685.5,17
2020,3,USC,1670.1,18
2020,3,Baylor,1667.0,19
2020,3,Louisiana,1666.7,20
2020,3,Texas,1666.7,21
2020,3,Utah,1666.6,22
2020,3,Boise State,1652.8,23
2020,3,Washington,1650.3,24
2020,3,BYU,1645.4,25
2020,3,Iowa,1641.0,26
2020,3,Texas A&M,1639.8,27
2020,3,North Carolina,1638.5,28
2020,3,Oklahoma State,1636.9,29
2020,3,Boston College,1636.7,30
2020,3,Minnesota,1633.7,31
2020,3,Tennessee,1632.6,32
2020,3,Cincinnati,1631.6,33
2020,3,Virginia Tech,1618.4,34
2020,3,Virginia,1616.2,35
2020,3,Florida Atlantic,1611.2,36
2020,3,Kentucky,1609.9,37
2020,3,Arizona State,1607.2,38
2020,3,App State,1606.1,39
2020,3,Pittsburgh,1603.5,40
2020,3,Michigan State,1602.3,41
2020,3,Marshall,1597.1,42
2020,3,Indiana,1596.8,43
2020,3,San Diego State,1585.8,44
2020,3,Mississippi State,1585.4,45
2020,3,TCU,1583.0,46
2020,3,Nebraska,1582.4,47
2020,3,California,1580.5,48
2020,3,Louisiana Tech,1580.2,49
2020,3,Florida State,1578.9,50
2020,3,Kansas State,1571.0,51
2020,3,Missouri,1566.4,52
2020,3,Illinois,1565.2,53
2020,3,Temple,1564.6,54
2020,3,Louisville,1562.8,55
2020,3,Ole Miss,1562.0,56
2020,3,Washington State,1561.1,57
2020,3,Air Force,1560.5,58
2020,3,Troy,1559.9,59
2020,3,Army,1558.8,60
2020,3,South Carolina,1554.9,61
2020,3,West Virginia,1554.2,62
2020,3,Colorado,1554.2,63
2020,3,Hawai'i,1551.7,64
2020,3,Oregon State,1551.2,65
2020,3,Texas Tech,1551.2,66
2020,3,Stanford,1550.9,67
2020,3,Iowa State,1546.6,68
2020,3,UCLA,1544.1,69
2020,3,Arkansas State,1542.7,70
2020,3,Tulane,1542.1,71
2020,3,Wyoming,1539.1,72
2020,3,Purdue,1538.2,73
2020,3,Navy,1537.5,74
2020,3,Houston,1535.1,75
2020,3,Western Michigan,1531.9,76
2020,3,NC State,1531.1,77
2020,3,Central Michigan,1528.9,78
2020,3,Northwestern,1528.4,79
2020,3,Utah State,1526.6,80
2020,3,Coastal Carolina,1525.5,81
2020,3,Buffalo,1522.1,82
2020,3,Georgia Southern,1520.4,83
2020,3,Wake Forest,1518.8,84
2020,3,Liberty,1517.3,85
2020,3,Nevada,1516.2,86
2020,3,Maryland,1515.1,87
2020,3,Florida International,1514.3,88
2020,3,UAB,1513.7,89
2020,3,Arizona,1509.9,90
2020,3,Miami (OH),1505.7,91
2020,3,Charlotte,1503.0,92
2020,3,Ohio,1501.4,93
2020,3,Kent State,1495.2,94
2020,3,South Florida,1493.6,95
2020,3,Arkansas,1491.8,96
2020,3,Western Kentucky,1489.9,97
2020,3,Fresno State,1489.9,98
2020,3,UTSA,1489.0,99
2020,3,San José State,1488.7,100
2020,3,Tulsa,1488.4,101
2020,3,Colorado State,1487.2,102
2020,3,Toledo,1484.2,103
2020,3,Ball State,1483.6,104
2020,3,Vanderbilt,1483.4,105
2020,3,Syracuse,1482.4,106
2020,3,Georgia Tech,1480.8,107
2020,3,Eastern Michigan,1479.7,108
2020,3,Georgia State,1477.4,109
2020,3,Rutgers,1472.3,110
2020,3,Duke,1471.8,111
2020,3,UNLV,1469.3,112
2020,3,Southern Miss,1467.6,113
2020,3,East Carolina,1466.8,114
2020,3,South Alabama,1454.5,115
2020,3,Northern Illinois,1454.1,116
2020,3,Texas State,1452.6,117
2020,3,Rice,1450.7,118
2020,3,Kansas,1437.9,119
2020,3,North Texas,1436.6,120
2020,3,New Mexico,1416.0,121
2020,3,Bowling Green,1399.2,122
2020,3,New Mexico State,1391.4,123
2020,3,UTEP,1377.7,124
2020,3,UL Monroe,1367.9,125
2020,3,Middle Tennessee,1361.7,126
2020,3,Massachusetts,1351.2,127
2020,3,Akron,1335.5,128
2020,4,Clemson,1803.5,1
2020,4,Ohio State,1799.5,2
2020,4,Alabama,1772.4,3
2020,4,Georgia,1768.4,4
2020,4,Notre Dame,1744.1,5
2020,4,Florida,1736.1,6
2020,4,UCF,1725.8,7
2020,4,Miami,1720.5,8
2020,4,Auburn,1715.5,9
2020,4,Oregon,1712.2,10
2020,4,SMU,1707.4,11
2020,4,LSU,1704.0,12
2020,4,Penn State,1701.9,13
2020,4,Texas,1699.5,14
2020,4,Oklahoma,1695.3,15
2020,4,Memphis,1694.5,16
2020,4,Michigan,1689.9,17
2020,4,Wisconsin,1685.5,18
2020,4,Baylor,1684.4,19
2020,4,BYU,1682.7,20
2020,4,Louisiana,1674.9,21
2020,4,USC,1670.1,22
2020,4,Utah,1666.6,23
2020,4,Oklahoma State,1664.2,24
2020,4,Tennessee,1660.7,25
2020,4,Cincinnati,1660.2,26
2020,4,Boise State,1652.8,27
2020,4,Texas A&M,1652.6,28
2020,4,Washington,1650.3,29
2020,4,Virginia Tech,1649.0,30
2020,4,Mississippi State,1647.9,31
2020,4,Boston College,1645.3,32
2020,4,Iowa,1641.0,33
2020,4,Virginia,1638.5,34
2020,4,North Carolina,1638.5,35
2020,4,Minnesota,1633.7,36
2020,4,Pittsburgh,1620.3,37
2020,4,Florida Atlantic,1611.2,38
2020,4,App State,1610.7,39
2020,4,Tulane,1608.3,40
2020,4,Arizona State,1607.2,41
2020,4,Kansas State,1606.6,42
2020,4,Michigan State,1602.3,43
2020,4,Marshall,1597.1,44
2020,4,Indiana,1596.8,45
2020,4,San Diego State,1585.8,46
2020,4,Louisiana Tech,1585.2,47
2020,4,Nebraska,1582.4,48
2020,4,California,1580.5,49
2020,4,Kentucky,1580.5,50
2020,4,UAB,1577.5,51
2020,4,Iowa State,1577.2,52
2020,4,Illinois,1565.2,53
2020,4,Temple,1564.6,54
2020,4,Washington State,1561.1,55
2020,4,Air Force,1560.5,56
2020,4,Colorado,1554.2,57
2020,4,TCU,1552.4,58
2020,4,Hawai'i,1551.7,59
2020,4,Oregon State,1551.2,60
2020,4,Stanford,1550.9,61
2020,4,Louisville,1546.0,62
2020,4,Florida State,1545.0,63
2020,4,UCLA,1544.1,64
2020,4,Arkansas State,1542.7,65
2020,4,Wyoming,1539.1,66
2020,4,Purdue,1538.2,67
2020,4,Navy,1537.5,68
2020,4,Houston,1535.1,69
2020,4,Liberty,1532.8,70
2020,4,Western Michigan,1531.9,71
2020,4,Army,1530.2,72
2020,4,Central Michigan,1528.9,73
2020,4,Northwestern,1528.4,74
2020,4,West Virginia,1526.8,75
2020,4,South Carolina,1526.8,76
2020,4,Utah State,1526.6,77
2020,4,Missouri,1525.8,78
2020,4,Coastal Carolina,1525.5,79
2020,4,Syracuse,1523.4,80
2020,4,Troy,1522.6,81
2020,4,Buffalo,1522.1,82
2020,4,Ole Miss,1519.4,83
2020,4,Wake Forest,1518.8,84
2020,4,Texas Tech,1518.4,85
2020,4,Nevada,1516.2,86
2020,4,Maryland,1515.1,87
2020,4,Georgia Southern,1512.2,88
2020,4,Arizona,1509.9,89
2020,4,Miami (OH),1505.7,90
2020,4,Charlotte,1503.0,91
2020,4,Ohio,1501.4,92
2020,4,NC State,1500.5,93
2020,4,Florida International,1498.8,94
2020,4,UTSA,1498.1,95
2020,4,Kent State,1495.2,96
2020,4,South Florida,1493.6,97
2020,4,Western Kentucky,1489.9,98
2020,4,Fresno State,1489.9,99
2020,4,San José State,1488.7,100
2020,4,Tulsa,1488.4,101
2020,4,Colorado State,1487.2,102
2020,4,Toledo,1484.2,103
2020,4,Ball State,1483.6,104
2020,4,Eastern Michigan,1479.7,105
2020,4,Georgia State,1477.4,106
2020,4,Rutgers,1472.3,107
2020,4,Vanderbilt,1470.5,108
2020,4,UNLV,1469.3,109
2020,4,Arkansas,1457.2,110
2020,4,Northern Illinois,1454.1,111
2020,4,Rice,1450.7,112
2020,4,Duke,1449.5,113
2020,4,Texas State,1444.0,114
2020,4,UTEP,1444.0,115
2020,4,Georgia Tech,1439.9,116
2020,4,North Texas,1436.6,117
2020,4,East Carolina,1431.5,118
2020,4,Kansas,1420.5,119
2020,4,New Mexico,1416.0,120
2020,4,Southern Miss,1401.5,121
2020,4,Bowling Green,1399.2,122
2020,4,New Mexico State,1391.4,123
2020,4,South Alabama,1390.7,124
2020,4,Middle Tennessee,1352.7,125
2020,4,Massachusetts,1351.2,126
2020,4,Akron,1335.5,127
2020,4,UL Monroe,1301.7,128
2020,5,Clemson,1823.7,1
2020,5,Georgia,1804.0,2
2020,5,Alabama,1801.1,3
2020,5,Ohio State,1799.5,4
2020,5,Florida,1750.9,5
2020,5,Notre Dame,1744.1,6
2020,5,LSU,1742.1,7
2020,5,SMU,1726.2,8
2020,5,Miami,1720.5,9
2020,5,BYU,1715.5,10
2020,5,Oregon,1712.2,11
2020,5,Oklahoma State,1702.5,12
2020,5,Penn State,1701.9,13
2020,5,Michigan,1689.9,14
2020,5,Tennessee,1685.9,15
2020,5,Wisconsin,1685.5,16
2020,5,Cincinnati,1681.2,17
2020,5,Auburn,1680.0,18
2020,5,Memphis,1675.7,19
2020,5,Louisiana,1674.9,20
2020,5,Virginia Tech,1674.2,21
2020,5,North Carolina,1672.3,22
2020,5,Texas,1671.6,23
2020,5,USC,1670.1,24
2020,5,UCF,1666.7,25
2020,5,Utah,1666.6,26
2020,5,Boise State,1652.8,27
2020,5,Oklahoma,1651.1,28
2020,5,Washington,1650.3,29
2020,5,Iowa,1641.0,30
2020,5,Baylor,1638.4,31
2020,5,Minnesota,1633.7,32
2020,5,Kansas State,1630.2,33
2020,5,Florida Atlantic,1625.6,34
2020,5,Texas A&M,1623.9,35
2020,5,Iowa State,1621.4,36
2020,5,Virginia,1618.3,37
2020,5,Boston College,1611.6,38
2020,5,App State,1610.7,39
2020,5,Tulane,1608.3,40
2020,5,Arizona State,1607.2,41
2020,5,Air Force,1606.4,42
2020,5,Pittsburgh,1603.2,43
2020,5,Michigan State,1602.3,44
2020,5,Marshall,1597.1,45
2020,5,Indiana,1596.8,46
2020,5,UAB,1595.5,47
2020,5,Mississippi State,1593.3,48
2020,5,San Diego State,1585.8,49
2020,5,Nebraska,1582.4,50
2020,5,California,1580.5,51
2020,5,TCU,1580.2,52
2020,5,Coastal Carolina,1577.3,53
2020,5,West Virginia,1572.9,54
2020,5,Illinois,1565.2,55
2020,5,Kentucky,1564.6,56
2020,5,Temple,1564.6,57
2020,5,Washington State,1561.1,58
2020,5,Colorado,1554.2,59
2020,5,Louisiana Tech,1552.5,60
2020,5,Hawai'i,1551.7,61
2020,5,Oregon State,1551.2,62
2020,5,Stanford,1550.9,63
2020,5,Florida State,1550.6,64
2020,5,Tulsa,1547.6,65
2020,5,Louisville,1546.0,66
2020,5,UCLA,1544.1,67
2020,5,Liberty,1539.3,68
2020,5,Wyoming,1539.1,69
2020,5,Purdue,1538.2,70
2020,5,Army,1537.4,71
2020,5,Ole Miss,1535.3,72
2020,5,Houston,1535.1,73
2020,5,Georgia Southern,1533.0,74
2020,5,Western Michigan,1531.9,75
2020,5,Central Michigan,1528.9,76
2020,5,Northwestern,1528.4,77
2020,5,Wake Forest,1527.2,78
2020,5,Utah State,1526.6,79
2020,5,Syracuse,1523.4,80
2020,5,Troy,1522.6,81
2020,5,Buffalo,1522.1,82
2020,5,NC State,1517.6,83
2020,5,Nevada,1516.2,84
2020,5,Maryland,1515.1,85
2020,5,Georgia State,1513.5,86
2020,5,South Carolina,1512.0,87
2020,5,Arkansas,1511.8,88
2020,5,Western Kentucky,1510.4,89
2020,5,Arizona,1509.9,90
2020,5,Miami (OH),1505.7,91
2020,5,Ohio,1501.4,92
2020,5,Missouri,1500.6,93
2020,5,Florida International,1498.8,94
2020,5,Kent State,1495.2,95
2020,5,Texas Tech,1494.8,96
2020,5,Navy,1491.6,97
2020,5,Arkansas State,1491.0,98
2020,5,Fresno State,1489.9,99
2020,5,San José State,1488.7,100
2020,5,Charlotte,1488.5,101
2020,5,Colorado State,1487.2,102
2020,5,Toledo,1484.2,103
2020,5,Ball State,1483.6,104
2020,5,UTSA,1480.1,105
2020,5,Eastern Michigan,1479.7,106
2020,5,South Florida,1472.6,107
2020,5,Rutgers,1472.3,108
2020,5,UNLV,1469.3,109
2020,5,Southern Miss,1454.3,110
2020,5,Northern Illinois,1454.1,111
2020,5,Rice,1450.7,112
2020,5,Texas State,1444.0,113
2020,5,UTEP,1444.0,114
2020,5,Georgia Tech,1439.9,115
2020,5,Vanderbilt,1432.4,116
2020,5,Duke,1424.3,117
2020,5,New Mexico,1416.0,118
2020,5,Bowling Green,1399.2,119
2020,5,East Carolina,1395.5,120
2020,5,New Mexico State,1391.4,121
2020,5,South Alabama,1390.7,122
2020,5,North Texas,1383.7,123
2020,5,Kansas,1382.2,124
2020,5,Massachusetts,1351.2,125
2020,5,Akron,1335.5,126
2020,5,Middle Tennessee,1332.2,127
2020,5,UL Monroe,1280.8,128
2020,6,Clemson,1847.7,1
2020,6,Georgia,1831.3,2
2020,6,Alabama,1827.4,3
2020,6,Ohio State,1799.5,4
2020,6,Notre Dame,1760.9,5
2020,6,SMU,1726.2,6
2020,6,BYU,1723.4,7
2020,6,Florida,1720.7,8
2020,6,Oregon,1712.2,9
2020,6,North Carolina,1708.0,10
2020,6,Oklahoma State,1702.5,11
2020,6,Penn State,1701.9,12
2020,6,LSU,1698.7,13
2020,6,Miami,1696.5,14
2020,6,Michigan,1689.9,15
2020,6,Auburn,1687.4,16
2020,6,Wisconsin,1685.5,17
2020,6,Oklahoma,1684.9,18
2020,6,Cincinnati,1681.2,19
2020,6,Memphis,1675.7,20
2020,6,Louisiana,1674.9,21
2020,6,USC,1670.1,22
2020,6,Kansas State,1669.0,23
2020,6,UCF,1666.7,24
2020,6,Utah,1666.6,25
2020,6,Tennessee,1658.6,26
2020,6,Texas A&M,1654.1,27
2020,6,Boise State,1652.8,28
2020,6,Marshall,1652.0,29
2020,6,Washington,1650.3,30
2020,6,Iowa,1641.0,31
2020,6,Iowa State,1640.1,32
2020,6,Virginia Tech,1638.5,33
2020,6,Baylor,1638.4,34
2020,6,Texas,1637.8,35
2020,6,Minnesota,1633.7,36
2020,6,Florida Atlantic,1625.6,37
2020,6,Boston College,1619.2,38
2020,6,Kentucky,1614.3,39
2020,6,App State,1610.7,40
2020,6,Arizona State,1607.2,41
2020,6,Air Force,1606.4,42
2020,6,Michigan State,1602.3,43
2020,6,Indiana,1596.8,44
2020,6,UAB,1595.5,45
2020,6,Pittsburgh,1595.5,46
2020,6,Houston,1589.5,47
2020,6,NC State,1587.5,48
2020,6,San Diego State,1585.8,49
2020,6,Nebraska,1582.4,50
2020,6,California,1580.5,51
2020,6,Coastal Carolina,1577.3,52
2020,6,South Carolina,1573.7,53
2020,6,West Virginia,1572.9,54
2020,6,Illinois,1565.2,55
2020,6,Louisiana Tech,1564.1,56
2020,6,Washington State,1561.1,57
2020,6,Colorado,1554.2,58
2020,6,Troy,1553.9,59
2020,6,Tulane,1553.8,60
2020,6,Hawai'i,1551.7,61
2020,6,Liberty,1551.2,62
2020,6,Oregon State,1551.2,63
2020,6,Stanford,1550.9,64
2020,6,Virginia,1548.5,65
2020,6,Tulsa,1547.6,66
2020,6,Temple,1544.3,67
2020,6,UCLA,1544.1,68
2020,6,Missouri,1544.0,69
2020,6,Mississippi State,1543.6,70
2020,6,Charlotte,1543.2,71
2020,6,TCU,1541.4,72
2020,6,Army,1539.3,73
2020,6,Wyoming,1539.1,74
2020,6,Purdue,1538.2,75
2020,6,Florida State,1533.8,76
2020,6,Georgia Southern,1533.0,77
2020,6,Western Michigan,1531.9,78
2020,6,Central Michigan,1528.9,79
2020,6,Northwestern,1528.4,80
2020,6,Wake Forest,1527.2,81
2020,6,Utah State,1526.6,82
2020,6,Buffalo,1522.1,83
2020,6,Nevada,1516.2,84
2020,6,Maryland,1515.1,85
2020,6,Georgia State,1513.5,86
2020,6,Navy,1511.9,87
2020,6,Arizona,1509.9,88
2020,6,Ole Miss,1509.0,89
2020,6,Miami (OH),1505.7,90
2020,6,Arkansas,1504.4,91
2020,6,Ohio,1501.4,92
2020,6,Arkansas State,1498.3,93
2020,6,Louisville,1496.9,94
2020,6,Kent State,1495.2,95
2020,6,Fresno State,1489.9,96
2020,6,Georgia Tech,1489.0,97
2020,6,San José State,1488.7,98
2020,6,Colorado State,1487.2,99
2020,6,Toledo,1484.2,100
2020,6,Ball State,1483.6,101
2020,6,Eastern Michigan,1479.7,102
2020,6,Duke,1476.6,103
2020,6,Texas Tech,1476.1,104
2020,6,Rutgers,1472.3,105
2020,6,UTSA,1472.1,106
2020,6,Syracuse,1471.1,107
2020,6,UNLV,1469.3,108
2020,6,East Carolina,1466.9,109
2020,6,Florida International,1463.1,110
2020,6,Western Kentucky,1455.5,111
2020,6,Southern Miss,1454.3,112
2020,6,Northern Illinois,1454.1,113
2020,6,Rice,1450.7,114
2020,6,UTEP,1432.4,115
2020,6,New Mexico,1416.0,116
2020,6,Texas State,1412.6,117
2020,6,South Florida,1401.1,118
2020,6,Bowling Green,1399.2,119
2020,6,New Mexico State,1391.4,120
2020,6,South Alabama,1390.7,121
2020,6,Kansas,1382.2,122
2020,6,Vanderbilt,1370.7,123
2020,6,Middle Tennessee,1367.9,124
2020,6,Massachusetts,1351.2,125
2020,6,Akron,1335.5,126
2020,6,North Texas,1329.0,127
2020,6,UL Monroe,1268.9,128
2020,7,Clemson,1869.4,1
2020,7,Alabama,1860.9,2
2020,7,Ohio State,1799.5,3
2020,7,Georgia,1797.8,4
2020,7,Notre Dame,1766.8,5
2020,7,BYU,1766.6,6
2020,7,SMU,1740.9,7
2020,7,Florida,1720.7,8
2020,7,Miami,1715.6,9
2020,7,Oregon,1712.2,10
2020,7,Oklahoma State,1702.5,11
2020,7,Penn State,1701.9,12
2020,7,LSU,1698.7,13
2020,7,Marshall,1692.0,14
2020,7,Michigan,1689.9,15
2020,7,Texas A&M,1688.7,16
2020,7,Wisconsin,1685.5,17
2020,7,Memphis,1685.3,18
2020,7,Oklahoma,1684.9,19
2020,7,Cincinnati,1681.2,20
2020,7,North Carolina,1680.6,21
2020,7,Kentucky,1673.9,22
2020,7,Virginia Tech,1673.3,23
2020,7,USC,1670.1,24
2020,7,Kansas State,1669.0,25
2020,7,Utah,1666.6,26
2020,7,UCF,1657.1,27
2020,7,Boise State,1652.8,28
2020,7,Auburn,1650.5,29
2020,7,Washington,1650.3,30
2020,7,Louisiana,1648.2,31
2020,7,Iowa,1641.0,32
2020,7,Iowa State,1640.1,33
2020,7,Baylor,1638.4,34
2020,7,Texas,1637.8,35
2020,7,Minnesota,1633.7,36
2020,7,Florida Atlantic,1625.6,37
2020,7,UAB,1615.2,38
2020,7,App State,1610.7,39
2020,7,South Carolina,1610.6,40
2020,7,Arizona State,1607.2,41
2020,7,Air Force,1606.4,42
2020,7,NC State,1605.1,43
2020,7,Coastal Carolina,1604.0,44
2020,7,Michigan State,1602.3,45
2020,7,Tennessee,1599.0,46
2020,7,Indiana,1596.8,47
2020,7,Liberty,1591.3,48
2020,7,West Virginia,1587.8,49
2020,7,San Diego State,1585.8,50
2020,7,Boston College,1584.4,51
2020,7,Nebraska,1582.4,52
2020,7,California,1580.5,53
2020,7,Pittsburgh,1576.4,54
2020,7,Army,1569.9,55
2020,7,Illinois,1565.2,56
2020,7,Wake Forest,1562.9,57
2020,7,Florida State,1561.2,58
2020,7,Washington State,1561.1,59
2020,7,Georgia Southern,1556.6,60
2020,7,Troy,1555.8,61
2020,7,Colorado,1554.2,62
2020,7,Temple,1552.7,63
2020,7,Hawai'i,1551.7,64
2020,7,Oregon State,1551.2,65
2020,7,Stanford,1550.9,66
2020,7,Tulsa,1547.6,67
2020,7,Houston,1546.3,68
2020,7,UCLA,1544.1,69
2020,7,Missouri,1544.0,70
2020,7,Charlotte,1543.2,71
2020,7,TCU,1541.4,72
2020,7,Wyoming,1539.1,73
2020,7,Tulane,1539.1,74
2020,7,Purdue,1538.2,75
2020,7,Navy,1536.2,76
2020,7,Arkansas,1534.1,77
2020,7,Western Michigan,1531.9,78
2020,7,Arkansas State,1529.7,79
2020,7,Central Michigan,1528.9,80
2020,7,Northwestern,1528.4,81
2020,7,Utah State,1526.6,82
2020,7,Louisiana Tech,1524.0,83
2020,7,Buffalo,1522.1,84
2020,7,Nevada,1516.2,85
2020,7,Maryland,1515.1,86
2020,7,Virginia,1512.8,87
2020,7,Arizona,1509.9,88
2020,7,Mississippi State,1508.9,89
2020,7,Miami (OH),1505.7,90
2020,7,Ohio,1501.4,91
2020,7,Kent State,1495.2,92
2020,7,Louisville,1491.0,93
2020,7,Fresno State,1489.9,94
2020,7,San José State,1488.7,95
2020,7,Colorado State,1487.2,96
2020,7,Toledo,1484.2,97
2020,7,Ball State,1483.6,98
2020,7,Georgia State,1482.1,99
2020,7,Eastern Michigan,1479.7,100
2020,7,Ole Miss,1479.2,101
2020,7,Texas Tech,1476.1,102
2020,7,Rutgers,1472.3,103
2020,7,UNLV,1469.3,104
2020,7,Georgia Tech,1467.3,105
2020,7,Florida International,1463.1,106
2020,7,Duke,1458.9,107
2020,7,Southern Miss,1454.3,108
2020,7,Northern Illinois,1454.1,109
2020,7,Rice,1450.7,110
2020,7,East Carolina,1442.6,111
2020,7,UTSA,1441.5,112
2020,7,Western Kentucky,1435.9,113
2020,7,UTEP,1432.4,114
2020,7,Syracuse,1431.0,115
2020,7,South Alabama,1420.4,116
2020,7,New Mexico,1416.0,117
2020,7,Bowling Green,1399.2,118
2020,7,South Florida,1392.8,119
2020,7,New Mexico State,1391.4,120
2020,7,Texas State,1383.0,121
2020,7,North Texas,1380.3,122
2020,7,Vanderbilt,1370.7,123
2020,7,Kansas,1367.3,124
2020,7,Akron,1335.5,125
2020,7,Massachusetts,1327.7,126
2020,7,Middle Tennessee,1316.6,127
2020,7,UL Monroe,1268.9,128
2020,8,Alabama,1887.6,1
2020,8,Clemson,1872.8,2
2020,8,Ohio State,1818.3,3
2020,8,Notre Dame,1804.3,4
2020,8,Georgia,1797.8,5
2020,8,BYU,1771.7,6
2020,8,Michigan,1749.8,7
2020,8,Cincinnati,1743.5,8
2020,8,LSU,1725.2,9
2020,8,Miami,1723.7,10
2020,8,Florida,1720.7,11
2020,8,Oklahoma,1719.7,12
2020,8,Marshall,1719.0,13
2020,8,Wisconsin,1716.7,14
2020,8,Oklahoma State,1714.8,15
2020,8,Oregon,1712.2,16
2020,8,North Carolina,1708.4,17
2020,8,Memphis,1705.8,18
2020,8,Texas A&M,1688.7,19
2020,8,Penn State,1687.7,20
2020,8,Boise State,1681.0,21
2020,8,Kansas State,1678.9,22
2020,8,SMU,1678.6,23
2020,8,UCF,1677.0,24
2020,8,Texas,1673.3,25
2020,8,Louisiana,1673.2,26
2020,8,Auburn,1672.7,27
2020,8,USC,1670.1,28
2020,8,Utah,1666.6,29
2020,8,Washington,1650.3,30
2020,8,Virginia Tech,1638.8,31
2020,8,App State,1638.1,32
2020,8,Kentucky,1631.8,33
2020,8,Coastal Carolina,1629.5,34
2020,8,Iowa State,1627.8,35
2020,8,San Diego State,1615.0,36
2020,8,Indiana,1611.0,37
2020,8,Liberty,1610.7,38
2020,8,Iowa,1608.3,39
2020,8,Arizona State,1607.2,40
2020,8,Houston,1603.9,41
2020,8,Baylor,1602.9,42
2020,8,Boston College,1602.2,43
2020,8,Hawai'i,1602.0,44
2020,8,Florida Atlantic,1598.7,45
2020,8,Wake Forest,1597.5,46
2020,8,Tulsa,1595.3,47
2020,8,UAB,1590.2,48
2020,8,Missouri,1586.1,49
2020,8,South Carolina,1584.0,50
2020,8,California,1580.5,51
2020,8,Northwestern,1578.7,52
2020,8,NC State,1577.3,53
2020,8,Army,1575.5,54
2020,8,Minnesota,1573.8,55
2020,8,Tennessee,1572.3,56
2020,8,Purdue,1570.9,57
2020,8,Nebraska,1563.5,58
2020,8,Washington State,1561.1,59
2020,8,Charlotte,1560.2,60
2020,8,Colorado,1554.2,61
2020,8,Air Force,1553.7,62
2020,8,West Virginia,1553.1,63
2020,8,Oregon State,1551.2,64
2020,8,Stanford,1550.9,65
2020,8,UCLA,1544.1,66
2020,8,San José State,1541.5,67
2020,8,Michigan State,1540.3,68
2020,8,Pittsburgh,1538.9,69
2020,8,Nevada,1537.8,70
2020,8,Troy,1535.3,71
2020,8,Rutgers,1534.3,72
2020,8,Arkansas,1534.1,73
2020,8,Illinois,1534.1,74
2020,8,Louisville,1533.7,75
2020,8,Temple,1532.1,76
2020,8,Western Michigan,1531.9,77
2020,8,Georgia Southern,1531.1,78
2020,8,Central Michigan,1528.9,79
2020,8,Buffalo,1522.1,80
2020,8,Tulane,1519.2,81
2020,8,Florida State,1518.5,82
2020,8,Wyoming,1517.6,83
2020,8,Louisiana Tech,1515.2,84
2020,8,Texas Tech,1510.7,85
2020,8,Arizona,1509.9,86
2020,8,Mississippi State,1508.9,87
2020,8,TCU,1506.6,88
2020,8,Miami (OH),1505.7,89
2020,8,Virginia,1504.7,90
2020,8,Georgia State,1502.6,91
2020,8,Arkansas State,1502.3,92
2020,8,Ohio,1501.4,93
2020,8,Utah State,1498.5,94
2020,8,Kent State,1495.2,95
2020,8,Colorado State,1487.2,96
2020,8,Toledo,1484.2,97
2020,8,Ball State,1483.6,98
2020,8,Eastern Michigan,1479.7,99
2020,8,Navy,1478.6,100
2020,8,Maryland,1464.9,101
2020,8,Duke,1458.9,102
2020,8,Ole Miss,1457.1,103
2020,8,Northern Illinois,1454.1,104
2020,8,UTSA,1450.3,105
2020,8,Georgia Tech,1449.5,106
2020,8,East Carolina,1442.6,107
2020,8,Western Kentucky,1440.9,108
2020,8,UNLV,1440.2,109
2020,8,Fresno State,1439.6,110
2020,8,South Alabama,1439.2,111
2020,8,Southern Miss,1434.9,112
2020,8,Syracuse,1427.7,113
2020,8,New Mexico,1416.0,114
2020,8,UTEP,1415.3,115
2020,8,Rice,1402.0,116
2020,8,Florida International,1400.7,117
2020,8,Bowling Green,1399.2,118
2020,8,New Mexico State,1391.4,119
2020,8,North Texas,1380.3,120
2020,8,Texas State,1377.8,121
2020,8,Vanderbilt,1370.7,122
2020,8,Middle Tennessee,1365.4,123
2020,8,Kansas,1357.3,124
2020,8,South Florida,1345.1,125
2020,8,Akron,1335.5,126
2020,8,Massachusetts,1327.7,127
2020,8,UL Monroe,1250.1,128
2020,9,Alabama,1894.0,1
2020,9,Clemson,1877.9,2
2020,9,Ohio State,1858.2,3
2020,9,Georgia,1824.7,4
2020,9,Notre Dame,1817.3,5
2020,9,Cincinnati,1779.7,6
2020,9,BYU,1778.3,7
2020,9,Oklahoma,1747.5,8
2020,9,Florida,1741.2,9
2020,9,Boise State,1726.6,10
2020,9,Miami,1723.7,11
2020,9,Auburn,1722.9,12
2020,9,UCF,1721.8,13
2020,9,Marshall,1719.0,14
2020,9,Wisconsin,1716.7,15
2020,9,Michigan,1713.0,16
2020,9,Oregon,1712.2,17
2020,9,Texas,1710.3,18
2020,9,Texas A&M,1703.1,19
2020,9,SMU,1689.0,20
2020,9,Louisiana,1686.7,21
2020,9,North Carolina,1683.9,22
2020,9,Oklahoma State,1677.7,23
2020,9,Coastal Carolina,1677.7,24
2020,9,LSU,1675.0,25
2020,9,USC,1670.1,26
2020,9,Memphis,1669.7,27
2020,9,San Diego State,1669.4,28
2020,9,Utah,1666.6,29
2020,9,Virginia Tech,1661.3,30
2020,9,Indiana,1660.5,31
2020,9,App State,1651.5,32
2020,9,Washington,1650.3,33
2020,9,Iowa State,1649.1,34
2020,9,Penn State,1647.9,35
2020,9,Kansas State,1630.7,36
2020,9,Wake Forest,1626.2,37
2020,9,Florida Atlantic,1621.7,38
2020,9,Purdue,1610.8,39
2020,9,Liberty,1610.7,40
2020,9,Arizona State,1607.2,41
2020,9,Kentucky,1604.9,42
2020,9,Tulsa,1604.6,43
2020,9,West Virginia,1601.4,44
2020,9,Boston College,1597.0,45
2020,9,Northwestern,1593.8,46
2020,9,Iowa,1593.2,47
2020,9,Nevada,1586.5,48
2020,9,San José State,1585.7,49
2020,9,South Carolina,1584.0,50
2020,9,California,1580.5,51
2020,9,Wyoming,1579.3,52
2020,9,Troy,1578.8,53
2020,9,NC State,1577.3,54
2020,9,Michigan State,1577.1,55
2020,9,Army,1575.5,56
2020,9,UAB,1573.1,57
2020,9,Tennessee,1572.3,58
2020,9,Missouri,1565.7,59
2020,9,Nebraska,1563.5,60
2020,9,Tulane,1562.1,61
2020,9,Washington State,1561.1,62
2020,9,Minnesota,1559.5,63
2020,9,Houston,1559.0,64
2020,9,Baylor,1556.8,65
2020,9,Colorado,1554.2,66
2020,9,TCU,1552.8,67
2020,9,Oregon State,1551.2,68
2020,9,Stanford,1550.9,69
2020,9,Georgia Southern,1544.5,70
2020,9,UCLA,1544.1,71
2020,9,Hawai'i,1540.3,72
2020,9,Pittsburgh,1538.9,73
2020,9,Louisiana Tech,1532.4,74
2020,9,Western Michigan,1531.9,75
2020,9,Virginia,1529.2,76
2020,9,Central Michigan,1528.9,77
2020,9,Buffalo,1522.1,78
2020,9,Arkansas,1519.8,79
2020,9,Florida State,1518.5,80
2020,9,Duke,1516.4,81
2020,9,Louisville,1511.2,82
2020,9,Arizona,1509.9,83
2020,9,Air Force,1508.0,84
2020,9,Miami (OH),1505.7,85
2020,9,Ole Miss,1505.2,86
2020,9,Charlotte,1502.8,87
2020,9,Mississippi State,1502.5,88
2020,9,Ohio,1501.4,89
2020,9,Kent State,1495.2,90
2020,9,Illinois,1494.1,91
2020,9,Fresno State,1492.0,92
2020,9,Temple,1489.2,93
2020,9,Rutgers,1484.7,94
2020,9,Toledo,1484.2,95
2020,9,Ball State,1483.6,96
2020,9,Texas Tech,1483.0,97
2020,9,Eastern Michigan,1479.7,98
2020,9,Maryland,1479.2,99
2020,9,Rice,1472.7,100
2020,9,Navy,1468.3,101
2020,9,Arkansas State,1458.8,102
2020,9,Georgia State,1454.4,103
2020,9,Northern Illinois,1454.1,104
2020,9,Utah State,1444.0,105
2020,9,Georgia Tech,1436.6,106
2020,9,Colorado State,1434.7,107
2020,9,Western Kentucky,1434.4,108
2020,9,East Carolina,1433.2,109
2020,9,UTSA,1427.3,110
2020,9,South Alabama,1425.8,111
2020,9,UTEP,1415.3,112
2020,9,Florida International,1400.7,113
2020,9,Bowling Green,1399.2,114
2020,9,Syracuse,1399.0,115
2020,9,New Mexico State,1391.4,116
2020,9,UNLV,1391.4,117
2020,9,North Texas,1380.3,118
2020,9,New Mexico,1371.7,119
2020,9,Middle Tennessee,1365.4,120
2020,9,Texas State,1364.3,121
2020,9,Southern Miss,1364.2,122
2020,9,South Florida,1345.1,123
2020,9,Kansas,1336.0,124
2020,9,Akron,1335.5,125
2020,9,Massachusetts,1327.7,126
2020,9,Vanderbilt,1322.6,127
2020,9,UL Monroe,1236.7,128
2020,10,Alabama,1894.0,1
2020,10,Ohio State,1865.2,2
2020,10,Clemson,1853.3,3
2020,10,BYU,1844.3,4
2020,10,Notre Dame,1841.9,5
2020,10,Cincinnati,1793.6,6
2020,10,Florida,1789.8,7
2020,10,Georgia,1776.1,8
2020,10,Oklahoma,1752.2,9
2020,10,Texas A&M,1742.9,10
2020,10,Miami,1737.0,11
2020,10,Oregon,1733.8,12
2020,10,Marshall,1726.5,13
2020,10,Auburn,1722.9,14
2020,10,UCF,1721.8,15
2020,10,SMU,1720.1,16
2020,10,Texas,1720.0,17
2020,10,Wisconsin,1716.7,18
2020,10,North Carolina,1715.3,19
2020,10,Indiana,1710.4,20
2020,10,Louisiana,1693.5,21
2020,10,Oklahoma State,1691.5,22
2020,10,Coastal Carolina,1686.1,23
2020,10,USC,1677.8,24
2020,10,LSU,1675.0,25
2020,10,Memphis,1671.0,26
2020,10,App State,1669.4,27
2020,10,Utah,1666.6,28
2020,10,Iowa State,1665.2,29
2020,10,Michigan,1663.1,30
2020,10,Boise State,1660.6,31
2020,10,Washington,1650.3,32
2020,10,San José State,1644.5,33
2020,10,Iowa,1643.5,34
2020,10,Virginia Tech,1640.4,35
2020,10,Liberty,1631.6,36
2020,10,Florida Atlantic,1629.5,37
2020,10,Wake Forest,1626.2,38
2020,10,Northwestern,1621.6,39
2020,10,Minnesota,1619.4,40
2020,10,Kansas State,1616.9,41
2020,10,Nevada,1611.4,42
2020,10,Purdue,1610.8,43
2020,10,San Diego State,1610.6,44
2020,10,Washington State,1609.8,45
2020,10,Boston College,1608.3,46
2020,10,Kentucky,1604.9,47
2020,10,Tulsa,1604.6,48
2020,10,Arizona State,1599.6,49
2020,10,West Virginia,1591.7,50
2020,10,Tulane,1591.4,51
2020,10,Pittsburgh,1581.6,52
2020,10,Colorado,1580.8,53
2020,10,California,1580.5,54
2020,10,Western Michigan,1578.8,55
2020,10,Buffalo,1575.7,56
2020,10,Army,1575.5,57
2020,10,Penn State,1574.7,58
2020,10,UAB,1573.1,59
2020,10,TCU,1573.0,60
2020,10,Georgia Southern,1566.9,61
2020,10,Missouri,1565.7,62
2020,10,NC State,1564.0,63
2020,10,Troy,1556.3,64
2020,10,Hawai'i,1553.4,65
2020,10,Maryland,1552.4,66
2020,10,Arkansas,1548.4,67
2020,10,Central Michigan,1546.6,68
2020,10,Houston,1545.1,69
2020,10,South Carolina,1544.2,70
2020,10,Tennessee,1543.7,71
2020,10,Baylor,1540.7,72
2020,10,Nebraska,1535.8,73
2020,10,Fresno State,1535.4,74
2020,10,Miami (OH),1532.9,75
2020,10,Louisiana Tech,1532.4,76
2020,10,Stanford,1529.4,77
2020,10,Virginia,1529.2,78
2020,10,Michigan State,1526.8,79
2020,10,Wyoming,1524.5,80
2020,10,Toledo,1520.0,81
2020,10,UCLA,1517.4,82
2020,10,Kent State,1516.8,83
2020,10,Mississippi State,1513.0,84
2020,10,Louisville,1511.2,85
2020,10,Arizona,1509.9,86
2020,10,Air Force,1508.0,87
2020,10,Ole Miss,1505.2,88
2020,10,Charlotte,1502.8,89
2020,10,Oregon State,1502.4,90
2020,10,Colorado State,1489.6,91
2020,10,Duke,1485.0,92
2020,10,Ohio,1483.6,93
2020,10,Rutgers,1477.7,94
2020,10,Florida State,1475.8,95
2020,10,Rice,1472.7,96
2020,10,Navy,1468.3,97
2020,10,Georgia State,1464.7,98
2020,10,Texas Tech,1462.8,99
2020,10,Temple,1458.1,100
2020,10,Eastern Michigan,1458.1,101
2020,10,Ball State,1456.4,102
2020,10,Arkansas State,1451.9,103
2020,10,Georgia Tech,1436.6,104
2020,10,Illinois,1434.2,105
2020,10,UTSA,1427.3,106
2020,10,Western Kentucky,1426.5,107
2020,10,Utah State,1419.1,108
2020,10,South Alabama,1417.4,109
2020,10,UTEP,1415.3,110
2020,10,East Carolina,1404.0,111
2020,10,Florida International,1400.7,112
2020,10,Northern Illinois,1400.6,113
2020,10,New Mexico State,1391.4,114
2020,10,Syracuse,1387.7,115
2020,10,North Texas,1380.3,116
2020,10,Southern Miss,1374.5,117
2020,10,Middle Tennessee,1365.4,118
2020,10,Bowling Green,1363.4,119
2020,10,New Mexico,1358.6,120
2020,10,UNLV,1348.1,121
2020,10,Texas State,1346.4,122
2020,10,South Florida,1343.7,123
2020,10,Kansas,1331.3,124
2020,10,Massachusetts,1320.2,125
2020,10,Vanderbilt,1312.0,126
2020,10,Akron,1288.7,127
2020,10,UL Monroe,1226.4,128
2020,11,Alabama,1894.0,1
2020,11,Ohio State,1865.2,2
2020,11,Notre Dame,1861.2,3
2020,11,Clemson,1853.3,4
2020,11,BYU,1844.3,5
2020,11,Florida,1800.1,6
2020,11,Cincinnati,1798.5,7
2020,11,Wisconsin,1784.4,8
2020,11,Georgia,1776.1,9
2020,11,Oregon,1775.4,10
2020,11,Oklahoma,1752.2,11
2020,11,Miami,1744.6,12
2020,11,Indiana,1743.3,13
2020,11,Texas A&M,1742.9,14
2020,11,Marshall,1731.9,15
2020,11,UCF,1730.8,16
2020,11,North Carolina,1728.0,17
2020,11,Auburn,1722.9,18
2020,11,Texas,1720.0,19
2020,11,Louisiana,1702.2,20
2020,11,USC,1699.4,21
2020,11,Iowa,1696.7,22
2020,11,SMU,1692.9,23
2020,11,Oklahoma State,1691.5,24
2020,11,Coastal Carolina,1686.1,25
2020,11,Boise State,1683.6,26
2020,11,App State,1675.4,27
2020,11,LSU,1675.0,28
2020,11,Memphis,1671.0,29
2020,11,Utah,1666.6,30
2020,11,Iowa State,1665.2,31
2020,11,Washington,1664.8,32
2020,11,Northwestern,1663.8,33
2020,11,Florida Atlantic,1655.7,34
2020,11,San José State,1652.5,35
2020,11,San Diego State,1639.7,36
2020,11,Liberty,1636.1,37
2020,11,Virginia Tech,1632.7,38
2020,11,Nevada,1632.2,39
2020,11,Tulsa,1631.8,40
2020,11,Tulane,1620.8,41
2020,11,West Virginia,1617.7,42
2020,11,Buffalo,1617.6,43
2020,11,Kansas State,1616.9,44
2020,11,Wake Forest,1613.4,45
2020,11,Kentucky,1608.1,46
2020,11,Colorado,1606.6,47
2020,11,Arizona State,1599.6,48
2020,11,Central Michigan,1596.1,49
2020,11,Michigan,1595.4,50
2020,11,Western Michigan,1594.3,51
2020,11,Boston College,1588.9,52
2020,11,NC State,1582.6,53
2020,11,Pittsburgh,1581.6,54
2020,11,UCLA,1575.0,55
2020,11,UAB,1573.1,56
2020,11,Fresno State,1573.1,57
2020,11,Georgia Southern,1570.7,58
2020,11,Nebraska,1570.0,59
2020,11,Purdue,1568.6,60
2020,11,Kent State,1568.4,61
2020,11,Washington State,1568.2,62
2020,11,Minnesota,1566.2,63
2020,11,Missouri,1565.7,64
2020,11,Houston,1558.7,65
2020,11,Troy,1556.3,66
2020,11,Virginia,1553.1,67
2020,11,Maryland,1552.4,68
2020,11,TCU,1547.0,69
2020,11,Army,1546.0,70
2020,11,Tennessee,1543.7,71
2020,11,Penn State,1540.5,72
2020,11,Arkansas,1538.0,73
2020,11,Ole Miss,1536.9,74
2020,11,Louisiana Tech,1532.4,75
2020,11,Baylor,1532.0,76
2020,11,Wyoming,1524.5,77
2020,11,Hawai'i,1524.3,78
2020,11,California,1522.9,79
2020,11,Mississippi State,1513.0,80
2020,11,South Carolina,1512.5,81
2020,11,Air Force,1508.0,82
2020,11,Toledo,1504.5,83
2020,11,Stanford,1503.6,84
2020,11,Charlotte,1502.8,85
2020,11,Ohio,1499.6,86
2020,11,Michigan State,1493.9,87
2020,11,Miami (OH),1490.9,88
2020,11,Arizona,1488.3,89
2020,11,Oregon State,1487.9,90
2020,11,Louisville,1487.2,91
2020,11,Ball State,1486.2,92
2020,11,Duke,1485.0,93
2020,11,Rice,1472.7,94
2020,11,Texas Tech,1471.5,95
2020,11,Navy,1468.3,96
2020,11,Colorado State,1466.6,97
2020,11,Illinois,1459.0,98
2020,11,UTSA,1458.7,99
2020,11,Georgia State,1458.7,100
2020,11,Florida State,1457.2,101
2020,11,Rutgers,1453.0,102
2020,11,Arkansas State,1451.9,103
2020,11,Temple,1449.2,104
2020,11,Western Kentucky,1437.1,105
2020,11,Georgia Tech,1436.6,106
2020,11,Eastern Michigan,1428.3,107
2020,11,South Alabama,1408.7,108
2020,11,East Carolina,1399.0,109
2020,11,New Mexico State,1391.4,110
2020,11,Syracuse,1387.7,111
2020,11,UTEP,1383.9,112
2020,11,Utah State,1381.4,113
2020,11,North Texas,1380.3,114
2020,11,Florida International,1374.6,115
2020,11,Southern Miss,1363.9,116
2020,11,Middle Tennessee,1360.0,117
2020,11,Northern Illinois,1351.1,118
2020,11,Texas State,1342.6,119
2020,11,UNLV,1340.1,120
2020,11,New Mexico,1337.9,121
2020,11,Kansas,1331.3,122
2020,11,South Florida,1330.1,123
2020,11,Massachusetts,1320.2,124
2020,11,Bowling Green,1311.8,125
2020,11,Vanderbilt,1308.8,126
2020,11,Akron,1272.7,127
2020,11,UL Monroe,1226.4,128
2020,12,Alabama,1904.0,1
2020,12,Ohio State,1879.2,2
2020,12,Notre Dame,1861.2,3
2020,12,Clemson,1853.3,4
2020,12,BYU,1845.1,5
2020,12,Cincinnati,1815.1,6
2020,12,Florida,1807.4,7
2020,12,Oregon,1783.4,8
2020,12,Georgia,1781.9,9
2020,12,Oklahoma,1777.2,10
2020,12,USC,1754.3,11
2020,12,Miami,1744.6,12
2020,12,Texas A&M,1742.9,13
2020,12,Auburn,1734.1,14
2020,12,Wisconsin,1733.1,15
2020,12,Marshall,1731.9,16
2020,12,Iowa,1730.7,17
2020,12,Indiana,1729.2,18
2020,12,North Carolina,1728.0,19
2020,12,Texas,1720.0,20
2020,12,Northwestern,1715.1,21
2020,12,UCF,1714.2,22
2020,12,Coastal Carolina,1708.8,23
2020,12,Boise State,1707.9,24
2020,12,Louisiana,1702.2,25
2020,12,Iowa State,1695.2,26
2020,12,SMU,1692.9,27
2020,12,LSU,1688.7,28
2020,12,Washington,1683.5,29
2020,12,Memphis,1677.8,30
2020,12,Oklahoma State,1666.5,31
2020,12,Florida Atlantic,1664.3,32
2020,12,Nevada,1653.2,33
2020,12,App State,1652.8,34
2020,12,San José State,1652.5,35
2020,12,Tulsa,1649.5,36
2020,12,Buffalo,1644.0,37
2020,12,Western Michigan,1640.0,38
2020,12,Liberty,1628.1,39
2020,12,Pittsburgh,1621.9,40
2020,12,San Diego State,1618.7,41
2020,12,Michigan,1618.0,42
2020,12,West Virginia,1617.7,43
2020,12,Wake Forest,1613.4,44
2020,12,Utah,1611.7,45
2020,12,Colorado,1606.6,46
2020,12,Tulane,1603.1,47
2020,12,Arizona State,1599.6,48
2020,12,Kentucky,1598.2,49
2020,12,Virginia Tech,1592.4,50
2020,12,Missouri,1591.3,51
2020,12,NC State,1590.6,52
2020,12,Boston College,1588.9,53
2020,12,Kansas State,1587.0,54
2020,12,Minnesota,1582.2,55
2020,12,Kent State,1580.6,56
2020,12,UAB,1573.1,57
2020,12,Fresno State,1573.1,58
2020,12,Washington State,1568.2,59
2020,12,UCLA,1567.0,60
2020,12,Georgia Southern,1563.5,61
2020,12,Houston,1558.7,62
2020,12,Virginia,1556.4,63
2020,12,Toledo,1555.1,64
2020,12,Army,1553.3,65
2020,12,Purdue,1552.7,66
2020,12,Maryland,1552.4,67
2020,12,Central Michigan,1550.4,68
2020,12,TCU,1547.0,69
2020,12,Ole Miss,1536.9,70
2020,12,Tennessee,1532.5,71
2020,12,Louisiana Tech,1532.4,72
2020,12,Troy,1532.0,73
2020,12,Baylor,1532.0,74
2020,12,Air Force,1526.0,75
2020,12,Wyoming,1524.5,76
2020,12,Arkansas,1524.3,77
2020,12,Illinois,1516.6,78
2020,12,Oregon State,1514.1,79
2020,12,Nebraska,1512.4,80
2020,12,Louisville,1508.7,81
2020,12,Mississippi State,1507.3,82
2020,12,Penn State,1506.5,83
2020,12,Stanford,1503.6,84
2020,12,Charlotte,1502.8,85
2020,12,Ball State,1501.7,86
2020,12,Hawai'i,1500.0,87
2020,12,Ohio,1499.6,88
2020,12,California,1496.8,89
2020,12,Georgia State,1494.6,90
2020,12,Michigan State,1493.9,91
2020,12,Miami (OH),1490.9,92
2020,12,South Carolina,1486.8,93
2020,12,Duke,1485.0,94
2020,12,UTSA,1474.2,95
2020,12,Texas Tech,1471.5,96
2020,12,Arizona,1469.6,97
2020,12,Navy,1468.3,98
2020,12,Colorado State,1466.6,99
2020,12,Western Kentucky,1462.7,100
2020,12,Florida State,1457.2,101
2020,12,East Carolina,1448.1,102
2020,12,Arkansas State,1436.7,103
2020,12,Georgia Tech,1436.6,104
2020,12,Rutgers,1430.3,105
2020,12,North Texas,1427.4,106
2020,12,Rice,1425.5,107
2020,12,Temple,1400.1,108
2020,12,New Mexico State,1391.4,109
2020,12,Middle Tennessee,1384.3,110
2020,12,UTEP,1383.9,111
2020,12,Utah State,1381.4,112
2020,12,Eastern Michigan,1377.7,113
2020,12,South Alabama,1372.8,114
2020,12,Syracuse,1366.3,115
2020,12,Texas State,1357.7,116
2020,12,Florida International,1349.1,117
2020,12,Southern Miss,1348.5,118
2020,12,UNLV,1340.1,119
2020,12,Northern Illinois,1335.7,120
2020,12,Kansas,1331.3,121
2020,12,South Florida,1330.1,122
2020,12,New Mexico,1319.9,123
2020,12,Massachusetts,1311.5,124
2020,12,Vanderbilt,1301.5,125
2020,12,Bowling Green,1285.5,126
2020,12,Akron,1260.5,127
2020,12,UL Monroe,1226.4,128
2020,13,Alabama,1919.1,1
2020,13,Notre Dame,1888.2,2
2020,13,Ohio State,1879.2,3
2020,13,Clemson,1865.0,4
2020,13,BYU,1845.1,5
2020,13,Florida,1819.2,6
2020,13,Cincinnati,1815.1,7
2020,13,Georgia,1801.0,8
2020,13,Oklahoma,1777.2,9
2020,13,Texas A&M,1763.0,10
2020,13,USC,1754.3,11
2020,13,Oregon,1749.7,12
2020,13,Miami,1744.6,13
2020,13,Indiana,1743.9,14
2020,13,Iowa,1738.8,15
2020,13,Wisconsin,1733.1,16
2020,13,Marshall,1731.9,17
2020,13,Coastal Carolina,1724.7,18
2020,13,UCF,1724.1,19
2020,13,Auburn,1719.0,20
2020,13,Iowa State,1715.2,21
2020,13,Louisiana,1712.1,22
2020,13,Boise State,1707.9,23
2020,13,North Carolina,1701.0,24
2020,13,Texas,1699.9,25
2020,13,Washington,1698.2,26
2020,13,Memphis,1688.6,27
2020,13,Oklahoma State,1674.2,28
2020,13,Buffalo,1673.9,29
2020,13,App State,1673.4,30
2020,13,LSU,1668.6,31
2020,13,Florida Atlantic,1664.3,32
2020,13,Northwestern,1664.3,33
2020,13,San José State,1652.5,34
2020,13,Tulsa,1649.5,35
2020,13,Western Michigan,1643.6,36
2020,13,Colorado,1642.4,37
2020,13,SMU,1640.7,38
2020,13,Liberty,1637.5,39
2020,13,Nevada,1631.6,40
2020,13,West Virginia,1617.7,41
2020,13,Wake Forest,1613.4,42
2020,13,Pittsburgh,1610.3,43
2020,13,NC State,1606.0,44
2020,13,Tulane,1603.1,45
2020,13,Boston College,1603.1,46
2020,13,Missouri,1600.2,47
2020,13,Arizona State,1599.6,48
2020,13,Utah,1597.0,49
2020,13,UCLA,1594.3,50
2020,13,Virginia Tech,1592.4,51
2020,13,Kentucky,1586.4,52
2020,13,San Diego State,1582.9,53
2020,13,Minnesota,1582.2,54
2020,13,Kansas State,1579.0,55
2020,13,Michigan,1578.9,56
2020,13,TCU,1574.5,57
2020,13,Central Michigan,1573.7,58
2020,13,UAB,1573.1,59
2020,13,Fresno State,1573.1,60
2020,13,Washington State,1568.2,61
2020,13,Wyoming,1559.8,62
2020,13,Houston,1558.7,63
2020,13,Virginia,1556.4,64
2020,13,Ole Miss,1554.5,65
2020,13,Army,1553.3,66
2020,13,Kent State,1550.7,67
2020,13,Oregon State,1547.7,68
2020,13,Penn State,1545.6,69
2020,13,Michigan State,1544.6,70
2020,13,Baylor,1540.0,71
2020,13,Georgia Southern,1539.8,72
2020,13,Maryland,1537.7,73
2020,13,Tennessee,1532.5,74
2020,13,Louisiana Tech,1532.4,75
2020,13,Toledo,1529.9,76
2020,13,Miami (OH),1528.5,77
2020,13,Ball State,1526.8,78
2020,13,Air Force,1526.0,79
2020,13,Arkansas,1524.3,80
2020,13,Hawai'i,1521.7,81
2020,13,Ohio,1519.7,82
2020,13,Georgia State,1518.3,83
2020,13,Stanford,1517.8,84
2020,13,Illinois,1516.6,85
2020,13,Purdue,1511.5,86
2020,13,Troy,1511.4,87
2020,13,Nebraska,1504.3,88
2020,13,Charlotte,1502.8,89
2020,13,UTSA,1501.7,90
2020,13,East Carolina,1500.3,91
2020,13,Louisville,1494.5,92
2020,13,Mississippi State,1489.8,93
2020,13,California,1482.6,94
2020,13,Georgia Tech,1472.6,95
2020,13,Rutgers,1471.5,96
2020,13,South Carolina,1467.7,97
2020,13,Colorado State,1466.6,98
2020,13,Texas Tech,1463.8,99
2020,13,Western Kentucky,1462.7,100
2020,13,Navy,1457.5,101
2020,13,Florida State,1457.2,102
2020,13,Duke,1448.9,103
2020,13,Arizona,1442.3,104
2020,13,Rice,1425.5,105
2020,13,Utah State,1405.4,106
2020,13,Arkansas State,1404.8,107
2020,13,South Alabama,1404.7,108
2020,13,Temple,1400.1,109
2020,13,North Texas,1399.9,110
2020,13,New Mexico State,1391.4,111
2020,13,Middle Tennessee,1384.3,112
2020,13,UTEP,1383.9,113
2020,13,Eastern Michigan,1354.4,114
2020,13,Syracuse,1350.9,115
2020,13,Florida International,1349.1,116
2020,13,Southern Miss,1348.5,117
2020,13,Texas State,1341.8,118
2020,13,Northern Illinois,1332.0,119
2020,13,South Florida,1320.2,120
2020,13,UNLV,1304.8,121
2020,13,Kansas,1303.7,122
2020,13,Massachusetts,1302.1,123
2020,13,New Mexico,1295.9,124
2020,13,Vanderbilt,1292.6,125
2020,13,Bowling Green,1265.4,126
2020,13,Akron,1222.9,127
2020,13,UL Monroe,1216.4,128
2020,14,Alabama,1943.7,1
2020,14,Ohio State,1900.5,2
2020,14,Notre Dame,1890.1,3
2020,14,Clemson,1887.0,4
2020,14,Florida,1834.1,5
2020,14,BYU,1819.5,6
2020,14,Cincinnati,1815.1,7
2020,14,Georgia,1801.0,8
2020,14,Texas A&M,1794.3,9
2020,14,Oklahoma,1785.5,10
2020,14,Indiana,1779.5,11
2020,14,USC,1774.4,12
2020,14,Miami,1766.5,13
2020,14,Iowa,1759.0,14
2020,14,Coastal Carolina,1750.3,15
2020,14,Iowa State,1737.9,16
2020,14,Texas,1737.8,17
2020,14,Louisiana,1729.8,18
2020,14,UCF,1724.1,19
2020,14,Oregon,1710.8,20
2020,14,Boise State,1707.9,21
2020,14,North Carolina,1703.1,22
2020,14,Wisconsin,1697.5,23
2020,14,Auburn,1687.6,24
2020,14,Buffalo,1673.9,25
2020,14,Tulsa,1671.3,26
2020,14,San José State,1668.6,27
2020,14,Colorado,1666.4,28
2020,14,Marshall,1664.7,29
2020,14,Northwestern,1664.3,30
2020,14,Washington,1660.8,31
2020,14,App State,1655.7,32
2020,14,Nevada,1653.9,33
2020,14,Memphis,1653.8,34
2020,14,Oklahoma State,1646.3,35
2020,14,LSU,1644.0,36
2020,14,SMU,1640.7,37
2020,14,Tulane,1637.8,38
2020,14,UCLA,1637.8,39
2020,14,Liberty,1637.5,40
2020,14,Florida Atlantic,1622.6,41
2020,14,Utah,1619.7,42
2020,14,NC State,1618.8,43
2020,14,Wake Forest,1613.4,44
2020,14,Pittsburgh,1610.3,45
2020,14,Missouri,1607.8,46
2020,14,Kentucky,1604.6,47
2020,14,TCU,1602.4,48
2020,14,San Diego State,1600.7,49
2020,14,West Virginia,1595.0,50
2020,14,Western Michigan,1589.1,51
2020,14,Ball State,1585.4,52
2020,14,Virginia,1584.4,53
2020,14,Minnesota,1582.2,54
2020,14,Georgia Southern,1581.5,55
2020,14,Penn State,1578.9,56
2020,14,Michigan,1578.9,57
2020,14,Boston College,1575.1,58
2020,14,UAB,1573.1,59
2020,14,Virginia Tech,1570.3,60
2020,14,Air Force,1567.9,61
2020,14,Houston,1558.7,62
2020,14,Toledo,1558.1,63
2020,14,Louisiana Tech,1557.3,64
2020,14,Arizona State,1556.1,65
2020,14,Stanford,1555.1,66
2020,14,Ole Miss,1554.5,67
2020,14,Army,1553.3,68
2020,14,Fresno State,1550.8,69
2020,14,Kent State,1550.7,70
2020,14,Troy,1548.1,71
2020,14,Washington State,1548.1,72
2020,14,Wyoming,1543.1,73
2020,14,Kansas State,1541.1,74
2020,14,Nebraska,1537.8,75
2020,14,Maryland,1537.7,76
2020,14,Baylor,1531.7,77
2020,14,Miami (OH),1528.5,78
2020,14,Oregon State,1525.0,79
2020,14,Michigan State,1523.3,80
2020,14,California,1521.5,81
2020,14,Ohio,1519.7,82
2020,14,Georgia State,1518.3,83
2020,14,Tennessee,1517.5,84
2020,14,Arkansas,1516.7,85
2020,14,Central Michigan,1515.1,86
2020,14,Western Kentucky,1506.3,87
2020,14,Hawai'i,1505.6,88
2020,14,UTSA,1501.7,89
2020,14,East Carolina,1500.3,90
2020,14,Illinois,1496.4,91
2020,14,Louisville,1494.5,92
2020,14,Rice,1492.6,93
2020,14,Mississippi State,1489.8,94
2020,14,Purdue,1477.9,95
2020,14,Texas Tech,1470.3,96
2020,14,Georgia Tech,1459.9,97
2020,14,Charlotte,1459.1,98
2020,14,Florida State,1457.2,99
2020,14,South Carolina,1449.5,100
2020,14,Colorado State,1448.8,101
2020,14,Rutgers,1438.2,102
2020,14,Navy,1435.6,103
2020,14,Duke,1427.1,104
2020,14,Arkansas State,1419.1,105
2020,14,Arizona,1418.3,106
2020,14,Eastern Michigan,1409.0,107
2020,14,Temple,1400.1,108
2020,14,New Mexico State,1391.4,109
2020,14,Middle Tennessee,1384.3,110
2020,14,UTEP,1383.9,111
2020,14,North Texas,1375.1,112
2020,14,South Alabama,1368.1,113
2020,14,Utah State,1363.6,114
2020,14,Florida International,1349.1,115
2020,14,Syracuse,1349.1,116
2020,14,Southern Miss,1348.5,117
2020,14,Texas State,1341.8,118
2020,14,South Florida,1320.2,119
2020,14,New Mexico,1312.5,120
2020,14,UNLV,1304.8,121
2020,14,Northern Illinois,1303.9,122
2020,14,Massachusetts,1302.1,123
2020,14,Kansas,1297.3,124
2020,14,Vanderbilt,1292.6,125
2020,14,Akron,1267.8,126
2020,14,Bowling Green,1220.5,127
2020,14,UL Monroe,1202.1,128
2020,15,Alabama,1956.1,1
2020,15,Ohio State,1900.5,2
2020,15,Notre Dame,1890.1,3
2020,15,Clemson,1887.0,4
2020,15,Georgia,1830.6,5
2020,15,BYU,1828.9,6
2020,15,Cincinnati,1815.1,7
2020,15,Florida,1809.9,8
2020,15,USC,1795.7,9
2020,15,Texas A&M,1794.3,10
2020,15,Iowa,1786.4,11
2020,15,Oklahoma,1785.5,12
2020,15,Indiana,1779.5,13
2020,15,Coastal Carolina,1763.1,14
2020,15,North Carolina,1758.5,15
2020,15,Iowa State,1737.9,16
2020,15,Texas,1737.8,17
2020,15,Louisiana,1729.8,18
2020,15,Boise State,1727.8,19
2020,15,UCF,1724.1,20
2020,15,Miami,1711.1,21
2020,15,Oregon,1710.8,22
2020,15,Auburn,1709.6,23
2020,15,San José State,1690.1,24
2020,15,Oklahoma State,1685.2,25
2020,15,App State,1681.5,26
2020,15,Buffalo,1679.7,27
2020,15,Northwestern,1677.6,28
2020,15,Utah,1671.7,29
2020,15,Tulsa,1671.3,30
2020,15,Wisconsin,1670.1,31
2020,15,LSU,1668.3,32
2020,15,Marshall,1664.7,33
2020,15,Memphis,1662.7,34
2020,15,Washington,1660.8,35
2020,15,SMU,1640.7,36
2020,15,Tulane,1637.8,37
2020,15,Liberty,1637.5,38
2020,15,Pittsburgh,1636.0,39
2020,15,Nevada,1632.4,40
2020,15,TCU,1632.2,41
2020,15,NC State,1618.8,42
2020,15,Arizona State,1617.5,43
2020,15,UCLA,1616.6,44
2020,15,Colorado,1614.5,45
2020,15,Minnesota,1608.4,46
2020,15,Kentucky,1604.6,47
2020,15,Penn State,1599.9,48
2020,15,Virginia Tech,1599.8,49
2020,15,Ball State,1598.7,50
2020,15,UAB,1597.9,51
2020,15,West Virginia,1595.0,52
2020,15,San Diego State,1591.3,53
2020,15,Michigan,1578.9,54
2020,15,Missouri,1578.3,55
2020,15,Stanford,1576.7,56
2020,15,Western Michigan,1575.7,57
2020,15,Boston College,1575.1,58
2020,15,Army,1574.5,59
2020,15,Air Force,1567.9,60
2020,15,Wake Forest,1567.7,61
2020,15,Florida Atlantic,1567.4,62
2020,15,Toledo,1563.6,63
2020,15,Georgia Southern,1555.8,64
2020,15,Virginia,1554.9,65
2020,15,Ole Miss,1554.5,66
2020,15,Kent State,1550.7,67
2020,15,Houston,1549.9,68
2020,15,Washington State,1548.1,69
2020,15,Tennessee,1541.6,70
2020,15,Kansas State,1541.1,71
2020,15,Louisville,1540.2,72
2020,15,Troy,1535.2,73
2020,15,Miami (OH),1528.5,74
2020,15,Louisiana Tech,1527.5,75
2020,15,Wyoming,1523.2,76
2020,15,California,1521.5,77
2020,15,Ohio,1519.7,78
2020,15,Georgia State,1518.3,79
2020,15,Hawai'i,1516.6,80
2020,15,Nebraska,1511.6,81
2020,15,Maryland,1511.0,82
2020,15,Central Michigan,1509.6,83
2020,15,Western Kentucky,1506.3,84
2020,15,Fresno State,1505.1,85
2020,15,Arkansas,1504.3,86
2020,15,Oregon State,1503.4,87
2020,15,Michigan State,1502.3,88
2020,15,UTSA,1501.7,89
2020,15,East Carolina,1500.3,90
2020,15,Baylor,1492.8,91
2020,15,Florida State,1483.3,92
2020,15,Illinois,1483.2,93
2020,15,Purdue,1477.9,94
2020,15,Texas Tech,1470.3,95
2020,15,Rice,1467.8,96
2020,15,Mississippi State,1467.8,97
2020,15,Rutgers,1465.0,98
2020,15,Charlotte,1459.1,99
2020,15,South Carolina,1449.5,100
2020,15,Colorado State,1448.8,101
2020,15,Georgia Tech,1434.2,102
2020,15,Eastern Michigan,1422.3,103
2020,15,Arkansas State,1419.1,104
2020,15,Navy,1414.3,105
2020,15,Southern Miss,1403.7,106
2020,15,Duke,1401.0,107
2020,15,Temple,1400.1,108
2020,15,New Mexico State,1391.4,109
2020,15,North Texas,1390.5,110
2020,15,Middle Tennessee,1384.3,111
2020,15,UTEP,1368.5,112
2020,15,South Alabama,1368.1,113
2020,15,Utah State,1363.6,114
2020,15,New Mexico,1358.2,115
2020,15,Arizona,1356.8,116
2020,15,Florida International,1349.1,117
2020,15,Syracuse,1349.1,118
2020,15,Texas State,1341.8,119
2020,15,South Florida,1320.2,120
2020,15,Massachusetts,1302.1,121
2020,15,Kansas,1297.3,122
2020,15,UNLV,1293.8,123
2020,15,Northern Illinois,1290.5,124
2020,15,Vanderbilt,1268.6,125
2020,15,Akron,1262.0,126
2020,15,Bowling Green,1220.5,127
2020,15,UL Monroe,1202.1,128
2020,16,Alabama,1971.2,1
2020,16,Clemson,1925.9,2
2020,16,Ohio State,1912.6,3
2020,16,Notre Dame,1851.2,4
2020,16,Georgia,1830.6,5
2020,16,BYU,1828.9,6
2020,16,Cincinnati,1822.1,7
2020,16,Texas A&M,1814.9,8
2020,16,Oklahoma,1806.1,9
2020,16,Florida,1794.8,10
2020,16,Iowa,1786.4,11
2020,16,Indiana,1779.5,12
2020,16,Coastal Carolina,1763.1,13
2020,16,USC,1762.8,14
2020,16,North Carolina,1758.5,15
2020,16,Oregon,1743.7,16
2020,16,Texas,1737.8,17
2020,16,Louisiana,1729.8,18
2020,16,San José State,1726.7,19
2020,16,UCF,1724.1,20
2020,16,Iowa State,1717.3,21
2020,16,Miami,1711.1,22
2020,16,Auburn,1709.6,23
2020,16,Boise State,1691.2,24
2020,16,Utah,1691.0,25
2020,16,Oklahoma State,1685.2,26
2020,16,App State,1681.5,27
2020,16,Wisconsin,1680.3,28
2020,16,LSU,1678.7,29
2020,16,Northwestern,1665.5,30
2020,16,Tulsa,1664.3,31
2020,16,Memphis,1662.7,32
2020,16,Washington,1660.8,33
2020,16,Arizona State,1650.9,34
2020,16,Buffalo,1645.6,35
2020,16,SMU,1640.7,36
2020,16,Tulane,1637.8,37
2020,16,Liberty,1637.5,38
2020,16,Pittsburgh,1636.0,39
2020,16,UAB,1633.4,40
2020,16,Ball State,1632.8,41
2020,16,Nevada,1632.4,42
2020,16,TCU,1632.2,43
2020,16,Marshall,1629.2,44
2020,16,Penn State,1620.5,45
2020,16,NC State,1618.8,46
2020,16,Colorado,1614.5,47
2020,16,UCLA,1606.3,48
2020,16,Kentucky,1604.6,49
2020,16,Virginia Tech,1599.8,50
2020,16,Minnesota,1598.1,51
2020,16,West Virginia,1595.0,52
2020,16,San Diego State,1591.3,53
2020,16,Army,1587.4,54
2020,16,Stanford,1587.0,55
2020,16,Michigan,1578.9,56
2020,16,Western Michigan,1575.7,57
2020,16,Boston College,1575.1,58
2020,16,Wake Forest,1567.7,59
2020,16,Florida Atlantic,1567.4,60
2020,16,Toledo,1563.6,61
2020,16,Georgia Southern,1555.8,62
2020,16,Air Force,1555.0,63
2020,16,Virginia,1554.9,64
2020,16,Kent State,1550.7,65
2020,16,Houston,1549.9,66
2020,16,Ole Miss,1544.0,67
2020,16,Kansas State,1541.1,68
2020,16,Louisville,1540.2,69
2020,16,Nebraska,1537.7,70
2020,16,Missouri,1536.8,71
2020,16,Troy,1535.2,72
2020,16,Washington State,1528.7,73
2020,16,Miami (OH),1528.5,74
2020,16,Louisiana Tech,1527.5,75
2020,16,Wyoming,1523.2,76
2020,16,California,1521.5,77
2020,16,Tennessee,1521.0,78
2020,16,Ohio,1519.7,79
2020,16,Georgia State,1518.3,80
2020,16,Hawai'i,1516.6,81
2020,16,Maryland,1511.0,82
2020,16,Central Michigan,1509.6,83
2020,16,Mississippi State,1509.3,84
2020,16,Western Kentucky,1506.3,85
2020,16,Fresno State,1505.1,86
2020,16,Arkansas,1504.3,87
2020,16,Michigan State,1502.3,88
2020,16,UTSA,1501.7,89
2020,16,East Carolina,1500.3,90
2020,16,Baylor,1492.8,91
2020,16,Florida State,1483.3,92
2020,16,Purdue,1477.9,93
2020,16,Texas Tech,1470.3,94
2020,16,Oregon State,1470.0,95
2020,16,Rice,1467.8,96
2020,16,Illinois,1462.5,97
2020,16,Charlotte,1459.1,98
2020,16,South Carolina,1449.5,99
2020,16,Colorado State,1448.8,100
2020,16,Rutgers,1438.9,101
2020,16,Georgia Tech,1434.2,102
2020,16,Eastern Michigan,1422.3,103
2020,16,Arkansas State,1419.1,104
2020,16,Navy,1414.3,105
2020,16,Southern Miss,1403.7,106
2020,16,Duke,1401.0,107
2020,16,Temple,1400.1,108
2020,16,New Mexico State,1391.4,109
2020,16,North Texas,1390.5,110
2020,16,Middle Tennessee,1384.3,111
2020,16,UTEP,1368.5,112
2020,16,South Alabama,1368.1,113
2020,16,Utah State,1363.6,114
2020,16,New Mexico,1358.2,115
2020,16,Arizona,1356.8,116
2020,16,Florida International,1349.1,117
2020,16,Syracuse,1349.1,118
2020,16,Texas State,1341.8,119
2020,16,South Florida,1320.2,120
2020,16,Massachusetts,1302.1,121
2020,16,Kansas,1297.3,122
2020,16,UNLV,1293.8,123
2020,16,Northern Illinois,1290.5,124
2020,16,Vanderbilt,1268.6,125
2020,16,Akron,1262.0,126
2020,16,Bowling Green,1220.5,127
2020,16,UL Monroe,1202.1,128
2021,1,Alabama,1823.4,1
2021,1,Ohio State,1788.2,2
2021,1,Georgia,1758.0,3
2021,1,Notre Dame,1729.4,4
2021,1,Texas A&M,1720.9,5
2021,1,Florida,1713.1,6
2021,1,Clemson,1713.1,7
2021,1,Oklahoma,1710.3,8
2021,1,Iowa,1708.9,9
2021,1,USC,1708.7,10
2021,1,Cincinnati,1699.6,11
2021,1,Texas,1697.4,12
2021,1,Oregon,1685.1,13
2021,1,BYU,1679.1,14
2021,1,UCLA,1662.6,15
2021,1,Auburn,1662.2,16
2021,1,UCF,1654.4,17
2021,1,Penn State,1644.7,18
2021,1,Coastal Carolina,1630.1,19
2021,1,Iowa State,1627.7,20
2021,1,Utah,1627.1,21
2021,1,Michigan,1626.8,22
2021,1,Marshall,1625.4,23
2021,1,North Carolina,1623.2,24
2021,1,App State,1620.2,25
2021,1,NC State,1617.4,26
2021,1,Virginia Tech,1617.2,27
2021,1,Pittsburgh,1616.1,28
2021,1,Oklahoma State,1613.5,29
2021,1,Arizona State,1612.1,30
2021,1,Indiana,1611.4,31
2021,1,Ole Miss,1610.1,32
2021,1,Miami,1604.4,33
2021,1,Kentucky,1602.1,34
2021,1,Nevada,1601.9,35
2021,1,Michigan State,1601.4,36
2021,1,TCU,1601.0,37
2021,1,Memphis,1600.9,38
2021,1,LSU,1600.9,39
2021,1,Kansas State,1599.5,40
2021,1,Wake Forest,1597.6,41
2021,1,SMU,1592.5,42
2021,1,Army,1586.9,43
2021,1,Colorado,1586.7,44
2021,1,Boise State,1584.3,45
2021,1,UAB,1582.1,46
2021,1,Wisconsin,1581.0,47
2021,1,San José State,1577.7,48
2021,1,Louisiana,1576.9,49
2021,1,Arkansas,1576.0,50
2021,1,Tennessee,1575.8,51
2021,1,Missouri,1574.4,52
2021,1,Maryland,1571.9,53
2021,1,Boston College,1570.0,54
2021,1,Texas Tech,1568.3,55
2021,1,San Diego State,1567.6,56
2021,1,Baylor,1566.7,57
2021,1,Buffalo,1564.2,58
2021,1,Washington,1564.1,59
2021,1,Ball State,1562.5,60
2021,1,UTSA,1561.9,61
2021,1,Virginia,1559.2,62
2021,1,Tulane,1558.3,63
2021,1,Tulsa,1555.8,64
2021,1,Purdue,1551.9,65
2021,1,Mississippi State,1550.8,66
2021,1,Liberty,1548.7,67
2021,1,Toledo,1547.4,68
2021,1,Fresno State,1545.3,69
2021,1,Rutgers,1544.4,70
2021,1,Minnesota,1540.0,71
2021,1,West Virginia,1538.6,72
2021,1,Northwestern,1538.1,73
2021,1,Troy,1534.0,74
2021,1,Georgia Southern,1531.7,75
2021,1,Nebraska,1528.8,76
2021,1,Western Kentucky,1528.4,77
2021,1,Florida Atlantic,1526.7,78
2021,1,South Carolina,1525.2,79
2021,1,Syracuse,1522.0,80
2021,1,Stanford,1520.8,81
2021,1,Louisiana Tech,1519.8,82
2021,1,Florida State,1517.0,83
2021,1,Charlotte,1511.0,84
2021,1,Wyoming,1510.5,85
2021,1,UTEP,1509.4,86
2021,1,California,1506.0,87
2021,1,Washington State,1504.9,88
2021,1,Illinois,1502.6,89
2021,1,Kent State,1500.3,90
2021,1,Air Force,1498.9,91
2021,1,Western Michigan,1496.7,92
2021,1,South Alabama,1495.5,93
2021,1,Louisville,1492.8,94
2021,1,Miami (OH),1489.6,95
2021,1,Georgia Tech,1489.5,96
2021,1,Houston,1488.7,97
2021,1,East Carolina,1488.2,98
2021,1,Arkansas State,1484.0,99
2021,1,Oregon State,1483.3,100
2021,1,Hawai'i,1482.6,101
2021,1,North Texas,1475.1,102
2021,1,Utah State,1474.8,103
2021,1,Old Dominion,1474.2,104
2021,1,Middle Tennessee,1472.7,105
2021,1,Eastern Michigan,1472.2,106
2021,1,Central Michigan,1467.2,107
2021,1,Duke,1461.7,108
2021,1,Florida International,1460.5,109
2021,1,Rice,1455.3,110
2021,1,New Mexico,1444.3,111
2021,1,Georgia State,1440.9,112
2021,1,Ohio,1437.0,113
2021,1,Arizona,1435.7,114
2021,1,Kansas,1432.7,115
2021,1,Northern Illinois,1420.9,116
2021,1,Temple,1419.3,117
2021,1,Southern Miss,1417.5,118
2021,1,South Florida,1409.1,119
2021,1,Colorado State,1402.4,120
2021,1,Texas State,1396.5,121
2021,1,Navy,1380.3,122
2021,1,UNLV,1379.7,123
2021,1,UConn,1375.0,124
2021,1,Massachusetts,1374.0,125
2021,1,Akron,1371.9,126
2021,1,Bowling Green,1352.6,127
2021,1,UL Monroe,1341.4,128
2021,1,New Mexico State,1340.1,129
2021,1,Vanderbilt,1337.7,130
2021,2,Alabama,1825.3,1
2021,2,Georgia,1783.4,2
2021,2,Iowa,1750.3,3
2021,2,Florida,1738.7,4
2021,2,Notre Dame,1738.1,5
2021,2,Ohio State,1737.8,6
2021,2,Texas A&M,1737.7,7
2021,2,Oregon,1735.5,8
2021,2,Clemson,1715.8,9
2021,2,Oklahoma,1713.0,10
2021,2,BYU,1705.7,11
2021,2,Cincinnati,1703.4,12
2021,2,Penn State,1679.8,13
2021,2,Auburn,1666.6,14
2021,2,UCLA,1662.6,15
2021,2,Michigan,1660.9,16
2021,2,UCF,1658.3,17
2021,2,Pittsburgh,1655.8,18
2021,2,Coastal Carolina,1649.4,19
2021,2,North Carolina,1646.8,20
2021,2,Virginia Tech,1640.6,21
2021,2,Arkansas,1640.3,22
2021,2,USC,1637.8,23
2021,2,Oklahoma State,1633.7,24
2021,2,Texas,1633.1,25
2021,2,Marshall,1631.0,26
2021,2,Memphis,1629.0,27
2021,2,Kentucky,1628.7,28
2021,2,Arizona State,1628.3,29
2021,2,Boise State,1623.4,30
2021,2,Miami,1621.1,31
2021,2,SMU,1619.9,32
2021,2,Indiana,1618.5,33
2021,2,Ole Miss,1616.7,34
2021,2,San Diego State,1616.0,35
2021,2,TCU,1611.5,36
2021,2,Wisconsin,1610.9,37
2021,2,Michigan State,1606.8,38
2021,2,Nevada,1605.5,39
2021,2,Boston College,1605.4,40
2021,2,LSU,1604.6,41
2021,2,Kansas State,1604.2,42
2021,2,App State,1603.6,43
2021,2,Purdue,1603.0,44
2021,2,Army,1602.5,45
2021,2,Wake Forest,1602.1,46
2021,2,Utah,1600.6,47
2021,2,Mississippi State,1599.8,48
2021,2,Virginia,1597.3,49
2021,2,Liberty,1592.9,50
2021,2,Rutgers,1591.9,51
2021,2,Stanford,1591.7,52
2021,2,Iowa State,1586.3,53
2021,2,Nebraska,1581.7,54
2021,2,Louisiana,1579.1,55
2021,2,San José State,1577.7,56
2021,2,Florida Atlantic,1577.5,57
2021,2,Maryland,1577.2,58
2021,2,Texas Tech,1572.4,59
2021,2,Baylor,1571.6,60
2021,2,Colorado,1569.9,61
2021,2,UTSA,1569.0,62
2021,2,NC State,1568.4,63
2021,2,Tulane,1563.0,64
2021,2,Minnesota,1560.8,65
2021,2,Houston,1559.1,66
2021,2,UAB,1556.8,67
2021,2,Fresno State,1555.8,68
2021,2,South Carolina,1551.8,69
2021,2,Missouri,1547.9,70
2021,2,West Virginia,1546.6,71
2021,2,Air Force,1546.5,72
2021,2,Wyoming,1545.6,73
2021,2,Northwestern,1545.1,74
2021,2,Toledo,1538.7,75
2021,2,Tennessee,1536.2,76
2021,2,Tulsa,1535.6,77
2021,2,Washington,1530.0,78
2021,2,Ball State,1527.5,79
2021,2,Oregon State,1525.1,80
2021,2,Louisiana Tech,1524.3,81
2021,2,Charlotte,1518.9,82
2021,2,South Alabama,1515.6,83
2021,2,Kent State,1513.1,84
2021,2,Western Kentucky,1512.8,85
2021,2,Washington State,1512.1,86
2021,2,Buffalo,1511.2,87
2021,2,Western Michigan,1508.4,88
2021,2,Louisville,1503.2,89
2021,2,Georgia Tech,1500.5,90
2021,2,California,1495.5,91
2021,2,Troy,1489.8,92
2021,2,Utah State,1488.3,93
2021,2,Old Dominion,1487.8,94
2021,2,Georgia Southern,1480.9,95
2021,2,Central Michigan,1478.9,96
2021,2,Florida State,1478.4,97
2021,2,Temple,1477.3,98
2021,2,Syracuse,1474.5,99
2021,2,UTEP,1470.4,100
2021,2,Duke,1470.4,101
2021,2,Miami (OH),1468.8,102
2021,2,New Mexico,1465.4,103
2021,2,Illinois,1464.5,104
2021,2,East Carolina,1461.6,105
2021,2,Arkansas State,1455.9,106
2021,2,Middle Tennessee,1449.3,107
2021,2,North Texas,1447.7,108
2021,2,Eastern Michigan,1442.3,109
2021,2,Texas State,1441.4,110
2021,2,Hawai'i,1440.8,111
2021,2,Southern Miss,1434.5,112
2021,2,Georgia State,1417.2,113
2021,2,Florida International,1415.7,114
2021,2,Kansas,1413.3,115
2021,2,Ohio,1406.8,116
2021,2,Arizona,1387.4,117
2021,2,Northern Illinois,1385.7,118
2021,2,Rice,1384.9,119
2021,2,South Florida,1383.6,120
2021,2,Colorado State,1370.4,121
2021,2,Vanderbilt,1369.7,122
2021,2,UNLV,1363.5,123
2021,2,UL Monroe,1341.4,124
2021,2,Massachusetts,1338.6,125
2021,2,Navy,1332.7,126
2021,2,Bowling Green,1332.4,127
2021,2,UConn,1323.9,128
2021,2,New Mexico State,1319.0,129
2021,2,Akron,1313.9,130
2021,3,Alabama,1844.1,1
2021,3,Georgia,1799.6,2
2021,3,Iowa,1765.3,3
2021,3,Notre Dame,1759.5,4
2021,3,Ohio State,1755.4,5
2021,3,Texas A&M,1751.6,6
2021,3,Cincinnati,1749.8,7
2021,3,Oregon,1738.3,8
2021,3,BYU,1730.5,9
2021,3,Oklahoma,1729.8,10
2021,3,Clemson,1726.1,11
2021,3,Florida,1719.9,12
2021,3,Penn State,1709.5,13
2021,3,USC,1690.8,14
2021,3,North Carolina,1682.4,15
2021,3,Michigan,1676.3,16
2021,3,Michigan State,1672.5,17
2021,3,Coastal Carolina,1669.9,18
2021,3,Arkansas,1665.5,19
2021,3,Ole Miss,1659.2,20
2021,3,Boston College,1654.9,21
2021,3,Texas,1651.3,22
2021,3,Kansas State,1648.4,23
2021,3,Oklahoma State,1647.8,24
2021,3,Memphis,1643.0,25
2021,3,SMU,1638.2,26
2021,3,Auburn,1636.8,27
2021,3,Minnesota,1633.2,28
2021,3,LSU,1632.5,29
2021,3,Kentucky,1631.0,30
2021,3,San Diego State,1630.7,31
2021,3,Iowa State,1628.9,32
2021,3,UCLA,1628.8,33
2021,3,Wake Forest,1628.0,34
2021,3,Stanford,1624.6,35
2021,3,Liberty,1623.6,36
2021,3,Baylor,1622.4,37
2021,3,Pittsburgh,1620.6,38
2021,3,Army,1615.6,39
2021,3,UAB,1613.8,40
2021,3,TCU,1611.5,41
2021,3,Wisconsin,1610.9,42
2021,3,UCF,1609.4,43
2021,3,Boise State,1609.3,44
2021,3,App State,1608.3,45
2021,3,Arizona State,1603.5,46
2021,3,Louisiana,1602.8,47
2021,3,Virginia Tech,1602.1,48
2021,3,San José State,1601.6,49
2021,3,Rutgers,1600.3,50
2021,3,Maryland,1599.3,51
2021,3,Texas Tech,1597.6,52
2021,3,Wyoming,1592.4,53
2021,3,UTSA,1592.1,54
2021,3,Fresno State,1589.6,55
2021,3,Marshall,1589.4,56
2021,3,Mississippi State,1585.9,57
2021,3,Utah,1585.8,58
2021,3,West Virginia,1585.0,59
2021,3,Florida Atlantic,1582.0,60
2021,3,Purdue,1581.5,61
2021,3,NC State,1579.0,62
2021,3,Indiana,1572.2,63
2021,3,Washington,1571.0,64
2021,3,Houston,1566.5,65
2021,3,Nebraska,1564.9,66
2021,3,Virginia,1561.8,67
2021,3,Nevada,1561.2,68
2021,3,Miami,1555.3,69
2021,3,Louisville,1552.1,70
2021,3,Missouri,1551.7,71
2021,3,Western Michigan,1543.6,72
2021,3,Tennessee,1540.7,73
2021,3,Troy,1537.0,74
2021,3,Oregon State,1536.3,75
2021,3,South Carolina,1535.6,76
2021,3,Utah State,1525.0,77
2021,3,Tulane,1520.4,78
2021,3,South Alabama,1520.0,79
2021,3,Tulsa,1518.0,80
2021,3,Western Kentucky,1512.8,81
2021,3,Air Force,1509.7,82
2021,3,Duke,1509.0,83
2021,3,Northwestern,1506.5,84
2021,3,Louisiana Tech,1506.0,85
2021,3,East Carolina,1503.1,86
2021,3,California,1501.7,87
2021,3,Kent State,1498.1,88
2021,3,Colorado,1497.6,89
2021,3,Buffalo,1490.8,90
2021,3,Georgia Tech,1490.2,91
2021,3,Eastern Michigan,1486.4,92
2021,3,Syracuse,1482.0,93
2021,3,Ball State,1480.7,94
2021,3,Miami (OH),1478.5,95
2021,3,UTEP,1470.4,96
2021,3,Charlotte,1468.6,97
2021,3,Georgia State,1467.5,98
2021,3,Toledo,1465.6,99
2021,3,Washington State,1459.0,100
2021,3,Old Dominion,1457.0,101
2021,3,Georgia Southern,1455.7,102
2021,3,Florida State,1452.6,103
2021,3,New Mexico,1451.4,104
2021,3,Central Michigan,1451.0,105
2021,3,Colorado State,1443.6,106
2021,3,Illinois,1442.5,107
2021,3,Temple,1427.8,108
2021,3,Middle Tennessee,1426.2,109
2021,3,Hawai'i,1416.9,110
2021,3,Arkansas State,1414.9,111
2021,3,South Florida,1402.9,112
2021,3,North Texas,1390.6,113
2021,3,Florida International,1390.5,114
2021,3,Southern Miss,1387.2,115
2021,3,Ohio,1383.2,116
2021,3,Texas State,1382.0,117
2021,3,Northern Illinois,1370.3,118
2021,3,Rice,1366.7,119
2021,3,Kansas,1362.5,120
2021,3,Arizona,1356.9,121
2021,3,UL Monroe,1355.3,122
2021,3,Bowling Green,1355.3,123
2021,3,Vanderbilt,1336.8,124
2021,3,Akron,1335.5,125
2021,3,New Mexico State,1332.8,126
2021,3,Navy,1332.7,127
2021,3,UNLV,1320.9,128
2021,3,UConn,1310.8,129
2021,3,Massachusetts,1294.5,130
2021,4,Alabama,1848.4,1
2021,4,Georgia,1813.0,2
2021,4,Notre Dame,1798.3,3
2021,4,Iowa,1771.1,4
2021,4,Ohio State,1760.8,5
2021,4,Cincinnati,1749.8,6
2021,4,Oregon,1743.6,7
2021,4,Oklahoma,1738.2,8
2021,4,Florida,1736.3,9
2021,4,BYU,1735.5,10
2021,4,Penn State,1713.7,11
2021,4,Arkansas,1710.2,12
2021,4,Texas A&M,1707.0,13
2021,4,Michigan,1693.6,14
2021,4,Clemson,1690.3,15
2021,4,Texas,1684.2,16
2021,4,Michigan State,1682.5,17
2021,4,SMU,1681.3,18
2021,4,Coastal Carolina,1676.8,19
2021,4,Oklahoma State,1676.2,20
2021,4,Wake Forest,1671.7,21
2021,4,Boston College,1670.2,22
2021,4,UCLA,1669.7,23
2021,4,Ole Miss,1659.2,24
2021,4,Kentucky,1656.9,25
2021,4,Boise State,1653.5,26
2021,4,LSU,1653.4,27
2021,4,Auburn,1649.7,28
2021,4,UAB,1641.7,29
2021,4,Baylor,1635.2,30
2021,4,San Diego State,1633.4,31
2021,4,Army,1632.1,32
2021,4,USC,1630.7,33
2021,4,Pittsburgh,1628.8,34
2021,4,Louisiana,1628.0,35
2021,4,Arizona State,1626.3,36
2021,4,Maryland,1622.2,37
2021,4,Kansas State,1620.0,38
2021,4,Memphis,1617.9,39
2021,4,UTSA,1617.2,40
2021,4,Iowa State,1616.1,41
2021,4,App State,1615.7,42
2021,4,NC State,1614.9,43
2021,4,UCF,1609.4,44
2021,4,North Carolina,1607.0,45
2021,4,Virginia Tech,1605.9,46
2021,4,Utah,1602.2,47
2021,4,Wyoming,1600.3,48
2021,4,Liberty,1598.5,49
2021,4,Minnesota,1598.0,50
2021,4,Fresno State,1596.6,51
2021,4,Oregon State,1596.5,52
2021,4,Indiana,1592.2,53
2021,4,Purdue,1591.5,54
2021,4,Washington,1588.9,55
2021,4,Western Michigan,1586.4,56
2021,4,Stanford,1583.8,57
2021,4,Rutgers,1583.0,58
2021,4,Marshall,1582.1,59
2021,4,Louisville,1581.1,60
2021,4,Houston,1577.1,61
2021,4,West Virginia,1576.6,62
2021,4,Wisconsin,1572.1,63
2021,4,TCU,1568.3,64
2021,4,Georgia Tech,1565.5,65
2021,4,Mississippi State,1565.0,66
2021,4,Texas Tech,1564.7,67
2021,4,Nevada,1561.2,68
2021,4,Miami,1559.1,69
2021,4,San José State,1558.7,70
2021,4,Air Force,1557.2,71
2021,4,Nebraska,1554.9,72
2021,4,Missouri,1536.4,73
2021,4,Florida Atlantic,1534.5,74
2021,4,Tulsa,1533.4,75
2021,4,Northwestern,1529.3,76
2021,4,Duke,1527.0,77
2021,4,Tennessee,1524.2,78
2021,4,Louisiana Tech,1520.5,79
2021,4,South Alabama,1520.0,80
2021,4,Virginia,1518.1,81
2021,4,Eastern Michigan,1513.2,82
2021,4,South Carolina,1509.6,83
2021,4,Syracuse,1507.2,84
2021,4,Toledo,1506.4,85
2021,4,East Carolina,1506.3,86
2021,4,Buffalo,1501.5,87
2021,4,Western Kentucky,1492.8,88
2021,4,Tulane,1492.6,89
2021,4,UTEP,1492.4,90
2021,4,California,1483.9,91
2021,4,Charlotte,1481.9,92
2021,4,Utah State,1480.9,93
2021,4,Kent State,1475.1,94
2021,4,Colorado,1474.8,95
2021,4,Troy,1470.6,96
2021,4,Central Michigan,1465.3,97
2021,4,Miami (OH),1461.9,98
2021,4,Hawai'i,1458.7,99
2021,4,Georgia State,1454.6,100
2021,4,Old Dominion,1446.3,101
2021,4,Washington State,1442.6,102
2021,4,Ball State,1439.8,103
2021,4,Colorado State,1437.8,104
2021,4,Temple,1435.0,105
2021,4,Illinois,1432.4,106
2021,4,Georgia Southern,1430.4,107
2021,4,New Mexico,1429.4,108
2021,4,Florida State,1423.6,109
2021,4,UL Monroe,1421.7,110
2021,4,Middle Tennessee,1412.9,111
2021,4,Arkansas State,1399.5,112
2021,4,South Florida,1397.8,113
2021,4,Bowling Green,1390.5,114
2021,4,Southern Miss,1382.9,115
2021,4,Northern Illinois,1381.5,116
2021,4,Rice,1376.5,117
2021,4,Florida International,1376.2,118
2021,4,North Texas,1376.1,119
2021,4,Ohio,1360.4,120
2021,4,Texas State,1355.2,121
2021,4,Arizona,1351.6,122
2021,4,Kansas,1344.5,123
2021,4,Akron,1330.1,124
2021,4,Vanderbilt,1323.4,125
2021,4,Navy,1322.1,126
2021,4,UNLV,1313.8,127
2021,4,UConn,1302.9,128
2021,4,New Mexico State,1291.0,129
2021,4,Massachusetts,1287.6,130
2021,5,Alabama,1863.4,1
2021,5,Georgia,1839.8,2
2021,5,Iowa,1812.6,3
2021,5,Ohio State,1799.2,4
2021,5,Cincinnati,1794.6,5
2021,5,Oklahoma,1762.5,6
2021,5,BYU,1757.0,7
2021,5,Notre Dame,1753.6,8
2021,5,Penn State,1735.5,9
2021,5,Michigan,1731.9,10
2021,5,Clemson,1710.8,11
2021,5,Texas,1706.7,12
2021,5,Florida,1705.0,13
2021,5,Oregon,1704.0,14
2021,5,Oklahoma State,1699.4,15
2021,5,Michigan State,1696.5,16
2021,5,SMU,1690.8,17
2021,5,Coastal Carolina,1690.5,18
2021,5,Kentucky,1688.3,19
2021,5,Arkansas,1683.3,20
2021,5,Wake Forest,1682.5,21
2021,5,Arizona State,1679.8,22
2021,5,Auburn,1679.6,23
2021,5,Pittsburgh,1678.9,24
2021,5,Texas A&M,1674.5,25
2021,5,USC,1666.2,26
2021,5,Liberty,1656.0,27
2021,5,App State,1653.1,28
2021,5,Boston College,1649.7,29
2021,5,Ole Miss,1644.2,30
2021,5,Louisiana,1642.2,31
2021,5,North Carolina,1635.3,32
2021,5,San Diego State,1633.4,33
2021,5,Minnesota,1632.0,34
2021,5,Houston,1631.3,35
2021,5,NC State,1630.8,36
2021,5,Iowa State,1628.6,37
2021,5,LSU,1623.5,38
2021,5,Stanford,1623.4,39
2021,5,UTSA,1622.7,40
2021,5,UCLA,1616.2,41
2021,5,Western Michigan,1614.9,42
2021,5,Baylor,1612.0,43
2021,5,Oregon State,1611.8,44
2021,5,Boise State,1607.6,45
2021,5,Nevada,1607.1,46
2021,5,Virginia Tech,1605.9,47
2021,5,Utah,1602.2,48
2021,5,Wyoming,1600.3,49
2021,5,Air Force,1598.2,50
2021,5,Mississippi State,1597.5,51
2021,5,Kansas State,1595.7,52
2021,5,Nebraska,1595.2,53
2021,5,Memphis,1589.9,54
2021,5,Texas Tech,1588.2,55
2021,5,Tennessee,1586.3,56
2021,5,UAB,1584.2,57
2021,5,Maryland,1580.7,58
2021,5,Army,1579.2,59
2021,5,Fresno State,1575.8,60
2021,5,Washington,1573.5,61
2021,5,Indiana,1570.4,62
2021,5,Louisville,1570.3,63
2021,5,UCF,1569.0,64
2021,5,San José State,1565.0,65
2021,5,Purdue,1557.5,66
2021,5,Florida Atlantic,1555.1,67
2021,5,West Virginia,1553.2,68
2021,5,TCU,1545.8,69
2021,5,Rutgers,1544.6,70
2021,5,Marshall,1544.1,71
2021,5,East Carolina,1540.7,72
2021,5,Miami,1539.6,73
2021,5,Toledo,1539.5,74
2021,5,Virginia,1537.6,75
2021,5,Wisconsin,1533.8,76
2021,5,South Carolina,1532.1,77
2021,5,Georgia Tech,1515.4,78
2021,5,UTEP,1512.1,79
2021,5,South Alabama,1505.8,80
2021,5,Louisiana Tech,1504.6,81
2021,5,Duke,1498.7,82
2021,5,Ball State,1492.8,83
2021,5,Washington State,1492.0,84
2021,5,Kent State,1491.8,85
2021,5,Miami (OH),1490.6,86
2021,5,Northwestern,1489.0,87
2021,5,Syracuse,1486.0,88
2021,5,Hawai'i,1479.5,89
2021,5,Tulsa,1479.1,90
2021,5,Western Kentucky,1478.8,91
2021,5,Eastern Michigan,1476.5,92
2021,5,Missouri,1474.3,93
2021,5,Buffalo,1473.0,94
2021,5,Illinois,1465.2,95
2021,5,Georgia Southern,1463.7,96
2021,5,Temple,1463.0,97
2021,5,Utah State,1459.4,98
2021,5,Tulane,1458.2,99
2021,5,Middle Tennessee,1450.8,100
2021,5,Charlotte,1449.2,101
2021,5,Troy,1448.2,102
2021,5,Florida State,1444.8,103
2021,5,Colorado,1439.3,104
2021,5,Colorado State,1437.8,105
2021,5,Central Michigan,1436.6,106
2021,5,California,1434.5,107
2021,5,Old Dominion,1426.6,108
2021,5,Northern Illinois,1418.3,109
2021,5,Georgia State,1417.2,110
2021,5,UL Monroe,1408.0,111
2021,5,Ohio,1405.4,112
2021,5,Rice,1397.4,113
2021,5,New Mexico,1388.4,114
2021,5,South Florida,1388.3,115
2021,5,North Texas,1376.1,116
2021,5,Bowling Green,1373.9,117
2021,5,Arkansas State,1366.3,118
2021,5,Navy,1362.5,119
2021,5,Southern Miss,1362.0,120
2021,5,Florida International,1355.6,121
2021,5,Texas State,1355.2,122
2021,5,Arizona,1351.6,123
2021,5,Vanderbilt,1334.9,124
2021,5,Kansas,1332.0,125
2021,5,UNLV,1308.3,126
2021,5,UConn,1291.4,127
2021,5,Akron,1285.0,128
2021,5,New Mexico State,1284.8,129
2021,5,Massachusetts,1254.4,130
2021,6,Georgia,1869.4,1
2021,6,Alabama,1839.7,2
2021,6,Iowa,1822.2,3
2021,6,Ohio State,1812.8,4
2021,6,Cincinnati,1803.4,5
2021,6,Oklahoma,1784.1,6
2021,6,Notre Dame,1769.5,7
2021,6,Michigan,1745.6,8
2021,6,Penn State,1725.9,9
2021,6,Michigan State,1724.3,10
2021,6,BYU,1718.0,11
2021,6,Kentucky,1710.8,12
2021,6,Clemson,1710.8,13
2021,6,Florida,1710.7,14
2021,6,Coastal Carolina,1708.0,15
2021,6,Oregon,1704.0,16
2021,6,SMU,1703.1,17
2021,6,Arizona State,1702.1,18
2021,6,Oklahoma State,1699.4,19
2021,6,Texas A&M,1698.1,20
2021,6,Wake Forest,1693.8,21
2021,6,Texas,1685.2,22
2021,6,Pittsburgh,1678.9,23
2021,6,Arkansas,1674.2,24
2021,6,Liberty,1668.5,25
2021,6,Houston,1657.3,26
2021,6,Utah,1654.4,27
2021,6,Ole Miss,1653.4,28
2021,6,App State,1653.1,29
2021,6,Auburn,1650.0,30
2021,6,Boston College,1649.7,31
2021,6,Boise State,1646.6,32
2021,6,UTSA,1645.2,33
2021,6,San Diego State,1645.1,34
2021,6,Louisiana,1642.2,35
2021,6,UCLA,1638.6,36
2021,6,Baylor,1636.4,37
2021,6,Minnesota,1632.0,38
2021,6,NC State,1630.8,39
2021,6,Iowa State,1628.6,40
2021,6,Air Force,1625.7,41
2021,6,Nevada,1615.0,42
2021,6,USC,1614.0,43
2021,6,Tennessee,1611.2,44
2021,6,UAB,1608.6,45
2021,6,Stanford,1601.2,46
2021,6,LSU,1601.0,47
2021,6,TCU,1600.9,48
2021,6,Mississippi State,1597.5,49
2021,6,Kansas State,1595.7,50
2021,6,North Carolina,1593.4,51
2021,6,Virginia Tech,1590.0,52
2021,6,UCF,1585.4,53
2021,6,Oregon State,1582.2,54
2021,6,Nebraska,1581.5,55
2021,6,Wisconsin,1579.7,56
2021,6,Army,1579.2,57
2021,6,Fresno State,1575.8,58
2021,6,Washington,1573.5,59
2021,6,Wyoming,1572.7,60
2021,6,Indiana,1570.4,61
2021,6,Maryland,1567.1,62
2021,6,Memphis,1563.0,63
2021,6,Western Michigan,1561.1,64
2021,6,Louisville,1560.1,65
2021,6,Purdue,1557.5,66
2021,6,Marshall,1556.0,67
2021,6,Virginia,1547.8,68
2021,6,Ball State,1546.5,69
2021,6,Miami,1539.6,70
2021,6,UTEP,1537.1,71
2021,6,Georgia Tech,1536.9,72
2021,6,Texas Tech,1533.0,73
2021,6,Florida Atlantic,1530.7,74
2021,6,West Virginia,1528.8,75
2021,6,East Carolina,1524.3,76
2021,6,Washington State,1521.6,77
2021,6,Toledo,1521.4,78
2021,6,Rutgers,1516.8,79
2021,6,San José State,1513.6,80
2021,6,Kent State,1512.9,81
2021,6,South Carolina,1507.2,82
2021,6,Tulsa,1506.1,83
2021,6,Louisiana Tech,1504.6,84
2021,6,Missouri,1494.2,85
2021,6,Colorado State,1489.2,86
2021,6,Northwestern,1489.0,87
2021,6,Florida State,1486.8,88
2021,6,South Alabama,1485.4,89
2021,6,Miami (OH),1483.7,90
2021,6,Eastern Michigan,1483.5,91
2021,6,Hawai'i,1479.5,92
2021,6,Charlotte,1477.8,93
2021,6,Duke,1477.2,94
2021,6,Georgia State,1475.1,95
2021,6,Syracuse,1474.7,96
2021,6,Troy,1462.1,97
2021,6,Utah State,1459.4,98
2021,6,Western Kentucky,1456.2,99
2021,6,Central Michigan,1454.6,100
2021,6,Temple,1454.2,101
2021,6,Buffalo,1451.8,102
2021,6,Georgia Southern,1449.7,103
2021,6,Colorado,1439.3,104
2021,6,Middle Tennessee,1438.3,105
2021,6,Northern Illinois,1436.4,106
2021,6,California,1434.5,107
2021,6,Tulane,1432.3,108
2021,6,Illinois,1419.3,109
2021,6,Old Dominion,1414.7,110
2021,6,Rice,1397.4,111
2021,6,South Florida,1388.3,112
2021,6,Ohio,1387.4,113
2021,6,New Mexico,1376.8,114
2021,6,Texas State,1375.6,115
2021,6,North Texas,1356.3,116
2021,6,Navy,1350.2,117
2021,6,UL Monroe,1350.1,118
2021,6,Arkansas State,1348.8,119
2021,6,Southern Miss,1336.9,120
2021,6,Kansas,1332.0,121
2021,6,Bowling Green,1329.8,122
2021,6,Vanderbilt,1329.2,123
2021,6,Arizona,1329.1,124
2021,6,Akron,1329.1,125
2021,6,Florida International,1327.0,126
2021,6,UNLV,1308.3,127
2021,6,Massachusetts,1283.9,128
2021,6,New Mexico State,1276.8,129
2021,6,UConn,1261.9,130
2021,7,Georgia,1883.0,1
2021,7,Alabama,1865.4,2
2021,7,Cincinnati,1815.9,3
2021,7,Ohio State,1812.8,4
2021,7,Oklahoma,1796.9,5
2021,7,Iowa,1769.7,6
2021,7,Notre Dame,1769.5,7
2021,7,Michigan,1745.6,8
2021,7,Michigan State,1741.1,9
2021,7,Oklahoma State,1728.9,10
2021,7,Penn State,1725.9,11
2021,7,Texas A&M,1722.7,12
2021,7,Clemson,1720.6,13
2021,7,Pittsburgh,1713.9,14
2021,7,Oregon,1709.5,15
2021,7,Coastal Carolina,1708.0,16
2021,7,SMU,1703.1,17
2021,7,Kentucky,1697.2,18
2021,7,Wake Forest,1693.8,19
2021,7,Auburn,1690.0,20
2021,7,Utah,1685.1,21
2021,7,BYU,1683.7,22
2021,7,Florida,1681.9,23
2021,7,NC State,1678.0,24
2021,7,Ole Miss,1676.0,25
2021,7,Louisiana,1675.5,26
2021,7,Arizona State,1671.4,27
2021,7,Baylor,1670.7,28
2021,7,San Diego State,1664.6,29
2021,7,UCLA,1663.6,30
2021,7,Iowa State,1662.7,31
2021,7,Houston,1657.3,32
2021,7,UTSA,1656.7,33
2021,7,Texas,1655.7,34
2021,7,Air Force,1655.6,35
2021,7,Minnesota,1648.1,36
2021,7,Liberty,1638.0,37
2021,7,Arkansas,1634.2,38
2021,7,UAB,1630.6,39
2021,7,Nevada,1630.3,40
2021,7,LSU,1629.7,41
2021,7,App State,1619.7,42
2021,7,Boise State,1616.8,43
2021,7,Fresno State,1615.5,44
2021,7,USC,1614.0,45
2021,7,Purdue,1610.0,46
2021,7,North Carolina,1604.0,47
2021,7,Boston College,1602.6,48
2021,7,Wisconsin,1598.2,49
2021,7,Western Michigan,1588.7,50
2021,7,Tennessee,1588.5,51
2021,7,TCU,1588.0,52
2021,7,Stanford,1583.7,53
2021,7,Marshall,1583.2,54
2021,7,Oregon State,1582.2,55
2021,7,Virginia,1575.4,56
2021,7,Memphis,1573.5,57
2021,7,UCF,1572.9,58
2021,7,Mississippi State,1571.8,59
2021,7,Ball State,1571.6,60
2021,7,Maryland,1567.1,61
2021,7,Nebraska,1565.4,62
2021,7,Kansas State,1561.6,63
2021,7,UTEP,1560.7,64
2021,7,Army,1560.7,65
2021,7,Louisville,1560.1,66
2021,7,Texas Tech,1559.8,67
2021,7,Virginia Tech,1555.1,68
2021,7,Indiana,1553.6,69
2021,7,Washington,1548.6,70
2021,7,Washington State,1539.1,71
2021,7,Georgia Tech,1536.9,72
2021,7,Wyoming,1533.0,73
2021,7,Florida Atlantic,1530.7,74
2021,7,Miami,1529.0,75
2021,7,West Virginia,1528.8,76
2021,7,Colorado State,1525.2,77
2021,7,East Carolina,1524.3,78
2021,7,Northwestern,1517.5,79
2021,7,Tulsa,1513.3,80
2021,7,South Alabama,1512.8,81
2021,7,South Carolina,1510.2,82
2021,7,Toledo,1504.7,83
2021,7,Western Kentucky,1496.5,84
2021,7,Miami (OH),1496.3,85
2021,7,San José State,1494.1,86
2021,7,Rutgers,1488.3,87
2021,7,Florida State,1486.8,88
2021,7,Kent State,1485.4,89
2021,7,Louisiana Tech,1480.9,90
2021,7,Troy,1477.9,91
2021,7,Charlotte,1477.8,92
2021,7,Georgia State,1475.1,93
2021,7,Utah State,1474.6,94
2021,7,Central Michigan,1471.3,95
2021,7,Missouri,1469.6,96
2021,7,Syracuse,1464.9,97
2021,7,Hawai'i,1464.2,98
2021,7,Colorado,1460.4,99
2021,7,Eastern Michigan,1458.4,100
2021,7,Buffalo,1456.9,101
2021,7,Temple,1454.2,102
2021,7,Northern Illinois,1449.7,103
2021,7,Duke,1449.5,104
2021,7,Middle Tennessee,1438.3,105
2021,7,Tulane,1432.3,106
2021,7,California,1429.0,107
2021,7,Georgia Southern,1422.3,108
2021,7,Illinois,1419.3,109
2021,7,Rice,1386.0,110
2021,7,Ohio,1382.4,111
2021,7,South Florida,1381.1,112
2021,7,UL Monroe,1380.6,113
2021,7,Old Dominion,1374.4,114
2021,7,Texas State,1359.9,115
2021,7,Arkansas State,1348.8,116
2021,7,New Mexico,1340.7,117
2021,7,Navy,1339.7,118
2021,7,North Texas,1329.1,119
2021,7,Florida International,1327.0,120
2021,7,Vanderbilt,1326.3,121
2021,7,Bowling Green,1316.6,122
2021,7,Akron,1316.4,123
2021,7,Southern Miss,1315.0,124
2021,7,Arizona,1308.0,125
2021,7,Kansas,1305.3,126
2021,7,UNLV,1293.1,127
2021,7,Massachusetts,1283.9,128
2021,7,UConn,1277.4,129
2021,7,New Mexico State,1276.8,130
2021,8,Georgia,1883.0,1
2021,8,Alabama,1874.0,2
2021,8,Ohio State,1837.9,3
2021,8,Cincinnati,1821.2,4
2021,8,Oklahoma,1803.0,5
2021,8,Notre Dame,1782.7,6
2021,8,Iowa,1769.7,7
2021,8,Michigan,1756.5,8
2021,8,Michigan State,1741.1,9
2021,8,Pittsburgh,1737.2,10
2021,8,Texas A&M,1735.0,11
2021,8,Oregon,1726.9,12
2021,8,Wake Forest,1720.9,13
2021,8,Oklahoma State,1712.2,14
2021,8,SMU,1712.0,15
2021,8,Penn State,1705.7,16
2021,8,Ole Miss,1697.4,17
2021,8,Kentucky,1697.2,18
2021,8,Clemson,1697.2,19
2021,8,BYU,1694.3,20
2021,8,San Diego State,1691.0,21
2021,8,Coastal Carolina,1690.1,22
2021,8,Auburn,1690.0,23
2021,8,UTSA,1686.4,24
2021,8,Florida,1681.9,25
2021,8,Iowa State,1679.4,26
2021,8,Louisiana,1678.9,27
2021,8,Arizona State,1671.4,28
2021,8,Baylor,1670.7,29
2021,8,Houston,1668.4,30
2021,8,Minnesota,1668.1,31
2021,8,NC State,1667.3,32
2021,8,Texas,1655.7,33
2021,8,Utah,1655.3,34
2021,8,Liberty,1650.3,35
2021,8,UCLA,1646.2,36
2021,8,Wisconsin,1639.0,37
2021,8,App State,1637.7,38
2021,8,Arkansas,1635.7,39
2021,8,Air Force,1629.2,40
2021,8,Fresno State,1626.6,41
2021,8,Nevada,1619.2,42
2021,8,Boise State,1616.8,43
2021,8,Oregon State,1612.0,44
2021,8,LSU,1608.3,45
2021,8,North Carolina,1604.0,46
2021,8,USC,1600.7,47
2021,8,UCF,1600.4,48
2021,8,Mississippi State,1597.0,49
2021,8,UAB,1595.6,50
2021,8,Virginia,1593.3,51
2021,8,Louisville,1590.2,52
2021,8,Stanford,1583.7,53
2021,8,Marshall,1583.2,54
2021,8,Tennessee,1579.9,55
2021,8,Florida Atlantic,1572.7,56
2021,8,Boston College,1572.5,57
2021,8,Kansas State,1571.1,58
2021,8,Purdue,1569.2,59
2021,8,West Virginia,1567.9,60
2021,8,Nebraska,1565.4,61
2021,8,Washington,1561.0,62
2021,8,UTEP,1560.7,63
2021,8,Western Michigan,1550.5,64
2021,8,Texas Tech,1550.2,65
2021,8,TCU,1548.9,66
2021,8,Maryland,1547.1,67
2021,8,Memphis,1546.0,68
2021,8,Toledo,1542.9,69
2021,8,Miami,1539.7,70
2021,8,Ball State,1539.1,71
2021,8,Army,1533.7,72
2021,8,Miami (OH),1528.8,73
2021,8,Indiana,1528.5,74
2021,8,Washington State,1528.5,75
2021,8,Virginia Tech,1526.6,76
2021,8,Western Kentucky,1521.2,77
2021,8,Georgia Tech,1519.0,78
2021,8,Tulsa,1513.3,79
2021,8,East Carolina,1513.2,80
2021,8,Colorado State,1512.7,81
2021,8,San José State,1510.8,82
2021,8,Kent State,1508.0,83
2021,8,Northwestern,1506.6,84
2021,8,Florida State,1502.0,85
2021,8,South Carolina,1497.9,86
2021,8,Syracuse,1493.4,87
2021,8,Eastern Michigan,1492.1,88
2021,8,Buffalo,1491.9,89
2021,8,Georgia State,1490.0,90
2021,8,Wyoming,1489.5,91
2021,8,Rutgers,1488.3,92
2021,8,Utah State,1487.2,93
2021,8,Troy,1477.9,94
2021,8,South Alabama,1477.5,95
2021,8,Hawai'i,1475.3,96
2021,8,Middle Tennessee,1470.1,97
2021,8,Missouri,1469.6,98
2021,8,California,1462.9,99
2021,8,Central Michigan,1461.4,100
2021,8,Northern Illinois,1459.6,101
2021,8,Louisiana Tech,1451.2,102
2021,8,Duke,1449.5,103
2021,8,Illinois,1439.4,104
2021,8,Charlotte,1435.8,105
2021,8,Colorado,1426.4,106
2021,8,Tulane,1423.3,107
2021,8,Georgia Southern,1422.3,108
2021,8,Rice,1421.1,109
2021,8,South Florida,1418.6,110
2021,8,Temple,1416.6,111
2021,8,UL Monroe,1416.0,112
2021,8,New Mexico,1384.2,113
2021,8,Old Dominion,1374.4,114
2021,8,Ohio,1359.8,115
2021,8,Arkansas State,1345.4,116
2021,8,Texas State,1345.0,117
2021,8,Navy,1334.4,118
2021,8,North Texas,1316.9,119
2021,8,Southern Miss,1315.0,120
2021,8,Florida International,1302.3,121
2021,8,Vanderbilt,1301.1,122
2021,8,Kansas,1299.2,123
2021,8,Arizona,1295.5,124
2021,8,Bowling Green,1282.8,125
2021,8,Akron,1281.4,126
2021,8,UNLV,1276.4,127
2021,8,Massachusetts,1268.7,128
2021,8,New Mexico State,1265.8,129
2021,8,UConn,1245.6,130
2021,9,Georgia,1904.1,1
2021,9,Alabama,1874.0,2
2021,9,Ohio State,1850.3,3
2021,9,Cincinnati,1832.0,4
2021,9,Oklahoma,1813.0,5
2021,9,Notre Dame,1792.9,6
2021,9,Michigan State,1757.3,7
2021,9,Michigan,1740.3,8
2021,9,Texas A&M,1735.0,9
2021,9,Oregon,1734.0,10
2021,9,Wake Forest,1730.5,11
2021,9,Iowa,1725.0,12
2021,9,Oklahoma State,1716.9,13
2021,9,Auburn,1714.3,14
2021,9,BYU,1712.2,15
2021,9,Pittsburgh,1709.0,16
2021,9,Clemson,1706.6,17
2021,9,Minnesota,1698.6,18
2021,9,Coastal Carolina,1697.5,19
2021,9,Penn State,1693.4,20
2021,9,Houston,1691.6,21
2021,9,Baylor,1689.3,22
2021,9,SMU,1688.8,23
2021,9,UTSA,1686.4,24
2021,9,NC State,1686.4,25
2021,9,Louisiana,1686.1,26
2021,9,Wisconsin,1683.7,27
2021,9,Utah,1683.2,28
2021,9,Ole Miss,1673.1,29
2021,9,Fresno State,1663.4,30
2021,9,Florida,1660.9,31
2021,9,Kentucky,1660.8,32
2021,9,Liberty,1655.7,33
2021,9,San Diego State,1654.2,34
2021,9,Iowa State,1650.5,35
2021,9,App State,1649.5,36
2021,9,Boise State,1641.8,37
2021,9,Texas,1637.1,38
2021,9,Arkansas,1635.7,39
2021,9,Mississippi State,1633.4,40
2021,9,UCF,1632.4,41
2021,9,Air Force,1629.2,42
2021,9,Arizona State,1627.0,43
2021,9,Nevada,1625.4,44
2021,9,UCLA,1618.2,45
2021,9,LSU,1608.3,46
2021,9,USC,1605.3,47
2021,9,Kansas State,1597.2,48
2021,9,West Virginia,1596.8,49
2021,9,UAB,1595.6,50
2021,9,North Carolina,1593.8,51
2021,9,Purdue,1593.7,52
2021,9,Marshall,1592.3,53
2021,9,Washington,1591.0,54
2021,9,Florida Atlantic,1585.2,55
2021,9,Tennessee,1579.9,56
2021,9,Virginia,1575.4,57
2021,9,Washington State,1572.9,58
2021,9,Louisville,1571.1,59
2021,9,Oregon State,1570.1,60
2021,9,Miami,1568.0,61
2021,9,Maryland,1559.3,62
2021,9,Virginia Tech,1557.9,63
2021,9,Stanford,1553.8,64
2021,9,Western Michigan,1550.5,65
2021,9,UTEP,1548.2,66
2021,9,Memphis,1546.0,67
2021,9,Western Kentucky,1544.5,68
2021,9,Toledo,1542.9,69
2021,9,Nebraska,1540.9,70
2021,9,Texas Tech,1540.2,71
2021,9,Ball State,1539.1,72
2021,9,Boston College,1537.7,73
2021,9,Army,1533.7,74
2021,9,East Carolina,1530.9,75
2021,9,Miami (OH),1528.8,76
2021,9,Syracuse,1528.2,77
2021,9,San José State,1527.8,78
2021,9,TCU,1522.8,79
2021,9,Indiana,1516.3,80
2021,9,Utah State,1514.8,81
2021,9,Georgia State,1514.8,82
2021,9,Rutgers,1512.5,83
2021,9,Kent State,1508.0,84
2021,9,California,1504.7,85
2021,9,South Carolina,1497.9,86
2021,9,South Alabama,1493.3,87
2021,9,Florida State,1492.6,88
2021,9,Eastern Michigan,1492.1,89
2021,9,Missouri,1490.2,90
2021,9,Tulsa,1489.3,91
2021,9,Colorado State,1487.7,92
2021,9,Georgia Tech,1487.7,93
2021,9,Middle Tennessee,1485.7,94
2021,9,Northwestern,1476.1,95
2021,9,Wyoming,1472.5,96
2021,9,Troy,1470.4,97
2021,9,Central Michigan,1461.4,98
2021,9,Northern Illinois,1459.6,99
2021,9,Hawai'i,1447.7,100
2021,9,Buffalo,1446.5,101
2021,9,Duke,1439.9,102
2021,9,Louisiana Tech,1433.9,103
2021,9,Colorado,1419.3,104
2021,9,Illinois,1415.2,105
2021,9,Tulane,1412.5,106
2021,9,Charlotte,1412.5,107
2021,9,UL Monroe,1404.1,108
2021,9,South Florida,1400.9,109
2021,9,Georgia Southern,1397.5,110
2021,9,Old Dominion,1391.7,111
2021,9,Rice,1389.6,112
2021,9,Temple,1384.6,113
2021,9,New Mexico,1384.2,114
2021,9,Ohio,1359.8,115
2021,9,Navy,1358.4,116
2021,9,North Texas,1348.3,117
2021,9,Texas State,1337.9,118
2021,9,Arkansas State,1329.6,119
2021,9,Bowling Green,1328.2,120
2021,9,Southern Miss,1299.3,121
2021,9,Kansas,1294.5,122
2021,9,Florida International,1293.1,123
2021,9,Arizona,1291.0,124
2021,9,Akron,1281.4,125
2021,9,Vanderbilt,1280.5,126
2021,9,UNLV,1270.3,127
2021,9,New Mexico State,1265.8,128
2021,9,Massachusetts,1263.3,129
2021,9,UConn,1245.6,130
2021,10,Georgia,1908.4,1
2021,10,Alabama,1879.2,2
2021,10,Ohio State,1862.5,3
2021,10,Cincinnati,1835.9,4
2021,10,Oklahoma,1813.0,5
2021,10,Notre Dame,1796.5,6
2021,10,Texas A&M,1760.3,7
2021,10,Oregon,1757.3,8
2021,10,Michigan,1750.9,9
2021,10,Oklahoma State,1748.9,10
2021,10,Iowa,1737.1,11
2021,10,Pittsburgh,1729.3,12
2021,10,Clemson,1725.9,13
2021,10,Penn State,1722.2,14
2021,10,Utah,1721.9,15
2021,10,Wisconsin,1718.4,16
2021,10,Michigan State,1717.4,17
2021,10,UTSA,1716.8,18
2021,10,Coastal Carolina,1714.3,19
2021,10,BYU,1713.1,20
2021,10,Wake Forest,1709.8,21
2021,10,NC State,1708.7,22
2021,10,Houston,1706.3,23
2021,10,Ole Miss,1696.5,24
2021,10,Louisiana,1693.2,25
2021,10,Boise State,1689.1,26
2021,10,Auburn,1689.0,27
2021,10,Iowa State,1679.1,28
2021,10,Baylor,1671.6,29
2021,10,San Diego State,1670.5,30
2021,10,SMU,1667.8,31
2021,10,App State,1667.6,32
2021,10,Minnesota,1658.5,33
2021,10,Arizona State,1651.2,34
2021,10,Arkansas,1648.7,35
2021,10,Kentucky,1639.0,36
2021,10,UCF,1638.0,37
2021,10,Nevada,1634.1,38
2021,10,Purdue,1633.6,39
2021,10,Liberty,1632.3,40
2021,10,Marshall,1630.1,41
2021,10,Mississippi State,1620.3,42
2021,10,UCLA,1618.2,43
2021,10,Fresno State,1616.1,44
2021,10,Kansas State,1615.0,45
2021,10,North Carolina,1614.5,46
2021,10,Florida,1610.0,47
2021,10,Texas,1608.4,48
2021,10,UAB,1608.1,49
2021,10,LSU,1603.1,50
2021,10,Tennessee,1601.7,51
2021,10,Air Force,1598.8,52
2021,10,USC,1581.1,53
2021,10,Miami,1577.4,54
2021,10,Virginia,1575.4,55
2021,10,Washington State,1572.9,56
2021,10,Western Kentucky,1569.4,57
2021,10,Washington,1567.7,58
2021,10,Memphis,1567.0,59
2021,10,Boston College,1565.4,60
2021,10,West Virginia,1564.7,61
2021,10,Army,1564.0,62
2021,10,Louisville,1551.8,63
2021,10,Ball State,1551.8,64
2021,10,East Carolina,1549.7,65
2021,10,South Carolina,1548.8,66
2021,10,Oregon State,1548.6,67
2021,10,Florida Atlantic,1547.5,68
2021,10,TCU,1540.6,69
2021,10,Texas Tech,1540.2,70
2021,10,Utah State,1535.9,71
2021,10,Maryland,1530.6,72
2021,10,Virginia Tech,1530.1,73
2021,10,Nebraska,1528.6,74
2021,10,Syracuse,1528.2,75
2021,10,Toledo,1522.1,76
2021,10,Kent State,1522.0,77
2021,10,San José State,1519.1,78
2021,10,UTEP,1517.8,79
2021,10,Stanford,1515.2,80
2021,10,Eastern Michigan,1513.0,81
2021,10,Miami (OH),1510.9,82
2021,10,Western Michigan,1509.7,83
2021,10,Georgia State,1507.7,84
2021,10,Indiana,1505.7,85
2021,10,Central Michigan,1502.1,86
2021,10,Wyoming,1499.8,87
2021,10,Troy,1491.9,88
2021,10,Missouri,1485.9,89
2021,10,Tulsa,1485.4,90
2021,10,Georgia Tech,1478.3,91
2021,10,Rutgers,1477.8,92
2021,10,South Alabama,1471.7,93
2021,10,Florida State,1470.3,94
2021,10,California,1467.2,95
2021,10,Northwestern,1464.0,96
2021,10,Middle Tennessee,1460.8,97
2021,10,Colorado State,1460.5,98
2021,10,Illinois,1455.3,99
2021,10,Buffalo,1446.5,100
2021,10,Northern Illinois,1445.6,101
2021,10,Colorado,1440.8,102
2021,10,Hawai'i,1431.3,103
2021,10,Charlotte,1430.6,104
2021,10,Old Dominion,1426.7,105
2021,10,Louisiana Tech,1421.3,106
2021,10,Duke,1419.6,107
2021,10,Tulane,1406.9,108
2021,10,North Texas,1388.5,109
2021,10,South Florida,1386.2,110
2021,10,Georgia Southern,1380.7,111
2021,10,UL Monroe,1377.6,112
2021,10,Ohio,1377.6,113
2021,10,Rice,1371.5,114
2021,10,Temple,1365.8,115
2021,10,Texas State,1364.3,116
2021,10,Navy,1354.9,117
2021,10,New Mexico,1339.9,118
2021,10,Arizona,1328.6,119
2021,10,Bowling Green,1328.2,120
2021,10,UNLV,1314.6,121
2021,10,Arkansas State,1311.6,122
2021,10,Vanderbilt,1280.5,123
2021,10,Kansas,1276.7,124
2021,10,Akron,1268.7,125
2021,10,Southern Miss,1259.2,126
2021,10,Florida International,1258.1,127
2021,10,UConn,1245.6,128
2021,10,New Mexico State,1244.7,129
2021,10,Massachusetts,1221.3,130
2021,11,Georgia,1925.7,1
2021,11,Alabama,1880.5,2
2021,11,Ohio State,1873.6,3
2021,11,Cincinnati,1844.2,4
2021,11,Notre Dame,1820.8,5
2021,11,Oklahoma,1773.1,6
2021,11,Michigan,1771.9,7
2021,11,Oregon,1768.5,8
2021,11,Oklahoma State,1763.0,9
2021,11,Iowa,1749.4,10
2021,11,Pittsburgh,1741.4,11
2021,11,Texas A&M,1731.7,12
2021,11,Utah,1730.4,13
2021,11,Michigan State,1729.7,14
2021,11,Clemson,1728.8,15
2021,11,Wisconsin,1728.1,16
2021,11,Ole Miss,1725.2,17
2021,11,Wake Forest,1722.9,18
2021,11,Houston,1722.1,19
2021,11,UTSA,1719.0,20
2021,11,Louisiana,1714.9,21
2021,11,BYU,1713.1,22
2021,11,Baylor,1711.5,23
2021,11,Penn State,1701.2,24
2021,11,Boise State,1698.8,25
2021,11,SMU,1695.9,26
2021,11,NC State,1695.6,27
2021,11,Coastal Carolina,1694.9,28
2021,11,App State,1680.2,29
2021,11,San Diego State,1679.5,30
2021,11,Arizona State,1671.7,31
2021,11,Arkansas,1666.1,32
2021,11,Iowa State,1658.3,33
2021,11,Mississippi State,1655.9,34
2021,11,Auburn,1653.4,35
2021,11,Kentucky,1651.5,36
2021,11,Minnesota,1646.2,37
2021,11,UAB,1638.0,38
2021,11,Kansas State,1637.4,39
2021,11,Liberty,1632.3,40
2021,11,UCLA,1632.1,41
2021,11,Air Force,1625.5,42
2021,11,Nevada,1625.1,43
2021,11,Fresno State,1624.6,44
2021,11,Purdue,1622.5,45
2021,11,Florida,1612.6,46
2021,11,UCF,1609.9,47
2021,11,North Carolina,1602.4,48
2021,11,Marshall,1600.2,49
2021,11,Texas,1595.6,50
2021,11,Western Kentucky,1594.5,51
2021,11,Boston College,1593.6,52
2021,11,LSU,1585.7,53
2021,11,Tennessee,1584.4,54
2021,11,Louisville,1583.5,55
2021,11,Utah State,1582.2,56
2021,11,USC,1581.1,57
2021,11,Oregon State,1574.3,58
2021,11,Army,1565.1,59
2021,11,Washington State,1561.7,60
2021,11,Texas Tech,1561.0,61
2021,11,East Carolina,1559.6,62
2021,11,Miami,1558.4,63
2021,11,Memphis,1557.1,64
2021,11,Virginia,1551.0,65
2021,11,Toledo,1550.8,66
2021,11,Virginia Tech,1550.7,67
2021,11,Washington,1547.2,68
2021,11,Ball State,1542.4,69
2021,11,West Virginia,1542.3,70
2021,11,Miami (OH),1535.2,71
2021,11,Central Michigan,1535.1,72
2021,11,South Carolina,1532.3,73
2021,11,Rutgers,1529.8,74
2021,11,Nebraska,1528.6,75
2021,11,Georgia State,1527.1,76
2021,11,TCU,1526.5,77
2021,11,Maryland,1518.3,78
2021,11,Western Michigan,1515.3,79
2021,11,Tulsa,1509.5,80
2021,11,Florida Atlantic,1508.8,81
2021,11,Missouri,1502.5,82
2021,11,UTEP,1497.5,83
2021,11,Syracuse,1496.5,84
2021,11,Wyoming,1490.1,85
2021,11,Stanford,1489.5,86
2021,11,Florida State,1489.3,87
2021,11,Kent State,1489.0,88
2021,11,Eastern Michigan,1476.2,89
2021,11,Middle Tennessee,1474.8,90
2021,11,San José State,1472.8,91
2021,11,Troy,1470.2,92
2021,11,California,1467.2,93
2021,11,Old Dominion,1465.3,94
2021,11,South Alabama,1459.2,95
2021,11,Illinois,1455.3,96
2021,11,Northern Illinois,1455.1,97
2021,11,Northwestern,1454.3,98
2021,11,Indiana,1453.6,99
2021,11,Georgia Tech,1450.1,100
2021,11,Louisiana Tech,1444.9,101
2021,11,Colorado State,1433.8,102
2021,11,Colorado,1427.0,103
2021,11,Buffalo,1422.2,104
2021,11,Ohio,1414.4,105
2021,11,Georgia Southern,1410.1,106
2021,11,North Texas,1408.7,107
2021,11,Charlotte,1407.0,108
2021,11,Duke,1399.0,109
2021,11,Hawai'i,1393.1,110
2021,11,Tulane,1382.8,111
2021,11,South Florida,1377.9,112
2021,11,UL Monroe,1356.3,113
2021,11,Navy,1354.9,114
2021,11,UNLV,1352.8,115
2021,11,Temple,1349.9,116
2021,11,Rice,1346.5,117
2021,11,Texas State,1335.0,118
2021,11,Arkansas State,1332.9,119
2021,11,New Mexico,1331.4,120
2021,11,Arizona,1320.0,121
2021,11,Bowling Green,1299.5,122
2021,11,Kansas,1289.5,123
2021,11,Vanderbilt,1268.0,124
2021,11,Akron,1263.2,125
2021,11,Southern Miss,1257.0,126
2021,11,Florida International,1244.1,127
2021,11,New Mexico State,1243.4,128
2021,11,UConn,1242.7,129
2021,11,Massachusetts,1170.8,130
2021,12,Georgia,1926.2,1
2021,12,Ohio State,1893.4,2
2021,12,Alabama,1887.9,3
2021,12,Cincinnati,1861.8,4
2021,12,Notre Dame,1826.9,5
2021,12,Michigan,1796.6,6
2021,12,Oklahoma State,1788.5,7
2021,12,Oklahoma,1785.2,8
2021,12,Utah,1768.3,9
2021,12,Clemson,1757.5,10
2021,12,Iowa,1755.0,11
2021,12,Louisiana,1753.6,12
2021,12,Pittsburgh,1751.0,13
2021,12,Baylor,1739.6,14
2021,12,Wisconsin,1736.1,15
2021,12,Houston,1735.6,16
2021,12,Texas A&M,1735.2,17
2021,12,Oregon,1730.6,18
2021,12,BYU,1728.8,19
2021,12,UTSA,1728.4,20
2021,12,Ole Miss,1727.7,21
2021,12,Penn State,1716.1,22
2021,12,Michigan State,1709.9,23
2021,12,App State,1708.7,24
2021,12,NC State,1707.9,25
2021,12,Boise State,1704.4,26
2021,12,Coastal Carolina,1699.3,27
2021,12,Wake Forest,1694.2,28
2021,12,San Diego State,1690.4,29
2021,12,SMU,1678.3,30
2021,12,UCLA,1674.3,31
2021,12,Minnesota,1671.7,32
2021,12,Arkansas,1658.7,33
2021,12,Mississippi State,1658.2,34
2021,12,Kentucky,1656.0,35
2021,12,Iowa State,1646.2,36
2021,12,Purdue,1643.6,37
2021,12,Air Force,1640.6,38
2021,12,Arizona State,1635.7,39
2021,12,Auburn,1630.4,40
2021,12,UAB,1628.6,41
2021,12,Marshall,1625.7,42
2021,12,Fresno State,1624.6,43
2021,12,Western Kentucky,1618.3,44
2021,12,UCF,1615.3,45
2021,12,Louisville,1615.0,46
2021,12,Oregon State,1610.4,47
2021,12,Nevada,1609.9,48
2021,12,Kansas State,1609.3,49
2021,12,Tennessee,1605.7,50
2021,12,North Carolina,1603.3,51
2021,12,Florida,1603.1,52
2021,12,LSU,1594.3,53
2021,12,Liberty,1593.6,54
2021,12,Miami,1582.0,55
2021,12,Central Michigan,1577.7,56
2021,12,Toledo,1576.2,57
2021,12,Washington State,1571.8,58
2021,12,Boston College,1571.2,59
2021,12,East Carolina,1570.6,60
2021,12,Texas,1570.3,61
2021,12,Army,1568.8,62
2021,12,West Virginia,1567.7,63
2021,12,South Carolina,1555.2,64
2021,12,Miami (OH),1545.8,65
2021,12,Memphis,1543.7,66
2021,12,Wyoming,1543.2,67
2021,12,Virginia,1541.4,68
2021,12,USC,1538.9,69
2021,12,Georgia State,1535.7,70
2021,12,Texas Tech,1535.6,71
2021,12,TCU,1530.8,72
2021,12,Utah State,1529.1,73
2021,12,Washington,1527.4,74
2021,12,Virginia Tech,1527.0,75
2021,12,Tulsa,1526.2,76
2021,12,Nebraska,1520.7,77
2021,12,California,1516.6,78
2021,12,Kent State,1515.9,79
2021,12,Rutgers,1514.9,80
2021,12,Missouri,1512.0,81
2021,12,Florida State,1511.8,82
2021,12,UTEP,1509.2,83
2021,12,Western Michigan,1507.7,84
2021,12,Ball State,1499.7,85
2021,12,Old Dominion,1494.6,86
2021,12,Maryland,1493.5,87
2021,12,Florida Atlantic,1485.0,88
2021,12,Syracuse,1484.1,89
2021,12,Eastern Michigan,1483.9,90
2021,12,Northern Illinois,1480.2,91
2021,12,San José State,1472.8,92
2021,12,Illinois,1449.7,93
2021,12,Colorado,1446.8,94
2021,12,Middle Tennessee,1445.6,95
2021,12,Georgia Tech,1444.0,96
2021,12,North Texas,1442.8,97
2021,12,Troy,1441.7,98
2021,12,Stanford,1440.1,99
2021,12,South Alabama,1437.8,100
2021,12,Northwestern,1433.3,101
2021,12,Indiana,1428.1,102
2021,12,Tulane,1415.1,103
2021,12,Colorado State,1414.1,104
2021,12,Hawai'i,1412.9,105
2021,12,Buffalo,1397.1,106
2021,12,Louisiana Tech,1395.5,107
2021,12,Georgia Southern,1394.3,108
2021,12,Ohio,1389.0,109
2021,12,Charlotte,1381.5,110
2021,12,Duke,1367.5,111
2021,12,UL Monroe,1347.6,112
2021,12,South Florida,1345.6,113
2021,12,Navy,1343.9,114
2021,12,UNLV,1341.9,115
2021,12,Rice,1334.7,116
2021,12,Temple,1333.3,117
2021,12,Texas State,1330.6,118
2021,12,New Mexico,1325.8,119
2021,12,Arkansas State,1324.2,120
2021,12,Arizona,1309.9,121
2021,12,Southern Miss,1306.5,122
2021,12,Bowling Green,1288.9,123
2021,12,Kansas,1285.2,124
2021,12,Vanderbilt,1265.5,125
2021,12,New Mexico State,1238.8,126
2021,12,UConn,1237.3,127
2021,12,Akron,1236.2,128
2021,12,Florida International,1210.0,129
2021,12,Massachusetts,1167.0,130
2021,13,Georgia,1935.6,1
2021,13,Alabama,1895.1,2
2021,13,Cincinnati,1879.7,3
2021,13,Ohio State,1856.5,4
2021,13,Notre Dame,1840.1,5
2021,13,Michigan,1833.5,6
2021,13,Oklahoma State,1803.6,7
2021,13,Clemson,1784.9,8
2021,13,Utah,1773.8,9
2021,13,Oklahoma,1770.1,10
2021,13,Iowa,1769.8,11
2021,13,Pittsburgh,1769.2,12
2021,13,Ole Miss,1756.1,13
2021,13,Louisiana,1755.8,14
2021,13,Baylor,1744.8,15
2021,13,Oregon,1743.6,16
2021,13,Houston,1743.2,17
2021,13,BYU,1742.2,18
2021,13,Wake Forest,1729.8,19
2021,13,Michigan State,1723.4,20
2021,13,NC State,1717.7,21
2021,13,San Diego State,1715.3,22
2021,13,App State,1715.3,23
2021,13,Texas A&M,1714.2,24
2021,13,Coastal Carolina,1711.8,25
2021,13,Wisconsin,1707.3,26
2021,13,Penn State,1702.6,27
2021,13,Minnesota,1700.4,28
2021,13,Kentucky,1700.0,29
2021,13,UCLA,1690.2,30
2021,13,Boise State,1679.5,31
2021,13,Arkansas,1673.2,32
2021,13,Western Kentucky,1667.2,33
2021,13,Iowa State,1666.8,34
2021,13,UTSA,1663.1,35
2021,13,Fresno State,1657.3,36
2021,13,Purdue,1656.4,37
2021,13,SMU,1654.8,38
2021,13,Air Force,1648.7,39
2021,13,UAB,1645.1,40
2021,13,Arizona State,1641.9,41
2021,13,Nevada,1640.6,42
2021,13,Mississippi State,1629.8,43
2021,13,Auburn,1623.2,44
2021,13,UCF,1619.5,45
2021,13,LSU,1615.3,46
2021,13,Washington State,1613.8,47
2021,13,Florida,1612.0,48
2021,13,Tennessee,1611.5,49
2021,13,Miami,1609.9,50
2021,13,Army,1608.9,51
2021,13,Central Michigan,1597.5,52
2021,13,Oregon State,1597.3,53
2021,13,North Carolina,1593.5,54
2021,13,Texas,1589.9,55
2021,13,Kansas State,1589.6,56
2021,13,Toledo,1582.6,57
2021,13,West Virginia,1579.2,58
2021,13,Marshall,1576.7,59
2021,13,Louisville,1571.0,60
2021,13,Georgia State,1557.1,61
2021,13,Utah State,1555.0,62
2021,13,Liberty,1553.6,63
2021,13,Memphis,1553.5,64
2021,13,East Carolina,1552.6,65
2021,13,Virginia Tech,1552.4,66
2021,13,Tulsa,1549.7,67
2021,13,Western Michigan,1548.0,68
2021,13,Maryland,1539.7,69
2021,13,Miami (OH),1538.5,70
2021,13,Boston College,1535.6,71
2021,13,Texas Tech,1530.4,72
2021,13,South Carolina,1527.8,73
2021,13,USC,1525.5,74
2021,13,Kent State,1523.3,75
2021,13,Ball State,1517.5,76
2021,13,Virginia,1516.0,77
2021,13,Old Dominion,1513.0,78
2021,13,TCU,1510.2,79
2021,13,North Texas,1508.1,80
2021,13,Nebraska,1505.8,81
2021,13,Florida State,1502.8,82
2021,13,California,1500.6,83
2021,13,Missouri,1497.6,84
2021,13,UTEP,1492.8,85
2021,13,Wyoming,1489.7,86
2021,13,Washington,1485.5,87
2021,13,Illinois,1481.2,88
2021,13,Middle Tennessee,1481.1,89
2021,13,Rutgers,1468.7,90
2021,13,Hawai'i,1466.5,91
2021,13,Syracuse,1465.9,92
2021,13,Eastern Michigan,1464.1,93
2021,13,Florida Atlantic,1449.5,94
2021,13,Colorado,1441.3,95
2021,13,San José State,1440.1,96
2021,13,Northern Illinois,1439.8,97
2021,13,Georgia Tech,1434.6,98
2021,13,Stanford,1426.9,99
2021,13,South Alabama,1425.3,100
2021,13,Troy,1420.4,101
2021,13,Indiana,1415.3,102
2021,13,Tulane,1405.3,103
2021,13,Northwestern,1401.9,104
2021,13,Georgia Southern,1387.6,105
2021,13,Navy,1387.5,106
2021,13,Colorado State,1383.3,107
2021,13,Buffalo,1379.3,108
2021,13,Louisiana Tech,1376.4,109
2021,13,Charlotte,1363.1,110
2021,13,Ohio,1355.6,111
2021,13,Rice,1353.8,112
2021,13,Texas State,1345.6,113
2021,13,UL Monroe,1345.4,114
2021,13,South Florida,1341.3,115
2021,13,Duke,1339.6,116
2021,13,UNLV,1333.9,117
2021,13,Southern Miss,1325.8,118
2021,13,Bowling Green,1322.2,119
2021,13,Arkansas State,1309.3,120
2021,13,Arizona,1303.7,121
2021,13,New Mexico,1299.9,122
2021,13,Temple,1289.7,123
2021,13,Kansas,1273.6,124
2021,13,Vanderbilt,1259.8,125
2021,13,New Mexico State,1259.3,126
2021,13,Akron,1229.8,127
2021,13,UConn,1229.6,128
2021,13,Florida International,1190.8,129
2021,13,Massachusetts,1146.6,130
2021,14,Alabama,1934.5,1
2021,14,Georgia,1896.2,2
2021,14,Cincinnati,1894.3,3
2021,14,Michigan,1870.8,4
2021,14,Ohio State,1856.5,5
2021,14,Notre Dame,1840.1,6
2021,14,Utah,1810.2,7
2021,14,Pittsburgh,1804.1,8
2021,14,Clemson,1784.9,9
2021,14,Oklahoma State,1779.1,10
2021,14,Louisiana,1773.5,11
2021,14,Oklahoma,1770.1,12
2021,14,Baylor,1769.3,13
2021,14,Ole Miss,1756.1,14
2021,14,BYU,1742.2,15
2021,14,Iowa,1732.4,16
2021,14,Houston,1728.7,17
2021,14,Michigan State,1723.4,18
2021,14,NC State,1717.7,19
2021,14,Texas A&M,1714.2,20
2021,14,Coastal Carolina,1711.8,21
2021,14,Wisconsin,1707.3,22
2021,14,Oregon,1707.2,23
2021,14,Penn State,1702.6,24
2021,14,Minnesota,1700.4,25
2021,14,Kentucky,1700.0,26
2021,14,App State,1697.6,27
2021,14,Wake Forest,1694.9,28
2021,14,UCLA,1690.2,29
2021,14,UTSA,1684.3,30
2021,14,Boise State,1679.5,31
2021,14,Arkansas,1673.2,32
2021,14,Iowa State,1666.8,33
2021,14,Fresno State,1657.3,34
2021,14,Purdue,1656.4,35
2021,14,San Diego State,1655.0,36
2021,14,SMU,1654.8,37
2021,14,Air Force,1648.7,38
2021,14,Western Kentucky,1646.0,39
2021,14,UAB,1645.1,40
2021,14,Arizona State,1641.9,41
2021,14,Nevada,1640.6,42
2021,14,Mississippi State,1629.8,43
2021,14,Auburn,1623.2,44
2021,14,UCF,1619.5,45
2021,14,Utah State,1615.3,46
2021,14,LSU,1615.3,47
2021,14,Washington State,1613.8,48
2021,14,Florida,1612.0,49
2021,14,Tennessee,1611.5,50
2021,14,Miami,1609.9,51
2021,14,Army,1608.9,52
2021,14,Central Michigan,1597.5,53
2021,14,Oregon State,1597.3,54
2021,14,North Carolina,1593.5,55
2021,14,Texas,1589.9,56
2021,14,Kansas State,1589.6,57
2021,14,Toledo,1582.6,58
2021,14,West Virginia,1579.2,59
2021,14,Marshall,1576.7,60
2021,14,Louisville,1571.0,61
2021,14,Georgia State,1557.1,62
2021,14,Liberty,1553.6,63
2021,14,Memphis,1553.5,64
2021,14,East Carolina,1552.6,65
2021,14,Virginia Tech,1552.4,66
2021,14,Tulsa,1549.7,67
2021,14,Western Michigan,1548.0,68
2021,14,Maryland,1539.7,69
2021,14,Miami (OH),1538.5,70
2021,14,Boston College,1535.6,71
2021,14,Texas Tech,1530.4,72
2021,14,South Carolina,1527.8,73
2021,14,California,1525.6,74
2021,14,Ball State,1517.5,75
2021,14,Virginia,1516.0,76
2021,14,Old Dominion,1513.0,77
2021,14,TCU,1510.2,78
2021,14,North Texas,1508.1,79
2021,14,Nebraska,1505.8,80
2021,14,Florida State,1502.8,81
2021,14,USC,1500.5,82
2021,14,Missouri,1497.6,83
2021,14,UTEP,1492.8,84
2021,14,Wyoming,1489.7,85
2021,14,Washington,1485.5,86
2021,14,Northern Illinois,1485.2,87
2021,14,Illinois,1481.2,88
2021,14,Middle Tennessee,1481.1,89
2021,14,Kent State,1477.9,90
2021,14,Rutgers,1468.7,91
2021,14,Hawai'i,1466.5,92
2021,14,Syracuse,1465.9,93
2021,14,Eastern Michigan,1464.1,94
2021,14,Florida Atlantic,1449.5,95
2021,14,Colorado,1441.3,96
2021,14,San José State,1440.1,97
2021,14,Georgia Tech,1434.6,98
2021,14,Stanford,1426.9,99
2021,14,South Alabama,1425.3,100
2021,14,Troy,1420.4,101
2021,14,Indiana,1415.3,102
2021,14,Tulane,1405.3,103
2021,14,Northwestern,1401.9,104
2021,14,Georgia Southern,1387.6,105
2021,14,Navy,1387.5,106
2021,14,Colorado State,1383.3,107
2021,14,Buffalo,1379.3,108
2021,14,Louisiana Tech,1376.4,109
2021,14,Charlotte,1363.1,110
2021,14,Ohio,1355.6,111
2021,14,Rice,1353.8,112
2021,14,Texas State,1345.6,113
2021,14,UL Monroe,1345.4,114
2021,14,South Florida,1341.3,115
2021,14,Duke,1339.6,116
2021,14,UNLV,1333.9,117
2021,14,Southern Miss,1325.8,118
2021,14,Bowling Green,1322.2,119
2021,14,Arkansas State,1309.3,120
2021,14,Arizona,1303.7,121
2021,14,New Mexico,1299.9,122
2021,14,Temple,1289.7,123
2021,14,Kansas,1273.6,124
2021,14,Vanderbilt,1259.8,125
2021,14,New Mexico State,1259.3,126
2021,14,Akron,1229.8,127
2021,14,UConn,1229.6,128
2021,14,Florida International,1190.8,129
2021,14,Massachusetts,1146.6,130
2021,15,Alabama,1934.5,1
2021,15,Georgia,1896.2,2
2021,15,Cincinnati,1894.3,3
2021,15,Michigan,1870.8,4
2021,15,Ohio State,1856.5,5
2021,15,Notre Dame,1840.1,6
2021,15,Utah,1810.2,7
2021,15,Pittsburgh,1804.1,8
2021,15,Clemson,1784.9,9
2021,15,Oklahoma State,1779.1,10
2021,15,Louisiana,1773.5,11
2021,15,Oklahoma,1770.1,12
2021,15,Baylor,1769.3,13
2021,15,Ole Miss,1756.1,14
2021,15,BYU,1742.2,15
2021,15,Iowa,1732.4,16
2021,15,Houston,1728.7,17
2021,15,Michigan State,1723.4,18
2021,15,NC State,1717.7,19
2021,15,Texas A&M,1714.2,20
2021,15,Coastal Carolina,1711.8,21
2021,15,Wisconsin,1707.3,22
2021,15,Oregon,1707.2,23
2021,15,Penn State,1702.6,24
2021,15,Minnesota,1700.4,25
2021,15,Kentucky,1700.0,26
2021,15,App State,1697.6,27
2021,15,Wake Forest,1694.9,28
2021,15,UCLA,1690.2,29
2021,15,UTSA,1684.3,30
2021,15,Boise State,1679.5,31
2021,15,Arkansas,1673.2,32
2021,15,Iowa State,1666.8,33
2021,15,Fresno State,1657.3,34
2021,15,Purdue,1656.4,35
2021,15,San Diego State,1655.0,36
2021,15,SMU,1654.8,37
2021,15,Air Force,1648.7,38
2021,15,Western Kentucky,1646.0,39
2021,15,UAB,1645.1,40
2021,15,Arizona State,1641.9,41
2021,15,Nevada,1640.6,42
2021,15,Mississippi State,1629.8,43
2021,15,Auburn,1623.2,44
2021,15,UCF,1619.5,45
2021,15,Utah State,1615.3,46
2021,15,LSU,1615.3,47
2021,15,Washington State,1613.8,48
2021,15,Florida,1612.0,49
2021,15,Tennessee,1611.5,50
2021,15,Miami,1609.9,51
2021,15,Central Michigan,1597.5,52
2021,15,Oregon State,1597.3,53
2021,15,North Carolina,1593.5,54
2021,15,Texas,1589.9,55
2021,15,Kansas State,1589.6,56
2021,15,Toledo,1582.6,57
2021,15,Army,1580.2,58
2021,15,West Virginia,1579.2,59
2021,15,Marshall,1576.7,60
2021,15,Louisville,1571.0,61
2021,15,Georgia State,1557.1,62
2021,15,Liberty,1553.6,63
2021,15,Memphis,1553.5,64
2021,15,East Carolina,1552.6,65
2021,15,Virginia Tech,1552.4,66
2021,15,Tulsa,1549.7,67
2021,15,Western Michigan,1548.0,68
2021,15,Maryland,1539.7,69
2021,15,Miami (OH),1538.5,70
2021,15,Boston College,1535.6,71
2021,15,Texas Tech,1530.4,72
2021,15,South Carolina,1527.8,73
2021,15,California,1525.6,74
2021,15,Ball State,1517.5,75
2021,15,Virginia,1516.0,76
2021,15,Old Dominion,1513.0,77
2021,15,TCU,1510.2,78
2021,15,North Texas,1508.1,79
2021,15,Nebraska,1505.8,80
2021,15,Florida State,1502.8,81
2021,15,USC,1500.5,82
2021,15,Missouri,1497.6,83
2021,15,UTEP,1492.8,84
2021,15,Wyoming,1489.7,85
2021,15,Washington,1485.5,86
2021,15,Northern Illinois,1485.2,87
2021,15,Illinois,1481.2,88
2021,15,Middle Tennessee,1481.1,89
2021,15,Kent State,1477.9,90
2021,15,Rutgers,1468.7,91
2021,15,Hawai'i,1466.5,92
2021,15,Syracuse,1465.9,93
2021,15,Eastern Michigan,1464.1,94
2021,15,Florida Atlantic,1449.5,95
2021,15,Colorado,1441.3,96
2021,15,San José State,1440.1,97
2021,15,Georgia Tech,1434.6,98
2021,15,Stanford,1426.9,99
2021,15,South Alabama,1425.3,100
2021,15,Troy,1420.4,101
2021,15,Navy,1416.2,102
2021,15,Indiana,1415.3,103
2021,15,Tulane,1405.3,104
2021,15,Northwestern,1401.9,105
2021,15,Georgia Southern,1387.6,106
2021,15,Colorado State,1383.3,107
2021,15,Buffalo,1379.3,108
2021,15,Louisiana Tech,1376.4,109
2021,15,Charlotte,1363.1,110
2021,15,Ohio,1355.6,111
2021,15,Rice,1353.8,112
2021,15,Texas State,1345.6,113
2021,15,UL Monroe,1345.4,114
2021,15,South Florida,1341.3,115
2021,15,Duke,1339.6,116
2021,15,UNLV,1333.9,117
2021,15,Southern Miss,1325.8,118
2021,15,Bowling Green,1322.2,119
2021,15,Arkansas State,1309.3,120
2021,15,Arizona,1303.7,121
2021,15,New Mexico,1299.9,122
2021,15,Temple,1289.7,123
2021,15,Kansas,1273.6,124
2021,15,Vanderbilt,1259.8,125
2021,15,New Mexico State,1259.3,126
2021,15,Akron,1229.8,127
2021,15,UConn,1229.6,128
2021,15,Florida International,1190.8,129
2021,15,Massachusetts,1146.6,130
2022,1,Georgia,1794.2,1
2022,1,Alabama,1789.6,2
2022,1,Ohio State,1760.0,3
2022,1,Michigan,1735.0,4
2022,1,Clemson,1725.6,5
2022,1,Oklahoma,1692.1,6
2022,1,Pittsburgh,1688.4,7
2022,1,Oklahoma State,1683.3,8
2022,1,Ole Miss,1676.4,9
2022,1,Notre Dame,1674.8,10
2022,1,Penn State,1672.0,11
2022,1,Cincinnati,1669.0,12
2022,1,SMU,1668.4,13
2022,1,Michigan State,1665.1,14
2022,1,Texas A&M,1662.3,15
2022,1,BYU,1662.0,16
2022,1,Arkansas,1659.3,17
2022,1,Kentucky,1659.2,18
2022,1,Baylor,1658.7,19
2022,1,Houston,1653.4,20
2022,1,Utah,1651.4,21
2022,1,NC State,1644.7,22
2022,1,UCLA,1644.7,23
2022,1,Iowa,1641.2,24
2022,1,Wisconsin,1638.7,25
2022,1,Louisiana,1638.0,26
2022,1,Minnesota,1635.2,27
2022,1,Mississippi State,1634.8,28
2022,1,Tennessee,1631.8,29
2022,1,Western Kentucky,1628.8,30
2022,1,Florida,1628.6,31
2022,1,Coastal Carolina,1627.3,32
2022,1,Nevada,1622.8,33
2022,1,Texas,1621.4,34
2022,1,Oregon State,1618.6,35
2022,1,North Carolina,1618.1,36
2022,1,Wake Forest,1615.9,37
2022,1,Miami,1607.4,38
2022,1,Auburn,1606.8,39
2022,1,Iowa State,1604.9,40
2022,1,TCU,1603.3,41
2022,1,Arizona State,1602.2,42
2022,1,Oregon,1600.1,43
2022,1,South Carolina,1595.9,44
2022,1,Fresno State,1591.6,45
2022,1,LSU,1591.2,46
2022,1,UCF,1589.3,47
2022,1,USC,1587.8,48
2022,1,UAB,1581.5,49
2022,1,Maryland,1579.7,50
2022,1,UTSA,1578.8,51
2022,1,Washington State,1577.2,52
2022,1,App State,1577.0,53
2022,1,Washington,1574.4,54
2022,1,Kansas State,1570.5,55
2022,1,Purdue,1570.3,56
2022,1,Missouri,1570.3,57
2022,1,Florida State,1567.2,58
2022,1,Syracuse,1563.9,59
2022,1,Toledo,1558.9,60
2022,1,Boise State,1554.3,61
2022,1,Texas Tech,1553.0,62
2022,1,Marshall,1552.6,63
2022,1,California,1548.4,64
2022,1,West Virginia,1548.3,65
2022,1,Utah State,1545.3,66
2022,1,Virginia,1541.0,67
2022,1,Illinois,1538.4,68
2022,1,Air Force,1537.5,69
2022,1,Old Dominion,1536.8,70
2022,1,Boston College,1532.7,71
2022,1,Virginia Tech,1530.3,72
2022,1,Rutgers,1529.3,73
2022,1,East Carolina,1526.4,74
2022,1,Liberty,1523.2,75
2022,1,Central Michigan,1523.0,76
2022,1,Nebraska,1521.0,77
2022,1,Indiana,1520.2,78
2022,1,Vanderbilt,1517.7,79
2022,1,Stanford,1516.6,80
2022,1,Northwestern,1515.8,81
2022,1,Arizona,1514.7,82
2022,1,Florida Atlantic,1509.4,83
2022,1,Tulsa,1508.6,84
2022,1,Memphis,1504.8,85
2022,1,Louisville,1504.7,86
2022,1,Northern Illinois,1503.8,87
2022,1,North Texas,1503.2,88
2022,1,Western Michigan,1502.6,89
2022,1,Tulane,1500.6,90
2022,1,James Madison,1499.5,91
2022,1,San Diego State,1498.3,92
2022,1,Georgia State,1496.4,93
2022,1,Duke,1495.4,94
2022,1,Eastern Michigan,1494.2,95
2022,1,Miami (OH),1492.5,96
2022,1,South Alabama,1487.9,97
2022,1,San José State,1483.4,98
2022,1,Army,1478.8,99
2022,1,Georgia Tech,1472.1,100
2022,1,Wyoming,1471.4,101
2022,1,Ball State,1467.6,102
2022,1,Georgia Southern,1467.5,103
2022,1,Ohio,1463.0,104
2022,1,Troy,1456.3,105
2022,1,Kent State,1453.6,106
2022,1,Arkansas State,1440.4,107
2022,1,Colorado State,1438.8,108
2022,1,UNLV,1438.6,109
2022,1,Colorado,1438.0,110
2022,1,Kansas,1434.7,111
2022,1,Middle Tennessee,1432.9,112
2022,1,Louisiana Tech,1421.3,113
2022,1,New Mexico,1420.1,114
2022,1,Texas State,1418.0,115
2022,1,Buffalo,1418.0,116
2022,1,UTEP,1415.9,117
2022,1,Southern Miss,1413.6,118
2022,1,Rice,1406.6,119
2022,1,Bowling Green,1405.6,120
2022,1,South Florida,1404.1,121
2022,1,UL Monroe,1403.0,122
2022,1,Akron,1396.9,123
2022,1,Temple,1376.6,124
2022,1,Florida International,1373.3,125
2022,1,UConn,1368.1,126
2022,1,Navy,1367.4,127
2022,1,Hawai'i,1353.8,128
2022,1,Charlotte,1331.7,129
2022,1,New Mexico State,1328.5,130
2022,1,Massachusetts,1305.3,131
2022,2,Alabama,1799.0,1
2022,2,Georgia,1796.1,2
2022,2,Ohio State,1770.7,3
2022,2,Michigan,1743.2,4
2022,2,Clemson,1728.7,5
2022,2,Oklahoma State,1712.7,6
2022,2,Oklahoma,1708.2,7
2022,2,Kentucky,1705.9,8
2022,2,Penn State,1691.7,9
2022,2,BYU,1689.4,10
2022,2,Arkansas,1689.0,11
2022,2,Mississippi State,1683.6,12
2022,2,Michigan State,1681.0,13
2022,2,Tennessee,1679.2,14
2022,2,Ole Miss,1679.1,15
2022,2,Cincinnati,1672.1,16
2022,2,SMU,1671.0,17
2022,2,Wake Forest,1666.3,18
2022,2,Louisiana,1663.6,19
2022,2,Utah,1657.4,20
2022,2,UCLA,1650.8,21
2022,2,North Carolina,1650.3,22
2022,2,NC State,1647.8,23
2022,2,Oregon State,1645.8,24
2022,2,Pittsburgh,1641.0,25
2022,2,Minnesota,1638.8,26
2022,2,Iowa State,1635.6,27
2022,2,USC,1634.5,28
2022,2,Baylor,1631.3,29
2022,2,Notre Dame,1630.5,30
2022,2,Coastal Carolina,1629.9,31
2022,2,Texas A&M,1629.4,32
2022,2,Western Kentucky,1628.8,33
2022,2,Miami,1626.2,34
2022,2,Houston,1625.5,35
2022,2,Auburn,1625.2,36
2022,2,Kansas State,1618.4,37
2022,2,Maryland,1616.1,38
2022,2,Texas,1612.1,39
2022,2,Iowa,1610.6,40
2022,2,TCU,1610.0,41
2022,2,App State,1609.9,42
2022,2,Washington State,1609.1,43
2022,2,Syracuse,1607.4,44
2022,2,Oregon,1607.0,45
2022,2,Wisconsin,1606.9,46
2022,2,UTSA,1601.6,47
2022,2,LSU,1600.1,48
2022,2,Boise State,1597.4,49
2022,2,Marshall,1597.0,50
2022,2,Illinois,1582.9,51
2022,2,Florida,1581.9,52
2022,2,Texas Tech,1580.9,53
2022,2,Washington,1580.7,54
2022,2,Purdue,1578.0,55
2022,2,Toledo,1575.5,56
2022,2,Arizona State,1572.8,57
2022,2,Virginia Tech,1571.9,58
2022,2,East Carolina,1570.1,59
2022,2,Air Force,1569.9,60
2022,2,Florida State,1567.2,61
2022,2,South Carolina,1566.1,62
2022,2,California,1565.8,63
2022,2,Fresno State,1564.4,64
2022,2,Liberty,1559.8,65
2022,2,Memphis,1552.4,66
2022,2,Louisville,1550.8,67
2022,2,Nevada,1547.6,68
2022,2,South Alabama,1547.6,69
2022,2,UAB,1544.9,70
2022,2,UCF,1543.2,71
2022,2,Western Michigan,1542.7,72
2022,2,Duke,1542.6,73
2022,2,Rutgers,1535.6,74
2022,2,Tulsa,1528.0,75
2022,2,Indiana,1526.0,76
2022,2,Missouri,1522.4,77
2022,2,Florida Atlantic,1517.8,78
2022,2,North Texas,1510.1,79
2022,2,James Madison,1509.3,80
2022,2,Tulane,1508.8,81
2022,2,San Diego State,1506.5,82
2022,2,Kansas,1499.4,83
2022,2,Miami (OH),1499.3,84
2022,2,Georgia Southern,1499.0,85
2022,2,Virginia,1496.5,86
2022,2,Old Dominion,1493.2,87
2022,2,Boston College,1491.1,88
2022,2,Middle Tennessee,1491.0,89
2022,2,Nebraska,1489.6,90
2022,2,Northern Illinois,1484.4,91
2022,2,Georgia Tech,1484.1,92
2022,2,West Virginia,1483.6,93
2022,2,Wyoming,1478.4,94
2022,2,Stanford,1469.8,95
2022,2,Eastern Michigan,1468.6,96
2022,2,Northwestern,1468.6,97
2022,2,Vanderbilt,1467.4,98
2022,2,Arizona,1465.9,99
2022,2,Troy,1465.9,100
2022,2,San José State,1465.0,101
2022,2,Georgia State,1464.2,102
2022,2,Central Michigan,1463.3,103
2022,2,Texas State,1458.5,104
2022,2,Army,1456.0,105
2022,2,Utah State,1452.0,106
2022,2,Ohio,1443.2,107
2022,2,Kent State,1437.5,108
2022,2,UTEP,1436.5,109
2022,2,Louisiana Tech,1433.8,110
2022,2,Arkansas State,1429.7,111
2022,2,Ball State,1427.5,112
2022,2,UNLV,1421.2,113
2022,2,Rice,1419.2,114
2022,2,UL Monroe,1416.8,115
2022,2,South Florida,1413.9,116
2022,2,Colorado,1405.6,117
2022,2,Southern Miss,1394.8,118
2022,2,Temple,1392.9,119
2022,2,Akron,1381.0,120
2022,2,Colorado State,1380.8,121
2022,2,New Mexico,1377.0,122
2022,2,Bowling Green,1375.7,123
2022,2,Buffalo,1366.3,124
2022,2,Hawai'i,1345.6,125
2022,2,Florida International,1332.8,126
2022,2,UConn,1324.5,127
2022,2,Navy,1319.8,128
2022,2,New Mexico State,1307.9,129
2022,2,Charlotte,1295.3,130
2022,2,Massachusetts,1288.7,131
2022,3,Georgia,1836.7,1
2022,3,Alabama,1807.5,2
2022,3,Ohio State,1794.5,3
2022,3,Penn State,1752.7,4
2022,3,Michigan,1750.3,5
2022,3,Oklahoma,1748.7,6
2022,3,Clemson,1740.3,7
2022,3,Ole Miss,1725.3,8
2022,3,Oklahoma State,1717.2,9
2022,3,Kentucky,1710.3,10
2022,3,Cincinnati,1704.7,11
2022,3,Tennessee,1693.0,12
2022,3,Arkansas,1692.4,13
2022,3,Pittsburgh,1692.1,14
2022,3,Utah,1682.1,15
2022,3,NC State,1676.4,16
2022,3,Wake Forest,1672.5,17
2022,3,USC,1670.5,18
2022,3,Oregon,1665.9,19
2022,3,Texas A&M,1660.3,20
2022,3,UCLA,1657.2,21
2022,3,Minnesota,1657.0,22
2022,3,Iowa State,1656.6,23
2022,3,Oregon State,1655.3,24
2022,3,Baylor,1654.9,25
2022,3,Texas,1654.4,26
2022,3,Notre Dame,1653.2,27
2022,3,LSU,1653.1,28
2022,3,Maryland,1652.2,29
2022,3,North Carolina,1650.3,30
2022,3,Iowa,1647.3,31
2022,3,Coastal Carolina,1640.5,32
2022,3,SMU,1634.8,33
2022,3,Michigan State,1630.9,34
2022,3,Washington,1630.7,35
2022,3,Mississippi State,1630.6,36
2022,3,BYU,1630.5,37
2022,3,Washington State,1626.2,38
2022,3,Syracuse,1625.0,39
2022,3,App State,1622.1,40
2022,3,Wisconsin,1620.8,41
2022,3,TCU,1610.0,42
2022,3,UCF,1608.0,43
2022,3,Boise State,1602.5,44
2022,3,Western Kentucky,1600.6,45
2022,3,Florida State,1599.5,46
2022,3,Miami,1595.3,47
2022,3,Florida,1591.2,48
2022,3,Louisiana,1589.5,49
2022,3,Illinois,1582.9,50
2022,3,UAB,1577.0,51
2022,3,East Carolina,1576.7,52
2022,3,Virginia Tech,1574.6,53
2022,3,Memphis,1574.0,54
2022,3,Kansas,1572.6,55
2022,3,Kansas State,1567.7,56
2022,3,Auburn,1564.2,57
2022,3,Purdue,1560.4,58
2022,3,Tulane,1559.6,59
2022,3,UTSA,1559.3,60
2022,3,Marshall,1558.8,61
2022,3,Indiana,1554.2,62
2022,3,Liberty,1553.5,63
2022,3,Texas Tech,1552.4,64
2022,3,Houston,1552.3,65
2022,3,Toledo,1551.7,66
2022,3,Rutgers,1551.6,67
2022,3,Duke,1546.8,68
2022,3,Tulsa,1545.9,69
2022,3,California,1543.1,70
2022,3,Air Force,1542.7,71
2022,3,South Alabama,1541.2,72
2022,3,Missouri,1532.0,73
2022,3,Fresno State,1528.5,74
2022,3,South Carolina,1525.5,75
2022,3,Eastern Michigan,1524.5,76
2022,3,Vanderbilt,1518.6,77
2022,3,Louisville,1518.5,78
2022,3,Arizona State,1516.9,79
2022,3,Virginia,1512.0,80
2022,3,Nevada,1510.9,81
2022,3,James Madison,1509.3,82
2022,3,Wyoming,1505.6,83
2022,3,West Virginia,1498.0,84
2022,3,Middle Tennessee,1498.0,85
2022,3,Boston College,1497.6,86
2022,3,Rice,1493.3,87
2022,3,Western Michigan,1491.6,88
2022,3,UNLV,1488.6,89
2022,3,San Diego State,1481.8,90
2022,3,Old Dominion,1477.7,91
2022,3,Army,1476.6,92
2022,3,Arizona,1472.7,93
2022,3,Central Michigan,1472.3,94
2022,3,Stanford,1469.8,95
2022,3,Georgia Southern,1466.9,96
2022,3,Miami (OH),1466.7,97
2022,3,San José State,1465.0,98
2022,3,Troy,1453.7,99
2022,3,Florida Atlantic,1452.9,100
2022,3,Utah State,1452.0,101
2022,3,Nebraska,1449.0,102
2022,3,Kent State,1447.8,103
2022,3,Georgia State,1446.3,104
2022,3,North Texas,1442.7,105
2022,3,Georgia Tech,1437.9,106
2022,3,Ball State,1436.7,107
2022,3,Texas State,1434.9,108
2022,3,Northern Illinois,1433.1,109
2022,3,New Mexico,1428.1,110
2022,3,Ohio,1422.2,111
2022,3,Louisiana Tech,1422.1,112
2022,3,Bowling Green,1413.9,113
2022,3,Northwestern,1410.7,114
2022,3,UL Monroe,1408.2,115
2022,3,Arkansas State,1408.2,116
2022,3,Southern Miss,1404.8,117
2022,3,South Florida,1404.5,118
2022,3,Colorado,1387.4,119
2022,3,UTEP,1385.4,120
2022,3,Temple,1376.9,121
2022,3,Akron,1367.2,122
2022,3,Colorado State,1363.6,123
2022,3,Hawai'i,1357.1,124
2022,3,Buffalo,1355.8,125
2022,3,Florida International,1332.8,126
2022,3,Navy,1319.8,127
2022,3,UConn,1317.5,128
2022,3,Charlotte,1313.2,129
2022,3,Massachusetts,1305.0,130
2022,3,New Mexico State,1294.1,131
2022,4,Georgia,1841.4,1
2022,4,Alabama,1818.9,2
2022,4,Ohio State,1812.7,3
2022,4,Clemson,1768.2,4
2022,4,Michigan,1765.9,5
2022,4,Penn State,1761.7,6
2022,4,Ole Miss,1736.5,7
2022,4,Cincinnati,1722.9,8
2022,4,Oklahoma State,1717.2,9
2022,4,Kentucky,1717.0,10
2022,4,Utah,1715.7,11
2022,4,Minnesota,1709.4,12
2022,4,Tennessee,1706.3,13
2022,4,Oklahoma,1705.4,14
2022,4,Notre Dame,1696.7,15
2022,4,Pittsburgh,1694.8,16
2022,4,USC,1692.8,17
2022,4,Baylor,1689.5,18
2022,4,Oregon,1687.1,19
2022,4,Iowa,1685.7,20
2022,4,NC State,1683.1,21
2022,4,UCLA,1682.3,22
2022,4,Texas A&M,1677.9,23
2022,4,Arkansas,1674.9,24
2022,4,Coastal Carolina,1669.0,25
2022,4,LSU,1667.8,26
2022,4,TCU,1657.6,27
2022,4,Washington,1651.3,28
2022,4,BYU,1648.5,29
2022,4,Mississippi State,1645.2,30
2022,4,Wake Forest,1644.7,31
2022,4,Maryland,1636.6,32
2022,4,Oregon State,1633.0,33
2022,4,Syracuse,1632.7,34
2022,4,Texas,1631.9,35
2022,4,Florida State,1624.9,36
2022,4,UCF,1623.5,37
2022,4,Iowa State,1622.0,38
2022,4,Western Kentucky,1617.9,39
2022,4,Kansas State,1611.0,40
2022,4,North Carolina,1606.8,41
2022,4,Washington State,1605.1,42
2022,4,Wisconsin,1602.6,43
2022,4,Kansas,1595.2,44
2022,4,Illinois,1592.7,45
2022,4,Memphis,1589.4,46
2022,4,SMU,1587.2,47
2022,4,App State,1582.7,48
2022,4,Michigan State,1578.5,49
2022,4,Auburn,1578.1,50
2022,4,Florida,1578.0,51
2022,4,UAB,1577.0,52
2022,4,Air Force,1576.6,53
2022,4,Texas Tech,1574.8,54
2022,4,Houston,1571.0,55
2022,4,Purdue,1568.4,56
2022,4,California,1568.2,57
2022,4,UTSA,1564.9,58
2022,4,Liberty,1564.8,59
2022,4,South Alabama,1563.2,60
2022,4,West Virginia,1557.6,61
2022,4,Louisiana,1557.1,62
2022,4,Middle Tennessee,1550.1,63
2022,4,James Madison,1548.8,64
2022,4,Louisville,1544.2,65
2022,4,Miami,1543.1,66
2022,4,South Carolina,1541.1,67
2022,4,Boise State,1539.4,68
2022,4,East Carolina,1539.0,69
2022,4,Indiana,1536.0,70
2022,4,Tulsa,1534.7,71
2022,4,Toledo,1531.4,72
2022,4,Tulane,1531.3,73
2022,4,Fresno State,1528.5,74
2022,4,UNLV,1525.5,75
2022,4,Duke,1524.2,76
2022,4,Marshall,1521.1,77
2022,4,Missouri,1518.1,78
2022,4,San José State,1518.0,79
2022,4,Virginia Tech,1514.9,80
2022,4,Rutgers,1513.1,81
2022,4,Vanderbilt,1507.3,82
2022,4,Virginia,1504.3,83
2022,4,San Diego State,1502.1,84
2022,4,Georgia Southern,1492.0,85
2022,4,Troy,1491.4,86
2022,4,Old Dominion,1489.6,87
2022,4,Wyoming,1487.6,88
2022,4,Miami (OH),1487.1,89
2022,4,Arizona State,1483.4,90
2022,4,Nevada,1477.0,91
2022,4,Army,1476.6,92
2022,4,Rice,1474.7,93
2022,4,Boston College,1472.1,94
2022,4,Central Michigan,1463.3,95
2022,4,Eastern Michigan,1462.6,96
2022,4,Texas State,1450.8,97
2022,4,Stanford,1449.3,98
2022,4,Nebraska,1449.0,99
2022,4,UTEP,1448.5,100
2022,4,Arizona,1447.6,101
2022,4,Florida Atlantic,1445.0,102
2022,4,Kent State,1443.0,103
2022,4,UL Monroe,1440.6,104
2022,4,Western Michigan,1438.6,105
2022,4,Southern Miss,1433.1,106
2022,4,Ohio,1432.9,107
2022,4,North Texas,1427.2,108
2022,4,Northern Illinois,1426.4,109
2022,4,Georgia Tech,1422.4,110
2022,4,Georgia State,1417.8,111
2022,4,Buffalo,1417.6,112
2022,4,Utah State,1415.1,113
2022,4,New Mexico,1413.3,114
2022,4,Ball State,1411.5,115
2022,4,Temple,1405.5,116
2022,4,Louisiana Tech,1400.1,117
2022,4,Bowling Green,1399.3,118
2022,4,Arkansas State,1396.3,119
2022,4,Northwestern,1390.3,120
2022,4,South Florida,1378.9,121
2022,4,Colorado,1362.3,122
2022,4,Navy,1357.5,123
2022,4,Akron,1355.9,124
2022,4,New Mexico State,1336.9,125
2022,4,Florida International,1315.5,126
2022,4,Hawai'i,1314.2,127
2022,4,UConn,1310.7,128
2022,4,Charlotte,1297.7,129
2022,4,Colorado State,1278.2,130
2022,4,Massachusetts,1276.5,131
2022,5,Alabama,1855.7,1
2022,5,Georgia,1851.1,2
2022,5,Ohio State,1822.6,3
2022,5,Michigan,1802.5,4
2022,5,Clemson,1787.3,5
2022,5,Penn State,1766.0,6
2022,5,Oklahoma State,1756.1,7
2022,5,Ole Miss,1751.1,8
2022,5,Cincinnati,1747.0,9
2022,5,Utah,1742.3,10
2022,5,Tennessee,1706.3,11
2022,5,USC,1705.4,12
2022,5,TCU,1704.7,13
2022,5,UCLA,1704.5,14
2022,5,Kentucky,1702.4,15
2022,5,Oregon,1698.2,16
2022,5,Notre Dame,1696.7,17
2022,5,LSU,1689.6,18
2022,5,Mississippi State,1683.1,19
2022,5,Wake Forest,1682.9,20
2022,5,Coastal Carolina,1677.3,21
2022,5,NC State,1663.9,22
2022,5,Minnesota,1661.0,23
2022,5,Maryland,1660.9,24
2022,5,BYU,1658.4,25
2022,5,Oklahoma,1658.3,26
2022,5,Texas,1656.6,27
2022,5,Pittsburgh,1655.7,28
2022,5,Baylor,1650.5,29
2022,5,Iowa,1649.2,30
2022,5,Illinois,1647.0,31
2022,5,Texas A&M,1639.9,32
2022,5,Arkansas,1638.0,33
2022,5,Syracuse,1634.6,34
2022,5,Washington State,1634.5,35
2022,5,Kansas State,1633.7,36
2022,5,North Carolina,1633.7,37
2022,5,Washington,1629.2,38
2022,5,UCF,1623.5,39
2022,5,Purdue,1616.7,40
2022,5,Kansas,1612.7,41
2022,5,UTSA,1609.5,42
2022,5,Oregon State,1606.4,43
2022,5,Memphis,1604.9,44
2022,5,Iowa State,1604.6,45
2022,5,Liberty,1602.9,46
2022,5,SMU,1587.2,47
2022,5,Florida State,1586.7,48
2022,5,App State,1586.4,49
2022,5,South Alabama,1586.0,50
2022,5,Florida,1582.5,51
2022,5,Air Force,1582.3,52
2022,5,Western Kentucky,1576.5,53
2022,5,James Madison,1573.9,54
2022,5,Boise State,1570.2,55
2022,5,East Carolina,1565.9,56
2022,5,San José State,1563.0,57
2022,5,Toledo,1558.1,58
2022,5,Duke,1556.8,59
2022,5,Auburn,1556.4,60
2022,5,Tulane,1555.9,61
2022,5,Michigan State,1554.1,62
2022,5,Texas Tech,1552.1,63
2022,5,UAB,1550.9,64
2022,5,Wisconsin,1548.2,65
2022,5,South Carolina,1547.0,66
2022,5,Houston,1546.3,67
2022,5,Miami,1543.1,68
2022,5,UNLV,1543.0,69
2022,5,California,1538.7,70
2022,5,Louisiana,1534.4,71
2022,5,Louisville,1533.9,72
2022,5,West Virginia,1532.9,73
2022,5,Troy,1532.7,74
2022,5,Marshall,1525.9,75
2022,5,Tulsa,1510.6,76
2022,5,Missouri,1508.4,77
2022,5,Vanderbilt,1507.3,78
2022,5,Middle Tennessee,1505.5,79
2022,5,Rutgers,1503.1,80
2022,5,Rice,1500.8,81
2022,5,Indiana,1494.1,82
2022,5,Nebraska,1490.9,83
2022,5,Fresno State,1489.3,84
2022,5,Virginia Tech,1488.1,85
2022,5,Georgia Southern,1483.7,86
2022,5,Boston College,1482.3,87
2022,5,Nevada,1477.0,88
2022,5,Arizona,1473.0,89
2022,5,Eastern Michigan,1472.9,90
2022,5,Virginia,1471.7,91
2022,5,San Diego State,1471.3,92
2022,5,Arizona State,1470.7,93
2022,5,Georgia State,1470.7,94
2022,5,UTEP,1467.0,95
2022,5,Kent State,1465.8,96
2022,5,Miami (OH),1463.5,97
2022,5,Georgia Tech,1461.6,98
2022,5,North Texas,1456.6,99
2022,5,Western Michigan,1453.3,100
2022,5,Old Dominion,1451.6,101
2022,5,Wyoming,1442.6,102
2022,5,Buffalo,1441.2,103
2022,5,Stanford,1438.2,104
2022,5,Central Michigan,1436.7,105
2022,5,Arkansas State,1435.1,106
2022,5,Ball State,1435.0,107
2022,5,Southern Miss,1433.1,108
2022,5,Texas State,1425.7,109
2022,5,Army,1423.7,110
2022,5,Bowling Green,1420.3,111
2022,5,Florida Atlantic,1415.6,112
2022,5,Ohio,1410.1,113
2022,5,Utah State,1405.2,114
2022,5,Northern Illinois,1403.0,115
2022,5,UL Monroe,1401.8,116
2022,5,Louisiana Tech,1400.1,117
2022,5,New Mexico,1395.7,118
2022,5,Temple,1390.1,119
2022,5,Northwestern,1386.0,120
2022,5,Florida International,1362.2,121
2022,5,South Florida,1351.9,122
2022,5,Navy,1351.7,123
2022,5,UConn,1349.9,124
2022,5,Colorado,1336.9,125
2022,5,Akron,1334.9,126
2022,5,Hawai'i,1314.2,127
2022,5,New Mexico State,1290.3,128
2022,5,Charlotte,1279.3,129
2022,5,Colorado State,1278.2,130
2022,5,Massachusetts,1266.2,131
2022,6,Alabama,1861.4,1
2022,6,Georgia,1859.2,2
2022,6,Ohio State,1843.9,3
2022,6,Michigan,1819.0,4
2022,6,Clemson,1805.5,5
2022,6,Ole Miss,1773.3,6
2022,6,Oklahoma State,1766.9,7
2022,6,Penn State,1766.0,8
2022,6,Tennessee,1759.7,9
2022,6,Cincinnati,1749.1,10
2022,6,TCU,1732.6,11
2022,6,UCLA,1730.7,12
2022,6,USC,1725.5,13
2022,6,Notre Dame,1724.4,14
2022,6,Oregon,1722.7,15
2022,6,Utah,1716.1,16
2022,6,Mississippi State,1708.3,17
2022,6,Texas,1703.7,18
2022,6,Wake Forest,1695.0,19
2022,6,Coastal Carolina,1689.9,20
2022,6,NC State,1671.5,21
2022,6,Pittsburgh,1668.4,22
2022,6,Kentucky,1661.6,23
2022,6,Minnesota,1661.0,24
2022,6,Illinois,1660.3,25
2022,6,UCF,1654.4,26
2022,6,North Carolina,1652.4,27
2022,6,Baylor,1650.5,28
2022,6,Maryland,1644.5,29
2022,6,Kansas State,1642.7,30
2022,6,LSU,1636.2,31
2022,6,Iowa,1635.9,32
2022,6,Syracuse,1634.6,33
2022,6,Texas A&M,1634.3,34
2022,6,Purdue,1633.1,35
2022,6,BYU,1630.7,36
2022,6,UTSA,1621.1,37
2022,6,Liberty,1616.8,38
2022,6,Washington State,1614.4,39
2022,6,Oregon State,1613.8,40
2022,6,Arkansas,1612.8,41
2022,6,Oklahoma,1611.2,42
2022,6,James Madison,1610.8,43
2022,6,San José State,1600.2,44
2022,6,Florida,1597.1,45
2022,6,Washington,1596.3,46
2022,6,Iowa State,1595.5,47
2022,6,Boise State,1595.0,48
2022,6,Memphis,1594.3,49
2022,6,South Carolina,1587.8,50
2022,6,Toledo,1586.5,51
2022,6,South Alabama,1586.0,52
2022,6,Kansas,1584.7,53
2022,6,Tulane,1583.3,54
2022,6,UAB,1582.5,55
2022,6,Wisconsin,1581.0,56
2022,6,Florida State,1579.1,57
2022,6,Louisville,1568.9,58
2022,6,Western Kentucky,1565.0,59
2022,6,Houston,1556.9,60
2022,6,SMU,1556.3,61
2022,6,Troy,1554.4,62
2022,6,Auburn,1548.3,63
2022,6,Air Force,1547.8,64
2022,6,App State,1545.6,65
2022,6,Texas Tech,1541.3,66
2022,6,California,1538.7,67
2022,6,East Carolina,1538.6,68
2022,6,Duke,1538.4,69
2022,6,Louisiana,1534.4,70
2022,6,West Virginia,1532.9,71
2022,6,Michigan State,1532.8,72
2022,6,Marshall,1525.9,73
2022,6,Miami,1524.4,74
2022,6,Eastern Michigan,1514.5,75
2022,6,UNLV,1505.9,76
2022,6,Arizona State,1503.6,77
2022,6,Rice,1500.8,78
2022,6,Nebraska,1500.7,79
2022,6,Missouri,1493.9,80
2022,6,Rutgers,1493.3,81
2022,6,Georgia State,1492.6,82
2022,6,Buffalo,1487.1,83
2022,6,Vanderbilt,1485.1,84
2022,6,Georgia Tech,1479.9,85
2022,6,Indiana,1477.6,86
2022,6,Miami (OH),1476.8,87
2022,6,San Diego State,1476.5,88
2022,6,Wyoming,1475.6,89
2022,6,Virginia Tech,1475.3,90
2022,6,Middle Tennessee,1473.9,91
2022,6,Texas State,1466.5,92
2022,6,Fresno State,1464.5,93
2022,6,Boston College,1464.1,94
2022,6,Georgia Southern,1461.8,95
2022,6,North Texas,1456.6,96
2022,6,Kent State,1452.5,97
2022,6,Old Dominion,1451.6,98
2022,6,Arizona,1448.5,99
2022,6,Nevada,1447.8,100
2022,6,Ball State,1444.6,101
2022,6,Tulsa,1444.1,102
2022,6,Utah State,1439.7,103
2022,6,Virginia,1436.8,104
2022,6,Louisiana Tech,1434.9,105
2022,6,UTEP,1432.2,106
2022,6,Ohio,1431.6,107
2022,6,Stanford,1430.7,108
2022,6,Central Michigan,1427.1,109
2022,6,Navy,1418.2,110
2022,6,Florida Atlantic,1415.6,111
2022,6,Army,1411.7,112
2022,6,Western Michigan,1411.6,113
2022,6,Southern Miss,1411.4,114
2022,6,UConn,1402.3,115
2022,6,Arkansas State,1398.1,116
2022,6,Temple,1390.1,117
2022,6,UL Monroe,1389.2,118
2022,6,Northern Illinois,1374.5,119
2022,6,Bowling Green,1374.4,120
2022,6,New Mexico,1362.7,121
2022,6,Northwestern,1353.3,122
2022,6,South Florida,1349.8,123
2022,6,Colorado,1336.9,124
2022,6,Akron,1313.4,125
2022,6,Florida International,1309.8,126
2022,6,Hawai'i,1309.0,127
2022,6,Colorado State,1307.5,128
2022,6,New Mexico State,1290.3,129
2022,6,Charlotte,1279.3,130
2022,6,Massachusetts,1252.3,131
2022,7,Georgia,1865.1,1
2022,7,Ohio State,1843.9,2
2022,7,Michigan,1843.7,3
2022,7,Alabama,1842.7,4
2022,7,Clemson,1819.8,5
2022,7,Ole Miss,1782.4,6
2022,7,Tennessee,1778.4,7
2022,7,Oklahoma State,1752.0,8
2022,7,Cincinnati,1749.1,9
2022,7,TCU,1747.6,10
2022,7,Penn State,1741.4,11
2022,7,UCLA,1730.7,12
2022,7,Utah,1722.9,13
2022,7,Oregon,1722.7,14
2022,7,USC,1718.7,15
2022,7,Texas,1712.1,16
2022,7,Notre Dame,1704.3,17
2022,7,Wake Forest,1695.0,18
2022,7,Kentucky,1688.6,19
2022,7,Illinois,1684.7,20
2022,7,Mississippi State,1681.2,21
2022,7,Pittsburgh,1668.4,22
2022,7,North Carolina,1667.0,23
2022,7,LSU,1666.7,24
2022,7,UCF,1665.5,25
2022,7,Syracuse,1664.8,26
2022,7,Maryland,1660.7,27
2022,7,Arkansas,1654.1,28
2022,7,Purdue,1643.5,29
2022,7,Kansas State,1642.7,30
2022,7,NC State,1641.3,31
2022,7,Oregon State,1639.6,32
2022,7,UTSA,1637.1,33
2022,7,Minnesota,1636.6,34
2022,7,Iowa,1635.9,35
2022,7,Texas A&M,1634.3,36
2022,7,Oklahoma,1631.7,37
2022,7,Baylor,1630.9,38
2022,7,Coastal Carolina,1629.5,39
2022,7,Liberty,1617.5,40
2022,7,Washington,1608.2,41
2022,7,Toledo,1602.9,42
2022,7,Tulane,1602.6,43
2022,7,Western Kentucky,1598.1,44
2022,7,Boise State,1595.0,45
2022,7,South Alabama,1594.0,46
2022,7,Air Force,1593.2,47
2022,7,BYU,1589.5,48
2022,7,Washington State,1588.7,49
2022,7,UAB,1588.5,50
2022,7,South Carolina,1587.8,51
2022,7,Iowa State,1587.2,52
2022,7,Memphis,1581.5,53
2022,7,James Madison,1578.7,54
2022,7,San José State,1569.2,55
2022,7,Louisville,1568.9,56
2022,7,Louisiana,1567.0,57
2022,7,Florida,1566.5,58
2022,7,SMU,1566.4,59
2022,7,Florida State,1564.9,60
2022,7,Kansas,1564.2,61
2022,7,Troy,1563.5,62
2022,7,Wisconsin,1558.9,63
2022,7,Houston,1556.9,64
2022,7,Michigan State,1554.9,65
2022,7,West Virginia,1552.5,66
2022,7,East Carolina,1551.3,67
2022,7,Miami,1548.7,68
2022,7,App State,1545.6,69
2022,7,Texas Tech,1541.3,70
2022,7,Auburn,1539.2,71
2022,7,Duke,1523.8,72
2022,7,Old Dominion,1512.1,73
2022,7,Buffalo,1510.8,74
2022,7,Arizona State,1503.6,75
2022,7,California,1502.1,76
2022,7,Fresno State,1495.4,77
2022,7,Georgia Southern,1493.9,78
2022,7,Missouri,1493.9,79
2022,7,Marshall,1493.3,80
2022,7,Rutgers,1493.3,81
2022,7,Georgia State,1492.6,82
2022,7,Nebraska,1490.3,83
2022,7,North Texas,1483.1,84
2022,7,Rice,1483.0,85
2022,7,Georgia Tech,1479.9,86
2022,7,Vanderbilt,1479.2,87
2022,7,San Diego State,1476.5,88
2022,7,Wyoming,1475.6,89
2022,7,Ohio,1471.4,90
2022,7,Boston College,1464.1,91
2022,7,Indiana,1461.5,92
2022,7,UNLV,1460.5,93
2022,7,Ball State,1457.5,94
2022,7,Texas State,1457.4,95
2022,7,Eastern Michigan,1457.4,96
2022,7,Utah State,1455.8,97
2022,7,Miami (OH),1455.1,98
2022,7,Virginia Tech,1451.1,99
2022,7,Stanford,1450.8,100
2022,7,Central Michigan,1449.0,101
2022,7,Tulsa,1444.1,102
2022,7,Middle Tennessee,1440.8,103
2022,7,Virginia,1436.8,104
2022,7,Arizona,1436.5,105
2022,7,Kent State,1436.1,106
2022,7,Florida Atlantic,1433.4,107
2022,7,UTEP,1432.2,108
2022,7,Northern Illinois,1431.7,109
2022,7,Southern Miss,1417.7,110
2022,7,Army,1417.4,111
2022,7,Louisiana Tech,1408.3,112
2022,7,Navy,1408.0,113
2022,7,Nevada,1406.2,114
2022,7,Bowling Green,1396.1,115
2022,7,Arkansas State,1391.9,116
2022,7,UConn,1389.4,117
2022,7,UL Monroe,1381.1,118
2022,7,Temple,1379.0,119
2022,7,Colorado,1373.5,120
2022,7,Western Michigan,1371.9,121
2022,7,Northwestern,1353.3,122
2022,7,Hawai'i,1350.6,123
2022,7,New Mexico,1331.1,124
2022,7,South Florida,1330.5,125
2022,7,New Mexico State,1321.8,126
2022,7,Florida International,1293.7,127
2022,7,Akron,1291.4,128
2022,7,Colorado State,1291.3,129
2022,7,Charlotte,1273.3,130
2022,7,Massachusetts,1228.6,131
2022,8,Georgia,1865.1,1
2022,8,Ohio State,1857.9,2
2022,8,Alabama,1857.7,3
2022,8,Michigan,1843.7,4
2022,8,Clemson,1829.1,5
2022,8,Tennessee,1780.9,6
2022,8,Oklahoma State,1768.8,7
2022,8,TCU,1762.2,8
2022,8,Penn State,1761.9,9
2022,8,Cincinnati,1758.5,10
2022,8,Oregon,1749.9,11
2022,8,Ole Miss,1736.6,12
2022,8,Utah,1722.9,13
2022,8,USC,1718.7,14
2022,8,Notre Dame,1713.9,15
2022,8,LSU,1712.5,16
2022,8,Wake Forest,1706.0,17
2022,8,UCLA,1703.5,18
2022,8,Texas,1695.2,19
2022,8,Kentucky,1688.6,20
2022,8,Illinois,1684.7,21
2022,8,North Carolina,1667.0,22
2022,8,Mississippi State,1666.3,23
2022,8,Maryland,1665.1,24
2022,8,Syracuse,1655.4,25
2022,8,Arkansas,1654.1,26
2022,8,Baylor,1649.5,27
2022,8,Oregon State,1649.1,28
2022,8,Liberty,1645.8,29
2022,8,UTSA,1644.9,30
2022,8,NC State,1641.3,31
2022,8,Pittsburgh,1632.2,32
2022,8,Oklahoma,1631.7,33
2022,8,Washington,1630.6,34
2022,8,Coastal Carolina,1629.5,35
2022,8,Kansas State,1628.1,36
2022,8,Tulane,1623.6,37
2022,8,UCF,1622.2,38
2022,8,Iowa,1621.9,39
2022,8,Boise State,1619.7,40
2022,8,Minnesota,1616.1,41
2022,8,Texas A&M,1612.3,42
2022,8,Purdue,1611.8,43
2022,8,Western Kentucky,1610.8,44
2022,8,South Carolina,1609.7,45
2022,8,Louisville,1605.1,46
2022,8,East Carolina,1594.6,47
2022,8,Wisconsin,1590.7,48
2022,8,Washington State,1588.7,49
2022,8,Iowa State,1587.2,50
2022,8,Troy,1587.0,51
2022,8,Houston,1584.9,52
2022,8,Louisiana,1580.2,53
2022,8,Texas Tech,1577.6,54
2022,8,UAB,1575.8,55
2022,8,Toledo,1575.7,56
2022,8,App State,1570.6,57
2022,8,South Alabama,1570.6,58
2022,8,Duke,1570.3,59
2022,8,San José State,1569.2,60
2022,8,Air Force,1568.5,61
2022,8,Florida,1566.5,62
2022,8,Florida State,1564.9,63
2022,8,BYU,1561.1,64
2022,8,Memphis,1560.5,65
2022,8,SMU,1557.0,66
2022,8,Michigan State,1554.9,67
2022,8,Kansas,1545.7,68
2022,8,Auburn,1539.2,69
2022,8,Buffalo,1538.0,70
2022,8,Marshall,1536.1,71
2022,8,James Madison,1535.9,72
2022,8,Fresno State,1527.1,73
2022,8,Georgia Southern,1519.5,74
2022,8,West Virginia,1516.2,75
2022,8,Rutgers,1510.7,76
2022,8,San Diego State,1510.1,77
2022,8,Missouri,1506.3,78
2022,8,Miami,1502.2,79
2022,8,Wyoming,1499.4,80
2022,8,Arizona State,1495.6,81
2022,8,Rice,1491.1,82
2022,8,Nebraska,1490.3,83
2022,8,Ohio,1488.2,84
2022,8,Old Dominion,1486.5,85
2022,8,California,1479.7,86
2022,8,Eastern Michigan,1479.6,87
2022,8,North Texas,1475.4,88
2022,8,Tulsa,1473.9,89
2022,8,Virginia,1467.7,90
2022,8,Georgia State,1467.6,91
2022,8,Vanderbilt,1466.7,92
2022,8,Stanford,1458.8,93
2022,8,Boston College,1453.2,94
2022,8,Virginia Tech,1451.1,95
2022,8,UNLV,1450.8,96
2022,8,Georgia Tech,1448.9,97
2022,8,Southern Miss,1446.5,98
2022,8,Kent State,1445.9,99
2022,8,UTEP,1445.4,100
2022,8,Indiana,1444.1,101
2022,8,Army,1443.9,102
2022,8,Middle Tennessee,1440.8,103
2022,8,Bowling Green,1438.9,104
2022,8,Arizona,1436.5,105
2022,8,Ball State,1435.3,106
2022,8,Utah State,1432.0,107
2022,8,Texas State,1428.6,108
2022,8,Miami (OH),1424.4,109
2022,8,Florida Atlantic,1420.1,110
2022,8,Northern Illinois,1414.8,111
2022,8,Central Michigan,1406.2,112
2022,8,Western Michigan,1402.5,113
2022,8,Louisiana Tech,1400.2,114
2022,8,UConn,1389.4,115
2022,8,Navy,1380.0,116
2022,8,Arkansas State,1378.7,117
2022,8,Nevada,1372.6,118
2022,8,Colorado,1363.9,119
2022,8,UL Monroe,1354.6,120
2022,8,Temple,1349.2,121
2022,8,Northwestern,1348.8,122
2022,8,Florida International,1333.5,123
2022,8,Hawai'i,1331.7,124
2022,8,South Florida,1330.5,125
2022,8,New Mexico State,1321.8,126
2022,8,Colorado State,1310.3,127
2022,8,New Mexico,1299.4,128
2022,8,Akron,1281.6,129
2022,8,Charlotte,1233.6,130
2022,8,Massachusetts,1228.6,131
2022,9,Ohio State,1887.1,1
2022,9,Georgia,1875.2,2
2022,9,Alabama,1857.7,3
2022,9,Michigan,1851.2,4
2022,9,Clemson,1829.1,5
2022,9,Tennessee,1804.5,6
2022,9,TCU,1778.6,7
2022,9,Oregon,1768.2,8
2022,9,Ole Miss,1750.8,9
2022,9,Notre Dame,1749.2,10
2022,9,Utah,1738.9,11
2022,9,Cincinnati,1734.5,12
2022,9,Penn State,1732.6,13
2022,9,USC,1731.7,14
2022,9,UCLA,1713.4,15
2022,9,LSU,1712.5,16
2022,9,Oklahoma State,1710.1,17
2022,9,Illinois,1708.5,18
2022,9,Texas,1695.2,19
2022,9,North Carolina,1691.3,20
2022,9,Baylor,1689.2,21
2022,9,Kansas State,1686.9,22
2022,9,Arkansas,1682.6,23
2022,9,Mississippi State,1666.3,24
2022,9,Oklahoma,1665.8,25
2022,9,Maryland,1665.1,26
2022,9,Kentucky,1665.0,27
2022,9,Wake Forest,1661.1,28
2022,9,Coastal Carolina,1657.2,29
2022,9,Louisville,1650.0,30
2022,9,Oregon State,1649.1,31
2022,9,UCF,1646.2,32
2022,9,Liberty,1645.8,33
2022,9,UTSA,1644.9,34
2022,9,NC State,1644.1,35
2022,9,Minnesota,1637.1,36
2022,9,Washington,1630.6,37
2022,9,Iowa,1629.8,38
2022,9,Boise State,1627.5,39
2022,9,Tulane,1623.6,40
2022,9,Syracuse,1620.2,41
2022,9,East Carolina,1612.5,42
2022,9,Purdue,1611.8,43
2022,9,Pittsburgh,1607.8,44
2022,9,South Alabama,1598.4,45
2022,9,Texas A&M,1598.1,46
2022,9,Houston,1592.9,47
2022,9,Toledo,1591.1,48
2022,9,Wisconsin,1590.7,49
2022,9,Troy,1587.0,50
2022,9,SMU,1585.5,51
2022,9,Florida State,1583.7,52
2022,9,San José State,1577.3,53
2022,9,Washington State,1572.6,54
2022,9,App State,1571.8,55
2022,9,Duke,1570.3,56
2022,9,Air Force,1568.5,57
2022,9,South Carolina,1567.1,58
2022,9,Memphis,1560.5,59
2022,9,Florida,1556.4,60
2022,9,Western Kentucky,1555.0,61
2022,9,Iowa State,1553.1,62
2022,9,Missouri,1549.0,63
2022,9,Michigan State,1547.4,64
2022,9,Kansas,1545.7,65
2022,9,BYU,1543.3,66
2022,9,UAB,1543.1,67
2022,9,Fresno State,1541.4,68
2022,9,Louisiana,1539.2,69
2022,9,Buffalo,1538.0,70
2022,9,Texas Tech,1537.9,71
2022,9,James Madison,1535.9,72
2022,9,North Texas,1531.1,73
2022,9,Georgia Southern,1519.5,74
2022,9,Wyoming,1518.1,75
2022,9,Arizona State,1517.7,76
2022,9,Miami,1516.3,77
2022,9,Auburn,1510.7,78
2022,9,Marshall,1508.4,79
2022,9,West Virginia,1499.8,80
2022,9,San Diego State,1495.8,81
2022,9,Georgia State,1495.3,82
2022,9,Rutgers,1489.7,83
2022,9,Ohio,1488.2,84
2022,9,Southern Miss,1487.6,85
2022,9,Middle Tennessee,1475.4,86
2022,9,Vanderbilt,1466.7,87
2022,9,Nebraska,1466.6,88
2022,9,Eastern Michigan,1464.3,89
2022,9,California,1461.4,90
2022,9,Old Dominion,1458.8,91
2022,9,Virginia,1453.6,92
2022,9,Miami (OH),1453.0,93
2022,9,Florida Atlantic,1452.8,94
2022,9,UNLV,1450.8,95
2022,9,Stanford,1448.9,96
2022,9,Virginia Tech,1448.3,97
2022,9,Kent State,1445.9,98
2022,9,Tulsa,1445.4,99
2022,9,Indiana,1444.1,100
2022,9,Army,1443.9,101
2022,9,Bowling Green,1438.9,102
2022,9,Ball State,1435.3,103
2022,9,Utah State,1432.0,104
2022,9,Georgia Tech,1430.1,105
2022,9,Texas State,1428.6,106
2022,9,Rice,1427.3,107
2022,9,Boston College,1424.5,108
2022,9,Arizona,1423.5,109
2022,9,UConn,1418.1,110
2022,9,Northern Illinois,1414.8,111
2022,9,UTEP,1410.8,112
2022,9,Central Michigan,1406.2,113
2022,9,Western Michigan,1402.5,114
2022,9,Navy,1397.5,115
2022,9,Louisiana Tech,1373.7,116
2022,9,Nevada,1364.5,117
2022,9,Florida International,1360.0,118
2022,9,UL Monroe,1354.6,119
2022,9,Arkansas State,1350.8,120
2022,9,New Mexico State,1348.6,121
2022,9,Colorado,1341.9,122
2022,9,Northwestern,1340.9,123
2022,9,Temple,1331.7,124
2022,9,South Florida,1322.5,125
2022,9,Hawai'i,1313.0,126
2022,9,Colorado State,1302.4,127
2022,9,New Mexico,1299.4,128
2022,9,Charlotte,1297.4,129
2022,9,Akron,1253.0,130
2022,9,Massachusetts,1201.8,131
2022,10,Georgia,1894.4,1
2022,10,Ohio State,1892.0,2
2022,10,Michigan,1866.4,3
2022,10,Alabama,1847.1,4
2022,10,Clemson,1790.2,5
2022,10,Notre Dame,1788.1,6
2022,10,TCU,1786.0,7
2022,10,Tennessee,1785.3,8
2022,10,Oregon,1779.9,9
2022,10,Penn State,1752.7,10
2022,10,Ole Miss,1750.8,11
2022,10,Utah,1745.6,12
2022,10,Cincinnati,1738.9,13
2022,10,USC,1736.9,14
2022,10,UCLA,1735.5,15
2022,10,Texas,1723.5,16
2022,10,LSU,1723.1,17
2022,10,Baylor,1707.5,18
2022,10,North Carolina,1701.1,19
2022,10,Kentucky,1681.9,20
2022,10,Mississippi State,1675.6,21
2022,10,Iowa,1671.0,22
2022,10,Coastal Carolina,1671.0,23
2022,10,Illinois,1670.9,24
2022,10,UCF,1669.9,25
2022,10,Louisville,1668.8,26
2022,10,NC State,1667.4,27
2022,10,Arkansas,1666.4,28
2022,10,UTSA,1666.1,29
2022,10,Liberty,1662.0,30
2022,10,Oklahoma State,1660.4,31
2022,10,Kansas State,1658.6,32
2022,10,Minnesota,1655.6,33
2022,10,Oklahoma,1647.5,34
2022,10,Tulane,1647.1,35
2022,10,Washington,1644.7,36
2022,10,Wake Forest,1637.8,37
2022,10,Oregon State,1635.0,38
2022,10,Maryland,1632.5,39
2022,10,Pittsburgh,1631.7,40
2022,10,Florida State,1628.6,41
2022,10,Wisconsin,1623.4,42
2022,10,South Alabama,1622.6,43
2022,10,East Carolina,1612.5,44
2022,10,SMU,1612.0,45
2022,10,Troy,1611.3,46
2022,10,Washington State,1610.2,47
2022,10,Boise State,1605.6,48
2022,10,Florida,1599.4,49
2022,10,Syracuse,1596.3,50
2022,10,Kansas,1595.3,51
2022,10,South Carolina,1594.3,52
2022,10,Toledo,1591.1,53
2022,10,Duke,1590.3,54
2022,10,Michigan State,1585.0,55
2022,10,Air Force,1584.8,56
2022,10,San José State,1583.9,57
2022,10,Western Kentucky,1580.9,58
2022,10,Iowa State,1575.3,59
2022,10,Purdue,1570.6,60
2022,10,Houston,1566.4,61
2022,10,BYU,1565.1,62
2022,10,App State,1557.9,63
2022,10,Texas A&M,1555.2,64
2022,10,Fresno State,1553.9,65
2022,10,North Texas,1547.3,66
2022,10,Georgia State,1541.1,67
2022,10,Marshall,1540.3,68
2022,10,Memphis,1536.9,69
2022,10,Missouri,1532.1,70
2022,10,Texas Tech,1530.5,71
2022,10,Ohio,1523.5,72
2022,10,UAB,1521.9,73
2022,10,Wyoming,1518.1,74
2022,10,James Madison,1517.1,75
2022,10,Louisiana,1514.8,76
2022,10,San Diego State,1508.5,77
2022,10,Buffalo,1502.8,78
2022,10,Auburn,1501.4,79
2022,10,Arizona State,1495.6,80
2022,10,Georgia Southern,1495.4,81
2022,10,West Virginia,1477.7,82
2022,10,Rutgers,1474.4,83
2022,10,Miami,1471.4,84
2022,10,Ball State,1464.6,85
2022,10,Eastern Michigan,1464.3,86
2022,10,California,1456.3,87
2022,10,Miami (OH),1453.0,88
2022,10,Florida Atlantic,1452.8,89
2022,10,Bowling Green,1452.2,90
2022,10,Nebraska,1448.1,91
2022,10,Utah State,1447.5,92
2022,10,Rice,1445.8,93
2022,10,Virginia,1443.8,94
2022,10,Central Michigan,1443.2,95
2022,10,Southern Miss,1441.7,96
2022,10,Georgia Tech,1440.0,97
2022,10,Vanderbilt,1439.5,98
2022,10,Virginia Tech,1438.4,99
2022,10,UNLV,1438.1,100
2022,10,Middle Tennessee,1437.2,101
2022,10,UConn,1428.3,102
2022,10,Army,1427.6,103
2022,10,Old Dominion,1426.9,104
2022,10,Indiana,1424.1,105
2022,10,Tulsa,1421.9,106
2022,10,Texas State,1420.0,107
2022,10,Arizona,1416.8,108
2022,10,Kent State,1416.6,109
2022,10,Louisiana Tech,1411.9,110
2022,10,Stanford,1411.3,111
2022,10,Boston College,1404.5,112
2022,10,Navy,1393.1,113
2022,10,UTEP,1392.3,114
2022,10,Western Michigan,1389.3,115
2022,10,Northern Illinois,1377.8,116
2022,10,Nevada,1364.5,117
2022,10,UL Monroe,1363.2,118
2022,10,Temple,1361.9,119
2022,10,Arkansas State,1350.8,120
2022,10,New Mexico State,1348.6,121
2022,10,Florida International,1343.8,122
2022,10,Northwestern,1336.0,123
2022,10,Colorado,1330.1,124
2022,10,Hawai'i,1300.6,125
2022,10,Colorado State,1295.8,126
2022,10,South Florida,1292.3,127
2022,10,New Mexico,1284.0,128
2022,10,Charlotte,1271.5,129
2022,10,Akron,1253.0,130
2022,10,Massachusetts,1191.6,131
2022,11,Georgia,1919.3,1
2022,11,Ohio State,1895.3,2
2022,11,Michigan,1870.4,3
2022,11,Alabama,1868.6,4
2022,11,TCU,1811.1,5
2022,11,Clemson,1805.8,6
2022,11,Tennessee,1796.2,7
2022,11,Notre Dame,1791.9,8
2022,11,Penn State,1772.1,9
2022,11,Oregon,1756.8,10
2022,11,Utah,1752.3,11
2022,11,Cincinnati,1744.9,12
2022,11,USC,1741.4,13
2022,11,LSU,1740.1,14
2022,11,Ole Miss,1729.2,15
2022,11,North Carolina,1714.3,16
2022,11,Kansas State,1709.2,17
2022,11,UCLA,1699.7,18
2022,11,Texas,1698.4,19
2022,11,UCF,1697.3,20
2022,11,Iowa,1692.2,21
2022,11,UTSA,1677.1,22
2022,11,Coastal Carolina,1675.6,23
2022,11,Florida State,1674.9,24
2022,11,Oklahoma State,1673.4,25
2022,11,Washington,1667.9,26
2022,11,Minnesota,1662.4,27
2022,11,Pittsburgh,1660.5,28
2022,11,Kentucky,1656.9,29
2022,11,Baylor,1656.9,30
2022,11,NC State,1654.8,31
2022,11,Louisville,1653.1,32
2022,11,Mississippi State,1650.7,33
2022,11,Arkansas,1649.4,34
2022,11,Oregon State,1649.4,35
2022,11,Illinois,1637.4,36
2022,11,Liberty,1635.9,37
2022,11,South Alabama,1633.5,38
2022,11,Florida,1632.0,39
2022,11,Boise State,1631.1,40
2022,11,SMU,1627.0,41
2022,11,Oklahoma,1624.9,42
2022,11,Wake Forest,1624.6,43
2022,11,Washington State,1624.2,44
2022,11,Tulane,1619.6,45
2022,11,Troy,1614.2,46
2022,11,Maryland,1613.0,47
2022,11,East Carolina,1606.4,48
2022,11,Duke,1604.4,49
2022,11,Purdue,1604.0,50
2022,11,Toledo,1602.5,51
2022,11,Wisconsin,1602.1,52
2022,11,Western Kentucky,1599.9,53
2022,11,Michigan State,1596.5,54
2022,11,Air Force,1592.6,55
2022,11,Fresno State,1575.7,56
2022,11,Houston,1574.2,57
2022,11,BYU,1565.1,58
2022,11,Texas Tech,1563.7,59
2022,11,Iowa State,1562.3,60
2022,11,Kansas,1562.1,61
2022,11,South Carolina,1561.7,62
2022,11,Marshall,1561.4,63
2022,11,James Madison,1557.2,64
2022,11,Ohio,1557.0,65
2022,11,UAB,1553.7,66
2022,11,Memphis,1553.3,67
2022,11,Syracuse,1550.0,68
2022,11,San José State,1548.8,69
2022,11,San Diego State,1543.7,70
2022,11,Louisiana,1541.2,71
2022,11,Texas A&M,1539.2,72
2022,11,App State,1536.8,73
2022,11,Wyoming,1523.2,74
2022,11,Missouri,1521.2,75
2022,11,Auburn,1517.4,76
2022,11,Georgia State,1517.1,77
2022,11,North Texas,1515.5,78
2022,11,Miami,1511.5,79
2022,11,West Virginia,1500.3,80
2022,11,Florida Atlantic,1493.8,81
2022,11,Buffalo,1483.8,82
2022,11,Arizona State,1481.6,83
2022,11,Eastern Michigan,1479.3,84
2022,11,Georgia Southern,1469.0,85
2022,11,Kent State,1468.9,86
2022,11,Utah State,1467.4,87
2022,11,Vanderbilt,1464.4,88
2022,11,Rutgers,1462.9,89
2022,11,Central Michigan,1462.2,90
2022,11,UConn,1454.4,91
2022,11,Ball State,1453.1,92
2022,11,Arizona,1452.6,93
2022,11,Middle Tennessee,1448.1,94
2022,11,Nebraska,1444.1,95
2022,11,California,1441.9,96
2022,11,Southern Miss,1437.2,97
2022,11,Rice,1426.9,98
2022,11,Army,1424.7,99
2022,11,Virginia Tech,1424.3,100
2022,11,Indiana,1420.8,101
2022,11,Miami (OH),1419.4,102
2022,11,Boston College,1417.1,103
2022,11,UNLV,1416.2,104
2022,11,Virginia,1415.0,105
2022,11,Texas State,1409.1,106
2022,11,Tulsa,1405.5,107
2022,11,Stanford,1404.7,108
2022,11,Louisiana Tech,1400.9,109
2022,11,Georgia Tech,1399.9,110
2022,11,Bowling Green,1399.9,111
2022,11,Northern Illinois,1397.3,112
2022,11,UTEP,1392.3,113
2022,11,Navy,1389.3,114
2022,11,UL Monroe,1387.2,115
2022,11,Old Dominion,1386.9,116
2022,11,Western Michigan,1369.8,117
2022,11,Arkansas State,1356.0,118
2022,11,New Mexico State,1354.2,119
2022,11,Temple,1354.1,120
2022,11,Nevada,1339.1,121
2022,11,Northwestern,1329.2,122
2022,11,Colorado,1325.7,123
2022,11,Florida International,1302.8,124
2022,11,Colorado State,1290.7,125
2022,11,Hawai'i,1280.7,126
2022,11,South Florida,1277.3,127
2022,11,New Mexico,1276.2,128
2022,11,Charlotte,1260.6,129
2022,11,Akron,1238.0,130
2022,11,Massachusetts,1186.5,131
2022,12,Georgia,1934.6,1
2022,12,Ohio State,1910.9,2
2022,12,Michigan,1874.0,3
2022,12,Alabama,1870.0,4
2022,12,TCU,1817.6,5
2022,12,Clemson,1813.8,6
2022,12,Notre Dame,1797.5,7
2022,12,Penn State,1792.5,8
2022,12,Oregon,1769.7,9
2022,12,USC,1758.9,10
2022,12,Cincinnati,1756.3,11
2022,12,LSU,1754.3,12
2022,12,Utah,1739.3,13
2022,12,Texas,1735.3,14
2022,12,Tennessee,1734.6,15
2022,12,Kansas State,1731.8,16
2022,12,Iowa,1710.3,17
2022,12,UTSA,1701.0,18
2022,12,Ole Miss,1694.3,19
2022,12,Florida State,1693.5,20
2022,12,North Carolina,1684.7,21
2022,12,Arkansas,1684.3,22
2022,12,UCLA,1682.1,23
2022,12,Louisville,1679.6,24
2022,12,Oregon State,1678.2,25
2022,12,Coastal Carolina,1675.6,26
2022,12,Washington,1674.8,27
2022,12,UCF,1671.9,28
2022,12,Pittsburgh,1668.8,29
2022,12,Oklahoma,1656.4,30
2022,12,Tulane,1654.6,31
2022,12,Mississippi State,1653.1,32
2022,12,Baylor,1650.4,33
2022,12,South Alabama,1650.4,34
2022,12,Washington State,1646.2,35
2022,12,Boise State,1646.0,36
2022,12,Minnesota,1644.4,37
2022,12,Oklahoma State,1641.9,38
2022,12,Kentucky,1641.6,39
2022,12,Wake Forest,1641.3,40
2022,12,Illinois,1633.8,41
2022,12,NC State,1628.3,42
2022,12,Houston,1628.2,43
2022,12,Troy,1623.9,44
2022,12,Liberty,1623.6,45
2022,12,South Carolina,1623.3,46
2022,12,Purdue,1609.7,47
2022,12,Wisconsin,1608.5,48
2022,12,Fresno State,1599.2,49
2022,12,Air Force,1598.3,50
2022,12,Florida,1598.3,51
2022,12,Maryland,1597.4,52
2022,12,Duke,1596.1,53
2022,12,SMU,1592.0,54
2022,12,Marshall,1591.0,55
2022,12,Ohio,1586.4,56
2022,12,Texas Tech,1585.9,57
2022,12,BYU,1568.4,58
2022,12,James Madison,1566.1,59
2022,12,Toledo,1565.9,60
2022,12,San Diego State,1563.9,61
2022,12,Western Kentucky,1559.0,62
2022,12,Michigan State,1558.5,63
2022,12,Auburn,1558.3,64
2022,12,Memphis,1555.6,65
2022,12,East Carolina,1552.5,66
2022,12,App State,1549.8,67
2022,12,Texas A&M,1544.0,68
2022,12,Iowa State,1540.1,69
2022,12,UAB,1539.5,70
2022,12,Missouri,1536.9,71
2022,12,Syracuse,1533.2,72
2022,12,San José State,1528.4,73
2022,12,Kansas,1525.1,74
2022,12,Louisiana,1522.6,75
2022,12,North Texas,1515.5,76
2022,12,Wyoming,1508.3,77
2022,12,Georgia State,1508.2,78
2022,12,Eastern Michigan,1507.5,79
2022,12,Miami,1503.5,80
2022,12,Vanderbilt,1498.1,81
2022,12,Utah State,1487.8,82
2022,12,Middle Tennessee,1485.9,83
2022,12,Buffalo,1483.8,84
2022,12,West Virginia,1477.7,85
2022,12,California,1458.9,86
2022,12,Indiana,1458.9,87
2022,12,Florida Atlantic,1455.9,88
2022,12,Army,1455.4,89
2022,12,Arizona State,1452.7,90
2022,12,Miami (OH),1445.1,91
2022,12,Central Michigan,1444.7,92
2022,12,Rutgers,1442.5,93
2022,12,Kent State,1440.8,94
2022,12,Georgia Southern,1439.5,95
2022,12,Nebraska,1437.7,96
2022,12,Virginia Tech,1436.6,97
2022,12,Bowling Green,1436.5,98
2022,12,Arizona,1430.6,99
2022,12,Georgia Tech,1429.5,100
2022,12,Ball State,1423.7,101
2022,12,UConn,1423.7,102
2022,12,Southern Miss,1420.2,103
2022,12,Texas State,1419.7,104
2022,12,Tulsa,1416.1,105
2022,12,UTEP,1415.5,106
2022,12,Virginia,1415.0,107
2022,12,Navy,1414.8,108
2022,12,Boston College,1411.5,109
2022,12,Rice,1403.0,110
2022,12,Stanford,1387.7,111
2022,12,UNLV,1387.3,112
2022,12,Western Michigan,1387.3,113
2022,12,UL Monroe,1377.4,114
2022,12,Old Dominion,1373.9,115
2022,12,Louisiana Tech,1373.9,116
2022,12,Northern Illinois,1371.6,117
2022,12,Arkansas State,1345.3,118
2022,12,Temple,1342.7,119
2022,12,New Mexico State,1338.6,120
2022,12,Northwestern,1323.6,121
2022,12,Colorado,1318.8,122
2022,12,Nevada,1315.5,123
2022,12,Hawai'i,1309.6,124
2022,12,Charlotte,1287.6,125
2022,12,Colorado State,1285.0,126
2022,12,Florida International,1279.6,127
2022,12,South Florida,1266.7,128
2022,12,New Mexico,1255.9,129
2022,12,Akron,1238.0,130
2022,12,Massachusetts,1181.6,131
2022,13,Georgia,1936.8,1
2022,13,Michigan,1920.2,2
2022,13,Alabama,1876.6,3
2022,13,Ohio State,1864.7,4
2022,13,TCU,1827.5,5
2022,13,Penn State,1802.1,6
2022,13,Clemson,1801.6,7
2022,13,USC,1786.2,8
2022,13,Notre Dame,1770.3,9
2022,13,Tennessee,1763.2,10
2022,13,Texas,1751.9,11
2022,13,Utah,1751.7,12
2022,13,Oregon,1748.7,13
2022,13,Kansas State,1743.0,14
2022,13,Cincinnati,1734.0,15
2022,13,Washington,1713.2,16
2022,13,Florida State,1706.8,17
2022,13,LSU,1704.6,18
2022,13,UTSA,1704.3,19
2022,13,Oregon State,1699.3,20
2022,13,Pittsburgh,1698.6,21
2022,13,UCLA,1697.6,22
2022,13,UCF,1679.2,23
2022,13,Ole Miss,1678.0,24
2022,13,Tulane,1677.0,25
2022,13,Iowa,1672.4,26
2022,13,Minnesota,1671.1,27
2022,13,Kentucky,1670.4,28
2022,13,Mississippi State,1669.4,29
2022,13,Arkansas,1667.5,30
2022,13,North Carolina,1663.7,31
2022,13,Boise State,1660.1,32
2022,13,South Alabama,1655.7,33
2022,13,Illinois,1653.2,34
2022,13,Louisville,1650.8,35
2022,13,NC State,1649.4,36
2022,13,Troy,1644.4,37
2022,13,Oklahoma,1639.4,38
2022,13,South Carolina,1635.4,39
2022,13,Purdue,1635.3,40
2022,13,Baylor,1633.8,41
2022,13,Air Force,1629.2,42
2022,13,Wake Forest,1625.7,43
2022,13,Coastal Carolina,1624.3,44
2022,13,Fresno State,1621.5,45
2022,13,James Madison,1617.3,46
2022,13,Maryland,1614.8,47
2022,13,Duke,1611.6,48
2022,13,Oklahoma State,1611.2,49
2022,13,Washington State,1607.8,50
2022,13,SMU,1603.3,51
2022,13,Marshall,1603.0,52
2022,13,Texas Tech,1602.8,53
2022,13,Ohio,1602.2,54
2022,13,Texas A&M,1593.7,55
2022,13,Houston,1591.3,56
2022,13,BYU,1588.2,57
2022,13,Florida,1585.0,58
2022,13,Wisconsin,1581.9,59
2022,13,Western Kentucky,1566.5,60
2022,13,East Carolina,1563.3,61
2022,13,UAB,1561.2,62
2022,13,Louisiana,1559.3,63
2022,13,Liberty,1558.1,64
2022,13,Syracuse,1557.0,65
2022,13,Missouri,1553.7,66
2022,13,Auburn,1551.7,67
2022,13,Michigan State,1548.9,68
2022,13,Memphis,1544.2,69
2022,13,San José State,1537.5,70
2022,13,Toledo,1533.5,71
2022,13,San Diego State,1533.1,72
2022,13,App State,1530.6,73
2022,13,Iowa State,1530.2,74
2022,13,Eastern Michigan,1529.5,75
2022,13,North Texas,1525.0,76
2022,13,Kansas,1513.8,77
2022,13,West Virginia,1508.5,78
2022,13,Middle Tennessee,1500.0,79
2022,13,Georgia State,1496.1,80
2022,13,Wyoming,1486.0,81
2022,13,Army,1477.7,82
2022,13,Nebraska,1475.5,83
2022,13,Miami,1473.7,84
2022,13,Utah State,1473.6,85
2022,13,Vanderbilt,1469.6,86
2022,13,Buffalo,1463.2,87
2022,13,Kent State,1461.4,88
2022,13,Georgia Southern,1458.7,89
2022,13,Tulsa,1452.9,90
2022,13,Miami (OH),1451.2,91
2022,13,Southern Miss,1450.5,92
2022,13,Florida Atlantic,1448.4,93
2022,13,Arizona,1444.9,94
2022,13,California,1443.5,95
2022,13,Arizona State,1438.4,96
2022,13,Virginia Tech,1436.6,97
2022,13,Indiana,1433.2,98
2022,13,Georgia Tech,1427.3,99
2022,13,Rutgers,1425.1,100
2022,13,UConn,1423.7,101
2022,13,Central Michigan,1422.7,102
2022,13,Bowling Green,1420.7,103
2022,13,Western Michigan,1419.7,104
2022,13,Ball State,1417.7,105
2022,13,Virginia,1415.0,106
2022,13,Navy,1414.8,107
2022,13,UTEP,1412.1,108
2022,13,New Mexico State,1404.0,109
2022,13,UNLV,1399.9,110
2022,13,Rice,1393.6,111
2022,13,Boston College,1387.7,112
2022,13,Texas State,1383.0,113
2022,13,Old Dominion,1368.6,114
2022,13,Stanford,1367.9,115
2022,13,Louisiana Tech,1352.3,116
2022,13,UL Monroe,1347.1,117
2022,13,Temple,1332.0,118
2022,13,Arkansas State,1324.9,119
2022,13,Northern Illinois,1313.2,120
2022,13,Colorado State,1309.5,121
2022,13,Colorado,1306.5,122
2022,13,Northwestern,1304.2,123
2022,13,Nevada,1302.9,124
2022,13,Hawai'i,1300.5,125
2022,13,Akron,1296.3,126
2022,13,Charlotte,1287.6,127
2022,13,Florida International,1265.5,128
2022,13,South Florida,1259.4,129
2022,13,New Mexico,1231.5,130
2022,13,Massachusetts,1159.4,131
2022,14,Georgia,1950.6,1
2022,14,Michigan,1930.8,2
2022,14,Alabama,1876.6,3
2022,14,Ohio State,1864.7,4
2022,14,Clemson,1828.8,5
2022,14,TCU,1807.6,6
2022,14,Penn State,1802.1,7
2022,14,Utah,1792.9,8
2022,14,Notre Dame,1770.3,9
2022,14,Tennessee,1763.2,10
2022,14,Kansas State,1762.9,11
2022,14,Texas,1751.9,12
2022,14,Oregon,1748.7,13
2022,14,USC,1744.9,14
2022,14,Cincinnati,1734.0,15
2022,14,UTSA,1717.5,16
2022,14,Washington,1713.2,17
2022,14,Florida State,1706.8,18
2022,14,Tulane,1704.7,19
2022,14,Oregon State,1699.3,20
2022,14,Pittsburgh,1698.6,21
2022,14,UCLA,1697.6,22
2022,14,LSU,1690.9,23
2022,14,Ole Miss,1678.0,24
2022,14,Iowa,1672.4,25
2022,14,Minnesota,1671.1,26
2022,14,Troy,1670.7,27
2022,14,Kentucky,1670.4,28
2022,14,Mississippi State,1669.4,29
2022,14,Arkansas,1667.5,30
2022,14,Fresno State,1659.4,31
2022,14,South Alabama,1655.7,32
2022,14,Illinois,1653.2,33
2022,14,UCF,1651.5,34
2022,14,Louisville,1650.8,35
2022,14,NC State,1649.4,36
2022,14,Oklahoma,1639.4,37
2022,14,North Carolina,1636.6,38
2022,14,South Carolina,1635.4,39
2022,14,Baylor,1633.8,40
2022,14,Air Force,1629.2,41
2022,14,Wake Forest,1625.7,42
2022,14,Purdue,1624.7,43
2022,14,Boise State,1622.2,44
2022,14,James Madison,1617.3,45
2022,14,Maryland,1614.8,46
2022,14,Duke,1611.6,47
2022,14,Oklahoma State,1611.2,48
2022,14,Washington State,1607.8,49
2022,14,SMU,1603.3,50
2022,14,Marshall,1603.0,51
2022,14,Texas Tech,1602.8,52
2022,14,Coastal Carolina,1598.0,53
2022,14,Texas A&M,1593.7,54
2022,14,Houston,1591.3,55
2022,14,BYU,1588.2,56
2022,14,Florida,1585.0,57
2022,14,Wisconsin,1581.9,58
2022,14,Ohio,1568.9,59
2022,14,Toledo,1566.8,60
2022,14,Western Kentucky,1566.5,61
2022,14,East Carolina,1563.3,62
2022,14,UAB,1561.2,63
2022,14,Louisiana,1559.3,64
2022,14,Liberty,1558.1,65
2022,14,Syracuse,1557.0,66
2022,14,Missouri,1553.7,67
2022,14,Auburn,1551.7,68
2022,14,Michigan State,1548.9,69
2022,14,Memphis,1544.2,70
2022,14,San José State,1537.5,71
2022,14,San Diego State,1533.1,72
2022,14,App State,1530.6,73
2022,14,Iowa State,1530.2,74
2022,14,Eastern Michigan,1529.5,75
2022,14,Kansas,1513.8,76
2022,14,North Texas,1511.8,77
2022,14,West Virginia,1508.5,78
2022,14,Middle Tennessee,1500.0,79
2022,14,Georgia State,1496.1,80
2022,14,Wyoming,1486.0,81
2022,14,Army,1477.7,82
2022,14,Nebraska,1475.5,83
2022,14,Miami,1473.7,84
2022,14,Utah State,1473.6,85
2022,14,Vanderbilt,1469.6,86
2022,14,Buffalo,1466.3,87
2022,14,Kent State,1461.4,88
2022,14,Georgia Southern,1458.7,89
2022,14,Tulsa,1452.9,90
2022,14,Miami (OH),1451.2,91
2022,14,Southern Miss,1450.5,92
2022,14,Florida Atlantic,1448.4,93
2022,14,Arizona,1444.9,94
2022,14,California,1443.5,95
2022,14,Arizona State,1438.4,96
2022,14,Virginia Tech,1436.6,97
2022,14,Indiana,1433.2,98
2022,14,Georgia Tech,1427.3,99
2022,14,Rutgers,1425.1,100
2022,14,UConn,1423.7,101
2022,14,Central Michigan,1422.7,102
2022,14,Bowling Green,1420.7,103
2022,14,Western Michigan,1419.7,104
2022,14,Ball State,1417.7,105
2022,14,Virginia,1415.0,106
2022,14,Navy,1414.8,107
2022,14,New Mexico State,1413.5,108
2022,14,UTEP,1412.1,109
2022,14,UNLV,1399.9,110
2022,14,Rice,1393.6,111
2022,14,Boston College,1387.7,112
2022,14,Texas State,1383.0,113
2022,14,Old Dominion,1368.6,114
2022,14,Stanford,1367.9,115
2022,14,Louisiana Tech,1352.3,116
2022,14,UL Monroe,1347.1,117
2022,14,Temple,1332.0,118
2022,14,Arkansas State,1324.9,119
2022,14,Northern Illinois,1313.2,120
2022,14,Colorado State,1309.5,121
2022,14,Colorado,1306.5,122
2022,14,Northwestern,1304.2,123
2022,14,Nevada,1302.9,124
2022,14,Hawai'i,1300.5,125
2022,14,Akron,1293.2,126
2022,14,Charlotte,1287.6,127
2022,14,Florida International,1265.5,128
2022,14,South Florida,1259.4,129
2022,14,New Mexico,1231.5,130
2022,14,Massachusetts,1159.4,131
2022,15,Georgia,1950.6,1
2022,15,Michigan,1930.8,2
2022,15,Alabama,1876.6,3
2022,15,Ohio State,1864.7,4
2022,15,Clemson,1828.8,5
2022,15,TCU,1807.6,6
2022,15,Penn State,1802.1,7
2022,15,Utah,1792.9,8
2022,15,Notre Dame,1770.3,9
2022,15,Tennessee,1763.2,10
2022,15,Kansas State,1762.9,11
2022,15,Texas,1751.9,12
2022,15,Oregon,1748.7,13
2022,15,USC,1744.9,14
2022,15,Cincinnati,1734.0,15
2022,15,UTSA,1717.5,16
2022,15,Washington,1713.2,17
2022,15,Florida State,1706.8,18
2022,15,Tulane,1704.7,19
2022,15,Oregon State,1699.3,20
2022,15,Pittsburgh,1698.6,21
2022,15,UCLA,1697.6,22
2022,15,LSU,1690.9,23
2022,15,Ole Miss,1678.0,24
2022,15,Iowa,1672.4,25
2022,15,Minnesota,1671.1,26
2022,15,Troy,1670.7,27
2022,15,Kentucky,1670.4,28
2022,15,Mississippi State,1669.4,29
2022,15,Arkansas,1667.5,30
2022,15,Fresno State,1659.4,31
2022,15,South Alabama,1655.7,32
2022,15,Illinois,1653.2,33
2022,15,UCF,1651.5,34
2022,15,Louisville,1650.8,35
2022,15,NC State,1649.4,36
2022,15,Oklahoma,1639.4,37
2022,15,North Carolina,1636.6,38
2022,15,South Carolina,1635.4,39
2022,15,Baylor,1633.8,40
2022,15,Air Force,1629.2,41
2022,15,Wake Forest,1625.7,42
2022,15,Purdue,1624.7,43
2022,15,Boise State,1622.2,44
2022,15,James Madison,1617.3,45
2022,15,Maryland,1614.8,46
2022,15,Duke,1611.6,47
2022,15,Oklahoma State,1611.2,48
2022,15,Washington State,1607.8,49
2022,15,SMU,1603.3,50
2022,15,Marshall,1603.0,51
2022,15,Texas Tech,1602.8,52
2022,15,Coastal Carolina,1598.0,53
2022,15,Texas A&M,1593.7,54
2022,15,Houston,1591.3,55
2022,15,BYU,1588.2,56
2022,15,Florida,1585.0,57
2022,15,Wisconsin,1581.9,58
2022,15,Ohio,1568.9,59
2022,15,Toledo,1566.8,60
2022,15,Western Kentucky,1566.5,61
2022,15,East Carolina,1563.3,62
2022,15,UAB,1561.2,63
2022,15,Louisiana,1559.3,64
2022,15,Liberty,1558.1,65
2022,15,Syracuse,1557.0,66
2022,15,Missouri,1553.7,67
2022,15,Auburn,1551.7,68
2022,15,Michigan State,1548.9,69
2022,15,Memphis,1544.2,70
2022,15,San José State,1537.5,71
2022,15,San Diego State,1533.1,72
2022,15,App State,1530.6,73
2022,15,Iowa State,1530.2,74
2022,15,Eastern Michigan,1529.5,75
2022,15,Kansas,1513.8,76
2022,15,North Texas,1511.8,77
2022,15,West Virginia,1508.5,78
2022,15,Middle Tennessee,1500.0,79
2022,15,Georgia State,1496.1,80
2022,15,Army,1491.0,81
2022,15,Wyoming,1486.0,82
2022,15,Nebraska,1475.5,83
2022,15,Miami,1473.7,84
2022,15,Utah State,1473.6,85
2022,15,Vanderbilt,1469.6,86
2022,15,Buffalo,1466.3,87
2022,15,Kent State,1461.4,88
2022,15,Georgia Southern,1458.7,89
2022,15,Tulsa,1452.9,90
2022,15,Miami (OH),1451.2,91
2022,15,Southern Miss,1450.5,92
2022,15,Florida Atlantic,1448.4,93
2022,15,Arizona,1444.9,94
2022,15,California,1443.5,95
2022,15,Arizona State,1438.4,96
2022,15,Virginia Tech,1436.6,97
2022,15,Indiana,1433.2,98
2022,15,Georgia Tech,1427.3,99
2022,15,Rutgers,1425.1,100
2022,15,UConn,1423.7,101
2022,15,Central Michigan,1422.7,102
2022,15,Bowling Green,1420.7,103
2022,15,Western Michigan,1419.7,104
2022,15,Ball State,1417.7,105
2022,15,Virginia,1415.0,106
2022,15,New Mexico State,1413.5,107
2022,15,UTEP,1412.1,108
2022,15,Navy,1401.5,109
2022,15,UNLV,1399.9,110
2022,15,Rice,1393.6,111
2022,15,Boston College,1387.7,112
2022,15,Texas State,1383.0,113
2022,15,Old Dominion,1368.6,114
2022,15,Stanford,1367.9,115
2022,15,Louisiana Tech,1352.3,116
2022,15,UL Monroe,1347.1,117
2022,15,Temple,1332.0,118
2022,15,Arkansas State,1324.9,119
2022,15,Northern Illinois,1313.2,120
2022,15,Colorado State,1309.5,121
2022,15,Colorado,1306.5,122
2022,15,Northwestern,1304.2,123
2022,15,Nevada,1302.9,124
2022,15,Hawai'i,1300.5,125
2022,15,Akron,1293.2,126
2022,15,Charlotte,1287.6,127
2022,15,Florida International,1265.5,128
2022,15,South Florida,1259.4,129
2022,15,New Mexico,1231.5,130
2022,15,Massachusetts,1159.4,131
2023,1,Georgia,1769.5,1
2023,1,Michigan,1765.0,2
2023,1,Ohio State,1761.6,3
2023,1,Alabama,1757.4,4
2023,1,Penn State,1710.8,5
2023,1,USC,1708.1,6
2023,1,Notre Dame,1699.8,7
2023,1,Tennessee,1697.9,8
2023,1,Utah,1696.4,9
2023,1,Florida State,1691.7,10
2023,1,Texas,1688.8,11
2023,1,Washington,1677.1,12
2023,1,Oregon State,1671.4,13
2023,1,Oregon,1669.3,14
2023,1,UCLA,1658.4,15
2023,1,North Carolina,1655.0,16
2023,1,Tulane,1650.5,17
2023,1,Kansas State,1649.3,18
2023,1,Duke,1644.6,19
2023,1,TCU,1643.8,20
2023,1,Oklahoma,1643.3,21
2023,1,Cincinnati,1641.4,22
2023,1,Kentucky,1641.2,23
2023,1,NC State,1639.0,24
2023,1,Clemson,1638.2,25
2023,1,UCF,1632.6,26
2023,1,Iowa,1632.5,27
2023,1,Louisville,1631.1,28
2023,1,Pittsburgh,1629.1,29
2023,1,Ole Miss,1627.7,30
2023,1,Fresno State,1624.9,31
2023,1,Arkansas,1620.8,32
2023,1,Mississippi State,1620.8,33
2023,1,Minnesota,1620.3,34
2023,1,Texas A&M,1619.2,35
2023,1,Washington State,1616.8,36
2023,1,SMU,1609.9,37
2023,1,Illinois,1609.4,38
2023,1,Wisconsin,1604.7,39
2023,1,UTSA,1596.7,40
2023,1,Houston,1596.1,41
2023,1,Auburn,1594.5,42
2023,1,Michigan State,1591.3,43
2023,1,Troy,1591.2,44
2023,1,Maryland,1590.4,45
2023,1,Wake Forest,1586.3,46
2023,1,LSU,1584.5,47
2023,1,Oklahoma State,1583.9,48
2023,1,California,1583.2,49
2023,1,Miami,1579.1,50
2023,1,BYU,1575.8,51
2023,1,Missouri,1570.0,52
2023,1,Western Kentucky,1566.9,53
2023,1,Marshall,1562.1,54
2023,1,Florida,1560.9,55
2023,1,Syracuse,1558.9,56
2023,1,Texas Tech,1558.9,57
2023,1,San Diego State,1557.0,58
2023,1,Purdue,1554.8,59
2023,1,South Carolina,1554.2,60
2023,1,Memphis,1554.1,61
2023,1,Liberty,1550.0,62
2023,1,South Alabama,1549.3,63
2023,1,Iowa State,1547.8,64
2023,1,UAB,1545.7,65
2023,1,Louisiana,1544.8,66
2023,1,James Madison,1543.4,67
2023,1,Vanderbilt,1540.9,68
2023,1,Kansas,1540.8,69
2023,1,Boise State,1536.6,70
2023,1,App State,1536.0,71
2023,1,Virginia Tech,1532.2,72
2023,1,Toledo,1531.2,73
2023,1,Coastal Carolina,1530.9,74
2023,1,Baylor,1530.5,75
2023,1,East Carolina,1529.5,76
2023,1,Air Force,1529.3,77
2023,1,Rutgers,1526.7,78
2023,1,Texas State,1521.1,79
2023,1,Stanford,1520.7,80
2023,1,Eastern Michigan,1520.1,81
2023,1,Georgia State,1516.8,82
2023,1,Arizona,1516.4,83
2023,1,Nebraska,1515.2,84
2023,1,Wyoming,1512.2,85
2023,1,West Virginia,1511.4,86
2023,1,Arizona State,1507.6,87
2023,1,Florida Atlantic,1506.7,88
2023,1,Ohio,1505.9,89
2023,1,Tulsa,1503.7,90
2023,1,Georgia Southern,1496.1,91
2023,1,Southern Miss,1492.7,92
2023,1,Middle Tennessee,1492.7,93
2023,1,Colorado,1484.5,94
2023,1,Georgia Tech,1478.2,95
2023,1,Western Michigan,1476.1,96
2023,1,Utah State,1474.3,97
2023,1,Jacksonville State,1469.9,98
2023,1,Indiana,1468.0,99
2023,1,UNLV,1464.6,100
2023,1,Temple,1460.4,101
2023,1,Virginia,1455.9,102
2023,1,San José State,1453.8,103
2023,1,UL Monroe,1453.1,104
2023,1,UTEP,1449.3,105
2023,1,Kent State,1448.9,106
2023,1,Buffalo,1448.3,107
2023,1,Boston College,1446.0,108
2023,1,Northern Illinois,1445.5,109
2023,1,Rice,1443.5,110
2023,1,Miami (OH),1441.5,111
2023,1,Ball State,1440.9,112
2023,1,UConn,1440.6,113
2023,1,Bowling Green,1439.8,114
2023,1,North Texas,1439.6,115
2023,1,Louisiana Tech,1434.6,116
2023,1,Army,1432.6,117
2023,1,Central Michigan,1431.2,118
2023,1,Charlotte,1431.2,119
2023,1,New Mexico State,1418.0,120
2023,1,Northwestern,1407.4,121
2023,1,Arkansas State,1405.8,122
2023,1,Nevada,1405.3,123
2023,1,Old Dominion,1404.6,124
2023,1,Akron,1396.3,125
2023,1,Navy,1395.6,126
2023,1,Massachusetts,1395.5,127
2023,1,South Florida,1392.8,128
2023,1,Florida International,1388.6,129
2023,1,Colorado State,1371.5,130
2023,1,New Mexico,1359.4,131
2023,1,Hawai'i,1348.4,132
2023,1,Sam Houston,1330.2,133
2023,2,Georgia,1780.3,1
2023,2,Michigan,1776.3,2
2023,2,Ohio State,1764.1,3
2023,2,Notre Dame,1756.0,4
2023,2,Texas,1744.4,5
2023,2,USC,1731.7,6
2023,2,Utah,1724.6,7
2023,2,Penn State,1715.3,8
2023,2,Florida State,1714.7,9
2023,2,UCLA,1711.8,10
2023,2,Oregon,1704.5,11
2023,2,Alabama,1701.8,12
2023,2,Washington,1700.3,13
2023,2,Tennessee,1699.7,14
2023,2,Ole Miss,1690.1,15
2023,2,Kansas State,1687.6,16
2023,2,Cincinnati,1680.8,17
2023,2,Oklahoma,1679.4,18
2023,2,Oregon State,1677.2,19
2023,2,North Carolina,1671.6,20
2023,2,Iowa,1668.2,21
2023,2,UCF,1650.8,22
2023,2,Duke,1649.5,23
2023,2,Minnesota,1648.2,24
2023,2,Washington State,1648.1,25
2023,2,TCU,1646.6,26
2023,2,Kentucky,1643.9,27
2023,2,Clemson,1643.2,28
2023,2,Arkansas,1641.5,29
2023,2,Mississippi State,1639.8,30
2023,2,Louisville,1637.6,31
2023,2,Oklahoma State,1628.8,32
2023,2,Auburn,1627.2,33
2023,2,Fresno State,1626.1,34
2023,2,Miami,1624.9,35
2023,2,Wake Forest,1619.9,36
2023,2,Marshall,1619.2,37
2023,2,UTSA,1618.4,38
2023,2,Maryland,1611.1,39
2023,2,Memphis,1604.9,40
2023,2,Syracuse,1596.6,41
2023,2,Purdue,1596.0,42
2023,2,Michigan State,1595.3,43
2023,2,LSU,1590.0,44
2023,2,Pittsburgh,1589.7,45
2023,2,Tulane,1588.1,46
2023,2,Missouri,1586.6,47
2023,2,Kansas,1586.1,48
2023,2,NC State,1582.8,49
2023,2,BYU,1581.1,50
2023,2,Western Kentucky,1575.3,51
2023,2,SMU,1573.8,52
2023,2,Wisconsin,1573.4,53
2023,2,Texas A&M,1573.4,54
2023,2,Liberty,1572.8,55
2023,2,Houston,1570.5,56
2023,2,Florida,1565.7,57
2023,2,Illinois,1564.1,58
2023,2,Rutgers,1563.7,59
2023,2,South Carolina,1562.4,60
2023,2,Coastal Carolina,1560.9,61
2023,2,James Madison,1555.2,62
2023,2,South Alabama,1554.8,63
2023,2,Troy,1552.9,64
2023,2,Air Force,1552.2,65
2023,2,California,1550.6,66
2023,2,Ohio,1549.1,67
2023,2,Georgia State,1548.9,68
2023,2,Georgia Southern,1542.3,69
2023,2,Toledo,1538.8,70
2023,2,Colorado,1534.6,71
2023,2,Texas Tech,1523.8,72
2023,2,West Virginia,1523.3,73
2023,2,App State,1519.4,74
2023,2,Wyoming,1518.5,75
2023,2,Boise State,1518.4,76
2023,2,Iowa State,1512.2,77
2023,2,Vanderbilt,1507.3,78
2023,2,San Diego State,1503.6,79
2023,2,Baylor,1502.4,80
2023,2,UAB,1499.4,81
2023,2,Texas State,1499.4,82
2023,2,Louisiana,1497.7,83
2023,2,Arizona,1497.4,84
2023,2,Stanford,1497.1,85
2023,2,Eastern Michigan,1492.1,86
2023,2,Miami (OH),1491.1,87
2023,2,Virginia Tech,1491.1,88
2023,2,Utah State,1485.6,89
2023,2,Georgia Tech,1485.1,90
2023,2,Tulsa,1480.5,91
2023,2,Middle Tennessee,1476.1,92
2023,2,Indiana,1475.3,93
2023,2,East Carolina,1472.4,94
2023,2,San José State,1470.5,95
2023,2,Southern Miss,1469.7,96
2023,2,Rice,1469.2,97
2023,2,Nebraska,1465.1,98
2023,2,Northwestern,1465.1,99
2023,2,Florida Atlantic,1463.5,100
2023,2,Arizona State,1462.7,101
2023,2,UL Monroe,1458.5,102
2023,2,Bowling Green,1456.2,103
2023,2,UNLV,1453.3,104
2023,2,Boston College,1452.0,105
2023,2,Old Dominion,1451.6,106
2023,2,Louisiana Tech,1446.7,107
2023,2,Virginia,1444.1,108
2023,2,Army,1443.9,109
2023,2,Jacksonville State,1439.8,110
2023,2,Central Michigan,1438.9,111
2023,2,Western Michigan,1438.3,112
2023,2,Ball State,1430.1,113
2023,2,Kent State,1428.1,114
2023,2,Florida International,1424.3,115
2023,2,Temple,1423.5,116
2023,2,Charlotte,1410.4,117
2023,2,Buffalo,1410.3,118
2023,2,South Florida,1410.2,119
2023,2,UConn,1408.4,120
2023,2,Northern Illinois,1408.0,121
2023,2,Navy,1406.2,122
2023,2,Akron,1404.1,123
2023,2,North Texas,1403.9,124
2023,2,New Mexico State,1395.2,125
2023,2,UTEP,1391.6,126
2023,2,New Mexico,1375.4,127
2023,2,Colorado State,1371.5,128
2023,2,Hawai'i,1366.0,129
2023,2,Arkansas State,1355.0,130
2023,2,Massachusetts,1345.8,131
2023,2,Nevada,1318.1,132
2023,2,Sam Houston,1307.3,133
2023,3,Georgia,1792.9,1
2023,3,Ohio State,1788.4,2
2023,3,Michigan,1786.1,3
2023,3,Notre Dame,1765.9,4
2023,3,Texas,1759.9,5
2023,3,Washington,1758.0,6
2023,3,Penn State,1756.2,7
2023,3,USC,1731.7,8
2023,3,Utah,1728.6,9
2023,3,Oklahoma,1726.8,10
2023,3,Florida State,1725.3,11
2023,3,Alabama,1725.0,12
2023,3,UCLA,1717.0,13
2023,3,Oregon,1714.9,14
2023,3,North Carolina,1709.9,15
2023,3,Ole Miss,1708.3,16
2023,3,TCU,1702.3,17
2023,3,Oregon State,1696.1,18
2023,3,Iowa,1685.2,19
2023,3,Fresno State,1672.5,20
2023,3,Duke,1669.5,21
2023,3,Clemson,1665.9,22
2023,3,LSU,1665.2,23
2023,3,Louisville,1660.4,24
2023,3,Kentucky,1660.2,25
2023,3,Kansas State,1659.6,26
2023,3,UCF,1657.7,27
2023,3,Syracuse,1654.0,28
2023,3,Washington State,1650.2,29
2023,3,Tennessee,1641.0,30
2023,3,Wake Forest,1638.6,31
2023,3,Tulane,1634.1,32
2023,3,Maryland,1633.9,33
2023,3,South Alabama,1631.8,34
2023,3,Auburn,1631.4,35
2023,3,Miami,1631.0,36
2023,3,BYU,1628.7,37
2023,3,Cincinnati,1626.3,38
2023,3,Florida,1624.3,39
2023,3,Marshall,1619.2,40
2023,3,Liberty,1618.9,41
2023,3,Missouri,1614.6,42
2023,3,Memphis,1614.2,43
2023,3,Wisconsin,1612.4,44
2023,3,Minnesota,1610.0,45
2023,3,Texas A&M,1606.6,46
2023,3,Kansas,1605.6,47
2023,3,Rutgers,1595.3,48
2023,3,Arkansas,1593.8,49
2023,3,Georgia State,1590.7,50
2023,3,NC State,1588.2,51
2023,3,Air Force,1584.1,52
2023,3,SMU,1579.5,53
2023,3,James Madison,1577.9,54
2023,3,Coastal Carolina,1570.3,55
2023,3,West Virginia,1568.3,56
2023,3,Ohio,1566.1,57
2023,3,Mississippi State,1564.6,58
2023,3,California,1562.8,59
2023,3,UTSA,1561.4,60
2023,3,Louisiana,1561.0,61
2023,3,Toledo,1556.1,62
2023,3,App State,1552.1,63
2023,3,Oklahoma State,1551.8,64
2023,3,Western Kentucky,1551.1,65
2023,3,South Carolina,1549.9,66
2023,3,Colorado,1549.8,67
2023,3,Miami (OH),1545.6,68
2023,3,Pittsburgh,1544.8,69
2023,3,Purdue,1538.6,70
2023,3,Texas Tech,1537.7,71
2023,3,Michigan State,1537.6,72
2023,3,Boise State,1530.3,73
2023,3,Troy,1530.3,74
2023,3,Arizona,1525.5,75
2023,3,Illinois,1523.1,76
2023,3,Houston,1514.8,77
2023,3,Texas State,1512.2,78
2023,3,Baylor,1508.6,79
2023,3,Georgia Southern,1503.4,80
2023,3,Wyoming,1502.9,81
2023,3,Nebraska,1501.5,82
2023,3,Army,1500.9,83
2023,3,Eastern Michigan,1500.4,84
2023,3,Iowa State,1495.1,85
2023,3,Middle Tennessee,1487.5,86
2023,3,San Diego State,1484.7,87
2023,3,Vanderbilt,1483.3,88
2023,3,Rice,1479.0,89
2023,3,UNLV,1477.3,90
2023,3,Georgia Tech,1466.9,91
2023,3,Florida International,1466.1,92
2023,3,Virginia Tech,1459.4,93
2023,3,Utah State,1453.7,94
2023,3,San José State,1453.1,95
2023,3,Indiana,1452.5,96
2023,3,Bowling Green,1446.4,97
2023,3,Northwestern,1445.1,98
2023,3,New Mexico State,1443.0,99
2023,3,Kent State,1442.4,100
2023,3,Boston College,1441.5,101
2023,3,Florida Atlantic,1440.9,102
2023,3,Stanford,1440.5,103
2023,3,Jacksonville State,1439.8,104
2023,3,East Carolina,1439.7,105
2023,3,Ball State,1439.1,106
2023,3,Temple,1437.4,107
2023,3,UAB,1436.2,108
2023,3,North Texas,1434.9,109
2023,3,Tulsa,1433.1,110
2023,3,Old Dominion,1433.0,111
2023,3,Central Michigan,1429.0,112
2023,3,UL Monroe,1425.3,113
2023,3,Southern Miss,1423.6,114
2023,3,Western Michigan,1421.3,115
2023,3,Virginia,1421.2,116
2023,3,Arizona State,1416.3,117
2023,3,Louisiana Tech,1415.8,118
2023,3,Navy,1396.9,119
2023,3,Akron,1387.8,120
2023,3,South Florida,1387.0,121
2023,3,Northern Illinois,1371.6,122
2023,3,Charlotte,1368.7,123
2023,3,UConn,1366.7,124
2023,3,Arkansas State,1365.4,125
2023,3,Buffalo,1364.3,126
2023,3,UTEP,1363.5,127
2023,3,Colorado State,1356.3,128
2023,3,Hawai'i,1355.6,129
2023,3,Massachusetts,1337.5,130
2023,3,New Mexico,1327.7,131
2023,3,Sam Houston,1307.3,132
2023,3,Nevada,1298.5,133
2023,4,Ohio State,1810.4,1
2023,4,Michigan,1801.6,2
2023,4,Georgia,1799.5,3
2023,4,Texas,1788.0,4
2023,4,Penn State,1785.7,5
2023,4,Washington,1773.7,6
2023,4,Oklahoma,1762.4,7
2023,4,Florida State,1755.6,8
2023,4,Alabama,1753.9,9
2023,4,Utah,1751.2,10
2023,4,USC,1748.5,11
2023,4,Notre Dame,1743.9,12
2023,4,North Carolina,1741.3,13
2023,4,Oregon,1734.7,14
2023,4,TCU,1721.7,15
2023,4,UCLA,1694.3,16
2023,4,Duke,1692.8,17
2023,4,Kentucky,1690.4,18
2023,4,Kansas State,1689.4,19
2023,4,Fresno State,1687.4,20
2023,4,Ole Miss,1679.4,21
2023,4,Oregon State,1677.4,22
2023,4,LSU,1676.9,23
2023,4,Maryland,1675.6,24
2023,4,Louisville,1674.4,25
2023,4,Tennessee,1669.4,26
2023,4,Syracuse,1669.3,27
2023,4,Washington State,1668.9,28
2023,4,Miami,1666.1,29
2023,4,Liberty,1658.3,30
2023,4,Wisconsin,1655.9,31
2023,4,Iowa,1655.7,32
2023,4,Missouri,1644.5,33
2023,4,Texas A&M,1642.8,34
2023,4,Tulane,1636.9,35
2023,4,Kansas,1636.5,36
2023,4,Clemson,1635.5,37
2023,4,Marshall,1633.8,38
2023,4,Florida,1633.8,39
2023,4,Georgia State,1632.7,40
2023,4,UCF,1627.8,41
2023,4,Air Force,1623.4,42
2023,4,Ohio,1609.3,43
2023,4,James Madison,1603.4,44
2023,4,NC State,1603.2,45
2023,4,BYU,1597.8,46
2023,4,South Alabama,1597.8,47
2023,4,Auburn,1595.3,48
2023,4,Cincinnati,1590.7,49
2023,4,West Virginia,1589.2,50
2023,4,Memphis,1584.3,51
2023,4,Minnesota,1583.2,52
2023,4,Wake Forest,1582.5,53
2023,4,Arkansas,1582.1,54
2023,4,Rutgers,1579.8,55
2023,4,South Carolina,1575.0,56
2023,4,Toledo,1574.8,57
2023,4,Louisiana,1570.7,58
2023,4,SMU,1560.0,59
2023,4,Georgia Southern,1555.9,60
2023,4,Boise State,1551.2,61
2023,4,Miami (OH),1548.7,62
2023,4,Troy,1547.3,63
2023,4,California,1547.2,64
2023,4,Mississippi State,1539.6,65
2023,4,Illinois,1538.9,66
2023,4,Arizona,1535.0,67
2023,4,Western Kentucky,1534.0,68
2023,4,Houston,1533.9,69
2023,4,App State,1533.2,70
2023,4,UTSA,1533.0,71
2023,4,Colorado,1530.0,72
2023,4,Coastal Carolina,1528.3,73
2023,4,Iowa State,1524.3,74
2023,4,Nebraska,1523.1,75
2023,4,Georgia Tech,1523.0,76
2023,4,Texas State,1522.8,77
2023,4,Oklahoma State,1522.7,78
2023,4,Wyoming,1521.9,79
2023,4,Texas Tech,1516.7,80
2023,4,UNLV,1513.9,81
2023,4,Pittsburgh,1513.4,82
2023,4,Michigan State,1495.9,83
2023,4,Purdue,1495.0,84
2023,4,Army,1485.6,85
2023,4,Jacksonville State,1483.7,86
2023,4,Baylor,1480.6,87
2023,4,Northwestern,1471.8,88
2023,4,Tulsa,1465.0,89
2023,4,San Diego State,1463.8,90
2023,4,Central Michigan,1463.1,91
2023,4,Indiana,1462.1,92
2023,4,Eastern Michigan,1456.5,93
2023,4,Vanderbilt,1453.1,94
2023,4,East Carolina,1451.1,95
2023,4,Virginia Tech,1444.8,96
2023,4,Rice,1437.5,97
2023,4,North Texas,1434.9,98
2023,4,Old Dominion,1434.4,99
2023,4,Middle Tennessee,1432.6,100
2023,4,Stanford,1431.0,101
2023,4,UAB,1429.6,102
2023,4,South Florida,1428.4,103
2023,4,Utah State,1428.1,104
2023,4,Kent State,1427.5,105
2023,4,Boston College,1427.5,106
2023,4,Florida International,1426.6,107
2023,4,UL Monroe,1425.3,108
2023,4,Florida Atlantic,1425.1,109
2023,4,New Mexico State,1421.5,110
2023,4,San José State,1413.9,111
2023,4,Colorado State,1411.2,112
2023,4,Virginia,1406.3,113
2023,4,Bowling Green,1403.2,114
2023,4,Western Michigan,1402.6,115
2023,4,Temple,1402.2,116
2023,4,Arizona State,1399.5,117
2023,4,Navy,1396.9,118
2023,4,Arkansas State,1394.7,119
2023,4,Southern Miss,1394.4,120
2023,4,Louisiana Tech,1394.2,121
2023,4,Ball State,1386.6,122
2023,4,Akron,1378.2,123
2023,4,Hawai'i,1377.1,124
2023,4,Charlotte,1359.2,125
2023,4,Buffalo,1354.6,126
2023,4,New Mexico,1351.1,127
2023,4,UConn,1343.4,128
2023,4,Northern Illinois,1339.7,129
2023,4,UTEP,1326.9,130
2023,4,Massachusetts,1314.1,131
2023,4,Sam Houston,1288.1,132
2023,4,Nevada,1287.9,133
2023,5,Michigan,1828.0,1
2023,5,Georgia,1819.3,2
2023,5,Ohio State,1810.4,3
2023,5,Texas,1807.3,4
2023,5,Penn State,1806.8,5
2023,5,Washington,1791.2,6
2023,5,Alabama,1783.1,7
2023,5,Oklahoma,1775.3,8
2023,5,Notre Dame,1774.9,9
2023,5,USC,1767.4,10
2023,5,Oregon,1758.2,11
2023,5,Florida State,1755.6,12
2023,5,North Carolina,1741.3,13
2023,5,Oregon State,1717.6,14
2023,5,Kentucky,1717.5,15
2023,5,Utah,1711.1,16
2023,5,Ole Miss,1701.4,17
2023,5,UCLA,1694.3,18
2023,5,Louisville,1694.1,19
2023,5,TCU,1694.0,20
2023,5,Tennessee,1693.1,21
2023,5,Fresno State,1691.9,22
2023,5,Maryland,1689.9,23
2023,5,Kansas State,1689.4,24
2023,5,Clemson,1686.4,25
2023,5,Texas A&M,1674.2,26
2023,5,Missouri,1673.3,27
2023,5,Iowa,1669.2,28
2023,5,Washington State,1668.9,29
2023,5,Miami,1666.1,30
2023,5,Duke,1661.8,31
2023,5,Liberty,1658.3,32
2023,5,Wisconsin,1655.9,33
2023,5,LSU,1655.0,34
2023,5,Tulane,1648.3,35
2023,5,Air Force,1644.2,36
2023,5,Marshall,1642.8,37
2023,5,James Madison,1627.9,38
2023,5,BYU,1622.2,39
2023,5,Syracuse,1618.5,40
2023,5,Kansas,1617.2,41
2023,5,West Virginia,1617.0,42
2023,5,UCF,1613.8,43
2023,5,Minnesota,1610.2,44
2023,5,Ohio,1609.3,45
2023,5,Florida,1606.7,46
2023,5,Troy,1606.0,47
2023,5,Memphis,1598.2,48
2023,5,Miami (OH),1586.5,49
2023,5,Rutgers,1584.6,50
2023,5,NC State,1583.5,51
2023,5,Wake Forest,1582.5,52
2023,5,Georgia Southern,1580.4,53
2023,5,Toledo,1579.0,54
2023,5,Auburn,1575.5,55
2023,5,Georgia State,1574.0,56
2023,5,SMU,1573.5,57
2023,5,South Alabama,1573.3,58
2023,5,Cincinnati,1566.3,59
2023,5,Western Kentucky,1556.9,60
2023,5,Texas State,1555.7,61
2023,5,California,1555.4,62
2023,5,Texas Tech,1554.3,63
2023,5,South Carolina,1551.3,64
2023,5,Arkansas,1550.7,65
2023,5,Louisiana,1543.7,66
2023,5,App State,1542.1,67
2023,5,Purdue,1538.7,68
2023,5,Boise State,1537.3,69
2023,5,UNLV,1534.2,70
2023,5,Wyoming,1534.1,71
2023,5,UTSA,1533.0,72
2023,5,Oklahoma State,1522.7,73
2023,5,Arizona,1517.5,74
2023,5,Iowa State,1511.3,75
2023,5,Colorado,1511.2,76
2023,5,Mississippi State,1510.4,77
2023,5,Jacksonville State,1504.1,78
2023,5,Coastal Carolina,1503.8,79
2023,5,Nebraska,1496.6,80
2023,5,Houston,1496.3,81
2023,5,Illinois,1495.2,82
2023,5,Baylor,1494.6,83
2023,5,Tulsa,1492.7,84
2023,5,Virginia Tech,1486.9,85
2023,5,Army,1485.6,86
2023,5,Michigan State,1482.4,87
2023,5,Central Michigan,1478.5,88
2023,5,Georgia Tech,1473.9,89
2023,5,Pittsburgh,1471.3,90
2023,5,South Florida,1470.5,91
2023,5,Rice,1462.5,92
2023,5,Bowling Green,1452.3,93
2023,5,Northwestern,1450.8,94
2023,5,Indiana,1447.8,95
2023,5,North Texas,1443.5,96
2023,5,San Diego State,1443.0,97
2023,5,Boston College,1442.0,98
2023,5,Eastern Michigan,1441.1,99
2023,5,Arkansas State,1439.3,100
2023,5,Utah State,1437.6,101
2023,5,Western Michigan,1434.1,102
2023,5,Florida International,1426.6,103
2023,5,Louisiana Tech,1426.5,104
2023,5,East Carolina,1426.1,105
2023,5,Old Dominion,1425.4,106
2023,5,Florida Atlantic,1425.1,107
2023,5,Vanderbilt,1424.3,108
2023,5,New Mexico State,1421.5,109
2023,5,UAB,1418.2,110
2023,5,Colorado State,1417.1,111
2023,5,UL Monroe,1416.4,112
2023,5,San José State,1413.9,113
2023,5,Middle Tennessee,1409.7,114
2023,5,Stanford,1407.5,115
2023,5,Virginia,1391.7,116
2023,5,Arizona State,1391.2,117
2023,5,Kent State,1389.7,118
2023,5,Buffalo,1378.5,119
2023,5,Temple,1374.6,120
2023,5,Southern Miss,1361.5,121
2023,5,Hawai'i,1356.8,122
2023,5,Ball State,1355.1,123
2023,5,Navy,1354.8,124
2023,5,Akron,1354.2,125
2023,5,Charlotte,1345.7,126
2023,5,New Mexico,1338.8,127
2023,5,Northern Illinois,1335.5,128
2023,5,UConn,1333.9,129
2023,5,UTEP,1294.6,130
2023,5,Nevada,1283.4,131
2023,5,Massachusetts,1269.5,132
2023,5,Sam Houston,1267.7,133
2023,6,Michigan,1856.5,1
2023,6,Georgia,1841.9,2
2023,6,Ohio State,1831.0,3
2023,6,Penn State,1806.8,4
2023,6,Alabama,1803.9,5
2023,6,Oklahoma,1796.1,6
2023,6,Washington,1791.2,7
2023,6,Texas,1786.5,8
2023,6,USC,1770.6,9
2023,6,Florida State,1765.6,10
2023,6,North Carolina,1765.0,11
2023,6,Oregon,1758.2,12
2023,6,Notre Dame,1741.5,13
2023,6,Oregon State,1741.0,14
2023,6,Louisville,1727.4,15
2023,6,UCLA,1717.0,16
2023,6,Ole Miss,1711.6,17
2023,6,Utah,1711.1,18
2023,6,Clemson,1699.5,19
2023,6,Kentucky,1694.9,20
2023,6,Tennessee,1693.1,21
2023,6,LSU,1689.2,22
2023,6,Iowa,1679.7,23
2023,6,Wisconsin,1677.0,24
2023,6,Maryland,1669.2,25
2023,6,Fresno State,1663.6,26
2023,6,Duke,1661.8,27
2023,6,Liberty,1661.2,28
2023,6,Texas A&M,1653.3,29
2023,6,TCU,1649.6,30
2023,6,Kansas,1649.1,31
2023,6,Tulane,1648.3,32
2023,6,Kansas State,1646.8,33
2023,6,Washington State,1646.2,34
2023,6,Air Force,1644.2,35
2023,6,Missouri,1639.0,36
2023,6,Miami,1637.0,37
2023,6,James Madison,1627.9,38
2023,6,BYU,1622.2,39
2023,6,Troy,1622.1,40
2023,6,Ohio,1620.6,41
2023,6,Florida,1620.2,42
2023,6,West Virginia,1617.0,43
2023,6,South Alabama,1616.6,44
2023,6,Marshall,1613.4,45
2023,6,NC State,1612.9,46
2023,6,Miami (OH),1604.2,47
2023,6,Memphis,1598.2,48
2023,6,Syracuse,1594.8,49
2023,6,Toledo,1594.4,50
2023,6,Texas Tech,1593.9,51
2023,6,UCF,1581.9,52
2023,6,Minnesota,1581.7,53
2023,6,Georgia Southern,1580.4,54
2023,6,Western Kentucky,1577.9,55
2023,6,Auburn,1575.5,56
2023,6,Georgia State,1574.0,57
2023,6,SMU,1573.5,58
2023,6,Wake Forest,1569.3,59
2023,6,Cincinnati,1566.3,60
2023,6,Oklahoma State,1565.3,61
2023,6,UTSA,1563.7,62
2023,6,Rutgers,1563.5,63
2023,6,Wyoming,1562.4,64
2023,6,Louisiana,1559.8,65
2023,6,Iowa State,1555.7,66
2023,6,South Carolina,1551.3,67
2023,6,Boise State,1549.6,68
2023,6,App State,1542.1,69
2023,6,Arkansas,1540.5,70
2023,6,Texas State,1539.7,71
2023,6,Jacksonville State,1534.9,72
2023,6,UNLV,1534.2,73
2023,6,Nebraska,1533.0,74
2023,6,California,1532.0,75
2023,6,Mississippi State,1528.6,76
2023,6,Purdue,1528.2,77
2023,6,Colorado,1525.6,78
2023,6,Arizona,1514.3,79
2023,6,Coastal Carolina,1503.8,80
2023,6,Georgia Tech,1503.0,81
2023,6,Houston,1496.3,82
2023,6,Michigan State,1482.4,83
2023,6,Virginia Tech,1476.9,84
2023,6,Tulsa,1472.5,85
2023,6,Pittsburgh,1471.3,86
2023,6,Utah State,1469.7,87
2023,6,Boston College,1466.8,88
2023,6,Army,1460.8,89
2023,6,Eastern Michigan,1459.1,90
2023,6,Illinois,1458.9,91
2023,6,Northwestern,1456.4,92
2023,6,Baylor,1455.0,93
2023,6,UAB,1453.7,94
2023,6,New Mexico State,1449.5,95
2023,6,Indiana,1447.8,96
2023,6,Florida Atlantic,1445.3,97
2023,6,Old Dominion,1444.8,98
2023,6,San Diego State,1443.0,99
2023,6,Central Michigan,1435.3,100
2023,6,South Florida,1435.0,101
2023,6,Bowling Green,1434.6,102
2023,6,Rice,1428.0,103
2023,6,East Carolina,1426.1,104
2023,6,Arkansas State,1423.2,105
2023,6,North Texas,1421.9,106
2023,6,Buffalo,1421.7,107
2023,6,Western Michigan,1415.9,108
2023,6,Vanderbilt,1410.8,109
2023,6,Stanford,1407.5,110
2023,6,Virginia,1405.6,111
2023,6,Louisiana Tech,1405.6,112
2023,6,San José State,1401.6,113
2023,6,Florida International,1398.6,114
2023,6,Northern Illinois,1389.0,115
2023,6,Colorado State,1385.1,116
2023,6,Middle Tennessee,1378.8,117
2023,6,Kent State,1378.5,118
2023,6,Arizona State,1376.8,119
2023,6,Navy,1376.4,120
2023,6,UL Monroe,1373.0,121
2023,6,UConn,1368.4,122
2023,6,Hawai'i,1356.8,123
2023,6,Charlotte,1345.7,124
2023,6,Temple,1343.8,125
2023,6,Southern Miss,1342.1,126
2023,6,New Mexico,1338.8,127
2023,6,Ball State,1337.1,128
2023,6,Akron,1300.8,129
2023,6,UTEP,1294.6,130
2023,6,Nevada,1283.4,131
2023,6,Sam Houston,1264.8,132
2023,6,Massachusetts,1254.2,133
2023,7,Michigan,1861.1,1
2023,7,Georgia,1850.9,2
2023,7,Ohio State,1850.4,3
2023,7,Penn State,1809.0,4
2023,7,Alabama,1807.7,5
2023,7,Washington,1802.7,6
2023,7,Oklahoma,1796.1,7
2023,7,Texas,1786.5,8
2023,7,Florida State,1781.9,9
2023,7,North Carolina,1778.1,10
2023,7,Notre Dame,1777.2,11
2023,7,Oregon State,1763.2,12
2023,7,Oregon,1746.7,13
2023,7,USC,1734.9,14
2023,7,Utah,1724.0,15
2023,7,Ole Miss,1711.6,16
2023,7,Iowa,1711.3,17
2023,7,Tennessee,1709.9,18
2023,7,LSU,1709.3,19
2023,7,Clemson,1699.5,20
2023,7,UCLA,1694.8,21
2023,7,Liberty,1691.2,22
2023,7,Duke,1685.9,23
2023,7,Missouri,1682.9,24
2023,7,Kansas State,1682.5,25
2023,7,TCU,1679.7,26
2023,7,Fresno State,1678.3,27
2023,7,Tulane,1678.1,28
2023,7,Louisville,1670.4,29
2023,7,Air Force,1658.2,30
2023,7,James Madison,1654.3,31
2023,7,Kentucky,1651.0,32
2023,7,Troy,1649.5,33
2023,7,Wisconsin,1645.4,34
2023,7,Maryland,1644.7,35
2023,7,Texas A&M,1636.5,36
2023,7,Florida,1633.2,37
2023,7,Miami (OH),1626.3,38
2023,7,Miami,1623.9,39
2023,7,Kansas,1622.6,40
2023,7,South Alabama,1616.6,41
2023,7,Toledo,1608.0,42
2023,7,Georgia State,1605.8,43
2023,7,SMU,1603.1,44
2023,7,West Virginia,1601.3,45
2023,7,Iowa State,1598.6,46
2023,7,BYU,1592.1,47
2023,7,Oklahoma State,1591.8,48
2023,7,NC State,1588.8,49
2023,7,Washington State,1585.2,50
2023,7,UTSA,1582.1,51
2023,7,UCF,1581.9,52
2023,7,Minnesota,1581.7,53
2023,7,Marshall,1581.6,54
2023,7,Syracuse,1578.5,55
2023,7,Western Kentucky,1577.9,56
2023,7,Ohio,1575.6,57
2023,7,Arizona,1575.3,58
2023,7,Rutgers,1572.9,59
2023,7,Memphis,1568.4,60
2023,7,Louisiana,1559.8,61
2023,7,Texas Tech,1558.2,62
2023,7,Auburn,1555.4,63
2023,7,Georgia Southern,1554.0,64
2023,7,UNLV,1553.9,65
2023,7,Wyoming,1548.4,66
2023,7,Texas State,1542.9,67
2023,7,Boise State,1538.5,68
2023,7,South Carolina,1538.2,69
2023,7,Arkansas,1536.7,70
2023,7,Nebraska,1533.0,71
2023,7,Wake Forest,1531.5,72
2023,7,Mississippi State,1528.6,73
2023,7,Pittsburgh,1528.3,74
2023,7,Coastal Carolina,1524.3,75
2023,7,Cincinnati,1523.4,76
2023,7,App State,1521.6,77
2023,7,California,1519.0,78
2023,7,Virginia Tech,1514.8,79
2023,7,Houston,1512.0,80
2023,7,Purdue,1508.8,81
2023,7,Jacksonville State,1504.9,82
2023,7,Georgia Tech,1503.0,83
2023,7,Colorado,1502.8,84
2023,7,Florida Atlantic,1496.2,85
2023,7,Illinois,1483.4,86
2023,7,Eastern Michigan,1477.5,87
2023,7,Michigan State,1473.0,88
2023,7,Tulsa,1472.5,89
2023,7,Bowling Green,1466.9,90
2023,7,Boston College,1466.8,91
2023,7,San Diego State,1466.7,92
2023,7,New Mexico State,1460.7,93
2023,7,Northwestern,1456.4,94
2023,7,Baylor,1455.0,95
2023,7,Utah State,1454.9,96
2023,7,Central Michigan,1446.3,97
2023,7,North Texas,1445.7,98
2023,7,Old Dominion,1444.8,99
2023,7,Indiana,1443.2,100
2023,7,San José State,1442.2,101
2023,7,UAB,1435.4,102
2023,7,Northern Illinois,1434.0,103
2023,7,Army,1433.4,104
2023,7,Stanford,1430.2,105
2023,7,Rice,1428.0,106
2023,7,Arkansas State,1423.2,107
2023,7,Navy,1411.5,108
2023,7,Virginia,1405.6,109
2023,7,Middle Tennessee,1401.9,110
2023,7,Vanderbilt,1401.8,111
2023,7,East Carolina,1396.6,112
2023,7,Colorado State,1396.2,113
2023,7,Western Michigan,1393.7,114
2023,7,Buffalo,1389.4,115
2023,7,South Florida,1384.1,116
2023,7,Louisiana Tech,1382.5,117
2023,7,Arizona State,1376.8,118
2023,7,UL Monroe,1369.9,119
2023,7,UConn,1368.4,120
2023,7,Kent State,1360.1,121
2023,7,Florida International,1355.9,122
2023,7,Southern Miss,1342.1,123
2023,7,UTEP,1337.3,124
2023,7,Hawai'i,1333.2,125
2023,7,Ball State,1323.6,126
2023,7,Temple,1320.0,127
2023,7,Charlotte,1310.6,128
2023,7,New Mexico,1298.2,129
2023,7,Akron,1289.8,130
2023,7,Nevada,1263.6,131
2023,7,Sam Houston,1253.6,132
2023,7,Massachusetts,1252.0,133
2023,8,Michigan,1876.0,1
2023,8,Ohio State,1868.1,2
2023,8,Georgia,1850.9,3
2023,8,Alabama,1824.8,4
2023,8,Washington,1805.1,5
2023,8,Florida State,1800.6,6
2023,8,Oklahoma,1800.0,7
2023,8,Texas,1799.2,8
2023,8,Penn State,1791.3,9
2023,8,Notre Dame,1777.2,10
2023,8,Oregon State,1763.2,11
2023,8,Oregon,1759.2,12
2023,8,North Carolina,1748.3,13
2023,8,Utah,1739.5,14
2023,8,Ole Miss,1730.9,15
2023,8,LSU,1719.9,16
2023,8,USC,1719.4,17
2023,8,UCLA,1717.6,18
2023,8,Kansas State,1716.9,19
2023,8,Missouri,1698.7,20
2023,8,Liberty,1696.2,21
2023,8,Iowa,1693.1,22
2023,8,Tennessee,1692.9,23
2023,8,Tulane,1684.8,24
2023,8,James Madison,1683.6,25
2023,8,Fresno State,1678.3,26
2023,8,Air Force,1675.1,27
2023,8,Clemson,1672.2,28
2023,8,Louisville,1670.4,29
2023,8,Duke,1667.2,30
2023,8,Wisconsin,1660.1,31
2023,8,Miami,1651.2,32
2023,8,Kentucky,1651.0,33
2023,8,Troy,1649.5,34
2023,8,TCU,1645.2,35
2023,8,Maryland,1644.7,36
2023,8,Texas A&M,1636.5,37
2023,8,Florida,1633.2,38
2023,8,Toledo,1631.0,39
2023,8,Oklahoma State,1629.9,40
2023,8,South Alabama,1626.9,41
2023,8,SMU,1626.8,42
2023,8,Georgia State,1623.2,43
2023,8,Kansas,1622.6,44
2023,8,UTSA,1619.7,45
2023,8,BYU,1614.0,46
2023,8,Miami (OH),1603.3,47
2023,8,Rutgers,1602.0,48
2023,8,Memphis,1600.5,49
2023,8,Minnesota,1600.0,50
2023,8,Iowa State,1598.6,51
2023,8,NC State,1588.8,52
2023,8,Ohio,1581.4,53
2023,8,Syracuse,1578.5,54
2023,8,UCF,1578.0,55
2023,8,Arizona,1575.3,56
2023,8,Washington State,1572.6,57
2023,8,Georgia Southern,1563.9,58
2023,8,West Virginia,1563.2,59
2023,8,Western Kentucky,1560.8,60
2023,8,UNLV,1559.1,61
2023,8,Marshall,1552.4,62
2023,8,Mississippi State,1551.2,63
2023,8,Coastal Carolina,1550.5,64
2023,8,Wyoming,1548.4,65
2023,8,Nebraska,1548.2,66
2023,8,Wake Forest,1546.6,67
2023,8,Texas State,1542.9,68
2023,8,Louisiana,1542.4,69
2023,8,Boise State,1538.5,70
2023,8,Texas Tech,1536.3,71
2023,8,Auburn,1536.0,72
2023,8,South Carolina,1522.4,73
2023,8,Jacksonville State,1522.0,74
2023,8,California,1519.0,75
2023,8,Virginia Tech,1514.8,76
2023,8,Arkansas,1514.1,77
2023,8,Pittsburgh,1513.2,78
2023,8,Purdue,1508.8,79
2023,8,Boston College,1507.6,80
2023,8,Colorado,1502.8,81
2023,8,Cincinnati,1502.0,82
2023,8,Houston,1499.3,83
2023,8,App State,1495.7,84
2023,8,New Mexico State,1492.5,85
2023,8,Bowling Green,1481.2,86
2023,8,Rice,1480.1,87
2023,8,Baylor,1476.4,88
2023,8,San José State,1473.0,89
2023,8,Old Dominion,1470.7,90
2023,8,Illinois,1468.7,91
2023,8,Georgia Tech,1462.2,92
2023,8,Florida Atlantic,1458.7,93
2023,8,Michigan State,1458.2,94
2023,8,Northern Illinois,1457.2,95
2023,8,Eastern Michigan,1454.3,96
2023,8,Northwestern,1441.2,97
2023,8,North Texas,1439.0,98
2023,8,Virginia,1435.5,99
2023,8,San Diego State,1432.4,100
2023,8,Buffalo,1427.7,101
2023,8,Utah State,1424.1,102
2023,8,Army,1422.8,103
2023,8,Tulsa,1420.4,104
2023,8,Central Michigan,1416.5,105
2023,8,Indiana,1414.0,106
2023,8,Stanford,1407.5,107
2023,8,UAB,1403.2,108
2023,8,South Florida,1402.6,109
2023,8,Vanderbilt,1401.8,110
2023,8,Arkansas State,1397.0,111
2023,8,Middle Tennessee,1396.9,112
2023,8,Navy,1394.6,113
2023,8,Colorado State,1391.0,114
2023,8,Western Michigan,1387.9,115
2023,8,Louisiana Tech,1382.5,116
2023,8,Florida International,1377.1,117
2023,8,East Carolina,1374.6,118
2023,8,Arizona State,1374.4,119
2023,8,UL Monroe,1359.9,120
2023,8,Ball State,1353.4,121
2023,8,UConn,1349.9,122
2023,8,Charlotte,1332.5,123
2023,8,Southern Miss,1331.9,124
2023,8,New Mexico,1331.6,125
2023,8,Kent State,1321.7,126
2023,8,UTEP,1305.5,127
2023,8,Hawai'i,1299.7,128
2023,8,Nevada,1297.9,129
2023,8,Temple,1296.2,130
2023,8,Akron,1275.5,131
2023,8,Massachusetts,1252.0,132
2023,8,Sam Houston,1232.4,133
2023,9,Ohio State,1889.3,1
2023,9,Michigan,1876.0,2
2023,9,Georgia,1869.7,3
2023,9,Alabama,1824.8,4
2023,9,Florida State,1822.1,5
2023,9,Washington,1813.5,6
2023,9,Texas,1813.3,7
2023,9,Oregon,1804.4,8
2023,9,Penn State,1794.6,9
2023,9,Notre Dame,1788.0,10
2023,9,Oklahoma,1770.3,11
2023,9,Oregon State,1739.6,12
2023,9,Ole Miss,1737.2,13
2023,9,Kansas State,1730.0,14
2023,9,UCLA,1726.7,15
2023,9,USC,1725.0,16
2023,9,Liberty,1722.3,17
2023,9,LSU,1719.9,18
2023,9,Tennessee,1717.5,19
2023,9,North Carolina,1714.7,20
2023,9,Louisville,1700.2,21
2023,9,Missouri,1698.7,22
2023,9,Utah,1694.3,23
2023,9,Tulane,1693.5,24
2023,9,Iowa,1693.1,25
2023,9,Air Force,1692.2,26
2023,9,Fresno State,1690.2,27
2023,9,James Madison,1688.6,28
2023,9,Troy,1681.2,29
2023,9,Miami,1656.1,30
2023,9,Kansas,1652.3,31
2023,9,Texas A&M,1651.9,32
2023,9,Oklahoma State,1649.0,33
2023,9,Clemson,1645.7,34
2023,9,TCU,1645.2,35
2023,9,SMU,1642.0,36
2023,9,Miami (OH),1639.1,37
2023,9,Wisconsin,1638.9,38
2023,9,Duke,1637.4,39
2023,9,Toledo,1631.0,40
2023,9,UTSA,1627.8,41
2023,9,Kentucky,1626.4,42
2023,9,Iowa State,1625.0,43
2023,9,NC State,1615.3,44
2023,9,Florida,1614.4,45
2023,9,Minnesota,1614.2,46
2023,9,Memphis,1613.2,47
2023,9,Maryland,1610.3,48
2023,9,Rutgers,1602.0,49
2023,9,West Virginia,1600.7,50
2023,9,BYU,1600.0,51
2023,9,Arizona,1598.9,52
2023,9,Georgia Southern,1598.0,53
2023,9,Georgia State,1589.2,54
2023,9,South Alabama,1585.2,55
2023,9,Louisiana,1584.0,56
2023,9,Coastal Carolina,1582.7,57
2023,9,Nebraska,1571.6,58
2023,9,Boise State,1570.6,59
2023,9,Auburn,1563.3,60
2023,9,Virginia Tech,1555.0,61
2023,9,Jacksonville State,1553.4,62
2023,9,UNLV,1547.3,63
2023,9,Ohio,1545.6,64
2023,9,UCF,1540.5,65
2023,9,Syracuse,1538.3,66
2023,9,Texas Tech,1536.3,67
2023,9,Western Kentucky,1534.6,68
2023,9,Washington State,1529.3,69
2023,9,Wake Forest,1525.0,70
2023,9,Mississippi State,1524.0,71
2023,9,Marshall,1520.2,72
2023,9,Boston College,1517.5,73
2023,9,Wyoming,1516.2,74
2023,9,Arkansas,1514.1,75
2023,9,California,1513.5,76
2023,9,Texas State,1511.2,77
2023,9,New Mexico State,1507.3,78
2023,9,South Carolina,1507.0,79
2023,9,App State,1506.7,80
2023,9,San José State,1504.6,81
2023,9,Pittsburgh,1502.4,82
2023,9,Georgia Tech,1495.7,83
2023,9,Colorado,1493.7,84
2023,9,Florida Atlantic,1490.6,85
2023,9,Houston,1486.2,86
2023,9,Purdue,1485.3,87
2023,9,Cincinnati,1482.9,88
2023,9,Bowling Green,1481.2,89
2023,9,Northwestern,1475.5,90
2023,9,Rice,1471.4,91
2023,9,Illinois,1468.7,92
2023,9,Old Dominion,1465.8,93
2023,9,Northern Illinois,1457.2,94
2023,9,Baylor,1450.0,95
2023,9,Michigan State,1444.0,96
2023,9,Western Michigan,1437.5,97
2023,9,San Diego State,1432.4,98
2023,9,Virginia,1430.6,99
2023,9,Buffalo,1427.7,100
2023,9,Arkansas State,1427.7,101
2023,9,North Texas,1426.3,102
2023,9,Utah State,1424.1,103
2023,9,Arizona State,1417.8,104
2023,9,Central Michigan,1416.5,105
2023,9,Indiana,1410.7,106
2023,9,Tulsa,1405.2,107
2023,9,Eastern Michigan,1404.7,108
2023,9,UAB,1403.2,109
2023,9,South Florida,1402.6,110
2023,9,Stanford,1399.1,111
2023,9,Middle Tennessee,1396.9,112
2023,9,Vanderbilt,1395.5,113
2023,9,Navy,1394.6,114
2023,9,Army,1386.9,115
2023,9,Colorado State,1374.0,116
2023,9,Louisiana Tech,1367.7,117
2023,9,East Carolina,1366.4,118
2023,9,Ball State,1353.4,119
2023,9,Florida International,1345.7,120
2023,9,UConn,1340.0,121
2023,9,UL Monroe,1329.2,122
2023,9,Nevada,1323.8,123
2023,9,UTEP,1321.8,124
2023,9,Kent State,1321.7,125
2023,9,Southern Miss,1320.9,126
2023,9,New Mexico,1305.8,127
2023,9,Charlotte,1300.5,128
2023,9,Temple,1296.2,129
2023,9,Massachusetts,1287.9,130
2023,9,Akron,1275.5,131
2023,9,Hawai'i,1268.2,132
2023,9,Sam Houston,1216.1,133
2023,10,Ohio State,1906.7,1
2023,10,Michigan,1880.5,2
2023,10,Georgia,1879.9,3
2023,10,Alabama,1841.3,4
2023,10,Washington,1840.6,5
2023,10,Florida State,1836.8,6
2023,10,Penn State,1825.3,7
2023,10,Texas,1822.6,8
2023,10,Oregon,1813.4,9
2023,10,Notre Dame,1754.7,10
2023,10,Oregon State,1753.8,11
2023,10,Oklahoma,1750.5,12
2023,10,Ole Miss,1746.4,13
2023,10,Liberty,1727.8,14
2023,10,James Madison,1725.6,15
2023,10,Tennessee,1723.4,16
2023,10,Kansas State,1720.7,17
2023,10,Louisville,1717.7,18
2023,10,North Carolina,1717.3,19
2023,10,Utah,1704.5,20
2023,10,LSU,1703.4,21
2023,10,Fresno State,1702.0,22
2023,10,Iowa,1701.3,23
2023,10,Tulane,1700.3,24
2023,10,Troy,1699.9,25
2023,10,USC,1697.9,26
2023,10,Missouri,1688.5,27
2023,10,UCLA,1684.6,28
2023,10,Kansas,1679.5,29
2023,10,Clemson,1679.0,30
2023,10,Oklahoma State,1668.8,31
2023,10,Kentucky,1660.1,32
2023,10,SMU,1657.9,33
2023,10,Duke,1645.6,34
2023,10,UTSA,1645.4,35
2023,10,NC State,1645.2,36
2023,10,Texas A&M,1642.7,37
2023,10,Toledo,1642.0,38
2023,10,Arizona,1641.0,39
2023,10,Miami (OH),1639.1,40
2023,10,Air Force,1637.4,41
2023,10,West Virginia,1633.2,42
2023,10,Miami,1626.1,43
2023,10,Memphis,1621.6,44
2023,10,TCU,1616.6,45
2023,10,Wisconsin,1602.6,46
2023,10,Minnesota,1602.5,47
2023,10,Coastal Carolina,1599.6,48
2023,10,Iowa State,1597.9,49
2023,10,Florida,1592.1,50
2023,10,Auburn,1588.7,51
2023,10,Rutgers,1584.6,52
2023,10,Maryland,1579.6,53
2023,10,UNLV,1573.3,54
2023,10,BYU,1567.5,55
2023,10,South Alabama,1566.5,56
2023,10,Texas Tech,1565.0,57
2023,10,Boise State,1558.8,58
2023,10,Georgia Southern,1558.1,59
2023,10,UCF,1553.9,60
2023,10,Georgia State,1552.2,61
2023,10,Western Kentucky,1551.5,62
2023,10,Nebraska,1551.5,63
2023,10,Texas State,1551.0,64
2023,10,Boston College,1547.3,65
2023,10,Ohio,1545.6,66
2023,10,App State,1538.0,67
2023,10,Virginia Tech,1537.6,68
2023,10,Arkansas,1536.4,69
2023,10,Louisiana,1536.1,70
2023,10,Georgia Tech,1536.1,71
2023,10,South Carolina,1534.0,72
2023,10,Wyoming,1528.0,73
2023,10,Jacksonville State,1526.4,74
2023,10,New Mexico State,1518.8,75
2023,10,Wake Forest,1516.9,76
2023,10,Syracuse,1508.4,77
2023,10,Washington State,1506.2,78
2023,10,San José State,1504.6,79
2023,10,California,1504.5,80
2023,10,Houston,1495.1,81
2023,10,Mississippi State,1490.3,82
2023,10,Marshall,1488.8,83
2023,10,Bowling Green,1488.8,84
2023,10,Pittsburgh,1487.7,85
2023,10,Purdue,1480.8,86
2023,10,Illinois,1480.4,87
2023,10,Colorado,1479.5,88
2023,10,Arkansas State,1475.6,89
2023,10,Florida Atlantic,1472.7,90
2023,10,Cincinnati,1469.5,91
2023,10,Northwestern,1467.3,92
2023,10,Michigan State,1464.2,93
2023,10,Rice,1455.5,94
2023,10,Utah State,1454.9,95
2023,10,Old Dominion,1448.9,96
2023,10,Indiana,1447.0,97
2023,10,Army,1441.6,98
2023,10,Baylor,1441.1,99
2023,10,Central Michigan,1438.0,100
2023,10,Western Michigan,1437.5,101
2023,10,Northern Illinois,1435.7,102
2023,10,Stanford,1422.2,103
2023,10,UAB,1421.1,104
2023,10,Buffalo,1416.7,105
2023,10,North Texas,1408.7,106
2023,10,Arizona State,1407.6,107
2023,10,Eastern Michigan,1404.7,108
2023,10,San Diego State,1401.6,109
2023,10,South Florida,1394.3,110
2023,10,Virginia,1390.2,111
2023,10,Middle Tennessee,1385.4,112
2023,10,Tulsa,1371.5,113
2023,10,Vanderbilt,1370.1,114
2023,10,Colorado State,1362.3,115
2023,10,Louisiana Tech,1362.3,116
2023,10,East Carolina,1359.6,117
2023,10,Navy,1358.5,118
2023,10,Southern Miss,1349.2,119
2023,10,Ball State,1345.8,120
2023,10,Florida International,1345.7,121
2023,10,Charlotte,1334.2,122
2023,10,UConn,1334.2,123
2023,10,Temple,1332.4,124
2023,10,Hawai'i,1308.2,125
2023,10,UTEP,1304.9,126
2023,10,Kent State,1303.6,127
2023,10,Massachusetts,1302.3,128
2023,10,UL Monroe,1300.9,129
2023,10,Akron,1293.6,130
2023,10,Nevada,1283.7,131
2023,10,New Mexico,1279.7,132
2023,10,Sam Houston,1222.9,133
2023,11,Ohio State,1910.3,1
2023,11,Michigan,1908.8,2
2023,11,Georgia,1899.0,3
2023,11,Alabama,1870.2,4
2023,11,Washington,1851.5,5
2023,11,Florida State,1844.4,6
2023,11,Texas,1833.5,7
2023,11,Oregon,1826.7,8
2023,11,Penn State,1797.0,9
2023,11,Oklahoma,1771.7,10
2023,11,Oregon State,1761.0,11
2023,11,Notre Dame,1754.7,12
2023,11,Liberty,1736.3,13
2023,11,James Madison,1730.5,14
2023,11,Kansas State,1729.6,15
2023,11,Ole Miss,1727.3,16
2023,11,Missouri,1725.3,17
2023,11,North Carolina,1725.1,18
2023,11,Louisville,1721.7,19
2023,11,LSU,1720.5,20
2023,11,Iowa,1719.4,21
2023,11,Troy,1712.4,22
2023,11,Tulane,1702.4,23
2023,11,Clemson,1694.7,24
2023,11,Utah,1693.5,25
2023,11,Tennessee,1686.6,26
2023,11,USC,1684.6,27
2023,11,NC State,1676.0,28
2023,11,SMU,1667.4,29
2023,11,Texas A&M,1660.8,30
2023,11,UTSA,1657.7,31
2023,11,Kansas,1656.8,32
2023,11,Arizona,1653.7,33
2023,11,Toledo,1652.4,34
2023,11,Fresno State,1646.0,35
2023,11,Miami (OH),1644.3,36
2023,11,Iowa State,1643.3,37
2023,11,UCLA,1640.9,38
2023,11,Duke,1637.8,39
2023,11,Auburn,1634.0,40
2023,11,Memphis,1632.9,41
2023,11,Kentucky,1631.2,42
2023,11,Miami,1618.6,43
2023,11,Coastal Carolina,1616.7,44
2023,11,Oklahoma State,1616.1,45
2023,11,West Virginia,1612.0,46
2023,11,UCF,1606.7,47
2023,11,TCU,1605.6,48
2023,11,Maryland,1597.7,49
2023,11,UNLV,1597.4,50
2023,11,Texas Tech,1587.6,51
2023,11,App State,1585.8,52
2023,11,Virginia Tech,1583.9,53
2023,11,South Alabama,1580.0,54
2023,11,Air Force,1576.8,55
2023,11,Florida,1575.0,56
2023,11,Ohio,1569.8,57
2023,11,Boise State,1567.2,58
2023,11,Rutgers,1566.6,59
2023,11,San José State,1560.7,60
2023,11,Minnesota,1559.6,61
2023,11,Wisconsin,1557.3,62
2023,11,New Mexico State,1552.5,63
2023,11,South Carolina,1551.2,64
2023,11,Syracuse,1539.4,65
2023,11,Georgia Southern,1536.3,66
2023,11,Texas State,1533.8,67
2023,11,Nebraska,1533.4,68
2023,11,Jacksonville State,1526.4,69
2023,11,Purdue,1523.7,70
2023,11,BYU,1522.1,71
2023,11,Georgia Tech,1520.4,72
2023,11,Bowling Green,1517.9,73
2023,11,Western Kentucky,1517.8,74
2023,11,California,1517.8,75
2023,11,Northwestern,1512.6,76
2023,11,Louisiana,1511.9,77
2023,11,Marshall,1510.6,78
2023,11,Georgia State,1504.4,79
2023,11,Cincinnati,1504.2,80
2023,11,Wyoming,1503.9,81
2023,11,Boston College,1500.9,82
2023,11,Washington State,1492.9,83
2023,11,Illinois,1491.9,84
2023,11,Arkansas,1491.1,85
2023,11,Wake Forest,1486.0,86
2023,11,Mississippi State,1472.1,87
2023,11,Utah State,1467.7,88
2023,11,Colorado,1466.8,89
2023,11,Arkansas State,1462.1,90
2023,11,Michigan State,1460.6,91
2023,11,Houston,1460.4,92
2023,11,Western Michigan,1460.3,93
2023,11,Pittsburgh,1456.7,94
2023,11,Arizona State,1451.3,95
2023,11,Army,1447.7,96
2023,11,Rice,1443.2,97
2023,11,Old Dominion,1440.4,98
2023,11,Indiana,1435.4,99
2023,11,Baylor,1432.2,100
2023,11,Florida Atlantic,1427.4,101
2023,11,Central Michigan,1415.1,102
2023,11,Stanford,1415.0,103
2023,11,Middle Tennessee,1414.2,104
2023,11,Northern Illinois,1413.6,105
2023,11,South Florida,1406.2,106
2023,11,East Carolina,1404.9,107
2023,11,North Texas,1399.2,108
2023,11,Navy,1397.3,109
2023,11,Eastern Michigan,1394.3,110
2023,11,Buffalo,1392.4,111
2023,11,San Diego State,1386.3,112
2023,11,Virginia,1386.2,113
2023,11,UAB,1382.3,114
2023,11,Colorado State,1377.5,115
2023,11,Southern Miss,1373.4,116
2023,11,Tulsa,1369.4,117
2023,11,Hawai'i,1368.8,118
2023,11,Ball State,1367.9,119
2023,11,Vanderbilt,1352.9,120
2023,11,UConn,1329.3,121
2023,11,Charlotte,1322.9,122
2023,11,Temple,1320.5,123
2023,11,Florida International,1316.9,124
2023,11,Louisiana Tech,1315.7,125
2023,11,UTEP,1304.9,126
2023,11,Massachusetts,1302.3,127
2023,11,UL Monroe,1288.4,128
2023,11,Akron,1288.4,129
2023,11,Kent State,1274.5,130
2023,11,New Mexico,1271.2,131
2023,11,Nevada,1270.9,132
2023,11,Sam Houston,1269.5,133
2023,12,Georgia,1925.0,1
2023,12,Michigan,1919.7,2
2023,12,Ohio State,1916.3,3
2023,12,Alabama,1871.9,4
2023,12,Washington,1863.9,5
2023,12,Texas,1853.5,6
2023,12,Florida State,1844.8,7
2023,12,Oregon,1841.2,8
2023,12,Penn State,1807.1,9
2023,12,Oklahoma,1785.7,10
2023,12,Notre Dame,1764.4,11
2023,12,Kansas State,1748.6,12
2023,12,Oregon State,1748.6,13
2023,12,Louisville,1744.3,14
2023,12,Liberty,1739.6,15
2023,12,LSU,1733.7,16
2023,12,Ole Miss,1730.9,17
2023,12,Missouri,1730.7,18
2023,12,Iowa,1723.0,19
2023,12,Clemson,1721.2,20
2023,12,Troy,1720.4,21
2023,12,Tulane,1719.7,22
2023,12,James Madison,1707.1,23
2023,12,NC State,1699.3,24
2023,12,North Carolina,1698.7,25
2023,12,Arizona,1689.1,26
2023,12,SMU,1688.2,27
2023,12,UCLA,1684.8,28
2023,12,UTSA,1667.5,29
2023,12,Texas A&M,1663.4,30
2023,12,Tennessee,1660.7,31
2023,12,Toledo,1659.3,32
2023,12,Utah,1658.1,33
2023,12,Miami (OH),1652.0,34
2023,12,Oklahoma State,1640.7,35
2023,12,USC,1640.7,36
2023,12,Kansas,1637.9,37
2023,12,West Virginia,1630.6,38
2023,12,Iowa State,1623.3,39
2023,12,TCU,1619.9,40
2023,12,UNLV,1618.8,41
2023,12,Kentucky,1613.7,42
2023,12,Memphis,1612.1,43
2023,12,Duke,1610.7,44
2023,12,App State,1609.2,45
2023,12,Boise State,1606.6,46
2023,12,Fresno State,1605.3,47
2023,12,South Alabama,1604.1,48
2023,12,New Mexico State,1601.2,49
2023,12,UCF,1599.6,50
2023,12,Miami,1596.0,51
2023,12,Texas Tech,1594.7,52
2023,12,Maryland,1586.8,53
2023,12,Auburn,1585.4,54
2023,12,Coastal Carolina,1582.9,55
2023,12,Ohio,1582.8,56
2023,12,Wisconsin,1575.3,57
2023,12,San José State,1571.5,58
2023,12,Florida,1569.6,59
2023,12,South Carolina,1568.6,60
2023,12,Virginia Tech,1560.6,61
2023,12,Rutgers,1556.5,62
2023,12,Air Force,1555.5,63
2023,12,Minnesota,1553.6,64
2023,12,California,1545.7,65
2023,12,Georgia Tech,1543.9,66
2023,12,Jacksonville State,1539.8,67
2023,12,Northwestern,1534.4,68
2023,12,Washington State,1525.2,69
2023,12,Western Kentucky,1523.1,70
2023,12,Wyoming,1522.5,71
2023,12,Syracuse,1515.9,72
2023,12,Nebraska,1515.4,73
2023,12,Georgia Southern,1514.1,74
2023,12,Bowling Green,1511.0,75
2023,12,Arkansas State,1509.3,76
2023,12,BYU,1508.1,77
2023,12,Arkansas,1505.2,78
2023,12,Louisiana,1504.0,79
2023,12,Purdue,1501.9,80
2023,12,Mississippi State,1491.5,81
2023,12,Georgia State,1491.2,82
2023,12,Illinois,1488.3,83
2023,12,Texas State,1486.6,84
2023,12,Marshall,1486.6,85
2023,12,Cincinnati,1485.6,86
2023,12,Army,1481.5,87
2023,12,Pittsburgh,1481.2,88
2023,12,Michigan State,1478.8,89
2023,12,Boston College,1476.4,90
2023,12,Wake Forest,1476.3,91
2023,12,Rice,1475.3,92
2023,12,Old Dominion,1462.6,93
2023,12,Northern Illinois,1449.9,94
2023,12,Arizona State,1436.9,95
2023,12,Houston,1435.8,96
2023,12,Colorado,1434.6,97
2023,12,Utah State,1428.4,98
2023,12,North Texas,1426.2,99
2023,12,Western Michigan,1424.1,100
2023,12,Middle Tennessee,1423.8,101
2023,12,Navy,1420.7,102
2023,12,Baylor,1417.9,103
2023,12,Indiana,1417.2,104
2023,12,Virginia,1413.3,105
2023,12,Florida Atlantic,1410.1,106
2023,12,Eastern Michigan,1402.7,107
2023,12,Central Michigan,1402.1,108
2023,12,UAB,1400.0,109
2023,12,South Florida,1396.3,110
2023,12,Colorado State,1392.0,111
2023,12,Ball State,1390.1,112
2023,12,Stanford,1387.0,113
2023,12,Buffalo,1384.7,114
2023,12,East Carolina,1381.4,115
2023,12,San Diego State,1375.5,116
2023,12,Southern Miss,1354.0,117
2023,12,Vanderbilt,1352.9,118
2023,12,Hawai'i,1350.2,119
2023,12,Tulsa,1342.4,120
2023,12,UConn,1335.3,121
2023,12,New Mexico,1312.0,122
2023,12,Florida International,1302.9,123
2023,12,Temple,1302.8,124
2023,12,Louisiana Tech,1302.4,125
2023,12,Massachusetts,1299.0,126
2023,12,UTEP,1295.3,127
2023,12,Charlotte,1290.9,128
2023,12,UL Monroe,1284.8,129
2023,12,Akron,1280.0,130
2023,12,Sam Houston,1264.1,131
2023,12,Nevada,1256.4,132
2023,12,Kent State,1252.3,133
2023,13,Michigan,1938.0,1
2023,13,Georgia,1933.6,2
2023,13,Ohio State,1898.1,3
2023,13,Alabama,1879.9,4
2023,13,Washington,1866.4,5
2023,13,Texas,1864.5,6
2023,13,Oregon,1861.9,7
2023,13,Florida State,1858.8,8
2023,13,Penn State,1821.0,9
2023,13,Oklahoma,1800.3,10
2023,13,Notre Dame,1778.4,11
2023,13,Missouri,1756.8,12
2023,13,LSU,1752.0,13
2023,13,Ole Miss,1747.7,14
2023,13,Liberty,1747.6,15
2023,13,James Madison,1745.7,16
2023,13,Clemson,1742.9,17
2023,13,Tulane,1740.0,18
2023,13,Iowa,1733.9,19
2023,13,Troy,1732.6,20
2023,13,Oregon State,1727.9,21
2023,13,NC State,1727.7,22
2023,13,Kansas State,1714.1,23
2023,13,Arizona,1713.2,24
2023,13,Louisville,1709.7,25
2023,13,SMU,1698.4,26
2023,13,Toledo,1677.4,27
2023,13,Kansas,1671.1,28
2023,13,North Carolina,1670.3,29
2023,13,Tennessee,1667.6,30
2023,13,Utah,1664.7,31
2023,13,Miami (OH),1659.1,32
2023,13,Iowa State,1657.7,33
2023,13,Oklahoma State,1651.1,34
2023,13,Kentucky,1648.3,35
2023,13,UTSA,1647.2,36
2023,13,Texas A&M,1645.2,37
2023,13,West Virginia,1641.3,38
2023,13,USC,1640.7,39
2023,13,App State,1630.6,40
2023,13,Miami,1629.8,41
2023,13,UCLA,1629.5,42
2023,13,Memphis,1629.2,43
2023,13,Maryland,1625.0,44
2023,13,Duke,1624.2,45
2023,13,Boise State,1623.6,46
2023,13,UCF,1612.1,47
2023,13,New Mexico State,1611.4,48
2023,13,Wisconsin,1611.1,49
2023,13,TCU,1605.3,50
2023,13,California,1601.0,51
2023,13,San José State,1600.6,52
2023,13,Ohio,1596.4,53
2023,13,Virginia Tech,1595.7,54
2023,13,UNLV,1589.6,55
2023,13,Texas Tech,1583.7,56
2023,13,Auburn,1577.3,57
2023,13,South Alabama,1573.0,58
2023,13,Florida,1555.6,59
2023,13,Fresno State,1553.4,60
2023,13,Northwestern,1548.1,61
2023,13,Bowling Green,1547.6,62
2023,13,South Carolina,1547.0,63
2023,13,Wyoming,1545.3,64
2023,13,Coastal Carolina,1544.3,65
2023,13,Western Kentucky,1542.9,66
2023,13,Air Force,1538.5,67
2023,13,Georgia Tech,1535.3,68
2023,13,Jacksonville State,1529.5,69
2023,13,Syracuse,1529.0,70
2023,13,Washington State,1522.7,71
2023,13,Rutgers,1518.2,72
2023,13,Minnesota,1517.8,73
2023,13,Texas State,1517.6,74
2023,13,Louisiana,1516.0,75
2023,13,Marshall,1514.6,76
2023,13,Purdue,1512.6,77
2023,13,Nebraska,1504.5,78
2023,13,BYU,1497.7,79
2023,13,Georgia Southern,1492.7,80
2023,13,Rice,1485.4,81
2023,13,Georgia State,1483.9,82
2023,13,Army,1481.5,83
2023,13,Arkansas State,1481.3,84
2023,13,Arkansas,1479.0,85
2023,13,Mississippi State,1474.7,86
2023,13,Illinois,1474.5,87
2023,13,Old Dominion,1470.0,88
2023,13,Northern Illinois,1469.4,89
2023,13,Pittsburgh,1467.8,90
2023,13,Michigan State,1464.9,91
2023,13,Wake Forest,1463.2,92
2023,13,Cincinnati,1452.4,93
2023,13,Utah State,1442.9,94
2023,13,Boston College,1442.5,95
2023,13,North Texas,1438.1,96
2023,13,Eastern Michigan,1437.9,97
2023,13,Colorado,1428.0,98
2023,13,San Diego State,1427.3,99
2023,13,Houston,1423.4,100
2023,13,South Florida,1417.9,101
2023,13,Arizona State,1412.8,102
2023,13,Navy,1410.5,103
2023,13,Baylor,1407.2,104
2023,13,Indiana,1406.5,105
2023,13,Middle Tennessee,1401.8,106
2023,13,Florida Atlantic,1400.1,107
2023,13,UAB,1388.1,108
2023,13,Western Michigan,1387.5,109
2023,13,Central Michigan,1384.0,110
2023,13,Ball State,1383.1,111
2023,13,Virginia,1378.2,112
2023,13,Colorado State,1376.6,113
2023,13,Stanford,1373.0,114
2023,13,UConn,1369.1,115
2023,13,Hawai'i,1365.6,116
2023,13,East Carolina,1365.2,117
2023,13,Tulsa,1358.7,118
2023,13,Buffalo,1349.6,119
2023,13,Vanderbilt,1346.0,120
2023,13,Southern Miss,1341.7,121
2023,13,Louisiana Tech,1302.4,122
2023,13,New Mexico,1297.4,123
2023,13,UTEP,1287.3,124
2023,13,Sam Houston,1286.1,125
2023,13,Temple,1285.7,126
2023,13,Florida International,1283.1,127
2023,13,UL Monroe,1272.8,128
2023,13,Charlotte,1269.3,129
2023,13,Akron,1266.4,130
2023,13,Massachusetts,1265.1,131
2023,13,Nevada,1233.6,132
2023,13,Kent State,1232.8,133
2023,14,Michigan,1958.6,1
2023,14,Georgia,1913.9,2
2023,14,Alabama,1899.6,3
2023,14,Ohio State,1898.1,4
2023,14,Washington,1882.8,5
2023,14,Texas,1881.2,6
2023,14,Florida State,1874.9,7
2023,14,Oregon,1845.6,8
2023,14,Penn State,1821.0,9
2023,14,Oklahoma,1800.3,10
2023,14,Notre Dame,1778.4,11
2023,14,Liberty,1761.8,12
2023,14,Missouri,1756.8,13
2023,14,Troy,1753.0,14
2023,14,LSU,1752.0,15
2023,14,Ole Miss,1747.7,16
2023,14,James Madison,1745.7,17
2023,14,Clemson,1742.9,18
2023,14,SMU,1736.5,19
2023,14,Oregon State,1727.9,20
2023,14,NC State,1727.7,21
2023,14,Kansas State,1714.1,22
2023,14,Iowa,1713.3,23
2023,14,Arizona,1713.2,24
2023,14,Tulane,1701.9,25
2023,14,Louisville,1693.7,26
2023,14,Miami (OH),1687.9,27
2023,14,Kansas,1671.1,28
2023,14,North Carolina,1670.3,29
2023,14,Tennessee,1667.6,30
2023,14,Boise State,1665.1,31
2023,14,Utah,1664.7,32
2023,14,Iowa State,1657.7,33
2023,14,Toledo,1648.6,34
2023,14,Kentucky,1648.3,35
2023,14,UTSA,1647.2,36
2023,14,Texas A&M,1645.2,37
2023,14,West Virginia,1641.3,38
2023,14,USC,1640.7,39
2023,14,Oklahoma State,1634.4,40
2023,14,Miami,1629.8,41
2023,14,UCLA,1629.5,42
2023,14,Memphis,1629.2,43
2023,14,Maryland,1625.0,44
2023,14,Duke,1624.2,45
2023,14,UCF,1612.1,46
2023,14,Wisconsin,1611.1,47
2023,14,App State,1610.3,48
2023,14,TCU,1605.3,49
2023,14,California,1601.0,50
2023,14,San José State,1600.6,51
2023,14,New Mexico State,1597.2,52
2023,14,Ohio,1596.4,53
2023,14,Virginia Tech,1595.7,54
2023,14,Texas Tech,1583.7,55
2023,14,Auburn,1577.3,56
2023,14,South Alabama,1573.0,57
2023,14,Florida,1555.6,58
2023,14,Fresno State,1553.4,59
2023,14,UNLV,1548.1,60
2023,14,Northwestern,1548.1,61
2023,14,Bowling Green,1547.6,62
2023,14,South Carolina,1547.0,63
2023,14,Wyoming,1545.3,64
2023,14,Coastal Carolina,1544.3,65
2023,14,Western Kentucky,1542.9,66
2023,14,Air Force,1538.5,67
2023,14,Georgia Tech,1535.3,68
2023,14,Jacksonville State,1529.5,69
2023,14,Syracuse,1529.0,70
2023,14,Washington State,1522.7,71
2023,14,Rutgers,1518.2,72
2023,14,Minnesota,1517.8,73
2023,14,Texas State,1517.6,74
2023,14,Louisiana,1516.0,75
2023,14,Marshall,1514.6,76
2023,14,Purdue,1512.6,77
2023,14,Nebraska,1504.5,78
2023,14,BYU,1497.7,79
2023,14,Georgia Southern,1492.7,80
2023,14,Rice,1485.4,81
2023,14,Georgia State,1483.9,82
2023,14,Army,1481.5,83
2023,14,Arkansas State,1481.3,84
2023,14,Arkansas,1479.0,85
2023,14,Mississippi State,1474.7,86
2023,14,Illinois,1474.5,87
2023,14,Old Dominion,1470.0,88
2023,14,Northern Illinois,1469.4,89
2023,14,Pittsburgh,1467.8,90
2023,14,Michigan State,1464.9,91
2023,14,Wake Forest,1463.2,92
2023,14,Cincinnati,1452.4,93
2023,14,Utah State,1442.9,94
2023,14,Boston College,1442.5,95
2023,14,North Texas,1438.1,96
2023,14,Eastern Michigan,1437.9,97
2023,14,Colorado,1428.0,98
2023,14,San Diego State,1427.3,99
2023,14,Houston,1423.4,100
2023,14,South Florida,1417.9,101
2023,14,Arizona State,1412.8,102
2023,14,Navy,1410.5,103
2023,14,Baylor,1407.2,104
2023,14,Indiana,1406.5,105
2023,14,Middle Tennessee,1401.8,106
2023,14,Florida Atlantic,1400.1,107
2023,14,UAB,1388.1,108
2023,14,Western Michigan,1387.5,109
2023,14,Central Michigan,1384.0,110
2023,14,Ball State,1383.1,111
2023,14,Virginia,1378.2,112
2023,14,Colorado State,1376.6,113
2023,14,Stanford,1373.0,114
2023,14,UConn,1369.1,115
2023,14,Hawai'i,1365.6,116
2023,14,East Carolina,1365.2,117
2023,14,Tulsa,1358.7,118
2023,14,Buffalo,1349.6,119
2023,14,Vanderbilt,1346.0,120
2023,14,Southern Miss,1341.7,121
2023,14,Louisiana Tech,1302.4,122
2023,14,New Mexico,1297.4,123
2023,14,UTEP,1287.3,124
2023,14,Sam Houston,1286.1,125
2023,14,Temple,1285.7,126
2023,14,Florida International,1283.1,127
2023,14,UL Monroe,1272.8,128
2023,14,Charlotte,1269.3,129
2023,14,Akron,1266.4,130
2023,14,Massachusetts,1265.1,131
2023,14,Nevada,1233.6,132
2023,14,Kent State,1232.8,133
2023,15,Michigan,1958.6,1
2023,15,Georgia,1913.9,2
2023,15,Alabama,1899.6,3
2023,15,Ohio State,1898.1,4
2023,15,Washington,1882.8,5
2023,15,Texas,1881.2,6
2023,15,Florida State,1874.9,7
2023,15,Oregon,1845.6,8
2023,15,Penn State,1821.0,9
2023,15,Oklahoma,1800.3,10
2023,15,Notre Dame,1778.4,11
2023,15,Liberty,1761.8,12
2023,15,Missouri,1756.8,13
2023,15,Troy,1753.0,14
2023,15,LSU,1752.0,15
2023,15,Ole Miss,1747.7,16
2023,15,James Madison,1745.7,17
2023,15,Clemson,1742.9,18
2023,15,SMU,1736.5,19
2023,15,Oregon State,1727.9,20
2023,15,NC State,1727.7,21
2023,15,Kansas State,1714.1,22
2023,15,Iowa,1713.3,23
2023,15,Arizona,1713.2,24
2023,15,Tulane,1701.9,25
2023,15,Louisville,1693.7,26
2023,15,Miami (OH),1687.9,27
2023,15,Kansas,1671.1,28
2023,15,North Carolina,1670.3,29
2023,15,Tennessee,1667.6,30
2023,15,Boise State,1665.1,31
2023,15,Utah,1664.7,32
2023,15,Iowa State,1657.7,33
2023,15,Toledo,1648.6,34
2023,15,Kentucky,1648.3,35
2023,15,UTSA,1647.2,36
2023,15,Texas A&M,1645.2,37
2023,15,West Virginia,1641.3,38
2023,15,USC,1640.7,39
2023,15,Oklahoma State,1634.4,40
2023,15,Miami,1629.8,41
2023,15,UCLA,1629.5,42
2023,15,Memphis,1629.2,43
2023,15,Maryland,1625.0,44
2023,15,Duke,1624.2,45
2023,15,UCF,1612.1,46
2023,15,Wisconsin,1611.1,47
2023,15,App State,1610.3,48
2023,15,TCU,1605.3,49
2023,15,California,1601.0,50
2023,15,San José State,1600.6,51
2023,15,New Mexico State,1597.2,52
2023,15,Ohio,1596.4,53
2023,15,Virginia Tech,1595.7,54
2023,15,Texas Tech,1583.7,55
2023,15,Auburn,1577.3,56
2023,15,South Alabama,1573.0,57
2023,15,Florida,1555.6,58
2023,15,Fresno State,1553.4,59
2023,15,UNLV,1548.1,60
2023,15,Northwestern,1548.1,61
2023,15,Bowling Green,1547.6,62
2023,15,South Carolina,1547.0,63
2023,15,Wyoming,1545.3,64
2023,15,Coastal Carolina,1544.3,65
2023,15,Western Kentucky,1542.9,66
2023,15,Air Force,1538.5,67
2023,15,Georgia Tech,1535.3,68
2023,15,Jacksonville State,1529.5,69
2023,15,Syracuse,1529.0,70
2023,15,Washington State,1522.7,71
2023,15,Rutgers,1518.2,72
2023,15,Minnesota,1517.8,73
2023,15,Texas State,1517.6,74
2023,15,Louisiana,1516.0,75
2023,15,Marshall,1514.6,76
2023,15,Purdue,1512.6,77
2023,15,Nebraska,1504.5,78
2023,15,Army,1499.6,79
2023,15,BYU,1497.7,80
2023,15,Georgia Southern,1492.7,81
2023,15,Rice,1485.4,82
2023,15,Georgia State,1483.9,83
2023,15,Arkansas State,1481.3,84
2023,15,Arkansas,1479.0,85
2023,15,Mississippi State,1474.7,86
2023,15,Illinois,1474.5,87
2023,15,Old Dominion,1470.0,88
2023,15,Northern Illinois,1469.4,89
2023,15,Pittsburgh,1467.8,90
2023,15,Michigan State,1464.9,91
2023,15,Wake Forest,1463.2,92
2023,15,Cincinnati,1452.4,93
2023,15,Utah State,1442.9,94
2023,15,Boston College,1442.5,95
2023,15,North Texas,1438.1,96
2023,15,Eastern Michigan,1437.9,97
2023,15,Colorado,1428.0,98
2023,15,San Diego State,1427.3,99
2023,15,Houston,1423.4,100
2023,15,South Florida,1417.9,101
2023,15,Arizona State,1412.8,102
2023,15,Baylor,1407.2,103
2023,15,Indiana,1406.5,104
2023,15,Middle Tennessee,1401.8,105
2023,15,Florida Atlantic,1400.1,106
2023,15,Navy,1392.4,107
2023,15,UAB,1388.1,108
2023,15,Western Michigan,1387.5,109
2023,15,Central Michigan,1384.0,110
2023,15,Ball State,1383.1,111
2023,15,Virginia,1378.2,112
2023,15,Colorado State,1376.6,113
2023,15,Stanford,1373.0,114
2023,15,UConn,1369.1,115
2023,15,Hawai'i,1365.6,116
2023,15,East Carolina,1365.2,117
2023,15,Tulsa,1358.7,118
2023,15,Buffalo,1349.6,119
2023,15,Vanderbilt,1346.0,120
2023,15,Southern Miss,1341.7,121
2023,15,Louisiana Tech,1302.4,122
2023,15,New Mexico,1297.4,123
2023,15,UTEP,1287.3,124
2023,15,Sam Houston,1286.1,125
2023,15,Temple,1285.7,126
2023,15,Florida International,1283.1,127
2023,15,UL Monroe,1272.8,128
2023,15,Charlotte,1269.3,129
2023,15,Akron,1266.4,130
2023,15,Massachusetts,1265.1,131
2023,15,Nevada,1233.6,132
2023,15,Kent State,1232.8,133
2024,1,Georgia,1795.7,1
2024,1,Alabama,1765.4,2
2024,1,Michigan,1761.1,3
2024,1,Ohio State,1751.6,4
2024,1,Texas,1740.8,5
2024,1,Penn State,1739.1,6
2024,1,Notre Dame,1716.1,7
2024,1,Oregon,1706.7,8
2024,1,Oklahoma,1695.7,9
2024,1,Washington,1694.7,10
2024,1,Miami,1661.2,11
2024,1,SMU,1654.0,12
2024,1,Missouri,1650.1,13
2024,1,Ole Miss,1645.5,14
2024,1,USC,1644.9,15
2024,1,North Carolina,1623.1,16
2024,1,NC State,1621.8,17
2024,1,James Madison,1621.8,18
2024,1,Tennessee,1619.5,19
2024,1,LSU,1617.9,20
2024,1,Iowa,1616.6,21
2024,1,Kentucky,1615.5,22
2024,1,Arizona,1615.5,23
2024,1,Clemson,1615.0,24
2024,1,Boise State,1611.8,25
2024,1,Liberty,1611.5,26
2024,1,Louisville,1611.2,27
2024,1,Oregon State,1606.3,28
2024,1,Kansas State,1604.9,29
2024,1,TCU,1602.8,30
2024,1,Tulane,1600.5,31
2024,1,UCLA,1599.3,32
2024,1,Georgia Tech,1599.1,33
2024,1,Utah,1599.1,34
2024,1,Florida State,1598.5,35
2024,1,Kansas,1596.5,36
2024,1,Maryland,1595.6,37
2024,1,Wisconsin,1594.3,38
2024,1,Iowa State,1577.4,39
2024,1,UCF,1576.4,40
2024,1,UTSA,1575.9,41
2024,1,Auburn,1575.9,42
2024,1,Oklahoma State,1575.2,43
2024,1,Coastal Carolina,1572.4,44
2024,1,Northwestern,1570.2,45
2024,1,Texas A&M,1569.5,46
2024,1,UNLV,1568.7,47
2024,1,South Carolina,1563.9,48
2024,1,Toledo,1563.2,49
2024,1,Memphis,1562.9,50
2024,1,California,1562.4,51
2024,1,Syracuse,1562.1,52
2024,1,Duke,1562.0,53
2024,1,Troy,1561.8,54
2024,1,Texas Tech,1555.5,55
2024,1,Nebraska,1553.4,56
2024,1,Boston College,1551.8,57
2024,1,App State,1546.3,58
2024,1,Arizona State,1535.8,59
2024,1,Purdue,1531.7,60
2024,1,Arkansas,1528.9,61
2024,1,North Texas,1526.1,62
2024,1,San José State,1525.6,63
2024,1,Pittsburgh,1523.3,64
2024,1,West Virginia,1523.2,65
2024,1,Rutgers,1521.3,66
2024,1,Miami (OH),1521.1,67
2024,1,Michigan State,1520.9,68
2024,1,Mississippi State,1516.2,69
2024,1,Washington State,1514.8,70
2024,1,Virginia Tech,1509.8,71
2024,1,Marshall,1507.7,72
2024,1,Florida,1506.2,73
2024,1,New Mexico State,1505.9,74
2024,1,Bowling Green,1503.9,75
2024,1,Louisiana,1502.0,76
2024,1,BYU,1501.8,77
2024,1,Illinois,1501.4,78
2024,1,Minnesota,1500.8,79
2024,1,Eastern Michigan,1498.4,80
2024,1,Fresno State,1497.8,81
2024,1,Texas State,1496.9,82
2024,1,Indiana,1495.1,83
2024,1,Wake Forest,1492.7,84
2024,1,Colorado,1491.2,85
2024,1,Cincinnati,1490.8,86
2024,1,Arkansas State,1484.4,87
2024,1,Vanderbilt,1483.4,88
2024,1,Baylor,1482.7,89
2024,1,Western Kentucky,1480.6,90
2024,1,South Florida,1475.2,91
2024,1,Ohio,1473.3,92
2024,1,San Diego State,1472.9,93
2024,1,Utah State,1468.0,94
2024,1,Northern Illinois,1464.1,95
2024,1,Virginia,1459.2,96
2024,1,South Alabama,1457.5,97
2024,1,UAB,1452.8,98
2024,1,Sam Houston,1450.6,99
2024,1,Georgia State,1448.8,100
2024,1,East Carolina,1446.8,101
2024,1,Middle Tennessee,1440.1,102
2024,1,Georgia Southern,1436.2,103
2024,1,Tulsa,1435.8,104
2024,1,Old Dominion,1435.5,105
2024,1,Wyoming,1434.4,106
2024,1,Central Michigan,1434.3,107
2024,1,Florida Atlantic,1424.2,108
2024,1,Stanford,1423.2,109
2024,1,Air Force,1420.4,110
2024,1,Ball State,1417.1,111
2024,1,Colorado State,1414.8,112
2024,1,Western Michigan,1412.4,113
2024,1,Jacksonville State,1412.3,114
2024,1,Hawai'i,1410.3,115
2024,1,Buffalo,1410.0,116
2024,1,Houston,1409.2,117
2024,1,Army,1407.6,118
2024,1,Rice,1402.9,119
2024,1,Louisiana Tech,1402.4,120
2024,1,UConn,1394.6,121
2024,1,Southern Miss,1393.4,122
2024,1,Nevada,1372.8,123
2024,1,Temple,1371.3,124
2024,1,Akron,1367.7,125
2024,1,Navy,1362.3,126
2024,1,UL Monroe,1360.8,127
2024,1,Charlotte,1356.3,128
2024,1,UTEP,1346.9,129
2024,1,Florida International,1346.3,130
2024,1,Massachusetts,1335.5,131
2024,1,New Mexico,1322.5,132
2024,1,Kent State,1318.9,133
2024,1,Kennesaw State,1242.0,134
2024,2,Texas,1805.2,1
2024,2,Georgia,1797.3,2
2024,2,Alabama,1777.1,3
2024,2,Ohio State,1762.6,4
2024,2,Penn State,1749.1,5
2024,2,Oregon,1719.9,6
2024,2,Washington,1712.8,7
2024,2,Oklahoma,1701.6,8
2024,2,Michigan,1696.7,9
2024,2,Tennessee,1687.1,10
2024,2,Notre Dame,1686.4,11
2024,2,USC,1670.1,12
2024,2,Ole Miss,1667.4,13
2024,2,Missouri,1667.2,14
2024,2,Miami,1666.0,15
2024,2,Clemson,1656.4,16
2024,2,Oregon State,1652.6,17
2024,2,Kansas State,1647.7,18
2024,2,Liberty,1643.0,19
2024,2,South Carolina,1637.6,20
2024,2,North Carolina,1635.0,21
2024,2,Louisville,1631.9,22
2024,2,James Madison,1624.2,23
2024,2,LSU,1621.8,24
2024,2,Utah,1620.6,25
2024,2,Arizona,1619.9,26
2024,2,SMU,1618.7,27
2024,2,TCU,1607.4,28
2024,2,Memphis,1606.8,29
2024,2,California,1606.5,30
2024,2,UCF,1605.1,31
2024,2,Iowa,1601.3,32
2024,2,Oklahoma State,1601.2,33
2024,2,Wisconsin,1599.8,34
2024,2,UCLA,1599.3,35
2024,2,Boise State,1598.6,36
2024,2,Florida State,1598.5,37
2024,2,Duke,1597.8,38
2024,2,Iowa State,1592.8,39
2024,2,Nebraska,1585.9,40
2024,2,Syracuse,1584.8,41
2024,2,Coastal Carolina,1579.1,42
2024,2,Toledo,1577.0,43
2024,2,Texas A&M,1576.8,44
2024,2,Georgia Tech,1576.4,45
2024,2,UNLV,1573.6,46
2024,2,Texas State,1566.4,47
2024,2,Washington State,1566.0,48
2024,2,San José State,1564.5,49
2024,2,Arizona State,1563.2,50
2024,2,Maryland,1563.1,51
2024,2,Boston College,1559.2,52
2024,2,Kansas,1557.9,53
2024,2,Tulane,1557.8,54
2024,2,NC State,1554.1,55
2024,2,Michigan State,1553.3,56
2024,2,Virginia Tech,1550.6,57
2024,2,Rutgers,1546.6,58
2024,2,Kentucky,1541.8,59
2024,2,Illinois,1540.0,60
2024,2,BYU,1537.1,61
2024,2,Pittsburgh,1536.7,62
2024,2,North Texas,1534.8,63
2024,2,Northwestern,1534.5,64
2024,2,Louisiana,1533.2,65
2024,2,West Virginia,1532.5,66
2024,2,Purdue,1531.7,67
2024,2,Auburn,1531.7,68
2024,2,Miami (OH),1521.1,69
2024,2,Troy,1517.9,70
2024,2,Florida,1513.7,71
2024,2,Minnesota,1511.8,72
2024,2,UTSA,1506.4,73
2024,2,Indiana,1505.6,74
2024,2,App State,1505.0,75
2024,2,Fresno State,1504.8,76
2024,2,Texas Tech,1504.3,77
2024,2,Arkansas State,1503.3,78
2024,2,Arkansas,1503.0,79
2024,2,Ohio,1501.2,80
2024,2,Vanderbilt,1493.9,81
2024,2,Bowling Green,1493.9,82
2024,2,Northern Illinois,1493.9,83
2024,2,Western Kentucky,1489.9,84
2024,2,Mississippi State,1488.7,85
2024,2,East Carolina,1486.3,86
2024,2,Eastern Michigan,1480.3,87
2024,2,Wake Forest,1477.4,88
2024,2,Cincinnati,1477.3,89
2024,2,Virginia,1474.5,90
2024,2,New Mexico State,1474.3,91
2024,2,Army,1469.3,92
2024,2,Marshall,1466.8,93
2024,2,South Florida,1463.5,94
2024,2,Georgia Southern,1461.2,95
2024,2,Baylor,1461.1,96
2024,2,Colorado,1458.6,97
2024,2,Georgia State,1453.3,98
2024,2,Utah State,1442.9,99
2024,2,Stanford,1435.1,100
2024,2,Florida International,1430.8,101
2024,2,South Alabama,1429.7,102
2024,2,Rice,1427.7,103
2024,2,San Diego State,1426.7,104
2024,2,UL Monroe,1425.5,105
2024,2,Ball State,1424.8,106
2024,2,Colorado State,1424.7,107
2024,2,Sam Houston,1421.9,108
2024,2,Middle Tennessee,1418.3,109
2024,2,Tulsa,1417.0,110
2024,2,Navy,1411.5,111
2024,2,UConn,1411.0,112
2024,2,Hawai'i,1410.3,113
2024,2,Southern Miss,1407.8,114
2024,2,Houston,1403.3,115
2024,2,Louisiana Tech,1402.4,116
2024,2,Western Michigan,1401.5,117
2024,2,Old Dominion,1396.1,118
2024,2,Buffalo,1392.9,119
2024,2,Jacksonville State,1391.6,120
2024,2,Wyoming,1390.3,121
2024,2,UAB,1388.1,122
2024,2,Air Force,1381.5,123
2024,2,Florida Atlantic,1362.5,124
2024,2,Central Michigan,1349.8,125
2024,2,Nevada,1347.8,126
2024,2,Charlotte,1344.5,127
2024,2,Akron,1342.4,128
2024,2,New Mexico,1322.5,129
2024,2,Temple,1322.1,130
2024,2,Massachusetts,1321.7,131
2024,2,UTEP,1310.3,132
2024,2,Kent State,1267.5,133
2024,2,Kennesaw State,1210.8,134
2024,3,Alabama,1822.7,1
2024,3,Texas,1818.5,2
2024,3,Georgia,1804.2,3
2024,3,Oregon,1784.1,4
2024,3,Ohio State,1762.6,5
2024,3,Penn State,1749.1,6
2024,3,Notre Dame,1743.8,7
2024,3,Oklahoma,1722.7,8
2024,3,Ole Miss,1711.8,9
2024,3,Michigan,1710.9,10
2024,3,Tennessee,1694.4,11
2024,3,Kansas State,1688.7,12
2024,3,Miami,1685.1,13
2024,3,Missouri,1684.7,14
2024,3,Washington,1670.5,15
2024,3,USC,1670.1,16
2024,3,Utah,1658.2,17
2024,3,Clemson,1656.4,18
2024,3,Memphis,1651.6,19
2024,3,LSU,1651.4,20
2024,3,Liberty,1651.3,21
2024,3,Oklahoma State,1646.8,22
2024,3,North Carolina,1638.4,23
2024,3,Louisville,1631.9,24
2024,3,Toledo,1631.6,25
2024,3,Iowa,1630.4,26
2024,3,California,1626.2,27
2024,3,Texas A&M,1624.5,28
2024,3,James Madison,1624.2,29
2024,3,UCF,1619.5,30
2024,3,SMU,1618.7,31
2024,3,Maryland,1609.1,32
2024,3,Duke,1608.8,33
2024,3,Washington State,1608.3,34
2024,3,South Carolina,1608.0,35
2024,3,Coastal Carolina,1600.7,36
2024,3,Boise State,1598.6,37
2024,3,UNLV,1597.6,38
2024,3,Nebraska,1594.5,39
2024,3,Virginia Tech,1593.4,40
2024,3,TCU,1593.0,41
2024,3,Iowa State,1592.8,42
2024,3,Arizona State,1592.1,43
2024,3,Oregon State,1588.5,44
2024,3,Indiana,1587.1,45
2024,3,Syracuse,1584.8,46
2024,3,BYU,1580.9,47
2024,3,Georgia Tech,1580.3,48
2024,3,Arizona,1578.8,49
2024,3,San José State,1572.2,50
2024,3,NC State,1571.7,51
2024,3,Texas Tech,1565.4,52
2024,3,Michigan State,1559.6,53
2024,3,Pittsburgh,1559.3,54
2024,3,Illinois,1558.6,55
2024,3,Wisconsin,1554.2,56
2024,3,Fresno State,1554.0,57
2024,3,Florida State,1553.7,58
2024,3,Auburn,1549.8,59
2024,3,Western Kentucky,1549.6,60
2024,3,Rutgers,1546.6,61
2024,3,Northwestern,1545.3,62
2024,3,Boston College,1541.6,63
2024,3,Texas State,1537.5,64
2024,3,Tulane,1536.7,65
2024,3,Kentucky,1534.9,66
2024,3,Minnesota,1534.7,67
2024,3,Kansas,1533.9,68
2024,3,Louisiana,1533.2,69
2024,3,Cincinnati,1532.9,70
2024,3,App State,1526.9,71
2024,3,Arkansas,1523.9,72
2024,3,South Florida,1523.4,73
2024,3,UCLA,1517.8,74
2024,3,Colorado,1516.6,75
2024,3,West Virginia,1510.0,76
2024,3,Ohio,1508.0,77
2024,3,Baylor,1495.6,78
2024,3,Bowling Green,1493.9,79
2024,3,Eastern Michigan,1493.9,80
2024,3,Northern Illinois,1493.9,81
2024,3,UTSA,1493.1,82
2024,3,Arkansas State,1489.0,83
2024,3,Troy,1488.8,84
2024,3,Georgia State,1480.0,85
2024,3,Purdue,1474.3,86
2024,3,North Texas,1473.6,87
2024,3,Georgia Southern,1472.4,88
2024,3,Army,1469.3,89
2024,3,Vanderbilt,1467.3,90
2024,3,Marshall,1466.8,91
2024,3,Florida,1465.9,92
2024,3,Miami (OH),1465.6,93
2024,3,East Carolina,1464.3,94
2024,3,Sam Houston,1462.0,95
2024,3,Houston,1454.8,96
2024,3,South Alabama,1441.6,97
2024,3,Stanford,1435.1,98
2024,3,Mississippi State,1434.1,99
2024,3,Wake Forest,1433.0,100
2024,3,Buffalo,1429.7,101
2024,3,Virginia,1428.6,102
2024,3,UL Monroe,1425.5,103
2024,3,New Mexico State,1425.2,104
2024,3,Florida Atlantic,1416.1,105
2024,3,Navy,1411.5,106
2024,3,Western Michigan,1411.4,107
2024,3,San Diego State,1407.0,108
2024,3,Ball State,1405.7,109
2024,3,Utah State,1405.3,110
2024,3,UConn,1400.0,111
2024,3,Louisiana Tech,1384.9,112
2024,3,Jacksonville State,1377.9,113
2024,3,Florida International,1377.2,114
2024,3,Rice,1376.2,115
2024,3,Tulsa,1371.3,116
2024,3,Hawai'i,1370.2,117
2024,3,UAB,1367.2,118
2024,3,Colorado State,1366.8,119
2024,3,Middle Tennessee,1358.6,120
2024,3,Old Dominion,1353.4,121
2024,3,Akron,1352.1,122
2024,3,Charlotte,1348.2,123
2024,3,Southern Miss,1347.8,124
2024,3,Air Force,1347.0,125
2024,3,Wyoming,1346.5,126
2024,3,Central Michigan,1331.1,127
2024,3,Nevada,1324.8,128
2024,3,New Mexico,1304.5,129
2024,3,UTEP,1302.0,130
2024,3,Temple,1300.6,131
2024,3,Massachusetts,1284.9,132
2024,3,Kent State,1260.2,133
2024,3,Kennesaw State,1203.1,134
2024,4,Texas,1826.2,1
2024,4,Alabama,1822.7,2
2024,4,Georgia,1804.2,3
2024,4,Oregon,1784.1,4
2024,4,Ohio State,1774.9,5
2024,4,Notre Dame,1756.2,6
2024,4,Penn State,1753.7,7
2024,4,Tennessee,1736.2,8
2024,4,Michigan,1727.7,9
2024,4,Ole Miss,1725.6,10
2024,4,Miami,1724.5,11
2024,4,Missouri,1690.5,12
2024,4,Washington,1690.4,13
2024,4,James Madison,1688.9,14
2024,4,Clemson,1688.6,15
2024,4,Oklahoma,1680.8,16
2024,4,Utah,1680.7,17
2024,4,LSU,1674.4,18
2024,4,Iowa,1668.9,19
2024,4,Liberty,1663.5,20
2024,4,Louisville,1661.5,21
2024,4,USC,1653.3,22
2024,4,SMU,1651.8,23
2024,4,Texas A&M,1640.3,24
2024,4,BYU,1637.0,25
2024,4,Duke,1635.9,26
2024,4,Kansas State,1632.7,27
2024,4,Iowa State,1628.0,28
2024,4,Oklahoma State,1624.4,29
2024,4,South Carolina,1621.0,30
2024,4,UCF,1619.5,31
2024,4,Washington State,1619.1,32
2024,4,Maryland,1614.7,33
2024,4,Oregon State,1613.7,34
2024,4,Toledo,1604.3,35
2024,4,Boise State,1602.5,36
2024,4,Indiana,1600.8,37
2024,4,California,1599.8,38
2024,4,UNLV,1597.6,39
2024,4,Illinois,1595.3,40
2024,4,Texas Tech,1593.1,41
2024,4,Tulane,1581.9,42
2024,4,Florida State,1580.2,43
2024,4,Arizona,1578.8,44
2024,4,Memphis,1578.1,45
2024,4,Rutgers,1577.8,46
2024,4,Fresno State,1577.3,47
2024,4,Western Kentucky,1576.8,48
2024,4,North Carolina,1573.7,49
2024,4,Kentucky,1571.6,50
2024,4,Arkansas,1565.5,51
2024,4,Pittsburgh,1564.7,52
2024,4,Arizona State,1564.4,53
2024,4,Cincinnati,1562.2,54
2024,4,Virginia Tech,1562.2,55
2024,4,San José State,1561.4,56
2024,4,Boston College,1561.3,57
2024,4,TCU,1559.8,58
2024,4,Nebraska,1557.8,59
2024,4,Syracuse,1556.9,60
2024,4,Wisconsin,1554.2,61
2024,4,Georgia Tech,1550.6,62
2024,4,Michigan State,1539.9,63
2024,4,NC State,1539.4,64
2024,4,Coastal Carolina,1538.6,65
2024,4,Colorado,1538.4,66
2024,4,Texas State,1537.5,67
2024,4,West Virginia,1530.1,68
2024,4,Northwestern,1525.4,69
2024,4,Kansas,1513.8,70
2024,4,Florida,1510.8,71
2024,4,South Alabama,1509.0,72
2024,4,Auburn,1508.1,73
2024,4,UTSA,1501.4,74
2024,4,Eastern Michigan,1500.7,75
2024,4,Army,1500.0,76
2024,4,Troy,1496.8,77
2024,4,Minnesota,1496.2,78
2024,4,North Texas,1495.6,79
2024,4,UCLA,1494.7,80
2024,4,Sam Houston,1492.0,81
2024,4,Virginia,1490.6,82
2024,4,Louisiana,1488.0,83
2024,4,Navy,1485.0,84
2024,4,South Florida,1484.1,85
2024,4,Georgia State,1480.0,86
2024,4,Bowling Green,1478.2,87
2024,4,Baylor,1473.8,88
2024,4,Ohio,1471.2,89
2024,4,Stanford,1463.0,90
2024,4,Northern Illinois,1462.0,91
2024,4,Buffalo,1461.7,92
2024,4,Vanderbilt,1461.4,93
2024,4,App State,1459.5,94
2024,4,Georgia Southern,1458.6,95
2024,4,Marshall,1454.5,96
2024,4,Arkansas State,1453.9,97
2024,4,Miami (OH),1453.2,98
2024,4,East Carolina,1452.1,99
2024,4,Purdue,1449.0,100
2024,4,UConn,1443.1,101
2024,4,Wake Forest,1433.0,102
2024,4,Houston,1425.5,103
2024,4,UL Monroe,1417.8,104
2024,4,Jacksonville State,1414.7,105
2024,4,Western Michigan,1411.4,106
2024,4,San Diego State,1407.0,107
2024,4,Tulsa,1400.7,108
2024,4,New Mexico State,1395.2,109
2024,4,Hawai'i,1390.5,110
2024,4,Mississippi State,1389.2,111
2024,4,Colorado State,1387.7,112
2024,4,Ball State,1379.9,113
2024,4,Florida Atlantic,1373.0,114
2024,4,UAB,1367.2,115
2024,4,Utah State,1359.0,116
2024,4,Central Michigan,1356.9,117
2024,4,Louisiana Tech,1355.4,118
2024,4,Old Dominion,1353.4,119
2024,4,Florida International,1348.8,120
2024,4,Air Force,1347.0,121
2024,4,Temple,1346.9,122
2024,4,Rice,1345.6,123
2024,4,Nevada,1341.7,124
2024,4,Akron,1339.1,125
2024,4,Charlotte,1334.5,126
2024,4,Middle Tennessee,1331.5,127
2024,4,Wyoming,1324.6,128
2024,4,Southern Miss,1311.0,129
2024,4,Massachusetts,1299.3,130
2024,4,New Mexico,1281.1,131
2024,4,UTEP,1281.1,132
2024,4,Kent State,1255.6,133
2024,4,Kennesaw State,1203.1,134
2024,5,Alabama,1844.7,1
2024,5,Texas,1830.1,2
2024,5,Oregon,1805.4,3
2024,5,Ohio State,1804.5,4
2024,5,Georgia,1782.1,5
2024,5,Notre Dame,1772.1,6
2024,5,Penn State,1769.0,7
2024,5,Tennessee,1736.2,8
2024,5,Miami,1733.4,9
2024,5,Michigan,1733.1,10
2024,5,Clemson,1701.9,11
2024,5,Oklahoma,1701.5,12
2024,5,James Madison,1699.3,13
2024,5,Ole Miss,1697.3,14
2024,5,LSU,1693.6,15
2024,5,Missouri,1690.5,16
2024,5,SMU,1679.8,17
2024,5,USC,1675.0,18
2024,5,Iowa,1668.9,19
2024,5,Kansas State,1667.3,20
2024,5,Washington,1667.2,21
2024,5,Liberty,1663.5,22
2024,5,BYU,1658.2,23
2024,5,Texas A&M,1657.9,24
2024,5,Iowa State,1657.1,25
2024,5,Louisville,1645.6,26
2024,5,Duke,1642.0,27
2024,5,Boise State,1640.0,28
2024,5,UNLV,1637.9,29
2024,5,Indiana,1633.4,30
2024,5,Arizona,1629.9,31
2024,5,Utah,1629.6,32
2024,5,South Carolina,1621.0,33
2024,5,Oregon State,1613.7,34
2024,5,Tulane,1609.0,35
2024,5,Texas Tech,1607.1,36
2024,5,Toledo,1604.3,37
2024,5,Colorado,1601.3,38
2024,5,Rutgers,1600.9,39
2024,5,Kentucky,1599.9,40
2024,5,California,1599.8,41
2024,5,Nebraska,1595.6,42
2024,5,TCU,1591.5,43
2024,5,Oklahoma State,1589.8,44
2024,5,Memphis,1588.5,45
2024,5,Maryland,1582.1,46
2024,5,Washington State,1581.6,47
2024,5,Illinois,1580.0,48
2024,5,Boston College,1569.7,49
2024,5,Western Kentucky,1568.5,50
2024,5,North Carolina,1567.6,51
2024,5,Pittsburgh,1564.7,52
2024,5,Arizona State,1564.4,53
2024,5,Syracuse,1561.4,54
2024,5,San José State,1561.4,55
2024,5,NC State,1556.6,56
2024,5,UCF,1556.6,57
2024,5,Virginia Tech,1553.3,58
2024,5,Florida State,1552.2,59
2024,5,Georgia Tech,1550.6,60
2024,5,Cincinnati,1548.2,61
2024,5,Arkansas,1547.8,62
2024,5,Coastal Carolina,1538.6,63
2024,5,Army,1537.9,64
2024,5,Fresno State,1537.0,65
2024,5,Wisconsin,1532.5,66
2024,5,West Virginia,1530.1,67
2024,5,Texas State,1526.0,68
2024,5,Northwestern,1525.4,69
2024,5,Eastern Michigan,1525.3,70
2024,5,Navy,1524.8,71
2024,5,North Texas,1522.3,72
2024,5,Florida,1510.8,73
2024,5,Michigan State,1510.4,74
2024,5,Louisiana,1508.4,75
2024,5,Georgia Southern,1508.4,76
2024,5,Sam Houston,1503.5,77
2024,5,Minnesota,1490.8,78
2024,5,Ohio,1490.8,79
2024,5,Virginia,1490.6,80
2024,5,South Alabama,1489.9,81
2024,5,UConn,1489.7,82
2024,5,Auburn,1487.5,83
2024,5,East Carolina,1484.9,84
2024,5,Kansas,1482.1,85
2024,5,Marshall,1474.4,86
2024,5,UCLA,1473.4,87
2024,5,UTSA,1468.7,88
2024,5,Troy,1466.6,89
2024,5,Vanderbilt,1461.4,90
2024,5,Miami (OH),1461.2,91
2024,5,App State,1459.5,92
2024,5,South Florida,1457.1,93
2024,5,Arkansas State,1453.9,94
2024,5,Baylor,1452.5,95
2024,5,Bowling Green,1450.7,96
2024,5,Stanford,1449.8,97
2024,5,UL Monroe,1448.0,98
2024,5,Northern Illinois,1444.8,99
2024,5,Georgia State,1430.2,100
2024,5,Buffalo,1415.1,101
2024,5,Jacksonville State,1414.7,102
2024,5,Wake Forest,1412.5,103
2024,5,Purdue,1411.2,104
2024,5,San Diego State,1397.5,105
2024,5,Houston,1396.3,106
2024,5,Western Michigan,1391.4,107
2024,5,Hawai'i,1390.5,108
2024,5,Florida Atlantic,1388.6,109
2024,5,Colorado State,1387.7,110
2024,5,Mississippi State,1385.3,111
2024,5,Old Dominion,1380.9,112
2024,5,Florida International,1379.4,113
2024,5,Tulsa,1374.0,114
2024,5,Ball State,1369.6,115
2024,5,Central Michigan,1366.4,116
2024,5,Utah State,1359.0,117
2024,5,Wyoming,1356.4,118
2024,5,New Mexico State,1348.2,119
2024,5,Charlotte,1346.2,120
2024,5,Nevada,1341.7,121
2024,5,Rice,1333.9,122
2024,5,New Mexico,1328.2,123
2024,5,UAB,1327.4,124
2024,5,Louisiana Tech,1324.8,125
2024,5,Middle Tennessee,1321.1,126
2024,5,Akron,1319.5,127
2024,5,Air Force,1315.2,128
2024,5,Southern Miss,1311.0,129
2024,5,Temple,1308.9,130
2024,5,Massachusetts,1291.3,131
2024,5,UTEP,1281.1,132
2024,5,Kent State,1231.0,133
2024,5,Kennesaw State,1156.2,134
2024,6,Texas,1830.1,1
2024,6,Ohio State,1825.8,2
2024,6,Oregon,1814.0,3
2024,6,Alabama,1792.7,4
2024,6,Georgia,1790.3,5
2024,6,Penn State,1776.8,6
2024,6,Notre Dame,1772.1,7
2024,6,Ole Miss,1742.4,8
2024,6,Miami,1741.7,9
2024,6,Clemson,1734.2,10
2024,6,SMU,1711.9,11
2024,6,Michigan,1704.2,12
2024,6,Texas A&M,1702.5,13
2024,6,Oklahoma,1701.5,14
2024,6,Tennessee,1699.6,15
2024,6,Washington,1696.1,16
2024,6,LSU,1693.6,17
2024,6,James Madison,1673.5,18
2024,6,Iowa State,1671.2,19
2024,6,Kansas State,1667.3,20
2024,6,Indiana,1664.0,21
2024,6,Liberty,1663.5,22
2024,6,BYU,1658.2,23
2024,6,Boise State,1650.5,24
2024,6,Iowa,1647.6,25
2024,6,Missouri,1645.9,26
2024,6,Texas Tech,1640.7,27
2024,6,Tulane,1637.2,28
2024,6,USC,1632.9,29
2024,6,Utah,1629.6,30
2024,6,Oregon State,1622.6,31
2024,6,Nebraska,1619.8,32
2024,6,Toledo,1619.0,33
2024,6,Louisville,1613.5,34
2024,6,UNLV,1611.9,35
2024,6,Duke,1610.7,36
2024,6,Pittsburgh,1604.7,37
2024,6,Colorado,1601.3,38
2024,6,Kentucky,1599.9,39
2024,6,Arizona,1596.3,40
2024,6,Virginia Tech,1595.3,41
2024,6,California,1591.5,42
2024,6,West Virginia,1589.0,43
2024,6,Memphis,1588.5,44
2024,6,Syracuse,1587.4,45
2024,6,Arkansas,1584.5,46
2024,6,Maryland,1582.1,47
2024,6,Georgia Tech,1581.9,48
2024,6,Washington State,1581.6,49
2024,6,Illinois,1580.0,50
2024,6,Army,1578.9,51
2024,6,Arizona State,1577.4,52
2024,6,Rutgers,1576.7,53
2024,6,South Carolina,1575.9,54
2024,6,Texas State,1571.1,55
2024,6,Western Kentucky,1568.5,56
2024,6,San José State,1568.1,57
2024,6,Wisconsin,1558.5,58
2024,6,Navy,1555.9,59
2024,6,Coastal Carolina,1551.1,60
2024,6,Cincinnati,1548.2,61
2024,6,TCU,1548.0,62
2024,6,Florida,1544.4,63
2024,6,Fresno State,1537.0,64
2024,6,Boston College,1533.5,65
2024,6,Minnesota,1532.9,66
2024,6,Louisiana,1531.8,67
2024,6,Oklahoma State,1530.8,68
2024,6,Sam Houston,1530.7,69
2024,6,North Carolina,1527.6,70
2024,6,Virginia,1526.8,71
2024,6,Eastern Michigan,1525.3,72
2024,6,NC State,1524.1,73
2024,6,UCF,1523.1,74
2024,6,North Texas,1522.3,75
2024,6,Florida State,1519.9,76
2024,6,Vanderbilt,1513.4,77
2024,6,Georgia Southern,1508.4,78
2024,6,Marshall,1504.2,79
2024,6,Michigan State,1501.8,80
2024,6,UConn,1499.4,81
2024,6,Northwestern,1494.8,82
2024,6,Ohio,1490.8,83
2024,6,Auburn,1479.4,84
2024,6,Bowling Green,1475.7,85
2024,6,South Alabama,1475.6,86
2024,6,UL Monroe,1473.8,87
2024,6,Kansas,1469.1,88
2024,6,UTSA,1468.7,89
2024,6,Arkansas State,1468.2,90
2024,6,UCLA,1465.5,91
2024,6,Northern Illinois,1460.5,92
2024,6,South Florida,1457.1,93
2024,6,Miami (OH),1446.6,94
2024,6,Wake Forest,1445.1,95
2024,6,Jacksonville State,1443.5,96
2024,6,Houston,1439.9,97
2024,6,Baylor,1438.5,98
2024,6,East Carolina,1432.9,99
2024,6,Georgia State,1430.2,100
2024,6,App State,1429.6,101
2024,6,Troy,1421.5,102
2024,6,Buffalo,1415.1,103
2024,6,Western Michigan,1413.4,104
2024,6,San Diego State,1412.9,105
2024,6,Stanford,1407.8,106
2024,6,Charlotte,1398.2,107
2024,6,Florida Atlantic,1388.6,108
2024,6,Mississippi State,1385.3,109
2024,6,Purdue,1385.1,110
2024,6,Florida International,1379.4,111
2024,6,Colorado State,1378.9,112
2024,6,Hawai'i,1375.1,113
2024,6,Old Dominion,1368.4,114
2024,6,Central Michigan,1366.4,115
2024,6,Wyoming,1356.4,116
2024,6,Utah State,1348.5,117
2024,6,New Mexico State,1348.2,118
2024,6,Ball State,1347.6,119
2024,6,Nevada,1335.1,120
2024,6,Rice,1333.9,121
2024,6,Tulsa,1333.0,122
2024,6,New Mexico,1328.2,123
2024,6,Louisiana Tech,1324.8,124
2024,6,Middle Tennessee,1321.1,125
2024,6,UAB,1299.2,126
2024,6,Temple,1299.2,127
2024,6,Akron,1294.5,128
2024,6,Southern Miss,1287.7,129
2024,6,Air Force,1284.1,130
2024,6,Massachusetts,1275.6,131
2024,6,UTEP,1253.9,132
2024,6,Kent State,1231.0,133
2024,6,Kennesaw State,1127.4,134
2024,7,Texas,1858.6,1
2024,7,Oregon,1820.9,2
2024,7,Ohio State,1818.9,3
2024,7,Alabama,1796.6,4
2024,7,Georgia,1793.3,5
2024,7,Penn State,1790.2,6
2024,7,Notre Dame,1778.0,7
2024,7,Clemson,1754.8,8
2024,7,Miami,1741.7,9
2024,7,Ole Miss,1726.6,10
2024,7,SMU,1711.9,11
2024,7,LSU,1709.3,12
2024,7,Tennessee,1708.9,13
2024,7,Michigan,1704.2,14
2024,7,Texas A&M,1702.5,15
2024,7,Iowa State,1700.7,16
2024,7,James Madison,1693.1,17
2024,7,Iowa,1684.1,18
2024,7,Kansas State,1683.9,19
2024,7,BYU,1681.3,20
2024,7,Oklahoma,1672.9,21
2024,7,Liberty,1669.6,22
2024,7,Boise State,1669.3,23
2024,7,Indiana,1664.0,24
2024,7,Missouri,1661.3,25
2024,7,Washington,1659.6,26
2024,7,Texas Tech,1640.7,27
2024,7,Tulane,1637.2,28
2024,7,Louisville,1631.7,29
2024,7,UNLV,1630.0,30
2024,7,Nebraska,1619.8,31
2024,7,USC,1619.5,32
2024,7,Pittsburgh,1614.6,33
2024,7,Memphis,1612.5,34
2024,7,Syracuse,1612.5,35
2024,7,Duke,1610.7,36
2024,7,Wisconsin,1609.7,37
2024,7,Washington State,1609.3,38
2024,7,Georgia Tech,1607.5,39
2024,7,Utah,1604.4,40
2024,7,Arizona State,1602.7,41
2024,7,Virginia Tech,1595.3,42
2024,7,Texas State,1592.6,43
2024,7,Army,1587.8,44
2024,7,Oregon State,1585.1,45
2024,7,Colorado,1584.7,46
2024,7,Arkansas,1584.5,47
2024,7,Illinois,1582.7,48
2024,7,California,1581.5,49
2024,7,Western Kentucky,1575.4,50
2024,7,Cincinnati,1573.8,51
2024,7,Arizona,1573.1,52
2024,7,South Carolina,1572.1,53
2024,7,Toledo,1570.0,54
2024,7,Kentucky,1567.0,55
2024,7,West Virginia,1559.5,56
2024,7,Navy,1555.9,57
2024,7,Minnesota,1552.1,58
2024,7,TCU,1548.0,59
2024,7,Northwestern,1547.6,60
2024,7,Louisiana,1546.6,61
2024,7,Vanderbilt,1546.4,62
2024,7,North Texas,1538.4,63
2024,7,Florida,1535.0,64
2024,7,Boston College,1533.5,65
2024,7,San José State,1532.6,66
2024,7,Coastal Carolina,1531.5,67
2024,7,Oklahoma State,1530.8,68
2024,7,Sam Houston,1530.7,69
2024,7,Maryland,1529.3,70
2024,7,Rutgers,1525.6,71
2024,7,Florida State,1519.9,72
2024,7,Georgia Southern,1514.9,73
2024,7,Fresno State,1509.4,74
2024,7,Virginia,1508.5,75
2024,7,Ohio,1502.1,76
2024,7,North Carolina,1502.0,77
2024,7,Michigan State,1501.8,78
2024,7,UConn,1499.4,79
2024,7,NC State,1499.0,80
2024,7,Marshall,1497.8,81
2024,7,UCF,1497.5,82
2024,7,Miami (OH),1497.1,83
2024,7,Northern Illinois,1494.5,84
2024,7,UL Monroe,1485.7,85
2024,7,Auburn,1479.4,86
2024,7,South Alabama,1475.6,87
2024,7,Eastern Michigan,1474.8,88
2024,7,Kansas,1469.1,89
2024,7,Jacksonville State,1467.3,90
2024,7,Buffalo,1464.1,91
2024,7,UTSA,1452.4,92
2024,7,Arkansas State,1446.7,93
2024,7,UCLA,1446.3,94
2024,7,Bowling Green,1441.7,95
2024,7,Houston,1439.9,96
2024,7,Baylor,1438.5,97
2024,7,South Florida,1433.1,98
2024,7,East Carolina,1432.9,99
2024,7,San Diego State,1429.9,100
2024,7,Western Michigan,1427.1,101
2024,7,Wake Forest,1424.4,102
2024,7,Troy,1421.5,103
2024,7,App State,1414.9,104
2024,7,Colorado State,1414.4,105
2024,7,Old Dominion,1406.6,106
2024,7,Stanford,1401.9,107
2024,7,Charlotte,1398.2,108
2024,7,Georgia State,1392.0,109
2024,7,Purdue,1382.4,110
2024,7,Mississippi State,1382.3,111
2024,7,Florida International,1373.3,112
2024,7,Nevada,1372.5,113
2024,7,Florida Atlantic,1372.5,114
2024,7,Louisiana Tech,1362.3,115
2024,7,Ball State,1359.1,116
2024,7,Hawai'i,1356.3,117
2024,7,Central Michigan,1355.1,118
2024,7,New Mexico,1350.3,119
2024,7,Rice,1350.2,120
2024,7,Wyoming,1339.4,121
2024,7,Tulsa,1333.0,122
2024,7,Utah State,1330.5,123
2024,7,New Mexico State,1324.4,124
2024,7,Temple,1299.2,125
2024,7,UAB,1290.3,126
2024,7,Middle Tennessee,1283.7,127
2024,7,Akron,1280.8,128
2024,7,Southern Miss,1275.8,129
2024,7,Air Force,1262.0,130
2024,7,Massachusetts,1260.2,131
2024,7,UTEP,1247.0,132
2024,7,Kent State,1219.5,133
2024,7,Kennesaw State,1127.4,134
2024,8,Georgia,1835.9,1
2024,8,Oregon,1831.7,2
2024,8,Ohio State,1818.9,3
2024,8,Texas,1815.9,4
2024,8,Notre Dame,1798.9,5
2024,8,Penn State,1790.2,6
2024,8,Alabama,1769.7,7
2024,8,Miami,1763.9,8
2024,8,Clemson,1763.5,9
2024,8,LSU,1742.2,10
2024,8,Tennessee,1735.8,11
2024,8,SMU,1730.1,12
2024,8,Ole Miss,1726.6,13
2024,8,Kansas State,1718.0,14
2024,8,Texas A&M,1714.7,15
2024,8,Iowa State,1705.9,16
2024,8,Indiana,1695.1,17
2024,8,BYU,1688.1,18
2024,8,Liberty,1669.6,19
2024,8,Boise State,1669.3,20
2024,8,Missouri,1668.1,21
2024,8,Michigan,1665.5,22
2024,8,Washington,1659.6,23
2024,8,UNLV,1657.6,24
2024,8,James Madison,1648.1,25
2024,8,Tulane,1643.7,26
2024,8,Iowa,1641.0,27
2024,8,Wisconsin,1640.7,28
2024,8,Colorado,1629.7,29
2024,8,Memphis,1627.9,30
2024,8,South Carolina,1625.2,31
2024,8,Duke,1624.2,32
2024,8,Illinois,1621.4,33
2024,8,Oklahoma,1619.8,34
2024,8,Washington State,1619.4,35
2024,8,Virginia Tech,1618.1,36
2024,8,Pittsburgh,1614.6,37
2024,8,Syracuse,1612.5,38
2024,8,Western Kentucky,1611.7,39
2024,8,USC,1610.4,40
2024,8,Louisville,1609.5,41
2024,8,Army,1601.7,42
2024,8,Cincinnati,1599.2,43
2024,8,Toledo,1594.3,44
2024,8,Nebraska,1588.7,45
2024,8,Georgia Tech,1586.6,46
2024,8,Texas Tech,1584.0,47
2024,8,Louisiana,1578.7,48
2024,8,TCU,1577.5,49
2024,8,Arizona State,1577.3,50
2024,8,Utah,1574.8,51
2024,8,Navy,1572.8,52
2024,8,Florida,1571.1,53
2024,8,California,1570.6,54
2024,8,Georgia Southern,1559.9,55
2024,8,Oregon State,1557.5,56
2024,8,Vanderbilt,1556.2,57
2024,8,Minnesota,1552.1,58
2024,8,Texas State,1552.0,59
2024,8,Arkansas,1551.6,60
2024,8,Michigan State,1544.9,61
2024,8,San José State,1542.1,62
2024,8,Maryland,1538.4,63
2024,8,Kentucky,1531.0,64
2024,8,Arizona,1528.1,65
2024,8,West Virginia,1525.4,66
2024,8,Oklahoma State,1524.0,67
2024,8,North Texas,1523.0,68
2024,8,Fresno State,1523.0,69
2024,8,Miami (OH),1520.3,70
2024,8,Northwestern,1516.7,71
2024,8,Marshall,1514.6,72
2024,8,Boston College,1510.7,73
2024,8,NC State,1509.9,74
2024,8,Florida State,1506.4,75
2024,8,Kansas,1505.6,76
2024,8,Rutgers,1503.8,77
2024,8,North Carolina,1502.0,78
2024,8,Virginia,1499.8,79
2024,8,Coastal Carolina,1499.3,80
2024,8,South Alabama,1497.2,81
2024,8,Baylor,1495.2,82
2024,8,Sam Houston,1494.3,83
2024,8,UCF,1492.3,84
2024,8,UL Monroe,1485.7,85
2024,8,Eastern Michigan,1484.0,86
2024,8,Ohio,1478.8,87
2024,8,UConn,1477.7,88
2024,8,Auburn,1472.6,89
2024,8,Arkansas State,1471.9,90
2024,8,UTSA,1470.8,91
2024,8,Northern Illinois,1470.2,92
2024,8,UCLA,1468.1,93
2024,8,Jacksonville State,1467.3,94
2024,8,Western Michigan,1457.8,95
2024,8,Bowling Green,1452.2,96
2024,8,Old Dominion,1447.3,97
2024,8,Wake Forest,1446.0,98
2024,8,South Florida,1445.3,99
2024,8,Colorado State,1435.1,100
2024,8,Buffalo,1433.5,101
2024,8,San Diego State,1429.9,102
2024,8,East Carolina,1419.0,103
2024,8,App State,1414.9,104
2024,8,Houston,1403.4,105
2024,8,Troy,1399.8,106
2024,8,Stanford,1383.7,107
2024,8,Charlotte,1381.4,108
2024,8,Georgia State,1375.2,109
2024,8,New Mexico,1374.1,110
2024,8,Purdue,1371.6,111
2024,8,Mississippi State,1370.2,112
2024,8,Nevada,1358.8,113
2024,8,Florida Atlantic,1354.1,114
2024,8,Ball State,1349.3,115
2024,8,Louisiana Tech,1347.1,116
2024,8,Hawai'i,1346.1,117
2024,8,Central Michigan,1346.0,118
2024,8,Rice,1343.7,119
2024,8,Florida International,1339.9,120
2024,8,New Mexico State,1339.5,121
2024,8,Wyoming,1329.9,122
2024,8,Temple,1325.0,123
2024,8,Tulsa,1307.2,124
2024,8,Utah State,1306.7,125
2024,8,Middle Tennessee,1294.6,126
2024,8,Akron,1280.8,127
2024,8,UTEP,1280.4,128
2024,8,UAB,1278.1,129
2024,8,Massachusetts,1260.2,130
2024,8,Southern Miss,1250.6,131
2024,8,Air Force,1241.3,132
2024,8,Kent State,1208.9,133
2024,8,Kennesaw State,1116.5,134
2024,9,Oregon,1844.0,1
2024,9,Georgia,1835.9,2
2024,9,Texas,1824.9,3
2024,9,Ohio State,1824.1,4
2024,9,Notre Dame,1819.7,5
2024,9,Penn State,1816.6,6
2024,9,Alabama,1791.7,7
2024,9,Miami,1772.8,8
2024,9,Clemson,1763.5,9
2024,9,Texas A&M,1743.9,10
2024,9,Ole Miss,1742.1,11
2024,9,SMU,1737.6,12
2024,9,Tennessee,1735.8,13
2024,9,Kansas State,1722.0,14
2024,9,Indiana,1717.4,15
2024,9,LSU,1713.0,16
2024,9,BYU,1709.7,17
2024,9,Iowa State,1705.9,18
2024,9,Boise State,1693.5,19
2024,9,Michigan,1677.3,20
2024,9,Tulane,1666.4,21
2024,9,Iowa,1659.3,22
2024,9,James Madison,1651.8,23
2024,9,Colorado,1650.6,24
2024,9,Pittsburgh,1646.3,25
2024,9,Missouri,1646.1,26
2024,9,Virginia Tech,1641.3,27
2024,9,Washington,1637.2,28
2024,9,UNLV,1633.4,29
2024,9,Memphis,1633.2,30
2024,9,Washington State,1631.0,31
2024,9,USC,1629.4,32
2024,9,Liberty,1629.2,33
2024,9,Louisville,1627.3,34
2024,9,South Carolina,1625.2,35
2024,9,Duke,1616.7,36
2024,9,Wisconsin,1614.3,37
2024,9,Western Kentucky,1611.7,38
2024,9,Illinois,1609.1,39
2024,9,Oklahoma,1604.3,40
2024,9,California,1603.5,41
2024,9,Army,1601.7,42
2024,9,TCU,1584.3,43
2024,9,Nebraska,1583.4,44
2024,9,Arkansas,1581.8,45
2024,9,Minnesota,1581.5,46
2024,9,Syracuse,1580.8,47
2024,9,Louisiana,1578.7,48
2024,9,Cincinnati,1578.2,49
2024,9,Arizona State,1577.3,50
2024,9,Texas Tech,1577.2,51
2024,9,Florida,1571.1,52
2024,9,Georgia Tech,1563.4,53
2024,9,Fresno State,1555.5,54
2024,9,Utah,1552.1,55
2024,9,Texas State,1552.0,56
2024,9,Navy,1551.9,57
2024,9,West Virginia,1550.3,58
2024,9,North Carolina,1547.8,59
2024,9,Toledo,1547.6,60
2024,9,Vanderbilt,1547.2,61
2024,9,Miami (OH),1536.4,62
2024,9,Michigan State,1533.2,63
2024,9,South Alabama,1528.1,64
2024,9,Oregon State,1524.7,65
2024,9,Baylor,1520.5,66
2024,9,Marshall,1514.6,67
2024,9,Auburn,1513.9,68
2024,9,Georgia Southern,1513.0,69
2024,9,NC State,1509.9,70
2024,9,San José State,1509.6,71
2024,9,Maryland,1509.0,72
2024,9,Ohio,1506.3,73
2024,9,Sam Houston,1504.7,74
2024,9,Arizona,1503.3,75
2024,9,Kansas,1501.7,76
2024,9,North Texas,1500.3,77
2024,9,Coastal Carolina,1499.3,78
2024,9,Bowling Green,1498.9,79
2024,9,Oklahoma State,1498.6,80
2024,9,Northwestern,1498.3,81
2024,9,Florida State,1497.5,82
2024,9,Old Dominion,1494.2,83
2024,9,Boston College,1493.0,84
2024,9,Kentucky,1489.7,85
2024,9,UConn,1488.8,86
2024,9,Rutgers,1484.9,87
2024,9,Arkansas State,1481.7,88
2024,9,Jacksonville State,1481.1,89
2024,9,UCF,1470.8,90
2024,9,UCLA,1468.1,91
2024,9,Western Michigan,1468.0,92
2024,9,Wake Forest,1462.8,93
2024,9,UTSA,1459.7,94
2024,9,Eastern Michigan,1455.6,95
2024,9,UL Monroe,1454.8,96
2024,9,Northern Illinois,1454.5,97
2024,9,Virginia,1454.0,98
2024,9,Colorado State,1453.5,99
2024,9,South Florida,1445.3,100
2024,9,East Carolina,1439.1,101
2024,9,App State,1431.7,102
2024,9,Houston,1426.0,103
2024,9,San Diego State,1418.3,104
2024,9,Buffalo,1406.0,105
2024,9,Troy,1390.1,106
2024,9,Hawai'i,1377.0,107
2024,9,Charlotte,1376.0,108
2024,9,Purdue,1371.6,109
2024,9,Stanford,1367.0,110
2024,9,Ball State,1365.0,111
2024,9,Louisiana Tech,1358.7,112
2024,9,Georgia State,1358.3,113
2024,9,New Mexico,1355.7,114
2024,9,Florida Atlantic,1354.1,115
2024,9,Mississippi State,1339.9,116
2024,9,New Mexico State,1339.5,117
2024,9,Rice,1332.6,118
2024,9,Central Michigan,1329.9,119
2024,9,Florida International,1329.5,120
2024,9,Nevada,1328.0,121
2024,9,Utah State,1322.5,122
2024,9,Tulsa,1318.3,123
2024,9,Wyoming,1314.1,124
2024,9,Akron,1309.2,125
2024,9,Temple,1304.9,126
2024,9,Massachusetts,1282.7,127
2024,9,Middle Tennessee,1280.9,128
2024,9,UAB,1278.1,129
2024,9,UTEP,1268.8,130
2024,9,Southern Miss,1246.9,131
2024,9,Air Force,1241.3,132
2024,9,Kent State,1198.7,133
2024,9,Kennesaw State,1156.8,134
2024,10,Oregon,1871.8,1
2024,10,Ohio State,1852.4,2
2024,10,Georgia,1846.3,3
2024,10,Texas,1824.9,4
2024,10,Notre Dame,1819.7,5
2024,10,Alabama,1791.7,6
2024,10,Penn State,1788.3,7
2024,10,Miami,1787.7,8
2024,10,Ole Miss,1774.2,9
2024,10,SMU,1758.2,10
2024,10,Indiana,1748.3,11
2024,10,Tennessee,1743.0,12
2024,10,Clemson,1720.6,13
2024,10,LSU,1713.0,14
2024,10,BYU,1709.7,15
2024,10,Boise State,1702.5,16
2024,10,Texas A&M,1698.2,17
2024,10,Iowa State,1694.4,18
2024,10,Iowa,1687.0,19
2024,10,Tulane,1686.3,20
2024,10,Kansas State,1684.0,21
2024,10,South Carolina,1670.8,22
2024,10,Louisville,1670.2,23
2024,10,Washington,1653.7,24
2024,10,James Madison,1651.8,25
2024,10,Colorado,1650.6,26
2024,10,Michigan,1649.4,27
2024,10,Missouri,1646.1,28
2024,10,UNLV,1633.4,29
2024,10,Washington State,1631.0,30
2024,10,Pittsburgh,1625.7,31
2024,10,Virginia Tech,1616.7,32
2024,10,Western Kentucky,1614.4,33
2024,10,Minnesota,1613.4,34
2024,10,Arizona State,1613.2,35
2024,10,USC,1612.9,36
2024,10,Oklahoma,1608.6,37
2024,10,Army,1606.3,38
2024,10,Syracuse,1605.3,39
2024,10,Louisiana,1604.2,40
2024,10,California,1603.5,41
2024,10,Duke,1601.7,42
2024,10,Memphis,1597.1,43
2024,10,Liberty,1588.7,44
2024,10,Texas Tech,1588.7,45
2024,10,North Carolina,1587.8,46
2024,10,Wisconsin,1586.6,47
2024,10,Cincinnati,1578.2,48
2024,10,Vanderbilt,1578.1,49
2024,10,Illinois,1577.2,50
2024,10,TCU,1567.7,51
2024,10,Georgia Tech,1563.4,52
2024,10,Florida,1560.7,53
2024,10,Toledo,1555.4,54
2024,10,Utah,1552.1,55
2024,10,West Virginia,1550.3,56
2024,10,Arkansas,1549.7,57
2024,10,Nebraska,1549.4,58
2024,10,Fresno State,1543.5,59
2024,10,Baylor,1537.1,60
2024,10,Miami (OH),1536.4,61
2024,10,Georgia Southern,1535.9,62
2024,10,Marshall,1527.9,63
2024,10,NC State,1527.6,64
2024,10,Texas State,1526.5,65
2024,10,Oregon State,1524.7,66
2024,10,Jacksonville State,1521.7,67
2024,10,Northwestern,1518.1,68
2024,10,Sam Houston,1514.5,69
2024,10,UCF,1511.6,70
2024,10,San José State,1509.6,71
2024,10,Maryland,1509.0,72
2024,10,Ohio,1506.3,73
2024,10,South Alabama,1505.2,74
2024,10,Navy,1502.4,75
2024,10,Michigan State,1502.3,76
2024,10,UCLA,1502.2,77
2024,10,Kansas,1501.7,78
2024,10,North Texas,1500.3,79
2024,10,UConn,1500.0,80
2024,10,Bowling Green,1498.9,81
2024,10,UTSA,1495.8,82
2024,10,Boston College,1493.0,83
2024,10,Rutgers,1484.9,84
2024,10,Colorado State,1483.0,85
2024,10,Auburn,1482.9,86
2024,10,Kentucky,1482.5,87
2024,10,Arkansas State,1481.7,88
2024,10,South Florida,1481.0,89
2024,10,Old Dominion,1468.1,90
2024,10,Western Michigan,1468.0,91
2024,10,Houston,1464.0,92
2024,10,Oklahoma State,1462.8,93
2024,10,Wake Forest,1462.8,94
2024,10,Arizona,1462.5,95
2024,10,Coastal Carolina,1462.0,96
2024,10,App State,1457.9,97
2024,10,Florida State,1457.5,98
2024,10,Northern Illinois,1454.5,99
2024,10,Virginia,1454.0,100
2024,10,Eastern Michigan,1447.8,101
2024,10,UL Monroe,1441.4,102
2024,10,East Carolina,1439.1,103
2024,10,Buffalo,1433.5,104
2024,10,Troy,1427.4,105
2024,10,San Diego State,1409.3,106
2024,10,Hawai'i,1389.0,107
2024,10,Rice,1382.2,108
2024,10,Florida International,1367.8,109
2024,10,Ball State,1365.0,110
2024,10,Mississippi State,1364.4,111
2024,10,Charlotte,1356.1,112
2024,10,Purdue,1351.8,113
2024,10,Stanford,1349.4,114
2024,10,Louisiana Tech,1349.0,115
2024,10,Georgia State,1347.1,116
2024,10,Wyoming,1338.0,117
2024,10,New Mexico,1331.8,118
2024,10,Central Michigan,1329.9,119
2024,10,Utah State,1322.5,120
2024,10,UAB,1318.4,121
2024,10,Florida Atlantic,1318.4,122
2024,10,Middle Tennessee,1308.9,123
2024,10,Temple,1304.9,124
2024,10,New Mexico State,1301.2,125
2024,10,Nevada,1298.5,126
2024,10,Akron,1281.7,127
2024,10,Tulsa,1277.9,128
2024,10,Massachusetts,1258.2,129
2024,10,Southern Miss,1246.9,130
2024,10,UTEP,1240.7,131
2024,10,Air Force,1236.7,132
2024,10,Kent State,1198.7,133
2024,10,Kennesaw State,1154.1,134
2024,11,Oregon,1876.7,1
2024,11,Ohio State,1855.2,2
2024,11,Texas,1834.4,3
2024,11,Alabama,1831.1,4
2024,11,Notre Dame,1825.9,5
2024,11,Ole Miss,1810.4,6
2024,11,Georgia,1810.1,7
2024,11,Penn State,1806.3,8
2024,11,Indiana,1759.5,9
2024,11,SMU,1758.2,10
2024,11,Miami,1754.6,11
2024,11,Tennessee,1747.3,12
2024,11,Clemson,1746.6,13
2024,11,BYU,1716.1,14
2024,11,South Carolina,1705.4,15
2024,11,Boise State,1705.1,16
2024,11,Texas A&M,1698.2,17
2024,11,Tulane,1691.8,18
2024,11,Kansas State,1684.0,19
2024,11,Colorado,1683.3,20
2024,11,LSU,1673.6,21
2024,11,Louisville,1670.2,22
2024,11,Iowa,1663.6,23
2024,11,Missouri,1663.1,24
2024,11,James Madison,1659.4,25
2024,11,Iowa State,1648.8,26
2024,11,UNLV,1641.0,27
2024,11,Michigan,1638.2,28
2024,11,Washington State,1637.6,29
2024,11,Washington,1635.7,30
2024,11,Army,1633.1,31
2024,11,Duke,1629.9,32
2024,11,Western Kentucky,1628.2,33
2024,11,California,1626.9,34
2024,11,Louisiana,1624.5,35
2024,11,Arizona State,1623.1,36
2024,11,USC,1612.9,37
2024,11,Liberty,1606.9,38
2024,11,Memphis,1604.5,39
2024,11,Georgia Tech,1596.5,40
2024,11,Pittsburgh,1594.8,41
2024,11,Oklahoma,1591.6,42
2024,11,Virginia Tech,1590.7,43
2024,11,North Carolina,1587.8,44
2024,11,TCU,1587.5,45
2024,11,Wisconsin,1586.6,46
2024,11,Minnesota,1583.0,47
2024,11,West Virginia,1580.5,48
2024,11,Syracuse,1578.2,49
2024,11,Illinois,1577.2,50
2024,11,Texas State,1561.8,51
2024,11,Texas Tech,1556.0,52
2024,11,Toledo,1555.4,53
2024,11,Miami (OH),1553.6,54
2024,11,Florida,1551.2,55
2024,11,Arkansas,1549.7,56
2024,11,Nebraska,1549.4,57
2024,11,Marshall,1549.1,58
2024,11,Cincinnati,1548.0,59
2024,11,Kansas,1547.2,60
2024,11,Utah,1545.7,61
2024,11,San José State,1544.9,62
2024,11,Vanderbilt,1543.6,63
2024,11,Navy,1543.3,64
2024,11,Jacksonville State,1540.0,65
2024,11,Baylor,1537.1,66
2024,11,Georgia Southern,1535.9,67
2024,11,Ohio,1526.3,68
2024,11,UCLA,1525.6,69
2024,11,Bowling Green,1520.3,70
2024,11,Boston College,1520.1,71
2024,11,UConn,1518.9,72
2024,11,Northwestern,1518.1,73
2024,11,Rutgers,1515.2,74
2024,11,Sam Houston,1514.5,75
2024,11,South Alabama,1505.2,76
2024,11,Maryland,1504.1,77
2024,11,Michigan State,1502.3,78
2024,11,UCF,1501.6,79
2024,11,NC State,1499.4,80
2024,11,Fresno State,1496.0,81
2024,11,UTSA,1495.8,82
2024,11,Northern Illinois,1492.9,83
2024,11,Oregon State,1489.4,84
2024,11,Coastal Carolina,1487.3,85
2024,11,Virginia,1484.9,86
2024,11,Colorado State,1483.0,87
2024,11,Auburn,1482.9,88
2024,11,Kentucky,1482.5,89
2024,11,North Texas,1473.4,90
2024,11,Old Dominion,1468.1,91
2024,11,Houston,1464.0,92
2024,11,Arizona,1462.5,93
2024,11,Arkansas State,1461.4,94
2024,11,East Carolina,1459.3,95
2024,11,Florida State,1451.4,96
2024,11,Eastern Michigan,1447.8,97
2024,11,Oklahoma State,1442.9,98
2024,11,South Florida,1440.1,99
2024,11,Wake Forest,1439.4,100
2024,11,Buffalo,1433.5,101
2024,11,App State,1432.5,102
2024,11,Western Michigan,1429.7,103
2024,11,Troy,1427.4,104
2024,11,UL Monroe,1406.2,105
2024,11,Hawai'i,1381.4,106
2024,11,San Diego State,1381.3,107
2024,11,Rice,1374.8,108
2024,11,Florida International,1367.8,109
2024,11,Mississippi State,1360.1,110
2024,11,New Mexico,1359.8,111
2024,11,Charlotte,1356.1,112
2024,11,Stanford,1349.4,113
2024,11,Purdue,1349.1,114
2024,11,Ball State,1347.7,115
2024,11,Georgia State,1339.5,116
2024,11,Wyoming,1338.0,117
2024,11,Louisiana Tech,1330.6,118
2024,11,Utah State,1315.9,119
2024,11,Central Michigan,1308.5,120
2024,11,UAB,1299.6,121
2024,11,Temple,1299.5,122
2024,11,Florida Atlantic,1298.1,123
2024,11,Nevada,1295.9,124
2024,11,Middle Tennessee,1290.7,125
2024,11,New Mexico State,1287.4,126
2024,11,Air Force,1284.1,127
2024,11,Akron,1281.7,128
2024,11,Tulsa,1277.9,129
2024,11,Massachusetts,1258.2,130
2024,11,UTEP,1255.2,131
2024,11,Southern Miss,1225.7,132
2024,11,Kent State,1178.7,133
2024,11,Kennesaw State,1139.6,134
2024,12,Oregon,1884.7,1
2024,12,Ohio State,1866.6,2
2024,12,Texas,1848.5,3
2024,12,Alabama,1834.3,4
2024,12,Notre Dame,1831.4,5
2024,12,Georgia,1830.0,6
2024,12,Penn State,1816.5,7
2024,12,Ole Miss,1810.4,8
2024,12,SMU,1765.7,9
2024,12,Clemson,1761.8,10
2024,12,Indiana,1759.5,11
2024,12,Miami,1754.6,12
2024,12,Boise State,1733.5,13
2024,12,Tennessee,1727.4,14
2024,12,Tulane,1726.0,15
2024,12,South Carolina,1718.3,16
2024,12,Texas A&M,1702.5,17
2024,12,Colorado,1700.3,18
2024,12,BYU,1688.4,19
2024,12,James Madison,1670.9,20
2024,12,Iowa State,1666.8,21
2024,12,Iowa,1663.6,22
2024,12,Arizona State,1659.8,23
2024,12,Washington,1651.0,24
2024,12,Missouri,1650.2,25
2024,12,UNLV,1649.6,26
2024,12,Kansas State,1647.3,27
2024,12,Louisville,1639.6,28
2024,12,Michigan,1638.2,29
2024,12,LSU,1638.0,30
2024,12,Army,1633.1,31
2024,12,Duke,1629.9,32
2024,12,USC,1629.0,33
2024,12,Memphis,1612.3,34
2024,12,Syracuse,1611.2,35
2024,12,Liberty,1610.0,36
2024,12,Washington State,1609.1,37
2024,12,Louisiana,1606.4,38
2024,12,Illinois,1599.1,39
2024,12,North Carolina,1598.1,40
2024,12,Georgia Tech,1596.5,41
2024,12,Western Kentucky,1595.4,42
2024,12,California,1593.9,43
2024,12,Oklahoma,1591.6,44
2024,12,Virginia Tech,1590.7,45
2024,12,TCU,1587.5,46
2024,12,Florida,1586.8,47
2024,12,Minnesota,1583.0,48
2024,12,Pittsburgh,1579.6,49
2024,12,Wisconsin,1578.6,50
2024,12,Baylor,1577.4,51
2024,12,Kansas,1574.9,52
2024,12,Texas State,1569.2,53
2024,12,Marshall,1568.0,54
2024,12,Toledo,1565.4,55
2024,12,Miami (OH),1558.5,56
2024,12,Texas Tech,1556.0,57
2024,12,Rutgers,1551.8,58
2024,12,Ohio,1548.6,59
2024,12,Jacksonville State,1546.1,60
2024,12,Vanderbilt,1543.6,61
2024,12,West Virginia,1540.1,62
2024,12,Bowling Green,1539.4,63
2024,12,Arkansas,1535.6,64
2024,12,Nebraska,1533.3,65
2024,12,Cincinnati,1530.1,66
2024,12,Utah,1528.7,67
2024,12,South Alabama,1523.3,68
2024,12,UTSA,1522.7,69
2024,12,Sam Houston,1522.3,70
2024,12,UConn,1518.9,71
2024,12,San José State,1516.5,72
2024,12,Boston College,1512.6,73
2024,12,UCLA,1510.3,74
2024,12,Navy,1509.2,75
2024,12,Auburn,1507.5,76
2024,12,Northwestern,1506.7,77
2024,12,Northern Illinois,1502.4,78
2024,12,UCF,1501.6,79
2024,12,Georgia Southern,1500.1,80
2024,12,NC State,1499.4,81
2024,12,Colorado State,1496.7,82
2024,12,Fresno State,1496.0,83
2024,12,Arizona,1493.2,84
2024,12,Kentucky,1485.6,85
2024,12,Arkansas State,1482.9,86
2024,12,South Florida,1481.1,87
2024,12,Michigan State,1480.4,88
2024,12,Virginia,1479.4,89
2024,12,East Carolina,1477.2,90
2024,12,Coastal Carolina,1468.4,91
2024,12,Maryland,1467.5,92
2024,12,Troy,1463.1,93
2024,12,Old Dominion,1456.6,94
2024,12,Florida State,1451.4,95
2024,12,North Texas,1446.6,96
2024,12,Oklahoma State,1442.9,97
2024,12,Buffalo,1442.7,98
2024,12,Houston,1433.3,99
2024,12,App State,1432.5,100
2024,12,Oregon State,1429.7,101
2024,12,Wake Forest,1429.1,102
2024,12,Eastern Michigan,1425.4,103
2024,12,Western Michigan,1410.5,104
2024,12,New Mexico,1388.3,105
2024,12,UL Monroe,1381.6,106
2024,12,Stanford,1380.0,107
2024,12,Rice,1374.8,108
2024,12,San Diego State,1372.6,109
2024,12,Louisiana Tech,1363.5,110
2024,12,Utah State,1361.9,111
2024,12,Florida International,1361.7,112
2024,12,Mississippi State,1360.1,113
2024,12,Air Force,1343.8,114
2024,12,Purdue,1338.9,115
2024,12,Ball State,1338.5,116
2024,12,Hawai'i,1335.4,117
2024,12,Wyoming,1324.4,118
2024,12,Georgia State,1318.0,119
2024,12,Charlotte,1315.1,120
2024,12,Temple,1312.6,121
2024,12,Central Michigan,1298.5,122
2024,12,Nevada,1295.9,123
2024,12,UAB,1291.8,124
2024,12,Middle Tennessee,1290.7,125
2024,12,Florida Atlantic,1285.0,126
2024,12,New Mexico State,1283.1,127
2024,12,Akron,1272.2,128
2024,12,Tulsa,1260.1,129
2024,12,UTEP,1255.2,130
2024,12,Massachusetts,1255.0,131
2024,12,Southern Miss,1218.3,132
2024,12,Kent State,1173.8,133
2024,12,Kennesaw State,1131.8,134
2024,13,Ohio State,1885.8,1
2024,13,Oregon,1884.7,2
2024,13,Texas,1853.1,3
2024,13,Notre Dame,1850.5,4
2024,13,Georgia,1831.7,5
2024,13,Penn State,1821.4,6
2024,13,SMU,1784.9,7
2024,13,Alabama,1774.9,8
2024,13,Ole Miss,1772.0,9
2024,13,Clemson,1763.1,10
2024,13,Miami,1761.2,11
2024,13,Indiana,1740.4,12
2024,13,Boise State,1739.0,13
2024,13,Tennessee,1730.8,14
2024,13,Tulane,1726.0,15
2024,13,South Carolina,1719.6,16
2024,13,Iowa,1686.7,17
2024,13,Texas A&M,1683.5,18
2024,13,Iowa State,1680.4,19
2024,13,Arizona State,1678.7,20
2024,13,UNLV,1674.4,21
2024,13,BYU,1669.5,22
2024,13,Missouri,1667.4,23
2024,13,Kansas State,1666.3,24
2024,13,Louisville,1664.6,25
2024,13,Michigan,1658.7,26
2024,13,Colorado,1651.8,27
2024,13,LSU,1651.2,28
2024,13,Oklahoma,1651.0,29
2024,13,Washington,1651.0,30
2024,13,USC,1649.2,31
2024,13,Duke,1641.1,32
2024,13,Liberty,1635.9,33
2024,13,Florida,1625.2,34
2024,13,Illinois,1625.1,35
2024,13,Syracuse,1624.6,36
2024,13,Kansas,1623.4,37
2024,13,Louisiana,1622.1,38
2024,13,James Madison,1619.4,39
2024,13,Army,1614.0,40
2024,13,Memphis,1612.3,41
2024,13,TCU,1607.3,42
2024,13,Georgia Tech,1600.9,43
2024,13,Baylor,1600.6,44
2024,13,California,1598.8,45
2024,13,Marshall,1590.1,46
2024,13,Ohio,1589.8,47
2024,13,Washington State,1586.0,48
2024,13,Virginia Tech,1579.4,49
2024,13,Texas Tech,1579.2,50
2024,13,Minnesota,1578.1,51
2024,13,Miami (OH),1577.3,52
2024,13,Western Kentucky,1569.4,53
2024,13,Nebraska,1566.9,54
2024,13,Jacksonville State,1566.9,55
2024,13,Bowling Green,1565.6,56
2024,13,West Virginia,1559.7,57
2024,13,North Carolina,1559.1,58
2024,13,Pittsburgh,1554.6,59
2024,13,Boston College,1551.6,60
2024,13,Arkansas,1549.2,61
2024,13,Wisconsin,1545.0,62
2024,13,South Alabama,1540.0,63
2024,13,Georgia Southern,1539.6,64
2024,13,UTSA,1534.4,65
2024,13,Vanderbilt,1530.3,66
2024,13,Texas State,1529.5,67
2024,13,Auburn,1526.5,68
2024,13,Rutgers,1525.8,69
2024,13,Toledo,1524.2,70
2024,13,Utah,1515.1,71
2024,13,Fresno State,1514.6,72
2024,13,Cincinnati,1511.2,73
2024,13,East Carolina,1510.5,74
2024,13,Navy,1509.2,75
2024,13,UConn,1505.4,76
2024,13,Sam Houston,1501.5,77
2024,13,Arkansas State,1495.7,78
2024,13,NC State,1495.1,79
2024,13,South Florida,1493.2,80
2024,13,San José State,1491.7,81
2024,13,Michigan State,1491.1,82
2024,13,UCLA,1490.1,83
2024,13,Northwestern,1486.2,84
2024,13,App State,1484.1,85
2024,13,Northern Illinois,1483.6,86
2024,13,UCF,1482.1,87
2024,13,Buffalo,1481.3,88
2024,13,Kentucky,1481.0,89
2024,13,Colorado State,1478.1,90
2024,13,Arizona,1473.5,91
2024,13,Virginia,1460.1,92
2024,13,Florida State,1454.1,93
2024,13,Oregon State,1452.8,94
2024,13,Troy,1447.4,95
2024,13,Maryland,1444.4,96
2024,13,Old Dominion,1434.5,97
2024,13,Coastal Carolina,1428.9,98
2024,13,Wake Forest,1422.5,99
2024,13,Oklahoma State,1419.7,100
2024,13,North Texas,1413.3,101
2024,13,Houston,1410.1,102
2024,13,Western Michigan,1395.3,103
2024,13,Utah State,1392.5,104
2024,13,New Mexico,1388.3,105
2024,13,Eastern Michigan,1386.9,106
2024,13,Stanford,1375.0,107
2024,13,UL Monroe,1368.7,108
2024,13,Air Force,1361.1,109
2024,13,Georgia State,1357.7,110
2024,13,Louisiana Tech,1349.9,111
2024,13,Florida International,1348.7,112
2024,13,Charlotte,1348.4,113
2024,13,Mississippi State,1342.9,114
2024,13,San Diego State,1342.0,115
2024,13,Hawai'i,1335.4,116
2024,13,UAB,1333.7,117
2024,13,Rice,1332.8,118
2024,13,Purdue,1328.2,119
2024,13,New Mexico State,1321.9,120
2024,13,Wyoming,1318.8,121
2024,13,Central Michigan,1313.8,122
2024,13,Ball State,1312.4,123
2024,13,Akron,1306.2,124
2024,13,Temple,1300.9,125
2024,13,Nevada,1278.6,126
2024,13,Massachusetts,1253.4,127
2024,13,UTEP,1251.9,128
2024,13,Middle Tennessee,1251.8,129
2024,13,Florida Atlantic,1251.7,130
2024,13,Tulsa,1248.0,131
2024,13,Southern Miss,1201.6,132
2024,13,Kennesaw State,1144.7,133
2024,13,Kent State,1139.7,134
2024,14,Oregon,1895.5,1
2024,14,Texas,1874.5,2
2024,14,Notre Dame,1872.2,3
2024,14,Ohio State,1861.0,4
2024,14,Georgia,1835.3,5
2024,14,Penn State,1826.7,6
2024,14,SMU,1799.3,7
2024,14,Alabama,1783.0,8
2024,14,Ole Miss,1774.8,9
2024,14,Tennessee,1752.0,10
2024,14,Boise State,1745.9,11
2024,14,Indiana,1745.4,12
2024,14,Clemson,1742.5,13
2024,14,South Carolina,1740.2,14
2024,14,Miami,1737.1,15
2024,14,Arizona State,1708.5,16
2024,14,Iowa State,1700.2,17
2024,14,Iowa,1694.6,18
2024,14,Louisville,1693.0,19
2024,14,Tulane,1686.7,20
2024,14,Michigan,1683.4,21
2024,14,LSU,1680.1,22
2024,14,Missouri,1679.3,23
2024,14,UNLV,1678.6,24
2024,14,BYU,1676.7,25
2024,14,Colorado,1664.7,26
2024,14,Texas A&M,1662.1,27
2024,14,Duke,1655.8,28
2024,14,Florida,1652.2,29
2024,14,Memphis,1651.5,30
2024,14,Syracuse,1648.7,31
2024,14,Kansas State,1646.5,32
2024,14,Illinois,1644.1,33
2024,14,Washington,1640.2,34
2024,14,Louisiana,1640.1,35
2024,14,Baylor,1635.5,36
2024,14,TCU,1630.3,37
2024,14,USC,1627.5,38
2024,14,Army,1626.3,39
2024,14,Oklahoma,1622.1,40
2024,14,Liberty,1619.6,41
2024,14,Miami (OH),1615.6,42
2024,14,Minnesota,1615.4,43
2024,14,Texas Tech,1611.2,44
2024,14,Marshall,1606.1,45
2024,14,James Madison,1603.4,46
2024,14,Ohio,1597.6,47
2024,14,Georgia Tech,1597.3,48
2024,14,Virginia Tech,1596.8,49
2024,14,Kansas,1588.6,50
2024,14,California,1584.5,51
2024,14,Western Kentucky,1579.8,52
2024,14,Boston College,1575.5,53
2024,14,Washington State,1573.4,54
2024,14,Rutgers,1568.7,55
2024,14,Nebraska,1559.0,56
2024,14,Texas State,1558.8,57
2024,14,Georgia Southern,1557.0,58
2024,14,Jacksonville State,1556.5,59
2024,14,Utah,1550.0,60
2024,14,Navy,1546.7,61
2024,14,Arkansas,1537.3,62
2024,14,North Carolina,1531.5,63
2024,14,Pittsburgh,1530.7,64
2024,14,West Virginia,1527.7,65
2024,14,Bowling Green,1527.3,66
2024,14,NC State,1522.6,67
2024,14,UTSA,1522.2,68
2024,14,Auburn,1518.5,69
2024,14,Sam Houston,1517.8,70
2024,14,UConn,1517.4,71
2024,14,UCLA,1511.7,72
2024,14,South Alabama,1510.7,73
2024,14,Vanderbilt,1509.1,74
2024,14,Wisconsin,1507.7,75
2024,14,San José State,1499.7,76
2024,14,Northern Illinois,1493.4,77
2024,14,Fresno State,1492.9,78
2024,14,Colorado State,1490.1,79
2024,14,Cincinnati,1488.1,80
2024,14,Buffalo,1487.7,81
2024,14,Toledo,1486.3,82
2024,14,East Carolina,1473.0,83
2024,14,Old Dominion,1468.1,84
2024,14,Northwestern,1467.2,85
2024,14,App State,1466.6,86
2024,14,Coastal Carolina,1465.5,87
2024,14,Arkansas State,1462.1,88
2024,14,South Florida,1460.1,89
2024,14,Troy,1458.0,90
2024,14,Kentucky,1452.7,91
2024,14,Michigan State,1448.2,92
2024,14,UCF,1447.1,93
2024,14,Oregon State,1445.9,94
2024,14,Arizona,1443.7,95
2024,14,Virginia,1442.8,96
2024,14,Maryland,1439.1,97
2024,14,North Texas,1435.3,98
2024,14,Florida State,1427.0,99
2024,14,Western Michigan,1415.5,100
2024,14,Wake Forest,1407.8,101
2024,14,Oklahoma State,1406.8,102
2024,14,Houston,1402.9,103
2024,14,Air Force,1394.2,104
2024,14,Utah State,1380.6,105
2024,14,Florida International,1369.5,106
2024,14,Stanford,1367.1,107
2024,14,Eastern Michigan,1366.7,108
2024,14,Rice,1365.9,109
2024,14,New Mexico,1363.0,110
2024,14,Louisiana Tech,1363.0,111
2024,14,Hawai'i,1360.7,112
2024,14,Charlotte,1358.3,113
2024,14,UL Monroe,1350.7,114
2024,14,Akron,1344.1,115
2024,14,Mississippi State,1340.1,116
2024,14,Wyoming,1331.4,117
2024,14,UAB,1323.9,118
2024,14,Purdue,1323.2,119
2024,14,Georgia State,1321.2,120
2024,14,San Diego State,1309.0,121
2024,14,Florida Atlantic,1304.8,122
2024,14,Ball State,1304.5,123
2024,14,Central Michigan,1304.0,124
2024,14,New Mexico State,1289.7,125
2024,14,UTEP,1284.1,126
2024,14,Temple,1278.8,127
2024,14,Nevada,1274.4,128
2024,14,Massachusetts,1241.4,129
2024,14,Middle Tennessee,1231.0,130
2024,14,Tulsa,1194.9,131
2024,14,Southern Miss,1191.1,132
2024,14,Kent State,1133.3,133
2024,14,Kennesaw State,1131.6,134
2024,15,Oregon,1916.1,1
2024,15,Notre Dame,1872.2,2
2024,15,Ohio State,1861.0,3
2024,15,Texas,1856.3,4
2024,15,Georgia,1853.5,5
2024,15,Penn State,1806.2,6
2024,15,Alabama,1783.0,7
2024,15,SMU,1780.5,8
2024,15,Ole Miss,1774.8,9
2024,15,Boise State,1765.4,10
2024,15,Clemson,1761.3,11
2024,15,Tennessee,1752.0,12
2024,15,Arizona State,1746.9,13
2024,15,Indiana,1745.4,14
2024,15,South Carolina,1740.2,15
2024,15,Miami,1737.1,16
2024,15,Iowa,1694.6,17
2024,15,Louisville,1693.0,18
2024,15,Michigan,1683.4,19
2024,15,LSU,1680.1,20
2024,15,Missouri,1679.3,21
2024,15,BYU,1676.7,22
2024,15,Colorado,1664.7,23
2024,15,Army,1662.8,24
2024,15,Texas A&M,1662.1,25
2024,15,Iowa State,1661.7,26
2024,15,UNLV,1659.1,27
2024,15,Duke,1655.8,28
2024,15,Marshall,1655.5,29
2024,15,Florida,1652.2,30
2024,15,Memphis,1651.5,31
2024,15,Tulane,1650.2,32
2024,15,Syracuse,1648.7,33
2024,15,Kansas State,1646.5,34
2024,15,Illinois,1644.1,35
2024,15,Ohio,1642.5,36
2024,15,Washington,1640.2,37
2024,15,Baylor,1635.5,38
2024,15,TCU,1630.3,39
2024,15,USC,1627.5,40
2024,15,Oklahoma,1622.1,41
2024,15,Liberty,1619.6,42
2024,15,Minnesota,1615.4,43
2024,15,Texas Tech,1611.2,44
2024,15,James Madison,1603.4,45
2024,15,Georgia Tech,1597.3,46
2024,15,Virginia Tech,1596.8,47
2024,15,Jacksonville State,1595.0,48
2024,15,Louisiana,1590.7,49
2024,15,Kansas,1588.6,50
2024,15,California,1584.5,51
2024,15,Boston College,1575.5,52
2024,15,Washington State,1573.4,53
2024,15,Miami (OH),1570.7,54
2024,15,Rutgers,1568.7,55
2024,15,Nebraska,1559.0,56
2024,15,Texas State,1558.8,57
2024,15,Georgia Southern,1557.0,58
2024,15,Utah,1550.0,59
2024,15,Navy,1546.7,60
2024,15,Western Kentucky,1541.3,61
2024,15,Arkansas,1537.3,62
2024,15,North Carolina,1531.5,63
2024,15,Pittsburgh,1530.7,64
2024,15,West Virginia,1527.7,65
2024,15,Bowling Green,1527.3,66
2024,15,NC State,1522.6,67
2024,15,UTSA,1522.2,68
2024,15,Auburn,1518.5,69
2024,15,Sam Houston,1517.8,70
2024,15,UConn,1517.4,71
2024,15,UCLA,1511.7,72
2024,15,South Alabama,1510.7,73
2024,15,Vanderbilt,1509.1,74
2024,15,Wisconsin,1507.7,75
2024,15,San José State,1499.7,76
2024,15,Northern Illinois,1493.4,77
2024,15,Fresno State,1492.9,78
2024,15,Colorado State,1490.1,79
2024,15,Cincinnati,1488.1,80
2024,15,Buffalo,1487.7,81
2024,15,Toledo,1486.3,82
2024,15,East Carolina,1473.0,83
2024,15,Old Dominion,1468.1,84
2024,15,Northwestern,1467.2,85
2024,15,App State,1466.6,86
2024,15,Coastal Carolina,1465.5,87
2024,15,Arkansas State,1462.1,88
2024,15,South Florida,1460.1,89
2024,15,Troy,1458.0,90
2024,15,Kentucky,1452.7,91
2024,15,Michigan State,1448.2,92
2024,15,UCF,1447.1,93
2024,15,Oregon State,1445.9,94
2024,15,Arizona,1443.7,95
2024,15,Virginia,1442.8,96
2024,15,Maryland,1439.1,97
2024,15,North Texas,1435.3,98
2024,15,Florida State,1427.0,99
2024,15,Western Michigan,1415.5,100
2024,15,Wake Forest,1407.8,101
2024,15,Oklahoma State,1406.8,102
2024,15,Houston,1402.9,103
2024,15,Air Force,1394.2,104
2024,15,Utah State,1380.6,105
2024,15,Florida International,1369.5,106
2024,15,Stanford,1367.1,107
2024,15,Eastern Michigan,1366.7,108
2024,15,Rice,1365.9,109
2024,15,New Mexico,1363.0,110
2024,15,Louisiana Tech,1363.0,111
2024,15,Hawai'i,1360.7,112
2024,15,Charlotte,1358.3,113
2024,15,UL Monroe,1350.7,114
2024,15,Akron,1344.1,115
2024,15,Mississippi State,1340.1,116
2024,15,Wyoming,1331.4,117
2024,15,UAB,1323.9,118
2024,15,Purdue,1323.2,119
2024,15,Georgia State,1321.2,120
2024,15,San Diego State,1309.0,121
2024,15,Florida Atlantic,1304.8,122
2024,15,Ball State,1304.5,123
2024,15,Central Michigan,1304.0,124
2024,15,New Mexico State,1289.7,125
2024,15,UTEP,1284.1,126
2024,15,Temple,1278.8,127
2024,15,Nevada,1274.4,128
2024,15,Massachusetts,1241.4,129
2024,15,Middle Tennessee,1231.0,130
2024,15,Tulsa,1194.9,131
2024,15,Southern Miss,1191.1,132
2024,15,Kent State,1133.3,133
2024,15,Kennesaw State,1131.6,134
2024,16,Oregon,1916.1,1
2024,16,Notre Dame,1872.2,2
2024,16,Ohio State,1861.0,3
2024,16,Texas,1856.3,4
2024,16,Georgia,1853.5,5
2024,16,Penn State,1806.2,6
2024,16,Alabama,1783.0,7
2024,16,SMU,1780.5,8
2024,16,Ole Miss,1774.8,9
2024,16,Boise State,1765.4,10
2024,16,Clemson,1761.3,11
2024,16,Tennessee,1752.0,12
2024,16,Arizona State,1746.9,13
2024,16,Indiana,1745.4,14
2024,16,South Carolina,1740.2,15
2024,16,Miami,1737.1,16
2024,16,Iowa,1694.6,17
2024,16,Louisville,1693.0,18
2024,16,Michigan,1683.4,19
2024,16,LSU,1680.1,20
2024,16,Missouri,1679.3,21
2024,16,BYU,1676.7,22
2024,16,Colorado,1664.7,23
2024,16,Texas A&M,1662.1,24
2024,16,Iowa State,1661.7,25
2024,16,UNLV,1659.1,26
2024,16,Duke,1655.8,27
2024,16,Marshall,1655.5,28
2024,16,Florida,1652.2,29
2024,16,Memphis,1651.5,30
2024,16,Tulane,1650.2,31
2024,16,Syracuse,1648.7,32
2024,16,Kansas State,1646.5,33
2024,16,Illinois,1644.1,34
2024,16,Ohio,1642.5,35
2024,16,Washington,1640.2,36
2024,16,Baylor,1635.5,37
2024,16,TCU,1630.3,38
2024,16,USC,1627.5,39
2024,16,Oklahoma,1622.1,40
2024,16,Liberty,1619.6,41
2024,16,Army,1618.4,42
2024,16,Minnesota,1615.4,43
2024,16,Texas Tech,1611.2,44
2024,16,James Madison,1603.4,45
2024,16,Georgia Tech,1597.3,46
2024,16,Virginia Tech,1596.8,47
2024,16,Jacksonville State,1595.0,48
2024,16,Navy,1591.0,49
2024,16,Louisiana,1590.7,50
2024,16,Kansas,1588.6,51
2024,16,California,1584.5,52
2024,16,Boston College,1575.5,53
2024,16,Washington State,1573.4,54
2024,16,Miami (OH),1570.7,55
2024,16,Rutgers,1568.7,56
2024,16,Nebraska,1559.0,57
2024,16,Texas State,1558.8,58
2024,16,Georgia Southern,1557.0,59
2024,16,Utah,1550.0,60
2024,16,Western Kentucky,1541.3,61
2024,16,Arkansas,1537.3,62
2024,16,North Carolina,1531.5,63
2024,16,Pittsburgh,1530.7,64
2024,16,West Virginia,1527.7,65
2024,16,Bowling Green,1527.3,66
2024,16,NC State,1522.6,67
2024,16,UTSA,1522.2,68
2024,16,Auburn,1518.5,69
2024,16,Sam Houston,1517.8,70
2024,16,UConn,1517.4,71
2024,16,UCLA,1511.7,72
2024,16,South Alabama,1510.7,73
2024,16,Vanderbilt,1509.1,74
2024,16,Wisconsin,1507.7,75
2024,16,San José State,1499.7,76
2024,16,Northern Illinois,1493.4,77
2024,16,Fresno State,1492.9,78
2024,16,Colorado State,1490.1,79
2024,16,Cincinnati,1488.1,80
2024,16,Buffalo,1487.7,81
2024,16,Toledo,1486.3,82
2024,16,East Carolina,1473.0,83
2024,16,Old Dominion,1468.1,84
2024,16,Northwestern,1467.2,85
2024,16,App State,1466.6,86
2024,16,Coastal Carolina,1465.5,87
2024,16,Arkansas State,1462.1,88
2024,16,South Florida,1460.1,89
2024,16,Troy,1458.0,90
2024,16,Kentucky,1452.7,91
2024,16,Michigan State,1448.2,92
2024,16,UCF,1447.1,93
2024,16,Oregon State,1445.9,94
2024,16,Arizona,1443.7,95
2024,16,Virginia,1442.8,96
2024,16,Maryland,1439.1,97
2024,16,North Texas,1435.3,98
2024,16,Florida State,1427.0,99
2024,16,Western Michigan,1415.5,100
2024,16,Wake Forest,1407.8,101
2024,16,Oklahoma State,1406.8,102
2024,16,Houston,1402.9,103
2024,16,Air Force,1394.2,104
2024,16,Utah State,1380.6,105
2024,16,Florida International,1369.5,106
2024,16,Stanford,1367.1,107
2024,16,Eastern Michigan,1366.7,108
2024,16,Rice,1365.9,109
2024,16,New Mexico,1363.0,110
2024,16,Louisiana Tech,1363.0,111
2024,16,Hawai'i,1360.7,112
2024,16,Charlotte,1358.3,113
2024,16,UL Monroe,1350.7,114
2024,16,Akron,1344.1,115
2024,16,Mississippi State,1340.1,116
2024,16,Wyoming,1331.4,117
2024,16,UAB,1323.9,118
2024,16,Purdue,1323.2,119
2024,16,Georgia State,1321.2,120
2024,16,San Diego State,1309.0,121
2024,16,Florida Atlantic,1304.8,122
2024,16,Ball State,1304.5,123
2024,16,Central Michigan,1304.0,124
2024,16,New Mexico State,1289.7,125
2024,16,UTEP,1284.1,126
2024,16,Temple,1278.8,127
2024,16,Nevada,1274.4,128
2024,16,Massachusetts,1241.4,129
2024,16,Middle Tennessee,1231.0,130
2024,16,Tulsa,1194.9,131
2024,16,Southern Miss,1191.1,132
2024,16,Kent State,1133.3,133
2024,16,Kennesaw State,1131.6,134
2025,1,Ohio State,1756.1,1
2025,1,Georgia,1753.4,2
2025,1,Oregon,1747.8,3
2025,1,Penn State,1700.0,4
2025,1,Tennessee,1697.5,5
2025,1,Texas,1695.2,6
2025,1,Notre Dame,1694.6,7
2025,1,LSU,1679.9,8
2025,1,South Carolina,1678.7,9
2025,1,Miami,1676.4,10
2025,1,Ole Miss,1674.6,11
2025,1,SMU,1653.5,12
2025,1,Texas A&M,1651.1,13
2025,1,Michigan,1645.9,14
2025,1,TCU,1644.6,15
2025,1,Arizona State,1632.7,16
2025,1,Indiana,1628.9,17
2025,1,Alabama,1624.9,18
2025,1,Clemson,1624.7,19
2025,1,Florida,1622.3,20
2025,1,UNLV,1618.4,21
2025,1,Missouri,1616.6,22
2025,1,USC,1614.2,23
2025,1,Auburn,1613.3,24
2025,1,Utah,1605.8,25
2025,1,California,1605.5,26
2025,1,Oklahoma,1605.3,27
2025,1,Washington,1604.7,28
2025,1,Iowa,1604.5,29
2025,1,Iowa State,1603.7,30
2025,1,Georgia Tech,1602.6,31
2025,1,Louisville,1602.4,32
2025,1,Tulane,1599.4,33
2025,1,Kansas,1591.2,34
2025,1,Minnesota,1588.9,35
2025,1,BYU,1584.1,36
2025,1,Nebraska,1580.6,37
2025,1,Duke,1579.8,38
2025,1,Memphis,1578.1,39
2025,1,Texas Tech,1578.0,40
2025,1,Illinois,1574.2,41
2025,1,Florida State,1571.2,42
2025,1,Navy,1566.1,43
2025,1,Wisconsin,1565.5,44
2025,1,Rutgers,1557.5,45
2025,1,South Florida,1557.5,46
2025,1,Kansas State,1554.5,47
2025,1,Liberty,1550.2,48
2025,1,Texas State,1550.0,49
2025,1,Colorado,1548.8,50
2025,1,Arkansas,1548.1,51
2025,1,Western Kentucky,1546.1,52
2025,1,NC State,1546.1,53
2025,1,Boston College,1542.4,54
2025,1,Syracuse,1541.1,55
2025,1,Boise State,1539.8,56
2025,1,Marshall,1534.3,57
2025,1,Virginia,1529.9,58
2025,1,Kentucky,1529.8,59
2025,1,Pittsburgh,1528.6,60
2025,1,App State,1524.8,61
2025,1,West Virginia,1523.3,62
2025,1,Michigan State,1522.6,63
2025,1,Virginia Tech,1521.4,64
2025,1,Washington State,1520.5,65
2025,1,UCF,1520.3,66
2025,1,Vanderbilt,1519.6,67
2025,1,James Madison,1518.2,68
2025,1,Baylor,1517.7,69
2025,1,Maryland,1517.3,70
2025,1,Arizona,1516.1,71
2025,1,Ohio,1510.3,72
2025,1,Fresno State,1509.1,73
2025,1,UConn,1501.8,74
2025,1,Louisiana,1501.4,75
2025,1,Mississippi State,1497.7,76
2025,1,Bowling Green,1496.3,77
2025,1,South Alabama,1492.0,78
2025,1,UTSA,1486.1,79
2025,1,Jacksonville State,1484.3,80
2025,1,Miami (OH),1480.0,81
2025,1,Arkansas State,1479.7,82
2025,1,Oklahoma State,1476.7,83
2025,1,Troy,1474.7,84
2025,1,Cincinnati,1472.1,85
2025,1,Houston,1467.5,86
2025,1,Purdue,1467.5,87
2025,1,North Texas,1467.4,88
2025,1,North Carolina,1466.6,89
2025,1,Northern Illinois,1465.2,90
2025,1,Northwestern,1458.6,91
2025,1,Toledo,1457.7,92
2025,1,Wake Forest,1457.5,93
2025,1,UCLA,1455.3,94
2025,1,East Carolina,1454.6,95
2025,1,Colorado State,1454.5,96
2025,1,Georgia Southern,1450.9,97
2025,1,Utah State,1448.6,98
2025,1,San José State,1448.2,99
2025,1,Air Force,1444.7,100
2025,1,Wyoming,1442.7,101
2025,1,Buffalo,1442.3,102
2025,1,Rice,1442.1,103
2025,1,Temple,1440.8,104
2025,1,Florida International,1436.9,105
2025,1,Old Dominion,1432.8,106
2025,1,Stanford,1426.7,107
2025,1,Oregon State,1425.7,108
2025,1,Coastal Carolina,1423.1,109
2025,1,Louisiana Tech,1420.5,110
2025,1,San Diego State,1418.2,111
2025,1,UL Monroe,1412.5,112
2025,1,UAB,1408.9,113
2025,1,Western Michigan,1405.0,114
2025,1,Central Michigan,1404.0,115
2025,1,Sam Houston,1403.7,116
2025,1,Army,1395.0,117
2025,1,Eastern Michigan,1392.7,118
2025,1,Georgia State,1392.5,119
2025,1,Hawai'i,1385.0,120
2025,1,New Mexico State,1371.6,121
2025,1,New Mexico,1371.6,122
2025,1,Tulsa,1369.3,123
2025,1,Florida Atlantic,1366.2,124
2025,1,Charlotte,1363.1,125
2025,1,Akron,1355.6,126
2025,1,Nevada,1355.0,127
2025,1,Delaware,1353.1,128
2025,1,UTEP,1350.4,129
2025,1,Ball State,1339.5,130
2025,1,Missouri State,1328.8,131
2025,1,Kent State,1307.2,132
2025,1,Southern Miss,1302.2,133
2025,1,Massachusetts,1281.0,134
2025,1,Middle Tennessee,1271.5,135
2025,1,Kennesaw State,1267.0,136
2025,2,Oregon,1764.4,1
2025,2,Ohio State,1759.8,2
2025,2,Georgia,1756.3,3
2025,2,Penn State,1714.7,4
2025,2,Texas,1710.7,5
2025,2,Ole Miss,1704.6,6
2025,2,Tennessee,1701.8,7
2025,2,Notre Dame,1694.6,8
2025,2,LSU,1691.8,9
2025,2,South Carolina,1681.9,10
2025,2,Miami,1679.5,11
2025,2,Texas A&M,1668.9,12
2025,2,Missouri,1648.6,13
2025,2,Alabama,1648.1,14
2025,2,Oklahoma,1646.4,15
2025,2,TCU,1644.6,16
2025,2,Illinois,1643.2,17
2025,2,Clemson,1643.0,18
2025,2,USC,1639.7,19
2025,2,Indiana,1638.1,20
2025,2,UNLV,1632.8,21
2025,2,Louisville,1629.5,22
2025,2,Auburn,1627.6,23
2025,2,Iowa State,1623.5,24
2025,2,SMU,1618.7,25
2025,2,Memphis,1617.9,26
2025,2,Tulane,1617.2,27
2025,2,Utah,1613.9,28
2025,2,Washington,1612.0,29
2025,2,California,1609.9,30
2025,2,Georgia Tech,1609.6,31
2025,2,BYU,1607.0,32
2025,2,Michigan,1604.7,33
2025,2,Nebraska,1601.9,34
2025,2,Arkansas,1601.0,35
2025,2,Florida,1597.0,36
2025,2,Arizona State,1596.8,37
2025,2,Minnesota,1596.8,38
2025,2,Texas Tech,1593.4,39
2025,2,Rutgers,1592.3,40
2025,2,Texas State,1587.6,41
2025,2,Vanderbilt,1586.5,42
2025,2,Navy,1585.4,43
2025,2,Iowa,1584.7,44
2025,2,South Florida,1582.8,45
2025,2,Florida State,1578.4,46
2025,2,Wisconsin,1577.7,47
2025,2,Colorado,1567.7,48
2025,2,NC State,1567.6,49
2025,2,Syracuse,1566.4,50
2025,2,Kansas,1559.2,51
2025,2,Pittsburgh,1556.7,52
2025,2,Baylor,1552.5,53
2025,2,Washington State,1549.8,54
2025,2,Fresno State,1548.7,55
2025,2,Maryland,1545.9,56
2025,2,Boise State,1545.7,57
2025,2,Ohio,1541.4,58
2025,2,Michigan State,1539.5,59
2025,2,Mississippi State,1533.6,60
2025,2,Houston,1532.4,61
2025,2,UCF,1528.7,62
2025,2,App State,1528.3,63
2025,2,Jacksonville State,1527.6,64
2025,2,Boston College,1525.5,65
2025,2,Arizona,1524.5,66
2025,2,Toledo,1520.2,67
2025,2,Kansas State,1518.9,68
2025,2,Marshall,1515.9,69
2025,2,Cincinnati,1514.4,70
2025,2,North Carolina,1513.7,71
2025,2,Louisiana,1512.4,72
2025,2,Duke,1510.8,73
2025,2,Virginia,1508.4,74
2025,2,Liberty,1506.9,75
2025,2,Kentucky,1499.7,76
2025,2,North Texas,1492.5,77
2025,2,West Virginia,1492.2,78
2025,2,James Madison,1491.0,79
2025,2,Western Kentucky,1483.6,80
2025,2,Purdue,1479.4,81
2025,2,UConn,1476.5,82
2025,2,South Alabama,1474.3,83
2025,2,Northwestern,1469.7,84
2025,2,Wake Forest,1466.4,85
2025,2,East Carolina,1465.4,86
2025,2,Colorado State,1461.0,87
2025,2,Oklahoma State,1460.1,88
2025,2,Wyoming,1457.1,89
2025,2,Troy,1456.3,90
2025,2,Temple,1455.5,91
2025,2,Virginia Tech,1454.5,92
2025,2,Buffalo,1454.2,93
2025,2,Bowling Green,1454.0,94
2025,2,UTSA,1448.6,95
2025,2,Old Dominion,1446.2,96
2025,2,Miami (OH),1445.2,97
2025,2,Air Force,1444.7,98
2025,2,UCLA,1440.9,99
2025,2,Northern Illinois,1436.5,100
2025,2,Coastal Carolina,1432.9,101
2025,2,San José State,1432.7,102
2025,2,Utah State,1430.8,103
2025,2,Army,1430.5,104
2025,2,Hawai'i,1429.2,105
2025,2,Arkansas State,1426.8,106
2025,2,Georgia Southern,1425.4,107
2025,2,Florida International,1422.3,108
2025,2,Louisiana Tech,1408.6,109
2025,2,Stanford,1403.8,110
2025,2,New Mexico State,1401.0,111
2025,2,UAB,1389.6,112
2025,2,UL Monroe,1389.3,113
2025,2,San Diego State,1388.9,114
2025,2,Oregon State,1386.1,115
2025,2,Florida Atlantic,1384.8,116
2025,2,New Mexico,1381.2,117
2025,2,Western Michigan,1379.9,118
2025,2,Rice,1377.2,119
2025,2,Central Michigan,1375.9,120
2025,2,UTEP,1368.2,121
2025,2,Nevada,1361.2,122
2025,2,Sam Houston,1359.5,123
2025,2,Georgia State,1352.7,124
2025,2,Missouri State,1347.1,125
2025,2,Eastern Michigan,1344.3,126
2025,2,Tulsa,1339.9,127
2025,2,Akron,1334.3,128
2025,2,Delaware,1334.2,129
2025,2,Southern Miss,1328.1,130
2025,2,Ball State,1325.1,131
2025,2,Charlotte,1316.0,132
2025,2,Kent State,1291.8,133
2025,2,Massachusetts,1263.4,134
2025,2,Middle Tennessee,1259.4,135
2025,2,Kennesaw State,1257.8,136
2025,3,Oregon,1790.1,1
2025,3,Georgia,1781.9,2
2025,3,Ohio State,1777.4,3
2025,3,Ole Miss,1722.5,4
2025,3,Texas,1718.4,5
2025,3,Penn State,1717.9,6
2025,3,LSU,1714.8,7
2025,3,Miami,1714.0,8
2025,3,Oklahoma,1692.4,9
2025,3,Texas A&M,1683.9,10
2025,3,Alabama,1682.4,11
2025,3,Notre Dame,1679.5,12
2025,3,USC,1678.7,13
2025,3,Missouri,1678.3,14
2025,3,Tennessee,1676.2,15
2025,3,Vanderbilt,1663.8,16
2025,3,Memphis,1660.3,17
2025,3,Utah,1659.3,18
2025,3,Illinois,1658.3,19
2025,3,Iowa State,1650.4,20
2025,3,TCU,1648.3,21
2025,3,Auburn,1648.1,22
2025,3,Indiana,1646.2,23
2025,3,SMU,1646.0,24
2025,3,California,1645.7,25
2025,3,Arizona State,1638.0,26
2025,3,Tulane,1636.0,27
2025,3,UNLV,1632.8,28
2025,3,Georgia Tech,1632.0,29
2025,3,Louisville,1629.5,30
2025,3,Michigan,1625.1,31
2025,3,Clemson,1620.6,32
2025,3,Navy,1616.1,33
2025,3,Texas Tech,1612.5,34
2025,3,Washington,1612.0,35
2025,3,Nebraska,1608.1,36
2025,3,NC State,1607.0,37
2025,3,BYU,1607.0,38
2025,3,South Carolina,1604.6,39
2025,3,Rutgers,1597.2,40
2025,3,Iowa,1595.8,41
2025,3,Arkansas,1583.1,42
2025,3,Houston,1578.4,43
2025,3,Florida State,1578.4,44
2025,3,Florida,1574.0,45
2025,3,Syracuse,1571.1,46
2025,3,North Texas,1561.1,47
2025,3,Minnesota,1561.0,48
2025,3,Kansas,1559.2,49
2025,3,Maryland,1557.1,50
2025,3,Baylor,1555.4,51
2025,3,Fresno State,1552.5,52
2025,3,Arizona,1551.7,53
2025,3,Michigan State,1548.6,54
2025,3,South Florida,1548.3,55
2025,3,Texas State,1546.4,56
2025,3,Boise State,1545.7,57
2025,3,Wisconsin,1543.3,58
2025,3,Mississippi State,1539.6,59
2025,3,East Carolina,1536.4,60
2025,3,West Virginia,1529.6,61
2025,3,UCF,1528.7,62
2025,3,Toledo,1527.6,63
2025,3,Cincinnati,1526.0,64
2025,3,Marshall,1525.9,65
2025,3,Ohio,1523.9,66
2025,3,Kentucky,1523.1,67
2025,3,North Carolina,1522.4,68
2025,3,Colorado,1521.7,69
2025,3,Pittsburgh,1519.3,70
2025,3,Virginia,1517.1,71
2025,3,Old Dominion,1509.2,72
2025,3,Bowling Green,1495.4,73
2025,3,Duke,1491.9,74
2025,3,Kansas State,1491.8,75
2025,3,James Madison,1491.0,76
2025,3,Jacksonville State,1485.5,77
2025,3,Western Kentucky,1483.6,78
2025,3,Louisiana,1482.8,79
2025,3,Washington State,1481.2,80
2025,3,Utah State,1475.8,81
2025,3,Boston College,1474.0,82
2025,3,Buffalo,1473.2,83
2025,3,Georgia Southern,1467.5,84
2025,3,Liberty,1465.5,85
2025,3,Colorado State,1461.0,86
2025,3,Oklahoma State,1460.1,87
2025,3,UTSA,1460.1,88
2025,3,Louisiana Tech,1458.2,89
2025,3,New Mexico,1455.8,90
2025,3,Stanford,1455.3,91
2025,3,App State,1453.8,92
2025,3,South Alabama,1453.8,93
2025,3,Florida International,1451.7,94
2025,3,Miami (OH),1445.2,95
2025,3,UConn,1445.0,96
2025,3,Northwestern,1444.0,97
2025,3,Purdue,1440.4,98
2025,3,Northern Illinois,1436.5,99
2025,3,Hawai'i,1433.9,100
2025,3,San José State,1432.7,101
2025,3,Army,1430.5,102
2025,3,Wake Forest,1427.1,103
2025,3,Troy,1413.9,104
2025,3,Wyoming,1411.7,105
2025,3,Temple,1409.6,106
2025,3,UAB,1405.4,107
2025,3,Southern Miss,1402.6,108
2025,3,Arkansas State,1400.0,109
2025,3,Air Force,1399.7,110
2025,3,Virginia Tech,1391.5,111
2025,3,Rice,1390.9,112
2025,3,UL Monroe,1389.3,113
2025,3,San Diego State,1388.9,114
2025,3,Oregon State,1367.0,115
2025,3,UCLA,1366.3,116
2025,3,Delaware,1365.8,117
2025,3,Western Michigan,1364.8,118
2025,3,Coastal Carolina,1361.8,119
2025,3,Georgia State,1361.7,120
2025,3,UTEP,1360.5,121
2025,3,Sam Houston,1359.5,122
2025,3,Central Michigan,1355.6,123
2025,3,Florida Atlantic,1355.4,124
2025,3,New Mexico State,1351.4,125
2025,3,Nevada,1344.4,126
2025,3,Ball State,1342.3,127
2025,3,Charlotte,1337.4,128
2025,3,Eastern Michigan,1320.9,129
2025,3,Missouri State,1319.8,130
2025,3,Akron,1318.5,131
2025,3,Tulsa,1309.2,132
2025,3,Kennesaw State,1288.2,133
2025,3,Middle Tennessee,1276.2,134
2025,3,Kent State,1272.8,135
2025,3,Massachusetts,1252.3,136
2025,4,Oregon,1794.9,1
2025,4,Georgia,1781.9,2
2025,4,Ohio State,1777.4,3
2025,4,Ole Miss,1751.0,4
2025,4,Miami,1732.6,5
2025,4,Texas,1726.2,6
2025,4,LSU,1718.4,7
2025,4,Penn State,1717.9,8
2025,4,Oklahoma,1712.2,9
2025,4,Missouri,1697.6,10
2025,4,USC,1696.3,11
2025,4,Notre Dame,1695.0,12
2025,4,Indiana,1693.8,13
2025,4,Tennessee,1687.3,14
2025,4,Texas A&M,1683.9,15
2025,4,TCU,1683.4,16
2025,4,Alabama,1682.4,17
2025,4,Vanderbilt,1674.2,18
2025,4,Texas Tech,1670.4,19
2025,4,Memphis,1666.1,20
2025,4,Washington,1666.1,21
2025,4,BYU,1661.9,22
2025,4,Arizona State,1657.1,23
2025,4,Louisville,1654.9,24
2025,4,Iowa State,1650.4,25
2025,4,UNLV,1650.3,26
2025,4,Michigan,1647.3,27
2025,4,Georgia Tech,1644.6,28
2025,4,Iowa,1635.7,29
2025,4,Auburn,1628.3,30
2025,4,Syracuse,1618.8,31
2025,4,Navy,1616.1,32
2025,4,SMU,1610.9,33
2025,4,Illinois,1610.7,34
2025,4,Tulane,1607.5,35
2025,4,Maryland,1603.7,36
2025,4,Utah,1601.5,37
2025,4,Kansas,1594.3,38
2025,4,North Texas,1592.5,39
2025,4,Florida State,1591.6,40
2025,4,Nebraska,1585.9,41
2025,4,South Carolina,1585.2,42
2025,4,Boise State,1582.6,43
2025,4,Houston,1578.4,44
2025,4,Arkansas,1577.4,45
2025,4,UCF,1574.0,46
2025,4,Clemson,1573.0,47
2025,4,Mississippi State,1570.6,48
2025,4,Fresno State,1566.2,49
2025,4,NC State,1563.8,50
2025,4,Minnesota,1561.0,51
2025,4,Rutgers,1557.3,52
2025,4,South Florida,1556.0,53
2025,4,Florida,1555.5,54
2025,4,Arizona,1551.7,55
2025,4,Texas State,1550.9,56
2025,4,James Madison,1549.0,57
2025,4,Marshall,1547.8,58
2025,4,Virginia,1546.9,59
2025,4,Colorado,1542.3,60
2025,4,California,1540.3,61
2025,4,Baylor,1536.3,62
2025,4,Duke,1535.1,63
2025,4,Ohio,1531.3,64
2025,4,Michigan State,1531.0,65
2025,4,Cincinnati,1526.0,66
2025,4,Kentucky,1523.1,67
2025,4,Pittsburgh,1519.3,68
2025,4,Toledo,1514.3,69
2025,4,Old Dominion,1509.2,70
2025,4,Western Kentucky,1500.8,71
2025,4,Wisconsin,1496.7,72
2025,4,West Virginia,1494.4,73
2025,4,San Diego State,1494.2,74
2025,4,Kansas State,1491.8,75
2025,4,Jacksonville State,1489.5,76
2025,4,Utah State,1486.0,77
2025,4,East Carolina,1481.5,78
2025,4,Louisiana Tech,1480.0,79
2025,4,North Carolina,1477.1,80
2025,4,UTSA,1474.4,81
2025,4,Boston College,1474.0,82
2025,4,Georgia Southern,1473.8,83
2025,4,Bowling Green,1470.1,84
2025,4,UConn,1459.3,85
2025,4,Louisiana,1456.2,86
2025,4,New Mexico,1455.8,87
2025,4,App State,1453.8,88
2025,4,Colorado State,1446.6,89
2025,4,Northwestern,1444.0,90
2025,4,Buffalo,1443.7,91
2025,4,Troy,1443.4,92
2025,4,San José State,1439.7,93
2025,4,Rice,1427.7,94
2025,4,Miami (OH),1427.7,95
2025,4,UL Monroe,1427.4,96
2025,4,Washington State,1427.2,97
2025,4,Wake Forest,1427.1,98
2025,4,Stanford,1425.5,99
2025,4,Delaware,1425.3,100
2025,4,Purdue,1424.9,101
2025,4,Hawai'i,1420.2,102
2025,4,Coastal Carolina,1418.2,103
2025,4,Liberty,1407.5,104
2025,4,Oklahoma State,1407.2,105
2025,4,Northern Illinois,1405.5,106
2025,4,Virginia Tech,1401.1,107
2025,4,Army,1399.1,108
2025,4,South Alabama,1397.4,109
2025,4,Temple,1396.9,110
2025,4,UAB,1394.3,111
2025,4,Florida International,1392.2,112
2025,4,Wyoming,1391.1,113
2025,4,Southern Miss,1380.7,114
2025,4,Western Michigan,1378.1,115
2025,4,Central Michigan,1366.3,116
2025,4,UCLA,1366.3,117
2025,4,Arkansas State,1365.3,118
2025,4,Air Force,1362.7,119
2025,4,Oregon State,1362.2,120
2025,4,Tulsa,1362.1,121
2025,4,Florida Atlantic,1355.4,122
2025,4,Sam Houston,1351.7,123
2025,4,New Mexico State,1351.4,124
2025,4,Georgia State,1351.3,125
2025,4,Eastern Michigan,1347.4,126
2025,4,Akron,1337.4,127
2025,4,Missouri State,1331.8,128
2025,4,Ball State,1327.9,129
2025,4,Nevada,1327.2,130
2025,4,Kennesaw State,1322.9,131
2025,4,UTEP,1322.4,132
2025,4,Charlotte,1300.7,133
2025,4,Kent State,1259.6,134
2025,4,Middle Tennessee,1254.3,135
2025,4,Massachusetts,1252.3,136
2025,5,Oregon,1822.1,1
2025,5,Ohio State,1814.9,2
2025,5,Ole Miss,1768.9,3
2025,5,Georgia,1755.2,4
2025,5,Notre Dame,1742.4,5
2025,5,Miami,1732.6,6
2025,5,Texas,1726.2,7
2025,5,Indiana,1720.1,8
2025,5,Tennessee,1713.4,9
2025,5,Oklahoma,1712.2,10
2025,5,Alabama,1709.2,11
2025,5,Missouri,1701.9,12
2025,5,Texas A&M,1701.6,13
2025,5,LSU,1700.4,14
2025,5,Penn State,1690.7,15
2025,5,Vanderbilt,1689.0,16
2025,5,Memphis,1687.6,17
2025,5,Louisville,1679.6,18
2025,5,USC,1679.4,19
2025,5,BYU,1679.2,20
2025,5,Iowa State,1674.9,21
2025,5,Arizona State,1674.6,22
2025,5,Texas Tech,1670.4,23
2025,5,TCU,1666.0,24
2025,5,Georgia Tech,1650.9,25
2025,5,UNLV,1650.3,26
2025,5,Utah,1647.4,27
2025,5,Michigan,1647.3,28
2025,5,Tulane,1631.3,29
2025,5,Washington,1628.5,30
2025,5,Illinois,1627.6,31
2025,5,Navy,1626.8,32
2025,5,South Carolina,1613.0,33
2025,5,SMU,1610.9,34
2025,5,Auburn,1610.6,35
2025,5,Iowa,1609.4,36
2025,5,Boise State,1605.7,37
2025,5,North Texas,1605.2,38
2025,5,Maryland,1603.7,39
2025,5,Duke,1602.9,40
2025,5,Houston,1591.1,41
2025,5,Nebraska,1585.9,42
2025,5,Minnesota,1576.6,43
2025,5,Virginia,1576.4,44
2025,5,James Madison,1576.2,45
2025,5,Clemson,1573.0,46
2025,5,Baylor,1572.0,47
2025,5,Kansas,1568.6,48
2025,5,Fresno State,1566.2,49
2025,5,California,1563.4,50
2025,5,Florida State,1562.0,51
2025,5,South Florida,1556.0,52
2025,5,Ohio,1555.9,53
2025,5,Florida,1555.5,54
2025,5,Cincinnati,1551.7,55
2025,5,Texas State,1550.9,56
2025,5,Syracuse,1550.9,57
2025,5,Mississippi State,1544.5,58
2025,5,Rutgers,1541.7,59
2025,5,NC State,1541.2,60
2025,5,Toledo,1533.7,61
2025,5,Kansas State,1533.1,62
2025,5,UCF,1532.7,63
2025,5,Michigan State,1531.0,64
2025,5,Arkansas,1529.9,65
2025,5,Old Dominion,1529.3,66
2025,5,Arizona,1527.2,67
2025,5,Marshall,1526.0,68
2025,5,Colorado,1525.0,69
2025,5,Western Kentucky,1520.0,70
2025,5,Louisiana Tech,1513.3,71
2025,5,San Diego State,1513.0,72
2025,5,East Carolina,1506.9,73
2025,5,Wisconsin,1496.7,74
2025,5,Kentucky,1495.4,75
2025,5,Pittsburgh,1494.6,76
2025,5,UConn,1481.6,77
2025,5,Louisiana,1477.9,78
2025,5,New Mexico,1477.3,79
2025,5,North Carolina,1477.1,80
2025,5,Washington State,1476.8,81
2025,5,UTSA,1474.4,82
2025,5,Utah State,1471.1,83
2025,5,Northwestern,1455.4,84
2025,5,Hawai'i,1453.9,85
2025,5,Boston College,1450.9,86
2025,5,UL Monroe,1450.1,87
2025,5,West Virginia,1448.5,88
2025,5,Georgia Southern,1446.6,89
2025,5,Bowling Green,1445.5,90
2025,5,Troy,1443.4,91
2025,5,Jacksonville State,1441.7,92
2025,5,Miami (OH),1439.6,93
2025,5,Stanford,1433.8,94
2025,5,San José State,1431.3,95
2025,5,App State,1430.8,96
2025,5,Southern Miss,1428.5,97
2025,5,Delaware,1425.3,98
2025,5,Purdue,1424.9,99
2025,5,Virginia Tech,1423.7,100
2025,5,Buffalo,1421.5,101
2025,5,Wake Forest,1420.8,102
2025,5,Coastal Carolina,1418.2,103
2025,5,Rice,1417.0,104
2025,5,Western Michigan,1404.4,105
2025,5,Colorado State,1397.0,106
2025,5,Temple,1396.9,107
2025,5,UAB,1394.3,108
2025,5,Central Michigan,1392.6,109
2025,5,Florida International,1392.2,110
2025,5,Wyoming,1391.1,111
2025,5,Liberty,1387.4,112
2025,5,Northern Illinois,1386.7,113
2025,5,South Alabama,1384.7,114
2025,5,Army,1373.8,115
2025,5,Oklahoma State,1371.5,116
2025,5,UCLA,1354.9,117
2025,5,Sam Houston,1351.7,118
2025,5,Georgia State,1351.3,119
2025,5,Oregon State,1349.6,120
2025,5,Arkansas State,1342.6,121
2025,5,Kennesaw State,1341.8,122
2025,5,Tulsa,1338.4,123
2025,5,Florida Atlantic,1333.8,124
2025,5,New Mexico State,1329.8,125
2025,5,Air Force,1329.0,126
2025,5,Ball State,1327.9,127
2025,5,Nevada,1327.2,128
2025,5,Eastern Michigan,1321.1,129
2025,5,Akron,1317.9,130
2025,5,Missouri State,1312.6,131
2025,5,Charlotte,1300.7,132
2025,5,UTEP,1289.1,133
2025,5,Kent State,1259.6,134
2025,5,Massachusetts,1248.1,135
2025,5,Middle Tennessee,1235.4,136
2025,6,Ohio State,1828.8,1
2025,6,Oregon,1822.1,2
2025,6,Ole Miss,1768.9,3
2025,6,Georgia,1765.5,4
2025,6,Notre Dame,1761.8,5
2025,6,Miami,1753.3,6
2025,6,Alabama,1739.0,7
2025,6,Indiana,1720.1,8
2025,6,Texas A&M,1719.5,9
2025,6,Oklahoma,1716.5,10
2025,6,Texas Tech,1715.1,11
2025,6,Tennessee,1713.4,12
2025,6,Missouri,1701.9,13
2025,6,LSU,1700.4,14
2025,6,Memphis,1693.9,15
2025,6,BYU,1689.8,16
2025,6,Texas,1683.1,17
2025,6,TCU,1682.6,18
2025,6,USC,1679.4,19
2025,6,Arizona State,1674.6,20
2025,6,UNLV,1671.3,21
2025,6,Michigan,1663.2,22
2025,6,Vanderbilt,1659.2,23
2025,6,Illinois,1654.7,24
2025,6,Washington,1653.9,25
2025,6,Louisville,1652.7,26
2025,6,Georgia Tech,1650.9,27
2025,6,Utah,1647.4,28
2025,6,Duke,1643.9,29
2025,6,Penn State,1642.1,30
2025,6,Iowa State,1637.0,31
2025,6,SMU,1634.4,32
2025,6,Tulane,1631.3,33
2025,6,Navy,1630.6,34
2025,6,Clemson,1617.8,35
2025,6,South Carolina,1613.0,36
2025,6,Auburn,1610.6,37
2025,6,Iowa,1609.4,38
2025,6,Nebraska,1608.6,39
2025,6,North Texas,1605.2,40
2025,6,Virginia,1603.3,41
2025,6,Kansas,1600.6,42
2025,6,Florida,1598.5,43
2025,6,James Madison,1594.6,44
2025,6,Cincinnati,1589.6,45
2025,6,Boise State,1586.2,46
2025,6,Maryland,1578.3,47
2025,6,Baylor,1577.7,48
2025,6,Fresno State,1571.4,49
2025,6,South Florida,1567.6,50
2025,6,Minnesota,1562.8,51
2025,6,Old Dominion,1555.7,52
2025,6,Arizona,1546.5,53
2025,6,Houston,1546.3,54
2025,6,NC State,1544.2,55
2025,6,Rutgers,1541.7,56
2025,6,Florida State,1541.3,57
2025,6,Western Kentucky,1538.5,58
2025,6,Texas State,1536.0,59
2025,6,San Diego State,1534.4,60
2025,6,Toledo,1533.7,61
2025,6,Pittsburgh,1530.3,62
2025,6,Arkansas,1529.9,63
2025,6,Kansas State,1527.4,64
2025,6,Syracuse,1527.4,65
2025,6,Mississippi State,1526.6,66
2025,6,Marshall,1526.0,67
2025,6,California,1522.5,68
2025,6,Louisiana Tech,1513.3,69
2025,6,Ohio,1512.4,70
2025,6,UConn,1510.9,71
2025,6,Michigan State,1508.4,72
2025,6,Colorado,1508.3,73
2025,6,East Carolina,1506.9,74
2025,6,UCF,1500.7,75
2025,6,Northwestern,1495.4,76
2025,6,Kentucky,1485.0,77
2025,6,Wisconsin,1480.8,78
2025,6,Louisiana,1477.9,79
2025,6,Washington State,1476.8,80
2025,6,Miami (OH),1476.4,81
2025,6,Utah State,1471.1,82
2025,6,Troy,1462.0,83
2025,6,San José State,1459.4,84
2025,6,Wake Forest,1455.4,85
2025,6,Hawai'i,1453.9,86
2025,6,New Mexico,1449.3,87
2025,6,Georgia Southern,1446.6,88
2025,6,Bowling Green,1445.5,89
2025,6,UTSA,1445.2,90
2025,6,App State,1443.9,91
2025,6,Jacksonville State,1441.7,92
2025,6,West Virginia,1437.9,93
2025,6,Western Michigan,1437.3,94
2025,6,Stanford,1433.8,95
2025,6,North Carolina,1432.3,96
2025,6,Southern Miss,1428.5,97
2025,6,Temple,1426.1,98
2025,6,Buffalo,1425.8,99
2025,6,Army,1424.4,100
2025,6,Boston College,1415.2,101
2025,6,UL Monroe,1410.0,102
2025,6,Delaware,1406.8,103
2025,6,UCLA,1403.5,104
2025,6,Purdue,1397.8,105
2025,6,Coastal Carolina,1391.8,106
2025,6,Virginia Tech,1389.0,107
2025,6,Liberty,1387.4,108
2025,6,Rice,1380.2,109
2025,6,Colorado State,1375.5,110
2025,6,Ball State,1371.4,111
2025,6,New Mexico State,1371.1,112
2025,6,Florida Atlantic,1370.6,113
2025,6,Wyoming,1370.0,114
2025,6,Central Michigan,1368.5,115
2025,6,South Alabama,1366.0,116
2025,6,Florida International,1362.9,117
2025,6,Arkansas State,1357.4,118
2025,6,Oklahoma State,1352.2,119
2025,6,Northern Illinois,1349.9,120
2025,6,UAB,1343.7,121
2025,6,Akron,1342.1,122
2025,6,Kennesaw State,1341.8,123
2025,6,Oregon State,1336.5,124
2025,6,Georgia State,1332.9,125
2025,6,Tulsa,1332.2,126
2025,6,Air Force,1325.2,127
2025,6,Nevada,1322.0,128
2025,6,Eastern Michigan,1316.8,129
2025,6,Missouri State,1312.6,130
2025,6,Sam Houston,1310.5,131
2025,6,UTEP,1289.1,132
2025,6,Charlotte,1289.1,133
2025,6,Kent State,1255.3,134
2025,6,Middle Tennessee,1235.4,135
2025,6,Massachusetts,1215.2,136
2025,7,Ohio State,1854.7,1
2025,7,Georgia,1787.9,2
2025,7,Oregon,1783.4,3
2025,7,Notre Dame,1773.7,4
2025,7,Ole Miss,1772.2,5
2025,7,Indiana,1758.8,6
2025,7,Alabama,1756.7,7
2025,7,Miami,1753.3,8
2025,7,Texas A&M,1735.8,9
2025,7,Texas Tech,1734.1,10
2025,7,Texas,1721.7,11
2025,7,Tennessee,1719.2,12
2025,7,LSU,1716.2,13
2025,7,BYU,1708.6,14
2025,7,USC,1705.7,15
2025,7,Memphis,1693.9,16
2025,7,Utah,1684.2,17
2025,7,Missouri,1684.1,18
2025,7,Oklahoma,1677.9,19
2025,7,UNLV,1673.8,20
2025,7,Washington,1671.5,21
2025,7,Vanderbilt,1659.2,22
2025,7,Georgia Tech,1658.6,23
2025,7,Louisville,1652.7,24
2025,7,SMU,1646.7,25
2025,7,Iowa,1646.2,26
2025,7,Clemson,1645.5,27
2025,7,Duke,1643.9,28
2025,7,Tulane,1642.8,29
2025,7,TCU,1641.2,30
2025,7,Arizona State,1637.8,31
2025,7,Michigan,1636.9,32
2025,7,Navy,1636.1,33
2025,7,Penn State,1630.4,34
2025,7,Illinois,1628.8,35
2025,7,Nebraska,1626.6,36
2025,7,South Florida,1616.7,37
2025,7,James Madison,1608.4,38
2025,7,Iowa State,1606.6,39
2025,7,Cincinnati,1604.7,40
2025,7,Virginia,1603.3,41
2025,7,Boise State,1601.1,42
2025,7,South Carolina,1597.2,43
2025,7,Auburn,1588.2,44
2025,7,Florida,1582.2,45
2025,7,Kansas,1581.7,46
2025,7,Baylor,1577.7,47
2025,7,Minnesota,1572.3,48
2025,7,Houston,1572.1,49
2025,7,Kansas State,1568.8,50
2025,7,San Diego State,1561.8,51
2025,7,Maryland,1560.3,52
2025,7,Marshall,1560.2,53
2025,7,North Texas,1556.1,54
2025,7,Pittsburgh,1549.9,55
2025,7,Colorado,1538.7,56
2025,7,Western Kentucky,1538.5,57
2025,7,NC State,1532.3,58
2025,7,Arizona,1527.7,59
2025,7,Syracuse,1527.4,60
2025,7,Mississippi State,1526.6,61
2025,7,Arkansas,1524.2,62
2025,7,Rutgers,1524.1,63
2025,7,California,1522.5,64
2025,7,Florida State,1521.7,65
2025,7,Old Dominion,1521.5,66
2025,7,Fresno State,1513.0,67
2025,7,Ohio,1512.4,68
2025,7,UConn,1510.9,69
2025,7,Toledo,1510.5,70
2025,7,Northwestern,1507.1,71
2025,7,Texas State,1503.7,72
2025,7,Miami (OH),1502.7,73
2025,7,East Carolina,1495.3,74
2025,7,Troy,1494.4,75
2025,7,Wake Forest,1489.3,76
2025,7,UCF,1485.6,77
2025,7,Kentucky,1485.0,78
2025,7,Hawai'i,1483.8,79
2025,7,App State,1476.8,80
2025,7,UTSA,1473.6,81
2025,7,Washington State,1473.6,82
2025,7,Bowling Green,1468.7,83
2025,7,Western Michigan,1464.6,84
2025,7,Louisiana,1464.1,85
2025,7,Louisiana Tech,1458.2,86
2025,7,UCLA,1456.2,87
2025,7,Michigan State,1455.6,88
2025,7,Jacksonville State,1450.7,89
2025,7,Southern Miss,1448.3,90
2025,7,Wisconsin,1444.0,91
2025,7,Utah State,1441.3,92
2025,7,Army,1439.7,93
2025,7,West Virginia,1437.9,94
2025,7,New Mexico,1434.4,95
2025,7,Colorado State,1434.0,96
2025,7,San José State,1432.4,97
2025,7,North Carolina,1432.3,98
2025,7,Georgia Southern,1426.8,99
2025,7,Buffalo,1425.8,100
2025,7,Stanford,1421.5,101
2025,7,Temple,1420.6,102
2025,7,Coastal Carolina,1420.0,103
2025,7,Liberty,1414.8,104
2025,7,Delaware,1406.8,105
2025,7,Wyoming,1397.0,106
2025,7,Kennesaw State,1396.9,107
2025,7,Florida Atlantic,1396.6,108
2025,7,Purdue,1388.3,109
2025,7,Boston College,1387.5,110
2025,7,UL Monroe,1381.8,111
2025,7,Virginia Tech,1381.4,112
2025,7,New Mexico State,1371.1,113
2025,7,Central Michigan,1368.5,114
2025,7,South Alabama,1366.0,115
2025,7,Florida International,1362.9,116
2025,7,Arkansas State,1357.4,117
2025,7,Rice,1351.9,118
2025,7,Ball State,1344.1,119
2025,7,Eastern Michigan,1337.7,120
2025,7,Tulsa,1332.2,121
2025,7,Northern Illinois,1329.0,122
2025,7,Oklahoma State,1326.4,123
2025,7,Missouri State,1325.4,124
2025,7,Air Force,1322.8,125
2025,7,UAB,1317.7,126
2025,7,Akron,1315.8,127
2025,7,Oregon State,1302.6,128
2025,7,Sam Houston,1301.5,129
2025,7,Georgia State,1300.0,130
2025,7,Nevada,1294.6,131
2025,7,Kent State,1284.6,132
2025,7,Charlotte,1273.8,133
2025,7,UTEP,1261.7,134
2025,7,Middle Tennessee,1222.6,135
2025,7,Massachusetts,1186.0,136
2025,8,Ohio State,1866.8,1
2025,8,Oregon,1808.4,2
2025,8,Georgia,1807.6,3
2025,8,Notre Dame,1790.9,4
2025,8,Alabama,1780.4,5
2025,8,Indiana,1766.0,6
2025,8,Ole Miss,1752.5,7
2025,8,Texas A&M,1746.5,8
2025,8,Texas,1731.5,9
2025,8,Miami,1731.0,10
2025,8,BYU,1720.6,11
2025,8,Texas Tech,1712.7,12
2025,8,Oklahoma,1712.5,13
2025,8,Missouri,1705.7,14
2025,8,Tennessee,1695.6,15
2025,8,LSU,1691.9,16
2025,8,Georgia Tech,1689.5,17
2025,8,USC,1688.4,18
2025,8,Vanderbilt,1683.5,19
2025,8,SMU,1681.0,20
2025,8,Louisville,1675.0,21
2025,8,Utah,1672.2,22
2025,8,Michigan,1668.2,23
2025,8,Arizona State,1659.1,24
2025,8,TCU,1655.5,25
2025,8,Iowa,1652.4,26
2025,8,Tulane,1650.6,27
2025,8,Memphis,1644.0,28
2025,8,Boise State,1641.2,29
2025,8,Washington,1640.3,30
2025,8,Navy,1636.1,31
2025,8,UNLV,1633.7,32
2025,8,James Madison,1632.3,33
2025,8,South Florida,1629.1,34
2025,8,Illinois,1628.8,35
2025,8,Cincinnati,1625.7,36
2025,8,Penn State,1624.2,37
2025,8,Duke,1613.0,38
2025,8,Clemson,1611.2,39
2025,8,Virginia,1609.2,40
2025,8,Iowa State,1606.6,41
2025,8,Minnesota,1606.3,42
2025,8,Nebraska,1592.5,43
2025,8,Florida,1590.5,44
2025,8,Pittsburgh,1588.0,45
2025,8,Houston,1583.1,46
2025,8,Kansas,1581.7,47
2025,8,North Texas,1580.8,48
2025,8,Marshall,1570.7,49
2025,8,Kansas State,1568.8,50
2025,8,Auburn,1566.6,51
2025,8,Baylor,1563.4,52
2025,8,South Carolina,1562.6,53
2025,8,San Diego State,1561.8,54
2025,8,Maryland,1541.5,55
2025,8,UConn,1539.4,56
2025,8,Colorado,1538.7,57
2025,8,NC State,1532.3,58
2025,8,California,1531.5,59
2025,8,Troy,1528.1,60
2025,8,Ohio,1526.3,61
2025,8,Northwestern,1524.2,62
2025,8,Toledo,1522.5,63
2025,8,Mississippi State,1518.3,64
2025,8,Arizona,1516.6,65
2025,8,Hawai'i,1515.7,66
2025,8,Miami (OH),1515.0,67
2025,8,Arkansas,1513.5,68
2025,8,UCF,1513.0,69
2025,8,Fresno State,1513.0,70
2025,8,East Carolina,1507.8,71
2025,8,Rutgers,1499.1,72
2025,8,Old Dominion,1497.6,73
2025,8,Florida State,1493.8,74
2025,8,Texas State,1493.2,75
2025,8,Wake Forest,1489.3,76
2025,8,Syracuse,1489.2,77
2025,8,Western Kentucky,1486.7,78
2025,8,Southern Miss,1484.8,79
2025,8,Kentucky,1475.2,80
2025,8,UCLA,1475.1,81
2025,8,Jacksonville State,1471.7,82
2025,8,Washington State,1467.6,83
2025,8,Western Michigan,1464.6,84
2025,8,Louisiana Tech,1458.2,85
2025,8,Utah State,1457.7,86
2025,8,Temple,1455.0,87
2025,8,Coastal Carolina,1453.4,88
2025,8,Stanford,1449.5,89
2025,8,UTSA,1448.9,90
2025,8,Michigan State,1448.4,91
2025,8,App State,1443.4,92
2025,8,Georgia Southern,1442.7,93
2025,8,Buffalo,1440.3,94
2025,8,New Mexico,1440.1,95
2025,8,Wisconsin,1431.8,96
2025,8,Army,1431.8,97
2025,8,Louisiana,1427.6,98
2025,8,Liberty,1425.9,99
2025,8,North Carolina,1423.3,100
2025,8,Bowling Green,1418.9,101
2025,8,Central Michigan,1418.3,102
2025,8,San José State,1415.9,103
2025,8,Florida International,1414.7,104
2025,8,West Virginia,1410.5,105
2025,8,Colorado State,1402.1,106
2025,8,Kennesaw State,1396.9,107
2025,8,Delaware,1385.8,108
2025,8,Florida Atlantic,1384.3,109
2025,8,Virginia Tech,1381.4,110
2025,8,Wyoming,1379.9,111
2025,8,Purdue,1371.2,112
2025,8,UAB,1367.5,113
2025,8,Arkansas State,1367.2,114
2025,8,Ball State,1367.1,115
2025,8,New Mexico State,1360.0,116
2025,8,Boston College,1359.0,117
2025,8,South Alabama,1356.3,118
2025,8,Rice,1351.9,119
2025,8,UL Monroe,1348.1,120
2025,8,Air Force,1339.9,121
2025,8,Oregon State,1329.9,122
2025,8,Missouri State,1325.4,123
2025,8,Eastern Michigan,1325.4,124
2025,8,Tulsa,1319.7,125
2025,8,Northern Illinois,1315.1,126
2025,8,Oklahoma State,1305.4,127
2025,8,UTEP,1300.4,128
2025,8,Akron,1292.8,129
2025,8,Nevada,1288.9,130
2025,8,Georgia State,1284.1,131
2025,8,Kent State,1272.6,132
2025,8,Sam Houston,1262.8,133
2025,8,Charlotte,1239.5,134
2025,8,Middle Tennessee,1222.6,135
2025,8,Massachusetts,1171.5,136
2025,9,Ohio State,1866.8,1
2025,9,Oregon,1812.3,2
2025,9,Georgia,1807.6,3
2025,9,Alabama,1796.1,4
2025,9,Notre Dame,1790.9,5
2025,9,Texas A&M,1786.1,6
2025,9,Ole Miss,1780.5,7
2025,9,Indiana,1775.2,8
2025,9,BYU,1749.2,9
2025,9,Texas,1747.5,10
2025,9,Miami,1739.9,11
2025,9,Tennessee,1719.1,12
2025,9,Texas Tech,1717.3,13
2025,9,Vanderbilt,1705.0,14
2025,9,Georgia Tech,1701.9,15
2025,9,Utah,1692.7,16
2025,9,USC,1688.4,17
2025,9,Michigan,1686.8,18
2025,9,Oklahoma,1684.6,19
2025,9,Missouri,1684.2,20
2025,9,Iowa,1681.3,21
2025,9,Louisville,1680.6,22
2025,9,SMU,1669.1,23
2025,9,TCU,1668.8,24
2025,9,Washington,1666.5,25
2025,9,Memphis,1656.5,26
2025,9,Boise State,1654.9,27
2025,9,LSU,1652.3,28
2025,9,Tulane,1650.6,29
2025,9,Cincinnati,1648.5,30
2025,9,Navy,1643.1,31
2025,9,UNLV,1633.7,32
2025,9,James Madison,1632.3,33
2025,9,Arizona State,1624.8,34
2025,9,Penn State,1624.2,35
2025,9,Houston,1617.4,36
2025,9,South Florida,1616.7,37
2025,9,Virginia,1615.1,38
2025,9,Kansas State,1614.9,39
2025,9,Duke,1613.0,40
2025,9,Clemson,1611.2,41
2025,9,Pittsburgh,1610.7,42
2025,9,Nebraska,1607.4,43
2025,9,Illinois,1602.6,44
2025,9,San Diego State,1601.5,45
2025,9,North Texas,1597.3,46
2025,9,Auburn,1595.0,47
2025,9,Florida,1590.5,48
2025,9,Iowa State,1578.0,49
2025,9,Minnesota,1577.4,50
2025,9,Marshall,1570.7,51
2025,9,South Carolina,1546.9,52
2025,9,Troy,1544.0,53
2025,9,Ohio,1543.0,54
2025,9,Maryland,1541.5,55
2025,9,Baylor,1540.7,56
2025,9,Kansas,1535.6,57
2025,9,Miami (OH),1532.9,58
2025,9,Colorado,1518.2,59
2025,9,Arizona,1516.6,60
2025,9,UConn,1515.8,61
2025,9,Hawai'i,1515.7,62
2025,9,Rutgers,1513.2,63
2025,9,UCF,1513.0,64
2025,9,NC State,1509.6,65
2025,9,Northwestern,1509.3,66
2025,9,Old Dominion,1508.2,67
2025,9,East Carolina,1507.8,68
2025,9,Washington State,1503.5,69
2025,9,Southern Miss,1502.5,70
2025,9,Mississippi State,1502.3,71
2025,9,Wake Forest,1501.2,72
2025,9,California,1497.5,73
2025,9,Western Kentucky,1495.7,74
2025,9,Florida State,1493.8,75
2025,9,Texas State,1493.2,76
2025,9,Toledo,1486.7,77
2025,9,Arkansas,1485.0,78
2025,9,Syracuse,1476.7,79
2025,9,Fresno State,1473.4,80
2025,9,Jacksonville State,1471.7,81
2025,9,New Mexico,1470.5,82
2025,9,UCLA,1465.8,83
2025,9,Temple,1461.8,84
2025,9,Coastal Carolina,1453.4,85
2025,9,Kentucky,1451.7,86
2025,9,Louisiana Tech,1449.2,87
2025,9,UTSA,1448.9,88
2025,9,Western Michigan,1446.7,89
2025,9,Stanford,1440.6,90
2025,9,Kennesaw State,1439.6,91
2025,9,App State,1432.8,92
2025,9,Army,1431.8,93
2025,9,Michigan State,1429.8,94
2025,9,Central Michigan,1428.0,95
2025,9,Wisconsin,1427.8,96
2025,9,Utah State,1427.3,97
2025,9,Liberty,1425.9,98
2025,9,North Carolina,1417.4,99
2025,9,San José State,1415.9,100
2025,9,Virginia Tech,1415.4,101
2025,9,Wyoming,1414.6,102
2025,9,Georgia Southern,1412.9,103
2025,9,Louisiana,1411.7,104
2025,9,Buffalo,1403.1,105
2025,9,Bowling Green,1397.7,106
2025,9,West Virginia,1397.2,107
2025,9,Arkansas State,1397.0,108
2025,9,Delaware,1392.2,109
2025,9,South Alabama,1380.8,110
2025,9,Florida Atlantic,1377.3,111
2025,9,Rice,1375.4,112
2025,9,Florida International,1372.0,113
2025,9,UAB,1367.5,114
2025,9,Colorado State,1367.3,115
2025,9,Purdue,1357.2,116
2025,9,Missouri State,1355.9,117
2025,9,Boston College,1353.5,118
2025,9,Northern Illinois,1346.2,119
2025,9,Air Force,1339.9,120
2025,9,Ball State,1336.0,121
2025,9,UL Monroe,1330.5,122
2025,9,Akron,1330.0,123
2025,9,Oregon State,1329.9,124
2025,9,New Mexico State,1329.5,125
2025,9,Tulsa,1312.8,126
2025,9,Eastern Michigan,1308.7,127
2025,9,Oklahoma State,1300.8,128
2025,9,UTEP,1300.4,129
2025,9,Kent State,1293.8,130
2025,9,Nevada,1275.2,131
2025,9,Sam Houston,1262.8,132
2025,9,Georgia State,1259.6,133
2025,9,Charlotte,1223.0,134
2025,9,Middle Tennessee,1216.2,135
2025,9,Massachusetts,1161.7,136
2025,10,Ohio State,1876.7,1
2025,10,Georgia,1817.1,2
2025,10,Oregon,1812.3,3
2025,10,Indiana,1802.6,4
2025,10,Notre Dame,1799.3,5
2025,10,Alabama,1796.1,6
2025,10,Ole Miss,1789.6,7
2025,10,Texas A&M,1786.1,8
2025,10,Texas,1758.6,9
2025,10,Texas Tech,1752.0,10
2025,10,BYU,1749.2,11
2025,10,Utah,1720.3,12
2025,10,Miami,1716.1,13
2025,10,Oklahoma,1713.1,14
2025,10,USC,1707.0,15
2025,10,Louisville,1696.9,16
2025,10,Vanderbilt,1693.9,17
2025,10,SMU,1692.9,18
2025,10,Tennessee,1690.5,19
2025,10,Michigan,1690.2,20
2025,10,Missouri,1684.2,21
2025,10,Iowa,1681.3,22
2025,10,Memphis,1675.6,23
2025,10,TCU,1668.8,24
2025,10,James Madison,1666.6,25
2025,10,Washington,1666.5,26
2025,10,Georgia Tech,1657.8,27
2025,10,LSU,1652.3,28
2025,10,Arizona State,1647.3,29
2025,10,Virginia,1640.1,30
2025,10,Pittsburgh,1635.4,31
2025,10,North Texas,1627.7,32
2025,10,Illinois,1623.1,33
2025,10,Duke,1622.6,34
2025,10,Cincinnati,1620.9,35
2025,10,South Florida,1616.7,36
2025,10,Penn State,1614.3,37
2025,10,San Diego State,1613.3,38
2025,10,Navy,1612.6,39
2025,10,UNLV,1602.9,40
2025,10,Clemson,1601.7,41
2025,10,Boise State,1599.7,42
2025,10,Tulane,1595.5,43
2025,10,Nebraska,1588.9,44
2025,10,Minnesota,1584.3,45
2025,10,Florida,1581.0,46
2025,10,Kansas State,1580.3,47
2025,10,Houston,1574.7,48
2025,10,Baylor,1569.0,49
2025,10,Arizona,1566.3,50
2025,10,Auburn,1560.0,51
2025,10,Iowa State,1555.6,52
2025,10,NC State,1553.8,53
2025,10,East Carolina,1551.3,54
2025,10,Kansas,1544.8,55
2025,10,Ohio,1543.0,56
2025,10,South Carolina,1537.8,57
2025,10,Old Dominion,1536.5,58
2025,10,Miami (OH),1532.9,59
2025,10,UConn,1530.7,60
2025,10,Marshall,1529.8,61
2025,10,Florida State,1528.8,62
2025,10,Fresno State,1528.6,63
2025,10,Mississippi State,1520.8,64
2025,10,Maryland,1514.2,65
2025,10,Western Kentucky,1509.3,66
2025,10,Northwestern,1509.3,67
2025,10,UTSA,1504.0,68
2025,10,Southern Miss,1502.5,69
2025,10,New Mexico,1501.2,70
2025,10,Troy,1499.4,71
2025,10,Coastal Carolina,1494.2,72
2025,10,Rutgers,1492.7,73
2025,10,Hawai'i,1487.8,74
2025,10,Kentucky,1486.8,75
2025,10,Toledo,1486.7,76
2025,10,UCF,1484.7,77
2025,10,Jacksonville State,1480.8,78
2025,10,Washington State,1480.7,79
2025,10,California,1472.4,80
2025,10,Colorado,1468.6,81
2025,10,Arkansas,1466.5,82
2025,10,Wake Forest,1466.2,83
2025,10,UCLA,1465.8,84
2025,10,Louisiana Tech,1464.5,85
2025,10,North Carolina,1461.5,86
2025,10,Western Michigan,1459.0,87
2025,10,Texas State,1458.9,88
2025,10,Liberty,1454.1,89
2025,10,Kennesaw State,1453.3,90
2025,10,Buffalo,1447.7,91
2025,10,Army,1447.4,92
2025,10,San José State,1443.8,93
2025,10,Louisiana,1441.6,94
2025,10,Arkansas State,1441.6,95
2025,10,West Virginia,1439.9,96
2025,10,App State,1432.8,97
2025,10,Syracuse,1432.6,98
2025,10,Wisconsin,1427.8,99
2025,10,Utah State,1427.3,100
2025,10,Michigan State,1422.9,101
2025,10,Temple,1418.4,102
2025,10,Stanford,1415.9,103
2025,10,Central Michigan,1415.8,104
2025,10,Georgia Southern,1412.9,105
2025,10,Wyoming,1402.8,106
2025,10,Virginia Tech,1399.1,107
2025,10,Florida Atlantic,1377.3,108
2025,10,Missouri State,1376.9,109
2025,10,Colorado State,1367.3,110
2025,10,Delaware,1363.9,111
2025,10,Rice,1356.3,112
2025,10,Purdue,1353.8,113
2025,10,Bowling Green,1353.1,114
2025,10,UAB,1352.6,115
2025,10,Oregon State,1352.6,116
2025,10,Florida International,1351.0,117
2025,10,South Alabama,1350.9,118
2025,10,Northern Illinois,1346.2,119
2025,10,Boston College,1345.1,120
2025,10,Ball State,1336.0,121
2025,10,Akron,1330.0,122
2025,10,Air Force,1324.4,123
2025,10,New Mexico State,1315.9,124
2025,10,Tulsa,1312.8,125
2025,10,Eastern Michigan,1308.7,126
2025,10,UL Monroe,1302.2,127
2025,10,Kent State,1293.8,128
2025,10,Oklahoma State,1291.5,129
2025,10,UTEP,1286.7,130
2025,10,Nevada,1275.2,131
2025,10,Georgia State,1259.6,132
2025,10,Sam Houston,1247.5,133
2025,10,Charlotte,1223.0,134
2025,10,Middle Tennessee,1207.1,135
2025,10,Massachusetts,1161.7,136
2025,11,Ohio State,1883.2,1
2025,11,Georgia,1834.2,2
2025,11,Oregon,1823.3,3
2025,11,Texas A&M,1819.9,4
2025,11,Notre Dame,1814.5,5
2025,11,Indiana,1814.2,6
2025,11,Alabama,1808.7,7
2025,11,Ole Miss,1790.5,8
2025,11,Texas Tech,1781.4,9
2025,11,Texas,1758.6,10
2025,11,Miami,1724.4,11
2025,11,Utah,1720.3,12
2025,11,BYU,1719.7,13
2025,11,USC,1719.0,14
2025,11,Oklahoma,1713.1,15
2025,11,SMU,1708.7,16
2025,11,Vanderbilt,1704.9,17
2025,11,James Madison,1691.9,18
2025,11,Tennessee,1690.5,19
2025,11,Michigan,1690.2,20
2025,11,Louisville,1672.1,21
2025,11,Iowa,1670.3,22
2025,11,Georgia Tech,1657.8,23
2025,11,Missouri,1650.5,24
2025,11,Arizona State,1647.3,25
2025,11,TCU,1646.2,26
2025,11,Memphis,1645.1,27
2025,11,Washington,1640.1,28
2025,11,LSU,1639.8,29
2025,11,South Florida,1637.2,30
2025,11,Pittsburgh,1635.4,31
2025,11,UNLV,1627.7,32
2025,11,North Texas,1627.7,33
2025,11,Tulane,1626.1,34
2025,11,Illinois,1623.1,35
2025,11,Cincinnati,1620.9,36
2025,11,Clemson,1620.7,37
2025,11,Nebraska,1610.2,38
2025,11,Duke,1604.4,39
2025,11,Virginia,1604.2,40
2025,11,Penn State,1602.7,41
2025,11,Boise State,1599.7,42
2025,11,Navy,1597.5,43
2025,11,Houston,1590.4,44
2025,11,Minnesota,1584.3,45
2025,11,Kansas State,1580.3,46
2025,11,Arizona,1580.3,47
2025,11,Iowa State,1578.3,48
2025,11,Baylor,1569.0,49
2025,11,San Diego State,1562.7,50
2025,11,Ohio,1557.7,51
2025,11,East Carolina,1557.6,52
2025,11,NC State,1553.8,53
2025,11,Auburn,1549.0,54
2025,11,UConn,1548.8,55
2025,11,Hawai'i,1538.4,56
2025,11,South Carolina,1537.8,57
2025,11,Old Dominion,1536.5,58
2025,11,Florida,1535.3,59
2025,11,Kentucky,1532.5,60
2025,11,Kansas,1530.8,61
2025,11,Fresno State,1528.6,62
2025,11,Southern Miss,1526.0,63
2025,11,Rutgers,1521.3,64
2025,11,Miami (OH),1518.2,65
2025,11,Florida State,1509.8,66
2025,11,Western Kentucky,1509.3,67
2025,11,Toledo,1505.7,68
2025,11,Marshall,1504.5,69
2025,11,Mississippi State,1503.7,70
2025,11,Coastal Carolina,1502.7,71
2025,11,Wake Forest,1502.2,72
2025,11,New Mexico,1501.2,73
2025,11,Troy,1499.4,74
2025,11,Northwestern,1497.3,75
2025,11,California,1497.2,76
2025,11,Jacksonville State,1492.2,77
2025,11,Maryland,1485.6,78
2025,11,UTSA,1483.5,79
2025,11,Washington State,1480.7,80
2025,11,North Carolina,1475.7,81
2025,11,UCF,1469.0,82
2025,11,Kennesaw State,1467.0,83
2025,11,Arkansas,1466.5,84
2025,11,West Virginia,1461.9,85
2025,11,Western Michigan,1459.0,86
2025,11,Louisiana,1455.6,87
2025,11,Louisiana Tech,1455.2,88
2025,11,Wisconsin,1454.3,89
2025,11,Army,1453.3,90
2025,11,Buffalo,1447.7,91
2025,11,Colorado,1446.6,92
2025,11,Utah State,1445.0,93
2025,11,Texas State,1444.8,94
2025,11,UCLA,1444.4,95
2025,11,Liberty,1428.9,96
2025,11,Georgia Southern,1428.6,97
2025,11,Syracuse,1424.4,98
2025,11,Michigan State,1422.9,99
2025,11,Arkansas State,1418.0,100
2025,11,App State,1417.1,101
2025,11,Central Michigan,1415.8,102
2025,11,Temple,1412.5,103
2025,11,San José State,1404.4,104
2025,11,Wyoming,1402.8,105
2025,11,Missouri State,1402.1,106
2025,11,Stanford,1401.7,107
2025,11,Florida Atlantic,1399.1,108
2025,11,Virginia Tech,1399.1,109
2025,11,Florida International,1382.8,110
2025,11,Rice,1375.7,111
2025,11,Delaware,1373.2,112
2025,11,Air Force,1363.9,113
2025,11,South Alabama,1350.9,114
2025,11,Ball State,1348.9,115
2025,11,Purdue,1347.2,116
2025,11,Akron,1345.9,117
2025,11,Colorado State,1342.5,118
2025,11,UAB,1333.2,119
2025,11,Bowling Green,1331.4,120
2025,11,Eastern Michigan,1330.4,121
2025,11,Boston College,1329.3,122
2025,11,Northern Illinois,1327.2,123
2025,11,Oregon State,1326.6,124
2025,11,New Mexico State,1302.2,125
2025,11,UL Monroe,1302.2,126
2025,11,Oklahoma State,1291.5,127
2025,11,Tulsa,1291.0,128
2025,11,Kent State,1280.9,129
2025,11,UTEP,1275.3,130
2025,11,Sam Houston,1273.6,131
2025,11,Nevada,1257.5,132
2025,11,Georgia State,1251.2,133
2025,11,Charlotte,1216.7,134
2025,11,Middle Tennessee,1175.2,135
2025,11,Massachusetts,1145.8,136
2025,12,Ohio State,1887.0,1
2025,12,Georgia,1856.8,2
2025,12,Notre Dame,1841.6,3
2025,12,Oregon,1834.0,4
2025,12,Texas A&M,1821.6,5
2025,12,Indiana,1819.3,6
2025,12,Ole Miss,1797.4,7
2025,12,Alabama,1791.1,8
2025,12,Texas Tech,1789.2,9
2025,12,Utah,1751.8,10
2025,12,BYU,1744.0,11
2025,12,Miami,1740.1,12
2025,12,Texas,1736.0,13
2025,12,USC,1732.9,14
2025,12,Oklahoma,1730.7,15
2025,12,SMU,1708.7,16
2025,12,Vanderbilt,1704.9,17
2025,12,James Madison,1701.9,18
2025,12,Michigan,1697.4,19
2025,12,Tennessee,1695.3,20
2025,12,Missouri,1666.2,21
2025,12,Georgia Tech,1663.2,22
2025,12,Louisville,1661.7,23
2025,12,Iowa,1656.3,24
2025,12,Arizona State,1651.8,25
2025,12,Washington,1648.6,26
2025,12,North Texas,1646.9,27
2025,12,Virginia,1644.1,28
2025,12,LSU,1642.8,29
2025,12,Illinois,1638.5,30
2025,12,Tulane,1634.3,31
2025,12,UNLV,1633.5,32
2025,12,Clemson,1631.2,33
2025,12,Penn State,1628.1,34
2025,12,Memphis,1624.3,35
2025,12,South Florida,1622.0,36
2025,12,TCU,1621.9,37
2025,12,Navy,1612.8,38
2025,12,Nebraska,1610.2,39
2025,12,Arizona,1609.2,40
2025,12,Pittsburgh,1608.3,41
2025,12,Kansas State,1593.0,42
2025,12,Cincinnati,1592.1,43
2025,12,Houston,1590.4,44
2025,12,San Diego State,1588.8,45
2025,12,East Carolina,1578.4,46
2025,12,Iowa State,1578.3,47
2025,12,Minnesota,1573.7,48
2025,12,Boise State,1573.5,49
2025,12,Old Dominion,1565.4,50
2025,12,Duke,1564.5,51
2025,12,UConn,1558.7,52
2025,12,Kentucky,1551.0,53
2025,12,Toledo,1549.3,54
2025,12,Auburn,1549.0,55
2025,12,Fresno State,1545.7,56
2025,12,Hawai'i,1538.4,57
2025,12,NC State,1538.0,58
2025,12,Baylor,1537.5,59
2025,12,South Carolina,1536.1,60
2025,12,Ohio,1536.1,61
2025,12,Kansas,1530.8,62
2025,12,Florida,1528.4,63
2025,12,Florida State,1527.8,64
2025,12,Wake Forest,1526.4,65
2025,12,Marshall,1521.5,66
2025,12,Rutgers,1521.3,67
2025,12,Western Kentucky,1514.6,68
2025,12,Jacksonville State,1512.0,69
2025,12,Washington State,1508.6,70
2025,12,New Mexico,1507.8,71
2025,12,UTSA,1502.9,72
2025,12,Texas State,1497.2,73
2025,12,California,1497.2,74
2025,12,Northwestern,1490.2,75
2025,12,Mississippi State,1488.1,76
2025,12,Coastal Carolina,1480.5,77
2025,12,Western Michigan,1480.5,78
2025,12,Miami (OH),1474.5,79
2025,12,Southern Miss,1473.6,80
2025,12,Troy,1470.5,81
2025,12,Maryland,1470.2,82
2025,12,Arkansas,1463.5,83
2025,12,UCF,1461.3,84
2025,12,West Virginia,1457.3,85
2025,12,Louisiana,1455.6,86
2025,12,Army,1453.3,87
2025,12,North Carolina,1451.4,88
2025,12,Georgia Southern,1450.8,89
2025,12,Wisconsin,1449.1,90
2025,12,Central Michigan,1447.8,91
2025,12,Kennesaw State,1447.2,92
2025,12,Colorado,1446.6,93
2025,12,UCLA,1440.7,94
2025,12,Utah State,1439.2,95
2025,12,Louisiana Tech,1427.2,96
2025,12,Syracuse,1424.4,97
2025,12,Arkansas State,1418.0,98
2025,12,Missouri State,1417.0,99
2025,12,Buffalo,1415.6,100
2025,12,Temple,1412.5,101
2025,12,App State,1407.1,102
2025,12,Florida International,1406.2,103
2025,12,Liberty,1405.5,104
2025,12,Stanford,1401.7,105
2025,12,Michigan State,1397.5,106
2025,12,Florida Atlantic,1390.9,107
2025,12,Wyoming,1385.7,108
2025,12,South Alabama,1382.9,109
2025,12,Virginia Tech,1381.1,110
2025,12,Rice,1375.7,111
2025,12,Eastern Michigan,1370.1,112
2025,12,Northern Illinois,1359.5,113
2025,12,Air Force,1353.9,114
2025,12,Delaware,1350.9,115
2025,12,San José State,1345.6,116
2025,12,Purdue,1338.8,117
2025,12,Colorado State,1336.0,118
2025,12,Bowling Green,1331.4,119
2025,12,Boston College,1323.9,120
2025,12,Tulsa,1322.3,121
2025,12,Nevada,1316.3,122
2025,12,UAB,1314.0,123
2025,12,Akron,1313.9,124
2025,12,Kent State,1312.9,125
2025,12,Ball State,1309.3,126
2025,12,New Mexico State,1297.4,127
2025,12,Sam Houston,1295.9,128
2025,12,Oregon State,1295.2,129
2025,12,Oklahoma State,1278.9,130
2025,12,UL Monroe,1270.2,131
2025,12,UTEP,1260.5,132
2025,12,Georgia State,1234.2,133
2025,12,Charlotte,1197.2,134
2025,12,Middle Tennessee,1170.0,135
2025,12,Massachusetts,1113.5,136
2025,13,Ohio State,1892.4,1
2025,13,Georgia,1857.8,2
2025,13,Oregon,1851.1,3
2025,13,Notre Dame,1846.4,4
2025,13,Texas A&M,1821.8,5
2025,13,Indiana,1819.3,6
2025,13,Ole Miss,1797.4,7
2025,13,Alabama,1791.7,8
2025,13,Texas Tech,1789.2,9
2025,13,BYU,1768.2,10
2025,13,Utah,1759.3,11
2025,13,Miami,1752.6,12
2025,13,Oklahoma,1748.8,13
2025,13,Texas,1743.2,14
2025,13,SMU,1736.1,15
2025,13,Tennessee,1722.7,16
2025,13,Vanderbilt,1721.2,17
2025,13,Michigan,1721.2,18
2025,13,USC,1715.8,19
2025,13,James Madison,1708.3,20
2025,13,Arizona State,1677.6,21
2025,13,Washington,1676.4,22
2025,13,North Texas,1668.6,23
2025,13,Iowa,1660.2,24
2025,13,Tulane,1658.3,25
2025,13,Penn State,1657.6,26
2025,13,UNLV,1655.0,27
2025,13,LSU,1650.4,28
2025,13,Pittsburgh,1649.3,29
2025,13,Missouri,1648.0,30
2025,13,Virginia,1644.1,31
2025,13,South Florida,1640.3,32
2025,13,TCU,1639.8,33
2025,13,Louisville,1634.2,34
2025,13,Clemson,1633.6,35
2025,13,Arizona,1631.9,36
2025,13,Memphis,1624.3,37
2025,13,Georgia Tech,1622.1,38
2025,13,Navy,1612.8,39
2025,13,Iowa State,1603.5,40
2025,13,Old Dominion,1603.1,41
2025,13,San Diego State,1598.4,42
2025,13,Illinois,1589.1,43
2025,13,Duke,1586.5,44
2025,13,Kansas State,1585.4,45
2025,13,Boise State,1584.1,46
2025,13,Nebraska,1580.7,47
2025,13,Houston,1572.4,48
2025,13,UConn,1571.1,49
2025,13,Cincinnati,1567.9,50
2025,13,South Carolina,1564.9,51
2025,13,Auburn,1564.4,52
2025,13,Toledo,1559.9,53
2025,13,NC State,1559.9,54
2025,13,Minnesota,1552.3,55
2025,13,UTSA,1547.1,56
2025,13,Wake Forest,1542.3,57
2025,13,Ohio,1539.9,58
2025,13,New Mexico,1534.9,59
2025,13,Kentucky,1534.7,60
2025,13,East Carolina,1534.2,61
2025,13,Hawai'i,1517.0,62
2025,13,Rutgers,1515.8,63
2025,13,Baylor,1514.8,64
2025,13,Northwestern,1511.5,65
2025,13,Western Michigan,1509.8,66
2025,13,Miami (OH),1509.7,67
2025,13,Western Kentucky,1507.0,68
2025,13,Texas State,1506.8,69
2025,13,Marshall,1506.1,70
2025,13,Florida State,1505.9,71
2025,13,Kansas,1505.5,72
2025,13,Fresno State,1505.4,73
2025,13,Washington State,1502.3,74
2025,13,Florida,1501.0,75
2025,13,Wisconsin,1498.5,76
2025,13,Mississippi State,1488.1,77
2025,13,Jacksonville State,1485.4,78
2025,13,Utah State,1479.5,79
2025,13,Troy,1478.7,80
2025,13,Louisiana,1476.2,81
2025,13,Central Michigan,1473.3,82
2025,13,UCF,1467.1,83
2025,13,Kennesaw State,1464.7,84
2025,13,West Virginia,1457.3,85
2025,13,Arkansas,1456.3,86
2025,13,California,1456.3,87
2025,13,Coastal Carolina,1451.7,88
2025,13,Southern Miss,1446.5,89
2025,13,Maryland,1446.4,90
2025,13,Louisiana Tech,1444.2,91
2025,13,Stanford,1442.6,92
2025,13,Army,1441.7,93
2025,13,Florida International,1432.8,94
2025,13,North Carolina,1429.4,95
2025,13,App State,1422.5,96
2025,13,Colorado,1420.8,97
2025,13,Syracuse,1419.6,98
2025,13,Georgia Southern,1413.0,99
2025,13,UCLA,1412.8,100
2025,13,South Alabama,1410.0,101
2025,13,Missouri State,1399.4,102
2025,13,Arkansas State,1397.4,103
2025,13,Michigan State,1393.6,104
2025,13,Liberty,1388.6,105
2025,13,Temple,1388.5,106
2025,13,Buffalo,1380.4,107
2025,13,Florida Atlantic,1378.4,108
2025,13,Eastern Michigan,1370.1,109
2025,13,Virginia Tech,1368.6,110
2025,13,Wyoming,1355.6,111
2025,13,Rice,1354.1,112
2025,13,Nevada,1346.4,113
2025,13,Purdue,1338.8,114
2025,13,San José State,1336.0,115
2025,13,Delaware,1335.1,116
2025,13,Tulsa,1333.8,117
2025,13,Akron,1333.7,118
2025,13,Northern Illinois,1330.1,119
2025,13,Air Force,1326.8,120
2025,13,Colorado State,1325.4,121
2025,13,Boston College,1323.9,122
2025,13,New Mexico State,1315.2,123
2025,13,Bowling Green,1311.6,124
2025,13,Ball State,1298.8,125
2025,13,UAB,1295.6,126
2025,13,Oregon State,1295.2,127
2025,13,Kent State,1287.4,128
2025,13,Oklahoma State,1273.1,129
2025,13,UL Monroe,1260.6,130
2025,13,Sam Houston,1256.6,131
2025,13,UTEP,1242.7,132
2025,13,Georgia State,1226.0,133
2025,13,Middle Tennessee,1209.2,134
2025,13,Charlotte,1196.2,135
2025,13,Massachusetts,1109.7,136
2025,14,Ohio State,1918.5,1
2025,14,Oregon,1873.6,2
2025,14,Georgia,1869.2,3
2025,14,Notre Dame,1858.4,4
2025,14,Indiana,1829.2,5
2025,14,Ole Miss,1813.3,6
2025,14,Texas Tech,1808.1,7
2025,14,Alabama,1806.9,8
2025,14,Texas A&M,1791.7,9
2025,14,Miami,1790.3,10
2025,14,Utah,1775.2,11
2025,14,BYU,1775.0,12
2025,14,Texas,1773.3,13
2025,14,Vanderbilt,1764.0,14
2025,14,Oklahoma,1758.9,15
2025,14,James Madison,1733.9,16
2025,14,USC,1722.4,17
2025,14,SMU,1707.6,18
2025,14,Iowa,1697.5,19
2025,14,Michigan,1695.1,20
2025,14,Tennessee,1679.9,21
2025,14,North Texas,1676.9,22
2025,14,Arizona,1674.3,23
2025,14,Penn State,1673.3,24
2025,14,UNLV,1672.3,25
2025,14,Missouri,1670.5,26
2025,14,Clemson,1665.8,27
2025,14,TCU,1662.0,28
2025,14,Tulane,1661.3,29
2025,14,Louisville,1657.5,30
2025,14,Washington,1653.9,31
2025,14,Virginia,1652.0,32
2025,14,South Florida,1649.8,33
2025,14,Navy,1647.8,34
2025,14,LSU,1640.3,35
2025,14,Arizona State,1635.2,36
2025,14,Iowa State,1613.6,37
2025,14,Pittsburgh,1611.7,38
2025,14,Georgia Tech,1610.7,39
2025,14,Duke,1609.5,40
2025,14,Old Dominion,1607.3,41
2025,14,Illinois,1603.4,42
2025,14,Houston,1597.8,43
2025,14,Kansas State,1596.4,44
2025,14,Toledo,1593.4,45
2025,14,Boise State,1591.6,46
2025,14,Memphis,1589.2,47
2025,14,NC State,1577.0,48
2025,14,San Diego State,1575.2,49
2025,14,UConn,1571.1,50
2025,14,Minnesota,1570.6,51
2025,14,East Carolina,1568.6,52
2025,14,New Mexico,1558.1,53
2025,14,Ohio,1556.4,54
2025,14,Auburn,1549.2,55
2025,14,Cincinnati,1545.7,56
2025,14,Nebraska,1543.5,57
2025,14,Fresno State,1535.1,58
2025,14,Western Michigan,1533.3,59
2025,14,South Carolina,1532.7,60
2025,14,Hawai'i,1531.1,61
2025,14,Florida,1530.0,62
2025,14,Texas State,1526.9,63
2025,14,UTSA,1524.6,64
2025,14,Miami (OH),1520.9,65
2025,14,Wake Forest,1519.3,66
2025,14,Washington State,1514.1,67
2025,14,Kentucky,1511.4,68
2025,14,Troy,1509.7,69
2025,14,Rutgers,1500.1,70
2025,14,Jacksonville State,1499.7,71
2025,14,Northwestern,1497.2,72
2025,14,Western Kentucky,1492.7,73
2025,14,Kansas,1489.6,74
2025,14,Baylor,1489.4,75
2025,14,Kennesaw State,1487.4,76
2025,14,California,1484.8,77
2025,14,Louisiana,1481.1,78
2025,14,Wisconsin,1480.2,79
2025,14,Marshall,1477.5,80
2025,14,Florida State,1476.9,81
2025,14,Louisiana Tech,1476.4,82
2025,14,Mississippi State,1472.2,83
2025,14,Utah State,1472.0,84
2025,14,Army,1464.2,85
2025,14,UCF,1460.3,86
2025,14,Florida International,1458.6,87
2025,14,Georgia Southern,1441.6,88
2025,14,Central Michigan,1439.8,89
2025,14,West Virginia,1438.4,90
2025,14,Arkansas,1433.8,91
2025,14,Stanford,1430.6,92
2025,14,Michigan State,1427.5,93
2025,14,Coastal Carolina,1426.0,94
2025,14,Southern Miss,1415.5,95
2025,14,Maryland,1412.5,96
2025,14,App State,1412.4,97
2025,14,North Carolina,1412.3,98
2025,14,Colorado,1409.8,99
2025,14,Arkansas State,1407.4,100
2025,14,UCLA,1406.2,101
2025,14,South Alabama,1389.9,102
2025,14,Temple,1380.2,103
2025,14,Boston College,1374.1,104
2025,14,Air Force,1369.4,105
2025,14,Syracuse,1369.3,106
2025,14,Missouri State,1367.2,107
2025,14,Liberty,1365.9,108
2025,14,Buffalo,1363.9,109
2025,14,Virginia Tech,1360.8,110
2025,14,Delaware,1357.2,111
2025,14,Eastern Michigan,1346.6,112
2025,14,Rice,1344.6,113
2025,14,Florida Atlantic,1344.0,114
2025,14,Wyoming,1341.5,115
2025,14,Bowling Green,1339.3,116
2025,14,Akron,1333.7,117
2025,14,Nevada,1329.0,118
2025,14,Purdue,1328.9,119
2025,14,UAB,1326.3,120
2025,14,Kent State,1311.4,121
2025,14,San José State,1306.3,122
2025,14,Northern Illinois,1306.2,123
2025,14,Tulsa,1303.1,124
2025,14,Ball State,1287.6,125
2025,14,Oregon State,1283.4,126
2025,14,Colorado State,1282.8,127
2025,14,New Mexico State,1281.5,128
2025,14,Oklahoma State,1262.9,129
2025,14,UL Monroe,1255.7,130
2025,14,Middle Tennessee,1242.9,131
2025,14,Sam Houston,1230.8,132
2025,14,Georgia State,1221.8,133
2025,14,UTEP,1220.6,134
2025,14,Charlotte,1193.3,135
2025,14,Massachusetts,1082.0,136
2025,15,Georgia,1900.6,1
2025,15,Ohio State,1898.5,2
2025,15,Oregon,1873.6,3
2025,15,Notre Dame,1858.4,4
2025,15,Indiana,1849.2,5
2025,15,Texas Tech,1843.7,6
2025,15,Ole Miss,1813.3,7
2025,15,Texas A&M,1791.7,8
2025,15,Miami,1790.3,9
2025,15,Alabama,1775.5,10
2025,15,Utah,1775.2,11
2025,15,Texas,1773.3,12
2025,15,Vanderbilt,1764.0,13
2025,15,Oklahoma,1758.9,14
2025,15,James Madison,1743.7,15
2025,15,BYU,1739.3,16
2025,15,USC,1722.4,17
2025,15,SMU,1707.6,18
2025,15,Iowa,1697.5,19
2025,15,Michigan,1695.1,20
2025,15,Tulane,1687.9,21
2025,15,Tennessee,1679.9,22
2025,15,Arizona,1674.3,23
2025,15,Penn State,1673.3,24
2025,15,Missouri,1670.5,25
2025,15,Clemson,1665.8,26
2025,15,TCU,1662.0,27
2025,15,Louisville,1657.5,28
2025,15,Washington,1653.9,29
2025,15,North Texas,1650.3,30
2025,15,South Florida,1649.8,31
2025,15,Navy,1647.8,32
2025,15,LSU,1640.3,33
2025,15,Duke,1636.9,34
2025,15,UNLV,1635.8,35
2025,15,Arizona State,1635.2,36
2025,15,Boise State,1628.1,37
2025,15,Virginia,1624.5,38
2025,15,Iowa State,1613.6,39
2025,15,Pittsburgh,1611.7,40
2025,15,Georgia Tech,1610.7,41
2025,15,Old Dominion,1607.3,42
2025,15,Illinois,1603.4,43
2025,15,Houston,1597.8,44
2025,15,Kansas State,1596.4,45
2025,15,Toledo,1593.4,46
2025,15,Memphis,1589.2,47
2025,15,NC State,1577.0,48
2025,15,San Diego State,1575.2,49
2025,15,UConn,1571.1,50
2025,15,Minnesota,1570.6,51
2025,15,East Carolina,1568.6,52
2025,15,Western Michigan,1560.9,53
2025,15,New Mexico,1558.1,54
2025,15,Ohio,1556.4,55
2025,15,Auburn,1549.2,56
2025,15,Cincinnati,1545.7,57
2025,15,Nebraska,1543.5,58
2025,15,Fresno State,1535.1,59
2025,15,South Carolina,1532.7,60
2025,15,Hawai'i,1531.1,61
2025,15,Florida,1530.0,62
2025,15,Texas State,1526.9,63
2025,15,UTSA,1524.6,64
2025,15,Wake Forest,1519.3,65
2025,15,Washington State,1514.1,66
2025,15,Kentucky,1511.4,67
2025,15,Kennesaw State,1510.2,68
2025,15,Rutgers,1500.1,69
2025,15,Troy,1499.9,70
2025,15,Northwestern,1497.2,71
2025,15,Miami (OH),1493.3,72
2025,15,Western Kentucky,1492.7,73
2025,15,Kansas,1489.6,74
2025,15,Baylor,1489.4,75
2025,15,California,1484.8,76
2025,15,Louisiana,1481.1,77
2025,15,Wisconsin,1480.2,78
2025,15,Marshall,1477.5,79
2025,15,Jacksonville State,1477.0,80
2025,15,Florida State,1476.9,81
2025,15,Louisiana Tech,1476.4,82
2025,15,Mississippi State,1472.2,83
2025,15,Utah State,1472.0,84
2025,15,Army,1464.2,85
2025,15,UCF,1460.3,86
2025,15,Florida International,1458.6,87
2025,15,Georgia Southern,1441.6,88
2025,15,Central Michigan,1439.8,89
2025,15,West Virginia,1438.4,90
2025,15,Arkansas,1433.8,91
2025,15,Stanford,1430.6,92
2025,15,Michigan State,1427.5,93
2025,15,Coastal Carolina,1426.0,94
2025,15,Southern Miss,1415.5,95
2025,15,Maryland,1412.5,96
2025,15,App State,1412.4,97
2025,15,North Carolina,1412.3,98
2025,15,Colorado,1409.8,99
2025,15,Arkansas State,1407.4,100
2025,15,UCLA,1406.2,101
2025,15,South Alabama,1389.9,102
2025,15,Temple,1380.2,103
2025,15,Boston College,1374.1,104
2025,15,Air Force,1369.4,105
2025,15,Syracuse,1369.3,106
2025,15,Missouri State,1367.2,107
2025,15,Liberty,1365.9,108
2025,15,Buffalo,1363.9,109
2025,15,Virginia Tech,1360.8,110
2025,15,Delaware,1357.2,111
2025,15,Eastern Michigan,1346.6,112
2025,15,Rice,1344.6,113
2025,15,Florida Atlantic,1344.0,114
2025,15,Wyoming,1341.5,115
2025,15,Bowling Green,1339.3,116
2025,15,Akron,1333.7,117
2025,15,Nevada,1329.0,118
2025,15,Purdue,1328.9,119
2025,15,UAB,1326.3,120
2025,15,Kent State,1311.4,121
2025,15,San José State,1306.3,122
2025,15,Northern Illinois,1306.2,123
2025,15,Tulsa,1303.1,124
2025,15,Ball State,1287.6,125
2025,15,Oregon State,1283.4,126
2025,15,Colorado State,1282.8,127
2025,15,New Mexico State,1281.5,128
2025,15,Oklahoma State,1262.9,129
2025,15,UL Monroe,1255.7,130
2025,15,Middle Tennessee,1242.9,131
2025,15,Sam Houston,1230.8,132
2025,15,Georgia State,1221.8,133
2025,15,UTEP,1220.6,134
2025,15,Charlotte,1193.3,135
2025,15,Massachusetts,1082.0,136
2025,16,Georgia,1900.6,1
2025,16,Ohio State,1898.5,2
2025,16,Oregon,1873.6,3
2025,16,Notre Dame,1858.4,4
2025,16,Indiana,1849.2,5
2025,16,Texas Tech,1843.7,6
2025,16,Ole Miss,1813.3,7
2025,16,Texas A&M,1791.7,8
2025,16,Miami,1790.3,9
2025,16,Alabama,1775.5,10
2025,16,Utah,1775.2,11
2025,16,Texas,1773.3,12
2025,16,Vanderbilt,1764.0,13
2025,16,Oklahoma,1758.9,14
2025,16,James Madison,1743.7,15
2025,16,BYU,1739.3,16
2025,16,USC,1722.4,17
2025,16,SMU,1707.6,18
2025,16,Iowa,1697.5,19
2025,16,Michigan,1695.1,20
2025,16,Tulane,1687.9,21
2025,16,Tennessee,1679.9,22
2025,16,Arizona,1674.3,23
2025,16,Penn State,1673.3,24
2025,16,Missouri,1670.5,25
2025,16,Clemson,1665.8,26
2025,16,TCU,1662.0,27
2025,16,Louisville,1657.5,28
2025,16,Washington,1653.9,29
2025,16,Navy,1651.8,30
2025,16,North Texas,1650.3,31
2025,16,South Florida,1649.8,32
2025,16,LSU,1640.3,33
2025,16,Duke,1636.9,34
2025,16,UNLV,1635.8,35
2025,16,Arizona State,1635.2,36
2025,16,Boise State,1628.1,37
2025,16,Virginia,1624.5,38
2025,16,Iowa State,1613.6,39
2025,16,Pittsburgh,1611.7,40
2025,16,Georgia Tech,1610.7,41
2025,16,Old Dominion,1607.3,42
2025,16,Illinois,1603.4,43
2025,16,Houston,1597.8,44
2025,16,Kansas State,1596.4,45
2025,16,Toledo,1593.4,46
2025,16,Memphis,1589.2,47
2025,16,NC State,1577.0,48
2025,16,San Diego State,1575.2,49
2025,16,UConn,1571.1,50
2025,16,Minnesota,1570.6,51
2025,16,East Carolina,1568.6,52
2025,16,Western Michigan,1560.9,53
2025,16,New Mexico,1558.1,54
2025,16,Ohio,1556.4,55
2025,16,Auburn,1549.2,56
2025,16,Cincinnati,1545.7,57
2025,16,Nebraska,1543.5,58
2025,16,Fresno State,1535.1,59
2025,16,South Carolina,1532.7,60
2025,16,Hawai'i,1531.1,61
2025,16,Florida,1530.0,62
2025,16,Texas State,1526.9,63
2025,16,UTSA,1524.6,64
2025,16,Wake Forest,1519.3,65
2025,16,Washington State,1514.1,66
2025,16,Kentucky,1511.4,67
2025,16,Kennesaw State,1510.2,68
2025,16,Rutgers,1500.1,69
2025,16,Troy,1499.9,70
2025,16,Northwestern,1497.2,71
2025,16,Miami (OH),1493.3,72
2025,16,Western Kentucky,1492.7,73
2025,16,Kansas,1489.6,74
2025,16,Baylor,1489.4,75
2025,16,California,1484.8,76
2025,16,Louisiana,1481.1,77
2025,16,Wisconsin,1480.2,78
2025,16,Marshall,1477.5,79
2025,16,Jacksonville State,1477.0,80
2025,16,Florida State,1476.9,81
2025,16,Louisiana Tech,1476.4,82
2025,16,Mississippi State,1472.2,83
2025,16,Utah State,1472.0,84
2025,16,UCF,1460.3,85
2025,16,Army,1460.2,86
2025,16,Florida International,1458.6,87
2025,16,Georgia Southern,1441.6,88
2025,16,Central Michigan,1439.8,89
2025,16,West Virginia,1438.4,90
2025,16,Arkansas,1433.8,91
2025,16,Stanford,1430.6,92
2025,16,Michigan State,1427.5,93
2025,16,Coastal Carolina,1426.0,94
2025,16,Southern Miss,1415.5,95
2025,16,Maryland,1412.5,96
2025,16,App State,1412.4,97
2025,16,North Carolina,1412.3,98
2025,16,Colorado,1409.8,99
2025,16,Arkansas State,1407.4,100
2025,16,UCLA,1406.2,101
2025,16,South Alabama,1389.9,102
2025,16,Temple,1380.2,103
2025,16,Boston College,1374.1,104
2025,16,Air Force,1369.4,105
2025,16,Syracuse,1369.3,106
2025,16,Missouri State,1367.2,107
2025,16,Liberty,1365.9,108
2025,16,Buffalo,1363.9,109
2025,16,Virginia Tech,1360.8,110
2025,16,Delaware,1357.2,111
2025,16,Eastern Michigan,1346.6,112
2025,16,Rice,1344.6,113
2025,16,Florida Atlantic,1344.0,114
2025,16,Wyoming,1341.5,115
2025,16,Bowling Green,1339.3,116
2025,16,Akron,1333.7,117
2025,16,Nevada,1329.0,118
2025,16,Purdue,1328.9,119
2025,16,UAB,1326.3,120
2025,16,Kent State,1311.4,121
2025,16,San José State,1306.3,122
2025,16,Northern Illinois,1306.2,123
2025,16,Tulsa,1303.1,124
2025,16,Ball State,1287.6,125
2025,16,Oregon State,1283.4,126
2025,16,Colorado State,1282.8,127
2025,16,New Mexico State,1281.5,128
2025,16,Oklahoma State,1262.9,129
2025,16,UL Monroe,1255.7,130
2025,16,Middle Tennessee,1242.9,131
2025,16,Sam Houston,1230.8,132
2025,16,Georgia State,1221.8,133
2025,16,UTEP,1220.6,134
2025,16,Charlotte,1193.3,135
2025,16,Massachusetts,1082.0,136
2026,1,Georgia,1757.8,1
2026,1,Ohio State,1755.3,2
2026,1,Oregon,1751.9,3
2026,1,Notre Dame,1750.4,4
2026,1,Miami,1729.1,5
2026,1,Texas,1717.5,6
2026,1,Alabama,1716.4,7
2026,1,Ole Miss,1706.9,8
2026,1,Texas A&M,1705.5,9
2026,1,Indiana,1703.7,10
2026,1,USC,1689.0,11
2026,1,Texas Tech,1680.1,12
2026,1,LSU,1673.9,13
2026,1,Oklahoma,1670.5,14
2026,1,Michigan,1642.7,15
2026,1,SMU,1639.2,16
2026,1,Vanderbilt,1636.9,17
2026,1,Tennessee,1635.2,18
2026,1,Utah,1634.6,19
2026,1,Penn State,1632.7,20
2026,1,Iowa,1620.4,21
2026,1,Washington,1619.2,22
2026,1,BYU,1616.0,23
2026,1,Missouri,1614.8,24
2026,1,Virginia,1608.2,25
2026,1,James Madison,1606.8,26
2026,1,Memphis,1605.4,27
2026,1,Duke,1603.5,28
2026,1,South Florida,1596.8,29
2026,1,Pittsburgh,1593.1,30
2026,1,Arizona,1591.6,31
2026,1,Florida,1590.4,32
2026,1,Nebraska,1584.1,33
2026,1,South Carolina,1583.5,34
2026,1,Arizona State,1581.9,35
2026,1,Illinois,1576.5,36
2026,1,UNLV,1573.9,37
2026,1,Louisville,1569.8,38
2026,1,Houston,1568.7,39
2026,1,Auburn,1567.4,40
2026,1,Clemson,1565.2,41
2026,1,Kansas State,1564.7,42
2026,1,Iowa State,1558.4,43
2026,1,Minnesota,1555.5,44
2026,1,Georgia Tech,1551.4,45
2026,1,UCLA,1547.7,46
2026,1,TCU,1546.9,47
2026,1,Cincinnati,1544.1,48
2026,1,Mississippi State,1543.5,49
2026,1,New Mexico,1542.1,50
2026,1,Tulane,1542.0,51
2026,1,Kentucky,1540.5,52
2026,1,Boise State,1538.8,53
2026,1,Wake Forest,1538.2,54
2026,1,UConn,1536.5,55
2026,1,Old Dominion,1530.2,56
2026,1,San Diego State,1526.5,57
2026,1,North Texas,1522.2,58
2026,1,North Carolina,1521.2,59
2026,1,North Dakota State,1520.0,60
2026,1,UTSA,1518.9,61
2026,1,Florida State,1513.6,62
2026,1,Northwestern,1512.3,63
2026,1,Michigan State,1510.5,64
2026,1,NC State,1508.6,65
2026,1,Kansas,1505.7,66
2026,1,West Virginia,1505.6,67
2026,1,Western Michigan,1500.0,68
2026,1,Arkansas,1496.5,69
2026,1,East Carolina,1496.3,70
2026,1,Baylor,1496.1,71
2026,1,Troy,1494.3,72
2026,1,UCF,1493.9,73
2026,1,Colorado,1488.8,74
2026,1,Maryland,1487.5,75
2026,1,Wisconsin,1487.1,76
2026,1,Louisiana,1485.5,77
2026,1,Texas State,1478.0,78
2026,1,Fresno State,1476.4,79
2026,1,Toledo,1476.3,80
2026,1,Kennesaw State,1475.8,81
2026,1,Georgia Southern,1474.7,82
2026,1,Navy,1472.4,83
2026,1,Louisiana Tech,1471.8,84
2026,1,Washington State,1471.5,85
2026,1,Virginia Tech,1468.7,86
2026,1,Syracuse,1467.7,87
2026,1,Nevada,1464.7,88
2026,1,App State,1464.7,89
2026,1,Southern Miss,1464.1,90
2026,1,Stanford,1462.1,91
2026,1,Ohio,1453.9,92
2026,1,Temple,1453.3,93
2026,1,Florida International,1445.3,94
2026,1,Miami (OH),1444.1,95
2026,1,California,1443.2,96
2026,1,Marshall,1441.4,97
2026,1,Colorado State,1439.2,98
2026,1,Purdue,1438.9,99
2026,1,South Alabama,1438.0,100
2026,1,Tulsa,1437.1,101
2026,1,Jacksonville State,1436.8,102
2026,1,Rutgers,1432.2,103
2026,1,Rice,1428.5,104
2026,1,Army,1424.8,105
2026,1,San José State,1422.1,106
2026,1,Arkansas State,1420.4,107
2026,1,Buffalo,1419.1,108
2026,1,Coastal Carolina,1418.9,109
2026,1,Liberty,1415.9,110
2026,1,Western Kentucky,1413.8,111
2026,1,Boston College,1408.4,112
2026,1,Central Michigan,1404.7,113
2026,1,Delaware,1404.5,114
2026,1,Hawai'i,1403.7,115
2026,1,Missouri State,1397.6,116
2026,1,Eastern Michigan,1394.3,117
2026,1,Utah State,1389.2,118
2026,1,UAB,1384.1,119
2026,1,Florida Atlantic,1383.5,120
2026,1,Oregon State,1374.5,121
2026,1,Middle Tennessee,1373.7,122
2026,1,Air Force,1372.2,123
2026,1,Ball State,1370.2,124
2026,1,Akron,1369.2,125
2026,1,Georgia State,1368.8,126
2026,1,Northern Illinois,1362.5,127
2026,1,Oklahoma State,1354.8,128
2026,1,Kent State,1354.8,129
2026,1,Massachusetts,1353.5,130
2026,1,New Mexico State,1351.3,131
2026,1,Sacramento State,1351.2,132
2026,1,Wyoming,1351.0,133
2026,1,Bowling Green,1348.7,134
2026,1,UTEP,1340.7,135
2026,1,Sam Houston,1340.3,136
2026,1,UL Monroe,1325.1,137
2026,1,Charlotte,1309.8,138
2026,2,Georgia,1768.2,1
2026,2,Notre Dame,1762.2,2
2026,2,Alabama,1760.6,3
2026,2,Ohio State,1744.0,4
2026,2,Texas A&M,1733.7,5
2026,2,Miami,1731.8,6
2026,2,Texas,1728.9,7
2026,2,Ole Miss,1713.7,8
2026,2,Indiana,1706.7,9
2026,2,USC,1705.9,10
2026,2,Texas Tech,1700.2,11
2026,2,LSU,1693.6,12
2026,2,Tennessee,1688.3,13
2026,2,Michigan,1675.6,14
2026,2,Penn State,1670.8,15
2026,2,Oregon,1670.8,16
2026,2,Utah,1662.2,17
2026,2,Missouri,1661.2,18
2026,2,BYU,1648.2,19
2026,2,Vanderbilt,1648.1,20
2026,2,SMU,1647.4,21
2026,2,Oklahoma,1637.6,22
2026,2,Iowa,1635.7,23
2026,2,Duke,1635.1,24
2026,2,Washington,1624.6,25
2026,2,South Florida,1618.1,26
2026,2,Virginia,1615.5,27
2026,2,James Madison,1612.7,28
2026,2,Mississippi State,1612.5,29
2026,2,Pittsburgh,1609.9,30
2026,2,Nebraska,1602.8,31
2026,2,Auburn,1600.4,32
2026,2,Florida,1600.0,33
2026,2,Kansas State,1596.8,34
2026,2,Clemson,1592.3,35
2026,2,Boise State,1592.1,36
2026,2,South Carolina,1588.1,37
2026,2,UCLA,1586.3,38
2026,2,North Texas,1585.2,39
2026,2,Houston,1576.7,40
2026,2,Louisville,1575.8,41
2026,2,Maryland,1560.0,42
2026,2,Arizona,1559.5,43
2026,2,TCU,1559.3,44
2026,2,Tulane,1556.7,45
2026,2,Wake Forest,1556.3,46
2026,2,Arizona State,1553.7,47
2026,2,UTSA,1553.0,48
2026,2,Cincinnati,1552.6,49
2026,2,Memphis,1552.1,50
2026,2,North Dakota State,1547.9,51
2026,2,New Mexico,1547.7,52
2026,2,Illinois,1544.9,53
2026,2,Iowa State,1543.1,54
2026,2,Michigan State,1539.7,55
2026,2,North Carolina,1530.0,56
2026,2,NC State,1525.4,57
2026,2,Virginia Tech,1525.2,58
2026,2,West Virginia,1514.9,59
2026,2,Florida State,1513.6,60
2026,2,Northwestern,1512.3,61
2026,2,UNLV,1510.8,62
2026,2,Western Michigan,1508.6,63
2026,2,Fresno State,1508.4,64
2026,2,Baylor,1507.4,65
2026,2,Troy,1506.3,66
2026,2,Georgia Tech,1498.3,67
2026,2,Colorado,1497.4,68
2026,2,Kentucky,1496.4,69
2026,2,Wisconsin,1495.5,70
2026,2,App State,1495.1,71
2026,2,San Diego State,1487.9,72
2026,2,Minnesota,1486.5,73
2026,2,Toledo,1484.9,74
2026,2,Florida International,1479.2,75
2026,2,UCF,1477.1,76
2026,2,Old Dominion,1473.7,77
2026,2,California,1473.2,78
2026,2,Tulsa,1469.4,79
2026,2,Arkansas,1468.9,80
2026,2,Louisiana,1468.6,81
2026,2,Ohio,1468.5,82
2026,2,East Carolina,1465.9,83
2026,2,UConn,1464.0,84
2026,2,Stanford,1462.1,85
2026,2,Kansas,1459.3,86
2026,2,Marshall,1453.2,87
2026,2,Louisiana Tech,1452.1,88
2026,2,Colorado State,1451.9,89
2026,2,Miami (OH),1451.5,90
2026,2,Georgia Southern,1447.6,91
2026,2,Texas State,1443.9,92
2026,2,Boston College,1440.8,93
2026,2,Washington State,1439.4,94
2026,2,Syracuse,1437.7,95
2026,2,Oklahoma State,1435.9,96
2026,2,Georgia State,1434.8,97
2026,2,San José State,1434.4,98
2026,2,Hawai'i,1431.3,99
2026,2,Southern Miss,1431.1,100
2026,2,Arkansas State,1431.0,101
2026,2,Navy,1429.6,102
2026,2,Coastal Carolina,1429.6,103
2026,2,Florida Atlantic,1426.2,104
2026,2,South Alabama,1423.2,105
2026,2,Jacksonville State,1422.1,106
2026,2,Purdue,1420.8,107
2026,2,Liberty,1418.0,108
2026,2,Rice,1416.6,109
2026,2,Temple,1415.2,110
2026,2,Central Michigan,1413.7,111
2026,2,Missouri State,1412.8,112
2026,2,Kennesaw State,1409.8,113
2026,2,UAB,1405.9,114
2026,2,Army,1403.5,115
2026,2,Western Kentucky,1403.4,116
2026,2,Akron,1400.5,117
2026,2,Rutgers,1399.8,118
2026,2,Nevada,1395.3,119
2026,2,Delaware,1393.3,120
2026,2,Ball State,1386.6,121
2026,2,Buffalo,1385.2,122
2026,2,Utah State,1383.8,123
2026,2,Kent State,1378.6,124
2026,2,Massachusetts,1369.1,125
2026,2,Eastern Michigan,1365.1,126
2026,2,Middle Tennessee,1361.9,127
2026,2,Wyoming,1360.0,128
2026,2,UTEP,1359.7,129
2026,2,Oregon State,1354.4,130
2026,2,Air Force,1344.3,131
2026,2,Bowling Green,1330.0,132
2026,2,Northern Illinois,1324.6,133
2026,2,New Mexico State,1323.7,134
2026,2,Sacramento State,1319.2,135
2026,2,Sam Houston,1308.0,136
2026,2,UL Monroe,1303.3,137
2026,2,Charlotte,1303.0,138
2026,3,Georgia,1796.1,1
2026,3,Notre Dame,1777.0,2
2026,3,Alabama,1772.7,3
2026,3,Miami,1766.4,4
2026,3,Ohio State,1753.4,5
2026,3,Texas,1749.7,6
2026,3,Ole Miss,1742.6,7
2026,3,USC,1722.7,8
2026,3,Indiana,1718.8,9
2026,3,Texas Tech,1709.4,10
2026,3,Tennessee,1701.6,11
2026,3,Michigan,1686.6,12
2026,3,Penn State,1684.5,13
2026,3,BYU,1684.2,14
2026,3,Missouri,1678.4,15
2026,3,Utah,1675.5,16
2026,3,Oregon,1673.1,17
2026,3,Texas A&M,1669.1,18
2026,3,LSU,1664.7,19
2026,3,Vanderbilt,1661.6,20
2026,3,Oklahoma,1659.1,21
2026,3,Duke,1657.3,22
2026,3,Mississippi State,1653.6,23
2026,3,James Madison,1653.2,24
2026,3,Iowa,1640.6,25
2026,3,Florida,1637.2,26
2026,3,Washington,1628.4,27
2026,3,Pittsburgh,1627.8,28
2026,3,Kansas State,1627.0,29
2026,3,South Florida,1624.0,30
2026,3,Louisville,1619.9,31
2026,3,Clemson,1616.5,32
2026,3,Nebraska,1613.2,33
2026,3,UCLA,1604.8,34
2026,3,SMU,1603.3,35
2026,3,Boise State,1600.6,36
2026,3,TCU,1585.6,37
2026,3,Arizona State,1582.4,38
2026,3,Virginia Tech,1576.0,39
2026,3,Arizona,1575.1,40
2026,3,North Dakota State,1574.9,41
2026,3,West Virginia,1569.7,42
2026,3,Cincinnati,1567.6,43
2026,3,Houston,1567.5,44
2026,3,Iowa State,1564.0,45
2026,3,Auburn,1563.3,46
2026,3,Kentucky,1561.0,47
2026,3,Virginia,1560.7,48
2026,3,Northwestern,1560.1,49
2026,3,Fresno State,1558.3,50
2026,3,Memphis,1556.7,51
2026,3,Illinois,1554.5,52
2026,3,South Carolina,1547.0,53
2026,3,Western Michigan,1543.5,54
2026,3,Baylor,1540.3,55
2026,3,UTSA,1532.1,56
2026,3,UConn,1529.2,57
2026,3,Tulane,1526.6,58
2026,3,Wisconsin,1526.4,59
2026,3,New Mexico,1526.2,60
2026,3,Michigan State,1524.9,61
2026,3,North Texas,1523.8,62
2026,3,Minnesota,1521.9,63
2026,3,Wake Forest,1521.7,64
2026,3,NC State,1511.9,65
2026,3,UNLV,1510.8,66
2026,3,Georgia Tech,1509.8,67
2026,3,UCF,1509.6,68
2026,3,Maryland,1509.3,69
2026,3,App State,1505.8,70
2026,3,North Carolina,1505.7,71
2026,3,Texas State,1505.3,72
2026,3,Florida State,1501.4,73
2026,3,East Carolina,1495.0,74
2026,3,Toledo,1492.3,75
2026,3,Louisiana,1491.5,76
2026,3,Marshall,1490.3,77
2026,3,Troy,1489.1,78
2026,3,California,1483.6,79
2026,3,Tulsa,1479.6,80
2026,3,Liberty,1463.4,81
2026,3,Florida Atlantic,1459.8,82
2026,3,South Alabama,1453.4,83
2026,3,Colorado,1449.6,84
2026,3,Oklahoma State,1449.3,85
2026,3,Washington State,1448.6,86
2026,3,San Diego State,1447.4,87
2026,3,Jacksonville State,1447.4,88
2026,3,Boston College,1446.2,89
2026,3,Florida International,1445.6,90
2026,3,Central Michigan,1444.7,91
2026,3,Old Dominion,1444.5,92
2026,3,Arkansas,1441.0,93
2026,3,Stanford,1440.0,94
2026,3,Ohio,1438.4,95
2026,3,Miami (OH),1436.5,96
2026,3,Hawai'i,1431.3,97
2026,3,Kansas,1430.6,98
2026,3,Navy,1429.6,99
2026,3,Delaware,1429.2,100
2026,3,Georgia Southern,1422.4,101
2026,3,Syracuse,1419.8,102
2026,3,Louisiana Tech,1419.2,103
2026,3,Colorado State,1415.9,104
2026,3,Temple,1407.7,105
2026,3,Arkansas State,1404.7,106
2026,3,Army,1403.5,107
2026,3,Purdue,1402.3,108
2026,3,Georgia State,1402.2,109
2026,3,Kennesaw State,1396.5,110
2026,3,Middle Tennessee,1395.4,111
2026,3,Coastal Carolina,1393.8,112
2026,3,Western Kentucky,1391.3,113
2026,3,Oregon State,1386.0,114
2026,3,San José State,1384.5,115
2026,3,Massachusetts,1383.1,116
2026,3,Rutgers,1383.0,117
2026,3,UAB,1382.9,118
2026,3,Rice,1381.7,119
2026,3,Missouri State,1375.8,120
2026,3,Buffalo,1371.5,121
2026,3,Utah State,1370.4,122
2026,3,Kent State,1369.2,123
2026,3,Southern Miss,1365.9,124
2026,3,Akron,1365.1,125
2026,3,Nevada,1361.7,126
2026,3,UTEP,1348.7,127
2026,3,Sam Houston,1346.6,128
2026,3,Air Force,1344.3,129
2026,3,Ball State,1341.2,130
2026,3,Eastern Michigan,1334.3,131
2026,3,Wyoming,1328.9,132
2026,3,New Mexico State,1323.7,133
2026,3,Bowling Green,1309.1,134
2026,3,Northern Illinois,1309.0,135
2026,3,Sacramento State,1292.3,136
2026,3,Charlotte,1292.2,137
2026,3,UL Monroe,1267.5,138
