season,week,team,rating,rank
2019,1,Wisconsin,1581.0,1
2019,1,Syracuse,1566.7,2
2019,1,Georgia,1566.7,3
2019,1,Alabama,1566.4,4
2019,1,Utah,1561.0,5
2019,1,Notre Dame,1561.0,6
2019,1,Oklahoma State,1558.7,7
2019,1,Virginia,1558.7,8
2019,1,LSU,1556.6,9
2019,1,Washington State,1556.3,10
2019,1,Colorado,1555.6,11
2019,1,Illinois,1552.6,12
2019,1,Clemson,1552.2,13
2019,1,Texas A&M,1550.7,14
2019,1,Texas,1549.4,15
2019,1,Tulane,1548.0,16
2019,1,NC State,1548.0,17
2019,1,Rutgers,1547.5,18
2019,1,Ohio State,1545.9,19
2019,1,Iowa,1545.9,20
2019,1,Georgia State,1545.5,21
2019,1,Arizona State,1545.3,22
2019,1,Michigan State,1544.0,23
2019,1,Indiana,1543.2,24
2019,1,Mississippi State,1543.2,25
2019,1,Eastern Michigan,1543.1,26
2019,1,SMU,1543.1,27
2019,1,Michigan,1542.7,28
2019,1,Oklahoma,1542.0,29
2019,1,Kentucky,1538.6,30
2019,1,Nebraska,1538.6,31
2019,1,Boise State,1537.1,32
2019,1,Auburn,1535.0,33
2019,1,Cincinnati,1534.2,34
2019,1,Stanford,1534.2,35
2019,1,USC,1531.3,36
2019,1,Hawai'i,1529.6,37
2019,1,Army,1529.6,38
2019,1,Boston College,1529.6,39
2019,1,Florida,1529.0,40
2019,1,North Carolina,1529.0,41
2019,1,Wyoming,1527.7,42
2019,1,Memphis,1525.5,43
2019,1,Wake Forest,1519.8,44
2019,1,Nevada,1519.8,45
2019,1,Maryland,1511.2,46
2019,1,Penn State,1510.9,47
2019,1,UCF,1510.5,48
2019,1,Temple,1509.7,49
2019,1,Bowling Green,1509.6,50
2019,1,Marshall,1509.4,51
2019,1,Baylor,1509.4,52
2019,1,Navy,1509.3,53
2019,1,App State,1509.1,54
2019,1,Texas Tech,1509.1,55
2019,1,Western Michigan,1509.1,56
2019,1,Kansas State,1509.1,57
2019,1,Washington,1509.0,58
2019,1,UNLV,1509.0,59
2019,1,TCU,1508.9,60
2019,1,Troy,1508.7,61
2019,1,Buffalo,1508.6,62
2019,1,UTSA,1508.6,63
2019,1,Southern Miss,1508.6,64
2019,1,UL Monroe,1508.0,65
2019,1,Charlotte,1507.9,66
2019,1,Ohio,1507.9,67
2019,1,North Texas,1507.7,68
2019,1,Central Michigan,1507.4,69
2019,1,San José State,1507.4,70
2019,1,California,1506.9,71
2019,1,Northern Illinois,1506.9,72
2019,1,Air Force,1506.6,73
2019,1,New Mexico,1505.6,74
2019,1,Minnesota,1505.3,75
2019,1,Kansas,1505.3,76
2019,1,West Virginia,1505.3,77
2019,1,Arkansas,1505.3,78
2019,1,San Diego State,1505.0,79
2019,1,UAB,1504.6,80
2019,1,UConn,1503.5,81
2019,1,Iowa State,1503.5,82
2019,1,Old Dominion,1503.5,83
2019,1,UTEP,1502.8,84
2019,1,Utah State,1480.2,85
2019,1,Purdue,1480.2,86
2019,1,Ole Miss,1474.5,87
2019,1,Missouri,1472.3,88
2019,1,Miami,1471.0,89
2019,1,South Carolina,1471.0,90
2019,1,Arizona,1470.4,91
2019,1,Rice,1470.4,92
2019,1,Virginia Tech,1470.4,93
2019,1,Fresno State,1468.7,94
2019,1,UCLA,1465.8,95
2019,1,Northwestern,1465.8,96
2019,1,Oregon,1465.0,97
2019,1,Florida State,1462.9,98
2019,1,Toledo,1461.4,99
2019,1,South Alabama,1461.4,100
2019,1,Houston,1458.0,101
2019,1,Middle Tennessee,1457.3,102
2019,1,Coastal Carolina,1456.9,103
2019,1,Arkansas State,1456.9,104
2019,1,Ball State,1456.8,105
2019,1,Louisiana,1456.8,106
2019,1,Tulsa,1456.0,107
2019,1,Kent State,1454.7,108
2019,1,Tennessee,1454.5,109
2019,1,Florida Atlantic,1454.1,110
2019,1,Miami (OH),1454.1,111
2019,1,Massachusetts,1452.5,112
2019,1,Florida International,1452.0,113
2019,1,East Carolina,1452.0,114
2019,1,Louisiana Tech,1450.6,115
2019,1,Texas State,1449.3,116
2019,1,Georgia Tech,1447.8,117
2019,1,Akron,1447.4,118
2019,1,Colorado State,1444.4,119
2019,1,New Mexico State,1443.7,120
2019,1,Georgia Southern,1443.4,121
2019,1,Western Kentucky,1442.3,122
2019,1,Oregon State,1441.3,123
2019,1,Pittsburgh,1441.3,124
2019,1,BYU,1439.0,125
2019,1,Louisville,1439.0,126
2019,1,Duke,1433.6,127
2019,1,Liberty,1433.3,128
2019,1,Vanderbilt,1433.3,129
2019,1,South Florida,1419.0,130
2019,2,Wisconsin,1624.4,1
2019,2,Alabama,1599.8,2
2019,2,LSU,1599.1,3
2019,2,Ohio State,1597.1,4
2019,2,Iowa,1595.1,5
2019,2,Utah,1594.7,6
2019,2,Illinois,1593.6,7
2019,2,Clemson,1590.6,8
2019,2,Michigan State,1588.1,9
2019,2,Kentucky,1583.4,10
2019,2,Mississippi State,1582.6,11
2019,2,SMU,1581.9,12
2019,2,Auburn,1579.1,13
2019,2,USC,1578.3,14
2019,2,Maryland,1577.1,15
2019,2,Wake Forest,1576.6,16
2019,2,UCF,1575.9,17
2019,2,Georgia,1575.7,18
2019,2,Colorado,1574.1,19
2019,2,Wyoming,1567.8,20
2019,2,Virginia,1566.8,21
2019,2,Oklahoma State,1566.7,22
2019,2,Kansas State,1565.8,23
2019,2,Baylor,1565.0,24
2019,2,Boise State,1563.7,25
2019,2,Washington State,1563.0,26
2019,2,Michigan,1561.5,27
2019,2,Penn State,1560.3,28
2019,2,Texas Tech,1558.9,29
2019,2,NC State,1552.9,30
2019,2,Arizona State,1552.3,31
2019,2,Georgia State,1550.6,32
2019,2,UAB,1550.1,33
2019,2,Indiana,1549.5,34
2019,2,San Diego State,1549.0,35
2019,2,App State,1548.4,36
2019,2,Oklahoma,1547.8,37
2019,2,North Carolina,1544.6,38
2019,2,Hawai'i,1543.3,39
2019,2,Florida,1539.6,40
2019,2,Oregon,1539.3,41
2019,2,Boston College,1539.2,42
2019,2,Memphis,1532.0,43
2019,2,Minnesota,1531.9,44
2019,2,Arkansas State,1531.5,45
2019,2,Missouri,1528.1,46
2019,2,Tulsa,1522.5,47
2019,2,California,1521.3,48
2019,2,Nebraska,1520.1,49
2019,2,Ole Miss,1517.8,50
2019,2,Purdue,1515.0,51
2019,2,Virginia Tech,1514.0,52
2019,2,Texas A&M,1512.3,53
2019,2,Army,1510.9,54
2019,2,Texas,1506.9,55
2019,2,Tulane,1503.9,56
2019,2,Syracuse,1500.7,57
2019,2,Eastern Michigan,1498.3,58
2019,2,Rutgers,1498.2,59
2019,2,Coastal Carolina,1497.3,60
2019,2,Louisiana,1497.0,61
2019,2,UL Monroe,1496.3,62
2019,2,Utah State,1495.1,63
2019,2,Washington,1494.6,64
2019,2,Stanford,1487.2,65
2019,2,Pittsburgh,1484.7,66
2019,2,Western Kentucky,1483.4,67
2019,2,Cincinnati,1483.0,68
2019,2,Marshall,1482.8,69
2019,2,Arizona,1482.3,70
2019,2,South Carolina,1480.4,71
2019,2,Florida State,1474.5,72
2019,2,Northern Illinois,1473.2,73
2019,2,Houston,1471.9,74
2019,2,Southern Miss,1469.1,75
2019,2,North Texas,1468.9,76
2019,2,Middle Tennessee,1468.6,77
2019,2,BYU,1468.6,78
2019,2,Charlotte,1468.5,79
2019,2,South Alabama,1468.4,80
2019,2,Georgia Tech,1468.3,81
2019,2,Ball State,1466.1,82
2019,2,Miami (OH),1466.0,83
2019,2,Kansas,1465.0,84
2019,2,Western Michigan,1465.0,85
2019,2,Ohio,1464.5,86
2019,2,Central Michigan,1464.0,87
2019,2,East Carolina,1463.8,88
2019,2,UConn,1462.5,89
2019,2,Arkansas,1462.0,90
2019,2,Kent State,1461.0,91
2019,2,Old Dominion,1459.9,92
2019,2,Buffalo,1459.2,93
2019,2,Louisville,1457.1,94
2019,2,Louisiana Tech,1456.9,95
2019,2,Miami,1455.4,96
2019,2,Colorado State,1453.8,97
2019,2,Georgia Southern,1453.4,98
2019,2,UTSA,1453.0,99
2019,2,UTEP,1453.0,100
2019,2,Bowling Green,1452.9,101
2019,2,West Virginia,1449.4,102
2019,2,Duke,1447.9,103
2019,2,Nevada,1445.4,104
2019,2,Fresno State,1442.0,105
2019,2,San José State,1440.8,106
2019,2,UNLV,1434.4,107
2019,2,Oregon State,1427.7,108
2019,2,Tennessee,1424.9,109
2019,2,UCLA,1421.8,110
2019,2,Rice,1413.5,111
2019,2,Florida International,1411.0,112
2019,2,New Mexico State,1410.3,113
2019,2,Texas State,1409.2,114
2019,2,Akron,1401.9,115
2019,2,Vanderbilt,1398.6,116
2019,2,South Florida,1398.5,117
2019,2,Liberty,1393.2,118
2019,2,Florida Atlantic,1388.8,119
2019,2,Massachusetts,1362.2,120
2019,3,Ohio State,1667.2,1
2019,3,Clemson,1651.1,2
2019,3,Alabama,1650.0,3
2019,3,Georgia,1623.8,4
2019,3,Oklahoma State,1623.3,5
2019,3,Auburn,1610.8,6
2019,3,Kansas State,1610.2,7
2019,3,Iowa,1606.8,8
2019,3,Notre Dame,1606.2,9
2019,3,UCF,1604.8,10
2019,3,SMU,1604.5,11
2019,3,Oklahoma,1602.2,12
2019,3,LSU,1602.1,13
2019,3,Utah,1601.4,14
2019,3,Wake Forest,1601.0,15
2019,3,Memphis,1597.3,16
2019,3,San Diego State,1594.5,17
2019,3,Washington State,1592.0,18
2019,3,Florida,1588.7,19
2019,3,Virginia,1586.9,20
2019,3,Arizona State,1582.9,21
2019,3,Penn State,1582.0,22
2019,3,TCU,1573.7,23
2019,3,Boise State,1572.4,24
2019,3,Wyoming,1571.4,25
2019,3,Army,1564.8,26
2019,3,Nebraska,1562.7,27
2019,3,Illinois,1560.3,28
2019,3,Michigan State,1557.5,29
2019,3,Texas,1556.6,30
2019,3,Air Force,1554.8,31
2019,3,Washington,1554.1,32
2019,3,Oregon,1552.2,33
2019,3,Maryland,1552.0,34
2019,3,Navy,1550.8,35
2019,3,USC,1549.5,36
2019,3,Minnesota,1546.2,37
2019,3,California,1543.7,38
2019,3,Kansas,1540.2,39
2019,3,Western Michigan,1539.5,40
2019,3,Mississippi State,1538.2,41
2019,3,Missouri,1536.1,42
2019,3,Temple,1534.8,43
2019,3,Kentucky,1534.3,44
2019,3,Arizona,1533.0,45
2019,3,Eastern Michigan,1531.6,46
2019,3,Texas A&M,1526.7,47
2019,3,Louisiana Tech,1526.1,48
2019,3,Colorado,1526.0,49
2019,3,Ole Miss,1525.1,50
2019,3,Cincinnati,1524.8,51
2019,3,Virginia Tech,1520.3,52
2019,3,North Carolina,1520.2,53
2019,3,Duke,1516.3,54
2019,3,Louisville,1512.4,55
2019,3,Tulane,1511.8,56
2019,3,Coastal Carolina,1509.3,57
2019,3,Southern Miss,1508.9,58
2019,3,Texas Tech,1508.3,59
2019,3,West Virginia,1508.2,60
2019,3,Arkansas,1504.7,61
2019,3,Louisiana,1503.3,62
2019,3,Northwestern,1501.5,63
2019,3,Charlotte,1501.1,64
2019,3,Central Michigan,1498.1,65
2019,3,Marshall,1497.4,66
2019,3,BYU,1497.3,67
2019,3,NC State,1494.1,68
2019,3,Iowa State,1491.9,69
2019,3,Hawai'i,1483.7,70
2019,3,Arkansas State,1483.5,71
2019,3,Indiana,1479.4,72
2019,3,Toledo,1476.8,73
2019,3,Georgia State,1476.1,74
2019,3,Miami,1474.7,75
2019,3,Troy,1468.9,76
2019,3,Tulsa,1465.9,77
2019,3,Boston College,1464.0,78
2019,3,Pittsburgh,1463.0,79
2019,3,New Mexico,1460.4,80
2019,3,Stanford,1458.3,81
2019,3,Florida State,1454.4,82
2019,3,Nevada,1453.9,83
2019,3,Purdue,1450.2,84
2019,3,Ohio,1449.9,85
2019,3,North Texas,1446.5,86
2019,3,Liberty,1446.4,87
2019,3,Florida Atlantic,1445.1,88
2019,3,Houston,1442.9,89
2019,3,Oregon State,1441.1,90
2019,3,Syracuse,1440.1,91
2019,3,Georgia Southern,1439.1,92
2019,3,Tennessee,1438.2,93
2019,3,Northern Illinois,1430.6,94
2019,3,South Carolina,1430.2,95
2019,3,Georgia Tech,1429.7,96
2019,3,Kent State,1429.3,97
2019,3,Western Kentucky,1428.1,98
2019,3,Miami (OH),1424.2,99
2019,3,South Florida,1423.7,100
2019,3,East Carolina,1422.3,101
2019,3,Florida International,1420.8,102
2019,3,Colorado State,1411.1,103
2019,3,Ball State,1409.9,104
2019,3,Buffalo,1406.0,105
2019,3,South Alabama,1403.2,106
2019,3,Middle Tennessee,1400.2,107
2019,3,UTSA,1399.1,108
2019,3,UNLV,1398.7,109
2019,3,Texas State,1386.6,110
2019,3,Bowling Green,1383.7,111
2019,3,Akron,1367.7,112
2019,3,UCLA,1367.4,113
2019,3,New Mexico State,1364.8,114
2019,3,Rice,1363.8,115
2019,3,Massachusetts,1329.7,116
2019,4,Ohio State,1682.9,1
2019,4,Clemson,1673.3,2
2019,4,Alabama,1673.1,3
2019,4,Wisconsin,1658.5,4
2019,4,Georgia,1649.6,5
2019,4,LSU,1642.3,6
2019,4,Auburn,1640.9,7
2019,4,SMU,1631.5,8
2019,4,Michigan State,1614.4,9
2019,4,Florida,1609.1,10
2019,4,Wake Forest,1607.6,11
2019,4,Virginia,1607.4,12
2019,4,Boise State,1605.4,13
2019,4,Washington,1602.5,14
2019,4,Oklahoma State,1595.2,15
2019,4,UCF,1592.2,16
2019,4,Baylor,1591.4,17
2019,4,Oregon,1589.3,18
2019,4,Nebraska,1589.3,19
2019,4,Texas,1584.8,20
2019,4,Notre Dame,1580.3,21
2019,4,California,1578.8,22
2019,4,USC,1578.2,23
2019,4,UAB,1576.3,24
2019,4,App State,1575.6,25
2019,4,Utah,1572.7,26
2019,4,Mississippi State,1569.3,27
2019,4,Army,1569.2,28
2019,4,Missouri,1558.3,29
2019,4,Arizona State,1557.6,30
2019,4,Washington State,1557.5,31
2019,4,Colorado,1551.3,32
2019,4,Iowa State,1549.4,33
2019,4,Wyoming,1548.7,34
2019,4,Louisiana,1548.4,35
2019,4,San Diego State,1547.5,36
2019,4,TCU,1546.7,37
2019,4,Coastal Carolina,1546.1,38
2019,4,Louisiana Tech,1544.8,39
2019,4,Utah State,1542.0,40
2019,4,West Virginia,1539.7,41
2019,4,Eastern Michigan,1537.1,42
2019,4,Illinois,1533.8,43
2019,4,Tulane,1529.7,44
2019,4,Michigan,1527.4,45
2019,4,Indiana,1527.2,46
2019,4,Troy,1524.1,47
2019,4,Boston College,1523.6,48
2019,4,Air Force,1521.7,49
2019,4,NC State,1514.1,50
2019,4,Nevada,1512.5,51
2019,4,Toledo,1511.7,52
2019,4,Kansas,1508.8,53
2019,4,Kentucky,1503.2,54
2019,4,Miami,1497.0,55
2019,4,Texas A&M,1496.5,56
2019,4,Hawai'i,1495.9,57
2019,4,North Carolina,1493.0,58
2019,4,Arkansas State,1492.9,59
2019,4,Western Michigan,1491.4,60
2019,4,Ole Miss,1490.0,61
2019,4,Florida State,1489.4,62
2019,4,San José State,1488.7,63
2019,4,Tulsa,1488.6,64
2019,4,Syracuse,1488.3,65
2019,4,Southern Miss,1485.7,66
2019,4,North Texas,1481.9,67
2019,4,Charlotte,1478.9,68
2019,4,Louisville,1477.4,69
2019,4,Central Michigan,1475.8,70
2019,4,Pittsburgh,1475.6,71
2019,4,New Mexico,1473.6,72
2019,4,Temple,1472.8,73
2019,4,Buffalo,1468.1,74
2019,4,Kent State,1465.0,75
2019,4,Liberty,1459.2,76
2019,4,Fresno State,1457.7,77
2019,4,Arkansas,1456.8,78
2019,4,Georgia State,1454.5,79
2019,4,Florida Atlantic,1451.4,80
2019,4,BYU,1448.9,81
2019,4,Northwestern,1444.6,82
2019,4,Old Dominion,1439.4,83
2019,4,UL Monroe,1438.8,84
2019,4,Rutgers,1438.6,85
2019,4,East Carolina,1433.4,86
2019,4,Houston,1425.0,87
2019,4,Stanford,1421.2,88
2019,4,Tennessee,1417.8,89
2019,4,UConn,1414.7,90
2019,4,Miami (OH),1408.5,91
2019,4,Texas State,1408.2,92
2019,4,South Carolina,1408.1,93
2019,4,Ohio,1404.8,94
2019,4,Florida International,1402.1,95
2019,4,UCLA,1401.9,96
2019,4,UTEP,1394.4,97
2019,4,Ball State,1389.9,98
2019,4,South Alabama,1377.0,99
2019,4,Colorado State,1376.2,100
2019,4,UTSA,1363.7,101
2019,4,Vanderbilt,1358.4,102
2019,4,New Mexico State,1351.6,103
2019,4,Bowling Green,1348.0,104
2019,4,Rice,1337.4,105
2019,4,Akron,1312.5,106
2019,4,Massachusetts,1292.9,107
2019,5,Ohio State,1732.9,1
2019,5,Alabama,1690.0,2
2019,5,Clemson,1680.5,3
2019,5,Auburn,1670.9,4
2019,5,Wisconsin,1668.3,5
2019,5,SMU,1662.8,6
2019,5,Penn State,1645.8,7
2019,5,Michigan State,1632.6,8
2019,5,Oklahoma,1630.5,9
2019,5,Washington,1630.5,10
2019,5,Memphis,1627.6,11
2019,5,Oklahoma State,1627.0,12
2019,5,Wake Forest,1626.7,13
2019,5,Iowa,1623.8,14
2019,5,Florida,1616.4,15
2019,5,Notre Dame,1615.3,16
2019,5,UCF,1610.7,17
2019,5,Utah,1607.7,18
2019,5,App State,1606.0,19
2019,5,Baylor,1602.0,20
2019,5,Arizona State,1593.4,21
2019,5,TCU,1582.3,22
2019,5,Cincinnati,1582.2,23
2019,5,Louisiana,1582.2,24
2019,5,Kansas State,1578.4,25
2019,5,Duke,1576.1,26
2019,5,Minnesota,1573.9,27
2019,5,Virginia,1572.4,28
2019,5,Wyoming,1570.0,29
2019,5,Hawai'i,1563.4,30
2019,5,Michigan,1558.6,31
2019,5,Louisiana Tech,1557.9,32
2019,5,Utah State,1555.1,33
2019,5,Air Force,1550.6,34
2019,5,USC,1550.1,35
2019,5,California,1543.0,36
2019,5,Arizona,1541.9,37
2019,5,Mississippi State,1539.4,38
2019,5,Nebraska,1539.2,39
2019,5,Iowa State,1538.8,40
2019,5,UAB,1537.9,41
2019,5,Toledo,1530.1,42
2019,5,Arkansas State,1529.3,43
2019,5,Florida State,1526.2,44
2019,5,Washington State,1522.5,45
2019,5,Western Michigan,1521.8,46
2019,5,Navy,1520.5,47
2019,5,Texas A&M,1517.4,48
2019,5,Coastal Carolina,1515.8,49
2019,5,Indiana,1508.9,50
2019,5,Southern Miss,1508.6,51
2019,5,Boston College,1504.6,52
2019,5,Temple,1502.8,53
2019,5,Florida Atlantic,1502.6,54
2019,5,Syracuse,1495.1,55
2019,5,Fresno State,1491.9,56
2019,5,Maryland,1488.1,57
2019,5,Troy,1487.7,58
2019,5,North Carolina,1485.9,59
2019,5,Liberty,1484.2,60
2019,5,Houston,1481.4,61
2019,5,Texas Tech,1480.0,62
2019,5,Pittsburgh,1479.4,63
2019,5,NC State,1477.3,64
2019,5,Kansas,1473.1,65
2019,5,Ole Miss,1473.1,66
2019,5,Western Kentucky,1466.5,67
2019,5,UL Monroe,1462.1,68
2019,5,Virginia Tech,1460.5,69
2019,5,San José State,1459.8,70
2019,5,Kentucky,1457.3,71
2019,5,East Carolina,1456.6,72
2019,5,South Carolina,1453.9,73
2019,5,New Mexico,1448.6,74
2019,5,Miami (OH),1446.8,75
2019,5,Central Michigan,1445.4,76
2019,5,Stanford,1445.0,77
2019,5,Nevada,1445.0,78
2019,5,Marshall,1439.9,79
2019,5,Arkansas,1435.8,80
2019,5,Northwestern,1434.8,81
2019,5,BYU,1430.6,82
2019,5,Buffalo,1429.8,83
2019,5,Charlotte,1427.6,84
2019,5,North Texas,1425.5,85
2019,5,Texas State,1424.3,86
2019,5,Purdue,1422.5,87
2019,5,Oregon State,1417.2,88
2019,5,Old Dominion,1416.2,89
2019,5,Rutgers,1407.4,90
2019,5,Georgia Southern,1405.2,91
2019,5,Northern Illinois,1401.9,92
2019,5,Georgia Tech,1399.6,93
2019,5,UConn,1396.2,94
2019,5,UCLA,1392.9,95
2019,5,South Florida,1392.3,96
2019,5,Vanderbilt,1387.1,97
2019,5,Middle Tennessee,1383.2,98
2019,5,UNLV,1377.4,99
2019,5,UTEP,1371.5,100
2019,5,Colorado State,1363.1,101
2019,5,South Alabama,1353.6,102
2019,5,Rice,1324.3,103
2019,5,Massachusetts,1319.8,104
2019,5,New Mexico State,1317.4,105
2019,5,Akron,1285.5,106
2019,6,Ohio State,1752.9,1
2019,6,Wisconsin,1685.9,2
2019,6,Georgia,1679.0,3
2019,6,SMU,1673.0,4
2019,6,LSU,1670.9,5
2019,6,Oklahoma,1666.8,6
2019,6,Memphis,1660.1,7
2019,6,Penn State,1659.5,8
2019,6,Baylor,1649.3,9
2019,6,Florida,1645.2,10
2019,6,Auburn,1642.1,11
2019,6,Boise State,1633.9,12
2019,6,Notre Dame,1628.1,13
2019,6,Texas,1622.3,14
2019,6,Michigan State,1612.6,15
2019,6,Oregon,1612.0,16
2019,6,Minnesota,1604.7,17
2019,6,Cincinnati,1599.8,18
2019,6,Iowa,1593.8,19
2019,6,UCF,1593.1,20
2019,6,Washington,1589.9,21
2019,6,Michigan,1588.6,22
2019,6,Missouri,1588.1,23
2019,6,Oklahoma State,1582.8,24
2019,6,Iowa State,1582.4,25
2019,6,San Diego State,1575.1,26
2019,6,Arizona,1572.2,27
2019,6,Tulane,1570.6,28
2019,6,Toledo,1553.0,29
2019,6,Navy,1549.9,30
2019,6,UAB,1549.7,31
2019,6,Duke,1549.5,32
2019,6,Nebraska,1549.4,33
2019,6,Maryland,1539.9,34
2019,6,Temple,1538.9,35
2019,6,TCU,1538.7,36
2019,6,Kansas State,1531.0,37
2019,6,Army,1528.3,38
2019,6,Utah State,1526.5,39
2019,6,North Carolina,1524.6,40
2019,6,Texas Tech,1524.1,41
2019,6,Air Force,1521.2,42
2019,6,Colorado,1521.0,43
2019,6,California,1520.3,44
2019,6,Western Kentucky,1509.6,45
2019,6,Pittsburgh,1506.1,46
2019,6,Illinois,1502.9,47
2019,6,Liberty,1502.9,48
2019,6,West Virginia,1502.2,49
2019,6,Ole Miss,1499.1,50
2019,6,Western Michigan,1498.8,51
2019,6,Central Michigan,1497.2,52
2019,6,Virginia Tech,1497.2,53
2019,6,Georgia State,1494.8,54
2019,6,Louisville,1491.3,55
2019,6,Boston College,1490.7,56
2019,6,Arkansas State,1489.1,57
2019,6,San José State,1486.9,58
2019,6,Stanford,1485.6,59
2019,6,Eastern Michigan,1485.3,60
2019,6,Tulsa,1478.4,61
2019,6,Oregon State,1462.9,62
2019,6,Miami,1460.2,63
2019,6,Troy,1457.9,64
2019,6,Kent State,1447.4,65
2019,6,South Florida,1447.4,66
2019,6,Kansas,1436.9,67
2019,6,Florida International,1432.9,68
2019,6,UL Monroe,1429.7,69
2019,6,Georgia Southern,1425.8,70
2019,6,Ball State,1425.2,71
2019,6,Northwestern,1424.6,72
2019,6,New Mexico,1421.5,73
2019,6,East Carolina,1420.6,74
2019,6,Middle Tennessee,1418.0,75
2019,6,Buffalo,1417.8,76
2019,6,Ohio,1416.9,77
2019,6,Purdue,1408.8,78
2019,6,Marshall,1405.1,79
2019,6,UTSA,1404.0,80
2019,6,Tennessee,1388.4,81
2019,6,Old Dominion,1373.1,82
2019,6,Northern Illinois,1366.7,83
2019,6,Vanderbilt,1361.2,84
2019,6,Georgia Tech,1361.0,85
2019,6,Rutgers,1355.7,86
2019,6,UNLV,1348.9,87
2019,6,UCLA,1347.3,88
2019,6,UConn,1341.2,89
2019,6,Colorado State,1335.5,90
2019,6,Bowling Green,1335.2,91
2019,6,South Alabama,1333.0,92
2019,6,UTEP,1331.2,93
2019,6,Rice,1312.5,94
2019,6,New Mexico State,1298.7,95
2019,6,Massachusetts,1289.0,96
2019,7,Alabama,1716.4,1
2019,7,Wisconsin,1711.6,2
2019,7,Clemson,1697.2,3
2019,7,LSU,1694.1,4
2019,7,Oklahoma,1689.0,5
2019,7,Penn State,1681.0,6
2019,7,Baylor,1657.0,7
2019,7,Boise State,1656.2,8
2019,7,Georgia,1654.2,9
2019,7,Utah,1644.6,10
2019,7,Memphis,1644.4,11
2019,7,App State,1643.9,12
2019,7,Notre Dame,1637.6,13
2019,7,Oregon,1636.4,14
2019,7,Washington,1632.9,15
2019,7,Minnesota,1630.0,16
2019,7,Cincinnati,1628.7,17
2019,7,Florida,1621.9,18
2019,7,Michigan,1621.5,19
2019,7,Iowa State,1619.6,20
2019,7,Arizona State,1604.8,21
2019,7,Missouri,1604.3,22
2019,7,Wake Forest,1603.5,23
2019,7,Texas,1600.0,24
2019,7,Navy,1597.6,25
2019,7,San Diego State,1590.1,26
2019,7,Michigan State,1586.9,27
2019,7,Tulane,1582.9,28
2019,7,UAB,1578.5,29
2019,7,Iowa,1572.4,30
2019,7,Louisiana Tech,1568.2,31
2019,7,Duke,1561.4,32
2019,7,Wyoming,1555.0,33
2019,7,Temple,1554.6,34
2019,7,Air Force,1551.6,35
2019,7,Louisiana,1544.3,36
2019,7,Virginia,1541.8,37
2019,7,Hawai'i,1541.2,38
2019,7,USC,1540.6,39
2019,7,Western Kentucky,1533.1,40
2019,7,Georgia State,1529.2,41
2019,7,Arizona,1529.2,42
2019,7,Southern Miss,1528.4,43
2019,7,Indiana,1526.3,44
2019,7,Nebraska,1524.1,45
2019,7,Western Michigan,1523.0,46
2019,7,Florida Atlantic,1521.1,47
2019,7,Texas Tech,1516.5,48
2019,7,Louisville,1514.5,49
2019,7,Washington State,1511.1,50
2019,7,Florida State,1509.5,51
2019,7,Central Michigan,1507.6,52
2019,7,Toledo,1504.9,53
2019,7,Army,1504.8,54
2019,7,Mississippi State,1502.2,55
2019,7,Virginia Tech,1500.9,56
2019,7,NC State,1497.0,57
2019,7,Colorado,1496.6,58
2019,7,Maryland,1491.4,59
2019,7,Texas A&M,1491.0,60
2019,7,Miami,1490.8,61
2019,7,Ole Miss,1482.8,62
2019,7,Coastal Carolina,1481.3,63
2019,7,South Carolina,1478.6,64
2019,7,Kent State,1476.4,65
2019,7,Syracuse,1475.3,66
2019,7,San José State,1471.5,67
2019,7,Kentucky,1471.4,68
2019,7,Illinois,1470.0,69
2019,7,West Virginia,1465.0,70
2019,7,Florida International,1463.2,71
2019,7,UL Monroe,1462.4,72
2019,7,South Florida,1461.7,73
2019,7,Fresno State,1461.5,74
2019,7,Nevada,1460.4,75
2019,7,Purdue,1457.3,76
2019,7,Eastern Michigan,1455.6,77
2019,7,Ball State,1454.9,78
2019,7,Houston,1452.5,79
2019,7,Tulsa,1430.7,80
2019,7,Marshall,1427.8,81
2019,7,Oregon State,1426.0,82
2019,7,Tennessee,1425.6,83
2019,7,Miami (OH),1422.7,84
2019,7,Arkansas,1421.8,85
2019,7,BYU,1416.2,86
2019,7,North Texas,1405.7,87
2019,7,Middle Tennessee,1399.5,88
2019,7,Charlotte,1397.3,89
2019,7,Ohio,1396.0,90
2019,7,UNLV,1394.4,91
2019,7,Texas State,1391.6,92
2019,7,Northern Illinois,1387.5,93
2019,7,Bowling Green,1383.3,94
2019,7,New Mexico,1378.6,95
2019,7,Colorado State,1378.3,96
2019,7,UTSA,1375.2,97
2019,7,Old Dominion,1350.4,98
2019,7,Georgia Tech,1349.0,99
2019,7,Rutgers,1338.3,100
2019,7,UConn,1328.8,101
2019,7,Vanderbilt,1315.7,102
2019,7,New Mexico State,1288.3,103
2019,7,Massachusetts,1278.7,104
2019,7,Akron,1256.4,105
2019,8,Ohio State,1772.1,1
2019,8,Clemson,1727.8,2
2019,8,Alabama,1723.8,3
2019,8,LSU,1720.4,4
2019,8,Oklahoma,1701.4,5
2019,8,Wisconsin,1698.3,6
2019,8,Penn State,1696.5,7
2019,8,Baylor,1691.6,8
2019,8,SMU,1691.4,9
2019,8,Auburn,1670.1,10
2019,8,Memphis,1669.7,11
2019,8,Utah,1668.5,12
2019,8,Georgia,1667.1,13
2019,8,App State,1660.0,14
2019,8,Oregon,1658.5,15
2019,8,Minnesota,1650.5,16
2019,8,Florida,1646.0,17
2019,8,Iowa State,1645.7,18
2019,8,Cincinnati,1638.3,19
2019,8,Boise State,1629.7,20
2019,8,Navy,1616.0,21
2019,8,San Diego State,1615.1,22
2019,8,Washington,1610.8,23
2019,8,Wake Forest,1610.5,24
2019,8,Michigan,1606.0,25
2019,8,Texas,1605.1,26
2019,8,UCF,1604.7,27
2019,8,Air Force,1598.1,28
2019,8,Louisiana Tech,1590.7,29
2019,8,UAB,1589.2,30
2019,8,Iowa,1583.7,31
2019,8,Arizona State,1581.0,32
2019,8,Louisiana,1579.8,33
2019,8,Virginia,1578.2,34
2019,8,USC,1570.9,35
2019,8,Wyoming,1566.4,36
2019,8,Missouri,1560.8,37
2019,8,Tulane,1557.6,38
2019,8,Kansas State,1551.4,39
2019,8,Indiana,1551.3,40
2019,8,Utah State,1550.4,41
2019,8,Oklahoma State,1548.3,42
2019,8,Western Kentucky,1548.0,43
2019,8,Georgia State,1547.1,44
2019,8,Washington State,1542.2,45
2019,8,Central Michigan,1537.8,46
2019,8,Temple,1536.2,47
2019,8,Pittsburgh,1533.0,48
2019,8,Duke,1525.0,49
2019,8,Boston College,1520.8,50
2019,8,Texas A&M,1519.2,51
2019,8,TCU,1518.4,52
2019,8,North Carolina,1513.1,53
2019,8,Virginia Tech,1512.3,54
2019,8,Liberty,1506.8,55
2019,8,Southern Miss,1505.9,56
2019,8,Florida State,1502.5,57
2019,8,Arizona,1498.9,58
2019,8,Western Michigan,1497.8,59
2019,8,Ball State,1496.7,60
2019,8,Hawai'i,1494.7,61
2019,8,California,1494.6,62
2019,8,Florida Atlantic,1492.5,63
2019,8,Texas Tech,1490.4,64
2019,8,Army,1486.9,65
2019,8,Fresno State,1486.0,66
2019,8,Louisville,1483.9,67
2019,8,Illinois,1483.3,68
2019,8,Eastern Michigan,1480.8,69
2019,8,Florida International,1478.1,70
2019,8,Mississippi State,1475.9,71
2019,8,Troy,1475.7,72
2019,8,Houston,1473.9,73
2019,8,NC State,1466.9,74
2019,8,Maryland,1466.4,75
2019,8,Colorado,1465.5,76
2019,8,Coastal Carolina,1465.2,77
2019,8,Toledo,1463.1,78
2019,8,Kentucky,1458.5,79
2019,8,Marshall,1456.4,80
2019,8,Miami,1455.8,81
2019,8,South Carolina,1454.6,82
2019,8,Ole Miss,1454.5,83
2019,8,Arkansas State,1453.6,84
2019,8,West Virginia,1452.6,85
2019,8,Oregon State,1451.7,86
2019,8,Kent State,1450.2,87
2019,8,Syracuse,1448.3,88
2019,8,San José State,1446.5,89
2019,8,UL Monroe,1446.3,90
2019,8,Buffalo,1446.1,91
2019,8,Purdue,1446.0,92
2019,8,South Florida,1443.3,93
2019,8,BYU,1442.7,94
2019,8,Georgia Southern,1442.0,95
2019,8,Nevada,1436.5,96
2019,8,Stanford,1436.2,97
2019,8,Miami (OH),1434.1,98
2019,8,Kansas,1431.8,99
2019,8,Ohio,1422.2,100
2019,8,Tulsa,1421.1,101
2019,8,North Texas,1418.6,102
2019,8,Tennessee,1418.2,103
2019,8,East Carolina,1409.0,104
2019,8,Northwestern,1405.4,105
2019,8,UCLA,1396.7,106
2019,8,Arkansas,1393.8,107
2019,8,UTSA,1387.0,108
2019,8,Middle Tennessee,1386.7,109
2019,8,Georgia Tech,1384.0,110
2019,8,Charlotte,1382.4,111
2019,8,Northern Illinois,1376.1,112
2019,8,UNLV,1369.9,113
2019,8,New Mexico,1367.2,114
2019,8,Vanderbilt,1359.2,115
2019,8,Bowling Green,1353.2,116
2019,8,Old Dominion,1339.8,117
2019,8,Rutgers,1317.9,118
2019,8,UTEP,1316.3,119
2019,8,South Alabama,1315.2,120
2019,8,UConn,1307.5,121
2019,8,Rice,1300.6,122
2019,8,Akron,1228.1,123
2019,9,Ohio State,1796.4,1
2019,9,Clemson,1742.4,2
2019,9,LSU,1731.2,3
2019,9,Alabama,1730.9,4
2019,9,Penn State,1729.5,5
2019,9,SMU,1701.9,6
2019,9,Utah,1684.1,7
2019,9,App State,1675.2,8
2019,9,Memphis,1674.4,9
2019,9,Wisconsin,1674.0,10
2019,9,Oklahoma,1669.2,11
2019,9,Minnesota,1666.1,12
2019,9,Oregon,1664.8,13
2019,9,Auburn,1659.4,14
2019,9,UCF,1649.5,15
2019,9,Michigan,1643.1,16
2019,9,Navy,1626.4,17
2019,9,San Diego State,1624.6,18
2019,9,Air Force,1623.3,19
2019,9,Iowa State,1612.3,20
2019,9,Iowa,1610.0,21
2019,9,Louisiana Tech,1609.6,22
2019,9,Notre Dame,1600.6,23
2019,9,USC,1588.3,24
2019,9,Wyoming,1584.6,25
2019,9,Kansas State,1583.5,26
2019,9,Oklahoma State,1581.7,27
2019,9,Indiana,1578.5,28
2019,9,Texas,1574.2,29
2019,9,Georgia State,1568.3,30
2019,9,Michigan State,1553.8,31
2019,9,Virginia,1550.8,32
2019,9,TCU,1549.3,33
2019,9,Tulane,1547.2,34
2019,9,Texas A&M,1543.1,35
2019,9,Arizona State,1540.5,36
2019,9,Washington State,1535.9,37
2019,9,Western Kentucky,1529.9,38
2019,9,Southern Miss,1527.4,39
2019,9,Florida Atlantic,1527.0,40
2019,9,North Carolina,1526.9,41
2019,9,Utah State,1525.1,42
2019,9,Florida State,1524.9,43
2019,9,Hawai'i,1522.2,44
2019,9,Illinois,1520.9,45
2019,9,Missouri,1518.4,46
2019,9,Western Michigan,1516.4,47
2019,9,Louisville,1511.3,48
2019,9,Duke,1511.3,49
2019,9,Pittsburgh,1507.9,50
2019,9,Boston College,1506.1,51
2019,9,Kentucky,1500.8,52
2019,9,Nebraska,1496.9,53
2019,9,Central Michigan,1496.2,54
2019,9,Temple,1491.5,55
2019,9,Buffalo,1487.6,56
2019,9,South Florida,1485.2,57
2019,9,Miami,1481.0,58
2019,9,California,1478.9,59
2019,9,Arkansas State,1477.3,60
2019,9,Toledo,1477.2,61
2019,9,Marshall,1474.5,62
2019,9,Texas Tech,1474.1,63
2019,9,San José State,1473.1,64
2019,9,Arizona,1470.4,65
2019,9,Eastern Michigan,1466.7,66
2019,9,Liberty,1465.9,67
2019,9,Stanford,1464.8,68
2019,9,Miami (OH),1463.7,69
2019,9,Houston,1463.4,70
2019,9,Ohio,1463.4,71
2019,9,Army,1460.3,72
2019,9,Georgia Southern,1459.1,73
2019,9,Ball State,1455.5,74
2019,9,Troy,1454.5,75
2019,9,Mississippi State,1452.0,76
2019,9,Tennessee,1451.3,77
2019,9,Maryland,1450.8,78
2019,9,Colorado,1448.1,79
2019,9,Kansas,1448.1,80
2019,9,Fresno State,1447.1,81
2019,9,UCLA,1437.2,82
2019,9,Middle Tennessee,1432.7,83
2019,9,Florida International,1432.0,84
2019,9,Syracuse,1425.9,85
2019,9,South Carolina,1421.5,86
2019,9,Kent State,1420.6,87
2019,9,Nevada,1418.3,88
2019,9,Colorado State,1417.3,89
2019,9,Tulsa,1416.4,90
2019,9,North Texas,1411.1,91
2019,9,Purdue,1408.3,92
2019,9,Northern Illinois,1395.5,93
2019,9,Charlotte,1389.9,94
2019,9,Arkansas,1386.7,95
2019,9,Northwestern,1379.0,96
2019,9,Texas State,1367.8,97
2019,9,East Carolina,1367.0,98
2019,9,UNLV,1360.4,99
2019,9,Rutgers,1358.8,100
2019,9,UConn,1347.8,101
2019,9,New Mexico,1339.7,102
2019,9,Bowling Green,1334.5,103
2019,9,Old Dominion,1305.3,104
2019,9,South Alabama,1299.9,105
2019,9,UTEP,1297.4,106
2019,9,Rice,1279.2,107
2019,9,New Mexico State,1271.1,108
2019,9,Massachusetts,1238.4,109
2019,9,Akron,1208.7,110
2019,10,Clemson,1745.3,1
2019,10,Oregon,1705.6,2
2019,10,Utah,1705.2,3
2019,10,Baylor,1695.9,4
2019,10,Memphis,1694.9,5
2019,10,Georgia,1690.8,6
2019,10,SMU,1681.4,7
2019,10,Michigan,1671.7,8
2019,10,Auburn,1666.6,9
2019,10,UCF,1660.8,10
2019,10,Boise State,1652.0,11
2019,10,App State,1650.6,12
2019,10,Navy,1649.5,13
2019,10,Cincinnati,1646.9,14
2019,10,Air Force,1630.8,15
2019,10,Wake Forest,1628.6,16
2019,10,Florida,1622.3,17
2019,10,Kansas State,1616.9,18
2019,10,Notre Dame,1605.1,19
2019,10,Oklahoma State,1599.0,20
2019,10,Louisiana,1591.9,21
2019,10,Indiana,1591.8,22
2019,10,Washington,1589.7,23
2019,10,Virginia,1578.1,24
2019,10,Florida Atlantic,1561.5,25
2019,10,Tulane,1561.0,26
2019,10,Texas A&M,1559.7,27
2019,10,USC,1547.5,28
2019,10,Boston College,1546.2,29
2019,10,UAB,1541.6,30
2019,10,Illinois,1536.5,31
2019,10,Buffalo,1532.7,32
2019,10,Pittsburgh,1532.5,33
2019,10,TCU,1531.9,34
2019,10,Miami,1524.1,35
2019,10,Central Michigan,1519.0,36
2019,10,Virginia Tech,1507.8,37
2019,10,Arkansas State,1504.3,38
2019,10,Hawai'i,1500.6,39
2019,10,North Carolina,1499.5,40
2019,10,Tennessee,1498.9,41
2019,10,Marshall,1496.1,42
2019,10,BYU,1495.8,43
2019,10,Western Kentucky,1495.4,44
2019,10,Oregon State,1493.8,45
2019,10,Liberty,1493.4,46
2019,10,Mississippi State,1493.1,47
2019,10,Georgia Southern,1483.7,48
2019,10,Florida State,1481.8,49
2019,10,Nebraska,1476.0,50
2019,10,Utah State,1472.1,51
2019,10,Coastal Carolina,1471.6,52
2019,10,Fresno State,1468.7,53
2019,10,UCLA,1465.8,54
2019,10,Army,1452.9,55
2019,10,Houston,1452.0,56
2019,10,San José State,1450.8,57
2019,10,NC State,1448.9,58
2019,10,West Virginia,1448.3,59
2019,10,Troy,1448.2,60
2019,10,Ole Miss,1447.3,61
2019,10,Florida International,1443.4,62
2019,10,South Carolina,1442.8,63
2019,10,Colorado State,1440.2,64
2019,10,Nevada,1435.3,65
2019,10,North Texas,1430.3,66
2019,10,Purdue,1429.1,67
2019,10,Arizona,1428.3,68
2019,10,Maryland,1422.1,69
2019,10,Eastern Michigan,1421.6,70
2019,10,Charlotte,1420.0,71
2019,10,Colorado,1419.5,72
2019,10,UL Monroe,1419.4,73
2019,10,Kansas,1414.7,74
2019,10,Middle Tennessee,1402.6,75
2019,10,Tulsa,1402.6,76
2019,10,Syracuse,1385.8,77
2019,10,Northern Illinois,1372.8,78
2019,10,UTSA,1370.5,79
2019,10,Northwestern,1365.7,80
2019,10,Georgia Tech,1359.4,81
2019,10,East Carolina,1358.4,82
2019,10,Texas State,1355.7,83
2019,10,Bowling Green,1353.3,84
2019,10,Arkansas,1345.5,85
2019,10,Rutgers,1343.2,86
2019,10,Vanderbilt,1337.9,87
2019,10,UNLV,1337.4,88
2019,10,UConn,1324.6,89
2019,10,New Mexico,1322.7,90
2019,10,Old Dominion,1293.9,91
2019,10,UTEP,1278.1,92
2019,10,Rice,1257.6,93
2019,10,Massachusetts,1210.9,94
2019,10,Akron,1189.9,95
2019,11,Ohio State,1802.5,1
2019,11,Clemson,1766.8,2
2019,11,LSU,1755.9,3
2019,11,Baylor,1713.6,4
2019,11,Penn State,1708.1,5
2019,11,Alabama,1706.2,6
2019,11,Georgia,1705.5,7
2019,11,Minnesota,1687.5,8
2019,11,SMU,1685.8,9
2019,11,Wisconsin,1682.1,10
2019,11,Oklahoma,1674.4,11
2019,11,App State,1664.6,12
2019,11,Boise State,1662.0,13
2019,11,Cincinnati,1654.5,14
2019,11,Notre Dame,1643.8,15
2019,11,UCF,1633.4,16
2019,11,Florida,1632.2,17
2019,11,Louisiana,1630.7,18
2019,11,Louisiana Tech,1624.8,19
2019,11,Washington,1618.2,20
2019,11,Iowa State,1607.1,21
2019,11,Iowa,1602.0,22
2019,11,Kansas State,1601.5,23
2019,11,San Diego State,1596.5,24
2019,11,Texas,1589.6,25
2019,11,Wake Forest,1585.8,26
2019,11,Virginia,1584.4,27
2019,11,Florida Atlantic,1581.2,28
2019,11,Wyoming,1574.6,29
2019,11,USC,1571.9,30
2019,11,Southern Miss,1563.3,31
2019,11,Illinois,1556.3,32
2019,11,Miami,1553.5,33
2019,11,Virginia Tech,1550.5,34
2019,11,Michigan State,1534.1,35
2019,11,Western Michigan,1528.3,36
2019,11,Western Kentucky,1526.6,37
2019,11,Georgia State,1526.5,38
2019,11,Temple,1524.2,39
2019,11,Tennessee,1521.2,40
2019,11,Arizona State,1516.1,41
2019,11,BYU,1515.3,42
2019,11,Texas Tech,1514.6,43
2019,11,Boston College,1514.2,44
2019,11,TCU,1514.2,45
2019,11,Florida State,1513.8,46
2019,11,California,1509.8,47
2019,11,Hawai'i,1509.1,48
2019,11,UAB,1505.7,49
2019,11,Washington State,1505.1,50
2019,11,Missouri,1503.7,51
2019,11,Utah State,1487.2,52
2019,11,Toledo,1485.5,53
2019,11,Miami (OH),1482.9,54
2019,11,Louisville,1481.8,55
2019,11,Troy,1481.7,56
2019,11,Kentucky,1478.5,57
2019,11,Liberty,1473.8,58
2019,11,Duke,1472.6,59
2019,11,Oregon State,1465.3,60
2019,11,Army,1465.3,61
2019,11,Nevada,1463.4,62
2019,11,Ole Miss,1463.1,63
2019,11,UL Monroe,1461.2,64
2019,11,Fresno State,1453.6,65
2019,11,South Florida,1452.5,66
2019,11,Georgia Southern,1450.2,67
2019,11,Stanford,1449.2,68
2019,11,Ohio,1444.2,69
2019,11,Ball State,1443.6,70
2019,11,Purdue,1442.4,71
2019,11,San José State,1442.3,72
2019,11,Charlotte,1440.2,73
2019,11,Colorado,1435.0,74
2019,11,Coastal Carolina,1432.8,75
2019,11,Tulsa,1430.0,76
2019,11,South Carolina,1428.7,77
2019,11,NC State,1427.5,78
2019,11,Florida International,1423.8,79
2019,11,Maryland,1416.1,80
2019,11,North Texas,1415.1,81
2019,11,Kent State,1412.3,82
2019,11,West Virginia,1407.8,83
2019,11,UTSA,1378.6,84
2019,11,Texas State,1364.0,85
2019,11,East Carolina,1354.1,86
2019,11,Georgia Tech,1353.2,87
2019,11,Northwestern,1352.5,88
2019,11,Vanderbilt,1328.1,89
2019,11,UConn,1317.0,90
2019,11,Arkansas,1314.2,91
2019,11,South Alabama,1291.6,92
2019,11,Old Dominion,1285.8,93
2019,11,UTEP,1257.9,94
2019,11,New Mexico State,1255.3,95
2019,11,Massachusetts,1198.5,96
2019,12,Ohio State,1812.3,1
2019,12,Clemson,1783.3,2
2019,12,LSU,1773.5,3
2019,12,Alabama,1732.9,4
2019,12,Georgia,1732.0,5
2019,12,Penn State,1720.1,6
2019,12,Utah,1717.2,7
2019,12,Memphis,1715.2,8
2019,12,Oregon,1714.2,9
2019,12,Wisconsin,1704.4,10
2019,12,App State,1698.1,11
2019,12,Oklahoma,1694.9,12
2019,12,Baylor,1693.1,13
2019,12,Michigan,1690.3,14
2019,12,Notre Dame,1677.7,15
2019,12,Boise State,1668.4,16
2019,12,Minnesota,1666.8,17
2019,12,Cincinnati,1665.6,18
2019,12,Florida,1661.5,19
2019,12,Air Force,1654.8,20
2019,12,Louisiana,1641.9,21
2019,12,Auburn,1640.1,22
2019,12,Iowa,1622.7,23
2019,12,Iowa State,1616.8,24
2019,12,Navy,1615.6,25
2019,12,Oklahoma State,1611.2,26
2019,12,USC,1610.8,27
2019,12,San Diego State,1608.7,28
2019,12,Southern Miss,1588.7,29
2019,12,Virginia Tech,1581.6,30
2019,12,Texas,1579.9,31
2019,12,Indiana,1579.8,32
2019,12,Louisiana Tech,1579.7,33
2019,12,Texas A&M,1577.0,34
2019,12,Kansas State,1573.3,35
2019,12,Wake Forest,1569.3,36
2019,12,Wyoming,1551.5,37
2019,12,Pittsburgh,1549.8,38
2019,12,Temple,1548.1,39
2019,12,Western Michigan,1544.2,40
2019,12,Marshall,1541.2,41
2019,12,Tulane,1537.1,42
2019,12,Hawai'i,1533.1,43
2019,12,Washington State,1530.3,44
2019,12,TCU,1529.4,45
2019,12,Central Michigan,1527.1,46
2019,12,Florida State,1519.8,47
2019,12,Troy,1519.4,48
2019,12,BYU,1518.4,49
2019,12,UAB,1515.6,50
2019,12,Michigan State,1515.5,51
2019,12,Louisville,1515.2,52
2019,12,Buffalo,1512.9,53
2019,12,Utah State,1510.3,54
2019,12,Arkansas State,1509.2,55
2019,12,Kentucky,1509.0,56
2019,12,Arizona State,1508.2,57
2019,12,Miami (OH),1503.1,58
2019,12,Texas Tech,1499.5,59
2019,12,Georgia State,1493.1,60
2019,12,North Carolina,1482.2,61
2019,12,Georgia Southern,1481.3,62
2019,12,Missouri,1474.5,63
2019,12,Oregon State,1473.3,64
2019,12,Army,1471.5,65
2019,12,California,1470.9,66
2019,12,Mississippi State,1466.5,67
2019,12,Toledo,1462.9,68
2019,12,UCLA,1453.8,69
2019,12,Nebraska,1453.7,70
2019,12,Eastern Michigan,1445.8,71
2019,12,Syracuse,1445.8,72
2019,12,Ole Miss,1445.5,73
2019,12,Fresno State,1441.4,74
2019,12,South Florida,1441.4,75
2019,12,West Virginia,1436.0,76
2019,12,Ball State,1435.5,77
2019,12,Kent State,1432.1,78
2019,12,Houston,1431.7,79
2019,12,UL Monroe,1430.1,80
2019,12,Ohio,1428.4,81
2019,12,Coastal Carolina,1427.9,82
2019,12,Stanford,1424.0,83
2019,12,Arizona,1419.8,84
2019,12,Colorado State,1416.2,85
2019,12,Duke,1412.7,86
2019,12,South Carolina,1411.4,87
2019,12,Kansas,1402.5,88
2019,12,Northern Illinois,1395.4,89
2019,12,NC State,1394.1,90
2019,12,Middle Tennessee,1379.2,91
2019,12,Northwestern,1370.3,92
2019,12,UTSA,1353.2,93
2019,12,Rutgers,1333.4,94
2019,12,Bowling Green,1333.0,95
2019,12,Texas State,1326.3,96
2019,12,Georgia Tech,1322.1,97
2019,12,New Mexico,1316.3,98
2019,12,UNLV,1313.5,99
2019,12,Vanderbilt,1297.6,100
2019,12,Rice,1281.0,101
2019,12,South Alabama,1280.4,102
2019,12,New Mexico State,1271.1,103
2019,12,UTEP,1248.0,104
2019,12,Massachusetts,1180.7,105
2019,12,Akron,1165.7,106
2019,13,Ohio State,1828.3,1
2019,13,LSU,1776.7,2
2019,13,Georgia,1741.3,3
2019,13,Memphis,1737.8,4
2019,13,Utah,1736.0,5
2019,13,Alabama,1733.6,6
2019,13,Michigan,1725.0,7
2019,13,Wisconsin,1712.9,8
2019,13,Baylor,1708.9,9
2019,13,Penn State,1704.1,10
2019,13,App State,1702.8,11
2019,13,Oklahoma,1702.3,12
2019,13,Boise State,1701.5,13
2019,13,Notre Dame,1693.9,14
2019,13,Oregon,1689.5,15
2019,13,Minnesota,1682.7,16
2019,13,Cincinnati,1671.9,17
2019,13,Air Force,1669.5,18
2019,13,Louisiana,1664.0,19
2019,13,SMU,1660.4,20
2019,13,UCF,1648.8,21
2019,13,Auburn,1642.9,22
2019,13,Navy,1641.0,23
2019,13,Iowa,1639.3,24
2019,13,Oklahoma State,1629.4,25
2019,13,Iowa State,1625.4,26
2019,13,USC,1624.5,27
2019,13,Virginia Tech,1609.8,28
2019,13,Virginia,1604.3,29
2019,13,Florida Atlantic,1600.9,30
2019,13,San Diego State,1591.4,31
2019,13,Kansas State,1589.6,32
2019,13,Washington,1585.4,33
2019,13,Wake Forest,1581.5,34
2019,13,Western Kentucky,1571.7,35
2019,13,Texas A&M,1567.7,36
2019,13,Wyoming,1564.2,37
2019,13,Texas,1564.0,38
2019,13,Louisiana Tech,1556.4,39
2019,13,Hawai'i,1550.3,40
2019,13,Indiana,1545.1,41
2019,13,Michigan State,1544.0,42
2019,13,Southern Miss,1543.6,43
2019,13,Temple,1541.8,44
2019,13,Tennessee,1541.4,45
2019,13,Illinois,1539.6,46
2019,13,UAB,1538.9,47
2019,13,Louisville,1537.6,48
2019,13,Buffalo,1536.2,49
2019,13,Washington State,1535.5,50
2019,13,BYU,1534.9,51
2019,13,Arizona State,1532.8,52
2019,13,Miami,1525.0,53
2019,13,Arkansas State,1524.4,54
2019,13,TCU,1522.1,55
2019,13,Tulane,1521.7,56
2019,13,Pittsburgh,1521.6,57
2019,13,Kentucky,1520.5,58
2019,13,Marshall,1507.8,59
2019,13,Miami (OH),1505.7,60
2019,13,Nebraska,1503.2,61
2019,13,Georgia State,1502.5,62
2019,13,Boston College,1498.0,63
2019,13,Troy,1497.4,64
2019,13,California,1491.0,65
2019,13,Nevada,1490.9,66
2019,13,Eastern Michigan,1487.7,67
2019,13,North Carolina,1486.7,68
2019,13,Texas Tech,1483.2,69
2019,13,Utah State,1477.1,70
2019,13,Mississippi State,1475.0,71
2019,13,Charlotte,1473.7,72
2019,13,Ohio,1470.2,73
2019,13,Oregon State,1468.0,74
2019,13,Colorado,1467.8,75
2019,13,Georgia Southern,1466.0,76
2019,13,Houston,1464.7,77
2019,13,Missouri,1454.3,78
2019,13,Liberty,1453.8,79
2019,13,Florida International,1452.3,80
2019,13,Kent State,1445.4,81
2019,13,UL Monroe,1443.2,82
2019,13,UCLA,1440.1,83
2019,13,Toledo,1439.6,84
2019,13,Purdue,1433.8,85
2019,13,Syracuse,1423.4,86
2019,13,Ball State,1422.2,87
2019,13,San José State,1422.0,88
2019,13,South Florida,1418.8,89
2019,13,West Virginia,1417.8,90
2019,13,Coastal Carolina,1414.9,91
2019,13,Fresno State,1413.9,92
2019,13,Stanford,1403.9,93
2019,13,Colorado State,1403.5,94
2019,13,Arizona,1401.0,95
2019,13,Duke,1400.5,96
2019,13,Middle Tennessee,1399.1,97
2019,13,Tulsa,1397.0,98
2019,13,Kansas,1394.0,99
2019,13,North Texas,1386.3,100
2019,13,East Carolina,1380.7,101
2019,13,NC State,1380.6,102
2019,13,Maryland,1366.6,103
2019,13,Northwestern,1354.4,104
2019,13,Northern Illinois,1353.6,105
2019,13,Georgia Tech,1335.5,106
2019,13,UNLV,1333.7,107
2019,13,UTSA,1333.4,108
2019,13,Texas State,1321.6,109
2019,13,Arkansas,1311.0,110
2019,13,Rice,1309.9,111
2019,13,Vanderbilt,1309.8,112
2019,13,Rutgers,1304.9,113
2019,13,New Mexico,1301.6,114
2019,13,Bowling Green,1291.3,115
2019,13,New Mexico State,1291.1,116
2019,13,UConn,1290.4,117
2019,13,South Alabama,1270.9,118
2019,13,Old Dominion,1266.0,119
2019,13,UTEP,1228.0,120
2019,13,Massachusetts,1164.2,121
2019,13,Akron,1163.2,122
2019,14,Ohio State,1865.3,1
2019,14,Clemson,1797.8,2
2019,14,LSU,1790.6,3
2019,14,Memphis,1755.2,4
2019,14,Georgia,1754.7,5
2019,14,Wisconsin,1753.1,6
2019,14,Utah,1745.2,7
2019,14,Oklahoma,1736.9,8
2019,14,App State,1731.1,9
2019,14,Baylor,1729.8,10
2019,14,Alabama,1715.5,11
2019,14,Boise State,1713.1,12
2019,14,Notre Dame,1711.7,13
2019,14,Penn State,1708.1,14
2019,14,Oregon,1698.8,15
2019,14,Michigan,1688.0,16
2019,14,Air Force,1686.0,17
2019,14,Florida,1677.7,18
2019,14,SMU,1675.4,19
2019,14,Louisiana,1666.4,20
2019,14,Navy,1665.1,21
2019,14,Auburn,1661.0,22
2019,14,UCF,1659.7,23
2019,14,Cincinnati,1654.5,24
2019,14,Iowa,1653.0,25
2019,14,Minnesota,1642.5,26
2019,14,Virginia,1626.7,27
2019,14,Florida Atlantic,1622.7,28
2019,14,Kansas State,1615.6,29
2019,14,San Diego State,1609.5,30
2019,14,Washington,1608.3,31
2019,14,Iowa State,1599.4,32
2019,14,Oklahoma State,1594.8,33
2019,14,Virginia Tech,1587.5,34
2019,14,Texas,1586.1,35
2019,14,Western Kentucky,1579.6,36
2019,14,Hawai'i,1571.5,37
2019,14,Louisiana Tech,1565.6,38
2019,14,Indiana,1559.8,39
2019,14,Kentucky,1556.0,40
2019,14,UAB,1555.7,41
2019,14,Texas A&M,1553.9,42
2019,14,Temple,1552.0,43
2019,14,Central Michigan,1551.9,44
2019,14,Tennessee,1551.0,45
2019,14,Michigan State,1550.0,46
2019,14,Wyoming,1547.7,47
2019,14,Buffalo,1547.6,48
2019,14,Arizona State,1545.7,49
2019,14,Wake Forest,1545.1,50
2019,14,Boston College,1528.0,51
2019,14,North Carolina,1524.1,52
2019,14,Southern Miss,1521.9,53
2019,14,California,1520.8,54
2019,14,Western Michigan,1520.4,55
2019,14,Marshall,1518.3,56
2019,14,BYU,1516.8,57
2019,14,Washington State,1512.7,58
2019,14,Tulane,1506.7,59
2019,14,Florida State,1503.6,60
2019,14,Georgia Southern,1502.7,61
2019,14,Louisville,1502.1,62
2019,14,Utah State,1500.2,63
2019,14,TCU,1499.7,64
2019,14,Charlotte,1495.9,65
2019,14,Arkansas State,1492.8,66
2019,14,Pittsburgh,1491.6,67
2019,14,Ohio,1491.1,68
2019,14,Miami,1490.4,69
2019,14,Nebraska,1489.5,70
2019,14,Illinois,1487.5,71
2019,14,Mississippi State,1480.9,72
2019,14,Kent State,1478.1,73
2019,14,Missouri,1477.5,74
2019,14,Miami (OH),1471.1,75
2019,14,Troy,1469.1,76
2019,14,Liberty,1468.1,77
2019,14,Nevada,1467.3,78
2019,14,Georgia State,1465.9,79
2019,14,Texas Tech,1461.1,80
2019,14,Syracuse,1459.8,81
2019,14,Oregon State,1458.8,82
2019,14,Colorado,1458.6,83
2019,14,Ball State,1456.7,84
2019,14,Eastern Michigan,1455.0,85
2019,14,Army,1450.3,86
2019,14,Florida International,1441.8,87
2019,14,UL Monroe,1440.8,88
2019,14,Tulsa,1440.6,89
2019,14,Houston,1440.5,90
2019,14,West Virginia,1440.2,91
2019,14,Ole Miss,1439.7,92
2019,14,Duke,1435.1,93
2019,14,San José State,1428.4,94
2019,14,Coastal Carolina,1423.8,95
2019,14,Purdue,1419.1,96
2019,14,Toledo,1414.8,97
2019,14,UCLA,1410.3,98
2019,14,South Florida,1407.9,99
2019,14,Fresno State,1407.6,100
2019,14,Northwestern,1406.6,101
2019,14,South Carolina,1396.8,102
2019,14,Colorado State,1392.0,103
2019,14,Middle Tennessee,1391.2,104
2019,14,Arizona,1388.1,105
2019,14,Stanford,1386.1,106
2019,14,Northern Illinois,1377.4,107
2019,14,Kansas,1373.1,108
2019,14,North Texas,1369.4,109
2019,14,Maryland,1360.6,110
2019,14,UNLV,1357.3,111
2019,14,NC State,1343.2,112
2019,14,Rice,1341.0,113
2019,14,East Carolina,1337.1,114
2019,14,UTSA,1324.2,115
2019,14,Georgia Tech,1322.1,116
2019,14,Texas State,1312.7,117
2019,14,South Alabama,1302.5,118
2019,14,Rutgers,1300.9,119
2019,14,Vanderbilt,1300.3,120
2019,14,Arkansas,1287.7,121
2019,14,UConn,1280.2,122
2019,14,Bowling Green,1279.9,123
2019,14,New Mexico,1278.5,124
2019,14,New Mexico State,1276.8,125
2019,14,Old Dominion,1243.8,126
2019,14,UTEP,1196.8,127
2019,14,Akron,1142.2,128
2019,15,Ohio State,1888.2,1
2019,15,LSU,1825.9,2
2019,15,Clemson,1821.0,3
2019,15,Memphis,1766.3,4
2019,15,Oklahoma,1761.3,5
2019,15,App State,1746.3,6
2019,15,Oregon,1742.3,7
2019,15,Wisconsin,1730.1,8
2019,15,Boise State,1728.9,9
2019,15,Georgia,1719.4,10
2019,15,Baylor,1705.5,11
2019,15,Utah,1701.6,12
2019,15,Navy,1681.0,13
2019,15,Louisiana,1651.2,14
2019,15,Florida Atlantic,1650.0,15
2019,15,Cincinnati,1643.4,16
2019,15,Virginia,1603.5,17
2019,15,Hawai'i,1555.7,18
2019,15,UAB,1528.4,19
2019,15,Central Michigan,1526.4,20
2019,15,Miami (OH),1496.6,21
2019,15,Army,1434.5,22
2020,1,Memphis,1690.1,1
2020,1,SMU,1636.1,2
2020,1,BYU,1607.5,3
2020,1,UAB,1525.3,4
2020,1,Marshall,1521.6,5
2020,1,Navy,1521.0,6
2020,1,Army,1505.4,7
2020,1,Arkansas State,1478.4,8
2020,1,Southern Miss,1451.5,9
2020,1,South Alabama,1434.4,10
2020,1,North Texas,1428.5,11
2020,1,Middle Tennessee,1381.3,12
2020,1,Texas State,1356.2,13
2020,1,UTEP,1320.4,14
2020,2,Clemson,1750.4,1
2020,2,App State,1679.3,2
2020,2,Oklahoma,1673.5,3
2020,2,Notre Dame,1654.8,4
2020,2,Louisiana,1654.2,5
2020,2,Texas,1575.3,6
2020,2,North Carolina,1554.9,7
2020,2,Louisville,1547.8,8
2020,2,Army,1546.4,9
2020,2,Miami,1540.1,10
2020,2,Kansas State,1536.4,11
2020,2,Tulane,1529.0,12
2020,2,Arkansas State,1517.1,13
2020,2,Iowa State,1508.7,14
2020,2,Western Kentucky,1505.4,15
2020,2,Coastal Carolina,1504.2,16
2020,2,Georgia Southern,1503.5,17
2020,2,Pittsburgh,1503.1,18
2020,2,Wake Forest,1487.6,19
2020,2,UAB,1478.9,20
2020,2,Charlotte,1478.1,21
2020,2,Texas Tech,1477.7,22
2020,2,West Virginia,1472.7,23
2020,2,Florida State,1468.2,24
2020,2,South Florida,1451.1,25
2020,2,Duke,1440.6,26
2020,2,Syracuse,1434.6,27
2020,2,UL Monroe,1420.5,28
2020,2,Georgia Tech,1418.6,29
2020,2,UTSA,1412.8,30
2020,2,South Alabama,1409.7,31
2020,2,Kansas,1363.8,32
2020,2,Texas State,1329.1,33
2020,2,UTEP,1301.1,34
2020,3,Clemson,1752.5,1
2020,3,Notre Dame,1677.2,2
2020,3,SMU,1676.5,3
2020,3,Louisiana,1672.3,4
2020,3,UCF,1646.6,5
2020,3,App State,1622.5,6
2020,3,Cincinnati,1597.3,7
2020,3,Miami,1595.6,8
2020,3,Oklahoma State,1583.1,9
2020,3,Marshall,1578.4,10
2020,3,Boston College,1571.3,11
2020,3,Louisiana Tech,1554.3,12
2020,3,Navy,1550.2,13
2020,3,Troy,1538.1,14
2020,3,Pittsburgh,1529.8,15
2020,3,Liberty,1521.5,16
2020,3,Coastal Carolina,1511.9,17
2020,3,Tulane,1499.9,18
2020,3,Louisville,1492.3,19
2020,3,Western Kentucky,1463.1,20
2020,3,Wake Forest,1460.6,21
2020,3,Georgia State,1459.7,22
2020,3,Tulsa,1439.9,23
2020,3,Southern Miss,1439.8,24
2020,3,South Florida,1428.8,25
2020,3,NC State,1425.1,26
2020,3,UTSA,1423.0,27
2020,3,Syracuse,1407.9,28
2020,3,Texas State,1403.0,29
2020,3,North Texas,1388.1,30
2020,3,Duke,1387.4,31
2020,3,Georgia Tech,1375.8,32
2020,3,UL Monroe,1346.6,33
2020,3,Middle Tennessee,1323.1,34
2020,3,UTEP,1312.9,35
2020,4,Alabama,1682.1,1
2020,4,Louisiana,1679.7,2
2020,4,SMU,1679.4,3
2020,4,UCF,1678.3,4
2020,4,Georgia,1672.4,5
2020,4,Florida,1655.3,6
2020,4,LSU,1647.6,7
2020,4,BYU,1647.6,8
2020,4,Baylor,1647.5,9
2020,4,Oklahoma,1638.7,10
2020,4,Auburn,1635.1,11
2020,4,Cincinnati,1628.7,12
2020,4,App State,1626.6,13
2020,4,Miami,1626.5,14
2020,4,Texas,1609.7,15
2020,4,Oklahoma State,1607.2,16
2020,4,Virginia,1586.0,17
2020,4,Virginia Tech,1581.8,18
2020,4,Boston College,1580.6,19
2020,4,Kansas State,1571.3,20
2020,4,Tulane,1568.4,21
2020,4,Louisiana Tech,1560.0,22
2020,4,Tennessee,1559.6,23
2020,4,Mississippi State,1551.7,24
2020,4,Texas A&M,1547.3,25
2020,4,Pittsburgh,1546.8,26
2020,4,UAB,1541.2,27
2020,4,Iowa State,1536.9,28
2020,4,Liberty,1533.8,29
2020,4,Army,1515.0,30
2020,4,Kentucky,1505.9,31
2020,4,Troy,1498.1,32
2020,4,Georgia Southern,1496.1,33
2020,4,Louisville,1475.3,34
2020,4,TCU,1471.5,35
2020,4,Florida International,1449.9,36
2020,4,West Virginia,1448.6,37
2020,4,Syracuse,1444.1,38
2020,4,Missouri,1443.4,39
2020,4,Texas Tech,1443.2,40
2020,4,Florida State,1437.2,41
2020,4,UTSA,1433.2,42
2020,4,Ole Miss,1421.1,43
2020,4,South Carolina,1406.4,44
2020,4,NC State,1400.2,45
2020,4,Texas State,1393.6,46
2020,4,UTEP,1384.6,47
2020,4,Southern Miss,1371.3,48
2020,4,Duke,1368.7,49
2020,4,East Carolina,1362.4,50
2020,4,Vanderbilt,1357.9,51
2020,4,Kansas,1349.8,52
2020,4,South Alabama,1347.4,53
2020,4,Georgia Tech,1339.5,54
2020,4,Arkansas,1332.2,55
2020,4,Middle Tennessee,1312.8,56
2020,4,UL Monroe,1275.0,57
2020,5,Clemson,1772.5,1
2020,5,Georgia,1710.4,2
2020,5,Alabama,1708.8,3
2020,5,SMU,1700.0,4
2020,5,BYU,1681.8,5
2020,5,LSU,1678.3,6
2020,5,Memphis,1669.5,7
2020,5,Florida,1667.3,8
2020,5,Air Force,1658.4,9
2020,5,Cincinnati,1646.4,10
2020,5,Oklahoma State,1643.6,11
2020,5,UCF,1619.1,12
2020,5,Florida Atlantic,1611.2,13
2020,5,Virginia Tech,1605.7,14
2020,5,Auburn,1597.2,15
2020,5,Oklahoma,1596.6,16
2020,5,Baylor,1596.5,17
2020,5,Kansas State,1590.9,18
2020,5,North Carolina,1589.8,19
2020,5,Tennessee,1587.1,20
2020,5,Texas,1582.1,21
2020,5,Iowa State,1579.0,22
2020,5,Virginia,1566.0,23
2020,5,Coastal Carolina,1561.3,24
2020,5,UAB,1557.1,25
2020,5,Boston College,1545.7,26
2020,5,Liberty,1540.3,27
2020,5,Pittsburgh,1529.3,28
2020,5,Louisiana Tech,1525.8,29
2020,5,Army,1522.6,30
2020,5,Texas A&M,1520.6,31
2020,5,Georgia Southern,1516.2,32
2020,5,Navy,1512.6,33
2020,5,West Virginia,1499.6,34
2020,5,TCU,1499.2,35
2020,5,Tulsa,1499.1,36
2020,5,Mississippi State,1496.2,37
2020,5,Kentucky,1489.5,38
2020,5,Georgia State,1488.5,39
2020,5,Western Kentucky,1482.8,40
2020,5,Wake Forest,1472.3,41
2020,5,Arkansas State,1467.7,42
2020,5,Charlotte,1464.4,43
2020,5,Florida State,1447.7,44
2020,5,Ole Miss,1437.5,45
2020,5,Texas Tech,1423.6,46
2020,5,Southern Miss,1422.5,47
2020,5,NC State,1417.8,48
2020,5,UTSA,1417.4,49
2020,5,Missouri,1415.8,50
2020,5,South Florida,1411.0,51
2020,5,South Carolina,1394.4,52
2020,5,Arkansas,1387.7,53
2020,5,Duke,1344.7,54
2020,5,North Texas,1336.9,55
2020,5,East Carolina,1333.6,56
2020,5,Vanderbilt,1327.2,57
2020,5,Kansas,1313.4,58
2020,5,Middle Tennessee,1293.1,59
2020,5,UL Monroe,1254.9,60
2020,6,Clemson,1792.1,1
2020,6,Georgia,1737.0,2
2020,6,Alabama,1734.6,3
2020,6,Notre Dame,1691.1,4
2020,6,BYU,1688.6,5
2020,6,Florida,1635.4,6
2020,6,LSU,1634.5,7
2020,6,Marshall,1632.0,8
2020,6,North Carolina,1627.5,9
2020,6,Oklahoma,1626.7,10
2020,6,Kansas State,1625.9,11
2020,6,Miami,1606.9,12
2020,6,Auburn,1603.2,13
2020,6,Iowa State,1595.3,14
2020,6,Virginia Tech,1568.1,15
2020,6,Tennessee,1560.5,16
2020,6,Boston College,1553.1,17
2020,6,Texas A&M,1552.5,18
2020,6,Texas,1552.0,19
2020,6,Liberty,1550.6,20
2020,6,Louisiana Tech,1535.7,21
2020,6,Kentucky,1535.3,22
2020,6,Navy,1529.6,23
2020,6,Troy,1526.0,24
2020,6,Army,1524.6,25
2020,6,Houston,1521.9,26
2020,6,Pittsburgh,1521.8,27
2020,6,Temple,1516.9,28
2020,6,Charlotte,1515.7,29
2020,6,Tulane,1507.8,30
2020,6,Virginia,1492.6,31
2020,6,NC State,1491.2,32
2020,6,Arkansas State,1476.0,33
2020,6,TCU,1464.2,34
2020,6,Missouri,1459.6,35
2020,6,South Carolina,1458.1,36
2020,6,Mississippi State,1450.4,37
2020,6,Florida State,1433.7,38
2020,6,Western Kentucky,1429.2,39
2020,6,Louisville,1421.8,40
2020,6,Florida International,1414.4,41
2020,6,Ole Miss,1411.7,42
2020,6,UTSA,1410.6,43
2020,6,Texas Tech,1407.3,44
2020,6,East Carolina,1405.1,45
2020,6,Duke,1397.0,46
2020,6,Georgia Tech,1393.1,47
2020,6,Syracuse,1391.9,48
2020,6,Arkansas,1381.7,49
2020,6,UTEP,1374.7,50
2020,6,Texas State,1365.8,51
2020,6,South Florida,1339.6,52
2020,6,Middle Tennessee,1328.5,53
2020,6,North Texas,1285.6,54
2020,6,Vanderbilt,1263.5,55
2020,6,UL Monroe,1244.6,56
2020,7,Clemson,1810.3,1
2020,7,Alabama,1767.8,2
2020,7,BYU,1727.6,3
2020,7,SMU,1713.8,4
2020,7,Georgia,1703.8,5
2020,7,Notre Dame,1696.8,6
2020,7,Memphis,1677.6,7
2020,7,Marshall,1671.2,8
2020,7,Louisiana,1652.4,9
2020,7,Miami,1627.4,10
2020,7,UCF,1611.0,11
2020,7,Virginia Tech,1603.6,12
2020,7,North Carolina,1598.7,13
2020,7,Kentucky,1593.1,14
2020,7,Coastal Carolina,1588.7,15
2020,7,Texas A&M,1587.9,16
2020,7,Liberty,1582.6,17
2020,7,UAB,1577.9,18
2020,7,Auburn,1562.9,19
2020,7,Army,1551.7,20
2020,7,Navy,1549.4,21
2020,7,Georgia Southern,1534.1,22
2020,7,Troy,1528.1,23
2020,7,Temple,1523.9,24
2020,7,Boston College,1517.7,25
2020,7,West Virginia,1514.8,26
2020,7,NC State,1510.2,27
2020,7,Wake Forest,1507.9,28
2020,7,Arkansas State,1507.1,29
2020,7,Tennessee,1502.7,30
2020,7,Pittsburgh,1501.3,31
2020,7,South Carolina,1498.3,32
2020,7,Louisiana Tech,1496.5,33
2020,7,Tulane,1494.1,34
2020,7,Houston,1482.8,35
2020,7,Florida State,1462.4,36
2020,7,Georgia State,1457.4,37
2020,7,Virginia,1457.0,38
2020,7,Louisville,1416.1,39
2020,7,Mississippi State,1414.9,40
2020,7,Arkansas,1414.4,41
2020,7,Western Kentucky,1408.4,42
2020,7,East Carolina,1385.3,43
2020,7,UTSA,1383.5,44
2020,7,Ole Miss,1379.0,45
2020,7,Duke,1377.9,46
2020,7,South Alabama,1376.7,47
2020,7,Georgia Tech,1374.8,48
2020,7,Syracuse,1359.8,49
2020,7,North Texas,1337.2,50
2020,7,Texas State,1336.5,51
2020,7,South Florida,1332.5,52
2020,7,Kansas,1298.2,53
2020,7,Middle Tennessee,1276.9,54
2020,7,Massachusetts,1263.8,55
2020,8,Clemson,1813.5,1
2020,8,Alabama,1794.2,2
2020,8,Ohio State,1767.4,3
2020,8,Notre Dame,1733.8,4
2020,8,BYU,1732.5,5
2020,8,Cincinnati,1709.4,6
2020,8,Marshall,1698.9,7
2020,8,Memphis,1696.1,8
2020,8,Michigan,1685.8,9
2020,8,Wisconsin,1675.6,10
2020,8,Louisiana,1675.0,11
2020,8,Boise State,1674.0,12
2020,8,Oklahoma,1659.5,13
2020,8,Oklahoma State,1656.6,14
2020,8,LSU,1655.8,15
2020,8,SMU,1650.8,16
2020,8,App State,1649.6,17
2020,8,Miami,1637.0,18
2020,8,Kansas State,1634.5,19
2020,8,UCF,1631.0,20
2020,8,North Carolina,1625.0,21
2020,8,Penn State,1621.4,22
2020,8,Coastal Carolina,1613.4,23
2020,8,Liberty,1600.0,24
2020,8,San Diego State,1594.4,25
2020,8,Texas,1593.7,26
2020,8,Air Force,1592.4,27
2020,8,Auburn,1584.1,28
2020,8,Florida Atlantic,1583.5,29
2020,8,Iowa State,1582.3,30
2020,8,Hawai'i,1582.3,31
2020,8,Virginia Tech,1570.5,32
2020,8,Iowa,1561.9,33
2020,8,Army,1557.9,34
2020,8,UAB,1555.3,35
2020,8,Baylor,1554.8,36
2020,8,Indiana,1552.7,37
2020,8,Kentucky,1550.5,38
2020,8,Houston,1548.4,39
2020,8,Tulsa,1545.0,40
2020,8,Wake Forest,1540.9,41
2020,8,Boston College,1533.4,42
2020,8,Charlotte,1530.4,43
2020,8,Minnesota,1529.1,44
2020,8,San José State,1519.5,45
2020,8,Georgia Southern,1509.4,46
2020,8,Troy,1507.7,47
2020,8,Wyoming,1507.1,48
2020,8,Temple,1505.4,49
2020,8,Nevada,1502.6,50
2020,8,Missouri,1502.2,51
2020,8,Louisiana Tech,1486.9,52
2020,8,Northwestern,1486.3,53
2020,8,Purdue,1485.0,54
2020,8,Arkansas State,1484.1,55
2020,8,NC State,1484.0,56
2020,8,Navy,1483.8,57
2020,8,West Virginia,1480.5,58
2020,8,Nebraska,1478.1,59
2020,8,Georgia State,1477.9,60
2020,8,South Carolina,1477.1,61
2020,8,Tennessee,1476.3,62
2020,8,Utah State,1474.9,63
2020,8,Tulane,1474.1,64
2020,8,Michigan State,1468.7,65
2020,8,Illinois,1465.8,66
2020,8,Pittsburgh,1464.4,67
2020,8,Louisville,1455.4,68
2020,8,Virginia,1447.5,69
2020,8,Texas Tech,1441.6,70
2020,8,Rutgers,1434.4,71
2020,8,TCU,1431.4,72
2020,8,Florida State,1423.1,73
2020,8,Western Kentucky,1414.2,74
2020,8,Southern Miss,1405.2,75
2020,8,South Alabama,1397.4,76
2020,8,Fresno State,1393.8,77
2020,8,UTSA,1393.2,78
2020,8,UNLV,1384.1,79
2020,8,Maryland,1362.4,80
2020,8,UTEP,1359.9,81
2020,8,Georgia Tech,1359.1,82
2020,8,Ole Miss,1357.8,83
2020,8,Syracuse,1356.7,84
2020,8,Florida International,1353.5,85
2020,8,Rice,1348.6,86
2020,8,Texas State,1331.6,87
2020,8,Middle Tennessee,1325.0,88
2020,8,Kansas,1289.5,89
2020,8,South Florida,1286.5,90
2020,8,UL Monroe,1223.9,91
2020,9,Clemson,1818.3,1
2020,9,Ohio State,1805.4,2
2020,9,Alabama,1800.6,3
2020,9,Cincinnati,1749.4,4
2020,9,Notre Dame,1745.6,5
2020,9,BYU,1739.6,6
2020,9,Georgia,1731.8,7
2020,9,Boise State,1725.8,8
2020,9,Oklahoma,1686.4,9
2020,9,Louisiana,1686.1,10
2020,9,UCF,1674.8,11
2020,9,SMU,1663.0,12
2020,9,App State,1660.9,13
2020,9,Coastal Carolina,1660.4,14
2020,9,Memphis,1656.2,15
2020,9,Florida,1656.0,16
2020,9,Michigan,1648.8,17
2020,9,San Diego State,1648.4,18
2020,9,Auburn,1637.7,19
2020,9,Texas,1631.9,20
2020,9,Oklahoma State,1618.3,21
2020,9,LSU,1602.2,22
2020,9,Florida Atlantic,1602.1,23
2020,9,North Carolina,1602.0,24
2020,9,Iowa State,1601.8,25
2020,9,Texas A&M,1601.0,26
2020,9,Indiana,1597.0,27
2020,9,Virginia Tech,1592.4,28
2020,9,Penn State,1583.4,29
2020,9,Kansas State,1582.4,30
2020,9,Wake Forest,1568.3,31
2020,9,Wyoming,1567.0,32
2020,9,San José State,1558.9,33
2020,9,Tulsa,1554.1,34
2020,9,Troy,1552.0,35
2020,9,Nevada,1548.6,36
2020,9,Iowa,1545.7,37
2020,9,Air Force,1540.7,38
2020,9,UAB,1538.4,39
2020,9,West Virginia,1532.7,40
2020,9,Boston College,1528.5,41
2020,9,Purdue,1526.5,42
2020,9,Kentucky,1522.5,43
2020,9,Hawai'i,1522.4,44
2020,9,Georgia Southern,1521.6,45
2020,9,Tulane,1520.0,46
2020,9,Minnesota,1512.3,47
2020,9,Baylor,1507.3,48
2020,9,Michigan State,1505.6,49
2020,9,Houston,1504.6,50
2020,9,Louisiana Tech,1503.7,51
2020,9,Northwestern,1502.5,52
2020,9,Missouri,1481.6,53
2020,9,TCU,1478.9,54
2020,9,Navy,1471.6,55
2020,9,Virginia,1470.5,56
2020,9,Charlotte,1464.0,57
2020,9,Temple,1459.5,58
2020,9,Duke,1444.4,59
2020,9,Fresno State,1444.2,60
2020,9,Arkansas State,1439.7,61
2020,9,Louisville,1433.6,62
2020,9,Georgia State,1430.9,63
2020,9,Illinois,1424.4,64
2020,9,Rice,1422.0,65
2020,9,Utah State,1420.9,66
2020,9,Texas Tech,1414.7,67
2020,9,Mississippi State,1408.5,68
2020,9,Western Kentucky,1407.2,69
2020,9,Ole Miss,1404.9,70
2020,9,Arkansas,1401.4,71
2020,9,Rutgers,1390.1,72
2020,9,South Alabama,1385.2,73
2020,9,Colorado State,1379.4,74
2020,9,Maryland,1379.2,75
2020,9,East Carolina,1376.2,76
2020,9,UTSA,1374.6,77
2020,9,Georgia Tech,1347.3,78
2020,9,UNLV,1338.1,79
2020,9,Southern Miss,1331.8,80
2020,9,Syracuse,1329.3,81
2020,9,Texas State,1320.5,82
2020,9,New Mexico,1316.6,83
2020,9,Kansas,1270.0,84
2020,9,Vanderbilt,1216.4,85
2020,9,UL Monroe,1212.6,86
2020,10,BYU,1811.3,1
2020,10,Ohio State,1810.9,2
2020,10,Clemson,1792.7,3
2020,10,Notre Dame,1771.2,4
2020,10,Cincinnati,1761.6,5
2020,10,Marshall,1704.7,6
2020,10,Florida,1703.9,7
2020,10,SMU,1693.7,8
2020,10,Louisiana,1692.3,9
2020,10,Oklahoma,1691.0,10
2020,10,Georgia,1683.9,11
2020,10,App State,1675.3,12
2020,10,Oregon,1672.6,13
2020,10,Coastal Carolina,1667.8,14
2020,10,Memphis,1657.3,15
2020,10,Boise State,1654.1,16
2020,10,Miami,1650.0,17
2020,10,Indiana,1646.7,18
2020,10,Texas,1642.0,19
2020,10,Texas A&M,1640.3,20
2020,10,North Carolina,1634.4,21
2020,10,Oklahoma State,1632.4,22
2020,10,Liberty,1618.8,23
2020,10,San José State,1618.2,24
2020,10,Iowa State,1617.7,25
2020,10,Florida Atlantic,1609.7,26
2020,10,Michigan,1599.1,27
2020,10,Iowa,1591.3,28
2020,10,San Diego State,1589.2,29
2020,10,USC,1589.0,30
2020,10,Buffalo,1578.8,31
2020,10,Nevada,1575.4,32
2020,10,Virginia Tech,1573.5,33
2020,10,Minnesota,1568.9,34
2020,10,Kansas State,1568.3,35
2020,10,Washington State,1554.5,36
2020,10,Western Michigan,1552.5,37
2020,10,Tulane,1548.0,38
2020,10,Georgia Southern,1543.8,39
2020,10,Boston College,1539.7,40
2020,10,Central Michigan,1535.2,41
2020,10,Hawai'i,1533.2,42
2020,10,Northwestern,1531.0,43
2020,10,Troy,1529.9,44
2020,10,Miami (OH),1524.5,45
2020,10,West Virginia,1522.6,46
2020,10,Arizona State,1521.7,47
2020,10,Penn State,1508.5,48
2020,10,Kent State,1507.4,49
2020,10,Wyoming,1505.8,50
2020,10,Pittsburgh,1505.2,51
2020,10,TCU,1499.6,52
2020,10,Colorado,1497.6,53
2020,10,Houston,1492.3,54
2020,10,Baylor,1491.3,55
2020,10,Fresno State,1486.9,56
2020,10,Toledo,1480.0,57
2020,10,Ohio,1476.2,58
2020,10,NC State,1471.0,59
2020,10,Michigan State,1460.0,60
2020,10,Maryland,1454.2,61
2020,10,Nebraska,1449.7,62
2020,10,Eastern Michigan,1449.1,63
2020,10,Tennessee,1445.5,64
2020,10,Ball State,1445.1,65
2020,10,Georgia State,1441.1,66
2020,10,Colorado State,1440.6,67
2020,10,South Carolina,1437.8,68
2020,10,Arkansas State,1433.5,69
2020,10,Arkansas,1432.2,70
2020,10,Temple,1428.7,71
2020,10,Oregon State,1427.0,72
2020,10,Mississippi State,1418.4,73
2020,10,UCLA,1417.2,74
2020,10,Duke,1412.0,75
2020,10,Stanford,1410.9,76
2020,10,Western Kentucky,1399.6,77
2020,10,Utah State,1394.1,78
2020,10,Texas Tech,1394.0,79
2020,10,Rutgers,1384.6,80
2020,10,Florida State,1382.3,81
2020,10,South Alabama,1377.7,82
2020,10,Northern Illinois,1372.4,83
2020,10,Illinois,1367.7,84
2020,10,East Carolina,1348.3,85
2020,10,Southern Miss,1344.0,86
2020,10,Bowling Green,1321.5,87
2020,10,Syracuse,1318.2,88
2020,10,Texas State,1306.1,89
2020,10,New Mexico,1305.8,90
2020,10,UNLV,1295.4,91
2020,10,South Florida,1285.5,92
2020,10,Kansas,1265.4,93
2020,10,Massachusetts,1258.0,94
2020,10,Akron,1228.2,95
2020,10,Vanderbilt,1206.5,96
2020,10,UL Monroe,1202.3,97
2020,11,Notre Dame,1790.7,1
2020,11,Cincinnati,1765.9,2
2020,11,Wisconsin,1739.7,3
2020,11,Oregon,1715.0,4
2020,11,Florida,1712.7,5
2020,11,Marshall,1709.6,6
2020,11,Louisiana,1699.3,7
2020,11,UCF,1684.6,8
2020,11,App State,1680.5,9
2020,11,Indiana,1679.3,10
2020,11,Boise State,1672.6,11
2020,11,SMU,1664.7,12
2020,11,Miami,1658.1,13
2020,11,North Carolina,1648.4,14
2020,11,Iowa,1644.7,15
2020,11,Florida Atlantic,1633.3,16
2020,11,San José State,1625.0,17
2020,11,Liberty,1623.7,18
2020,11,Buffalo,1618.8,19
2020,11,San Diego State,1618.4,20
2020,11,USC,1611.1,21
2020,11,Nevada,1594.8,22
2020,11,Washington,1585.2,23
2020,11,Tulsa,1583.1,24
2020,11,Central Michigan,1582.1,25
2020,11,Tulane,1580.5,26
2020,11,Northwestern,1573.7,27
2020,11,Western Michigan,1567.1,28
2020,11,Virginia Tech,1565.4,29
2020,11,Wake Forest,1554.2,30
2020,11,Kent State,1553.8,31
2020,11,West Virginia,1548.2,32
2020,11,Georgia Southern,1547.2,33
2020,11,Michigan,1535.0,34
2020,11,Fresno State,1527.1,35
2020,11,Kentucky,1525.4,36
2020,11,Army,1525.4,37
2020,11,Colorado,1521.2,38
2020,11,Boston College,1520.2,39
2020,11,Minnesota,1515.5,40
2020,11,Washington State,1512.1,41
2020,11,Houston,1505.6,42
2020,11,Hawai'i,1504.0,43
2020,11,Virginia,1492.7,44
2020,11,NC State,1489.5,45
2020,11,Ohio,1488.3,46
2020,11,Nebraska,1486.3,47
2020,11,Miami (OH),1484.6,48
2020,11,Purdue,1483.7,49
2020,11,Baylor,1482.1,50
2020,11,UCLA,1481.3,51
2020,11,Ball State,1475.2,52
2020,11,TCU,1474.1,53
2020,11,Penn State,1471.8,54
2020,11,Toledo,1465.4,55
2020,11,California,1449.4,56
2020,11,Ole Miss,1436.0,57
2020,11,Georgia State,1435.9,58
2020,11,Michigan State,1427.4,59
2020,11,Arkansas,1423.4,60
2020,11,Colorado State,1422.1,61
2020,11,Eastern Michigan,1419.0,62
2020,11,Temple,1418.9,63
2020,11,Oregon State,1412.1,64
2020,11,Louisville,1411.4,65
2020,11,Western Kentucky,1410.1,66
2020,11,South Carolina,1406.8,67
2020,11,UTSA,1405.6,68
2020,11,Arizona,1405.2,69
2020,11,Texas Tech,1403.2,70
2020,11,Illinois,1391.4,71
2020,11,Stanford,1387.3,72
2020,11,South Alabama,1370.8,73
2020,11,Florida State,1363.7,74
2020,11,Rutgers,1360.9,75
2020,11,Utah State,1353.9,76
2020,11,East Carolina,1344.0,77
2020,11,Southern Miss,1333.5,78
2020,11,Florida International,1329.9,79
2020,11,UTEP,1328.8,80
2020,11,Northern Illinois,1325.5,81
2020,11,Middle Tennessee,1320.1,82
2020,11,Texas State,1302.6,83
2020,11,UNLV,1288.5,84
2020,11,New Mexico,1286.3,85
2020,11,Bowling Green,1275.1,86
2020,11,South Florida,1272.3,87
2020,11,Akron,1216.2,88
2020,11,Vanderbilt,1203.6,89
2020,12,Ohio State,1824.3,1
2020,12,BYU,1812.2,2
2020,12,Alabama,1811.2,3
2020,12,Cincinnati,1781.9,4
2020,12,Oregon,1721.6,5
2020,12,Florida,1719.4,6
2020,12,Oklahoma,1716.2,7
2020,12,Boise State,1696.2,8
2020,12,Coastal Carolina,1692.6,9
2020,12,Georgia,1689.5,10
2020,12,Wisconsin,1681.7,11
2020,12,Iowa,1676.9,12
2020,12,USC,1671.9,13
2020,12,UCF,1668.6,14
2020,12,Indiana,1665.9,15
2020,12,Memphis,1664.4,16
2020,12,App State,1655.7,17
2020,12,Auburn,1648.2,18
2020,12,Iowa State,1647.5,19
2020,12,Buffalo,1641.2,20
2020,12,Florida Atlantic,1640.2,21
2020,12,Northwestern,1631.7,22
2020,12,Nevada,1617.1,23
2020,12,LSU,1614.2,24
2020,12,Western Michigan,1613.9,25
2020,12,Liberty,1613.4,26
2020,12,Oklahoma State,1607.2,27
2020,12,Washington,1603.6,28
2020,12,Tulsa,1601.4,29
2020,12,San Diego State,1596.1,30
2020,12,Utah,1570.2,31
2020,12,Kent State,1563.5,32
2020,12,Tulane,1562.2,33
2020,12,Michigan,1555.5,34
2020,12,Air Force,1552.3,35
2020,12,Pittsburgh,1546.9,36
2020,12,Georgia Southern,1540.1,37
2020,12,Kansas State,1538.5,38
2020,12,Central Michigan,1535.3,39
2020,12,Army,1532.5,40
2020,12,Minnesota,1529.4,41
2020,12,Virginia Tech,1523.8,42
2020,12,Toledo,1519.7,43
2020,12,Kentucky,1514.8,44
2020,12,Missouri,1506.0,45
2020,12,Troy,1505.4,46
2020,12,NC State,1499.8,47
2020,12,Virginia,1497.2,48
2020,12,Ball State,1489.6,49
2020,12,Hawai'i,1480.4,50
2020,12,UCLA,1474.6,51
2020,12,Georgia State,1470.6,52
2020,12,Purdue,1469.8,53
2020,12,Illinois,1448.0,54
2020,12,Penn State,1439.6,55
2020,12,Oregon State,1438.5,56
2020,12,Tennessee,1435.0,57
2020,12,Western Kentucky,1433.7,58
2020,12,Louisville,1433.4,59
2020,12,Nebraska,1429.8,60
2020,12,California,1423.1,61
2020,12,UTSA,1422.0,62
2020,12,Arkansas State,1417.3,63
2020,12,Mississippi State,1412.8,64
2020,12,Arkansas,1411.4,65
2020,12,East Carolina,1394.8,66
2020,12,Arizona,1386.8,67
2020,12,North Texas,1383.3,68
2020,12,South Carolina,1382.4,69
2020,12,Rice,1376.0,70
2020,12,Temple,1368.1,71
2020,12,Eastern Michigan,1364.7,72
2020,12,Middle Tennessee,1344.7,73
2020,12,Rutgers,1340.4,74
2020,12,South Alabama,1336.1,75
2020,12,Texas State,1318.8,76
2020,12,Southern Miss,1317.2,77
2020,12,Northern Illinois,1311.1,78
2020,12,Florida International,1306.3,79
2020,12,Syracuse,1296.1,80
2020,12,New Mexico,1274.7,81
2020,12,Bowling Green,1252.6,82
2020,12,Massachusetts,1251.1,83
2020,12,Akron,1206.5,84
2020,12,Vanderbilt,1196.9,85
2020,13,Alabama,1826.9,1
2020,13,Notre Dame,1817.0,2
2020,13,Clemson,1803.5,3
2020,13,Florida,1731.4,4
2020,13,Louisiana,1708.3,5
2020,13,Georgia,1707.7,6
2020,13,Coastal Carolina,1707.1,7
2020,13,Oregon,1687.1,8
2020,13,Iowa,1683.9,9
2020,13,Indiana,1678.1,10
2020,13,UCF,1678.0,11
2020,13,Memphis,1675.8,12
2020,13,App State,1673.5,13
2020,13,Buffalo,1669.3,14
2020,13,Iowa State,1666.4,15
2020,13,Texas A&M,1662.9,16
2020,13,Auburn,1632.5,17
2020,13,Texas,1623.1,18
2020,13,North Carolina,1622.1,19
2020,13,Washington,1620.9,20
2020,13,Liberty,1620.7,21
2020,13,Western Michigan,1617.6,22
2020,13,Oklahoma State,1614.5,23
2020,13,SMU,1609.9,24
2020,13,Nevada,1596.4,25
2020,13,LSU,1591.6,26
2020,13,Northwestern,1582.8,27
2020,13,Colorado,1565.8,28
2020,13,Central Michigan,1558.8,29
2020,13,Utah,1552.9,30
2020,13,San Diego State,1551.5,31
2020,13,Wyoming,1537.3,32
2020,13,Pittsburgh,1536.1,33
2020,13,Kent State,1535.4,34
2020,13,Boston College,1534.0,35
2020,13,Kansas State,1530.4,36
2020,13,Georgia Southern,1516.4,37
2020,13,NC State,1516.3,38
2020,13,Michigan,1516.2,39
2020,13,Miami (OH),1515.9,40
2020,13,Missouri,1513.9,41
2020,13,Ball State,1513.8,42
2020,13,Ohio,1506.2,43
2020,13,UCLA,1503.1,44
2020,13,Kentucky,1502.8,45
2020,13,TCU,1502.3,46
2020,13,Hawai'i,1501.1,47
2020,13,Toledo,1495.5,48
2020,13,Georgia State,1494.3,49
2020,13,Baylor,1490.2,50
2020,13,Troy,1487.5,51
2020,13,Penn State,1478.9,52
2020,13,Michigan State,1476.3,53
2020,13,Oregon State,1473.0,54
2020,13,Navy,1460.2,55
2020,13,Ole Miss,1454.0,56
2020,13,UTSA,1450.4,57
2020,13,East Carolina,1449.6,58
2020,13,Maryland,1441.9,59
2020,13,Purdue,1428.3,60
2020,13,Nebraska,1422.8,61
2020,13,Louisville,1419.7,62
2020,13,California,1407.8,63
2020,13,Stanford,1402.6,64
2020,13,Texas Tech,1395.9,65
2020,13,Mississippi State,1394.8,66
2020,13,Georgia Tech,1385.4,67
2020,13,Arkansas State,1384.6,68
2020,13,Rutgers,1381.9,69
2020,13,Utah State,1376.2,70
2020,13,Duke,1373.9,71
2020,13,South Alabama,1368.8,72
2020,13,South Carolina,1364.2,73
2020,13,Arizona,1358.3,74
2020,13,North Texas,1354.8,75
2020,13,Eastern Michigan,1341.2,76
2020,13,Northern Illinois,1307.4,77
2020,13,Texas State,1304.3,78
2020,13,Syracuse,1279.6,79
2020,13,South Florida,1262.9,80
2020,13,UNLV,1257.0,81
2020,13,New Mexico,1252.5,82
2020,13,Massachusetts,1243.8,83
2020,13,Kansas,1237.2,84
2020,13,Bowling Green,1234.7,85
2020,13,UL Monroe,1193.3,86
2020,13,Vanderbilt,1189.0,87
2020,13,Akron,1175.1,88
2020,14,Alabama,1852.9,1
2020,14,Ohio State,1844.5,2
2020,14,Clemson,1825.0,3
2020,14,Notre Dame,1818.8,4
2020,14,BYU,1787.7,5
2020,14,Florida,1745.8,6
2020,14,Coastal Carolina,1731.5,7
2020,14,Louisiana,1726.1,8
2020,14,Oklahoma,1725.0,9
2020,14,Indiana,1714.8,10
2020,14,Iowa,1703.1,11
2020,14,Texas A&M,1695.1,12
2020,14,USC,1694.8,13
2020,14,Iowa State,1687.1,14
2020,14,Miami,1681.0,15
2020,14,Texas,1664.0,16
2020,14,App State,1655.7,17
2020,14,Oregon,1647.4,18
2020,14,Wisconsin,1645.0,19
2020,14,Marshall,1642.1,20
2020,14,San José State,1641.6,21
2020,14,Memphis,1638.0,22
2020,14,Tulsa,1627.2,23
2020,14,North Carolina,1625.5,24
2020,14,Nevada,1617.7,25
2020,14,Auburn,1600.2,26
2020,14,Tulane,1600.0,27
2020,14,Florida Atlantic,1598.6,28
2020,14,Colorado,1589.2,29
2020,14,Air Force,1587.6,30
2020,14,Oklahoma State,1585.6,31
2020,14,Washington,1582.6,32
2020,14,Utah,1572.8,33
2020,14,Ball State,1572.2,34
2020,14,San Diego State,1568.2,35
2020,14,LSU,1565.6,36
2020,14,Western Michigan,1563.3,37
2020,14,Georgia Southern,1558.0,38
2020,14,UCLA,1547.7,39
2020,14,TCU,1531.2,40
2020,14,NC State,1529.3,41
2020,14,West Virginia,1527.5,42
2020,14,Louisiana Tech,1527.4,43
2020,14,Toledo,1524.6,44
2020,14,Virginia,1524.2,45
2020,14,Troy,1522.9,46
2020,14,Missouri,1520.7,47
2020,14,Wyoming,1520.0,48
2020,14,Kentucky,1519.3,49
2020,14,Penn State,1510.2,50
2020,14,Boston College,1506.9,51
2020,14,Fresno State,1505.8,52
2020,14,Virginia Tech,1502.4,53
2020,14,Central Michigan,1500.4,54
2020,14,Kansas State,1489.4,55
2020,14,Washington State,1489.2,56
2020,14,Hawai'i,1484.5,57
2020,14,Baylor,1481.4,58
2020,14,Arizona State,1477.1,59
2020,14,Western Kentucky,1476.7,60
2020,14,Nebraska,1456.3,61
2020,14,Michigan State,1456.2,62
2020,14,Oregon State,1453.1,63
2020,14,California,1447.6,64
2020,14,Rice,1443.4,65
2020,14,Stanford,1440.8,66
2020,14,Navy,1434.4,67
2020,14,Illinois,1428.8,68
2020,14,Charlotte,1421.0,69
2020,14,Tennessee,1420.6,70
2020,14,Colorado State,1405.4,71
2020,14,Arkansas,1404.6,72
2020,14,Texas Tech,1402.5,73
2020,14,Arkansas State,1398.7,74
2020,14,Eastern Michigan,1395.6,75
2020,14,Purdue,1394.9,76
2020,14,Georgia Tech,1372.5,77
2020,14,Duke,1351.0,78
2020,14,Rutgers,1350.5,79
2020,14,South Carolina,1347.7,80
2020,14,Utah State,1340.9,81
2020,14,Arizona,1334.9,82
2020,14,South Alabama,1333.4,83
2020,14,North Texas,1331.1,84
2020,14,Northern Illinois,1278.3,85
2020,14,Syracuse,1277.7,86
2020,14,New Mexico,1269.8,87
2020,14,Kansas,1230.7,88
2020,14,Akron,1222.7,89
2020,14,Bowling Green,1187.1,90
2020,14,UL Monroe,1179.2,91
2020,15,Alabama,1864.2,1
2020,15,BYU,1797.1,2
2020,15,Coastal Carolina,1744.1,3
2020,15,Georgia,1737.9,4
2020,15,Iowa,1730.9,5
2020,15,Florida,1721.7,6
2020,15,Boise State,1715.4,7
2020,15,USC,1715.4,8
2020,15,North Carolina,1680.2,9
2020,15,App State,1680.0,10
2020,15,Buffalo,1673.9,11
2020,15,San José State,1662.4,12
2020,15,Memphis,1645.4,13
2020,15,Miami,1626.2,14
2020,15,Oklahoma State,1625.6,15
2020,15,Utah,1622.1,16
2020,15,Auburn,1621.6,17
2020,15,Wisconsin,1617.2,18
2020,15,Nevada,1597.0,19
2020,15,Northwestern,1597.0,20
2020,15,LSU,1589.7,21
2020,15,Ball State,1584.9,22
2020,15,TCU,1566.4,23
2020,15,UAB,1562.4,24
2020,15,Pittsburgh,1560.7,25
2020,15,San Diego State,1558.8,26
2020,15,Army,1555.6,27
2020,15,Minnesota,1553.9,28
2020,15,Western Michigan,1550.5,29
2020,15,Florida Atlantic,1542.6,30
2020,15,Colorado,1539.8,31
2020,15,Arizona State,1537.7,32
2020,15,Georgia Southern,1533.7,33
2020,15,Virginia Tech,1532.7,34
2020,15,Penn State,1531.4,35
2020,15,Toledo,1530.6,36
2020,15,UCLA,1527.1,37
2020,15,Troy,1510.4,38
2020,15,Wake Forest,1506.4,39
2020,15,Wyoming,1500.9,40
2020,15,Houston,1498.2,41
2020,15,Central Michigan,1494.4,42
2020,15,Hawai'i,1494.1,43
2020,15,Virginia,1493.9,44
2020,15,Louisiana Tech,1492.2,45
2020,15,Missouri,1490.5,46
2020,15,Louisville,1467.4,47
2020,15,Stanford,1464.3,48
2020,15,Fresno State,1460.4,49
2020,15,Tennessee,1444.1,50
2020,15,Baylor,1441.4,51
2020,15,Michigan State,1435.0,52
2020,15,Nebraska,1431.8,53
2020,15,Oregon State,1429.6,54
2020,15,Rice,1419.5,55
2020,15,Maryland,1415.4,56
2020,15,Illinois,1414.6,57
2020,15,Navy,1411.3,58
2020,15,Eastern Michigan,1408.2,59
2020,15,Arkansas,1393.3,60
2020,15,Florida State,1391.6,61
2020,15,Rutgers,1377.0,62
2020,15,Mississippi State,1373.4,63
2020,15,Southern Miss,1373.2,64
2020,15,Georgia Tech,1347.8,65
2020,15,North Texas,1346.3,66
2020,15,Duke,1323.1,67
2020,15,New Mexico,1315.2,68
2020,15,UTEP,1313.7,69
2020,15,Arizona,1274.3,70
2020,15,Northern Illinois,1265.7,71
2020,15,UNLV,1247.4,72
2020,15,Akron,1218.2,73
2020,15,Vanderbilt,1165.5,74
2020,16,Alabama,1879.4,1
2020,16,Clemson,1863.0,2
2020,16,Ohio State,1855.2,3
2020,16,Cincinnati,1788.5,4
2020,16,Notre Dame,1780.8,5
2020,16,Oklahoma,1746.2,6
2020,16,Texas A&M,1715.8,7
2020,16,Florida,1706.5,8
2020,16,San José State,1700.7,9
2020,16,USC,1683.3,10
2020,16,Oregon,1679.5,11
2020,16,Boise State,1677.1,12
2020,16,Iowa State,1665.9,13
2020,16,Utah,1640.7,14
2020,16,Buffalo,1639.3,15
2020,16,Wisconsin,1627.4,16
2020,16,Tulsa,1620.5,17
2020,16,Ball State,1619.5,18
2020,16,Marshall,1606.0,19
2020,16,LSU,1599.1,20
2020,16,UAB,1598.5,21
2020,16,Northwestern,1586.3,22
2020,16,Air Force,1572.7,23
2020,16,Arizona State,1571.7,24
2020,16,Army,1570.4,25
2020,16,Penn State,1552.0,26
2020,16,Minnesota,1543.7,27
2020,16,UCLA,1516.5,28
2020,16,Stanford,1474.9,29
2020,16,Washington State,1470.7,30
2020,16,Nebraska,1457.4,31
2020,16,Missouri,1448.2,32
2020,16,Ole Miss,1444.6,33
2020,16,Tennessee,1423.4,34
2020,16,Mississippi State,1415.7,35
2020,16,Oregon State,1395.6,36
2020,16,Illinois,1394.0,37
2020,16,Rutgers,1351.5,38
2021,1,Alabama,1784.3,1
2021,1,Ohio State,1763.3,2
2021,1,Cincinnati,1710.6,3
2021,1,BYU,1704.7,4
2021,1,Georgia,1699.0,5
2021,1,Notre Dame,1696.3,6
2021,1,Iowa,1696.2,7
2021,1,Clemson,1691.6,8
2021,1,Oklahoma,1677.2,9
2021,1,Texas A&M,1670.2,10
2021,1,USC,1667.2,11
2021,1,Coastal Carolina,1662.4,12
2021,1,Florida,1662.2,13
2021,1,Texas,1657.0,14
2021,1,UCF,1641.2,15
2021,1,Oregon,1637.7,16
2021,1,App State,1637.0,17
2021,1,San José State,1634.6,18
2021,1,Marshall,1626.3,19
2021,1,Army,1611.6,20
2021,1,Iowa State,1610.5,21
2021,1,Memphis,1599.3,22
2021,1,Buffalo,1596.8,23
2021,1,Louisiana,1596.6,24
2021,1,Utah,1596.2,25
2021,1,Auburn,1595.3,26
2021,1,UCLA,1594.8,27
2021,1,Indiana,1593.5,28
2021,1,Nevada,1592.8,29
2021,1,Boise State,1589.6,30
2021,1,San José State,1586.6,31
2021,1,Oklahoma State,1584.9,32
2021,1,Liberty,1584.5,33
2021,1,Ball State,1581.6,34
2021,1,SMU,1578.0,35
2021,1,Penn State,1577.7,36
2021,1,UAB,1577.0,37
2021,1,North Carolina,1575.8,38
2021,1,Michigan,1565.2,39
2021,1,Virginia Tech,1562.6,40
2021,1,Pittsburgh,1560.6,41
2021,1,UCLA,1558.6,42
2021,1,San Diego State,1554.7,43
2021,1,Air Force,1553.3,44
2021,1,Wake Forest,1553.2,45
2021,1,Arizona State,1552.9,46
2021,1,TCU,1550.7,47
2021,1,Tulane,1547.9,48
2021,1,Tulsa,1547.8,49
2021,1,Miami,1544.3,50
2021,1,NC State,1544.2,51
2021,1,Kansas State,1543.5,52
2021,1,Wisconsin,1538.9,53
2021,1,Fresno State,1534.3,54
2021,1,Colorado,1533.3,55
2021,1,Kentucky,1531.0,56
2021,1,Toledo,1528.3,57
2021,1,LSU,1528.2,58
2021,1,Michigan State,1527.4,59
2021,1,Georgia Southern,1526.0,60
2021,1,Ole Miss,1520.6,61
2021,1,Troy,1516.5,62
2021,1,Boston College,1514.3,63
2021,1,Fresno State,1513.3,64
2021,1,UTSA,1510.8,65
2021,1,Virginia,1505.9,66
2021,1,Missouri,1504.6,67
2021,1,Wyoming,1504.1,68
2021,1,Baylor,1500.9,69
2021,1,Florida Atlantic,1499.7,70
2021,1,Washington,1499.6,71
2021,1,Texas Tech,1496.2,72
2021,1,Minnesota,1496.0,73
2021,1,Western Kentucky,1495.0,74
2021,1,Kent State,1493.1,75
2021,1,Miami (OH),1487.2,76
2021,1,Northwestern,1486.4,77
2021,1,Louisiana Tech,1483.1,78
2021,1,West Virginia,1481.9,79
2021,1,Maryland,1481.0,80
2021,1,Western Michigan,1478.2,81
2021,1,Arkansas,1477.6,82
2021,1,Tennessee,1475.5,83
2021,1,Illinois,1467.5,84
2021,1,Purdue,1464.5,85
2021,1,Charlotte,1463.9,86
2021,1,Rutgers,1460.9,87
2021,1,UTEP,1459.4,88
2021,1,Central Michigan,1458.1,89
2021,1,Hawai'i,1457.5,90
2021,1,Mississippi State,1457.0,91
2021,1,UTEP,1451.3,92
2021,1,Eastern Michigan,1451.1,93
2021,1,Old Dominion,1451.0,94
2021,1,Nebraska,1449.8,95
2021,1,Hawai'i,1448.3,96
2021,1,Washington State,1448.1,97
2021,1,East Carolina,1447.2,98
2021,1,Arkansas State,1445.2,99
2021,1,South Alabama,1442.2,100
2021,1,UConn,1439.9,101
2021,1,Houston,1439.2,102
2021,1,California,1436.2,103
2021,1,Nebraska,1435.8,104
2021,1,Stanford,1433.3,105
2021,1,Syracuse,1432.8,106
2021,1,Georgia State,1430.5,107
2021,1,Utah State,1429.4,108
2021,1,Ohio,1426.7,109
2021,1,Illinois,1424.5,110
2021,1,Louisville,1422.2,111
2021,1,South Carolina,1415.7,112
2021,1,Florida State,1415.7,113
2021,1,North Texas,1415.2,114
2021,1,Middle Tennessee,1414.9,115
2021,1,Rice,1400.7,116
2021,1,Oregon State,1399.3,117
2021,1,Florida International,1392.6,118
2021,1,New Mexico,1391.7,119
2021,1,Georgia Tech,1385.4,120
2021,1,Navy,1384.9,121
2021,1,UConn,1374.1,122
2021,1,Duke,1369.8,123
2021,1,Southern Miss,1367.0,124
2021,1,Northern Illinois,1363.4,125
2021,1,Temple,1356.8,126
2021,1,Colorado State,1356.3,127
2021,1,Arizona,1341.7,128
2021,1,Kansas,1334.0,129
2021,1,Texas State,1333.8,130
2021,1,New Mexico State,1333.3,131
2021,1,South Florida,1320.7,132
2021,1,New Mexico State,1316.8,133
2021,1,Massachusetts,1312.3,134
2021,1,UNLV,1307.1,135
2021,1,Akron,1300.6,136
2021,1,UL Monroe,1273.0,137
2021,1,Bowling Green,1271.3,138
2021,1,Vanderbilt,1206.4,139
2021,2,Alabama,1786.8,1
2021,2,Iowa,1737.1,2
2021,2,Georgia,1732.0,3
2021,2,BYU,1725.4,4
2021,2,Cincinnati,1714.3,5
2021,2,Ohio State,1711.7,6
2021,2,Notre Dame,1705.7,7
2021,2,Clemson,1694.6,8
2021,2,Oregon,1689.4,9
2021,2,Texas A&M,1686.8,10
2021,2,Florida,1684.1,11
2021,2,Oklahoma,1680.5,12
2021,2,Coastal Carolina,1671.9,13
2021,2,UCF,1645.4,14
2021,2,Marshall,1631.9,15
2021,2,Penn State,1627.8,16
2021,2,Memphis,1624.5,17
2021,2,Liberty,1623.8,18
2021,2,Army,1623.6,19
2021,2,Boise State,1619.9,20
2021,2,App State,1615.4,21
2021,2,Oklahoma State,1606.9,22
2021,2,North Carolina,1604.2,23
2021,2,Auburn,1601.8,24
2021,2,Indiana,1601.5,25
2021,2,SMU,1600.0,26
2021,2,Michigan,1598.8,27
2021,2,Louisiana,1598.6,28
2021,2,Nevada,1596.5,29
2021,2,Pittsburgh,1596.2,30
2021,2,USC,1594.4,31
2021,2,Air Force,1594.2,32
2021,2,San Diego State,1591.9,33
2021,2,Virginia Tech,1585.7,34
2021,2,Texas,1582.0,35
2021,2,Utah,1575.5,36
2021,2,Wisconsin,1571.8,37
2021,2,Iowa State,1569.5,38
2021,2,Arizona State,1568.0,39
2021,2,Miami,1566.0,40
2021,2,TCU,1560.3,41
2021,2,Wake Forest,1559.0,42
2021,2,Kentucky,1557.7,43
2021,2,Florida Atlantic,1554.7,44
2021,2,Tulane,1552.9,45
2021,2,Arkansas,1552.6,46
2021,2,Kansas State,1550.0,47
2021,2,Boston College,1549.0,48
2021,2,UAB,1544.0,49
2021,2,Virginia,1540.1,50
2021,2,Michigan State,1535.6,51
2021,2,Wyoming,1534.5,52
2021,2,LSU,1533.9,53
2021,2,Ole Miss,1531.5,54
2021,2,Ball State,1531.4,55
2021,2,Purdue,1530.6,56
2021,2,Fresno State,1525.9,57
2021,2,Tulsa,1525.8,58
2021,2,Nebraska,1524.8,59
2021,2,Buffalo,1521.8,60
2021,2,Minnesota,1520.7,61
2021,2,UTSA,1520.4,62
2021,2,Toledo,1518.9,63
2021,2,Colorado,1516.6,64
2021,2,Mississippi State,1509.4,65
2021,2,Houston,1508.9,66
2021,2,Baylor,1508.0,67
2021,2,Rutgers,1507.9,68
2021,2,Kent State,1506.4,69
2021,2,Stanford,1506.1,70
2021,2,Texas Tech,1502.3,71
2021,2,Northwestern,1495.8,72
2021,2,West Virginia,1492.6,73
2021,2,NC State,1491.8,74
2021,2,Western Michigan,1491.2,75
2021,2,Maryland,1490.0,76
2021,2,Louisiana Tech,1488.6,77
2021,2,Western Kentucky,1483.0,78
2021,2,Missouri,1477.9,79
2021,2,Troy,1477.2,80
2021,2,Charlotte,1474.2,81
2021,2,Georgia Southern,1471.0,82
2021,2,Central Michigan,1470.5,83
2021,2,Old Dominion,1466.3,84
2021,2,Washington,1465.9,85
2021,2,Miami (OH),1462.6,86
2021,2,South Alabama,1460.7,87
2021,2,Washington State,1458.0,88
2021,2,Oregon State,1451.1,89
2021,2,Utah State,1446.5,90
2021,2,South Carolina,1446.1,91
2021,2,Tennessee,1439.9,92
2021,2,Louisville,1437.5,93
2021,2,UTEP,1429.0,94
2021,2,California,1426.6,95
2021,2,Arkansas State,1420.0,96
2021,2,Eastern Michigan,1418.2,97
2021,2,East Carolina,1416.9,98
2021,2,New Mexico,1415.7,99
2021,2,Temple,1413.6,100
2021,2,Hawai'i,1405.7,101
2021,2,Georgia Tech,1404.6,102
2021,2,Georgia State,1402.1,103
2021,2,Ohio,1396.6,104
2021,2,North Texas,1393.2,105
2021,2,Middle Tennessee,1391.9,106
2021,2,Illinois,1390.3,107
2021,2,Southern Miss,1389.1,108
2021,2,Syracuse,1385.9,109
2021,2,Duke,1384.2,110
2021,2,Texas State,1378.3,111
2021,2,Florida State,1377.8,112
2021,2,Florida International,1348.1,113
2021,2,Navy,1344.0,114
2021,2,Northern Illinois,1333.0,115
2021,2,Rice,1331.1,116
2021,2,Kansas,1324.4,117
2021,2,Colorado State,1321.1,118
2021,2,UConn,1308.1,119
2021,2,Arizona,1304.5,120
2021,2,South Florida,1298.9,121
2021,2,New Mexico State,1292.7,122
2021,2,UNLV,1292.0,123
2021,2,Massachusetts,1277.6,124
2021,2,Bowling Green,1252.8,125
2021,2,Akron,1243.7,126
2021,2,Vanderbilt,1241.7,127
2021,3,Alabama,1804.7,1
2021,3,Cincinnati,1757.3,2
2021,3,Iowa,1752.7,3
2021,3,Georgia,1744.1,4
2021,3,BYU,1742.4,5
2021,3,Ohio State,1730.7,6
2021,3,Notre Dame,1723.3,7
2021,3,Clemson,1701.5,8
2021,3,Texas A&M,1700.8,9
2021,3,Oklahoma,1695.4,10
2021,3,Oregon,1693.1,11
2021,3,Coastal Carolina,1691.7,12
2021,3,Florida,1666.1,13
2021,3,Penn State,1656.0,14
2021,3,Liberty,1647.7,15
2021,3,USC,1645.8,16
2021,3,North Carolina,1637.6,17
2021,3,Army,1634.3,18
2021,3,Memphis,1634.1,19
2021,3,Oklahoma State,1621.7,20
2021,3,App State,1619.8,21
2021,3,Louisiana,1619.0,22
2021,3,SMU,1617.5,23
2021,3,Michigan,1615.0,24
2021,3,San José State,1607.3,25
2021,3,San Diego State,1606.5,26
2021,3,Boise State,1605.2,27
2021,3,Iowa State,1604.2,28
2021,3,Michigan State,1603.2,29
2021,3,Kansas State,1602.2,30
2021,3,Texas,1599.9,31
2021,3,Boston College,1597.5,32
2021,3,UAB,1594.5,33
2021,3,Minnesota,1591.3,34
2021,3,UCF,1589.7,35
2021,3,Arkansas,1589.0,36
2021,3,Marshall,1589.0,37
2021,3,Ole Miss,1588.8,38
2021,3,Wyoming,1584.2,39
2021,3,Wake Forest,1578.5,40
2021,3,Auburn,1573.5,41
2021,3,LSU,1570.9,42
2021,3,Pittsburgh,1562.6,43
2021,3,UCLA,1562.6,44
2021,3,Kentucky,1561.2,45
2021,3,Utah,1560.8,46
2021,3,Florida Atlantic,1559.7,47
2021,3,Indiana,1558.5,48
2021,3,Fresno State,1558.0,49
2021,3,Baylor,1554.8,50
2021,3,Air Force,1553.3,51
2021,3,Arizona State,1550.9,52
2021,3,Virginia Tech,1547.3,53
2021,3,Nevada,1544.3,54
2021,3,UTSA,1542.6,55
2021,3,Stanford,1534.2,56
2021,3,West Virginia,1530.9,57
2021,3,Texas Tech,1527.8,58
2021,3,Western Michigan,1524.9,59
2021,3,Rutgers,1521.3,60
2021,3,Troy,1520.8,61
2021,3,Houston,1518.4,62
2021,3,Purdue,1512.9,63
2021,3,Maryland,1512.8,64
2021,3,Washington,1512.3,65
2021,3,Nebraska,1509.9,66
2021,3,NC State,1508.0,67
2021,3,Tulsa,1506.7,68
2021,3,Virginia,1506.7,69
2021,3,Buffalo,1502.1,70
2021,3,Mississippi State,1499.8,71
2021,3,Miami,1498.4,72
2021,3,Tulane,1495.5,73
2021,3,Louisville,1493.1,74
2021,3,Kent State,1490.9,75
2021,3,Utah State,1487.3,76
2021,3,Missouri,1483.6,77
2021,3,Ball State,1481.8,78
2021,3,Miami (OH),1472.1,79
2021,3,Louisiana Tech,1471.1,80
2021,3,Oregon State,1467.8,81
2021,3,South Alabama,1466.6,82
2021,3,East Carolina,1459.7,83
2021,3,Eastern Michigan,1457.9,84
2021,3,Northwestern,1452.4,85
2021,3,Georgia State,1447.9,86
2021,3,Tennessee,1447.8,87
2021,3,Colorado,1446.1,88
2021,3,Toledo,1444.2,89
2021,3,Old Dominion,1442.4,90
2021,3,California,1435.7,91
2021,3,Georgia Southern,1434.6,92
2021,3,South Carolina,1434.0,93
2021,3,Central Michigan,1433.5,94
2021,3,Charlotte,1428.4,95
2021,3,Duke,1427.6,96
2021,3,Washington State,1406.5,97
2021,3,New Mexico,1401.7,98
2021,3,Syracuse,1398.3,99
2021,3,Georgia Tech,1397.7,100
2021,3,Colorado State,1395.7,101
2021,3,Hawai'i,1384.9,102
2021,3,Ohio,1376.3,103
2021,3,Arkansas State,1373.7,104
2021,3,Middle Tennessee,1369.7,105
2021,3,Illinois,1367.4,106
2021,3,Temple,1365.1,107
2021,3,Florida State,1358.3,108
2021,3,Southern Miss,1345.5,109
2021,3,North Texas,1342.7,110
2021,3,South Florida,1327.8,111
2021,3,Florida International,1322.7,112
2021,3,Texas State,1321.0,113
2021,3,Northern Illinois,1316.8,114
2021,3,Rice,1313.2,115
2021,3,New Mexico State,1308.5,116
2021,3,UConn,1297.4,117
2021,3,UL Monroe,1292.1,118
2021,3,Bowling Green,1285.7,119
2021,3,Kansas,1277.6,120
2021,3,Arizona,1274.7,121
2021,3,Akron,1273.8,122
2021,3,UNLV,1257.4,123
2021,3,Massachusetts,1238.0,124
2021,3,Vanderbilt,1213.6,125
2021,4,Alabama,1808.9,1
2021,4,Notre Dame,1761.7,2
2021,4,Iowa,1757.4,3
2021,4,Georgia,1753.8,4
2021,4,BYU,1745.5,5
2021,4,Ohio State,1735.1,6
2021,4,Oklahoma,1703.0,7
2021,4,Oregon,1697.4,8
2021,4,Coastal Carolina,1696.1,9
2021,4,Florida,1679.6,10
2021,4,Penn State,1661.7,11
2021,4,Clemson,1661.2,12
2021,4,SMU,1657.8,13
2021,4,Texas A&M,1653.1,14
2021,4,Army,1649.0,15
2021,4,Oklahoma State,1647.9,16
2021,4,Boise State,1645.5,17
2021,4,Louisiana,1641.3,18
2021,4,Arkansas,1636.7,19
2021,4,Michigan,1631.0,20
2021,4,Texas,1630.3,21
2021,4,App State,1626.8,22
2021,4,UAB,1621.9,23
2021,4,Wake Forest,1621.7,24
2021,4,Liberty,1615.3,25
2021,4,Michigan State,1613.9,26
2021,4,Boston College,1612.0,27
2021,4,San Diego State,1609.6,28
2021,4,Memphis,1607.6,29
2021,4,UCLA,1601.5,30
2021,4,Wyoming,1591.9,31
2021,4,Air Force,1590.9,32
2021,4,LSU,1590.6,33
2021,4,Auburn,1589.4,34
2021,4,Iowa State,1589.2,35
2021,4,Kentucky,1584.9,36
2021,4,USC,1584.5,37
2021,4,Marshall,1582.0,38
2021,4,Indiana,1577.7,39
2021,4,Kansas State,1576.0,40
2021,4,Utah,1575.2,41
2021,4,Pittsburgh,1573.9,42
2021,4,Arizona State,1573.8,43
2021,4,Western Michigan,1571.3,44
2021,4,Baylor,1569.8,45
2021,4,UTSA,1569.1,46
2021,4,Fresno State,1563.9,47
2021,4,San José State,1560.9,48
2021,4,Minnesota,1555.8,49
2021,4,North Carolina,1555.5,50
2021,4,Virginia Tech,1552.4,51
2021,4,NC State,1548.3,52
2021,4,Maryland,1545.2,53
2021,4,Wisconsin,1533.4,54
2021,4,Houston,1532.8,55
2021,4,Washington,1529.5,56
2021,4,Oregon State,1529.0,57
2021,4,West Virginia,1523.3,58
2021,4,Purdue,1522.6,59
2021,4,Florida Atlantic,1522.1,60
2021,4,TCU,1520.0,61
2021,4,Tulsa,1520.0,62
2021,4,Louisville,1519.3,63
2021,4,Buffalo,1512.2,64
2021,4,Rutgers,1505.3,65
2021,4,Miami,1503.7,66
2021,4,Nebraska,1499.2,67
2021,4,Texas Tech,1497.4,68
2021,4,Stanford,1495.3,69
2021,4,Toledo,1486.7,70
2021,4,Louisiana Tech,1484.7,71
2021,4,Eastern Michigan,1480.9,72
2021,4,Northwestern,1480.7,73
2021,4,Mississippi State,1480.2,74
2021,4,Georgia Tech,1479.8,75
2021,4,Missouri,1469.0,76
2021,4,Tulane,1468.1,77
2021,4,East Carolina,1463.8,78
2021,4,Western Kentucky,1463.7,79
2021,4,Virginia,1463.6,80
2021,4,Kent State,1458.6,81
2021,4,Miami (OH),1457.4,82
2021,4,UTEP,1450.3,83
2021,4,Utah State,1447.0,84
2021,4,Troy,1446.9,85
2021,4,Duke,1445.2,86
2021,4,Central Michigan,1444.9,87
2021,4,Charlotte,1440.8,88
2021,4,Ball State,1439.3,89
2021,4,Tennessee,1434.3,90
2021,4,Old Dominion,1432.3,91
2021,4,Georgia State,1432.0,92
2021,4,Syracuse,1430.7,93
2021,4,Hawai'i,1427.6,94
2021,4,Colorado,1423.1,95
2021,4,California,1418.4,96
2021,4,Georgia Southern,1412.2,97
2021,4,South Carolina,1410.3,98
2021,4,Washington State,1392.2,99
2021,4,Colorado State,1391.0,100
2021,4,New Mexico,1380.4,101
2021,4,Temple,1375.4,102
2021,4,UL Monroe,1366.0,103
2021,4,Arkansas State,1360.4,104
2021,4,Illinois,1357.7,105
2021,4,Middle Tennessee,1357.3,106
2021,4,Ohio,1348.0,107
2021,4,Southern Miss,1341.3,108
2021,4,Florida State,1332.1,109
2021,4,Northern Illinois,1331.7,110
2021,4,Navy,1329.7,111
2021,4,North Texas,1329.1,112
2021,4,Rice,1326.0,113
2021,4,South Florida,1324.8,114
2021,4,Bowling Green,1321.2,115
2021,4,Florida International,1311.2,116
2021,4,Texas State,1298.0,117
2021,4,UConn,1289.7,118
2021,4,Arizona,1270.4,119
2021,4,Akron,1269.4,120
2021,4,New Mexico State,1265.9,121
2021,4,Kansas,1259.9,122
2021,4,UNLV,1251.5,123
2021,4,Massachusetts,1233.5,124
2021,4,Vanderbilt,1203.9,125
2021,5,Alabama,1821.7,1
2021,5,Cincinnati,1798.8,2
2021,5,Iowa,1791.1,3
2021,5,Georgia,1779.0,4
2021,5,Ohio State,1767.2,5
2021,5,BYU,1763.6,6
2021,5,Oklahoma,1726.8,7
2021,5,Notre Dame,1720.2,8
2021,5,Coastal Carolina,1705.1,9
2021,5,Penn State,1687.6,10
2021,5,Clemson,1679.4,11
2021,5,Michigan,1672.0,12
2021,5,Liberty,1669.3,13
2021,5,Oklahoma State,1667.7,14
2021,5,SMU,1665.0,15
2021,5,App State,1660.2,16
2021,5,Oregon,1653.5,17
2021,5,Texas,1653.2,18
2021,5,Louisiana,1652.9,19
2021,5,Florida,1646.6,20
2021,5,Wake Forest,1631.9,21
2021,5,Michigan State,1630.9,22
2021,5,Arizona State,1626.0,23
2021,5,Air Force,1622.3,24
2021,5,Pittsburgh,1620.3,25
2021,5,Texas A&M,1619.8,26
2021,5,USC,1619.4,27
2021,5,Auburn,1619.2,28
2021,5,Kentucky,1617.8,29
2021,5,Arkansas,1611.6,30
2021,5,Western Michigan,1601.7,31
2021,5,Boise State,1599.1,32
2021,5,Iowa State,1598.3,33
2021,5,Army,1593.9,34
2021,5,Boston College,1593.8,35
2021,5,Houston,1590.7,36
2021,5,Nevada,1590.7,37
2021,5,Minnesota,1588.0,38
2021,5,North Carolina,1580.2,39
2021,5,Memphis,1576.3,40
2021,5,Ole Miss,1576.1,41
2021,5,UTSA,1574.2,42
2021,5,UAB,1567.9,43
2021,5,NC State,1566.5,44
2021,5,San José State,1566.3,45
2021,5,LSU,1560.8,46
2021,5,Kansas State,1552.2,47
2021,5,Indiana,1551.9,48
2021,5,UCF,1551.4,49
2021,5,Baylor,1550.0,50
2021,5,UCLA,1549.3,51
2021,5,Oregon State,1544.9,52
2021,5,Fresno State,1543.2,53
2021,5,Nebraska,1540.7,54
2021,5,Stanford,1539.2,55
2021,5,Marshall,1538.8,56
2021,5,Florida Atlantic,1537.9,57
2021,5,Texas Tech,1521.5,58
2021,5,Toledo,1515.9,59
2021,5,Washington,1513.7,60
2021,5,Mississippi State,1513.5,61
2021,5,Maryland,1511.5,62
2021,5,Louisville,1509.0,63
2021,5,East Carolina,1500.6,64
2021,5,West Virginia,1499.2,65
2021,5,Tennessee,1498.9,66
2021,5,TCU,1497.0,67
2021,5,Ball State,1494.4,68
2021,5,Wisconsin,1492.5,69
2021,5,Purdue,1490.4,70
2021,5,Miami (OH),1484.4,71
2021,5,Miami,1484.2,72
2021,5,Virginia,1483.1,73
2021,5,Buffalo,1481.8,74
2021,5,Rutgers,1473.3,75
2021,5,UTEP,1472.4,76
2021,5,Kent State,1471.6,77
2021,5,Louisiana Tech,1466.4,78
2021,5,Tulsa,1462.1,79
2021,5,South Alabama,1455.1,80
2021,5,Hawai'i,1448.2,81
2021,5,Western Kentucky,1446.7,82
2021,5,Georgia Southern,1442.7,83
2021,5,Eastern Michigan,1442.4,84
2021,5,Washington State,1440.4,85
2021,5,South Carolina,1440.3,86
2021,5,Northwestern,1439.2,87
2021,5,Georgia Tech,1433.4,88
2021,5,Tulane,1431.2,89
2021,5,Utah State,1428.9,90
2021,5,Duke,1420.5,91
2021,5,Central Michigan,1417.9,92
2021,5,Troy,1416.8,93
2021,5,Old Dominion,1410.2,94
2021,5,Syracuse,1408.4,95
2021,5,Temple,1406.7,96
2021,5,Missouri,1404.5,97
2021,5,Charlotte,1404.2,98
2021,5,Middle Tennessee,1400.5,99
2021,5,Georgia State,1398.5,100
2021,5,Illinois,1394.4,101
2021,5,Colorado,1388.2,102
2021,5,Ohio,1388.2,103
2021,5,California,1370.3,104
2021,5,Northern Illinois,1370.2,105
2021,5,Navy,1368.1,106
2021,5,UL Monroe,1356.9,107
2021,5,Florida State,1354.3,108
2021,5,New Mexico,1349.1,109
2021,5,Rice,1347.7,110
2021,5,Arkansas State,1329.9,111
2021,5,Southern Miss,1319.6,112
2021,5,South Florida,1317.5,113
2021,5,Bowling Green,1308.1,114
2021,5,Florida International,1295.4,115
2021,5,UConn,1272.8,116
2021,5,New Mexico State,1260.5,117
2021,5,Kansas,1250.8,118
2021,5,UNLV,1246.4,119
2021,5,Akron,1229.2,120
2021,5,Vanderbilt,1220.8,121
2021,5,Massachusetts,1204.4,122
2021,6,Georgia,1808.6,1
2021,6,Cincinnati,1805.1,2
2021,6,Iowa,1799.6,3
2021,6,Alabama,1797.3,4
2021,6,Ohio State,1778.3,5
2021,6,Oklahoma,1747.2,6
2021,6,Notre Dame,1735.1,7
2021,6,BYU,1724.1,8
2021,6,Coastal Carolina,1719.2,9
2021,6,Michigan,1685.9,10
2021,6,Penn State,1679.1,11
2021,6,SMU,1678.9,12
2021,6,Liberty,1678.3,13
2021,6,Michigan State,1658.2,14
2021,6,Florida,1650.8,15
2021,6,Air Force,1646.5,16
2021,6,Arizona State,1645.5,17
2021,6,Texas A&M,1644.2,18
2021,6,Wake Forest,1642.2,19
2021,6,Kentucky,1641.1,20
2021,6,Boise State,1638.6,21
2021,6,Texas,1632.8,22
2021,6,Utah,1625.9,23
2021,6,San Diego State,1620.3,24
2021,6,Houston,1617.8,25
2021,6,Arkansas,1602.5,26
2021,6,Nevada,1598.3,27
2021,6,UTSA,1597.9,28
2021,6,UAB,1592.3,29
2021,6,Auburn,1589.6,30
2021,6,Ole Miss,1585.1,31
2021,6,Baylor,1575.2,32
2021,6,UCLA,1570.6,33
2021,6,USC,1568.7,34
2021,6,Wyoming,1567.6,35
2021,6,UCF,1566.3,36
2021,6,TCU,1550.6,37
2021,6,Marshall,1550.2,38
2021,6,Memphis,1549.1,39
2021,6,Western Michigan,1548.8,40
2021,6,Ball State,1547.3,41
2021,6,LSU,1537.6,42
2021,6,Virginia Tech,1537.5,43
2021,6,North Carolina,1537.4,44
2021,6,Wisconsin,1535.1,45
2021,6,Nebraska,1526.8,46
2021,6,Tennessee,1523.3,47
2021,6,Stanford,1519.8,48
2021,6,Oregon State,1516.6,49
2021,6,Florida Atlantic,1513.5,50
2021,6,San José State,1508.0,51
2021,6,Maryland,1500.3,52
2021,6,Louisville,1499.0,53
2021,6,Toledo,1497.3,54
2021,6,UTEP,1497.2,55
2021,6,Kent State,1495.3,56
2021,6,Virginia,1493.2,57
2021,6,Tulsa,1489.3,58
2021,6,East Carolina,1485.7,59
2021,6,Miami (OH),1476.7,60
2021,6,West Virginia,1474.0,61
2021,6,Washington State,1468.7,62
2021,6,Texas Tech,1468.0,63
2021,6,Buffalo,1458.1,64
2021,6,Georgia Tech,1455.1,65
2021,6,Georgia State,1452.6,66
2021,6,Eastern Michigan,1450.1,67
2021,6,Colorado State,1449.4,68
2021,6,Rutgers,1446.0,69
2021,6,Central Michigan,1436.0,70
2021,6,South Alabama,1434.3,71
2021,6,Charlotte,1431.7,72
2021,6,Troy,1431.3,73
2021,6,Georgia Southern,1428.2,74
2021,6,Missouri,1426.5,75
2021,6,Western Kentucky,1423.0,76
2021,6,South Carolina,1415.9,77
2021,6,Tulane,1404.1,78
2021,6,Temple,1400.4,79
2021,6,Duke,1398.9,80
2021,6,Old Dominion,1398.9,81
2021,6,Syracuse,1398.2,82
2021,6,Florida State,1397.1,83
2021,6,Middle Tennessee,1391.6,84
2021,6,Northern Illinois,1388.8,85
2021,6,Ohio,1370.2,86
2021,6,Navy,1354.1,87
2021,6,Illinois,1351.8,88
2021,6,New Mexico,1338.3,89
2021,6,Texas State,1318.8,90
2021,6,Arkansas State,1315.9,91
2021,6,North Texas,1307.1,92
2021,6,UL Monroe,1302.8,93
2021,6,Southern Miss,1294.8,94
2021,6,Akron,1272.7,95
2021,6,Florida International,1267.9,96
2021,6,Bowling Green,1264.7,97
2021,6,New Mexico State,1252.9,98
2021,6,Arizona,1249.1,99
2021,6,UConn,1239.9,100
2021,6,Massachusetts,1237.2,101
2021,6,Vanderbilt,1216.7,102
2021,7,Georgia,1821.6,1
2021,7,Alabama,1819.2,2
2021,7,Cincinnati,1816.3,3
2021,7,Oklahoma,1759.2,4
2021,7,Iowa,1746.4,5
2021,7,Oklahoma State,1695.9,6
2021,7,Clemson,1687.7,7
2021,7,Louisiana,1685.8,8
2021,7,BYU,1682.3,9
2021,7,Michigan State,1677.5,10
2021,7,Air Force,1674.8,11
2021,7,Texas A&M,1667.6,12
2021,7,Oregon,1658.6,13
2021,7,Pittsburgh,1655.7,14
2021,7,Utah,1653.6,15
2021,7,Liberty,1645.1,16
2021,7,San Diego State,1641.0,17
2021,7,Iowa State,1631.4,18
2021,7,Auburn,1628.8,19
2021,7,Kentucky,1628.1,20
2021,7,App State,1627.3,21
2021,7,Florida,1621.7,22
2021,7,Arizona State,1617.8,23
2021,7,Baylor,1617.0,24
2021,7,NC State,1614.4,25
2021,7,Nevada,1612.5,26
2021,7,UAB,1612.1,27
2021,7,Boise State,1610.4,28
2021,7,UTSA,1609.1,29
2021,7,Ole Miss,1606.7,30
2021,7,Texas,1604.5,31
2021,7,Minnesota,1603.4,32
2021,7,UCLA,1596.0,33
2021,7,Fresno State,1585.0,34
2021,7,Western Michigan,1575.7,35
2021,7,Marshall,1573.4,36
2021,7,Army,1571.0,37
2021,7,Ball State,1570.3,38
2021,7,LSU,1566.6,39
2021,7,Arkansas,1563.3,40
2021,7,Memphis,1560.6,41
2021,7,Wisconsin,1557.9,42
2021,7,UCF,1555.1,43
2021,7,North Carolina,1548.0,44
2021,7,Boston College,1546.0,45
2021,7,Purdue,1543.5,46
2021,7,TCU,1538.6,47
2021,7,Indiana,1532.5,48
2021,7,Wyoming,1525.9,49
2021,7,UTEP,1521.0,50
2021,7,Kansas State,1519.1,51
2021,7,Virginia,1518.0,52
2021,7,Nebraska,1511.4,53
2021,7,Stanford,1503.9,54
2021,7,Virginia Tech,1502.0,55
2021,7,Tennessee,1501.6,56
2021,7,Tulsa,1495.5,57
2021,7,Texas Tech,1493.2,58
2021,7,Mississippi State,1491.7,59
2021,7,Washington,1488.3,60
2021,7,San José State,1487.3,61
2021,7,Miami (OH),1486.6,62
2021,7,Colorado State,1485.6,63
2021,7,Washington State,1484.5,64
2021,7,Toledo,1480.9,65
2021,7,Miami,1473.5,66
2021,7,Kent State,1468.3,67
2021,7,Northwestern,1465.6,68
2021,7,South Alabama,1465.2,69
2021,7,Western Kentucky,1464.8,70
2021,7,Buffalo,1462.7,71
2021,7,Central Michigan,1452.4,72
2021,7,Troy,1446.0,73
2021,7,Utah State,1442.7,74
2021,7,Louisiana Tech,1442.6,75
2021,7,Hawai'i,1434.0,76
2021,7,Eastern Michigan,1427.1,77
2021,7,Rutgers,1419.6,78
2021,7,South Carolina,1418.6,79
2021,7,Colorado,1406.7,80
2021,7,Missouri,1403.1,81
2021,7,Northern Illinois,1401.0,82
2021,7,Georgia Southern,1397.2,83
2021,7,Syracuse,1389.9,84
2021,7,Duke,1374.0,85
2021,7,Ohio,1365.6,86
2021,7,California,1365.2,87
2021,7,Old Dominion,1357.0,88
2021,7,Navy,1342.5,89
2021,7,Rice,1336.4,90
2021,7,UL Monroe,1336.0,91
2021,7,South Florida,1311.4,92
2021,7,Texas State,1304.1,93
2021,7,New Mexico,1302.1,94
2021,7,North Texas,1283.9,95
2021,7,Southern Miss,1275.0,96
2021,7,Akron,1262.8,97
2021,7,UConn,1257.0,98
2021,7,Bowling Green,1252.4,99
2021,7,UNLV,1232.6,100
2021,7,Arizona,1230.7,101
2021,7,Kansas,1225.6,102
2021,7,Vanderbilt,1214.0,103
2021,8,Alabama,1826.1,1
2021,8,Cincinnati,1821.6,2
2021,8,Ohio State,1804.8,3
2021,8,Oklahoma,1764.2,4
2021,8,Notre Dame,1747.7,5
2021,8,Coastal Carolina,1701.0,6
2021,8,Michigan,1697.2,7
2021,8,BYU,1691.2,8
2021,8,Louisiana,1688.7,9
2021,8,SMU,1687.7,10
2021,8,Pittsburgh,1681.4,11
2021,8,Oklahoma State,1679.3,12
2021,8,Texas A&M,1677.7,13
2021,8,Oregon,1675.3,14
2021,8,Wake Forest,1674.2,15
2021,8,San Diego State,1669.5,16
2021,8,Clemson,1662.0,17
2021,8,Penn State,1658.8,18
2021,8,Liberty,1654.9,19
2021,8,Iowa State,1648.0,20
2021,8,Air Force,1646.3,21
2021,8,App State,1645.5,22
2021,8,UTSA,1639.8,23
2021,8,Houston,1629.0,24
2021,8,Ole Miss,1628.6,25
2021,8,Minnesota,1621.5,26
2021,8,Utah,1620.8,27
2021,8,NC State,1603.9,28
2021,8,Nevada,1600.9,29
2021,8,Wisconsin,1596.8,30
2021,8,Fresno State,1596.5,31
2021,8,UCF,1583.1,32
2021,8,UCLA,1579.3,33
2021,8,UAB,1576.7,34
2021,8,Arkansas,1565.5,35
2021,8,USC,1556.2,36
2021,8,Florida Atlantic,1552.7,37
2021,8,Oregon State,1549.4,38
2021,8,LSU,1544.7,39
2021,8,Army,1539.0,40
2021,8,Ball State,1537.5,41
2021,8,Western Michigan,1536.2,42
2021,8,Virginia,1534.2,43
2021,8,Memphis,1532.6,44
2021,8,Louisville,1529.6,45
2021,8,Kansas State,1528.2,46
2021,8,Toledo,1520.5,47
2021,8,Miami (OH),1519.4,48
2021,8,Boston College,1515.5,49
2021,8,Mississippi State,1513.9,50
2021,8,West Virginia,1513.5,51
2021,8,Indiana,1506.1,52
2021,8,Purdue,1504.7,53
2021,8,San José State,1501.1,54
2021,8,Washington,1500.0,55
2021,8,TCU,1499.1,56
2021,8,Tennessee,1494.7,57
2021,8,Buffalo,1491.5,58
2021,8,Kent State,1491.0,59
2021,8,Western Kentucky,1487.4,60
2021,8,Texas Tech,1484.1,61
2021,8,Miami,1484.0,62
2021,8,Maryland,1482.2,63
2021,8,Wyoming,1481.6,64
2021,8,Washington State,1475.6,65
2021,8,East Carolina,1474.5,66
2021,8,Colorado State,1473.4,67
2021,8,Virginia Tech,1472.8,68
2021,8,Georgia State,1465.3,69
2021,8,Eastern Michigan,1457.5,70
2021,8,Utah State,1454.9,71
2021,8,Northwestern,1454.3,72
2021,8,Hawai'i,1445.4,73
2021,8,Central Michigan,1441.9,74
2021,8,Georgia Tech,1439.0,75
2021,8,South Alabama,1430.1,76
2021,8,Middle Tennessee,1426.0,77
2021,8,Syracuse,1419.2,78
2021,8,Florida State,1416.1,79
2021,8,Louisiana Tech,1412.0,80
2021,8,Northern Illinois,1411.5,81
2021,8,South Carolina,1408.4,82
2021,8,California,1400.3,83
2021,8,Tulane,1395.4,84
2021,8,Charlotte,1392.5,85
2021,8,Illinois,1372.0,86
2021,8,Rice,1371.9,87
2021,8,Colorado,1371.5,88
2021,8,UL Monroe,1371.0,89
2021,8,Temple,1360.9,90
2021,8,South Florida,1350.9,91
2021,8,New Mexico,1346.5,92
2021,8,Ohio,1343.0,93
2021,8,Navy,1337.2,94
2021,8,Arkansas State,1313.0,95
2021,8,Texas State,1291.4,96
2021,8,North Texas,1274.1,97
2021,8,Florida International,1245.4,98
2021,8,New Mexico State,1241.5,99
2021,8,Akron,1233.9,100
2021,8,UConn,1222.5,101
2021,8,Bowling Green,1222.0,102
2021,8,Kansas,1220.6,103
2021,8,Arizona,1219.0,104
2021,8,UNLV,1218.9,105
2021,8,Massachusetts,1218.3,106
2021,8,Vanderbilt,1191.7,107
2021,9,Georgia,1842.8,1
2021,9,Cincinnati,1831.1,2
2021,9,Ohio State,1816.3,3
2021,9,Oklahoma,1772.8,4
2021,9,Notre Dame,1756.9,5
2021,9,Coastal Carolina,1707.0,6
2021,9,BYU,1704.9,7
2021,9,Iowa,1699.4,8
2021,9,Michigan State,1694.0,9
2021,9,Louisiana,1693.6,10
2021,9,Oklahoma State,1682.9,11
2021,9,Wake Forest,1682.4,12
2021,9,Oregon,1682.3,13
2021,9,Michigan,1680.8,14
2021,9,Clemson,1669.2,15
2021,9,SMU,1663.3,16
2021,9,Liberty,1658.9,17
2021,9,App State,1654.4,18
2021,9,Houston,1653.4,19
2021,9,Pittsburgh,1653.1,20
2021,9,Auburn,1652.4,21
2021,9,Minnesota,1651.4,22
2021,9,Penn State,1647.3,23
2021,9,Utah,1645.3,24
2021,9,Wisconsin,1643.8,25
2021,9,Baylor,1635.8,26
2021,9,Fresno State,1633.8,27
2021,9,Boise State,1633.1,28
2021,9,San Diego State,1632.2,29
2021,9,NC State,1623.3,30
2021,9,Iowa State,1617.2,31
2021,9,UCF,1611.1,32
2021,9,Nevada,1605.8,33
2021,9,Ole Miss,1605.0,34
2021,9,Florida,1600.6,35
2021,9,Kentucky,1590.2,36
2021,9,Texas,1585.7,37
2021,9,Marshall,1580.4,38
2021,9,Arizona State,1573.4,39
2021,9,Florida Atlantic,1564.3,40
2021,9,USC,1560.0,41
2021,9,UCLA,1554.8,42
2021,9,Kansas State,1553.6,43
2021,9,Mississippi State,1551.8,44
2021,9,West Virginia,1544.3,45
2021,9,North Carolina,1538.8,46
2021,9,Purdue,1529.8,47
2021,9,Washington,1528.9,48
2021,9,Virginia,1520.4,49
2021,9,Washington State,1520.0,50
2021,9,San José State,1518.2,51
2021,9,Miami,1512.3,52
2021,9,Louisville,1510.2,53
2021,9,Western Kentucky,1509.7,54
2021,9,UTEP,1509.4,55
2021,9,Oregon State,1507.6,56
2021,9,Virginia Tech,1502.4,57
2021,9,Maryland,1496.6,58
2021,9,Indiana,1491.7,59
2021,9,Georgia State,1490.1,60
2021,9,East Carolina,1490.0,61
2021,9,Nebraska,1486.3,62
2021,9,Utah State,1482.8,63
2021,9,Boston College,1478.7,64
2021,9,Texas Tech,1475.5,65
2021,9,Stanford,1474.9,66
2021,9,TCU,1473.8,67
2021,9,Tulsa,1471.8,68
2021,9,Wyoming,1464.5,69
2021,9,Syracuse,1455.9,70
2021,9,Colorado State,1450.6,71
2021,9,South Alabama,1447.1,72
2021,9,Buffalo,1444.9,73
2021,9,Rutgers,1443.9,74
2021,9,California,1442.1,75
2021,9,Middle Tennessee,1441.9,76
2021,9,Troy,1440.1,77
2021,9,Northwestern,1424.3,78
2021,9,Missouri,1420.9,79
2021,9,Hawai'i,1417.6,80
2021,9,Georgia Tech,1409.3,81
2021,9,Florida State,1408.8,82
2021,9,Louisiana Tech,1395.9,83
2021,9,Tulane,1385.8,84
2021,9,Old Dominion,1373.1,85
2021,9,Georgia Southern,1372.5,86
2021,9,Charlotte,1370.2,87
2021,9,Duke,1365.8,88
2021,9,Colorado,1364.5,89
2021,9,UL Monroe,1362.1,90
2021,9,Navy,1360.9,91
2021,9,Illinois,1347.7,92
2021,9,Rice,1340.6,93
2021,9,South Florida,1335.4,94
2021,9,Temple,1332.9,95
2021,9,North Texas,1305.3,96
2021,9,Arkansas State,1296.1,97
2021,9,Texas State,1286.4,98
2021,9,Bowling Green,1268.7,99
2021,9,Southern Miss,1259.0,100
2021,9,Florida International,1238.3,101
2021,9,Kansas,1217.0,102
2021,9,Arizona,1215.2,103
2021,9,Massachusetts,1214.3,104
2021,9,UNLV,1214.0,105
2021,9,Vanderbilt,1173.9,106
2021,10,Georgia,1846.8,1
2021,10,Cincinnati,1834.7,2
2021,10,Alabama,1830.9,3
2021,10,Ohio State,1827.5,4
2021,10,Notre Dame,1761.3,5
2021,10,Coastal Carolina,1721.6,6
2021,10,Oklahoma State,1713.3,7
2021,10,Iowa,1710.3,8
2021,10,BYU,1705.8,9
2021,10,Oregon,1704.8,10
2021,10,Texas A&M,1702.6,11
2021,10,Louisiana,1699.7,12
2021,10,Michigan,1693.5,13
2021,10,Clemson,1687.2,14
2021,10,Utah,1679.3,15
2021,10,Boise State,1678.7,16
2021,10,Wisconsin,1675.3,17
2021,10,Penn State,1674.6,18
2021,10,Pittsburgh,1672.1,19
2021,10,UTSA,1670.9,20
2021,10,App State,1669.8,21
2021,10,Houston,1666.6,22
2021,10,Wake Forest,1661.3,23
2021,10,Michigan State,1654.1,24
2021,10,San Diego State,1648.1,25
2021,10,NC State,1644.0,26
2021,10,Iowa State,1643.8,27
2021,10,SMU,1642.9,28
2021,10,Ole Miss,1635.5,29
2021,10,Liberty,1628.4,30
2021,10,Auburn,1627.5,31
2021,10,Baylor,1618.3,32
2021,10,Marshall,1617.5,33
2021,10,UCF,1616.5,34
2021,10,Air Force,1615.4,35
2021,10,Nevada,1614.9,36
2021,10,Minnesota,1611.1,37
2021,10,Arizona State,1598.4,38
2021,10,Fresno State,1588.3,39
2021,10,UAB,1588.1,40
2021,10,Arkansas,1578.0,41
2021,10,Army,1569.9,42
2021,10,Purdue,1569.7,43
2021,10,Kansas State,1569.0,44
2021,10,Kentucky,1568.0,45
2021,10,North Carolina,1559.9,46
2021,10,Texas,1559.1,47
2021,10,Memphis,1552.9,48
2021,10,Ball State,1548.1,49
2021,10,Florida,1545.9,50
2021,10,LSU,1539.8,51
2021,10,Mississippi State,1539.4,52
2021,10,USC,1535.0,53
2021,10,Western Kentucky,1533.6,54
2021,10,Florida Atlantic,1527.2,55
2021,10,Miami,1520.8,56
2021,10,Tennessee,1516.9,57
2021,10,West Virginia,1514.0,58
2021,10,San José State,1509.0,59
2021,10,East Carolina,1507.8,60
2021,10,Boston College,1506.8,61
2021,10,Washington,1506.4,62
2021,10,Utah State,1504.6,63
2021,10,Kent State,1503.2,64
2021,10,Miami (OH),1501.2,65
2021,10,Toledo,1499.2,66
2021,10,Western Michigan,1495.2,67
2021,10,Louisville,1492.2,68
2021,10,TCU,1491.3,69
2021,10,Wyoming,1488.8,70
2021,10,Oregon State,1486.5,71
2021,10,Georgia State,1484.0,72
2021,10,Central Michigan,1482.9,73
2021,10,Indiana,1479.0,74
2021,10,Eastern Michigan,1478.8,75
2021,10,UTEP,1478.3,76
2021,10,Nebraska,1475.1,77
2021,10,Virginia Tech,1474.3,78
2021,10,Maryland,1469.3,79
2021,10,Tulsa,1468.3,80
2021,10,South Carolina,1463.1,81
2021,10,Troy,1460.4,82
2021,10,Stanford,1440.9,83
2021,10,South Alabama,1426.8,84
2021,10,Colorado State,1426.3,85
2021,10,Middle Tennessee,1418.0,86
2021,10,Missouri,1416.8,87
2021,10,Northwestern,1413.4,88
2021,10,Rutgers,1412.4,89
2021,10,Old Dominion,1404.7,90
2021,10,California,1403.5,91
2021,10,Hawai'i,1401.6,92
2021,10,Georgia Tech,1400.8,93
2021,10,Northern Illinois,1399.2,94
2021,10,Florida State,1388.1,95
2021,10,Illinois,1388.0,96
2021,10,Charlotte,1387.8,97
2021,10,Colorado,1385.6,98
2021,10,Louisiana Tech,1384.5,99
2021,10,Tulane,1380.4,100
2021,10,Ohio,1361.2,101
2021,10,Georgia Southern,1357.9,102
2021,10,Navy,1356.5,103
2021,10,Duke,1346.8,104
2021,10,North Texas,1345.7,105
2021,10,UL Monroe,1334.8,106
2021,10,Rice,1323.1,107
2021,10,South Florida,1322.3,108
2021,10,Temple,1315.1,109
2021,10,Texas State,1313.7,110
2021,10,New Mexico,1301.3,111
2021,10,Arkansas State,1280.7,112
2021,10,UNLV,1259.2,113
2021,10,Arizona,1253.9,114
2021,10,Akron,1223.3,115
2021,10,New Mexico State,1219.7,116
2021,10,Southern Miss,1218.7,117
2021,10,Florida International,1206.8,118
2021,10,Kansas,1201.6,119
2021,10,Massachusetts,1175.2,120
2021,11,Georgia,1862.5,1
2021,11,Cincinnati,1840.8,2
2021,11,Ohio State,1837.0,3
2021,11,Alabama,1832.4,4
2021,11,Notre Dame,1783.9,5
2021,11,Oklahoma,1731.5,6
2021,11,Oklahoma State,1726.4,7
2021,11,Iowa,1721.5,8
2021,11,Louisiana,1718.6,9
2021,11,Oregon,1716.0,10
2021,11,Michigan,1714.9,11
2021,11,Coastal Carolina,1701.8,12
2021,11,Clemson,1690.4,13
2021,11,Boise State,1688.3,14
2021,11,Utah,1686.7,15
2021,11,Wisconsin,1684.6,16
2021,11,Pittsburgh,1684.3,17
2021,11,Houston,1681.7,18
2021,11,App State,1679.6,19
2021,11,Texas A&M,1673.6,20
2021,11,Wake Forest,1673.6,21
2021,11,UTSA,1673.1,22
2021,11,SMU,1671.4,23
2021,11,Michigan State,1666.5,24
2021,11,Ole Miss,1664.5,25
2021,11,Baylor,1659.6,26
2021,11,San Diego State,1657.3,27
2021,11,Penn State,1653.2,28
2021,11,Air Force,1638.0,29
2021,11,NC State,1631.7,30
2021,11,Iowa State,1621.3,31
2021,11,Arizona State,1618.5,32
2021,11,UAB,1618.4,33
2021,11,Nevada,1605.8,34
2021,11,Minnesota,1599.9,35
2021,11,Fresno State,1596.3,36
2021,11,Arkansas,1595.7,37
2021,11,Auburn,1591.0,38
2021,11,Kansas State,1591.0,39
2021,11,UCF,1588.0,40
2021,11,Marshall,1587.2,41
2021,11,Kentucky,1578.7,42
2021,11,Mississippi State,1575.9,43
2021,11,Army,1570.9,44
2021,11,UCLA,1569.2,45
2021,11,Purdue,1560.2,46
2021,11,Western Kentucky,1557.6,47
2021,11,Utah State,1552.8,48
2021,11,Florida,1549.8,49
2021,11,North Carolina,1547.6,50
2021,11,Texas,1546.2,51
2021,11,Memphis,1542.6,52
2021,11,Ball State,1537.4,53
2021,11,Boston College,1533.6,54
2021,11,Miami (OH),1526.4,55
2021,11,Toledo,1524.5,56
2021,11,Louisville,1522.4,57
2021,11,LSU,1522.1,58
2021,11,East Carolina,1518.2,59
2021,11,Central Michigan,1516.0,60
2021,11,Oregon State,1511.0,61
2021,11,Washington State,1508.8,62
2021,11,Georgia State,1503.7,63
2021,11,Tennessee,1501.2,64
2021,11,Miami,1500.3,65
2021,11,Western Michigan,1499.9,66
2021,11,Texas Tech,1498.0,67
2021,11,Virginia,1497.8,68
2021,11,Virginia Tech,1493.3,69
2021,11,West Virginia,1492.0,70
2021,11,Tulsa,1491.8,71
2021,11,Florida Atlantic,1488.3,72
2021,11,Washington,1486.3,73
2021,11,Wyoming,1479.2,74
2021,11,TCU,1478.2,75
2021,11,Kent State,1470.2,76
2021,11,Rutgers,1467.6,77
2021,11,San José State,1460.8,78
2021,11,UTEP,1457.8,79
2021,11,Maryland,1456.9,80
2021,11,South Carolina,1447.5,81
2021,11,Old Dominion,1443.5,82
2021,11,Eastern Michigan,1442.7,83
2021,11,Troy,1441.4,84
2021,11,Missouri,1432.4,85
2021,11,Middle Tennessee,1431.4,86
2021,11,Syracuse,1425.8,87
2021,11,Indiana,1423.8,88
2021,11,Buffalo,1419.7,89
2021,11,South Alabama,1416.9,90
2021,11,Stanford,1416.5,91
2021,11,Northern Illinois,1409.9,92
2021,11,Florida State,1408.6,93
2021,11,Louisiana Tech,1407.5,94
2021,11,Northwestern,1404.1,95
2021,11,Colorado State,1403.6,96
2021,11,Ohio,1397.3,97
2021,11,Georgia Southern,1385.6,98
2021,11,Georgia Tech,1373.9,99
2021,11,Colorado,1371.2,100
2021,11,North Texas,1366.1,101
2021,11,Charlotte,1364.7,102
2021,11,Hawai'i,1360.6,103
2021,11,Tulane,1356.8,104
2021,11,Duke,1327.9,105
2021,11,South Florida,1316.1,106
2021,11,UL Monroe,1313.8,107
2021,11,Arkansas State,1301.7,108
2021,11,UNLV,1300.2,109
2021,11,Temple,1299.9,110
2021,11,Rice,1299.1,111
2021,11,New Mexico,1293.3,112
2021,11,Texas State,1286.1,113
2021,11,Arizona,1246.5,114
2021,11,Bowling Green,1243.4,115
2021,11,UConn,1219.3,116
2021,11,Akron,1218.6,117
2021,11,New Mexico State,1218.2,118
2021,11,Southern Miss,1216.4,119
2021,11,Kansas,1214.4,120
2021,11,Florida International,1193.4,121
2021,11,Vanderbilt,1163.3,122
2021,11,Massachusetts,1127.8,123
2021,12,Georgia,1863.3,1
2021,12,Cincinnati,1856.7,2
2021,12,Ohio State,1854.4,3
2021,12,Alabama,1839.0,4
2021,12,Notre Dame,1788.8,5
2021,12,Louisiana,1756.5,6
2021,12,Oklahoma State,1749.6,7
2021,12,Oklahoma,1743.9,8
2021,12,Michigan,1739.2,9
2021,12,Iowa,1725.9,10
2021,12,Utah,1723.4,11
2021,12,BYU,1720.5,12
2021,12,Clemson,1717.9,13
2021,12,App State,1705.3,14
2021,12,Coastal Carolina,1705.0,15
2021,12,Houston,1696.9,16
2021,12,Pittsburgh,1694.1,17
2021,12,Boise State,1693.1,18
2021,12,Wisconsin,1692.2,19
2021,12,Baylor,1688.1,20
2021,12,UTSA,1683.7,21
2021,12,Oregon,1679.3,22
2021,12,Texas A&M,1678.5,23
2021,12,Penn State,1667.1,24
2021,12,San Diego State,1666.8,25
2021,12,Ole Miss,1666.4,26
2021,12,SMU,1655.6,27
2021,12,Air Force,1652.2,28
2021,12,Michigan State,1649.1,29
2021,12,Wake Forest,1646.1,30
2021,12,NC State,1643.6,31
2021,12,Minnesota,1626.9,32
2021,12,UCLA,1613.0,33
2021,12,Marshall,1610.2,34
2021,12,Iowa State,1608.9,35
2021,12,UAB,1607.8,36
2021,12,UCF,1593.4,37
2021,12,Nevada,1591.6,38
2021,12,Liberty,1590.5,39
2021,12,Arkansas,1589.1,40
2021,12,Kentucky,1584.6,41
2021,12,Western Kentucky,1583.2,42
2021,12,Purdue,1582.2,43
2021,12,Arizona State,1581.3,44
2021,12,Mississippi State,1579.5,45
2021,12,Army,1573.8,46
2021,12,Auburn,1566.5,47
2021,12,Kansas State,1562.5,48
2021,12,Central Michigan,1559.7,49
2021,12,Louisville,1552.8,50
2021,12,Toledo,1550.5,51
2021,12,North Carolina,1548.9,52
2021,12,Oregon State,1548.1,53
2021,12,Florida,1540.0,54
2021,12,Miami (OH),1534.6,55
2021,12,LSU,1531.8,56
2021,12,Wyoming,1531.1,57
2021,12,East Carolina,1530.9,58
2021,12,Memphis,1527.3,59
2021,12,Tennessee,1527.0,60
2021,12,Miami,1524.0,61
2021,12,Texas,1520.8,62
2021,12,Washington State,1517.9,63
2021,12,West Virginia,1517.4,64
2021,12,Georgia State,1512.0,65
2021,12,Boston College,1510.7,66
2021,12,Tulsa,1506.0,67
2021,12,Utah State,1501.0,68
2021,12,Kent State,1494.7,69
2021,12,Ball State,1493.7,70
2021,12,Western Michigan,1491.8,71
2021,12,USC,1491.2,72
2021,12,Virginia,1488.0,73
2021,12,TCU,1482.0,74
2021,12,Texas Tech,1474.8,75
2021,12,South Carolina,1472.0,76
2021,12,Old Dominion,1471.6,77
2021,12,Virginia Tech,1469.6,78
2021,12,UTEP,1469.1,79
2021,12,Nebraska,1467.5,80
2021,12,Washington,1466.8,81
2021,12,Florida Atlantic,1462.7,82
2021,12,Rutgers,1453.8,83
2021,12,California,1452.1,84
2021,12,Eastern Michigan,1450.8,85
2021,12,Missouri,1442.2,86
2021,12,Northern Illinois,1437.3,87
2021,12,Maryland,1432.5,88
2021,12,Florida State,1431.5,89
2021,12,Troy,1415.7,90
2021,12,Syracuse,1413.9,91
2021,12,Middle Tennessee,1403.3,92
2021,12,North Texas,1399.3,93
2021,12,Indiana,1396.8,94
2021,12,Buffalo,1392.4,95
2021,12,South Alabama,1391.2,96
2021,12,Colorado,1390.6,97
2021,12,Tulane,1384.8,98
2021,12,Colorado State,1383.7,99
2021,12,Illinois,1383.6,100
2021,12,Northwestern,1382.1,101
2021,12,Hawai'i,1380.5,102
2021,12,Ohio,1371.2,103
2021,12,Georgia Southern,1370.9,104
2021,12,Georgia Tech,1369.1,105
2021,12,Stanford,1367.9,106
2021,12,Louisiana Tech,1358.0,107
2021,12,Navy,1343.8,108
2021,12,Charlotte,1341.7,109
2021,12,UL Monroe,1304.1,110
2021,12,Duke,1297.4,111
2021,12,Arkansas State,1293.4,112
2021,12,UNLV,1290.7,113
2021,12,New Mexico,1288.5,114
2021,12,South Florida,1288.2,115
2021,12,Rice,1287.8,116
2021,12,Temple,1285.8,117
2021,12,Texas State,1282.9,118
2021,12,Southern Miss,1266.0,119
2021,12,Arizona,1237.4,120
2021,12,Bowling Green,1235.2,121
2021,12,UConn,1214.0,122
2021,12,New Mexico State,1212.3,123
2021,12,Kansas,1210.6,124
2021,12,Akron,1194.2,125
2021,12,Vanderbilt,1161.4,126
2021,12,Florida International,1160.2,127
2021,12,Massachusetts,1125.0,128
2021,13,Cincinnati,1872.3,1
2021,13,Georgia,1872.2,2
2021,13,Alabama,1845.7,3
2021,13,Ohio State,1815.5,4
2021,13,Notre Dame,1800.1,5
2021,13,Michigan,1778.2,6
2021,13,Oklahoma State,1764.5,7
2021,13,Louisiana,1758.2,8
2021,13,Clemson,1741.3,9
2021,13,Iowa,1739.5,10
2021,13,BYU,1732.2,11
2021,13,Oklahoma,1728.9,12
2021,13,Utah,1728.6,13
2021,13,Coastal Carolina,1715.1,14
2021,13,Pittsburgh,1711.4,15
2021,13,App State,1711.3,16
2021,13,Houston,1705.2,17
2021,13,Ole Miss,1693.7,18
2021,13,Baylor,1693.1,19
2021,13,San Diego State,1692.9,20
2021,13,Oregon,1691.7,21
2021,13,Wake Forest,1680.5,22
2021,13,Boise State,1667.1,23
2021,13,Wisconsin,1663.4,24
2021,13,Michigan State,1663.2,25
2021,13,Air Force,1657.9,26
2021,13,Texas A&M,1657.2,27
2021,13,Minnesota,1655.7,28
2021,13,NC State,1653.9,29
2021,13,Penn State,1653.0,30
2021,13,Western Kentucky,1633.9,31
2021,13,SMU,1632.1,32
2021,13,Fresno State,1630.6,33
2021,13,Kentucky,1629.5,34
2021,13,UCLA,1628.7,35
2021,13,Iowa State,1628.5,36
2021,13,UAB,1622.8,37
2021,13,Nevada,1621.0,38
2021,13,UTSA,1618.5,39
2021,13,Army,1613.2,40
2021,13,Arkansas,1603.6,41
2021,13,Purdue,1597.2,42
2021,13,UCF,1596.9,43
2021,13,Arizona State,1586.9,44
2021,13,Central Michigan,1578.2,45
2021,13,Auburn,1559.8,46
2021,13,Marshall,1559.5,47
2021,13,Washington State,1559.2,48
2021,13,Toledo,1556.4,49
2021,13,LSU,1553.1,50
2021,13,Mississippi State,1552.3,51
2021,13,Liberty,1551.0,52
2021,13,Miami,1550.7,53
2021,13,Florida,1548.3,54
2021,13,Kansas State,1542.6,55
2021,13,Texas,1540.7,56
2021,13,North Carolina,1538.6,57
2021,13,Memphis,1536.4,58
2021,13,Oregon State,1535.8,59
2021,13,Georgia State,1533.1,60
2021,13,Tennessee,1532.0,61
2021,13,Western Michigan,1529.8,62
2021,13,Tulsa,1529.5,63
2021,13,West Virginia,1527.9,64
2021,13,Miami (OH),1527.0,65
2021,13,Utah State,1526.1,66
2021,13,East Carolina,1515.3,67
2021,13,Ball State,1511.6,68
2021,13,Louisville,1508.0,69
2021,13,Kent State,1502.3,70
2021,13,Virginia Tech,1495.2,71
2021,13,Old Dominion,1488.6,72
2021,13,USC,1479.5,73
2021,13,Maryland,1478.7,74
2021,13,Wyoming,1476.5,75
2021,13,Boston College,1476.3,76
2021,13,Texas Tech,1469.9,77
2021,13,North Texas,1464.5,78
2021,13,TCU,1462.4,79
2021,13,Virginia,1462.4,80
2021,13,UTEP,1454.1,81
2021,13,Nebraska,1454.0,82
2021,13,South Carolina,1448.5,83
2021,13,Middle Tennessee,1439.9,84
2021,13,California,1436.4,85
2021,13,Hawai'i,1435.1,86
2021,13,Eastern Michigan,1432.3,87
2021,13,Missouri,1427.8,88
2021,13,San José State,1426.4,89
2021,13,Florida Atlantic,1426.1,90
2021,13,Washington,1425.5,91
2021,13,Florida State,1423.2,92
2021,13,Illinois,1416.9,93
2021,13,Rutgers,1407.6,94
2021,13,Northern Illinois,1399.3,95
2021,13,Syracuse,1396.6,96
2021,13,Troy,1394.6,97
2021,13,Colorado,1385.4,98
2021,13,Navy,1383.1,99
2021,13,Indiana,1381.8,100
2021,13,South Alabama,1381.1,101
2021,13,Tulane,1375.7,102
2021,13,Buffalo,1374.5,103
2021,13,Georgia Southern,1365.0,104
2021,13,Georgia Tech,1360.2,105
2021,13,Stanford,1356.5,106
2021,13,Colorado State,1354.2,107
2021,13,Northwestern,1348.8,108
2021,13,Louisiana Tech,1338.3,109
2021,13,Ohio,1334.2,110
2021,13,Charlotte,1324.8,111
2021,13,Rice,1307.4,112
2021,13,UL Monroe,1302.4,113
2021,13,Texas State,1298.4,114
2021,13,UNLV,1285.0,115
2021,13,South Florida,1284.6,116
2021,13,Southern Miss,1284.4,117
2021,13,Arkansas State,1277.9,118
2021,13,Bowling Green,1272.2,119
2021,13,Duke,1270.7,120
2021,13,New Mexico,1263.4,121
2021,13,Temple,1246.5,122
2021,13,Arizona,1231.8,123
2021,13,New Mexico State,1231.4,124
2021,13,UConn,1205.8,125
2021,13,Kansas,1200.2,126
2021,13,Akron,1188.3,127
2021,13,Vanderbilt,1156.4,128
2021,13,Florida International,1141.7,129
2021,13,Massachusetts,1106.0,130
2021,14,Cincinnati,1884.8,1
2021,14,Alabama,1883.5,2
2021,14,Georgia,1834.4,3
2021,14,Michigan,1818.2,4
2021,14,Louisiana,1775.5,5
2021,14,Utah,1764.1,6
2021,14,Pittsburgh,1747.1,7
2021,14,Oklahoma State,1739.5,8
2021,14,Baylor,1718.1,9
2021,14,Iowa,1699.4,10
2021,14,App State,1694.0,11
2021,14,Houston,1692.7,12
2021,14,Oregon,1656.1,13
2021,14,Wake Forest,1644.8,14
2021,14,UTSA,1640.7,15
2021,14,San Diego State,1632.3,16
2021,14,Western Kentucky,1611.8,17
2021,14,Utah State,1586.7,18
2021,14,California,1463.1,19
2021,14,Kent State,1454.5,20
2021,14,USC,1452.8,21
2021,14,Northern Illinois,1447.0,22
2021,15,Army,1584.4,1
2021,15,Navy,1411.9,2
2022,1,Alabama,1774.6,1
2022,1,Georgia,1762.0,2
2022,1,Ohio State,1739.1,3
2022,1,Michigan,1719.5,4
2022,1,Cincinnati,1697.7,5
2022,1,Clemson,1684.1,6
2022,1,Louisiana,1681.7,7
2022,1,Oklahoma State,1680.4,8
2022,1,BYU,1680.1,9
2022,1,Pittsburgh,1676.5,10
2022,1,Oklahoma,1665.2,11
2022,1,Coastal Carolina,1663.8,12
2022,1,Notre Dame,1661.0,13
2022,1,SMU,1654.4,14
2022,1,Houston,1646.5,15
2022,1,Baylor,1646.4,16
2022,1,Ole Miss,1643.3,17
2022,1,Utah,1640.3,18
2022,1,Michigan State,1637.2,19
2022,1,Iowa,1631.6,20
2022,1,Penn State,1630.4,21
2022,1,Arkansas,1619.8,22
2022,1,Kentucky,1619.1,23
2022,1,Nevada,1618.8,24
2022,1,Western Kentucky,1615.8,25
2022,1,Minnesota,1613.5,26
2022,1,NC State,1611.7,27
2022,1,Wisconsin,1611.3,28
2022,1,Air Force,1607.5,29
2022,1,Texas A&M,1607.1,30
2022,1,Nevada,1603.4,31
2022,1,UCLA,1600.0,32
2022,1,App State,1599.8,33
2022,1,Wake Forest,1599.4,34
2022,1,Fresno State,1590.2,35
2022,1,Iowa State,1589.0,36
2022,1,UAB,1586.4,37
2022,1,Mississippi State,1579.1,38
2022,1,Oregon State,1578.8,39
2022,1,Western Kentucky,1576.8,40
2022,1,Tennessee,1573.7,41
2022,1,UTSA,1570.2,42
2022,1,UCF,1569.8,43
2022,1,Utah State,1567.5,44
2022,1,Arizona State,1563.2,45
2022,1,Florida,1562.7,46
2022,1,North Carolina,1559.1,47
2022,1,Oregon,1556.8,48
2022,1,Texas,1553.5,49
2022,1,Boise State,1553.0,50
2022,1,Auburn,1548.1,51
2022,1,Liberty,1547.7,52
2022,1,Marshall,1546.8,53
2022,1,Toledo,1544.2,54
2022,1,Washington State,1542.7,55
2022,1,Utah State,1542.1,56
2022,1,Miami,1541.5,57
2022,1,North Texas,1537.1,58
2022,1,TCU,1536.3,59
2022,1,Kansas State,1535.4,60
2022,1,North Carolina,1532.8,61
2022,1,Purdue,1532.2,62
2022,1,Army,1530.9,63
2022,1,Central Michigan,1526.1,64
2022,1,South Carolina,1520.3,65
2022,1,Maryland,1519.5,66
2022,1,LSU,1519.0,67
2022,1,Old Dominion,1512.6,68
2022,1,USC,1507.3,69
2022,1,San Diego State,1505.9,70
2022,1,Illinois,1503.5,71
2022,1,West Virginia,1502.2,72
2022,1,Washington,1501.4,73
2022,1,James Madison,1499.1,74
2022,1,East Carolina,1498.2,75
2022,1,Syracuse,1492.2,76
2022,1,Tulsa,1492.0,77
2022,1,Texas Tech,1491.8,78
2022,1,Missouri,1490.9,79
2022,1,Florida Atlantic,1489.3,80
2022,1,Western Michigan,1488.3,81
2022,1,California,1485.0,82
2022,1,Virginia,1484.0,83
2022,1,Miami (OH),1482.6,84
2022,1,Memphis,1478.6,85
2022,1,Florida State,1478.1,86
2022,1,Illinois,1477.2,87
2022,1,Virginia Tech,1476.8,88
2022,1,Northern Illinois,1472.0,89
2022,1,Boston College,1469.1,90
2022,1,North Texas,1468.6,91
2022,1,Georgia State,1467.8,92
2022,1,Eastern Michigan,1463.2,93
2022,1,Florida State,1462.6,94
2022,1,Florida Atlantic,1461.7,95
2022,1,San José State,1457.5,96
2022,1,Rutgers,1455.4,97
2022,1,Ball State,1454.6,98
2022,1,Wyoming,1454.4,99
2022,1,Nebraska,1450.4,100
2022,1,Indiana,1449.4,101
2022,1,Louisville,1445.8,102
2022,1,Tulane,1441.9,103
2022,1,Nebraska,1439.3,104
2022,1,South Alabama,1437.3,105
2022,1,Northwestern,1432.5,106
2022,1,Georgia Southern,1428.6,107
2022,1,Wyoming,1427.2,108
2022,1,Stanford,1421.5,109
2022,1,Kent State,1420.6,110
2022,1,Ohio,1419.9,111
2022,1,Troy,1414.1,112
2022,1,UTEP,1410.0,113
2022,1,Arizona,1405.7,114
2022,1,Middle Tennessee,1405.6,115
2022,1,Duke,1397.0,116
2022,1,UTEP,1393.6,117
2022,1,Vanderbilt,1392.7,118
2022,1,Colorado State,1392.5,119
2022,1,Navy,1385.6,120
2022,1,Buffalo,1385.1,121
2022,1,Georgia Tech,1381.9,122
2022,1,Vanderbilt,1380.6,123
2022,1,UNLV,1379.1,124
2022,1,Arkansas State,1378.1,125
2022,1,New Mexico,1368.1,126
2022,1,Colorado,1364.8,127
2022,1,Louisiana Tech,1357.0,128
2022,1,Hawai'i,1353.9,129
2022,1,Texas State,1353.5,130
2022,1,Charlotte,1348.7,131
2022,1,Southern Miss,1345.4,132
2022,1,UL Monroe,1344.5,133
2022,1,Rice,1336.8,134
2022,1,Bowling Green,1335.6,135
2022,1,Kansas,1332.8,136
2022,1,South Florida,1330.8,137
2022,1,UConn,1321.9,138
2022,1,Hawai'i,1314.9,139
2022,1,Akron,1312.9,140
2022,1,New Mexico State,1300.7,141
2022,1,UConn,1297.6,142
2022,1,Temple,1289.2,143
2022,1,New Mexico State,1288.4,144
2022,1,Florida International,1273.1,145
2022,1,Charlotte,1272.5,146
2022,1,Massachusetts,1221.1,147
2022,2,Alabama,1782.4,1
2022,2,Georgia,1764.4,2
2022,2,Ohio State,1747.5,3
2022,2,Michigan,1726.7,4
2022,2,Oklahoma State,1705.3,5
2022,2,BYU,1704.4,6
2022,2,Cincinnati,1700.3,7
2022,2,Louisiana,1699.2,8
2022,2,Clemson,1687.9,9
2022,2,Oklahoma,1680.8,10
2022,2,Coastal Carolina,1665.9,11
2022,2,Kentucky,1663.1,12
2022,2,SMU,1657.2,13
2022,2,Penn State,1650.0,14
2022,2,Michigan State,1648.9,15
2022,2,Utah,1646.7,16
2022,2,Ole Miss,1646.5,17
2022,2,Arkansas,1645.1,18
2022,2,Wake Forest,1635.3,19
2022,2,App State,1628.9,20
2022,2,Pittsburgh,1626.1,21
2022,2,Tennessee,1624.1,22
2022,2,Air Force,1623.4,23
2022,2,Baylor,1622.1,24
2022,2,Mississippi State,1620.5,25
2022,2,Iowa State,1619.9,26
2022,2,Minnesota,1617.6,27
2022,2,Notre Dame,1617.0,28
2022,2,NC State,1615.6,29
2022,2,Houston,1613.9,30
2022,2,Oregon State,1608.2,31
2022,2,UCLA,1607.9,32
2022,2,Iowa,1600.6,33
2022,2,UTSA,1596.7,34
2022,2,North Carolina,1594.1,35
2022,2,Marshall,1590.8,36
2022,2,Boise State,1589.8,37
2022,2,Liberty,1581.9,38
2022,2,Wisconsin,1579.1,39
2022,2,Texas A&M,1578.0,40
2022,2,Kansas State,1575.5,41
2022,2,Washington State,1574.9,42
2022,2,Auburn,1569.5,43
2022,2,Oregon,1565.6,44
2022,2,Fresno State,1560.8,45
2022,2,Miami,1560.1,46
2022,2,Maryland,1556.0,47
2022,2,Toledo,1555.5,48
2022,2,USC,1552.4,49
2022,2,UAB,1552.2,50
2022,2,TCU,1546.1,51
2022,2,Texas,1545.7,52
2022,2,Nevada,1543.6,53
2022,2,East Carolina,1542.6,54
2022,2,Purdue,1541.8,55
2022,2,Syracuse,1539.6,56
2022,2,Arizona State,1538.2,57
2022,2,Memphis,1532.5,58
2022,2,LSU,1532.3,59
2022,2,Western Michigan,1528.5,60
2022,2,Texas Tech,1524.3,61
2022,2,Illinois,1522.4,62
2022,2,UCF,1521.5,63
2022,2,Florida,1518.7,64
2022,2,Virginia Tech,1516.8,65
2022,2,San Diego State,1513.6,66
2022,2,Washington,1510.9,67
2022,2,Tulsa,1510.2,68
2022,2,James Madison,1508.9,69
2022,2,Army,1504.4,70
2022,2,California,1502.7,71
2022,2,South Alabama,1501.8,72
2022,2,South Carolina,1495.0,73
2022,2,Louisville,1494.1,74
2022,2,Miami (OH),1489.8,75
2022,2,North Texas,1477.0,76
2022,2,Florida Atlantic,1472.6,77
2022,2,Old Dominion,1468.3,78
2022,2,Rutgers,1465.0,79
2022,2,Wyoming,1462.2,80
2022,2,Central Michigan,1461.6,81
2022,2,Middle Tennessee,1461.6,82
2022,2,Georgia Southern,1458.5,83
2022,2,Indiana,1458.1,84
2022,2,Northern Illinois,1453.7,85
2022,2,Tulane,1453.3,86
2022,2,Missouri,1450.8,87
2022,2,Utah State,1448.8,88
2022,2,Eastern Michigan,1445.6,89
2022,2,Duke,1445.5,90
2022,2,Virginia,1438.8,91
2022,2,San José State,1436.1,92
2022,2,West Virginia,1434.0,93
2022,2,Georgia State,1432.7,94
2022,2,Boston College,1429.1,95
2022,2,Troy,1426.3,96
2022,2,Nebraska,1420.5,97
2022,2,Ball State,1414.4,98
2022,2,UTEP,1412.5,99
2022,2,Kent State,1405.0,100
2022,2,Kansas,1401.0,101
2022,2,Georgia Tech,1401.0,102
2022,2,Ohio,1400.2,103
2022,2,Texas State,1388.2,104
2022,2,Northwestern,1384.0,105
2022,2,Stanford,1376.4,106
2022,2,Louisiana Tech,1374.7,107
2022,2,Arkansas State,1369.7,108
2022,2,Arizona,1364.3,109
2022,2,UL Monroe,1362.9,110
2022,2,UNLV,1361.4,111
2022,2,Vanderbilt,1356.8,112
2022,2,Rice,1355.1,113
2022,2,Colorado,1348.9,114
2022,2,South Florida,1345.4,115
2022,2,Colorado State,1336.6,116
2022,2,Buffalo,1334.4,117
2022,2,Navy,1331.6,118
2022,2,New Mexico,1331.3,119
2022,2,Southern Miss,1326.8,120
2022,2,Temple,1314.3,121
2022,2,Hawai'i,1307.8,122
2022,2,Bowling Green,1306.7,123
2022,2,Akron,1301.2,124
2022,2,UConn,1274.5,125
2022,2,New Mexico State,1269.4,126
2022,2,Florida International,1238.4,127
2022,2,Charlotte,1236.0,128
2022,2,Massachusetts,1209.8,129
2022,3,Georgia,1799.4,1
2022,3,Alabama,1789.3,2
2022,3,Ohio State,1771.7,3
2022,3,Michigan,1732.5,4
2022,3,Cincinnati,1728.5,5
2022,3,Oklahoma,1715.5,6
2022,3,Oklahoma State,1710.0,7
2022,3,Penn State,1708.9,8
2022,3,Clemson,1698.5,9
2022,3,Ole Miss,1685.1,10
2022,3,Pittsburgh,1677.3,11
2022,3,Utah,1673.6,12
2022,3,Coastal Carolina,1673.2,13
2022,3,Kentucky,1668.8,14
2022,3,Arkansas,1649.5,15
2022,3,Wake Forest,1643.3,16
2022,3,NC State,1641.2,17
2022,3,Baylor,1639.4,18
2022,3,Iowa,1638.3,19
2022,3,Iowa State,1638.2,20
2022,3,App State,1638.0,21
2022,3,Tennessee,1636.1,22
2022,3,Oregon,1635.3,23
2022,3,Notre Dame,1635.2,24
2022,3,BYU,1634.8,25
2022,3,Minnesota,1632.6,26
2022,3,Oregon State,1619.9,27
2022,3,SMU,1615.2,28
2022,3,UCLA,1614.2,29
2022,3,Louisiana,1611.1,30
2022,3,Texas A&M,1607.2,31
2022,3,USC,1602.0,32
2022,3,Texas,1598.8,33
2022,3,Maryland,1598.0,34
2022,3,Boise State,1595.1,35
2022,3,Michigan State,1593.0,36
2022,3,Wisconsin,1592.2,37
2022,3,Washington State,1591.2,38
2022,3,Air Force,1590.3,39
2022,3,LSU,1586.1,40
2022,3,UCF,1583.2,41
2022,3,Western Kentucky,1582.9,42
2022,3,UAB,1578.3,43
2022,3,Liberty,1573.9,44
2022,3,Mississippi State,1566.7,45
2022,3,Washington,1566.7,46
2022,3,Syracuse,1559.5,47
2022,3,Memphis,1550.3,48
2022,3,East Carolina,1550.2,49
2022,3,Marshall,1547.6,50
2022,3,UTSA,1543.6,51
2022,3,Houston,1535.6,52
2022,3,Toledo,1531.3,53
2022,3,Miami,1530.9,54
2022,3,Tulsa,1529.9,55
2022,3,Florida,1527.8,56
2022,3,Kansas State,1524.1,57
2022,3,Purdue,1521.9,58
2022,3,Virginia Tech,1520.4,59
2022,3,Army,1520.4,60
2022,3,Florida State,1512.5,61
2022,3,Fresno State,1511.3,62
2022,3,Auburn,1510.6,63
2022,3,Nevada,1505.9,64
2022,3,Tulane,1504.8,65
2022,3,Eastern Michigan,1500.7,66
2022,3,Texas Tech,1498.7,67
2022,3,South Alabama,1495.5,68
2022,3,Wyoming,1495.3,69
2022,3,Indiana,1490.9,70
2022,3,San Diego State,1486.6,71
2022,3,California,1484.5,72
2022,3,Arizona State,1483.1,73
2022,3,Rutgers,1480.6,74
2022,3,Kansas,1479.3,75
2022,3,Western Michigan,1477.3,76
2022,3,Central Michigan,1470.6,77
2022,3,Middle Tennessee,1469.9,78
2022,3,Missouri,1465.0,79
2022,3,Miami (OH),1461.6,80
2022,3,South Carolina,1460.0,81
2022,3,Louisville,1459.7,82
2022,3,Virginia,1456.3,83
2022,3,West Virginia,1452.8,84
2022,3,Duke,1452.8,85
2022,3,Old Dominion,1450.9,86
2022,3,Rice,1443.2,87
2022,3,Boston College,1437.9,88
2022,3,UNLV,1434.5,89
2022,3,Georgia Southern,1432.5,90
2022,3,Ball State,1424.1,91
2022,3,Kent State,1417.3,92
2022,3,Troy,1417.2,93
2022,3,Vanderbilt,1414.5,94
2022,3,Georgia State,1414.5,95
2022,3,Florida Atlantic,1411.0,96
2022,3,North Texas,1403.9,97
2022,3,Northern Illinois,1396.0,98
2022,3,New Mexico,1386.2,99
2022,3,Nebraska,1385.8,100
2022,3,Ohio,1382.0,101
2022,3,Arizona,1375.8,102
2022,3,Texas State,1371.0,103
2022,3,Louisiana Tech,1364.2,104
2022,3,Georgia Tech,1362.5,105
2022,3,UTEP,1357.7,106
2022,3,UL Monroe,1356.0,107
2022,3,Arkansas State,1351.9,108
2022,3,Bowling Green,1349.9,109
2022,3,Southern Miss,1341.3,110
2022,3,South Florida,1336.3,111
2022,3,Colorado,1333.9,112
2022,3,Buffalo,1327.2,113
2022,3,Northwestern,1326.7,114
2022,3,Hawai'i,1321.4,115
2022,3,Colorado State,1320.3,116
2022,3,Temple,1298.7,117
2022,3,Akron,1289.2,118
2022,3,UConn,1268.7,119
2022,3,New Mexico State,1256.3,120
2022,3,Charlotte,1254.3,121
2022,3,Massachusetts,1234.0,122
2022,4,Georgia,1804.3,1
2022,4,Alabama,1796.3,2
2022,4,Ohio State,1789.4,3
2022,4,Michigan,1745.7,4
2022,4,Cincinnati,1740.2,5
2022,4,Clemson,1727.2,6
2022,4,Penn State,1720.2,7
2022,4,Utah,1704.5,8
2022,4,Ole Miss,1697.7,9
2022,4,Coastal Carolina,1695.7,10
2022,4,Minnesota,1683.5,11
2022,4,Pittsburgh,1680.3,12
2022,4,Kentucky,1675.7,13
2022,4,Notre Dame,1675.4,14
2022,4,Baylor,1673.8,15
2022,4,Oklahoma,1671.8,16
2022,4,Iowa,1670.4,17
2022,4,Oregon,1656.2,18
2022,4,BYU,1651.6,19
2022,4,Tennessee,1649.0,20
2022,4,NC State,1647.4,21
2022,4,UCLA,1638.3,22
2022,4,Arkansas,1631.4,23
2022,4,USC,1625.7,24
2022,4,Texas A&M,1625.2,25
2022,4,Air Force,1617.3,26
2022,4,Wake Forest,1614.6,27
2022,4,Iowa State,1603.8,28
2022,4,LSU,1602.9,29
2022,4,App State,1597.9,30
2022,4,TCU,1597.1,31
2022,4,Oregon State,1596.1,32
2022,4,UCF,1595.1,33
2022,4,Western Kentucky,1594.2,34
2022,4,Maryland,1584.8,35
2022,4,Washington,1584.5,36
2022,4,Mississippi State,1581.3,37
2022,4,Liberty,1580.7,38
2022,4,Texas,1576.5,39
2022,4,Wisconsin,1574.5,40
2022,4,Louisiana,1573.1,41
2022,4,Washington State,1570.2,42
2022,4,Kansas State,1567.7,43
2022,4,Syracuse,1567.6,44
2022,4,Memphis,1564.7,45
2022,4,SMU,1564.2,46
2022,4,North Carolina,1554.0,47
2022,4,Houston,1551.7,48
2022,4,UTSA,1549.7,49
2022,4,James Madison,1549.1,50
2022,4,Michigan State,1542.1,51
2022,4,Florida State,1541.2,52
2022,4,Illinois,1535.9,53
2022,4,Purdue,1529.7,54
2022,4,Boise State,1529.2,55
2022,4,Auburn,1523.8,56
2022,4,Texas Tech,1521.0,57
2022,4,Middle Tennessee,1519.6,58
2022,4,Tulsa,1517.2,59
2022,4,South Alabama,1516.3,60
2022,4,Florida,1514.9,61
2022,4,East Carolina,1513.3,62
2022,4,Toledo,1512.7,63
2022,4,West Virginia,1511.7,64
2022,4,Marshall,1507.1,65
2022,4,California,1505.7,66
2022,4,San Diego State,1505.3,67
2022,4,Kansas,1501.8,68
2022,4,San José State,1492.0,69
2022,4,Louisville,1484.3,70
2022,4,Miami,1481.2,71
2022,4,Indiana,1479.3,72
2022,4,Nevada,1478.9,73
2022,4,Wyoming,1478.5,74
2022,4,Miami (OH),1478.1,75
2022,4,Tulane,1476.3,76
2022,4,South Carolina,1476.1,77
2022,4,UNLV,1475.3,78
2022,4,Virginia Tech,1461.5,79
2022,4,Old Dominion,1461.3,80
2022,4,Georgia Southern,1459.9,81
2022,4,Central Michigan,1459.3,82
2022,4,Troy,1457.7,83
2022,4,Arizona State,1452.3,84
2022,4,Missouri,1451.8,85
2022,4,Rutgers,1448.5,86
2022,4,Virginia,1448.2,87
2022,4,Eastern Michigan,1438.6,88
2022,4,Duke,1430.2,89
2022,4,Rice,1427.1,90
2022,4,UTEP,1423.6,91
2022,4,Western Michigan,1421.4,92
2022,4,Kent State,1412.4,93
2022,4,Boston College,1409.2,94
2022,4,Utah State,1408.0,95
2022,4,Vanderbilt,1407.5,96
2022,4,Florida Atlantic,1403.2,97
2022,4,Ball State,1396.7,98
2022,4,Ohio,1395.0,99
2022,4,UL Monroe,1394.0,100
2022,4,Texas State,1393.2,101
2022,4,Georgia State,1391.9,102
2022,4,North Texas,1389.5,103
2022,4,Buffalo,1389.3,104
2022,4,Northern Illinois,1389.2,105
2022,4,Southern Miss,1369.8,106
2022,4,New Mexico,1369.3,107
2022,4,Navy,1368.6,108
2022,4,Stanford,1358.7,109
2022,4,Arizona,1354.6,110
2022,4,Georgia Tech,1350.5,111
2022,4,Louisiana Tech,1343.4,112
2022,4,Arkansas State,1341.5,113
2022,4,Bowling Green,1335.3,114
2022,4,Temple,1328.1,115
2022,4,South Florida,1311.7,116
2022,4,Northwestern,1310.1,117
2022,4,Colorado,1309.7,118
2022,4,New Mexico State,1299.5,119
2022,4,Akron,1282.5,120
2022,4,Hawai'i,1278.3,121
2022,4,UConn,1262.5,122
2022,4,Colorado State,1239.3,123
2022,4,Charlotte,1238.2,124
2022,4,Florida International,1227.1,125
2022,4,Massachusetts,1204.5,126
2022,5,Alabama,1830.8,1
2022,5,Georgia,1812.8,2
2022,5,Ohio State,1797.3,3
2022,5,Michigan,1782.8,4
2022,5,Cincinnati,1761.5,5
2022,5,Oklahoma State,1748.3,6
2022,5,Clemson,1746.8,7
2022,5,Utah,1728.2,8
2022,5,Penn State,1723.7,9
2022,5,Ole Miss,1712.2,10
2022,5,Coastal Carolina,1701.9,11
2022,5,Oregon,1664.3,12
2022,5,Kentucky,1661.2,13
2022,5,BYU,1661.0,14
2022,5,UCLA,1658.4,15
2022,5,TCU,1648.6,16
2022,5,Wake Forest,1648.4,17
2022,5,USC,1640.9,18
2022,5,Pittsburgh,1640.6,19
2022,5,Baylor,1635.5,20
2022,5,Minnesota,1634.6,21
2022,5,Iowa,1633.4,22
2022,5,NC State,1627.8,23
2022,5,LSU,1625.3,24
2022,5,Air Force,1622.2,25
2022,5,Mississippi State,1620.8,26
2022,5,Oklahoma,1620.3,27
2022,5,Liberty,1614.4,28
2022,5,Maryland,1610.8,29
2022,5,Texas,1602.2,30
2022,5,App State,1601.4,31
2022,5,Arkansas,1596.9,32
2022,5,Washington State,1596.4,33
2022,5,Illinois,1593.0,34
2022,5,UTSA,1592.9,35
2022,5,Kansas State,1589.5,36
2022,5,Texas A&M,1585.8,37
2022,5,Iowa State,1581.4,38
2022,5,North Carolina,1580.8,39
2022,5,Purdue,1578.6,40
2022,5,Memphis,1576.4,41
2022,5,Oregon State,1572.4,42
2022,5,Syracuse,1570.3,43
2022,5,James Madison,1568.2,44
2022,5,Washington,1564.3,45
2022,5,Boise State,1561.7,46
2022,5,Western Kentucky,1552.5,47
2022,5,UAB,1548.3,48
2022,5,Louisiana,1547.8,49
2022,5,South Alabama,1541.6,50
2022,5,Toledo,1541.1,51
2022,5,San José State,1538.6,52
2022,5,East Carolina,1536.3,53
2022,5,Houston,1525.7,54
2022,5,Kansas,1524.3,55
2022,5,Florida,1521.4,56
2022,5,Wisconsin,1517.4,57
2022,5,Michigan State,1516.1,58
2022,5,Marshall,1512.2,59
2022,5,Florida State,1507.4,60
2022,5,Tulane,1502.2,61
2022,5,Auburn,1501.4,62
2022,5,Troy,1499.5,63
2022,5,Texas Tech,1499.3,64
2022,5,Tulsa,1495.9,65
2022,5,UNLV,1493.4,66
2022,5,West Virginia,1486.0,67
2022,5,South Carolina,1484.6,68
2022,5,California,1479.4,69
2022,5,Middle Tennessee,1476.3,70
2022,5,Louisville,1473.9,71
2022,5,San Diego State,1472.7,72
2022,5,Fresno State,1469.5,73
2022,5,Duke,1467.9,74
2022,5,Army,1462.8,75
2022,5,Rice,1457.1,76
2022,5,Georgia Southern,1453.8,77
2022,5,Miami (OH),1453.0,78
2022,5,Georgia State,1449.5,79
2022,5,Eastern Michigan,1446.6,80
2022,5,Missouri,1443.3,81
2022,5,Rutgers,1440.6,82
2022,5,UTEP,1440.0,83
2022,5,Western Michigan,1437.5,84
2022,5,Arizona State,1437.1,85
2022,5,Indiana,1436.5,86
2022,5,Virginia Tech,1434.7,87
2022,5,Kent State,1434.5,88
2022,5,Wyoming,1431.8,89
2022,5,Central Michigan,1431.0,90
2022,5,Nebraska,1428.5,91
2022,5,Old Dominion,1427.5,92
2022,5,Boston College,1419.5,93
2022,5,North Texas,1418.5,94
2022,5,Ball State,1418.2,95
2022,5,Buffalo,1414.3,96
2022,5,Virginia,1410.5,97
2022,5,Utah State,1398.6,98
2022,5,Georgia Tech,1390.2,99
2022,5,Arizona,1384.9,100
2022,5,Arkansas State,1381.4,101
2022,5,Florida Atlantic,1374.3,102
2022,5,Texas State,1374.1,103
2022,5,Ohio,1372.9,104
2022,5,Northern Illinois,1367.6,105
2022,5,Navy,1363.7,106
2022,5,Bowling Green,1355.8,107
2022,5,UL Monroe,1354.1,108
2022,5,New Mexico,1351.3,109
2022,5,Stanford,1350.6,110
2022,5,Temple,1316.4,111
2022,5,Northwestern,1306.7,112
2022,5,UConn,1304.3,113
2022,5,South Florida,1288.7,114
2022,5,Colorado,1279.5,115
2022,5,Florida International,1277.6,116
2022,5,Akron,1261.9,117
2022,5,New Mexico State,1249.0,118
2022,5,Charlotte,1221.7,119
2022,5,Massachusetts,1196.5,120
2022,6,Alabama,1835.7,1
2022,6,Georgia,1820.2,2
2022,6,Ohio State,1817.5,3
2022,6,Michigan,1796.8,4
2022,6,Clemson,1763.4,5
2022,6,Cincinnati,1762.9,6
2022,6,Oklahoma State,1756.8,7
2022,6,Ole Miss,1729.6,8
2022,6,Coastal Carolina,1711.3,9
2022,6,Notre Dame,1705.5,10
2022,6,Tennessee,1701.7,11
2022,6,Utah,1699.0,12
2022,6,UCLA,1687.7,13
2022,6,Oregon,1684.2,14
2022,6,TCU,1674.2,15
2022,6,Wake Forest,1666.1,16
2022,6,USC,1663.4,17
2022,6,Texas,1651.2,18
2022,6,Pittsburgh,1651.1,19
2022,6,Mississippi State,1648.2,20
2022,6,NC State,1634.0,21
2022,6,BYU,1630.8,22
2022,6,UCF,1626.7,23
2022,6,Liberty,1624.2,24
2022,6,Kentucky,1619.7,25
2022,6,Iowa,1618.1,26
2022,6,Illinois,1608.3,27
2022,6,UTSA,1604.1,28
2022,6,James Madison,1599.9,29
2022,6,North Carolina,1599.0,30
2022,6,Kansas State,1598.9,31
2022,6,Maryland,1594.8,32
2022,6,Purdue,1594.7,33
2022,6,Boise State,1585.3,34
2022,6,Air Force,1583.8,35
2022,6,Texas A&M,1580.9,36
2022,6,Oregon State,1578.6,37
2022,6,UAB,1576.5,38
2022,6,Washington State,1573.9,39
2022,6,LSU,1572.6,40
2022,6,San José State,1572.1,41
2022,6,Iowa State,1572.0,42
2022,6,Oklahoma,1571.3,43
2022,6,Arkansas,1569.4,44
2022,6,Toledo,1567.9,45
2022,6,Memphis,1566.0,46
2022,6,App State,1553.6,47
2022,6,Wisconsin,1545.2,48
2022,6,Western Kentucky,1541.3,49
2022,6,Houston,1536.2,50
2022,6,Florida,1535.7,51
2022,6,Washington,1534.1,52
2022,6,SMU,1532.6,53
2022,6,Tulane,1532.1,54
2022,6,South Carolina,1526.1,55
2022,6,Troy,1518.3,56
2022,6,Louisville,1508.8,57
2022,6,East Carolina,1506.4,58
2022,6,Florida State,1501.2,59
2022,6,Kansas,1498.7,60
2022,6,Michigan State,1495.9,61
2022,6,Auburn,1494.0,62
2022,6,Texas Tech,1490.8,63
2022,6,Eastern Michigan,1489.1,64
2022,6,San Diego State,1477.1,65
2022,6,Georgia State,1470.8,66
2022,6,Arizona State,1467.3,67
2022,6,Miami (OH),1465.3,68
2022,6,Miami,1462.9,69
2022,6,Wyoming,1462.3,70
2022,6,UNLV,1459.9,71
2022,6,Buffalo,1456.6,72
2022,6,Duke,1450.6,73
2022,6,Nevada,1449.0,74
2022,6,Middle Tennessee,1448.1,75
2022,6,Fresno State,1445.9,76
2022,6,Army,1445.1,77
2022,6,Nebraska,1438.3,78
2022,6,Utah State,1437.0,79
2022,6,Tulsa,1434.0,80
2022,6,Georgia Southern,1432.6,81
2022,6,Rutgers,1430.8,82
2022,6,Missouri,1429.0,83
2022,6,Ball State,1428.0,84
2022,6,Navy,1425.5,85
2022,6,Virginia Tech,1424.2,86
2022,6,Indiana,1422.5,87
2022,6,Kent State,1422.3,88
2022,6,Texas State,1421.8,89
2022,6,Central Michigan,1421.2,90
2022,6,Georgia Tech,1407.5,91
2022,6,Boston College,1402.9,92
2022,6,UTEP,1401.8,93
2022,6,Western Michigan,1394.9,94
2022,6,Ohio,1391.2,95
2022,6,Vanderbilt,1390.1,96
2022,6,Louisiana Tech,1381.6,97
2022,6,Virginia,1375.6,98
2022,6,Arizona,1364.9,99
2022,6,UConn,1352.8,100
2022,6,Southern Miss,1351.0,101
2022,6,Arkansas State,1349.7,102
2022,6,UL Monroe,1344.7,103
2022,6,Stanford,1344.4,104
2022,6,Northern Illinois,1340.8,105
2022,6,New Mexico,1320.8,106
2022,6,Bowling Green,1313.6,107
2022,6,South Florida,1287.3,108
2022,6,Northwestern,1278.9,109
2022,6,Hawai'i,1273.9,110
2022,6,Colorado State,1269.2,111
2022,6,Akron,1243.6,112
2022,6,Florida International,1229.0,113
2022,6,Massachusetts,1186.8,114
2022,7,Georgia,1824.5,1
2022,7,Michigan,1819.4,2
2022,7,Alabama,1815.2,3
2022,7,Clemson,1775.9,4
2022,7,Oklahoma State,1739.2,5
2022,7,Ole Miss,1738.2,6
2022,7,Tennessee,1722.2,7
2022,7,Utah,1704.7,8
2022,7,Penn State,1701.1,9
2022,7,TCU,1691.8,10
2022,7,Notre Dame,1685.2,11
2022,7,Texas,1660.7,12
2022,7,USC,1657.7,13
2022,7,Coastal Carolina,1649.8,14
2022,7,Kentucky,1645.0,15
2022,7,UCF,1635.3,16
2022,7,Illinois,1635.2,17
2022,7,Liberty,1624.8,18
2022,7,Mississippi State,1622.9,19
2022,7,Air Force,1620.6,20
2022,7,UTSA,1616.3,21
2022,7,Baylor,1614.1,22
2022,7,Arkansas,1613.6,23
2022,7,North Carolina,1612.3,24
2022,7,Maryland,1610.6,25
2022,7,Minnesota,1607.7,26
2022,7,Purdue,1604.0,27
2022,7,Oregon State,1603.9,28
2022,7,Syracuse,1603.4,29
2022,7,LSU,1603.3,30
2022,7,NC State,1600.9,31
2022,7,Oklahoma,1588.2,32
2022,7,BYU,1586.6,33
2022,7,Toledo,1583.4,34
2022,7,UAB,1581.0,35
2022,7,Louisiana,1578.6,36
2022,7,Western Kentucky,1574.2,37
2022,7,James Madison,1566.2,38
2022,7,Iowa State,1562.5,39
2022,7,Memphis,1553.0,40
2022,7,Tulane,1550.7,41
2022,7,South Alabama,1549.7,42
2022,7,Washington State,1548.7,43
2022,7,Washington,1544.8,44
2022,7,SMU,1544.3,45
2022,7,San José State,1542.0,46
2022,7,Troy,1527.1,47
2022,7,Wisconsin,1523.1,48
2022,7,East Carolina,1519.3,49
2022,7,Michigan State,1518.0,50
2022,7,West Virginia,1507.4,51
2022,7,Florida,1505.0,52
2022,7,Old Dominion,1489.0,53
2022,7,Florida State,1488.7,54
2022,7,Miami,1487.8,55
2022,7,Auburn,1485.4,56
2022,7,Kansas,1481.8,57
2022,7,Marshall,1481.4,58
2022,7,Buffalo,1477.3,59
2022,7,Fresno State,1476.1,60
2022,7,Georgia Southern,1466.2,61
2022,7,Utah State,1451.4,62
2022,7,Army,1449.7,63
2022,7,North Texas,1443.4,64
2022,7,California,1443.0,65
2022,7,Miami (OH),1440.3,66
2022,7,Rice,1439.4,67
2022,7,Central Michigan,1439.2,68
2022,7,Ball State,1439.2,69
2022,7,Duke,1437.4,70
2022,7,Ohio,1432.8,71
2022,7,Eastern Michigan,1431.6,72
2022,7,Nebraska,1429.0,73
2022,7,UNLV,1423.1,74
2022,7,Middle Tennessee,1415.2,75
2022,7,Navy,1413.8,76
2022,7,Texas State,1413.0,77
2022,7,Kent State,1406.8,78
2022,7,Indiana,1406.6,79
2022,7,Nevada,1403.3,80
2022,7,Virginia Tech,1399.4,81
2022,7,Northern Illinois,1398.4,82
2022,7,Florida Atlantic,1391.9,83
2022,7,Vanderbilt,1385.7,84
2022,7,Stanford,1364.8,85
2022,7,Southern Miss,1357.5,86
2022,7,Louisiana Tech,1356.7,87
2022,7,Arizona,1354.2,88
2022,7,Western Michigan,1353.2,89
2022,7,Arkansas State,1343.2,90
2022,7,UConn,1341.6,91
2022,7,Bowling Green,1338.6,92
2022,7,UL Monroe,1336.7,93
2022,7,Hawai'i,1319.7,94
2022,7,Colorado,1315.9,95
2022,7,Temple,1307.8,96
2022,7,New Mexico,1289.3,97
2022,7,New Mexico State,1280.5,98
2022,7,South Florida,1268.8,99
2022,7,Colorado State,1254.7,100
2022,7,Akron,1225.6,101
2022,7,Charlotte,1217.2,102
2022,7,Florida International,1216.8,103
2022,7,Massachusetts,1166.0,104
2022,8,Ohio State,1832.1,1
2022,8,Alabama,1828.0,2
2022,8,Clemson,1784.4,3
2022,8,Cincinnati,1771.2,4
2022,8,Oklahoma State,1753.4,5
2022,8,Tennessee,1725.6,6
2022,8,Penn State,1722.7,7
2022,8,Oregon,1710.9,8
2022,8,TCU,1707.3,9
2022,8,Notre Dame,1693.9,10
2022,8,Ole Miss,1689.8,11
2022,8,Wake Forest,1675.4,12
2022,8,UCLA,1661.0,13
2022,8,Liberty,1652.0,14
2022,8,LSU,1651.7,15
2022,8,Texas,1646.4,16
2022,8,Baylor,1627.8,17
2022,8,UTSA,1623.4,18
2022,8,Maryland,1614.5,19
2022,8,Oregon State,1612.4,20
2022,8,Boise State,1611.6,21
2022,8,Mississippi State,1610.1,22
2022,8,Pittsburgh,1610.1,23
2022,8,Iowa,1603.5,24
2022,8,Syracuse,1594.8,25
2022,8,Air Force,1594.2,26
2022,8,UCF,1591.8,27
2022,8,Louisiana,1588.3,28
2022,8,Western Kentucky,1587.7,29
2022,8,Minnesota,1586.1,30
2022,8,Kansas State,1583.5,31
2022,8,App State,1575.6,32
2022,8,Tulane,1573.7,33
2022,8,Purdue,1572.6,34
2022,8,UAB,1567.5,35
2022,8,Washington,1567.5,36
2022,8,Houston,1566.5,37
2022,8,East Carolina,1562.9,38
2022,8,BYU,1559.4,39
2022,8,Texas A&M,1558.4,40
2022,8,Toledo,1555.0,41
2022,8,Wisconsin,1554.5,42
2022,8,Troy,1550.2,43
2022,8,Louisville,1549.8,44
2022,8,South Carolina,1548.7,45
2022,8,SMU,1536.0,46
2022,8,Memphis,1530.1,47
2022,8,Texas Tech,1527.8,48
2022,8,South Alabama,1526.5,49
2022,8,Marshall,1524.2,50
2022,8,James Madison,1523.4,51
2022,8,San Diego State,1510.3,52
2022,8,Buffalo,1505.7,53
2022,8,Fresno State,1505.5,54
2022,8,Georgia Southern,1492.0,55
2022,8,Wyoming,1487.0,56
2022,8,Duke,1485.8,57
2022,8,West Virginia,1470.3,58
2022,8,Army,1468.6,59
2022,8,Kansas,1468.1,60
2022,8,Old Dominion,1463.2,61
2022,8,Tulsa,1459.3,62
2022,8,Arizona State,1457.9,63
2022,8,Eastern Michigan,1454.1,64
2022,8,Ohio,1450.1,65
2022,8,Georgia State,1448.8,66
2022,8,Rutgers,1448.7,67
2022,8,Rice,1447.4,68
2022,8,Missouri,1440.0,69
2022,8,Miami,1439.3,70
2022,8,North Texas,1436.4,71
2022,8,Utah State,1426.8,72
2022,8,California,1420.3,73
2022,8,Ball State,1416.7,74
2022,8,Kent State,1415.0,75
2022,8,UTEP,1414.5,76
2022,8,UNLV,1414.4,77
2022,8,Miami (OH),1409.4,78
2022,8,Virginia,1406.0,79
2022,8,Boston College,1393.7,80
2022,8,Central Michigan,1393.6,81
2022,8,Indiana,1388.7,82
2022,8,Southern Miss,1387.1,83
2022,8,Bowling Green,1384.3,84
2022,8,Western Michigan,1384.1,85
2022,8,Navy,1383.5,86
2022,8,Texas State,1383.5,87
2022,8,Northern Illinois,1381.1,88
2022,8,Florida Atlantic,1379.2,89
2022,8,Georgia Tech,1377.1,90
2022,8,Vanderbilt,1374.7,91
2022,8,Stanford,1374.1,92
2022,8,Nevada,1370.0,93
2022,8,Louisiana Tech,1348.7,94
2022,8,Arkansas State,1333.5,95
2022,8,UL Monroe,1317.8,96
2022,8,Colorado,1307.4,97
2022,8,Hawai'i,1300.4,98
2022,8,Temple,1282.5,99
2022,8,Northwestern,1275.0,100
2022,8,Colorado State,1274.1,101
2022,8,New Mexico,1259.9,102
2022,8,Florida International,1258.2,103
2022,8,Akron,1217.4,104
2022,8,Charlotte,1175.8,105
2022,9,Ohio State,1860.3,1
2022,9,Georgia,1833.5,2
2022,9,Michigan,1826.4,3
2022,9,Tennessee,1750.5,4
2022,9,Cincinnati,1744.3,5
2022,9,Oregon,1727.8,6
2022,9,Notre Dame,1725.7,7
2022,9,TCU,1724.2,8
2022,9,Utah,1719.7,9
2022,9,Ole Miss,1703.7,10
2022,9,Penn State,1694.5,11
2022,9,Oklahoma State,1690.0,12
2022,9,Coastal Carolina,1675.1,13
2022,9,USC,1669.7,14
2022,9,UCLA,1668.8,15
2022,9,Baylor,1664.8,16
2022,9,Illinois,1658.0,17
2022,9,Kansas State,1646.9,18
2022,9,Arkansas,1641.1,19
2022,9,North Carolina,1640.0,20
2022,9,Wake Forest,1627.1,21
2022,9,Oklahoma,1623.7,22
2022,9,Kentucky,1620.1,23
2022,9,UCF,1618.7,24
2022,9,Boise State,1618.3,25
2022,9,Iowa,1609.3,26
2022,9,Minnesota,1604.2,27
2022,9,NC State,1603.5,28
2022,9,Louisville,1598.0,29
2022,9,Pittsburgh,1582.3,30
2022,9,East Carolina,1581.9,31
2022,9,App State,1576.7,32
2022,9,Houston,1572.8,33
2022,9,Toledo,1570.2,34
2022,9,SMU,1565.0,35
2022,9,Syracuse,1563.1,36
2022,9,South Alabama,1554.3,37
2022,9,San José State,1551.2,38
2022,9,Texas A&M,1544.5,39
2022,9,BYU,1540.4,40
2022,9,Louisiana,1539.6,41
2022,9,Washington State,1533.7,42
2022,9,UAB,1532.0,43
2022,9,Western Kentucky,1531.1,44
2022,9,Iowa State,1527.0,45
2022,9,Fresno State,1521.1,46
2022,9,Michigan State,1511.0,47
2022,9,Florida State,1507.9,48
2022,9,South Carolina,1505.8,49
2022,9,Wyoming,1504.5,50
2022,9,Marshall,1498.8,51
2022,9,Florida,1496.0,52
2022,9,San Diego State,1494.8,53
2022,9,North Texas,1492.9,54
2022,9,Texas Tech,1490.9,55
2022,9,Missouri,1483.0,56
2022,9,Arizona State,1478.8,57
2022,9,Georgia State,1476.0,58
2022,9,Auburn,1458.0,59
2022,9,Miami,1453.5,60
2022,9,West Virginia,1453.4,61
2022,9,Middle Tennessee,1449.5,62
2022,9,Eastern Michigan,1439.0,63
2022,9,Old Dominion,1436.0,64
2022,9,Southern Miss,1435.8,65
2022,9,Miami (OH),1433.8,66
2022,9,Rutgers,1430.6,67
2022,9,Tulsa,1430.4,68
2022,9,Florida Atlantic,1414.7,69
2022,9,Nebraska,1406.3,70
2022,9,California,1403.4,71
2022,9,Virginia Tech,1396.8,72
2022,9,Navy,1396.4,73
2022,9,Virginia,1391.9,74
2022,9,Rice,1383.2,75
2022,9,UTEP,1380.2,76
2022,9,UConn,1369.2,77
2022,9,Stanford,1366.3,78
2022,9,Boston College,1366.1,79
2022,9,Nevada,1360.8,80
2022,9,Georgia Tech,1357.9,81
2022,9,Arizona,1342.2,82
2022,9,Louisiana Tech,1320.1,83
2022,9,New Mexico State,1305.7,84
2022,9,Arkansas State,1305.7,85
2022,9,Florida International,1286.9,86
2022,9,Colorado,1286.6,87
2022,9,Hawai'i,1282.9,88
2022,9,Temple,1269.6,89
2022,9,Northwestern,1269.1,90
2022,9,Colorado State,1267.3,91
2022,9,South Florida,1262.5,92
2022,9,Charlotte,1240.0,93
2022,9,Akron,1193.0,94
2022,9,Massachusetts,1140.7,95
2022,10,Ohio State,1864.3,1
2022,10,Georgia,1851.7,2
2022,10,Michigan,1839.5,3
2022,10,Alabama,1816.5,4
2022,10,Notre Dame,1762.0,5
2022,10,Cincinnati,1748.4,6
2022,10,Clemson,1748.1,7
2022,10,Oregon,1738.8,8
2022,10,Tennessee,1732.3,9
2022,10,TCU,1731.9,10
2022,10,Utah,1724.4,11
2022,10,Penn State,1713.1,12
2022,10,UCLA,1691.4,13
2022,10,Coastal Carolina,1688.2,14
2022,10,Baylor,1682.4,15
2022,10,Texas,1675.2,16
2022,10,USC,1674.9,17
2022,10,Liberty,1666.8,18
2022,10,LSU,1663.2,19
2022,10,North Carolina,1649.4,20
2022,10,Iowa,1648.9,21
2022,10,UTSA,1645.3,22
2022,10,UCF,1642.2,23
2022,10,Kentucky,1636.0,24
2022,10,Oklahoma State,1633.2,25
2022,10,NC State,1627.4,26
2022,10,Arkansas,1626.2,27
2022,10,Minnesota,1621.1,28
2022,10,Illinois,1620.8,29
2022,10,Louisville,1620.5,30
2022,10,Mississippi State,1619.5,31
2022,10,Kansas State,1618.2,32
2022,10,Air Force,1610.4,33
2022,10,Oklahoma,1606.1,34
2022,10,Pittsburgh,1603.5,35
2022,10,Wake Forest,1603.2,36
2022,10,Tulane,1599.9,37
2022,10,Oregon State,1596.8,38
2022,10,Boise State,1596.6,39
2022,10,SMU,1591.5,40
2022,10,Wisconsin,1585.6,41
2022,10,Maryland,1583.4,42
2022,10,Washington,1583.1,43
2022,10,South Alabama,1579.4,44
2022,10,Troy,1576.6,45
2022,10,Washington State,1566.6,46
2022,10,App State,1563.7,47
2022,10,BYU,1562.1,48
2022,10,San José State,1557.4,49
2022,10,Florida State,1554.2,50
2022,10,Western Kentucky,1553.9,51
2022,10,Michigan State,1548.2,52
2022,10,Iowa State,1547.2,53
2022,10,Houston,1546.3,54
2022,10,Syracuse,1541.9,55
2022,10,Florida,1539.4,56
2022,10,Purdue,1533.0,57
2022,10,Fresno State,1532.9,58
2022,10,South Carolina,1530.7,59
2022,10,Marshall,1529.7,60
2022,10,Kansas,1525.0,61
2022,10,Georgia State,1518.8,62
2022,10,Louisiana,1513.3,63
2022,10,UAB,1510.2,64
2022,10,Duke,1507.4,65
2022,10,Memphis,1506.5,66
2022,10,North Texas,1506.5,67
2022,10,San Diego State,1505.7,68
2022,10,Texas A&M,1501.1,69
2022,10,James Madison,1500.9,70
2022,10,Ohio,1486.0,71
2022,10,Texas Tech,1483.2,72
2022,10,Buffalo,1469.8,73
2022,10,Missouri,1467.1,74
2022,10,Georgia Southern,1466.9,75
2022,10,Arizona State,1456.2,76
2022,10,Army,1452.4,77
2022,10,Auburn,1448.5,78
2022,10,Ball State,1445.3,79
2022,10,Utah State,1439.8,80
2022,10,West Virginia,1433.1,81
2022,10,Central Michigan,1429.2,82
2022,10,Rutgers,1417.5,83
2022,10,Middle Tennessee,1408.0,84
2022,10,Miami,1407.2,85
2022,10,Old Dominion,1405.1,86
2022,10,Tulsa,1404.1,87
2022,10,UNLV,1403.4,88
2022,10,Rice,1402.8,89
2022,10,Bowling Green,1399.5,90
2022,10,California,1398.2,91
2022,10,Southern Miss,1393.0,92
2022,10,Navy,1392.2,93
2022,10,Nebraska,1389.4,94
2022,10,Virginia Tech,1386.5,95
2022,10,Kent State,1386.3,96
2022,10,Virginia,1382.5,97
2022,10,UConn,1378.7,98
2022,10,Texas State,1375.2,99
2022,10,Indiana,1370.0,100
2022,10,Western Michigan,1368.8,101
2022,10,Georgia Tech,1368.2,102
2022,10,Louisiana Tech,1361.5,103
2022,10,UTEP,1360.7,104
2022,10,Vanderbilt,1349.7,105
2022,10,Northern Illinois,1345.6,106
2022,10,Boston College,1344.5,107
2022,10,Arizona,1337.5,108
2022,10,Stanford,1333.4,109
2022,10,UL Monroe,1326.1,110
2022,10,Temple,1300.1,111
2022,10,Colorado,1275.6,112
2022,10,Florida International,1273.3,113
2022,10,Hawai'i,1271.1,114
2022,10,Northwestern,1265.2,115
2022,10,Colorado State,1261.0,116
2022,10,New Mexico,1246.8,117
2022,10,South Florida,1232.0,118
2022,10,Charlotte,1217.3,119
2022,10,Massachusetts,1131.2,120
2022,11,Georgia,1875.4,1
2022,11,Ohio State,1867.1,2
2022,11,Michigan,1842.8,3
2022,11,Alabama,1837.1,4
2022,11,Notre Dame,1766.3,5
2022,11,Clemson,1763.3,6
2022,11,TCU,1757.3,7
2022,11,Cincinnati,1753.4,8
2022,11,Tennessee,1742.5,9
2022,11,Penn State,1731.8,10
2022,11,Utah,1729.2,11
2022,11,Oregon,1715.2,12
2022,11,Coastal Carolina,1691.4,13
2022,11,Ole Miss,1683.1,14
2022,11,LSU,1680.9,15
2022,11,USC,1679.6,16
2022,11,Kansas State,1669.9,17
2022,11,Iowa,1668.7,18
2022,11,UCF,1668.5,19
2022,11,North Carolina,1663.1,20
2022,11,UCLA,1655.4,21
2022,11,UTSA,1654.6,22
2022,11,Texas,1649.7,23
2022,11,Oklahoma State,1646.1,24
2022,11,Liberty,1637.8,25
2022,11,Baylor,1630.6,26
2022,11,Pittsburgh,1629.1,27
2022,11,Minnesota,1626.6,28
2022,11,Boise State,1622.6,29
2022,11,Air Force,1615.9,30
2022,11,NC State,1614.8,31
2022,11,Kentucky,1610.6,32
2022,11,Oregon State,1609.8,33
2022,11,Arkansas,1608.5,34
2022,11,Washington,1606.7,35
2022,11,Louisville,1605.3,36
2022,11,SMU,1604.2,37
2022,11,Florida State,1602.5,38
2022,11,Mississippi State,1595.9,39
2022,11,South Alabama,1590.2,40
2022,11,Wake Forest,1589.5,41
2022,11,Illinois,1587.9,42
2022,11,Oklahoma,1583.4,43
2022,11,Toledo,1581.7,44
2022,11,Washington State,1580.8,45
2022,11,Troy,1580.4,46
2022,11,East Carolina,1576.9,47
2022,11,Tulane,1573.6,48
2022,11,Florida,1571.5,49
2022,11,Western Kentucky,1571.4,50
2022,11,Purdue,1565.9,51
2022,11,Wisconsin,1565.8,52
2022,11,Maryland,1564.8,53
2022,11,Michigan State,1558.7,54
2022,11,Fresno State,1553.9,55
2022,11,Houston,1552.5,56
2022,11,Marshall,1552.2,57
2022,11,App State,1541.3,58
2022,11,James Madison,1540.4,59
2022,11,UAB,1538.7,60
2022,11,San Diego State,1538.2,61
2022,11,Louisiana,1536.9,62
2022,11,Iowa State,1534.3,63
2022,11,San José State,1524.9,64
2022,11,Memphis,1524.0,65
2022,11,Duke,1523.8,66
2022,11,Ohio,1521.0,67
2022,11,Texas Tech,1513.9,68
2022,11,Wyoming,1509.3,69
2022,11,South Carolina,1498.6,70
2022,11,Georgia State,1494.5,71
2022,11,Kansas,1494.2,72
2022,11,Syracuse,1493.6,73
2022,11,Texas A&M,1485.1,74
2022,11,North Texas,1478.0,75
2022,11,Auburn,1464.5,76
2022,11,Utah State,1458.4,77
2022,11,Missouri,1456.9,78
2022,11,West Virginia,1455.9,79
2022,11,Eastern Michigan,1452.2,80
2022,11,Buffalo,1452.0,81
2022,11,Florida Atlantic,1452.0,82
2022,11,Army,1448.6,83
2022,11,Central Michigan,1446.9,84
2022,11,Miami,1446.6,85
2022,11,Georgia Southern,1443.3,86
2022,11,Arizona State,1442.0,87
2022,11,Kent State,1436.7,88
2022,11,Ball State,1433.8,89
2022,11,Middle Tennessee,1417.7,90
2022,11,UConn,1407.7,91
2022,11,Rutgers,1407.0,92
2022,11,Miami (OH),1398.8,93
2022,11,Southern Miss,1389.8,94
2022,11,Navy,1388.0,95
2022,11,Tulsa,1386.7,96
2022,11,Nebraska,1386.1,97
2022,11,Rice,1385.2,98
2022,11,California,1385.2,99
2022,11,UNLV,1382.4,100
2022,11,Vanderbilt,1375.0,101
2022,11,Arizona,1373.5,102
2022,11,Virginia Tech,1370.2,103
2022,11,Indiana,1367.2,104
2022,11,Old Dominion,1365.6,105
2022,11,Northern Illinois,1365.5,106
2022,11,Texas State,1364.3,107
2022,11,Boston College,1357.2,108
2022,11,Virginia,1356.8,109
2022,11,Louisiana Tech,1352.2,110
2022,11,UL Monroe,1350.4,111
2022,11,Bowling Green,1349.2,112
2022,11,Western Michigan,1348.8,113
2022,11,Nevada,1334.9,114
2022,11,Georgia Tech,1328.8,115
2022,11,Stanford,1328.6,116
2022,11,New Mexico State,1312.9,117
2022,11,Arkansas State,1310.5,118
2022,11,Temple,1293.8,119
2022,11,Colorado,1270.9,120
2022,11,Northwestern,1259.7,121
2022,11,Colorado State,1256.3,122
2022,11,Hawai'i,1252.5,123
2022,11,New Mexico,1241.3,124
2022,11,Florida International,1236.0,125
2022,11,South Florida,1219.4,126
2022,11,Charlotte,1207.6,127
2022,11,Akron,1179.7,128
2022,11,Massachusetts,1126.4,129
2022,12,Georgia,1890.6,1
2022,12,Ohio State,1881.5,2
2022,12,Michigan,1846.0,3
2022,12,Alabama,1838.7,4
2022,12,Notre Dame,1770.9,5
2022,12,Clemson,1770.3,6
2022,12,TCU,1764.4,7
2022,12,Cincinnati,1761.7,8
2022,12,Penn State,1750.8,9
2022,12,Oregon,1729.1,10
2022,12,Utah,1715.3,11
2022,12,LSU,1698.6,12
2022,12,USC,1697.8,13
2022,12,Kansas State,1692.1,14
2022,12,Iowa,1686.3,15
2022,12,Texas,1684.6,16
2022,12,Tennessee,1679.8,17
2022,12,UTSA,1676.8,18
2022,12,Ole Miss,1648.8,19
2022,12,UCF,1643.2,20
2022,12,Arkansas,1642.8,21
2022,12,Oregon State,1638.7,22
2022,12,Boise State,1637.2,23
2022,12,UCLA,1637.1,24
2022,12,Pittsburgh,1635.8,25
2022,12,North Carolina,1633.4,26
2022,12,Louisville,1632.6,27
2022,12,Florida State,1627.9,28
2022,12,Liberty,1625.3,29
2022,12,Baylor,1623.6,30
2022,12,Air Force,1620.0,31
2022,12,Oklahoma,1616.4,32
2022,12,Washington,1613.8,33
2022,12,Oklahoma State,1613.1,34
2022,12,Tulane,1611.7,35
2022,12,Minnesota,1609.0,36
2022,12,South Alabama,1606.9,37
2022,12,Houston,1605.8,38
2022,12,Wake Forest,1604.7,39
2022,12,Washington State,1600.3,40
2022,12,Mississippi State,1599.1,41
2022,12,Kentucky,1595.4,42
2022,12,Troy,1590.0,43
2022,12,NC State,1587.5,44
2022,12,Illinois,1584.7,45
2022,12,Marshall,1580.4,46
2022,12,Fresno State,1579.0,47
2022,12,Wisconsin,1571.8,48
2022,12,Purdue,1570.7,49
2022,12,SMU,1566.0,50
2022,12,BYU,1565.4,51
2022,12,South Carolina,1561.3,52
2022,12,San Diego State,1556.2,53
2022,12,App State,1552.7,54
2022,12,Ohio,1551.8,55
2022,12,Maryland,1550.3,56
2022,12,James Madison,1549.1,57
2022,12,Toledo,1544.5,58
2022,12,Texas Tech,1537.0,59
2022,12,Florida,1535.4,60
2022,12,Western Kentucky,1527.3,61
2022,12,Memphis,1526.7,62
2022,12,East Carolina,1523.7,63
2022,12,UAB,1521.0,64
2022,12,Michigan State,1520.2,65
2022,12,Duke,1517.1,66
2022,12,Louisiana,1511.5,67
2022,12,Iowa State,1511.2,68
2022,12,Auburn,1508.6,69
2022,12,San José State,1505.5,70
2022,12,Wyoming,1494.6,71
2022,12,Texas A&M,1489.8,72
2022,12,Georgia State,1485.9,73
2022,12,Eastern Michigan,1480.1,74
2022,12,Syracuse,1478.4,75
2022,12,Utah State,1477.8,76
2022,12,Missouri,1474.4,77
2022,12,Army,1471.9,78
2022,12,Kansas,1459.4,79
2022,12,Middle Tennessee,1454.0,80
2022,12,Miami,1439.6,81
2022,12,West Virginia,1433.8,82
2022,12,Central Michigan,1429.3,83
2022,12,Miami (OH),1423.9,84
2022,12,Florida Atlantic,1415.6,85
2022,12,Georgia Southern,1415.0,86
2022,12,Navy,1413.3,87
2022,12,Arizona State,1413.1,88
2022,12,Vanderbilt,1411.2,89
2022,12,Kent State,1408.8,90
2022,12,Indiana,1405.7,91
2022,12,Ball State,1403.0,92
2022,12,California,1400.9,93
2022,12,Tulsa,1395.5,94
2022,12,Rutgers,1387.9,95
2022,12,Bowling Green,1386.5,96
2022,12,UConn,1384.4,97
2022,12,Virginia Tech,1382.8,98
2022,12,UTEP,1380.4,99
2022,12,Nebraska,1380.1,100
2022,12,Texas State,1374.9,101
2022,12,Southern Miss,1373.1,102
2022,12,Western Michigan,1366.5,103
2022,12,Rice,1363.1,104
2022,12,Georgia Tech,1358.5,105
2022,12,Old Dominion,1354.2,106
2022,12,Arizona,1354.0,107
2022,12,UNLV,1353.9,108
2022,12,Boston College,1352.6,109
2022,12,UL Monroe,1340.8,110
2022,12,Northern Illinois,1340.4,111
2022,12,Louisiana Tech,1324.9,112
2022,12,Stanford,1312.9,113
2022,12,Nevada,1309.8,114
2022,12,Arkansas State,1299.9,115
2022,12,New Mexico State,1295.3,116
2022,12,Temple,1285.5,117
2022,12,Hawai'i,1281.0,118
2022,12,Colorado,1263.8,119
2022,12,Northwestern,1254.9,120
2022,12,Colorado State,1252.2,121
2022,12,Charlotte,1235.0,122
2022,12,New Mexico,1223.3,123
2022,12,Florida International,1216.2,124
2022,12,South Florida,1210.6,125
2022,12,Massachusetts,1121.7,126
2022,13,Georgia,1892.5,1
2022,13,Michigan,1892.1,2
2022,13,Alabama,1844.7,3
2022,13,Ohio State,1835.4,4
2022,13,TCU,1775.7,5
2022,13,Penn State,1760.6,6
2022,13,Clemson,1758.1,7
2022,13,Notre Dame,1740.3,8
2022,13,Cincinnati,1738.2,9
2022,13,USC,1728.5,10
2022,13,Utah,1726.0,11
2022,13,Oregon,1708.1,12
2022,13,Tennessee,1705.1,13
2022,13,Texas,1703.0,14
2022,13,Kansas State,1701.9,15
2022,13,UTSA,1679.9,16
2022,13,Pittsburgh,1662.7,17
2022,13,Oregon State,1659.6,18
2022,13,Washington,1653.4,19
2022,13,UCLA,1651.9,20
2022,13,Boise State,1651.3,21
2022,13,UCF,1649.6,22
2022,13,LSU,1649.1,23
2022,13,Air Force,1648.9,24
2022,13,Iowa,1648.1,25
2022,13,Florida State,1641.3,26
2022,13,Minnesota,1635.6,27
2022,13,Tulane,1635.2,28
2022,13,Coastal Carolina,1635.1,29
2022,13,Ole Miss,1632.3,30
2022,13,Arkansas,1625.0,31
2022,13,Kentucky,1624.2,32
2022,13,Mississippi State,1615.6,33
2022,13,South Alabama,1613.0,34
2022,13,North Carolina,1612.7,35
2022,13,Troy,1609.6,36
2022,13,NC State,1608.2,37
2022,13,James Madison,1605.4,38
2022,13,Baylor,1605.2,39
2022,13,Louisville,1603.8,40
2022,13,Illinois,1602.6,41
2022,13,Fresno State,1601.9,42
2022,13,Oklahoma,1599.0,43
2022,13,Purdue,1595.2,44
2022,13,Marshall,1591.8,45
2022,13,Wake Forest,1586.8,46
2022,13,Oklahoma State,1582.0,47
2022,13,BYU,1580.7,48
2022,13,SMU,1577.2,49
2022,13,South Carolina,1573.6,50
2022,13,Houston,1569.0,51
2022,13,Maryland,1567.1,52
2022,13,Ohio,1566.5,53
2022,13,Washington State,1560.7,54
2022,13,Liberty,1559.1,55
2022,13,Texas Tech,1554.4,56
2022,13,Wisconsin,1545.1,57
2022,13,Louisiana,1544.8,58
2022,13,UAB,1540.6,59
2022,13,Texas A&M,1539.3,60
2022,13,Duke,1535.0,61
2022,13,Western Kentucky,1534.6,62
2022,13,East Carolina,1533.4,63
2022,13,App State,1531.9,64
2022,13,San Diego State,1527.4,65
2022,13,Florida,1522.0,66
2022,13,Memphis,1515.4,67
2022,13,San José State,1514.4,68
2022,13,Toledo,1512.1,69
2022,13,Michigan State,1510.4,70
2022,13,Eastern Michigan,1503.3,71
2022,13,Auburn,1502.6,72
2022,13,Syracuse,1501.9,73
2022,13,Iowa State,1500.0,74
2022,13,Missouri,1492.2,75
2022,13,Army,1488.2,76
2022,13,North Texas,1487.3,77
2022,13,Georgia State,1474.4,78
2022,13,Wyoming,1471.7,79
2022,13,Middle Tennessee,1466.6,80
2022,13,West Virginia,1464.8,81
2022,13,Utah State,1463.8,82
2022,13,Kansas,1449.5,83
2022,13,Georgia Southern,1435.8,84
2022,13,Tulsa,1432.3,85
2022,13,Buffalo,1431.4,86
2022,13,Miami (OH),1429.9,87
2022,13,Kent State,1429.4,88
2022,13,Nebraska,1418.3,89
2022,13,Miami,1412.7,90
2022,13,Florida Atlantic,1408.3,91
2022,13,Central Michigan,1406.1,92
2022,13,Southern Miss,1404.1,93
2022,13,Western Michigan,1398.8,94
2022,13,Ball State,1397.0,95
2022,13,Arizona State,1396.8,96
2022,13,California,1386.2,97
2022,13,Vanderbilt,1385.9,98
2022,13,Indiana,1381.2,99
2022,13,UTEP,1377.3,100
2022,13,Bowling Green,1371.8,101
2022,13,Rutgers,1371.1,102
2022,13,Arizona,1370.3,103
2022,13,UNLV,1368.2,104
2022,13,New Mexico State,1361.4,105
2022,13,Georgia Tech,1356.6,106
2022,13,Rice,1353.7,107
2022,13,Old Dominion,1348.2,108
2022,13,Texas State,1341.6,109
2022,13,Boston College,1329.1,110
2022,13,UL Monroe,1309.7,111
2022,13,Louisiana Tech,1305.3,112
2022,13,Stanford,1297.6,113
2022,13,Nevada,1295.5,114
2022,13,Northern Illinois,1280.6,115
2022,13,Arkansas State,1280.4,116
2022,13,Colorado State,1276.7,117
2022,13,Temple,1275.7,118
2022,13,Hawai'i,1272.1,119
2022,13,Colorado,1253.1,120
2022,13,Akron,1239.5,121
2022,13,Northwestern,1237.0,122
2022,13,South Florida,1204.1,123
2022,13,Florida International,1203.6,124
2022,13,New Mexico,1198.8,125
2022,13,Massachusetts,1105.5,126
2022,14,Georgia,1905.5,1
2022,14,Michigan,1902.1,2
2022,14,Clemson,1784.5,3
2022,14,Utah,1764.4,4
2022,14,TCU,1756.2,5
2022,14,Kansas State,1721.3,6
2022,14,UTSA,1692.2,7
2022,14,USC,1690.1,8
2022,14,Tulane,1664.2,9
2022,14,Troy,1640.9,10
2022,14,Fresno State,1640.5,11
2022,14,LSU,1636.1,12
2022,14,UCF,1620.6,13
2022,14,Boise State,1612.7,14
2022,14,Coastal Carolina,1603.8,15
2022,14,North Carolina,1586.3,16
2022,14,Purdue,1585.2,17
2022,14,Toledo,1544.5,18
2022,14,Ohio,1534.0,19
2022,14,North Texas,1475.0,20
2022,14,Buffalo,1434.2,21
2022,14,New Mexico State,1373.4,22
2022,14,Akron,1236.8,23
2022,15,Army,1500.8,1
2022,15,Navy,1400.6,2
2023,1,Michigan,1776.9,1
2023,1,Georgia,1765.6,2
2023,1,Ohio State,1743.7,3
2023,1,Alabama,1741.7,4
2023,1,Utah,1690.6,5
2023,1,Penn State,1688.4,6
2023,1,Notre Dame,1686.1,7
2023,1,Notre Dame,1682.6,8
2023,1,USC,1667.5,9
2023,1,Cincinnati,1659.0,10
2023,1,Tennessee,1658.5,11
2023,1,Oregon State,1653.9,12
2023,1,USC,1653.0,13
2023,1,Texas,1648.6,14
2023,1,Kansas State,1648.1,15
2023,1,Florida State,1646.9,16
2023,1,Washington,1646.4,17
2023,1,Tulane,1644.8,18
2023,1,Oregon,1640.3,19
2023,1,UCLA,1632.8,20
2023,1,TCU,1628.2,21
2023,1,Fresno State,1622.3,22
2023,1,Iowa,1616.7,23
2023,1,UCF,1611.2,24
2023,1,Pittsburgh,1610.8,25
2023,1,Clemson,1610.8,26
2023,1,Kentucky,1606.3,27
2023,1,NC State,1604.9,28
2023,1,North Carolina,1603.5,29
2023,1,Air Force,1602.0,30
2023,1,Minnesota,1598.8,31
2023,1,UTSA,1598.7,32
2023,1,Duke,1596.8,33
2023,1,Troy,1596.0,34
2023,1,Ole Miss,1594.4,35
2023,1,Arkansas,1590.0,36
2023,1,Oklahoma,1588.1,37
2023,1,Louisville,1587.3,38
2023,1,Washington State,1581.4,39
2023,1,Mississippi State,1581.3,40
2023,1,Illinois,1580.1,41
2023,1,James Madison,1574.6,42
2023,1,SMU,1573.1,43
2023,1,Houston,1571.1,44
2023,1,BYU,1564.0,45
2023,1,Marshall,1563.4,46
2023,1,Wisconsin,1562.1,47
2023,1,Wake Forest,1562.0,48
2023,1,Liberty,1558.7,49
2023,1,Oklahoma State,1558.4,50
2023,1,San Diego State,1552.2,51
2023,1,Maryland,1550.6,52
2023,1,San Diego State,1547.9,53
2023,1,Texas A&M,1544.9,54
2023,1,Michigan State,1541.5,55
2023,1,Western Kentucky,1537.9,56
2023,1,Louisiana,1536.1,57
2023,1,South Alabama,1535.4,58
2023,1,UAB,1533.8,59
2023,1,Coastal Carolina,1533.4,60
2023,1,LSU,1533.4,61
2023,1,App State,1527.8,62
2023,1,Boise State,1526.6,63
2023,1,Purdue,1524.4,64
2023,1,Auburn,1524.4,65
2023,1,Memphis,1519.1,66
2023,1,Texas Tech,1516.3,67
2023,1,Toledo,1515.5,68
2023,1,Syracuse,1511.8,69
2023,1,California,1509.1,70
2023,1,Eastern Michigan,1508.1,71
2023,1,Iowa State,1507.8,72
2023,1,East Carolina,1506.2,73
2023,1,Baylor,1504.1,74
2023,1,Missouri,1503.5,75
2023,1,Wyoming,1500.6,76
2023,1,South Carolina,1500.4,77
2023,1,Ohio,1499.7,78
2023,1,Miami,1496.5,79
2023,1,Florida,1495.5,80
2023,1,Ohio,1492.0,81
2023,1,Georgia State,1489.2,82
2023,1,San José State,1479.9,83
2023,1,Kansas,1477.8,84
2023,1,Georgia Southern,1469.7,85
2023,1,Tulsa,1467.6,86
2023,1,Army,1465.7,87
2023,1,Virginia Tech,1462.9,88
2023,1,Texas State,1461.3,89
2023,1,Middle Tennessee,1460.6,90
2023,1,Vanderbilt,1459.8,91
2023,1,Jacksonville State,1459.6,92
2023,1,West Virginia,1458.2,93
2023,1,Utah State,1456.0,94
2023,1,Florida Atlantic,1451.5,95
2023,1,Southern Miss,1449.5,96
2023,1,Vanderbilt,1447.7,97
2023,1,Jacksonville State,1446.4,98
2023,1,Western Michigan,1445.0,99
2023,1,Rutgers,1444.8,100
2023,1,Arizona State,1438.0,101
2023,1,Nebraska,1436.2,102
2023,1,Arizona,1430.2,103
2023,1,San José State,1429.8,104
2023,1,UNLV,1428.4,105
2023,1,Buffalo,1424.5,106
2023,1,Kent State,1421.3,107
2023,1,Stanford,1418.9,108
2023,1,UTEP,1412.9,109
2023,1,UL Monroe,1411.1,110
2023,1,Navy,1409.0,111
2023,1,Ball State,1407.4,112
2023,1,Central Michigan,1404.3,113
2023,1,Miami (OH),1401.2,114
2023,1,UTEP,1401.0,115
2023,1,North Texas,1400.7,116
2023,1,Indiana,1397.1,117
2023,1,Bowling Green,1396.4,118
2023,1,Louisiana Tech,1392.9,119
2023,1,UConn,1390.3,120
2023,1,Rice,1388.3,121
2023,1,Northern Illinois,1387.8,122
2023,1,Georgia Tech,1387.0,123
2023,1,Virginia,1381.7,124
2023,1,Colorado,1377.9,125
2023,1,New Mexico State,1373.8,126
2023,1,Temple,1372.1,127
2023,1,Louisiana Tech,1370.0,128
2023,1,Old Dominion,1362.2,129
2023,1,Boston College,1358.5,130
2023,1,New Mexico State,1353.3,131
2023,1,Nevada,1352.7,132
2023,1,Charlotte,1342.2,133
2023,1,Arkansas State,1333.4,134
2023,1,Hawai'i,1330.0,135
2023,1,Colorado State,1312.9,136
2023,1,Akron,1311.0,137
2023,1,Massachusetts,1308.0,138
2023,1,Northwestern,1300.5,139
2023,1,Florida International,1296.5,140
2023,1,South Florida,1292.3,141
2023,1,Florida International,1287.9,142
2023,1,Massachusetts,1285.3,143
2023,1,New Mexico,1284.9,144
2023,1,Sam Houston,1283.7,145
2023,1,Hawai'i,1279.5,146
2023,2,Michigan,1785.6,1
2023,2,Georgia,1774.7,2
2023,2,Ohio State,1746.5,3
2023,2,Notre Dame,1739.6,4
2023,2,Utah,1716.9,5
2023,2,Texas,1706.0,6
2023,2,Cincinnati,1695.4,7
2023,2,Penn State,1693.5,8
2023,2,UCLA,1689.2,9
2023,2,Kansas State,1687.4,10
2023,2,USC,1684.6,11
2023,2,Alabama,1684.3,12
2023,2,Oregon,1674.1,13
2023,2,Florida State,1670.1,14
2023,2,Washington,1669.0,15
2023,2,Tennessee,1660.7,16
2023,2,Oregon State,1660.2,17
2023,2,Ole Miss,1659.6,18
2023,2,Iowa,1650.1,19
2023,2,TCU,1631.3,20
2023,2,UCF,1630.0,21
2023,2,Minnesota,1628.0,22
2023,2,Oklahoma,1627.0,23
2023,2,North Carolina,1623.8,24
2023,2,Fresno State,1623.5,25
2023,2,Marshall,1617.4,26
2023,2,Clemson,1616.7,27
2023,2,Air Force,1615.9,28
2023,2,UTSA,1615.0,29
2023,2,Washington State,1611.8,30
2023,2,Arkansas,1611.1,31
2023,2,Kentucky,1609.7,32
2023,2,Duke,1603.3,33
2023,2,Oklahoma State,1598.3,34
2023,2,Mississippi State,1596.6,35
2023,2,Louisville,1595.5,36
2023,2,Wake Forest,1588.2,37
2023,2,James Madison,1583.2,38
2023,2,Tulane,1579.5,39
2023,2,Liberty,1576.3,40
2023,2,Pittsburgh,1574.4,41
2023,2,BYU,1569.6,42
2023,2,Maryland,1566.8,43
2023,2,Memphis,1564.2,44
2023,2,Purdue,1562.1,45
2023,2,Coastal Carolina,1561.8,46
2023,2,Troy,1556.8,47
2023,2,Auburn,1556.7,48
2023,2,Syracuse,1552.3,49
2023,2,NC State,1551.5,50
2023,2,Western Kentucky,1547.8,51
2023,2,Michigan State,1546.9,52
2023,2,Miami,1543.7,53
2023,2,Houston,1543.3,54
2023,2,South Alabama,1541.3,55
2023,2,LSU,1540.8,56
2023,2,Ohio,1538.6,57
2023,2,SMU,1534.3,58
2023,2,Wisconsin,1531.6,59
2023,2,Illinois,1529.8,60
2023,2,Kansas,1528.2,61
2023,2,Toledo,1523.9,62
2023,2,Missouri,1522.8,63
2023,2,Georgia Southern,1518.3,64
2023,2,Georgia State,1518.2,65
2023,2,South Carolina,1511.6,66
2023,2,Boise State,1507.8,67
2023,2,App State,1507.5,68
2023,2,Wyoming,1507.3,69
2023,2,Florida,1502.5,70
2023,2,Texas A&M,1497.7,71
2023,2,San Diego State,1495.8,72
2023,2,UAB,1485.2,73
2023,2,Louisiana,1484.8,74
2023,2,Texas Tech,1482.5,75
2023,2,Rutgers,1480.7,76
2023,2,Eastern Michigan,1479.0,77
2023,2,Baylor,1477.8,78
2023,2,California,1476.7,79
2023,2,Army,1475.1,80
2023,2,Iowa State,1474.4,81
2023,2,West Virginia,1474.1,82
2023,2,Utah State,1468.5,83
2023,2,East Carolina,1452.2,84
2023,2,San José State,1448.7,85
2023,2,Tulsa,1445.1,86
2023,2,Texas State,1445.0,87
2023,2,Miami (OH),1442.7,88
2023,2,Middle Tennessee,1441.3,89
2023,2,Vanderbilt,1433.6,90
2023,2,Colorado,1433.1,91
2023,2,Jacksonville State,1431.1,92
2023,2,Southern Miss,1426.3,93
2023,2,Virginia Tech,1425.1,94
2023,2,UNLV,1419.7,95
2023,2,Navy,1418.8,96
2023,2,UL Monroe,1418.0,97
2023,2,Bowling Green,1416.9,98
2023,2,Rice,1416.0,99
2023,2,Arizona,1415.0,100
2023,2,Old Dominion,1413.6,101
2023,2,Central Michigan,1413.0,102
2023,2,Florida Atlantic,1412.6,103
2023,2,Indiana,1408.0,104
2023,2,Western Michigan,1404.5,105
2023,2,Stanford,1401.8,106
2023,2,Kent State,1400.2,107
2023,2,Ball State,1398.3,108
2023,2,Georgia Tech,1398.2,109
2023,2,Arizona State,1398.2,110
2023,2,Louisiana Tech,1387.1,111
2023,2,Buffalo,1386.8,112
2023,2,Nebraska,1381.0,113
2023,2,Virginia,1373.2,114
2023,2,Northwestern,1372.9,115
2023,2,Boston College,1368.1,116
2023,2,UConn,1361.2,117
2023,2,North Texas,1358.3,118
2023,2,New Mexico State,1356.2,119
2023,2,Northern Illinois,1351.4,120
2023,2,UTEP,1340.5,121
2023,2,Florida International,1338.9,122
2023,2,Temple,1336.2,123
2023,2,Charlotte,1326.0,124
2023,2,Akron,1322.9,125
2023,2,South Florida,1320.2,126
2023,2,New Mexico,1308.6,127
2023,2,Hawai'i,1303.9,128
2023,2,Arkansas State,1288.3,129
2023,2,Sam Houston,1269.8,130
2023,2,Nevada,1269.1,131
2023,2,Massachusetts,1243.7,132
2023,3,Michigan,1793.0,1
2023,3,Georgia,1784.6,2
2023,3,Ohio State,1769.6,3
2023,3,Notre Dame,1748.9,4
2023,3,Penn State,1732.9,5
2023,3,Washington,1724.0,6
2023,3,Texas,1723.8,7
2023,3,Utah,1721.1,8
2023,3,Alabama,1701.4,9
2023,3,UCLA,1695.1,10
2023,3,TCU,1685.3,11
2023,3,Oregon,1682.8,12
2023,3,Oregon State,1680.1,13
2023,3,Florida State,1679.1,14
2023,3,Oklahoma,1677.2,15
2023,3,Ole Miss,1673.2,16
2023,3,North Carolina,1666.4,17
2023,3,Iowa,1665.8,18
2023,3,Fresno State,1661.1,19
2023,3,Kansas State,1653.9,20
2023,3,Cincinnati,1639.1,21
2023,3,Air Force,1637.9,22
2023,3,UCF,1637.8,23
2023,3,Clemson,1636.7,24
2023,3,Kentucky,1622.3,25
2023,3,Tulane,1621.0,26
2023,3,Duke,1619.1,27
2023,3,Liberty,1618.4,28
2023,3,LSU,1616.7,29
2023,3,South Alabama,1616.5,30
2023,3,Louisville,1616.3,31
2023,3,BYU,1615.9,32
2023,3,Washington State,1614.4,33
2023,3,Syracuse,1610.8,34
2023,3,Wake Forest,1606.4,35
2023,3,James Madison,1604.8,36
2023,3,Tennessee,1598.1,37
2023,3,Maryland,1586.7,38
2023,3,Minnesota,1585.4,39
2023,3,Memphis,1576.3,40
2023,3,Wisconsin,1573.5,41
2023,3,Coastal Carolina,1570.9,42
2023,3,Florida,1565.1,43
2023,3,Arkansas,1564.8,44
2023,3,Auburn,1563.2,45
2023,3,UTSA,1559.7,46
2023,3,NC State,1558.1,47
2023,3,Missouri,1556.2,48
2023,3,Ohio,1553.8,49
2023,3,Georgia State,1553.3,50
2023,3,Miami,1553.2,51
2023,3,Kansas,1548.4,52
2023,3,Louisiana,1547.9,53
2023,3,SMU,1541.3,54
2023,3,Toledo,1540.7,55
2023,3,App State,1539.0,56
2023,3,Texas A&M,1536.7,57
2023,3,Troy,1535.2,58
2023,3,Army,1530.5,59
2023,3,Western Kentucky,1524.7,60
2023,3,Pittsburgh,1524.3,61
2023,3,West Virginia,1524.1,62
2023,3,Oklahoma State,1523.1,63
2023,3,Mississippi State,1520.7,64
2023,3,Boise State,1520.3,65
2023,3,Rutgers,1514.8,66
2023,3,Purdue,1503.6,67
2023,3,South Carolina,1501.7,68
2023,3,Texas Tech,1499.9,69
2023,3,Miami (OH),1499.1,70
2023,3,California,1494.3,71
2023,3,Michigan State,1491.9,72
2023,3,Illinois,1490.4,73
2023,3,Wyoming,1489.4,74
2023,3,Houston,1489.3,75
2023,3,Baylor,1484.9,76
2023,3,Eastern Michigan,1484.2,77
2023,3,Georgia Southern,1476.5,78
2023,3,San Diego State,1475.9,79
2023,3,Texas State,1462.2,80
2023,3,Iowa State,1459.3,81
2023,3,Middle Tennessee,1454.9,82
2023,3,Colorado,1451.8,83
2023,3,Arizona,1447.4,84
2023,3,Utah State,1446.5,85
2023,3,UNLV,1440.5,86
2023,3,San José State,1431.9,87
2023,3,Rice,1429.1,88
2023,3,UAB,1422.1,89
2023,3,Nebraska,1421.8,90
2023,3,East Carolina,1420.6,91
2023,3,Kent State,1416.7,92
2023,3,Vanderbilt,1412.8,93
2023,3,Bowling Green,1409.4,94
2023,3,Ball State,1408.8,95
2023,3,Navy,1406.7,96
2023,3,Central Michigan,1403.7,97
2023,3,New Mexico State,1401.2,98
2023,3,Old Dominion,1395.3,99
2023,3,Tulsa,1394.8,100
2023,3,Florida Atlantic,1392.6,101
2023,3,Virginia Tech,1391.1,102
2023,3,Western Michigan,1388.9,103
2023,3,North Texas,1388.6,104
2023,3,Indiana,1387.3,105
2023,3,Southern Miss,1384.8,106
2023,3,Georgia Tech,1384.7,107
2023,3,Florida International,1383.7,108
2023,3,UL Monroe,1379.1,109
2023,3,Arizona State,1360.6,110
2023,3,Boston College,1359.1,111
2023,3,Temple,1358.2,112
2023,3,Northwestern,1357.1,113
2023,3,Louisiana Tech,1356.9,114
2023,3,Virginia,1353.2,115
2023,3,Stanford,1348.1,116
2023,3,Buffalo,1344.6,117
2023,3,UConn,1316.4,118
2023,3,Northern Illinois,1310.6,119
2023,3,Akron,1310.3,120
2023,3,UTEP,1308.1,121
2023,3,Arkansas State,1303.4,122
2023,3,South Florida,1303.1,123
2023,3,Hawai'i,1295.2,124
2023,3,Colorado State,1294.2,125
2023,3,Charlotte,1290.8,126
2023,3,New Mexico,1263.7,127
2023,3,Nevada,1248.9,128
2023,3,Massachusetts,1238.5,129
2023,4,Michigan,1802.8,1
2023,4,Ohio State,1791.6,2
2023,4,Georgia,1791.0,3
2023,4,Penn State,1762.9,4
2023,4,Texas,1753.2,5
2023,4,Utah,1742.4,6
2023,4,Washington,1737.1,7
2023,4,Alabama,1729.0,8
2023,4,Notre Dame,1726.9,9
2023,4,Oklahoma,1718.7,10
2023,4,Florida State,1710.7,11
2023,4,TCU,1702.9,12
2023,4,USC,1700.8,13
2023,4,North Carolina,1700.1,14
2023,4,Oregon,1696.9,15
2023,4,Kansas State,1682.2,16
2023,4,Fresno State,1674.9,17
2023,4,UCLA,1673.7,18
2023,4,Air Force,1668.8,19
2023,4,Oregon State,1660.1,20
2023,4,Kentucky,1649.3,21
2023,4,Liberty,1648.3,22
2023,4,Ole Miss,1645.6,23
2023,4,Duke,1642.4,24
2023,4,Iowa,1635.8,25
2023,4,Washington State,1634.4,26
2023,4,Syracuse,1632.4,27
2023,4,Tennessee,1632.0,28
2023,4,LSU,1629.5,29
2023,4,Maryland,1628.6,30
2023,4,James Madison,1627.9,31
2023,4,Marshall,1627.8,32
2023,4,Louisville,1627.7,33
2023,4,Tulane,1624.0,34
2023,4,Wisconsin,1617.4,35
2023,4,UCF,1609.5,36
2023,4,Clemson,1605.1,37
2023,4,Georgia State,1598.5,38
2023,4,Cincinnati,1597.6,39
2023,4,Ohio,1594.0,40
2023,4,Miami,1588.2,41
2023,4,Missouri,1588.2,42
2023,4,Kansas,1584.5,43
2023,4,South Alabama,1582.3,44
2023,4,BYU,1579.8,45
2023,4,Florida,1573.7,46
2023,4,Texas A&M,1573.1,47
2023,4,NC State,1571.2,48
2023,4,Toledo,1557.9,49
2023,4,Louisiana,1557.3,50
2023,4,Minnesota,1554.4,51
2023,4,Arkansas,1552.0,52
2023,4,Troy,1550.4,53
2023,4,Wake Forest,1548.6,54
2023,4,West Virginia,1545.7,55
2023,4,Memphis,1544.3,56
2023,4,Boise State,1541.3,57
2023,4,Georgia Southern,1528.5,58
2023,4,South Carolina,1527.2,59
2023,4,Auburn,1526.8,60
2023,4,UTSA,1525.8,61
2023,4,Coastal Carolina,1525.7,62
2023,4,SMU,1523.8,63
2023,4,App State,1520.1,64
2023,4,Western Kentucky,1509.6,65
2023,4,Army,1508.9,66
2023,4,Wyoming,1508.4,67
2023,4,Houston,1507.3,68
2023,4,Illinois,1505.1,69
2023,4,Rutgers,1505.0,70
2023,4,Miami (OH),1503.2,71
2023,4,Mississippi State,1495.2,72
2023,4,Oklahoma State,1493.3,73
2023,4,Pittsburgh,1490.6,74
2023,4,Iowa State,1489.1,75
2023,4,California,1481.2,76
2023,4,Texas Tech,1478.3,77
2023,4,UNLV,1475.2,78
2023,4,Jacksonville State,1473.9,79
2023,4,Texas State,1472.9,80
2023,4,Purdue,1459.6,81
2023,4,Arizona,1456.5,82
2023,4,Baylor,1455.5,83
2023,4,San Diego State,1455.0,84
2023,4,Michigan State,1450.1,85
2023,4,Nebraska,1445.5,86
2023,4,Georgia Tech,1442.6,87
2023,4,Eastern Michigan,1441.5,88
2023,4,Central Michigan,1437.9,89
2023,4,Colorado,1437.7,90
2023,4,East Carolina,1433.2,91
2023,4,Tulsa,1425.0,92
2023,4,Utah State,1423.5,93
2023,4,UAB,1415.7,94
2023,4,Kent State,1403.0,95
2023,4,San José State,1401.1,96
2023,4,Middle Tennessee,1398.6,97
2023,4,Old Dominion,1397.1,98
2023,4,Indiana,1396.4,99
2023,4,Northwestern,1388.1,100
2023,4,Vanderbilt,1385.7,101
2023,4,Rice,1383.3,102
2023,4,Virginia Tech,1380.7,103
2023,4,New Mexico State,1378.5,104
2023,4,Florida Atlantic,1377.9,105
2023,4,Western Michigan,1371.7,106
2023,4,Bowling Green,1369.3,107
2023,4,Ball State,1356.8,108
2023,4,Florida International,1353.9,109
2023,4,Southern Miss,1353.2,110
2023,4,Colorado State,1350.6,111
2023,4,South Florida,1349.0,112
2023,4,Boston College,1347.6,113
2023,4,Arizona State,1344.4,114
2023,4,Virginia,1340.0,115
2023,4,Stanford,1339.0,116
2023,4,Buffalo,1335.2,117
2023,4,Arkansas State,1335.0,118
2023,4,Louisiana Tech,1333.2,119
2023,4,Temple,1323.2,120
2023,4,Hawai'i,1317.9,121
2023,4,Akron,1301.2,122
2023,4,UConn,1293.1,123
2023,4,New Mexico,1285.5,124
2023,4,Charlotte,1282.2,125
2023,4,Northern Illinois,1280.5,126
2023,4,UTEP,1273.4,127
2023,4,Sam Houston,1251.8,128
2023,4,Nevada,1238.2,129
2023,4,Massachusetts,1216.6,130
2023,5,Michigan,1821.9,1
2023,5,Georgia,1806.9,2
2023,5,Penn State,1779.1,3
2023,5,Texas,1771.0,4
2023,5,Alabama,1756.2,5
2023,5,Notre Dame,1755.4,6
2023,5,Washington,1752.0,7
2023,5,Oklahoma,1732.2,8
2023,5,USC,1716.8,9
2023,5,Oregon,1715.6,10
2023,5,Oregon State,1701.4,11
2023,5,Utah,1701.2,12
2023,5,Air Force,1684.5,13
2023,5,Fresno State,1678.5,14
2023,5,TCU,1674.5,15
2023,5,Kentucky,1674.3,16
2023,5,Ole Miss,1666.4,17
2023,5,Clemson,1655.4,18
2023,5,Tennessee,1654.6,19
2023,5,James Madison,1648.7,20
2023,5,Louisville,1648.1,21
2023,5,Iowa,1647.6,22
2023,5,Maryland,1641.5,23
2023,5,Marshall,1635.5,24
2023,5,Tulane,1635.3,25
2023,5,Missouri,1615.9,26
2023,5,Duke,1613.8,27
2023,5,LSU,1608.7,28
2023,5,Texas A&M,1608.1,29
2023,5,BYU,1606.6,30
2023,5,Troy,1606.0,31
2023,5,UCF,1595.4,32
2023,5,Minnesota,1583.0,33
2023,5,Syracuse,1582.0,34
2023,5,West Virginia,1574.0,35
2023,5,Cincinnati,1570.8,36
2023,5,Kansas,1566.8,37
2023,5,South Alabama,1561.4,38
2023,5,Toledo,1561.2,39
2023,5,Memphis,1560.0,40
2023,5,Georgia Southern,1555.6,41
2023,5,NC State,1550.9,42
2023,5,Florida,1548.7,43
2023,5,Miami (OH),1543.3,44
2023,5,Georgia State,1542.9,45
2023,5,SMU,1534.7,46
2023,5,Western Kentucky,1531.5,47
2023,5,Louisiana,1528.7,48
2023,5,App State,1528.2,49
2023,5,Boise State,1525.7,50
2023,5,Wyoming,1517.8,51
2023,5,Texas Tech,1517.6,52
2023,5,Arkansas,1516.9,53
2023,5,Rutgers,1512.4,54
2023,5,Auburn,1510.9,55
2023,5,Texas State,1506.6,56
2023,5,South Carolina,1504.6,57
2023,5,Purdue,1503.5,58
2023,5,Coastal Carolina,1498.7,59
2023,5,UNLV,1493.6,60
2023,5,Jacksonville State,1492.5,61
2023,5,California,1489.9,62
2023,5,Iowa State,1475.6,63
2023,5,Baylor,1469.7,64
2023,5,Houston,1468.0,65
2023,5,Mississippi State,1468.0,66
2023,5,Illinois,1461.2,67
2023,5,Central Michigan,1453.9,68
2023,5,Tulsa,1448.2,69
2023,5,Pittsburgh,1442.6,70
2023,5,Arizona,1441.6,71
2023,5,San Diego State,1439.2,72
2023,5,Michigan State,1438.2,73
2023,5,Utah State,1431.8,74
2023,5,Virginia Tech,1428.6,75
2023,5,Nebraska,1426.4,76
2023,5,Eastern Michigan,1425.4,77
2023,5,Colorado,1421.7,78
2023,5,Bowling Green,1415.7,79
2023,5,Rice,1411.7,80
2023,5,East Carolina,1404.7,81
2023,5,UAB,1404.4,82
2023,5,Western Michigan,1403.3,83
2023,5,North Texas,1399.5,84
2023,5,South Florida,1398.5,85
2023,5,Georgia Tech,1396.2,86
2023,5,Old Dominion,1389.5,87
2023,5,Indiana,1383.4,88
2023,5,Middle Tennessee,1376.6,89
2023,5,Arkansas State,1375.2,90
2023,5,Northwestern,1371.9,91
2023,5,UL Monroe,1370.9,92
2023,5,Louisiana Tech,1366.1,93
2023,5,Boston College,1363.0,94
2023,5,Kent State,1362.9,95
2023,5,Colorado State,1358.8,96
2023,5,Vanderbilt,1358.1,97
2023,5,Navy,1357.2,98
2023,5,Buffalo,1356.7,99
2023,5,Arizona State,1335.6,100
2023,5,Ball State,1325.1,101
2023,5,Virginia,1324.7,102
2023,5,Stanford,1320.2,103
2023,5,Southern Miss,1319.5,104
2023,5,Temple,1300.0,105
2023,5,Hawai'i,1299.6,106
2023,5,UConn,1284.7,107
2023,5,Akron,1279.7,108
2023,5,Northern Illinois,1277.1,109
2023,5,New Mexico,1276.1,110
2023,5,Charlotte,1271.4,111
2023,5,UTEP,1240.5,112
2023,5,Nevada,1234.6,113
2023,5,Sam Houston,1233.2,114
2023,5,Massachusetts,1176.4,115
2023,6,Michigan,1848.2,1
2023,6,Georgia,1826.4,2
2023,6,Ohio State,1809.6,3
2023,6,Alabama,1774.8,4
2023,6,Oklahoma,1753.3,5
2023,6,Texas,1749.9,6
2023,6,North Carolina,1724.4,7
2023,6,Oregon State,1721.2,8
2023,6,Florida State,1720.0,9
2023,6,USC,1719.6,10
2023,6,Notre Dame,1719.2,11
2023,6,UCLA,1695.1,12
2023,6,Louisville,1684.3,13
2023,6,Ole Miss,1676.6,14
2023,6,Clemson,1668.4,15
2023,6,Iowa,1657.5,16
2023,6,Kentucky,1654.7,17
2023,6,Liberty,1650.8,18
2023,6,Fresno State,1650.0,19
2023,6,LSU,1642.2,20
2023,6,Kansas State,1637.2,21
2023,6,Wisconsin,1635.6,22
2023,6,TCU,1628.4,23
2023,6,Maryland,1623.6,24
2023,6,Troy,1617.6,25
2023,6,Washington State,1613.0,26
2023,6,Ohio,1604.6,27
2023,6,Marshall,1603.5,28
2023,6,Kansas,1602.7,29
2023,6,South Alabama,1600.3,30
2023,6,Texas A&M,1589.5,31
2023,6,NC State,1582.8,32
2023,6,Missouri,1582.3,33
2023,6,Toledo,1572.4,34
2023,6,Florida,1561.6,35
2023,6,Miami (OH),1561.5,36
2023,6,UCF,1559.4,37
2023,6,Miami,1559.0,38
2023,6,Texas Tech,1558.3,39
2023,6,Syracuse,1557.8,40
2023,6,Minnesota,1556.7,41
2023,6,Western Kentucky,1550.3,42
2023,6,UTSA,1550.2,43
2023,6,Wyoming,1546.3,44
2023,6,Louisiana,1542.7,45
2023,6,Oklahoma State,1538.3,46
2023,6,Boise State,1537.9,47
2023,6,Wake Forest,1535.6,48
2023,6,Iowa State,1521.7,49
2023,6,Jacksonville State,1521.6,50
2023,6,Arkansas,1506.7,51
2023,6,Rutgers,1494.3,52
2023,6,Purdue,1493.7,53
2023,6,Texas State,1492.6,54
2023,6,Mississippi State,1487.3,55
2023,6,Army,1480.8,56
2023,6,California,1470.1,57
2023,6,Nebraska,1465.2,58
2023,6,Utah State,1457.5,59
2023,6,Eastern Michigan,1442.3,60
2023,6,Arizona,1438.8,61
2023,6,Colorado,1437.5,62
2023,6,UAB,1433.1,63
2023,6,Baylor,1429.0,64
2023,6,Tulsa,1427.9,65
2023,6,Georgia Tech,1425.3,66
2023,6,Illinois,1422.4,67
2023,6,Virginia Tech,1419.3,68
2023,6,Central Michigan,1411.1,69
2023,6,Old Dominion,1408.6,70
2023,6,New Mexico State,1403.4,71
2023,6,Buffalo,1399.5,72
2023,6,Florida Atlantic,1398.2,73
2023,6,Bowling Green,1397.4,74
2023,6,Boston College,1391.0,75
2023,6,San José State,1388.9,76
2023,6,Western Michigan,1384.1,77
2023,6,North Texas,1381.1,78
2023,6,Northwestern,1380.2,79
2023,6,Rice,1377.2,80
2023,6,Navy,1375.7,81
2023,6,South Florida,1369.8,82
2023,6,Arkansas State,1363.6,83
2023,6,Kent State,1352.3,84
2023,6,Middle Tennessee,1347.5,85
2023,6,Louisiana Tech,1347.3,86
2023,6,Vanderbilt,1345.1,87
2023,6,Virginia,1343.6,88
2023,6,Colorado State,1333.1,89
2023,6,UL Monroe,1332.1,90
2023,6,Florida International,1329.0,91
2023,6,Northern Illinois,1329.0,92
2023,6,Arizona State,1319.9,93
2023,6,UConn,1319.2,94
2023,6,Ball State,1308.3,95
2023,6,Southern Miss,1300.4,96
2023,6,Temple,1275.5,97
2023,6,Sam Houston,1230.7,98
2023,6,Akron,1227.9,99
2023,6,Massachusetts,1165.3,100
2023,7,Michigan,1851.6,1
2023,7,Georgia,1833.6,2
2023,7,Ohio State,1828.0,3
2023,7,Penn State,1780.6,4
2023,7,Alabama,1778.5,5
2023,7,Washington,1763.4,6
2023,7,Notre Dame,1751.2,7
2023,7,Oregon State,1743.2,8
2023,7,Florida State,1736.9,9
2023,7,North Carolina,1735.3,10
2023,7,Utah,1711.1,11
2023,7,Oregon,1704.3,12
2023,7,Air Force,1695.3,13
2023,7,Iowa,1687.9,14
2023,7,USC,1687.6,15
2023,7,Liberty,1680.5,16
2023,7,UCLA,1673.2,17
2023,7,Kansas State,1670.7,18
2023,7,James Madison,1670.4,19
2023,7,Tennessee,1669.7,20
2023,7,Fresno State,1664.8,21
2023,7,Tulane,1663.3,22
2023,7,LSU,1660.7,23
2023,7,TCU,1659.1,24
2023,7,Troy,1647.2,25
2023,7,Duke,1639.8,26
2023,7,Louisville,1628.9,27
2023,7,Missouri,1627.2,28
2023,7,Kentucky,1609.8,29
2023,7,Wisconsin,1605.1,30
2023,7,Maryland,1599.2,31
2023,7,Toledo,1585.6,32
2023,7,Miami (OH),1584.4,33
2023,7,Kansas,1577.8,34
2023,7,Georgia State,1577.1,35
2023,7,BYU,1575.8,36
2023,7,Florida,1575.0,37
2023,7,Texas A&M,1574.4,38
2023,7,Marshall,1569.4,39
2023,7,UTSA,1568.0,40
2023,7,Iowa State,1567.4,41
2023,7,SMU,1565.8,42
2023,7,Oklahoma State,1563.2,43
2023,7,West Virginia,1559.0,44
2023,7,NC State,1556.8,45
2023,7,Ohio,1555.5,46
2023,7,Washington State,1549.7,47
2023,7,Miami,1548.1,48
2023,7,Syracuse,1540.8,49
2023,7,Wyoming,1535.5,50
2023,7,Georgia Southern,1533.9,51
2023,7,Memphis,1531.9,52
2023,7,Boise State,1525.6,53
2023,7,Cincinnati,1525.0,54
2023,7,Texas Tech,1524.8,55
2023,7,Coastal Carolina,1518.9,56
2023,7,UNLV,1512.7,57
2023,7,App State,1508.0,58
2023,7,Rutgers,1504.8,59
2023,7,Arkansas,1503.0,60
2023,7,Arizona,1502.1,61
2023,7,Pittsburgh,1498.0,62
2023,7,Texas State,1495.8,63
2023,7,Wake Forest,1494.9,64
2023,7,Auburn,1492.4,65
2023,7,Jacksonville State,1491.8,66
2023,7,South Carolina,1491.1,67
2023,7,Houston,1483.1,68
2023,7,Purdue,1475.3,69
2023,7,California,1460.2,70
2023,7,Virginia Tech,1460.0,71
2023,7,Eastern Michigan,1459.9,72
2023,7,San Diego State,1459.5,73
2023,7,Army,1451.2,74
2023,7,Florida Atlantic,1447.3,75
2023,7,Illinois,1446.8,76
2023,7,Utah State,1442.7,77
2023,7,Bowling Green,1430.7,78
2023,7,Michigan State,1427.7,79
2023,7,San José State,1424.6,80
2023,7,Central Michigan,1419.8,81
2023,7,New Mexico State,1415.3,82
2023,7,UAB,1415.3,83
2023,7,Colorado,1414.7,84
2023,7,Navy,1405.1,85
2023,7,North Texas,1402.1,86
2023,7,Indiana,1380.1,87
2023,7,Northern Illinois,1378.1,88
2023,7,East Carolina,1373.6,89
2023,7,Middle Tennessee,1368.4,90
2023,7,Buffalo,1366.3,91
2023,7,Western Michigan,1361.2,92
2023,7,Colorado State,1345.4,93
2023,7,Stanford,1343.0,94
2023,7,Vanderbilt,1338.0,95
2023,7,Kent State,1334.6,96
2023,7,UL Monroe,1328.8,97
2023,7,Louisiana Tech,1326.5,98
2023,7,South Florida,1320.7,99
2023,7,Ball State,1295.0,100
2023,7,Florida International,1287.1,101
2023,7,UTEP,1282.4,102
2023,7,Hawai'i,1279.2,103
2023,7,Temple,1254.5,104
2023,7,Charlotte,1242.0,105
2023,7,New Mexico,1240.5,106
2023,7,Akron,1219.2,107
2023,7,Sam Houston,1218.8,108
2023,7,Nevada,1215.4,109
2023,7,Massachusetts,1163.8,110
2023,8,Michigan,1864.2,1
2023,8,Ohio State,1845.2,2
2023,8,Alabama,1794.7,3
2023,8,Washington,1765.5,4
2023,8,Penn State,1763.4,5
2023,8,Texas,1763.0,6
2023,8,Oklahoma,1757.7,7
2023,8,Florida State,1755.5,8
2023,8,Utah,1725.6,9
2023,8,Oregon,1717.3,10
2023,8,Air Force,1709.6,11
2023,8,North Carolina,1705.5,12
2023,8,Kansas State,1704.0,13
2023,8,James Madison,1697.5,14
2023,8,Ole Miss,1694.3,15
2023,8,UCLA,1690.6,16
2023,8,Liberty,1684.9,17
2023,8,LSU,1675.8,18
2023,8,USC,1673.1,19
2023,8,Iowa,1669.6,20
2023,8,Tulane,1669.1,21
2023,8,Tennessee,1653.5,22
2023,8,Missouri,1643.7,23
2023,8,Clemson,1637.1,24
2023,8,TCU,1625.9,25
2023,8,Duke,1621.2,26
2023,8,Wisconsin,1620.0,27
2023,8,South Alabama,1609.2,28
2023,8,Toledo,1607.8,29
2023,8,UTSA,1602.1,30
2023,8,Oklahoma State,1600.3,31
2023,8,BYU,1596.2,32
2023,8,Georgia State,1594.9,33
2023,8,SMU,1587.0,34
2023,8,Miami,1579.4,35
2023,8,Minnesota,1575.0,36
2023,8,Memphis,1565.6,37
2023,8,Miami (OH),1562.3,38
2023,8,Ohio,1561.0,39
2023,8,UCF,1555.1,40
2023,8,Georgia Southern,1542.9,41
2023,8,Marshall,1542.2,42
2023,8,Coastal Carolina,1541.3,43
2023,8,Washington State,1536.7,44
2023,8,Rutgers,1534.3,45
2023,8,Western Kentucky,1534.0,46
2023,8,Louisiana,1524.8,47
2023,8,West Virginia,1521.9,48
2023,8,UNLV,1517.6,49
2023,8,Wake Forest,1510.3,50
2023,8,Mississippi State,1510.1,51
2023,8,Jacksonville State,1508.1,52
2023,8,Texas Tech,1504.4,53
2023,8,Cincinnati,1502.8,54
2023,8,Pittsburgh,1482.6,55
2023,8,App State,1480.2,56
2023,8,Arkansas,1480.1,57
2023,8,Nebraska,1479.8,58
2023,8,Auburn,1474.8,59
2023,8,South Carolina,1474.6,60
2023,8,Houston,1470.0,61
2023,8,San José State,1456.0,62
2023,8,Baylor,1451.2,63
2023,8,New Mexico State,1446.2,64
2023,8,Bowling Green,1442.7,65
2023,8,Old Dominion,1436.4,66
2023,8,Army,1436.1,67
2023,8,Eastern Michigan,1433.6,68
2023,8,Illinois,1431.9,69
2023,8,Boston College,1431.7,70
2023,8,Rice,1429.9,71
2023,8,San Diego State,1424.5,72
2023,8,Michigan State,1415.1,73
2023,8,Florida Atlantic,1413.1,74
2023,8,Utah State,1411.3,75
2023,8,Northern Illinois,1404.4,76
2023,8,Buffalo,1404.4,77
2023,8,North Texas,1396.4,78
2023,8,Navy,1390.8,79
2023,8,Central Michigan,1389.8,80
2023,8,Georgia Tech,1384.6,81
2023,8,UAB,1381.6,82
2023,8,Tulsa,1375.3,83
2023,8,Virginia,1373.4,84
2023,8,Northwestern,1365.6,85
2023,8,Middle Tennessee,1364.0,86
2023,8,Western Michigan,1355.7,87
2023,8,Indiana,1350.5,88
2023,8,East Carolina,1350.5,89
2023,8,Arkansas State,1341.3,90
2023,8,Colorado State,1340.4,91
2023,8,South Florida,1339.8,92
2023,8,Stanford,1325.5,93
2023,8,Ball State,1325.1,94
2023,8,UL Monroe,1319.9,95
2023,8,Arizona State,1317.7,96
2023,8,Florida International,1310.3,97
2023,8,UConn,1300.1,98
2023,8,Kent State,1296.5,99
2023,8,Southern Miss,1291.5,100
2023,8,New Mexico,1274.4,101
2023,8,Charlotte,1265.1,102
2023,8,UTEP,1251.5,103
2023,8,Nevada,1250.5,104
2023,8,Hawai'i,1245.3,105
2023,8,Temple,1233.3,106
2023,8,Akron,1207.2,107
2023,8,Sam Houston,1195.6,108
2023,9,Ohio State,1865.1,1
2023,9,Georgia,1849.5,2
2023,9,Texas,1778.4,3
2023,9,Florida State,1777.8,4
2023,9,Washington,1772.4,5
2023,9,Penn State,1766.1,6
2023,9,Oregon,1765.0,7
2023,9,Notre Dame,1761.7,8
2023,9,Oklahoma,1727.7,9
2023,9,Air Force,1721.5,10
2023,9,Oregon State,1716.6,11
2023,9,Kansas State,1715.9,12
2023,9,Liberty,1709.9,13
2023,9,James Madison,1701.4,14
2023,9,Ole Miss,1699.7,15
2023,9,UCLA,1697.2,16
2023,9,USC,1678.4,17
2023,9,Tennessee,1678.0,18
2023,9,Utah,1677.9,19
2023,9,Tulane,1676.8,20
2023,9,Fresno State,1675.1,21
2023,9,Troy,1675.0,22
2023,9,North Carolina,1669.9,23
2023,9,Louisville,1658.2,24
2023,9,Oklahoma State,1622.3,25
2023,9,Clemson,1610.9,26
2023,9,UTSA,1610.0,27
2023,9,Kansas,1607.7,28
2023,9,SMU,1601.8,29
2023,9,Wisconsin,1600.1,30
2023,9,Miami (OH),1599.6,31
2023,9,Iowa State,1594.3,32
2023,9,Duke,1591.9,33
2023,9,Texas A&M,1590.9,34
2023,9,Minnesota,1588.0,35
2023,9,Kentucky,1585.3,36
2023,9,Miami,1584.6,37
2023,9,NC State,1583.1,38
2023,9,BYU,1580.8,39
2023,9,Memphis,1578.0,40
2023,9,Georgia Southern,1576.1,41
2023,9,Coastal Carolina,1573.4,42
2023,9,South Alabama,1567.5,43
2023,9,Louisiana,1566.5,44
2023,9,Maryland,1562.5,45
2023,9,Georgia State,1561.7,46
2023,9,West Virginia,1560.6,47
2023,9,Florida,1559.1,48
2023,9,Boise State,1557.7,49
2023,9,Jacksonville State,1534.5,50
2023,9,Arizona,1528.6,51
2023,9,Ohio,1523.7,52
2023,9,UCF,1516.4,53
2023,9,Marshall,1510.1,54
2023,9,Western Kentucky,1509.1,55
2023,9,UNLV,1507.3,56
2023,9,Nebraska,1506.8,57
2023,9,Auburn,1504.1,58
2023,9,Wyoming,1503.3,59
2023,9,Virginia Tech,1502.6,60
2023,9,Syracuse,1498.3,61
2023,9,Washington State,1491.3,62
2023,9,App State,1489.9,63
2023,9,Wake Forest,1488.1,64
2023,9,San José State,1483.8,65
2023,9,Mississippi State,1480.8,66
2023,9,Cincinnati,1480.8,67
2023,9,Pittsburgh,1472.0,68
2023,9,Texas State,1468.0,69
2023,9,New Mexico State,1460.6,70
2023,9,South Carolina,1458.2,71
2023,9,Houston,1458.0,72
2023,9,California,1454.8,73
2023,9,Purdue,1448.3,74
2023,9,Florida Atlantic,1443.1,75
2023,9,Boston College,1442.9,76
2023,9,Old Dominion,1432.6,77
2023,9,Baylor,1424.3,78
2023,9,Rice,1422.2,79
2023,9,Georgia Tech,1420.2,80
2023,9,Colorado,1408.2,81
2023,9,Western Michigan,1406.1,82
2023,9,Northwestern,1402.2,83
2023,9,Michigan State,1402.1,84
2023,9,Army,1398.3,85
2023,9,North Texas,1384.0,86
2023,9,Eastern Michigan,1383.2,87
2023,9,Arkansas State,1373.0,88
2023,9,Virginia,1368.3,89
2023,9,Arizona State,1363.1,90
2023,9,Tulsa,1360.5,91
2023,9,Indiana,1347.8,92
2023,9,East Carolina,1342.6,93
2023,9,Vanderbilt,1332.6,94
2023,9,Colorado State,1328.5,95
2023,9,Stanford,1318.6,96
2023,9,Louisiana Tech,1312.1,97
2023,9,UConn,1288.9,98
2023,9,UL Monroe,1288.2,99
2023,9,Florida International,1283.8,100
2023,9,Southern Miss,1281.8,101
2023,9,Nevada,1275.4,102
2023,9,UTEP,1268.5,103
2023,9,New Mexico,1249.4,104
2023,9,Charlotte,1235.2,105
2023,9,Hawai'i,1217.5,106
2023,9,Massachusetts,1201.6,107
2023,9,Sam Houston,1178.6,108
2023,10,Ohio State,1879.7,1
2023,10,Michigan,1868.1,2
2023,10,Georgia,1858.1,3
2023,10,Alabama,1810.1,4
2023,10,Washington,1799.2,5
2023,10,Penn State,1794.8,6
2023,10,Florida State,1793.4,7
2023,10,Texas,1788.6,8
2023,10,Oregon,1773.1,9
2023,10,James Madison,1734.4,10
2023,10,Notre Dame,1727.7,11
2023,10,Oregon State,1727.7,12
2023,10,Liberty,1714.1,13
2023,10,Oklahoma,1708.8,14
2023,10,Ole Miss,1708.0,15
2023,10,Kansas State,1705.7,16
2023,10,Troy,1692.7,17
2023,10,Fresno State,1687.1,18
2023,10,Utah,1686.1,19
2023,10,Tennessee,1683.5,20
2023,10,Tulane,1683.4,21
2023,10,Iowa,1676.3,22
2023,10,Louisville,1674.8,23
2023,10,North Carolina,1673.3,24
2023,10,Air Force,1666.4,25
2023,10,LSU,1660.4,26
2023,10,USC,1651.7,27
2023,10,UCLA,1650.3,28
2023,10,Clemson,1645.0,29
2023,10,Oklahoma State,1641.2,30
2023,10,Kansas,1635.7,31
2023,10,Missouri,1635.2,32
2023,10,UTSA,1626.2,33
2023,10,Toledo,1618.8,34
2023,10,Kentucky,1618.8,35
2023,10,SMU,1617.2,36
2023,10,NC State,1608.9,37
2023,10,Duke,1600.4,38
2023,10,TCU,1596.1,39
2023,10,West Virginia,1595.8,40
2023,10,Coastal Carolina,1589.1,41
2023,10,Memphis,1585.2,42
2023,10,Texas A&M,1582.6,43
2023,10,Minnesota,1576.1,44
2023,10,Arizona,1575.6,45
2023,10,Iowa State,1566.4,46
2023,10,Wisconsin,1562.0,47
2023,10,Miami,1558.7,48
2023,10,South Alabama,1549.8,49
2023,10,Boise State,1545.8,50
2023,10,BYU,1545.6,51
2023,10,Florida,1537.4,52
2023,10,Texas Tech,1534.1,53
2023,10,Maryland,1533.8,54
2023,10,Georgia Southern,1533.6,55
2023,10,UNLV,1531.8,56
2023,10,UCF,1530.5,57
2023,10,Auburn,1529.2,58
2023,10,Georgia State,1528.7,59
2023,10,Western Kentucky,1524.4,60
2023,10,App State,1522.0,61
2023,10,Rutgers,1519.8,62
2023,10,Louisiana,1514.0,63
2023,10,Wyoming,1513.3,64
2023,10,Texas State,1510.5,65
2023,10,Jacksonville State,1504.7,66
2023,10,Arkansas,1501.8,67
2023,10,South Carolina,1488.1,68
2023,10,Nebraska,1487.9,69
2023,10,Virginia Tech,1486.0,70
2023,10,Wake Forest,1479.6,71
2023,10,Marshall,1477.9,72
2023,10,Boston College,1474.4,73
2023,10,New Mexico State,1472.9,74
2023,10,Washington State,1467.3,75
2023,10,Houston,1466.9,76
2023,10,Syracuse,1466.8,77
2023,10,Cincinnati,1466.7,78
2023,10,Georgia Tech,1461.9,79
2023,10,Pittsburgh,1456.5,80
2023,10,Army,1453.4,81
2023,10,Bowling Green,1450.7,82
2023,10,Mississippi State,1447.3,83
2023,10,California,1446.8,84
2023,10,Purdue,1444.4,85
2023,10,Illinois,1443.8,86
2023,10,Utah State,1442.4,87
2023,10,Florida Atlantic,1426.6,88
2023,10,Arkansas State,1425.5,89
2023,10,Michigan State,1421.0,90
2023,10,Old Dominion,1416.9,91
2023,10,Baylor,1415.4,92
2023,10,Central Michigan,1409.3,93
2023,10,Rice,1406.7,94
2023,10,UAB,1398.1,95
2023,10,Colorado,1397.1,96
2023,10,Northwestern,1395.6,97
2023,10,San Diego State,1393.4,98
2023,10,Buffalo,1393.3,99
2023,10,Indiana,1385.8,100
2023,10,Northern Illinois,1384.9,101
2023,10,North Texas,1367.8,102
2023,10,Arizona State,1354.9,103
2023,10,Middle Tennessee,1351.7,104
2023,10,Navy,1348.0,105
2023,10,Stanford,1342.6,106
2023,10,East Carolina,1335.9,107
2023,10,South Florida,1332.6,108
2023,10,Virginia,1326.6,109
2023,10,Tulsa,1326.1,110
2023,10,Colorado State,1318.5,111
2023,10,Ball State,1317.1,112
2023,10,Southern Miss,1309.9,113
2023,10,Louisiana Tech,1307.8,114
2023,10,Vanderbilt,1307.5,115
2023,10,UConn,1283.4,116
2023,10,Temple,1276.0,117
2023,10,Kent State,1275.6,118
2023,10,Charlotte,1269.6,119
2023,10,UL Monroe,1260.0,120
2023,10,Hawai'i,1257.7,121
2023,10,UTEP,1253.2,122
2023,10,Nevada,1235.2,123
2023,10,Akron,1228.1,124
2023,10,New Mexico,1224.9,125
2023,10,Massachusetts,1222.6,126
2023,10,Sam Houston,1186.7,127
2023,11,Michigan,1895.2,1
2023,11,Ohio State,1883.0,2
2023,11,Georgia,1875.7,3
2023,11,Alabama,1838.1,4
2023,11,Washington,1811.4,5
2023,11,Florida State,1800.0,6
2023,11,Texas,1800.0,7
2023,11,Oregon,1786.0,8
2023,11,Penn State,1767.7,9
2023,11,James Madison,1737.8,10
2023,11,Oregon State,1733.0,11
2023,11,Oklahoma,1730.5,12
2023,11,Liberty,1721.8,13
2023,11,Kansas State,1714.1,14
2023,11,Troy,1703.5,15
2023,11,Iowa,1691.2,16
2023,11,Ole Miss,1690.4,17
2023,11,Tulane,1685.2,18
2023,11,North Carolina,1681.0,19
2023,11,Louisville,1678.4,20
2023,11,LSU,1676.5,21
2023,11,Utah,1673.9,22
2023,11,Missouri,1673.7,23
2023,11,Clemson,1657.8,24
2023,11,Tennessee,1645.0,25
2023,11,NC State,1639.7,26
2023,11,USC,1638.7,27
2023,11,UTSA,1636.7,28
2023,11,Fresno State,1630.3,29
2023,11,Toledo,1629.3,30
2023,11,SMU,1626.8,31
2023,11,Kansas,1613.4,32
2023,11,Iowa State,1612.7,33
2023,11,UCLA,1606.3,34
2023,11,Miami (OH),1604.1,35
2023,11,Coastal Carolina,1604.1,36
2023,11,Texas A&M,1602.3,37
2023,11,Air Force,1598.7,38
2023,11,Memphis,1595.3,39
2023,11,Duke,1592.7,40
2023,11,Kentucky,1590.8,41
2023,11,Oklahoma State,1589.1,42
2023,11,Arizona,1587.6,43
2023,11,TCU,1584.7,44
2023,11,UCF,1582.6,45
2023,11,Auburn,1577.1,46
2023,11,West Virginia,1574.2,47
2023,11,App State,1569.1,48
2023,11,South Alabama,1561.4,49
2023,11,UNLV,1558.7,50
2023,11,Texas Tech,1556.5,51
2023,11,Boise State,1552.5,52
2023,11,Miami,1552.0,53
2023,11,Maryland,1551.2,54
2023,11,Ohio,1547.8,55
2023,11,San José State,1540.6,56
2023,11,Minnesota,1532.0,57
2023,11,Virginia Tech,1530.5,58
2023,11,Florida,1521.2,59
2023,11,Wisconsin,1515.5,60
2023,11,Georgia Southern,1512.7,61
2023,11,New Mexico State,1507.6,62
2023,11,Rutgers,1504.9,63
2023,11,South Carolina,1503.9,64
2023,11,Cincinnati,1499.8,65
2023,11,BYU,1499.3,66
2023,11,Syracuse,1498.9,67
2023,11,Marshall,1498.8,68
2023,11,Texas State,1495.4,69
2023,11,Western Kentucky,1489.6,70
2023,11,Louisiana,1489.5,71
2023,11,Purdue,1488.5,72
2023,11,Wyoming,1486.4,73
2023,11,Georgia State,1481.6,74
2023,11,Bowling Green,1480.7,75
2023,11,Nebraska,1470.5,76
2023,11,California,1461.0,77
2023,11,Army,1459.1,78
2023,11,Illinois,1454.2,79
2023,11,Arkansas,1454.0,80
2023,11,Washington State,1453.1,81
2023,11,Utah State,1453.0,82
2023,11,Georgia Tech,1449.0,83
2023,11,Wake Forest,1448.8,84
2023,11,Northwestern,1442.1,85
2023,11,Houston,1433.8,86
2023,11,Boston College,1429.9,87
2023,11,Western Michigan,1429.2,88
2023,11,Mississippi State,1427.6,89
2023,11,Pittsburgh,1424.3,90
2023,11,Michigan State,1417.7,91
2023,11,Arkansas State,1414.0,92
2023,11,Old Dominion,1409.2,93
2023,11,Baylor,1406.9,94
2023,11,Arizona State,1398.8,95
2023,11,Rice,1396.2,96
2023,11,Central Michigan,1386.2,97
2023,11,Navy,1385.2,98
2023,11,Colorado,1385.1,99
2023,11,Florida Atlantic,1382.5,100
2023,11,East Carolina,1380.1,101
2023,11,Middle Tennessee,1377.3,102
2023,11,San Diego State,1376.2,103
2023,11,Indiana,1375.4,104
2023,11,Eastern Michigan,1372.7,105
2023,11,Buffalo,1369.2,106
2023,11,Northern Illinois,1363.5,107
2023,11,UAB,1360.9,108
2023,11,North Texas,1358.3,109
2023,11,South Florida,1344.7,110
2023,11,Ball State,1338.5,111
2023,11,Stanford,1337.2,112
2023,11,Colorado State,1335.7,113
2023,11,Southern Miss,1334.3,114
2023,11,Hawai'i,1325.4,115
2023,11,Tulsa,1324.3,116
2023,11,Virginia,1323.0,117
2023,11,Vanderbilt,1291.7,118
2023,11,UConn,1280.0,119
2023,11,Temple,1263.9,120
2023,11,Louisiana Tech,1262.1,121
2023,11,Charlotte,1259.5,122
2023,11,Florida International,1258.3,123
2023,11,UL Monroe,1249.3,124
2023,11,Kent State,1245.5,125
2023,11,Sam Houston,1232.4,126
2023,11,Nevada,1224.6,127
2023,11,Akron,1223.6,128
2023,11,New Mexico,1218.2,129
2023,12,Michigan,1904.7,1
2023,12,Georgia,1900.0,2
2023,12,Ohio State,1889.0,3
2023,12,Alabama,1840.1,4
2023,12,Washington,1824.1,5
2023,12,Texas,1820.2,6
2023,12,Florida State,1800.6,7
2023,12,Oregon,1799.8,8
2023,12,Penn State,1776.2,9
2023,12,Oklahoma,1745.4,10
2023,12,Notre Dame,1736.9,11
2023,12,Kansas State,1731.8,12
2023,12,Liberty,1724.1,13
2023,12,Oregon State,1720.3,14
2023,12,James Madison,1714.0,15
2023,12,Troy,1710.9,16
2023,12,Tulane,1700.7,17
2023,12,Louisville,1699.5,18
2023,12,Iowa,1694.7,19
2023,12,Ole Miss,1693.9,20
2023,12,LSU,1691.3,21
2023,12,Clemson,1683.6,22
2023,12,Missouri,1679.1,23
2023,12,NC State,1661.9,24
2023,12,North Carolina,1655.3,25
2023,12,UCLA,1649.4,26
2023,12,SMU,1647.6,27
2023,12,UTSA,1644.6,28
2023,12,Toledo,1635.9,29
2023,12,Utah,1632.5,30
2023,12,Arizona,1629.0,31
2023,12,Tennessee,1620.7,32
2023,12,Oklahoma State,1613.7,33
2023,12,Miami (OH),1612.5,34
2023,12,Texas A&M,1605.9,35
2023,12,TCU,1598.6,36
2023,12,West Virginia,1595.8,37
2023,12,Kansas,1595.7,38
2023,12,USC,1595.6,39
2023,12,App State,1593.0,40
2023,12,Iowa State,1592.5,41
2023,12,Boise State,1591.9,42
2023,12,Fresno State,1589.6,43
2023,12,South Alabama,1586.1,44
2023,12,UNLV,1582.5,45
2023,12,UCF,1575.4,46
2023,12,Air Force,1574.9,47
2023,12,Memphis,1574.4,48
2023,12,Kentucky,1573.0,49
2023,12,Coastal Carolina,1572.4,50
2023,12,Duke,1564.6,51
2023,12,Texas Tech,1563.8,52
2023,12,Ohio,1560.4,53
2023,12,New Mexico State,1555.5,54
2023,12,San José State,1552.0,55
2023,12,Maryland,1541.6,56
2023,12,Wisconsin,1531.9,57
2023,12,Miami,1530.9,58
2023,12,Auburn,1529.3,59
2023,12,Minnesota,1526.0,60
2023,12,South Carolina,1521.7,61
2023,12,Jacksonville State,1516.0,62
2023,12,Florida,1515.9,63
2023,12,Virginia Tech,1508.3,64
2023,12,Wyoming,1502.9,65
2023,12,Rutgers,1496.4,66
2023,12,Western Kentucky,1494.7,67
2023,12,Army,1490.9,68
2023,12,Georgia Southern,1490.3,69
2023,12,California,1487.3,70
2023,12,BYU,1484.3,71
2023,12,Louisiana,1482.1,72
2023,12,Washington State,1480.1,73
2023,12,Cincinnati,1478.2,74
2023,12,Georgia Tech,1475.2,75
2023,12,Bowling Green,1474.1,76
2023,12,Marshall,1474.0,77
2023,12,Syracuse,1472.6,78
2023,12,Georgia State,1466.9,79
2023,12,Northwestern,1466.8,80
2023,12,Arkansas,1466.6,81
2023,12,Purdue,1463.8,82
2023,12,Arkansas State,1462.7,83
2023,12,Nebraska,1454.0,84
2023,12,Illinois,1450.7,85
2023,12,Mississippi State,1447.4,86
2023,12,Texas State,1446.7,87
2023,12,Pittsburgh,1445.7,88
2023,12,Wake Forest,1439.6,89
2023,12,Michigan State,1435.3,90
2023,12,Old Dominion,1431.6,91
2023,12,Rice,1426.7,92
2023,12,Utah State,1413.7,93
2023,12,Houston,1409.2,94
2023,12,Boston College,1408.6,95
2023,12,Navy,1407.5,96
2023,12,Northern Illinois,1402.2,97
2023,12,Baylor,1393.0,98
2023,12,Western Michigan,1390.4,99
2023,12,Middle Tennessee,1386.2,100
2023,12,North Texas,1385.1,101
2023,12,Arizona State,1385.1,102
2023,12,Eastern Michigan,1379.5,103
2023,12,UAB,1376.0,104
2023,12,Central Michigan,1373.7,105
2023,12,Florida Atlantic,1367.0,106
2023,12,San Diego State,1364.8,107
2023,12,Buffalo,1360.8,108
2023,12,Ball State,1360.8,109
2023,12,Colorado,1358.1,110
2023,12,Indiana,1357.9,111
2023,12,East Carolina,1357.7,112
2023,12,Virginia,1351.1,113
2023,12,Colorado State,1349.9,114
2023,12,South Florida,1336.8,115
2023,12,Southern Miss,1314.5,116
2023,12,Stanford,1310.9,117
2023,12,Hawai'i,1309.0,118
2023,12,Tulsa,1297.5,119
2023,12,UConn,1287.9,120
2023,12,New Mexico,1258.9,121
2023,12,Louisiana Tech,1250.8,122
2023,12,Temple,1248.7,123
2023,12,UL Monroe,1245.8,124
2023,12,Florida International,1245.7,125
2023,12,UTEP,1244.2,126
2023,12,Charlotte,1229.0,127
2023,12,Sam Houston,1227.4,128
2023,12,Kent State,1223.3,129
2023,12,Massachusetts,1220.3,130
2023,12,Akron,1216.7,131
2023,12,Nevada,1210.4,132
2023,13,Michigan,1922.1,1
2023,13,Georgia,1907.0,2
2023,13,Ohio State,1871.6,3
2023,13,Alabama,1847.4,4
2023,13,Texas,1831.4,5
2023,13,Washington,1826.5,6
2023,13,Oregon,1821.8,7
2023,13,Florida State,1814.1,8
2023,13,Penn State,1789.4,9
2023,13,Oklahoma,1761.5,10
2023,13,James Madison,1750.6,11
2023,13,Notre Dame,1748.2,12
2023,13,Liberty,1730.8,13
2023,13,Troy,1721.6,14
2023,13,Tulane,1720.6,15
2023,13,Ole Miss,1710.2,16
2023,13,LSU,1708.4,17
2023,13,Missouri,1706.5,18
2023,13,Clemson,1704.6,19
2023,13,Iowa,1704.3,20
2023,13,Oregon State,1698.3,21
2023,13,Kansas State,1696.9,22
2023,13,NC State,1689.7,23
2023,13,Louisville,1665.1,24
2023,13,SMU,1659.5,25
2023,13,Arizona,1653.8,26
2023,13,Toledo,1653.7,27
2023,13,Utah,1637.5,28
2023,13,Kansas,1632.6,29
2023,13,North Carolina,1627.5,30
2023,13,Iowa State,1627.4,31
2023,13,Tennessee,1626.8,32
2023,13,UTSA,1624.7,33
2023,13,Oklahoma State,1624.3,34
2023,13,Miami (OH),1619.8,35
2023,13,App State,1613.7,36
2023,13,Boise State,1611.4,37
2023,13,Kentucky,1607.4,38
2023,13,West Virginia,1606.8,39
2023,13,UCLA,1593.0,40
2023,13,Memphis,1590.4,41
2023,13,Texas A&M,1588.8,42
2023,13,UCF,1587.7,43
2023,13,TCU,1582.6,44
2023,13,San José State,1580.4,45
2023,13,Duke,1578.8,46
2023,13,Maryland,1578.6,47
2023,13,Ohio,1571.8,48
2023,13,Wisconsin,1568.9,49
2023,13,New Mexico State,1566.7,50
2023,13,Miami,1564.4,51
2023,13,Air Force,1555.4,52
2023,13,UNLV,1554.2,53
2023,13,South Alabama,1553.1,54
2023,13,Texas Tech,1552.6,55
2023,13,California,1543.7,56
2023,13,Virginia Tech,1542.3,57
2023,13,Fresno State,1538.3,58
2023,13,Coastal Carolina,1535.8,59
2023,13,Wyoming,1523.4,60
2023,13,Auburn,1521.9,61
2023,13,Western Kentucky,1512.5,62
2023,13,Bowling Green,1511.0,63
2023,13,Jacksonville State,1504.7,64
2023,13,Florida,1502.4,65
2023,13,South Carolina,1500.7,66
2023,13,Marshall,1498.6,67
2023,13,Louisiana,1493.1,68
2023,13,Minnesota,1489.1,69
2023,13,Syracuse,1486.0,70
2023,13,Northwestern,1481.5,71
2023,13,Texas State,1479.7,72
2023,13,Washington State,1477.7,73
2023,13,BYU,1473.7,74
2023,13,Purdue,1473.5,75
2023,13,Georgia Southern,1469.6,76
2023,13,Georgia Tech,1468.2,77
2023,13,Georgia State,1459.4,78
2023,13,Rutgers,1459.4,79
2023,13,Nebraska,1444.4,80
2023,13,Cincinnati,1441.4,81
2023,13,Arkansas,1439.2,82
2023,13,Old Dominion,1439.1,83
2023,13,Arkansas State,1438.1,84
2023,13,Rice,1437.1,85
2023,13,Illinois,1436.0,86
2023,13,Pittsburgh,1431.5,87
2023,13,Mississippi State,1431.1,88
2023,13,Utah State,1426.6,89
2023,13,Wake Forest,1426.2,90
2023,13,Northern Illinois,1422.9,91
2023,13,Michigan State,1422.1,92
2023,13,San Diego State,1416.1,93
2023,13,Eastern Michigan,1414.6,94
2023,13,North Texas,1397.8,95
2023,13,Houston,1396.9,96
2023,13,Navy,1395.7,97
2023,13,Baylor,1381.9,98
2023,13,Boston College,1375.0,99
2023,13,Middle Tennessee,1364.3,100
2023,13,UAB,1363.3,101
2023,13,Arizona State,1360.3,102
2023,13,South Florida,1358.2,103
2023,13,Florida Atlantic,1356.7,104
2023,13,Central Michigan,1355.9,105
2023,13,Western Michigan,1353.6,106
2023,13,Ball State,1353.5,107
2023,13,Colorado,1353.0,108
2023,13,Indiana,1348.1,109
2023,13,East Carolina,1341.0,110
2023,13,Colorado State,1334.6,111
2023,13,Buffalo,1325.6,112
2023,13,Hawai'i,1324.3,113
2023,13,UConn,1319.4,114
2023,13,Virginia,1317.1,115
2023,13,Tulsa,1314.3,116
2023,13,Southern Miss,1303.7,117
2023,13,Stanford,1299.7,118
2023,13,Vanderbilt,1285.6,119
2023,13,Sam Houston,1249.3,120
2023,13,New Mexico,1246.0,121
2023,13,UTEP,1237.5,122
2023,13,UL Monroe,1234.8,123
2023,13,Temple,1232.8,124
2023,13,Florida International,1227.9,125
2023,13,Charlotte,1207.6,126
2023,13,Akron,1205.3,127
2023,13,Kent State,1202.5,128
2023,13,Nevada,1189.8,129
2023,13,Massachusetts,1188.8,130
2023,14,Michigan,1941.6,1
2023,14,Georgia,1887.0,2
2023,14,Alabama,1867.4,3
2023,14,Texas,1848.6,4
2023,14,Washington,1842.9,5
2023,14,Florida State,1830.2,6
2023,14,Oregon,1805.4,7
2023,14,Liberty,1743.2,8
2023,14,Troy,1741.4,9
2023,14,SMU,1698.7,10
2023,14,Iowa,1684.8,11
2023,14,Tulane,1681.4,12
2023,14,Boise State,1650.8,13
2023,14,Miami (OH),1649.7,14
2023,14,Louisville,1649.0,15
2023,14,Toledo,1623.8,16
2023,14,Oklahoma State,1607.1,17
2023,14,App State,1593.9,18
2023,14,New Mexico State,1554.3,19
2023,14,UNLV,1514.8,20
2023,15,Army,1507.3,1
2023,15,Navy,1379.3,2
2024,1,Michigan,1799.6,1
2024,1,Georgia,1791.3,2
2024,1,Alabama,1759.2,3
2024,1,Ohio State,1747.6,4
2024,1,Texas,1737.6,5
2024,1,Penn State,1737.1,6
2024,1,Washington,1725.3,7
2024,1,Oregon,1700.4,8
2024,1,Notre Dame,1700.4,9
2024,1,James Madison,1684.0,10
2024,1,Oklahoma,1680.2,11
2024,1,Florida State,1670.2,12
2024,1,Liberty,1661.0,13
2024,1,SMU,1646.7,14
2024,1,SMU,1642.2,15
2024,1,Ole Miss,1641.7,16
2024,1,Missouri,1638.8,17
2024,1,Boise State,1636.9,18
2024,1,Oregon State,1632.7,19
2024,1,Kansas State,1632.3,20
2024,1,NC State,1626.9,21
2024,1,Troy,1626.4,22
2024,1,Iowa,1624.9,23
2024,1,Tulane,1623.0,24
2024,1,Arizona,1610.1,25
2024,1,USC,1605.9,26
2024,1,Miami,1603.2,27
2024,1,Louisville,1602.9,28
2024,1,North Carolina,1601.5,29
2024,1,Utah,1595.3,30
2024,1,Florida State,1595.1,31
2024,1,Kansas,1594.8,32
2024,1,Clemson,1593.3,33
2024,1,LSU,1591.7,34
2024,1,Coastal Carolina,1590.3,35
2024,1,Kentucky,1590.0,36
2024,1,Tennessee,1589.1,37
2024,1,Iowa State,1587.5,38
2024,1,UTSA,1587.4,39
2024,1,Toledo,1586.4,40
2024,1,TCU,1580.2,41
2024,1,UCLA,1579.6,42
2024,1,Maryland,1576.6,43
2024,1,Oklahoma State,1575.1,44
2024,1,App State,1567.1,45
2024,1,Wisconsin,1565.8,46
2024,1,UCF,1564.3,47
2024,1,Memphis,1563.6,48
2024,1,UNLV,1562.9,49
2024,1,Georgia Tech,1560.7,50
2024,1,San José State,1557.8,51
2024,1,Duke,1557.3,52
2024,1,Miami (OH),1545.9,53
2024,1,Air Force,1541.7,54
2024,1,New Mexico State,1541.2,55
2024,1,Syracuse,1540.4,56
2024,1,Northwestern,1539.4,57
2024,1,Texas Tech,1535.6,58
2024,1,California,1534.8,59
2024,1,Auburn,1524.3,60
2024,1,Georgia Tech,1523.7,61
2024,1,West Virginia,1520.4,62
2024,1,South Carolina,1520.0,63
2024,1,Texas A&M,1518.6,64
2024,1,Bowling Green,1515.0,65
2024,1,Army,1513.6,66
2024,1,Fresno State,1512.3,67
2024,1,Marshall,1508.7,68
2024,1,Louisiana,1504.5,69
2024,1,North Texas,1499.1,70
2024,1,Ohio,1497.3,71
2024,1,Washington State,1495.7,72
2024,1,Boston College,1493.9,73
2024,1,Purdue,1493.8,74
2024,1,Texas State,1492.5,75
2024,1,BYU,1492.4,76
2024,1,Nebraska,1491.9,77
2024,1,Western Kentucky,1487.8,78
2024,1,Arizona State,1485.8,79
2024,1,Rutgers,1484.3,80
2024,1,Eastern Michigan,1483.4,81
2024,1,Pittsburgh,1481.2,82
2024,1,Arkansas,1479.7,83
2024,1,Virginia Tech,1477.0,84
2024,1,Minnesota,1474.3,85
2024,1,Michigan State,1472.8,86
2024,1,Cincinnati,1471.2,87
2024,1,Illinois,1470.7,88
2024,1,South Alabama,1469.0,89
2024,1,Mississippi State,1468.0,90
2024,1,Arkansas State,1464.2,91
2024,1,Wake Forest,1463.7,92
2024,1,Utah State,1462.7,93
2024,1,Northern Illinois,1462.3,94
2024,1,San Diego State,1457.4,95
2024,1,Georgia Southern,1441.3,96
2024,1,Old Dominion,1440.9,97
2024,1,Florida,1440.2,98
2024,1,Baylor,1439.6,99
2024,1,Wyoming,1438.6,100
2024,1,Georgia State,1436.6,101
2024,1,Jacksonville State,1436.1,102
2024,1,Navy,1434.8,103
2024,1,Indiana,1434.5,104
2024,1,UAB,1426.4,105
2024,1,South Florida,1424.0,106
2024,1,Central Michigan,1423.6,107
2024,1,Middle Tennessee,1420.4,108
2024,1,Sam Houston,1412.4,109
2024,1,Colorado,1412.2,110
2024,1,East Carolina,1412.1,111
2024,1,Vanderbilt,1411.0,112
2024,1,Hawai'i,1400.5,113
2024,1,Buffalo,1400.4,114
2024,1,Tulsa,1396.8,115
2024,1,Virginia,1396.2,116
2024,1,Western Michigan,1383.9,117
2024,1,Rice,1383.8,118
2024,1,Florida Atlantic,1383.5,119
2024,1,Colorado State,1381.4,120
2024,1,Hawai'i,1381.4,121
2024,1,Houston,1379.7,122
2024,1,UConn,1357.1,123
2024,1,Southern Miss,1352.3,124
2024,1,Louisiana Tech,1351.4,125
2024,1,UL Monroe,1345.8,126
2024,1,Stanford,1343.2,127
2024,1,Temple,1316.0,128
2024,1,Nevada,1315.9,129
2024,1,Akron,1302.4,130
2024,1,UTEP,1301.4,131
2024,1,New Mexico,1292.8,132
2024,1,Florida International,1290.0,133
2024,1,Charlotte,1288.9,134
2024,1,Nevada,1285.3,135
2024,1,New Mexico,1282.7,136
2024,1,Kent State,1280.9,137
2024,1,Massachusetts,1258.8,138
2024,1,Kennesaw State,1220.1,139
2024,2,Texas,1806.5,1
2024,2,Georgia,1793.0,2
2024,2,Alabama,1768.3,3
2024,2,Ohio State,1757.1,4
2024,2,Penn State,1747.7,5
2024,2,Washington,1739.6,6
2024,2,Michigan,1730.8,7
2024,2,Oregon,1715.7,8
2024,2,Liberty,1691.4,9
2024,2,James Madison,1685.6,10
2024,2,Oklahoma,1685.6,11
2024,2,Kansas State,1674.6,12
2024,2,Oregon State,1673.3,13
2024,2,Notre Dame,1670.8,14
2024,2,Tennessee,1662.4,15
2024,2,Ole Miss,1661.8,16
2024,2,Missouri,1656.0,17
2024,2,Clemson,1642.7,18
2024,2,USC,1635.6,19
2024,2,Louisville,1627.2,20
2024,2,Boise State,1621.7,21
2024,2,Memphis,1618.9,22
2024,2,Arizona,1614.6,23
2024,2,Utah,1613.1,24
2024,2,SMU,1611.3,25
2024,2,North Carolina,1610.7,26
2024,2,Miami,1609.9,27
2024,2,Iowa,1609.5,28
2024,2,San José State,1605.9,29
2024,2,Iowa State,1602.8,30
2024,2,Coastal Carolina,1596.4,31
2024,2,Oklahoma State,1596.1,32
2024,2,LSU,1596.1,33
2024,2,South Carolina,1595.7,34
2024,2,Toledo,1594.4,35
2024,2,Duke,1590.8,36
2024,2,UCF,1589.7,37
2024,2,TCU,1585.4,38
2024,2,Tulane,1580.7,39
2024,2,California,1577.0,40
2024,2,Wisconsin,1572.2,41
2024,2,Troy,1571.2,42
2024,2,UNLV,1567.9,43
2024,2,Texas State,1565.6,44
2024,2,Syracuse,1561.7,45
2024,2,Army,1557.3,46
2024,2,NC State,1553.6,47
2024,2,Kansas,1552.8,48
2024,2,Washington State,1546.8,49
2024,2,Maryland,1543.0,50
2024,2,Georgia Tech,1539.4,51
2024,2,Louisiana,1532.9,52
2024,2,West Virginia,1529.9,53
2024,2,Texas A&M,1528.4,54
2024,2,BYU,1527.7,55
2024,2,Ohio,1523.8,56
2024,2,Virginia Tech,1523.4,57
2024,2,Nebraska,1522.0,58
2024,2,Fresno State,1518.8,59
2024,2,App State,1517.6,60
2024,2,Kentucky,1514.3,61
2024,2,UTSA,1514.3,62
2024,2,Arizona State,1513.4,63
2024,2,Illinois,1512.8,64
2024,2,New Mexico State,1510.9,65
2024,2,North Texas,1509.1,66
2024,2,Michigan State,1506.4,67
2024,2,Rutgers,1506.3,68
2024,2,Northwestern,1505.9,69
2024,2,Bowling Green,1504.4,70
2024,2,Boston College,1504.2,71
2024,2,Western Kentucky,1496.6,72
2024,2,Pittsburgh,1495.2,73
2024,2,Air Force,1493.6,74
2024,2,Northern Illinois,1491.9,75
2024,2,Minnesota,1487.1,76
2024,2,Texas Tech,1484.6,77
2024,2,Auburn,1482.1,78
2024,2,Arkansas State,1481.6,79
2024,2,Eastern Michigan,1469.2,80
2024,2,Navy,1463.3,81
2024,2,Georgia Southern,1462.6,82
2024,2,Marshall,1462.4,83
2024,2,Arkansas,1458.8,84
2024,2,Cincinnati,1457.1,85
2024,2,East Carolina,1454.6,86
2024,2,Florida,1451.0,87
2024,2,Indiana,1449.2,88
2024,2,Wake Forest,1447.6,89
2024,2,South Alabama,1442.5,90
2024,2,Georgia State,1441.4,91
2024,2,Mississippi State,1440.4,92
2024,2,Utah State,1433.1,93
2024,2,Vanderbilt,1426.5,94
2024,2,Baylor,1421.7,95
2024,2,San Diego State,1416.9,96
2024,2,South Florida,1414.9,97
2024,2,Ball State,1413.0,98
2024,2,Virginia,1412.2,99
2024,2,Jacksonville State,1411.7,100
2024,2,Rice,1411.1,101
2024,2,UL Monroe,1408.3,102
2024,2,Middle Tennessee,1400.3,103
2024,2,Old Dominion,1398.4,104
2024,2,Wyoming,1394.4,105
2024,2,Colorado State,1393.3,106
2024,2,Sam Houston,1387.1,107
2024,2,Florida International,1384.5,108
2024,2,Buffalo,1383.2,109
2024,2,Colorado,1382.1,110
2024,2,Tulsa,1379.4,111
2024,2,UConn,1377.8,112
2024,2,Western Michigan,1374.3,113
2024,2,Houston,1374.3,114
2024,2,Southern Miss,1370.3,115
2024,2,UAB,1364.0,116
2024,2,Stanford,1361.5,117
2024,2,Florida Atlantic,1339.8,118
2024,2,Central Michigan,1329.0,119
2024,2,Nevada,1294.6,120
2024,2,Temple,1287.5,121
2024,2,Akron,1280.4,122
2024,2,Charlotte,1279.6,123
2024,2,UTEP,1265.9,124
2024,2,Massachusetts,1250.8,125
2024,2,Kent State,1230.9,126
2024,2,Kennesaw State,1191.7,127
2024,3,Texas,1820.2,1
2024,3,Alabama,1811.1,2
2024,3,Georgia,1799.2,3
2024,3,Oregon,1783.7,4
2024,3,Michigan,1741.4,5
2024,3,Notre Dame,1724.2,6
2024,3,Oklahoma,1711.0,7
2024,3,Kansas State,1710.5,8
2024,3,Ole Miss,1702.6,9
2024,3,Liberty,1696.2,10
2024,3,Washington,1695.0,11
2024,3,Missouri,1670.3,12
2024,3,Tennessee,1669.2,13
2024,3,Memphis,1662.3,14
2024,3,Utah,1650.5,15
2024,3,Iowa,1644.9,16
2024,3,Toledo,1639.6,17
2024,3,Oklahoma State,1636.9,18
2024,3,Miami,1634.0,19
2024,3,LSU,1624.8,20
2024,3,North Carolina,1614.7,21
2024,3,Coastal Carolina,1613.9,22
2024,3,San José State,1611.4,23
2024,3,Oregon State,1605.3,24
2024,3,UCF,1603.9,25
2024,3,Duke,1600.4,26
2024,3,California,1598.7,27
2024,3,UNLV,1592.0,28
2024,3,Washington State,1591.4,29
2024,3,Maryland,1583.8,30
2024,3,Arizona,1578.7,31
2024,3,Texas A&M,1574.5,32
2024,3,BYU,1573.3,33
2024,3,Fresno State,1572.6,34
2024,3,TCU,1571.2,35
2024,3,Virginia Tech,1570.1,36
2024,3,NC State,1567.2,37
2024,3,South Carolina,1567.0,38
2024,3,Tulane,1555.4,39
2024,3,Western Kentucky,1552.5,40
2024,3,Florida State,1551.7,41
2024,3,Arizona State,1544.8,42
2024,3,Texas Tech,1544.4,43
2024,3,Georgia Tech,1544.1,44
2024,3,App State,1537.5,45
2024,3,Troy,1535.8,46
2024,3,Nebraska,1534.3,47
2024,3,Texas State,1534.2,48
2024,3,Indiana,1534.1,49
2024,3,Illinois,1532.0,50
2024,3,Ohio,1529.7,51
2024,3,Wisconsin,1529.4,52
2024,3,Kansas,1528.7,53
2024,3,Pittsburgh,1521.3,54
2024,3,Northwestern,1518.4,55
2024,3,Cincinnati,1516.3,56
2024,3,Michigan State,1514.6,57
2024,3,Kentucky,1508.0,58
2024,3,Minnesota,1507.0,59
2024,3,West Virginia,1503.9,60
2024,3,Auburn,1501.0,61
2024,3,UTSA,1500.6,62
2024,3,UCLA,1494.7,63
2024,3,Boston College,1490.0,64
2024,3,Miami (OH),1486.7,65
2024,3,Eastern Michigan,1484.8,66
2024,3,Baylor,1483.7,67
2024,3,Arkansas,1481.7,68
2024,3,South Florida,1476.4,69
2024,3,Georgia Southern,1473.7,70
2024,3,Arkansas State,1470.9,71
2024,3,Georgia State,1463.1,72
2024,3,New Mexico State,1457.1,73
2024,3,South Alabama,1453.4,74
2024,3,North Texas,1449.3,75
2024,3,Colorado,1445.4,76
2024,3,Purdue,1440.3,77
2024,3,East Carolina,1434.7,78
2024,3,Air Force,1431.6,79
2024,3,Sam Houston,1428.1,80
2024,3,Houston,1428.1,81
2024,3,Buffalo,1411.0,82
2024,3,Wake Forest,1406.7,83
2024,3,Florida,1405.0,84
2024,3,Vanderbilt,1404.8,85
2024,3,Jacksonville State,1396.1,86
2024,3,Utah State,1395.7,87
2024,3,San Diego State,1395.2,88
2024,3,Mississippi State,1395.1,89
2024,3,Florida Atlantic,1389.3,90
2024,3,Ball State,1388.8,91
2024,3,Western Michigan,1385.6,92
2024,3,Virginia,1371.4,93
2024,3,UConn,1368.2,94
2024,3,Rice,1357.2,95
2024,3,Old Dominion,1351.7,96
2024,3,Wyoming,1348.8,97
2024,3,Middle Tennessee,1344.3,98
2024,3,UAB,1341.0,99
2024,3,Hawai'i,1340.3,100
2024,3,Tulsa,1338.6,101
2024,3,Louisiana Tech,1337.8,102
2024,3,Florida International,1335.1,103
2024,3,Colorado State,1329.9,104
2024,3,Central Michigan,1309.7,105
2024,3,Southern Miss,1308.8,106
2024,3,Akron,1293.8,107
2024,3,Charlotte,1284.9,108
2024,3,Nevada,1274.7,109
2024,3,Temple,1270.0,110
2024,3,New Mexico,1263.7,111
2024,3,UTEP,1261.0,112
2024,3,Kent State,1224.1,113
2024,3,Massachusetts,1223.0,114
2024,3,Kennesaw State,1186.3,115
2024,4,Texas,1827.1,1
2024,4,Ohio State,1769.5,2
2024,4,Michigan,1754.0,3
2024,4,Penn State,1751.5,4
2024,4,James Madison,1739.6,5
2024,4,Notre Dame,1739.6,6
2024,4,Ole Miss,1717.2,7
2024,4,Tennessee,1712.0,8
2024,4,Washington,1710.5,9
2024,4,Liberty,1704.5,10
2024,4,Iowa,1679.0,11
2024,4,Clemson,1676.3,12
2024,4,Missouri,1674.8,13
2024,4,Miami,1673.9,14
2024,4,Utah,1672.9,15
2024,4,Oklahoma,1668.2,16
2024,4,Louisville,1653.1,17
2024,4,Kansas State,1649.5,18
2024,4,LSU,1648.3,19
2024,4,SMU,1642.5,20
2024,4,BYU,1634.3,21
2024,4,Iowa State,1633.6,22
2024,4,Duke,1626.9,23
2024,4,Oregon State,1625.1,24
2024,4,Boise State,1625.1,25
2024,4,USC,1623.0,26
2024,4,Oklahoma State,1614.5,27
2024,4,Toledo,1611.9,28
2024,4,Washington State,1604.9,29
2024,4,Tulane,1598.9,30
2024,4,San José State,1597.9,31
2024,4,Texas A&M,1595.2,32
2024,4,Memphis,1595.0,33
2024,4,Fresno State,1591.0,34
2024,4,Maryland,1590.3,35
2024,4,Western Kentucky,1580.3,36
2024,4,South Carolina,1578.8,37
2024,4,Florida State,1575.9,38
2024,4,Army,1575.5,39
2024,4,California,1574.4,40
2024,4,Texas Tech,1569.5,41
2024,4,Illinois,1566.6,42
2024,4,North Carolina,1560.7,43
2024,4,Kentucky,1552.4,44
2024,4,Coastal Carolina,1549.2,45
2024,4,Indiana,1547.1,46
2024,4,Cincinnati,1544.3,47
2024,4,Troy,1541.9,48
2024,4,TCU,1539.9,49
2024,4,Rutgers,1538.3,50
2024,4,Virginia Tech,1538.2,51
2024,4,NC State,1533.6,52
2024,4,Syracuse,1532.7,53
2024,4,Navy,1530.5,54
2024,4,Pittsburgh,1528.1,55
2024,4,West Virginia,1524.0,56
2024,4,Arkansas,1522.9,57
2024,4,South Alabama,1520.8,58
2024,4,Arizona State,1519.7,59
2024,4,Georgia Tech,1518.3,60
2024,4,Boston College,1510.1,61
2024,4,Kansas,1508.6,62
2024,4,UTSA,1508.5,63
2024,4,Northwestern,1502.9,64
2024,4,Nebraska,1499.7,65
2024,4,Michigan State,1494.5,66
2024,4,Eastern Michigan,1491.8,67
2024,4,Louisiana,1489.3,68
2024,4,Ohio,1485.4,69
2024,4,Bowling Green,1483.6,70
2024,4,North Texas,1474.1,71
2024,4,Minnesota,1472.8,72
2024,4,Colorado,1472.8,73
2024,4,Miami (OH),1471.3,74
2024,4,UCLA,1471.2,75
2024,4,App State,1470.1,76
2024,4,Sam Houston,1466.8,77
2024,4,Auburn,1459.9,78
2024,4,Northern Illinois,1459.2,79
2024,4,Georgia Southern,1459.1,80
2024,4,Baylor,1456.4,81
2024,4,Florida,1452.0,82
2024,4,Marshall,1450.0,83
2024,4,Buffalo,1443.7,84
2024,4,Arkansas State,1440.1,85
2024,4,South Florida,1436.6,86
2024,4,Virginia,1436.1,87
2024,4,East Carolina,1426.5,88
2024,4,Jacksonville State,1424.9,89
2024,4,Purdue,1420.5,90
2024,4,New Mexico State,1418.5,91
2024,4,UConn,1412.1,92
2024,4,UL Monroe,1401.3,93
2024,4,Vanderbilt,1400.3,94
2024,4,Houston,1400.1,95
2024,4,Stanford,1390.5,96
2024,4,Tulsa,1367.3,97
2024,4,Hawai'i,1363.3,98
2024,4,Ball State,1362.7,99
2024,4,Colorado State,1350.5,100
2024,4,Mississippi State,1348.1,101
2024,4,Utah State,1346.5,102
2024,4,Florida Atlantic,1345.4,103
2024,4,Rice,1339.0,104
2024,4,Central Michigan,1335.9,105
2024,4,Wyoming,1324.0,106
2024,4,Temple,1319.2,107
2024,4,Middle Tennessee,1317.8,108
2024,4,Louisiana Tech,1309.2,109
2024,4,Florida International,1307.8,110
2024,4,Nevada,1296.4,111
2024,4,Akron,1282.0,112
2024,4,Southern Miss,1280.0,113
2024,4,Charlotte,1271.9,114
2024,4,New Mexico,1245.2,115
2024,4,Massachusetts,1241.5,116
2024,4,UTEP,1240.4,117
2024,4,Kent State,1220.4,118
2024,5,Alabama,1833.7,1
2024,5,Texas,1830.2,2
2024,5,Oregon,1803.1,3
2024,5,Ohio State,1794.9,4
2024,5,Georgia,1776.6,5
2024,5,Penn State,1764.9,6
2024,5,Michigan,1758.2,7
2024,5,Notre Dame,1756.1,8
2024,5,James Madison,1746.7,9
2024,5,Ole Miss,1688.7,10
2024,5,Oklahoma,1686.5,11
2024,5,Clemson,1685.9,12
2024,5,Miami,1684.1,13
2024,5,Washington,1683.2,14
2024,5,Kansas State,1680.6,15
2024,5,LSU,1671.2,16
2024,5,SMU,1671.1,17
2024,5,Iowa State,1659.7,18
2024,5,Boise State,1657.6,19
2024,5,BYU,1654.6,20
2024,5,USC,1645.2,21
2024,5,Louisville,1636.6,22
2024,5,UNLV,1635.5,23
2024,5,Duke,1632.9,24
2024,5,Arizona,1629.3,25
2024,5,Utah,1622.2,26
2024,5,Tulane,1618.8,27
2024,5,Texas A&M,1613.1,28
2024,5,Memphis,1603.8,29
2024,5,Army,1602.0,30
2024,5,Texas Tech,1583.8,31
2024,5,Oklahoma State,1583.4,32
2024,5,Indiana,1583.3,33
2024,5,Kentucky,1580.9,34
2024,5,TCU,1573.0,35
2024,5,Washington State,1572.3,36
2024,5,Western Kentucky,1570.1,37
2024,5,Rutgers,1565.5,38
2024,5,Navy,1562.4,39
2024,5,North Carolina,1554.6,40
2024,5,Maryland,1554.1,41
2024,5,Illinois,1553.2,42
2024,5,NC State,1551.1,43
2024,5,Fresno State,1547.6,44
2024,5,Florida State,1547.4,45
2024,5,Nebraska,1540.6,46
2024,5,Colorado,1539.3,47
2024,5,Syracuse,1538.0,48
2024,5,UCF,1537.3,49
2024,5,Cincinnati,1530.0,50
2024,5,Virginia Tech,1528.0,51
2024,5,Texas State,1522.0,52
2024,5,Boston College,1520.2,53
2024,5,Eastern Michigan,1514.1,54
2024,5,Troy,1509.5,55
2024,5,Louisiana,1508.4,56
2024,5,Georgia Southern,1507.4,57
2024,5,Wisconsin,1507.2,58
2024,5,Arkansas,1505.1,59
2024,5,North Texas,1499.4,60
2024,5,Ohio,1499.1,61
2024,5,South Alabama,1497.8,62
2024,5,Sam Houston,1479.1,63
2024,5,Miami (OH),1476.8,64
2024,5,Kansas,1475.6,65
2024,5,UTSA,1472.0,66
2024,5,Michigan State,1469.1,67
2024,5,Minnesota,1468.7,68
2024,5,Marshall,1468.2,69
2024,5,East Carolina,1463.0,70
2024,5,UConn,1460.9,71
2024,5,Bowling Green,1455.9,72
2024,5,UCLA,1451.8,73
2024,5,Northern Illinois,1441.8,74
2024,5,Auburn,1441.6,75
2024,5,Baylor,1436.2,76
2024,5,UL Monroe,1433.8,77
2024,5,South Florida,1416.7,78
2024,5,Georgia State,1414.8,79
2024,5,Buffalo,1394.9,80
2024,5,Air Force,1389.3,81
2024,5,Wake Forest,1387.6,82
2024,5,San Diego State,1385.4,83
2024,5,Stanford,1380.9,84
2024,5,Purdue,1379.6,85
2024,5,Old Dominion,1379.5,86
2024,5,Houston,1374.0,87
2024,5,New Mexico State,1368.8,88
2024,5,Western Michigan,1367.4,89
2024,5,Wyoming,1366.3,90
2024,5,Florida Atlantic,1363.4,91
2024,5,Ball State,1355.6,92
2024,5,Central Michigan,1345.7,93
2024,5,Mississippi State,1345.1,94
2024,5,Tulsa,1342.0,95
2024,5,Florida International,1337.9,96
2024,5,Rice,1326.2,97
2024,5,UAB,1309.2,98
2024,5,Middle Tennessee,1309.0,99
2024,5,New Mexico,1294.9,100
2024,5,Temple,1292.7,101
2024,5,Charlotte,1284.7,102
2024,5,Louisiana Tech,1279.1,103
2024,5,Akron,1268.3,104
2024,5,Massachusetts,1236.0,105
2024,5,Kent State,1198.1,106
2024,5,Kennesaw State,1140.5,107
2024,6,Ohio State,1818.3,1
2024,6,Oregon,1810.0,2
2024,6,Georgia,1783.1,3
2024,6,Alabama,1778.4,4
2024,6,Penn State,1772.0,5
2024,6,Ole Miss,1729.9,6
2024,6,Michigan,1728.4,7
2024,6,Clemson,1719.3,8
2024,6,James Madison,1717.9,9
2024,6,Washington,1712.9,10
2024,6,SMU,1703.2,11
2024,6,Miami,1692.9,12
2024,6,Tennessee,1673.7,13
2024,6,Iowa State,1672.5,14
2024,6,Boise State,1666.5,15
2024,6,Texas A&M,1662.4,16
2024,6,Iowa,1655.6,17
2024,6,Tulane,1644.0,18
2024,6,Oregon State,1631.9,19
2024,6,Army,1631.2,20
2024,6,Toledo,1627.1,21
2024,6,Missouri,1625.4,22
2024,6,Texas Tech,1618.7,23
2024,6,Indiana,1616.7,24
2024,6,UNLV,1608.8,25
2024,6,Louisville,1604.5,26
2024,6,USC,1603.9,27
2024,6,San José State,1602.2,28
2024,6,Duke,1599.3,29
2024,6,Navy,1597.6,30
2024,6,Arizona,1594.4,31
2024,6,West Virginia,1582.9,32
2024,6,Texas State,1571.9,33
2024,6,Pittsburgh,1569.8,34
2024,6,Nebraska,1566.6,35
2024,6,California,1565.5,36
2024,6,Virginia Tech,1565.0,37
2024,6,Syracuse,1564.7,38
2024,6,Coastal Carolina,1561.0,39
2024,6,Georgia Tech,1551.9,40
2024,6,Arkansas,1543.3,41
2024,6,Rutgers,1539.5,42
2024,6,South Carolina,1537.5,43
2024,6,Arizona State,1535.1,44
2024,6,Wisconsin,1532.5,45
2024,6,Louisiana,1529.4,46
2024,6,TCU,1529.3,47
2024,6,Oklahoma State,1524.5,48
2024,6,NC State,1518.0,49
2024,6,Florida State,1514.0,50
2024,6,North Carolina,1513.0,51
2024,6,Minnesota,1510.0,52
2024,6,Sam Houston,1504.7,53
2024,6,Marshall,1500.0,54
2024,6,UCF,1499.1,55
2024,6,Florida,1490.2,56
2024,6,Boston College,1483.5,57
2024,6,South Alabama,1482.3,58
2024,6,Bowling Green,1476.8,59
2024,6,Virginia,1472.8,60
2024,6,UConn,1471.2,61
2024,6,Northwestern,1469.5,62
2024,6,UL Monroe,1462.5,63
2024,6,Michigan State,1462.3,64
2024,6,Miami (OH),1461.6,65
2024,6,Kansas,1460.2,66
2024,6,Troy,1459.5,67
2024,6,Vanderbilt,1455.7,68
2024,6,Arkansas State,1455.6,69
2024,6,Northern Illinois,1453.9,70
2024,6,Jacksonville State,1450.9,71
2024,6,UCLA,1444.7,72
2024,6,App State,1438.3,73
2024,6,Auburn,1435.1,74
2024,6,Baylor,1423.4,75
2024,6,Wake Forest,1420.7,76
2024,6,Houston,1417.7,77
2024,6,East Carolina,1405.3,78
2024,6,San Diego State,1399.9,79
2024,6,Western Michigan,1389.9,80
2024,6,Old Dominion,1367.7,81
2024,6,Purdue,1354.3,82
2024,6,Air Force,1354.1,83
2024,6,Hawai'i,1348.9,84
2024,6,Stanford,1344.0,85
2024,6,Colorado State,1343.7,86
2024,6,Charlotte,1342.4,87
2024,6,Utah State,1337.6,88
2024,6,Ball State,1333.2,89
2024,6,Tulsa,1312.8,90
2024,6,Nevada,1292.1,91
2024,6,UAB,1284.0,92
2024,6,Temple,1282.3,93
2024,6,Southern Miss,1259.0,94
2024,6,Akron,1247.3,95
2024,6,Massachusetts,1224.0,96
2024,6,UTEP,1214.8,97
2024,6,Kennesaw State,1114.5,98
2024,7,Texas,1857.2,1
2024,7,Oregon,1816.8,2
2024,7,Ohio State,1811.5,3
2024,7,Georgia,1785.6,4
2024,7,Penn State,1784.4,5
2024,7,Alabama,1781.8,6
2024,7,Notre Dame,1760.6,7
2024,7,Clemson,1739.2,8
2024,7,James Madison,1734.6,9
2024,7,Ole Miss,1713.6,10
2024,7,Liberty,1708.3,11
2024,7,Iowa State,1701.4,12
2024,7,Kansas State,1694.1,13
2024,7,Iowa,1693.3,14
2024,7,LSU,1687.5,15
2024,7,Boise State,1682.4,16
2024,7,Tennessee,1681.8,17
2024,7,BYU,1677.9,18
2024,7,Washington,1675.3,19
2024,7,Oklahoma,1659.4,20
2024,7,Missouri,1638.8,21
2024,7,Army,1637.3,22
2024,7,UNLV,1626.3,23
2024,7,Memphis,1623.5,24
2024,7,Louisville,1620.6,25
2024,7,Washington State,1601.2,26
2024,7,Utah,1593.9,27
2024,7,Texas State,1592.1,28
2024,7,USC,1591.5,29
2024,7,Oregon State,1591.1,30
2024,7,Syracuse,1590.7,31
2024,7,Wisconsin,1582.6,32
2024,7,Pittsburgh,1580.1,33
2024,7,Georgia Tech,1578.4,34
2024,7,Western Kentucky,1575.6,35
2024,7,Toledo,1575.0,36
2024,7,Arizona,1571.1,37
2024,7,Arizona State,1563.4,38
2024,7,San José State,1561.0,39
2024,7,Illinois,1555.9,40
2024,7,Cincinnati,1555.3,41
2024,7,California,1555.3,42
2024,7,West Virginia,1554.0,43
2024,7,Kentucky,1546.5,44
2024,7,Louisiana,1544.9,45
2024,7,Coastal Carolina,1544.4,46
2024,7,South Carolina,1534.2,47
2024,7,Minnesota,1529.3,48
2024,7,Colorado,1525.8,49
2024,7,Northwestern,1522.2,50
2024,7,Fresno State,1518.7,51
2024,7,North Texas,1515.4,52
2024,7,Georgia Southern,1513.8,53
2024,7,Miami (OH),1510.2,54
2024,7,Ohio,1509.4,55
2024,7,Maryland,1501.5,56
2024,7,Marshall,1493.6,57
2024,7,NC State,1491.9,58
2024,7,Vanderbilt,1490.1,59
2024,7,Rutgers,1489.3,60
2024,7,Northern Illinois,1488.4,61
2024,7,North Carolina,1486.5,62
2024,7,Florida,1482.1,63
2024,7,Jacksonville State,1476.1,64
2024,7,UCF,1473.8,65
2024,7,UL Monroe,1473.4,66
2024,7,Eastern Michigan,1465.5,67
2024,7,Virginia,1456.7,68
2024,7,UTSA,1455.2,69
2024,7,Buffalo,1447.0,70
2024,7,Bowling Green,1442.3,71
2024,7,Arkansas State,1435.4,72
2024,7,UCLA,1425.4,73
2024,7,App State,1422.7,74
2024,7,San Diego State,1417.8,75
2024,7,Old Dominion,1405.1,76
2024,7,Western Michigan,1402.1,77
2024,7,Wake Forest,1400.9,78
2024,7,South Florida,1397.1,79
2024,7,Colorado State,1384.9,80
2024,7,Georgia State,1377.4,81
2024,7,Purdue,1351.6,82
2024,7,Wyoming,1348.4,83
2024,7,Florida Atlantic,1347.5,84
2024,7,Ball State,1344.1,85
2024,7,New Mexico State,1343.5,86
2024,7,Rice,1343.0,87
2024,7,Mississippi State,1342.7,88
2024,7,Stanford,1339.5,89
2024,7,Central Michigan,1335.3,90
2024,7,Florida International,1334.0,91
2024,7,Hawai'i,1333.0,92
2024,7,Nevada,1332.9,93
2024,7,New Mexico,1327.6,94
2024,7,Louisiana Tech,1321.5,95
2024,7,Air Force,1321.5,96
2024,7,Utah State,1320.1,97
2024,7,UAB,1277.9,98
2024,7,Middle Tennessee,1266.5,99
2024,7,Southern Miss,1248.2,100
2024,7,Akron,1235.1,101
2024,7,Massachusetts,1210.5,102
2024,7,UTEP,1209.3,103
2024,7,Kent State,1187.2,104
2024,8,Georgia,1828.6,1
2024,8,Oregon,1826.3,2
2024,8,Texas,1814.2,3
2024,8,Notre Dame,1780.6,4
2024,8,Alabama,1753.9,5
2024,8,Clemson,1746.3,6
2024,8,Kansas State,1726.7,7
2024,8,LSU,1718.6,8
2024,8,SMU,1717.7,9
2024,8,Miami,1717.5,10
2024,8,Tennessee,1709.7,11
2024,8,Iowa State,1706.0,12
2024,8,James Madison,1684.9,13
2024,8,BYU,1684.6,14
2024,8,Michigan,1684.0,15
2024,8,Texas A&M,1674.6,16
2024,8,UNLV,1654.6,17
2024,8,Tulane,1650.0,18
2024,8,Indiana,1647.0,19
2024,8,Army,1646.7,20
2024,8,Iowa,1645.2,21
2024,8,Missouri,1644.9,22
2024,8,Memphis,1636.6,23
2024,8,Wisconsin,1613.7,24
2024,8,Duke,1613.1,25
2024,8,Washington State,1610.6,26
2024,8,Western Kentucky,1609.8,27
2024,8,Navy,1607.8,28
2024,8,Oklahoma,1604.9,29
2024,8,Illinois,1600.3,30
2024,8,Toledo,1598.6,31
2024,8,Louisville,1596.1,32
2024,8,South Carolina,1588.7,33
2024,8,Virginia Tech,1585.9,34
2024,8,USC,1582.4,35
2024,8,Cincinnati,1578.8,36
2024,8,Louisiana,1578.0,37
2024,8,Colorado,1575.6,38
2024,8,San José State,1569.6,39
2024,8,Utah,1564.0,40
2024,8,Georgia Southern,1563.4,41
2024,8,Oregon State,1562.9,42
2024,8,Texas Tech,1562.2,43
2024,8,TCU,1559.2,44
2024,8,Georgia Tech,1558.4,45
2024,8,Texas State,1551.4,46
2024,8,California,1544.6,47
2024,8,Arizona State,1539.9,48
2024,8,Nebraska,1536.3,49
2024,8,Miami (OH),1532.9,50
2024,8,Fresno State,1530.4,51
2024,8,Florida,1522.4,52
2024,8,West Virginia,1521.4,53
2024,8,Arizona,1521.3,54
2024,8,Oklahoma State,1517.8,55
2024,8,Arkansas,1512.2,56
2024,8,Coastal Carolina,1511.3,57
2024,8,Maryland,1510.5,58
2024,8,Michigan State,1510.3,59
2024,8,Marshall,1509.6,60
2024,8,South Alabama,1506.9,61
2024,8,Kentucky,1506.2,62
2024,8,NC State,1502.5,63
2024,8,North Texas,1502.2,64
2024,8,Vanderbilt,1502.1,65
2024,8,Florida State,1500.1,66
2024,8,Kansas,1495.0,67
2024,8,Northwestern,1491.1,68
2024,8,Ohio,1486.7,69
2024,8,Baylor,1479.9,70
2024,8,Eastern Michigan,1474.2,71
2024,8,UTSA,1471.4,72
2024,8,Sam Houston,1470.5,73
2024,8,UCF,1469.2,74
2024,8,Rutgers,1468.0,75
2024,8,Northern Illinois,1464.8,76
2024,8,Boston College,1462.6,77
2024,8,Arkansas State,1459.2,78
2024,8,Bowling Green,1451.2,79
2024,8,UConn,1449.7,80
2024,8,Virginia,1449.5,81
2024,8,UCLA,1446.7,82
2024,8,Old Dominion,1445.8,83
2024,8,Troy,1434.9,84
2024,8,Western Michigan,1433.1,85
2024,8,Auburn,1429.0,86
2024,8,Wake Forest,1422.3,87
2024,8,Buffalo,1415.9,88
2024,8,Colorado State,1411.4,89
2024,8,South Florida,1410.7,90
2024,8,East Carolina,1395.9,91
2024,8,Houston,1382.9,92
2024,8,Georgia State,1361.4,93
2024,8,New Mexico State,1355.6,94
2024,8,New Mexico,1352.0,95
2024,8,Purdue,1342.1,96
2024,8,Wyoming,1339.8,97
2024,8,Rice,1336.9,98
2024,8,Charlotte,1332.2,99
2024,8,Ball State,1332.1,100
2024,8,Florida Atlantic,1331.2,101
2024,8,Mississippi State,1330.5,102
2024,8,Central Michigan,1326.6,103
2024,8,Stanford,1325.0,104
2024,8,Hawai'i,1323.7,105
2024,8,Nevada,1321.1,106
2024,8,Louisiana Tech,1309.5,107
2024,8,Temple,1307.8,108
2024,8,Florida International,1300.8,109
2024,8,Utah State,1295.7,110
2024,8,Air Force,1295.0,111
2024,8,Tulsa,1287.3,112
2024,8,Middle Tennessee,1277.7,113
2024,8,UAB,1264.3,114
2024,8,UTEP,1242.6,115
2024,8,Southern Miss,1224.3,116
2024,8,Kent State,1178.4,117
2024,8,Kennesaw State,1103.3,118
2024,9,Oregon,1837.7,1
2024,9,Texas,1821.5,2
2024,9,Ohio State,1815.6,3
2024,9,Penn State,1809.1,4
2024,9,Notre Dame,1806.2,5
2024,9,Alabama,1775.1,6
2024,9,Kansas State,1730.3,7
2024,9,Ole Miss,1729.0,8
2024,9,Miami,1728.4,9
2024,9,SMU,1725.2,10
2024,9,Boise State,1705.8,11
2024,9,Texas A&M,1705.6,12
2024,9,BYU,1704.7,13
2024,9,Michigan,1693.1,14
2024,9,LSU,1687.6,15
2024,9,James Madison,1687.5,16
2024,9,Indiana,1675.6,17
2024,9,Tulane,1671.0,18
2024,9,Liberty,1666.1,19
2024,9,Iowa,1661.1,20
2024,9,Washington,1646.7,21
2024,9,Memphis,1640.6,22
2024,9,UNLV,1631.2,23
2024,9,Missouri,1623.6,24
2024,9,Washington State,1622.0,25
2024,9,Pittsburgh,1613.4,26
2024,9,Louisville,1612.1,27
2024,9,Virginia Tech,1609.5,28
2024,9,Duke,1605.6,29
2024,9,USC,1600.7,30
2024,9,Colorado,1599.5,31
2024,9,Oklahoma,1589.5,32
2024,9,Wisconsin,1589.1,33
2024,9,Illinois,1588.9,34
2024,9,Navy,1582.2,35
2024,9,California,1581.7,36
2024,9,TCU,1565.9,37
2024,9,Fresno State,1565.3,38
2024,9,Minnesota,1558.1,39
2024,9,Syracuse,1557.4,40
2024,9,Texas Tech,1555.6,41
2024,9,Cincinnati,1554.9,42
2024,9,Toledo,1551.8,43
2024,9,Miami (OH),1546.6,44
2024,9,West Virginia,1546.2,45
2024,9,Arkansas,1542.4,46
2024,9,Utah,1540.8,47
2024,9,South Alabama,1535.2,48
2024,9,Georgia Tech,1534.8,49
2024,9,San José State,1534.7,50
2024,9,Nebraska,1532.1,51
2024,9,North Carolina,1529.1,52
2024,9,Oregon State,1525.9,53
2024,9,Georgia Southern,1515.8,54
2024,9,Ohio,1511.3,55
2024,9,Baylor,1506.1,56
2024,9,Michigan State,1501.2,57
2024,9,Bowling Green,1498.0,58
2024,9,Arizona,1496.6,59
2024,9,Vanderbilt,1494.8,60
2024,9,Old Dominion,1493.4,61
2024,9,Oklahoma State,1491.6,62
2024,9,Kansas,1491.4,63
2024,9,Florida State,1489.1,64
2024,9,Jacksonville State,1488.2,65
2024,9,Maryland,1481.7,66
2024,9,North Texas,1481.2,67
2024,9,Sam Houston,1480.4,68
2024,9,Northwestern,1475.2,69
2024,9,Auburn,1471.4,70
2024,9,Arkansas State,1471.2,71
2024,9,Kentucky,1463.8,72
2024,9,UConn,1462.0,73
2024,9,UTSA,1459.7,74
2024,9,Rutgers,1449.8,75
2024,9,UCF,1449.1,76
2024,9,Northern Illinois,1448.5,77
2024,9,Boston College,1446.5,78
2024,9,UL Monroe,1445.1,79
2024,9,Eastern Michigan,1443.5,80
2024,9,Western Michigan,1443.1,81
2024,9,App State,1438.1,82
2024,9,Wake Forest,1437.7,83
2024,9,Colorado State,1429.9,84
2024,9,Troy,1422.9,85
2024,9,East Carolina,1416.6,86
2024,9,Virginia,1406.9,87
2024,9,San Diego State,1406.3,88
2024,9,Houston,1406.1,89
2024,9,Buffalo,1391.3,90
2024,9,Hawai'i,1352.7,91
2024,9,Ball State,1348.3,92
2024,9,Georgia State,1346.0,93
2024,9,New Mexico,1333.4,94
2024,9,Charlotte,1328.3,95
2024,9,Rice,1324.7,96
2024,9,Wyoming,1323.4,97
2024,9,Louisiana Tech,1321.1,98
2024,9,Central Michigan,1313.0,99
2024,9,Utah State,1312.1,100
2024,9,Stanford,1309.7,101
2024,9,Mississippi State,1300.2,102
2024,9,Tulsa,1299.0,103
2024,9,Nevada,1292.1,104
2024,9,Florida International,1290.9,105
2024,9,Temple,1287.2,106
2024,9,Akron,1265.8,107
2024,9,Middle Tennessee,1265.6,108
2024,9,Massachusetts,1238.2,109
2024,9,UTEP,1231.0,110
2024,9,Southern Miss,1221.7,111
2024,9,Kent State,1168.4,112
2024,9,Kennesaw State,1145.5,113
2024,10,Oregon,1867.5,1
2024,10,Ohio State,1844.0,2
2024,10,Georgia,1837.0,3
2024,10,Penn State,1780.7,4
2024,10,Ole Miss,1758.4,5
2024,10,Miami,1746.0,6
2024,10,SMU,1744.0,7
2024,10,Tennessee,1716.9,8
2024,10,Boise State,1713.6,9
2024,10,Indiana,1707.6,10
2024,10,Clemson,1703.5,11
2024,10,Iowa State,1694.3,12
2024,10,Kansas State,1690.5,13
2024,10,Tulane,1687.0,14
2024,10,Iowa,1685.7,15
2024,10,Michigan,1663.3,16
2024,10,Washington,1660.8,17
2024,10,Texas A&M,1660.2,18
2024,10,Louisville,1655.0,19
2024,10,Army,1651.5,20
2024,10,South Carolina,1634.1,21
2024,10,Liberty,1624.5,22
2024,10,Western Kentucky,1612.3,23
2024,10,Memphis,1603.8,24
2024,10,Louisiana,1603.5,25
2024,10,Pittsburgh,1594.6,26
2024,10,Oklahoma,1594.2,27
2024,10,Minnesota,1590.1,28
2024,10,Duke,1588.1,29
2024,10,USC,1586.6,30
2024,10,Virginia Tech,1585.6,31
2024,10,Syracuse,1581.3,32
2024,10,Arizona State,1578.5,33
2024,10,North Carolina,1570.1,34
2024,10,Texas Tech,1567.3,35
2024,10,Wisconsin,1564.4,36
2024,10,Toledo,1559.2,37
2024,10,Illinois,1556.9,38
2024,10,Fresno State,1553.0,39
2024,10,TCU,1549.5,40
2024,10,Georgia Southern,1538.8,41
2024,10,Jacksonville State,1529.8,42
2024,10,Navy,1528.7,43
2024,10,Vanderbilt,1526.4,44
2024,10,Texas State,1525.9,45
2024,10,Marshall,1522.7,46
2024,10,Baylor,1522.4,47
2024,10,NC State,1516.3,48
2024,10,Florida,1514.1,49
2024,10,Arkansas,1512.9,50
2024,10,South Alabama,1512.2,51
2024,10,Nebraska,1499.3,52
2024,10,UTSA,1496.5,53
2024,10,Northwestern,1494.6,54
2024,10,UCF,1492.2,55
2024,10,Sam Houston,1489.5,56
2024,10,UCLA,1479.5,57
2024,10,Coastal Carolina,1476.2,58
2024,10,UConn,1474.0,59
2024,10,Michigan State,1469.3,60
2024,10,Old Dominion,1467.9,61
2024,10,App State,1463.6,62
2024,10,Colorado State,1458.4,63
2024,10,Troy,1458.0,64
2024,10,Kentucky,1456.6,65
2024,10,Arizona,1453.6,66
2024,10,Oklahoma State,1453.0,67
2024,10,Florida State,1448.2,68
2024,10,South Florida,1447.5,69
2024,10,Houston,1445.9,70
2024,10,Auburn,1439.8,71
2024,10,Eastern Michigan,1436.1,72
2024,10,UL Monroe,1432.1,73
2024,10,Buffalo,1416.7,74
2024,10,San Diego State,1398.4,75
2024,10,Rice,1378.3,76
2024,10,Hawai'i,1365.0,77
2024,10,Wyoming,1346.0,78
2024,10,Florida International,1336.2,79
2024,10,Georgia State,1334.0,80
2024,10,Mississippi State,1324.3,81
2024,10,Purdue,1322.6,82
2024,10,Charlotte,1312.2,83
2024,10,Louisiana Tech,1311.9,84
2024,10,New Mexico,1310.8,85
2024,10,New Mexico State,1310.4,86
2024,10,UAB,1303.8,87
2024,10,Stanford,1295.9,88
2024,10,Florida Atlantic,1294.4,89
2024,10,Middle Tennessee,1292.4,90
2024,10,Air Force,1290.1,91
2024,10,Nevada,1263.6,92
2024,10,Tulsa,1259.4,93
2024,10,Akron,1240.4,94
2024,10,Massachusetts,1214.2,95
2024,10,UTEP,1204.2,96
2024,10,Kennesaw State,1143.0,97
2024,11,Oregon,1871.8,1
2024,11,Ohio State,1846.4,2
2024,11,Texas,1829.0,3
2024,11,Alabama,1813.7,4
2024,11,Notre Dame,1812.5,5
2024,11,Georgia,1800.0,6
2024,11,Penn State,1800.0,7
2024,11,Ole Miss,1795.4,8
2024,11,Clemson,1728.5,9
2024,11,Indiana,1721.8,10
2024,11,Tennessee,1720.9,11
2024,11,Boise State,1715.6,12
2024,11,Miami,1713.8,13
2024,11,BYU,1711.0,14
2024,11,James Madison,1693.2,15
2024,11,Tulane,1691.9,16
2024,11,Army,1673.7,17
2024,11,South Carolina,1667.3,18
2024,11,Iowa,1661.1,19
2024,11,Michigan,1649.1,20
2024,11,LSU,1649.1,21
2024,11,Iowa State,1647.8,22
2024,11,Washington,1641.5,23
2024,11,Missouri,1641.2,24
2024,11,Liberty,1639.3,25
2024,11,UNLV,1638.1,26
2024,11,Colorado,1634.5,27
2024,11,Washington State,1628.6,28
2024,11,Western Kentucky,1626.8,29
2024,11,Louisiana,1622.8,30
2024,11,Duke,1616.4,31
2024,11,Memphis,1610.8,32
2024,11,California,1604.8,33
2024,11,Arizona State,1589.2,34
2024,11,Oklahoma,1576.6,35
2024,11,West Virginia,1575.4,36
2024,11,TCU,1570.1,37
2024,11,San José State,1568.4,38
2024,11,Georgia Tech,1567.0,39
2024,11,Navy,1564.3,40
2024,11,Pittsburgh,1563.4,41
2024,11,Miami (OH),1562.3,42
2024,11,Virginia Tech,1560.6,43
2024,11,Texas State,1560.4,44
2024,11,Minnesota,1558.8,45
2024,11,Syracuse,1552.4,46
2024,11,Jacksonville State,1545.5,47
2024,11,Marshall,1542.3,48
2024,11,Kansas,1537.9,49
2024,11,Utah,1534.5,50
2024,11,Texas Tech,1532.3,51
2024,11,Ohio,1528.6,52
2024,11,Cincinnati,1525.7,53
2024,11,Bowling Green,1518.4,54
2024,11,Fresno State,1509.1,55
2024,11,Florida,1506.5,56
2024,11,UCLA,1504.2,57
2024,11,Coastal Carolina,1500.7,58
2024,11,UConn,1493.5,59
2024,11,Vanderbilt,1493.2,60
2024,11,Oregon State,1492.1,61
2024,11,NC State,1488.0,62
2024,11,Northern Illinois,1485.5,63
2024,11,UCF,1481.5,64
2024,11,Rutgers,1481.1,65
2024,11,Maryland,1477.5,66
2024,11,Boston College,1475.4,67
2024,11,North Texas,1459.1,68
2024,11,Arkansas State,1451.8,69
2024,11,Florida State,1441.9,70
2024,11,App State,1439.1,71
2024,11,Virginia,1438.1,72
2024,11,East Carolina,1436.7,73
2024,11,Oklahoma State,1432.4,74
2024,11,Wake Forest,1414.5,75
2024,11,South Florida,1411.9,76
2024,11,Western Michigan,1406.1,77
2024,11,UL Monroe,1397.6,78
2024,11,Rice,1371.3,79
2024,11,San Diego State,1370.0,80
2024,11,Hawai'i,1358.1,81
2024,11,New Mexico,1339.2,82
2024,11,Air Force,1334.0,83
2024,11,Ball State,1332.5,84
2024,11,Georgia State,1328.2,85
2024,11,Mississippi State,1320.3,86
2024,11,Purdue,1320.2,87
2024,11,Utah State,1305.5,88
2024,11,Louisiana Tech,1296.2,89
2024,11,New Mexico State,1295.9,90
2024,11,Central Michigan,1292.7,91
2024,11,UAB,1284.3,92
2024,11,Temple,1282.3,93
2024,11,Middle Tennessee,1277.7,94
2024,11,Florida Atlantic,1274.3,95
2024,11,Nevada,1261.6,96
2024,11,UTEP,1220.5,97
2024,11,Southern Miss,1202.2,98
2024,11,Kent State,1151.2,99
2024,11,Kennesaw State,1126.7,100
2024,12,Oregon,1879.2,1
2024,12,Ohio State,1857.1,2
2024,12,Texas,1841.4,3
2024,12,Georgia,1818.6,4
2024,12,Alabama,1817.2,5
2024,12,Notre Dame,1817.1,6
2024,12,Penn State,1809.2,7
2024,12,SMU,1750.4,8
2024,12,Boise State,1745.2,9
2024,12,Clemson,1743.1,10
2024,12,Tulane,1728.3,11
2024,12,James Madison,1703.4,12
2024,12,Tennessee,1702.4,13
2024,12,BYU,1683.2,14
2024,12,South Carolina,1681.1,15
2024,12,Texas A&M,1665.8,16
2024,12,Iowa State,1664.1,17
2024,12,Washington,1654.9,18
2024,12,Colorado,1654.8,19
2024,12,Kansas State,1651.8,20
2024,12,UNLV,1646.3,21
2024,12,Liberty,1641.5,22
2024,12,Arizona State,1627.8,23
2024,12,Missouri,1627.4,24
2024,12,Louisville,1622.5,25
2024,12,Memphis,1617.7,26
2024,12,LSU,1611.4,27
2024,12,Louisiana,1604.9,28
2024,12,USC,1601.1,29
2024,12,Washington State,1599.5,30
2024,12,Western Kentucky,1593.7,31
2024,12,Syracuse,1585.6,32
2024,12,North Carolina,1580.0,33
2024,12,Illinois,1577.5,34
2024,12,California,1571.7,35
2024,12,Toledo,1568.2,36
2024,12,Texas State,1566.9,37
2024,12,Miami (OH),1566.3,38
2024,12,Kansas,1565.7,39
2024,12,Baylor,1563.4,40
2024,12,Marshall,1562.9,41
2024,12,Wisconsin,1557.0,42
2024,12,Jacksonville State,1550.6,43
2024,12,Ohio,1549.6,44
2024,12,Pittsburgh,1548.8,45
2024,12,Florida,1544.2,46
2024,12,San José State,1538.8,47
2024,12,Bowling Green,1535.7,48
2024,12,West Virginia,1534.4,49
2024,12,South Alabama,1530.1,50
2024,12,Navy,1527.9,51
2024,12,UTSA,1521.8,52
2024,12,Rutgers,1518.3,53
2024,12,Utah,1514.2,54
2024,12,Cincinnati,1509.4,55
2024,12,Georgia Southern,1504.3,56
2024,12,Arkansas,1500.6,57
2024,12,Sam Houston,1497.8,58
2024,12,Northern Illinois,1493.5,59
2024,12,Troy,1492.5,60
2024,12,UCLA,1490.8,61
2024,12,Nebraska,1484.8,62
2024,12,Northwestern,1483.9,63
2024,12,Arizona,1483.3,64
2024,12,Coastal Carolina,1480.1,65
2024,12,Colorado State,1474.3,66
2024,12,Arkansas State,1473.2,67
2024,12,Boston College,1469.0,68
2024,12,Auburn,1468.3,69
2024,12,Kentucky,1460.2,70
2024,12,Old Dominion,1457.7,71
2024,12,East Carolina,1454.8,72
2024,12,South Florida,1451.2,73
2024,12,Michigan State,1448.7,74
2024,12,Maryland,1440.3,75
2024,12,Oregon State,1438.9,76
2024,12,North Texas,1433.8,77
2024,12,Virginia,1433.6,78
2024,12,Buffalo,1426.0,79
2024,12,Houston,1416.2,80
2024,12,Eastern Michigan,1415.1,81
2024,12,Wake Forest,1404.5,82
2024,12,Western Michigan,1388.8,83
2024,12,Air Force,1387.3,84
2024,12,UL Monroe,1369.1,85
2024,12,New Mexico,1368.3,86
2024,12,San Diego State,1361.8,87
2024,12,Utah State,1349.6,88
2024,12,Florida International,1331.1,89
2024,12,Wyoming,1330.1,90
2024,12,Louisiana Tech,1329.3,91
2024,12,Stanford,1328.4,92
2024,12,Ball State,1323.3,93
2024,12,Hawai'i,1314.0,94
2024,12,Purdue,1311.1,95
2024,12,Georgia State,1306.9,96
2024,12,Temple,1295.1,97
2024,12,New Mexico State,1290.3,98
2024,12,Central Michigan,1283.7,99
2024,12,UAB,1277.3,100
2024,12,Charlotte,1272.9,101
2024,12,Florida Atlantic,1261.5,102
2024,12,Tulsa,1241.3,103
2024,12,Akron,1232.4,104
2024,12,Massachusetts,1212.0,105
2024,12,Southern Miss,1195.7,106
2024,12,Kent State,1147.2,107
2024,12,Kennesaw State,1118.5,108
2024,13,Ohio State,1873.9,1
2024,13,Texas,1845.5,2
2024,13,Notre Dame,1841.7,3
2024,13,Georgia,1820.0,4
2024,13,Penn State,1813.8,5
2024,13,SMU,1767.3,6
2024,13,Alabama,1758.1,7
2024,13,Ole Miss,1754.8,8
2024,13,Boise State,1750.6,9
2024,13,Clemson,1744.6,10
2024,13,Miami,1721.0,11
2024,13,Tennessee,1705.6,12
2024,13,Indiana,1705.0,13
2024,13,South Carolina,1682.7,14
2024,13,Iowa,1682.3,15
2024,13,Iowa State,1677.2,16
2024,13,UNLV,1673.1,17
2024,13,Kansas State,1668.6,18
2024,13,Michigan,1666.4,19
2024,13,Liberty,1664.1,20
2024,13,BYU,1662.4,21
2024,13,James Madison,1649.2,22
2024,13,Army,1649.1,23
2024,13,Arizona State,1648.6,24
2024,13,Texas A&M,1646.6,25
2024,13,Louisville,1646.1,26
2024,13,Missouri,1643.5,27
2024,13,Oklahoma,1635.7,28
2024,13,Duke,1626.9,29
2024,13,LSU,1623.3,30
2024,13,Louisiana,1623.1,31
2024,13,USC,1621.8,32
2024,13,Colorado,1610.5,33
2024,13,Kansas,1610.0,34
2024,13,Illinois,1602.8,35
2024,13,Syracuse,1599.0,36
2024,13,Ohio,1590.9,37
2024,13,TCU,1590.6,38
2024,13,Baylor,1586.3,39
2024,13,Marshall,1585.4,40
2024,13,Florida,1584.8,41
2024,13,Miami (OH),1583.8,42
2024,13,Washington State,1577.4,43
2024,13,California,1575.9,44
2024,13,Georgia Tech,1571.7,45
2024,13,Western Kentucky,1571.1,46
2024,13,Jacksonville State,1569.0,47
2024,13,Bowling Green,1560.8,48
2024,13,Texas Tech,1556.4,49
2024,13,Minnesota,1554.1,50
2024,13,West Virginia,1552.8,51
2024,13,Virginia Tech,1550.1,52
2024,13,South Alabama,1544.9,53
2024,13,Georgia Southern,1544.4,54
2024,13,North Carolina,1537.8,55
2024,13,UTSA,1532.5,56
2024,13,Texas State,1527.1,57
2024,13,Toledo,1526.9,58
2024,13,Pittsburgh,1525.2,59
2024,13,Fresno State,1525.2,60
2024,13,Nebraska,1521.6,61
2024,13,Wisconsin,1520.1,62
2024,13,Arkansas,1514.2,63
2024,13,San José State,1512.1,64
2024,13,Boston College,1511.2,65
2024,13,Utah,1501.0,66
2024,13,App State,1493.4,67
2024,13,Rutgers,1493.0,68
2024,13,Cincinnati,1492.6,69
2024,13,East Carolina,1488.7,70
2024,13,Auburn,1487.4,71
2024,13,Arkansas State,1485.9,72
2024,13,NC State,1483.3,73
2024,13,Vanderbilt,1481.3,74
2024,13,UConn,1480.1,75
2024,13,Sam Houston,1479.4,76
2024,13,Northern Illinois,1476.0,77
2024,13,Troy,1474.3,78
2024,13,UCLA,1470.0,79
2024,13,Northwestern,1466.5,80
2024,13,Buffalo,1465.1,81
2024,13,South Florida,1464.1,82
2024,13,UCF,1463.1,83
2024,13,Arizona,1462.8,84
2024,13,Oregon State,1461.0,85
2024,13,Michigan State,1459.5,86
2024,13,Colorado State,1458.2,87
2024,13,Kentucky,1456.1,88
2024,13,Florida State,1444.7,89
2024,13,Coastal Carolina,1440.0,90
2024,13,Old Dominion,1435.2,91
2024,13,Maryland,1419.1,92
2024,13,Virginia,1416.6,93
2024,13,Oklahoma State,1408.3,94
2024,13,Air Force,1401.4,95
2024,13,North Texas,1399.8,96
2024,13,Wake Forest,1397.4,97
2024,13,Houston,1393.3,98
2024,13,Utah State,1380.3,99
2024,13,Eastern Michigan,1376.0,100
2024,13,Western Michigan,1373.8,101
2024,13,UL Monroe,1356.4,102
2024,13,Georgia State,1346.7,103
2024,13,San Diego State,1331.0,104
2024,13,Rice,1327.9,105
2024,13,New Mexico State,1327.7,106
2024,13,Wyoming,1324.7,107
2024,13,Stanford,1324.1,108
2024,13,UAB,1320.8,109
2024,13,Florida International,1318.6,110
2024,13,Louisiana Tech,1315.6,111
2024,13,Charlotte,1307.5,112
2024,13,Mississippi State,1304.2,113
2024,13,Purdue,1300.2,114
2024,13,Central Michigan,1298.7,115
2024,13,Ball State,1298.1,116
2024,13,Temple,1284.4,117
2024,13,Akron,1267.7,118
2024,13,Nevada,1247.5,119
2024,13,Middle Tennessee,1240.3,120
2024,13,Tulsa,1228.5,121
2024,13,Florida Atlantic,1226.9,122
2024,13,UTEP,1217.3,123
2024,13,Massachusetts,1210.6,124
2024,13,Southern Miss,1180.9,125
2024,13,Kennesaw State,1131.0,126
2024,13,Kent State,1111.9,127
2024,14,Oregon,1890.6,1
2024,14,Texas,1864.9,2
2024,14,Notre Dame,1862.0,3
2024,14,Ohio State,1849.4,4
2024,14,Georgia,1823.2,5
2024,14,Penn State,1818.6,6
2024,14,SMU,1781.3,7
2024,14,Alabama,1765.2,8
2024,14,Boise State,1757.3,9
2024,14,Ole Miss,1757.2,10
2024,14,Tennessee,1725.1,11
2024,14,Clemson,1723.3,12
2024,14,Indiana,1710.3,13
2024,14,South Carolina,1703.9,14
2024,14,Miami,1697.9,15
2024,14,Iowa State,1697.4,16
2024,14,Michigan,1690.9,17
2024,14,Tulane,1689.2,18
2024,14,Iowa,1688.8,19
2024,14,Arizona State,1680.4,20
2024,14,UNLV,1676.6,21
2024,14,Louisville,1673.9,22
2024,14,BYU,1669.2,23
2024,14,Army,1659.4,24
2024,14,Memphis,1656.8,25
2024,14,Missouri,1654.8,26
2024,14,LSU,1653.6,27
2024,14,Kansas State,1648.4,28
2024,14,Liberty,1645.6,29
2024,14,Washington,1643.6,30
2024,14,Duke,1641.0,31
2024,14,Louisiana,1640.2,32
2024,14,James Madison,1632.3,33
2024,14,Texas A&M,1627.3,34
2024,14,Colorado,1625.5,35
2024,14,Illinois,1622.0,36
2024,14,Syracuse,1622.0,37
2024,14,Baylor,1621.3,38
2024,14,Miami (OH),1621.2,39
2024,14,Florida,1614.6,40
2024,14,TCU,1613.5,41
2024,14,Oklahoma,1605.4,42
2024,14,Marshall,1602.2,43
2024,14,USC,1601.5,44
2024,14,Ohio,1598.1,45
2024,14,Minnesota,1591.4,46
2024,14,Texas Tech,1590.5,47
2024,14,Western Kentucky,1581.4,48
2024,14,Kansas,1575.0,49
2024,14,Georgia Tech,1568.5,50
2024,14,Virginia Tech,1566.3,51
2024,14,Washington State,1564.9,52
2024,14,Navy,1562.4,53
2024,14,Georgia Southern,1562.2,54
2024,14,California,1561.9,55
2024,14,Jacksonville State,1558.6,56
2024,14,Texas State,1556.8,57
2024,14,Boston College,1536.1,58
2024,14,Rutgers,1536.0,59
2024,14,Utah,1535.6,60
2024,14,Bowling Green,1523.4,61
2024,14,UTSA,1522.2,62
2024,14,West Virginia,1518.7,63
2024,14,San José State,1517.8,64
2024,14,South Alabama,1515.2,65
2024,14,Nebraska,1515.1,66
2024,14,North Carolina,1510.6,67
2024,14,NC State,1510.4,68
2024,14,Arkansas,1502.9,69
2024,14,Fresno State,1501.1,70
2024,14,Pittsburgh,1500.3,71
2024,14,Sam Houston,1497.9,72
2024,14,UCLA,1494.2,73
2024,14,UConn,1491.3,74
2024,14,Toledo,1485.6,75
2024,14,Northern Illinois,1485.5,76
2024,14,Wisconsin,1482.9,77
2024,14,Troy,1482.5,78
2024,14,Auburn,1480.3,79
2024,14,App State,1475.6,80
2024,14,Coastal Carolina,1474.6,81
2024,14,Buffalo,1471.1,82
2024,14,Colorado State,1470.5,83
2024,14,Cincinnati,1469.7,84
2024,14,Old Dominion,1468.3,85
2024,14,Vanderbilt,1461.8,86
2024,14,Oregon State,1454.2,87
2024,14,East Carolina,1454.2,88
2024,14,Arkansas State,1452.8,89
2024,14,Northwestern,1447.3,90
2024,14,South Florida,1433.1,91
2024,14,Arizona,1431.0,92
2024,14,Air Force,1430.8,93
2024,14,UCF,1428.5,94
2024,14,Kentucky,1428.3,95
2024,14,North Texas,1421.7,96
2024,14,Michigan State,1416.5,97
2024,14,Florida State,1414.9,98
2024,14,Maryland,1414.3,99
2024,14,Virginia,1400.4,100
2024,14,Western Michigan,1394.8,101
2024,14,Oklahoma State,1393.2,102
2024,14,Houston,1386.4,103
2024,14,Wake Forest,1383.2,104
2024,14,Utah State,1368.0,105
2024,14,Rice,1358.9,106
2024,14,Eastern Michigan,1354.9,107
2024,14,New Mexico,1342.8,108
2024,14,Florida International,1341.0,109
2024,14,Hawai'i,1339.5,110
2024,14,UL Monroe,1339.3,111
2024,14,Wyoming,1337.2,112
2024,14,Louisiana Tech,1330.2,113
2024,14,Stanford,1318.5,114
2024,14,Charlotte,1318.5,115
2024,14,Georgia State,1312.2,116
2024,14,UAB,1309.8,117
2024,14,Akron,1308.9,118
2024,14,Mississippi State,1301.8,119
2024,14,San Diego State,1301.6,120
2024,14,Purdue,1295.0,121
2024,14,New Mexico State,1293.8,122
2024,14,Ball State,1290.9,123
2024,14,Central Michigan,1289.2,124
2024,14,Florida Atlantic,1280.5,125
2024,14,Temple,1262.5,126
2024,14,UTEP,1251.1,127
2024,14,Nevada,1243.9,128
2024,14,Middle Tennessee,1217.9,129
2024,14,Massachusetts,1199.4,130
2024,14,Tulsa,1174.8,131
2024,14,Southern Miss,1172.8,132
2024,14,Kennesaw State,1116.4,133
2024,14,Kent State,1105.9,134
2024,15,Oregon,1910.9,1
2024,15,Texas,1846.6,2
2024,15,Georgia,1841.5,3
2024,15,Penn State,1798.3,4
2024,15,Boise State,1775.7,5
2024,15,SMU,1762.4,6
2024,15,Clemson,1742.2,7
2024,15,Arizona State,1722.2,8
2024,15,Army,1692.2,9
2024,15,UNLV,1658.2,10
2024,15,Tulane,1656.4,11
2024,15,Iowa State,1655.6,12
2024,15,Marshall,1652.0,13
2024,15,Ohio,1643.5,14
2024,15,Jacksonville State,1597.0,15
2024,15,Louisiana,1590.4,16
2024,15,Miami (OH),1575.8,17
2024,15,Western Kentucky,1543.0,18
2024,16,Army,1646.9,1
2024,16,Navy,1607.7,2
2025,1,Oregon,1769.1,1
2025,1,Ohio State,1756.5,2
2025,1,Georgia,1752.7,3
2025,1,Notre Dame,1706.8,4
2025,1,Penn State,1702.5,5
2025,1,Texas,1695.9,6
2025,1,Tennessee,1688.7,7
2025,1,Ole Miss,1681.6,8
2025,1,SMU,1673.8,9
2025,1,South Carolina,1666.7,10
2025,1,Miami,1657.1,11
2025,1,Indiana,1655.4,12
2025,1,Arizona State,1647.8,13
2025,1,LSU,1647.3,14
2025,1,UNLV,1639.6,15
2025,1,Michigan,1638.6,16
2025,1,TCU,1637.5,17
2025,1,Iowa State,1630.6,18
2025,1,Iowa,1626.9,19
2025,1,Iowa State,1625.8,20
2025,1,Tulane,1625.7,21
2025,1,Washington,1618.8,22
2025,1,Louisville,1617.7,23
2025,1,Texas A&M,1614.4,24
2025,1,BYU,1613.6,25
2025,1,Clemson,1610.0,26
2025,1,Memphis,1607.0,27
2025,1,Missouri,1606.3,28
2025,1,UNLV,1605.8,29
2025,1,Liberty,1599.2,30
2025,1,Alabama,1596.8,31
2025,1,Duke,1596.7,32
2025,1,California,1593.5,33
2025,1,Utah,1592.4,34
2025,1,Kansas,1592.3,35
2025,1,James Madison,1591.6,36
2025,1,Georgia Tech,1590.5,37
2025,1,Boise State,1587.1,38
2025,1,USC,1587.0,39
2025,1,Minnesota,1586.6,40
2025,1,Kansas,1586.5,41
2025,1,Illinois,1585.6,42
2025,1,Florida,1581.2,43
2025,1,Navy,1576.5,44
2025,1,Oklahoma,1574.5,45
2025,1,Kansas State,1574.1,46
2025,1,Kansas State,1571.8,47
2025,1,Western Kentucky,1571.5,48
2025,1,Marshall,1568.1,49
2025,1,Ohio,1567.9,50
2025,1,Texas Tech,1566.3,51
2025,1,Western Kentucky,1564.6,52
2025,1,Texas State,1563.2,53
2025,1,Army,1557.0,54
2025,1,Auburn,1551.9,55
2025,1,Rutgers,1548.7,56
2025,1,South Florida,1548.6,57
2025,1,Washington State,1545.0,58
2025,1,Wisconsin,1540.1,59
2025,1,Syracuse,1537.0,60
2025,1,Colorado,1535.6,61
2025,1,Nebraska,1533.0,62
2025,1,Boston College,1532.5,63
2025,1,NC State,1532.4,64
2025,1,Louisiana,1530.8,65
2025,1,App State,1527.0,66
2025,1,Fresno State,1526.1,67
2025,1,Bowling Green,1522.2,68
2025,1,West Virginia,1521.1,69
2025,1,Florida State,1520.3,70
2025,1,Jacksonville State,1520.0,71
2025,1,South Alabama,1516.8,72
2025,1,Baylor,1514.1,73
2025,1,Arkansas,1511.6,74
2025,1,Pittsburgh,1510.3,75
2025,1,Virginia Tech,1509.0,76
2025,1,UConn,1504.4,77
2025,1,Virginia,1498.8,78
2025,1,Troy,1498.5,79
2025,1,Arizona,1498.2,80
2025,1,Miami (OH),1498.0,81
2025,1,UCF,1496.6,82
2025,1,Northern Illinois,1493.5,83
2025,1,Kentucky,1489.3,84
2025,1,Vanderbilt,1486.2,85
2025,1,Michigan State,1484.7,86
2025,1,San José State,1483.7,87
2025,1,UTSA,1482.7,88
2025,1,Maryland,1479.0,89
2025,1,Arkansas State,1478.2,90
2025,1,Georgia Southern,1477.3,91
2025,1,Air Force,1466.9,92
2025,1,Fresno State,1462.9,93
2025,1,North Texas,1462.5,94
2025,1,Sam Houston,1462.0,95
2025,1,Old Dominion,1460.6,96
2025,1,Cincinnati,1457.1,97
2025,1,Colorado State,1455.4,98
2025,1,Toledo,1454.7,99
2025,1,Buffalo,1454.0,100
2025,1,East Carolina,1444.6,101
2025,1,North Carolina,1443.2,102
2025,1,Wyoming,1442.1,103
2025,1,Oklahoma State,1442.0,104
2025,1,Northwestern,1441.7,105
2025,1,Utah State,1440.9,106
2025,1,Houston,1439.0,107
2025,1,Rice,1436.2,108
2025,1,Wake Forest,1428.7,109
2025,1,Sam Houston,1428.1,110
2025,1,UCLA,1427.0,111
2025,1,Mississippi State,1420.8,112
2025,1,Coastal Carolina,1419.9,113
2025,1,Oregon State,1417.0,114
2025,1,Purdue,1415.6,115
2025,1,Hawai'i,1414.4,116
2025,1,Florida International,1412.5,117
2025,1,Temple,1412.2,118
2025,1,UL Monroe,1410.9,119
2025,1,Louisiana Tech,1404.6,120
2025,1,Western Michigan,1392.7,121
2025,1,Delaware,1392.1,122
2025,1,Central Michigan,1390.9,123
2025,1,San Diego State,1390.4,124
2025,1,UAB,1388.4,125
2025,1,New Mexico,1383.4,126
2025,1,New Mexico State,1380.9,127
2025,1,Eastern Michigan,1379.4,128
2025,1,Hawai'i,1371.4,129
2025,1,Georgia State,1363.5,130
2025,1,Stanford,1363.3,131
2025,1,Charlotte,1339.2,132
2025,1,Akron,1327.9,133
2025,1,Nevada,1324.9,134
2025,1,Florida Atlantic,1322.7,135
2025,1,Missouri State,1322.7,136
2025,1,Ball State,1315.2,137
2025,1,Tulsa,1314.9,138
2025,1,UTEP,1311.5,139
2025,1,Kent State,1259.3,140
2025,1,Kennesaw State,1246.1,141
2025,1,Middle Tennessee,1238.2,142
2025,1,Massachusetts,1238.1,143
2025,1,Southern Miss,1237.7,144
2025,2,Oregon,1781.3,1
2025,2,Ohio State,1760.2,2
2025,2,Georgia,1755.6,3
2025,2,Penn State,1715.1,4
2025,2,Texas,1714.6,5
2025,2,Ole Miss,1707.4,6
2025,2,Tennessee,1693.2,7
2025,2,South Carolina,1670.1,8
2025,2,Indiana,1662.5,9
2025,2,Miami,1660.6,10
2025,2,LSU,1660.3,11
2025,2,Illinois,1655.3,12
2025,2,Louisville,1652.5,13
2025,2,UNLV,1650.8,14
2025,2,Iowa State,1650.1,15
2025,2,Tulane,1643.3,16
2025,2,Missouri,1639.9,17
2025,2,Memphis,1639.4,18
2025,2,SMU,1638.3,19
2025,2,Texas A&M,1635.0,20
2025,2,Clemson,1632.0,21
2025,2,BYU,1627.8,22
2025,2,Washington,1625.6,23
2025,2,Alabama,1623.3,24
2025,2,USC,1619.9,25
2025,2,Oklahoma,1619.1,26
2025,2,Iowa,1607.4,27
2025,2,Arizona State,1602.9,28
2025,2,Utah,1601.2,29
2025,2,Texas State,1599.2,30
2025,2,California,1598.3,31
2025,2,Georgia Tech,1598.0,32
2025,2,Minnesota,1594.5,33
2025,2,Michigan,1594.0,34
2025,2,Navy,1593.1,35
2025,2,Ohio,1592.4,36
2025,2,Boise State,1591.6,37
2025,2,Rutgers,1587.8,38
2025,2,Army,1586.6,39
2025,2,Texas Tech,1578.9,40
2025,2,South Florida,1572.7,41
2025,2,Arkansas,1571.9,42
2025,2,Auburn,1569.4,43
2025,2,Washington State,1567.9,44
2025,2,Jacksonville State,1565.2,45
2025,2,Syracuse,1563.0,46
2025,2,Fresno State,1563.0,47
2025,2,Colorado,1560.1,48
2025,2,Kansas,1558.7,49
2025,2,Florida,1557.1,50
2025,2,James Madison,1556.8,51
2025,2,Nebraska,1556.7,52
2025,2,Vanderbilt,1555.7,53
2025,2,Liberty,1554.0,54
2025,2,NC State,1552.4,55
2025,2,Wisconsin,1551.8,56
2025,2,Baylor,1549.6,57
2025,2,Marshall,1549.3,58
2025,2,Kansas State,1544.5,59
2025,2,Louisiana,1540.2,60
2025,2,Pittsburgh,1539.0,61
2025,2,App State,1530.5,62
2025,2,Florida State,1529.9,63
2025,2,Duke,1527.0,64
2025,2,Toledo,1522.8,65
2025,2,Maryland,1516.4,66
2025,2,Boston College,1513.8,67
2025,2,Arizona,1507.7,68
2025,2,Houston,1506.9,69
2025,2,UCF,1506.2,70
2025,2,Cincinnati,1505.9,71
2025,2,Western Kentucky,1503.4,72
2025,2,Michigan State,1503.4,73
2025,2,South Alabama,1499.2,74
2025,2,West Virginia,1496.6,75
2025,2,North Carolina,1490.2,76
2025,2,North Texas,1487.1,77
2025,2,Virginia,1478.7,78
2025,2,UConn,1478.4,79
2025,2,Troy,1476.5,80
2025,2,Bowling Green,1473.5,81
2025,2,Old Dominion,1472.1,82
2025,2,Mississippi State,1465.7,83
2025,2,Buffalo,1465.2,84
2025,2,San José State,1465.0,85
2025,2,Kentucky,1463.6,86
2025,2,Colorado State,1461.9,87
2025,2,Miami (OH),1459.0,88
2025,2,Wyoming,1456.6,89
2025,2,Northern Illinois,1456.1,90
2025,2,East Carolina,1456.0,91
2025,2,Northwestern,1453.9,92
2025,2,UTSA,1446.7,93
2025,2,Georgia Southern,1444.3,94
2025,2,Virginia Tech,1439.5,95
2025,2,Wake Forest,1439.1,96
2025,2,Purdue,1431.3,97
2025,2,Oklahoma State,1429.8,98
2025,2,Coastal Carolina,1429.8,99
2025,2,Temple,1429.4,100
2025,2,Hawai'i,1422.0,101
2025,2,Utah State,1420.3,102
2025,2,Arkansas State,1417.9,103
2025,2,UCLA,1415.8,104
2025,2,New Mexico State,1403.5,105
2025,2,Florida International,1399.9,106
2025,2,New Mexico,1392.3,107
2025,2,Louisiana Tech,1391.6,108
2025,2,UL Monroe,1384.4,109
2025,2,Oregon State,1380.0,110
2025,2,Sam Houston,1377.5,111
2025,2,UAB,1371.9,112
2025,2,Rice,1368.3,113
2025,2,Western Michigan,1368.0,114
2025,2,Delaware,1367.6,115
2025,2,San Diego State,1367.5,116
2025,2,Central Michigan,1362.1,117
2025,2,Stanford,1349.1,118
2025,2,Florida Atlantic,1346.0,119
2025,2,Missouri State,1341.5,120
2025,2,UTEP,1333.0,121
2025,2,Nevada,1332.3,122
2025,2,Eastern Michigan,1331.2,123
2025,2,Georgia State,1331.1,124
2025,2,Akron,1304.2,125
2025,2,Ball State,1297.7,126
2025,2,Tulsa,1292.3,127
2025,2,Charlotte,1292.1,128
2025,2,Southern Miss,1272.1,129
2025,2,Kent State,1246.7,130
2025,2,Kennesaw State,1239.1,131
2025,2,Middle Tennessee,1226.5,132
2025,2,Massachusetts,1221.3,133
2025,3,Oregon,1803.8,1
2025,3,Ohio State,1782.9,2
2025,3,Georgia,1780.7,3
2025,3,Ole Miss,1722.8,4
2025,3,Texas,1720.7,5
2025,3,Penn State,1718.4,6
2025,3,Miami,1696.5,7
2025,3,Notre Dame,1690.7,8
2025,3,LSU,1682.4,9
2025,3,Memphis,1681.6,10
2025,3,Missouri,1675.0,11
2025,3,Iowa State,1673.7,12
2025,3,Indiana,1669.5,13
2025,3,Illinois,1668.6,14
2025,3,Tennessee,1668.1,15
2025,3,Oklahoma,1665.3,16
2025,3,SMU,1663.0,17
2025,3,Tulane,1661.3,18
2025,3,Alabama,1657.5,19
2025,3,USC,1655.5,20
2025,3,Texas A&M,1651.1,21
2025,3,Utah,1648.3,22
2025,3,Arizona State,1645.0,23
2025,3,TCU,1641.2,24
2025,3,California,1635.4,25
2025,3,Vanderbilt,1634.7,26
2025,3,Georgia Tech,1620.4,27
2025,3,Navy,1617.8,28
2025,3,Iowa,1615.1,29
2025,3,Michigan,1614.0,30
2025,3,Clemson,1609.6,31
2025,3,Auburn,1599.7,32
2025,3,Texas Tech,1598.9,33
2025,3,Rutgers,1592.8,34
2025,3,South Carolina,1591.1,35
2025,3,NC State,1590.5,36
2025,3,Ohio,1569.7,37
2025,3,Syracuse,1567.8,38
2025,3,Fresno State,1566.6,39
2025,3,Nebraska,1564.7,40
2025,3,North Texas,1561.3,41
2025,3,Marshall,1557.6,42
2025,3,Minnesota,1557.5,43
2025,3,Texas State,1557.1,44
2025,3,Arkansas,1556.5,45
2025,3,Houston,1555.9,46
2025,3,Baylor,1552.6,47
2025,3,Arizona,1539.5,48
2025,3,South Florida,1536.8,49
2025,3,Florida,1535.0,50
2025,3,West Virginia,1531.2,51
2025,3,Toledo,1530.2,52
2025,3,Old Dominion,1530.2,53
2025,3,Maryland,1529.5,54
2025,3,East Carolina,1528.0,55
2025,3,Jacksonville State,1520.7,56
2025,3,Bowling Green,1518.9,57
2025,3,Cincinnati,1518.1,58
2025,3,Wisconsin,1517.6,59
2025,3,Michigan State,1514.5,60
2025,3,Kansas State,1512.7,61
2025,3,Colorado,1511.1,62
2025,3,Duke,1509.0,63
2025,3,Liberty,1508.6,64
2025,3,Louisiana,1505.0,65
2025,3,Pittsburgh,1504.4,66
2025,3,North Carolina,1500.2,67
2025,3,Washington State,1493.7,68
2025,3,Kentucky,1489.7,69
2025,3,Virginia,1489.0,70
2025,3,Georgia Southern,1488.8,71
2025,3,Buffalo,1480.8,72
2025,3,Mississippi State,1474.5,73
2025,3,Utah State,1470.9,74
2025,3,South Alabama,1469.0,75
2025,3,New Mexico,1462.8,76
2025,3,UTSA,1458.3,77
2025,3,Boston College,1456.0,78
2025,3,UConn,1449.6,79
2025,3,App State,1446.3,80
2025,3,Louisiana Tech,1445.1,81
2025,3,Troy,1434.2,82
2025,3,Northwestern,1431.4,83
2025,3,Florida International,1427.3,84
2025,3,Hawai'i,1426.9,85
2025,3,Air Force,1416.2,86
2025,3,Wyoming,1409.5,87
2025,3,Stanford,1406.9,88
2025,3,Wake Forest,1401.1,89
2025,3,Delaware,1396.5,90
2025,3,Purdue,1395.7,91
2025,3,Arkansas State,1394.2,92
2025,3,UAB,1386.8,93
2025,3,Temple,1383.2,94
2025,3,Rice,1382.7,95
2025,3,Virginia Tech,1381.4,96
2025,3,Oregon State,1360.0,97
2025,3,Coastal Carolina,1357.8,98
2025,3,Southern Miss,1356.3,99
2025,3,Western Michigan,1354.8,100
2025,3,New Mexico State,1350.1,101
2025,3,UCLA,1345.4,102
2025,3,Central Michigan,1342.1,103
2025,3,Georgia State,1341.2,104
2025,3,UTEP,1326.9,105
2025,3,Florida Atlantic,1318.5,106
2025,3,Ball State,1317.1,107
2025,3,Missouri State,1316.8,108
2025,3,Charlotte,1315.9,109
2025,3,Nevada,1315.4,110
2025,3,Eastern Michigan,1305.0,111
2025,3,Akron,1289.3,112
2025,3,Kennesaw State,1271.6,113
2025,3,Tulsa,1267.6,114
2025,3,Middle Tennessee,1243.4,115
2025,3,Kent State,1231.0,116
2025,3,Massachusetts,1213.6,117
2025,4,Oregon,1808.0,1
2025,4,Ole Miss,1754.6,2
2025,4,Texas,1729.2,3
2025,4,Indiana,1714.8,4
2025,4,Miami,1713.2,5
2025,4,Notre Dame,1702.1,6
2025,4,Missouri,1693.6,7
2025,4,LSU,1686.7,8
2025,4,Memphis,1686.2,9
2025,4,Oklahoma,1683.4,10
2025,4,TCU,1679.6,11
2025,4,Washington,1679.5,12
2025,4,BYU,1678.7,13
2025,4,Tennessee,1678.5,14
2025,4,Louisville,1677.9,15
2025,4,USC,1672.2,16
2025,4,UNLV,1668.0,17
2025,4,Arizona State,1663.6,18
2025,4,Texas Tech,1657.0,19
2025,4,Iowa,1653.1,20
2025,4,Vanderbilt,1645.6,21
2025,4,Michigan,1634.7,22
2025,4,Georgia Tech,1632.1,23
2025,4,Tulane,1629.6,24
2025,4,Boise State,1625.3,25
2025,4,SMU,1624.5,26
2025,4,Illinois,1623.3,27
2025,4,Syracuse,1614.9,28
2025,4,James Madison,1611.9,29
2025,4,North Texas,1606.4,30
2025,4,Kansas,1594.2,31
2025,4,Utah,1590.3,32
2025,4,Auburn,1581.5,33
2025,4,Fresno State,1579.5,34
2025,4,Maryland,1576.3,35
2025,4,Ohio,1575.4,36
2025,4,Marshall,1574.5,37
2025,4,South Carolina,1572.6,38
2025,4,Clemson,1562.5,39
2025,4,Texas State,1561.4,40
2025,4,Rutgers,1554.8,41
2025,4,Arkansas,1551.9,42
2025,4,UCF,1551.5,43
2025,4,NC State,1551.5,44
2025,4,Duke,1548.0,45
2025,4,South Florida,1545.0,46
2025,4,Nebraska,1544.0,47
2025,4,Florida State,1543.6,48
2025,4,Army,1541.5,49
2025,4,Baylor,1534.0,50
2025,4,Colorado,1532.5,51
2025,4,California,1527.8,52
2025,4,Jacksonville State,1524.0,53
2025,4,Mississippi State,1519.2,54
2025,4,Florida,1518.3,55
2025,4,Western Kentucky,1516.9,56
2025,4,Toledo,1516.4,57
2025,4,Virginia,1516.3,58
2025,4,Michigan State,1497.8,59
2025,4,West Virginia,1495.8,60
2025,4,Georgia Southern,1494.4,61
2025,4,Bowling Green,1493.5,62
2025,4,Utah State,1481.5,63
2025,4,East Carolina,1477.1,64
2025,4,Louisiana,1475.9,65
2025,4,San Diego State,1475.0,66
2025,4,UTSA,1472.8,67
2025,4,San José State,1470.9,68
2025,4,Wisconsin,1470.8,69
2025,4,Louisiana Tech,1463.9,70
2025,4,Troy,1463.2,71
2025,4,UConn,1462.1,72
2025,4,North Carolina,1454.8,73
2025,4,Liberty,1453.4,74
2025,4,Buffalo,1451.9,75
2025,4,Delaware,1451.4,76
2025,4,Colorado State,1447.4,77
2025,4,Miami (OH),1441.7,78
2025,4,Washington State,1439.9,79
2025,4,UL Monroe,1420.0,80
2025,4,Rice,1418.3,81
2025,4,Coastal Carolina,1415.4,82
2025,4,Hawai'i,1414.0,83
2025,4,Northern Illinois,1411.5,84
2025,4,South Alabama,1411.3,85
2025,4,Virginia Tech,1391.6,86
2025,4,Wyoming,1388.0,87
2025,4,Purdue,1384.3,88
2025,4,Air Force,1382.6,89
2025,4,Stanford,1379.7,90
2025,4,Oklahoma State,1376.4,91
2025,4,UAB,1376.4,92
2025,4,Florida International,1372.4,93
2025,4,Temple,1371.5,94
2025,4,Sam Houston,1369.0,95
2025,4,Western Michigan,1368.5,96
2025,4,Arkansas State,1358.4,97
2025,4,Oregon State,1355.8,98
2025,4,Central Michigan,1353.7,99
2025,4,Southern Miss,1337.4,100
2025,4,Eastern Michigan,1334.2,101
2025,4,Georgia State,1330.3,102
2025,4,Missouri State,1328.6,103
2025,4,Tulsa,1321.0,104
2025,4,Akron,1311.0,105
2025,4,Kennesaw State,1307.4,106
2025,4,Ball State,1304.6,107
2025,4,Nevada,1301.9,108
2025,4,UTEP,1291.2,109
2025,4,Charlotte,1280.3,110
2025,4,Middle Tennessee,1226.4,111
2025,4,Kent State,1217.3,112
2025,5,Oregon,1834.4,1
2025,5,Ohio State,1821.3,2
2025,5,Ole Miss,1770.0,3
2025,5,Georgia,1753.2,4
2025,5,Notre Dame,1745.1,5
2025,5,Indiana,1740.8,6
2025,5,Memphis,1703.1,7
2025,5,Tennessee,1701.5,8
2025,5,Louisville,1699.9,9
2025,5,Missouri,1697.0,10
2025,5,BYU,1694.7,11
2025,5,Iowa State,1694.5,12
2025,5,Penn State,1692.1,13
2025,5,Alabama,1684.9,14
2025,5,Arizona State,1680.4,15
2025,5,LSU,1671.3,16
2025,5,Texas A&M,1667.8,17
2025,5,TCU,1662.8,18
2025,5,Vanderbilt,1662.4,19
2025,5,USC,1657.2,20
2025,5,Tulane,1648.0,21
2025,5,Boise State,1643.3,22
2025,5,Washington,1641.1,23
2025,5,Illinois,1638.2,24
2025,5,Georgia Tech,1638.1,25
2025,5,Utah,1637.8,26
2025,5,James Madison,1634.4,27
2025,5,Navy,1627.9,28
2025,5,Iowa,1627.1,29
2025,5,North Texas,1619.1,30
2025,5,Duke,1614.3,31
2025,5,Ohio,1597.9,32
2025,5,South Carolina,1597.9,33
2025,5,Minnesota,1573.1,34
2025,5,Houston,1569.3,35
2025,5,Kansas,1568.2,36
2025,5,Baylor,1566.7,37
2025,5,Auburn,1564.9,38
2025,5,Old Dominion,1552.6,39
2025,5,Marshall,1552.3,40
2025,5,California,1550.6,41
2025,5,Syracuse,1548.6,42
2025,5,Kansas State,1548.4,43
2025,5,Cincinnati,1544.1,44
2025,5,Virginia,1544.0,45
2025,5,Rutgers,1539.2,46
2025,5,Western Kentucky,1534.9,47
2025,5,Toledo,1533.2,48
2025,5,NC State,1529.0,49
2025,5,East Carolina,1522.2,50
2025,5,Arizona,1518.8,51
2025,5,Colorado,1516.6,52
2025,5,Florida State,1515.9,53
2025,5,UCF,1515.9,54
2025,5,Arkansas,1508.8,55
2025,5,Louisiana,1498.1,56
2025,5,Army,1496.5,57
2025,5,Mississippi State,1496.2,58
2025,5,Louisiana Tech,1495.6,59
2025,5,San Diego State,1495.1,60
2025,5,Washington State,1488.4,61
2025,5,UConn,1484.6,62
2025,5,New Mexico,1483.5,63
2025,5,Pittsburgh,1482.4,64
2025,5,Georgia Southern,1472.0,65
2025,5,Bowling Green,1471.0,66
2025,5,Jacksonville State,1465.1,67
2025,5,Utah State,1464.7,68
2025,5,Kentucky,1464.4,69
2025,5,San José State,1460.0,70
2025,5,Miami (OH),1452.7,71
2025,5,Hawai'i,1449.8,72
2025,5,West Virginia,1448.3,73
2025,5,UL Monroe,1442.8,74
2025,5,Northwestern,1442.4,75
2025,5,Boston College,1433.2,76
2025,5,Liberty,1431.0,77
2025,5,Buffalo,1429.4,78
2025,5,App State,1428.3,79
2025,5,Virginia Tech,1414.1,80
2025,5,Rice,1408.2,81
2025,5,Colorado State,1398.8,82
2025,5,South Alabama,1398.6,83
2025,5,Southern Miss,1396.3,84
2025,5,Western Michigan,1395.9,85
2025,5,Wake Forest,1395.1,86
2025,5,Northern Illinois,1391.4,87
2025,5,Stanford,1390.5,88
2025,5,Central Michigan,1379.9,89
2025,5,Air Force,1346.8,90
2025,5,Oklahoma State,1343.7,91
2025,5,Oregon State,1342.4,92
2025,5,Arkansas State,1335.7,93
2025,5,UCLA,1334.4,94
2025,5,New Mexico State,1329.4,95
2025,5,Kennesaw State,1325.3,96
2025,5,Missouri State,1310.5,97
2025,5,Eastern Michigan,1307.9,98
2025,5,Tulsa,1302.5,99
2025,5,Florida Atlantic,1301.6,100
2025,5,Akron,1294.2,101
2025,5,UTEP,1259.5,102
2025,5,Massachusetts,1210.1,103
2025,5,Middle Tennessee,1208.6,104
2025,6,Ohio State,1834.5,1
2025,6,Notre Dame,1768.0,2
2025,6,Georgia,1762.1,3
2025,6,Miami,1732.2,4
2025,6,Alabama,1714.5,5
2025,6,Memphis,1707.8,6
2025,6,BYU,1704.4,7
2025,6,Texas Tech,1700.7,8
2025,6,UNLV,1687.5,9
2025,6,Oklahoma,1687.3,10
2025,6,Texas A&M,1684.4,11
2025,6,Texas,1681.9,12
2025,6,TCU,1679.1,13
2025,6,Louisville,1671.5,14
2025,6,Washington,1664.3,15
2025,6,Illinois,1660.7,16
2025,6,Iowa State,1653.6,17
2025,6,Duke,1653.0,18
2025,6,Michigan,1649.6,19
2025,6,James Madison,1647.9,20
2025,6,SMU,1646.5,21
2025,6,Penn State,1641.9,22
2025,6,Vanderbilt,1632.8,23
2025,6,Navy,1632.0,24
2025,6,Boise State,1620.4,25
2025,6,Clemson,1605.9,26
2025,6,Kansas,1599.1,27
2025,6,Cincinnati,1584.9,28
2025,6,Fresno State,1583.7,29
2025,6,Old Dominion,1575.9,30
2025,6,Baylor,1572.9,31
2025,6,Virginia,1572.4,32
2025,6,Nebraska,1567.5,33
2025,6,Florida,1565.6,34
2025,6,Minnesota,1559.9,35
2025,6,South Florida,1556.0,36
2025,6,Western Kentucky,1554.0,37
2025,6,Maryland,1553.1,38
2025,6,Ohio,1548.6,39
2025,6,Texas State,1546.0,40
2025,6,Kansas State,1542.2,41
2025,6,Arizona,1536.3,42
2025,6,Army,1533.1,43
2025,6,NC State,1532.2,44
2025,6,Syracuse,1526.6,45
2025,6,Houston,1525.5,46
2025,6,San Diego State,1518.5,47
2025,6,Pittsburgh,1517.4,48
2025,6,California,1511.9,49
2025,6,UConn,1511.0,50
2025,6,Colorado,1500.3,51
2025,6,Florida State,1496.9,52
2025,6,Miami (OH),1488.8,53
2025,6,San José State,1485.9,54
2025,6,UCF,1485.0,55
2025,6,Northwestern,1483.3,56
2025,6,Troy,1481.3,57
2025,6,Mississippi State,1479.6,58
2025,6,Michigan State,1474.3,59
2025,6,New Mexico,1457.6,60
2025,6,Wisconsin,1455.9,61
2025,6,Kentucky,1455.6,62
2025,6,UTSA,1441.3,63
2025,6,App State,1441.1,64
2025,6,West Virginia,1438.5,65
2025,6,Buffalo,1433.3,66
2025,6,Delaware,1432.3,67
2025,6,Wake Forest,1430.8,68
2025,6,Western Michigan,1425.8,69
2025,6,North Carolina,1411.4,70
2025,6,Temple,1403.0,71
2025,6,UL Monroe,1401.9,72
2025,6,Boston College,1398.3,73
2025,6,Coastal Carolina,1392.1,74
2025,6,UCLA,1384.6,75
2025,6,South Alabama,1380.4,76
2025,6,Virginia Tech,1378.4,77
2025,6,Colorado State,1375.3,78
2025,6,New Mexico State,1373.3,79
2025,6,Rice,1370.3,80
2025,6,Wyoming,1368.6,81
2025,6,Purdue,1361.8,82
2025,6,Northern Illinois,1355.3,83
2025,6,Central Michigan,1354.9,84
2025,6,Ball State,1353.9,85
2025,6,Arkansas State,1351.1,86
2025,6,Florida International,1346.0,87
2025,6,Air Force,1342.6,88
2025,6,UAB,1339.7,89
2025,6,Florida Atlantic,1339.5,90
2025,6,Oregon State,1329.6,91
2025,6,Oklahoma State,1326.1,92
2025,6,Sam Houston,1325.0,93
2025,6,Akron,1319.2,94
2025,6,Georgia State,1316.8,95
2025,6,Eastern Michigan,1304.0,96
2025,6,Tulsa,1297.8,97
2025,6,Nevada,1297.7,98
2025,6,Charlotte,1269.3,99
2025,6,Kent State,1213.4,100
2025,6,Massachusetts,1180.3,101
2025,7,Ohio State,1860.4,1
2025,7,Oregon,1796.1,2
2025,7,Georgia,1781.6,3
2025,7,Indiana,1779.1,4
2025,7,Notre Dame,1778.8,5
2025,7,Ole Miss,1773.5,6
2025,7,Alabama,1733.0,7
2025,7,BYU,1721.9,8
2025,7,Texas Tech,1720.9,9
2025,7,Texas,1717.2,10
2025,7,Tennessee,1707.0,11
2025,7,Texas A&M,1700.9,12
2025,7,UNLV,1689.9,13
2025,7,LSU,1688.1,14
2025,7,USC,1684.4,15
2025,7,Washington,1680.9,16
2025,7,Missouri,1678.5,17
2025,7,Utah,1676.6,18
2025,7,James Madison,1659.7,19
2025,7,Tulane,1659.5,20
2025,7,Iowa,1659.4,21
2025,7,SMU,1655.7,22
2025,7,Oklahoma,1652.0,23
2025,7,Georgia Tech,1645.9,24
2025,7,Arizona State,1641.5,25
2025,7,TCU,1639.7,26
2025,7,Navy,1637.1,27
2025,7,Illinois,1634.8,28
2025,7,Boise State,1633.5,29
2025,7,Clemson,1633.1,30
2025,7,Penn State,1630.0,31
2025,7,Michigan,1622.5,32
2025,7,Iowa State,1621.2,33
2025,7,South Florida,1607.1,34
2025,7,Cincinnati,1599.3,35
2025,7,Nebraska,1586.1,36
2025,7,Marshall,1585.7,37
2025,7,Kansas State,1581.7,38
2025,7,South Carolina,1581.1,39
2025,7,Kansas,1578.9,40
2025,7,North Texas,1568.0,41
2025,7,Minnesota,1568.0,42
2025,7,Houston,1550.8,43
2025,7,Florida,1549.1,44
2025,7,Auburn,1545.4,45
2025,7,San Diego State,1545.1,46
2025,7,Old Dominion,1542.5,47
2025,7,Army,1541.0,48
2025,7,Pittsburgh,1535.7,49
2025,7,Maryland,1534.5,50
2025,7,Colorado,1532.8,51
2025,7,Fresno State,1523.6,52
2025,7,Rutgers,1522.6,53
2025,7,NC State,1521.4,54
2025,7,Arizona,1518.9,55
2025,7,Texas State,1514.0,56
2025,7,Troy,1513.3,57
2025,7,Miami (OH),1512.4,58
2025,7,Toledo,1511.9,59
2025,7,East Carolina,1510.7,60
2025,7,Arkansas,1503.3,61
2025,7,Northwestern,1495.2,62
2025,7,Bowling Green,1492.3,63
2025,7,Louisiana,1486.3,64
2025,7,Washington State,1485.0,65
2025,7,Hawai'i,1479.4,66
2025,7,Florida State,1478.5,67
2025,7,Jacksonville State,1473.8,68
2025,7,App State,1472.8,69
2025,7,UCF,1470.7,70
2025,7,UTSA,1468.9,71
2025,7,Wake Forest,1466.4,72
2025,7,San José State,1456.5,73
2025,7,Liberty,1453.0,74
2025,7,Western Michigan,1452.3,75
2025,7,Georgia Southern,1450.3,76
2025,7,New Mexico,1444.5,77
2025,7,Louisiana Tech,1440.7,78
2025,7,UCLA,1436.4,79
2025,7,Colorado State,1435.4,80
2025,7,Utah State,1435.1,81
2025,7,Wisconsin,1423.6,82
2025,7,Michigan State,1422.5,83
2025,7,Coastal Carolina,1419.4,84
2025,7,Southern Miss,1417.9,85
2025,7,Temple,1398.0,86
2025,7,Wyoming,1398.0,87
2025,7,Stanford,1381.3,88
2025,7,Kennesaw State,1380.2,89
2025,7,UL Monroe,1374.5,90
2025,7,Boston College,1371.1,91
2025,7,Virginia Tech,1370.7,92
2025,7,Florida Atlantic,1368.4,93
2025,7,Purdue,1353.8,94
2025,7,Rice,1342.7,95
2025,7,Air Force,1340.2,96
2025,7,Northern Illinois,1333.0,97
2025,7,Ball State,1327.3,98
2025,7,Eastern Michigan,1326.3,99
2025,7,Missouri State,1322.5,100
2025,7,Sam Houston,1316.3,101
2025,7,UAB,1310.8,102
2025,7,Oklahoma State,1300.8,103
2025,7,Akron,1295.7,104
2025,7,Oregon State,1294.0,105
2025,7,Georgia State,1285.1,106
2025,7,Nevada,1271.1,107
2025,7,Charlotte,1261.4,108
2025,7,Kent State,1243.4,109
2025,7,UTEP,1237.4,110
2025,7,Middle Tennessee,1196.6,111
2025,7,Massachusetts,1150.2,112
2025,8,Ohio State,1871.2,1
2025,8,Oregon,1819.7,2
2025,8,Georgia,1801.8,3
2025,8,Notre Dame,1794.2,4
2025,8,Indiana,1784.5,5
2025,8,Alabama,1757.8,6
2025,8,Ole Miss,1753.2,7
2025,8,BYU,1732.8,8
2025,8,Texas,1726.1,9
2025,8,Texas A&M,1712.2,10
2025,8,Miami,1711.0,11
2025,8,Texas Tech,1700.6,12
2025,8,Missouri,1698.0,13
2025,8,Louisville,1692.7,14
2025,8,SMU,1688.5,15
2025,8,Oklahoma,1687.5,16
2025,8,Tennessee,1682.2,17
2025,8,James Madison,1680.5,18
2025,8,Georgia Tech,1678.1,19
2025,8,Tulane,1671.4,20
2025,8,Boise State,1671.4,21
2025,8,USC,1669.1,22
2025,8,Utah,1665.6,23
2025,8,Iowa,1665.2,24
2025,8,LSU,1664.0,25
2025,8,Arizona State,1661.8,26
2025,8,Vanderbilt,1657.0,27
2025,8,Memphis,1656.6,28
2025,8,Michigan,1656.4,29
2025,8,TCU,1653.7,30
2025,8,UNLV,1651.9,31
2025,8,Washington,1646.9,32
2025,8,Penn State,1624.2,33
2025,8,Duke,1620.8,34
2025,8,Cincinnati,1618.7,35
2025,8,South Florida,1618.3,36
2025,8,Clemson,1600.3,37
2025,8,Minnesota,1597.9,38
2025,8,Marshall,1595.5,39
2025,8,North Texas,1590.9,40
2025,8,Virginia,1579.6,41
2025,8,Pittsburgh,1575.0,42
2025,8,Houston,1562.4,43
2025,8,Ohio,1560.4,44
2025,8,Baylor,1558.8,45
2025,8,Florida,1557.0,46
2025,8,Nebraska,1556.2,47
2025,8,South Carolina,1545.7,48
2025,8,Troy,1544.5,49
2025,8,UConn,1538.1,50
2025,8,Army,1529.1,51
2025,8,Auburn,1525.9,52
2025,8,Miami (OH),1523.5,53
2025,8,Old Dominion,1521.7,54
2025,8,Toledo,1521.5,55
2025,8,California,1520.5,56
2025,8,East Carolina,1520.4,57
2025,8,Maryland,1516.0,58
2025,8,Hawai'i,1511.8,59
2025,8,Northwestern,1510.5,60
2025,8,Arizona,1507.3,61
2025,8,Texas State,1504.2,62
2025,8,Western Kentucky,1501.0,63
2025,8,UCF,1499.9,64
2025,8,Rutgers,1498.9,65
2025,8,Jacksonville State,1495.0,66
2025,8,Arkansas,1492.1,67
2025,8,Syracuse,1487.4,68
2025,8,Washington State,1477.8,69
2025,8,Mississippi State,1471.7,70
2025,8,Georgia Southern,1463.5,71
2025,8,Liberty,1462.4,72
2025,8,Southern Miss,1457.6,73
2025,8,UCLA,1454.9,74
2025,8,Utah State,1453.6,75
2025,8,Coastal Carolina,1452.7,76
2025,8,Florida State,1450.9,77
2025,8,New Mexico,1449.4,78
2025,8,Louisiana,1446.7,79
2025,8,Kentucky,1446.6,80
2025,8,UTSA,1446.0,81
2025,8,Buffalo,1445.6,82
2025,8,Bowling Green,1440.5,83
2025,8,App State,1439.6,84
2025,8,San José State,1438.1,85
2025,8,Temple,1433.4,86
2025,8,Michigan State,1417.1,87
2025,8,Wisconsin,1412.8,88
2025,8,Delaware,1411.1,89
2025,8,West Virginia,1409.3,90
2025,8,Stanford,1409.0,91
2025,8,Central Michigan,1406.7,92
2025,8,Colorado State,1403.1,93
2025,8,North Carolina,1402.8,94
2025,8,Florida International,1399.0,95
2025,8,Wyoming,1381.7,96
2025,8,South Alabama,1370.3,97
2025,8,New Mexico State,1363.9,98
2025,8,UAB,1362.0,99
2025,8,Arkansas State,1361.2,100
2025,8,Florida Atlantic,1357.2,101
2025,8,Air Force,1356.4,102
2025,8,Ball State,1350.0,103
2025,8,Boston College,1344.0,104
2025,8,UL Monroe,1343.3,105
2025,8,Purdue,1338.4,106
2025,8,Oregon State,1322.3,107
2025,8,Northern Illinois,1321.3,108
2025,8,Eastern Michigan,1315.2,109
2025,8,Tulsa,1288.1,110
2025,8,Oklahoma State,1281.4,111
2025,8,UTEP,1279.2,112
2025,8,Sam Houston,1274.6,113
2025,8,Akron,1273.0,114
2025,8,Georgia State,1271.9,115
2025,8,Nevada,1266.3,116
2025,8,Kent State,1233.9,117
2025,8,Charlotte,1226.0,118
2025,8,Massachusetts,1137.9,119
2025,9,Oregon,1823.0,1
2025,9,Indiana,1791.9,2
2025,9,Ole Miss,1779.6,3
2025,9,Alabama,1773.8,4
2025,9,BYU,1761.6,5
2025,9,Texas A&M,1752.4,6
2025,9,Texas,1739.8,7
2025,9,Miami,1718.9,8
2025,9,Texas Tech,1704.9,9
2025,9,Tennessee,1704.5,10
2025,9,Louisville,1697.4,11
2025,9,Iowa,1691.6,12
2025,9,Georgia Tech,1691.2,13
2025,9,Utah,1686.2,14
2025,9,Boise State,1682.3,15
2025,9,Vanderbilt,1680.0,16
2025,9,SMU,1675.7,17
2025,9,Missouri,1675.0,18
2025,9,Michigan,1673.8,19
2025,9,Washington,1673.1,20
2025,9,Memphis,1667.9,21
2025,9,TCU,1667.1,22
2025,9,Oklahoma,1661.1,23
2025,9,Navy,1643.1,24
2025,9,Cincinnati,1641.7,25
2025,9,Kansas State,1626.4,26
2025,9,Arizona State,1626.4,27
2025,9,LSU,1623.8,28
2025,9,Illinois,1608.6,29
2025,9,South Florida,1607.0,30
2025,9,North Texas,1605.8,31
2025,9,Pittsburgh,1597.9,32
2025,9,Houston,1597.8,33
2025,9,Iowa State,1592.4,34
2025,9,San Diego State,1587.2,35
2025,9,Virginia,1585.7,36
2025,9,Ohio,1574.6,37
2025,9,Nebraska,1572.6,38
2025,9,Minnesota,1571.5,39
2025,9,Troy,1560.7,40
2025,9,Auburn,1555.6,41
2025,9,Miami (OH),1539.8,42
2025,9,Baylor,1535.8,43
2025,9,Kansas,1534.2,44
2025,9,Old Dominion,1531.1,45
2025,9,South Carolina,1529.6,46
2025,9,UConn,1514.1,47
2025,9,Washington State,1512.3,48
2025,9,Colorado,1512.2,49
2025,9,Rutgers,1511.7,50
2025,9,Western Kentucky,1509.4,51
2025,9,NC State,1498.5,52
2025,9,Northwestern,1494.1,53
2025,9,Toledo,1487.0,54
2025,9,California,1486.5,55
2025,9,Fresno State,1481.5,56
2025,9,Wake Forest,1479.1,57
2025,9,New Mexico,1478.3,58
2025,9,Southern Miss,1477.2,59
2025,9,Syracuse,1474.3,60
2025,9,Arkansas,1462.4,61
2025,9,Mississippi State,1458.0,62
2025,9,UCLA,1447.4,63
2025,9,Temple,1440.1,64
2025,9,Western Michigan,1436.0,65
2025,9,Louisiana Tech,1432.3,66
2025,9,Georgia Southern,1431.1,67
2025,9,Louisiana,1430.5,68
2025,9,App State,1430.2,69
2025,9,Utah State,1424.7,70
2025,9,Kentucky,1424.4,71
2025,9,Kennesaw State,1423.1,72
2025,9,Wyoming,1416.4,73
2025,9,Delaware,1416.0,74
2025,9,Bowling Green,1415.9,75
2025,9,Central Michigan,1415.4,76
2025,9,Wisconsin,1409.5,77
2025,9,Buffalo,1407.7,78
2025,9,Virginia Tech,1404.7,79
2025,9,Stanford,1401.1,80
2025,9,Michigan State,1399.8,81
2025,9,North Carolina,1396.7,82
2025,9,West Virginia,1396.0,83
2025,9,Arkansas State,1393.6,84
2025,9,South Alabama,1393.2,85
2025,9,Colorado State,1368.4,86
2025,9,Rice,1366.7,87
2025,9,Florida International,1356.2,88
2025,9,Missouri State,1353.4,89
2025,9,Florida Atlantic,1351.2,90
2025,9,Northern Illinois,1349.9,91
2025,9,Boston College,1339.3,92
2025,9,New Mexico State,1333.0,93
2025,9,Purdue,1325.7,94
2025,9,UL Monroe,1323.7,95
2025,9,Ball State,1321.4,96
2025,9,Akron,1310.9,97
2025,9,Eastern Michigan,1301.0,98
2025,9,Tulsa,1281.5,99
2025,9,Oklahoma State,1277.1,100
2025,9,Kent State,1258.5,101
2025,9,Nevada,1255.4,102
2025,9,Georgia State,1249.0,103
2025,9,Charlotte,1211.1,104
2025,9,Middle Tennessee,1191.6,105
2025,9,Massachusetts,1129.2,106
2025,10,Ohio State,1880.8,1
2025,10,Indiana,1815.2,2
2025,10,Georgia,1810.3,3
2025,10,Notre Dame,1801.9,4
2025,10,Ole Miss,1787.9,5
2025,10,Texas,1750.2,6
2025,10,Texas Tech,1741.8,7
2025,10,Utah,1713.7,8
2025,10,Louisville,1711.9,9
2025,10,James Madison,1711.0,10
2025,10,SMU,1697.4,11
2025,10,Miami,1697.3,12
2025,10,Oklahoma,1690.1,13
2025,10,USC,1686.9,14
2025,10,Memphis,1685.6,15
2025,10,Michigan,1676.8,16
2025,10,Tennessee,1675.5,17
2025,10,Vanderbilt,1669.6,18
2025,10,Arizona State,1649.5,19
2025,10,Georgia Tech,1647.0,20
2025,10,North Texas,1635.4,21
2025,10,Duke,1630.0,22
2025,10,Illinois,1628.4,23
2025,10,Boise State,1626.4,24
2025,10,UNLV,1620.9,25
2025,10,Pittsburgh,1620.4,26
2025,10,Penn State,1614.5,27
2025,10,Cincinnati,1614.2,28
2025,10,Navy,1613.5,29
2025,10,Tulane,1613.3,30
2025,10,Virginia,1612.0,31
2025,10,San Diego State,1600.0,32
2025,10,Clemson,1591.1,33
2025,10,Kansas State,1589.5,34
2025,10,Minnesota,1577.7,35
2025,10,Iowa State,1569.3,36
2025,10,Baylor,1563.2,37
2025,10,East Carolina,1560.4,38
2025,10,Arizona,1557.2,39
2025,10,Old Dominion,1556.7,40
2025,10,Houston,1555.5,41
2025,10,Nebraska,1554.8,42
2025,10,Marshall,1551.6,43
2025,10,Florida,1548.4,44
2025,10,NC State,1542.7,45
2025,10,Kansas,1542.4,46
2025,10,Army,1541.4,47
2025,10,Fresno State,1537.5,48
2025,10,UConn,1528.7,49
2025,10,Western Kentucky,1522.4,50
2025,10,South Carolina,1521.3,51
2025,10,Auburn,1521.0,52
2025,10,Troy,1515.3,53
2025,10,New Mexico,1509.2,54
2025,10,UTSA,1504.1,55
2025,10,Jacksonville State,1502.6,56
2025,10,Coastal Carolina,1496.5,57
2025,10,Maryland,1492.7,58
2025,10,Rutgers,1491.9,59
2025,10,Liberty,1489.2,60
2025,10,Florida State,1488.7,61
2025,10,Washington State,1488.5,62
2025,10,Hawai'i,1486.1,63
2025,10,Mississippi State,1477.3,64
2025,10,Texas State,1473.7,65
2025,10,UCF,1472.5,66
2025,10,San José State,1463.7,67
2025,10,Colorado,1462.2,68
2025,10,California,1460.1,69
2025,10,Louisiana,1460.0,70
2025,10,Kentucky,1459.0,71
2025,10,Buffalo,1453.4,72
2025,10,Louisiana Tech,1450.0,73
2025,10,Western Michigan,1448.2,74
2025,10,Arkansas,1443.1,75
2025,10,North Carolina,1442.0,76
2025,10,Wake Forest,1441.3,77
2025,10,Arkansas State,1439.0,78
2025,10,West Virginia,1438.2,79
2025,10,Kennesaw State,1436.4,80
2025,10,Syracuse,1429.1,81
2025,10,Wyoming,1403.6,82
2025,10,Central Michigan,1403.2,83
2025,10,Temple,1400.0,84
2025,10,Michigan State,1393.6,85
2025,10,Virginia Tech,1390.1,86
2025,10,Delaware,1389.2,87
2025,10,Stanford,1378.5,88
2025,10,Missouri State,1373.4,89
2025,10,Bowling Green,1370.2,90
2025,10,South Alabama,1363.8,91
2025,10,Rice,1349.0,92
2025,10,UAB,1347.4,93
2025,10,Oregon State,1346.0,94
2025,10,Air Force,1344.2,95
2025,10,Florida International,1336.2,96
2025,10,Boston College,1331.6,97
2025,10,Purdue,1322.6,98
2025,10,New Mexico State,1320.1,99
2025,10,UL Monroe,1298.1,100
2025,10,Oklahoma State,1268.9,101
2025,10,UTEP,1265.8,102
2025,10,Sam Houston,1256.9,103
2025,10,Middle Tennessee,1184.1,104
2025,11,Ohio State,1886.3,1
2025,11,Oregon,1834.0,2
2025,11,Indiana,1826.3,3
2025,11,Georgia,1825.0,4
2025,11,Notre Dame,1816.9,5
2025,11,Ole Miss,1788.8,6
2025,11,Texas A&M,1788.3,7
2025,11,Alabama,1786.0,8
2025,11,Texas Tech,1773.9,9
2025,11,James Madison,1734.6,10
2025,11,BYU,1729.5,11
2025,11,SMU,1712.0,12
2025,11,Miami,1706.3,13
2025,11,USC,1699.2,14
2025,11,Louisville,1686.9,15
2025,11,Iowa,1680.6,16
2025,11,Vanderbilt,1679.9,17
2025,11,Memphis,1655.3,18
2025,11,Washington,1645.4,19
2025,11,TCU,1644.8,20
2025,11,UNLV,1644.2,21
2025,11,Tulane,1643.6,22
2025,11,Missouri,1639.0,23
2025,11,South Florida,1628.5,24
2025,11,LSU,1611.6,25
2025,11,Duke,1611.3,26
2025,11,Clemson,1607.8,27
2025,11,Penn State,1603.4,28
2025,11,Navy,1598.6,29
2025,11,Iowa State,1591.6,30
2025,11,Ohio,1587.9,31
2025,11,Nebraska,1577.1,32
2025,11,Virginia,1576.2,33
2025,11,Arizona,1571.7,34
2025,11,Houston,1571.4,35
2025,11,East Carolina,1566.0,36
2025,11,San Diego State,1551.1,37
2025,11,UConn,1547.4,38
2025,11,Army,1544.9,39
2025,11,Hawai'i,1535.0,40
2025,11,Marshall,1528.0,41
2025,11,Kansas,1527.9,42
2025,11,Miami (OH),1526.5,43
2025,11,Rutgers,1518.3,44
2025,11,Jacksonville State,1512.3,45
2025,11,Auburn,1510.7,46
2025,11,Toledo,1506.3,47
2025,11,Coastal Carolina,1504.4,48
2025,11,Kentucky,1504.0,49
2025,11,Florida,1503.4,50
2025,11,Southern Miss,1502.0,51
2025,11,California,1485.2,52
2025,11,UTSA,1482.6,53
2025,11,Northwestern,1481.8,54
2025,11,Wake Forest,1477.1,55
2025,11,Louisiana,1473.9,56
2025,11,Florida State,1472.0,57
2025,11,Maryland,1466.3,58
2025,11,Liberty,1462.9,59
2025,11,Mississippi State,1462.6,60
2025,11,West Virginia,1459.8,61
2025,11,Texas State,1459.8,62
2025,11,UCF,1456.6,63
2025,11,North Carolina,1455.1,64
2025,11,Kennesaw State,1451.0,65
2025,11,Georgia Southern,1446.3,66
2025,11,Louisiana Tech,1441.8,67
2025,11,Utah State,1440.9,68
2025,11,Colorado,1440.6,69
2025,11,Wisconsin,1437.2,70
2025,11,UCLA,1425.0,71
2025,11,San José State,1424.3,72
2025,11,Syracuse,1420.1,73
2025,11,App State,1415.1,74
2025,11,Arkansas State,1414.1,75
2025,11,Missouri State,1399.7,76
2025,11,Delaware,1397.4,77
2025,11,Temple,1396.5,78
2025,11,Air Force,1383.7,79
2025,11,Florida Atlantic,1372.6,80
2025,11,Rice,1368.7,81
2025,11,Florida International,1367.3,82
2025,11,Stanford,1365.4,83
2025,11,Bowling Green,1346.5,84
2025,11,Colorado State,1345.2,85
2025,11,Ball State,1333.2,86
2025,11,Northern Illinois,1330.6,87
2025,11,UAB,1327.8,88
2025,11,Akron,1325.9,89
2025,11,Eastern Michigan,1324.6,90
2025,11,Oregon State,1320.5,91
2025,11,Purdue,1317.1,92
2025,11,Boston College,1317.0,93
2025,11,New Mexico State,1305.5,94
2025,11,Sam Houston,1282.5,95
2025,11,Tulsa,1260.1,96
2025,11,UTEP,1256.0,97
2025,11,Kent State,1246.7,98
2025,11,Georgia State,1241.1,99
2025,11,Nevada,1239.1,100
2025,11,Charlotte,1205.4,101
2025,11,Middle Tennessee,1153.0,102
2025,11,Massachusetts,1114.3,103
2025,12,Ohio State,1889.6,1
2025,12,Georgia,1847.7,2
2025,12,Oregon,1843.7,3
2025,12,Notre Dame,1842.4,4
2025,12,Indiana,1830.7,5
2025,12,Ole Miss,1794.7,6
2025,12,Texas A&M,1790.2,7
2025,12,Texas Tech,1781.4,8
2025,12,Alabama,1768.4,9
2025,12,BYU,1752.6,10
2025,12,Utah,1745.3,11
2025,12,James Madison,1742.4,12
2025,12,Texas,1727.4,13
2025,12,Miami,1722.6,14
2025,12,USC,1715.0,15
2025,12,Oklahoma,1707.7,16
2025,12,Michigan,1683.9,17
2025,12,Tennessee,1680.8,18
2025,12,Louisville,1676.0,19
2025,12,Iowa,1664.8,20
2025,12,Arizona State,1653.9,21
2025,12,North Texas,1653.6,22
2025,12,Missouri,1652.5,23
2025,12,Georgia Tech,1652.3,24
2025,12,Washington,1652.3,25
2025,12,Tulane,1650.1,26
2025,12,UNLV,1649.4,27
2025,12,Illinois,1642.1,28
2025,12,Memphis,1634.4,29
2025,12,Penn State,1626.3,30
2025,12,TCU,1621.7,31
2025,12,Clemson,1618.7,32
2025,12,Virginia,1618.6,33
2025,12,LSU,1614.7,34
2025,12,South Florida,1613.8,35
2025,12,Navy,1613.3,36
2025,12,Kansas State,1600.7,37
2025,12,Arizona,1600.6,38
2025,12,Boise State,1596.6,39
2025,12,Pittsburgh,1594.9,40
2025,12,East Carolina,1586.9,41
2025,12,Cincinnati,1585.2,42
2025,12,Old Dominion,1585.0,43
2025,12,San Diego State,1580.9,44
2025,12,Duke,1568.8,45
2025,12,Minnesota,1568.0,46
2025,12,Ohio,1563.7,47
2025,12,UConn,1558.4,48
2025,12,Fresno State,1553.9,49
2025,12,Toledo,1550.6,50
2025,12,Marshall,1542.9,51
2025,12,Baylor,1531.7,52
2025,12,Jacksonville State,1529.4,53
2025,12,Western Kentucky,1526.7,54
2025,12,NC State,1526.3,55
2025,12,Kentucky,1525.2,56
2025,12,South Carolina,1519.4,57
2025,12,New Mexico,1515.6,58
2025,12,Washington State,1514.2,59
2025,12,Texas State,1509.4,60
2025,12,Wake Forest,1501.8,61
2025,12,UTSA,1501.3,62
2025,12,Florida,1497.6,63
2025,12,Florida State,1492.6,64
2025,12,Troy,1486.9,65
2025,12,Coastal Carolina,1483.4,66
2025,12,Miami (OH),1482.2,67
2025,12,Northwestern,1474.7,68
2025,12,Western Michigan,1472.4,69
2025,12,Georgia Southern,1467.3,70
2025,12,West Virginia,1455.4,71
2025,12,Maryland,1452.7,72
2025,12,Southern Miss,1452.5,73
2025,12,UCF,1449.1,74
2025,12,Mississippi State,1449.1,75
2025,12,Arkansas,1440.0,76
2025,12,Central Michigan,1437.4,77
2025,12,Utah State,1435.7,78
2025,12,Liberty,1435.3,79
2025,12,Kennesaw State,1433.9,80
2025,12,Wisconsin,1432.9,81
2025,12,North Carolina,1430.4,82
2025,12,UCLA,1421.8,83
2025,12,Buffalo,1419.2,84
2025,12,Louisiana Tech,1416.2,85
2025,12,Missouri State,1413.5,86
2025,12,App State,1407.2,87
2025,12,Florida International,1394.8,88
2025,12,South Alabama,1394.5,89
2025,12,Wyoming,1387.2,90
2025,12,Delaware,1374.3,91
2025,12,Air Force,1372.6,92
2025,12,Michigan State,1370.7,93
2025,12,Virginia Tech,1369.5,94
2025,12,Florida Atlantic,1366.0,95
2025,12,Eastern Michigan,1363.5,96
2025,12,San José State,1359.5,97
2025,12,Northern Illinois,1359.2,98
2025,12,Colorado State,1338.8,99
2025,12,Boston College,1311.6,100
2025,12,Purdue,1310.2,101
2025,12,UAB,1309.6,102
2025,12,Sam Houston,1305.6,103
2025,12,Nevada,1303.9,104
2025,12,New Mexico State,1300.2,105
2025,12,Ball State,1294.3,106
2025,12,Tulsa,1294.3,107
2025,12,Akron,1293.2,108
2025,12,Oregon State,1286.3,109
2025,12,Kent State,1279.3,110
2025,12,UL Monroe,1267.4,111
2025,12,Oklahoma State,1257.8,112
2025,12,UTEP,1242.3,113
2025,12,Georgia State,1226.2,114
2025,12,Charlotte,1186.8,115
2025,12,Middle Tennessee,1148.7,116
2025,12,Massachusetts,1085.7,117
2025,13,Ohio State,1894.9,1
2025,13,Oregon,1858.8,2
2025,13,Georgia,1848.7,3
2025,13,Notre Dame,1847.1,4
2025,13,Texas A&M,1790.5,5
2025,13,BYU,1775.7,6
2025,13,Alabama,1769.1,7
2025,13,Utah,1753.4,8
2025,13,James Madison,1747.8,9
2025,13,SMU,1740.8,10
2025,13,Miami,1735.4,11
2025,13,Texas,1734.1,12
2025,13,Oklahoma,1726.6,13
2025,13,Michigan,1707.4,14
2025,13,Tennessee,1706.8,15
2025,13,USC,1699.9,16
2025,13,Vanderbilt,1696.1,17
2025,13,Arizona State,1679.0,18
2025,13,Washington,1678.0,19
2025,13,North Texas,1674.1,20
2025,13,Tulane,1671.4,21
2025,13,UNLV,1669.0,22
2025,13,Iowa,1668.0,23
2025,13,Penn State,1652.3,24
2025,13,Louisville,1647.3,25
2025,13,TCU,1638.9,26
2025,13,Pittsburgh,1636.1,27
2025,13,Missouri,1633.7,28
2025,13,South Florida,1632.4,29
2025,13,LSU,1623.8,30
2025,13,Arizona,1623.6,31
2025,13,Old Dominion,1622.5,32
2025,13,Clemson,1621.3,33
2025,13,Iowa State,1615.1,34
2025,13,Georgia Tech,1611.1,35
2025,13,Boise State,1606.1,36
2025,13,Kansas State,1592.6,37
2025,13,San Diego State,1591.6,38
2025,13,Illinois,1590.4,39
2025,13,Duke,1589.3,40
2025,13,UConn,1569.8,41
2025,13,Ohio,1566.4,42
2025,13,Cincinnati,1562.2,43
2025,13,Toledo,1560.3,44
2025,13,Houston,1554.2,45
2025,13,Nebraska,1551.2,46
2025,13,South Carolina,1550.7,47
2025,13,UTSA,1546.9,48
2025,13,NC State,1546.2,49
2025,13,Minnesota,1546.1,50
2025,13,New Mexico,1543.6,51
2025,13,East Carolina,1541.3,52
2025,13,Army,1532.4,53
2025,13,Auburn,1529.4,54
2025,13,Marshall,1526.6,55
2025,13,Wake Forest,1521.9,56
2025,13,Texas State,1518.2,57
2025,13,Western Kentucky,1517.6,58
2025,13,Miami (OH),1517.1,59
2025,13,Hawai'i,1515.4,60
2025,13,Fresno State,1513.1,61
2025,13,Rutgers,1513.0,62
2025,13,Kentucky,1509.0,63
2025,13,Washington State,1508.9,64
2025,13,Baylor,1508.6,65
2025,13,Kansas,1504.4,66
2025,13,Western Michigan,1502.4,67
2025,13,Jacksonville State,1500.5,68
2025,13,Northwestern,1496.6,69
2025,13,Troy,1494.0,70
2025,13,Louisiana,1493.4,71
2025,13,Wisconsin,1484.6,72
2025,13,Utah State,1476.5,73
2025,13,Florida State,1472.7,74
2025,13,Florida,1471.7,75
2025,13,Central Michigan,1461.1,76
2025,13,UCF,1454.6,77
2025,13,Kennesaw State,1452.2,78
2025,13,Coastal Carolina,1452.1,79
2025,13,California,1441.2,80
2025,13,Louisiana Tech,1436.0,81
2025,13,Arkansas,1433.3,82
2025,13,Georgia Southern,1429.9,83
2025,13,Maryland,1429.2,84
2025,13,Southern Miss,1428.1,85
2025,13,Florida International,1423.7,86
2025,13,App State,1423.6,87
2025,13,South Alabama,1418.9,88
2025,13,Colorado,1415.6,89
2025,13,Liberty,1415.5,90
2025,13,Syracuse,1415.4,91
2025,13,North Carolina,1410.0,92
2025,13,Stanford,1409.3,93
2025,13,UCLA,1396.1,94
2025,13,Missouri State,1395.2,95
2025,13,Arkansas State,1394.6,96
2025,13,Buffalo,1384.3,97
2025,13,Temple,1375.1,98
2025,13,Michigan State,1367.5,99
2025,13,Virginia Tech,1356.7,100
2025,13,Wyoming,1356.5,101
2025,13,Florida Atlantic,1354.6,102
2025,13,Delaware,1354.2,103
2025,13,San José State,1348.8,104
2025,13,Rice,1348.2,105
2025,13,Air Force,1344.6,106
2025,13,Nevada,1334.6,107
2025,13,Colorado State,1329.3,108
2025,13,Northern Illinois,1329.2,109
2025,13,Bowling Green,1325.6,110
2025,13,New Mexico State,1317.1,111
2025,13,Akron,1314.2,112
2025,13,Tulsa,1306.8,113
2025,13,UAB,1290.9,114
2025,13,Ball State,1284.6,115
2025,13,Sam Houston,1263.0,116
2025,13,UL Monroe,1258.5,117
2025,13,Kent State,1255.6,118
2025,13,Oklahoma State,1252.2,119
2025,13,UTEP,1225.4,120
2025,13,Georgia State,1219.1,121
2025,13,Middle Tennessee,1191.4,122
2025,13,Charlotte,1185.8,123
2025,13,Massachusetts,1083.0,124
2025,14,Ohio State,1919.6,1
2025,14,Oregon,1880.9,2
2025,14,Georgia,1860.0,3
2025,14,Notre Dame,1857.4,4
2025,14,Indiana,1838.9,5
2025,14,Ole Miss,1808.3,6
2025,14,Texas Tech,1800.8,7
2025,14,Alabama,1783.6,8
2025,14,BYU,1781.7,9
2025,14,Miami,1773.5,10
2025,14,James Madison,1769.7,11
2025,14,Utah,1769.6,12
2025,14,Texas A&M,1762.5,13
2025,14,Texas,1762.1,14
2025,14,Vanderbilt,1739.7,15
2025,14,Oklahoma,1736.5,16
2025,14,SMU,1711.2,17
2025,14,USC,1706.5,18
2025,14,Iowa,1701.7,19
2025,14,UNLV,1684.6,20
2025,14,Michigan,1682.7,21
2025,14,North Texas,1681.6,22
2025,14,Tulane,1674.0,23
2025,14,Penn State,1668.1,24
2025,14,Louisville,1666.7,25
2025,14,Arizona,1666.6,26
2025,14,Tennessee,1663.2,27
2025,14,TCU,1660.6,28
2025,14,Washington,1656.0,29
2025,14,Missouri,1655.4,30
2025,14,Clemson,1653.3,31
2025,14,Navy,1649.0,32
2025,14,South Florida,1642.0,33
2025,14,Arizona State,1636.0,34
2025,14,Virginia,1627.1,35
2025,14,Old Dominion,1626.1,36
2025,14,Iowa State,1623.9,37
2025,14,LSU,1613.9,38
2025,14,Boise State,1613.1,39
2025,14,Duke,1610.1,40
2025,14,Illinois,1603.7,41
2025,14,Kansas State,1602.9,42
2025,14,Georgia Tech,1599.8,43
2025,14,Memphis,1598.8,44
2025,14,Pittsburgh,1598.0,45
2025,14,Toledo,1592.6,46
2025,14,Ohio,1581.7,47
2025,14,Houston,1580.3,48
2025,14,East Carolina,1572.4,49
2025,14,San Diego State,1569.6,50
2025,14,New Mexico,1565.7,51
2025,14,Minnesota,1563.8,52
2025,14,NC State,1562.9,53
2025,14,Army,1552.1,54
2025,14,Fresno State,1543.3,55
2025,14,Cincinnati,1540.5,56
2025,14,Texas State,1538.1,57
2025,14,Hawai'i,1529.7,58
2025,14,UTSA,1527.3,59
2025,14,Miami (OH),1527.0,60
2025,14,Western Michigan,1525.9,61
2025,14,Troy,1522.8,62
2025,14,Washington State,1519.8,63
2025,14,South Carolina,1518.7,64
2025,14,Nebraska,1517.5,65
2025,14,Auburn,1514.9,66
2025,14,Jacksonville State,1514.5,67
2025,14,Western Kentucky,1503.5,68
2025,14,Wake Forest,1501.1,69
2025,14,Florida,1500.2,70
2025,14,Marshall,1497.8,71
2025,14,Louisiana,1497.8,72
2025,14,Rutgers,1497.2,73
2025,14,Kentucky,1489.6,74
2025,14,Kansas,1488.2,75
2025,14,Northwestern,1483.3,76
2025,14,Baylor,1482.5,77
2025,14,Kennesaw State,1477.1,78
2025,14,California,1470.7,79
2025,14,Utah State,1469.5,80
2025,14,Louisiana Tech,1468.6,81
2025,14,Wisconsin,1466.8,82
2025,14,Georgia Southern,1458.6,83
2025,14,Florida International,1451.0,84
2025,14,UCF,1448.5,85
2025,14,Florida State,1444.1,86
2025,14,West Virginia,1436.0,87
2025,14,Mississippi State,1435.4,88
2025,14,Coastal Carolina,1430.1,89
2025,14,Central Michigan,1428.8,90
2025,14,App State,1413.5,91
2025,14,Arkansas,1411.5,92
2025,14,Colorado,1405.3,93
2025,14,Arkansas State,1404.7,94
2025,14,Michigan State,1402.3,95
2025,14,Southern Miss,1399.4,96
2025,14,Stanford,1399.1,97
2025,14,South Alabama,1399.0,98
2025,14,Maryland,1394.4,99
2025,14,North Carolina,1393.3,100
2025,14,Liberty,1390.5,101
2025,14,UCLA,1389.5,102
2025,14,Air Force,1386.0,103
2025,14,Delaware,1372.9,104
2025,14,Buffalo,1369.0,105
2025,14,Temple,1367.6,106
2025,14,Syracuse,1364.7,107
2025,14,Missouri State,1362.7,108
2025,14,Boston College,1362.3,109
2025,14,Bowling Green,1349.5,110
2025,14,Virginia Tech,1348.3,111
2025,14,Wyoming,1342.1,112
2025,14,Eastern Michigan,1340.0,113
2025,14,Rice,1338.6,114
2025,14,Florida Atlantic,1323.5,115
2025,14,UAB,1320.5,116
2025,14,Nevada,1319.0,117
2025,14,San José State,1318.6,118
2025,14,Northern Illinois,1304.2,119
2025,14,Purdue,1302.0,120
2025,14,Colorado State,1287.9,121
2025,14,New Mexico State,1282.7,122
2025,14,Kent State,1280.7,123
2025,14,Tulsa,1277.2,124
2025,14,Oregon State,1275.4,125
2025,14,Ball State,1274.6,126
2025,14,UL Monroe,1254.1,127
2025,14,Oklahoma State,1243.4,128
2025,14,Sam Houston,1235.7,129
2025,14,Middle Tennessee,1225.8,130
2025,14,Georgia State,1215.5,131
2025,14,UTEP,1206.7,132
2025,14,Charlotte,1183.2,133
2025,14,Massachusetts,1059.0,134
2025,15,Ohio State,1899.9,1
2025,15,Georgia,1890.1,2
2025,15,Indiana,1858.6,3
2025,15,Texas Tech,1838.3,4
2025,15,James Madison,1778.4,5
2025,15,Alabama,1753.5,6
2025,15,BYU,1744.3,7
2025,15,Tulane,1699.8,8
2025,15,North Texas,1655.8,9
2025,15,UNLV,1649.2,10
2025,15,Boise State,1648.5,11
2025,15,Duke,1636.1,12
2025,15,Virginia,1601.1,13
2025,15,Western Michigan,1554.8,14
2025,15,Troy,1514.1,15
2025,15,Kennesaw State,1500.8,16
2025,15,Miami (OH),1498.2,17
2025,15,Jacksonville State,1490.8,18
2025,16,Navy,1654.8,1
2025,16,Army,1546.3,2
2026,1,Ohio State,1755.6,1
2026,1,Oregon,1755.6,2
2026,1,Georgia,1753.1,3
2026,1,Notre Dame,1749.3,4
2026,1,Miami,1720.7,5
2026,1,Texas,1713.6,6
2026,1,Alabama,1707.9,7
2026,1,Indiana,1707.7,8
2026,1,Ole Miss,1705.1,9
2026,1,Texas A&M,1693.1,10
2026,1,USC,1683.9,11
2026,1,Texas Tech,1677.6,12
2026,1,LSU,1663.2,13
2026,1,Oklahoma,1660.6,14
2026,1,USC,1656.8,15
2026,1,SMU,1639.9,16
2026,1,Michigan,1637.1,17
2026,1,Utah,1632.1,18
2026,1,Penn State,1632.1,19
2026,1,Tennessee,1627.9,20
2026,1,Vanderbilt,1626.2,21
2026,1,James Madison,1622.3,22
2026,1,Iowa,1622.0,23
2026,1,Washington,1620.3,24
2026,1,BYU,1618.2,25
2026,1,Memphis,1609.3,26
2026,1,Missouri,1608.2,27
2026,1,Duke,1604.0,28
2026,1,Virginia,1598.4,29
2026,1,South Florida,1593.2,30
2026,1,Pittsburgh,1588.5,31
2026,1,Arizona,1588.3,32
2026,1,Memphis,1587.0,33
2026,1,Arizona State,1582.2,34
2026,1,UNLV,1578.8,35
2026,1,Florida,1577.4,36
2026,1,Illinois,1576.3,37
2026,1,Nebraska,1576.2,38
2026,1,South Carolina,1576.1,39
2026,1,Louisville,1573.5,40
2026,1,Kansas State,1567.5,41
2026,1,Iowa State,1562.9,42
2026,1,Houston,1561.1,43
2026,1,Clemson,1558.2,44
2026,1,Minnesota,1552.6,45
2026,1,Auburn,1552.3,46
2026,1,Boise State,1547.7,47
2026,1,Georgia Tech,1546.5,48
2026,1,Tulane,1546.5,49
2026,1,TCU,1545.8,50
2026,1,New Mexico,1544.1,51
2026,1,Cincinnati,1541.3,52
2026,1,UCLA,1540.2,53
2026,1,Old Dominion,1538.3,54
2026,1,UConn,1536.0,55
2026,1,Kentucky,1531.2,56
2026,1,UNLV,1530.8,57
2026,1,Wake Forest,1529.8,58
2026,1,Mississippi State,1529.0,59
2026,1,North Texas,1524.9,60
2026,1,Florida State,1524.4,61
2026,1,San Diego State,1524.1,62
2026,1,North Dakota State,1521.0,63
2026,1,UTSA,1520.0,64
2026,1,North Dakota State,1514.6,65
2026,1,North Carolina,1513.0,66
2026,1,Northwestern,1506.3,67
2026,1,Kansas,1505.1,68
2026,1,West Virginia,1504.8,69
2026,1,NC State,1501.4,70
2026,1,Florida State,1501.1,71
2026,1,Michigan State,1500.6,72
2026,1,Troy,1500.6,73
2026,1,Stanford,1499.3,74
2026,1,Western Michigan,1497.1,75
2026,1,East Carolina,1496.5,76
2026,1,Louisiana,1492.6,77
2026,1,Baylor,1492.5,78
2026,1,UCF,1488.9,79
2026,1,Arkansas,1486.9,80
2026,1,Colorado,1486.7,81
2026,1,Georgia Southern,1482.0,82
2026,1,Texas State,1481.9,83
2026,1,Wisconsin,1481.7,84
2026,1,Maryland,1480.0,85
2026,1,Fresno State,1478.8,86
2026,1,Toledo,1474.3,87
2026,1,Washington State,1473.8,88
2026,1,Navy,1473.7,89
2026,1,Kennesaw State,1471.7,90
2026,1,Louisiana Tech,1468.5,91
2026,1,Syracuse,1465.7,92
2026,1,App State,1465.2,93
2026,1,Virginia Tech,1463.3,94
2026,1,Nevada,1462.2,95
2026,1,Ohio,1461.4,96
2026,1,Army,1459.5,97
2026,1,Southern Miss,1457.5,98
2026,1,Stanford,1450.4,99
2026,1,Hawai'i,1450.3,100
2026,1,Marshall,1448.9,101
2026,1,Temple,1448.1,102
2026,1,Miami (OH),1444.7,103
2026,1,South Alabama,1441.9,104
2026,1,Florida International,1441.8,105
2026,1,Jacksonville State,1441.5,106
2026,1,Colorado State,1441.1,107
2026,1,California,1436.6,108
2026,1,Eastern Michigan,1436.4,109
2026,1,Jacksonville State,1430.6,110
2026,1,Rutgers,1430.6,111
2026,1,Liberty,1427.5,112
2026,1,Purdue,1427.4,113
2026,1,San José State,1426.3,114
2026,1,Rice,1426.0,115
2026,1,Tulsa,1425.7,116
2026,1,Buffalo,1421.3,117
2026,1,Coastal Carolina,1420.4,118
2026,1,Arkansas State,1419.8,119
2026,1,Western Kentucky,1416.6,120
2026,1,Delaware,1411.2,121
2026,1,Boston College,1403.4,122
2026,1,Hawai'i,1402.2,123
2026,1,Central Michigan,1401.1,124
2026,1,Missouri State,1394.6,125
2026,1,Eastern Michigan,1392.2,126
2026,1,Utah State,1388.1,127
2026,1,San José State,1382.1,128
2026,1,UAB,1381.7,129
2026,1,Air Force,1379.0,130
2026,1,Florida Atlantic,1373.5,131
2026,1,Oregon State,1370.5,132
2026,1,Middle Tennessee,1366.5,133
2026,1,Georgia State,1366.2,134
2026,1,Ball State,1364.6,135
2026,1,Northern Illinois,1361.9,136
2026,1,Akron,1360.4,137
2026,1,Bowling Green,1353.2,138
2026,1,Wyoming,1351.7,139
2026,1,Sacramento State,1350.8,140
2026,1,New Mexico State,1350.4,141
2026,1,Oklahoma State,1345.5,142
2026,1,Massachusetts,1343.4,143
2026,1,Sam Houston,1342.7,144
2026,1,Kent State,1341.8,145
2026,1,UTEP,1334.1,146
2026,1,New Mexico State,1332.8,147
2026,1,Sacramento State,1331.6,148
2026,1,UL Monroe,1322.2,149
2026,1,Charlotte,1305.2,150
2026,2,Georgia,1763.9,1
2026,2,Notre Dame,1761.0,2
2026,2,Alabama,1751.9,3
2026,2,Ohio State,1744.1,4
2026,2,Texas,1725.2,5
2026,2,Miami,1723.5,6
2026,2,Texas A&M,1723.1,7
2026,2,Ole Miss,1711.8,8
2026,2,Indiana,1710.6,9
2026,2,USC,1701.9,10
2026,2,Texas Tech,1697.6,11
2026,2,LSU,1683.6,12
2026,2,Tennessee,1681.3,13
2026,2,Oregon,1673.1,14
2026,2,Penn State,1669.7,15
2026,2,Michigan,1669.5,16
2026,2,Utah,1658.7,17
2026,2,Missouri,1655.4,18
2026,2,BYU,1649.7,19
2026,2,SMU,1648.1,20
2026,2,Vanderbilt,1638.4,21
2026,2,Iowa,1637.5,22
2026,2,Duke,1635.6,23
2026,2,Oklahoma,1628.2,24
2026,2,James Madison,1627.6,25
2026,2,Washington,1625.6,26
2026,2,South Florida,1617.3,27
2026,2,Virginia,1606.1,28
2026,2,Pittsburgh,1605.2,29
2026,2,Boise State,1600.1,30
2026,2,Kansas State,1599.6,31
2026,2,Mississippi State,1599.5,32
2026,2,Nebraska,1596.2,33
2026,2,North Texas,1588.4,34
2026,2,Florida,1587.8,35
2026,2,Clemson,1587.1,36
2026,2,Auburn,1586.6,37
2026,2,South Carolina,1580.9,38
2026,2,UCLA,1579.6,39
2026,2,Louisville,1579.4,40
2026,2,Houston,1569.5,41
2026,2,Tulane,1561.2,42
2026,2,TCU,1558.2,43
2026,2,Memphis,1556.9,44
2026,2,Arizona,1556.8,45
2026,2,UTSA,1554.3,46
2026,2,Maryland,1553.3,47
2026,2,Arizona State,1552.3,48
2026,2,Cincinnati,1550.0,49
2026,2,New Mexico,1549.7,50
2026,2,North Dakota State,1549.4,51
2026,2,Wake Forest,1547.8,52
2026,2,Iowa State,1547.4,53
2026,2,Illinois,1544.8,54
2026,2,Michigan State,1530.9,55
2026,2,Virginia Tech,1522.4,56
2026,2,North Carolina,1522.3,57
2026,2,NC State,1518.9,58
2026,2,UNLV,1515.3,59
2026,2,West Virginia,1514.1,60
2026,2,Troy,1512.2,61
2026,2,Fresno State,1510.4,62
2026,2,Western Michigan,1505.9,63
2026,2,Baylor,1504.0,64
2026,2,App State,1495.5,65
2026,2,Colorado,1495.4,66
2026,2,Georgia Tech,1493.0,67
2026,2,Wisconsin,1490.4,68
2026,2,Kentucky,1487.2,69
2026,2,San Diego State,1484.7,70
2026,2,Toledo,1483.0,71
2026,2,Minnesota,1482.1,72
2026,2,Old Dominion,1479.2,73
2026,2,Florida International,1476.5,74
2026,2,Ohio,1475.9,75
2026,2,Louisiana,1474.6,76
2026,2,UCF,1472.1,77
2026,2,California,1466.9,78
2026,2,East Carolina,1466.1,79
2026,2,UConn,1462.7,80
2026,2,Arkansas,1460.3,81
2026,2,Marshall,1460.0,82
2026,2,Tulsa,1459.2,83
2026,2,Kansas,1457.9,84
2026,2,Colorado State,1453.7,85
2026,2,Georgia Southern,1453.2,86
2026,2,Miami (OH),1452.1,87
2026,2,Louisiana Tech,1448.0,88
2026,2,Texas State,1447.5,89
2026,2,Washington State,1441.8,90
2026,2,San José State,1438.3,91
2026,2,Boston College,1436.2,92
2026,2,Syracuse,1435.5,93
2026,2,Army,1435.4,94
2026,2,Georgia State,1432.0,95
2026,2,Coastal Carolina,1431.0,96
2026,2,Arkansas State,1430.4,97
2026,2,Hawai'i,1429.9,98
2026,2,Liberty,1429.4,99
2026,2,Navy,1429.4,100
2026,2,Oklahoma State,1428.0,101
2026,2,South Alabama,1427.2,102
2026,2,Jacksonville State,1427.1,103
2026,2,Southern Miss,1423.2,104
2026,2,Florida Atlantic,1417.8,105
2026,2,Rice,1414.2,106
2026,2,Temple,1410.5,107
2026,2,Central Michigan,1410.2,108
2026,2,Missouri State,1410.1,109
2026,2,Purdue,1409.5,110
2026,2,Kennesaw State,1405.9,111
2026,2,Western Kentucky,1405.8,112
2026,2,UAB,1403.5,113
2026,2,Delaware,1399.0,114
2026,2,Rutgers,1397.8,115
2026,2,Akron,1393.0,116
2026,2,Nevada,1392.9,117
2026,2,Buffalo,1386.6,118
2026,2,Utah State,1382.7,119
2026,2,Ball State,1381.5,120
2026,2,Kent State,1367.1,121
2026,2,Eastern Michigan,1361.9,122
2026,2,Wyoming,1360.6,123
2026,2,Massachusetts,1359.9,124
2026,2,Middle Tennessee,1355.4,125
2026,2,UTEP,1353.8,126
2026,2,Air Force,1350.6,127
2026,2,Oregon State,1350.5,128
2026,2,Bowling Green,1333.2,129
2026,2,Northern Illinois,1324.0,130
2026,2,New Mexico State,1322.7,131
2026,2,Sacramento State,1319.3,132
2026,2,Sam Houston,1309.2,133
2026,2,UL Monroe,1300.4,134
2026,2,Charlotte,1298.6,135
2026,3,Miami,1758.1,1
2026,3,Texas Tech,1706.6,2
2026,3,Oregon,1675.4,3
2026,3,Pittsburgh,1623.3,4
2026,3,Houston,1560.5,5
2026,3,Wake Forest,1513.2,6
2026,3,Syracuse,1417.4,7
