id,season,week,seasonType,startDate,startTimeTBD,completed,neutralSite,conferenceGame,attendance,venueId,venue,homeId,homeTeam,homeClassification,homeConference,homePoints,homeLineScores,homePostgameWinProbability,homePregameElo,homePostgameElo,awayId,awayTeam,awayClassification,awayConference,awayPoints,awayLineScores,awayPostgameWinProbability,awayPregameElo,awayPostgameElo,excitementIndex,highlights,notes,playoff
401756846,2025,1,regular,2025-08-23T16:00:00.000Z,False,True,True,True,47221,3504,Aviva Stadium,2306,Kansas State,fbs,Big 12,21,"[0, 7, 0, 14]",0.050372593104839325,1669,1666,66,Iowa State,fbs,Big 12,24,"[7, 0, 7, 10]",0.9496274068951607,1616,1619,6.029094160739601,,Aer Lingus College Football Classic,
401767476,2025,1,regular,2025-08-23T17:00:00.000Z,False,True,False,True,8779,3779,Manning Field at John L. Guidry Stadium,2447,Nicholls,fcs,Southland,20,"[10, 3, 0, 7]",0.6796230673789978,,,2916,Incarnate Word,fcs,Southland,6,"[3, 0, 3, 0]",0.3203769326210022,,,4.301379266612116,,,
401760371,2025,1,regular,2025-08-23T20:00:00.000Z,False,True,False,False,25723,6501,Allegiant Stadium,2439,UNLV,fbs,Mountain West,38,"[0, 14, 10, 14]",1,,,304,Idaho State,fcs,Big Sky,31,"[10, 7, 7, 7]",0,,,8.650095280317405,,,
401767126,2025,1,regular,2025-08-23T20:30:00.000Z,False,True,False,False,1890,4765,Hillsboro Stadium,2502,Portland State,fcs,Big Sky,0,"[0, 0, 0, 0]",0.02811497449874878,,,2627,Tarleton State,fcs,UAC,42,"[7, 7, 14, 14]",0.9718850255012512,,,4.943513767987275,,,
401756847,2025,1,regular,2025-08-23T22:30:00.000Z,False,True,False,False,41525,3833,Memorial Stadium,2305,Kansas,fbs,Big 12,31,"[14, 10, 7, 0]",1,1583,1632,278,Fresno State,fbs,Mountain West,7,"[7, 0, 0, 0]",0,1490,1441,2.7830408481663227,,,
401757218,2025,1,regular,2025-08-23T23:00:00.000Z,False,True,False,True,15312,3796,Houchens Industries-L.T. Smith Stadium,98,Western Kentucky,fbs,Conference USA,41,"[7, 13, 14, 7]",0.9504224061965942,1409,1450,2534,Sam Houston,fbs,Conference USA,24,"[3, 7, 14, 0]",0.04957759380340576,1452,1411,5.04146368507938,,,
401767410,2025,1,regular,2025-08-23T23:30:00.000Z,False,True,True,False,16191,4246,Center Parc Stadium,2582,Southern,fcs,SWAC,14,"[7, 7, 0, 0]",0.11636106669902802,,,2428,North Carolina Central,fcs,MEAC,31,"[7, 10, 14, 0]",0.883638933300972,,,3.815677850005746,,Cricket MEAC/SWAC Challenge Kickoff,
401754516,2025,1,regular,2025-08-23T23:30:00.000Z,False,True,False,False,15194,7220,Clarence T.C. Ching Athletics Complex,62,Hawai'i,fbs,Mountain West,23,"[7, 7, 3, 6]",0.4369106590747833,1257,1258,24,Stanford,fbs,ACC,20,"[10, 3, 0, 7]",0.5630893409252167,1283,1282,6.995256097508367,,,
401773590,2025,1,regular,2025-08-28T20:00:00.000Z,False,True,False,False,,5879,Tomlinson Stadium,2120,Central Washington,ii,Lone Star,41,"[7, 0, 20, 14]",,,,11,Colorado Mesa,ii,Rocky Mountain,14,"[0, 0, 7, 7]",,,,,,,
401762522,2025,1,regular,2025-08-28T21:30:00.000Z,False,True,False,False,34707,3886,Raymond James Stadium,58,South Florida,fbs,American Athletic,34,"[0, 10, 14, 10]",0.991242527961731,1456,1554,68,Boise State,fbs,Mountain West,7,"[7, 0, 0, 0]",0.008757472038269043,1676,1578,4.198854782620091,,,
401773478,2025,1,regular,2025-08-28T22:00:00.000Z,False,True,False,False,,3950,Superior Dome,128,Northern Michigan,ii,GLIAC,37,"[14, 13, 0, 10]",,,,2817,Minnesota St Moorhead,ii,Northern Sun,44,"[0, 15, 15, 14]",,,,,,,
401773643,2025,1,regular,2025-08-28T22:00:00.000Z,False,True,False,False,,3960,Top Taggart Field,2222,Ferris State,ii,GLIAC,34,"[14, 6, 7, 7]",,,,90,Pittsburg State,ii,Mid America,17,"[3, 7, 7, 0]",,,,,,,
401773703,2025,1,regular,2025-08-28T22:00:00.000Z,False,True,False,False,,4437,"Memorial Stadium (Clarion, PA)",2134,Clarion,ii,Pennsylvania State Athletic,34,"[7, 7, 13, 7]",,,,112335,Wheeling,ii,Mountain East,0,"[0, 0, 0, 0]",,,,,,,
401762790,2025,1,regular,2025-08-28T22:00:00.000Z,False,True,False,False,19328,3700,Doyt L. Perry Stadium,189,Bowling Green,fbs,Mid-American,26,"[7, 10, 6, 3]",1,1461,1461,322,Lafayette,fcs,Patriot,7,"[0, 0, 7, 0]",0,,,1.743718059958304,,,
401767549,2025,1,regular,2025-08-28T22:00:00.000Z,False,True,False,False,7040,844,Stambaugh Stadium,2754,Youngstown State,fcs,MVFC,24,"[7, 14, 3, 0]",0.9822986125946045,,,2385,Mercyhurst,fcs,NEC,15,"[7, 0, 0, 8]",0.017701387405395508,,,2.8824847904059174,,,
401752794,2025,1,regular,2025-08-28T22:00:00.000Z,False,True,False,False,46907,6577,SHI Stadium,164,Rutgers,fbs,Big Ten,34,"[7, 24, 0, 3]",0.9000661373138428,1522,1524,195,Ohio,fbs,Mid-American,31,"[7, 10, 14, 0]",0.09993386268615723,1621,1619,6.943864856309906,,,
401773488,2025,1,regular,2025-08-28T22:00:00.000Z,False,True,False,False,,3885,Harvey Randall Wickes Memorial Stadium,129,Saginaw Valley State,ii,GLIAC,21,"[0, 14, 7, 0]",,,,196,Northeastern State,ii,Independent DII,28,"[3, 10, 0, 15]",,,,,,,
401773470,2025,1,regular,2025-08-28T22:00:00.000Z,False,True,False,False,,3927,Sherman Field,2392,Michigan Tech,ii,GLIAC,37,"[3, 13, 8, 13]",,,,132,Bemidji State,ii,Northern Sun,17,"[7, 10, 0, 0]",,,,,,,
401773397,2025,1,regular,2025-08-28T22:00:00.000Z,False,True,True,False,,3939,St. Vincent Health Field,2366,Marian (IN),,,21,"[0, 0, 7, 14]",,,,2292,Indianapolis,ii,Great Lakes,45,"[7, 21, 10, 7]",,,,,,,
401767446,2025,1,regular,2025-08-28T22:00:00.000Z,False,True,False,False,3206,3829,Memorial Stadium,282,Indiana State,fcs,MVFC,41,"[10, 3, 21, 7]",0.9974473714828491,,,2816,McKendree,ii,Great Lakes,24,"[3, 9, 0, 12]",0.002552628517150879,,,4.480272606975219,,,
401761588,2025,1,regular,2025-08-28T23:00:00.000Z,False,True,False,False,12459,3817,Malone Stadium,2433,UL Monroe,fbs,Sun Belt,29,"[7, 3, 7, 12]",0.9948040246963501,1281,1281,2598,Saint Francis,fcs,NEC,0,"[0, 0, 0, 0]",0.005195975303649902,,,2.6582437502851985,,,
401757219,2025,1,regular,2025-08-28T23:00:00.000Z,False,True,False,False,17895,3695,Delaware Stadium,48,Delaware,fbs,Conference USA,35,"[0, 14, 7, 14]",0.948571503162384,1500,1500,2169,Delaware State,fcs,MEAC,17,"[0, 3, 7, 7]",0.05142849683761597,,,3.8863147504803375,,,
401767209,2025,1,regular,2025-08-28T23:00:00.000Z,False,True,False,False,3565,5116,O'Shaughnessy Stadium,2900,St. Thomas (MN),fcs,Pioneer,35,"[0, 7, 14, 14]",1,,,2815,Lindenwood,fcs,OVC-Big South,13,"[0, 7, 6, 0]",0,,,5.502539152113055,,,
401756848,2025,1,regular,2025-08-28T23:00:00.000Z,False,True,False,False,43043,3652,FBC Mortgage Stadium,2116,UCF,fbs,Big 12,17,"[0, 0, 3, 14]",0.8685790300369263,1538,1554,55,Jacksonville State,fbs,Conference USA,10,"[0, 0, 3, 7]",0.13142096996307373,1650,1634,6.779838854522642,,,
401773633,2025,1,regular,2025-08-28T23:00:00.000Z,False,True,False,False,,6035,"Memorial Stadium (Wayne, NE)",2844,Wayne State (NE),ii,Northern Sun,21,"[7, 7, 0, 7]",,,,2438,Nebraska Kearney,ii,Mid America,28,"[7, 7, 0, 14]",,,,,,,
401754373,2025,1,regular,2025-08-28T23:00:00.000Z,False,True,False,False,56919,3670,Carter-Finley Stadium,152,NC State,fbs,ACC,24,"[3, 14, 7, 0]",0.7440896034240723,1501,1507,151,East Carolina,fbs,American Athletic,17,"[0, 7, 0, 10]",0.25591039657592773,1435,1429,3.940855281840526,,,
401767327,2025,1,regular,2025-08-28T23:00:00.000Z,False,True,False,False,1469,3991,"William Dick"""" Price Stadium""""",2450,Norfolk State,fcs,MEAC,7,"[0, 0, 0, 7]",0.1107596829533577,,,119,Towson,fcs,Coastal Athletic,27,"[10, 3, 0, 14]",0.8892403170466423,,,4.766962778982658,,,
401767171,2025,1,regular,2025-08-28T23:00:00.000Z,False,True,False,False,6775,3858,O'Brien Stadium,2197,Eastern Illinois,fcs,OVC-Big South,24,"[0, 3, 7, 14]",0.8866714835166931,,,2168,Dayton,fcs,Pioneer,14,"[7, 0, 0, 7]",0.11332851648330688,,,6.131005377450077,,,
401773639,2025,1,regular,2025-08-28T23:00:00.000Z,False,True,False,False,,3641,Blakeslee Stadium,2364,Minnesota State,ii,Northern Sun,38,"[7, 14, 14, 3]",,,,138,Northwest Missouri State,ii,Mid America,14,"[0, 0, 14, 0]",,,,,,,
401773514,2025,1,regular,2025-08-28T23:00:00.000Z,False,True,False,False,,5935,Parker Field at McCool Stadium,2170,Delta State,ii,Gulf South,31,"[13, 12, 6, 0]",,,,2118,Central Missouri,ii,Mid America,23,"[7, 5, 11, 0]",,,,,,,
401773065,2025,1,regular,2025-08-28T23:00:00.000Z,False,True,False,False,,7075,Electric Supply Company Field,122666,Barton,ii,Carolinas,7,"[0, 0, 0, 7]",,,,330,Virginia State,ii,CIAA,35,"[14, 7, 14, 0]",,,,,,,
401773093,2025,1,regular,2025-08-28T23:00:00.000Z,False,True,False,False,,5121,University of Charleston Stadium,2128,Charleston (WV),ii,Mountain East,39,"[14, 13, 6, 6]",,,,2940,Livingstone,ii,CIAA,10,"[3, 0, 7, 0]",,,,,,,
401773691,2025,1,regular,2025-08-28T23:00:00.000Z,False,True,False,False,,3718,Tom Benson Hall of Fame Stadium,2682,Walsh,ii,Great Midwest Athletic,38,"[7, 7, 17, 7]",,,,2699,West Liberty,ii,Mountain East,10,"[3, 0, 0, 7]",,,,,,,
401762789,2025,1,regular,2025-08-28T23:00:00.000Z,False,True,False,False,9138,3768,InfoCision Stadium,2006,Akron,fbs,Mid-American,0,"[0, 0, 0, 0]",0.1403001993894577,1245,1235,2751,Wyoming,fbs,Mountain West,10,"[0, 3, 0, 7]",0.8596998006105423,1367,1377,4.853832638856986,,,
401773667,2025,1,regular,2025-08-28T23:00:00.000Z,False,True,False,False,,3859,Offutt Field,611,Seton Hill,ii,Pennsylvania State Athletic,21,"[0, 7, 0, 14]",,,,2986,Fairmont State,ii,Mountain East,24,"[10, 7, 7, 0]",,,,,,,
401773827,2025,1,regular,2025-08-28T23:05:00.000Z,False,True,False,True,,4439,Eiler-Martin Stadium,2188,East Stroudsburg,ii,Pennsylvania State Athletic,14,"[0, 7, 0, 7]",,,,2205,Edinboro,ii,Pennsylvania State Athletic,29,"[15, 7, 0, 7]",,,,,,,
401767468,2025,1,regular,2025-08-28T23:30:00.000Z,False,True,False,False,1183,4424,Husky Stadium,2277,Houston Christian,fcs,Southland,69,"[14, 6, 28, 21]",0.9997231364250183,,,124386,Arkansas Baptist,,,0,"[0, 0, 0, 0]",0.00027686357498168945,,,1.5528100491777415,,,
401756876,2025,1,regular,2025-08-28T23:30:00.000Z,False,True,False,False,44809,3646,Boone Pickens Stadium,197,Oklahoma State,fbs,Big 12,27,"[14, 3, 3, 7]",0.8100014328956604,1334,1334,2630,UT Martin,fcs,OVC-Big South,7,"[7, 0, 0, 0]",0.1899985671043396,,,2.5593415223854774,,,
401773431,2025,1,regular,2025-08-28T23:30:00.000Z,False,True,False,False,,3723,QU Stadium,2825,Quincy,ii,Great Lakes,38,"[10, 7, 7, 14]",,,,3066,Concordia St. Paul,ii,Northern Sun,7,"[0, 0, 0, 7]",,,,,,,
401767620,2025,1,regular,2025-08-28T23:30:00.000Z,False,True,False,False,3891,3701,Drake Stadium,2181,Drake,fcs,Pioneer,41,"[14, 10, 7, 10]",0.9988545775413513,,,389,Upper Iowa,ii,Great Lakes,7,"[0, 0, 7, 0]",0.0011454224586486816,,,2.173537594075238,,,
401767298,2025,1,regular,2025-08-28T23:30:00.000Z,False,True,False,False,506,3925,Seibert Stadium,2535,Samford,fcs,Southern,3,"[0, 0, 0, 3]",0.15471850335597992,,,2698,West Georgia,fcs,UAC,34,"[10, 0, 7, 17]",0.8452814966440201,,,3.532053065775013,,,
401777556,2025,1,regular,2025-08-28T23:30:00.000Z,False,True,False,False,,3638,MDU Resources Community Bowl,559,University of Mary,ii,Northern Sun,28,"[7, 7, 7, 7]",,,,565,Midland,,,22,"[0, 0, 9, 13]",,,,,,,
401754517,2025,1,regular,2025-08-28T23:30:00.000Z,False,True,False,False,15677,3982,Wallace Wade Stadium,150,Duke,fbs,ACC,45,"[3, 7, 14, 21]",0.9505264759063721,1526,1526,2210,Elon,fcs,Coastal Athletic,17,"[0, 10, 0, 7]",0.04947352409362793,,,5.108617579482511,,,
401752674,2025,1,regular,2025-08-28T23:30:00.000Z,False,True,False,False,57321,3838,Memorial Stadium,142,Missouri,fbs,SEC,61,"[9, 17, 14, 21]",0.9923890829086304,1640,1640,2110,Central Arkansas,fcs,UAC,6,"[0, 0, 0, 6]",0.007610917091369629,,,3.2619476923306743,,,
401773579,2025,1,regular,2025-08-29T00:00:00.000Z,False,True,False,False,,5782,Mountaineer Bowl,2714,Western Colorado,ii,Rocky Mountain,45,"[14, 7, 14, 10]",,,,2704,West Texas,ii,Lone Star,28,"[7, 14, 7, 0]",,,,,,,
401752793,2025,1,regular,2025-08-29T00:00:00.000Z,False,True,False,False,47774,3953,Huntington Bank Stadium,135,Minnesota,fbs,Big Ten,23,"[0, 10, 3, 10]",0.9904310703277588,1616,1625,2084,Buffalo,fbs,Mid-American,10,"[0, 3, 7, 0]",0.009568929672241211,1416,1407,3.4432187643946706,,,
401773604,2025,1,regular,2025-08-29T00:00:00.000Z,False,True,False,False,,5942,Francis G. Welch Stadium,2214,Emporia State,ii,Mid America,27,"[10, 14, 3, 0]",,,,568,Minot State,ii,Northern Sun,7,"[0, 0, 0, 7]",,,,,,,
401773534,2025,1,regular,2025-08-29T00:00:00.000Z,False,True,False,False,,5890,Lewis Field Stadium,2231,Fort Hays,ii,Mid America,7,"[0, 7, 0, 0]",,,,2025,Angelo State,ii,Lone Star,28,"[7, 7, 7, 7]",,,,,,,
401777554,2025,1,regular,2025-08-29T00:00:00.000Z,False,True,False,True,,5780,Altra Federal Credit Union Stadium,2851,Winona State,ii,Northern Sun,7,"[0, 7, 0, 0]",,,,134,Minnesota Duluth,ii,Northern Sun,35,"[14, 7, 7, 7]",,,,,,,
401773788,2025,1,regular,2025-08-29T00:00:00.000Z,False,True,False,False,,5877,Lyle Hare Stadium,2069,Black Hills State,ii,Rocky Mountain,21,"[0, 14, 7, 0]",,,,2894,Sioux Falls,ii,Northern Sun,27,"[13, 7, 7, 0]",,,,,,,
401767369,2025,1,regular,2025-08-29T00:00:00.000Z,False,True,False,False,9434,3963,Harry Turpin Stadium,2466,Northwestern State,fcs,Southland,20,"[13, 0, 0, 7]",0.8969522714614868,,,2016,Alcorn State,fcs,SWAC,10,"[0, 0, 10, 0]",0.10304772853851318,,,3.491245304375888,,,
401756852,2025,1,regular,2025-08-29T00:00:00.000Z,False,True,False,False,28150,4728,TDECU Stadium,248,Houston,fbs,Big 12,27,"[7, 10, 7, 3]",1,1375,1375,2617,Stephen F. Austin,fcs,Southland,0,"[0, 0, 0, 0]",0,,,2.357485880054012,,,
401773910,2025,1,regular,2025-08-29T00:00:00.000Z,False,True,False,True,,4852,Neta and Eddie DeRose ThunderBowl,2570,CSU Pueblo,ii,Rocky Mountain,43,"[8, 14, 14, 7]",,,,613,South Dakota Mines,ii,Rocky Mountain,0,"[0, 0, 0, 0]",,,,,,,
401773545,2025,1,regular,2025-08-29T00:00:00.000Z,False,True,False,False,,5938,Al Whitehead Field at Greyhound Stadium,2201,Eastern New Mexico,ii,Lone Star,28,[],,,,2424,New Mexico Highlands,ii,Rocky Mountain,34,[],,,,,,,
401762430,2025,1,regular,2025-08-29T00:30:00.000Z,False,True,False,False,26294,7221,Protective Stadium,5,UAB,fbs,American Athletic,52,"[10, 7, 21, 14]",0.6135753989219666,1319,1319,2011,Alabama State,fcs,SWAC,42,"[7, 14, 7, 14]",0.38642460107803345,,,6.530426333629312,,,
401752796,2025,1,regular,2025-08-29T01:00:00.000Z,False,True,True,False,72884,3622,GEHA Field at Arrowhead Stadium,2132,Cincinnati,fbs,Big 12,17,"[3, 0, 7, 7]",0.6849573254585266,1475,1477,158,Nebraska,fbs,Big Ten,20,"[0, 13, 0, 7]",0.3150426745414734,1524,1522,6.207148038057158,,,
401762791,2025,1,regular,2025-08-29T01:00:00.000Z,False,True,False,False,65952,347,Camp Randall Stadium,275,Wisconsin,fbs,Big Ten,17,"[3, 0, 7, 7]",1,1536,1573,193,Miami (OH),fbs,Mid-American,0,"[0, 0, 0, 0]",0,1528,1491,3.079787957421434,,,
401760357,2025,1,regular,2025-08-29T02:00:00.000Z,False,True,False,False,20624,7311,Snapdragon Stadium,21,San Diego State,fbs,Mountain West,42,"[14, 6, 8, 14]",1,1318,1318,2619,Stony Brook,fcs,Coastal Athletic,0,"[0, 0, 0, 0]",0,,,2.6060254433997136,,,
401762432,2025,1,regular,2025-08-29T22:00:00.000Z,False,True,False,False,23032,3841,Michie Stadium,349,Army,fbs,American Athletic,27,"[7, 10, 7, 0, 3]",0.34902462363243103,1607,1607,2627,Tarleton State,fcs,UAC,30,"[3, 7, 7, 7, 6]",0.650975376367569,,,6.9127413278628165,,,
401767140,2025,1,regular,2025-08-29T22:00:00.000Z,False,True,False,True,5267,3824,Meade Stadium,227,Rhode Island,fcs,Coastal Athletic,31,"[7, 7, 3, 14]",0.8988567590713501,,,2097,Campbell,fcs,Coastal Athletic,20,"[7, 10, 3, 0]",0.1011432409286499,,,5.535360649739247,,,
401773529,2025,1,regular,2025-08-29T22:00:00.000Z,False,True,False,False,,10803,Pen-Air Field,110242,West Florida,ii,Gulf South,48,"[21, 10, 10, 7]",,,,2331,Lenoir Rhyne,ii,South Atlantic,21,"[0, 7, 14, 0]",,,,,,,
401766898,2025,1,regular,2025-08-29T23:00:00.000Z,False,True,False,False,18034,2031,Pitbull Stadium,2229,Florida International,fbs,Conference USA,42,"[7, 21, 7, 7]",0.9834718108177185,1372,1372,2065,Bethune-Cookman,fcs,SWAC,9,"[3, 3, 0, 3]",0.016528189182281494,,,2.954049844219754,,,
401761589,2025,1,regular,2025-08-29T23:00:00.000Z,False,True,True,False,35718,3628,Bank of America Stadium,2429,Charlotte,fbs,American Athletic,11,"[3, 0, 0, 8]",0.042695220559835434,1254,1221,2026,App State,fbs,Sun Belt,34,"[0, 17, 10, 7]",0.9573047794401646,1428,1461,3.6672300484451488,,Duke’s Mayo Classic,
401752802,2025,1,regular,2025-08-29T23:00:00.000Z,False,True,False,False,71657,3936,Spartan Stadium,127,Michigan State,fbs,Big Ten,23,"[7, 14, 2, 0]",1,1368,1403,2711,Western Michigan,fbs,Mid-American,6,"[0, 0, 0, 6]",0,1345,1310,2.8680052592635046,,,
401754374,2025,1,regular,2025-08-29T23:00:00.000Z,False,True,False,False,30789,3630,Allegacy Federal Credit Union Stadium,154,Wake Forest,fbs,ACC,10,"[7, 0, 3, 0]",0.9848545789718628,1397,1394,338,Kennesaw State,fbs,Conference USA,9,"[6, 0, 3, 0]",0.015145421028137207,1266,1269,5.674199343634623,,,
401779329,2025,1,regular,2025-08-29T23:00:00.000Z,False,True,False,False,4955,36,Leonidoff Field,2368,Marist,fcs,Pioneer,31,"[17, 0, 7, 7]",0.9324835538864136,,,2441,New Haven,fcs,NEC,14,"[0, 7, 0, 7]",0.06751644611358643,,,3.225941784924518,,,
401767256,2025,1,regular,2025-08-29T23:00:00.000Z,False,True,False,False,3032,3617,Andy Kerr Stadium,2142,Colgate,fcs,Patriot,39,"[14, 10, 7, 8]",0.4697023630142212,,,2405,Monmouth,fcs,Coastal Athletic,42,"[0, 7, 14, 21]",0.5302976369857788,,,6.352487419957231,,,
401756854,2025,1,regular,2025-08-29T23:30:00.000Z,False,True,False,False,39129,3833,Memorial Stadium,2305,Kansas,fbs,Big 12,46,"[14, 15, 10, 7]",0.9886996150016785,1633,1633,2681,Wagner,fcs,NEC,7,"[0, 7, 0, 0]",0.011300384998321533,,,1.6895921395162847,,,
401752795,2025,1,regular,2025-08-29T23:30:00.000Z,False,True,False,False,56040,3832,"Memorial Stadium (Champaign, IL)",356,Illinois,fbs,Big Ten,52,"[14, 17, 7, 14]",0.9946691989898682,1578,1578,2710,Western Illinois,fcs,OVC-Big South,3,"[0, 0, 0, 3]",0.005330801010131836,,,1.9825601280930891,,,
401754375,2025,1,regular,2025-08-30T00:00:00.000Z,False,True,False,False,52868,3726,Folsom Field,38,Colorado,fbs,Big 12,20,"[7, 3, 3, 7]",0.467380553483963,1634,1613,59,Georgia Tech,fbs,ACC,27,"[0, 13, 7, 7]",0.532619446516037,1536,1557,5.409469095229784,,,
401752667,2025,1,regular,2025-08-30T00:00:00.000Z,False,True,False,False,45233,4727,McLane Stadium,239,Baylor,fbs,Big 12,24,"[3, 7, 7, 7]",0.19976085424423218,1604,1569,2,Auburn,fbs,SEC,38,"[7, 10, 14, 7]",0.8002391457557678,1574,1609,5.207606567811596,,,
401757224,2025,1,regular,2025-08-30T01:30:00.000Z,False,True,True,False,5837,3631,BBVA Compass Stadium,2534,Sam Houston,fbs,Conference USA,21,"[7, 0, 0, 14]",0.03245411068201065,1411,1397,2439,UNLV,fbs,Mountain West,38,"[14, 10, 7, 7]",0.9675458893179893,1619,1633,3.6618211785683403,,,
401760358,2025,1,regular,2025-08-30T02:30:00.000Z,False,True,False,False,14877,3935,CEFCU Stadium,23,San José State,fbs,Mountain West,14,"[0, 7, 7, 0]",0.032235562801361084,1484,1467,2117,Central Michigan,fbs,Mid-American,16,"[10, 3, 0, 3]",0.9677644371986389,1235,1252,6.0997865114863705,,,
401773141,2025,1,regular,2025-08-30T16:00:00.000Z,False,True,False,False,,4015,Barron Stadium,2560,Shorter,ii,Carolinas,7,"[0, 7, 0, 0]",,,,129469,Anderson (SC),ii,South Atlantic,34,"[0, 7, 20, 7]",,,,,,,
401754520,2025,1,regular,2025-08-30T16:00:00.000Z,False,True,False,False,53006,3752,Acrisure Stadium,221,Pittsburgh,fbs,ACC,61,"[14, 20, 14, 13]",0.9959656000137329,1470,1470,2184,Duquesne,fcs,NEC,9,"[0, 6, 0, 3]",0.00403439998626709,,,2.544712763176378,,,
401767732,2025,1,regular,2025-08-30T16:00:00.000Z,False,True,False,False,4463,3741,Goodman Stadium,2329,Lehigh,fcs,Patriot,21,"[0, 7, 7, 7]",0.8101183772087097,,,257,Richmond,fcs,Patriot,14,"[7, 0, 7, 0]",0.18988162279129028,,,4.8197071156275255,,,
401752673,2025,1,regular,2025-08-30T16:00:00.000Z,False,True,False,False,33485,3815,M. M. Roberts Stadium,2572,Southern Miss,fbs,Sun Belt,17,"[3, 7, 0, 7]",0.018377596512436867,1119,1107,344,Mississippi State,fbs,SEC,34,"[10, 3, 21, 0]",0.9816224034875631,1412,1424,4.441994027739813,,,
401752797,2025,1,regular,2025-08-30T16:00:00.000Z,False,True,False,False,35067,3665,SECU Stadium,120,Maryland,fbs,Big Ten,39,"[7, 26, 6, 0]",0.9894888997077942,1438,1509,2226,Florida Atlantic,fbs,American Athletic,7,"[7, 0, 0, 0]",0.01051110029220581,1311,1240,4.0587975477575435,,,
401773452,2025,1,regular,2025-08-30T16:00:00.000Z,False,True,False,False,,4441,McConnell Family Stadium,367,Gannon,ii,Pennsylvania State Athletic,12,"[6, 0, 0, 6]",,,,110254,Davenport,ii,GLIAC,21,"[7, 7, 7, 0]",,,,,,,
401773696,2025,1,regular,2025-08-30T16:00:00.000Z,False,True,False,False,,3663,Burke-Tarr Stadium,2105,Carson Newman,ii,South Atlantic,41,"[7, 14, 7, 13]",,,,2707,West Virginia State,ii,Mountain East,10,"[3, 0, 0, 7]",,,,,,,
401752676,2025,1,regular,2025-08-30T16:00:00.000Z,False,True,True,False,45918,5348,Mercedes-Benz Stadium,2633,Tennessee,fbs,SEC,45,"[17, 14, 7, 7]",0.9841050505638123,1776,1799,183,Syracuse,fbs,ACC,26,"[0, 14, 6, 6]",0.015894949436187744,1499,1476,3.339909414752006,,Aflac Kickoff,
401752677,2025,1,regular,2025-08-30T16:00:00.000Z,False,True,False,False,107524,3861,Ohio Stadium,194,Ohio State,fbs,Big Ten,14,"[0, 7, 0, 7]",0.7310812473297119,1974,1977,251,Texas,fbs,SEC,7,"[0, 0, 0, 7]",0.2689187526702881,1861,1858,2.8501456148390796,,,
401752801,2025,1,regular,2025-08-30T16:00:00.000Z,False,True,False,False,53994,3907,Ross-Ade Stadium,2509,Purdue,fbs,Big Ten,31,"[14, 7, 7, 3]",0.988307774066925,1207,1293,2050,Ball State,fbs,Mid-American,0,"[0, 0, 0, 0]",0.011692225933074951,1224,1138,2.2003856045032593,,,
401767509,2025,1,regular,2025-08-30T16:00:00.000Z,False,True,False,False,10691,3782,Johnson Hagood Stadium,2643,The Citadel,fcs,Southern,0,"[0, 0, 0, 0]",0.01062143687158823,,,2449,North Dakota State,fcs,MVFC,38,"[0, 17, 14, 7]",0.9893785631284118,,,2.445577702992695,,,
401752803,2025,1,regular,2025-08-30T16:00:00.000Z,False,True,False,False,22103,4729,Yulman Stadium,2655,Tulane,fbs,American Athletic,23,"[7, 13, 3, 0]",1,1616,1644,77,Northwestern,fbs,Big Ten,3,"[3, 0, 0, 0]",0,1431,1403,2.4735579019831504,,,
401762792,2025,1,regular,2025-08-30T16:00:00.000Z,False,True,False,False,8647,3696,Dix Stadium,2309,Kent State,fbs,Mid-American,21,"[0, 7, 7, 7]",0.7662817239761353,1006,1006,2771,Merrimack,fcs,FCS Independents,17,"[0, 3, 3, 11]",0.23371827602386475,,,5.994707794081288,,,
401762434,2025,1,regular,2025-08-30T16:00:00.000Z,False,True,False,False,30014,3852,Navy-Marine Corps Memorial Stadium,2426,Navy,fbs,American Athletic,52,"[7, 21, 10, 14]",0.9952975511550903,1543,1543,2678,VMI,fcs,Southern,7,"[0, 0, 7, 0]",0.004702448844909668,,,1.9702852958010257,,,
401752670,2025,1,regular,2025-08-30T16:45:00.000Z,False,True,False,False,56457,3683,Kroger Field,96,Kentucky,fbs,SEC,24,"[7, 3, 0, 14]",0.9706190228462219,1498,1507,2649,Toledo,fbs,Mid-American,16,"[0, 2, 0, 14]",0.029380977153778076,1454,1445,3.6450777717616583,,,
401773684,2025,1,regular,2025-08-30T17:00:00.000Z,False,True,False,False,,5887,I.L. & Sue Morris Stadium,2249,Glenville State,ii,Mountain East,17,"[0, 10, 7, 0]",,,,2213,Emory & Henry,ii,South Atlantic,45,"[14, 10, 7, 14]",,,,,,,
401767230,2025,1,regular,2025-08-30T17:00:00.000Z,False,True,False,False,,3962,Tucker Stadium,2635,Tennessee Tech,fcs,OVC-Big South,65,"[21, 24, 7, 13]",0.9872741103172302,,,2161,Cumberland (TN),,,0,"[0, 0, 0, 0]",0.012725889682769775,,,2.4019258202759333,,,
401774011,2025,1,regular,2025-08-30T17:00:00.000Z,False,True,True,True,,3727,Ford Field,2119,Central State,ii,SIAC,24,"[0, 16, 0, 8]",,,,2310,Kentucky State,ii,SIAC,34,"[0, 10, 10, 14]",,,,,,,
401773057,2025,1,regular,2025-08-30T17:00:00.000Z,False,True,False,False,,3811,Lubbers Stadium,125,Grand Valley State,ii,GLIAC,45,"[14, 7, 14, 10]",,,,2339,Lincoln (PA),ii,CIAA,9,"[6, 3, 0, 0]",,,,,,,
401773699,2025,1,regular,2025-08-30T17:00:00.000Z,False,True,False,False,,7422,Municipal Stadium,126086,Post,ii,Northeast 10,51,"[13, 17, 0, 21]",,,,455,West Virginia Wesleyan,ii,Mountain East,14,"[0, 0, 14, 0]",,,,,,,
401773099,2025,1,regular,2025-08-30T17:00:00.000Z,False,True,False,False,,6068,George Williams Athletic Complex,2551,Shaw,ii,CIAA,7,"[0, 7, 0, 0]",,,,2013,Albany State,ii,SIAC,51,"[17, 14, 13, 7]",,,,,,,
401767602,2025,1,regular,2025-08-30T17:00:00.000Z,False,True,False,False,3291,3897,Richardson Stadium,2166,Davidson,fcs,Pioneer,14,"[7, 7, 0, 0]",0.010301982052624226,,,46,Georgetown,fcs,Patriot,51,"[20, 18, 7, 6]",0.9896980179473758,,,3.4222123258799364,,,
401773572,2025,1,regular,2025-08-30T17:00:00.000Z,False,True,False,False,,5917,Ratliff Stadium,110243,UT Permian Basin,ii,Lone Star,34,"[7, 6, 18, 3]",,,,2122,Central Oklahoma,ii,Mid America,14,"[0, 7, 7, 0]",,,,,,,
401773520,2025,1,regular,2025-08-30T17:15:00.000Z,False,True,True,False,,3803,Legion Field,2805,Clark Atlanta,ii,SIAC,28,"[7, 7, 14, 0]",,,,2673,Valdosta State,ii,Gulf South,31,"[7, 7, 14, 3]",,,,,,,
401767657,2025,1,regular,2025-08-30T18:00:00.000Z,False,True,False,False,4197,3668,Campus Field,2529,Sacred Heart,fcs,FCS Independents,12,"[0, 0, 9, 3]",0.8549244999885559,,,284,Stonehill,fcs,NEC,7,"[0, 0, 0, 7]",0.1450755000114441,,,4.495925130218083,,,
401767339,2025,1,regular,2025-08-30T18:00:00.000Z,False,True,False,False,8347,3868,Paladin Stadium,231,Furman,fcs,Southern,23,"[7, 7, 3, 6]",0.5543133616447449,,,2729,William & Mary,fcs,Coastal Athletic,21,"[0, 7, 14, 0]",0.4456866383552551,,,5.031048064378426,,,
401773444,2025,1,regular,2025-08-30T18:00:00.000Z,False,True,False,False,,6034,Yager Stadium at Moore Bowl,2687,Washburn,ii,Mid America,20,"[0, 17, 0, 3]",,,,2654,Truman State,ii,Great Lakes,17,"[10, 0, 0, 7]",,,,,,,
401767655,2025,1,regular,2025-08-30T18:00:00.000Z,False,True,False,False,1640,3655,Brown Field,2674,Valparaiso,fcs,Pioneer,67,"[13, 13, 35, 6]",0.9562124609947205,,,2355,Virginia Lynchburg,,,10,"[0, 10, 0, 0]",0.04378753900527954,,,2.7519606071353,,,
401754518,2025,1,regular,2025-08-30T18:00:00.000Z,False,True,False,False,41221,3615,"Alumni Stadium (Chestnut Hill, MA)",103,Boston College,fbs,ACC,66,"[14, 7, 24, 21]",0.9878271818161011,1508,1508,2230,Fordham,fcs,Patriot,10,"[3, 0, 0, 7]",0.012172818183898926,,,1.976087307715974,,,
401757167,2025,1,regular,2025-08-30T18:00:00.000Z,False,True,False,False,37594,3892,Pratt & Whitney Stadium,41,UConn,fbs,FBS Independents,59,"[14, 21, 10, 14]",0.990516722202301,1454,1454,2115,Central Connecticut,fcs,NEC,13,"[7, 3, 3, 0]",0.009483277797698975,,,3.3336148066236553,,,
401767536,2025,1,regular,2025-08-30T18:00:00.000Z,False,True,False,False,9079,3967,UNI-Dome,2460,Northern Iowa,fcs,MVFC,38,"[10, 7, 14, 7]",0.9905584454536438,,,2086,Butler,fcs,Pioneer,14,"[7, 7, 0, 0]",0.009441554546356201,,,3.394426060311663,,,
401756878,2025,1,regular,2025-08-30T18:00:00.000Z,False,True,False,False,57093,3842,Milan Puskar Stadium,277,West Virginia,fbs,Big 12,45,"[7, 3, 14, 21]",0.9934393763542175,1470,1470,2523,Robert Morris,fcs,NEC,3,"[0, 3, 0, 0]",0.006560623645782471,,,2.9644348700139513,,,
401773448,2025,1,regular,2025-08-30T18:00:00.000Z,False,True,False,False,,5944,Ray Dennison Memorial Field,2237,Fort Lewis,ii,Rocky Mountain,14,"[0, 7, 7, 0]",,,,2911,William Jewell,ii,Great Lakes,34,"[10, 7, 7, 10]",,,,,,,
401773627,2025,1,regular,2025-08-30T18:00:00.000Z,False,True,False,False,,5872,Kirkeby-Over Stadium,2043,Augustana (SD),ii,Northern Sun,30,"[9, 0, 7, 14]",,,,137,Missouri Western,ii,Mid America,26,"[6, 10, 3, 7]",,,,,,,
401752806,2025,1,regular,2025-08-30T18:30:00.000Z,False,True,False,False,47109,3830,"Memorial Stadium (Bloomington, IN)",84,Indiana,fbs,Big Ten,27,"[7, 10, 10, 0]",0.7637277245521545,1800,1800,295,Old Dominion,fbs,Sun Belt,14,"[7, 0, 0, 7]",0.23627227544784546,1480,1480,3.5853643609346264,,,
401754519,2025,1,regular,2025-08-30T19:00:00.000Z,False,True,False,False,50536,3873,L&N Federal Credit Union Stadium,97,Louisville,fbs,ACC,51,"[21, 20, 7, 3]",0.9674173593521118,1706,1706,2198,Eastern Kentucky,fcs,UAC,17,"[0, 7, 0, 10]",0.032582640647888184,,,2.510451246927339,,,
401767119,2025,1,regular,2025-08-30T19:00:00.000Z,False,True,False,False,4153,3856,Nottingham Field,2458,Northern Colorado,fcs,Big Sky,17,"[14, 0, 0, 3]",0.6649209856987,,,2123,Chadron State,ii,Rocky Mountain,3,"[0, 0, 3, 0]",0.33507901430130005,,,2.3869153932936764,,,
401767179,2025,1,regular,2025-08-30T19:00:00.000Z,False,True,False,False,13576,3976,Mississippi Veterans Memorial Stadium,2296,Jackson State,fcs,SWAC,28,"[7, 7, 0, 14]",0.6636216640472412,,,2261,Hampton,fcs,Coastal Athletic,14,"[7, 0, 0, 7]",0.3363783359527588,,,6.255411792095511,,,
401752807,2025,1,regular,2025-08-30T19:30:00.000Z,False,True,False,False,106915,3632,Beaver Stadium,213,Penn State,fbs,Big Ten,46,"[10, 17, 12, 7]",0.9887898564338684,2063,2073,2440,Nevada,fbs,Mountain West,11,"[0, 3, 0, 8]",0.011210143566131592,1294,1284,2.740640517537327,,,
401752665,2025,1,regular,2025-08-30T19:30:00.000Z,False,True,False,False,67277,3697,Doak Campbell Stadium,52,Florida State,fbs,ACC,31,"[7, 10, 7, 7]",0.9999723434448242,1408,1477,333,Alabama,fbs,SEC,17,"[7, 0, 3, 7]",2.765655517578125e-05,1824,1755,3.890692760872287,,,
401760359,2025,1,regular,2025-08-30T19:30:00.000Z,False,True,False,False,30207,3713,Falcon Stadium,2005,Air Force,fbs,Mountain West,49,"[14, 14, 14, 7]",0.9939007759094238,1438,1438,2083,Bucknell,fcs,Patriot,13,"[0, 7, 3, 3]",0.006099224090576172,,,2.7835130951563953,,,
401762456,2025,1,regular,2025-08-30T19:30:00.000Z,False,True,False,False,11565,3985,Warren McGuirk Alumni Stadium,113,Massachusetts,fbs,Mid-American,10,"[10, 0, 0, 0]",0.022659098729491234,1193,1101,218,Temple,fbs,American Athletic,42,"[7, 21, 0, 14]",0.9773409012705088,1192,1284,3.8483313691960914,,,
401752669,2025,1,regular,2025-08-30T19:30:00.000Z,False,True,False,False,93033,3917,Sanford Stadium,61,Georgia,fbs,SEC,45,"[14, 10, 14, 7]",0.9931291341781616,1998,2053,276,Marshall,fbs,Sun Belt,7,"[0, 0, 0, 7]",0.006870865821838379,1574,1519,2.831958872682932,,,
401756853,2025,1,regular,2025-08-30T19:30:00.000Z,False,True,False,False,61500,3772,Jack Trice Stadium,66,Iowa State,fbs,Big 12,55,"[14, 13, 14, 14]",0.9931229948997498,1621,1621,233,South Dakota,fcs,MVFC,7,"[7, 0, 0, 0]",0.006877005100250244,,,2.7165267446492507,,,
401762793,2025,1,regular,2025-08-30T19:30:00.000Z,False,True,False,False,10569,3764,Huskie Stadium,2459,Northern Illinois,fbs,Mid-American,19,"[3, 3, 0, 13]",0.8795457482337952,1470,1470,107,Holy Cross,fcs,Patriot,17,"[0, 3, 0, 14]",0.12045425176620483,,,5.4788604432195065,,,
401773086,2025,1,regular,2025-08-30T20:00:00.000Z,False,True,True,False,,3750,Harvard Stadium,60,Morehouse,ii,SIAC,9,"[0, 3, 6, 0]",,,,2304,Johnson C. Smith,ii,CIAA,45,"[13, 13, 12, 7]",,,,,,,
401752804,2025,1,regular,2025-08-30T20:00:00.000Z,False,True,False,False,57257,3626,Autzen Stadium,2483,Oregon,fbs,Big Ten,59,"[17, 21, 14, 7]",0.9927279949188232,1860,1860,147,Montana State,fcs,Big Sky,13,"[0, 3, 3, 7]",0.007272005081176758,,,2.4032563558584434,,,
401767350,2025,1,regular,2025-08-30T20:00:00.000Z,False,True,True,False,22455,3948,Hard Rock Stadium,50,Florida A&M,fcs,SWAC,9,"[0, 3, 0, 6]",0.5073867440223694,,,47,Howard,fcs,MEAC,10,"[0, 7, 0, 3]",0.4926132559776306,,,5.544102718490406,,Invesco QQQ Orange Blossom Classic,
401757220,2025,1,regular,2025-08-30T20:00:00.000Z,False,True,False,False,20337,3992,Williams Stadium (VA),2335,Liberty,fbs,Conference USA,28,"[0, 7, 0, 21]",1,1502,1502,311,Maine,fcs,Coastal Athletic,7,"[0, 7, 0, 0]",0,,,4.596249113453677,,,
401752666,2025,1,regular,2025-08-30T20:15:00.000Z,False,True,False,False,70827,3887,Razorback Stadium,8,Arkansas,fbs,SEC,52,"[10, 21, 14, 7]",0.954650342464447,1574,1574,2010,Alabama A&M,fcs,SWAC,7,"[7, 0, 0, 0]",0.04534965753555298,,,3.687395892523427,,,
401767223,2025,1,regular,2025-08-30T20:30:00.000Z,False,True,False,False,8865,3810,Nissan Stadium,2634,Tennessee State,fcs,OVC-Big South,24,"[7, 3, 7, 7]",0.38245952129364014,,,2448,North Carolina A&T,fcs,Coastal Athletic,21,"[7, 7, 0, 7]",0.6175404787063599,,,7.17917179711061,,,
401762433,2025,1,regular,2025-08-30T20:30:00.000Z,False,True,False,False,25011,3805,Simmons Bank Liberty Stadium,235,Memphis,fbs,American Athletic,45,"[14, 14, 10, 7]",0.9938881397247314,1604,1604,236,Chattanooga,fcs,Southern,10,"[0, 3, 0, 7]",0.006111860275268555,,,1.8319668734099273,,,
401767425,2025,1,regular,2025-08-30T21:00:00.000Z,False,True,False,True,,3896,Rice-Totten Field,2400,Mississippi Valley State,fcs,SWAC,29,"[3, 10, 9, 7]",0.0557040236890316,,,2582,Southern,fcs,SWAC,34,"[3, 14, 7, 10]",0.9442959763109684,,,8.164653262719234,,,
401773079,2025,1,regular,2025-08-30T21:00:00.000Z,False,True,False,False,,5875,Charlie W. Johnson Stadium,490,Benedict,ii,SIAC,10,"[3, 7, 0, 0]",,,,2220,Fayetteville State,ii,CIAA,0,"[0, 0, 0, 0]",,,,,,,
401777980,2025,1,regular,2025-08-30T21:00:00.000Z,False,True,False,True,,6066,Pace Stadium,2487,Pace,ii,Northeast 10,10,"[7, 3, 0, 0]",,,,2830,Saint Anselm,ii,Northeast 10,34,"[7, 6, 7, 14]",,,,,,,
401773524,2025,1,regular,2025-08-30T21:15:00.000Z,False,True,True,False,,3803,Legion Field,2695,West Alabama,ii,Gulf South,27,"[3, 10, 0, 14]",,,,2232,Fort Valley State,ii,SIAC,17,"[7, 0, 7, 3]",,,,,,,
401767454,2025,1,regular,2025-08-30T21:30:00.000Z,False,True,False,False,9122,5400,William B. Greene Jr. Stadium,2193,East Tennessee State,fcs,Southern,45,"[14, 10, 14, 7]",0.9904863834381104,,,93,Murray State,fcs,MVFC,17,"[0, 3, 14, 0]",0.009513616561889648,,,3.36403462775487,,,
401752799,2025,1,regular,2025-08-30T22:00:00.000Z,False,True,False,False,69250,3793,Kinnick Stadium,2294,Iowa,fbs,Big Ten,34,"[3, 14, 7, 10]",0.9937663078308105,1682,1682,399,UAlbany,fcs,Coastal Athletic,7,"[0, 7, 0, 0]",0.006233692169189453,,,3.449036446083837,,,
401767572,2025,1,regular,2025-08-30T22:00:00.000Z,False,True,False,False,8149,4417,Five Star Stadium at the Moye Complex,2382,Mercer,fcs,Southern,10,"[7, 0, 3, 0]",0.4478224217891693,,,2506,Presbyterian,fcs,Pioneer,15,"[0, 6, 3, 6]",0.5521775782108307,,,4.964711559409052,,,
401767201,2025,1,regular,2025-08-30T22:00:00.000Z,False,True,False,False,11889,3704,E. J. Whitmire Stadium,2717,Western Carolina,fcs,Southern,45,"[21, 14, 7, 3]",0.48991143703460693,,,2241,Gardner-Webb,fcs,OVC-Big South,52,"[7, 14, 7, 24]",0.5100885629653931,,,6.93640495868696,,,
401761590,2025,1,regular,2025-08-30T22:00:00.000Z,False,True,False,False,24965,3651,Bridgeforth Stadium,256,James Madison,fbs,Sun Belt,45,"[14, 14, 3, 14]",0.99522864818573,1627,1627,2692,Weber State,fcs,Big Sky,10,"[0, 7, 3, 0]",0.0047713518142700195,,,2.311021820853732,,,
401754616,2025,1,regular,2025-08-30T22:00:00.000Z,False,True,False,False,46143,3923,Scott Stadium,258,Virginia,fbs,ACC,48,"[7, 21, 14, 6]",0.9922709465026855,1404,1521,324,Coastal Carolina,fbs,Sun Belt,7,"[0, 0, 7, 0]",0.007729053497314453,1379,1262,2.5924538254952325,,,
401767634,2025,1,regular,2025-08-30T22:00:00.000Z,False,True,False,False,5897,3774,Jayne Stadium,2413,Morehead State,fcs,Pioneer,38,"[14, 10, 7, 7]",0.8494521975517273,,,2019,Allen,ii,SIAC,31,"[7, 7, 7, 10]",0.1505478024482727,,,4.3172128237630005,,,
401773657,2025,1,regular,2025-08-30T22:00:00.000Z,False,True,False,False,,6033,Carl Smith Stadium,2842,UVA Wise,ii,South Atlantic,29,"[0, 8, 8, 13]",,,,2148,Concord,ii,Mountain East,37,"[14, 16, 7, 0]",,,,,,,
401773129,2025,1,regular,2025-08-30T22:00:00.000Z,False,True,False,False,,5781,Irwin Belk Stadium,351,Wingate,ii,South Atlantic,30,"[10, 7, 7, 6]",,,,2882,UNC Pembroke,ii,Carolinas,21,"[7, 0, 0, 14]",,,,,,,
401767265,2025,1,regular,2025-08-30T22:00:00.000Z,False,True,False,False,,3862,O'Kelly-Riddick Stadium,2428,North Carolina Central,fcs,MEAC,10,"[0, 3, 7, 0]",0.040826719254255295,,,160,New Hampshire,fcs,Coastal Athletic,27,"[0, 10, 14, 3]",0.9591732807457447,,,6.504356067494512,,,
401767651,2025,1,regular,2025-08-30T22:00:00.000Z,False,True,False,False,1975,4416,Spec Martin Municipal Stadium,56,Stetson,fcs,Pioneer,21,"[7, 0, 7, 7]",0.37303516268730164,,,2691,Webber International,,,31,"[0, 17, 7, 7]",0.6269648373126984,,,5.715634424298559,,,
401752675,2025,1,regular,2025-08-30T22:00:00.000Z,False,True,False,False,83218,3835,"Memorial Stadium (Norman, OK)",201,Oklahoma,fbs,SEC,35,"[7, 14, 0, 14]",0.9841676354408264,1650,1650,2287,Illinois State,fcs,MVFC,3,"[0, 0, 3, 0]",0.015832364559173584,,,2.339243175901871,,,
401767415,2025,1,regular,2025-08-30T22:00:00.000Z,False,True,False,False,6208,3864,Oliver C. Dawson Stadium,2569,South Carolina State,fcs,MEAC,16,"[3, 3, 3, 7]",0.2402149736881256,,,2747,Wofford,fcs,Southern,15,"[0, 7, 0, 8]",0.7597850263118744,,,7.936482794050551,,,
401774027,2025,1,regular,2025-08-30T22:00:00.000Z,False,True,False,True,,3952,Ted Wright Stadium,2542,Savannah State,ii,SIAC,14,"[14, 0, 0, 0]",,,,2206,Edward Waters,ii,SIAC,41,"[21, 10, 7, 3]",,,,,,,
401773926,2025,1,regular,2025-08-30T22:00:00.000Z,False,True,False,False,,5122,Shuford Stadium,2107,Catawba,ii,South Atlantic,45,"[14, 21, 0, 10]",,,,366,Ferrum,ii,Carolinas,13,"[3, 3, 7, 0]",,,,,,,
401773676,2025,1,regular,2025-08-30T22:00:00.000Z,False,True,False,False,,3642,Bobcat Stadium (MD),341,Frostburg State,ii,Mountain East,41,"[7, 13, 7, 14]",,,,2974,Shepherd,ii,Pennsylvania State Athletic,27,"[3, 10, 7, 7]",,,,,,,
401773113,2025,1,regular,2025-08-30T22:00:00.000Z,False,True,False,False,,5220,Garrison Stadium,2804,Chowan,ii,Carolinas,28,"[8, 0, 7, 13]",,,,2207,Elizabeth City State,ii,CIAA,14,"[0, 14, 0, 0]",,,,,,,
401757222,2025,1,regular,2025-08-30T23:00:00.000Z,False,True,False,False,18505,3725,"Johnny ""Red"" Floyd Stadium",2393,Middle Tennessee,fbs,Conference USA,14,"[0, 7, 7, 0]",0.04707856848835945,1228,1228,2046,Austin Peay,fcs,UAC,34,"[14, 7, 3, 10]",0.9529214315116405,,,3.462974439157419,,,
401756855,2025,1,regular,2025-08-30T23:00:00.000Z,False,True,False,False,51927,3636,Bill Snyder Family Stadium,2306,Kansas State,fbs,Big 12,38,"[10, 7, 14, 7]",0.9437008500099182,1664,1664,155,North Dakota,fcs,MVFC,35,"[7, 14, 0, 14]",0.05629914999008179,,,7.381952693813373,,,
401773555,2025,1,regular,2025-08-30T23:00:00.000Z,False,True,False,False,,6054,Fred G. Hughes Stadium,2403,Missouri Southern State,ii,Mid America,33,"[7, 13, 6, 7]",,,,2395,Midwestern State,ii,Lone Star,19,"[13, 3, 0, 3]",,,,,,,
401773423,2025,1,regular,2025-08-30T23:00:00.000Z,False,True,False,False,,3609,Allgood-Bailey Stadium,2402,Missouri S&T,ii,Great Lakes,51,"[21, 7, 14, 9]",,,,2860,Central Methodist,,,10,"[0, 10, 0, 0]",,,,,,,
401767059,2025,1,regular,2025-08-30T23:00:00.000Z,False,True,False,False,2263,3734,Gayle and Tom Benson Stadium,2916,Incarnate Word,fcs,Southland,31,"[7, 17, 0, 7]",0.9741867780685425,,,331,Eastern Washington,fcs,Big Sky,21,"[0, 21, 0, 0]",0.02581322193145752,,,5.582386082868428,,,
401773961,2025,1,regular,2025-08-30T23:00:00.000Z,False,True,False,False,,6221,Mitchell Stadium,124180,Bluefield State,ii,CIAA,23,"[7, 16, 0, 0]",,,,2839,Tusculum,ii,South Atlantic,49,"[14, 14, 7, 14]",,,,,,,
401761593,2025,1,regular,2025-08-30T23:00:00.000Z,False,True,False,False,14017,6526,Hancock Whitney Stadium,6,South Alabama,fbs,Sun Belt,38,"[7, 10, 7, 14]",0.9894805550575256,1555,1555,2415,Morgan State,fcs,MEAC,21,"[7, 0, 7, 7]",0.010519444942474365,,,4.579103970844046,,,
401752668,2025,1,regular,2025-08-30T23:00:00.000Z,False,True,False,False,89451,3634,Ben Hill Griffin Stadium,57,Florida,fbs,SEC,55,"[14, 24, 10, 7]",0.9889460802078247,1678,1678,2341,Long Island University,fcs,NEC,0,"[0, 0, 0, 0]",0.011053919792175293,,,1.4437960459230383,,,
401757226,2025,1,regular,2025-08-30T23:00:00.000Z,False,True,False,False,12226,3796,Houchens Industries-L.T. Smith Stadium,98,Western Kentucky,fbs,Conference USA,55,"[14, 28, 3, 10]",0.9865192174911499,1445,1445,2453,North Alabama,fcs,UAC,6,"[6, 0, 0, 0]",0.013480782508850098,,,2.9685185692235607,,,
401788977,2025,1,regular,2025-08-30T23:00:00.000Z,False,True,True,False,18435,3766,Independence Stadium,2755,Grambling,fcs,SWAC,55,"[14, 21, 13, 7]",0.9905802607536316,,,2324,Langston,,,7,"[0, 0, 0, 7]",0.009419739246368408,,,3.7083711232097185,,,
401761591,2025,1,regular,2025-08-30T23:00:00.000Z,False,True,False,False,18241,3625,Centennial Bank Stadium,2032,Arkansas State,fbs,Sun Belt,42,"[7, 21, 7, 7]",0.9896280169487,1344,1344,2546,Southeast Missouri State,fcs,OVC-Big South,24,"[7, 3, 0, 14]",0.010371983051300049,,,5.044477295926289,,,
401767547,2025,1,regular,2025-08-30T23:00:00.000Z,False,True,False,False,6585,3913,Saluki Stadium,79,Southern Illinois,fcs,MVFC,49,"[7, 21, 7, 14]",0.9942294955253601,,,2646,Thomas More,ii,Great Midwest Athletic,3,"[0, 3, 0, 0]",0.005770504474639893,,,1.818270020115593,,,
401752678,2025,1,regular,2025-08-30T23:00:00.000Z,False,True,False,False,107521,3795,Kyle Field,245,Texas A&M,fbs,SEC,42,"[7, 14, 14, 7]",1,1674,1700,2636,UTSA,fbs,American Athletic,24,"[3, 7, 7, 7]",0,1529,1503,5.030838796225625,,,
401767490,2025,1,regular,2025-08-30T23:00:00.000Z,False,True,False,False,11279,3686,Cowboy Stadium,2377,McNeese,fcs,Southland,54,"[7, 31, 7, 9]",0.9931218028068542,,,2347,Louisiana Christian,,,9,"[3, 6, 0, 0]",0.006878197193145752,,,3.3971286399351706,,,
401752679,2025,1,regular,2025-08-30T23:00:00.000Z,False,True,False,False,35000,3973,FirstBank Stadium,238,Vanderbilt,fbs,SEC,45,"[14, 14, 7, 10]",0.9889649748802185,1497,1497,2127,Charleston Southern,fcs,OVC-Big South,3,"[0, 0, 0, 3]",0.011035025119781494,,,1.7678967453755141,,,
401767130,2025,1,regular,2025-08-30T23:00:00.000Z,False,True,False,False,19163,5237,Dana J. Dykhouse Stadium,2571,South Dakota State,fcs,MVFC,20,"[3, 14, 0, 3]",1,,,16,Sacramento State,fcs,Big Sky,3,"[3, 0, 0, 0]",0,,,3.06634266034829,,,
401761595,2025,1,regular,2025-08-30T23:00:00.000Z,False,True,False,False,25546,3975,Veterans Memorial Stadium (AL),2653,Troy,fbs,Sun Belt,38,"[0, 7, 3, 28]",0.9957315325737,1476,1476,2447,Nicholls,fcs,Southland,20,"[0, 10, 7, 3]",0.004268467426300049,,,5.097250982479779,,,
401756877,2025,1,regular,2025-08-30T23:30:00.000Z,False,True,False,False,60229,3784,Jones AT&T Stadium,2641,Texas Tech,fbs,Big 12,67,"[23, 24, 14, 6]",0.9876359701156616,1571,1571,2029,Arkansas-Pine Bluff,fcs,SWAC,7,"[0, 0, 0, 7]",0.012364029884338379,,,2.1355264776531504,,,
401752671,2025,1,regular,2025-08-30T23:30:00.000Z,False,True,False,False,81500,3836,"Memorial Stadium (Clemson, SC)",228,Clemson,fbs,ACC,10,"[3, 7, 0, 0]",0.10257373750209808,1704,1692,99,LSU,fbs,SEC,17,"[0, 3, 7, 7]",0.8974262624979019,1718,1730,5.004065274365249,,,
401757221,2025,1,regular,2025-08-30T23:30:00.000Z,False,True,False,False,12872,3776,Joe Aillet Stadium,2348,Louisiana Tech,fbs,Conference USA,24,"[0, 3, 21, 0]",0.932179868221283,1397,1397,2545,SE Louisiana,fcs,Southland,0,"[0, 0, 0, 0]",0.06782013177871704,,,4.255358736024053,,,
401752798,2025,1,regular,2025-08-30T23:30:00.000Z,False,True,False,False,62841,477,Los Angeles Memorial Coliseum,30,USC,fbs,Big Ten,73,"[14, 28, 14, 17]",0.9899773597717285,1676,1841,2623,Missouri State,fbs,Conference USA,13,"[3, 7, 3, 0]",0.010022640228271484,1500,1335,3.0279735308189717,,,
401773406,2025,1,regular,2025-08-30T23:30:00.000Z,False,True,False,False,,6045,Dwight T. Reed Stadium,2876,Lincoln (MO),ii,Great Lakes,55,"[6, 21, 7, 21]",,,,124179,Lincoln (CA),ii,Independent DII,6,"[6, 0, 0, 0]",,,,,,,
401752808,2025,1,regular,2025-08-30T23:30:00.000Z,False,True,False,False,110648,3558,Michigan Stadium,130,Michigan,fbs,Big Ten,34,"[14, 10, 3, 7]",0.9898145198822021,1772,1771,167,New Mexico,fbs,Mountain West,17,"[0, 10, 7, 0]",0.010185480117797852,1331,1332,2.8071636758153686,,,
401757225,2025,1,regular,2025-08-30T23:30:00.000Z,False,True,False,False,16448,3905,Maverik Stadium,328,Utah State,fbs,Mountain West,28,"[10, 10, 8, 0]",0.827567994594574,1408,1418,2638,UTEP,fbs,Conference USA,16,"[7, 3, 0, 6]",0.17243200540542603,1240,1230,4.024054871708383,,,
401752672,2025,1,regular,2025-08-30T23:45:00.000Z,False,True,False,False,66378,3974,Vaught-Hemingway Stadium,145,Ole Miss,fbs,SEC,63,"[7, 18, 17, 21]",0.9927834868431091,1838,1939,2247,Georgia State,fbs,Sun Belt,7,"[0, 7, 0, 0]",0.007216513156890869,1331,1230,2.746951828945296,,,
401756851,2025,1,regular,2025-08-31T00:00:00.000Z,False,True,False,False,64494,3801,LaVell Edwards Stadium,252,BYU,fbs,Big 12,69,"[14, 35, 6, 14]",0.9965556859970093,1644,1644,2502,Portland State,fcs,Big Sky,0,"[0, 0, 0, 0]",0.0034443140029907227,,,2.5564132230791032,,,
401773585,2025,1,regular,2025-08-31T00:00:00.000Z,False,True,False,False,,3633,Ben Altamirano Field,2703,Western New Mexico,ii,Lone Star,35,"[0, 13, 7, 15]",,,,2001,Adams State,ii,Rocky Mountain,21,"[7, 7, 7, 0]",,,,,,,
401767070,2025,1,regular,2025-08-31T00:00:00.000Z,False,True,False,False,5806,716,Torero Stadium,301,San Diego,fcs,Pioneer,17,"[0, 7, 3, 7]",0.013451402075588703,,,13,Cal Poly,fcs,Big Sky,41,"[14, 10, 3, 14]",0.9865485979244113,,,2.7792348732633623,,,
401761594,2025,1,regular,2025-08-31T00:00:00.000Z,False,True,False,False,21082,3644,Bobcat Stadium (TX),326,Texas State,fbs,Sun Belt,52,"[14, 10, 14, 14]",0.9995025992393494,1593,1623,2199,Eastern Michigan,fbs,Mid-American,27,"[3, 14, 0, 10]",0.0004974007606506348,1283,1253,4.503330170819301,,,
401762435,2025,1,regular,2025-08-31T00:00:00.000Z,False,True,False,False,20594,3825,DATCU Stadium,249,North Texas,fbs,American Athletic,51,"[13, 24, 14, 0]",0.990288496017456,1411,1411,2320,Lamar,fcs,Southland,0,"[0, 0, 0, 0]",0.009711503982543945,,,2.3573009786963683,,,
401761592,2025,1,regular,2025-08-31T00:00:00.000Z,False,True,False,False,22148,3666,Cajun Field,309,Louisiana,fbs,Sun Belt,12,"[3, 3, 6, 0]",0.09075912833213806,1474,1463,242,Rice,fbs,American Athletic,14,"[0, 14, 0, 0]",0.9092408716678619,1326,1337,5.187988330546746,,,
401762457,2025,1,regular,2025-08-31T00:00:00.000Z,False,True,False,False,17337,3674,Chapman Stadium,202,Tulsa,fbs,American Athletic,35,"[7, 3, 11, 14]",0.9792423248291016,1041,1041,2000,Abilene Christian,fcs,UAC,7,"[0, 0, 0, 7]",0.020757675170898438,,,2.621739144074778,,,
401767526,2025,1,regular,2025-08-31T00:00:00.000Z,False,True,False,False,12726,6006,Robert and Janet Vackar Stadium,292,UT Rio Grande Valley,fcs,Southland,66,"[28, 21, 14, 3]",0.9922709465026855,,,2834,Sul Ross State,ii,Lone Star,0,"[0, 0, 0, 0]",0.007729053497314453,,,2.608232083631318,,,
401767431,2025,1,regular,2025-08-31T00:00:00.000Z,False,True,False,True,,3631,BBVA Compass Stadium,2640,Texas Southern,fcs,SWAC,21,"[7, 7, 0, 7]",0.6242607831954956,,,2504,Prairie View A&M,fcs,SWAC,22,"[7, 7, 0, 8]",0.3757392168045044,,,6.618072778209336,,,
401767080,2025,1,regular,2025-08-31T00:30:00.000Z,False,True,False,False,5137,3706,Eccles Coliseum,253,Southern Utah,fcs,UAC,46,"[15, 10, 14, 7]",1,,,304,Idaho State,fcs,Big Sky,24,"[0, 14, 7, 3]",0,,,2.709408587976346,,,
401757223,2025,1,regular,2025-08-31T01:00:00.000Z,False,True,False,False,10058,3601,Aggie Memorial Stadium,166,New Mexico State,fbs,Conference USA,19,"[6, 3, 0, 10]",0.8037628531455994,1246,1246,2803,Bryant,fcs,Coastal Athletic,3,"[3, 0, 0, 0]",0.19623714685440063,,,4.622536798733111,,,
401754521,2025,1,regular,2025-08-31T01:00:00.000Z,False,True,False,False,33044,3735,Gerald J. Ford Stadium,2567,SMU,fbs,ACC,42,"[14, 7, 7, 14]",0.9236699342727661,1717,1717,2837,East Texas A&M,fcs,Southland,13,"[0, 3, 0, 10]",0.07633006572723389,,,2.8074836179099596,,,
401760361,2025,1,regular,2025-08-31T01:30:00.000Z,False,True,False,False,36801,3660,Valley Children's Stadium,278,Fresno State,fbs,Mountain West,42,"[10, 3, 15, 14]",1,1441,1516,290,Georgia Southern,fbs,Sun Belt,14,"[7, 7, 0, 0]",0,1457,1382,4.663563603587247,,,
401756850,2025,1,regular,2025-08-31T02:00:00.000Z,False,True,False,False,56759,3947,Mountain America Stadium,9,Arizona State,fbs,Big 12,38,"[14, 3, 14, 7]",0.9801790118217468,1700,1700,2464,Northern Arizona,fcs,Big Sky,19,"[0, 6, 7, 6]",0.019820988178253174,,,3.454469563632829,,,
401767156,2025,1,regular,2025-08-31T02:00:00.000Z,False,True,False,False,4629,3745,Greater Zion Stadium,3101,Utah Tech,fcs,UAC,24,"[3, 7, 14, 0]",0.19132328033447266,,,302,UC Davis,fcs,Big Sky,31,"[7, 0, 14, 10]",0.8086767196655273,,,6.500506947671538,,,
401752947,2025,1,regular,2025-08-31T02:00:00.000Z,False,True,False,False,28243,3820,Gesa Field,265,Washington State,fbs,Pac-12,13,"[0, 7, 3, 3]",0.29766109585762024,1520,1520,70,Idaho,fcs,Big Sky,10,"[0, 0, 0, 10]",0.7023389041423798,,,4.3135115653866585,,,
401756849,2025,1,regular,2025-08-31T02:30:00.000Z,False,True,False,False,42423,3619,Arizona Stadium,12,Arizona,fbs,Big 12,40,"[7, 10, 14, 9]",0.9823190569877625,1371,1451,62,Hawai'i,fbs,Mountain West,6,"[3, 3, 0, 0]",0.01768094301223755,1258,1178,3.2736314520920584,,,
401752936,2025,1,regular,2025-08-31T02:30:00.000Z,False,True,False,False,31630,3893,Reser Stadium,204,Oregon State,fbs,Pac-12,15,"[0, 3, 6, 6]",0.024204296991229057,1406,1371,25,California,fbs,ACC,34,"[14, 3, 7, 10]",0.9757957030087709,1519,1554,2.8187930693076786,,,
401752800,2025,1,regular,2025-08-31T03:00:00.000Z,False,True,False,False,35032,1056,Rose Bowl,26,UCLA,fbs,Big Ten,10,"[0, 7, 3, 0]",0,1492,1404,254,Utah,fbs,Big 12,43,"[13, 10, 7, 13]",1,1542,1630,2.96631481543708,,,
401752805,2025,1,regular,2025-08-31T03:00:00.000Z,False,True,False,False,67778,3765,Husky Stadium,264,Washington,fbs,Big Ten,38,"[7, 7, 14, 10]",0.9972135424613953,1585,1604,36,Colorado State,fbs,Mountain West,21,"[7, 7, 7, 0]",0.0027864575386047363,1382,1363,4.716015967021742,,,
401752680,2025,1,regular,2025-08-31T19:00:00.000Z,False,True,True,False,55531,5348,Mercedes-Benz Stadium,2579,South Carolina,fbs,SEC,24,"[7, 3, 0, 14]",0.8414051532745361,1706,1729,259,Virginia Tech,fbs,ACC,11,"[2, 6, 0, 3]",0.15859484672546387,1598,1575,4.239271697882769,,Aflac Kickoff,
401773072,2025,1,regular,2025-08-31T20:00:00.000Z,False,True,True,False,,3718,Tom Benson Hall of Fame Stadium,2676,Virginia Union,ii,CIAA,45,"[3, 14, 14, 14]",,,,2396,Miles,ii,SIAC,3,"[0, 3, 0, 0]",,,,,,,
401774028,2025,1,regular,2025-08-31T23:00:00.000Z,False,True,True,False,,3689,Cramton Bowl,2657,Tuskegee,ii,SIAC,20,"[3, 0, 14, 3]",,,,2736,Winston-Salem State,ii,CIAA,17,"[7, 3, 0, 7]",,,,,,,
401754522,2025,1,regular,2025-08-31T23:30:00.000Z,False,True,False,False,66793,3948,Hard Rock Stadium,2390,Miami,fbs,ACC,27,"[0, 14, 7, 6]",0.9332687258720398,1736,1743,87,Notre Dame,fbs,FBS Independents,24,"[0, 7, 0, 17]",0.0667312741279602,2173,2166,4.531250325366178,,,
401754523,2025,1,regular,2025-09-02T00:00:00.000Z,False,True,False,False,50500,3787,Kenan Stadium,153,North Carolina,fbs,ACC,14,"[7, 0, 7, 0]",0.029689423739910126,1497,1417,2628,TCU,fbs,Big 12,48,"[7, 13, 21, 7]",0.9703105762600899,1633,1713,3.407486721191629,,,
401838375,2025,1,regular,2025-12-13T17:00:00.000Z,False,True,False,False,,3960,Top Taggart Field,2222,Ferris State,ii,GLIAC,49,"[21, 14, 14, 0]",,,,2444,Newberry,ii,South Atlantic,17,"[7, 10, 0, 0]",,,,,,Division II Championship - Semifinal,
401838335,2025,1,regular,2025-12-13T17:00:00.000Z,False,True,False,False,,4422,Valhalla Stadium,2302,John Carroll,iii,Ohio,21,"[0, 14, 0, 7]",,,,2757,Berry,iii,Southern Athletic,13,"[0, 0, 0, 13]",,,,,,Division III Championship - Quarterfinal,
401838338,2025,1,regular,2025-12-13T17:00:00.000Z,False,True,False,False,,5124,Homewood Field,216,Susquehanna,iii,Landmark Conference,10,"[3, 0, 7, 0]",,,,118,Johns Hopkins,iii,Centennial,40,"[7, 13, 7, 13]",,,,,,Division III Championship - Quarterfinal,
401838376,2025,1,regular,2025-12-13T20:30:00.000Z,False,True,False,False,,4432,Andre Reed Stadium,2315,Kutztown,ii,Pennsylvania State Athletic,27,"[0, 7, 6, 14]",,,,2264,Harding,ii,Great American,49,"[7, 14, 21, 7]",,,,,,Division II Championship - Semifinal,
401773648,2025,2,regular,2025-09-04T22:00:00.000Z,False,True,False,False,,4436,Adamson Stadium,2858,California (PA),ii,Pennsylvania State Athletic,23,"[10, 10, 3, 0]",,,,2128,Charleston (WV),ii,Mountain East,19,"[7, 6, 6, 0]",,,,,,,
401774218,2025,2,regular,2025-09-04T22:00:00.000Z,False,True,False,False,,6092,Bishop Stadium,286,North Carolina Wesleyan,iii,USA South,64,"[23, 20, 14, 7]",,,,2047,Averett,iii,Old Dominion,12,"[6, 0, 6, 0]",,,,,,,
401773700,2025,2,regular,2025-09-04T22:00:00.000Z,False,True,False,False,,5784,Cebe Ross Field,455,West Virginia Wesleyan,ii,Mountain East,20,"[0, 0, 20, 0]",,,,2134,Clarion,ii,Pennsylvania State Athletic,48,"[13, 28, 7, 0]",,,,,,,
401773494,2025,2,regular,2025-09-04T22:00:00.000Z,False,True,False,False,,3600,Tom Adams Field,131,Wayne State (MI),ii,GLIAC,7,"[0, 0, 0, 7]",,,,2838,Tiffin,ii,Great Midwest Athletic,34,"[0, 20, 0, 14]",,,,,,,
401778004,2025,2,regular,2025-09-04T23:00:00.000Z,False,True,False,False,,5810,Coyer Field,2085,Buffalo State,iii,Liberty League,0,"[0, 0, 0, 0]",,,,2781,Brockport,iii,Empire 8,41,"[7, 14, 14, 6]",,,,,,,
401773382,2025,2,regular,2025-09-04T23:00:00.000Z,False,True,False,True,,5891,Wilkins Stadium,2568,Southern Arkansas,ii,Great American,49,"[7, 21, 7, 14]",,,,319,Oklahoma Baptist,ii,Great American,14,"[0, 0, 7, 7]",,,,,,,
401777200,2025,2,regular,2025-09-04T23:00:00.000Z,False,True,False,False,,6146,Memorial Field (PA),2849,Westminster (PA),iii,Presidents',8,"[0, 0, 8, 0]",,,,317,Marietta,iii,Ohio,12,"[0, 6, 6, 0]",,,,,,,
401774158,2025,2,regular,2025-09-04T23:00:00.000Z,False,True,False,False,,5916,Carson Park,2738,Wisconsin Eau Claire,iii,Wisconsin,29,"[3, 9, 14, 3]",,,,32,Carroll (WI),iii,CCIW,7,"[0, 0, 0, 7]",,,,,,,
401777085,2025,2,regular,2025-09-04T23:00:00.000Z,False,True,False,False,,5854,Hoernemann Stadium,191,Heidelberg,iii,Ohio,65,"[20, 10, 14, 21]",,,,2274,Hiram,iii,Presidents',27,"[0, 7, 7, 13]",,,,,,,
401773369,2025,2,regular,2025-09-04T23:00:00.000Z,False,True,False,True,,5113,Ruggles Field at Carpenter-Haygood Stadium,2271,Henderson State,ii,Great American,48,"[3, 10, 7, 28]",,,,200,Southern Nazarene,ii,Great American,13,"[0, 3, 10, 0]",,,,,,,
401773342,2025,2,regular,2025-09-04T23:00:00.000Z,False,True,False,True,,3875,Paul Laird Field,199,Southeastern Oklahoma State,ii,Great American,44,"[10, 10, 14, 10]",,,,2028,Arkansas Monticello,ii,Great American,13,"[0, 6, 7, 0]",,,,,,,
401776726,2025,2,regular,2025-09-04T23:00:00.000Z,False,True,True,False,,11591,Lokken Stadium,628,Valley City State,,,27,"[7, 12, 8, 0]",,,,124,Augsburg,iii,Minnesota,0,"[0, 0, 0, 0]",,,,,,,
401773165,2025,2,regular,2025-09-04T23:00:00.000Z,False,True,False,False,,4433,George P. Miller Stadium,2291,IU Pennsylvania,ii,Pennsylvania State Athletic,9,"[0, 9, 0, 0]",,,,308,Ashland,ii,Great Midwest Athletic,13,"[0, 0, 7, 6]",,,,,,,
401774062,2025,2,regular,2025-09-04T23:00:00.000Z,False,True,False,False,,3621,Arnold Field (PA),388,Lebanon Valley,iii,Mid Atlantic,21,"[7, 7, 0, 7]",,,,2234,Franklin & Marshall,iii,Centennial,31,"[7, 10, 7, 7]",,,,,,,
401773668,2025,2,regular,2025-09-04T23:00:00.000Z,False,True,False,False,,5943,Duvall-Rosier Field,2986,Fairmont State,ii,Mountain East,41,"[7, 17, 3, 7, 7]",,,,2071,Bloomsburg,ii,Pennsylvania State Athletic,40,"[6, 13, 8, 7, 6]",,,,,,,
401773471,2025,2,regular,2025-09-04T23:00:00.000Z,False,True,False,False,,3860,O'Harra Stadium,613,South Dakota Mines,ii,Rocky Mountain,9,"[0, 3, 0, 6]",,,,2392,Michigan Tech,ii,GLIAC,45,"[14, 7, 18, 6]",,,,,,,
401773677,2025,2,regular,2025-09-04T23:00:00.000Z,False,True,False,False,,4431,Chryst Field at Biemesderfer Stadium,210,Millersville,ii,Pennsylvania State Athletic,34,"[0, 14, 10, 10]",,,,341,Frostburg State,ii,Mountain East,42,"[7, 14, 7, 14]",,,,,,,
401773331,2025,2,regular,2025-09-04T23:00:00.000Z,False,True,False,True,,6073,Milam Stadium,2927,Southwestern Oklahoma State,ii,Great American,10,"[3, 7, 0, 0]",,,,2033,Arkansas Tech,ii,Great American,32,"[7, 10, 0, 15]",,,,,,,
401773361,2025,2,regular,2025-09-04T23:00:00.000Z,False,True,False,True,,4763,Ranger Field,2823,Northwestern (OK),ii,Great American,7,"[0, 0, 7, 0]",,,,2264,Harding,ii,Great American,49,"[21, 14, 7, 7]",,,,,,,
401777552,2025,2,regular,2025-09-04T23:05:00.000Z,False,True,False,False,,4439,Eiler-Martin Stadium,2188,East Stroudsburg,ii,Pennsylvania State Athletic,31,"[3, 14, 0, 14]",,,,2487,Pace,ii,Northeast 10,12,"[9, 0, 3, 0]",,,,,,,
401773706,2025,2,regular,2025-09-04T23:30:00.000Z,False,True,False,False,,4432,Andre Reed Stadium,2315,Kutztown,ii,Pennsylvania State Athletic,51,"[14, 16, 7, 14]",,,,2038,Assumption,ii,Northeast 10,14,"[0, 14, 0, 0]",,,,,,,
401774462,2025,2,regular,2025-09-05T00:00:00.000Z,False,True,False,False,,5802,Belhaven Bowl Stadium,2056,Belhaven,iii,USA South,50,"[7, 14, 14, 15]",,,,2398,Millsaps,iii,Southern Athletic,24,"[7, 10, 0, 7]",,,,,,,
401773580,2025,2,regular,2025-09-05T00:00:00.000Z,False,True,False,False,,5884,Buffalo Stadium,2704,West Texas,ii,Lone Star,31,"[14, 10, 7, 0]",,,,2146,Colorado School of Mines,ii,Rocky Mountain,33,"[14, 14, 3, 2]",,,,,,,
401773352,2025,2,regular,2025-09-05T00:00:00.000Z,False,True,False,True,,5936,Koi Ishto Stadium,2191,East Central,ii,Great American,24,"[7, 0, 7, 10]",,,,2888,Ouachita Baptist,ii,Great American,22,"[0, 16, 0, 6]",,,,,,,
401773613,2025,2,regular,2025-09-05T00:00:00.000Z,False,True,False,False,,4852,Neta and Eddie DeRose ThunderBowl,2570,CSU Pueblo,ii,Rocky Mountain,35,"[12, 10, 0, 13]",,,,2231,Fort Hays,ii,Mid America,36,"[7, 14, 0, 15]",,,,,,,
401773258,2025,2,regular,2025-09-05T00:00:00.000Z,False,True,False,False,,5857,Gordon Wood Stadium,2758,Howard Payne,iii,American Southwest,21,"[7, 7, 0, 7]",,,,205,Pacific (OR),iii,Northwest,13,"[0, 3, 7, 3]",,,,,,,
401774272,2025,2,regular,2025-09-05T00:00:00.000Z,False,True,False,False,,6125,Bulldog Stadium (TX),2639,Texas Lutheran,iii,Southern Collegiate Athletic,14,"[0, 14, 0, 0]",,,,386,Trinity (TX),iii,Southern Athletic,26,"[7, 19, 0, 0]",,,,,,,
401766643,2025,2,regular,2025-09-05T00:00:00.000Z,False,True,False,False,,5858,England Stadium,2286,Illinois College,iii,Midwest,28,"[7, 7, 7, 7]",,,,2257,Greenville,iii,Upper Midwest,9,"[0, 3, 0, 6]",,,,,,,
401773044,2025,2,regular,2025-09-05T00:00:00.000Z,False,True,False,False,,5828,Van Metre Field at Ash Park,2155,Cornell (IA),iii,Midwest,6,"[0, 0, 6, 0]",,,,2141,Coe,iii,American Rivers,62,"[21, 21, 6, 14]",,,,,,,
401777027,2025,2,regular,2025-09-05T22:00:00.000Z,False,True,False,False,,6128,Alumni Stadium (PA),2644,Thiel,iii,Presidents',8,"[0, 0, 0, 8]",,,,409,Concordia (WI),iii,NACC,27,"[0, 21, 3, 3]",,,,,,,
401777236,2025,2,regular,2025-09-05T22:00:00.000Z,False,True,False,False,,6105,Day Field,2516,Randolph Macon,iii,Old Dominion,48,"[0, 28, 13, 7]",,,,2175,Dickinson,iii,Centennial,34,"[0, 7, 7, 20]",,,,,,,
401789174,2025,2,regular,2025-09-05T22:00:00.000Z,False,True,False,False,,6211,Sodexo Field,112334,Franklin Pierce,ii,Northeast 10,13,"[0, 7, 0, 6]",,,,215,Slippery Rock,ii,Pennsylvania State Athletic,24,"[7, 14, 3, 0]",,,,,,,
401778000,2025,2,regular,2025-09-05T22:00:00.000Z,False,True,False,False,,5830,Walter M. Katz Field,40,Curry,iii,Commonwealth Coast,35,"[7, 0, 0, 28]",,,,18,Bridgewater State,iii,MSCAC,28,"[0, 0, 14, 14]",,,,,,,
401778005,2025,2,regular,2025-09-05T22:00:00.000Z,False,True,False,False,,5848,Hotchkiss Field,417,Gallaudet,iii,Old Dominion,7,"[0, 7, 0, 0]",,,,2015,Albright,iii,Mid Atlantic,9,"[0, 6, 3, 0]",,,,,,,
401783361,2025,2,regular,2025-09-05T22:00:00.000Z,False,True,False,False,,5997,Brooks Stadium (NY),2383,Merchant Marine,iii,NEWMAC,29,"[6, 9, 7, 7]",,,,2818,Montclair State,iii,New Jersey,15,"[6, 2, 7, 0]",,,,,,,
401777731,2025,2,regular,2025-09-05T23:00:00.000Z,False,True,False,False,,6202,Cardinal Stadium (DC),2108,Catholic,iii,Landmark Conference,10,"[7, 0, 0, 3]",,,,2700,McDaniel,iii,Centennial,7,"[0, 0, 7, 0]",,,,,,,
401773295,2025,2,regular,2025-09-05T23:00:00.000Z,False,True,False,False,,5788,Merrill Field at Yunevich Stadium,365,Alfred,iii,Empire 8,28,"[7, 0, 14, 7]",,,,174,Hobart,iii,Liberty League,23,"[7, 3, 0, 13]",,,,,,,
401788913,2025,2,regular,2025-09-05T23:00:00.000Z,False,True,False,False,,5940,Clean Harbors Stadium,110,Mass Maritime,iii,MSCAC,14,"[0, 7, 7, 0]",,,,2951,SUNY Maritime,iii,NEWMAC,21,"[7, 8, 6, 0]",,,,,,,
401774147,2025,2,regular,2025-09-05T23:00:00.000Z,False,True,False,False,,6113,Leckonby Stadium,2779,St. Lawrence,iii,Liberty League,19,"[0, 14, 5, 0]",,,,2467,Norwich,iii,NEWMAC,3,"[3, 0, 0, 0]",,,,,,,
401754528,2025,2,regular,2025-09-05T23:00:00.000Z,False,True,False,False,48717,3873,L&N Federal Credit Union Stadium,97,Louisville,fbs,ACC,28,"[0, 6, 8, 14]",0.7079175710678101,1706,1727,256,James Madison,fbs,Sun Belt,14,"[7, 0, 7, 0]",0.29208242893218994,1627,1606,6.579471474543188,,,
401774081,2025,2,regular,2025-09-05T23:00:00.000Z,False,True,False,False,,5851,Shirk Field at Musselman Stadium,2248,Gettysburg,iii,Centennial,30,"[6, 7, 14, 3]",,,,246,Juniata,iii,Landmark Conference,31,"[6, 13, 0, 12]",,,,,,,
401777995,2025,2,regular,2025-09-05T23:00:00.000Z,False,True,False,False,,6089,Scotty Wood Stadium,2422,Muhlenberg,iii,Centennial,38,"[10, 7, 14, 7]",,,,323,Moravian,iii,Landmark Conference,19,"[7, 6, 6, 0]",,,,,,,
401777002,2025,2,regular,2025-09-05T23:00:00.000Z,False,True,False,False,,5845,Elliot Field Athletic Complex,114,Fitchburg State,iii,MSCAC,49,"[14, 14, 21, 0]",,,,110438,Dean,iii,MSCAC,14,"[0, 7, 0, 7]",,,,,,,
401752817,2025,2,regular,2025-09-05T23:30:00.000Z,False,True,False,False,9647,5960,Lanny and Sharon Martin Stadium,77,Northwestern,fbs,Big Ten,42,"[15, 7, 6, 14]",0.988507091999054,1397,1397,2710,Western Illinois,fcs,OVC-Big South,7,"[0, 0, 0, 7]",0.011492908000946045,,,1.9188416939903041,,,
401783282,2025,2,regular,2025-09-05T23:30:00.000Z,False,True,False,False,,5791,Turf Field,111674,Alvernia,iii,Mid Atlantic,17,"[0, 10, 7, 0]",,,,2667,Ursinus,iii,Centennial,41,"[20, 14, 7, 0]",,,,,,,
401752826,2025,2,regular,2025-09-05T23:30:00.000Z,False,True,False,False,35331,3665,SECU Stadium,120,Maryland,fbs,Big Ten,20,"[3, 7, 3, 7]",0.6393875479698181,1509,1526,2459,Northern Illinois,fbs,Mid-American,9,"[0, 3, 6, 0]",0.3606124520301819,1470,1453,3.687040328791484,,,
401760363,2025,2,regular,2025-09-06T01:00:00.000Z,False,True,False,False,32887,3653,Albertsons Stadium,68,Boise State,fbs,Mountain West,51,"[20, 10, 7, 14]",0.9921911954879761,1596,1596,331,Eastern Washington,fcs,Big Sky,14,"[0, 7, 0, 7]",0.007808804512023926,,,2.5236959378510284,,,
401774036,2025,2,regular,2025-09-06T15:00:00.000Z,False,True,False,False,,5842,Robert T. Shields Field,2221,FDU Florham,iii,Mid Atlantic,0,"[0, 0, 0, 0]",,,,374,St. John Fisher,iii,Empire 8,21,"[0, 21, 0, 0]",,,,,,,
401778013,2025,2,regular,2025-09-06T16:00:00.000Z,False,True,False,False,,6115,Toppa Field,2776,Salve Regina,iii,NEWMAC,34,"[6, 14, 7, 7]",,,,379,UMass Dartmouth,iii,MSCAC,13,"[3, 3, 7, 0]",,,,,,,
401777227,2025,2,regular,2025-09-06T16:00:00.000Z,False,True,False,False,,5833,Robert A. Lipinski Field at James Work Memorial Stadium,2808,Delaware Valley,iii,Mid Atlantic,9,"[0, 9, 0, 0]",,,,297,Hampden Sydney,iii,Old Dominion,38,"[14, 3, 14, 7]",,,,,,,
401752811,2025,2,regular,2025-09-06T16:00:00.000Z,False,True,False,False,103818,3632,Beaver Stadium,213,Penn State,fbs,Big Ten,34,"[7, 3, 10, 14]",0.959557294845581,2073,2087,2229,Florida International,fbs,Conference USA,0,"[0, 0, 0, 0]",0.040442705154418945,1372,1358,3.3761229236617063,,,
401767750,2025,2,regular,2025-09-06T16:00:00.000Z,False,True,False,False,1522,3623,Arthur J. Rooney Athletic Field,2184,Duquesne,fcs,NEC,55,"[14, 27, 7, 7]",0.9910485744476318,,,2339,Lincoln (PA),ii,CIAA,14,"[0, 7, 7, 0]",0.008951425552368164,,,3.5820291481643602,,,
401752693,2025,2,regular,2025-09-06T16:00:00.000Z,False,True,False,False,100841,3910,DKR-Texas Memorial Stadium,251,Texas,fbs,SEC,38,"[14, 14, 10, 0]",0.9910861253738403,1858,1896,23,San José State,fbs,Mountain West,7,"[0, 7, 0, 0]",0.008913874626159668,1467,1429,3.0706770400082175,,,
401776993,2025,2,regular,2025-09-06T16:00:00.000Z,False,True,False,False,,3709,Hempstead Stadium,452,Endicott,iii,Commonwealth Coast,31,"[7, 10, 7, 7]",,,,2969,Misericordia,iii,Mid Atlantic,21,"[0, 0, 8, 13]",,,,,,,
401776793,2025,2,regular,2025-09-06T16:00:00.000Z,False,True,False,False,,6096,Austin E. Knowlton Athletics Complex,391,Oberlin,iii,North Coast,6,"[0, 6, 0, 0]",,,,129738,Calvin,iii,Michigan,88,"[24, 16, 34, 14]",,,,,,,
401767741,2025,2,regular,2025-09-06T16:00:00.000Z,False,True,False,False,3122,3624,Arute Field,2115,Central Connecticut,fcs,NEC,34,"[3, 14, 7, 10]",1,,,2022,American International,ii,Northeast 10,7,"[0, 7, 0, 0]",0,,,3.7111429865785484,,,
401777976,2025,2,regular,2025-09-06T16:00:00.000Z,False,True,False,False,,5876,Bentley University Football Stadium,2060,Bentley,ii,Northeast 10,13,"[7, 6, 0, 0]",,,,223,West Chester,ii,Pennsylvania State Athletic,30,"[7, 6, 14, 3]",,,,,,,
401773104,2025,2,regular,2025-09-06T16:00:00.000Z,False,True,False,False,,5785,Dickerson Stadium,2707,West Virginia State,ii,Mountain East,28,"[7, 0, 14, 7]",,,,122666,Barton,ii,Carolinas,14,"[0, 0, 7, 7]",,,,,,,
401776976,2025,2,regular,2025-09-06T16:00:00.000Z,False,True,False,False,,6135,Blue Storm Stadium,111675,New England,iii,Commonwealth Coast,56,"[7, 14, 14, 14, 7]",,,,2557,Coast Guard,iii,NEWMAC,49,"[14, 17, 7, 11, 0]",,,,,,,
401773266,2025,2,regular,2025-09-06T16:00:00.000Z,False,True,False,False,,5793,Macholtz Stadium,2023,Anderson (IN),iii,Heartland,7,"[0, 0, 7, 0]",,,,3162,Alfred State,iii,Empire 8,6,"[0, 0, 0, 6]",,,,,,,
401779511,2025,2,regular,2025-09-06T16:00:00.000Z,False,True,False,False,777,4428,Saxon Stadium,2385,Mercyhurst,fcs,NEC,48,"[13, 14, 14, 7]",,,,2441,New Haven,fcs,NEC,14,"[7, 0, 0, 7]",,,,,,,
401773479,2025,2,regular,2025-09-06T16:00:00.000Z,False,True,False,False,,3747,Hantz Stadium,2886,Northwood,ii,Great Midwest Athletic,23,"[10, 3, 7, 3]",,,,128,Northern Michigan,ii,GLIAC,18,"[0, 8, 3, 7]",,,,,,,
401774057,2025,2,regular,2025-09-06T16:00:00.000Z,False,True,False,False,,6139,Cameron Stadium,2686,Washington & Jefferson,iii,Presidents',31,"[7, 10, 0, 14]",,,,390,Utica,iii,Empire 8,49,"[14, 7, 21, 7]",,,,,,,
401777767,2025,2,regular,2025-09-06T16:00:00.000Z,False,True,True,False,,,,131108,New England College,,,21,"[14, 0, 0, 7]",,,,2972,Plymouth State,iii,MSCAC,49,"[21, 7, 7, 14]",,,,,,,
401754529,2025,2,regular,2025-09-06T16:00:00.000Z,False,True,False,False,48424,3752,Acrisure Stadium,221,Pittsburgh,fbs,ACC,45,"[7, 17, 7, 14]",0.9779407978057861,1470,1518,2117,Central Michigan,fbs,Mid-American,17,"[0, 10, 7, 0]",0.022059202194213867,1252,1204,2.9827182864377737,,,
401776805,2025,2,regular,2025-09-06T16:00:00.000Z,False,True,False,False,,3717,Edwin Fauver Stadium,184,Rochester (NY),iii,Liberty League,38,"[14, 14, 0, 10]",,,,354,Olivet,iii,Michigan,17,"[0, 3, 7, 7]",,,,,,,
401773276,2025,2,regular,2025-09-06T16:00:00.000Z,False,True,False,False,,7513,O'Hara Field,127954,Eastern,iii,Mid Atlantic,46,"[22, 7, 14, 3]",,,,15,Anna Maria College,iii,MSCAC,7,"[0, 0, 0, 7]",,,,,,,
401754618,2025,2,regular,2025-09-06T16:00:00.000Z,False,True,False,False,39391,1964,JMA Wireless Dome,183,Syracuse,fbs,ACC,27,"[0, 6, 0, 14, 7]",0.18266627192497253,1476,1484,41,UConn,fbs,FBS Independents,20,"[0, 14, 3, 3, 0]",0.8173337280750275,1454,1446,6.642710881646021,,,
401754621,2025,2,regular,2025-09-06T16:00:00.000Z,False,True,False,False,65430,3697,Doak Campbell Stadium,52,Florida State,fbs,ACC,77,"[21, 28, 21, 7]",0.9972588419914246,1452,1452,2837,East Texas A&M,fcs,Southland,3,"[0, 0, 0, 3]",0.0027411580085754395,,,1.7743432518372813,,,
401767612,2025,2,regular,2025-09-06T16:00:00.000Z,False,True,False,False,3185,3988,Welcome Stadium,2168,Dayton,fcs,Pioneer,38,"[0, 14, 7, 17]",0.9910522699356079,,,2646,Thomas More,ii,Great Midwest Athletic,0,"[0, 0, 0, 0]",0.00894773006439209,,,2.8443298592385533,,,
401752812,2025,2,regular,2025-09-06T16:00:00.000Z,False,True,False,False,43801,3830,"Memorial Stadium (Bloomington, IN)",84,Indiana,fbs,Big Ten,56,"[14, 7, 21, 14]",0.9847565293312073,1800,1869,338,Kennesaw State,fbs,Conference USA,9,"[0, 6, 3, 0]",0.015243470668792725,1269,1200,2.707155848014116,,,
401774299,2025,2,regular,2025-09-06T16:00:00.000Z,False,True,False,False,,3819,Bowditch Field,2967,Framingham State,iii,MSCAC,13,"[6, 7, 0, 0]",,,,2280,Husson,iii,Commonwealth Coast,40,"[6, 14, 20, 0]",,,,,,,
401774044,2025,2,regular,2025-09-06T16:00:00.000Z,False,True,False,False,,5125,Stadium Red Field,2782,SUNY Cortland,iii,Empire 8,14,"[7, 7, 0, 0]",,,,146,Grove City,iii,Presidents',31,"[0, 14, 7, 10]",,,,,,,
401774091,2025,2,regular,2025-09-06T16:00:00.000Z,False,True,False,False,,6124,Amos Alonzo Stagg Field (PA),216,Susquehanna,iii,Landmark Conference,33,"[7, 13, 3, 10]",,,,237,Union,iii,Liberty League,14,"[7, 0, 0, 7]",,,,,,,
401756885,2025,2,regular,2025-09-06T16:00:00.000Z,False,True,False,False,60229,3784,Jones AT&T Stadium,2641,Texas Tech,fbs,Big 12,62,"[21, 27, 7, 7]",0.989311695098877,1571,1639,2309,Kent State,fbs,Mid-American,14,"[0, 0, 0, 14]",0.010688304901123047,1006,938,2.276871401163506,,,
401767658,2025,2,regular,2025-09-06T16:00:00.000Z,False,True,False,False,,3741,Goodman Stadium,2329,Lehigh,fcs,Patriot,28,"[7, 14, 0, 7]",,,,2529,Sacred Heart,fcs,FCS Independents,10,"[7, 0, 3, 0]",,,,,,,
401777019,2025,2,regular,2025-09-06T16:00:00.000Z,False,True,False,False,,5826,Concordia Stadium,2151,Concordia Chicago,iii,NACC,17,"[0, 3, 7, 7]",,,,2399,Minnesota Morris,iii,Upper Midwest,16,"[0, 7, 0, 9]",,,,,,,
401777774,2025,2,regular,2025-09-06T16:00:00.000Z,False,True,False,False,,5926,Henry G. Steinbrenner '27 Stadium,109,MIT,iii,NEWMAC,46,"[13, 17, 7, 9]",,,,2884,Nichols,iii,Commonwealth Coast,13,"[7, 0, 0, 6]",,,,,,,
401774130,2025,2,regular,2025-09-06T16:00:00.000Z,False,True,False,True,,6144,"Alumni Field (Westfield, MA)",2909,Westfield State,iii,MSCAC,12,"[0, 6, 6, 0]",,,,293,Vermont State Castleton,iii,New Jersey,16,"[7, 2, 0, 7]",,,,,,,
401773087,2025,2,regular,2025-09-06T16:00:00.000Z,False,True,False,False,,6041,Irwin Belk Complex,2304,Johnson C. Smith,ii,CIAA,28,"[0, 7, 14, 7]",,,,2673,Valdosta State,ii,Gulf South,16,"[0, 10, 0, 6]",,,,,,,
401777095,2025,2,regular,2025-09-06T16:00:00.000Z,False,True,False,False,,6101,"Memorial Stadium (Westerville, OH)",359,Otterbein,iii,Ohio,28,"[0, 14, 7, 7]",,,,2980,Ohio Wesleyan,iii,North Coast,65,"[21, 16, 14, 14]",,,,,,,
401752822,2025,2,regular,2025-09-06T16:00:00.000Z,False,True,False,False,61500,3772,Jack Trice Stadium,66,Iowa State,fbs,Big 12,16,"[6, 7, 0, 3]",0.9640465378761292,1619,1621,2294,Iowa,fbs,Big Ten,13,"[0, 10, 3, 0]",0.03595346212387085,1682,1680,4.137924145830644,,,
401754525,2025,2,regular,2025-09-06T16:00:00.000Z,False,True,False,False,34852,3735,Gerald J. Ford Stadium,2567,SMU,fbs,ACC,45,"[10, 14, 0, 14, 7, 0]",0.9366649985313416,1717,1703,239,Baylor,fbs,Big 12,48,"[0, 21, 3, 14, 7, 3]",0.06333500146865845,1569,1583,8.737381517894203,,,
401773232,2025,2,regular,2025-09-06T16:00:00.000Z,False,True,False,False,,3698,Donnell Stadium,2224,Findlay,ii,Great Midwest Athletic,38,"[0, 21, 0, 17]",,,,2292,Indianapolis,ii,Great Lakes,35,"[0, 17, 3, 15]",,,,,,,
401774280,2025,2,regular,2025-09-06T16:00:00.000Z,False,True,False,False,,5803,Bison Stadium,2062,Bethany (WV),iii,Presidents',6,"[0, 6, 0, 0]",,,,2553,Sewanee,iii,Southern Athletic,41,"[7, 7, 20, 7]",,,,,,,
401754524,2025,2,regular,2025-09-06T16:00:00.000Z,False,True,False,False,56919,3670,Carter-Finley Stadium,152,NC State,fbs,ACC,35,"[7, 7, 21, 0]",0.6785362958908081,1507,1510,258,Virginia,fbs,ACC,31,"[14, 10, 7, 0]",0.3214637041091919,1521,1518,7.232871463699586,,,
401783311,2025,2,regular,2025-09-06T16:00:00.000Z,False,True,False,False,,3920,Schmidt Stadium,398,Wilkes,iii,Landmark Conference,19,"[0, 9, 7, 3]",,,,247,King's,iii,Mid Atlantic,16,"[3, 6, 0, 7]",,,,,,,
401757227,2025,2,regular,2025-09-06T16:00:00.000Z,False,True,False,True,20755,3662,AmFirst Stadium,55,Jacksonville State,fbs,Conference USA,34,"[7, 10, 7, 10]",0.8045607209205627,1634,1642,2335,Liberty,fbs,Conference USA,24,"[7, 3, 0, 14]",0.19543927907943726,1502,1494,3.6223782137060643,,,
401783301,2025,2,regular,2025-09-06T16:00:00.000Z,False,True,False,False,,6143,Golden Bear Stadium,2702,Western New England,iii,Commonwealth Coast,23,"[3, 7, 6, 7]",,,,81,Springfield,iii,NEWMAC,22,"[0, 14, 0, 8]",,,,,,,
401752813,2025,2,regular,2025-09-06T16:00:00.000Z,False,True,False,False,42447,3953,Huntington Bank Stadium,135,Minnesota,fbs,Big Ten,66,"[35, 24, 7, 0]",0.9938032031059265,1630,1630,2466,Northwestern State,fcs,Southland,0,"[0, 0, 0, 0]",0.006196796894073486,,,0.9151125280369778,,,
401752825,2025,2,regular,2025-09-06T16:00:00.000Z,False,True,False,False,23893,3982,Wallace Wade Stadium,150,Duke,fbs,ACC,19,"[3, 10, 6, 0]",0.2316601723432541,1526,1462,356,Illinois,fbs,Big Ten,45,"[7, 7, 14, 17]",0.7683398276567459,1578,1642,5.058968869408419,,,
401776968,2025,2,regular,2025-09-06T16:00:00.000Z,False,True,False,False,,5636,Wright Stadium,173,Hartwick,iii,Empire 8,56,"[14, 14, 14, 14]",,,,274,Maine Maritime,iii,Commonwealth Coast,7,"[0, 7, 0, 0]",,,,,,,
401752694,2025,2,regular,2025-09-06T16:45:00.000Z,False,True,False,False,100026,3795,Kyle Field,245,Texas A&M,fbs,SEC,44,"[10, 20, 7, 7]",0.9944328665733337,1700,1724,328,Utah State,fbs,Mountain West,22,"[6, 0, 8, 8]",0.00556713342666626,1418,1394,2.8471288896070894,,,
401777266,2025,2,regular,2025-09-06T17:00:00.000Z,False,True,False,False,,6112,Richard Wackar Stadium,2827,Rowan,iii,New Jersey,17,[],,,,2963,Case Western Reserve,iii,Presidents',17,[],,,,,,,
401788304,2025,2,regular,2025-09-06T17:00:00.000Z,False,True,False,False,,10461,Spero Financial Field,129469,Anderson (SC),ii,South Atlantic,35,"[7, 21, 7, 0]",,,,101784,Erskine,ii,Carolinas,7,"[0, 0, 0, 7]",,,,,,,
401766652,2025,2,regular,2025-09-06T17:00:00.000Z,False,True,False,False,,5919,Ron Roberts Field at the Banta Bowl,268,Lawrence,iii,Midwest,14,"[0, 0, 7, 7]",,,,446,Martin Luther,iii,Upper Midwest,33,"[14, 9, 7, 3]",,,,,,,
401773497,2025,2,regular,2025-09-06T17:00:00.000Z,False,True,False,False,,5263,Steele Stadium,2316,Kentucky Wesleyan,ii,Great Midwest Athletic,7,"[0, 0, 0, 7]",,,,110242,West Florida,ii,Gulf South,28,"[14, 0, 7, 7]",,,,,,,
401773114,2025,2,regular,2025-09-06T17:00:00.000Z,False,True,False,True,,5220,Garrison Stadium,2804,Chowan,ii,Carolinas,28,"[0, 7, 7, 14]",,,,2695,West Alabama,ii,Gulf South,38,"[7, 14, 7, 10]",,,,,,,
401774051,2025,2,regular,2025-09-06T17:00:00.000Z,False,True,False,False,,5905,Kean Alumni Stadium,2871,Kean,iii,New Jersey,17,"[0, 7, 7, 3]",,,,3110,SUNY Morrisville,iii,Empire 8,14,"[7, 0, 7, 0]",,,,,,,
401777249,2025,2,regular,2025-09-06T17:00:00.000Z,False,True,False,False,,6138,Wilson Field,2688,Washington and Lee,iii,Old Dominion,21,"[0, 14, 7, 0]",,,,2532,Salisbury,iii,New Jersey,42,"[14, 14, 7, 7]",,,,,,,
401774421,2025,2,regular,2025-09-06T17:00:00.000Z,False,True,False,False,,5930,Carl W. Burt Memorial Stadium,2362,Manchester,iii,Heartland,14,"[14, 0, 0, 0]",,,,433,Westminster (MO),iii,Upper Midwest,21,"[6, 3, 9, 3]",,,,,,,
401773927,2025,2,regular,2025-09-06T17:00:00.000Z,False,True,False,True,,5840,Fred Selfe Stadium at Nicewonder Field,2213,Emory & Henry,ii,South Atlantic,35,"[14, 0, 14, 7]",,,,2107,Catawba,ii,South Atlantic,7,"[0, 7, 0, 0]",,,,,,,
401774072,2025,2,regular,2025-09-06T17:00:00.000Z,False,True,False,False,,5862,Butterfield Stadium,175,Ithaca,iii,Liberty League,14,"[0, 0, 7, 7]",,,,118,Johns Hopkins,iii,Centennial,42,"[7, 21, 7, 7]",,,,,,,
401773658,2025,2,regular,2025-09-06T17:00:00.000Z,False,True,False,False,,6221,Mitchell Stadium,124180,Bluefield State,ii,CIAA,38,"[14, 10, 14, 0]",,,,2148,Concord,ii,Mountain East,31,"[0, 14, 9, 8]",,,,,,,
401777197,2025,2,regular,2025-09-06T17:00:00.000Z,False,True,False,False,,6140,John F. Wiley Stadium,2845,Waynesburg,iii,Presidents',14,"[0, 0, 7, 7]",,,,2302,John Carroll,iii,Ohio,48,"[13, 25, 7, 3]",,,,,,,
401773304,2025,2,regular,2025-09-06T17:00:00.000Z,False,True,False,False,,3677,Chuck Noll Field,2614,Saint Vincent,iii,Presidents',28,"[7, 7, 7, 7]",,,,125974,Hilbert,iii,Empire 8,7,"[0, 7, 0, 0]",,,,,,,
401769067,2025,2,regular,2025-09-06T17:00:00.000Z,False,True,False,False,4819,6048,Duane Stadium,2771,Merrimack,fcs,FCS Independents,31,"[10, 7, 7, 7]",,,,2830,Saint Anselm,ii,Northeast 10,6,"[0, 0, 0, 6]",,,,,,,
401767719,2025,2,regular,2025-09-06T17:00:00.000Z,False,True,False,False,,3847,Cooper Field,46,Georgetown,fcs,Patriot,31,"[0, 9, 15, 7]",0.7229864597320557,,,2681,Wagner,fcs,NEC,20,"[7, 3, 7, 3]",0.27701354026794434,,,14.131532106527159,,,
401774245,2025,2,regular,2025-09-06T17:00:00.000Z,False,True,False,False,,5807,Brevard Memorial Stadium,2913,Brevard,iii,USA South,20,"[13, 7, 0, 0]",,,,3077,Kentucky Christian,,,41,"[0, 14, 13, 14]",,,,,,,
401774120,2025,2,regular,2025-09-06T17:00:00.000Z,False,True,False,False,,3879,TowneBank Stadium,3112,Christopher Newport,iii,New Jersey,38,"[10, 14, 7, 7]",,,,2651,Trine,iii,Michigan,7,"[0, 7, 0, 0]",,,,,,,
401767771,2025,2,regular,2025-09-06T17:00:00.000Z,False,True,False,False,2351,6075,W.B. Mason Stadium,284,Stonehill,fcs,NEC,26,"[0, 6, 7, 13]",0.010066468268632889,,,322,Lafayette,fcs,Patriot,42,"[7, 21, 14, 0]",0.9899335317313671,,,2.705708938046498,,,
401777274,2025,2,regular,2025-09-06T17:00:00.000Z,False,True,False,False,,4855,Leslie C. Quick Jr. Stadium,2725,Widener,iii,Mid Atlantic,44,"[24, 17, 0, 3]",,,,2242,Geneva,iii,Presidents',18,"[0, 12, 6, 0]",,,,,,,
401776787,2025,2,regular,2025-09-06T17:00:00.000Z,False,True,False,False,,5901,David Smith Stadium at Ramer Field,2723,Wisconsin River Falls,iii,Wisconsin,45,"[7, 17, 14, 7]",,,,2800,Alma,iii,Michigan,33,"[6, 0, 14, 13]",,,,,,,
401769891,2025,2,regular,2025-09-06T17:00:00.000Z,False,True,False,False,2967,3664,Butler Bowl,2086,Butler,fcs,Pioneer,37,"[7, 14, 9, 7]",,,,2654,Truman State,ii,Great Lakes,27,"[0, 7, 20, 0]",,,,,,,
401767172,2025,2,regular,2025-09-06T17:00:00.000Z,False,True,False,False,5281,3829,Memorial Stadium,282,Indiana State,fcs,MVFC,38,"[7, 10, 7, 14]",,,,2197,Eastern Illinois,fcs,OVC-Big South,14,"[0, 0, 7, 7]",,,,,,,
401773242,2025,2,regular,2025-09-06T17:00:00.000Z,False,True,False,False,,6047,Leemon Field,2816,McKendree,ii,Great Lakes,17,"[0, 0, 14, 3]",,,,2273,Hillsdale,ii,Great Midwest Athletic,22,"[0, 14, 0, 8]",,,,,,,
401767332,2025,2,regular,2025-09-06T17:00:00.000Z,False,True,False,False,4506,3613,Alumni Stadium,2169,Delaware State,fcs,MEAC,37,"[14, 0, 10, 13]",0.14585372805595398,,,399,UAlbany,fcs,Coastal Athletic,32,"[14, 6, 0, 12]",0.854146271944046,,,17.169641284618113,,,
401773692,2025,2,regular,2025-09-06T17:00:00.000Z,False,True,False,False,,5886,West Family Stadium,2699,West Liberty,ii,Mountain East,21,"[7, 7, 0, 7]",,,,611,Seton Hill,ii,Pennsylvania State Athletic,42,"[7, 14, 21, 0]",,,,,,,
401774395,2025,2,regular,2025-09-06T17:00:00.000Z,False,True,False,False,,4856,Mount Union Stadium,426,Mount Union,iii,Ohio,37,"[20, 7, 10, 0]",,,,396,Wheaton (IL),iii,CCIW,29,"[7, 0, 0, 22]",,,,,,,
401767231,2025,2,regular,2025-09-06T17:00:00.000Z,False,True,False,False,4471,3962,Tucker Stadium,2635,Tennessee Tech,fcs,OVC-Big South,45,"[21, 3, 14, 7]",,,,236,Chattanooga,fcs,Southern,17,"[3, 0, 7, 7]",,,,,,,
401774320,2025,2,regular,2025-09-06T17:00:00.000Z,False,True,False,False,,5925,David Person Field,2354,Lycoming,iii,Landmark Conference,24,"[7, 7, 7, 3]",,,,2442,The College of New Jersey,iii,New Jersey,27,"[10, 11, 0, 6]",,,,,,,
401773028,2025,2,regular,2025-09-06T17:00:00.000Z,False,True,False,False,,4429,Seth Grove Stadium,2559,Shippensburg,ii,Pennsylvania State Athletic,7,"[0, 7, 0, 0]",,,,2075,Bowie State,ii,CIAA,23,"[7, 6, 7, 3]",,,,,,,
401774227,2025,2,regular,2025-09-06T17:00:00.000Z,False,True,False,False,,6116,Shentel Stadium,2828,Shenandoah,iii,Old Dominion,25,"[2, 6, 7, 10]",,,,291,Methodist,iii,USA South,6,"[0, 0, 0, 6]",,,,,,,
401767626,2025,2,regular,2025-09-06T17:00:00.000Z,False,True,False,False,1907,36,Leonidoff Field,2368,Marist,fcs,Pioneer,23,"[0, 14, 3, 6]",1.7855316400527954e-05,,,2083,Bucknell,fcs,Patriot,34,"[10, 7, 3, 14]",0.9999821446835995,,,,,,
401766644,2025,2,regular,2025-09-06T17:00:00.000Z,False,True,False,False,,5820,Amos Alonzo Stagg Field,80,Chicago,iii,Midwest,0,"[0, 0, 0, 0]",,,,2102,Carnegie Mellon,iii,Presidents',20,"[7, 10, 0, 3]",,,,,,,
401774407,2025,2,regular,2025-09-06T17:30:00.000Z,False,True,False,False,,3716,"Stewart """"Red"""" Faught Stadium",2233,Franklin,iii,Heartland,27,"[14, 6, 7, 0]",,,,427,Ohio Northern,iii,Ohio,20,"[3, 0, 10, 7]",,,,,,,
401767587,2025,2,regular,2025-09-06T17:30:00.000Z,False,True,False,False,,3597,Alumni Memorial Field,2678,VMI,fcs,Southern,42,"[14, 7, 21, 0]",1,,,366,Ferrum,ii,Carolinas,7,"[0, 7, 0, 0]",0,,,2.426672344068633,,,
401774188,2025,2,regular,2025-09-06T18:00:00.000Z,False,True,False,False,,5903,Community Stadium at Goerke Park,2743,Wisconsin Stevens Point,iii,Wisconsin,28,"[14, 0, 7, 0, 7]",,,,2790,Albion,iii,Michigan,21,"[0, 0, 0, 21, 0]",,,,,,,
401774182,2025,2,regular,2025-09-06T18:00:00.000Z,False,True,False,False,,5797,Vago Field,2044,Aurora,iii,NACC,0,"[0, 0, 0, 0]",,,,272,Wisconsin Platteville,iii,Wisconsin,41,"[21, 13, 7, 0]",,,,,,,
401773432,2025,2,regular,2025-09-06T18:00:00.000Z,False,True,False,False,,3844,Morris Field,127991,Roosevelt,ii,GLIAC,23,"[6, 7, 0, 10]",,,,2825,Quincy,ii,Great Lakes,21,"[0, 7, 0, 14]",,,,,,,
401762462,2025,2,regular,2025-09-06T18:00:00.000Z,False,True,False,False,15655,3806,Lincoln Financial Field,218,Temple,fbs,American Athletic,55,"[21, 10, 14, 10]",0.9970473051071167,1289,1289,47,Howard,fcs,MEAC,7,"[0, 7, 0, 0]",0.0029526948928833008,,,2.1065490207743376,,,
401777953,2025,2,regular,2025-09-06T18:00:00.000Z,False,True,False,False,,3769,Jack Britt Memorial Stadium,437,Lake Erie,ii,Great Midwest Athletic,6,"[6, 0, 0, 0]",,,,2222,Ferris State,ii,GLIAC,63,"[14, 28, 7, 14]",,,,,,,
401774197,2025,2,regular,2025-09-06T18:00:00.000Z,False,True,False,False,,4854,Perkins Stadium,2745,Wisconsin Whitewater,iii,Wisconsin,45,"[3, 21, 14, 7]",,,,2101,Carleton,iii,Minnesota,14,"[0, 7, 0, 7]",,,,,,,
401777049,2025,2,regular,2025-09-06T18:00:00.000Z,False,True,False,False,,5789,Frank B. Fuhrer Field,2018,Allegheny,iii,Presidents',24,"[6, 0, 12, 6]",,,,2171,Denison,iii,North Coast,35,"[0, 13, 0, 22]",,,,,,,
401766645,2025,2,regular,2025-09-06T18:00:00.000Z,False,True,False,False,,5861,Rosenbloom Field,65,Grinnell,iii,Midwest,15,"[0, 2, 0, 13]",,,,2359,Macalester,iii,Minnesota,20,"[7, 0, 13, 0]",,,,,,,
401766646,2025,2,regular,2025-09-06T18:00:00.000Z,False,True,False,False,,6110,Sam Greeley Field,2524,Rockford,iii,NACC,19,"[0, 6, 7, 6]",,,,266,Beloit,iii,Midwest,15,"[2, 7, 3, 3]",,,,,,,
401773155,2025,2,regular,2025-09-06T18:00:00.000Z,False,True,False,False,,6284,Village of Lisle-Benedictine University Sports Complex,2283,Benedictine (IL),iii,NACC,35,"[0, 14, 14, 7]",,,,63,Buena Vista,iii,American Rivers,0,"[0, 0, 0, 0]",,,,,,,
401773972,2025,2,regular,2025-09-06T18:00:00.000Z,False,True,False,True,,6042,Alumni Stadium (KY),2310,Kentucky State,ii,SIAC,21,"[7, 14, 0, 0]",,,,2013,Albany State,ii,SIAC,49,"[7, 21, 0, 21]",,,,,,,
401773751,2025,2,regular,2025-09-06T18:00:00.000Z,False,True,False,True,,3641,Blakeslee Stadium,2364,Minnesota State,ii,Northern Sun,34,"[7, 3, 17, 7]",,,,568,Minot State,ii,Northern Sun,16,"[0, 3, 7, 6]",,,,,,,
401767550,2025,2,regular,2025-09-06T18:00:00.000Z,False,True,False,False,12042,844,Stambaugh Stadium,2754,Youngstown State,fcs,MVFC,56,"[14, 28, 14, 0]",,,,2523,Robert Morris,fcs,NEC,17,"[3, 0, 0, 14]",,,,,,,
401776735,2025,2,regular,2025-09-06T18:00:00.000Z,False,True,False,False,,5913,Warrior Field at Raabe Stadium,2741,Wisconsin Lutheran,iii,NACC,27,"[0, 14, 6, 7]",,,,375,St. Scholastica,iii,Minnesota,41,"[7, 13, 7, 14]",,,,,,,
401773489,2025,2,regular,2025-09-06T18:00:00.000Z,False,True,False,False,,3885,Harvey Randall Wickes Memorial Stadium,129,Saginaw Valley State,ii,GLIAC,49,"[14, 14, 14, 7]",,,,367,Gannon,ii,Pennsylvania State Athletic,28,"[0, 7, 7, 14]",,,,,,,
401773185,2025,2,regular,2025-09-06T18:00:00.000Z,False,True,False,False,,5923,Legacy Field in Carlson Stadium,67,Luther,iii,American Rivers,3,"[0, 3, 0, 0]",,,,74,Millikin,iii,CCIW,33,"[7, 6, 13, 7]",,,,,,,
401773732,2025,2,regular,2025-09-06T18:00:00.000Z,False,True,False,True,,5780,Altra Federal Credit Union Stadium,2851,Winona State,ii,Northern Sun,21,"[0, 7, 7, 7]",,,,132,Bemidji State,ii,Northern Sun,17,"[14, 3, 0, 0]",,,,,,,
401773640,2025,2,regular,2025-09-06T18:00:00.000Z,False,True,False,True,,6034,Yager Stadium at Moore Bowl,2687,Washburn,ii,Mid America,7,"[0, 0, 0, 7]",,,,138,Northwest Missouri State,ii,Mid America,34,"[13, 0, 7, 14]",,,,,,,
401777045,2025,2,regular,2025-09-06T18:00:00.000Z,False,True,False,False,,6121,Donald J. Schneider Stadium,2832,St. Norbert,iii,NACC,21,"[7, 7, 0, 7]",,,,89,Wabash,iii,North Coast,55,"[14, 21, 10, 10]",,,,,,,
401777134,2025,2,regular,2025-09-06T18:00:00.000Z,False,True,False,False,,4757,Edwards-Maurer Field,2746,Wittenberg,iii,North Coast,13,"[0, 0, 6, 7]",,,,188,Baldwin Wallace,iii,Ohio,31,"[14, 10, 7, 0]",,,,,,,
401767565,2025,2,regular,2025-09-06T18:00:00.000Z,False,True,False,False,7897,3868,Paladin Stadium,231,Furman,fcs,Southern,38,"[7, 21, 3, 0, 7]",0.4669385254383087,,,2506,Presbyterian,fcs,Pioneer,39,"[7, 7, 7, 10, 8]",0.5330614745616913,,,4.416621582855883,,,
401773179,2025,2,regular,2025-09-06T18:00:00.000Z,False,True,False,False,,5921,Rock Bowl,263,Loras,iii,American Rivers,0,"[0, 0, 0, 0]",,,,2812,Hope,iii,Michigan,62,"[20, 21, 14, 7]",,,,,,,
401773767,2025,2,regular,2025-09-06T18:00:00.000Z,False,True,False,False,,5872,Kirkeby-Over Stadium,2043,Augustana (SD),ii,Northern Sun,37,"[7, 23, 7, 0]",,,,2939,Jamestown,ii,Northern Sun,7,"[0, 0, 0, 7]",,,,,,,
401754620,2025,2,regular,2025-09-06T18:00:00.000Z,False,True,False,False,28239,3630,Allegacy Federal Credit Union Stadium,154,Wake Forest,fbs,ACC,42,"[21, 0, 21, 0]",0.9889627695083618,1394,1394,2717,Western Carolina,fcs,Southern,10,"[0, 3, 0, 7]",0.011037230491638184,,,3.4066339060301316,,,
401774235,2025,2,regular,2025-09-06T18:00:00.000Z,False,True,False,False,,4423,Young-Wise Memorial Stadium,418,Hendrix,iii,Southern Athletic,14,"[7, 0, 7, 0]",,,,2373,Maryville (TN),iii,USA South,40,"[6, 6, 14, 14]",,,,,,,
401776761,2025,2,regular,2025-09-06T18:00:00.000Z,False,True,False,False,,5895,Klas Field,162,Hamline,iii,Minnesota,28,"[7, 14, 7, 0]",,,,509,Crown,iii,Upper Midwest,21,"[3, 12, 0, 6]",,,,,,,
401776743,2025,2,regular,2025-09-06T18:00:00.000Z,False,True,False,False,,5813,Klein Field at Manitou,133,St. Olaf,iii,Minnesota,32,"[7, 5, 10, 10]",,,,583,Northwestern (MN),iii,Upper Midwest,7,"[7, 0, 0, 0]",,,,,,,
401773035,2025,2,regular,2025-09-06T18:00:00.000Z,False,True,False,False,,5859,Tucci Stadium,306,Illinois Wesleyan,iii,CCIW,18,"[7, 0, 3, 8]",,,,2964,Central College,iii,American Rivers,27,"[14, 0, 7, 6]",,,,,,,
401773172,2025,2,regular,2025-09-06T18:00:00.000Z,False,True,False,False,,5900,Don and Nona Williams Stadium,2744,Wisconsin Stout,iii,Wisconsin,38,"[7, 21, 3, 7]",,,,49,Dubuque,iii,American Rivers,35,"[7, 14, 14, 0]",,,,,,,
401767224,2025,2,regular,2025-09-06T18:30:00.000Z,False,True,False,False,8569,3810,Nissan Stadium,2634,Tennessee State,fcs,OVC-Big South,3,"[0, 0, 0, 3]",0,,,2449,North Dakota State,fcs,MVFC,59,"[17, 28, 7, 7]",1,,,5.364391180966391,,,
401773994,2025,2,regular,2025-09-06T19:00:00.000Z,False,True,False,False,,5881,CAU Panther Stadium,2805,Clark Atlanta,ii,SIAC,17,"[7, 3, 7, 0]",,,,125762,Florida Memorial University,,,12,"[0, 6, 0, 6]",,,,,,,
401760366,2025,2,regular,2025-09-06T19:00:00.000Z,False,True,False,False,17639,3971,University Stadium (NM),167,New Mexico,fbs,Mountain West,32,"[7, 7, 3, 15]",0.9902304410934448,1317,1317,304,Idaho State,fcs,Big Sky,22,"[0, 10, 6, 6]",0.009769558906555176,,,9.17245648654974,,,
401778022,2025,2,regular,2025-09-06T19:00:00.000Z,False,True,False,False,,6149,McCulloch Stadium,2930,Willamette,iii,Northwest,17,"[7, 3, 0, 7]",,,,2923,Pomona Pitzer,iii,So. Cal.,41,"[19, 8, 7, 7]",,,,,,,
401773407,2025,2,regular,2025-09-06T19:00:00.000Z,False,True,False,False,,6044,Lane Field,2323,Lane College,ii,SIAC,15,"[0, 7, 2, 6]",,,,2876,Lincoln (MO),ii,Great Lakes,27,"[14, 0, 0, 13]",,,,,,,
401756881,2025,2,regular,2025-09-06T19:30:00.000Z,False,True,False,False,50341,3726,Folsom Field,38,Colorado,fbs,Big 12,31,"[7, 10, 7, 7]",0.9268234372138977,1613,1660,48,Delaware,fbs,Conference USA,7,"[0, 7, 0, 0]",0.0731765627861023,1500,1453,3.0806966829732896,,,
401762816,2025,2,regular,2025-09-06T19:30:00.000Z,False,True,False,False,3714,3985,Warren McGuirk Alumni Stadium,113,Massachusetts,fbs,Mid-American,26,"[6, 14, 3, 3]",0.9517859816551208,1096,1096,2803,Bryant,fcs,Coastal Athletic,27,"[0, 10, 14, 3]",0.04821401834487915,,,12.276715985149488,,,
401752824,2025,2,regular,2025-09-06T19:30:00.000Z,False,True,False,False,57266,3626,Autzen Stadium,2483,Oregon,fbs,Big Ten,69,"[20, 21, 28, 0]",0.9958012700080872,1860,1992,197,Oklahoma State,fbs,Big 12,3,"[0, 3, 0, 0]",0.004198729991912842,1334,1202,2.2316889409328917,,,
401752686,2025,2,regular,2025-09-06T19:30:00.000Z,False,True,False,True,58346,3683,Kroger Field,96,Kentucky,fbs,SEC,23,"[7, 6, 7, 3]",0.4151056110858917,1507,1524,145,Ole Miss,fbs,SEC,30,"[0, 17, 10, 3]",0.5848943889141083,1939,1922,5.576328550071941,,,
401761596,2025,2,regular,2025-09-06T19:30:00.000Z,False,True,False,False,34921,3792,Kidd Brewer Stadium,2026,App State,fbs,Sun Belt,20,"[14, 0, 3, 3]",0.7579728364944458,1477,1477,2815,Lindenwood,fcs,OVC-Big South,13,"[0, 6, 0, 7]",0.2420271635055542,,,2.840284969539618,,,
401752692,2025,2,regular,2025-09-06T19:30:00.000Z,False,True,False,False,101915,3853,Neyland Stadium,2633,Tennessee,fbs,SEC,72,"[24, 24, 14, 10]",0.9897788166999817,1808,1808,2193,East Tennessee State,fcs,Southern,17,"[0, 7, 3, 7]",0.01022118330001831,,,2.3666336633020975,,,
401754637,2025,2,regular,2025-09-06T19:30:00.000Z,False,True,False,False,77890,3836,"Memorial Stadium (Clemson, SC)",228,Clemson,fbs,ACC,27,"[0, 3, 17, 7]",1,1692,1696,2653,Troy,fbs,Sun Belt,16,"[7, 9, 0, 0]",0,1476,1472,4.694620885378706,,,
401762794,2025,2,regular,2025-09-06T19:30:00.000Z,False,True,False,False,15740,3965,UB Stadium,2084,Buffalo,fbs,Mid-American,45,"[17, 7, 14, 7]",0.9950892329216003,1402,1402,2598,Saint Francis,fcs,NEC,6,"[0, 0, 0, 6]",0.004910767078399658,,,2.291655555280953,,,
401754622,2025,2,regular,2025-09-06T19:30:00.000Z,False,True,False,False,37775,721,Bobby Dodd Stadium,59,Georgia Tech,fbs,ACC,59,"[7, 21, 14, 17]",0.9895111918449402,1556,1556,2241,Gardner-Webb,fcs,OVC-Big South,12,"[6, 0, 0, 6]",0.010488808155059814,,,4.322248368858751,,,
401752685,2025,2,regular,2025-09-06T19:30:00.000Z,False,True,False,False,93033,3917,Sanford Stadium,61,Georgia,fbs,SEC,28,"[7, 7, 7, 7]",0.9730114340782166,2072,2072,2046,Austin Peay,fcs,UAC,6,"[0, 3, 3, 0]",0.026988565921783447,,,2.1152278036155816,,,
401767579,2025,2,regular,2025-09-06T19:30:00.000Z,False,True,False,True,4017,3925,Seibert Stadium,2535,Samford,fcs,Southern,13,"[0, 6, 0, 7]",,,,2643,The Citadel,fcs,Southern,40,"[0, 10, 10, 20]",,,,,,,
401756880,2025,2,regular,2025-09-06T19:30:00.000Z,False,True,False,False,35421,3854,Nippert Stadium,2132,Cincinnati,fbs,Big 12,34,"[7, 14, 10, 3]",0.943564772605896,1477,1504,189,Bowling Green,fbs,Mid-American,20,"[0, 3, 7, 10]",0.056435227394104004,1461,1434,2.2549227112151478,,,
401762458,2025,2,regular,2025-09-06T19:30:00.000Z,False,True,False,True,28325,3852,Navy-Marine Corps Memorial Stadium,2426,Navy,fbs,American Athletic,38,"[14, 10, 7, 7]",0.999152660369873,1543,1553,5,UAB,fbs,American Athletic,24,"[7, 17, 0, 0]",0.0008473396301269531,1319,1309,4.7014933667827785,,,
401752937,2025,2,regular,2025-09-06T19:30:00.000Z,False,True,False,False,28068,3893,Reser Stadium,204,Oregon State,fbs,Pac-12,27,"[6, 9, 6, 6]",0.881254255771637,1371,1365,278,Fresno State,fbs,Mountain West,36,"[7, 13, 0, 16]",0.11874574422836304,1516,1522,10.016643565438494,,,
401752818,2025,2,regular,2025-09-06T19:30:00.000Z,False,True,False,False,45981,6577,SHI Stadium,164,Rutgers,fbs,Big Ten,45,"[7, 17, 7, 14]",0.9909569621086121,1524,1593,193,Miami (OH),fbs,Mid-American,17,"[7, 3, 7, 0]",0.00904303789138794,1491,1422,3.418786733415338,,,
401762461,2025,2,regular,2025-09-06T19:30:00.000Z,False,True,False,False,20051,3980,Waldo Stadium,2711,Western Michigan,fbs,Mid-American,30,"[0, 17, 7, 3, 3]",0.38369107246398926,1310,1312,249,North Texas,fbs,American Athletic,33,"[0, 7, 10, 10, 6]",0.6163089275360107,1411,1409,13.082157990893087,,,
401752689,2025,2,regular,2025-09-06T19:30:00.000Z,False,True,False,False,57321,3838,Memorial Stadium,142,Missouri,fbs,SEC,42,"[6, 15, 7, 14]",0.9613492488861084,1640,1659,2305,Kansas,fbs,Big 12,31,"[21, 0, 3, 7]",0.0386507511138916,1632,1613,7.009144755470777,,,
401761603,2025,2,regular,2025-09-06T19:30:00.000Z,False,True,False,False,45778,3604,Alamodome,2636,UTSA,fbs,American Athletic,36,"[0, 14, 14, 8]",0.1666414737701416,1503,1499,326,Texas State,fbs,Sun Belt,43,"[2, 17, 10, 14]",0.8333585262298584,1623,1627,7.993288344920428,,,
401752815,2025,2,regular,2025-09-06T19:30:00.000Z,False,True,False,False,100624,3861,Ohio Stadium,194,Ohio State,fbs,Big Ten,70,"[21, 14, 21, 14]",0.9849264025688171,1978,1978,2755,Grambling,fcs,SWAC,0,"[0, 0, 0, 0]",0.015073597431182861,,,1.8562841171230613,,,
401777159,2025,2,regular,2025-09-06T20:00:00.000Z,False,True,False,False,,5811,William Rolland Stadium,2094,Cal Lutheran,iii,So. Cal.,18,"[0, 10, 0, 8]",,,,2486,Pacific Lutheran,iii,Northwest,15,"[6, 3, 6, 0]",,,,,,,
401774024,2025,2,regular,2025-09-06T20:00:00.000Z,False,True,False,True,,3705,Earl Kitchings Stadium,2206,Edward Waters,ii,SIAC,46,"[16, 7, 16, 7]",,,,2396,Miles,ii,SIAC,14,"[0, 7, 7, 0]",,,,,,,
401774175,2025,2,regular,2025-09-06T20:00:00.000Z,False,True,False,False,,5119,Maxwell Field,203,Linfield,iii,Northwest,14,"[0, 7, 0, 7]",,,,271,Wisconsin Oshkosh,iii,Wisconsin,31,"[10, 11, 7, 3]",,,,,,,
401776766,2025,2,regular,2025-09-06T20:00:00.000Z,False,True,False,False,,6148,The Pine Bowl,2721,Whitworth,iii,Northwest,23,"[14, 3, 3, 3]",,,,2968,Gustavus Adolphus,iii,Minnesota,10,"[0, 3, 7, 0]",,,,,,,
401756883,2025,2,regular,2025-09-06T20:00:00.000Z,False,True,False,False,26740,3876,Peden Stadium,195,Ohio,fbs,Mid-American,17,"[3, 14, 0, 0]",0.8875462412834167,1619,1620,277,West Virginia,fbs,Big 12,10,"[7, 0, 3, 0]",0.11245375871658325,1470,1469,4.290102965286809,,,
401760367,2025,2,regular,2025-09-06T20:00:00.000Z,False,True,False,False,25009,3984,War Memorial Stadium,2751,Wyoming,fbs,Mountain West,31,"[7, 10, 7, 7]",0.9853284955024719,1386,1386,2460,Northern Iowa,fcs,MVFC,7,"[0, 7, 0, 0]",0.014671504497528076,,,7.255029662458553,,,
401752820,2025,2,regular,2025-09-06T20:00:00.000Z,False,True,False,False,70368,347,Camp Randall Stadium,275,Wisconsin,fbs,Big Ten,42,"[0, 14, 14, 14]",0.9707022905349731,1573,1619,2393,Middle Tennessee,fbs,Conference USA,10,"[3, 7, 0, 0]",0.029297709465026855,1228,1182,7.30487217133281,,,
401767089,2025,2,regular,2025-09-06T20:00:00.000Z,False,True,False,False,8065,3791,Kibbie Dome,70,Idaho,fcs,Big Sky,37,"[3, 20, 0, 14]",0.9373034238815308,,,2900,St. Thomas (MN),fcs,Pioneer,30,"[7, 6, 3, 14]",0.06269657611846924,,,13.5935564276272,,,
401777166,2025,2,regular,2025-09-06T20:00:00.000Z,False,True,False,True,,6104,Baker Stadium,2508,Puget Sound,iii,Northwest,20,"[0, 6, 7, 7]",,,,2333,Lewis & Clark,iii,Northwest,56,"[21, 21, 7, 7]",,,,,,,
401773593,2025,2,regular,2025-09-06T20:05:00.000Z,False,True,False,False,,5783,McArthur Field,2848,Western Oregon,ii,Lone Star,27,"[7, 13, 7, 0]",,,,2584,Southern Oregon,,,7,"[0, 0, 0, 7]",,,,,,,
401752684,2025,2,regular,2025-09-06T20:15:00.000Z,False,True,False,False,89909,3634,Ben Hill Griffin Stadium,57,Florida,fbs,SEC,16,"[3, 6, 0, 7]",0.49722573161125183,1678,1668,58,South Florida,fbs,American Athletic,18,"[0, 6, 9, 3]",0.5027742683887482,1554,1564,6.000807473517696,,,
401761602,2025,2,regular,2025-09-06T21:00:00.000Z,False,True,False,False,32011,3815,M. M. Roberts Stadium,2572,Southern Miss,fbs,Sun Belt,38,"[14, 3, 7, 14]",0.9898084998130798,1089,1089,2296,Jackson State,fcs,SWAC,20,"[3, 7, 0, 10]",0.010191500186920166,,,3.6500557956045463,,,
401767112,2025,2,regular,2025-09-06T21:00:00.000Z,False,True,False,False,9611,2023,Walkup Skydome,2464,Northern Arizona,fcs,Big Sky,38,"[14, 17, 0, 7]",0.9712880849838257,,,3101,Utah Tech,fcs,UAC,31,"[7, 3, 7, 14]",0.028711915016174316,,,4.030399163578949,,,
401752682,2025,2,regular,2025-09-06T21:00:00.000Z,False,True,True,False,54224,3983,War Memorial Stadium (AR),8,Arkansas,fbs,SEC,56,"[28, 7, 14, 7]",0.998382568359375,1574,1674,2032,Arkansas State,fbs,Sun Belt,14,"[7, 7, 0, 0]",0.001617431640625,1344,1244,3.493453978670016,,,
401760365,2025,2,regular,2025-09-06T21:00:00.000Z,False,True,False,False,20535,3816,Mackay Stadium,2440,Nevada,fbs,Mountain West,20,"[0, 13, 0, 7]",0.3233785331249237,1249,1249,16,Sacramento State,fcs,Big Sky,17,"[7, 10, 0, 0]",0.6766214668750763,,,6.902041952612669,,,
401774140,2025,2,regular,2025-09-06T21:00:00.000Z,False,True,False,False,,6142,Westside Athletic Complex,2843,Western Connecticut State,iii,Landmark Conference,21,"[7, 7, 0, 7]",,,,2970,William Paterson,iii,New Jersey,20,"[0, 7, 7, 6]",,,,,,,
401773955,2025,2,regular,2025-09-06T22:00:00.000Z,False,True,False,True,,6033,Carl Smith Stadium,2842,UVA Wise,ii,South Atlantic,24,"[7, 10, 0, 7]",,,,2444,Newberry,ii,South Atlantic,31,"[14, 3, 7, 7]",,,,,,,
401767336,2025,2,regular,2025-09-06T22:00:00.000Z,False,True,False,False,4151,717,Villanova Stadium,222,Villanova,fcs,Coastal Athletic,24,"[7, 7, 10, 0]",,,,2142,Colgate,fcs,Patriot,17,"[0, 10, 7, 0]",,,,,,,
401767149,2025,2,regular,2025-09-06T22:00:00.000Z,False,True,False,False,6015,3894,Rhodes Stadium,2210,Elon,fcs,Coastal Athletic,55,"[10, 31, 7, 7]",0.9919793605804443,,,2166,Davidson,fcs,Pioneer,7,"[0, 0, 7, 0]",0.008020639419555664,,,2.6298969011423994,,,
401767257,2025,2,regular,2025-09-06T22:00:00.000Z,False,True,False,False,,150,Jack Coffey Field,2230,Fordham,fcs,Patriot,28,"[14, 7, 7, 0]",0.10981645435094833,,,2405,Monmouth,fcs,Coastal Athletic,49,"[21, 13, 0, 15]",0.8901835456490517,,,13.561051769705925,,,
401761599,2025,2,regular,2025-09-06T22:00:00.000Z,False,True,False,False,18111,3918,S.B. Ballard Stadium,295,Old Dominion,fbs,Sun Belt,54,"[9, 7, 28, 10]",0.9922709465026855,1470,1470,2428,North Carolina Central,fcs,MEAC,6,"[0, 3, 3, 0]",0.007729053497314453,,,3.171607761996218,,,
401767277,2025,2,regular,2025-09-06T22:00:00.000Z,False,True,False,False,5193,3908,Roy Kidd Stadium,2198,Eastern Kentucky,fcs,UAC,20,"[13, 0, 0, 7]",0.8267442584037781,,,2277,Houston Christian,fcs,Southland,10,"[3, 7, 0, 0]",0.17325574159622192,,,9.59075487136684,,,
401774335,2025,2,regular,2025-09-06T22:00:00.000Z,False,True,False,False,,4422,Valhalla Stadium,2757,Berry,iii,Southern Athletic,58,"[15, 29, 7, 7]",,,,2938,Huntingdon,iii,USA South,28,"[0, 7, 14, 7]",,,,,,,
401767652,2025,2,regular,2025-09-06T22:00:00.000Z,False,True,False,False,1617,4416,Spec Martin Municipal Stadium,56,Stetson,fcs,Pioneer,59,"[24, 14, 14, 7]",1,,,2683,Warner,,,13,"[0, 3, 0, 10]",0,,,2.645125885523232,,,
401773094,2025,2,regular,2025-09-06T22:00:00.000Z,False,True,False,False,,6217,W.C. Hawkins Stadium,2019,Allen,ii,SIAC,17,[],,,,2940,Livingstone,ii,CIAA,28,[],,,,,,,
401767404,2025,2,regular,2025-09-06T22:00:00.000Z,False,True,False,False,22396,3991,"William Dick"""" Price Stadium""""",2450,Norfolk State,fcs,MEAC,34,"[7, 0, 3, 21, 3]",0.9817796349525452,,,330,Virginia State,ii,CIAA,31,"[3, 13, 7, 8, 0]",0.018220365047454834,,,7.244220675903214,,,
401756887,2025,2,regular,2025-09-06T22:00:00.000Z,False,True,False,False,51463,587,Rice-Eccles Stadium,254,Utah,fbs,Big 12,63,"[14, 21, 21, 7]",0.9827632308006287,1638,1638,13,Cal Poly,fcs,Big Sky,9,"[3, 3, 0, 3]",0.017236769199371338,,,2.1367854662551324,,,
401767593,2025,2,regular,2025-09-06T22:00:00.000Z,False,True,False,False,2754,3737,Gibbs Stadium,2747,Wofford,fcs,Southern,10,"[7, 0, 3, 0]",0,,,257,Richmond,fcs,Patriot,14,"[7, 0, 0, 7]",1,,,5.821420225191183,,,
401767180,2025,2,regular,2025-09-06T22:00:00.000Z,False,True,False,False,5131,3620,Armstrong Stadium,2261,Hampton,fcs,Coastal Athletic,27,"[10, 0, 7, 10]",0.9511753916740417,,,2207,Elizabeth City State,ii,CIAA,20,"[7, 13, 0, 0]",0.04882460832595825,,,6.0771930802433936,,,
401773704,2025,2,regular,2025-09-06T22:00:00.000Z,False,True,False,False,,6212,Bishop Schmitt Field,112335,Wheeling,ii,Mountain East,15,"[0, 7, 0, 8]",,,,2682,Walsh,ii,Great Midwest Athletic,31,"[14, 3, 0, 14]",,,,,,,
401773142,2025,2,regular,2025-09-06T22:00:00.000Z,False,True,False,False,,3952,Ted Wright Stadium,2542,Savannah State,ii,SIAC,13,"[0, 3, 7, 3]",,,,2560,Shorter,ii,Carolinas,0,"[0, 0, 0, 0]",,,,,,,
401767189,2025,2,regular,2025-09-06T22:00:00.000Z,False,True,False,True,,3998,Zable Stadium,2729,William & Mary,fcs,Coastal Athletic,28,"[0, 7, 14, 7]",0.6399329304695129,,,311,Maine,fcs,Coastal Athletic,27,"[7, 10, 7, 3]",0.36006706953048706,,,5.843177839559491,,,
401762459,2025,2,regular,2025-09-06T22:00:00.000Z,False,True,False,False,35120,3699,Dowdy-Ficklen Stadium,151,East Carolina,fbs,American Athletic,56,"[14, 21, 14, 7]",0.9879902005195618,1429,1429,2097,Campbell,fcs,Coastal Athletic,3,"[0, 3, 0, 0]",0.012009799480438232,,,2.3894709194043213,,,
401773950,2025,2,regular,2025-09-06T22:00:00.000Z,False,True,False,True,,6078,Pioneer Field (TN),2839,Tusculum,ii,South Atlantic,7,"[7, 0, 0, 0]",,,,2331,Lenoir Rhyne,ii,South Atlantic,28,"[14, 0, 7, 7]",,,,,,,
401774111,2025,2,regular,2025-09-06T22:00:00.000Z,False,True,False,False,,5899,"Alumni Stadium (Worcester, MA)",2749,WPI,iii,NEWMAC,9,"[0, 3, 0, 6]",,,,2528,Rensselaer,iii,Liberty League,26,"[10, 6, 7, 3]",,,,,,,
401773685,2025,2,regular,2025-09-06T22:00:00.000Z,False,True,False,False,,3760,Hubert Jack Stadium,209,Lock Haven,ii,Pennsylvania State Athletic,16,"[6, 10, 0, 0]",,,,2249,Glenville State,ii,Mountain East,13,"[0, 6, 7, 0]",,,,,,,
401757228,2025,2,regular,2025-09-06T22:00:00.000Z,False,True,False,False,28564,3775,Joan C. Edwards Stadium,276,Marshall,fbs,Sun Belt,20,"[0, 17, 3, 0]",0.04023043066263199,1519,1508,2623,Missouri State,fbs,Conference USA,21,"[0, 7, 7, 7]",0.959769569337368,1335,1346,7.466062922611336,,,
401762460,2025,2,regular,2025-09-06T22:00:00.000Z,False,True,False,False,21029,3715,FAU Stadium,2226,Florida Atlantic,fbs,American Athletic,56,"[22, 17, 0, 17]",0.977178156375885,1237,1237,50,Florida A&M,fcs,SWAC,14,"[0, 0, 7, 7]",0.02282184362411499,,,2.097398530154686,,,
401767266,2025,2,regular,2025-09-06T22:00:00.000Z,False,True,False,False,6509,3688,Wildcat Stadium,160,New Hampshire,fcs,Coastal Athletic,19,"[7, 3, 3, 6]",0.7952450513839722,,,107,Holy Cross,fcs,Patriot,16,"[9, 0, 0, 7]",0.20475494861602783,,,12.348505186754306,,,
401774208,2025,2,regular,2025-09-06T22:00:00.000Z,False,True,False,False,,6117,Knight Stadium,2896,Southern Virginia,iii,USA South,27,"[7, 6, 14, 0]",,,,3111,Apprentice School,iii,Independent DIII,6,"[0, 6, 0, 0]",,,,,,,
401754530,2025,2,regular,2025-09-06T22:00:00.000Z,False,True,False,False,35898,3831,California Memorial Stadium,25,California,fbs,ACC,35,"[3, 8, 14, 10]",0.9355884194374084,1564,1564,2640,Texas Southern,fcs,SWAC,3,"[0, 0, 0, 3]",0.06441158056259155,,,3.713203523942471,,,
401767317,2025,2,regular,2025-09-06T22:00:00.000Z,False,True,False,True,5539,3788,Kenneth P. LaValle Stadium,2619,Stony Brook,fcs,Coastal Athletic,17,"[10, 0, 0, 7]",0.06364096701145172,,,227,Rhode Island,fcs,Coastal Athletic,31,"[0, 24, 0, 7]",0.9363590329885483,,,10.498272822878102,,,
401773742,2025,2,regular,2025-09-06T22:00:00.000Z,False,True,False,True,,6072,Schwan Regional Event Center,2587,Southwest Minnesota State,ii,Northern Sun,3,"[3, 0, 0, 0]",,,,2817,Minnesota St Moorhead,ii,Northern Sun,51,"[13, 21, 7, 10]",,,,,,,
401777102,2025,2,regular,2025-09-06T22:00:00.000Z,False,True,False,False,,6152,Wiliams Stadium (OH),2733,Wilmington (OH),iii,Ohio,59,"[7, 35, 7, 10]",,,,2748,Wooster,iii,North Coast,35,"[0, 21, 7, 7]",,,,,,,
401773080,2025,2,regular,2025-09-06T22:00:00.000Z,False,True,False,False,,6060,Grace P. Johnson Stadium,2882,UNC Pembroke,ii,Carolinas,31,"[14, 7, 10, 0]",,,,2220,Fayetteville State,ii,CIAA,24,"[7, 3, 14, 0]",,,,,,,
401777542,2025,2,regular,2025-09-06T22:30:00.000Z,False,True,False,False,,6046,Meares Stadium,2369,Mars Hill,ii,South Atlantic,25,"[10, 0, 0, 15]",,,,2736,Winston-Salem State,ii,CIAA,28,"[7, 0, 14, 7]",,,,,,,
401757232,2025,2,regular,2025-09-06T23:00:00.000Z,False,True,False,False,24138,3739,Glass Bowl,2649,Toledo,fbs,Mid-American,45,"[21, 10, 14, 0]",0.9942803382873535,1445,1505,98,Western Kentucky,fbs,Conference USA,21,"[7, 0, 0, 14]",0.005719661712646484,1450,1390,2.539211806272949,,,
401754527,2025,2,regular,2025-09-06T23:00:00.000Z,False,True,False,False,19233,4418,Jerry Richardson Stadium,2429,Charlotte,fbs,American Athletic,3,"[0, 3, 0, 0]",0,1221,1200,153,North Carolina,fbs,ACC,20,"[10, 7, 0, 3]",1,1417,1438,3.333886477580821,,,
401774397,2025,2,regular,2025-09-06T23:00:00.000Z,False,True,False,False,,5805,Alumni Field (OH),2074,Bluffton,iii,Heartland,20,"[0, 3, 10, 7]",,,,352,Kenyon,iii,North Coast,17,"[3, 14, 0, 0]",,,,,,,
401774434,2025,2,regular,2025-09-06T23:00:00.000Z,False,True,False,False,,6111,Cook Stadium,86,Rose Hulman,iii,Heartland,0,"[0, 0, 0, 0]",,,,83,DePauw,iii,North Coast,40,"[13, 14, 3, 10]",,,,,,,
401752691,2025,2,regular,2025-09-06T23:00:00.000Z,False,True,False,False,79705,3994,Williams-Brice Stadium,2579,South Carolina,fbs,SEC,38,"[0, 17, 21, 0]",0.6999583840370178,1729,1729,2569,South Carolina State,fcs,MEAC,10,"[3, 0, 0, 7]",0.3000416159629822,,,3.6234773442688484,,,
401767304,2025,2,regular,2025-09-06T23:00:00.000Z,False,True,False,False,21330,3827,"Memorial Stadium (Stephenville, TX)",2627,Tarleton State,fcs,UAC,59,"[7, 24, 28, 0]",0.9891961812973022,,,2400,Mississippi Valley State,fcs,SWAC,3,"[0, 3, 0, 0]",0.010803818702697754,,,3.03072784225651,,,
401773759,2025,2,regular,2025-09-06T23:00:00.000Z,False,True,False,True,,6070,Bob Young Field,2894,Sioux Falls,ii,Northern Sun,42,"[7, 7, 7, 21]",,,,425,Northern State,ii,Northern Sun,28,"[7, 0, 14, 7]",,,,,,,
401767455,2025,2,regular,2025-09-06T23:00:00.000Z,False,True,False,False,15027,3909,Roy Stewart Stadium,93,Murray State,fcs,MVFC,24,"[7, 3, 0, 14]",0,,,2545,SE Louisiana,fcs,Southland,45,"[7, 21, 3, 14]",1,,,9.794207396532556,,,
401773135,2025,2,regular,2025-09-06T23:00:00.000Z,False,True,False,True,,5935,Parker Field at McCool Stadium,2170,Delta State,ii,Gulf South,41,"[14, 13, 7, 7]",,,,2822,North Greenville,ii,Carolinas,9,"[2, 0, 7, 0]",,,,,,,
401761598,2025,2,regular,2025-09-06T23:00:00.000Z,False,True,False,False,13625,4246,Center Parc Stadium,2247,Georgia State,fbs,Sun Belt,16,"[9, 7, 0, 0]",0.16244572401046753,1230,1213,235,Memphis,fbs,American Athletic,38,"[7, 10, 14, 7]",0.8375542759895325,1604,1621,11.630263530136874,,,
401774343,2025,2,regular,2025-09-06T23:00:00.000Z,False,True,False,False,,5818,Farris Stadium,2121,Centre,iii,Southern Athletic,23,"[0, 16, 7, 0]",,,,2262,Hanover,iii,Heartland,15,"[7, 0, 8, 0]",,,,,,,
401773424,2025,2,regular,2025-09-06T23:00:00.000Z,False,True,False,False,,6062,Gable Field at Doc Wadley Stadium,196,Northeastern State,ii,Independent DII,24,"[0, 7, 14, 3]",,,,2402,Missouri S&T,ii,Great Lakes,27,"[0, 10, 0, 17]",,,,,,,
401778025,2025,2,regular,2025-09-06T23:00:00.000Z,False,True,False,False,,5800,Jopson Athletic Complex,2079,Bridgewater,iii,Old Dominion,27,"[14, 0, 7, 6]",,,,471,Stevenson,iii,Mid Atlantic,32,"[0, 26, 3, 3]",,,,,,,
401773462,2025,2,regular,2025-09-06T23:00:00.000Z,False,True,False,False,,3811,Lubbers Stadium,125,Grand Valley State,ii,GLIAC,48,"[7, 13, 21, 7]",,,,2069,Black Hills State,ii,Rocky Mountain,36,"[10, 0, 19, 7]",,,,,,,
401760364,2025,2,regular,2025-09-06T23:00:00.000Z,False,True,False,False,37023,5388,Canvas Stadium,36,Colorado State,fbs,Mountain West,21,"[0, 0, 14, 7]",0.9605945348739624,1357,1357,2458,Northern Colorado,fcs,Big Sky,17,"[7, 3, 7, 0]",0.0394054651260376,,,6.357367126535031,,,
401767127,2025,2,regular,2025-09-06T23:00:00.000Z,False,True,False,False,11469,3605,Alerus Center,155,North Dakota,fcs,MVFC,50,"[22, 14, 7, 7]",0.9926977157592773,,,2502,Portland State,fcs,Big Sky,20,"[6, 0, 7, 7]",0.007302284240722656,,,2.045451911227262,,,
401756884,2025,2,regular,2025-09-06T23:00:00.000Z,False,True,False,False,30116,3895,Rice Stadium,242,Rice,fbs,American Athletic,9,"[0, 3, 0, 6]",0.10369107872247696,1337,1271,248,Houston,fbs,Big 12,35,"[0, 7, 7, 21]",0.896308921277523,1375,1441,5.868186786577186,,,
401767437,2025,2,regular,2025-09-06T23:00:00.000Z,False,True,False,False,,3744,Hancock Stadium,2287,Illinois State,fcs,MVFC,41,"[3, 14, 10, 14]",0.9874398112297058,,,2413,Morehead State,fcs,Pioneer,13,"[6, 0, 0, 7]",0.01256018877029419,,,3.4939424550972107,,,
401754641,2025,2,regular,2025-09-06T23:00:00.000Z,False,True,False,False,60617,3948,Hard Rock Stadium,2390,Miami,fbs,ACC,45,"[14, 14, 7, 10]",0.9784430861473083,1752,1752,2065,Bethune-Cookman,fcs,SWAC,3,"[0, 3, 0, 0]",0.02155691385269165,,,1.7536217433564345,,,
401766648,2025,2,regular,2025-09-06T23:00:00.000Z,False,True,False,False,,5841,Pete FioRito Stadium at McKinzie Field,101,Eureka,iii,NACC,14,"[0, 0, 6, 8]",,,,255,Knox,iii,Midwest,13,"[3, 10, 0, 0]",,,,,,,
401773204,2025,2,regular,2025-09-06T23:00:00.000Z,False,True,False,False,,3635,Bill Buxton Stadium,2564,Simpson (IA),iii,American Rivers,41,"[3, 13, 7, 12, 6]",,,,2042,Augustana (IL),iii,CCIW,42,"[14, 3, 0, 18, 7]",,,,,,,
401762795,2025,2,regular,2025-09-06T23:00:00.000Z,False,True,False,False,15313,3912,Rynearson Stadium,2199,Eastern Michigan,fbs,Mid-American,23,"[3, 7, 0, 13]",0.010683189146220684,1241,1241,2341,Long Island University,fcs,NEC,28,"[7, 7, 0, 14]",0.9893168108537793,,,10.841158200364873,,,
401777586,2025,2,regular,2025-09-06T23:00:00.000Z,False,True,False,False,,4463,Crusader Stadium,2371,Mary Hardin Baylor,iii,American Southwest,30,"[0, 16, 14, 0]",,,,2064,Bethel University Tennessee,,,23,"[7, 13, 0, 3]",,,,,,,
401778036,2025,2,regular,2025-09-06T23:00:00.000Z,False,True,False,False,,5892,Armfield Athletic Center,2258,Guilford,iii,Old Dominion,7,"[7, 0, 0, 0]",,,,2256,Greensboro,iii,USA South,21,"[7, 0, 7, 7]",,,,,,,
401776801,2025,2,regular,2025-09-06T23:00:00.000Z,False,True,False,False,,5798,Jerry E. Apple Stadium,2045,Austin,iii,Southern Collegiate Athletic,10,"[10, 0, 0, 0]",,,,126,Kalamazoo,iii,Michigan,14,"[0, 7, 7, 0]",,,,,,,
401766650,2025,2,regular,2025-09-06T23:00:00.000Z,False,True,False,False,,6109,Ingalls Field,2891,Ripon,iii,Midwest,19,"[0, 0, 7, 12]",,,,75,North Park,iii,CCIW,35,"[7, 14, 7, 7]",,,,,,,
401774366,2025,2,regular,2025-09-06T23:00:00.000Z,False,True,False,False,,5918,Taylor Field,6353,Lakeland,iii,NACC,40,"[20, 6, 0, 14]",,,,2106,Carthage,iii,CCIW,51,"[7, 16, 21, 7]",,,,,,,
401767216,2025,2,regular,2025-09-06T23:00:00.000Z,False,True,False,False,,7003,Houck Field,2546,Southeast Missouri State,fcs,OVC-Big South,30,"[0, 13, 10, 7]",0.971346378326416,,,2453,North Alabama,fcs,UAC,21,"[7, 0, 0, 14]",0.028653621673583984,,,9.789346470608454,,,
401774428,2025,2,regular,2025-09-06T23:00:00.000Z,False,True,False,False,,6090,Sherman Field at McConagha Stadium,332,Muskingum,iii,Ohio,27,"[7, 7, 6, 7]",,,,2419,Mount St Joseph,iii,Heartland,33,"[7, 16, 7, 3]",,,,,,,
401767432,2025,2,regular,2025-09-06T23:00:00.000Z,False,True,False,False,6326,5238,Panther Stadium,2504,Prairie View A&M,fcs,SWAC,21,"[0, 7, 7, 7]",,,,292,UT Rio Grande Valley,fcs,Southland,27,"[17, 3, 0, 7]",,,,,,,
401767656,2025,2,regular,2025-09-06T23:00:00.000Z,False,True,False,False,,3655,Brown Field,2674,Valparaiso,fcs,Pioneer,7,"[0, 0, 0, 7]",0.2564627528190613,,,2003,Adrian,iii,Michigan,10,"[0, 3, 0, 7]",0.7435372471809387,,,12.63646115406537,,,
401767482,2025,2,regular,2025-09-06T23:00:00.000Z,False,True,False,False,6043,3882,Provost Umphrey Stadium,2320,Lamar,fcs,Southland,20,"[3, 7, 3, 7]",,,,233,South Dakota,fcs,MVFC,13,"[10, 0, 3, 0]",,,,,,,
401767309,2025,2,regular,2025-09-06T23:00:00.000Z,False,True,False,True,15147,3809,Louis Crews Stadium,2010,Alabama A&M,fcs,SWAC,41,"[21, 7, 7, 6]",,,,2016,Alcorn State,fcs,SWAC,31,"[14, 3, 7, 7]",,,,,,,
401769868,2025,2,regular,2025-09-06T23:00:00.000Z,False,True,False,False,,3779,Manning Field at John L. Guidry Stadium,2447,Nicholls,fcs,Southland,10,"[0, 3, 0, 7]",0.016514111310243607,,,2698,West Georgia,fcs,UAC,34,"[7, 7, 10, 10]",0.9834858886897564,,,9.031474502975053,,,
401774457,2025,2,regular,2025-09-06T23:00:00.000Z,False,True,False,False,,5996,Wilford Moore Stadium,241,McMurry,iii,Southern Collegiate Athletic,19,"[3, 8, 0, 8]",,,,2588,Southwestern U,iii,Southern Athletic,27,"[17, 7, 0, 3]",,,,,,,
401774012,2025,2,regular,2025-09-06T23:00:00.000Z,False,True,False,True,,4747,Abbott Memorial Alumni Stadium,2657,Tuskegee,ii,SIAC,33,"[9, 0, 7, 17]",,,,2119,Central State,ii,SIAC,0,"[0, 0, 0, 0]",,,,,,,
401773798,2025,2,regular,2025-09-06T23:00:00.000Z,False,True,False,True,,6035,"Memorial Stadium (Wayne, NE)",2844,Wayne State (NE),ii,Northern Sun,42,"[14, 14, 0, 14]",,,,559,University of Mary,ii,Northern Sun,7,"[0, 7, 0, 0]",,,,,,,
401756886,2025,2,regular,2025-09-06T23:00:00.000Z,False,True,False,False,44009,3652,FBC Mortgage Stadium,2116,UCF,fbs,Big 12,68,"[28, 12, 14, 14]",0.9864861965179443,1550,1550,2448,North Carolina A&T,fcs,Coastal Athletic,7,"[0, 0, 0, 7]",0.013513803482055664,,,2.4314072997372134,,,
401767379,2025,2,regular,2025-09-06T23:00:00.000Z,False,True,False,False,9279,3711,Estes Stadium,2110,Central Arkansas,fcs,UAC,41,"[6, 14, 7, 14]",0.9970031380653381,,,2029,Arkansas-Pine Bluff,fcs,SWAC,17,"[7, 3, 0, 7]",0.0029968619346618652,,,7.8431837788142476,,,
401773535,2025,2,regular,2025-09-06T23:00:00.000Z,False,True,False,False,,5869,LeGrand Stadium at 1st Community Credit Union Field,2025,Angelo State,ii,Lone Star,41,[],,,,2214,Emporia State,ii,Mid America,20,[],,,,,,,
401773439,2025,2,regular,2025-09-06T23:00:00.000Z,False,True,False,False,,3878,Plaster Sports Complex,2586,Southwest Baptist,ii,Great Lakes,31,"[3, 14, 7, 7]",,,,2403,Missouri Southern State,ii,Mid America,38,"[14, 14, 10, 0]",,,,,,,
401767359,2025,2,regular,2025-09-06T23:00:00.000Z,False,True,False,True,17195,3599,Ace W. Mumford Stadium,2582,Southern,fcs,SWAC,7,"[0, 0, 7, 0]",0.0813988596200943,,,2011,Alabama State,fcs,SWAC,30,"[3, 3, 17, 7]",0.9186011403799057,,,10.909448854764582,,,
401756882,2025,2,regular,2025-09-06T23:00:00.000Z,False,True,False,False,52723,3636,Bill Snyder Family Stadium,2306,Kansas State,fbs,Big 12,21,"[3, 10, 8, 0]",0.24810242652893066,1666,1658,349,Army,fbs,American Athletic,24,"[0, 7, 7, 10]",0.7518975734710693,1607,1615,4.812631689492559,,,
401767328,2025,2,regular,2025-09-06T23:00:00.000Z,False,True,False,False,,3762,Hughes Stadium,2415,Morgan State,fcs,MEAC,22,"[3, 13, 0, 6]",0.869097888469696,,,119,Towson,fcs,Coastal Athletic,27,"[7, 14, 0, 6]",0.13090211153030396,,,4.862942836561169,,,
401761601,2025,2,regular,2025-09-06T23:00:00.000Z,False,True,False,False,16871,6526,Hancock Whitney Stadium,6,South Alabama,fbs,Sun Belt,31,"[14, 0, 0, 17]",0.1358165442943573,1555,1557,2655,Tulane,fbs,American Athletic,33,"[14, 10, 3, 6]",0.8641834557056427,1644,1642,5.567741495898722,,,
401752695,2025,2,regular,2025-09-06T23:30:00.000Z,False,True,False,False,65632,3799,Lane Stadium,259,Virginia Tech,fbs,ACC,20,"[10, 10, 0, 0]",0.025915134698152542,1575,1502,238,Vanderbilt,fbs,SEC,44,"[0, 10, 13, 21]",0.9740848653018475,1497,1570,5.012196213185042,,,
401752683,2025,2,regular,2025-09-06T23:30:00.000Z,False,True,False,False,88043,3785,Jordan-Hare Stadium,2,Auburn,fbs,SEC,42,"[14, 7, 7, 14]",0.9814049601554871,1609,1661,2050,Ball State,fbs,Mid-American,3,"[0, 0, 3, 0]",0.01859503984451294,1138,1086,3.1998303337378187,,,
401752810,2025,2,regular,2025-09-06T23:30:00.000Z,False,True,False,False,86439,3834,"Memorial Stadium (Lincoln, NE)",158,Nebraska,fbs,Big Ten,68,"[9, 24, 21, 14]",0.993889331817627,1522,1699,2006,Akron,fbs,Mid-American,0,"[0, 0, 0, 0]",0.006110668182373047,1235,1058,2.7140669746621877,,,
401752688,2025,2,regular,2025-09-06T23:30:00.000Z,False,True,False,False,50808,3693,Davis Wade Stadium,344,Mississippi State,fbs,SEC,24,"[10, 7, 0, 7]",0.8706225156784058,1424,1436,9,Arizona State,fbs,Big 12,20,"[0, 3, 7, 10]",0.12937748432159424,1700,1688,4.934156253962285,,,
401752814,2025,2,regular,2025-09-06T23:30:00.000Z,False,True,False,False,,477,Los Angeles Memorial Coliseum,30,USC,fbs,Big Ten,59,"[21, 10, 14, 14]",0.9896509051322937,1841,1895,290,Georgia Southern,fbs,Sun Belt,20,"[6, 7, 7, 0]",0.010349094867706299,1382,1328,3.561627952727972,,,
401761597,2025,2,regular,2025-09-06T23:30:00.000Z,False,True,False,False,22217,3654,Brooks Stadium (SC),324,Coastal Carolina,fbs,Sun Belt,13,"[0, 3, 0, 10]",1,1266,1266,2127,Charleston Southern,fcs,OVC-Big South,0,"[0, 0, 0, 0]",0,,,4.242174070025722,,,
401752687,2025,2,regular,2025-09-06T23:30:00.000Z,False,True,False,False,101667,3958,Tiger Stadium (LA),99,LSU,fbs,SEC,23,"[7, 3, 7, 6]",0.9601048827171326,1730,1735,2348,Louisiana Tech,fbs,Conference USA,7,"[0, 0, 0, 7]",0.03989511728286743,1397,1392,2.689104640399413,,,
401773775,2025,2,regular,2025-09-06T23:30:00.000Z,False,True,False,True,,5933,Sea Foam Stadium,3066,Concordia St. Paul,ii,Northern Sun,7,"[0, 0, 7, 0]",,,,134,Minnesota Duluth,ii,Northern Sun,61,"[20, 20, 14, 7]",,,,,,,
401752819,2025,2,regular,2025-09-06T23:30:00.000Z,False,True,False,False,54663,3907,Ross-Ade Stadium,2509,Purdue,fbs,Big Ten,34,"[14, 10, 3, 7]",0.9792229533195496,1287,1287,79,Southern Illinois,fcs,MVFC,17,"[14, 0, 0, 3]",0.02077704668045044,,,3.7228955481882204,,,
401752690,2025,2,regular,2025-09-06T23:30:00.000Z,False,True,False,False,84107,3835,"Memorial Stadium (Norman, OK)",201,Oklahoma,fbs,SEC,24,"[7, 7, 7, 3]",0.8726335167884827,1650,1679,130,Michigan,fbs,Big Ten,13,"[0, 0, 13, 0]",0.12736648321151733,1771,1742,3.288925346237761,,,
401752816,2025,2,regular,2025-09-06T23:30:00.000Z,False,True,False,False,70510,3936,Spartan Stadium,127,Michigan State,fbs,Big Ten,42,"[7, 7, 10, 3, 7, 8]",0.05183751508593559,1403,1405,103,Boston College,fbs,ACC,40,"[0, 21, 3, 3, 7, 6]",0.9481624849140644,1508,1506,12.45742436349646,,,
401752681,2025,2,regular,2025-09-06T23:45:00.000Z,False,True,False,False,100077,3657,Bryant-Denny Stadium,333,Alabama,fbs,SEC,73,"[21, 21, 10, 21]",0.9963486790657043,1755,1920,2433,UL Monroe,fbs,Sun Belt,0,"[0, 0, 0, 0]",0.0036513209342956543,1281,1116,1.7092281180496258,,,
401773634,2025,2,regular,2025-09-07T00:00:00.000Z,False,True,False,False,,6057,Ron & Carol Cope Stadium at Foster Field,2438,Nebraska Kearney,ii,Mid America,41,"[3, 14, 7, 17]",,,,2123,Chadron State,ii,Rocky Mountain,21,"[7, 0, 7, 7]",,,,,,,
401761600,2025,2,regular,2025-09-07T00:00:00.000Z,False,True,False,False,26071,3666,Cajun Field,309,Louisiana,fbs,Sun Belt,34,"[7, 10, 0, 17]",0.9776145815849304,1465,1465,2377,McNeese,fcs,Southland,10,"[7, 0, 3, 0]",0.02238541841506958,,,4.00838757879188,,,
401773556,2025,2,regular,2025-09-07T00:00:00.000Z,False,True,False,False,,6049,"Memorial Stadium (Wichita Falls, TX)",2395,Midwestern State,ii,Lone Star,13,"[0, 0, 0, 13]",,,,2714,Western Colorado,ii,Rocky Mountain,38,"[21, 0, 14, 3]",,,,,,,
401766651,2025,2,regular,2025-09-07T00:00:00.000Z,False,True,False,False,,6137,Walston-Hoover Stadium,2685,Wartburg,iii,American Rivers,21,"[7, 0, 14, 0]",,,,2919,Monmouth (IL),iii,Midwest,7,"[0, 0, 7, 0]",,,,,,,
401773586,2025,2,regular,2025-09-07T00:00:00.000Z,False,True,False,False,,6059,Sanchez Family Stadium,2424,New Mexico Highlands,ii,Rocky Mountain,69,"[28, 10, 10, 21]",,,,2703,Western New Mexico,ii,Lone Star,55,"[7, 21, 12, 15]",,,,,,,
401773595,2025,2,regular,2025-09-07T00:00:00.000Z,False,True,False,True,,5878,Wantland Stadium,2122,Central Oklahoma,ii,Mid America,27,"[14, 3, 7, 3]",,,,90,Pittsburg State,ii,Mid America,24,"[0, 16, 8, 0]",,,,,,,
401773564,2025,2,regular,2025-09-07T00:00:00.000Z,False,True,False,False,,6076,Javelina Stadium,2658,Texas A&M-Kingsville,ii,Lone Star,60,"[22, 16, 5, 17]",,,,124179,Lincoln (CA),ii,Independent DII,12,"[0, 0, 12, 0]",,,,,,,
401777300,2025,2,regular,2025-09-07T00:00:00.000Z,False,True,False,False,,5838,Ornelas Stadium,2194,East Texas Baptist,iii,American Southwest,47,"[6, 21, 17, 3]",,,,101161,Lyon,iii,Southern Collegiate Athletic,8,"[8, 0, 0, 0]",,,,,,,
401767238,2025,2,regular,2025-09-07T00:00:00.000Z,False,True,False,False,8042,5440,Wildcat Stadium (TX),2000,Abilene Christian,fcs,UAC,28,"[0, 21, 7, 0]",0.9274876713752747,,,2617,Stephen F. Austin,fcs,Southland,20,"[14, 0, 0, 6]",0.07251232862472534,,,4.274426684118824,,,
401773546,2025,2,regular,2025-09-07T00:00:00.000Z,False,True,False,False,,5882,Ralph Stocker Stadium,11,Colorado Mesa,ii,Rocky Mountain,28,"[0, 7, 14, 7]",,,,2201,Eastern New Mexico,ii,Lone Star,7,"[7, 0, 0, 0]",,,,,,,
401752823,2025,2,regular,2025-09-07T00:00:00.000Z,False,True,False,False,36117,6501,Allegiant Stadium,2439,UNLV,fbs,Mountain West,30,"[10, 13, 0, 7]",0.7130630612373352,1633,1630,26,UCLA,fbs,Big Ten,23,"[0, 3, 10, 10]",0.2869369387626648,1404,1407,3.0101892724210857,,,
401767105,2025,2,regular,2025-09-07T00:00:00.000Z,False,True,False,False,22117,3643,Bobcat Stadium,147,Montana State,fcs,Big Sky,24,"[0, 10, 0, 7, 7, 0]",,,,2571,South Dakota State,fcs,MVFC,30,"[3, 7, 0, 7, 7, 6]",,,,,,,
401774392,2025,2,regular,2025-09-07T00:00:00.000Z,False,True,False,False,,5897,Francis Field (MO),143,Washington St. Louis,iii,CCIW,49,"[21, 21, 7, 0]",,,,2519,Rhodes,iii,Southern Athletic,0,"[0, 0, 0, 0]",,,,,,,
401777596,2025,2,regular,2025-09-07T00:00:00.000Z,False,True,True,False,,3884,RAM Stadium,3179,Point University,,,14,"[7, 7, 0, 0]",,,,548,LaGrange,iii,USA South,36,"[16, 13, 7, 0]",,,,,,,
401776770,2025,2,regular,2025-09-07T00:00:00.000Z,False,True,False,False,,5825,Jake Christiansen Stadium,2152,Concordia (MN),iii,Minnesota,17,"[0, 0, 7, 10]",,,,561,Mayville State,,,6,"[0, 3, 3, 0]",,,,,,,
401773573,2025,2,regular,2025-09-07T00:00:00.000Z,False,True,False,False,,5866,Rex Stadium,2001,Adams State,ii,Rocky Mountain,7,"[0, 0, 7, 0]",,,,110243,UT Permian Basin,ii,Lone Star,41,"[7, 13, 14, 7]",,,,,,,
401767097,2025,2,regular,2025-09-07T00:00:00.000Z,False,True,False,False,26309,3987,Washington-Grizzly Stadium,149,Montana,fcs,Big Sky,42,"[14, 7, 14, 7]",,,,2120,Central Washington,ii,Lone Star,17,"[3, 14, 0, 0]",,,,0.6041263341903687,,,
401766649,2025,2,regular,2025-09-07T00:00:00.000Z,False,True,True,False,,,,262,Lake Forest,iii,Midwest,7,"[0, 0, 0, 7]",,,,17,Claremont Mudd Scripps,iii,So. Cal.,14,"[0, 0, 0, 14]",,,,,,,
401773190,2025,2,regular,2025-09-07T00:00:00.000Z,False,True,True,False,,6220,Trojan Stadium,512,Dakota State University,,,37,"[7, 13, 7, 10]",,,,6845,Nebraska Wesleyan,iii,American Rivers,7,"[0, 0, 0, 7]",,,,,,,
401757229,2025,2,regular,2025-09-07T01:00:00.000Z,False,True,False,False,10240,3601,Aggie Memorial Stadium,166,New Mexico State,fbs,Conference USA,21,"[3, 0, 7, 11]",0.9349650740623474,1246,1244,202,Tulsa,fbs,American Athletic,14,"[0, 0, 7, 7]",0.06503492593765259,1041,1043,11.044681784504647,,,
401757231,2025,2,regular,2025-09-07T01:00:00.000Z,False,True,False,False,31122,3946,Sun Bowl,2638,UTEP,fbs,Conference USA,42,"[7, 21, 14, 0]",0.9783709049224854,1227,1227,2630,UT Martin,fcs,OVC-Big South,17,"[0, 7, 3, 7]",0.02162909507751465,,,3.292420370184263,,,
401767292,2025,2,regular,2025-09-07T01:00:00.000Z,False,True,False,False,2564,716,Torero Stadium,301,San Diego,fcs,Pioneer,30,"[0, 7, 7, 10, 6]",0.6411060690879822,,,253,Southern Utah,fcs,UAC,27,"[0, 0, 7, 17, 3]",0.3588939309120178,,,4.855822283104609,,,
401773208,2025,2,regular,2025-09-07T02:00:00.000Z,False,True,False,False,,5819,Ernie Chapman Stadium,411,Chapman,iii,So. Cal.,30,"[0, 10, 6, 14]",,,,2810,Hardin Simmons,iii,American Southwest,37,"[7, 3, 20, 7]",,,,,,,
401774251,2025,2,regular,2025-09-07T02:00:00.000Z,False,True,False,False,,6106,Ted Runner Stadium,29,Redlands,iii,So. Cal.,10,"[0, 10, 0, 0]",,,,415,George Fox,iii,Northwest,7,"[0, 0, 0, 7]",,,,,,,
401773900,2025,2,regular,2025-09-07T02:00:00.000Z,False,True,True,False,,7496,ACU Football Field,108358,Phoenix,,,10,"[3, 0, 0, 7]",,,,2237,Fort Lewis,ii,Rocky Mountain,58,"[24, 14, 10, 10]",,,,,,,
401756879,2025,2,regular,2025-09-07T02:00:00.000Z,False,True,False,False,40038,3619,Arizona Stadium,12,Arizona,fbs,Big 12,48,"[24, 10, 14, 0]",0.9933739304542542,1453,1453,2692,Weber State,fcs,Big Sky,3,"[0, 0, 0, 3]",0.00662606954574585,,,2.013261608018814,,,
401752948,2025,2,regular,2025-09-07T02:15:00.000Z,False,True,False,False,24330,3820,Gesa Field,265,Washington State,fbs,Pac-12,36,"[7, 12, 10, 7]",0.9851616621017456,1520,1555,21,San Diego State,fbs,Mountain West,13,"[7, 0, 6, 0]",0.014838337898254395,1318,1283,4.054313451343486,,,
401754526,2025,2,regular,2025-09-07T02:15:00.000Z,False,True,False,False,64692,3801,LaVell Edwards Stadium,252,BYU,fbs,Big 12,27,"[6, 8, 10, 3]",0.9587950110435486,1644,1666,24,Stanford,fbs,ACC,3,"[0, 0, 0, 3]",0.041204988956451416,1282,1260,2.1486485074285286,,,
401752821,2025,2,regular,2025-09-07T03:00:00.000Z,False,True,False,False,65421,3765,Husky Stadium,264,Washington,fbs,Big Ten,70,"[14, 28, 14, 14]",0.9911258220672607,1610,1610,302,UC Davis,fcs,Big Sky,10,"[3, 7, 0, 0]",0.008874177932739258,,,2.1246557869163945,,,
401757230,2025,2,regular,2025-09-07T03:59:00.000Z,False,True,False,False,11625,7220,Clarence T.C. Ching Athletics Complex,62,Hawai'i,fbs,Mountain West,37,"[7, 10, 3, 17]",0.9157441258430481,1178,1238,2534,Sam Houston,fbs,Conference USA,20,"[3, 3, 7, 7]",0.0842558741569519,1397,1337,3.805860380572348,,,
401773701,2025,3,regular,2025-09-11T22:30:00.000Z,False,True,False,False,,5784,Cebe Ross Field,455,West Virginia Wesleyan,ii,Mountain East,0,"[0, 0, 0, 0]",,,,2477,Ohio Dominican,ii,Great Midwest Athletic,31,"[14, 10, 7, 0]",,,,,,,
401773995,2025,3,regular,2025-09-11T23:00:00.000Z,False,True,False,True,,5881,CAU Panther Stadium,2805,Clark Atlanta,ii,SIAC,26,"[0, 16, 0, 10]",,,,2232,Fort Valley State,ii,SIAC,21,"[0, 7, 14, 0]",,,,,,,
401754531,2025,3,regular,2025-09-11T23:30:00.000Z,False,True,False,True,29043,3630,Allegacy Federal Credit Union Stadium,154,Wake Forest,fbs,ACC,24,"[14, 10, 0, 0]",0,1394,1383,152,NC State,fbs,ACC,34,"[14, 3, 7, 10]",1,1510,1521,5.133342505139144,,,
401773332,2025,3,regular,2025-09-12T00:00:00.000Z,False,True,False,True,,5870,Thone Stadium at Buerkle Field,2033,Arkansas Tech,ii,Great American,44,"[14, 9, 7, 14]",,,,2823,Northwestern (OK),ii,Great American,0,"[0, 0, 0, 0]",,,,,,,
401773362,2025,3,regular,2025-09-12T00:00:00.000Z,False,True,False,True,,5885,First Security Stadium,2264,Harding,ii,Great American,55,"[14, 14, 10, 17]",,,,2927,Southwestern Oklahoma State,ii,Great American,0,"[0, 0, 0, 0]",,,,,,,
401777559,2025,3,regular,2025-09-12T00:00:00.000Z,False,True,False,False,,4724,Audrey J. Walton Stadium at Vernon Kennedy Field,2118,Central Missouri,ii,Mid America,24,"[10, 7, 0, 7]",,,,2570,CSU Pueblo,ii,Rocky Mountain,29,"[10, 0, 10, 9]",,,,,,,
401752836,2025,3,regular,2025-09-12T22:30:00.000Z,False,True,False,False,46219,3830,"Memorial Stadium (Bloomington, IN)",84,Indiana,fbs,Big Ten,73,"[21, 24, 21, 7]",0.9889745712280273,1904,1904,282,Indiana State,fcs,MVFC,0,"[0, 0, 0, 0]",0.011025428771972656,,,2.0712970299067037,,,
401754532,2025,3,regular,2025-09-12T23:00:00.000Z,False,True,False,False,37372,1964,JMA Wireless Dome,183,Syracuse,fbs,ACC,66,"[14, 24, 7, 21]",0.9939893484115601,1475,1475,2142,Colgate,fcs,Patriot,24,"[3, 0, 14, 7]",0.006010651588439941,,,2.529816092843343,,,
401756893,2025,3,regular,2025-09-12T23:30:00.000Z,False,True,False,True,37899,4728,TDECU Stadium,248,Houston,fbs,Big 12,36,"[10, 6, 10, 10]",1,1441,1497,38,Colorado,fbs,Big 12,20,"[0, 14, 0, 6]",0,1660,1604,3.8156903990071345,,,
401756888,2025,3,regular,2025-09-13T01:00:00.000Z,False,True,False,False,40051,3619,Arizona Stadium,12,Arizona,fbs,Big 12,23,"[7, 10, 3, 3]",0.8945243954658508,1451,1469,2306,Kansas State,fbs,Big 12,17,"[3, 0, 14, 0]",0.10547560453414917,1658,1640,4.652025807713283,,,
401752837,2025,3,regular,2025-09-13T02:00:00.000Z,False,True,False,False,31163,1056,Rose Bowl,26,UCLA,fbs,Big Ten,10,"[0, 7, 3, 0]",0,1407,1331,167,New Mexico,fbs,Mountain West,35,"[7, 7, 0, 21]",1,1332,1408,3.584693048370142,,,
401774092,2025,3,regular,2025-09-13T16:00:00.000Z,False,True,False,False,,6124,Amos Alonzo Stagg Field (PA),216,Susquehanna,iii,Landmark Conference,56,"[0, 21, 7, 28]",,,,2079,Bridgewater,iii,Old Dominion,17,"[10, 0, 7, 0]",,,,,,,
401762817,2025,3,regular,2025-09-13T16:00:00.000Z,False,True,False,True,11833,3696,Dix Stadium,2309,Kent State,fbs,Mid-American,28,"[7, 7, 7, 7]",0.28332847356796265,938,959,2084,Buffalo,fbs,Mid-American,31,"[0, 10, 14, 7]",0.7166715264320374,1407,1386,6.469148484749553,,,
401773800,2025,3,regular,2025-09-13T16:00:00.000Z,False,True,False,True,,3859,Offutt Field,611,Seton Hill,ii,Pennsylvania State Athletic,31,"[3, 0, 7, 21]",,,,2071,Bloomsburg,ii,Pennsylvania State Athletic,28,"[0, 14, 0, 14]",,,,,,,
401773267,2025,3,regular,2025-09-13T16:00:00.000Z,False,True,False,False,,7512,St. Francis High School,125974,Hilbert,iii,Empire 8,13,"[0, 13, 0, 0]",,,,3162,Alfred State,iii,Empire 8,49,"[14, 7, 14, 14]",,,,,,,
401773810,2025,3,regular,2025-09-13T16:00:00.000Z,False,True,False,True,,4436,Adamson Stadium,2858,California (PA),ii,Pennsylvania State Athletic,26,"[10, 3, 2, 11]",,,,223,West Chester,ii,Pennsylvania State Athletic,24,"[0, 10, 7, 7]",,,,,,,
401774037,2025,3,regular,2025-09-13T16:00:00.000Z,False,True,False,False,,6120,Growney Stadium,374,St. John Fisher,iii,Empire 8,28,"[7, 14, 7, 0]",,,,2779,St. Lawrence,iii,Liberty League,23,"[0, 10, 7, 6]",,,,,,,
401774045,2025,3,regular,2025-09-13T16:00:00.000Z,False,True,False,False,,5125,Stadium Red Field,2782,SUNY Cortland,iii,Empire 8,30,"[7, 0, 3, 20]",,,,237,Union,iii,Liberty League,6,"[0, 6, 0, 0]",,,,,,,
401776788,2025,3,regular,2025-09-13T16:00:00.000Z,False,True,False,False,,5790,Bahlke Field,2800,Alma,iii,Michigan,53,"[16, 16, 14, 7]",,,,2171,Denison,iii,North Coast,27,"[6, 14, 0, 7]",,,,,,,
401774159,2025,3,regular,2025-09-13T16:00:00.000Z,False,True,False,False,,5906,McBride Field,352,Kenyon,iii,North Coast,6,"[0, 6, 0, 0]",,,,2738,Wisconsin Eau Claire,iii,Wisconsin,35,"[6, 7, 6, 16]",,,,,,,
401774300,2025,3,regular,2025-09-13T16:00:00.000Z,False,True,False,False,,6119,Stagg Field,81,Springfield,iii,NEWMAC,38,"[14, 7, 7, 10]",,,,2280,Husson,iii,Commonwealth Coast,6,"[0, 0, 0, 6]",,,,,,,
401774052,2025,3,regular,2025-09-13T16:00:00.000Z,False,True,False,False,,6087,Drake Field (NY),3110,SUNY Morrisville,iii,Empire 8,14,"[7, 7, 0, 0]",,,,184,Rochester (NY),iii,Liberty League,30,"[7, 3, 7, 13]",,,,,,,
401767659,2025,3,regular,2025-09-13T16:00:00.000Z,False,True,False,False,,6043,Bethpage Federal Credit Union Stadium,2341,Long Island University,fcs,NEC,21,"[7, 7, 7, 0]",,,,2529,Sacred Heart,fcs,FCS Independents,24,"[0, 7, 7, 10]",,,,,,,
401783304,2025,3,regular,2025-09-13T16:00:00.000Z,False,True,True,False,,11589,Hinchliffe Stadium,2818,Montclair State,iii,New Jersey,27,"[7, 3, 6, 11]",,,,2354,Lycoming,iii,Landmark Conference,24,"[10, 7, 7, 0]",,,,,,,
401767733,2025,3,regular,2025-09-13T16:00:00.000Z,False,True,False,False,1703,3623,Arthur J. Rooney Athletic Field,2184,Duquesne,fcs,NEC,21,"[0, 7, 7, 7]",0.06354789435863495,,,2329,Lehigh,fcs,Patriot,35,"[0, 14, 14, 7]",0.936452105641365,,,5.660316041785413,,,
401773233,2025,3,regular,2025-09-13T16:00:00.000Z,False,True,False,False,,3698,Donnell Stadium,2224,Findlay,ii,Great Midwest Athletic,7,"[0, 7, 0, 0]",,,,131,Wayne State (MI),ii,GLIAC,3,"[0, 0, 0, 3]",,,,,,,
401773277,2025,3,regular,2025-09-13T16:00:00.000Z,False,True,False,False,,5794,Caparso Field,15,Anna Maria College,iii,MSCAC,25,"[6, 3, 16, 0]",,,,2967,Framingham State,iii,MSCAC,31,"[7, 3, 8, 13]",,,,,,,
401773287,2025,3,regular,2025-09-13T16:00:00.000Z,False,True,False,False,,5831,Dale Lippert Field,110438,Dean,iii,MSCAC,0,"[0, 0, 0, 0]",,,,110,Mass Maritime,iii,MSCAC,28,"[0, 21, 0, 7]",,,,,,,
401773296,2025,3,regular,2025-09-13T16:00:00.000Z,False,True,False,False,,5788,Merrill Field at Yunevich Stadium,365,Alfred,iii,Empire 8,14,"[7, 0, 0, 7]",,,,175,Ithaca,iii,Liberty League,45,"[10, 14, 14, 7]",,,,,,,
401773686,2025,3,regular,2025-09-13T16:00:00.000Z,False,True,False,False,,4431,Chryst Field at Biemesderfer Stadium,210,Millersville,ii,Pennsylvania State Athletic,28,"[7, 14, 7, 0]",,,,2249,Glenville State,ii,Mountain East,44,"[7, 14, 14, 9]",,,,,,,
401774099,2025,3,regular,2025-09-13T16:00:00.000Z,False,True,False,False,,6126,Bob Boozer Field,2781,Brockport,iii,Empire 8,14,"[0, 7, 0, 7]",,,,174,Hobart,iii,Liberty League,10,"[7, 3, 0, 0]",,,,,,,
401774131,2025,3,regular,2025-09-13T16:00:00.000Z,False,True,False,False,,5638,Dave Wolk Stadium,293,Vermont State Castleton,iii,New Jersey,30,"[7, 20, 0, 3]",,,,2467,Norwich,iii,NEWMAC,8,"[0, 0, 2, 6]",,,,,,,
401774321,2025,3,regular,2025-09-13T16:00:00.000Z,False,True,False,False,,5824,Lions Stadium,2442,The College of New Jersey,iii,New Jersey,17,"[0, 0, 7, 10]",,,,398,Wilkes,iii,Landmark Conference,3,"[0, 0, 0, 3]",,,,,,,
401774398,2025,3,regular,2025-09-13T16:00:00.000Z,False,True,False,False,,5805,Alumni Field (OH),2074,Bluffton,iii,Heartland,39,"[3, 0, 21, 8, 7]",,,,2790,Albion,iii,Michigan,45,"[6, 23, 0, 3, 13]",,,,,,,
401776994,2025,3,regular,2025-09-13T16:00:00.000Z,False,True,False,True,,6083,Mangelsdorf Field,2969,Misericordia,iii,Mid Atlantic,42,"[7, 21, 7, 7]",,,,2015,Albright,iii,Mid Atlantic,21,"[7, 0, 0, 14]",,,,,,,
401777780,2025,3,regular,2025-09-13T16:00:00.000Z,False,True,False,False,,5810,Coyer Field,2085,Buffalo State,iii,Liberty League,27,"[0, 14, 0, 13]",,,,173,Hartwick,iii,Empire 8,29,"[6, 7, 7, 9]",,,,,,,
401778014,2025,3,regular,2025-09-13T16:00:00.000Z,False,True,False,False,,6115,Toppa Field,2776,Salve Regina,iii,NEWMAC,34,"[21, 7, 0, 0, 6]",,,,2702,Western New England,iii,Commonwealth Coast,28,"[3, 3, 7, 15, 0]",,,,,,,
401778037,2025,3,regular,2025-09-13T16:00:00.000Z,False,True,False,False,,5852,Jamieson Stadium,2256,Greensboro,iii,USA South,22,"[0, 15, 0, 7]",,,,131109,Roanoke College,,,32,"[3, 8, 7, 14]",,,,,,,
401783338,2025,3,regular,2025-09-13T16:00:00.000Z,False,True,False,True,,7513,O'Hara Field,127954,Eastern,iii,Mid Atlantic,24,"[7, 7, 3, 7]",,,,111674,Alvernia,iii,Mid Atlantic,14,"[0, 0, 7, 7]",,,,,,,
401752831,2025,3,regular,2025-09-13T16:00:00.000Z,False,True,False,True,12023,5960,Lanny and Sharon Martin Stadium,77,Northwestern,fbs,Big Ten,14,"[0, 0, 0, 14]",0.03427131846547127,1403,1411,2483,Oregon,fbs,Big Ten,34,"[7, 10, 14, 3]",0.9657286815345287,1992,1984,3.2641501167463502,,,
401752828,2025,3,regular,2025-09-13T16:00:00.000Z,False,True,False,False,86292,3834,"Memorial Stadium (Lincoln, NE)",158,Nebraska,fbs,Big Ten,59,"[17, 21, 14, 7]",0.9886107444763184,1712,1712,2277,Houston Christian,fcs,Southland,7,"[0, 0, 7, 0]",0.01138925552368164,,,2.439646774748465,,,
401752703,2025,3,regular,2025-09-13T16:00:00.000Z,False,True,False,False,24927,3806,Lincoln Financial Field,218,Temple,fbs,American Athletic,3,"[0, 3, 0, 0]",0.03236179053783417,1284,1221,201,Oklahoma,fbs,SEC,42,"[11, 17, 14, 0]",0.9676382094621658,1679,1742,2.8145400659947084,,,
401752839,2025,3,regular,2025-09-13T16:00:00.000Z,False,True,False,False,110740,3558,Michigan Stadium,130,Michigan,fbs,Big Ten,63,"[14, 21, 14, 14]",0.9919071197509766,1742,1852,2117,Central Michigan,fbs,Mid-American,3,"[0, 3, 0, 0]",0.008092880249023438,1204,1094,2.0936837087583444,,,
401752838,2025,3,regular,2025-09-13T16:00:00.000Z,False,True,False,False,36780,3665,SECU Stadium,120,Maryland,fbs,Big Ten,44,"[17, 17, 7, 3]",0.9941574335098267,1528,1528,119,Towson,fcs,Coastal Athletic,17,"[0, 0, 7, 10]",0.00584256649017334,,,1.9388600742460969,,,
401774073,2025,3,regular,2025-09-13T16:00:00.000Z,False,True,False,False,,5124,Homewood Field,118,Johns Hopkins,iii,Centennial,27,"[14, 7, 0, 6]",,,,2302,John Carroll,iii,Ohio,13,"[3, 10, 0, 0]",,,,,,,
401761608,2025,3,regular,2025-09-13T16:00:00.000Z,False,True,False,False,23384,3975,Veterans Memorial Stadium (AL),2653,Troy,fbs,Sun Belt,7,"[0, 7, 0, 0]",0,1472,1435,235,Memphis,fbs,American Athletic,28,"[7, 14, 0, 7]",1,1621,1658,4.585106428375084,,,
401754623,2025,3,regular,2025-09-13T16:00:00.000Z,False,True,False,True,48059,721,Bobby Dodd Stadium,59,Georgia Tech,fbs,ACC,24,"[3, 10, 0, 11]",0.70292729139328,1557,1560,228,Clemson,fbs,ACC,21,"[0, 7, 7, 7]",0.29707270860671997,1696,1693,5.074361404081918,,,
401756891,2025,3,regular,2025-09-13T16:00:00.000Z,False,True,False,False,41215,4727,McLane Stadium,239,Baylor,fbs,Big 12,42,"[14, 21, 0, 7]",0.8392053842544556,1579,1579,2535,Samford,fcs,Southern,7,"[7, 0, 0, 0]",0.16079461574554443,,,2.898550045459711,,,
401774168,2025,3,regular,2025-09-13T16:00:00.000Z,False,True,False,False,,5814,Gesling Stadium,2102,Carnegie Mellon,iii,Presidents',14,"[0, 7, 0, 7]",,,,2740,Wisconsin La Crosse,iii,Wisconsin,38,"[7, 7, 10, 14]",,,,,,,
401786484,2025,3,regular,2025-09-13T16:00:00.000Z,False,True,False,True,,3690,Charles L. Currier Memorial Field,2972,Plymouth State,iii,MSCAC,47,"[7, 13, 12, 7, 8]",,,,402,Worcester State,iii,MSCAC,46,"[7, 15, 7, 10, 7]",,,,,,,
401767742,2025,3,regular,2025-09-13T16:00:00.000Z,False,True,False,True,2211,3624,Arute Field,2115,Central Connecticut,fcs,NEC,31,"[7, 0, 14, 10]",0.9179906249046326,,,2598,Saint Francis,fcs,NEC,7,"[7, 0, 0, 0]",0.08200937509536743,,,4.156882092050954,,,
401754619,2025,3,regular,2025-09-13T16:00:00.000Z,False,True,False,False,38512,3923,Scott Stadium,258,Virginia,fbs,ACC,55,"[14, 28, 10, 3]",0.9928979873657227,1514,1514,2729,William & Mary,fcs,Coastal Athletic,16,"[0, 7, 7, 2]",0.007102012634277344,,,2.634922305513789,,,
401777996,2025,3,regular,2025-09-13T16:00:00.000Z,False,True,False,False,,3709,Hempstead Stadium,452,Endicott,iii,Commonwealth Coast,20,"[7, 0, 7, 6]",,,,2422,Muhlenberg,iii,Centennial,28,"[13, 7, 0, 8]",,,,,,,
401752696,2025,3,regular,2025-09-13T16:00:00.000Z,False,True,False,False,100077,3657,Bryant-Denny Stadium,333,Alabama,fbs,SEC,38,"[7, 14, 14, 3]",0.8941497206687927,1920,1948,275,Wisconsin,fbs,Big Ten,14,"[0, 0, 7, 7]",0.10585027933120728,1619,1591,2.1300362761686698,,,
401752697,2025,3,regular,2025-09-13T16:45:00.000Z,False,True,False,False,88043,3785,Jordan-Hare Stadium,2,Auburn,fbs,SEC,31,"[7, 21, 3, 0]",0.9974876046180725,1661,1686,6,South Alabama,fbs,Sun Belt,15,"[3, 6, 6, 0]",0.0025123953819274902,1557,1532,2.4154160553241155,,,
401767648,2025,3,regular,2025-09-13T17:00:00.000Z,False,True,False,False,2180,3950,Superior Dome,128,Northern Michigan,ii,GLIAC,7,"[0, 0, 7, 0]",0.12621945142745972,,,2900,St. Thomas (MN),fcs,Pioneer,20,"[6, 0, 0, 14]",0.8737805485725403,,,4.4358751229094695,,,
401773445,2025,3,regular,2025-09-13T17:00:00.000Z,False,True,False,False,,6077,Stokes Stadium,2654,Truman State,ii,Great Lakes,28,"[0, 7, 7, 7, 7]",,,,110254,Davenport,ii,GLIAC,27,"[14, 0, 7, 0, 6]",,,,,,,
401767627,2025,3,regular,2025-09-13T17:00:00.000Z,False,True,False,False,,3979,Wagner College Stadium,2681,Wagner,fcs,NEC,10,"[7, 3, 0, 0]",0.775299072265625,,,2368,Marist,fcs,Pioneer,21,"[7, 7, 0, 7]",0.224700927734375,,,6.43313946077628,,,
401774063,2025,3,regular,2025-09-13T17:00:00.000Z,False,True,False,False,,7077,Shadek Stadium,2234,Franklin & Marshall,iii,Centennial,7,"[0, 0, 0, 7]",,,,2849,Westminster (PA),iii,Presidents',27,"[0, 17, 10, 0]",,,,,,,
401773987,2025,3,regular,2025-09-13T17:00:00.000Z,False,True,False,True,,4749,McPherson Memorial Stadium,2119,Central State,ii,SIAC,0,"[0, 0, 0, 0]",,,,490,Benedict,ii,SIAC,10,"[7, 0, 3, 0]",,,,,,,
401766659,2025,3,regular,2025-09-13T17:00:00.000Z,False,True,False,True,,5689,Seaverns Field At Harold Alfond Stadium,2977,Trinity (CT),iii,NESCAC,6,"[6, 0, 0, 0]",,,,33,Colby,iii,NESCAC,13,"[0, 0, 7, 6]",,,,,,,
401777135,2025,3,regular,2025-09-13T17:00:00.000Z,False,True,False,False,,4757,Edwards-Maurer Field,2746,Wittenberg,iii,North Coast,24,"[0, 7, 14, 3]",,,,2688,Washington and Lee,iii,Old Dominion,21,"[14, 0, 0, 7]",,,,,,,
401774287,2025,3,regular,2025-09-13T17:00:00.000Z,False,True,False,False,,5851,Shirk Field at Musselman Stadium,2248,Gettysburg,iii,Centennial,14,"[0, 7, 7, 0]",,,,3112,Christopher Newport,iii,New Jersey,49,"[14, 28, 7, 0]",,,,,,,
401776977,2025,3,regular,2025-09-13T17:00:00.000Z,False,True,False,False,,6135,Blue Storm Stadium,111675,New England,iii,Commonwealth Coast,41,"[7, 6, 0, 28]",,,,2749,WPI,iii,NEWMAC,3,"[3, 0, 0, 0]",,,,,,,
401774314,2025,3,regular,2025-09-13T17:00:00.000Z,False,True,False,False,,6136,Patterson Field,2667,Ursinus,iii,Centennial,42,"[7, 28, 0, 7]",,,,2871,Kean,iii,New Jersey,14,"[0, 0, 7, 7]",,,,,,,
401777206,2025,3,regular,2025-09-13T17:00:00.000Z,False,True,False,False,,5864,Robert E. Thorn Field,146,Grove City,iii,Presidents',14,"[7, 0, 0, 7]",,,,426,Mount Union,iii,Ohio,49,"[14, 14, 14, 7]",,,,,,,
401777109,2025,3,regular,2025-09-13T17:00:00.000Z,False,True,False,False,,5123,Little Giant Stadium,89,Wabash,iii,North Coast,38,"[7, 14, 0, 17]",,,,2963,Case Western Reserve,iii,Presidents',28,"[14, 7, 0, 7]",,,,,,,
401776775,2025,3,regular,2025-09-13T17:00:00.000Z,False,True,False,False,,5787,Docking Stadium,2003,Adrian,iii,Michigan,76,"[28, 21, 20, 7]",,,,2644,Thiel,iii,Presidents',0,"[0, 0, 0, 0]",,,,,,,
401777228,2025,3,regular,2025-09-13T17:00:00.000Z,False,True,False,False,,5896,Lewis C. Everett Stadium,297,Hampden Sydney,iii,Old Dominion,38,"[3, 14, 21, 0]",,,,2686,Washington & Jefferson,iii,Presidents',31,"[0, 17, 7, 7]",,,,,,,
401777620,2025,3,regular,2025-09-13T17:00:00.000Z,False,True,False,False,,5835,Biddle Field,2175,Dickinson,iii,Centennial,52,"[7, 21, 17, 7]",,,,2845,Waynesburg,iii,Presidents',19,"[0, 7, 6, 6]",,,,,,,
401774082,2025,3,regular,2025-09-13T17:00:00.000Z,False,True,False,False,,5902,Knox Stadium,246,Juniata,iii,Landmark Conference,40,"[7, 7, 6, 20]",,,,2018,Allegheny,iii,Presidents',38,"[7, 7, 14, 10]",,,,,,,
401783344,2025,3,regular,2025-09-13T17:00:00.000Z,False,True,False,True,,5833,Robert A. Lipinski Field at James Work Memorial Stadium,2808,Delaware Valley,iii,Mid Atlantic,49,"[7, 28, 7, 7]",,,,247,King's,iii,Mid Atlantic,7,"[0, 0, 7, 0]",,,,,,,
401773100,2025,3,regular,2025-09-13T17:00:00.000Z,False,True,False,False,,5843,W.B. Adams Stadium,366,Ferrum,ii,Carolinas,14,"[0, 0, 7, 7]",,,,2551,Shaw,ii,CIAA,6,"[6, 0, 0, 0]",,,,,,,
401773088,2025,3,regular,2025-09-13T17:00:00.000Z,False,True,False,True,,5941,Roebuck Stadium,2207,Elizabeth City State,ii,CIAA,17,"[3, 7, 7, 0]",,,,2304,Johnson C. Smith,ii,CIAA,21,"[7, 7, 0, 7]",,,,,,,
401773936,2025,3,regular,2025-09-13T17:00:00.000Z,False,True,False,True,,6046,Meares Stadium,2369,Mars Hill,ii,South Atlantic,31,"[7, 14, 3, 0, 7]",,,,2105,Carson Newman,ii,South Atlantic,24,"[0, 0, 10, 14, 0]",,,,,,,
401783356,2025,3,regular,2025-09-13T17:00:00.000Z,False,True,False,True,,3851,Mustang Stadium,471,Stevenson,iii,Mid Atlantic,19,"[6, 6, 0, 7]",,,,2725,Widener,iii,Mid Atlantic,3,"[0, 3, 0, 0]",,,,,,,
401777103,2025,3,regular,2025-09-13T17:00:00.000Z,False,True,False,False,,6127,John P. Papp Stadium,2748,Wooster,iii,North Coast,28,"[7, 7, 7, 7]",,,,2614,Saint Vincent,iii,Presidents',14,"[0, 14, 0, 0]",,,,,,,
401776984,2025,3,regular,2025-09-13T17:00:00.000Z,False,True,False,True,,3621,Arnold Field (PA),388,Lebanon Valley,iii,Mid Atlantic,37,"[7, 10, 0, 20]",,,,2221,FDU Florham,iii,Mid Atlantic,13,"[0, 0, 6, 7]",,,,,,,
401776806,2025,3,regular,2025-09-13T17:00:00.000Z,False,True,False,False,,6100,Cutler Field,354,Olivet,iii,Michigan,28,"[7, 7, 14, 0]",,,,127078,Madonna University (Mich.),,,45,"[14, 10, 7, 14]",,,,,,,
401776794,2025,3,regular,2025-09-13T17:00:00.000Z,False,True,False,False,,10463,Grand Rapids Christian High School,129738,Calvin,iii,Michigan,34,"[14, 7, 3, 10]",,,,409,Concordia (WI),iii,NACC,7,"[0, 7, 0, 0]",,,,,,,
401774429,2025,3,regular,2025-09-13T17:00:00.000Z,False,True,False,False,,6088,Schueler Field,2419,Mount St Joseph,iii,Heartland,28,"[0, 13, 8, 7]",,,,2044,Aurora,iii,NACC,35,"[7, 14, 0, 14]",,,,,,,
401774422,2025,3,regular,2025-09-13T17:00:00.000Z,False,True,False,False,,5930,Carl W. Burt Memorial Stadium,2362,Manchester,iii,Heartland,14,"[0, 0, 0, 14]",,,,2151,Concordia Chicago,iii,NACC,35,"[14, 14, 7, 0]",,,,,,,
401773834,2025,3,regular,2025-09-13T17:00:00.000Z,False,True,False,True,,4441,McConnell Family Stadium,367,Gannon,ii,Pennsylvania State Athletic,22,"[6, 3, 6, 7]",,,,2188,East Stroudsburg,ii,Pennsylvania State Athletic,69,"[21, 20, 14, 14]",,,,,,,
401773828,2025,3,regular,2025-09-13T17:00:00.000Z,False,True,False,True,,4440,Sox Harrison Stadium,2205,Edinboro,ii,Pennsylvania State Athletic,0,"[0, 0, 0, 0]",,,,2315,Kutztown,ii,Pennsylvania State Athletic,34,"[0, 20, 14, 0]",,,,,,,
401773819,2025,3,regular,2025-09-13T17:00:00.000Z,False,True,False,True,,4437,"Memorial Stadium (Clarion, PA)",2134,Clarion,ii,Pennsylvania State Athletic,31,"[7, 17, 7, 0]",,,,2559,Shippensburg,ii,Pennsylvania State Athletic,24,"[7, 3, 7, 7]",,,,,,,
401773243,2025,3,regular,2025-09-13T17:00:00.000Z,False,True,False,False,,3729,"Frank ""Muddy"" Waters Stadium",2273,Hillsdale,ii,Great Midwest Athletic,21,"[7, 7, 0, 7]",,,,2392,Michigan Tech,ii,GLIAC,34,"[7, 14, 10, 3]",,,,,,,
401773130,2025,3,regular,2025-09-13T17:00:00.000Z,False,True,False,False,,6060,Grace P. Johnson Stadium,2882,UNC Pembroke,ii,Carolinas,25,"[3, 0, 7, 15]",,,,2170,Delta State,ii,Gulf South,21,"[7, 7, 0, 7]",,,,,,,
401766662,2025,3,regular,2025-09-13T17:00:00.000Z,False,True,False,True,,3733,Garcelon Field,121,Bates,iii,NESCAC,26,"[0, 7, 0, 16, 0, 3]",,,,7,Amherst,iii,NESCAC,23,"[0, 0, 23, 0, 0, 0]",,,,,,,
401766661,2025,3,regular,2025-09-13T17:00:00.000Z,False,True,False,True,,6141,Corwin Stadium,336,Wesleyan (CT),iii,NESCAC,31,"[0, 10, 14, 7]",,,,2394,Middlebury,iii,NESCAC,17,"[3, 0, 7, 7]",,,,,,,
401776802,2025,3,regular,2025-09-13T17:00:00.000Z,False,True,False,False,,5904,Angell Field,126,Kalamazoo,iii,Michigan,50,"[10, 33, 7, 0]",,,,2062,Bethany (WV),iii,Presidents',7,"[0, 7, 0, 0]",,,,,,,
401783308,2025,3,regular,2025-09-13T17:00:00.000Z,False,True,False,False,,6112,Richard Wackar Stadium,2827,Rowan,iii,New Jersey,56,"[21, 14, 14, 7]",,,,323,Moravian,iii,Landmark Conference,0,"[0, 0, 0, 0]",,,,,,,
401774219,2025,3,regular,2025-09-13T17:00:00.000Z,False,True,False,False,,3618,Apprentice Field,3111,Apprentice School,iii,Independent DIII,16,"[7, 0, 0, 9]",,,,286,North Carolina Wesleyan,iii,USA South,49,"[14, 21, 14, 0]",,,,,,,
401767232,2025,3,regular,2025-09-13T17:00:00.000Z,False,True,False,False,7278,3962,Tucker Stadium,2635,Tennessee Tech,fcs,OVC-Big South,72,"[28, 17, 21, 6]",0.9798442125320435,,,2166,Davidson,fcs,Pioneer,14,"[0, 14, 0, 0]",0.020155787467956543,,,1.8453965465912667,,,
401773707,2025,3,regular,2025-09-13T17:00:00.000Z,False,True,False,True,,5868,Ronald J. Abdow Field,2022,American International,ii,Northeast 10,21,"[0, 7, 7, 7]",,,,2038,Assumption,ii,Northeast 10,39,"[6, 24, 6, 3]",,,,,,,
401773743,2025,3,regular,2025-09-13T17:00:00.000Z,False,True,False,True,,3606,Scheels Field at Nemzek Stadium,2817,Minnesota St Moorhead,ii,Northern Sun,45,"[0, 17, 7, 21]",,,,2851,Winona State,ii,Northern Sun,21,"[0, 0, 14, 7]",,,,,,,
401773115,2025,3,regular,2025-09-13T17:00:00.000Z,False,True,False,True,,5220,Garrison Stadium,2804,Chowan,ii,Carolinas,3,"[0, 0, 3, 0]",,,,2673,Valdosta State,ii,Gulf South,56,"[7, 28, 14, 7]",,,,,,,
401767720,2025,3,regular,2025-09-13T17:00:00.000Z,False,True,False,True,1131,3847,Cooper Field,46,Georgetown,fcs,Patriot,37,"[7, 14, 10, 6]",0.13435114920139313,,,322,Lafayette,fcs,Patriot,42,"[7, 14, 7, 14]",0.8656488507986069,,,6.509828692040573,,,
401804601,2025,3,regular,2025-09-13T17:00:00.000Z,False,True,False,False,,3889,Reinhart Field,2951,SUNY Maritime,iii,NEWMAC,48,"[7, 20, 21, 0]",,,,2023,Anderson (IN),iii,Heartland,0,"[0, 0, 0, 0]",,,,,,,
401778001,2025,3,regular,2025-09-13T17:00:00.000Z,False,True,False,False,,5822,Cadet Memorial Field,2557,Coast Guard,iii,NEWMAC,34,"[6, 14, 7, 7]",,,,40,Curry,iii,Commonwealth Coast,24,"[7, 10, 0, 7]",,,,,,,
401777775,2025,3,regular,2025-09-13T17:00:00.000Z,False,True,False,False,,5637,Vendetti Field,2884,Nichols,iii,Commonwealth Coast,24,"[6, 6, 6, 6]",,,,2383,Merchant Marine,iii,NEWMAC,56,"[14, 28, 7, 7]",,,,,,,
401773725,2025,3,regular,2025-09-13T17:00:00.000Z,False,True,False,True,,7422,Municipal Stadium,126086,Post,ii,Northeast 10,39,"[7, 0, 13, 19]",,,,2583,Southern Connecticut State,ii,Northeast 10,30,"[3, 7, 13, 7]",,,,,,,
401752702,2025,3,regular,2025-09-13T17:00:00.000Z,False,True,False,False,57321,3838,Memorial Stadium,142,Missouri,fbs,SEC,52,"[14, 24, 7, 7]",0.9936493635177612,1659,1755,309,Louisiana,fbs,Sun Belt,10,"[0, 10, 0, 0]",0.0063506364822387695,1463,1367,1.633721829510829,,,
401767351,2025,3,regular,2025-09-13T17:00:00.000Z,False,True,True,False,16248,3839,MetLife Stadium,47,Howard,fcs,MEAC,38,"[7, 7, 3, 21]",0.9964388608932495,,,60,Morehouse,ii,SIAC,10,"[3, 0, 7, 0]",0.0035611391067504883,,,7.164978587634039,,,
401774408,2025,3,regular,2025-09-13T17:30:00.000Z,False,True,False,False,,3716,"Stewart """"Red"""" Faught Stadium",2233,Franklin,iii,Heartland,14,"[7, 0, 0, 7]",,,,2812,Hope,iii,Michigan,38,"[17, 14, 7, 0]",,,,,,,
401777183,2025,3,regular,2025-09-13T17:30:00.000Z,False,True,False,False,,5812,Bernlohr Stadium,424,Capital,iii,Ohio,36,"[9, 7, 20, 0]",,,,2108,Catholic,iii,Landmark Conference,20,"[6, 14, 0, 0]",,,,,,,
401777175,2025,3,regular,2025-09-13T17:30:00.000Z,False,True,False,True,,5801,George Finnie Stadium,188,Baldwin Wallace,iii,Ohio,63,"[14, 14, 14, 21]",,,,2733,Wilmington (OH),iii,Ohio,21,"[7, 7, 0, 7]",,,,,,,
401766660,2025,3,regular,2025-09-13T17:30:00.000Z,False,True,False,True,,5894,Steuben Field,348,Hamilton,iii,NESCAC,17,"[0, 0, 0, 17]",,,,2731,Williams,iii,NESCAC,24,"[0, 10, 0, 14]",,,,,,,
401769892,2025,3,regular,2025-09-13T17:30:00.000Z,False,True,False,False,2674,3614,Alumni Stadium (IN),2262,Hanover,iii,Heartland,7,"[7, 0, 0, 0]",0.018945787101984024,,,2086,Butler,fcs,Pioneer,16,"[3, 7, 6, 0]",0.981054212898016,,,4.150304279228886,,,
401773207,2025,3,regular,2025-09-13T18:00:00.000Z,False,True,False,False,,5900,Don and Nona Williams Stadium,2744,Wisconsin Stout,iii,Wisconsin,0,"[0, 0, 0, 0]",,,,2685,Wartburg,iii,American Rivers,16,"[7, 6, 0, 3]",,,,,,,
401773440,2025,3,regular,2025-09-13T18:00:00.000Z,False,True,False,False,,3844,Morris Field,127991,Roosevelt,ii,GLIAC,34,"[7, 0, 7, 20]",,,,2586,Southwest Baptist,ii,Great Lakes,40,"[13, 13, 14, 0]",,,,,,,
401777768,2025,3,regular,2025-09-13T18:00:00.000Z,False,True,True,False,,,,131108,New England College,,,0,"[0, 0, 0, 0]",,,,109,MIT,iii,NEWMAC,55,"[7, 21, 14, 13]",,,,,,,
401777034,2025,3,regular,2025-09-13T18:00:00.000Z,False,True,False,False,,5918,Taylor Field,6353,Lakeland,iii,NACC,28,"[7, 7, 7, 7]",,,,2257,Greenville,iii,Upper Midwest,29,"[7, 7, 7, 8]",,,,,,,
401774450,2025,3,regular,2025-09-13T18:00:00.000Z,False,True,False,False,,3915,Charles Lee Field at Samford Stadium,2938,Huntingdon,iii,USA South,28,"[0, 14, 7, 7]",,,,418,Hendrix,iii,Southern Athletic,30,"[10, 13, 0, 7]",,,,,,,
401766653,2025,3,regular,2025-09-13T18:00:00.000Z,False,True,False,True,,6084,April Zorn Memorial Stadium,2919,Monmouth (IL),iii,Midwest,78,"[21, 31, 26, 0]",,,,268,Lawrence,iii,Midwest,7,"[0, 0, 0, 7]",,,,,,,
401766654,2025,3,regular,2025-09-13T18:00:00.000Z,False,True,False,True,,5828,Van Metre Field at Ash Park,2155,Cornell (IA),iii,Midwest,12,"[0, 0, 0, 12]",,,,80,Chicago,iii,Midwest,28,"[0, 14, 0, 14]",,,,,,,
401766655,2025,3,regular,2025-09-13T18:00:00.000Z,False,True,False,True,,5861,Rosenbloom Field,65,Grinnell,iii,Midwest,24,"[7, 7, 3, 7]",,,,266,Beloit,iii,Midwest,0,"[0, 0, 0, 0]",,,,,,,
401766657,2025,3,regular,2025-09-13T18:00:00.000Z,False,True,False,True,,5858,England Stadium,2286,Illinois College,iii,Midwest,28,"[14, 0, 0, 8, 6]",,,,262,Lake Forest,iii,Midwest,25,"[0, 0, 7, 15, 3]",,,,,,,
401773045,2025,3,regular,2025-09-13T18:00:00.000Z,False,True,False,False,,5901,David Smith Stadium at Ramer Field,2723,Wisconsin River Falls,iii,Wisconsin,59,"[21, 7, 10, 21]",,,,2141,Coe,iii,American Rivers,47,"[0, 14, 21, 12]",,,,,,,
401773205,2025,3,regular,2025-09-13T18:00:00.000Z,False,True,False,False,,5829,Old National Bank Stadium,509,Crown,iii,Upper Midwest,7,"[0, 0, 0, 7]",,,,2564,Simpson (IA),iii,American Rivers,45,"[7, 10, 7, 21]",,,,,,,
401773156,2025,3,regular,2025-09-13T18:00:00.000Z,False,True,False,False,,5809,J. Leslie Rollins Stadium,63,Buena Vista,iii,American Rivers,17,"[7, 10, 0, 0]",,,,2741,Wisconsin Lutheran,iii,NACC,6,"[0, 0, 6, 0]",,,,,,,
401774176,2025,3,regular,2025-09-13T18:00:00.000Z,False,True,False,False,,980,Benedetti-Wehrli Stadium,3071,North Central College,iii,CCIW,45,"[0, 24, 14, 7]",,,,271,Wisconsin Oshkosh,iii,Wisconsin,14,"[7, 0, 0, 7]",,,,,,,
401777732,2025,3,regular,2025-09-13T18:00:00.000Z,False,True,False,False,,3922,Kenneth R. Gill Stadium,2700,McDaniel,iii,Centennial,7,"[0, 7, 0, 0]",,,,2532,Salisbury,iii,New Jersey,62,"[13, 14, 14, 21]",,,,,,,
401777040,2025,3,regular,2025-09-13T18:00:00.000Z,False,True,False,False,,5839,Langhorst Field,72,Elmhurst,iii,CCIW,34,"[14, 14, 6, 0]",,,,2524,Rockford,iii,NACC,30,"[7, 3, 20, 0]",,,,,,,
401773191,2025,3,regular,2025-09-13T18:00:00.000Z,False,True,False,False,,6091,Abel Stadium,6845,Nebraska Wesleyan,iii,American Rivers,13,"[3, 0, 2, 8, 0]",,,,561,Mayville State,,,20,"[0, 7, 6, 0, 7]",,,,,,,
401762818,2025,3,regular,2025-09-13T18:00:00.000Z,False,True,False,False,10512,3919,Scheumann Stadium,2050,Ball State,fbs,Mid-American,34,"[14, 14, 6, 0]",0.6108605861663818,1070,1070,160,New Hampshire,fcs,Coastal Athletic,29,"[14, 7, 3, 5]",0.38913941383361816,,,5.4201324303022815,,,
401767318,2025,3,regular,2025-09-13T18:00:00.000Z,False,True,False,False,14127,3722,Fitton Field,107,Holy Cross,fcs,Patriot,7,"[0, 7, 0, 0]",0.08074689656496048,,,227,Rhode Island,fcs,Coastal Athletic,9,"[3, 3, 0, 3]",0.9192531034350395,,,5.136281470723753,,,
401773186,2025,3,regular,2025-09-13T18:00:00.000Z,False,True,False,False,,3843,MLC Bowl,446,Martin Luther,iii,Upper Midwest,34,"[7, 17, 0, 10]",,,,67,Luther,iii,American Rivers,0,"[0, 0, 0, 0]",,,,,,,
401774236,2025,3,regular,2025-09-13T18:00:00.000Z,False,True,False,False,,6099,Selby Stadium,2980,Ohio Wesleyan,iii,North Coast,24,"[7, 7, 3, 7]",,,,2373,Maryville (TN),iii,USA South,48,"[7, 21, 13, 7]",,,,,,,
401776750,2025,3,regular,2025-09-13T18:00:00.000Z,False,True,False,False,,5117,Clemens Stadium,2600,Saint John's (MN),iii,Minnesota,49,"[7, 14, 28, 0]",,,,2399,Minnesota Morris,iii,Upper Midwest,0,"[0, 0, 0, 0]",,,,,,,
401767120,2025,3,regular,2025-09-13T18:00:00.000Z,False,True,False,False,6445,1905,DakotaDome,233,South Dakota,fcs,MVFC,24,"[3, 7, 0, 7, 7]",0.5982002019882202,,,2458,Northern Colorado,fcs,Big Sky,17,"[0, 6, 0, 11, 0]",0.4017997980117798,,,5.572432792647911,,,
401773036,2025,3,regular,2025-09-13T18:00:00.000Z,False,True,False,False,,5817,Ron and Joyce Schipper Stadium,2964,Central College,iii,American Rivers,10,"[0, 7, 0, 3]",,,,2516,Randolph Macon,iii,Old Dominion,0,"[0, 0, 0, 0]",,,,,,,
401809170,2025,3,regular,2025-09-13T18:00:00.000Z,False,True,True,False,,6210,Bruce R. Deaton Memorial Field,130180,Saint Xavier (IL),,,0,"[0, 0, 0, 0]",,,,2745,Wisconsin Whitewater,iii,Wisconsin,37,"[7, 17, 3, 10]",,,,,,,
401773166,2025,3,regular,2025-09-13T18:00:00.000Z,False,True,False,False,,6040,Key Stadium,2292,Indianapolis,ii,Great Lakes,33,"[0, 14, 0, 19]",,,,308,Ashland,ii,Great Midwest Athletic,26,"[0, 13, 7, 6]",,,,,,,
401773917,2025,3,regular,2025-09-13T18:00:00.000Z,False,True,False,True,,10461,Spero Financial Field,129469,Anderson (SC),ii,South Atlantic,30,"[10, 14, 3, 3]",,,,2839,Tusculum,ii,South Atlantic,0,"[0, 0, 0, 0]",,,,,,,
401774189,2025,3,regular,2025-09-13T18:00:00.000Z,False,True,False,False,,5903,Community Stadium at Goerke Park,2743,Wisconsin Stevens Point,iii,Wisconsin,41,"[7, 21, 0, 13]",,,,2832,St. Norbert,iii,NACC,17,"[7, 10, 0, 0]",,,,,,,
401774246,2025,3,regular,2025-09-13T18:00:00.000Z,False,True,False,False,,3823,Hardee-McGee Field,2553,Sewanee,iii,Southern Athletic,10,"[3, 0, 0, 7]",,,,2913,Brevard,iii,USA South,26,"[7, 10, 2, 7]",,,,,,,
401773733,2025,3,regular,2025-09-13T18:00:00.000Z,False,True,False,True,,5874,Chet Anderson Stadium,132,Bemidji State,ii,Northern Sun,23,"[0, 7, 6, 10]",,,,2894,Sioux Falls,ii,Northern Sun,56,"[7, 21, 14, 14]",,,,,,,
401766656,2025,3,regular,2025-09-13T18:00:00.000Z,False,True,False,True,,5908,Harley Knosher Bowl,255,Knox,iii,Midwest,7,"[0, 0, 0, 7]",,,,2891,Ripon,iii,Midwest,50,"[14, 12, 14, 10]",,,,,,,
401773525,2025,3,regular,2025-09-13T18:00:00.000Z,False,True,False,False,,3957,Tiger Stadium (AL),2695,West Alabama,ii,Gulf South,28,"[0, 10, 3, 15]",,,,2128,Charleston (WV),ii,Mountain East,24,"[7, 7, 10, 0]",,,,,,,
401773646,2025,3,regular,2025-09-13T18:00:00.000Z,False,True,False,False,,5883,Marv Kay Stadium at Campbell Field,2146,Colorado School of Mines,ii,Rocky Mountain,41,"[7, 20, 7, 7]",,,,2687,Washburn,ii,Mid America,27,"[0, 7, 6, 14]",,,,,,,
401773793,2025,3,regular,2025-09-13T18:00:00.000Z,False,True,True,False,,11539,Charlotte & Gordon Hansen Stadium,2939,Jamestown,ii,Northern Sun,7,"[0, 0, 0, 7]",,,,2587,Southwest Minnesota State,ii,Northern Sun,12,"[2, 0, 10, 0]",,,,,,,
401767150,2025,3,regular,2025-09-13T18:30:00.000Z,False,True,False,False,,3704,E. J. Whitmire Stadium,2717,Western Carolina,fcs,Southern,31,"[7, 7, 14, 3]",0.3216603398323059,,,2210,Elon,fcs,Coastal Athletic,37,"[14, 9, 6, 8]",0.6783396601676941,,,8.979727815084011,,,
401783914,2025,3,regular,2025-09-13T18:30:00.000Z,False,True,False,True,,5808,Edward C. Swenson Athletic Complex,18,Bridgewater State,iii,MSCAC,29,"[2, 7, 10, 10]",,,,2909,Westfield State,iii,MSCAC,16,"[0, 0, 9, 7]",,,,,,,
401773565,2025,3,regular,2025-09-13T18:30:00.000Z,False,True,False,False,,5134,Bearcat Stadium,138,Northwest Missouri State,ii,Mid America,49,"[7, 14, 7, 21]",,,,2658,Texas A&M-Kingsville,ii,Lone Star,20,"[7, 0, 10, 3]",,,,,,,
401773393,2025,3,regular,2025-09-13T19:00:00.000Z,False,True,False,True,,3934,Southern Nazarene University Football Stadium,200,Southern Nazarene,ii,Great American,18,"[3, 0, 0, 15]",,,,2568,Southern Arkansas,ii,Great American,26,"[2, 10, 7, 7]",,,,,,,
401767421,2025,3,regular,2025-09-13T19:00:00.000Z,False,True,False,False,18642,3976,Mississippi Veterans Memorial Stadium,2296,Jackson State,fcs,SWAC,30,"[7, 14, 9, 0]",0.988840639591217,,,2657,Tuskegee,ii,SIAC,0,"[0, 0, 0, 0]",0.011159360408782959,,,1.8672592612817382,,,
401767106,2025,3,regular,2025-09-13T19:00:00.000Z,False,True,False,False,21917,3643,Bobcat Stadium,147,Montana State,fcs,Big Sky,41,"[10, 14, 14, 3]",0.9878895282745361,,,301,San Diego,fcs,Pioneer,7,"[0, 0, 0, 7]",0.012110471725463867,,,2.2411922628607592,,,
401773768,2025,3,regular,2025-09-13T19:00:00.000Z,False,True,False,True,,3638,MDU Resources Community Bowl,559,University of Mary,ii,Northern Sun,20,"[7, 10, 3, 0]",,,,2043,Augustana (SD),ii,Northern Sun,21,"[0, 7, 0, 14]",,,,,,,
401766658,2025,3,regular,2025-09-13T19:00:00.000Z,False,True,False,True,,5806,Whittier Field,340,Bowdoin,iii,NESCAC,0,"[0, 0, 0, 0]",,,,112,Tufts,iii,NESCAC,13,"[7, 3, 3, 0]",,,,,,,
401767173,2025,3,regular,2025-09-13T19:00:00.000Z,False,True,False,False,6720,3858,O'Brien Stadium,2197,Eastern Illinois,fcs,OVC-Big South,30,"[0, 10, 0, 20]",0.006189178675413132,,,2287,Illinois State,fcs,MVFC,42,"[7, 14, 7, 14]",0.9938108213245869,,,5.435315657694889,,,
401767341,2025,3,regular,2025-09-13T19:00:00.000Z,False,True,False,False,2205,3613,Alumni Stadium,2169,Delaware State,fcs,MEAC,36,"[21, 9, 6, 0]",0.9661973118782043,,,2075,Bowie State,ii,CIAA,14,"[7, 0, 0, 7]",0.033802688121795654,,,2.9481541039455608,,,
401757168,2025,3,regular,2025-09-13T19:00:00.000Z,False,True,False,False,17862,3695,Delaware Stadium,48,Delaware,fbs,Conference USA,44,"[14, 14, 7, 3, 6]",0.25627401471138,1453,1454,41,UConn,fbs,FBS Independents,41,"[10, 14, 7, 7, 3]",0.74372598528862,1446,1445,7.432477630514397,,,
401773752,2025,3,regular,2025-09-13T19:00:00.000Z,False,True,False,True,,6052,Herb Parker Stadium,568,Minot State,ii,Northern Sun,21,"[7, 7, 0, 7]",,,,3066,Concordia St. Paul,ii,Northern Sun,27,"[7, 14, 0, 6]",,,,,,,
401767098,2025,3,regular,2025-09-13T19:00:00.000Z,False,True,False,False,26492,3987,Washington-Grizzly Stadium,149,Montana,fcs,Big Sky,24,"[7, 0, 7, 10]",0.23972593247890472,,,155,North Dakota,fcs,MVFC,23,"[13, 3, 0, 7]",0.7602740675210953,,,6.512757500268235,,,
401754638,2025,3,regular,2025-09-13T19:30:00.000Z,False,True,False,False,62108,3842,Milan Puskar Stadium,277,West Virginia,fbs,Big 12,31,"[0, 7, 7, 10, 7]",0.17670735716819763,1469,1481,221,Pittsburgh,fbs,ACC,24,"[0, 3, 11, 10, 0]",0.8232926428318024,1518,1506,6.6083691049315805,,,
401752949,2025,3,regular,2025-09-13T19:30:00.000Z,False,True,False,False,26837,3825,DATCU Stadium,249,North Texas,fbs,American Athletic,59,"[14, 28, 10, 7]",0.992473304271698,1409,1585,265,Washington State,fbs,Pac-12,10,"[3, 0, 0, 7]",0.007526695728302002,1555,1379,2.337911501476914,,,
401767588,2025,3,regular,2025-09-13T19:30:00.000Z,False,True,False,False,2058,3676,Christy Mathewson-Memorial Stadium,2083,Bucknell,fcs,Patriot,35,"[7, 14, 7, 7]",1,,,2678,VMI,fcs,Southern,28,"[7, 0, 7, 14]",0,,,5.872931110823002,,,
401767217,2025,3,regular,2025-09-13T19:30:00.000Z,False,True,False,False,17354,3714,Fargodome,2449,North Dakota State,fcs,MVFC,41,"[14, 17, 3, 7]",0.9728182554244995,,,2546,Southeast Missouri State,fcs,OVC-Big South,14,"[7, 7, 0, 0]",0.02718174457550049,,,3.706838963468569,,,
401752938,2025,3,regular,2025-09-13T19:30:00.000Z,False,True,False,False,60229,3784,Jones AT&T Stadium,2641,Texas Tech,fbs,Big 12,45,"[14, 14, 10, 7]",0.9839296936988831,1639,1690,204,Oregon State,fbs,Pac-12,14,"[0, 0, 0, 14]",0.016070306301116943,1365,1314,2.7183524777019303,,,
401752835,2025,3,regular,2025-09-13T19:30:00.000Z,False,True,False,False,109516,3632,Beaver Stadium,213,Penn State,fbs,Big Ten,52,"[7, 14, 10, 21]",1,2152,2152,222,Villanova,fcs,Coastal Athletic,6,"[0, 0, 0, 6]",0,,,1.5691614982419644,,,
401762819,2025,3,regular,2025-09-13T19:30:00.000Z,False,True,False,False,22846,3739,Glass Bowl,2649,Toledo,fbs,Mid-American,60,"[3, 43, 7, 7]",0.9923451542854309,1501,1501,2415,Morgan State,fcs,MEAC,0,"[0, 0, 0, 0]",0.007654845714569092,,,2.4077897300641373,,,
401756892,2025,3,regular,2025-09-13T19:30:00.000Z,False,True,False,False,30014,3854,Nippert Stadium,2132,Cincinnati,fbs,Big 12,70,"[35, 21, 7, 7]",0.9783123731613159,1498,1498,2466,Northwestern State,fcs,Southland,0,"[0, 0, 0, 0]",0.021687626838684082,,,1.9902269210722308,,,
401754639,2025,3,regular,2025-09-13T19:30:00.000Z,False,True,False,False,50500,3787,Kenan Stadium,153,North Carolina,fbs,ACC,41,"[10, 10, 7, 14]",0.9921181201934814,1439,1439,257,Richmond,fcs,Patriot,6,"[0, 3, 0, 3]",0.007881879806518555,,,1.969859511624668,,,
401754615,2025,3,regular,2025-09-13T19:30:00.000Z,False,True,False,False,15027,3878,Plaster Sports Complex,2623,Missouri State,fbs,Conference USA,10,"[10, 0, 0, 0]",0.006041337735950947,1346,1338,2567,SMU,fbs,ACC,28,"[0, 14, 7, 7]",0.993958662264049,1703,1711,4.819093231576694,,,
401767322,2025,3,regular,2025-09-13T19:30:00.000Z,False,True,False,False,5769,3788,Kenneth P. LaValle Stadium,2619,Stony Brook,fcs,Coastal Athletic,41,"[3, 10, 14, 14]",0.9927091598510742,,,2230,Fordham,fcs,Patriot,18,"[0, 0, 10, 8]",0.007290840148925781,,,3.4883026263782506,,,
401767141,2025,3,regular,2025-09-13T19:30:00.000Z,False,True,False,False,4314,3629,Barker-Lane Stadium,2097,Campbell,fcs,Coastal Athletic,24,"[0, 10, 7, 7]",0.5836109519004822,,,231,Furman,fcs,Southern,28,"[3, 8, 7, 10]",0.4163890480995178,,,7.487433172652054,,,
401752834,2025,3,regular,2025-09-13T19:30:00.000Z,False,True,False,False,71301,3936,Spartan Stadium,127,Michigan State,fbs,Big Ten,41,"[7, 10, 14, 10]",0.9076184034347534,1406,1406,2754,Youngstown State,fcs,MVFC,24,"[3, 7, 7, 7]",0.09238159656524658,,,3.481551560526096,,,
401752705,2025,3,regular,2025-09-13T19:30:00.000Z,False,True,False,True,101915,3853,Neyland Stadium,2633,Tennessee,fbs,SEC,41,"[21, 0, 7, 10, 3]",0.8366788625717163,1799,1809,61,Georgia,fbs,SEC,44,"[7, 10, 10, 11, 6]",0.1633211374282837,2053,2043,8.927697065894355,,,
401773911,2025,3,regular,2025-09-13T19:30:00.000Z,False,True,False,False,,6030,Harms-Eischeid Stadium,389,Upper Iowa,ii,Great Lakes,58,"[20, 24, 7, 7]",,,,613,South Dakota Mines,ii,Rocky Mountain,14,"[14, 0, 0, 0]",,,,,,,
401752833,2025,3,regular,2025-09-13T19:30:00.000Z,False,True,False,False,41011,6577,SHI Stadium,164,Rutgers,fbs,Big Ten,60,"[13, 13, 20, 14]",0.9916054010391235,1594,1594,2450,Norfolk State,fcs,MEAC,10,"[0, 3, 7, 0]",0.008394598960876465,,,2.6001700876586886,,,
401752832,2025,3,regular,2025-09-13T19:30:00.000Z,False,True,False,True,58065,3907,Ross-Ade Stadium,2509,Purdue,fbs,Big Ten,17,"[0, 3, 7, 7]",0.0364251509308815,1293,1310,30,USC,fbs,Big Ten,33,"[3, 14, 13, 3]",0.9635748490691185,1895,1878,4.127607975845876,,,
401762467,2025,3,regular,2025-09-13T19:30:00.000Z,False,True,False,False,20421,3604,Alamodome,2636,UTSA,fbs,American Athletic,48,"[10, 14, 14, 10]",0.9960624575614929,1489,1489,2916,Incarnate Word,fcs,Southland,20,"[0, 0, 14, 6]",0.00393754243850708,,,2.14359432660084,,,
401767161,2025,3,regular,2025-09-13T20:00:00.000Z,False,True,False,True,3831,3658,Buccaneer Field,2127,Charleston Southern,fcs,OVC-Big South,28,"[14, 7, 0, 7]",0.5245733857154846,,,2815,Lindenwood,fcs,OVC-Big South,35,"[0, 7, 7, 21]",0.4754266142845154,,,4.710982376682405,,,
401777153,2025,3,regular,2025-09-13T20:00:00.000Z,False,True,False,True,,6149,McCulloch Stadium,2930,Willamette,iii,Northwest,0,"[0, 0, 0, 0]",,,,205,Pacific (OR),iii,Northwest,42,"[7, 7, 14, 14]",,,,,,,
401756890,2025,3,regular,2025-09-13T20:00:00.000Z,False,True,False,False,22348,3625,Centennial Bank Stadium,2032,Arkansas State,fbs,Sun Belt,16,"[0, 10, 3, 3]",0.10015681385993958,1244,1257,66,Iowa State,fbs,Big 12,24,"[9, 8, 0, 7]",0.8998431861400604,1621,1608,6.731182769771558,,,
401777172,2025,3,regular,2025-09-13T20:00:00.000Z,False,True,True,False,,,,2202,Eastern Oregon,,,16,"[7, 3, 3, 3]",,,,2721,Whitworth,iii,Northwest,10,"[3, 0, 7, 0]",,,,,,,
401773705,2025,3,regular,2025-09-13T20:00:00.000Z,False,True,False,False,,3769,Jack Britt Memorial Stadium,437,Lake Erie,ii,Great Midwest Athletic,31,"[7, 7, 14, 3]",,,,112335,Wheeling,ii,Mountain East,35,"[0, 14, 7, 14]",,,,,,,
401777139,2025,3,regular,2025-09-13T20:00:00.000Z,False,True,False,True,,5920,Griswold Stadium,2333,Lewis & Clark,iii,Northwest,38,"[21, 10, 0, 7]",,,,415,George Fox,iii,Northwest,10,"[0, 7, 0, 3]",,,,,,,
401773840,2025,3,regular,2025-09-13T20:00:00.000Z,False,True,False,True,,4433,George P. Miller Stadium,2291,IU Pennsylvania,ii,Pennsylvania State Athletic,42,"[14, 14, 7, 7]",,,,209,Lock Haven,ii,Pennsylvania State Athletic,10,"[0, 10, 0, 0]",,,,,,,
401777160,2025,3,regular,2025-09-13T20:00:00.000Z,False,True,False,False,,6102,Sparks Stadium,2486,Pacific Lutheran,iii,Northwest,42,"[21, 7, 7, 7]",,,,129758,Simpson (CA),,,16,"[0, 7, 7, 2]",,,,,,,
401777003,2025,3,regular,2025-09-13T20:00:00.000Z,False,True,False,True,,5939,Cressy Field,379,UMass Dartmouth,iii,MSCAC,25,"[13, 0, 6, 6]",,,,114,Fitchburg State,iii,MSCAC,24,"[7, 14, 3, 0]",,,,,,,
401777191,2025,3,regular,2025-09-13T20:00:00.000Z,False,True,False,True,,6098,Dial-Roberson Stadium,427,Ohio Northern,iii,Ohio,33,"[13, 6, 7, 7]",,,,191,Heidelberg,iii,Ohio,13,"[0, 7, 0, 6]",,,,,,,
401767090,2025,3,regular,2025-09-13T20:00:00.000Z,False,True,False,False,7681,3791,Kibbie Dome,70,Idaho,fcs,Big Sky,20,"[0, 10, 3, 7]",0.9791364669799805,,,3101,Utah Tech,fcs,UAC,6,"[0, 3, 3, 0]",0.02086353302001953,,,4.206595386198221,,,
401773073,2025,3,regular,2025-09-13T20:00:00.000Z,False,True,False,False,,3705,Earl Kitchings Stadium,2206,Edward Waters,ii,SIAC,41,"[0, 14, 14, 13]",,,,2676,Virginia Union,ii,CIAA,38,"[7, 7, 3, 21]",,,,,,,
401752706,2025,3,regular,2025-09-13T20:15:00.000Z,False,True,False,False,102025,3910,DKR-Texas Memorial Stadium,251,Texas,fbs,SEC,27,"[7, 7, 6, 7]",1,1896,1878,2638,UTEP,fbs,Conference USA,10,"[0, 3, 0, 7]",0,1230,1248,3.4510180667844916,,,
401754535,2025,3,regular,2025-09-13T20:30:00.000Z,False,True,False,False,66591,3948,Hard Rock Stadium,2390,Miami,fbs,ACC,49,"[14, 14, 7, 14]",0.9881351590156555,1743,1825,58,South Florida,fbs,American Athletic,12,"[3, 3, 0, 6]",0.011864840984344482,1564,1482,2.955756798120136,,,
401767225,2025,3,regular,2025-09-13T20:30:00.000Z,False,True,False,False,10208,3810,Nissan Stadium,2634,Tennessee State,fcs,OVC-Big South,21,"[0, 21, 0, 0]",0.15452978014945984,,,2010,Alabama A&M,fcs,SWAC,23,"[3, 10, 10, 0]",0.8454702198505402,,,6.21379952340697,,,
401757256,2025,3,regular,2025-09-13T21:00:00.000Z,False,True,False,False,23159,3700,Doyt L. Perry Stadium,189,Bowling Green,fbs,Mid-American,23,"[3, 7, 3, 10]",0.9232409596443176,1434,1456,2335,Liberty,fbs,Conference USA,13,"[0, 0, 7, 6]",0.07675904035568237,1494,1472,3.9960137813612553,,,
401767060,2025,3,regular,2025-09-13T21:00:00.000Z,False,True,False,False,10774,3967,UNI-Dome,2460,Northern Iowa,fcs,MVFC,17,"[7, 3, 7, 0]",0.7515726685523987,,,331,Eastern Washington,fcs,Big Sky,14,"[0, 0, 0, 14]",0.24842733144760132,,,4.041058837725884,,,
401767360,2025,3,regular,2025-09-13T21:00:00.000Z,False,True,False,False,18101,4582,Hornet Stadium,2011,Alabama State,fcs,SWAC,37,"[10, 21, 0, 6]",0.9989964365959167,,,2396,Miles,ii,SIAC,9,"[0, 3, 6, 0]",0.001003563404083252,,,2.162132517402801,,,
401773463,2025,3,regular,2025-09-13T21:00:00.000Z,False,True,False,False,,6067,Carnie Smith Stadium,90,Pittsburg State,ii,Mid America,17,"[0, 10, 0, 7]",,,,125,Grand Valley State,ii,GLIAC,14,"[0, 0, 7, 7]",,,,,,,
401757258,2025,3,regular,2025-09-13T21:00:00.000Z,False,True,False,False,16808,3816,Mackay Stadium,2440,Nevada,fbs,Mountain West,13,"[0, 13, 0, 0]",0.7403632402420044,1284,1278,2393,Middle Tennessee,fbs,Conference USA,14,"[0, 0, 0, 14]",0.2596367597579956,1182,1188,4.244323209980611,,,
401773782,2025,3,regular,2025-09-13T21:00:00.000Z,False,True,False,True,,6051,James S. Malosky Stadium,134,Minnesota Duluth,ii,Northern Sun,17,"[3, 0, 3, 11]",,,,2364,Minnesota State,ii,Northern Sun,14,"[0, 7, 0, 7]",,,,,,,
401777301,2025,3,regular,2025-09-13T21:30:00.000Z,False,True,False,False,,3877,Pioneer Stadium,101161,Lyon,iii,Southern Collegiate Athletic,19,"[0, 7, 0, 12]",,,,124386,Arkansas Baptist,,,20,"[0, 0, 6, 14]",,,,,,,
401767030,2025,3,regular,2025-09-13T22:00:00.000Z,False,True,False,False,2800,3661,Bulldog Stadium,2803,Bryant,fcs,Coastal Athletic,42,"[14, 7, 7, 14]",0.9864457249641418,,,2060,Bentley,ii,Northeast 10,6,"[0, 0, 6, 0]",0.013554275035858154,,,2.10931865229872,,,
401767388,2025,3,regular,2025-09-13T22:00:00.000Z,False,True,False,False,9026,3864,Oliver C. Dawson Stadium,2569,South Carolina State,fcs,MEAC,55,"[24, 3, 14, 14]",0.8905087113380432,,,2065,Bethune-Cookman,fcs,SWAC,41,"[0, 7, 6, 28]",0.10949128866195679,,,3.3948150642402055,,,
401774228,2025,3,regular,2025-09-13T22:00:00.000Z,False,True,False,False,,5998,Monarch Stadium,291,Methodist,iii,USA South,40,"[0, 14, 14, 12]",,,,2258,Guilford,iii,Old Dominion,42,"[7, 21, 7, 7]",,,,,,,
401767380,2025,3,regular,2025-09-13T22:00:00.000Z,False,True,False,False,7542,3740,Golden Lion Stadium,2029,Arkansas-Pine Bluff,fcs,SWAC,34,"[13, 0, 7, 14]",0.9923140406608582,,,124179,Lincoln (CA),ii,Independent DII,8,"[0, 8, 0, 0]",0.007685959339141846,,,3.425256275914434,,,
401767573,2025,3,regular,2025-09-13T22:00:00.000Z,False,True,False,True,7404,4417,Five Star Stadium at the Moye Complex,2382,Mercer,fcs,Southern,22,"[10, 3, 3, 6]",0.9478786587715149,,,2747,Wofford,fcs,Southern,21,"[0, 7, 14, 0]",0.05212134122848511,,,6.678875219652545,,,
401767529,2025,3,regular,2025-09-13T22:00:00.000Z,False,True,False,False,7144,3720,Finley Stadium,236,Chattanooga,fcs,Southern,63,"[21, 14, 21, 7]",1,,,56,Stetson,fcs,Pioneer,0,"[0, 0, 0, 0]",0,,,2.688554241656698,,,
401773944,2025,3,regular,2025-09-13T22:00:00.000Z,False,True,False,True,,6553,Helen and Leonard Moretz Stadium,2331,Lenoir Rhyne,ii,South Atlantic,31,"[21, 7, 0, 3]",,,,2213,Emory & Henry,ii,South Atlantic,28,"[0, 3, 7, 18]",,,,,,,
401774058,2025,3,regular,2025-09-13T22:00:00.000Z,False,True,False,False,,3675,Charles A. Gaetano Stadium,390,Utica,iii,Empire 8,41,"[14, 14, 13, 0]",,,,2528,Rensselaer,iii,Liberty League,14,"[0, 0, 6, 8]",,,,,,,
401757233,2025,3,regular,2025-09-13T22:00:00.000Z,False,True,False,False,17638,2031,Pitbull Stadium,2229,Florida International,fbs,Conference USA,38,"[7, 10, 21, 0]",1,1358,1367,2226,Florida Atlantic,fbs,American Athletic,28,"[7, 14, 0, 7]",0,1240,1231,5.3864632418035905,,,
401767411,2025,3,regular,2025-09-13T22:00:00.000Z,False,True,False,False,,3862,O'Kelly-Riddick Stadium,2428,North Carolina Central,fcs,MEAC,49,"[3, 18, 14, 14]",1,,,2220,Fayetteville State,ii,CIAA,19,"[3, 0, 7, 9]",0,,,3.1369061690159272,,,
401767190,2025,3,regular,2025-09-13T22:00:00.000Z,False,True,False,False,3966,3607,Alfond Stadium,311,Maine,fcs,Coastal Athletic,10,"[0, 7, 3, 0]",0.11197356879711151,,,284,Stonehill,fcs,NEC,13,"[3, 3, 0, 7]",0.8880264312028885,,,5.55832028020935,,,
401773058,2025,3,regular,2025-09-13T22:00:00.000Z,False,True,False,True,,3649,Bowman Gray Stadium,2736,Winston-Salem State,ii,CIAA,51,"[7, 14, 9, 21]",,,,2339,Lincoln (PA),ii,CIAA,14,"[7, 0, 7, 0]",,,,,,,
401773716,2025,3,regular,2025-09-13T22:00:00.000Z,False,True,False,True,,6211,Sodexo Field,112334,Franklin Pierce,ii,Northeast 10,30,"[9, 7, 6, 8]",,,,2487,Pace,ii,Northeast 10,6,"[0, 0, 6, 0]",,,,,,,
401774209,2025,3,regular,2025-09-13T22:00:00.000Z,False,True,False,False,,5799,Daly Field at Frank R. Campbell Stadium,2047,Averett,iii,Old Dominion,14,"[0, 0, 6, 8]",,,,2896,Southern Virginia,iii,USA South,46,"[14, 19, 13, 0]",,,,,,,
401777086,2025,3,regular,2025-09-13T22:00:00.000Z,False,True,False,True,,5855,Charles A. Henry Field,2274,Hiram,iii,Presidents',58,"[20, 10, 14, 14]",,,,391,Oberlin,iii,North Coast,21,"[7, 0, 7, 7]",,,,,,,
401762464,2025,3,regular,2025-09-13T22:00:00.000Z,False,True,False,False,15681,4418,Jerry Richardson Stadium,2429,Charlotte,fbs,American Athletic,42,"[0, 7, 21, 14]",0.9812779426574707,1170,1170,2405,Monmouth,fcs,Coastal Athletic,35,"[7, 7, 7, 14]",0.018722057342529297,,,7.631365971094696,,,
401773509,2025,3,regular,2025-09-13T22:00:00.000Z,False,True,False,False,,3960,Top Taggart Field,2222,Ferris State,ii,GLIAC,41,"[14, 21, 0, 6]",,,,2838,Tiffin,ii,Great Midwest Athletic,34,"[7, 7, 13, 7]",,,,,,,
401757235,2025,3,regular,2025-09-13T22:00:00.000Z,False,True,False,False,11040,4899,Fifth Third Stadium,338,Kennesaw State,fbs,Conference USA,27,"[0, 7, 17, 3]",0.8851298093795776,1175,1175,2771,Merrimack,fcs,FCS Independents,13,"[0, 0, 0, 13]",0.11487019062042236,,,3.858363899375836,,,
401773143,2025,3,regular,2025-09-13T22:00:00.000Z,False,True,False,True,,10803,Pen-Air Field,110242,West Florida,ii,Gulf South,42,"[15, 10, 14, 3]",,,,2560,Shorter,ii,Carolinas,20,"[6, 0, 0, 14]",,,,,,,
401773490,2025,3,regular,2025-09-13T22:00:00.000Z,False,True,False,False,,3885,Harvey Randall Wickes Memorial Stadium,129,Saginaw Valley State,ii,GLIAC,14,"[0, 0, 7, 7]",,,,2886,Northwood,ii,Great Midwest Athletic,38,"[14, 14, 10, 0]",,,,,,,
401783234,2025,3,regular,2025-09-13T22:00:00.000Z,False,True,False,False,,5781,Irwin Belk Stadium,351,Wingate,ii,South Atlantic,72,"[21, 28, 13, 10]",,,,124180,Bluefield State,ii,CIAA,7,"[0, 0, 0, 7]",,,,,,,
401767762,2025,3,regular,2025-09-13T22:00:00.000Z,False,True,False,False,2575,3777,Joe Walton Stadium,2523,Robert Morris,fcs,NEC,28,"[7, 7, 7, 7]",0.9840205311775208,,,2699,West Liberty,ii,Mountain East,14,"[0, 0, 7, 7]",0.015979468822479248,,,2.4490634554326727,,,
401767300,2025,3,regular,2025-09-13T22:00:00.000Z,False,True,False,False,,5888,University Stadium (GA),2698,West Georgia,fcs,UAC,35,"[3, 10, 7, 15]",0.8520036339759827,,,2193,East Tennessee State,fcs,Southern,31,"[14, 7, 10, 0]",0.14799636602401733,,,7.30468840952275,,,
401752701,2025,3,regular,2025-09-13T22:00:00.000Z,False,True,False,False,49158,3693,Davis Wade Stadium,344,Mississippi State,fbs,SEC,63,"[28, 14, 7, 14]",0.9959214925765991,1454,1454,2016,Alcorn State,fcs,SWAC,0,"[0, 0, 0, 0]",0.004078507423400879,,,1.7864428042072722,,,
401773864,2025,3,regular,2025-09-13T22:00:00.000Z,False,True,False,True,,4430,Mihalik-Thompson Stadium,215,Slippery Rock,ii,Pennsylvania State Athletic,35,"[0, 14, 0, 14, 7]",,,,2974,Shepherd,ii,Pennsylvania State Athletic,28,"[7, 7, 7, 7, 0]",,,,,,,
401761606,2025,3,regular,2025-09-13T22:00:00.000Z,False,True,False,False,23925,3775,Joan C. Edwards Stadium,276,Marshall,fbs,Sun Belt,38,"[17, 14, 7, 0]",0.9945290088653564,1492,1492,2198,Eastern Kentucky,fcs,UAC,7,"[0, 0, 7, 0]",0.005470991134643555,,,2.546843613107965,,,
401773928,2025,3,regular,2025-09-13T22:00:00.000Z,False,True,False,True,,5122,Shuford Stadium,2107,Catawba,ii,South Atlantic,44,"[6, 21, 7, 10]",,,,2842,UVA Wise,ii,South Atlantic,34,"[14, 20, 0, 0]",,,,,,,
401773980,2025,3,regular,2025-09-13T22:00:00.000Z,False,True,False,True,,6217,W.C. Hawkins Stadium,2019,Allen,ii,SIAC,29,[],,,,2323,Lane College,ii,SIAC,21,[],,,,,,,
401788912,2025,3,regular,2025-09-13T23:00:00.000Z,False,True,False,False,,5838,Ornelas Stadium,2194,East Texas Baptist,iii,American Southwest,28,"[21, 7, 0, 0]",,,,2824,Oklahoma Panhandle,,,0,"[0, 0, 0, 0]",,,,,,,
401773425,2025,3,regular,2025-09-13T23:00:00.000Z,False,True,False,False,,6055,Craig Field at Spratt Memorial Stadium,137,Missouri Western,ii,Mid America,27,"[7, 17, 0, 3]",,,,2402,Missouri S&T,ii,Great Lakes,10,"[0, 0, 0, 10]",,,,,,,
401773105,2025,3,regular,2025-09-13T23:00:00.000Z,False,True,False,False,,6061,Younts Stadium,2822,North Greenville,ii,Carolinas,41,"[17, 10, 7, 7]",,,,122666,Barton,ii,Carolinas,28,"[0, 14, 14, 0]",,,,,,,
401778033,2025,3,regular,2025-09-13T23:00:00.000Z,False,True,False,False,,6132,Trinity University Stadium,386,Trinity (TX),iii,Southern Athletic,49,"[21, 21, 0, 7]",,,,2056,Belhaven,iii,USA South,0,"[0, 0, 0, 0]",,,,,,,
401774121,2025,3,regular,2025-09-13T23:00:00.000Z,False,True,False,False,,6130,Fred Zollner Athletic Stadium,2651,Trine,iii,Michigan,27,"[14, 7, 3, 3]",,,,86,Rose Hulman,iii,Heartland,10,"[0, 0, 10, 0]",,,,,,,
401776774,2025,3,regular,2025-09-13T23:00:00.000Z,False,True,False,False,,5804,Royal Stadium,2802,Bethel (MN),iii,Minnesota,50,"[14, 16, 7, 13]",,,,583,Northwestern (MN),iii,Upper Midwest,3,"[0, 0, 0, 3]",,,,,,,
401773449,2025,3,regular,2025-09-13T23:00:00.000Z,False,True,False,False,,7504,Liberty North High School,2911,William Jewell,ii,Great Lakes,48,"[6, 14, 14, 14]",,,,2316,Kentucky Wesleyan,ii,Great Midwest Athletic,21,"[0, 9, 12, 0]",,,,,,,
401783278,2025,3,regular,2025-09-13T23:00:00.000Z,False,True,False,False,6629,4419,Bob Ford Field,399,UAlbany,fcs,Coastal Athletic,17,"[0, 7, 7, 3]",0.10716953128576279,,,2441,New Haven,fcs,NEC,24,"[10, 14, 0, 0]",0.8928304687142372,,,4.409473809502973,,,
401769832,2025,3,regular,2025-09-13T23:00:00.000Z,False,True,False,False,,3650,Bragg Memorial Stadium,50,Florida A&M,fcs,SWAC,33,"[3, 7, 16, 7]",,,,2013,Albany State,ii,SIAC,25,"[6, 8, 3, 8]",,,,,,,
401767235,2025,3,regular,2025-09-13T23:00:00.000Z,False,True,False,False,5402,3748,Graham Stadium,2630,UT Martin,fcs,OVC-Big South,10,"[0, 7, 3, 0]",0.00273160170763731,,,79,Southern Illinois,fcs,MVFC,37,"[7, 10, 13, 7]",0.9972683982923627,,,3.1878611192793525,,,
401767426,2025,3,regular,2025-09-13T23:00:00.000Z,False,True,False,False,4286,3944,Strawberry Stadium,2545,SE Louisiana,fcs,Southland,56,"[28, 14, 14, 0]",0.9890081286430359,,,2400,Mississippi Valley State,fcs,SWAC,3,"[3, 0, 0, 0]",0.010991871356964111,,,2.4335618117199047,,,
401761607,2025,3,regular,2025-09-13T23:00:00.000Z,False,True,False,True,24534,3815,M. M. Roberts Stadium,2572,Southern Miss,fbs,Sun Belt,38,"[7, 10, 7, 14]",0.9881961345672607,1107,1178,2026,App State,fbs,Sun Belt,22,"[7, 0, 7, 8]",0.011803865432739258,1461,1390,4.30131453710597,,,
401767458,2025,3,regular,2025-09-13T23:00:00.000Z,False,True,False,False,6247,3631,BBVA Compass Stadium,2640,Texas Southern,fcs,SWAC,7,"[7, 0, 0, 0]",0,,,2320,Lamar,fcs,Southland,31,"[14, 14, 0, 3]",1,,,4.194438523221164,,,
401777294,2025,3,regular,2025-09-13T23:00:00.000Z,False,True,False,False,,6108,Crain Field,2519,Rhodes,iii,Southern Athletic,31,"[0, 17, 7, 7]",,,,2045,Austin,iii,Southern Collegiate Athletic,17,"[0, 3, 7, 7]",,,,,,,
401777201,2025,3,regular,2025-09-13T23:00:00.000Z,False,True,False,True,,5931,Don Drumm Stadium,317,Marietta,iii,Ohio,47,"[6, 21, 6, 14]",,,,359,Otterbein,iii,Ohio,31,"[10, 7, 7, 7]",,,,,,,
401774463,2025,3,regular,2025-09-13T23:00:00.000Z,False,True,False,False,,6081,Harper Davis Field,2398,Millsaps,iii,Southern Athletic,56,"[7, 21, 14, 14]",,,,101442,Centenary (LA),iii,Southern Collegiate Athletic,14,"[0, 7, 0, 7]",,,,,,,
401774344,2025,3,regular,2025-09-13T23:00:00.000Z,False,True,False,False,,5818,Farris Stadium,2121,Centre,iii,Southern Athletic,14,"[0, 8, 6, 0]",,,,83,DePauw,iii,North Coast,35,"[7, 14, 14, 0]",,,,,,,
401773956,2025,3,regular,2025-09-13T23:00:00.000Z,False,True,False,False,,3926,Setzler Field,2444,Newberry,ii,South Atlantic,49,"[21, 14, 14, 0]",,,,3179,Point University,,,0,"[0, 0, 0, 0]",,,,,,,
401773343,2025,3,regular,2025-09-13T23:00:00.000Z,False,True,False,True,,5871,Convoy Leslie Cotton Boll Stadium,2028,Arkansas Monticello,ii,Great American,13,"[0, 13, 0, 0]",,,,2191,East Central,ii,Great American,38,"[14, 3, 0, 21]",,,,,,,
401773259,2025,3,regular,2025-09-13T23:00:00.000Z,False,True,False,False,,6125,Bulldog Stadium (TX),2639,Texas Lutheran,iii,Southern Collegiate Athletic,18,"[7, 0, 3, 8]",,,,2758,Howard Payne,iii,American Southwest,28,"[7, 7, 7, 7]",,,,,,,
401773209,2025,3,regular,2025-09-13T23:00:00.000Z,False,True,False,False,,5114,Shelton Stadium,2810,Hardin Simmons,iii,American Southwest,24,"[14, 10, 0, 0]",,,,241,McMurry,iii,Southern Collegiate Athletic,19,"[3, 3, 7, 6]",,,,,,,
401773173,2025,3,regular,2025-09-13T23:00:00.000Z,False,True,False,False,,5836,Chalmers Field,49,Dubuque,iii,American Rivers,27,"[7, 14, 0, 6]",,,,272,Wisconsin Platteville,iii,Wisconsin,56,"[14, 21, 21, 0]",,,,,,,
401767395,2025,3,regular,2025-09-13T23:00:00.000Z,False,True,False,False,2500,3902,Eddie Robinson Stadium,2755,Grambling,fcs,SWAC,37,"[0, 17, 7, 7, 6]",0.8044347167015076,,,2310,Kentucky State,ii,SIAC,31,"[14, 7, 0, 10, 0]",0.19556528329849243,,,8.461012182332832,,,
401767237,2025,3,regular,2025-09-13T23:00:00.000Z,False,True,False,False,572,3746,Hanson Field,2710,Western Illinois,fcs,OVC-Big South,51,"[7, 21, 16, 7]",,,,2674,Valparaiso,fcs,Pioneer,30,"[0, 3, 7, 20]",,,,,,,
401754536,2025,3,regular,2025-09-13T23:00:00.000Z,False,True,False,False,57627,3799,Lane Stadium,259,Virginia Tech,fbs,ACC,26,"[0, 0, 7, 19]",0.054570745676755905,1502,1452,295,Old Dominion,fbs,Sun Belt,45,"[7, 21, 10, 7]",0.9454292543232441,1480,1530,3.4013443232710543,,,
401757234,2025,3,regular,2025-09-13T23:00:00.000Z,False,True,False,False,24585,3608,Allen E. Paulson Stadium,290,Georgia Southern,fbs,Sun Belt,41,"[17, 14, 0, 10]",0.9934029579162598,1328,1357,55,Jacksonville State,fbs,Conference USA,34,"[14, 10, 10, 0]",0.006597042083740234,1642,1613,6.064462253017327,,,
401752827,2025,3,regular,2025-09-13T23:00:00.000Z,False,True,False,False,105765,3861,Ohio Stadium,194,Ohio State,fbs,Big Ten,37,"[3, 10, 10, 14]",0.9895108938217163,1977,2010,195,Ohio,fbs,Mid-American,9,"[0, 3, 6, 0]",0.010489106178283691,1620,1587,2.6200476901291596,,,
401777243,2025,3,regular,2025-09-13T23:00:00.000Z,False,True,False,False,,5849,Reeves Field (PA),2242,Geneva,iii,Presidents',28,"[0, 14, 14, 0]",,,,2828,Shenandoah,iii,Old Dominion,29,"[12, 0, 7, 10]",,,,,,,
401773180,2025,3,regular,2025-09-13T23:00:00.000Z,False,True,False,False,,6284,Village of Lisle-Benedictine University Sports Complex,2283,Benedictine (IL),iii,NACC,20,"[6, 7, 7, 0]",,,,263,Loras,iii,American Rivers,13,"[0, 6, 0, 7]",,,,,,,
401773760,2025,3,regular,2025-09-13T23:00:00.000Z,False,True,False,True,,3951,Swisher Field,425,Northern State,ii,Northern Sun,26,"[3, 3, 6, 14]",,,,2844,Wayne State (NE),ii,Northern Sun,7,"[0, 0, 0, 7]",,,,,,,
401762466,2025,3,regular,2025-09-13T23:00:00.000Z,False,True,False,False,22260,3895,Rice Stadium,242,Rice,fbs,American Athletic,38,"[7, 17, 7, 7]",0.9957946538925171,1262,1262,2504,Prairie View A&M,fcs,SWAC,17,"[7, 0, 3, 7]",0.00420534610748291,,,3.318519201815514,,,
401767248,2025,3,regular,2025-09-13T23:00:00.000Z,False,True,False,False,7152,3742,Governors Stadium,2046,Austin Peay,fcs,UAC,56,"[21, 21, 14, 0]",1,,,2413,Morehead State,fcs,Pioneer,7,"[0, 0, 0, 7]",0,,,,,,
401761605,2025,3,regular,2025-09-13T23:00:00.000Z,False,True,False,False,13988,4246,Center Parc Stadium,2247,Georgia State,fbs,Sun Belt,37,"[14, 9, 7, 7]",0.9919071197509766,1167,1167,93,Murray State,fcs,MVFC,21,"[0, 7, 0, 14]",0.008092880249023438,,,3.3424632064061637,,,
401752829,2025,3,regular,2025-09-13T23:00:00.000Z,False,True,False,False,60670,3832,"Memorial Stadium (Champaign, IL)",356,Illinois,fbs,Big Ten,38,"[3, 7, 14, 14]",0.9919793605804443,1642,1708,2711,Western Michigan,fbs,Mid-American,0,"[0, 0, 0, 0]",0.008020639419555664,1312,1246,2.477241590312125,,,
401767181,2025,3,regular,2025-09-13T23:00:00.000Z,False,True,False,True,,3603,Aggie Stadium,2448,North Carolina A&T,fcs,Coastal Athletic,33,"[3, 7, 0, 10, 7, 6]",0.2409917265176773,,,2261,Hampton,fcs,Coastal Athletic,30,"[7, 3, 7, 3, 7, 3]",0.7590082734823227,,,5.672955932447203,,,
401767639,2025,3,regular,2025-09-13T23:00:00.000Z,False,True,False,False,4372,3627,Bailey Memorial Stadium,2506,Presbyterian,fcs,Pioneer,42,"[14, 21, 7, 0]",0.9989946484565735,,,101784,Erskine,ii,Carolinas,14,"[0, 7, 7, 0]",0.0010053515434265137,,,2.692831066554325,,,
401767202,2025,3,regular,2025-09-13T23:00:00.000Z,False,True,False,False,4522,3710,Ernest W. Spangler Stadium,2241,Gardner-Webb,fcs,OVC-Big South,23,"[10, 7, 3, 3]",0.9008999466896057,,,2643,The Citadel,fcs,Southern,13,"[0, 0, 7, 6]",0.09910005331039429,,,2.6588677134928136,,,
401767159,2025,3,regular,2025-09-13T23:00:00.000Z,False,True,False,False,11702,3686,Cowboy Stadium,2377,McNeese,fcs,Southland,41,"[0, 7, 14, 20]",0.4478433132171631,,,2692,Weber State,fcs,Big Sky,42,"[7, 14, 7, 14]",0.5521566867828369,,,5.70388683233259,,,
401752700,2025,3,regular,2025-09-13T23:00:00.000Z,False,True,False,True,65068,3974,Vaught-Hemingway Stadium,145,Ole Miss,fbs,SEC,41,"[7, 24, 7, 3]",0.4054233729839325,1922,1918,8,Arkansas,fbs,SEC,35,"[7, 21, 0, 7]",0.5945766270160675,1674,1678,6.476053958073642,,,
401767305,2025,3,regular,2025-09-13T23:00:00.000Z,False,True,False,True,6374,3711,Estes Stadium,2110,Central Arkansas,fcs,UAC,10,"[0, 7, 0, 3]",0.0003099944442510605,,,2627,Tarleton State,fcs,UAC,56,"[21, 21, 7, 7]",0.9996900055557489,,,5.566104539523673,,,
401767544,2025,3,regular,2025-09-13T23:00:00.000Z,False,True,False,False,19213,5237,Dana J. Dykhouse Stadium,2571,South Dakota State,fcs,MVFC,37,"[14, 7, 10, 6]",0.9893985986709595,,,2181,Drake,fcs,Pioneer,21,"[7, 3, 8, 3]",0.010601401329040527,,,3.6317359645577563,,,
401767285,2025,3,regular,2025-09-13T23:00:00.000Z,False,True,False,False,9739,4133,Braly Municipal Stadium,2453,North Alabama,fcs,UAC,49,"[14, 23, 9, 3]",1,,,196,Northeastern State,ii,Independent DII,21,"[0, 8, 13, 0]",0,,,2.3086465069222117,,,
401752699,2025,3,regular,2025-09-13T23:30:00.000Z,False,True,False,True,102158,3958,Tiger Stadium (LA),99,LSU,fbs,SEC,20,"[0, 13, 7, 0]",0.9602018594741821,1735,1747,57,Florida,fbs,SEC,10,"[3, 7, 0, 0]",0.03979814052581787,1668,1656,4.803348735160815,,,
401757257,2025,3,regular,2025-09-13T23:30:00.000Z,False,True,False,True,60229,3776,Joe Aillet Stadium,2348,Louisiana Tech,fbs,Conference USA,49,"[10, 17, 0, 22]",0.9931659698486328,1392,1471,166,New Mexico State,fbs,Conference USA,14,"[0, 14, 0, 0]",0.0068340301513671875,1244,1165,2.632393593303924,,,
401752830,2025,3,regular,2025-09-13T23:30:00.000Z,False,True,False,False,69250,3793,Kinnick Stadium,2294,Iowa,fbs,Big Ten,47,"[20, 10, 10, 7]",0.9895370602607727,1680,1723,113,Massachusetts,fbs,Mid-American,7,"[0, 7, 0, 0]",0.010462939739227295,1101,1058,1.7656731380714883,,,
401774336,2025,3,regular,2025-09-13T23:30:00.000Z,False,True,False,False,,5910,Callaway Stadium,548,LaGrange,iii,USA South,0,"[0, 0, 0, 0]",,,,2757,Berry,iii,Southern Athletic,48,"[8, 20, 20, 0]",,,,,,,
401752698,2025,3,regular,2025-09-13T23:30:00.000Z,False,True,False,False,58489,3683,Kroger Field,96,Kentucky,fbs,SEC,48,"[14, 14, 10, 10]",0.9919674396514893,1524,1557,2199,Eastern Michigan,fbs,Mid-American,23,"[3, 13, 0, 7]",0.008032560348510742,1253,1220,3.1385967464938243,,,
401752707,2025,3,regular,2025-09-13T23:30:00.000Z,False,True,False,False,77622,3855,Notre Dame Stadium,87,Notre Dame,fbs,FBS Independents,40,"[14, 10, 7, 9]",0.14940443634986877,2166,2141,245,Texas A&M,fbs,SEC,41,"[7, 21, 3, 10]",0.8505955636501312,1724,1749,8.103345635698446,,,
401761604,2025,3,regular,2025-09-13T23:30:00.000Z,False,True,False,False,21634,3654,Brooks Stadium (SC),324,Coastal Carolina,fbs,Sun Belt,0,"[0, 0, 0, 0]",0,1262,1172,151,East Carolina,fbs,American Athletic,38,"[10, 0, 7, 21]",1,1429,1519,3.8528115010189783,,,
401752704,2025,3,regular,2025-09-13T23:45:00.000Z,False,True,False,True,79873,3994,Williams-Brice Stadium,2579,South Carolina,fbs,SEC,7,"[7, 0, 0, 0]",0.015361112542450428,1729,1645,238,Vanderbilt,fbs,SEC,31,"[7, 7, 7, 10]",0.9846388874575496,1570,1654,4.458445004730975,,,
401767071,2025,3,regular,2025-09-14T00:00:00.000Z,False,True,False,False,,1027,Alex G. Spanos Stadium,13,Cal Poly,fcs,Big Sky,56,"[14, 21, 7, 14]",0.989151120185852,,,2848,Western Oregon,ii,Lone Star,7,"[0, 0, 7, 0]",0.01084887981414795,,,2.6800972024109586,,,
401778030,2025,3,regular,2025-09-14T00:00:00.000Z,False,True,False,False,,6145,Blue Jay Stadium,433,Westminster (MO),iii,Upper Midwest,29,"[7, 19, 3, 0]",,,,101,Eureka,iii,NACC,6,"[0, 0, 6, 0]",,,,,,,
401773581,2025,3,regular,2025-09-14T00:00:00.000Z,False,True,False,True,,3633,Ben Altamirano Field,2703,Western New Mexico,ii,Lone Star,27,"[7, 0, 13, 7]",,,,2704,West Texas,ii,Lone Star,58,"[21, 21, 13, 3]",,,,,,,
401773536,2025,3,regular,2025-09-14T00:00:00.000Z,False,True,False,True,,5938,Al Whitehead Field at Greyhound Stadium,2201,Eastern New Mexico,ii,Lone Star,20,[],,,,2025,Angelo State,ii,Lone Star,31,[],,,,,,,
401767524,2025,3,regular,2025-09-14T00:00:00.000Z,False,True,False,False,3102,3756,Homer Bryce Stadium,2617,Stephen F. Austin,fcs,Southland,63,"[21, 35, 7, 0]",0.9896548390388489,,,2834,Sul Ross State,ii,Lone Star,0,"[0, 0, 0, 0]",0.010345160961151123,,,2.0346297466152548,,,
401773385,2025,3,regular,2025-09-14T00:00:00.000Z,False,True,False,True,,6065,Cliff Harris Stadium,2888,Ouachita Baptist,ii,Great American,41,"[10, 10, 7, 14]",,,,199,Southeastern Oklahoma State,ii,Great American,21,"[7, 7, 7, 0]",,,,,,,
401773880,2025,3,regular,2025-09-14T00:00:00.000Z,False,True,False,True,,5880,Elliott Field at Don Beebe Stadium,2123,Chadron State,ii,Rocky Mountain,31,"[14, 14, 0, 3]",,,,2069,Black Hills State,ii,Rocky Mountain,28,"[0, 7, 7, 14]",,,,,,,
401754534,2025,3,regular,2025-09-14T00:00:00.000Z,False,True,False,False,30000,4729,Yulman Stadium,2655,Tulane,fbs,American Athletic,34,"[14, 10, 7, 3]",1,1642,1642,150,Duke,fbs,ACC,27,"[0, 9, 7, 11]",0,1462,1462,3.00333564937811,,,
401767527,2025,3,regular,2025-09-14T00:00:00.000Z,False,True,False,False,12552,6006,Robert and Janet Vackar Stadium,292,UT Rio Grande Valley,fcs,Southland,80,"[21, 31, 21, 7]",1,,,2324,Langston,,,0,"[0, 0, 0, 0]",0,,,3.1121907340288226,,,
401773614,2025,3,regular,2025-09-14T00:00:00.000Z,False,True,False,True,,5890,Lewis Field Stadium,2231,Fort Hays,ii,Mid America,26,"[7, 10, 6, 3]",,,,2438,Nebraska Kearney,ii,Mid America,7,"[0, 0, 0, 7]",,,,,,,
401773370,2025,3,regular,2025-09-14T00:00:00.000Z,False,True,False,True,,6064,Crain Family Stadium,319,Oklahoma Baptist,ii,Great American,14,"[0, 7, 0, 7]",,,,2271,Henderson State,ii,Great American,28,"[14, 7, 7, 0]",,,,,,,
401762465,2025,3,regular,2025-09-14T00:00:00.000Z,False,True,False,True,20103,3674,Chapman Stadium,202,Tulsa,fbs,American Athletic,23,"[14, 3, 0, 6]",0.055036623030900955,1043,1046,2426,Navy,fbs,American Athletic,42,"[7, 14, 14, 7]",0.944963376969099,1553,1550,4.787999254795146,,,
401756894,2025,3,regular,2025-09-14T00:00:00.000Z,False,True,False,False,48094,3616,Amon G. Carter Stadium,2628,TCU,fbs,Big 12,42,"[14, 14, 7, 7]",0.6292220950126648,1726,1726,2000,Abilene Christian,fcs,UAC,21,"[0, 0, 9, 12]",0.3707779049873352,,,2.1478550419011553,,,
401777167,2025,3,regular,2025-09-14T00:00:00.000Z,False,True,False,False,,6118,Birkelbach Field,2588,Southwestern U,iii,Southern Athletic,51,"[7, 28, 9, 7]",,,,2508,Puget Sound,iii,Northwest,43,"[6, 0, 7, 30]",,,,,,,
401756895,2025,3,regular,2025-09-14T00:00:00.000Z,False,True,False,False,23500,3984,War Memorial Stadium,2751,Wyoming,fbs,Mountain West,6,"[0, 0, 0, 6]",0,1377,1339,254,Utah,fbs,Big 12,31,"[3, 0, 14, 14]",1,1630,1668,3.6670493757129026,,,
401762463,2025,3,regular,2025-09-14T00:30:00.000Z,False,True,False,False,17823,7221,Protective Stadium,5,UAB,fbs,American Athletic,31,"[14, 17, 0, 0]",0.2481190413236618,1309,1307,2006,Akron,fbs,Mid-American,28,"[17, 3, 0, 8]",0.7518809586763382,1058,1060,4.763485619363661,,,
401767113,2025,3,regular,2025-09-14T00:30:00.000Z,False,True,False,False,3084,3706,Eccles Coliseum,253,Southern Utah,fcs,UAC,49,"[7, 7, 14, 21]",,,,2464,Northern Arizona,fcs,Big Sky,52,"[7, 7, 28, 10]",,,,,,,
401767131,2025,3,regular,2025-09-14T01:00:00.000Z,False,True,False,False,12231,3757,Hornet Stadium,16,Sacramento State,fcs,Big Sky,49,"[7, 14, 7, 21]",0.9973452091217041,,,2385,Mercyhurst,fcs,NEC,28,"[10, 8, 7, 3]",0.0026547908782958984,,,5.184935844014621,,,
401760368,2025,3,regular,2025-09-14T01:45:00.000Z,False,True,False,True,17124,3905,Maverik Stadium,328,Utah State,fbs,Mountain West,49,"[7, 7, 21, 14]",0.9948674440383911,1394,1442,2005,Air Force,fbs,Mountain West,30,"[0, 10, 6, 14]",0.005132555961608887,1438,1390,4.81997204774554,,,
401760369,2025,3,regular,2025-09-14T02:00:00.000Z,False,True,False,False,37210,3660,Valley Children's Stadium,278,Fresno State,fbs,Mountain West,56,"[14, 21, 7, 14]",0.9841591715812683,1458,1458,2582,Southern,fcs,SWAC,7,"[0, 7, 0, 0]",0.01584082841873169,,,2.7328645123792015,,,
401756889,2025,3,regular,2025-09-14T02:30:00.000Z,False,True,False,False,54005,3947,Mountain America Stadium,9,Arizona State,fbs,Big 12,34,"[3, 17, 14, 0]",0.8866621851921082,1688,1725,326,Texas State,fbs,Sun Belt,15,"[3, 0, 6, 6]",0.11333781480789185,1627,1590,3.280185399518363,,,
401752840,2025,3,regular,2025-09-14T02:30:00.000Z,False,True,False,False,38556,3831,California Memorial Stadium,25,California,fbs,ACC,27,"[7, 3, 7, 10]",0.8893956542015076,1554,1586,135,Minnesota,fbs,Big Ten,14,"[0, 7, 7, 0]",0.11060434579849243,1625,1593,5.165404689795862,,,
401754533,2025,3,regular,2025-09-14T02:30:00.000Z,False,True,False,True,22162,3940,Stanford Stadium,24,Stanford,fbs,ACC,30,"[6, 14, 7, 3]",0.9348934888839722,1260,1296,103,Boston College,fbs,ACC,20,"[0, 20, 0, 0]",0.06510651111602783,1506,1470,4.314606342621533,,,
401760370,2025,3,regular,2025-09-14T03:59:00.000Z,False,True,False,False,11936,7220,Clarence T.C. Ching Athletics Complex,62,Hawai'i,fbs,Mountain West,23,"[0, 14, 3, 6]",0.9712616205215454,1220,1220,2502,Portland State,fcs,Big Sky,3,"[0, 0, 3, 0]",0.02873837947845459,,,3.47505583467685,,,
401773988,2025,4,regular,2025-09-18T23:00:00.000Z,False,True,False,True,,5875,Charlie W. Johnson Stadium,490,Benedict,ii,SIAC,45,"[7, 21, 3, 14]",,,,2657,Tuskegee,ii,SIAC,24,"[14, 3, 0, 7]",,,,,,,
401762468,2025,4,regular,2025-09-18T23:30:00.000Z,False,True,False,True,13397,4418,Jerry Richardson Stadium,2429,Charlotte,fbs,American Athletic,17,"[3, 6, 0, 8]",0.13469073176383972,1200,1183,242,Rice,fbs,American Athletic,28,"[7, 7, 7, 7]",0.8653092682361603,1271,1288,4.3486835794294665,,,
401773708,2025,4,regular,2025-09-19T22:00:00.000Z,False,True,False,True,,3848,Multi-Sport Stadium,2038,Assumption,ii,Northeast 10,30,"[9, 7, 0, 14]",,,,2830,Saint Anselm,ii,Northeast 10,8,"[0, 8, 0, 0]",,,,,,,
401767679,2025,4,regular,2025-09-19T22:00:00.000Z,False,True,False,False,4206,3721,Fisher Field,322,Lafayette,fcs,Patriot,38,"[10, 7, 14, 7]",0.9891753196716309,,,171,Columbia,fcs,Ivy,14,"[7, 7, 0, 0]",0.01082468032836914,,,3.7860429243433362,,,
401756900,2025,4,regular,2025-09-19T23:30:00.000Z,False,True,False,False,48842,3646,Boone Pickens Stadium,197,Oklahoma State,fbs,Big 12,12,"[3, 0, 0, 9]",0.16373471915721893,1202,1176,202,Tulsa,fbs,American Athletic,19,"[10, 6, 3, 0]",0.8362652808427811,1046,1072,4.265337484404841,,,
401752844,2025,4,regular,2025-09-20T00:00:00.000Z,False,True,False,True,55942,6577,SHI Stadium,164,Rutgers,fbs,Big Ten,28,"[14, 7, 0, 7]",0.03705144301056862,1593,1583,2294,Iowa,fbs,Big Ten,38,"[14, 7, 0, 17]",0.9629485569894314,1723,1733,6.504062292308946,,,
401774435,2025,4,regular,2025-09-20T16:00:00.000Z,False,True,False,False,,5786,Sprankle-Sprandel Stadium,2790,Albion,iii,Michigan,25,"[3, 7, 12, 3]",,,,86,Rose Hulman,iii,Heartland,17,"[0, 3, 7, 7]",,,,,,,
401754537,2025,4,regular,2025-09-20T16:00:00.000Z,False,True,False,True,80225,3836,"Memorial Stadium (Clemson, SC)",228,Clemson,fbs,ACC,21,"[7, 7, 0, 7]",0.03948278725147247,1693,1642,183,Syracuse,fbs,ACC,34,"[10, 14, 10, 0]",0.9605172127485275,1484,1535,4.317694278621441,,,
401777981,2025,4,regular,2025-09-20T16:00:00.000Z,False,True,False,True,,6066,Pace Stadium,2487,Pace,ii,Northeast 10,19,"[7, 0, 6, 6]",,,,126086,Post,ii,Northeast 10,27,"[0, 14, 0, 13]",,,,,,,
401777997,2025,4,regular,2025-09-20T16:00:00.000Z,False,True,False,False,,3920,Schmidt Stadium,398,Wilkes,iii,Landmark Conference,18,"[3, 0, 7, 8]",,,,2422,Muhlenberg,iii,Centennial,26,"[7, 13, 0, 6]",,,,,,,
401783915,2025,4,regular,2025-09-20T16:00:00.000Z,False,True,False,True,,5808,Edward C. Swenson Athletic Complex,18,Bridgewater State,iii,MSCAC,21,"[7, 0, 0, 14]",,,,2972,Plymouth State,iii,MSCAC,42,"[7, 14, 7, 14]",,,,,,,
401786376,2025,4,regular,2025-09-20T16:00:00.000Z,False,True,False,True,,3819,Bowditch Field,2967,Framingham State,iii,MSCAC,14,"[0, 14, 0, 0]",,,,379,UMass Dartmouth,iii,MSCAC,10,"[0, 10, 0, 0]",,,,,,,
401773811,2025,4,regular,2025-09-20T16:00:00.000Z,False,True,False,True,,4436,Adamson Stadium,2858,California (PA),ii,Pennsylvania State Athletic,42,"[14, 21, 0, 7]",,,,209,Lock Haven,ii,Pennsylvania State Athletic,6,"[0, 6, 0, 0]",,,,,,,
401773144,2025,4,regular,2025-09-20T16:00:00.000Z,False,True,False,False,,4015,Barron Stadium,2560,Shorter,ii,Carolinas,57,"[14, 34, 0, 9]",,,,2355,Virginia Lynchburg,,,20,"[0, 6, 7, 7]",,,,,,,
401752845,2025,4,regular,2025-09-20T16:00:00.000Z,False,True,False,True,68547,347,Camp Randall Stadium,275,Wisconsin,fbs,Big Ten,10,"[0, 0, 3, 7]",0.16352635622024536,1591,1543,120,Maryland,fbs,Big Ten,27,"[7, 13, 0, 7]",0.8364736437797546,1526,1574,3.246110005059111,,,
401756901,2025,4,regular,2025-09-20T16:00:00.000Z,False,True,False,True,52236,587,Rice-Eccles Stadium,254,Utah,fbs,Big 12,10,"[0, 3, 0, 7]",0.04007043316960335,1668,1607,2641,Texas Tech,fbs,Big 12,34,"[7, 3, 0, 24]",0.9599295668303967,1690,1751,5.001086331842076,,,
401754642,2025,4,regular,2025-09-20T16:00:00.000Z,False,True,False,False,49482,3873,L&N Federal Credit Union Stadium,97,Louisville,fbs,ACC,40,"[7, 14, 9, 10]",0.9894548654556274,1727,1755,189,Bowling Green,fbs,Mid-American,17,"[3, 0, 0, 14]",0.010545134544372559,1456,1428,3.18187023671258,,,
401773504,2025,4,regular,2025-09-20T16:00:00.000Z,False,True,False,True,,3747,Hantz Stadium,2886,Northwood,ii,Great Midwest Athletic,10,"[3, 7, 0, 0]",,,,2646,Thomas More,ii,Great Midwest Athletic,6,"[0, 3, 3, 0]",,,,,,,
401752708,2025,4,regular,2025-09-20T16:00:00.000Z,False,True,False,False,39861,3805,Simmons Bank Liberty Stadium,235,Memphis,fbs,American Athletic,32,"[10, 7, 9, 6]",0.8126097321510315,1658,1659,8,Arkansas,fbs,SEC,31,"[7, 21, 3, 0]",0.1873902678489685,1678,1677,7.031627542435475,,,
401754636,2025,4,regular,2025-09-20T16:00:00.000Z,False,True,False,False,43333,3616,Amon G. Carter Stadium,2628,TCU,fbs,Big 12,35,"[7, 7, 7, 14]",0.948393702507019,1713,1733,2567,SMU,fbs,ACC,24,"[3, 7, 7, 7]",0.05160629749298096,1711,1691,5.107027581915229,,,
401783331,2025,4,regular,2025-09-20T16:00:00.000Z,False,True,False,True,,5127,Gene L. Shirk Stadium,2015,Albright,iii,Mid Atlantic,28,"[14, 0, 7, 7]",,,,2808,Delaware Valley,iii,Mid Atlantic,35,"[7, 14, 7, 7]",,,,,,,
401773835,2025,4,regular,2025-09-20T16:00:00.000Z,False,True,False,True,,4432,Andre Reed Stadium,2315,Kutztown,ii,Pennsylvania State Athletic,46,"[15, 10, 14, 7]",,,,367,Gannon,ii,Pennsylvania State Athletic,7,"[0, 7, 0, 0]",,,,,,,
401774220,2025,4,regular,2025-09-20T16:00:00.000Z,False,True,False,False,,6092,Bishop Stadium,286,North Carolina Wesleyan,iii,USA South,0,"[0, 0, 0, 0]",,,,2553,Sewanee,iii,Southern Athletic,33,"[12, 14, 7, 0]",,,,,,,
401773510,2025,4,regular,2025-09-20T16:00:00.000Z,False,True,False,True,,3870,Panther Stadium (OH),2477,Ohio Dominican,ii,Great Midwest Athletic,20,"[3, 3, 7, 7]",,,,2838,Tiffin,ii,Great Midwest Athletic,14,"[0, 0, 7, 7]",,,,,,,
401774013,2025,4,regular,2025-09-20T16:00:00.000Z,False,True,False,False,245,3762,Hughes Stadium,2415,Morgan State,fcs,MEAC,27,"[6, 14, 0, 7]",0.9525499939918518,,,2119,Central State,ii,SIAC,0,"[0, 0, 0, 0]",0.04745000600814819,,,3.0143385596712906,,,
401754617,2025,4,regular,2025-09-20T16:00:00.000Z,False,True,False,False,57229,3799,Lane Stadium,259,Virginia Tech,fbs,ACC,38,"[7, 14, 10, 7]",1,1449,1449,2747,Wofford,fcs,Southern,6,"[0, 3, 0, 3]",0,,,2.2832560051662276,,,
401767726,2025,4,regular,2025-09-20T16:00:00.000Z,False,True,False,False,4469,3997,Yale Bowl,43,Yale,fcs,Ivy,28,"[7, 0, 14, 7]",0.9672865867614746,,,107,Holy Cross,fcs,Patriot,10,"[0, 0, 3, 7]",0.03271341323852539,,,3.646477659421904,,,
401783302,2025,4,regular,2025-09-20T16:00:00.000Z,False,True,False,False,,6143,Golden Bear Stadium,2702,Western New England,iii,Commonwealth Coast,48,"[3, 17, 14, 14]",,,,402,Worcester State,iii,MSCAC,13,"[0, 7, 0, 6]",,,,,,,
401774132,2025,4,regular,2025-09-20T16:00:00.000Z,False,True,False,False,,5638,Dave Wolk Stadium,293,Vermont State Castleton,iii,New Jersey,8,"[0, 0, 0, 8]",,,,111675,New England,iii,Commonwealth Coast,35,"[15, 10, 7, 3]",,,,,,,
401774337,2025,4,regular,2025-09-20T16:00:00.000Z,False,True,False,False,,5814,Gesling Stadium,2102,Carnegie Mellon,iii,Presidents',17,"[3, 7, 7, 0]",,,,2757,Berry,iii,Southern Athletic,9,"[0, 3, 0, 6]",,,,,,,
401777004,2025,4,regular,2025-09-20T16:00:00.000Z,False,True,False,False,,5845,Elliot Field Athletic Complex,114,Fitchburg State,iii,MSCAC,48,"[14, 27, 7, 0]",,,,131108,New England College,,,0,"[0, 0, 0, 0]",,,,,,,
401773260,2025,4,regular,2025-09-20T16:00:00.000Z,False,True,False,False,,5857,Gordon Wood Stadium,2758,Howard Payne,iii,American Southwest,18,"[3, 0, 7, 8]",,,,630,Wayland Baptist,,,21,"[7, 7, 7, 0]",,,,,,,
401773288,2025,4,regular,2025-09-20T16:00:00.000Z,False,True,False,False,,5831,Dale Lippert Field,110438,Dean,iii,MSCAC,6,"[0, 6, 0, 0]",,,,2909,Westfield State,iii,MSCAC,48,"[7, 13, 14, 14]",,,,,,,
401774112,2025,4,regular,2025-09-20T16:00:00.000Z,False,True,False,False,,6107,ECAV Stadium,2528,Rensselaer,iii,Liberty League,30,"[0, 10, 7, 7, 6]",,,,2781,Brockport,iii,Empire 8,24,"[7, 3, 0, 14, 0]",,,,,,,
401762469,2025,4,regular,2025-09-20T16:00:00.000Z,False,True,False,True,28446,3841,Michie Stadium,349,Army,fbs,American Athletic,38,"[7, 7, 7, 17, 0]",0.514945387840271,1615,1599,249,North Texas,fbs,American Athletic,45,"[21, 7, 3, 7, 7]",0.485054612159729,1585,1601,5.938978446833998,,,
401774199,2025,4,regular,2025-09-20T16:00:00.000Z,False,True,False,False,,4463,Crusader Stadium,2371,Mary Hardin Baylor,iii,American Southwest,6,"[0, 6, 0, 0]",,,,2745,Wisconsin Whitewater,iii,Wisconsin,26,"[7, 6, 13, 0]",,,,,,,
401800975,2025,4,regular,2025-09-20T16:00:00.000Z,False,True,False,False,,3709,Hempstead Stadium,452,Endicott,iii,Commonwealth Coast,41,"[7, 21, 0, 13]",,,,2951,SUNY Maritime,iii,NEWMAC,7,"[0, 0, 7, 0]",,,,,,,
401767551,2025,4,regular,2025-09-20T16:00:00.000Z,False,True,False,False,3349,3656,Brown Stadium,225,Brown,fcs,Ivy,46,"[14, 18, 7, 7]",0.9810868501663208,,,46,Georgetown,fcs,Patriot,0,"[0, 0, 0, 0]",0.0189131498336792,,,2.0593078855992704,,,
401767644,2025,4,regular,2025-09-20T16:00:00.000Z,False,True,False,False,3656,3881,Princeton University Stadium,163,Princeton,fcs,Ivy,35,"[21, 14, 0, 0]",0.0852823257446289,,,301,San Diego,fcs,Pioneer,42,"[0, 21, 0, 21]",0.9147176742553711,,,4.147653209206007,,,
401762470,2025,4,regular,2025-09-20T16:00:00.000Z,False,True,False,False,28461,3886,Raymond James Stadium,58,South Florida,fbs,American Athletic,63,"[7, 14, 35, 7]",0.9685367941856384,1477,1477,2569,South Carolina State,fcs,MEAC,14,"[0, 7, 0, 7]",0.03146320581436157,,,2.56000165452392,,,
401760376,2025,4,regular,2025-09-20T16:00:00.000Z,False,True,False,False,12625,3996,Yager Stadium,193,Miami (OH),fbs,Mid-American,38,"[14, 10, 14, 0]",0.25967973470687866,1422,1430,2439,UNLV,fbs,Mountain West,41,"[0, 10, 14, 17]",0.7403202652931213,1630,1622,6.068854680783486,,,
401778034,2025,4,regular,2025-09-20T16:30:00.000Z,False,True,False,False,,5802,Belhaven Bowl Stadium,2056,Belhaven,iii,USA South,0,"[0, 0, 0, 0]",,,,2723,Wisconsin River Falls,iii,Wisconsin,65,"[7, 28, 16, 14]",,,,,,,
401774399,2025,4,regular,2025-09-20T16:30:00.000Z,False,True,False,False,,6100,Cutler Field,354,Olivet,iii,Michigan,28,"[14, 7, 0, 7]",,,,2074,Bluffton,iii,Heartland,37,"[7, 14, 10, 6]",,,,,,,
401752715,2025,4,regular,2025-09-20T16:45:00.000Z,False,True,False,False,101915,3853,Neyland Stadium,2633,Tennessee,fbs,SEC,56,"[21, 21, 14, 0]",0.9989473819732666,1809,1838,5,UAB,fbs,American Athletic,24,"[0, 7, 10, 7]",0.0010526180267333984,1307,1278,2.4876261409806415,,,
401777078,2025,4,regular,2025-09-20T17:00:00.000Z,False,True,False,True,,3640,Blackstock Stadium,83,DePauw,iii,North Coast,35,"[7, 7, 7, 14]",,,,352,Kenyon,iii,North Coast,14,"[7, 0, 7, 0]",,,,,,,
401767258,2025,4,regular,2025-09-20T17:00:00.000Z,False,True,False,True,4200,5389,Kessler Stadium,2405,Monmouth,fcs,Coastal Athletic,51,"[17, 14, 14, 6]",1,,,222,Villanova,fcs,Coastal Athletic,33,"[7, 7, 13, 6]",0,,,3.1546044760705363,,,
401774005,2025,4,regular,2025-09-20T17:00:00.000Z,False,True,False,True,,6056,B.T. Harvey Stadium,60,Morehouse,ii,SIAC,17,"[0, 10, 0, 7]",,,,2310,Kentucky State,ii,SIAC,35,"[14, 14, 0, 7]",,,,,,,
401767640,2025,4,regular,2025-09-20T17:00:00.000Z,False,True,False,False,3930,3627,Bailey Memorial Stadium,2506,Presbyterian,fcs,Pioneer,76,"[27, 30, 16, 3]",0.9930024743080139,,,495,BLUEFIELD,,,3,"[0, 3, 0, 0]",0.006997525691986084,,,2.219230248430018,,,
401773669,2025,4,regular,2025-09-20T17:00:00.000Z,False,True,False,True,,5943,Duvall-Rosier Field,2986,Fairmont State,ii,Mountain East,28,"[7, 7, 7, 7]",,,,112335,Wheeling,ii,Mountain East,35,"[0, 7, 20, 8]",,,,,,,
401767772,2025,4,regular,2025-09-20T17:00:00.000Z,False,True,False,False,3800,6075,W.B. Mason Stadium,284,Stonehill,fcs,NEC,21,"[7, 0, 0, 14]",0.4273092448711395,,,219,Pennsylvania,fcs,Ivy,24,"[14, 7, 0, 3]",0.5726907551288605,,,4.791269491079677,,,
401776985,2025,4,regular,2025-09-20T17:00:00.000Z,False,True,False,True,,3621,Arnold Field (PA),388,Lebanon Valley,iii,Mid Atlantic,24,"[0, 7, 7, 10]",,,,127954,Eastern,iii,Mid Atlantic,21,"[7, 7, 7, 0]",,,,,,,
401777198,2025,4,regular,2025-09-20T17:00:00.000Z,False,True,False,False,,5863,Don Shula Stadium at Wasmer Field,2302,John Carroll,iii,Ohio,63,"[21, 21, 21, 0]",,,,391,Oberlin,iii,North Coast,0,"[0, 0, 0, 0]",,,,,,,
401773491,2025,4,regular,2025-09-20T17:00:00.000Z,False,True,False,False,5467,6058,Ralph F. DellaCamera Stadium,2441,New Haven,fcs,NEC,35,"[14, 21, 0, 0]",0.18805962800979614,,,129,Saginaw Valley State,ii,GLIAC,28,"[0, 14, 7, 7]",0.8119403719902039,,,3.131647419952423,,,
401783339,2025,4,regular,2025-09-20T17:00:00.000Z,False,True,False,True,,5791,Turf Field,111674,Alvernia,iii,Mid Atlantic,13,"[0, 0, 7, 6]",,,,471,Stevenson,iii,Mid Atlantic,35,"[7, 14, 14, 0]",,,,,,,
401778015,2025,4,regular,2025-09-20T17:00:00.000Z,False,True,False,False,,6150,Wightman Stadium,2970,William Paterson,iii,New Jersey,12,"[3, 0, 0, 9]",,,,2776,Salve Regina,iii,NEWMAC,24,"[3, 7, 14, 0]",,,,,,,
401777991,2025,4,regular,2025-09-20T17:00:00.000Z,False,True,False,False,,5925,David Person Field,2354,Lycoming,iii,Landmark Conference,29,"[14, 0, 0, 15]",,,,2175,Dickinson,iii,Centennial,52,"[10, 21, 7, 14]",,,,,,,
401777229,2025,4,regular,2025-09-20T17:00:00.000Z,False,True,False,True,,5896,Lewis C. Everett Stadium,297,Hampden Sydney,iii,Old Dominion,42,"[21, 7, 7, 7]",,,,2828,Shenandoah,iii,Old Dominion,7,"[0, 7, 0, 0]",,,,,,,
401774141,2025,4,regular,2025-09-20T17:00:00.000Z,False,True,False,False,,6142,Westside Athletic Complex,2843,Western Connecticut State,iii,Landmark Conference,55,"[14, 21, 3, 17]",,,,2248,Gettysburg,iii,Centennial,21,"[7, 7, 0, 7]",,,,,,,
401774074,2025,4,regular,2025-09-20T17:00:00.000Z,False,True,False,False,,6124,Amos Alonzo Stagg Field (PA),216,Susquehanna,iii,Landmark Conference,22,"[7, 0, 0, 15]",,,,118,Johns Hopkins,iii,Centennial,40,"[3, 14, 16, 7]",,,,,,,
401774064,2025,4,regular,2025-09-20T17:00:00.000Z,False,True,False,False,,7077,Shadek Stadium,2234,Franklin & Marshall,iii,Centennial,42,"[14, 14, 7, 7]",,,,2108,Catholic,iii,Landmark Conference,7,"[0, 0, 0, 7]",,,,,,,
401774059,2025,4,regular,2025-09-20T17:00:00.000Z,False,True,False,False,,5856,Boswell Field at David J. Urick Stadium,174,Hobart,iii,Liberty League,20,"[13, 0, 0, 7]",,,,390,Utica,iii,Empire 8,17,"[0, 14, 3, 0]",,,,,,,
401773918,2025,4,regular,2025-09-20T17:00:00.000Z,False,True,False,True,,6046,Meares Stadium,2369,Mars Hill,ii,South Atlantic,21,"[7, 7, 0, 7]",,,,129469,Anderson (SC),ii,South Atlantic,14,"[0, 0, 7, 7]",,,,,,,
401773820,2025,4,regular,2025-09-20T17:00:00.000Z,False,True,False,True,,4437,"Memorial Stadium (Clarion, PA)",2134,Clarion,ii,Pennsylvania State Athletic,51,"[3, 21, 24, 3]",,,,2974,Shepherd,ii,Pennsylvania State Athletic,38,"[7, 17, 7, 7]",,,,,,,
401773744,2025,4,regular,2025-09-20T17:00:00.000Z,False,True,False,True,,3606,Scheels Field at Nemzek Stadium,2817,Minnesota St Moorhead,ii,Northern Sun,17,"[0, 3, 0, 14]",,,,2844,Wayne State (NE),ii,Northern Sun,27,"[17, 7, 0, 3]",,,,,,,
401773697,2025,4,regular,2025-09-20T17:00:00.000Z,False,True,False,True,,5784,Cebe Ross Field,455,West Virginia Wesleyan,ii,Mountain East,16,"[0, 7, 9, 0]",,,,2707,West Virginia State,ii,Mountain East,45,"[7, 17, 14, 7]",,,,,,,
401773678,2025,4,regular,2025-09-20T17:00:00.000Z,False,True,False,True,,3642,Bobcat Stadium (MD),341,Frostburg State,ii,Mountain East,21,"[0, 7, 0, 14]",,,,2699,West Liberty,ii,Mountain East,7,"[0, 7, 0, 0]",,,,,,,
401766668,2025,4,regular,2025-09-20T17:00:00.000Z,False,True,False,True,,6131,Jessee/Miller Field,2977,Trinity (CT),iii,NESCAC,30,"[13, 7, 7, 3]",,,,121,Bates,iii,NESCAC,13,"[0, 0, 6, 7]",,,,,,,
401767672,2025,4,regular,2025-09-20T17:00:00.000Z,False,True,False,True,2581,3617,Andy Kerr Stadium,2142,Colgate,fcs,Patriot,44,"[14, 16, 7, 7]",0.9693341851234436,,,2230,Fordham,fcs,Patriot,21,"[14, 7, 0, 0]",0.030665814876556396,,,4.3618283471899,,,
401774183,2025,4,regular,2025-09-20T17:00:00.000Z,False,True,False,False,,5911,Ralph E. Davis Pioneer Stadium,272,Wisconsin Platteville,iii,Wisconsin,28,"[0, 28, 0, 0]",,,,81,Springfield,iii,NEWMAC,12,"[0, 0, 9, 3]",,,,,,,
401773605,2025,4,regular,2025-09-20T17:00:00.000Z,False,True,False,True,,6057,Ron & Carol Cope Stadium at Foster Field,2438,Nebraska Kearney,ii,Mid America,34,"[7, 13, 7, 7]",,,,2214,Emporia State,ii,Mid America,20,"[7, 6, 7, 0]",,,,,,,
401773453,2025,4,regular,2025-09-20T17:00:00.000Z,False,True,False,True,,3950,Superior Dome,128,Northern Michigan,ii,GLIAC,16,"[3, 7, 6, 0]",,,,110254,Davenport,ii,GLIAC,35,"[0, 21, 0, 14]",,,,,,,
401773937,2025,4,regular,2025-09-20T17:00:00.000Z,False,True,False,True,,3663,Burke-Tarr Stadium,2105,Carson Newman,ii,South Atlantic,24,"[0, 7, 7, 10]",,,,2331,Lenoir Rhyne,ii,South Atlantic,7,"[0, 0, 7, 0]",,,,,,,
401774053,2025,4,regular,2025-09-20T17:00:00.000Z,False,True,False,False,,6134,Frank Bailey Field,237,Union,iii,Liberty League,31,"[7, 7, 3, 14]",,,,3110,SUNY Morrisville,iii,Empire 8,7,"[0, 7, 0, 0]",,,,,,,
401773498,2025,4,regular,2025-09-20T17:00:00.000Z,False,True,False,True,,5263,Steele Stadium,2316,Kentucky Wesleyan,ii,Great Midwest Athletic,7,"[0, 0, 0, 7]",,,,2682,Walsh,ii,Great Midwest Athletic,31,"[14, 3, 7, 7]",,,,,,,
401774415,2025,4,regular,2025-09-20T17:00:00.000Z,False,True,False,False,,5790,Bahlke Field,2800,Alma,iii,Michigan,23,"[3, 0, 17, 3]",,,,2262,Hanover,iii,Heartland,24,"[0, 10, 0, 14]",,,,,,,
401762822,2025,4,regular,2025-09-20T17:00:00.000Z,False,True,False,False,18787,3786,Kelly/Shorts Stadium,2117,Central Michigan,fbs,Mid-American,49,"[14, 21, 14, 0]",0.9925546050071716,1069,1069,2681,Wagner,fcs,NEC,10,"[0, 3, 0, 7]",0.007445394992828369,,,2.359798098679042,,,
401773297,2025,4,regular,2025-09-20T17:00:00.000Z,False,True,False,False,,6113,Leckonby Stadium,2779,St. Lawrence,iii,Liberty League,13,"[3, 3, 0, 7]",,,,365,Alfred,iii,Empire 8,35,"[7, 7, 14, 7]",,,,,,,
401774430,2025,4,regular,2025-09-20T17:00:00.000Z,False,True,False,False,,3755,Ray and Sue Smith Stadium,2812,Hope,iii,Michigan,31,"[0, 28, 0, 3]",,,,2419,Mount St Joseph,iii,Heartland,28,"[7, 0, 7, 14]",,,,,,,
401773066,2025,4,regular,2025-09-20T17:00:00.000Z,False,True,False,True,,3649,Bowman Gray Stadium,2736,Winston-Salem State,ii,CIAA,33,"[7, 6, 7, 13]",,,,330,Virginia State,ii,CIAA,34,"[3, 7, 24, 0]",,,,,,,
401776995,2025,4,regular,2025-09-20T17:00:00.000Z,False,True,False,True,,4855,Leslie C. Quick Jr. Stadium,2725,Widener,iii,Mid Atlantic,7,"[0, 0, 0, 7]",,,,2969,Misericordia,iii,Mid Atlantic,21,"[0, 7, 14, 0]",,,,,,,
401766669,2025,4,regular,2025-09-20T17:00:00.000Z,False,True,False,True,,6079,Alumni Stadium (VT),2394,Middlebury,iii,NESCAC,31,"[3, 7, 14, 7]",,,,340,Bowdoin,iii,NESCAC,10,"[3, 0, 0, 7]",,,,,,,
401783349,2025,4,regular,2025-09-20T17:00:00.000Z,False,True,False,True,,5907,McCarthy Stadium (Wilkes Barre),247,King's,iii,Mid Atlantic,27,"[7, 7, 7, 6]",,,,2221,FDU Florham,iii,Mid Atlantic,21,"[0, 7, 0, 14]",,,,,,,
401773726,2025,4,regular,2025-09-20T17:00:00.000Z,False,True,False,True,,6071,Jess Dow Field,2583,Southern Connecticut State,ii,Northeast 10,10,"[0, 0, 7, 3]",,,,2022,American International,ii,Northeast 10,3,"[0, 0, 0, 3]",,,,,,,
401777304,2025,4,regular,2025-09-20T17:00:00.000Z,False,True,False,True,,5829,Old National Bank Stadium,509,Crown,iii,Upper Midwest,30,"[3, 7, 7, 13]",,,,2399,Minnesota Morris,iii,Upper Midwest,20,"[0, 0, 6, 14]",,,,,,,
401774301,2025,4,regular,2025-09-20T17:00:00.000Z,False,True,False,False,,3995,Dr. John W. Winkin Sports Complex,2280,Husson,iii,Commonwealth Coast,13,"[0, 0, 7, 6]",,,,2749,WPI,iii,NEWMAC,15,"[3, 9, 0, 3]",,,,,,,
401774038,2025,4,regular,2025-09-20T17:00:00.000Z,False,True,False,False,,3717,Edwin Fauver Stadium,184,Rochester (NY),iii,Liberty League,28,"[0, 13, 7, 8]",,,,374,St. John Fisher,iii,Empire 8,21,"[0, 7, 0, 14]",,,,,,,
401767653,2025,4,regular,2025-09-20T17:00:00.000Z,False,True,False,False,1400,4416,Spec Martin Municipal Stadium,56,Stetson,fcs,Pioneer,7,"[0, 0, 7, 0]",0.004559297114610672,,,108,Harvard,fcs,Ivy,59,"[28, 17, 7, 7]",0.9954407028853893,,,3.9021591764086367,,,
401773649,2025,4,regular,2025-09-20T17:00:00.000Z,False,True,False,True,,5121,University of Charleston Stadium,2128,Charleston (WV),ii,Mountain East,38,"[0, 10, 14, 14]",,,,2148,Concord,ii,Mountain East,24,"[10, 7, 7, 0]",,,,,,,
401783283,2025,4,regular,2025-09-20T17:00:00.000Z,False,True,False,False,,6086,Rocco Calvo Field,323,Moravian,iii,Landmark Conference,7,"[0, 0, 0, 7]",,,,2667,Ursinus,iii,Centennial,35,"[7, 21, 0, 7]",,,,,,,
401774210,2025,4,regular,2025-09-20T17:00:00.000Z,False,True,False,False,,7082,Athletic Field Complex,122774,Keystone,iii,Independent DIII,0,"[0, 0, 0, 0]",,,,2896,Southern Virginia,iii,USA South,42,"[7, 26, 9, 0]",,,,,,,
401774345,2025,4,regular,2025-09-20T17:00:00.000Z,False,True,False,False,,5910,Callaway Stadium,548,LaGrange,iii,USA South,20,"[3, 10, 7, 0]",,,,2121,Centre,iii,Southern Athletic,6,"[3, 3, 0, 0]",,,,,,,
401767286,2025,4,regular,2025-09-20T17:00:00.000Z,False,True,False,False,11287,3744,Hancock Stadium,2287,Illinois State,fcs,MVFC,38,"[3, 14, 7, 3, 3, 8]",0.5561118721961975,,,2453,North Alabama,fcs,UAC,36,"[0, 7, 7, 13, 3, 6]",0.4438881278038025,,,5.0909047168008215,,,
401767267,2025,4,regular,2025-09-20T17:00:00.000Z,False,True,False,False,4457,3826,Memorial Field,159,Dartmouth,fcs,Ivy,27,"[0, 7, 6, 14]",0.9034231305122375,,,160,New Hampshire,fcs,Coastal Athletic,20,"[10, 0, 3, 7]",0.09657686948776245,,,6.706457551009805,,,
401777087,2025,4,regular,2025-09-20T17:00:00.000Z,False,True,False,False,,6140,John F. Wiley Stadium,2845,Waynesburg,iii,Presidents',35,"[7, 14, 7, 7]",,,,2274,Hiram,iii,Presidents',27,"[7, 7, 0, 13]",,,,,,,
401773059,2025,4,regular,2025-09-20T17:00:00.000Z,False,True,False,True,,3808,Lincoln University Stadium,2339,Lincoln (PA),ii,CIAA,21,"[0, 0, 7, 14]",,,,2551,Shaw,ii,CIAA,36,"[7, 6, 9, 14]",,,,,,,
401766672,2025,4,regular,2025-09-20T17:00:00.000Z,False,True,False,True,,5792,Pratt Field at Lehrman Stadium,7,Amherst,iii,NESCAC,23,"[7, 9, 7, 0]",,,,348,Hamilton,iii,NESCAC,13,"[0, 0, 0, 13]",,,,,,,
401767342,2025,4,regular,2025-09-20T17:00:00.000Z,False,True,False,False,,3694,DeGol Field,2598,Saint Francis,fcs,NEC,10,"[0, 3, 7, 0]",0.035481322556734085,,,2169,Delaware State,fcs,MEAC,39,"[13, 13, 0, 13]",0.9645186774432659,,,3.807744151853235,,,
401773167,2025,4,regular,2025-09-20T17:00:00.000Z,False,True,False,True,,3770,Jack Miller Stadium,308,Ashland,ii,Great Midwest Athletic,26,"[7, 7, 9, 3]",,,,2273,Hillsdale,ii,Great Midwest Athletic,9,"[0, 6, 0, 3]",,,,,,,
401773278,2025,4,regular,2025-09-20T17:00:00.000Z,False,True,False,False,,5940,Clean Harbors Stadium,110,Mass Maritime,iii,MSCAC,27,"[7, 6, 0, 14]",,,,15,Anna Maria College,iii,MSCAC,33,"[0, 7, 13, 13]",,,,,,,
401777219,2025,4,regular,2025-09-20T17:00:00.000Z,False,True,False,False,,5848,Hotchkiss Field,417,Gallaudet,iii,Old Dominion,39,"[7, 6, 14, 12]",,,,2047,Averett,iii,Old Dominion,30,"[7, 10, 0, 13]",,,,,,,
401773081,2025,4,regular,2025-09-20T17:00:00.000Z,False,True,False,True,,5941,Roebuck Stadium,2207,Elizabeth City State,ii,CIAA,8,"[0, 8, 0, 0]",,,,2220,Fayetteville State,ii,CIAA,51,"[14, 17, 10, 10]",,,,,,,
401766670,2025,4,regular,2025-09-20T17:00:00.000Z,False,True,False,True,,6151,Farley-Lamb Field,2731,Williams,iii,NESCAC,38,"[7, 10, 14, 7]",,,,33,Colby,iii,NESCAC,0,"[0, 0, 0, 0]",,,,,,,
401774122,2025,4,regular,2025-09-20T17:15:00.000Z,False,True,False,False,,6130,Fred Zollner Athletic Stadium,2651,Trine,iii,Michigan,35,"[0, 7, 14, 14]",,,,2233,Franklin,iii,Heartland,27,"[0, 14, 0, 13]",,,,,,,
401777176,2025,4,regular,2025-09-20T17:30:00.000Z,False,True,False,True,,5812,Bernlohr Stadium,424,Capital,iii,Ohio,7,"[0, 7, 0, 0]",,,,188,Baldwin Wallace,iii,Ohio,44,"[10, 7, 20, 7]",,,,,,,
401777216,2025,4,regular,2025-09-20T17:30:00.000Z,False,True,False,True,,6090,Sherman Field at McConagha Stadium,332,Muskingum,iii,Ohio,56,[],,,,2733,Wilmington (OH),iii,Ohio,49,[],,,,,,,
401777776,2025,4,regular,2025-09-20T17:30:00.000Z,False,True,False,False,,5822,Cadet Memorial Field,2557,Coast Guard,iii,NEWMAC,92,"[35, 29, 7, 21]",,,,2884,Nichols,iii,Commonwealth Coast,60,"[14, 14, 13, 19]",,,,,,,
401776757,2025,4,regular,2025-09-20T18:00:00.000Z,False,True,False,True,,7079,Laird Stadium,2101,Carleton,iii,Minnesota,51,"[21, 16, 14, 0]",,,,2359,Macalester,iii,Minnesota,7,"[0, 7, 0, 0]",,,,,,,
401773789,2025,4,regular,2025-09-20T18:00:00.000Z,False,True,False,True,,6070,Bob Young Field,2894,Sioux Falls,ii,Northern Sun,17,"[0, 0, 0, 17]",,,,134,Minnesota Duluth,ii,Northern Sun,34,"[14, 14, 6, 0]",,,,,,,
401773783,2025,4,regular,2025-09-20T18:00:00.000Z,False,True,True,False,,11539,Charlotte & Gordon Hansen Stadium,2939,Jamestown,ii,Northern Sun,7,"[0, 0, 0, 7]",,,,2364,Minnesota State,ii,Northern Sun,36,"[6, 13, 7, 10]",,,,,,,
401777237,2025,4,regular,2025-09-20T18:00:00.000Z,False,True,False,True,,5800,Jopson Athletic Complex,2079,Bridgewater,iii,Old Dominion,3,"[0, 3, 0, 0]",,,,2516,Randolph Macon,iii,Old Dominion,27,"[10, 7, 3, 7]",,,,,,,
401773794,2025,4,regular,2025-09-20T18:00:00.000Z,False,True,False,True,,6072,Schwan Regional Event Center,2587,Southwest Minnesota State,ii,Northern Sun,9,"[7, 2, 0, 0]",,,,559,University of Mary,ii,Northern Sun,40,"[0, 14, 20, 6]",,,,,,,
401774367,2025,4,regular,2025-09-20T18:00:00.000Z,False,True,False,True,,980,Benedetti-Wehrli Stadium,3071,North Central College,iii,CCIW,62,"[14, 13, 21, 14]",,,,2106,Carthage,iii,CCIW,0,"[0, 0, 0, 0]",,,,,,,
401773945,2025,4,regular,2025-09-20T18:00:00.000Z,False,True,False,True,,6078,Pioneer Field (TN),2839,Tusculum,ii,South Atlantic,13,"[0, 6, 0, 7]",,,,2213,Emory & Henry,ii,South Atlantic,34,"[7, 6, 14, 7]",,,,,,,
401773484,2025,4,regular,2025-09-20T18:00:00.000Z,False,True,False,False,,5120,J.J. Keller Field at Titan Stadium,271,Wisconsin Oshkosh,iii,Wisconsin,38,"[0, 14, 10, 14]",,,,127991,Roosevelt,ii,GLIAC,21,"[7, 14, 0, 0]",,,,,,,
401774458,2025,4,regular,2025-09-20T18:00:00.000Z,False,True,False,False,,3915,Charles Lee Field at Samford Stadium,2938,Huntingdon,iii,USA South,52,"[7, 16, 10, 19]",,,,241,McMurry,iii,Southern Collegiate Athletic,46,"[0, 36, 7, 3]",,,,,,,
401766666,2025,4,regular,2025-09-20T18:00:00.000Z,False,True,False,True,,5919,Ron Roberts Field at the Banta Bowl,268,Lawrence,iii,Midwest,0,"[0, 0, 0, 0]",,,,2155,Cornell (IA),iii,Midwest,20,"[7, 7, 0, 6]",,,,,,,
401774160,2025,4,regular,2025-09-20T18:00:00.000Z,False,True,False,False,,5916,Carson Park,2738,Wisconsin Eau Claire,iii,Wisconsin,42,"[21, 14, 0, 7]",,,,446,Martin Luther,iii,Upper Midwest,6,"[0, 0, 6, 0]",,,,,,,
401767613,2025,4,regular,2025-09-20T18:00:00.000Z,False,True,False,False,2389,3777,Joe Walton Stadium,2523,Robert Morris,fcs,NEC,14,"[7, 0, 7, 0]",0.2495751976966858,,,2168,Dayton,fcs,Pioneer,17,"[0, 7, 0, 10]",0.7504248023033142,,,5.001320290243804,,,
401774451,2025,4,regular,2025-09-20T18:00:00.000Z,False,True,False,True,,4423,Young-Wise Memorial Stadium,418,Hendrix,iii,Southern Athletic,19,"[7, 0, 0, 12]",,,,2398,Millsaps,iii,Southern Athletic,41,"[7, 7, 14, 13]",,,,,,,
401773734,2025,4,regular,2025-09-20T18:00:00.000Z,False,True,False,True,,5874,Chet Anderson Stadium,132,Bemidji State,ii,Northern Sun,14,"[0, 0, 7, 7]",,,,2043,Augustana (SD),ii,Northern Sun,42,"[21, 14, 7, 0]",,,,,,,
401773753,2025,4,regular,2025-09-20T18:00:00.000Z,False,True,False,True,,5780,Altra Federal Credit Union Stadium,2851,Winona State,ii,Northern Sun,35,"[0, 21, 0, 14]",,,,568,Minot State,ii,Northern Sun,25,"[0, 10, 7, 8]",,,,,,,
401773037,2025,4,regular,2025-09-20T18:00:00.000Z,False,True,False,True,,5923,Legacy Field in Carlson Stadium,67,Luther,iii,American Rivers,26,"[6, 0, 0, 20]",,,,2964,Central College,iii,American Rivers,63,"[14, 28, 7, 14]",,,,,,,
401773234,2025,4,regular,2025-09-20T18:00:00.000Z,False,True,False,True,,3769,Jack Britt Memorial Stadium,437,Lake Erie,ii,Great Midwest Athletic,3,"[3, 0, 0, 0]",,,,2224,Findlay,ii,Great Midwest Athletic,33,"[0, 10, 7, 16]",,,,,,,
401773206,2025,4,regular,2025-09-20T18:00:00.000Z,False,True,False,True,,3635,Bill Buxton Stadium,2564,Simpson (IA),iii,American Rivers,13,"[0, 7, 3, 3]",,,,2685,Wartburg,iii,American Rivers,27,"[0, 7, 7, 13]",,,,,,,
401773495,2025,4,regular,2025-09-20T18:00:00.000Z,False,True,False,False,,5914,Veterans Memorial Stadium (WI),2740,Wisconsin La Crosse,iii,Wisconsin,31,"[0, 10, 14, 7]",,,,131,Wayne State (MI),ii,GLIAC,22,"[7, 0, 0, 15]",,,,,,,
401773174,2025,4,regular,2025-09-20T18:00:00.000Z,False,True,False,True,,5836,Chalmers Field,49,Dubuque,iii,American Rivers,34,"[7, 20, 7, 0]",,,,263,Loras,iii,American Rivers,27,"[14, 3, 3, 7]",,,,,,,
401773801,2025,4,regular,2025-09-20T18:00:00.000Z,False,True,False,True,,4435,Robert B. Redman Stadium,2071,Bloomsburg,ii,Pennsylvania State Athletic,34,"[7, 7, 13, 7]",,,,2205,Edinboro,ii,Pennsylvania State Athletic,18,"[8, 3, 7, 0]",,,,,,,
401773881,2025,4,regular,2025-09-20T18:00:00.000Z,False,True,False,True,,5944,Ray Dennison Memorial Field,2237,Fort Lewis,ii,Rocky Mountain,19,"[2, 7, 7, 3]",,,,2069,Black Hills State,ii,Rocky Mountain,25,"[2, 9, 14, 0]",,,,,,,
401773887,2025,4,regular,2025-09-20T18:00:00.000Z,False,True,False,True,,5883,Marv Kay Stadium at Campbell Field,2146,Colorado School of Mines,ii,Rocky Mountain,28,"[0, 10, 3, 15]",,,,2123,Chadron State,ii,Rocky Mountain,34,"[17, 0, 0, 17]",,,,,,,
401774083,2025,4,regular,2025-09-20T18:00:00.000Z,False,True,False,False,,3922,Kenneth R. Gill Stadium,2700,McDaniel,iii,Centennial,24,"[0, 3, 13, 8]",,,,246,Juniata,iii,Landmark Conference,7,"[0, 7, 0, 0]",,,,,,,
401777020,2025,4,regular,2025-09-20T18:00:00.000Z,False,True,False,True,,5826,Concordia Stadium,2151,Concordia Chicago,iii,NACC,28,"[0, 14, 0, 14]",,,,2832,St. Norbert,iii,NACC,59,"[28, 14, 7, 10]",,,,,,,
401777302,2025,4,regular,2025-09-20T18:00:00.000Z,False,True,False,False,,5853,Francis Field (IL),2257,Greenville,iii,Upper Midwest,0,[],,,,101161,Lyon,iii,Southern Collegiate Athletic,0,[],,,,,,,
401773250,2025,4,regular,2025-09-20T18:00:00.000Z,False,True,False,False,,5114,Shelton Stadium,2810,Hardin Simmons,iii,American Southwest,52,"[10, 21, 0, 21]",,,,2347,Louisiana Christian,,,17,"[3, 7, 7, 0]",,,,,,,
401773305,2025,4,regular,2025-09-20T18:00:00.000Z,False,True,False,False,,7512,St. Francis High School,125974,Hilbert,iii,Empire 8,3,"[0, 3, 0, 0]",,,,175,Ithaca,iii,Liberty League,65,"[21, 10, 20, 14]",,,,,,,
401776744,2025,4,regular,2025-09-20T18:00:00.000Z,False,True,False,True,,5813,Klein Field at Manitou,133,St. Olaf,iii,Minnesota,17,"[3, 0, 7, 7]",,,,2152,Concordia (MN),iii,Minnesota,16,"[0, 3, 7, 6]",,,,,,,
401766664,2025,4,regular,2025-09-20T18:00:00.000Z,False,True,False,True,,6109,Ingalls Field,2891,Ripon,iii,Midwest,30,"[7, 9, 14, 0]",,,,65,Grinnell,iii,Midwest,20,"[0, 14, 6, 0]",,,,,,,
401767574,2025,4,regular,2025-09-20T18:00:00.000Z,False,True,False,True,11339,3782,Johnson Hagood Stadium,2643,The Citadel,fcs,Southern,0,"[0, 0, 0, 0]",0.01906602643430233,,,2382,Mercer,fcs,Southern,38,"[10, 7, 7, 14]",0.9809339735656977,,,2.5897690981023644,,,
401773861,2025,4,regular,2025-09-20T18:00:00.000Z,False,True,False,True,,4427,John A. Farrell Stadium,223,West Chester,ii,Pennsylvania State Athletic,34,"[13, 14, 0, 7]",,,,611,Seton Hill,ii,Pennsylvania State Athletic,16,"[3, 0, 6, 7]",,,,,,,
401777104,2025,4,regular,2025-09-20T18:00:00.000Z,False,True,False,True,,6127,John P. Papp Stadium,2748,Wooster,iii,North Coast,7,"[0, 0, 7, 0]",,,,89,Wabash,iii,North Coast,34,"[7, 7, 17, 3]",,,,,,,
401777041,2025,4,regular,2025-09-20T18:00:00.000Z,False,True,False,True,,6110,Sam Greeley Field,2524,Rockford,iii,NACC,20,"[0, 0, 14, 6]",,,,101,Eureka,iii,NACC,40,"[6, 14, 6, 14]",,,,,,,
401767541,2025,4,regular,2025-09-20T18:00:00.000Z,False,True,False,False,7441,1905,DakotaDome,233,South Dakota,fcs,MVFC,42,"[7, 21, 14, 0]",0.9932210445404053,,,2181,Drake,fcs,Pioneer,21,"[0, 7, 0, 14]",0.0067789554595947266,,,2.7459612348197378,,,
401773841,2025,4,regular,2025-09-20T18:00:00.000Z,False,True,False,True,,4433,George P. Miller Stadium,2291,IU Pennsylvania,ii,Pennsylvania State Athletic,70,"[14, 35, 14, 7]",,,,210,Millersville,ii,Pennsylvania State Athletic,24,"[0, 7, 0, 17]",,,,,,,
401766663,2025,4,regular,2025-09-20T18:00:00.000Z,False,True,False,True,,5820,Amos Alonzo Stagg Field,80,Chicago,iii,Midwest,24,"[0, 17, 7, 0]",,,,2286,Illinois College,iii,Midwest,21,"[0, 7, 7, 7]",,,,,,,
401776727,2025,4,regular,2025-09-20T18:00:00.000Z,False,True,False,True,,6122,Public Schools Stadium,375,St. Scholastica,iii,Minnesota,23,"[14, 0, 0, 9]",,,,124,Augsburg,iii,Minnesota,30,"[7, 9, 0, 14]",,,,,,,
401776767,2025,4,regular,2025-09-20T18:00:00.000Z,False,True,False,True,,5893,Hollingsworth Field,2968,Gustavus Adolphus,iii,Minnesota,7,"[0, 0, 7, 0]",,,,2802,Bethel (MN),iii,Minnesota,41,"[3, 21, 14, 3]",,,,,,,
401766665,2025,4,regular,2025-09-20T18:00:00.000Z,False,True,False,True,,5915,Farwell Field,262,Lake Forest,iii,Midwest,6,"[0, 6, 0, 0]",,,,2919,Monmouth (IL),iii,Midwest,49,"[7, 14, 14, 14]",,,,,,,
401774358,2025,4,regular,2025-09-20T18:00:00.000Z,False,True,False,True,,5815,Schneider Stadium,32,Carroll (WI),iii,CCIW,29,"[16, 10, 3, 0]",,,,143,Washington St. Louis,iii,CCIW,41,"[20, 7, 7, 7]",,,,,,,
401767589,2025,4,regular,2025-09-20T18:00:00.000Z,False,True,False,False,7244,2068,E. Claiborne Robins Stadium,257,Richmond,fcs,Patriot,38,"[14, 10, 7, 7]",0.9954672455787659,,,2678,VMI,fcs,Southern,14,"[7, 7, 0, 0]",0.004532754421234131,,,3.4091754891455657,,,
401774148,2025,4,regular,2025-09-20T18:00:00.000Z,False,True,False,False,,6095,Sabine Field at Haynes Family Stadium,2467,Norwich,iii,NEWMAC,63,"[21, 21, 14, 7]",,,,274,Maine Maritime,iii,Commonwealth Coast,0,"[0, 0, 0, 0]",,,,,,,
401777011,2025,4,regular,2025-09-20T18:00:00.000Z,False,True,False,True,,5797,Vago Field,2044,Aurora,iii,NACC,35,"[14, 0, 21, 0]",,,,2283,Benedictine (IL),iii,NACC,36,"[0, 14, 3, 19]",,,,,,,
401776751,2025,4,regular,2025-09-20T18:00:00.000Z,False,True,False,True,,5895,Klas Field,162,Hamline,iii,Minnesota,0,"[0, 0, 0, 0]",,,,2600,Saint John's (MN),iii,Minnesota,58,"[20, 17, 14, 7]",,,,,,,
401774374,2025,4,regular,2025-09-20T18:00:00.000Z,False,True,False,True,,5859,Tucci Stadium,306,Illinois Wesleyan,iii,CCIW,42,"[0, 21, 21, 0]",,,,72,Elmhurst,iii,CCIW,6,"[6, 0, 0, 0]",,,,,,,
401773046,2025,4,regular,2025-09-20T18:00:00.000Z,False,True,False,True,,5823,Clark Field,2141,Coe,iii,American Rivers,62,"[7, 27, 14, 14]",,,,6845,Nebraska Wesleyan,iii,American Rivers,14,"[7, 0, 0, 7]",,,,,,,
401767580,2025,4,regular,2025-09-20T18:30:00.000Z,False,True,False,True,10593,3704,E. J. Whitmire Stadium,2717,Western Carolina,fcs,Southern,50,"[14, 7, 29, 0]",0.9975868463516235,,,2535,Samford,fcs,Southern,35,"[6, 14, 6, 9]",0.002413153648376465,,,6.368379800927419,,,
401788907,2025,4,regular,2025-09-20T19:00:00.000Z,False,True,False,False,,3960,Top Taggart Field,2222,Ferris State,ii,GLIAC,76,"[28, 14, 28, 6]",,,,131239,University of Rio Grande,,,0,"[0, 0, 0, 0]",,,,,,,
401773906,2025,4,regular,2025-09-20T19:00:00.000Z,False,True,False,True,,6059,Sanchez Family Stadium,2424,New Mexico Highlands,ii,Rocky Mountain,48,"[14, 14, 14, 0, 6]",,,,613,South Dakota Mines,ii,Rocky Mountain,42,"[7, 7, 7, 21, 0]",,,,,,,
401774025,2025,4,regular,2025-09-20T19:00:00.000Z,False,True,False,True,,6027,Albert J. H. Sloan - Alumni Stadium,2396,Miles,ii,SIAC,19,"[7, 10, 2, 0]",,,,2542,Savannah State,ii,SIAC,45,"[0, 24, 7, 14]",,,,,,,
401767099,2025,4,regular,2025-09-20T19:00:00.000Z,False,True,False,False,26193,3987,Washington-Grizzly Stadium,149,Montana,fcs,Big Sky,63,"[14, 21, 14, 14]",0.9983028173446655,,,282,Indiana State,fcs,MVFC,20,"[7, 0, 0, 13]",0.0016971826553344727,,,4.050760251237375,,,
401773515,2025,4,regular,2025-09-20T19:00:00.000Z,False,True,False,False,,5945,Wildcat Stadium (GA),2232,Fort Valley State,ii,SIAC,16,"[0, 13, 0, 3]",,,,2170,Delta State,ii,Gulf South,21,"[0, 0, 7, 14]",,,,,,,
401774423,2025,4,regular,2025-09-20T19:00:00.000Z,False,True,False,False,,5787,Docking Stadium,2003,Adrian,iii,Michigan,57,"[13, 7, 23, 14]",,,,2362,Manchester,iii,Heartland,0,"[0, 0, 0, 0]",,,,,,,
401774046,2025,4,regular,2025-09-20T19:00:00.000Z,False,True,False,True,,5636,Wright Stadium,173,Hartwick,iii,Empire 8,9,"[0, 0, 3, 6]",,,,2782,SUNY Cortland,iii,Empire 8,59,"[0, 31, 7, 21]",,,,,,,
401777161,2025,4,regular,2025-09-20T19:00:00.000Z,False,True,False,False,,6102,Sparks Stadium,2486,Pacific Lutheran,iii,Northwest,8,"[0, 0, 8, 0]",,,,386,Trinity (TX),iii,Southern Athletic,45,"[10, 21, 14, 0]",,,,,,,
401773717,2025,4,regular,2025-09-20T19:00:00.000Z,False,True,False,True,,5876,Bentley University Football Stadium,2060,Bentley,ii,Northeast 10,21,"[0, 7, 7, 7]",,,,112334,Franklin Pierce,ii,Northeast 10,35,"[21, 7, 7, 0]",,,,,,,
401752841,2025,4,regular,2025-09-20T19:00:00.000Z,False,True,False,False,58571,3626,Autzen Stadium,2483,Oregon,fbs,Big Ten,41,"[7, 14, 10, 10]",0.9918121695518494,1984,2001,204,Oregon State,fbs,Pac-12,7,"[7, 0, 0, 0]",0.008187830448150635,1314,1297,3.085551441109206,,,
401774252,2025,4,regular,2025-09-20T19:00:00.000Z,False,True,False,False,,6148,The Pine Bowl,2721,Whitworth,iii,Northwest,17,"[7, 7, 3, 0]",,,,29,Redlands,iii,So. Cal.,34,"[10, 3, 0, 21]",,,,,,,
401767107,2025,4,regular,2025-09-20T19:00:00.000Z,False,True,False,False,21317,3643,Bobcat Stadium,147,Montana State,fcs,Big Sky,17,"[7, 10, 0, 0]",0.9955195784568787,,,2385,Mercyhurst,fcs,NEC,0,"[0, 0, 0, 0]",0.004480421543121338,,,1.9332252999892603,,,
401767389,2025,4,regular,2025-09-20T19:00:00.000Z,False,True,False,False,7927,3850,Municipal Stadium,2065,Bethune-Cookman,fcs,SWAC,35,"[7, 7, 21, 0]",0.9793805480003357,,,2206,Edward Waters,ii,SIAC,9,"[0, 6, 0, 3]",0.020619451999664307,,,3.330777933610478,,,
401778023,2025,4,regular,2025-09-20T19:00:00.000Z,False,True,False,False,,5909,Ortmayer Stadium,2318,La Verne,iii,So. Cal.,14,"[6, 0, 0, 8]",,,,2930,Willamette,iii,Northwest,29,"[0, 22, 0, 7]",,,,,,,
401752848,2025,4,regular,2025-09-20T19:30:00.000Z,False,True,False,False,77622,3855,Notre Dame Stadium,87,Notre Dame,fbs,FBS Independents,56,"[14, 21, 21, 0]",0.9886400699615479,2141,2126,2509,Purdue,fbs,Big Ten,30,"[7, 16, 0, 7]",0.011359930038452148,1310,1325,3.9527377374059056,,,
401762820,2025,4,regular,2025-09-20T19:30:00.000Z,False,True,False,True,20744,3980,Waldo Stadium,2711,Western Michigan,fbs,Mid-American,14,"[0, 0, 6, 8]",0.6010221838951111,1246,1254,2649,Toledo,fbs,Mid-American,13,"[0, 3, 10, 0]",0.3989778161048889,1505,1497,5.110531368179245,,,
401754640,2025,4,regular,2025-09-20T19:30:00.000Z,False,True,False,False,44206,3652,FBC Mortgage Stadium,2116,UCF,fbs,Big 12,34,"[10, 10, 7, 7]",0.9924783706665039,1554,1604,153,North Carolina,fbs,ACC,9,"[0, 3, 6, 0]",0.007521629333496094,1438,1388,2.664027745298376,,,
401761613,2025,4,regular,2025-09-20T19:30:00.000Z,False,True,False,False,12068,3965,UB Stadium,2084,Buffalo,fbs,Mid-American,17,"[7, 0, 7, 3]",0.19558115303516388,1386,1383,2653,Troy,fbs,Sun Belt,21,"[0, 0, 0, 21]",0.8044188469648361,1435,1438,4.636984161676919,,,
401754541,2025,4,regular,2025-09-20T19:30:00.000Z,False,True,False,False,67277,3697,Doak Campbell Stadium,52,Florida State,fbs,ACC,66,"[35, 10, 14, 7]",0.9925882816314697,1477,1577,2309,Kent State,fbs,Mid-American,10,"[7, 0, 0, 3]",0.0074117183685302734,959,859,2.1885062522393874,,,
401752714,2025,4,regular,2025-09-20T19:30:00.000Z,False,True,False,True,83639,3835,"Memorial Stadium (Norman, OK)",201,Oklahoma,fbs,SEC,24,"[3, 7, 3, 11]",0.9085173606872559,1742,1748,2,Auburn,fbs,SEC,17,"[3, 7, 0, 7]",0.09148263931274414,1686,1680,5.956621046190708,,,
401757169,2025,4,regular,2025-09-20T19:30:00.000Z,False,True,False,False,25025,3892,Pratt & Whitney Stadium,41,UConn,fbs,FBS Independents,31,"[10, 0, 7, 14]",0.8598232865333557,1445,1436,2050,Ball State,fbs,Mid-American,25,"[0, 7, 3, 15]",0.1401767134666443,1086,1095,4.406614000406764,,,
401762823,2025,4,regular,2025-09-20T19:30:00.000Z,False,True,False,False,22312,3876,Peden Stadium,195,Ohio,fbs,Mid-American,52,"[3, 28, 7, 14]",0.7757560014724731,1572,1572,2241,Gardner-Webb,fcs,OVC-Big South,35,"[14, 7, 0, 14]",0.22424399852752686,,,4.344308300856461,,,
401761610,2025,4,regular,2025-09-20T19:30:00.000Z,False,True,False,False,18371,3912,Rynearson Stadium,2199,Eastern Michigan,fbs,Mid-American,34,"[7, 14, 0, 13]",0.8346293568611145,1220,1223,309,Louisiana,fbs,Sun Belt,31,"[7, 10, 7, 7]",0.1653706431388855,1367,1364,6.789217291186414,,,
401773761,2025,4,regular,2025-09-20T19:30:00.000Z,False,True,False,True,,3951,Swisher Field,425,Northern State,ii,Northern Sun,31,"[14, 7, 10, 0]",,,,3066,Concordia St. Paul,ii,Northern Sun,10,"[3, 0, 0, 7]",,,,,,,
401752846,2025,4,regular,2025-09-20T19:30:00.000Z,False,True,False,True,87278,3834,"Memorial Stadium (Lincoln, NE)",158,Nebraska,fbs,Big Ten,27,"[0, 17, 0, 10]",0.3412935435771942,1699,1703,130,Michigan,fbs,Big Ten,30,"[10, 7, 10, 3]",0.6587064564228058,1852,1848,6.364445124145732,,,
401752711,2025,4,regular,2025-09-20T19:30:00.000Z,False,True,False,False,65644,3974,Vaught-Hemingway Stadium,145,Ole Miss,fbs,SEC,45,"[10, 13, 0, 22]",0.9863547682762146,1918,1981,2655,Tulane,fbs,American Athletic,10,"[0, 3, 0, 7]",0.0136452317237854,1642,1579,1.8655250919442568,,,
401757262,2025,4,regular,2025-09-20T19:30:00.000Z,False,True,False,False,24022,3992,Williams Stadium (VA),2335,Liberty,fbs,Conference USA,13,"[3, 7, 3, 0]",0.015911566093564034,1472,1442,256,James Madison,fbs,Sun Belt,31,"[3, 7, 7, 14]",0.984088433906436,1606,1636,3.7421837106554343,,,
401767162,2025,4,regular,2025-09-20T20:00:00.000Z,False,True,False,False,8527,3998,Zable Stadium,2729,William & Mary,fcs,Coastal Athletic,34,"[7, 7, 13, 7]",0.9784876704216003,,,2127,Charleston Southern,fcs,OVC-Big South,7,"[0, 7, 0, 0]",0.021512329578399658,,,3.4531738496390925,,,
401773472,2025,4,regular,2025-09-20T20:00:00.000Z,False,True,False,False,,3927,Sherman Field,2392,Michigan Tech,ii,GLIAC,14,"[7, 0, 7, 0]",,,,389,Upper Iowa,ii,Great Lakes,21,"[0, 21, 0, 0]",,,,,,,
401773123,2025,4,regular,2025-09-20T20:00:00.000Z,False,True,False,False,,5807,Brevard Memorial Stadium,2913,Brevard,iii,USA South,38,"[0, 7, 17, 14]",,,,101784,Erskine,ii,Carolinas,34,"[14, 7, 6, 7]",,,,,,,
401773029,2025,4,regular,2025-09-20T20:00:00.000Z,False,True,False,True,,3612,Alumni Memorial Stadium (NC),2940,Livingstone,ii,CIAA,17,"[0, 17, 0, 0]",,,,2075,Bowie State,ii,CIAA,16,"[3, 7, 0, 6]",,,,,,,
401774260,2025,4,regular,2025-09-20T20:00:00.000Z,False,True,False,False,,5850,Stoffer Family Stadium,415,George Fox,iii,Northwest,21,"[7, 7, 0, 7]",,,,17,Claremont Mudd Scripps,iii,So. Cal.,28,"[6, 14, 0, 8]",,,,,,,
401754538,2025,4,regular,2025-09-20T20:00:00.000Z,False,True,False,True,30022,3982,Wallace Wade Stadium,150,Duke,fbs,ACC,45,"[7, 14, 14, 10]",0.9929142594337463,1462,1489,152,NC State,fbs,ACC,33,"[7, 13, 6, 7]",0.007085740566253662,1521,1494,5.954364216208502,,,
401767502,2025,4,regular,2025-09-20T20:00:00.000Z,False,True,False,False,11424,3605,Alerus Center,155,North Dakota,fcs,MVFC,58,"[7, 17, 24, 10]",0.992253303527832,,,2674,Valparaiso,fcs,Pioneer,7,"[0, 0, 7, 0]",0.007746696472167969,,,2.4444024568304754,,,
401774266,2025,4,regular,2025-09-20T20:00:00.000Z,False,True,False,False,,5119,Maxwell Field,203,Linfield,iii,Northwest,28,"[7, 0, 14, 7]",,,,411,Chapman,iii,So. Cal.,13,"[0, 13, 0, 0]",,,,,,,
401777168,2025,4,regular,2025-09-20T20:00:00.000Z,False,True,False,False,,6104,Baker Stadium,2508,Puget Sound,iii,Northwest,28,"[7, 14, 0, 7]",,,,2094,Cal Lutheran,iii,So. Cal.,55,"[14, 21, 13, 7]",,,,,,,
401777548,2025,4,regular,2025-09-20T20:00:00.000Z,False,True,False,True,,5882,Ralph Stocker Stadium,11,Colorado Mesa,ii,Rocky Mountain,24,"[10, 7, 0, 7]",,,,2570,CSU Pueblo,ii,Rocky Mountain,31,"[7, 14, 7, 3]",,,,,,,
401767272,2025,4,regular,2025-09-20T20:00:00.000Z,False,True,False,False,17477,3603,Aggie Stadium,2448,North Carolina A&T,fcs,Coastal Athletic,20,"[0, 14, 6, 0]",0.0496838353574276,,,2428,North Carolina Central,fcs,MEAC,62,"[17, 14, 21, 10]",0.9503161646425724,,,3.043612875361896,,,
401767405,2025,4,regular,2025-09-20T20:00:00.000Z,False,True,False,False,8127,3991,"William Dick"""" Price Stadium""""",2450,Norfolk State,fcs,MEAC,28,"[7, 7, 0, 14]",0.34693261981010437,,,2529,Sacred Heart,fcs,FCS Independents,31,"[7, 14, 3, 7]",0.6530673801898956,,,8.913097416766378,,,
401767182,2025,4,regular,2025-09-20T20:00:00.000Z,False,True,True,False,18672,6274,Audi Field,47,Howard,fcs,MEAC,34,"[7, 13, 14, 0]",0.991273820400238,,,2261,Hampton,fcs,Coastal Athletic,7,"[0, 0, 0, 7]",0.008726179599761963,,,2.5453969027590326,,,
401788916,2025,4,regular,2025-09-20T20:00:00.000Z,False,True,False,False,,6103,Merritt Field,2923,Pomona Pitzer,iii,So. Cal.,3,"[0, 3, 0, 0]",,,,2333,Lewis & Clark,iii,Northwest,21,"[0, 14, 0, 7]",,,,,,,
401777250,2025,4,regular,2025-09-20T20:00:00.000Z,False,True,False,True,,6138,Wilson Field,2688,Washington and Lee,iii,Old Dominion,35,"[7, 7, 14, 7]",,,,2258,Guilford,iii,Old Dominion,7,"[0, 0, 7, 0]",,,,,,,
401773594,2025,4,regular,2025-09-20T20:05:00.000Z,False,True,False,True,,5783,McArthur Field,2848,Western Oregon,ii,Lone Star,66,"[21, 14, 21, 10]",,,,2834,Sul Ross State,ii,Lone Star,3,"[0, 3, 0, 0]",,,,,,,
401752712,2025,4,regular,2025-09-20T20:15:00.000Z,False,True,False,False,45803,3693,Davis Wade Stadium,344,Mississippi State,fbs,SEC,38,"[7, 7, 10, 14]",0.989556610584259,1436,1512,2459,Northern Illinois,fbs,Mid-American,10,"[3, 7, 0, 0]",0.010443389415740967,1453,1377,3.2053902517985993,,,
401754542,2025,4,regular,2025-09-20T20:30:00.000Z,False,True,False,False,45123,721,Bobby Dodd Stadium,59,Georgia Tech,fbs,ACC,45,"[21, 0, 14, 10]",0.9912994503974915,1560,1576,218,Temple,fbs,American Athletic,24,"[0, 7, 7, 10]",0.008700549602508545,1221,1205,2.4358362182481184,,,
401767114,2025,4,regular,2025-09-20T21:00:00.000Z,False,True,False,False,10007,2023,Walkup Skydome,2464,Northern Arizona,fcs,Big Sky,31,"[7, 14, 7, 3]",0.767533004283905,,,2916,Incarnate Word,fcs,Southland,23,"[0, 10, 6, 7]",0.23246699571609497,,,4.4130281380412235,,,
401773615,2025,4,regular,2025-09-20T21:00:00.000Z,False,True,False,True,,6067,Carnie Smith Stadium,90,Pittsburg State,ii,Mid America,31,"[3, 7, 0, 21]",,,,2231,Fort Hays,ii,Mid America,16,"[3, 10, 3, 0]",,,,,,,
401760375,2025,4,regular,2025-09-20T21:00:00.000Z,False,True,False,False,13155,3935,CEFCU Stadium,23,San José State,fbs,Mountain West,31,"[0, 14, 7, 10]",0.6454872488975525,1416,1416,70,Idaho,fcs,Big Sky,28,"[7, 7, 7, 7]",0.3545127511024475,,,7.178558080115324,,,
401773621,2025,4,regular,2025-09-20T21:00:00.000Z,False,True,False,True,,6054,Fred G. Hughes Stadium,2403,Missouri Southern State,ii,Mid America,14,"[0, 0, 7, 7]",,,,138,Northwest Missouri State,ii,Mid America,21,"[0, 7, 0, 14]",,,,,,,
401767151,2025,4,regular,2025-09-20T21:30:00.000Z,False,True,False,False,8030,5400,William B. Greene Jr. Stadium,2193,East Tennessee State,fcs,Southern,26,"[3, 14, 3, 6]",0.7508818507194519,,,2210,Elon,fcs,Coastal Athletic,16,"[3, 7, 0, 6]",0.2491181492805481,,,4.2971709076132045,,,
401777096,2025,4,regular,2025-09-20T22:00:00.000Z,False,True,False,True,,6099,Selby Stadium,2980,Ohio Wesleyan,iii,North Coast,17,"[3, 0, 7, 7]",,,,2746,Wittenberg,iii,North Coast,55,"[13, 21, 7, 14]",,,,,,,
401773074,2025,4,regular,2025-09-20T22:00:00.000Z,False,True,False,True,,6032,Hovey Field,2676,Virginia Union,ii,CIAA,28,"[7, 7, 7, 7]",,,,2304,Johnson C. Smith,ii,CIAA,10,"[0, 10, 0, 0]",,,,,,,
401767278,2025,4,regular,2025-09-20T22:00:00.000Z,False,True,False,True,4378,5888,University Stadium (GA),2698,West Georgia,fcs,UAC,33,"[7, 14, 7, 5]",1,,,2198,Eastern Kentucky,fcs,UAC,12,"[3, 9, 0, 0]",0,,,3.7023127768218442,,,
401767031,2025,4,regular,2025-09-20T22:00:00.000Z,False,True,False,True,3389,3629,Barker-Lane Stadium,2097,Campbell,fcs,Coastal Athletic,50,"[7, 14, 0, 14, 7, 8]",0.8428964018821716,,,2803,Bryant,fcs,Coastal Athletic,48,"[0, 14, 7, 14, 7, 6]",0.15710359811782837,,,7.853493963240123,,,
401767329,2025,4,regular,2025-09-20T22:00:00.000Z,False,True,False,False,6042,3781,Johnny Unitas Stadium,119,Towson,fcs,Coastal Athletic,28,"[0, 14, 7, 7]",0.676360547542572,,,2754,Youngstown State,fcs,MVFC,31,"[7, 0, 10, 14]",0.323639452457428,,,5.717315186097132,,,
401767319,2025,4,regular,2025-09-20T22:00:00.000Z,False,True,False,False,5520,3824,Meade Stadium,227,Rhode Island,fcs,Coastal Athletic,28,"[7, 7, 7, 7]",0.978972315788269,,,2341,Long Island University,fcs,NEC,7,"[0, 7, 0, 0]",0.021027684211730957,,,3.3985996689925813,,,
401767743,2025,4,regular,2025-09-20T22:00:00.000Z,False,True,False,False,4129,6048,Duane Stadium,2771,Merrimack,fcs,FCS Independents,16,"[0, 10, 3, 3]",0.9205323457717896,,,2115,Central Connecticut,fcs,NEC,14,"[0, 0, 0, 14]",0.07946765422821045,,,4.238181964439229,,,
401773398,2025,4,regular,2025-09-20T22:00:00.000Z,False,True,False,True,,6040,Key Stadium,2292,Indianapolis,ii,Great Lakes,47,"[14, 10, 16, 7]",,,,2816,McKendree,ii,Great Lakes,19,"[5, 0, 7, 7]",,,,,,,
401762821,2025,4,regular,2025-09-20T22:00:00.000Z,False,True,False,False,8117,3768,InfoCision Stadium,2006,Akron,fbs,Mid-American,51,"[10, 28, 7, 6]",0.988182008266449,1064,1064,2184,Duquesne,fcs,NEC,7,"[0, 0, 7, 0]",0.011817991733551025,,,2.2853455631928883,,,
401773131,2025,4,regular,2025-09-20T22:00:00.000Z,False,True,False,False,,6060,Grace P. Johnson Stadium,2882,UNC Pembroke,ii,Carolinas,41,"[7, 17, 14, 3]",,,,366,Ferrum,ii,Carolinas,14,"[0, 0, 0, 14]",,,,,,,
401776803,2025,4,regular,2025-09-20T22:00:00.000Z,False,True,False,False,,5904,Angell Field,126,Kalamazoo,iii,Michigan,27,"[0, 14, 6, 7]",,,,2023,Anderson (IN),iii,Heartland,0,"[0, 0, 0, 0]",,,,,,,
401773268,2025,4,regular,2025-09-20T22:00:00.000Z,False,True,False,False,,3877,Pioneer Stadium,3162,Alfred State,iii,Empire 8,56,"[21, 14, 14, 7]",,,,2085,Buffalo State,iii,Liberty League,20,"[0, 7, 6, 7]",,,,,,,
401767635,2025,4,regular,2025-09-20T22:00:00.000Z,False,True,False,False,7428,3774,Jayne Stadium,2413,Morehead State,fcs,Pioneer,45,"[10, 21, 14, 0]",0.8319090604782104,,,3077,Kentucky Christian,,,28,"[0, 14, 7, 7]",0.16809093952178955,,,2.3730139196038205,,,
401767664,2025,4,regular,2025-09-20T22:00:00.000Z,False,True,False,True,3143,3676,Christy Mathewson-Memorial Stadium,2083,Bucknell,fcs,Patriot,24,"[3, 7, 0, 14]",0,,,2329,Lehigh,fcs,Patriot,41,"[10, 7, 21, 3]",1,,,4.56924059733533,,,
401773966,2025,4,regular,2025-09-20T22:00:00.000Z,False,True,False,True,,6033,Carl Smith Stadium,2842,UVA Wise,ii,South Atlantic,7,"[0, 7, 0, 0]",,,,351,Wingate,ii,South Atlantic,28,"[14, 7, 7, 0]",,,,,,,
401757259,2025,4,regular,2025-09-20T22:00:00.000Z,False,True,False,True,11705,2031,Pitbull Stadium,2229,Florida International,fbs,Conference USA,16,"[7, 0, 3, 6]",0.12030911445617676,1367,1320,48,Delaware,fbs,Conference USA,38,"[3, 21, 7, 7]",0.8796908855438232,1454,1501,3.857832326216719,,,
401757261,2025,4,regular,2025-09-20T22:00:00.000Z,False,True,False,False,10713,4899,Fifth Third Stadium,338,Kennesaw State,fbs,Conference USA,28,"[21, 0, 7, 0]",1,1200,1213,2032,Arkansas State,fbs,Sun Belt,21,"[0, 7, 7, 7]",0,1257,1244,4.732694572867168,,,
401756899,2025,4,regular,2025-09-20T22:00:00.000Z,False,True,False,True,40320,3833,Memorial Stadium,2305,Kansas,fbs,Big 12,41,"[7, 13, 14, 7]",0.9924370050430298,1613,1680,277,West Virginia,fbs,Big 12,10,"[0, 3, 0, 7]",0.007562994956970215,1481,1414,2.641422746892105,,,
401773981,2025,4,regular,2025-09-20T22:00:00.000Z,False,True,False,True,,6217,W.C. Hawkins Stadium,2019,Allen,ii,SIAC,49,"[7, 21, 7, 14]",,,,2805,Clark Atlanta,ii,SIAC,38,"[10, 7, 14, 7]",,,,,,,
401773868,2025,4,regular,2025-09-20T22:00:00.000Z,False,True,False,True,,4430,Mihalik-Thompson Stadium,215,Slippery Rock,ii,Pennsylvania State Athletic,42,"[14, 21, 7, 0]",,,,2559,Shippensburg,ii,Pennsylvania State Athletic,0,"[0, 0, 0, 0]",,,,,,,
401767081,2025,4,regular,2025-09-20T22:00:00.000Z,False,True,False,False,6203,1930,Holt Arena,304,Idaho State,fcs,Big Sky,90,"[27, 42, 14, 7]",0.9948692917823792,,,124179,Lincoln (CA),ii,Independent DII,0,"[0, 0, 0, 0]",0.00513070821762085,,,2.281774606208798,,,
401767416,2025,4,regular,2025-09-20T23:00:00.000Z,False,True,False,False,4210,3902,Eddie Robinson Stadium,2755,Grambling,fcs,SWAC,31,"[0, 7, 14, 10]",0.9535509347915649,,,2837,East Texas A&M,fcs,Southland,28,"[0, 14, 7, 7]",0.04644906520843506,,,8.014429719993455,,,
401767310,2025,4,regular,2025-09-20T23:00:00.000Z,False,True,False,False,9733,3809,Louis Crews Stadium,2010,Alabama A&M,fcs,SWAC,49,"[7, 21, 21, 0]",0.9603287577629089,,,2323,Lane College,ii,SIAC,7,"[0, 0, 0, 7]",0.039671242237091064,,,2.8822067411581,,,
401767218,2025,4,regular,2025-09-20T23:00:00.000Z,False,True,False,False,8050,7003,Houck Field,2546,Southeast Missouri State,fcs,OVC-Big South,31,"[7, 0, 17, 7]",0.1013604998588562,,,79,Southern Illinois,fcs,MVFC,59,"[14, 17, 21, 7]",0.8986395001411438,,,3.777713071444114,,,
401777254,2025,4,regular,2025-09-20T23:00:00.000Z,False,True,False,True,,5789,Frank B. Fuhrer Field,2018,Allegheny,iii,Presidents',26,"[13, 0, 6, 7]",,,,2644,Thiel,iii,Presidents',0,"[0, 0, 0, 0]",,,,,,,
401752713,2025,4,regular,2025-09-20T23:00:00.000Z,False,True,False,True,57321,3838,Memorial Stadium,142,Missouri,fbs,SEC,29,"[0, 12, 6, 11]",0.9567704796791077,1755,1762,2579,South Carolina,fbs,SEC,20,"[0, 14, 6, 0]",0.043229520320892334,1645,1638,6.401869009669572,,,
401776795,2025,4,regular,2025-09-20T23:00:00.000Z,False,True,False,False,,5854,Hoernemann Stadium,191,Heidelberg,iii,Ohio,37,"[7, 7, 6, 14, 3]",,,,129738,Calvin,iii,Michigan,40,"[3, 14, 17, 0, 6]",,,,,,,
401773363,2025,4,regular,2025-09-20T23:00:00.000Z,False,True,False,True,,5891,Wilkins Stadium,2568,Southern Arkansas,ii,Great American,12,"[0, 0, 6, 6]",,,,2264,Harding,ii,Great American,31,"[0, 17, 14, 0]",,,,,,,
401773353,2025,4,regular,2025-09-20T23:00:00.000Z,False,True,False,True,,5936,Koi Ishto Stadium,2191,East Central,ii,Great American,13,"[10, 3, 0, 0]",,,,200,Southern Nazarene,ii,Great American,17,"[7, 3, 7, 0]",,,,,,,
401777298,2025,4,regular,2025-09-20T23:00:00.000Z,False,True,False,False,,10465,Mayo Field,101442,Centenary (LA),iii,Southern Collegiate Athletic,33,[],,,,2194,East Texas Baptist,iii,American Southwest,50,[],,,,,,,
401766671,2025,4,regular,2025-09-20T23:00:00.000Z,False,True,False,True,,6133,Ellis Oval at Zimman Field,112,Tufts,iii,NESCAC,22,"[0, 7, 12, 3]",,,,336,Wesleyan (CT),iii,NESCAC,20,"[7, 0, 7, 6]",,,,,,,
401774380,2025,4,regular,2025-09-20T23:00:00.000Z,False,True,False,True,,6080,Frank M. Lindsay Field,74,Millikin,iii,CCIW,22,"[6, 6, 10, 0]",,,,75,North Park,iii,CCIW,17,"[0, 9, 0, 8]",,,,,,,
401767210,2025,4,regular,2025-09-20T23:00:00.000Z,False,True,False,False,4716,3749,Hunter Stadium,2815,Lindenwood,fcs,OVC-Big South,30,"[7, 20, 0, 3]",0.8665890693664551,,,2619,Stony Brook,fcs,Coastal Athletic,27,"[3, 0, 16, 8]",0.13341093063354492,,,4.703161503756274,,,
401773426,2025,4,regular,2025-09-20T23:00:00.000Z,False,True,False,True,,3609,Allgood-Bailey Stadium,2402,Missouri S&T,ii,Great Lakes,20,"[3, 7, 7, 3]",,,,2654,Truman State,ii,Great Lakes,49,"[7, 21, 14, 7]",,,,,,,
401773390,2025,4,regular,2025-09-20T23:00:00.000Z,False,True,False,True,,3875,Paul Laird Field,199,Southeastern Oklahoma State,ii,Great American,14,"[0, 14, 0, 0]",,,,2927,Southwestern Oklahoma State,ii,Great American,35,"[7, 0, 14, 14]",,,,,,,
401777028,2025,4,regular,2025-09-20T23:00:00.000Z,False,True,False,True,,5913,Warrior Field at Raabe Stadium,2741,Wisconsin Lutheran,iii,NACC,20,"[0, 20, 0, 0]",,,,409,Concordia (WI),iii,NACC,27,"[0, 13, 7, 7]",,,,,,,
401757268,2025,4,regular,2025-09-20T23:00:00.000Z,False,True,False,False,17247,3796,Houchens Industries-L.T. Smith Stadium,98,Western Kentucky,fbs,Conference USA,31,"[3, 0, 7, 21]",0.6574909687042236,1390,1411,2440,Nevada,fbs,Mountain West,16,"[3, 7, 3, 3]",0.34250903129577637,1278,1257,5.524897301525892,,,
401757264,2025,4,regular,2025-09-20T23:00:00.000Z,False,True,False,False,15168,3725,"Johnny ""Red"" Floyd Stadium",2393,Middle Tennessee,fbs,Conference USA,28,"[14, 6, 8, 0]",0.0052274065092206,1188,1185,276,Marshall,fbs,Sun Belt,42,"[21, 0, 0, 21]",0.9947725934907794,1508,1511,7.080076248813927,,,
401774194,2025,4,regular,2025-09-20T23:00:00.000Z,False,True,False,False,,6094,Reynolds Field,583,Northwestern (MN),iii,Upper Midwest,13,"[7, 0, 6, 0]",,,,2744,Wisconsin Stout,iii,Wisconsin,56,"[21, 21, 7, 7]",,,,,,,
401774309,2025,4,regular,2025-09-20T23:00:00.000Z,False,True,False,True,,5796,Charles D. Lindberg Stadium,2042,Augustana (IL),iii,CCIW,7,"[0, 0, 0, 7]",,,,396,Wheaton (IL),iii,CCIW,50,"[7, 22, 7, 14]",,,,,,,
401777267,2025,4,regular,2025-09-20T23:00:00.000Z,False,True,False,True,,3671,Case Field,2963,Case Western Reserve,iii,Presidents',23,"[0, 14, 3, 6]",,,,2849,Westminster (PA),iii,Presidents',28,"[7, 21, 0, 0]",,,,,,,
401773441,2025,4,regular,2025-09-20T23:00:00.000Z,False,True,False,True,,7504,Liberty North High School,2911,William Jewell,ii,Great Lakes,19,"[7, 9, 3, 0]",,,,2586,Southwest Baptist,ii,Great Lakes,29,"[8, 7, 0, 14]",,,,,,,
401757265,2025,4,regular,2025-09-20T23:00:00.000Z,False,True,False,False,14476,3878,Plaster Sports Complex,2623,Missouri State,fbs,Conference USA,42,"[21, 14, 7, 0]",0.9847715497016907,1316,1316,2630,UT Martin,fcs,OVC-Big South,10,"[0, 0, 0, 10]",0.015228450298309326,,,2.2687440490074784,,,
401767433,2025,4,regular,2025-09-20T23:00:00.000Z,False,True,False,False,4559,5238,Panther Stadium,2504,Prairie View A&M,fcs,SWAC,27,"[6, 11, 3, 7]",0.9060488939285278,,,2466,Northwestern State,fcs,Southland,24,"[7, 3, 7, 7]",0.09395110607147217,,,5.641230203367347,,,
401760372,2025,4,regular,2025-09-20T23:00:00.000Z,False,True,False,True,24046,3713,Falcon Stadium,2005,Air Force,fbs,Mountain West,37,"[7, 7, 10, 13]",0.13651491701602936,1390,1381,68,Boise State,fbs,Mountain West,49,"[14, 7, 14, 14]",0.8634850829839706,1578,1587,7.33669359799025,,,
401773547,2025,4,regular,2025-09-20T23:00:00.000Z,False,True,False,True,,6049,"Memorial Stadium (Wichita Falls, TX)",2395,Midwestern State,ii,Lone Star,31,"[7, 7, 3, 14]",,,,2201,Eastern New Mexico,ii,Lone Star,56,"[14, 21, 7, 14]",,,,,,,
401773628,2025,4,regular,2025-09-20T23:00:00.000Z,False,True,False,True,,6055,Craig Field at Spratt Memorial Stadium,137,Missouri Western,ii,Mid America,26,"[10, 9, 0, 7]",,,,2118,Central Missouri,ii,Mid America,34,"[0, 24, 10, 0]",,,,,,,
401773929,2025,4,regular,2025-09-20T23:00:00.000Z,False,True,False,True,,3926,Setzler Field,2444,Newberry,ii,South Atlantic,10,"[0, 7, 0, 3]",,,,2107,Catawba,ii,South Atlantic,21,"[7, 7, 0, 7]",,,,,,,
401766667,2025,4,regular,2025-09-20T23:00:00.000Z,False,True,False,True,,3945,Strong Stadium,266,Beloit,iii,Midwest,14,"[7, 0, 7, 0]",,,,255,Knox,iii,Midwest,16,"[7, 0, 6, 3]",,,,,,,
401777275,2025,4,regular,2025-09-20T23:00:00.000Z,False,True,False,True,,5849,Reeves Field (PA),2242,Geneva,iii,Presidents',55,"[7, 21, 20, 7]",,,,2614,Saint Vincent,iii,Presidents',35,"[7, 7, 14, 7]",,,,,,,
401767306,2025,4,regular,2025-09-20T23:00:00.000Z,False,True,False,False,23732,3827,"Memorial Stadium (Stephenville, TX)",2627,Tarleton State,fcs,UAC,52,"[10, 20, 15, 7]",0.995922863483429,,,236,Chattanooga,fcs,Southern,24,"[14, 0, 3, 7]",0.004077136516571045,,,4.271454050303762,,,
401767121,2025,4,regular,2025-09-20T23:00:00.000Z,False,True,False,False,1249,4424,Husky Stadium,2277,Houston Christian,fcs,Southland,23,"[7, 7, 3, 3, 3]",0.22952201962471008,,,2458,Northern Colorado,fcs,Big Sky,26,"[7, 10, 3, 0, 6]",0.7704779803752899,,,5.230232063218555,,,
401767061,2025,4,regular,2025-09-20T23:00:00.000Z,False,True,False,False,5301,3906,Roos Field,331,Eastern Washington,fcs,Big Sky,52,"[15, 12, 10, 15]",0.9937890768051147,,,2710,Western Illinois,fcs,OVC-Big South,31,"[3, 14, 7, 7]",0.006210923194885254,,,5.920453424090819,,,
401767603,2025,4,regular,2025-09-20T23:00:00.000Z,False,True,False,False,3079,3897,Richardson Stadium,2166,Davidson,fcs,Pioneer,48,"[14, 28, 6, 0]",0.9941574335098267,,,2256,Greensboro,iii,USA South,0,"[0, 0, 0, 0]",0.00584256649017334,,,2.1384724264441513,,,
401773106,2025,4,regular,2025-09-20T23:00:00.000Z,False,True,False,False,,3957,Tiger Stadium (AL),2695,West Alabama,ii,Gulf South,52,"[14, 17, 21, 0]",,,,122666,Barton,ii,Carolinas,14,"[7, 7, 0, 0]",,,,,,,
401767333,2025,4,regular,2025-09-20T23:00:00.000Z,False,True,False,False,4819,4419,Bob Ford Field,399,UAlbany,fcs,Coastal Athletic,13,"[3, 3, 0, 7]",0.35020461678504944,,,172,Cornell,fcs,Ivy,10,"[0, 0, 3, 7]",0.6497953832149506,,,4.493323992449835,,,
401773537,2025,4,regular,2025-09-20T23:00:00.000Z,False,True,False,True,,5869,LeGrand Stadium at 1st Community Credit Union Field,2025,Angelo State,ii,Lone Star,56,"[7, 21, 14, 14]",,,,2703,Western New Mexico,ii,Lone Star,27,"[7, 13, 0, 7]",,,,,,,
401773344,2025,4,regular,2025-09-20T23:00:00.000Z,False,True,False,True,,5871,Convoy Leslie Cotton Boll Stadium,2028,Arkansas Monticello,ii,Great American,18,"[0, 3, 15, 0]",,,,2271,Henderson State,ii,Great American,48,"[14, 10, 7, 17]",,,,,,,
401761609,2025,4,regular,2025-09-20T23:00:00.000Z,False,True,False,False,23217,3608,Allen E. Paulson Stadium,290,Georgia Southern,fbs,Sun Belt,45,"[7, 10, 14, 14]",0.9874967336654663,1347,1347,311,Maine,fcs,Coastal Athletic,17,"[7, 7, 3, 0]",0.012503266334533691,,,3.6091894149333887,,,
401757260,2025,4,regular,2025-09-20T23:00:00.000Z,False,True,False,False,21426,3662,AmFirst Stadium,55,Jacksonville State,fbs,Conference USA,45,"[7, 17, 14, 7]",0.9939760565757751,1623,1623,93,Murray State,fcs,MVFC,10,"[3, 0, 7, 0]",0.0060239434242248535,,,3.1062490141334944,,,
401761611,2025,4,regular,2025-09-20T23:00:00.000Z,False,True,False,True,17050,6526,Hancock Whitney Stadium,6,South Alabama,fbs,Sun Belt,20,"[0, 14, 3, 3]",0.03821929916739464,1532,1445,324,Coastal Carolina,fbs,Sun Belt,38,"[0, 7, 14, 17]",0.9617807008326054,1172,1259,6.294906926418065,,,
401773136,2025,4,regular,2025-09-20T23:00:00.000Z,False,True,False,True,,6061,Younts Stadium,2822,North Greenville,ii,Carolinas,17,"[3, 0, 8, 6]",,,,110242,West Florida,ii,Gulf South,25,"[7, 12, 0, 6]",,,,,,,
401752716,2025,4,regular,2025-09-20T23:30:00.000Z,False,True,False,False,35000,3973,FirstBank Stadium,238,Vanderbilt,fbs,SEC,70,"[21, 21, 14, 14]",0.9932364821434021,1654,1741,2247,Georgia State,fbs,Sun Belt,21,"[3, 6, 6, 6]",0.0067635178565979,1213,1126,3.416313854106599,,,
401756898,2025,4,regular,2025-09-20T23:30:00.000Z,False,True,False,False,47213,3699,Dowdy-Ficklen Stadium,151,East Carolina,fbs,American Athletic,13,"[3, 0, 3, 7]",0.014823171310126781,1519,1482,252,BYU,fbs,Big 12,34,"[3, 10, 7, 14]",0.9851768286898732,1666,1703,4.208961929345976,,,
401752843,2025,4,regular,2025-09-20T23:30:00.000Z,False,True,False,True,56088,3830,"Memorial Stadium (Bloomington, IN)",84,Indiana,fbs,Big Ten,63,"[14, 21, 14, 14]",0.9921911954879761,1869,2010,356,Illinois,fbs,Big Ten,10,"[7, 3, 0, 0]",0.007808804512023926,1708,1567,2.6827283378576943,,,
401756896,2025,4,regular,2025-09-20T23:30:00.000Z,False,True,False,True,40964,4727,McLane Stadium,239,Baylor,fbs,Big 12,24,"[3, 7, 0, 14]",0.579441487789154,1583,1587,9,Arizona State,fbs,Big 12,27,"[3, 7, 3, 14]",0.42055851221084595,1725,1721,7.112305805049334,,,
401757263,2025,4,regular,2025-09-20T23:30:00.000Z,False,True,False,False,17108,3776,Joe Aillet Stadium,2348,Louisiana Tech,fbs,Conference USA,30,"[17, 13, 0, 0]",0.9279791712760925,1471,1468,2572,Southern Miss,fbs,Sun Belt,20,"[10, 0, 3, 7]",0.07202082872390747,1178,1181,3.828634490127194,,,
401752709,2025,4,regular,2025-09-20T23:30:00.000Z,False,True,False,False,66713,3948,Hard Rock Stadium,2390,Miami,fbs,ACC,26,"[7, 6, 0, 13]",1,1825,1852,57,Florida,fbs,SEC,7,"[0, 0, 7, 0]",0,1656,1629,3.3658697574455463,,,
401752842,2025,4,regular,2025-09-20T23:30:00.000Z,False,True,False,False,32952,3820,Gesa Field,265,Washington State,fbs,Pac-12,24,"[0, 10, 14, 0]",0.010280482470989227,1379,1307,264,Washington,fbs,Big Ten,59,"[14, 10, 7, 28]",0.9897195175290108,1604,1676,4.161728481343954,,,
401754539,2025,4,regular,2025-09-20T23:30:00.000Z,False,True,False,True,36223,3923,Scott Stadium,258,Virginia,fbs,ACC,48,"[21, 7, 10, 10]",0.9902341961860657,1518,1565,24,Stanford,fbs,ACC,20,"[7, 7, 6, 0]",0.009765803813934326,1296,1249,3.680080334067038,,,
401773408,2025,4,regular,2025-09-20T23:30:00.000Z,False,True,False,True,,6045,Dwight T. Reed Stadium,2876,Lincoln (MO),ii,Great Lakes,21,"[0, 14, 7, 0]",,,,2825,Quincy,ii,Great Lakes,24,"[14, 3, 0, 7]",,,,,,,
401752710,2025,4,regular,2025-09-20T23:45:00.000Z,False,True,False,False,102219,3958,Tiger Stadium (LA),99,LSU,fbs,SEC,56,"[7, 28, 7, 14]",0.9890648722648621,1747,1747,2545,SE Louisiana,fcs,Southland,10,"[0, 0, 7, 3]",0.01093512773513794,,,2.416578722550905,,,
401760377,2025,4,regular,2025-09-21T00:00:00.000Z,False,True,False,False,16273,3905,Maverik Stadium,328,Utah State,fbs,Mountain West,48,"[13, 21, 14, 0]",0.9917429685592651,1436,1436,2377,McNeese,fcs,Southland,7,"[0, 7, 0, 0]",0.008257031440734863,,,2.4736816052879043,,,
401773333,2025,4,regular,2025-09-21T00:00:00.000Z,False,True,False,True,,6065,Cliff Harris Stadium,2888,Ouachita Baptist,ii,Great American,23,"[7, 7, 3, 6]",,,,2033,Arkansas Tech,ii,Great American,28,"[7, 7, 7, 7]",,,,,,,
401767239,2025,4,regular,2025-09-21T00:00:00.000Z,False,True,False,True,10133,5440,Wildcat Stadium (TX),2000,Abilene Christian,fcs,UAC,45,"[7, 17, 7, 14]",0.9619295597076416,,,2046,Austin Peay,fcs,UAC,31,"[0, 3, 7, 21]",0.0380704402923584,,,3.3641812432420934,,,
401761612,2025,4,regular,2025-09-21T00:00:00.000Z,False,True,False,False,31500,3644,Bobcat Stadium (TX),326,Texas State,fbs,Sun Belt,35,"[7, 21, 7, 0]",0.9768553972244263,1590,1590,2447,Nicholls,fcs,Southland,3,"[3, 0, 0, 0]",0.02314460277557373,,,2.8064114536095865,,,
401773596,2025,4,regular,2025-09-21T00:00:00.000Z,False,True,False,True,,5878,Wantland Stadium,2122,Central Oklahoma,ii,Mid America,34,"[14, 10, 7, 3]",,,,2687,Washburn,ii,Mid America,28,"[14, 0, 14, 0]",,,,,,,
401773376,2025,4,regular,2025-09-21T00:00:00.000Z,False,True,False,True,,6064,Crain Family Stadium,319,Oklahoma Baptist,ii,Great American,16,"[3, 6, 0, 7]",,,,2823,Northwestern (OK),ii,Great American,8,"[0, 0, 0, 8]",,,,,,,
401767528,2025,4,regular,2025-09-21T00:00:00.000Z,False,True,False,False,12447,6006,Robert and Janet Vackar Stadium,292,UT Rio Grande Valley,fcs,Southland,61,"[14, 26, 7, 14]",0.989249050617218,,,102626,Texas Wesleyan,,,13,"[0, 0, 7, 6]",0.010750949382781982,,,2.8178042179242677,,,
401773872,2025,4,regular,2025-09-21T00:00:00.000Z,False,True,False,True,,5866,Rex Stadium,2001,Adams State,ii,Rocky Mountain,6,"[3, 0, 3, 0]",,,,2714,Western Colorado,ii,Rocky Mountain,45,"[14, 14, 10, 7]",,,,,,,
401774273,2025,4,regular,2025-09-21T00:00:00.000Z,False,True,False,False,,6118,Birkelbach Field,2588,Southwestern U,iii,Southern Athletic,35,"[3, 7, 7, 18]",,,,2639,Texas Lutheran,iii,Southern Collegiate Athletic,38,"[7, 10, 0, 21]",,,,,,,
401767308,2025,4,regular,2025-09-21T00:00:00.000Z,False,True,False,False,4784,3745,Greater Zion Stadium,3101,Utah Tech,fcs,UAC,20,"[0, 7, 7, 6]",0.9796603322029114,,,2460,Northern Iowa,fcs,MVFC,9,"[0, 6, 3, 0]",0.020339667797088623,,,5.2219432384980395,,,
401773566,2025,4,regular,2025-09-21T00:00:00.000Z,False,True,False,True,,6076,Javelina Stadium,2658,Texas A&M-Kingsville,ii,Lone Star,30,"[0, 8, 8, 14]",,,,110243,UT Permian Basin,ii,Lone Star,43,"[6, 10, 7, 20]",,,,,,,
401752723,2025,4,regular,2025-09-21T00:00:00.000Z,False,True,False,False,103003,3910,DKR-Texas Memorial Stadium,251,Texas,fbs,SEC,55,"[14, 17, 17, 7]",0.9902904629707336,1878,1972,2534,Sam Houston,fbs,Conference USA,0,"[0, 0, 0, 0]",0.009709537029266357,1337,1243,2.8833695642232984,,,
401767072,2025,4,regular,2025-09-21T00:00:00.000Z,False,True,False,False,5402,3756,Homer Bryce Stadium,2617,Stephen F. Austin,fcs,Southland,35,"[0, 14, 21, 0]",1,,,13,Cal Poly,fcs,Big Sky,17,"[3, 7, 0, 7]",0,,,4.925674014287174,,,
401774190,2025,4,regular,2025-09-21T01:00:00.000Z,False,True,False,False,,6153,Hanson Stadium,205,Pacific (OR),iii,Northwest,13,"[0, 13, 0, 0]",,,,2743,Wisconsin Stevens Point,iii,Wisconsin,36,"[7, 7, 0, 22]",,,,,,,
401767132,2025,4,regular,2025-09-21T01:00:00.000Z,False,True,False,False,13253,3757,Hornet Stadium,16,Sacramento State,fcs,Big Sky,45,"[21, 7, 10, 7]",0.9890007972717285,,,2110,Central Arkansas,fcs,UAC,16,"[0, 6, 0, 10]",0.010999202728271484,,,2.7534246068862287,,,
401773582,2025,4,regular,2025-09-21T01:00:00.000Z,False,True,False,True,,5879,Tomlinson Stadium,2120,Central Washington,ii,Lone Star,52,"[21, 14, 14, 3]",,,,2704,West Texas,ii,Lone Star,6,"[0, 6, 0, 0]",,,,,,,
401767160,2025,4,regular,2025-09-21T01:00:00.000Z,False,True,False,False,6393,3942,Stewart Stadium,2692,Weber State,fcs,Big Sky,38,"[13, 14, 3, 8]",1,,,2086,Butler,fcs,Pioneer,24,"[0, 17, 0, 7]",0,,,4.405913508038696,,,
401757267,2025,4,regular,2025-09-21T01:00:00.000Z,False,True,False,False,15272,3946,Sun Bowl,2638,UTEP,fbs,Conference USA,25,"[7, 0, 3, 15]",0.00011676212307065725,1248,1227,2433,UL Monroe,fbs,Sun Belt,31,"[14, 10, 7, 0]",0.9998832378769293,1116,1137,5.968620563481887,,,
401760373,2025,4,regular,2025-09-21T01:30:00.000Z,False,True,False,False,32061,5388,Canvas Stadium,36,Colorado State,fbs,Mountain West,16,"[0, 3, 0, 13]",0.6911537051200867,1363,1368,2636,UTSA,fbs,American Athletic,17,"[0, 10, 0, 7]",0.30884629487991333,1499,1494,7.314316560895462,,,
401767157,2025,4,regular,2025-09-21T02:00:00.000Z,False,True,False,False,17217,3602,Aggie Stadium,302,UC Davis,fcs,Big Sky,50,"[14, 8, 21, 7]",0.8670961856842041,,,253,Southern Utah,fcs,UAC,34,"[7, 13, 7, 7]",0.1329038143157959,,,5.1254929589079845,,,
401756897,2025,4,regular,2025-09-21T02:15:00.000Z,False,True,False,False,53442,3726,Folsom Field,38,Colorado,fbs,Big 12,37,"[0, 21, 7, 9]",0.979032576084137,1604,1617,2751,Wyoming,fbs,Mountain West,20,"[0, 3, 10, 7]",0.020967423915863037,1339,1326,2.957025965675921,,,
401754540,2025,4,regular,2025-09-21T02:30:00.000Z,False,True,False,False,31369,7311,Snapdragon Stadium,21,San Diego State,fbs,Mountain West,34,"[0, 13, 14, 7]",0.9996335506439209,1283,1422,25,California,fbs,ACC,0,"[0, 0, 0, 0]",0.00036644935607910156,1586,1447,2.5758433433059102,,,
401752847,2025,4,regular,2025-09-21T03:00:00.000Z,False,True,False,True,67614,477,Los Angeles Memorial Coliseum,30,USC,fbs,Big Ten,45,"[10, 14, 7, 14]",0.9623426795005798,1878,1869,127,Michigan State,fbs,Big Ten,31,"[7, 3, 14, 7]",0.037657320499420166,1405,1414,3.3870736205636875,,,
401760374,2025,4,regular,2025-09-21T03:59:00.000Z,False,True,False,True,13789,7220,Clarence T.C. Ching Athletics Complex,62,Hawai'i,fbs,Mountain West,21,"[0, 9, 6, 6]",0.04184763878583908,1238,1250,278,Fresno State,fbs,Mountain West,23,"[0, 7, 6, 10]",0.9581523612141609,1522,1510,6.726265961961575,,,
401773454,2025,5,regular,2025-09-25T23:30:00.000Z,False,True,False,False,,5934,Farmers Insurance Athletic Complex,110254,Davenport,ii,GLIAC,0,[],,,,124179,Lincoln (CA),ii,Independent DII,0,[],,,,,,,
401762471,2025,5,regular,2025-09-25T23:30:00.000Z,False,True,False,True,32497,3699,Dowdy-Ficklen Stadium,151,East Carolina,fbs,American Athletic,28,"[21, 0, 0, 7]",0.9631180763244629,1482,1548,349,Army,fbs,American Athletic,6,"[0, 0, 6, 0]",0.03688192367553711,1599,1533,1.8188151150227017,,,
401754543,2025,5,regular,2025-09-26T23:00:00.000Z,False,True,False,True,50107,3923,Scott Stadium,258,Virginia,fbs,ACC,46,"[7, 14, 7, 7, 3, 8]",0.5579074621200562,1565,1578,52,Florida State,fbs,ACC,38,"[0, 21, 7, 7, 3, 0]",0.44209253787994385,1577,1564,8.217825215322934,,,
401756902,2025,5,regular,2025-09-27T01:00:00.000Z,False,True,False,True,53774,3947,Mountain America Stadium,9,Arizona State,fbs,Big 12,27,"[0, 14, 3, 10]",0.9671964645385742,1721,1722,2628,TCU,fbs,Big 12,24,"[7, 10, 7, 0]",0.03280353546142578,1733,1732,6.2247709465896754,,,
401752939,2025,5,regular,2025-09-27T02:30:00.000Z,False,True,False,False,29338,3893,Reser Stadium,204,Oregon State,fbs,Pac-12,24,"[7, 7, 3, 7, 0]",0.9730728268623352,1297,1304,248,Houston,fbs,Big 12,27,"[0, 10, 0, 14, 3]",0.026927173137664795,1497,1490,6.212626502878512,,,
401754546,2025,5,regular,2025-09-27T16:00:00.000Z,False,True,False,True,30264,3630,Allegacy Federal Credit Union Stadium,154,Wake Forest,fbs,ACC,29,"[0, 17, 3, 3, 6]",0.9560624957084656,1383,1391,59,Georgia Tech,fbs,ACC,30,"[3, 0, 14, 6, 7]",0.043937504291534424,1576,1568,7.461044236655397,,,
401767343,2025,5,regular,2025-09-27T16:00:00.000Z,False,True,False,False,6456,3668,Campus Field,2529,Sacred Heart,fcs,FCS Independents,35,"[7, 13, 8, 7]",0.6642327904701233,,,2169,Delaware State,fcs,MEAC,31,"[14, 17, 0, 0]",0.3357672095298767,,,4.9048693545368875,,,
401767721,2025,5,regular,2025-09-27T16:00:00.000Z,False,True,False,False,3909,3802,Lawrence A. Wien Stadium,171,Columbia,fcs,Ivy,19,"[7, 9, 0, 3]",0.9087663888931274,,,46,Georgetown,fcs,Patriot,10,"[0, 3, 7, 0]",0.09123361110687256,,,4.139084295813457,,,
401767734,2025,5,regular,2025-09-27T16:00:00.000Z,False,True,False,False,8435,3741,Goodman Stadium,2329,Lehigh,fcs,Patriot,44,"[13, 3, 7, 21]",0.9760690927505493,,,219,Pennsylvania,fcs,Ivy,30,"[7, 7, 6, 10]",0.023930907249450684,,,6.284355242798823,,,
401756906,2025,5,regular,2025-09-27T16:00:00.000Z,False,True,False,True,53013,3636,Bill Snyder Family Stadium,2306,Kansas State,fbs,Big 12,34,"[0, 17, 14, 3]",0.9885370135307312,1640,1665,2116,UCF,fbs,Big 12,20,"[0, 7, 10, 3]",0.011462986469268799,1604,1579,3.382435912410488,,,
401754545,2025,5,regular,2025-09-27T16:00:00.000Z,False,True,False,True,44451,1964,JMA Wireless Dome,183,Syracuse,fbs,ACC,3,"[3, 0, 0, 0]",0.003790461691096425,1535,1426,150,Duke,fbs,ACC,38,"[10, 14, 7, 7]",0.9962095383089036,1489,1598,4.2228872621589435,,,
401762825,2025,5,regular,2025-09-27T16:00:00.000Z,False,True,False,True,20027,3876,Peden Stadium,195,Ohio,fbs,Mid-American,35,"[14, 7, 7, 7]",1,1587,1604,189,Bowling Green,fbs,Mid-American,20,"[10, 3, 0, 7]",0,1428,1411,3.812115943813982,,,
401761617,2025,5,regular,2025-09-27T16:00:00.000Z,False,True,False,False,16575,3825,DATCU Stadium,249,North Texas,fbs,American Athletic,36,"[7, 7, 14, 8]",0.9968198537826538,1601,1616,6,South Alabama,fbs,Sun Belt,22,"[7, 0, 7, 8]",0.0031801462173461914,1445,1430,5.295937666588428,,,
401773168,2025,5,regular,2025-09-27T16:00:00.000Z,False,True,False,True,,3747,Hantz Stadium,2886,Northwood,ii,Great Midwest Athletic,13,"[3, 3, 0, 7]",,,,308,Ashland,ii,Great Midwest Athletic,21,"[7, 7, 7, 0]",,,,,,,
401774113,2025,5,regular,2025-09-27T16:00:00.000Z,False,True,False,True,,6107,ECAV Stadium,2528,Rensselaer,iii,Liberty League,31,"[17, 7, 0, 7]",,,,184,Rochester (NY),iii,Liberty League,3,"[0, 3, 0, 0]",,,,,,,
401788914,2025,5,regular,2025-09-27T16:00:00.000Z,False,True,False,True,,3690,Charles L. Currier Memorial Field,2972,Plymouth State,iii,MSCAC,14,"[0, 0, 7, 7]",,,,110,Mass Maritime,iii,MSCAC,10,"[0, 0, 7, 3]",,,,,,,
401774093,2025,5,regular,2025-09-27T16:00:00.000Z,False,True,False,False,,3879,TowneBank Stadium,3112,Christopher Newport,iii,New Jersey,41,"[10, 21, 3, 7]",,,,216,Susquehanna,iii,Landmark Conference,27,"[7, 20, 0, 0]",,,,,,,
401783332,2025,5,regular,2025-09-27T16:00:00.000Z,False,True,False,True,,5127,Gene L. Shirk Stadium,2015,Albright,iii,Mid Atlantic,35,"[7, 14, 7, 7]",,,,2725,Widener,iii,Mid Atlantic,9,"[0, 0, 9, 0]",,,,,,,
401777105,2025,5,regular,2025-09-27T16:00:00.000Z,False,True,False,True,,6096,Austin E. Knowlton Athletics Complex,391,Oberlin,iii,North Coast,0,"[0, 0, 0, 0]",,,,2748,Wooster,iii,North Coast,38,"[10, 7, 21, 0]",,,,,,,
401777238,2025,5,regular,2025-09-27T16:00:00.000Z,False,True,False,True,,6105,Day Field,2516,Randolph Macon,iii,Old Dominion,24,"[14, 0, 0, 10]",,,,2688,Washington and Lee,iii,Old Dominion,6,"[0, 0, 0, 6]",,,,,,,
401752850,2025,5,regular,2025-09-27T16:00:00.000Z,False,True,False,True,60670,3832,"Memorial Stadium (Champaign, IL)",356,Illinois,fbs,Big Ten,34,"[7, 7, 10, 10]",0.686018168926239,1567,1571,30,USC,fbs,Big Ten,32,"[7, 3, 7, 15]",0.313981831073761,1869,1865,5.793640598744493,,,
401773821,2025,5,regular,2025-09-27T16:00:00.000Z,False,True,False,True,,4440,Sox Harrison Stadium,2205,Edinboro,ii,Pennsylvania State Athletic,21,"[0, 0, 8, 13]",,,,2134,Clarion,ii,Pennsylvania State Athletic,20,"[14, 6, 0, 0]",,,,,,,
401773116,2025,5,regular,2025-09-27T16:00:00.000Z,False,True,False,True,,4015,Barron Stadium,2560,Shorter,ii,Carolinas,29,"[7, 14, 0, 8]",,,,2804,Chowan,ii,Carolinas,30,"[7, 13, 3, 7]",,,,,,,
401752717,2025,5,regular,2025-09-27T16:00:00.000Z,False,True,False,False,75111,3887,Razorback Stadium,8,Arkansas,fbs,SEC,13,"[3, 10, 0, 0]",0.07087067514657974,1677,1608,87,Notre Dame,fbs,FBS Independents,56,"[14, 28, 7, 7]",0.9291293248534203,2126,2195,3.1141392481338106,,,
401752849,2025,5,regular,2025-09-27T16:00:00.000Z,False,True,False,True,46234,3953,Huntington Bank Stadium,135,Minnesota,fbs,Big Ten,31,"[0, 14, 10, 7]",0.7365654706954956,1593,1594,164,Rutgers,fbs,Big Ten,28,"[7, 14, 0, 7]",0.2634345293045044,1583,1582,7.037807510854444,,,
401754547,2025,5,regular,2025-09-27T16:00:00.000Z,False,True,False,True,45301,3752,Acrisure Stadium,221,Pittsburgh,fbs,ACC,27,"[17, 10, 0, 0]",0.1551940143108368,1506,1511,97,Louisville,fbs,ACC,34,"[0, 17, 3, 14]",0.8448059856891632,1755,1750,5.393030338489725,,,
401799146,2025,5,regular,2025-09-27T16:00:00.000Z,False,True,False,True,,5899,"Alumni Stadium (Worcester, MA)",2749,WPI,iii,NEWMAC,21,"[0, 7, 7, 7]",,,,2557,Coast Guard,iii,NEWMAC,49,"[14, 7, 14, 14]",,,,,,,
401783907,2025,5,regular,2025-09-27T16:00:00.000Z,False,True,False,True,,5926,Henry G. Steinbrenner '27 Stadium,109,MIT,iii,NEWMAC,7,"[0, 7, 0, 0]",,,,81,Springfield,iii,NEWMAC,31,"[7, 17, 0, 7]",,,,,,,
401774047,2025,5,regular,2025-09-27T16:00:00.000Z,False,True,False,True,,6087,Drake Field (NY),3110,SUNY Morrisville,iii,Empire 8,3,"[0, 0, 0, 3]",,,,2782,SUNY Cortland,iii,Empire 8,48,"[7, 20, 14, 7]",,,,,,,
401783916,2025,5,regular,2025-09-27T16:00:00.000Z,False,True,False,True,,3819,Bowditch Field,2967,Framingham State,iii,MSCAC,46,"[7, 7, 13, 13, 6]",,,,18,Bridgewater State,iii,MSCAC,40,"[0, 21, 6, 13, 0]",,,,,,,
401776996,2025,5,regular,2025-09-27T16:00:00.000Z,False,True,False,True,,6083,Mangelsdorf Field,2969,Misericordia,iii,Mid Atlantic,41,"[14, 20, 7, 0]",,,,111674,Alvernia,iii,Mid Atlantic,10,"[3, 0, 7, 0]",,,,,,,
401773306,2025,5,regular,2025-09-27T16:00:00.000Z,False,True,False,False,,7512,St. Francis High School,125974,Hilbert,iii,Empire 8,8,"[8, 0, 0, 0]",,,,2085,Buffalo State,iii,Liberty League,15,"[0, 8, 7, 0]",,,,,,,
401773137,2025,5,regular,2025-09-27T16:00:00.000Z,False,True,False,True,,6061,Younts Stadium,2822,North Greenville,ii,Carolinas,44,"[7, 7, 3, 27]",,,,2695,West Alabama,ii,Gulf South,52,"[0, 28, 7, 17]",,,,,,,
401773289,2025,5,regular,2025-09-27T16:00:00.000Z,False,True,False,False,,5830,Walter M. Katz Field,40,Curry,iii,Commonwealth Coast,52,"[21, 21, 10, 0]",,,,110438,Dean,iii,MSCAC,12,"[0, 0, 6, 6]",,,,,,,
401773856,2025,5,regular,2025-09-27T16:00:00.000Z,False,True,False,True,,4431,Chryst Field at Biemesderfer Stadium,210,Millersville,ii,Pennsylvania State Athletic,7,"[0, 7, 0, 0]",,,,223,West Chester,ii,Pennsylvania State Athletic,38,"[7, 7, 14, 10]",,,,,,,
401783350,2025,5,regular,2025-09-27T16:00:00.000Z,False,True,False,True,,5842,Robert T. Shields Field,2221,FDU Florham,iii,Mid Atlantic,20,"[0, 7, 6, 7]",,,,471,Stevenson,iii,Mid Atlantic,55,"[28, 6, 7, 14]",,,,,,,
401767614,2025,5,regular,2025-09-27T16:00:00.000Z,False,True,False,True,5262,3988,Welcome Stadium,2168,Dayton,fcs,Pioneer,48,"[21, 21, 6, 0]",0.9941436052322388,,,56,Stetson,fcs,Pioneer,14,"[7, 7, 0, 0]",0.0058563947677612305,,,2.927108414098599,,,
401777970,2025,5,regular,2025-09-27T16:00:00.000Z,False,True,False,True,,5868,Ronald J. Abdow Field,2022,American International,ii,Northeast 10,34,"[0, 13, 7, 14, 0]",,,,2060,Bentley,ii,Northeast 10,41,"[0, 13, 21, 0, 7]",,,,,,,
401767406,2025,5,regular,2025-09-27T16:00:00.000Z,False,True,False,False,3135,3979,Wagner College Stadium,2681,Wagner,fcs,NEC,18,"[0, 0, 12, 6]",0.18954451382160187,,,2450,Norfolk State,fcs,MEAC,13,"[13, 0, 0, 0]",0.8104554861783981,,,6.599029556501573,,,
401779328,2025,5,regular,2025-09-27T16:00:00.000Z,False,True,False,False,1078,3623,Arthur J. Rooney Athletic Field,2184,Duquesne,fcs,NEC,44,"[0, 21, 14, 9]",0.9997653365135193,,,2441,New Haven,fcs,NEC,18,"[6, 0, 6, 6]",0.0002346634864807129,,,3.71256416175164,,,
401774149,2025,5,regular,2025-09-27T16:00:00.000Z,False,True,False,True,,6095,Sabine Field at Haynes Family Stadium,2467,Norwich,iii,NEWMAC,0,"[0, 0, 0, 0]",,,,2383,Merchant Marine,iii,NEWMAC,49,"[14, 7, 7, 21]",,,,,,,
401767697,2025,5,regular,2025-09-27T16:00:00.000Z,False,True,False,False,4019,3624,Arute Field,2115,Central Connecticut,fcs,NEC,28,"[14, 0, 0, 14]",0.25691890716552734,,,159,Dartmouth,fcs,Ivy,35,"[7, 13, 0, 15]",0.7430810928344727,,,7.043528467557853,,,
401773842,2025,5,regular,2025-09-27T16:00:00.000Z,False,True,False,True,,3859,Offutt Field,611,Seton Hill,ii,Pennsylvania State Athletic,13,"[0, 0, 0, 13]",,,,2291,IU Pennsylvania,ii,Pennsylvania State Athletic,40,"[6, 7, 13, 14]",,,,,,,
401756905,2025,5,regular,2025-09-27T16:00:00.000Z,False,True,False,True,41525,3833,Memorial Stadium,2305,Kansas,fbs,Big 12,34,"[7, 6, 14, 7]",0.6432141065597534,1680,1664,2132,Cincinnati,fbs,Big 12,37,"[7, 13, 10, 7]",0.3567858934402466,1504,1520,8.502777237602228,,,
401767689,2025,5,regular,2025-09-27T16:00:00.000Z,False,True,False,True,4467,3997,Yale Bowl,43,Yale,fcs,Ivy,41,"[7, 7, 13, 14]",0.889561653137207,,,172,Cornell,fcs,Ivy,24,"[7, 7, 7, 3]",0.11043834686279297,,,6.756410068507317,,,
401773845,2025,5,regular,2025-09-27T16:00:00.000Z,False,True,False,True,,5133,Ram Stadium (WV),2974,Shepherd,ii,Pennsylvania State Athletic,10,"[0, 3, 0, 7]",,,,2315,Kutztown,ii,Pennsylvania State Athletic,49,"[21, 14, 7, 7]",,,,,,,
401752725,2025,5,regular,2025-09-27T16:45:00.000Z,False,True,False,False,33688,3973,FirstBank Stadium,238,Vanderbilt,fbs,SEC,55,"[7, 24, 17, 7]",0.9819328784942627,1741,1758,328,Utah State,fbs,Mountain West,35,"[7, 14, 0, 14]",0.018067121505737305,1442,1425,4.60252610511381,,,
401777781,2025,5,regular,2025-09-27T17:00:00.000Z,False,True,False,True,,6126,Bob Boozer Field,2781,Brockport,iii,Empire 8,56,"[28, 14, 14, 0]",,,,173,Hartwick,iii,Empire 8,0,"[0, 0, 0, 0]",,,,,,,
401762826,2025,5,regular,2025-09-27T17:00:00.000Z,False,True,False,True,28605,3786,Kelly/Shorts Stadium,2117,Central Michigan,fbs,Mid-American,24,"[14, 7, 0, 3]",0.9720277190208435,1094,1124,2199,Eastern Michigan,fbs,Mid-American,13,"[3, 3, 7, 0]",0.027972280979156494,1223,1193,2.407559954134809,,,
401767032,2025,5,regular,2025-09-27T17:00:00.000Z,False,True,False,True,1200,3661,Bulldog Stadium,2803,Bryant,fcs,Coastal Athletic,24,"[3, 6, 0, 15]",0.4835954010486603,,,119,Towson,fcs,Coastal Athletic,26,"[3, 10, 10, 3]",0.5164045989513397,,,5.629378652374132,,,
401767673,2025,5,regular,2025-09-27T17:00:00.000Z,False,True,False,True,2039,150,Jack Coffey Field,2230,Fordham,fcs,Patriot,26,"[14, 6, 3, 3]",0.9805634021759033,,,107,Holy Cross,fcs,Patriot,21,"[7, 14, 0, 0]",0.01943659782409668,,,5.2341438906734,,,
401773050,2025,5,regular,2025-09-27T17:00:00.000Z,False,True,False,True,,5873,Bulldogs Stadium,2075,Bowie State,ii,CIAA,21,"[3, 9, 0, 9]",,,,2736,Winston-Salem State,ii,CIAA,28,"[14, 7, 0, 7]",,,,,,,
401809184,2025,5,regular,2025-09-27T17:00:00.000Z,False,True,False,False,,5932,Lloyd L. Thornton Stadium,2373,Maryville (TN),iii,USA South,34,"[21, 6, 0, 7]",,,,95,Pikeville,,,30,"[7, 13, 7, 3]",,,,,,,
401767636,2025,5,regular,2025-09-27T17:00:00.000Z,False,True,False,True,3661,3627,Bailey Memorial Stadium,2506,Presbyterian,fcs,Pioneer,41,"[14, 21, 6, 0]",0.9922709465026855,,,2413,Morehead State,fcs,Pioneer,0,"[0, 0, 0, 0]",0.007729053497314453,,,2.4237012423282236,,,
401767758,2025,5,regular,2025-09-27T17:00:00.000Z,False,True,False,True,1800,6075,W.B. Mason Stadium,284,Stonehill,fcs,NEC,10,"[0, 3, 0, 7]",0.7834779024124146,,,2341,Long Island University,fcs,NEC,3,"[0, 0, 3, 0]",0.21652209758758545,,,3.8566055544105216,,,
401766677,2025,5,regular,2025-09-27T17:00:00.000Z,False,True,False,True,,5792,Pratt Field at Lehrman Stadium,7,Amherst,iii,NESCAC,30,"[14, 16, 0, 0]",,,,112,Tufts,iii,NESCAC,14,"[0, 0, 14, 0]",,,,,,,
401774302,2025,5,regular,2025-09-27T17:00:00.000Z,False,True,False,True,,3995,Dr. John W. Winkin Sports Complex,2280,Husson,iii,Commonwealth Coast,14,"[0, 7, 0, 7]",,,,452,Endicott,iii,Commonwealth Coast,48,"[14, 21, 13, 0]",,,,,,,
401773650,2025,5,regular,2025-09-27T17:00:00.000Z,False,True,False,True,,5887,I.L. & Sue Morris Stadium,2249,Glenville State,ii,Mountain East,28,"[7, 14, 0, 7]",,,,2128,Charleston (WV),ii,Mountain East,31,"[7, 10, 7, 7]",,,,,,,
401783305,2025,5,regular,2025-09-27T17:00:00.000Z,False,True,False,False,,5925,David Person Field,2354,Lycoming,iii,Landmark Conference,23,"[0, 14, 9, 0]",,,,2827,Rowan,iii,New Jersey,34,"[7, 0, 21, 6]",,,,,,,
401767594,2025,5,regular,2025-09-27T17:00:00.000Z,False,True,False,True,4167,3664,Butler Bowl,2086,Butler,fcs,Pioneer,31,"[7, 7, 3, 14]",0.9776644706726074,,,2368,Marist,fcs,Pioneer,28,"[0, 7, 7, 14]",0.022335529327392578,,,6.150446115471267,,,
401767268,2025,5,regular,2025-09-27T17:00:00.000Z,False,True,False,True,5691,3688,Wildcat Stadium,160,New Hampshire,fcs,Coastal Athletic,24,"[7, 7, 7, 3]",0.9957236647605896,,,399,UAlbany,fcs,Coastal Athletic,6,"[0, 0, 0, 6]",0.0042763352394104,,,2.841453849987071,,,
401777769,2025,5,regular,2025-09-27T17:00:00.000Z,False,True,False,False,,5637,Vendetti Field,2884,Nichols,iii,Commonwealth Coast,41,"[7, 14, 7, 13]",,,,131108,New England College,,,21,"[0, 7, 7, 7]",,,,,,,
401773269,2025,5,regular,2025-09-27T17:00:00.000Z,False,True,False,False,,3675,Charles A. Gaetano Stadium,390,Utica,iii,Empire 8,45,"[7, 28, 3, 7]",,,,3162,Alfred State,iii,Empire 8,13,"[0, 7, 0, 6]",,,,,,,
401773433,2025,5,regular,2025-09-27T17:00:00.000Z,False,True,False,False,,3600,Tom Adams Field,131,Wayne State (MI),ii,GLIAC,14,"[0, 7, 7, 0]",,,,2825,Quincy,ii,Great Lakes,31,"[7, 3, 7, 14]",,,,,,,
401773659,2025,5,regular,2025-09-27T17:00:00.000Z,False,True,False,True,,3667,Callaghan Stadium,2148,Concord,ii,Mountain East,44,"[7, 16, 14, 7]",,,,2699,West Liberty,ii,Mountain East,21,"[0, 21, 0, 0]",,,,,,,
401773709,2025,5,regular,2025-09-27T17:00:00.000Z,False,True,False,True,,6211,Sodexo Field,112334,Franklin Pierce,ii,Northeast 10,26,"[0, 13, 6, 7]",,,,2038,Assumption,ii,Northeast 10,28,"[14, 3, 8, 3]",,,,,,,
401773745,2025,5,regular,2025-09-27T17:00:00.000Z,False,True,False,True,,6051,James S. Malosky Stadium,134,Minnesota Duluth,ii,Northern Sun,28,"[0, 10, 10, 8]",,,,2817,Minnesota St Moorhead,ii,Northern Sun,14,"[7, 0, 7, 0]",,,,,,,
401773776,2025,5,regular,2025-09-27T17:00:00.000Z,False,True,False,False,,5933,Sea Foam Stadium,3066,Concordia St. Paul,ii,Northern Sun,22,"[3, 7, 0, 12]",,,,2939,Jamestown,ii,Northern Sun,33,"[6, 14, 13, 0]",,,,,,,
401774014,2025,5,regular,2025-09-27T17:00:00.000Z,False,True,False,True,,4749,McPherson Memorial Stadium,2119,Central State,ii,SIAC,42,"[7, 16, 0, 19]",,,,2323,Lane College,ii,SIAC,13,"[7, 0, 0, 6]",,,,,,,
401774100,2025,5,regular,2025-09-27T17:00:00.000Z,False,True,False,True,,5862,Butterfield Stadium,175,Ithaca,iii,Liberty League,13,"[7, 0, 6, 0]",,,,174,Hobart,iii,Liberty League,7,"[0, 7, 0, 0]",,,,,,,
401774142,2025,5,regular,2025-09-27T17:00:00.000Z,False,True,False,False,,5905,Kean Alumni Stadium,2871,Kean,iii,New Jersey,7,"[0, 7, 0, 0]",,,,2843,Western Connecticut State,iii,Landmark Conference,38,"[3, 7, 7, 21]",,,,,,,
401774229,2025,5,regular,2025-09-27T17:00:00.000Z,False,True,False,False,,5998,Monarch Stadium,291,Methodist,iii,USA South,20,"[7, 13, 0, 0]",,,,3111,Apprentice School,iii,Independent DIII,19,"[0, 0, 6, 13]",,,,,,,
401783353,2025,5,regular,2025-09-27T17:00:00.000Z,False,True,False,True,,5907,McCarthy Stadium (Wilkes Barre),247,King's,iii,Mid Atlantic,37,"[22, 0, 0, 15]",,,,127954,Eastern,iii,Mid Atlantic,39,"[14, 11, 0, 14]",,,,,,,
401777088,2025,5,regular,2025-09-27T17:00:00.000Z,False,True,False,False,,3677,Chuck Noll Field,2614,Saint Vincent,iii,Presidents',38,"[7, 0, 10, 21]",,,,2274,Hiram,iii,Presidents',40,"[7, 7, 13, 13]",,,,,,,
401766673,2025,5,regular,2025-09-27T17:00:00.000Z,False,True,False,True,,5894,Steuben Field,348,Hamilton,iii,NESCAC,27,"[7, 7, 7, 6]",,,,340,Bowdoin,iii,NESCAC,13,"[10, 0, 0, 3]",,,,,,,
401766674,2025,5,regular,2025-09-27T17:00:00.000Z,False,True,False,True,,5689,Seaverns Field At Harold Alfond Stadium,33,Colby,iii,NESCAC,17,"[7, 3, 0, 7]",,,,2394,Middlebury,iii,NESCAC,27,"[0, 0, 14, 13]",,,,,,,
401766676,2025,5,regular,2025-09-27T17:00:00.000Z,False,True,False,True,,3733,Garcelon Field,121,Bates,iii,NESCAC,7,"[0, 7, 0, 0]",,,,336,Wesleyan (CT),iii,NESCAC,23,"[0, 13, 0, 10]",,,,,,,
401773067,2025,5,regular,2025-09-27T17:00:00.000Z,False,True,False,True,,3813,"Luther ""Nick"" Jeralds Stadium",2220,Fayetteville State,ii,CIAA,34,"[0, 14, 7, 13]",,,,330,Virginia State,ii,CIAA,14,"[0, 7, 7, 0]",,,,,,,
401776789,2025,5,regular,2025-09-27T17:00:00.000Z,False,True,False,True,,3755,Ray and Sue Smith Stadium,2812,Hope,iii,Michigan,26,"[0, 16, 0, 7, 3]",,,,2800,Alma,iii,Michigan,29,"[14, 0, 9, 0, 6]",,,,,,,
401776969,2025,5,regular,2025-09-27T17:00:00.000Z,False,True,False,False,,5929,Ritchie Field,274,Maine Maritime,iii,Commonwealth Coast,22,"[0, 14, 0, 8]",,,,122774,Keystone,iii,Independent DIII,47,"[8, 15, 17, 7]",,,,,,,
401776978,2025,5,regular,2025-09-27T17:00:00.000Z,False,True,False,True,,6135,Blue Storm Stadium,111675,New England,iii,Commonwealth Coast,37,"[13, 0, 21, 3]",,,,2702,Western New England,iii,Commonwealth Coast,31,"[0, 10, 14, 7]",,,,,,,
401773802,2025,5,regular,2025-09-27T17:00:00.000Z,False,True,False,True,,4429,Seth Grove Stadium,2559,Shippensburg,ii,Pennsylvania State Athletic,10,"[0, 3, 7, 0]",,,,2071,Bloomsburg,ii,Pennsylvania State Athletic,7,"[0, 7, 0, 0]",,,,,,,
401773851,2025,5,regular,2025-09-27T17:00:00.000Z,False,True,False,True,,3760,Hubert Jack Stadium,209,Lock Haven,ii,Pennsylvania State Athletic,21,"[7, 14, 0, 0]",,,,2188,East Stroudsburg,ii,Pennsylvania State Athletic,24,"[7, 3, 7, 7]",,,,,,,
401777587,2025,5,regular,2025-09-27T17:00:00.000Z,False,True,False,False,,6046,Meares Stadium,2369,Mars Hill,ii,South Atlantic,21,"[7, 0, 14, 0]",,,,2371,Mary Hardin Baylor,iii,American Southwest,7,"[0, 5, 0, 2]",,,,,,,
401776986,2025,5,regular,2025-09-27T17:00:00.000Z,False,True,False,True,,5833,Robert A. Lipinski Field at James Work Memorial Stadium,2808,Delaware Valley,iii,Mid Atlantic,18,"[3, 0, 7, 8]",,,,388,Lebanon Valley,iii,Mid Atlantic,21,"[0, 7, 7, 7]",,,,,,,
401777982,2025,5,regular,2025-09-27T17:00:00.000Z,False,True,False,True,,6074,Grappone Stadium,2830,Saint Anselm,ii,Northeast 10,31,"[13, 3, 6, 9]",,,,2487,Pace,ii,Northeast 10,29,"[0, 6, 3, 20]",,,,,,,
401777079,2025,5,regular,2025-09-27T17:00:00.000Z,False,True,False,True,,4757,Edwards-Maurer Field,2746,Wittenberg,iii,North Coast,0,"[0, 0, 0, 0]",,,,83,DePauw,iii,North Coast,28,"[0, 0, 14, 14]",,,,,,,
401773919,2025,5,regular,2025-09-27T17:00:00.000Z,False,True,False,True,,5840,Fred Selfe Stadium at Nicewonder Field,2213,Emory & Henry,ii,South Atlantic,42,"[0, 21, 7, 14]",,,,129469,Anderson (SC),ii,South Atlantic,13,"[7, 6, 0, 0]",,,,,,,
401777230,2025,5,regular,2025-09-27T17:00:00.000Z,False,True,False,True,,5892,Armfield Athletic Center,2258,Guilford,iii,Old Dominion,14,"[7, 0, 7, 0]",,,,297,Hampden Sydney,iii,Old Dominion,69,"[14, 34, 14, 7]",,,,,,,
401777199,2025,5,regular,2025-09-27T17:00:00.000Z,False,True,False,False,,5906,McBride Field,352,Kenyon,iii,North Coast,0,"[0, 0, 0, 0]",,,,2302,John Carroll,iii,Ohio,52,"[7, 17, 21, 7]",,,,,,,
401778016,2025,5,regular,2025-09-27T17:00:00.000Z,False,True,False,True,,6115,Toppa Field,2776,Salve Regina,iii,NEWMAC,28,"[7, 7, 7, 7]",,,,2951,SUNY Maritime,iii,NEWMAC,20,"[6, 6, 0, 8]",,,,,,,
401783309,2025,5,regular,2025-09-27T17:00:00.000Z,False,True,False,False,,6086,Rocco Calvo Field,323,Moravian,iii,Landmark Conference,14,"[14, 0, 0, 0]",,,,2970,William Paterson,iii,New Jersey,38,"[0, 14, 17, 7]",,,,,,,
401773973,2025,5,regular,2025-09-27T17:00:00.000Z,False,True,False,True,,5867,Albany State University Coliseum,2013,Albany State,ii,SIAC,57,"[22, 14, 14, 7]",,,,2019,Allen,ii,SIAC,14,"[7, 0, 7, 0]",,,,,,,
401773075,2025,5,regular,2025-09-27T17:00:00.000Z,False,True,False,True,,6068,George Williams Athletic Complex,2551,Shaw,ii,CIAA,7,"[0, 0, 7, 0]",,,,2676,Virginia Union,ii,CIAA,59,"[10, 21, 21, 7]",,,,,,,
401777211,2025,5,regular,2025-09-27T17:30:00.000Z,False,True,False,True,,6152,Wiliams Stadium (OH),2733,Wilmington (OH),iii,Ohio,35,"[14, 14, 0, 7]",,,,427,Ohio Northern,iii,Ohio,41,"[21, 13, 7, 0]",,,,,,,
401766675,2025,5,regular,2025-09-27T17:30:00.000Z,False,True,False,True,,6151,Farley-Lamb Field,2731,Williams,iii,NESCAC,28,"[0, 7, 7, 14, 0]",,,,2977,Trinity (CT),iii,NESCAC,34,"[7, 7, 0, 14, 6]",,,,,,,
401761614,2025,5,regular,2025-09-27T17:30:00.000Z,False,True,False,True,25029,3651,Bridgeforth Stadium,256,James Madison,fbs,Sun Belt,35,"[7, 14, 14, 0]",0.9939213395118713,1636,1669,290,Georgia Southern,fbs,Sun Belt,10,"[0, 3, 7, 0]",0.006078660488128662,1357,1324,2.740239301258901,,,
401777184,2025,5,regular,2025-09-27T17:30:00.000Z,False,True,False,True,,5812,Bernlohr Stadium,424,Capital,iii,Ohio,21,"[0, 0, 21, 0]",,,,317,Marietta,iii,Ohio,24,"[14, 0, 7, 3]",,,,,,,
401777177,2025,5,regular,2025-09-27T17:30:00.000Z,False,True,False,True,,5801,George Finnie Stadium,188,Baldwin Wallace,iii,Ohio,23,"[3, 14, 0, 6]",,,,426,Mount Union,iii,Ohio,42,"[7, 14, 7, 14]",,,,,,,
401773670,2025,5,regular,2025-09-27T17:30:00.000Z,False,True,False,True,,5785,Dickerson Stadium,2707,West Virginia State,ii,Mountain East,60,"[3, 23, 21, 13]",,,,2986,Fairmont State,ii,Mountain East,39,"[7, 7, 11, 14]",,,,,,,
401773279,2025,5,regular,2025-09-27T17:30:00.000Z,False,True,False,False,,5794,Caparso Field,15,Anna Maria College,iii,MSCAC,47,"[7, 20, 6, 14]",,,,379,UMass Dartmouth,iii,MSCAC,43,"[7, 14, 7, 15]",,,,,,,
401773298,2025,5,regular,2025-09-27T18:00:00.000Z,False,True,False,True,,6120,Growney Stadium,374,St. John Fisher,iii,Empire 8,21,"[14, 0, 0, 7]",,,,365,Alfred,iii,Empire 8,7,"[7, 0, 0, 0]",,,,,,,
401777255,2025,5,regular,2025-09-27T18:00:00.000Z,False,True,False,True,,5789,Frank B. Fuhrer Field,2018,Allegheny,iii,Presidents',16,"[7, 0, 7, 2]",,,,2242,Geneva,iii,Presidents',28,"[7, 14, 7, 0]",,,,,,,
401786476,2025,5,regular,2025-09-27T18:00:00.000Z,False,True,False,True,,6144,"Alumni Field (Westfield, MA)",2909,Westfield State,iii,MSCAC,31,"[0, 10, 7, 14]",,,,402,Worcester State,iii,MSCAC,22,"[0, 6, 14, 2]",,,,,,,
401773244,2025,5,regular,2025-09-27T18:00:00.000Z,False,True,False,True,,3729,"Frank ""Muddy"" Waters Stadium",2273,Hillsdale,ii,Great Midwest Athletic,44,"[14, 14, 3, 13]",,,,2316,Kentucky Wesleyan,ii,Great Midwest Athletic,0,"[0, 0, 0, 0]",,,,,,,
401774350,2025,5,regular,2025-09-27T18:00:00.000Z,False,True,False,True,,5796,Charles D. Lindberg Stadium,2042,Augustana (IL),iii,CCIW,33,"[14, 10, 9, 0]",,,,74,Millikin,iii,CCIW,6,"[6, 0, 0, 0]",,,,,,,
401777214,2025,5,regular,2025-09-27T18:00:00.000Z,False,True,False,True,,6101,"Memorial Stadium (Westerville, OH)",359,Otterbein,iii,Ohio,13,"[0, 6, 0, 7]",,,,332,Muskingum,iii,Ohio,37,"[6, 14, 7, 10]",,,,,,,
401767352,2025,5,regular,2025-09-27T18:00:00.000Z,False,True,False,False,6293,2068,E. Claiborne Robins Stadium,257,Richmond,fcs,Patriot,13,"[0, 0, 0, 13]",0.7919975519180298,,,47,Howard,fcs,MEAC,12,"[0, 12, 0, 0]",0.20800244808197021,,,4.661006024238311,,,
401777220,2025,5,regular,2025-09-27T18:00:00.000Z,False,True,False,True,,5799,Daly Field at Frank R. Campbell Stadium,2047,Averett,iii,Old Dominion,14,"[0, 0, 6, 8]",,,,2079,Bridgewater,iii,Old Dominion,41,"[3, 21, 14, 3]",,,,,,,
401767510,2025,5,regular,2025-09-27T18:00:00.000Z,False,True,False,True,18498,3714,Fargodome,2449,North Dakota State,fcs,MVFC,51,"[13, 21, 10, 7]",0.9960060715675354,,,233,South Dakota,fcs,MVFC,13,"[0, 3, 0, 10]",0.0039939284324646,,,2.140407524584354,,,
401767152,2025,5,regular,2025-09-27T18:00:00.000Z,False,True,False,True,11158,3894,Rhodes Stadium,2210,Elon,fcs,Coastal Athletic,41,"[7, 10, 7, 17]",0.9909358620643616,,,2261,Hampton,fcs,Coastal Athletic,20,"[6, 0, 14, 0]",0.009064137935638428,,,5.276383282146055,,,
401773089,2025,5,regular,2025-09-27T18:00:00.000Z,False,True,False,True,,6041,Irwin Belk Complex,2304,Johnson C. Smith,ii,CIAA,69,"[14, 21, 27, 7]",,,,124180,Bluefield State,ii,CIAA,13,"[3, 10, 0, 0]",,,,,,,
401773735,2025,5,regular,2025-09-27T18:00:00.000Z,False,True,False,True,,6052,Herb Parker Stadium,568,Minot State,ii,Northern Sun,28,"[7, 14, 0, 7]",,,,132,Bemidji State,ii,Northern Sun,21,"[7, 0, 14, 0]",,,,,,,
401777021,2025,5,regular,2025-09-27T18:00:00.000Z,False,True,False,True,,5913,Warrior Field at Raabe Stadium,2741,Wisconsin Lutheran,iii,NACC,28,"[6, 15, 7, 0]",,,,2151,Concordia Chicago,iii,NACC,6,"[0, 0, 0, 6]",,,,,,,
401777070,2025,5,regular,2025-09-27T18:00:00.000Z,False,True,False,True,,5123,Little Giant Stadium,89,Wabash,iii,North Coast,36,"[6, 17, 10, 3]",,,,2171,Denison,iii,North Coast,0,"[0, 0, 0, 0]",,,,,,,
401774274,2025,5,regular,2025-09-27T18:00:00.000Z,False,True,False,False,,6125,Bulldog Stadium (TX),2639,Texas Lutheran,iii,Southern Collegiate Athletic,21,"[6, 8, 0, 7]",,,,2194,East Texas Baptist,iii,American Southwest,24,"[7, 14, 0, 3]",,,,,,,
401773409,2025,5,regular,2025-09-27T18:00:00.000Z,False,True,False,True,,6030,Harms-Eischeid Stadium,389,Upper Iowa,ii,Great Lakes,31,"[7, 21, 0, 3]",,,,2876,Lincoln (MO),ii,Great Lakes,10,"[3, 0, 0, 7]",,,,,,,
401773187,2025,5,regular,2025-09-27T18:00:00.000Z,False,True,False,True,,6091,Abel Stadium,6845,Nebraska Wesleyan,iii,American Rivers,44,"[20, 10, 2, 12]",,,,67,Luther,iii,American Rivers,7,"[0, 0, 0, 7]",,,,,,,
401773606,2025,5,regular,2025-09-27T18:00:00.000Z,False,True,False,True,,5942,Francis G. Welch Stadium,2214,Emporia State,ii,Mid America,29,"[3, 13, 0, 13]",,,,90,Pittsburg State,ii,Mid America,42,"[14, 7, 7, 14]",,,,,,,
401773157,2025,5,regular,2025-09-27T18:00:00.000Z,False,True,False,True,,5809,J. Leslie Rollins Stadium,63,Buena Vista,iii,American Rivers,0,"[0, 0, 0, 0]",,,,2564,Simpson (IA),iii,American Rivers,41,"[3, 17, 21, 0]",,,,,,,
401776736,2025,5,regular,2025-09-27T18:00:00.000Z,False,True,False,True,,6122,Public Schools Stadium,375,St. Scholastica,iii,Minnesota,37,"[0, 6, 7, 21, 0, 3]",,,,2359,Macalester,iii,Minnesota,34,"[6, 7, 7, 14, 0, 0]",,,,,,,
401776745,2025,5,regular,2025-09-27T18:00:00.000Z,False,True,False,True,,7079,Laird Stadium,2101,Carleton,iii,Minnesota,35,"[7, 21, 7, 0]",,,,133,St. Olaf,iii,Minnesota,28,"[0, 14, 7, 7]",,,,,,,
401776762,2025,5,regular,2025-09-27T18:00:00.000Z,False,True,False,True,,5895,Klas Field,162,Hamline,iii,Minnesota,12,"[0, 0, 0, 12]",,,,2802,Bethel (MN),iii,Minnesota,62,"[7, 20, 7, 28]",,,,,,,
401774359,2025,5,regular,2025-09-27T18:00:00.000Z,False,True,False,True,,5115,McCully Stadium,396,Wheaton (IL),iii,CCIW,61,"[20, 10, 14, 17]",,,,32,Carroll (WI),iii,CCIW,13,"[0, 0, 7, 6]",,,,,,,
401774368,2025,5,regular,2025-09-27T18:00:00.000Z,False,True,False,True,,5816,Art Keller Field,2106,Carthage,iii,CCIW,10,"[0, 0, 10, 0]",,,,306,Illinois Wesleyan,iii,CCIW,34,"[7, 10, 3, 14]",,,,,,,
401774385,2025,5,regular,2025-09-27T18:00:00.000Z,False,True,False,True,,5897,Francis Field (MO),143,Washington St. Louis,iii,CCIW,14,"[7, 7, 0, 0]",,,,3071,North Central College,iii,CCIW,44,"[17, 10, 7, 10]",,,,,,,
401776728,2025,5,regular,2025-09-27T18:00:00.000Z,False,True,False,True,,5117,Clemens Stadium,2600,Saint John's (MN),iii,Minnesota,63,"[14, 21, 14, 14]",,,,124,Augsburg,iii,Minnesota,0,"[0, 0, 0, 0]",,,,,,,
401767249,2025,5,regular,2025-09-27T18:00:00.000Z,False,True,False,True,6433,3742,Governors Stadium,2046,Austin Peay,fcs,UAC,42,"[7, 21, 7, 7]",0.9903640151023865,,,3101,Utah Tech,fcs,UAC,10,"[0, 3, 0, 7]",0.009635984897613525,,,3.1004752017116286,,,
401777035,2025,5,regular,2025-09-27T18:00:00.000Z,False,True,False,True,,6110,Sam Greeley Field,2524,Rockford,iii,NACC,7,"[0, 0, 7, 0]",,,,6353,Lakeland,iii,NACC,35,"[7, 7, 0, 21]",,,,,,,
401777029,2025,5,regular,2025-09-27T18:00:00.000Z,False,True,False,True,,5827,Tomasini Stadium,409,Concordia (WI),iii,NACC,28,"[0, 7, 0, 6, 7, 8]",,,,2283,Benedictine (IL),iii,NACC,20,"[0, 7, 6, 0, 7, 0]",,,,,,,
401776768,2025,5,regular,2025-09-27T18:00:00.000Z,False,True,False,True,,5825,Jake Christiansen Stadium,2152,Concordia (MN),iii,Minnesota,14,"[0, 0, 14, 0]",,,,2968,Gustavus Adolphus,iii,Minnesota,13,"[7, 0, 0, 6]",,,,,,,
401778006,2025,5,regular,2025-09-27T18:00:00.000Z,False,True,True,False,,6105,Day Field,131109,Roanoke College,,,38,"[3, 14, 14, 7]",,,,417,Gallaudet,iii,Old Dominion,14,"[0, 7, 0, 7]",,,,,,,
401776776,2025,5,regular,2025-09-27T18:00:00.000Z,False,True,False,True,,6100,Cutler Field,354,Olivet,iii,Michigan,27,"[0, 0, 13, 14]",,,,2003,Adrian,iii,Michigan,59,"[14, 24, 7, 14]",,,,,,,
401778009,2025,5,regular,2025-09-27T18:00:00.000Z,False,True,False,False,,6202,Cardinal Stadium (DC),2108,Catholic,iii,Landmark Conference,6,"[0, 0, 6, 0]",,,,2532,Salisbury,iii,New Jersey,55,"[21, 6, 21, 7]",,,,,,,
401773962,2025,5,regular,2025-09-27T18:00:00.000Z,False,True,False,True,,6033,Carl Smith Stadium,2842,UVA Wise,ii,South Atlantic,35,"[14, 7, 0, 14]",,,,2839,Tusculum,ii,South Atlantic,21,"[14, 7, 0, 0]",,,,,,,
401773795,2025,5,regular,2025-09-27T18:00:00.000Z,False,True,False,True,,6035,"Memorial Stadium (Wayne, NE)",2844,Wayne State (NE),ii,Northern Sun,51,"[23, 21, 0, 7]",,,,2587,Southwest Minnesota State,ii,Northern Sun,6,"[0, 0, 6, 0]",,,,,,,
401773769,2025,5,regular,2025-09-27T18:00:00.000Z,False,True,False,True,,5872,Kirkeby-Over Stadium,2043,Augustana (SD),ii,Northern Sun,34,"[0, 21, 13, 0]",,,,2851,Winona State,ii,Northern Sun,26,"[3, 7, 0, 16]",,,,,,,
401773635,2025,5,regular,2025-09-27T18:00:00.000Z,False,True,False,True,,6034,Yager Stadium at Moore Bowl,2687,Washburn,ii,Mid America,24,"[14, 0, 10, 0]",,,,2438,Nebraska Kearney,ii,Mid America,31,"[14, 0, 3, 14]",,,,,,,
401773622,2025,5,regular,2025-09-27T18:00:00.000Z,False,True,False,True,,4724,Audrey J. Walton Stadium at Vernon Kennedy Field,2118,Central Missouri,ii,Mid America,62,"[7, 35, 10, 10]",,,,2403,Missouri Southern State,ii,Mid America,10,"[0, 7, 3, 0]",,,,,,,
401773038,2025,5,regular,2025-09-27T18:00:00.000Z,False,True,False,True,,5817,Ron and Joyce Schipper Stadium,2964,Central College,iii,American Rivers,35,"[0, 7, 14, 14]",,,,49,Dubuque,iii,American Rivers,16,"[9, 7, 0, 0]",,,,,,,
401777268,2025,5,regular,2025-09-27T18:00:00.000Z,False,True,False,True,,5803,Bison Stadium,2062,Bethany (WV),iii,Presidents',0,"[0, 0, 0, 0]",,,,2963,Case Western Reserve,iii,Presidents',55,"[24, 7, 14, 10]",,,,,,,
401773047,2025,5,regular,2025-09-27T18:00:00.000Z,False,True,False,True,,6137,Walston-Hoover Stadium,2685,Wartburg,iii,American Rivers,17,"[7, 0, 7, 3]",,,,2141,Coe,iii,American Rivers,7,"[0, 0, 0, 7]",,,,,,,
401773597,2025,5,regular,2025-09-27T18:30:00.000Z,False,True,False,True,,5134,Bearcat Stadium,138,Northwest Missouri State,ii,Mid America,38,"[7, 7, 14, 10]",,,,2122,Central Oklahoma,ii,Mid America,16,"[7, 0, 3, 6]",,,,,,,
401773399,2025,5,regular,2025-09-27T18:30:00.000Z,False,True,False,True,,6077,Stokes Stadium,2654,Truman State,ii,Great Lakes,20,"[0, 0, 14, 6]",,,,2292,Indianapolis,ii,Great Lakes,30,"[7, 3, 17, 3]",,,,,,,
401767545,2025,5,regular,2025-09-27T19:00:00.000Z,False,True,False,False,19034,5237,Dana J. Dykhouse Stadium,2571,South Dakota State,fcs,MVFC,51,"[17, 6, 14, 14]",0.996142566204071,,,2385,Mercyhurst,fcs,NEC,7,"[0, 7, 0, 0]",0.003857433795928955,,,2.6944986370496022,,,
401767398,2025,5,regular,2025-09-27T19:00:00.000Z,False,True,True,False,3000,3812,Lucas Oil Stadium,2415,Morgan State,fcs,MEAC,24,"[7, 3, 7, 7]",0.9783744215965271,,,2396,Miles,ii,SIAC,17,"[0, 0, 7, 10]",0.0216255784034729,,,4.976535454116239,,,
401767082,2025,5,regular,2025-09-27T19:00:00.000Z,False,True,False,True,5386,3856,Nottingham Field,2458,Northern Colorado,fcs,Big Sky,18,"[0, 7, 8, 3]",0.5550979375839233,,,304,Idaho State,fcs,Big Sky,26,"[10, 13, 3, 0]",0.44490206241607666,,,6.443070119884549,,,
401773989,2025,5,regular,2025-09-27T19:00:00.000Z,False,True,False,True,,5881,CAU Panther Stadium,2805,Clark Atlanta,ii,SIAC,24,"[3, 21, 0, 0]",,,,490,Benedict,ii,SIAC,59,"[21, 14, 10, 14]",,,,,,,
401774000,2025,5,regular,2025-09-27T19:00:00.000Z,False,True,False,True,,4747,Abbott Memorial Alumni Stadium,2657,Tuskegee,ii,SIAC,20,"[3, 3, 0, 14]",,,,2232,Fort Valley State,ii,SIAC,27,"[7, 6, 6, 8]",,,,,,,
401761616,2025,5,regular,2025-09-27T19:00:00.000Z,False,True,False,True,21147,3817,Malone Stadium,2433,UL Monroe,fbs,Sun Belt,28,"[0, 14, 7, 7]",0.9813252091407776,1137,1168,2032,Arkansas State,fbs,Sun Belt,16,"[10, 0, 3, 3]",0.018674790859222412,1244,1213,5.703973319291415,,,
401774084,2025,5,regular,2025-09-27T19:00:00.000Z,False,True,False,False,,5824,Lions Stadium,2442,The College of New Jersey,iii,New Jersey,35,"[14, 14, 0, 7]",,,,246,Juniata,iii,Landmark Conference,0,"[0, 0, 0, 0]",,,,,,,
401767361,2025,5,regular,2025-09-27T19:00:00.000Z,False,True,False,True,13515,3650,Bragg Memorial Stadium,50,Florida A&M,fcs,SWAC,14,"[0, 6, 0, 8]",0.003586641512811184,,,2011,Alabama State,fcs,SWAC,42,"[7, 7, 14, 14]",0.9964133584871888,,,3.619291847234509,,,
401777621,2025,5,regular,2025-09-27T19:00:00.000Z,False,True,False,True,,6128,Alumni Stadium (PA),2644,Thiel,iii,Presidents',14,"[7, 0, 7, 0]",,,,2845,Waynesburg,iii,Presidents',45,"[7, 17, 7, 14]",,,,,,,
401773907,2025,5,regular,2025-09-27T19:00:00.000Z,False,True,False,True,,5782,Mountaineer Bowl,2714,Western Colorado,ii,Rocky Mountain,30,"[0, 10, 13, 7]",,,,2424,New Mexico Highlands,ii,Rocky Mountain,3,"[3, 0, 0, 0]",,,,,,,
401773888,2025,5,regular,2025-09-27T19:00:00.000Z,False,True,False,True,,5880,Elliott Field at Don Beebe Stadium,2123,Chadron State,ii,Rocky Mountain,34,"[7, 10, 14, 3]",,,,11,Colorado Mesa,ii,Rocky Mountain,27,"[0, 7, 6, 14]",,,,,,,
401767311,2025,5,regular,2025-09-27T19:00:00.000Z,False,True,False,True,5630,3850,Municipal Stadium,2065,Bethune-Cookman,fcs,SWAC,41,"[7, 20, 7, 7]",0.8953449130058289,,,2010,Alabama A&M,fcs,SWAC,34,"[10, 7, 14, 3]",0.10465508699417114,,,6.7023649534263425,,,
401773882,2025,5,regular,2025-09-27T19:00:00.000Z,False,True,False,True,,5877,Lyle Hare Stadium,2069,Black Hills State,ii,Rocky Mountain,27,"[0, 14, 10, 3]",,,,2146,Colorado School of Mines,ii,Rocky Mountain,36,"[14, 15, 0, 7]",,,,,,,
401773261,2025,5,regular,2025-09-27T19:00:00.000Z,False,True,False,False,,5996,Wilford Moore Stadium,241,McMurry,iii,Southern Collegiate Athletic,31,"[7, 7, 10, 7]",,,,2758,Howard Payne,iii,American Southwest,24,"[0, 17, 0, 7]",,,,,,,
401773784,2025,5,regular,2025-09-27T19:00:00.000Z,False,True,False,True,,3641,Blakeslee Stadium,2364,Minnesota State,ii,Northern Sun,38,"[0, 10, 21, 7]",,,,2894,Sioux Falls,ii,Northern Sun,12,"[6, 0, 0, 6]",,,,,,,
401773416,2025,5,regular,2025-09-27T19:00:00.000Z,False,True,False,True,,6047,Leemon Field,2816,McKendree,ii,Great Lakes,40,"[10, 14, 10, 6]",,,,2911,William Jewell,ii,Great Lakes,24,"[7, 10, 0, 7]",,,,,,,
401773762,2025,5,regular,2025-09-27T19:00:00.000Z,False,True,False,True,,3638,MDU Resources Community Bowl,559,University of Mary,ii,Northern Sun,14,"[0, 7, 7, 0]",,,,425,Northern State,ii,Northern Sun,55,"[7, 27, 14, 7]",,,,,,,
401752852,2025,5,regular,2025-09-27T19:30:00.000Z,False,True,False,True,72485,3765,Husky Stadium,264,Washington,fbs,Big Ten,6,"[0, 3, 3, 0]",0,1676,1665,194,Ohio State,fbs,Big Ten,24,"[0, 7, 7, 10]",1,2010,2021,3.5693821702972266,,,
401767323,2025,5,regular,2025-09-27T19:30:00.000Z,False,True,False,False,3596,3788,Kenneth P. LaValle Stadium,2619,Stony Brook,fcs,Coastal Athletic,35,"[10, 10, 8, 7]",0.9974379539489746,,,2771,Merrimack,fcs,FCS Independents,10,"[0, 7, 3, 0]",0.0025620460510253906,,,2.844232837697533,,,
401769866,2025,5,regular,2025-09-27T19:30:00.000Z,False,True,False,False,,3721,Fisher Field,322,Lafayette,fcs,Patriot,28,"[0, 14, 0, 14]",0.12680797278881073,,,163,Princeton,fcs,Ivy,38,"[7, 21, 3, 7]",0.8731920272111893,,,3.536461123550982,,,
401752724,2025,5,regular,2025-09-27T19:30:00.000Z,False,True,False,True,108449,3795,Kyle Field,245,Texas A&M,fbs,SEC,16,"[7, 6, 0, 3]",0.9677963852882385,1749,1753,2,Auburn,fbs,SEC,10,"[0, 3, 0, 7]",0.032203614711761475,1680,1676,3.8765048091063026,,,
401767566,2025,5,regular,2025-09-27T19:30:00.000Z,False,True,False,True,7521,3925,Seibert Stadium,2535,Samford,fcs,Southern,13,"[0, 7, 0, 6]",0.0245955940335989,,,231,Furman,fcs,Southern,31,"[14, 7, 10, 0]",0.9754044059664011,,,4.1862320670296524,,,
401752853,2025,5,regular,2025-09-27T19:30:00.000Z,False,True,False,True,69250,3793,Kinnick Stadium,2294,Iowa,fbs,Big Ten,15,"[3, 7, 0, 5]",0.08642464876174927,1733,1743,84,Indiana,fbs,Big Ten,20,"[7, 3, 0, 10]",0.9135753512382507,2010,2000,7.018765473483252,,,
401752851,2025,5,regular,2025-09-27T19:30:00.000Z,False,True,False,True,12023,5960,Lanny and Sharon Martin Stadium,77,Northwestern,fbs,Big Ten,17,"[3, 14, 0, 0]",0.6868436336517334,1411,1411,26,UCLA,fbs,Big Ten,14,"[0, 3, 3, 8]",0.3131563663482666,1331,1331,3.2096617060479944,,,
401756908,2025,5,regular,2025-09-27T19:30:00.000Z,False,True,False,True,53965,3842,Milan Puskar Stadium,277,West Virginia,fbs,Big 12,14,"[0, 0, 7, 7]",0,1414,1341,254,Utah,fbs,Big 12,48,"[14, 14, 10, 10]",1,1607,1680,3.294367911328435,,,
401752719,2025,5,regular,2025-09-27T19:30:00.000Z,False,True,False,True,67737,3974,Vaught-Hemingway Stadium,145,Ole Miss,fbs,SEC,24,"[3, 14, 0, 7]",0.8488922119140625,1981,1977,99,LSU,fbs,SEC,19,"[7, 0, 6, 6]",0.1511077880859375,1747,1751,5.3689509418819625,,,
401760380,2025,5,regular,2025-09-27T19:30:00.000Z,False,True,False,False,13512,3764,Huskie Stadium,2459,Northern Illinois,fbs,Mid-American,3,"[3, 0, 0, 0]",0.6836990714073181,1377,1375,21,San Diego State,fbs,Mountain West,6,"[0, 3, 0, 3]",0.3163009285926819,1422,1424,5.207526340091206,,,
401762473,2025,5,regular,2025-09-27T19:30:00.000Z,False,True,False,True,28873,3852,Navy-Marine Corps Memorial Stadium,2426,Navy,fbs,American Athletic,21,"[7, 7, 0, 7]",0.9838424324989319,1550,1547,242,Rice,fbs,American Athletic,13,"[0, 0, 3, 10]",0.016157567501068115,1288,1291,2.2905691020692287,,,
401762827,2025,5,regular,2025-09-27T19:30:00.000Z,False,True,False,False,10504,3996,Yager Stadium,193,Miami (OH),fbs,Mid-American,38,"[7, 10, 14, 7]",0.9914972186088562,1495,1495,2815,Lindenwood,fcs,OVC-Big South,0,"[0, 0, 0, 0]",0.008502781391143799,,,2.645236547747449,,,
401757170,2025,5,regular,2025-09-27T19:30:00.000Z,False,True,False,False,12717,3965,UB Stadium,2084,Buffalo,fbs,Mid-American,17,"[0, 7, 3, 7]",0.1814369261264801,1383,1382,41,UConn,fbs,FBS Independents,20,"[0, 7, 10, 3]",0.8185630738735199,1436,1437,5.418023678480578,,,
401756907,2025,5,regular,2025-09-27T19:30:00.000Z,False,True,False,True,45689,3646,Boone Pickens Stadium,197,Oklahoma State,fbs,Big 12,27,"[7, 13, 7, 0]",0.01507523376494646,1176,1173,239,Baylor,fbs,Big 12,45,"[7, 21, 7, 10]",0.9849247662350535,1587,1590,6.252031557586193,,,
401767337,2025,5,regular,2025-09-27T19:30:00.000Z,False,True,False,True,6493,717,Villanova Stadium,222,Villanova,fcs,Coastal Athletic,31,"[7, 7, 10, 7]",0.9937772154808044,,,2729,William & Mary,fcs,Coastal Athletic,24,"[7, 10, 0, 7]",0.006222784519195557,,,5.81345533716856,,,
401767142,2025,5,regular,2025-09-27T19:30:00.000Z,False,True,False,False,4060,3629,Barker-Lane Stadium,2097,Campbell,fcs,Coastal Athletic,35,"[0, 10, 8, 17]",0.012382112443447113,,,2717,Western Carolina,fcs,Southern,42,"[7, 21, 7, 7]",0.9876178875565529,,,5.842557730052718,,,
401754544,2025,5,regular,2025-09-27T19:30:00.000Z,False,True,False,True,44500,3615,"Alumni Stadium (Chestnut Hill, MA)",103,Boston College,fbs,ACC,24,"[14, 3, 0, 7]",0.7262603640556335,1470,1462,25,California,fbs,ACC,28,"[7, 7, 0, 14]",0.27373963594436646,1447,1455,6.918061132137002,,,
401767191,2025,5,regular,2025-09-27T19:30:00.000Z,False,True,False,True,5033,3607,Alfond Stadium,311,Maine,fcs,Coastal Athletic,37,"[7, 23, 7, 0]",0.9544210433959961,,,2448,North Carolina A&T,fcs,Coastal Athletic,30,"[0, 16, 0, 14]",0.045578956604003906,,,3.460653643881515,,,
401762824,2025,5,regular,2025-09-27T19:30:00.000Z,False,True,False,True,24535,3739,Glass Bowl,2649,Toledo,fbs,Mid-American,45,"[14, 21, 3, 7]",0.9890300631523132,1497,1562,2006,Akron,fbs,Mid-American,3,"[0, 3, 0, 0]",0.010969936847686768,1060,995,2.037751308081071,,,
401773132,2025,5,regular,2025-09-27T20:00:00.000Z,False,True,False,False,,4851,Bazemore-Hyder Stadium,2673,Valdosta State,ii,Gulf South,0,"[0, 0, 0, 0]",,,,2882,UNC Pembroke,ii,Carolinas,31,"[0, 10, 14, 7]",,,,,,,
401757274,2025,5,regular,2025-09-27T20:00:00.000Z,False,True,False,False,37440,3971,University Stadium (NM),167,New Mexico,fbs,Mountain West,38,"[7, 7, 10, 14]",0.9572336077690125,1408,1426,166,New Mexico State,fbs,Conference USA,20,"[7, 10, 0, 3]",0.04276639223098755,1165,1147,6.244615631678274,,,
401767062,2025,5,regular,2025-09-27T20:00:00.000Z,False,True,False,True,22277,3643,Bobcat Stadium,147,Montana State,fcs,Big Sky,57,"[24, 6, 20, 7]",0.9919355511665344,,,331,Eastern Washington,fcs,Big Sky,3,"[0, 3, 0, 0]",0.008064448833465576,,,2.1640089918409937,,,
401777969,2025,5,regular,2025-09-27T20:00:00.000Z,False,True,False,True,,3718,Tom Benson Hall of Fame Stadium,2682,Walsh,ii,Great Midwest Athletic,14,"[0, 0, 0, 14]",,,,2477,Ohio Dominican,ii,Great Midwest Athletic,7,"[0, 7, 0, 0]",,,,,,,
401762474,2025,5,regular,2025-09-27T20:00:00.000Z,False,True,False,True,16311,3674,Chapman Stadium,202,Tulsa,fbs,American Athletic,14,"[7, 7, 0, 0]",0.023173080757260323,1072,1079,2655,Tulane,fbs,American Athletic,31,"[7, 17, 7, 0]",0.9768269192427397,1579,1572,5.984301461097488,,,
401767174,2025,5,regular,2025-09-27T20:00:00.000Z,False,True,False,True,2183,3746,Hanson Field,2710,Western Illinois,fcs,OVC-Big South,23,"[0, 6, 10, 7]",0.4299822151660919,,,2197,Eastern Illinois,fcs,OVC-Big South,31,"[7, 14, 0, 10]",0.5700177848339081,,,6.132696832156299,,,
401789237,2025,5,regular,2025-09-27T20:00:00.000Z,False,True,False,False,,5122,Shuford Stadium,2107,Catawba,ii,South Atlantic,63,"[14, 21, 14, 14]",,,,2583,Southern Connecticut State,ii,Northeast 10,23,"[3, 10, 7, 3]",,,,,,,
401773060,2025,5,regular,2025-09-27T20:00:00.000Z,False,True,False,True,,3612,Alumni Memorial Stadium (NC),2940,Livingstone,ii,CIAA,31,"[7, 10, 0, 14]",,,,2339,Lincoln (PA),ii,CIAA,7,"[0, 0, 0, 7]",,,,,,,
401773901,2025,5,regular,2025-09-27T20:00:00.000Z,False,True,False,True,,3860,O'Harra Stadium,613,South Dakota Mines,ii,Rocky Mountain,22,"[7, 3, 0, 12]",,,,2237,Fort Lewis,ii,Rocky Mountain,21,"[0, 7, 14, 0]",,,,,,,
401790373,2025,5,regular,2025-09-27T20:00:00.000Z,False,True,False,True,,4852,Neta and Eddie DeRose ThunderBowl,2570,CSU Pueblo,ii,Rocky Mountain,55,"[17, 28, 3, 7]",,,,2001,Adams State,ii,Rocky Mountain,7,"[0, 0, 7, 0]",,,,,,,
401767645,2025,5,regular,2025-09-27T20:00:00.000Z,False,True,False,True,,716,Torero Stadium,301,San Diego,fcs,Pioneer,30,"[0, 3, 21, 6]",0.588272750377655,,,2900,St. Thomas (MN),fcs,Pioneer,27,"[3, 14, 10, 0]",0.41172724962234497,,,5.415767050343622,,,
401760378,2025,5,regular,2025-09-27T20:00:00.000Z,False,True,False,True,22677,3713,Falcon Stadium,2005,Air Force,fbs,Mountain West,35,"[7, 0, 7, 21]",0.43226560950279236,1381,1351,62,Hawai'i,fbs,Mountain West,44,"[14, 3, 7, 20]",0.5677343904972076,1250,1280,6.016653245970114,,,
401773391,2025,5,regular,2025-09-27T20:00:00.000Z,False,True,False,True,,3934,Southern Nazarene University Football Stadium,200,Southern Nazarene,ii,Great American,21,"[0, 14, 0, 7]",,,,199,Southeastern Oklahoma State,ii,Great American,27,"[7, 13, 7, 0]",,,,,,,
401773511,2025,5,regular,2025-09-27T20:00:00.000Z,False,True,False,True,,3769,Jack Britt Memorial Stadium,437,Lake Erie,ii,Great Midwest Athletic,14,"[0, 0, 14, 0]",,,,2838,Tiffin,ii,Great Midwest Athletic,27,"[7, 7, 3, 10]",,,,,,,
401752720,2025,5,regular,2025-09-27T20:15:00.000Z,False,True,False,True,60417,3693,Davis Wade Stadium,344,Mississippi State,fbs,SEC,34,"[7, 10, 7, 10, 0]",0.27220362424850464,1512,1523,2633,Tennessee,fbs,SEC,41,"[10, 7, 3, 14, 7]",0.7277963757514954,1838,1827,8.714407031892366,,,
401767226,2025,5,regular,2025-09-27T20:30:00.000Z,False,True,False,True,2137,3810,Nissan Stadium,2634,Tennessee State,fcs,OVC-Big South,8,"[0, 0, 3, 5]",0.046738218516111374,,,2635,Tennessee Tech,fcs,OVC-Big South,35,"[7, 14, 14, 0]",0.9532617814838886,,,3.2886194700423825,,,
401767115,2025,5,regular,2025-09-27T21:00:00.000Z,False,True,False,True,1542,4765,Hillsboro Stadium,2502,Portland State,fcs,Big Sky,17,"[7, 3, 7, 0]",0.032646533101797104,,,2464,Northern Arizona,fcs,Big Sky,31,"[14, 10, 0, 7]",0.9673534668982029,,,5.258875463443738,,,
401783312,2025,5,regular,2025-09-27T21:00:00.000Z,False,True,False,False,,6085,Sprague Field,2818,Montclair State,iii,New Jersey,21,"[0, 0, 7, 14]",,,,398,Wilkes,iii,Landmark Conference,24,"[7, 7, 0, 10]",,,,,,,
401767427,2025,5,regular,2025-09-27T21:00:00.000Z,False,True,False,True,,3896,Rice-Totten Field,2400,Mississippi Valley State,fcs,SWAC,20,"[10, 7, 3, 0]",0.29698827862739563,,,2640,Texas Southern,fcs,SWAC,23,"[0, 7, 7, 9]",0.7030117213726044,,,6.040085290177112,,,
401774117,2025,5,regular,2025-09-27T21:00:00.000Z,False,True,False,True,,6134,Frank Bailey Field,237,Union,iii,Liberty League,44,"[14, 20, 3, 7]",,,,2779,St. Lawrence,iii,Liberty League,12,"[0, 0, 6, 6]",,,,,,,
401767558,2025,5,regular,2025-09-27T21:30:00.000Z,False,True,False,True,10567,5400,William B. Greene Jr. Stadium,2193,East Tennessee State,fcs,Southern,34,"[10, 17, 7, 0]",0.20400109887123108,,,2382,Mercer,fcs,Southern,38,"[3, 14, 7, 14]",0.7959989011287689,,,7.218112921452181,,,
401777303,2025,5,regular,2025-09-27T21:30:00.000Z,False,True,False,False,,3877,Pioneer Stadium,101161,Lyon,iii,Southern Collegiate Athletic,38,"[21, 3, 0, 14]",,,,433,Westminster (MO),iii,Upper Midwest,24,"[0, 17, 7, 0]",,,,,,,
401774123,2025,5,regular,2025-09-27T22:00:00.000Z,False,True,False,True,,5786,Sprankle-Sprandel Stadium,2790,Albion,iii,Michigan,35,"[14, 7, 0, 14]",,,,2651,Trine,iii,Michigan,38,"[0, 7, 10, 21]",,,,,,,
401767552,2025,5,regular,2025-09-27T22:00:00.000Z,False,True,False,True,16283,3750,Harvard Stadium,108,Harvard,fcs,Ivy,41,"[21, 13, 7, 0]",0.991844892501831,,,225,Brown,fcs,Ivy,7,"[7, 0, 0, 0]",0.008155107498168945,,,1.9791245132282862,,,
401767163,2025,5,regular,2025-09-27T22:00:00.000Z,False,True,False,False,6211,3658,Buccaneer Field,2127,Charleston Southern,fcs,OVC-Big South,31,"[14, 7, 0, 10]",0.03965529799461365,,,2569,South Carolina State,fcs,MEAC,24,"[0, 14, 7, 3]",0.9603447020053864,,,5.70249050465196,,,
401767279,2025,5,regular,2025-09-27T22:00:00.000Z,False,True,False,False,8239,3908,Roy Kidd Stadium,2198,Eastern Kentucky,fcs,UAC,27,"[0, 7, 10, 10]",0.8967158198356628,,,2447,Nicholls,fcs,Southland,7,"[7, 0, 0, 0]",0.10328418016433716,,,3.870025769752808,,,
401774006,2025,5,regular,2025-09-27T22:00:00.000Z,False,True,False,True,,3705,Earl Kitchings Stadium,2206,Edward Waters,ii,SIAC,27,"[14, 0, 6, 7]",,,,60,Morehouse,ii,SIAC,24,"[7, 7, 3, 7]",,,,,,,
401757270,2025,5,regular,2025-09-27T22:00:00.000Z,False,True,False,True,11040,4899,Fifth Third Stadium,338,Kennesaw State,fbs,Conference USA,24,"[21, 0, 0, 3]",0.7368634939193726,1213,1223,2393,Middle Tennessee,fbs,Conference USA,16,"[3, 7, 0, 6]",0.26313650608062744,1185,1175,3.4086167982523374,,,
401767530,2025,5,regular,2025-09-27T22:00:00.000Z,False,True,False,True,6725,3720,Finley Stadium,236,Chattanooga,fcs,Southern,10,"[7, 3, 0, 0]",0.04824712499976158,,,2643,The Citadel,fcs,Southern,28,"[7, 14, 7, 0]",0.9517528750002384,,,4.171732386688262,,,
401774018,2025,5,regular,2025-09-27T22:00:00.000Z,False,True,False,True,,3952,Ted Wright Stadium,2542,Savannah State,ii,SIAC,20,"[3, 3, 8, 6]",,,,2310,Kentucky State,ii,SIAC,37,"[6, 17, 14, 0]",,,,,,,
401757271,2025,5,regular,2025-09-27T22:00:00.000Z,False,True,False,False,18435,3918,S.B. Ballard Stadium,295,Old Dominion,fbs,Sun Belt,21,"[0, 14, 0, 7]",1,1530,1551,2335,Liberty,fbs,Conference USA,7,"[0, 0, 7, 0]",0,1442,1421,3.8746917798708536,,,
401773812,2025,5,regular,2025-09-27T22:00:00.000Z,False,True,False,True,,4430,Mihalik-Thompson Stadium,215,Slippery Rock,ii,Pennsylvania State Athletic,38,"[14, 14, 7, 3]",,,,2858,California (PA),ii,Pennsylvania State Athletic,45,"[21, 14, 0, 10]",,,,,,,
401773938,2025,5,regular,2025-09-27T22:00:00.000Z,False,True,False,True,,5781,Irwin Belk Stadium,351,Wingate,ii,South Atlantic,14,"[0, 0, 7, 7]",,,,2105,Carson Newman,ii,South Atlantic,21,"[7, 0, 3, 11]",,,,,,,
401767665,2025,5,regular,2025-09-27T22:00:00.000Z,False,True,False,False,887,3676,Christy Mathewson-Memorial Stadium,2083,Bucknell,fcs,Patriot,30,"[7, 3, 12, 8]",0.8275080323219299,,,2598,Saint Francis,fcs,NEC,23,"[0, 14, 3, 6]",0.17249196767807007,,,6.743087060370288,,,
401773951,2025,5,regular,2025-09-27T22:00:00.000Z,False,True,False,True,,6553,Helen and Leonard Moretz Stadium,2331,Lenoir Rhyne,ii,South Atlantic,17,"[0, 3, 7, 7]",,,,2444,Newberry,ii,South Atlantic,20,"[0, 7, 7, 6]",,,,,,,
401762828,2025,5,regular,2025-09-27T22:30:00.000Z,False,True,False,False,20191,3980,Waldo Stadium,2711,Western Michigan,fbs,Mid-American,47,"[3, 28, 13, 3]",0.9961190223693848,1255,1255,227,Rhode Island,fcs,Coastal Athletic,14,"[7, 0, 0, 7]",0.0038809776306152344,,,3.107216197522771,,,
401754548,2025,5,regular,2025-09-27T23:00:00.000Z,False,True,False,True,56919,3670,Carter-Finley Stadium,152,NC State,fbs,ACC,21,"[7, 0, 7, 7]",0.23347881436347961,1494,1489,259,Virginia Tech,fbs,ACC,23,"[3, 10, 7, 3]",0.7665211856365204,1452,1457,6.646683052975088,,,
401757269,2025,5,regular,2025-09-27T23:00:00.000Z,False,True,False,False,25034,3815,M. M. Roberts Stadium,2572,Southern Miss,fbs,Sun Belt,42,"[14, 7, 14, 7]",0.9974352121353149,1181,1265,55,Jacksonville State,fbs,Conference USA,25,"[3, 0, 8, 14]",0.0025647878646850586,1613,1529,2.6005906885756223,,,
401767417,2025,5,regular,2025-09-27T23:00:00.000Z,False,True,True,True,56210,499,Cotton Bowl,2504,Prairie View A&M,fcs,SWAC,28,"[7, 7, 7, 7]",1,,,2755,Grambling,fcs,SWAC,13,"[3, 3, 0, 7]",0,,,3.5373816137402594,,,
401757273,2025,5,regular,2025-09-27T23:00:00.000Z,False,True,False,True,10068,3878,Plaster Sports Complex,2623,Missouri State,fbs,Conference USA,22,"[0, 9, 7, 6]",0.05562228709459305,1338,1335,98,Western Kentucky,fbs,Conference USA,27,"[0, 10, 14, 3]",0.944377712905407,1411,1414,6.079149938303324,,,
401767240,2025,5,regular,2025-09-27T23:00:00.000Z,False,True,False,False,3006,3734,Gayle and Tom Benson Stadium,2916,Incarnate Word,fcs,Southland,38,"[7, 10, 14, 7]",0.9786313772201538,,,2000,Abilene Christian,fcs,UAC,7,"[7, 0, 0, 0]",0.02136862277984619,,,3.236177674663563,,,
401767422,2025,5,regular,2025-09-27T23:00:00.000Z,False,True,False,True,27487,3599,Ace W. Mumford Stadium,2582,Southern,fcs,SWAC,13,"[3, 10, 0, 0]",0.15294674038887024,,,2296,Jackson State,fcs,SWAC,38,"[7, 10, 7, 14]",0.8470532596111298,,,4.729984066708796,,,
401767523,2025,5,regular,2025-09-27T23:00:00.000Z,False,True,False,False,4154,3944,Strawberry Stadium,2545,SE Louisiana,fcs,Southland,45,"[7, 21, 14, 3]",0.9640505313873291,,,292,UT Rio Grande Valley,fcs,Southland,31,"[0, 10, 7, 14]",0.0359494686126709,,,3.0201753428221405,,,
401767412,2025,5,regular,2025-09-27T23:00:00.000Z,False,True,False,False,3284,4762,Memorial Stadium (Commerce TX),2837,East Texas A&M,fcs,Southland,42,"[7, 14, 0, 21]",0,,,2428,North Carolina Central,fcs,MEAC,50,"[14, 17, 16, 3]",1,,,4.954307272175702,,,
401773354,2025,5,regular,2025-09-27T23:00:00.000Z,False,True,False,True,,4763,Ranger Field,2823,Northwestern (OK),ii,Great American,20,"[3, 3, 0, 14]",,,,2191,East Central,ii,Great American,41,"[0, 31, 10, 0]",,,,,,,
401773334,2025,5,regular,2025-09-27T23:00:00.000Z,False,True,False,True,,5870,Thone Stadium at Buerkle Field,2033,Arkansas Tech,ii,Great American,24,"[0, 10, 7, 7]",,,,2028,Arkansas Monticello,ii,Great American,31,"[13, 0, 0, 18]",,,,,,,
401773557,2025,5,regular,2025-09-27T23:00:00.000Z,False,True,False,True,,5917,Ratliff Stadium,110243,UT Permian Basin,ii,Lone Star,37,"[7, 24, 6, 0]",,,,2395,Midwestern State,ii,Lone Star,15,"[0, 0, 2, 13]",,,,,,,
401767219,2025,5,regular,2025-09-27T23:00:00.000Z,False,True,False,True,6769,3748,Graham Stadium,2630,UT Martin,fcs,OVC-Big South,34,"[14, 7, 3, 10]",0.9964356422424316,,,2546,Southeast Missouri State,fcs,OVC-Big South,10,"[7, 0, 3, 0]",0.0035643577575683594,,,2.7580024827543106,,,
401767483,2025,5,regular,2025-09-27T23:00:00.000Z,False,True,False,False,6326,3882,Provost Umphrey Stadium,2320,Lamar,fcs,Southland,35,"[14, 7, 14, 0]",0.9825285077095032,,,2110,Central Arkansas,fcs,UAC,32,"[14, 3, 0, 15]",0.017471492290496826,,,6.169627109441579,,,
401756904,2025,5,regular,2025-09-27T23:00:00.000Z,False,True,False,True,61500,3772,Jack Trice Stadium,66,Iowa State,fbs,Big 12,39,"[8, 14, 14, 3]",1,1608,1655,12,Arizona,fbs,Big 12,14,"[0, 7, 7, 0]",0,1469,1422,2.561086514101573,,,
401774452,2025,5,regular,2025-09-27T23:00:00.000Z,False,True,False,True,,4423,Young-Wise Memorial Stadium,418,Hendrix,iii,Southern Athletic,47,"[16, 14, 10, 7]",,,,2519,Rhodes,iii,Southern Athletic,28,"[7, 7, 7, 7]",,,,,,,
401776796,2025,5,regular,2025-09-27T23:00:00.000Z,False,True,False,True,,10463,Grand Rapids Christian High School,129738,Calvin,iii,Michigan,24,"[3, 14, 0, 7]",,,,126,Kalamazoo,iii,Michigan,16,"[3, 7, 3, 3]",,,,,,,
401777012,2025,5,regular,2025-09-27T23:00:00.000Z,False,True,False,True,,5841,Pete FioRito Stadium at McKinzie Field,101,Eureka,iii,NACC,0,"[0, 0, 0, 0]",,,,2044,Aurora,iii,NACC,66,"[28, 24, 7, 7]",,,,,,,
401762472,2025,5,regular,2025-09-27T23:00:00.000Z,False,True,False,True,17733,3715,FAU Stadium,2226,Florida Atlantic,fbs,American Athletic,26,"[7, 9, 3, 7]",0.009624889120459557,1231,1201,235,Memphis,fbs,American Athletic,55,"[10, 7, 7, 31]",0.9903751108795404,1659,1689,6.5867582029500635,,,
401777281,2025,5,regular,2025-09-27T23:00:00.000Z,False,True,False,True,,5864,Robert E. Thorn Field,146,Grove City,iii,Presidents',14,"[0, 0, 7, 7]",,,,2686,Washington & Jefferson,iii,Presidents',34,"[3, 21, 10, 0]",,,,,,,
401773235,2025,5,regular,2025-09-27T23:00:00.000Z,False,True,False,True,,3698,Donnell Stadium,2224,Findlay,ii,Great Midwest Athletic,37,"[10, 13, 14, 0]",,,,2646,Thomas More,ii,Great Midwest Athletic,7,"[0, 7, 0, 0]",,,,,,,
401774389,2025,5,regular,2025-09-27T23:00:00.000Z,False,True,False,True,,6093,Holmgren Athletic Complex,75,North Park,iii,CCIW,34,"[14, 2, 3, 15]",,,,72,Elmhurst,iii,CCIW,6,"[0, 6, 0, 0]",,,,,,,
401773679,2025,5,regular,2025-09-27T23:00:00.000Z,False,True,False,True,,5784,Cebe Ross Field,455,West Virginia Wesleyan,ii,Mountain East,9,"[3, 0, 0, 6]",,,,341,Frostburg State,ii,Mountain East,55,"[7, 27, 14, 7]",,,,,,,
401773427,2025,5,regular,2025-09-27T23:00:00.000Z,False,True,False,True,,3878,Plaster Sports Complex,2586,Southwest Baptist,ii,Great Lakes,40,"[0, 14, 14, 12]",,,,2402,Missouri S&T,ii,Great Lakes,42,"[14, 10, 9, 9]",,,,,,,
401773124,2025,5,regular,2025-09-27T23:00:00.000Z,False,True,False,True,,5935,Parker Field at McCool Stadium,2170,Delta State,ii,Gulf South,52,"[14, 21, 7, 10]",,,,101784,Erskine,ii,Carolinas,0,"[0, 0, 0, 0]",,,,,,,
401773383,2025,5,regular,2025-09-27T23:00:00.000Z,False,True,False,True,,6073,Milam Stadium,2927,Southwestern Oklahoma State,ii,Great American,38,"[14, 7, 10, 7]",,,,319,Oklahoma Baptist,ii,Great American,24,"[7, 7, 0, 10]",,,,,,,
401767370,2025,5,regular,2025-09-27T23:00:00.000Z,False,True,True,True,21442,3805,Simmons Bank Liberty Stadium,2016,Alcorn State,fcs,SWAC,20,"[6, 7, 7, 0]",0.9199836254119873,,,2029,Arkansas-Pine Bluff,fcs,SWAC,24,"[3, 14, 0, 7]",0.0800163745880127,,,10.078954657557292,,,
401773371,2025,5,regular,2025-09-27T23:00:00.000Z,False,True,False,True,,5113,Ruggles Field at Carpenter-Haygood Stadium,2271,Henderson State,ii,Great American,21,"[7, 7, 0, 7]",,,,2568,Southern Arkansas,ii,Great American,24,"[3, 14, 0, 7]",,,,,,,
401752718,2025,5,regular,2025-09-27T23:30:00.000Z,False,True,False,True,93033,3917,Sanford Stadium,61,Georgia,fbs,SEC,21,"[0, 14, 7, 0]",0.19026361405849457,2043,2033,333,Alabama,fbs,SEC,24,"[7, 17, 0, 0]",0.8097363859415054,1948,1958,6.2853613474576715,,,
401752950,2025,5,regular,2025-09-27T23:30:00.000Z,False,True,False,False,32087,5388,Canvas Stadium,36,Colorado State,fbs,Mountain West,3,"[3, 0, 0, 0]",0.020959042012691498,1368,1320,265,Washington State,fbs,Pac-12,20,"[10, 10, 0, 0]",0.9790409579873085,1307,1355,4.024978427575145,,,
401752854,2025,5,regular,2025-09-27T23:30:00.000Z,False,True,False,True,111015,3632,Beaver Stadium,213,Penn State,fbs,Big Ten,24,"[0, 3, 0, 14, 7, 0]",0.1887364685535431,2087,2070,2483,Oregon,fbs,Big Ten,30,"[0, 3, 7, 7, 7, 6]",0.8112635314464569,2001,2018,6.821436627621328,,,
401760379,2025,5,regular,2025-09-27T23:30:00.000Z,False,True,False,False,32904,3653,Albertsons Stadium,68,Boise State,fbs,Mountain West,47,"[14, 10, 9, 14]",0.9969602227210999,1587,1653,2026,App State,fbs,Sun Belt,14,"[0, 7, 7, 0]",0.0030397772789001465,1390,1324,3.0308629395219366,,,
401752721,2025,5,regular,2025-09-27T23:30:00.000Z,False,True,False,False,57321,3838,Memorial Stadium,142,Missouri,fbs,SEC,42,"[14, 7, 14, 7]",0.9859509468078613,1762,1781,113,Massachusetts,fbs,Mid-American,6,"[6, 0, 0, 0]",0.014049053192138672,1058,1039,2.574124852200219,,,
401754549,2025,5,regular,2025-09-27T23:30:00.000Z,False,True,False,False,26357,3940,Stanford Stadium,24,Stanford,fbs,ACC,30,"[7, 7, 0, 16]",0.601484477519989,1249,1255,23,San José State,fbs,Mountain West,29,"[10, 10, 0, 9]",0.398515522480011,1429,1423,7.475573235995273,,,
401752722,2025,5,regular,2025-09-27T23:45:00.000Z,False,True,False,True,79266,3994,Williams-Brice Stadium,2579,South Carolina,fbs,SEC,35,"[7, 21, 0, 7]",0.991369366645813,1638,1682,96,Kentucky,fbs,SEC,13,"[10, 0, 3, 0]",0.008630633354187012,1557,1513,3.3690642585545874,,,
401773364,2025,5,regular,2025-09-28T00:00:00.000Z,False,True,False,True,,5885,First Security Stadium,2264,Harding,ii,Great American,24,"[7, 0, 14, 3]",,,,2888,Ouachita Baptist,ii,Great American,7,"[0, 0, 7, 0]",,,,,,,
401761615,2025,5,regular,2025-09-28T00:00:00.000Z,False,True,False,True,20125,3666,Cajun Field,309,Louisiana,fbs,Sun Belt,54,"[3, 14, 3, 21, 7, 6]",0.017636394128203392,1364,1367,276,Marshall,fbs,Sun Belt,51,"[3, 14, 17, 7, 7, 3]",0.9823636058717966,1511,1508,7.478263274664832,,,
401773587,2025,5,regular,2025-09-28T00:00:00.000Z,False,True,False,True,,3633,Ben Altamirano Field,2703,Western New Mexico,ii,Lone Star,31,"[0, 17, 14, 0]",,,,2120,Central Washington,ii,Lone Star,91,"[35, 28, 14, 14]",,,,,,,
401773616,2025,5,regular,2025-09-28T00:00:00.000Z,False,True,False,True,,5890,Lewis Field Stadium,2231,Fort Hays,ii,Mid America,31,"[7, 7, 3, 14]",,,,137,Missouri Western,ii,Mid America,23,"[10, 10, 0, 3]",,,,,,,
401773583,2025,5,regular,2025-09-28T00:00:00.000Z,False,True,False,True,,5884,Buffalo Stadium,2704,West Texas,ii,Lone Star,35,"[6, 6, 10, 13]",,,,2848,Western Oregon,ii,Lone Star,7,"[0, 0, 0, 7]",,,,,,,
401773567,2025,5,regular,2025-09-28T00:00:00.000Z,False,True,False,True,,6123,Jackson Field,2834,Sul Ross State,ii,Lone Star,3,[],,,,2658,Texas A&M-Kingsville,ii,Lone Star,52,[],,,,,,,
401767491,2025,5,regular,2025-09-28T00:00:00.000Z,False,True,False,True,10684,3756,Homer Bryce Stadium,2617,Stephen F. Austin,fcs,Southland,34,"[0, 14, 10, 10]",0.8797069191932678,,,2377,McNeese,fcs,Southland,17,"[7, 0, 3, 7]",0.12029308080673218,,,5.446430396198218,,,
401767293,2025,5,regular,2025-09-28T00:30:00.000Z,False,True,False,True,5769,3706,Eccles Coliseum,253,Southern Utah,fcs,UAC,24,"[3, 0, 14, 7]",0.2780713438987732,,,2698,West Georgia,fcs,UAC,27,"[3, 14, 7, 3]",0.7219286561012268,,,5.015148954854712,,,
401767073,2025,5,regular,2025-09-28T01:00:00.000Z,False,True,False,True,15016,3757,Hornet Stadium,16,Sacramento State,fcs,Big Sky,24,"[7, 14, 0, 3]",0.0071644908748567104,,,13,Cal Poly,fcs,Big Sky,32,"[18, 7, 7, 0]",0.9928355091251433,,,5.28731486366446,,,
401757272,2025,5,regular,2025-09-28T01:00:00.000Z,False,True,False,True,13013,3946,Sun Bowl,2638,UTEP,fbs,Conference USA,11,"[0, 0, 0, 11]",0.1915610134601593,1227,1205,2348,Louisiana Tech,fbs,Conference USA,30,"[7, 0, 3, 20]",0.8084389865398407,1468,1490,4.2935016288278005,,,
401774267,2025,5,regular,2025-09-28T02:00:00.000Z,False,True,False,True,,5819,Ernie Chapman Stadium,411,Chapman,iii,So. Cal.,56,"[7, 28, 14, 7]",,,,2318,La Verne,iii,So. Cal.,6,"[0, 0, 6, 0]",,,,,,,
401767158,2025,5,regular,2025-09-28T02:00:00.000Z,False,True,False,True,12238,3602,Aggie Stadium,302,UC Davis,fcs,Big Sky,34,"[0, 17, 3, 14]",0.9575756788253784,,,2692,Weber State,fcs,Big Sky,12,"[0, 3, 3, 6]",0.04242432117462158,,,3.4792708088004978,,,
401774261,2025,5,regular,2025-09-28T02:00:00.000Z,False,True,False,True,,6103,Merritt Field,2923,Pomona Pitzer,iii,So. Cal.,25,"[3, 7, 0, 15]",,,,17,Claremont Mudd Scripps,iii,So. Cal.,17,"[3, 3, 5, 6]",,,,,,,
401774253,2025,5,regular,2025-09-28T02:00:00.000Z,False,True,False,True,,6106,Ted Runner Stadium,29,Redlands,iii,So. Cal.,10,"[3, 0, 0, 7]",,,,2094,Cal Lutheran,iii,So. Cal.,27,"[7, 3, 10, 7]",,,,,,,
401767091,2025,5,regular,2025-09-28T02:15:00.000Z,False,True,False,True,27025,3987,Washington-Grizzly Stadium,149,Montana,fcs,Big Sky,41,"[10, 7, 14, 10]",1,,,70,Idaho,fcs,Big Sky,30,"[0, 6, 8, 16]",0,,,4.08613851620064,,,
401756903,2025,5,regular,2025-09-28T02:15:00.000Z,False,True,False,True,52265,3726,Folsom Field,38,Colorado,fbs,Big 12,21,"[14, 0, 7, 0]",0.32688406109809875,1617,1618,252,BYU,fbs,Big 12,24,"[3, 7, 7, 7]",0.6731159389019012,1703,1702,5.397702544157396,,,
401757275,2025,6,regular,2025-10-03T01:00:00.000Z,False,True,False,True,9089,3601,Aggie Memorial Stadium,166,New Mexico State,fbs,Conference USA,37,"[0, 10, 3, 24]",0.9957097768783569,1147,1229,2534,Sam Houston,fbs,Conference USA,10,"[0, 3, 7, 0]",0.004290223121643066,1243,1161,3.263384173376266,,,
401774075,2025,6,regular,2025-10-03T22:00:00.000Z,False,True,False,True,,5124,Homewood Field,118,Johns Hopkins,iii,Centennial,55,"[21, 21, 10, 3]",,,,2175,Dickinson,iii,Centennial,10,"[0, 0, 7, 3]",,,,,,,
401762475,2025,6,regular,2025-10-03T23:00:00.000Z,False,True,False,True,34577,3886,Raymond James Stadium,58,South Florida,fbs,American Athletic,54,"[23, 10, 0, 21]",0.9636630415916443,1482,1521,2429,Charlotte,fbs,American Athletic,26,"[0, 7, 3, 16]",0.03633695840835571,1183,1144,2.2800703984341304,,,
401757276,2025,6,regular,2025-10-03T23:00:00.000Z,False,True,False,True,19176,3695,Delaware Stadium,48,Delaware,fbs,Conference USA,24,"[7, 10, 0, 7]",0.08564870804548264,1501,1491,98,Western Kentucky,fbs,Conference USA,27,"[0, 10, 17, 0]",0.9143512919545174,1414,1424,5.912223443709713,,,
401786377,2025,6,regular,2025-10-03T23:00:00.000Z,False,True,False,True,,5939,Cressy Field,379,UMass Dartmouth,iii,MSCAC,31,"[3, 7, 21, 0]",,,,110,Mass Maritime,iii,MSCAC,7,"[7, 0, 0, 0]",,,,,,,
401767320,2025,6,regular,2025-10-03T23:00:00.000Z,False,True,False,False,5047,3656,Brown Stadium,225,Brown,fcs,Ivy,28,"[14, 7, 7, 0]",0.8764925599098206,,,227,Rhode Island,fcs,Coastal Athletic,21,"[7, 7, 0, 7]",0.12350744009017944,,,4.727150959915104,,,
401767681,2025,6,regular,2025-10-03T23:30:00.000Z,False,True,False,True,4286,3881,Princeton University Stadium,163,Princeton,fcs,Ivy,17,"[0, 7, 0, 10]",1,,,171,Columbia,fcs,Ivy,10,"[10, 0, 0, 0]",0,,,4.527001849912057,,,
401760384,2025,6,regular,2025-10-04T02:00:00.000Z,False,True,False,True,12109,3935,CEFCU Stadium,23,San José State,fbs,Mountain West,35,"[7, 14, 14, 0]",0.9569445848464966,1423,1433,167,New Mexico,fbs,Mountain West,28,"[0, 17, 0, 11]",0.04305541515350342,1426,1416,3.656062003082878,,,
401756909,2025,6,regular,2025-10-04T02:30:00.000Z,False,True,False,True,63917,3801,LaVell Edwards Stadium,252,BYU,fbs,Big 12,38,"[14, 14, 3, 7]",0.9500316381454468,1702,1701,277,West Virginia,fbs,Big 12,24,"[0, 10, 7, 7]",0.04996836185455322,1341,1342,2.9887289453194654,,,
401760382,2025,6,regular,2025-10-04T02:30:00.000Z,False,True,False,True,29019,7311,Snapdragon Stadium,21,San Diego State,fbs,Mountain West,45,"[7, 21, 10, 7]",0.9995191097259521,1424,1463,36,Colorado State,fbs,Mountain West,24,"[0, 10, 0, 14]",0.00048089027404785156,1320,1281,3.06872635804126,,,
401774247,2025,6,regular,2025-10-04T15:00:00.000Z,False,True,False,True,,5802,Belhaven Bowl Stadium,2056,Belhaven,iii,USA South,23,"[3, 0, 7, 10, 3]",,,,2913,Brevard,iii,USA South,20,"[7, 3, 7, 3, 0]",,,,,,,
401777005,2025,6,regular,2025-10-04T16:00:00.000Z,False,True,False,True,,5845,Elliot Field Athletic Complex,114,Fitchburg State,iii,MSCAC,12,"[0, 0, 6, 6]",,,,2967,Framingham State,iii,MSCAC,22,"[6, 0, 2, 14]",,,,,,,
401767628,2025,6,regular,2025-10-04T16:00:00.000Z,False,True,False,True,4183,36,Leonidoff Field,2368,Marist,fcs,Pioneer,19,"[6, 0, 6, 7]",0.7808886170387268,,,301,San Diego,fcs,Pioneer,14,"[7, 0, 0, 7]",0.2191113829612732,,,6.90459289053585,,,
401752728,2025,6,regular,2025-10-04T16:00:00.000Z,False,True,False,True,93033,3917,Sanford Stadium,61,Georgia,fbs,SEC,35,"[14, 7, 14, 0]",1,2033,2033,96,Kentucky,fbs,SEC,14,"[0, 7, 0, 7]",0,1513,1513,2.8258150901367185,,,
401754550,2025,6,regular,2025-10-04T16:00:00.000Z,False,True,False,True,51101,3752,Acrisure Stadium,221,Pittsburgh,fbs,ACC,48,"[10, 21, 14, 3]",0.9918763637542725,1511,1624,103,Boston College,fbs,ACC,7,"[0, 0, 0, 7]",0.008123636245727539,1462,1349,2.486695716920178,,,
401767751,2025,6,regular,2025-10-04T16:00:00.000Z,False,True,False,True,1068,3623,Arthur J. Rooney Athletic Field,2184,Duquesne,fcs,NEC,34,"[0, 20, 7, 7]",0.9894347190856934,,,284,Stonehill,fcs,NEC,14,"[0, 0, 0, 14]",0.01056528091430664,,,3.37212015610138,,,
401783362,2025,6,regular,2025-10-04T16:00:00.000Z,False,True,False,True,,5997,Brooks Stadium (NY),2383,Merchant Marine,iii,NEWMAC,6,"[0, 3, 0, 3]",,,,109,MIT,iii,NEWMAC,3,"[3, 0, 0, 0]",,,,,,,
401754552,2025,6,regular,2025-10-04T16:00:00.000Z,False,True,False,True,50500,3787,Kenan Stadium,153,North Carolina,fbs,ACC,10,"[3, 0, 0, 7]",0.026435913518071175,1388,1342,228,Clemson,fbs,ACC,38,"[28, 7, 0, 3]",0.9735640864819288,1642,1688,3.1263997871486096,,,
401762830,2025,6,regular,2025-10-04T16:00:00.000Z,False,True,False,True,8427,3919,Scheumann Stadium,2050,Ball State,fbs,Mid-American,20,"[0, 0, 10, 10]",0.15050174295902252,1095,1131,195,Ohio,fbs,Mid-American,14,"[7, 7, 0, 0]",0.8494982570409775,1604,1568,7.259397238585601,,,
401767660,2025,6,regular,2025-10-04T16:00:00.000Z,False,True,False,False,2044,3624,Arute Field,2115,Central Connecticut,fcs,NEC,42,"[7, 13, 0, 15, 7]",0.3246845304965973,,,2529,Sacred Heart,fcs,FCS Independents,35,"[0, 14, 7, 14, 0]",0.6753154695034027,,,7.138929419354858,,,
401767666,2025,6,regular,2025-10-04T16:00:00.000Z,False,True,False,False,,3676,Christy Mathewson-Memorial Stadium,2083,Bucknell,fcs,Patriot,33,"[7, 10, 7, 9]",0.30995991826057434,,,257,Richmond,fcs,Patriot,28,"[14, 7, 7, 0]",0.6900400817394257,,,8.638318239876842,,,
401773846,2025,6,regular,2025-10-04T16:00:00.000Z,False,True,False,True,,4432,Andre Reed Stadium,2315,Kutztown,ii,Pennsylvania State Athletic,49,"[14, 7, 14, 14]",,,,2559,Shippensburg,ii,Pennsylvania State Athletic,0,"[0, 0, 0, 0]",,,,,,,
401767735,2025,6,regular,2025-10-04T16:00:00.000Z,False,True,False,False,4364,3741,Goodman Stadium,2329,Lehigh,fcs,Patriot,31,"[14, 0, 10, 7]",0.9443339705467224,,,43,Yale,fcs,Ivy,13,"[0, 7, 6, 0]",0.05566602945327759,,,3.2689173309069166,,,
401756912,2025,6,regular,2025-10-04T16:00:00.000Z,False,True,False,True,38007,3854,Nippert Stadium,2132,Cincinnati,fbs,Big 12,38,"[17, 14, 0, 7]",0.9722381234169006,1520,1541,66,Iowa State,fbs,Big 12,30,"[0, 15, 7, 8]",0.027761876583099365,1655,1634,3.6924631307420728,,,
401778010,2025,6,regular,2025-10-04T16:00:00.000Z,False,True,False,True,,3920,Schmidt Stadium,398,Wilkes,iii,Landmark Conference,15,"[3, 9, 0, 3]",,,,2108,Catholic,iii,Landmark Conference,13,"[0, 6, 0, 7]",,,,,,,
401774039,2025,6,regular,2025-10-04T16:00:00.000Z,False,True,False,True,,6120,Growney Stadium,374,St. John Fisher,iii,Empire 8,31,"[0, 14, 0, 10, 7]",,,,2781,Brockport,iii,Empire 8,24,"[7, 7, 7, 3, 0]",,,,,,,
401774106,2025,6,regular,2025-10-04T16:00:00.000Z,False,True,False,True,,3717,Edwin Fauver Stadium,184,Rochester (NY),iii,Liberty League,6,"[0, 0, 6, 0]",,,,175,Ithaca,iii,Liberty League,10,"[0, 0, 10, 0]",,,,,,,
401773270,2025,6,regular,2025-10-04T16:00:00.000Z,False,True,False,False,,3877,Pioneer Stadium,3162,Alfred State,iii,Empire 8,41,"[7, 21, 0, 13]",,,,3110,SUNY Morrisville,iii,Empire 8,21,"[0, 14, 7, 0]",,,,,,,
401773280,2025,6,regular,2025-10-04T16:00:00.000Z,False,True,False,False,,6144,"Alumni Field (Westfield, MA)",2909,Westfield State,iii,MSCAC,14,"[7, 0, 7, 0]",,,,15,Anna Maria College,iii,MSCAC,41,"[7, 28, 0, 6]",,,,,,,
401773290,2025,6,regular,2025-10-04T16:00:00.000Z,False,True,False,False,,5831,Dale Lippert Field,110438,Dean,iii,MSCAC,0,"[0, 0, 0, 0]",,,,2972,Plymouth State,iii,MSCAC,34,"[7, 7, 6, 14]",,,,,,,
401773299,2025,6,regular,2025-10-04T16:00:00.000Z,False,True,False,True,,5788,Merrill Field at Yunevich Stadium,365,Alfred,iii,Empire 8,45,"[7, 14, 14, 10]",,,,173,Hartwick,iii,Empire 8,24,"[7, 0, 3, 14]",,,,,,,
401773813,2025,6,regular,2025-10-04T16:00:00.000Z,False,True,False,True,,4436,Adamson Stadium,2858,California (PA),ii,Pennsylvania State Athletic,7,"[0, 7, 0, 0]",,,,611,Seton Hill,ii,Pennsylvania State Athletic,16,"[0, 6, 0, 10]",,,,,,,
401773836,2025,6,regular,2025-10-04T16:00:00.000Z,False,True,False,True,,4441,McConnell Family Stadium,367,Gannon,ii,Pennsylvania State Athletic,38,"[14, 21, 0, 3]",,,,215,Slippery Rock,ii,Pennsylvania State Athletic,35,"[21, 7, 0, 7]",,,,,,,
401776979,2025,6,regular,2025-10-04T16:00:00.000Z,False,True,False,True,,3709,Hempstead Stadium,452,Endicott,iii,Commonwealth Coast,53,"[7, 20, 14, 12]",,,,111675,New England,iii,Commonwealth Coast,14,"[0, 0, 6, 8]",,,,,,,
401752861,2025,6,regular,2025-10-04T16:00:00.000Z,False,True,False,True,56551,3907,Ross-Ade Stadium,2509,Purdue,fbs,Big Ten,27,"[7, 7, 7, 6]",0,1325,1311,356,Illinois,fbs,Big Ten,43,"[0, 27, 13, 3]",1,1571,1585,4.648508792456986,,,
401777967,2025,6,regular,2025-10-04T16:00:00.000Z,False,True,False,True,,3870,Panther Stadium (OH),2477,Ohio Dominican,ii,Great Midwest Athletic,3,"[0, 0, 3, 0]",,,,2886,Northwood,ii,Great Midwest Athletic,28,"[14, 0, 7, 7]",,,,,,,
401778017,2025,6,regular,2025-10-04T16:00:00.000Z,False,True,False,True,,6119,Stagg Field,81,Springfield,iii,NEWMAC,28,"[6, 7, 7, 8]",,,,2776,Salve Regina,iii,NEWMAC,14,"[0, 0, 7, 7]",,,,,,,
401762476,2025,6,regular,2025-10-04T16:00:00.000Z,False,True,False,True,22489,7221,Protective Stadium,5,UAB,fbs,American Athletic,13,"[0, 7, 0, 6]",0.04413039609789848,1278,1260,349,Army,fbs,American Athletic,31,"[0, 10, 7, 14]",0.9558696039021015,1533,1551,4.306678498592513,,,
401777080,2025,6,regular,2025-10-04T16:00:00.000Z,False,True,False,True,,3640,Blackstock Stadium,83,DePauw,iii,North Coast,75,"[42, 19, 7, 7]",,,,391,Oberlin,iii,North Coast,0,"[0, 0, 0, 0]",,,,,,,
401752856,2025,6,regular,2025-10-04T16:00:00.000Z,False,True,False,True,111070,3558,Michigan Stadium,130,Michigan,fbs,Big Ten,24,"[7, 3, 7, 7]",0.9820447564125061,1848,1851,275,Wisconsin,fbs,Big Ten,10,"[7, 0, 0, 3]",0.017955243587493896,1543,1540,3.6001514426885888,,,
401756911,2025,6,regular,2025-10-04T16:00:00.000Z,False,True,False,True,35596,4727,McLane Stadium,239,Baylor,fbs,Big 12,35,"[3, 14, 0, 18]",0.5523378849029541,1590,1593,2306,Kansas State,fbs,Big 12,34,"[7, 10, 14, 3]",0.4476621150970459,1665,1662,7.944630830586239,,,
401760381,2025,6,regular,2025-10-04T16:00:00.000Z,False,True,False,False,37517,3852,Navy-Marine Corps Memorial Stadium,2426,Navy,fbs,American Athletic,34,"[3, 14, 7, 10]",0.6797995567321777,1547,1546,2005,Air Force,fbs,Mountain West,31,"[7, 3, 7, 14]",0.32020044326782227,1351,1352,6.6230747879830165,,,
401767674,2025,6,regular,2025-10-04T16:30:00.000Z,False,True,False,True,,3721,Fisher Field,322,Lafayette,fcs,Patriot,24,"[0, 14, 7, 3]",0.9782513380050659,,,2230,Fordham,fcs,Patriot,10,"[0, 0, 0, 10]",0.021748661994934082,,,3.165418009599246,,,
401773117,2025,6,regular,2025-10-04T17:00:00.000Z,False,True,False,True,,5220,Garrison Stadium,2804,Chowan,ii,Carolinas,16,"[10, 0, 0, 6]",,,,2822,North Greenville,ii,Carolinas,31,"[7, 7, 14, 3]",,,,,,,
401767698,2025,6,regular,2025-10-04T17:00:00.000Z,False,True,False,True,6541,3730,Franklin Field,219,Pennsylvania,fcs,Ivy,36,"[3, 14, 9, 10]",0.9847055077552795,,,159,Dartmouth,fcs,Ivy,24,"[7, 10, 7, 0]",0.015294492244720459,,,5.2074806459228435,,,
401762479,2025,6,regular,2025-10-04T17:00:00.000Z,False,True,False,True,12132,3806,Lincoln Financial Field,218,Temple,fbs,American Athletic,27,"[3, 0, 21, 3]",0.9132686853408813,1205,1228,2636,UTSA,fbs,American Athletic,21,"[7, 7, 7, 0]",0.08673131465911865,1494,1471,3.7445383852734455,,,
401767604,2025,6,regular,2025-10-04T17:00:00.000Z,False,True,False,True,1250,4416,Spec Martin Municipal Stadium,56,Stetson,fcs,Pioneer,35,"[7, 14, 0, 14]",0.9448233842849731,,,2166,Davidson,fcs,Pioneer,32,"[3, 14, 0, 15]",0.055176615715026855,,,7.519684098262455,,,
401767763,2025,6,regular,2025-10-04T17:00:00.000Z,False,True,False,False,15426,6048,Duane Stadium,2771,Merrimack,fcs,FCS Independents,24,"[3, 7, 0, 14]",1,,,2523,Robert Morris,fcs,NEC,7,"[7, 0, 0, 0]",0,,,4.65751085424481,,,
401776777,2025,6,regular,2025-10-04T17:00:00.000Z,False,True,False,True,,5787,Docking Stadium,2003,Adrian,iii,Michigan,28,"[7, 7, 7, 7]",,,,2790,Albion,iii,Michigan,7,"[0, 7, 0, 0]",,,,,,,
401774338,2025,6,regular,2025-10-04T17:00:00.000Z,False,True,False,True,,4422,Valhalla Stadium,2757,Berry,iii,Southern Athletic,54,"[19, 14, 21, 0]",,,,2519,Rhodes,iii,Southern Athletic,14,"[0, 7, 0, 7]",,,,,,,
401774065,2025,6,regular,2025-10-04T17:00:00.000Z,False,True,False,True,,5851,Shirk Field at Musselman Stadium,2248,Gettysburg,iii,Centennial,28,"[7, 7, 7, 7]",,,,2234,Franklin & Marshall,iii,Centennial,35,"[7, 14, 3, 11]",,,,,,,
401777998,2025,6,regular,2025-10-04T17:00:00.000Z,False,True,False,True,,6089,Scotty Wood Stadium,2422,Muhlenberg,iii,Centennial,39,"[0, 19, 6, 14]",,,,2667,Ursinus,iii,Centennial,36,"[7, 7, 8, 14]",,,,,,,
401774221,2025,6,regular,2025-10-04T17:00:00.000Z,False,True,False,True,,5910,Callaway Stadium,548,LaGrange,iii,USA South,41,"[10, 3, 7, 21]",,,,286,North Carolina Wesleyan,iii,USA South,24,"[3, 7, 0, 14]",,,,,,,
401777256,2025,6,regular,2025-10-04T17:00:00.000Z,False,True,False,True,,6140,John F. Wiley Stadium,2845,Waynesburg,iii,Presidents',11,"[0, 3, 0, 8]",,,,2018,Allegheny,iii,Presidents',21,"[7, 7, 0, 7]",,,,,,,
401777985,2025,6,regular,2025-10-04T17:00:00.000Z,False,True,False,True,,7422,Municipal Stadium,126086,Post,ii,Northeast 10,23,"[7, 0, 10, 6]",,,,2830,Saint Anselm,ii,Northeast 10,30,"[7, 12, 0, 11]",,,,,,,
401777983,2025,6,regular,2025-10-04T17:00:00.000Z,False,True,False,False,6384,6058,Ralph F. DellaCamera Stadium,2441,New Haven,fcs,NEC,28,"[13, 9, 6, 0]",0.8760318756103516,,,2487,Pace,ii,Northeast 10,14,"[7, 0, 0, 7]",0.12396812438964844,,,2.793946573143781,,,
401777269,2025,6,regular,2025-10-04T17:00:00.000Z,False,True,False,True,,3677,Chuck Noll Field,2614,Saint Vincent,iii,Presidents',14,"[0, 0, 0, 14]",,,,2963,Case Western Reserve,iii,Presidents',42,"[14, 14, 7, 7]",,,,,,,
401776729,2025,6,regular,2025-10-04T17:00:00.000Z,False,True,False,True,,5795,Edor Nelson Field,124,Augsburg,iii,Minnesota,44,"[6, 3, 14, 21]",,,,133,St. Olaf,iii,Minnesota,13,"[3, 0, 10, 0]",,,,,,,
401767621,2025,6,regular,2025-10-04T17:00:00.000Z,False,True,False,True,4007,3701,Drake Stadium,2181,Drake,fcs,Pioneer,41,"[3, 10, 21, 7]",0.9929555654525757,,,2674,Valparaiso,fcs,Pioneer,0,"[0, 0, 0, 0]",0.007044434547424316,,,2.3938913120130914,,,
401778007,2025,6,regular,2025-10-04T17:00:00.000Z,False,True,False,False,,5848,Hotchkiss Field,417,Gallaudet,iii,Old Dominion,0,"[0, 0, 0, 0]",,,,2258,Guilford,iii,Old Dominion,55,"[7, 27, 7, 14]",,,,,,,
401773796,2025,6,regular,2025-10-04T17:00:00.000Z,False,True,False,True,,6051,James S. Malosky Stadium,134,Minnesota Duluth,ii,Northern Sun,63,"[21, 14, 14, 14]",,,,2587,Southwest Minnesota State,ii,Northern Sun,28,"[7, 0, 7, 14]",,,,,,,
401777244,2025,6,regular,2025-10-04T17:00:00.000Z,False,True,False,True,,6116,Shentel Stadium,2828,Shenandoah,iii,Old Dominion,24,"[7, 3, 0, 14]",,,,2079,Bridgewater,iii,Old Dominion,21,"[0, 6, 0, 15]",,,,,,,
401773101,2025,6,regular,2025-10-04T17:00:00.000Z,False,True,False,True,,6221,Mitchell Stadium,124180,Bluefield State,ii,CIAA,35,"[22, 0, 7, 6]",,,,2551,Shaw,ii,CIAA,33,"[7, 12, 7, 7]",,,,,,,
401777089,2025,6,regular,2025-10-04T17:00:00.000Z,False,True,False,False,,5855,Charles A. Henry Field,2274,Hiram,iii,Presidents',13,"[7, 0, 0, 6]",,,,2686,Washington & Jefferson,iii,Presidents',70,"[21, 28, 7, 14]",,,,,,,
401777231,2025,6,regular,2025-10-04T17:00:00.000Z,False,True,False,True,,5896,Lewis C. Everett Stadium,297,Hampden Sydney,iii,Old Dominion,34,"[7, 14, 0, 13]",,,,2688,Washington and Lee,iii,Old Dominion,42,"[14, 14, 7, 7]",,,,,,,
401767233,2025,6,regular,2025-10-04T17:00:00.000Z,False,True,False,True,5108,3962,Tucker Stadium,2635,Tennessee Tech,fcs,OVC-Big South,66,"[10, 28, 14, 14]",0.9882305264472961,,,2710,Western Illinois,fcs,OVC-Big South,20,"[7, 10, 3, 0]",0.011769473552703857,,,3.6909126909520205,,,
401773095,2025,6,regular,2025-10-04T17:00:00.000Z,False,True,False,True,,5941,Roebuck Stadium,2207,Elizabeth City State,ii,CIAA,39,"[7, 6, 20, 6]",,,,2940,Livingstone,ii,CIAA,27,"[7, 0, 7, 13]",,,,,,,
401777292,2025,6,regular,2025-10-04T17:00:00.000Z,False,True,False,True,,6146,Memorial Field (PA),2849,Westminster (PA),iii,Presidents',52,"[21, 28, 3, 0]",,,,2062,Bethany (WV),iii,Presidents',0,"[0, 0, 0, 0]",,,,,,,
401799147,2025,6,regular,2025-10-04T17:00:00.000Z,False,True,False,True,,3889,Reinhart Field,2951,SUNY Maritime,iii,NEWMAC,26,"[7, 7, 0, 12]",,,,2557,Coast Guard,iii,NEWMAC,28,"[7, 7, 7, 7]",,,,,,,
401754556,2025,6,regular,2025-10-04T17:00:00.000Z,False,True,False,True,65632,3799,Lane Stadium,259,Virginia Tech,fbs,ACC,23,"[7, 7, 9, 0]",0.4085460305213928,1457,1439,154,Wake Forest,fbs,ACC,30,"[3, 21, 3, 3]",0.5914539694786072,1391,1409,6.575458124170345,,,
401773051,2025,6,regular,2025-10-04T17:00:00.000Z,False,True,False,True,,5873,Bulldogs Stadium,2075,Bowie State,ii,CIAA,10,"[0, 7, 3, 0]",,,,2220,Fayetteville State,ii,CIAA,38,"[7, 7, 7, 17]",,,,,,,
401767757,2025,6,regular,2025-10-04T17:00:00.000Z,False,True,False,True,2100,4428,Saxon Stadium,2385,Mercyhurst,fcs,NEC,22,"[6, 9, 0, 7]",0.16550570726394653,,,2341,Long Island University,fcs,NEC,13,"[0, 3, 10, 0]",0.8344942927360535,,,4.568446635184279,,,
401767399,2025,6,regular,2025-10-04T17:00:00.000Z,False,True,False,False,1337,3847,Cooper Field,46,Georgetown,fcs,Patriot,27,"[14, 0, 7, 6]",0.8631947636604309,,,2415,Morgan State,fcs,MEAC,24,"[0, 7, 17, 0]",0.1368052363395691,,,5.396214678158604,,,
401773939,2025,6,regular,2025-10-04T17:00:00.000Z,False,True,False,True,,5840,Fred Selfe Stadium at Nicewonder Field,2213,Emory & Henry,ii,South Atlantic,19,"[3, 2, 3, 11]",,,,2105,Carson Newman,ii,South Atlantic,13,"[0, 3, 10, 0]",,,,,,,
401773076,2025,6,regular,2025-10-04T17:00:00.000Z,False,True,False,True,,3649,Bowman Gray Stadium,2736,Winston-Salem State,ii,CIAA,34,"[0, 14, 7, 13]",,,,2676,Virginia Union,ii,CIAA,44,"[16, 14, 14, 0]",,,,,,,
401766683,2025,6,regular,2025-10-04T17:00:00.000Z,False,True,False,True,,5806,Whittier Field,340,Bowdoin,iii,NESCAC,17,"[0, 3, 0, 14]",,,,2731,Williams,iii,NESCAC,35,"[7, 14, 14, 0]",,,,,,,
401773145,2025,6,regular,2025-10-04T17:00:00.000Z,False,True,False,False,,5843,W.B. Adams Stadium,366,Ferrum,ii,Carolinas,28,"[7, 14, 0, 7]",,,,2560,Shorter,ii,Carolinas,25,"[0, 6, 6, 13]",,,,,,,
401773307,2025,6,regular,2025-10-04T17:00:00.000Z,False,True,False,False,,6113,Leckonby Stadium,2779,St. Lawrence,iii,Liberty League,45,"[21, 10, 14, 0]",,,,125974,Hilbert,iii,Empire 8,14,"[0, 7, 0, 7]",,,,,,,
401773473,2025,6,regular,2025-10-04T17:00:00.000Z,False,True,False,True,,3600,Tom Adams Field,131,Wayne State (MI),ii,GLIAC,24,"[21, 3, 0, 0]",,,,2392,Michigan Tech,ii,GLIAC,48,"[14, 24, 3, 7]",,,,,,,
401773660,2025,6,regular,2025-10-04T17:00:00.000Z,False,True,False,True,,3642,Bobcat Stadium (MD),341,Frostburg State,ii,Mountain East,33,"[7, 13, 7, 6]",,,,2148,Concord,ii,Mountain East,7,"[0, 0, 7, 0]",,,,,,,
401773693,2025,6,regular,2025-10-04T17:00:00.000Z,False,True,False,True,,5886,West Family Stadium,2699,West Liberty,ii,Mountain East,47,"[7, 7, 7, 26]",,,,2707,West Virginia State,ii,Mountain East,41,"[6, 21, 0, 14]",,,,,,,
401773718,2025,6,regular,2025-10-04T17:00:00.000Z,False,True,False,True,,6211,Sodexo Field,112334,Franklin Pierce,ii,Northeast 10,30,"[7, 14, 7, 2]",,,,2022,American International,ii,Northeast 10,20,"[0, 7, 0, 13]",,,,,,,
401773746,2025,6,regular,2025-10-04T17:00:00.000Z,False,True,False,True,,3606,Scheels Field at Nemzek Stadium,2817,Minnesota St Moorhead,ii,Northern Sun,40,"[10, 7, 10, 7, 6]",,,,568,Minot State,ii,Northern Sun,37,"[8, 6, 0, 20, 3]",,,,,,,
401773777,2025,6,regular,2025-10-04T17:00:00.000Z,False,True,False,True,,5933,Sea Foam Stadium,3066,Concordia St. Paul,ii,Northern Sun,19,"[8, 0, 8, 3]",,,,2364,Minnesota State,ii,Northern Sun,47,"[6, 10, 7, 24]",,,,,,,
401767259,2025,6,regular,2025-10-04T17:00:00.000Z,False,True,False,False,2967,5389,Kessler Stadium,2405,Monmouth,fcs,Coastal Athletic,49,"[14, 14, 14, 7]",0.9112586379051208,,,2169,Delaware State,fcs,MEAC,38,"[7, 14, 14, 3]",0.08874136209487915,,,6.344064431670246,,,
401774211,2025,6,regular,2025-10-04T17:00:00.000Z,False,True,False,True,,6117,Knight Stadium,2896,Southern Virginia,iii,USA South,35,"[7, 0, 15, 13]",,,,2256,Greensboro,iii,USA South,22,"[3, 6, 0, 13]",,,,,,,
401773410,2025,6,regular,2025-10-04T17:00:00.000Z,False,True,False,True,,6045,Dwight T. Reed Stadium,2876,Lincoln (MO),ii,Great Lakes,21,"[0, 14, 7, 0]",,,,2586,Southwest Baptist,ii,Great Lakes,50,"[7, 14, 19, 10]",,,,,,,
401776970,2025,6,regular,2025-10-04T17:00:00.000Z,False,True,False,False,,5929,Ritchie Field,274,Maine Maritime,iii,Commonwealth Coast,20,"[0, 0, 0, 20]",,,,2884,Nichols,iii,Commonwealth Coast,49,"[7, 14, 14, 14]",,,,,,,
401774001,2025,6,regular,2025-10-04T17:00:00.000Z,False,True,False,True,,5945,Wildcat Stadium (GA),2232,Fort Valley State,ii,SIAC,14,"[14, 0, 0, 0]",,,,2119,Central State,ii,SIAC,18,"[6, 6, 6, 0]",,,,,,,
401767615,2025,6,regular,2025-10-04T17:00:00.000Z,False,True,False,True,5028,3774,Jayne Stadium,2413,Morehead State,fcs,Pioneer,28,"[0, 0, 28, 0]",0.005595679394900799,,,2168,Dayton,fcs,Pioneer,35,"[7, 21, 0, 7]",0.9944043206050992,,,4.769056333258378,,,
401774150,2025,6,regular,2025-10-04T17:00:00.000Z,False,True,False,True,,6095,Sabine Field at Haynes Family Stadium,2467,Norwich,iii,NEWMAC,7,"[7, 0, 0, 0]",,,,2749,WPI,iii,NEWMAC,14,"[0, 7, 0, 7]",,,,,,,
401783306,2025,6,regular,2025-10-04T17:00:00.000Z,False,True,False,True,,5925,David Person Field,2354,Lycoming,iii,Landmark Conference,17,"[0, 7, 3, 7]",,,,323,Moravian,iii,Landmark Conference,0,"[0, 0, 0, 0]",,,,,,,
401767269,2025,6,regular,2025-10-04T17:00:00.000Z,False,True,False,True,7302,3688,Wildcat Stadium,160,New Hampshire,fcs,Coastal Athletic,7,"[7, 0, 0, 0]",0.005838637240231037,,,222,Villanova,fcs,Coastal Athletic,37,"[7, 17, 0, 13]",0.994161362759769,,,3.004991489116208,,,
401773236,2025,6,regular,2025-10-04T17:00:00.000Z,False,True,False,True,,3718,Tom Benson Hall of Fame Stadium,2682,Walsh,ii,Great Midwest Athletic,10,"[0, 7, 0, 3]",,,,2224,Findlay,ii,Great Midwest Athletic,31,"[0, 14, 14, 3]",,,,,,,
401774315,2025,6,regular,2025-10-04T17:00:00.000Z,False,True,False,True,,5905,Kean Alumni Stadium,2871,Kean,iii,New Jersey,28,"[14, 7, 0, 7]",,,,2818,Montclair State,iii,New Jersey,38,"[0, 21, 7, 10]",,,,,,,
401774133,2025,6,regular,2025-10-04T17:00:00.000Z,False,True,False,False,,6150,Wightman Stadium,2970,William Paterson,iii,New Jersey,32,"[7, 8, 0, 17]",,,,293,Vermont State Castleton,iii,New Jersey,7,"[0, 7, 0, 0]",,,,,,,
401774124,2025,6,regular,2025-10-04T17:00:00.000Z,False,True,False,True,,6130,Fred Zollner Athletic Stadium,2651,Trine,iii,Michigan,35,"[7, 7, 14, 7]",,,,2812,Hope,iii,Michigan,55,"[14, 14, 7, 20]",,,,,,,
401774303,2025,6,regular,2025-10-04T17:00:00.000Z,False,True,False,True,,6143,Golden Bear Stadium,2702,Western New England,iii,Commonwealth Coast,35,"[7, 14, 7, 7]",,,,2280,Husson,iii,Commonwealth Coast,10,"[3, 7, 0, 0]",,,,,,,
401774346,2025,6,regular,2025-10-04T17:00:00.000Z,False,True,False,True,,5818,Farris Stadium,2121,Centre,iii,Southern Athletic,37,"[7, 7, 13, 10]",,,,2398,Millsaps,iii,Southern Athletic,36,"[10, 0, 19, 7]",,,,,,,
401774101,2025,6,regular,2025-10-04T17:00:00.000Z,False,True,False,True,,5856,Boswell Field at David J. Urick Stadium,174,Hobart,iii,Liberty League,10,"[0, 3, 7, 0]",,,,2528,Rensselaer,iii,Liberty League,36,"[7, 16, 7, 6]",,,,,,,
401774288,2025,6,regular,2025-10-04T17:00:00.000Z,False,True,False,True,,6112,Richard Wackar Stadium,2827,Rowan,iii,New Jersey,41,"[13, 7, 7, 7, 7, 0]",,,,3112,Christopher Newport,iii,New Jersey,49,"[6, 14, 0, 14, 7, 8]",,,,,,,
401774085,2025,6,regular,2025-10-04T17:00:00.000Z,False,True,False,False,,5902,Knox Stadium,246,Juniata,iii,Landmark Conference,15,"[8, 7, 0, 0]",,,,2843,Western Connecticut State,iii,Landmark Conference,63,"[16, 27, 17, 3]",,,,,,,
401774048,2025,6,regular,2025-10-04T17:00:00.000Z,False,True,False,True,,5125,Stadium Red Field,2782,SUNY Cortland,iii,Empire 8,28,"[7, 7, 7, 7]",,,,390,Utica,iii,Empire 8,13,"[7, 0, 6, 0]",,,,,,,
401774322,2025,6,regular,2025-10-04T17:00:00.000Z,False,True,False,True,,6114,Sea Gull Stadium,2532,Salisbury,iii,New Jersey,55,"[12, 29, 7, 7]",,,,2442,The College of New Jersey,iii,New Jersey,10,"[0, 3, 0, 7]",,,,,,,
401773386,2025,6,regular,2025-10-04T17:00:00.000Z,False,True,False,True,,6065,Cliff Harris Stadium,2888,Ouachita Baptist,ii,Great American,35,"[7, 14, 7, 7]",,,,319,Oklahoma Baptist,ii,Great American,13,"[0, 10, 3, 0]",,,,,,,
401766684,2025,6,regular,2025-10-04T17:00:00.000Z,False,True,False,True,,6141,Corwin Stadium,336,Wesleyan (CT),iii,NESCAC,56,"[0, 35, 7, 14]",,,,348,Hamilton,iii,NESCAC,14,"[0, 0, 7, 7]",,,,,,,
401773671,2025,6,regular,2025-10-04T17:00:00.000Z,False,True,False,True,,5887,I.L. & Sue Morris Stadium,2249,Glenville State,ii,Mountain East,36,"[10, 16, 10, 0]",,,,2986,Fairmont State,ii,Mountain East,24,"[0, 7, 14, 3]",,,,,,,
401773125,2025,6,regular,2025-10-04T17:30:00.000Z,False,True,False,False,,7076,J.W. Babb Stadium,101784,Erskine,ii,Carolinas,7,"[7, 0, 0, 0]",,,,2882,UNC Pembroke,ii,Carolinas,44,"[6, 21, 10, 7]",,,,,,,
401767592,2025,6,regular,2025-10-04T17:30:00.000Z,False,True,False,True,3571,3737,Gibbs Stadium,2747,Wofford,fcs,Southern,21,"[8, 7, 6, 0]",0.42931532859802246,,,2717,Western Carolina,fcs,Southern,23,"[7, 7, 6, 3]",0.5706846714019775,,,7.152836992725605,,,
401766685,2025,6,regular,2025-10-04T17:30:00.000Z,False,True,False,True,,6131,Jessee/Miller Field,2977,Trinity (CT),iii,NESCAC,41,"[7, 13, 7, 14]",,,,112,Tufts,iii,NESCAC,14,"[0, 7, 0, 7]",,,,,,,
401767164,2025,6,regular,2025-10-04T17:30:00.000Z,False,True,False,True,3618,3710,Ernest W. Spangler Stadium,2241,Gardner-Webb,fcs,OVC-Big South,30,"[3, 7, 0, 20]",0.07800617069005966,,,2127,Charleston Southern,fcs,OVC-Big South,27,"[0, 7, 0, 20]",0.9219938293099403,,,6.5168095636601775,,,
401767436,2025,6,regular,2025-10-04T17:30:00.000Z,False,True,False,False,24322,3864,Oliver C. Dawson Stadium,2569,South Carolina State,fcs,MEAC,49,"[14, 7, 14, 14]",0.892446756362915,,,2542,Savannah State,ii,SIAC,6,"[3, 0, 3, 0]",0.10755324363708496,,,3.0647234180577136,,,
401774400,2025,6,regular,2025-10-04T17:30:00.000Z,False,True,False,True,,5805,Alumni Field (OH),2074,Bluffton,iii,Heartland,39,"[6, 13, 6, 14]",,,,2362,Manchester,iii,Heartland,23,"[3, 0, 0, 20]",,,,,,,
401777185,2025,6,regular,2025-10-04T17:30:00.000Z,False,True,False,True,,5854,Hoernemann Stadium,191,Heidelberg,iii,Ohio,30,"[7, 13, 7, 3]",,,,424,Capital,iii,Ohio,27,"[3, 7, 3, 14]",,,,,,,
401777207,2025,6,regular,2025-10-04T17:30:00.000Z,False,True,False,True,,4856,Mount Union Stadium,426,Mount Union,iii,Ohio,62,"[13, 7, 28, 14]",,,,359,Otterbein,iii,Ohio,7,"[7, 0, 0, 0]",,,,,,,
401774431,2025,6,regular,2025-10-04T17:30:00.000Z,False,True,False,True,,6088,Schueler Field,2419,Mount St Joseph,iii,Heartland,41,"[14, 14, 6, 7]",,,,2023,Anderson (IN),iii,Heartland,21,"[7, 7, 0, 7]",,,,,,,
401783917,2025,6,regular,2025-10-04T17:30:00.000Z,False,True,False,True,,5898,John Coughlin Memorial Field,402,Worcester State,iii,MSCAC,19,"[7, 9, 0, 3]",,,,18,Bridgewater State,iii,MSCAC,10,"[3, 0, 7, 0]",,,,,,,
401767531,2025,6,regular,2025-10-04T17:30:00.000Z,False,True,False,True,3865,3597,Alumni Memorial Field,2678,VMI,fcs,Southern,14,"[0, 3, 8, 3]",0.05410207435488701,,,236,Chattanooga,fcs,Southern,21,"[0, 14, 7, 0]",0.945897925645113,,,4.7538806725971385,,,
401777042,2025,6,regular,2025-10-04T18:00:00.000Z,False,True,False,True,,6284,Village of Lisle-Benedictine University Sports Complex,2283,Benedictine (IL),iii,NACC,42,"[21, 0, 7, 14]",,,,2524,Rockford,iii,NACC,9,"[0, 0, 6, 3]",,,,,,,
401774161,2025,6,regular,2025-10-04T18:00:00.000Z,False,True,False,True,,5916,Carson Park,2738,Wisconsin Eau Claire,iii,Wisconsin,17,"[0, 10, 0, 7]",,,,2744,Wisconsin Stout,iii,Wisconsin,42,"[14, 7, 14, 7]",,,,,,,
401766681,2025,6,regular,2025-10-04T18:00:00.000Z,False,True,False,True,,5861,Rosenbloom Field,65,Grinnell,iii,Midwest,9,"[0, 9, 0, 0]",,,,2919,Monmouth (IL),iii,Midwest,49,"[14, 7, 7, 21]",,,,,,,
401777239,2025,6,regular,2025-10-04T18:00:00.000Z,False,True,True,False,,4134,Salem Stadium,131109,Roanoke College,,,17,,,,,2516,Randolph Macon,iii,Old Dominion,35,,,,,,,,
401776737,2025,6,regular,2025-10-04T18:00:00.000Z,False,True,False,True,,5825,Jake Christiansen Stadium,2152,Concordia (MN),iii,Minnesota,49,"[14, 14, 14, 7]",,,,375,St. Scholastica,iii,Minnesota,21,"[0, 7, 7, 7]",,,,,,,
401773736,2025,6,regular,2025-10-04T18:00:00.000Z,False,True,False,True,,5874,Chet Anderson Stadium,132,Bemidji State,ii,Northern Sun,24,"[0, 7, 3, 14]",,,,425,Northern State,ii,Northern Sun,21,"[0, 7, 0, 14]",,,,,,,
401777588,2025,6,regular,2025-10-04T18:00:00.000Z,False,True,False,True,,5838,Ornelas Stadium,2194,East Texas Baptist,iii,American Southwest,28,"[14, 14, 0, 0]",,,,2371,Mary Hardin Baylor,iii,American Southwest,42,"[7, 14, 14, 7]",,,,,,,
401773485,2025,6,regular,2025-10-04T18:00:00.000Z,False,True,False,True,,3844,Morris Field,127991,Roosevelt,ii,GLIAC,0,"[0, 0, 0, 0]",,,,2222,Ferris State,ii,GLIAC,66,"[21, 21, 10, 14]",,,,,,,
401773770,2025,6,regular,2025-10-04T18:00:00.000Z,False,True,False,True,,6070,Bob Young Field,2894,Sioux Falls,ii,Northern Sun,28,"[0, 14, 14, 0]",,,,2043,Augustana (SD),ii,Northern Sun,29,"[3, 0, 7, 19]",,,,,,,
401773982,2025,6,regular,2025-10-04T18:00:00.000Z,False,True,False,True,,5875,Charlie W. Johnson Stadium,490,Benedict,ii,SIAC,38,"[21, 0, 0, 17]",,,,2019,Allen,ii,SIAC,28,"[7, 14, 7, 0]",,,,,,,
401773799,2025,6,regular,2025-10-04T18:00:00.000Z,False,True,False,True,,5780,Altra Federal Credit Union Stadium,2851,Winona State,ii,Northern Sun,21,"[0, 14, 0, 7]",,,,2844,Wayne State (NE),ii,Northern Sun,14,"[0, 0, 7, 7]",,,,,,,
401773902,2025,6,regular,2025-10-04T18:00:00.000Z,False,True,False,True,,5944,Ray Dennison Memorial Field,2237,Fort Lewis,ii,Rocky Mountain,10,"[0, 3, 0, 7]",,,,2714,Western Colorado,ii,Rocky Mountain,49,"[14, 7, 21, 7]",,,,,,,
401773530,2025,6,regular,2025-10-04T18:00:00.000Z,False,True,False,False,,6062,Gable Field at Doc Wadley Stadium,196,Northeastern State,ii,Independent DII,24,"[7, 10, 0, 7]",,,,110242,West Florida,ii,Gulf South,31,"[0, 17, 0, 14]",,,,,,,
401773920,2025,6,regular,2025-10-04T18:00:00.000Z,False,True,False,True,,10461,Spero Financial Field,129469,Anderson (SC),ii,South Atlantic,50,"[21, 3, 7, 19]",,,,2842,UVA Wise,ii,South Atlantic,7,"[0, 0, 7, 0]",,,,,,,
401767033,2025,6,regular,2025-10-04T18:00:00.000Z,False,True,False,True,2867,3661,Bulldog Stadium,2803,Bryant,fcs,Coastal Athletic,14,"[0, 0, 0, 14]",0.01060777809470892,,,311,Maine,fcs,Coastal Athletic,34,"[17, 17, 0, 0]",0.9893922219052911,,,2.681674062832729,,,
401774177,2025,6,regular,2025-10-04T18:00:00.000Z,False,True,False,True,,5120,J.J. Keller Field at Titan Stadium,2723,Wisconsin River Falls,iii,Wisconsin,17,"[0, 7, 3, 7]",,,,271,Wisconsin Oshkosh,iii,Wisconsin,21,"[0, 14, 0, 7]",,,,,,,
401774184,2025,6,regular,2025-10-04T18:00:00.000Z,False,True,False,True,,5911,Ralph E. Davis Pioneer Stadium,272,Wisconsin Platteville,iii,Wisconsin,52,"[7, 17, 14, 14]",,,,2743,Wisconsin Stevens Point,iii,Wisconsin,0,"[0, 0, 0, 0]",,,,,,,
401773068,2025,6,regular,2025-10-04T18:00:00.000Z,False,True,False,True,,3904,Rogers Stadium (VA),330,Virginia State,ii,CIAA,20,"[0, 14, 0, 6]",,,,2304,Johnson C. Smith,ii,CIAA,31,"[10, 7, 14, 0]",,,,,,,
401777022,2025,6,regular,2025-10-04T18:00:00.000Z,False,True,False,True,,5826,Concordia Stadium,2151,Concordia Chicago,iii,NACC,49,"[7, 21, 14, 7]",,,,101,Eureka,iii,NACC,20,"[0, 0, 6, 14]",,,,,,,
401766678,2025,6,regular,2025-10-04T18:00:00.000Z,False,True,False,True,,3945,Strong Stadium,266,Beloit,iii,Midwest,19,"[0, 6, 0, 13]",,,,2155,Cornell (IA),iii,Midwest,26,"[13, 7, 6, 0]",,,,,,,
401767595,2025,6,regular,2025-10-04T18:00:00.000Z,False,True,False,True,5274,5116,O'Shaughnessy Stadium,2900,St. Thomas (MN),fcs,Pioneer,14,"[7, 0, 0, 7, 0]",0.7176963090896606,,,2086,Butler,fcs,Pioneer,21,"[7, 7, 0, 0, 7]",0.28230369091033936,,,5.9001981961361,,,
401766687,2025,6,regular,2025-10-04T18:00:00.000Z,False,True,False,True,,6079,Alumni Stadium (VT),2394,Middlebury,iii,NESCAC,17,"[0, 3, 0, 14]",,,,7,Amherst,iii,NESCAC,27,"[14, 3, 10, 0]",,,,,,,
401777030,2025,6,regular,2025-10-04T18:00:00.000Z,False,True,False,True,,6121,Donald J. Schneider Stadium,2832,St. Norbert,iii,NACC,17,"[6, 11, 0, 0]",,,,409,Concordia (WI),iii,NACC,24,"[14, 7, 0, 3]",,,,,,,
401766682,2025,6,regular,2025-10-04T18:00:00.000Z,False,True,False,True,,5858,England Stadium,2286,Illinois College,iii,Midwest,59,"[28, 21, 7, 3]",,,,268,Lawrence,iii,Midwest,0,"[0, 0, 0, 0]",,,,,,,
401777202,2025,6,regular,2025-10-04T18:00:00.000Z,False,True,False,True,,6098,Dial-Roberson Stadium,427,Ohio Northern,iii,Ohio,42,"[7, 21, 7, 7]",,,,317,Marietta,iii,Ohio,9,"[3, 0, 6, 0]",,,,,,,
401776752,2025,6,regular,2025-10-04T18:00:00.000Z,False,True,False,True,,5804,Royal Stadium,2802,Bethel (MN),iii,Minnesota,17,"[3, 7, 0, 7]",,,,2600,Saint John's (MN),iii,Minnesota,10,"[0, 10, 0, 0]",,,,,,,
401777770,2025,6,regular,2025-10-04T18:00:00.000Z,False,True,True,False,,,,131108,New England College,,,7,,,,,40,Curry,iii,Commonwealth Coast,62,,,,,,,,
401766680,2025,6,regular,2025-10-04T18:00:00.000Z,False,True,False,True,,5908,Harley Knosher Bowl,255,Knox,iii,Midwest,0,"[0, 0, 0, 0]",,,,80,Chicago,iii,Midwest,52,"[21, 10, 14, 7]",,,,,,,
401776769,2025,6,regular,2025-10-04T18:00:00.000Z,False,True,False,True,,5893,Hollingsworth Field,2968,Gustavus Adolphus,iii,Minnesota,28,"[6, 8, 7, 7]",,,,2101,Carleton,iii,Minnesota,45,"[7, 21, 3, 14]",,,,,,,
401773480,2025,6,regular,2025-10-04T18:00:00.000Z,False,True,False,True,,3885,Harvey Randall Wickes Memorial Stadium,129,Saginaw Valley State,ii,GLIAC,47,"[7, 26, 7, 7]",,,,128,Northern Michigan,ii,GLIAC,25,"[0, 3, 7, 15]",,,,,,,
401776804,2025,6,regular,2025-10-04T18:00:00.000Z,False,True,False,True,,5904,Angell Field,126,Kalamazoo,iii,Michigan,44,"[8, 7, 15, 14]",,,,354,Olivet,iii,Michigan,47,"[6, 20, 7, 14]",,,,,,,
401776790,2025,6,regular,2025-10-04T18:00:00.000Z,False,True,False,True,,5790,Bahlke Field,2800,Alma,iii,Michigan,55,"[17, 21, 10, 7]",,,,129738,Calvin,iii,Michigan,6,"[0, 0, 0, 6]",,,,,,,
401774416,2025,6,regular,2025-10-04T18:00:00.000Z,False,True,False,True,,6111,Cook Stadium,86,Rose Hulman,iii,Heartland,10,"[3, 0, 7, 0]",,,,2262,Hanover,iii,Heartland,44,"[20, 17, 0, 7]",,,,,,,
401774230,2025,6,regular,2025-10-04T18:00:00.000Z,False,True,False,True,,3915,Charles Lee Field at Samford Stadium,2938,Huntingdon,iii,USA South,26,"[7, 12, 7, 0]",,,,291,Methodist,iii,USA South,0,"[0, 0, 0, 0]",,,,,,,
401774169,2025,6,regular,2025-10-04T18:00:00.000Z,False,True,False,True,,4854,Perkins Stadium,2745,Wisconsin Whitewater,iii,Wisconsin,20,"[7, 10, 0, 0, 3, 0]",,,,2740,Wisconsin La Crosse,iii,Wisconsin,23,"[0, 0, 7, 10, 3, 3]",,,,,,,
401773894,2025,6,regular,2025-10-04T18:00:00.000Z,False,True,False,True,,5883,Marv Kay Stadium at Campbell Field,2146,Colorado School of Mines,ii,Rocky Mountain,24,"[7, 7, 7, 3]",,,,11,Colorado Mesa,ii,Rocky Mountain,28,"[3, 10, 0, 15]",,,,,,,
401767211,2025,6,regular,2025-10-04T18:00:00.000Z,False,True,False,True,,3749,Hunter Stadium,2815,Lindenwood,fcs,OVC-Big South,30,"[7, 0, 14, 9]",0.9976986050605774,,,2630,UT Martin,fcs,OVC-Big South,14,"[0, 7, 0, 7]",0.0023013949394226074,,,3.9696307460451203,,,
401773873,2025,6,regular,2025-10-04T18:00:00.000Z,False,True,False,True,,5866,Rex Stadium,2001,Adams State,ii,Rocky Mountain,2,"[0, 2, 0, 0]",,,,2123,Chadron State,ii,Rocky Mountain,45,"[14, 7, 21, 3]",,,,,,,
401773857,2025,6,regular,2025-10-04T18:00:00.000Z,False,True,False,True,,4431,Chryst Field at Biemesderfer Stadium,210,Millersville,ii,Pennsylvania State Athletic,23,"[0, 17, 6, 0]",,,,2974,Shepherd,ii,Pennsylvania State Athletic,38,"[7, 17, 7, 7]",,,,,,,
401773829,2025,6,regular,2025-10-04T18:00:00.000Z,False,True,False,True,,4433,George P. Miller Stadium,2291,IU Pennsylvania,ii,Pennsylvania State Athletic,35,"[21, 0, 7, 7]",,,,2205,Edinboro,ii,Pennsylvania State Athletic,12,"[0, 9, 0, 3]",,,,,,,
401777071,2025,6,regular,2025-10-04T18:00:00.000Z,False,True,False,True,,5834,Deeds Field-Piper Stadium,2171,Denison,iii,North Coast,35,"[0, 7, 7, 21]",,,,2980,Ohio Wesleyan,iii,North Coast,20,"[7, 0, 10, 3]",,,,,,,
401773728,2025,6,regular,2025-10-04T18:00:00.000Z,False,True,False,True,,6071,Jess Dow Field,2583,Southern Connecticut State,ii,Northeast 10,21,"[0, 7, 7, 7]",,,,2060,Bentley,ii,Northeast 10,34,"[6, 7, 7, 14]",,,,,,,
401777106,2025,6,regular,2025-10-04T18:00:00.000Z,False,True,False,True,,6127,John P. Papp Stadium,2748,Wooster,iii,North Coast,14,"[0, 7, 7, 0]",,,,2746,Wittenberg,iii,North Coast,12,"[3, 0, 0, 9]",,,,,,,
401773428,2025,6,regular,2025-10-04T18:00:00.000Z,False,True,False,True,,3609,Allgood-Bailey Stadium,2402,Missouri S&T,ii,Great Lakes,26,"[0, 13, 6, 7]",,,,389,Upper Iowa,ii,Great Lakes,36,"[14, 0, 7, 15]",,,,,,,
401773251,2025,6,regular,2025-10-04T18:00:00.000Z,False,True,False,True,,5114,Shelton Stadium,2810,Hardin Simmons,iii,American Southwest,69,"[21, 10, 17, 21]",,,,2758,Howard Payne,iii,American Southwest,14,"[0, 7, 0, 7]",,,,,,,
401773188,2025,6,regular,2025-10-04T18:00:00.000Z,False,True,False,True,,5923,Legacy Field in Carlson Stadium,67,Luther,iii,American Rivers,3,"[0, 3, 0, 0]",,,,2685,Wartburg,iii,American Rivers,36,"[12, 3, 7, 14]",,,,,,,
401773158,2025,6,regular,2025-10-04T18:00:00.000Z,False,True,False,True,,5823,Clark Field,2141,Coe,iii,American Rivers,37,"[10, 7, 7, 13]",,,,63,Buena Vista,iii,American Rivers,10,"[3, 7, 0, 0]",,,,,,,
401773107,2025,6,regular,2025-10-04T18:00:00.000Z,False,True,False,False,,7075,Electric Supply Company Field,122666,Barton,ii,Carolinas,0,"[0, 0, 0, 0]",,,,2170,Delta State,ii,Gulf South,45,"[0, 25, 14, 6]",,,,,,,
401773039,2025,6,regular,2025-10-04T18:00:00.000Z,False,True,False,True,,5921,Rock Bowl,263,Loras,iii,American Rivers,27,"[7, 13, 0, 7]",,,,2964,Central College,iii,American Rivers,45,"[7, 7, 14, 17]",,,,,,,
401754557,2025,6,regular,2025-10-04T18:00:00.000Z,False,True,False,False,56919,3670,Carter-Finley Stadium,152,NC State,fbs,ACC,56,"[21, 28, 7, 0]",0.9692317843437195,1488,1488,2097,Campbell,fcs,Coastal Athletic,10,"[7, 0, 0, 3]",0.030768215656280518,,,3.0935695521469495,,,
401773617,2025,6,regular,2025-10-04T18:00:00.000Z,False,True,False,True,,6054,Fred G. Hughes Stadium,2403,Missouri Southern State,ii,Mid America,21,"[7, 7, 0, 7]",,,,2231,Fort Hays,ii,Mid America,28,"[7, 10, 3, 8]",,,,,,,
401777553,2025,6,regular,2025-10-04T18:00:00.000Z,False,True,False,True,,4427,John A. Farrell Stadium,223,West Chester,ii,Pennsylvania State Athletic,14,"[0, 14, 0, 0]",,,,2188,East Stroudsburg,ii,Pennsylvania State Athletic,45,"[0, 10, 14, 21]",,,,,,,
401777261,2025,6,regular,2025-10-04T18:00:00.000Z,False,True,False,False,,5814,Gesling Stadium,2102,Carnegie Mellon,iii,Presidents',56,"[7, 35, 14, 0]",,,,2700,McDaniel,iii,Centennial,7,"[0, 0, 0, 7]",,,,,,,
401777013,2025,6,regular,2025-10-04T18:00:00.000Z,False,True,False,True,,5918,Taylor Field,6353,Lakeland,iii,NACC,28,"[7, 7, 6, 8]",,,,2044,Aurora,iii,NACC,49,"[7, 21, 14, 7]",,,,,,,
401767727,2025,6,regular,2025-10-04T18:00:00.000Z,False,True,False,False,15549,3722,Fitton Field,107,Holy Cross,fcs,Patriot,24,"[0, 3, 7, 14]",0.011159458197653294,,,108,Harvard,fcs,Ivy,59,"[21, 17, 21, 0]",0.9888405418023467,,,4.148728582755028,,,
401767559,2025,6,regular,2025-10-04T18:00:00.000Z,False,True,False,True,10527,3868,Paladin Stadium,231,Furman,fcs,Southern,31,"[7, 0, 10, 14]",0.8723034858703613,,,2193,East Tennessee State,fcs,Southern,22,"[8, 7, 7, 0]",0.12769651412963867,,,5.811811752707078,,,
401767690,2025,6,regular,2025-10-04T18:00:00.000Z,False,True,False,False,12142,3921,Schoellkopf Field,172,Cornell,fcs,Ivy,21,"[0, 6, 15, 0]",0.005997391417622566,,,2142,Colgate,fcs,Patriot,41,"[14, 14, 0, 13]",0.9940026085823774,,,5.764306098967509,,,
401777557,2025,6,regular,2025-10-04T18:00:00.000Z,False,True,True,False,,11539,Charlotte & Gordon Hansen Stadium,2939,Jamestown,ii,Northern Sun,22,"[0, 0, 7, 15]",,,,559,University of Mary,ii,Northern Sun,44,"[14, 13, 10, 7]",,,,,,,
401773803,2025,6,regular,2025-10-04T18:00:00.000Z,False,True,False,True,,4435,Robert B. Redman Stadium,2071,Bloomsburg,ii,Pennsylvania State Athletic,17,"[10, 7, 0, 0]",,,,209,Lock Haven,ii,Pennsylvania State Athletic,38,"[6, 15, 7, 10]",,,,,,,
401783818,2025,6,regular,2025-10-04T18:00:00.000Z,False,True,False,True,,6132,Trinity University Stadium,386,Trinity (TX),iii,Southern Athletic,65,"[2, 14, 28, 21]",,,,2588,Southwestern U,iii,Southern Athletic,14,"[0, 14, 0, 0]",,,,,,,
401778031,2025,6,regular,2025-10-04T18:00:00.000Z,False,True,False,True,,5853,Francis Field (IL),2257,Greenville,iii,Upper Midwest,38,"[14, 7, 7, 10]",,,,433,Westminster (MO),iii,Upper Midwest,24,"[7, 10, 7, 0]",,,,,,,
401774369,2025,6,regular,2025-10-04T18:00:00.000Z,False,True,False,True,,5839,Langhorst Field,72,Elmhurst,iii,CCIW,7,"[0, 0, 0, 7]",,,,2106,Carthage,iii,CCIW,31,"[10, 7, 7, 7]",,,,,,,
401774360,2025,6,regular,2025-10-04T18:00:00.000Z,False,True,False,True,,6080,Frank M. Lindsay Field,74,Millikin,iii,CCIW,17,"[0, 10, 0, 7]",,,,32,Carroll (WI),iii,CCIW,28,"[7, 7, 0, 14]",,,,,,,
401774351,2025,6,regular,2025-10-04T18:00:00.000Z,False,True,False,True,,6093,Holmgren Athletic Complex,75,North Park,iii,CCIW,21,"[7, 0, 7, 7]",,,,2042,Augustana (IL),iii,CCIW,24,"[0, 10, 14, 0]",,,,,,,
401774238,2025,6,regular,2025-10-04T18:00:00.000Z,False,True,False,False,,3823,Hardee-McGee Field,2553,Sewanee,iii,Southern Athletic,7,"[0, 7, 0, 0]",,,,2373,Maryville (TN),iii,USA South,40,"[13, 13, 14, 0]",,,,,,,
401762832,2025,6,regular,2025-10-04T18:30:00.000Z,False,True,False,True,10014,3985,Warren McGuirk Alumni Stadium,113,Massachusetts,fbs,Mid-American,3,"[3, 0, 0, 0]",0.022389713674783707,1039,1017,2711,Western Michigan,fbs,Mid-American,21,"[0, 7, 7, 7]",0.9776102863252163,1254,1276,4.403949342086451,,,
401777130,2025,6,regular,2025-10-04T18:35:00.000Z,False,True,False,False,,5863,Don Shula Stadium at Wasmer Field,2302,John Carroll,iii,Ohio,31,"[14, 14, 0, 3]",,,,89,Wabash,iii,North Coast,28,"[0, 3, 3, 22]",,,,,,,
401773908,2025,6,regular,2025-10-04T19:00:00.000Z,False,True,False,True,,6059,Sanchez Family Stadium,2424,New Mexico Highlands,ii,Rocky Mountain,13,"[0, 0, 0, 13]",,,,2570,CSU Pueblo,ii,Rocky Mountain,59,"[10, 21, 0, 28]",,,,,,,
401767496,2025,6,regular,2025-10-04T19:00:00.000Z,False,True,False,True,7953,1905,DakotaDome,233,South Dakota,fcs,MVFC,49,"[14, 21, 14, 0]",0.9056816697120667,,,93,Murray State,fcs,MVFC,24,"[7, 0, 10, 7]",0.09431833028793335,,,,,,
401773636,2025,6,regular,2025-10-04T19:00:00.000Z,False,True,False,True,,6067,Carnie Smith Stadium,90,Pittsburg State,ii,Mid America,23,"[7, 3, 6, 7]",,,,2438,Nebraska Kearney,ii,Mid America,6,"[0, 0, 0, 6]",,,,,,,
401767241,2025,6,regular,2025-10-04T19:00:00.000Z,False,True,False,True,7377,5440,Wildcat Stadium (TX),2000,Abilene Christian,fcs,UAC,52,"[14, 14, 17, 7]",0.9809345006942749,,,2453,North Alabama,fcs,UAC,23,"[0, 7, 3, 13]",0.019065499305725098,,,2.5130739618046625,,,
401773175,2025,6,regular,2025-10-04T19:00:00.000Z,False,True,False,True,,5836,Chalmers Field,49,Dubuque,iii,American Rivers,21,"[0, 7, 14, 0]",,,,6845,Nebraska Wesleyan,iii,American Rivers,10,"[7, 3, 0, 0]",,,,,,,
401773974,2025,6,regular,2025-10-04T19:00:00.000Z,False,True,False,True,,6044,Lane Field,2323,Lane College,ii,SIAC,6,"[0, 6, 0, 0]",,,,2013,Albany State,ii,SIAC,47,"[14, 19, 7, 7]",,,,,,,
401767175,2025,6,regular,2025-10-04T19:00:00.000Z,False,True,False,True,3315,3858,O'Brien Stadium,2197,Eastern Illinois,fcs,OVC-Big South,31,"[7, 10, 7, 7]",0.969672679901123,,,2634,Tennessee State,fcs,OVC-Big South,7,"[0, 0, 0, 7]",0.030327320098876953,,,2.7369269928314504,,,
401773355,2025,6,regular,2025-10-04T19:00:00.000Z,False,True,False,True,,5885,First Security Stadium,2264,Harding,ii,Great American,65,"[23, 14, 28, 0]",,,,2191,East Central,ii,Great American,0,"[0, 0, 0, 0]",,,,,,,
401773372,2025,6,regular,2025-10-04T19:00:00.000Z,False,True,False,True,,6073,Milam Stadium,2927,Southwestern Oklahoma State,ii,Great American,32,"[0, 17, 0, 15]",,,,2271,Henderson State,ii,Great American,35,"[7, 0, 21, 7]",,,,,,,
401773417,2025,6,regular,2025-10-04T19:00:00.000Z,False,True,False,True,,3723,QU Stadium,2825,Quincy,ii,Great Lakes,21,"[7, 14, 0, 0]",,,,2816,McKendree,ii,Great Lakes,24,"[7, 7, 7, 3]",,,,,,,
401756910,2025,6,regular,2025-10-04T19:00:00.000Z,False,True,False,True,40685,3619,Arizona Stadium,12,Arizona,fbs,Big 12,41,"[14, 10, 14, 3]",0.9457634687423706,1422,1467,197,Oklahoma State,fbs,Big 12,13,"[3, 3, 0, 7]",0.054236531257629395,1173,1128,2.707031841015566,,,
401767362,2025,6,regular,2025-10-04T19:00:00.000Z,False,True,False,True,24736,4582,Hornet Stadium,2011,Alabama State,fcs,SWAC,52,"[17, 14, 14, 7]",1,,,2065,Bethune-Cookman,fcs,SWAC,35,"[7, 7, 7, 14]",0,,,3.344578948770722,,,
401773345,2025,6,regular,2025-10-04T19:00:00.000Z,False,True,False,True,,5871,Convoy Leslie Cotton Boll Stadium,2028,Arkansas Monticello,ii,Great American,23,"[3, 7, 3, 10]",,,,200,Southern Nazarene,ii,Great American,9,"[3, 3, 3, 0]",,,,,,,
401773377,2025,6,regular,2025-10-04T19:00:00.000Z,False,True,False,True,,4763,Ranger Field,2823,Northwestern (OK),ii,Great American,16,"[3, 7, 0, 6]",,,,2568,Southern Arkansas,ii,Great American,42,"[0, 14, 14, 14]",,,,,,,
401774019,2025,6,regular,2025-10-04T19:00:00.000Z,False,True,False,True,,6027,Albert J. H. Sloan - Alumni Stadium,2396,Miles,ii,SIAC,17,"[3, 7, 0, 7]",,,,2310,Kentucky State,ii,SIAC,38,"[10, 21, 0, 7]",,,,,,,
401752726,2025,6,regular,2025-10-04T19:30:00.000Z,False,True,False,True,100077,3657,Bryant-Denny Stadium,333,Alabama,fbs,SEC,30,"[0, 14, 6, 10]",0.9804922938346863,1958,1974,238,Vanderbilt,fbs,SEC,14,"[7, 7, 0, 0]",0.01950770616531372,1758,1742,4.929460919889916,,,
401752855,2025,6,regular,2025-10-04T19:30:00.000Z,False,True,False,True,39256,1056,Rose Bowl,26,UCLA,fbs,Big Ten,42,"[10, 17, 7, 8]",0.6434393525123596,1331,1373,213,Penn State,fbs,Big Ten,37,"[7, 0, 14, 16]",0.3565606474876404,2070,2028,5.385604262565175,,,
401762831,2025,6,regular,2025-10-04T19:30:00.000Z,False,True,False,True,17300,3965,UB Stadium,2084,Buffalo,fbs,Mid-American,31,"[7, 7, 7, 3, 7]",0.3499263525009155,1382,1377,2199,Eastern Michigan,fbs,Mid-American,30,"[7, 7, 7, 3, 6]",0.6500736474990845,1193,1198,10.583398660904624,,,
401761618,2025,6,regular,2025-10-04T19:30:00.000Z,False,True,False,True,19256,4246,Center Parc Stadium,2247,Georgia State,fbs,Sun Belt,7,"[7, 0, 0, 0]",0.4305460453033447,1126,1150,256,James Madison,fbs,Sun Belt,14,"[0, 0, 7, 7]",0.5694539546966553,1669,1645,4.209128497176163,,,
401762873,2025,6,regular,2025-10-04T19:30:00.000Z,False,True,False,True,13827,3764,Huskie Stadium,2459,Northern Illinois,fbs,Mid-American,14,"[14, 0, 0, 0]",0.05484992265701294,1375,1356,193,Miami (OH),fbs,Mid-American,25,"[0, 10, 12, 3]",0.9451500773429871,1430,1449,4.53942701175636,,,
401754555,2025,6,regular,2025-10-04T19:30:00.000Z,False,True,False,True,34845,3735,Gerald J. Ford Stadium,2567,SMU,fbs,ACC,31,"[3, 21, 0, 7]",0.9218617081642151,1691,1695,183,Syracuse,fbs,ACC,18,"[0, 3, 0, 15]",0.07813829183578491,1426,1422,2.9473198489980983,,,
401752858,2025,6,regular,2025-10-04T19:30:00.000Z,False,True,False,False,12023,5960,Lanny and Sharon Martin Stadium,77,Northwestern,fbs,Big Ten,42,"[7, 11, 21, 3]",0.9911018013954163,1411,1478,2433,UL Monroe,fbs,Sun Belt,7,"[7, 0, 0, 0]",0.00889819860458374,1168,1101,3.3367463399414543,,,
401762829,2025,6,regular,2025-10-04T19:30:00.000Z,False,True,False,True,8995,3768,InfoCision Stadium,2006,Akron,fbs,Mid-American,28,"[0, 14, 14, 0]",0.6349771022796631,995,1009,2117,Central Michigan,fbs,Mid-American,22,"[3, 7, 3, 9]",0.3650228977203369,1124,1110,5.048822755088203,,,
401752727,2025,6,regular,2025-10-04T19:30:00.000Z,False,True,False,True,90714,3634,Ben Hill Griffin Stadium,57,Florida,fbs,SEC,29,"[10, 9, 10, 0]",0.9032769799232483,1629,1665,251,Texas,fbs,SEC,21,"[0, 7, 7, 7]",0.09672302007675171,1972,1936,3.328666311999717,,,
401773702,2025,6,regular,2025-10-04T19:30:00.000Z,False,True,False,True,,6212,Bishop Schmitt Field,112335,Wheeling,ii,Mountain East,40,"[14, 14, 12, 0]",,,,455,West Virginia Wesleyan,ii,Mountain East,14,"[14, 0, 0, 0]",,,,,,,
401754554,2025,6,regular,2025-10-04T19:30:00.000Z,False,True,False,True,50032,3873,L&N Federal Credit Union Stadium,97,Louisville,fbs,ACC,27,"[7, 7, 0, 10, 3]",0.7687817215919495,1750,1735,258,Virginia,fbs,ACC,30,"[7, 7, 10, 0, 6]",0.23121827840805054,1578,1593,9.702094358757874,,,
401757171,2025,6,regular,2025-10-04T19:30:00.000Z,False,True,False,False,27310,3892,Pratt & Whitney Stadium,41,UConn,fbs,FBS Independents,51,"[14, 13, 17, 7]",0.9888136386871338,1437,1541,2229,Florida International,fbs,Conference USA,10,"[0, 3, 0, 7]",0.011186361312866211,1320,1216,2.7682177131520103,,,
401767273,2025,6,regular,2025-10-04T19:30:00.000Z,False,True,False,True,12783,3998,Zable Stadium,2729,William & Mary,fcs,Coastal Athletic,38,"[7, 7, 17, 7]",0.4328865110874176,,,2448,North Carolina A&T,fcs,Coastal Athletic,34,"[7, 17, 10, 0]",0.5671134889125824,,,6.55341352438939,,,
401757165,2025,6,regular,2025-10-04T19:30:00.000Z,False,True,False,False,77622,3855,Notre Dame Stadium,87,Notre Dame,fbs,FBS Independents,28,"[6, 8, 7, 7]",1,2195,2194,68,Boise State,fbs,Mountain West,7,"[0, 7, 0, 0]",0,1653,1654,4.003611025708899,,,
401752857,2025,6,regular,2025-10-04T19:30:00.000Z,False,True,False,True,46185,3665,SECU Stadium,120,Maryland,fbs,Big Ten,20,"[10, 3, 7, 0]",0.3396335542201996,1574,1573,264,Washington,fbs,Big Ten,24,"[0, 0, 3, 21]",0.6603664457798004,1665,1666,4.668454458410852,,,
401767324,2025,6,regular,2025-10-04T19:30:00.000Z,False,True,False,True,6051,4419,Bob Ford Field,399,UAlbany,fcs,Coastal Athletic,12,"[3, 3, 0, 6]",0.017185691744089127,,,2619,Stony Brook,fcs,Coastal Athletic,47,"[7, 3, 21, 16]",0.9828143082559109,,,3.358840360791486,,,
401752940,2025,6,regular,2025-10-04T19:30:00.000Z,False,True,False,False,35021,3792,Kidd Brewer Stadium,2026,App State,fbs,Sun Belt,27,"[17, 0, 10, 0]",0.8085228800773621,1324,1326,204,Oregon State,fbs,Pac-12,23,"[0, 14, 7, 2]",0.19147711992263794,1304,1302,5.490605485805172,,,
401752729,2025,6,regular,2025-10-04T20:00:00.000Z,False,True,False,False,83016,3835,"Memorial Stadium (Norman, OK)",201,Oklahoma,fbs,SEC,44,"[10, 13, 21, 0]",0.9927051663398743,1748,1769,2309,Kent State,fbs,Mid-American,0,"[0, 0, 0, 0]",0.007294833660125732,859,838,2.256360267230515,,,
401773245,2025,6,regular,2025-10-04T20:00:00.000Z,False,True,False,True,,3731,Frost-Kalnow Stadium,2838,Tiffin,ii,Great Midwest Athletic,28,"[0, 14, 14, 0]",,,,2273,Hillsdale,ii,Great Midwest Athletic,21,"[7, 14, 0, 0]",,,,,,,
401773521,2025,6,regular,2025-10-04T20:00:00.000Z,False,True,False,False,,4851,Bazemore-Hyder Stadium,2673,Valdosta State,ii,Gulf South,25,"[6, 10, 3, 6]",,,,2331,Lenoir Rhyne,ii,South Atlantic,32,"[7, 14, 0, 11]",,,,,,,
401777169,2025,6,regular,2025-10-04T20:00:00.000Z,False,True,False,True,,5920,Griswold Stadium,2333,Lewis & Clark,iii,Northwest,58,"[21, 9, 7, 21]",,,,2508,Puget Sound,iii,Northwest,21,"[0, 14, 7, 0]",,,,,,,
401777154,2025,6,regular,2025-10-04T20:00:00.000Z,False,True,False,True,,6153,Hanson Stadium,205,Pacific (OR),iii,Northwest,14,"[0, 0, 7, 7]",,,,2721,Whitworth,iii,Northwest,28,"[3, 0, 3, 22]",,,,,,,
401761620,2025,6,regular,2025-10-04T20:00:00.000Z,False,True,False,True,15841,3625,Centennial Bank Stadium,2032,Arkansas State,fbs,Sun Belt,31,"[7, 3, 0, 21]",0.6875132918357849,1213,1224,326,Texas State,fbs,Sun Belt,30,"[7, 3, 0, 20]",0.3124867081642151,1590,1579,7.976827137552203,,,
401767250,2025,6,regular,2025-10-04T20:00:00.000Z,False,True,False,True,6582,3742,Governors Stadium,2046,Austin Peay,fcs,UAC,44,"[9, 7, 14, 14]",0.97772616147995,,,2698,West Georgia,fcs,UAC,30,"[16, 0, 14, 0]",0.02227383852005005,,,6.523103473714127,,,
401767371,2025,6,regular,2025-10-04T20:00:00.000Z,False,True,False,True,4322,3771,Jack Spinks Stadium,2016,Alcorn State,fcs,SWAC,12,"[3, 3, 6, 0]",0.0972510352730751,,,2504,Prairie View A&M,fcs,SWAC,13,"[3, 7, 0, 3]",0.9027489647269249,,,7.198216005125424,,,
401773455,2025,6,regular,2025-10-04T20:00:00.000Z,False,True,False,True,,3811,Lubbers Stadium,125,Grand Valley State,ii,GLIAC,37,"[7, 14, 9, 7]",,,,110254,Davenport,ii,GLIAC,14,"[7, 7, 0, 0]",,,,,,,
401774118,2025,6,regular,2025-10-04T20:00:00.000Z,False,True,False,True,,5810,Coyer Field,2085,Buffalo State,iii,Liberty League,6,"[0, 0, 6, 0]",,,,237,Union,iii,Liberty League,28,"[7, 7, 14, 0]",,,,,,,
401777162,2025,6,regular,2025-10-04T20:00:00.000Z,False,True,False,True,,6102,Sparks Stadium,2486,Pacific Lutheran,iii,Northwest,31,"[0, 7, 14, 10]",,,,2930,Willamette,iii,Northwest,28,"[0, 21, 0, 7]",,,,,,,
401767484,2025,6,regular,2025-10-04T20:00:00.000Z,False,True,False,True,5433,3882,Provost Umphrey Stadium,2320,Lamar,fcs,Southland,24,"[7, 10, 0, 7]",0.46696630120277405,,,2447,Nicholls,fcs,Southland,17,"[14, 0, 3, 0]",0.533033698797226,,,4.645913718294467,,,
401767575,2025,6,regular,2025-10-04T20:00:00.000Z,False,True,False,True,9461,4417,Five Star Stadium at the Moye Complex,2382,Mercer,fcs,Southern,45,"[14, 14, 14, 3]",1,,,2535,Samford,fcs,Southern,21,"[0, 0, 14, 7]",0,,,2.6285800044980574,,,
401752860,2025,6,regular,2025-10-04T20:00:00.000Z,False,True,False,True,86496,3834,"Memorial Stadium (Lincoln, NE)",158,Nebraska,fbs,Big Ten,38,"[14, 0, 7, 17]",0.6233457922935486,1703,1702,127,Michigan State,fbs,Big Ten,27,"[0, 7, 14, 6]",0.3766542077064514,1414,1415,4.799806501970732,,,
401766679,2025,6,regular,2025-10-04T20:00:00.000Z,False,True,False,True,,6109,Ingalls Field,2891,Ripon,iii,Midwest,0,"[0, 0, 0, 0]",,,,262,Lake Forest,iii,Midwest,38,"[7, 7, 10, 14]",,,,,,,
401767183,2025,6,regular,2025-10-04T20:00:00.000Z,False,True,False,False,9710,3620,Armstrong Stadium,2261,Hampton,fcs,Coastal Athletic,41,"[10, 17, 7, 7]",0.2611479163169861,,,2450,Norfolk State,fcs,MEAC,34,"[14, 7, 3, 10]",0.7388520836830139,,,4.58231626467576,,,
401767153,2025,6,regular,2025-10-04T20:00:00.000Z,False,True,False,True,6163,3781,Johnny Unitas Stadium,119,Towson,fcs,Coastal Athletic,3,"[0, 0, 0, 3]",0.10184993594884872,,,2210,Elon,fcs,Coastal Athletic,17,"[3, 7, 0, 7]",0.8981500640511513,,,3.9978815087178985,,,
401773588,2025,6,regular,2025-10-04T20:05:00.000Z,False,True,False,True,,5783,McArthur Field,2848,Western Oregon,ii,Lone Star,41,"[13, 21, 7, 0]",,,,2703,Western New Mexico,ii,Lone Star,20,"[6, 7, 0, 7]",,,,,,,
401777140,2025,6,regular,2025-10-04T20:30:00.000Z,False,True,False,True,,5850,Stoffer Family Stadium,415,George Fox,iii,Northwest,17,"[14, 0, 0, 3]",,,,203,Linfield,iii,Northwest,35,"[0, 14, 7, 14]",,,,,,,
401767108,2025,6,regular,2025-10-04T21:00:00.000Z,False,True,False,True,7837,2023,Walkup Skydome,2464,Northern Arizona,fcs,Big Sky,10,"[7, 0, 0, 3]",0.0070391325280070305,,,147,Montana State,fcs,Big Sky,34,"[0, 20, 7, 7]",0.992960867471993,,,4.892763247816725,,,
401767312,2025,6,regular,2025-10-04T21:00:00.000Z,False,True,True,True,14517,3797,Ladd Peebles Stadium,2010,Alabama A&M,fcs,SWAC,24,"[7, 3, 14, 0]",0,,,2296,Jackson State,fcs,SWAC,57,"[10, 23, 10, 14]",1,,,3.522582216894014,,,
401769869,2025,6,regular,2025-10-04T21:00:00.000Z,False,True,False,True,3871,3711,Estes Stadium,2110,Central Arkansas,fcs,UAC,23,"[0, 10, 10, 3]",0.9020623564720154,,,3101,Utah Tech,fcs,UAC,17,"[0, 10, 7, 0]",0.09793764352798462,,,10.489351834899331,,,
401773169,2025,6,regular,2025-10-04T21:00:00.000Z,False,True,False,True,,5263,Steele Stadium,2316,Kentucky Wesleyan,ii,Great Midwest Athletic,0,"[0, 0, 0, 0]",,,,308,Ashland,ii,Great Midwest Athletic,55,"[10, 28, 10, 7]",,,,,,,
401767503,2025,6,regular,2025-10-04T21:00:00.000Z,False,True,False,True,12048,3967,UNI-Dome,2460,Northern Iowa,fcs,MVFC,7,"[0, 0, 0, 7]",0.01873708888888359,,,155,North Dakota,fcs,MVFC,35,"[7, 7, 14, 7]",0.9812629111111164,,,3.247171671758566,,,
401773931,2025,6,regular,2025-10-04T22:00:00.000Z,False,True,False,True,,5122,Shuford Stadium,2107,Catawba,ii,South Atlantic,42,"[14, 7, 7, 14]",,,,2369,Mars Hill,ii,South Atlantic,28,"[7, 14, 0, 7]",,,,,,,
401773400,2025,6,regular,2025-10-04T22:00:00.000Z,False,True,False,True,,6040,Key Stadium,2292,Indianapolis,ii,Great Lakes,63,"[21, 21, 7, 14]",,,,2911,William Jewell,ii,Great Lakes,17,"[7, 3, 7, 0]",,,,,,,
401761619,2025,6,regular,2025-10-04T22:00:00.000Z,False,True,False,True,20895,3918,S.B. Ballard Stadium,295,Old Dominion,fbs,Sun Belt,47,"[10, 24, 10, 3]",0.9817699790000916,1551,1628,324,Coastal Carolina,fbs,Sun Belt,7,"[0, 0, 0, 7]",0.018230020999908447,1259,1182,2.0492652937190687,,,
401774409,2025,6,regular,2025-10-04T22:00:00.000Z,False,True,False,False,,6090,Sherman Field at McConagha Stadium,332,Muskingum,iii,Ohio,33,"[0, 20, 7, 6]",,,,2233,Franklin,iii,Heartland,34,"[14, 14, 0, 6]",,,,,,,
401767546,2025,6,regular,2025-10-04T22:00:00.000Z,False,True,False,True,11068,844,Stambaugh Stadium,2754,Youngstown State,fcs,MVFC,30,"[7, 10, 0, 13]",0.8303844928741455,,,2571,South Dakota State,fcs,MVFC,35,"[0, 7, 21, 7]",0.1696155071258545,,,5.812428222202282,,,
401788917,2025,6,regular,2025-10-04T23:00:00.000Z,False,True,False,True,,5909,Ortmayer Stadium,2318,La Verne,iii,So. Cal.,12,"[12, 0, 0, 0]",,,,2923,Pomona Pitzer,iii,So. Cal.,34,"[2, 17, 3, 12]",,,,,,,
401767447,2025,6,regular,2025-10-04T23:00:00.000Z,False,True,False,True,10132,3913,Saluki Stadium,79,Southern Illinois,fcs,MVFC,55,"[21, 17, 7, 10]",0.9163853526115417,,,282,Indiana State,fcs,MVFC,27,"[7, 7, 6, 7]",0.08361464738845825,,,2.8937723382491307,,,
401767460,2025,6,regular,2025-10-04T23:00:00.000Z,False,True,False,True,11262,3963,Harry Turpin Stadium,2466,Northwestern State,fcs,Southland,10,"[0, 3, 0, 7]",0.0026237918063998222,,,2837,East Texas A&M,fcs,Southland,40,"[10, 7, 20, 3]",0.9973762081936002,,,3.0839004196129545,,,
401774375,2025,6,regular,2025-10-04T23:00:00.000Z,False,True,False,True,,5897,Francis Field (MO),143,Washington St. Louis,iii,CCIW,42,"[7, 7, 14, 14]",,,,306,Illinois Wesleyan,iii,CCIW,40,"[13, 0, 6, 21]",,,,,,,
401774386,2025,6,regular,2025-10-04T23:00:00.000Z,False,True,False,True,,980,Benedetti-Wehrli Stadium,3071,North Central College,iii,CCIW,35,"[7, 14, 0, 14]",,,,396,Wheaton (IL),iii,CCIW,0,"[0, 0, 0, 0]",,,,,,,
401777305,2025,6,regular,2025-10-04T23:00:00.000Z,False,True,False,True,,6082,Big Cat Stadium,2399,Minnesota Morris,iii,Upper Midwest,35,"[7, 7, 6, 15]",,,,446,Martin Luther,iii,Upper Midwest,28,"[7, 14, 0, 7]",,,,,,,
401762477,2025,6,regular,2025-10-04T23:00:00.000Z,False,True,False,True,22999,3895,Rice Stadium,242,Rice,fbs,American Athletic,21,"[7, 0, 7, 7]",0.4553762972354889,1291,1273,2226,Florida Atlantic,fbs,American Athletic,27,"[14, 3, 7, 3]",0.5446237027645111,1201,1219,3.6297493058176755,,,
401767492,2025,6,regular,2025-10-04T23:00:00.000Z,False,True,False,True,9207,3686,Cowboy Stadium,2377,McNeese,fcs,Southland,0,"[0, 0, 0, 0]",0.006328754127025604,,,2545,SE Louisiana,fcs,Southland,38,"[14, 24, 0, 0]",0.9936712458729744,,,2.550204684430891,,,
401766686,2025,6,regular,2025-10-04T23:00:00.000Z,False,True,False,True,,3733,Garcelon Field,121,Bates,iii,NESCAC,6,"[0, 3, 3, 0, 0]",,,,33,Colby,iii,NESCAC,13,"[3, 0, 0, 3, 7]",,,,,,,
401777295,2025,6,regular,2025-10-04T23:00:00.000Z,False,True,False,True,,5798,Jerry E. Apple Stadium,2045,Austin,iii,Southern Collegiate Athletic,41,"[0, 24, 10, 7]",,,,101442,Centenary (LA),iii,Southern Collegiate Athletic,15,"[0, 0, 7, 8]",,,,,,,
401773538,2025,6,regular,2025-10-04T23:00:00.000Z,False,True,False,True,,5869,LeGrand Stadium at 1st Community Credit Union Field,2025,Angelo State,ii,Lone Star,14,"[0, 7, 7, 0]",,,,110243,UT Permian Basin,ii,Lone Star,28,"[7, 14, 0, 7]",,,,,,,
401756913,2025,6,regular,2025-10-04T23:00:00.000Z,False,True,False,True,42806,4728,TDECU Stadium,248,Houston,fbs,Big 12,11,"[3, 8, 0, 0]",0.0017014285549521446,1490,1456,2641,Texas Tech,fbs,Big 12,35,"[15, 10, 3, 7]",0.9982985714450479,1751,1785,4.3021884566467214,,,
401773335,2025,6,regular,2025-10-04T23:00:00.000Z,False,True,False,True,,5870,Thone Stadium at Buerkle Field,2033,Arkansas Tech,ii,Great American,14,"[0, 0, 0, 14]",,,,199,Southeastern Oklahoma State,ii,Great American,10,"[0, 7, 3, 0]",,,,,,,
401773505,2025,6,regular,2025-10-04T23:00:00.000Z,False,True,False,True,,6129,BB&T Field at Griffin Plaza,2646,Thomas More,ii,Great Midwest Athletic,15,"[5, 0, 7, 3]",,,,437,Lake Erie,ii,Great Midwest Athletic,21,"[0, 7, 7, 7]",,,,,,,
401773558,2025,6,regular,2025-10-04T23:00:00.000Z,False,True,False,True,,6049,"Memorial Stadium (Wichita Falls, TX)",2395,Midwestern State,ii,Lone Star,31,"[10, 3, 0, 18]",,,,2658,Texas A&M-Kingsville,ii,Lone Star,24,"[7, 7, 7, 3]",,,,,,,
401760385,2025,6,regular,2025-10-04T23:00:00.000Z,False,True,False,True,19861,3984,War Memorial Stadium,2751,Wyoming,fbs,Mountain West,17,"[3, 0, 7, 7]",0,1326,1321,2439,UNLV,fbs,Mountain West,31,"[17, 7, 0, 7]",1,1622,1627,3.254392040823553,,,
401767063,2025,6,regular,2025-10-04T23:00:00.000Z,False,True,False,True,6003,3906,Roos Field,331,Eastern Washington,fcs,Big Sky,35,"[14, 7, 14, 0]",0.9712008833885193,,,2502,Portland State,fcs,Big Sky,27,"[7, 10, 3, 7]",0.028799116611480713,,,4.917038403402411,,,
401767477,2025,6,regular,2025-10-04T23:00:00.000Z,False,True,False,True,2098,3734,Gayle and Tom Benson Stadium,2916,Incarnate Word,fcs,Southland,17,"[3, 3, 0, 11]",0,,,2617,Stephen F. Austin,fcs,Southland,31,"[14, 10, 7, 0]",1,,,3.7211800360088647,,,
401761621,2025,6,regular,2025-10-04T23:00:00.000Z,False,True,False,True,28035,3975,Veterans Memorial Stadium (AL),2653,Troy,fbs,Sun Belt,31,"[7, 7, 7, 3, 7]",0.8889092803001404,1438,1447,6,South Alabama,fbs,Sun Belt,24,"[7, 0, 10, 7, 0]",0.11109071969985962,1430,1421,7.5309253915796495,,,
401767294,2025,6,regular,2025-10-04T23:00:00.000Z,False,True,False,True,16412,3827,"Memorial Stadium (Stephenville, TX)",2627,Tarleton State,fcs,UAC,52,"[14, 14, 17, 7]",0.9337366819381714,,,253,Southern Utah,fcs,UAC,42,"[14, 21, 7, 0]",0.06626331806182861,,,7.063299310890188,,,
401767438,2025,6,regular,2025-10-04T23:00:00.000Z,False,True,False,True,9829,3744,Hancock Stadium,2287,Illinois State,fcs,MVFC,16,"[2, 7, 7, 0]",0,,,2449,North Dakota State,fcs,MVFC,33,"[7, 8, 3, 15]",1,,,4.933151551259117,,,
401773526,2025,6,regular,2025-10-04T23:00:00.000Z,False,True,False,False,,3957,Tiger Stadium (AL),2695,West Alabama,ii,Gulf South,0,[],,,,124179,Lincoln (CA),ii,Independent DII,0,[],,,,,,,
401767381,2025,6,regular,2025-10-04T23:00:00.000Z,False,True,False,True,,3631,BBVA Compass Stadium,2640,Texas Southern,fcs,SWAC,51,"[3, 24, 17, 7]",0.9970473647117615,,,2029,Arkansas-Pine Bluff,fcs,SWAC,7,"[0, 0, 0, 7]",0.0029526352882385254,,,2.8179415942154153,,,
401773957,2025,6,regular,2025-10-04T23:00:00.000Z,False,True,False,True,,3926,Setzler Field,2444,Newberry,ii,South Atlantic,43,"[0, 7, 14, 14, 8]",,,,351,Wingate,ii,South Atlantic,42,"[7, 14, 0, 14, 7]",,,,,,,
401774007,2025,6,regular,2025-10-04T23:00:00.000Z,False,True,True,True,,3689,Cramton Bowl,60,Morehouse,ii,SIAC,27,"[0, 6, 7, 14]",,,,2657,Tuskegee,ii,SIAC,20,"[7, 10, 3, 0]",,,,,,,
401773607,2025,6,regular,2025-10-04T23:00:00.000Z,False,True,False,True,,6055,Craig Field at Spratt Memorial Stadium,137,Missouri Western,ii,Mid America,14,"[0, 7, 0, 7]",,,,2214,Emporia State,ii,Mid America,50,"[28, 7, 3, 12]",,,,,,,
401754553,2025,6,regular,2025-10-04T23:30:00.000Z,False,True,False,True,67277,3697,Doak Campbell Stadium,52,Florida State,fbs,ACC,22,"[3, 0, 0, 19]",0.0358876995742321,1564,1573,2390,Miami,fbs,ACC,28,"[7, 7, 14, 0]",0.9641123004257679,1852,1843,4.2630519356314,,,
401756915,2025,6,regular,2025-10-04T23:30:00.000Z,False,True,False,True,43229,3652,FBC Mortgage Stadium,2116,UCF,fbs,Big 12,20,"[7, 13, 0, 0]",0.07477742433547974,1579,1572,2305,Kansas,fbs,Big 12,27,"[0, 14, 13, 0]",0.9252225756645203,1664,1671,5.384533111657922,,,
401752730,2025,6,regular,2025-10-04T23:30:00.000Z,False,True,False,True,108572,3795,Kyle Field,245,Texas A&M,fbs,SEC,31,"[0, 7, 7, 17]",0.9942386746406555,1753,1782,344,Mississippi State,fbs,SEC,9,"[3, 0, 0, 6]",0.005761325359344482,1523,1494,3.4951418576507356,,,
401756914,2025,6,regular,2025-10-04T23:30:00.000Z,False,True,False,True,43160,3616,Amon G. Carter Stadium,2628,TCU,fbs,Big 12,35,"[0, 14, 0, 21]",0.9767547249794006,1732,1751,38,Colorado,fbs,Big 12,21,"[0, 14, 0, 7]",0.023245275020599365,1618,1599,7.391437085165478,,,
401752859,2025,6,regular,2025-10-04T23:30:00.000Z,False,True,False,True,105114,3861,Ohio Stadium,194,Ohio State,fbs,Big Ten,42,"[7, 14, 7, 14]",0.9900946021080017,2021,2078,135,Minnesota,fbs,Big Ten,3,"[3, 0, 0, 0]",0.009905397891998291,1594,1537,2.2398531878981753,,,
401777276,2025,6,regular,2025-10-04T23:35:00.000Z,False,True,False,True,,5849,Reeves Field (PA),2242,Geneva,iii,Presidents',9,"[0, 3, 0, 6]",,,,146,Grove City,iii,Presidents',22,"[0, 13, 6, 3]",,,,,,,
401776758,2025,6,regular,2025-10-05T00:00:00.000Z,False,True,False,True,,5928,Macalester Stadium,2359,Macalester,iii,Minnesota,29,"[10, 12, 7, 0]",,,,162,Hamline,iii,Minnesota,0,"[0, 0, 0, 0]",,,,,,,
401767469,2025,6,regular,2025-10-05T00:00:00.000Z,False,True,False,False,12903,6006,Robert and Janet Vackar Stadium,292,UT Rio Grande Valley,fcs,Southland,27,"[7, 0, 7, 13]",0.9795056581497192,,,2277,Houston Christian,fcs,Southland,7,"[0, 7, 0, 0]",0.02049434185028076,,,4.100494012996606,,,
401773584,2025,6,regular,2025-10-05T00:00:00.000Z,False,True,False,True,,5884,Buffalo Stadium,2704,West Texas,ii,Lone Star,56,"[14, 35, 7, 0]",,,,2834,Sul Ross State,ii,Lone Star,7,"[0, 0, 0, 7]",,,,,,,
401773598,2025,6,regular,2025-10-05T00:00:00.000Z,False,True,False,True,,5878,Wantland Stadium,2122,Central Oklahoma,ii,Mid America,34,"[0, 21, 0, 13]",,,,2118,Central Missouri,ii,Mid America,35,"[7, 21, 0, 7]",,,,,,,
401773883,2025,6,regular,2025-10-05T00:00:00.000Z,False,True,False,True,,5877,Lyle Hare Stadium,2069,Black Hills State,ii,Rocky Mountain,13,"[6, 0, 0, 7]",,,,613,South Dakota Mines,ii,Rocky Mountain,27,"[3, 7, 10, 7]",,,,,,,
401767083,2025,6,regular,2025-10-05T00:00:00.000Z,False,True,False,True,7674,1930,Holt Arena,304,Idaho State,fcs,Big Sky,38,"[10, 14, 14, 0]",0.310209184885025,,,149,Montana,fcs,Big Sky,42,"[10, 8, 10, 14]",0.689790815114975,,,7.673013737201155,,,
401762478,2025,6,regular,2025-10-05T00:00:00.000Z,False,True,False,True,27303,3805,Simmons Bank Liberty Stadium,235,Memphis,fbs,American Athletic,45,"[7, 21, 10, 7]",0.9879499673843384,1689,1723,202,Tulsa,fbs,American Athletic,7,"[0, 7, 0, 0]",0.012050032615661621,1079,1045,3.022417484440957,,,
401767074,2025,6,regular,2025-10-05T00:00:00.000Z,False,True,False,True,10006,1027,Alex G. Spanos Stadium,13,Cal Poly,fcs,Big Sky,27,"[7, 3, 10, 7]",0.011787191033363342,,,302,UC Davis,fcs,Big Sky,34,"[0, 13, 7, 14]",0.9882128089666367,,,,,,
401777612,2025,6,regular,2025-10-05T00:15:00.000Z,False,True,False,True,,5829,Old National Bank Stadium,509,Crown,iii,Upper Midwest,22,"[6, 7, 0, 9]",,,,583,Northwestern (MN),iii,Upper Midwest,3,"[0, 3, 0, 0]",,,,,,,
401773548,2025,6,regular,2025-10-05T01:00:00.000Z,False,True,False,True,,5879,Tomlinson Stadium,2120,Central Washington,ii,Lone Star,58,"[21, 31, 3, 3]",,,,2201,Eastern New Mexico,ii,Lone Star,7,"[0, 0, 0, 7]",,,,,,,
401774254,2025,6,regular,2025-10-05T02:00:00.000Z,False,True,False,True,,5819,Ernie Chapman Stadium,411,Chapman,iii,So. Cal.,27,"[7, 13, 7, 0]",,,,29,Redlands,iii,So. Cal.,0,"[0, 0, 0, 0]",,,,,,,
401774262,2025,6,regular,2025-10-05T02:00:00.000Z,False,True,False,True,,5811,William Rolland Stadium,2094,Cal Lutheran,iii,So. Cal.,22,"[0, 3, 7, 12]",,,,17,Claremont Mudd Scripps,iii,So. Cal.,17,"[14, 3, 0, 0]",,,,,,,
401760383,2025,6,regular,2025-10-05T02:30:00.000Z,False,True,False,True,40005,3660,Valley Children's Stadium,278,Fresno State,fbs,Mountain West,20,"[0, 20, 0, 0]",0.9091994166374207,1510,1508,2440,Nevada,fbs,Mountain West,17,"[3, 0, 7, 7]",0.09080058336257935,1257,1259,5.041799954848204,,,
401754551,2025,6,regular,2025-10-05T02:30:00.000Z,False,True,False,True,42240,3831,California Memorial Stadium,25,California,fbs,ACC,21,"[14, 7, 0, 0]",0.00967482291162014,1455,1408,150,Duke,fbs,ACC,45,"[7, 24, 0, 14]",0.9903251770883799,1598,1645,4.772030131847419,,,
401757278,2025,7,regular,2025-10-08T23:30:00.000Z,False,True,False,True,9806,3725,"Johnny ""Red"" Floyd Stadium",2393,Middle Tennessee,fbs,Conference USA,20,"[3, 10, 0, 7]",0.1189020425081253,1175,1181,2623,Missouri State,fbs,Conference USA,22,"[0, 16, 3, 3]",0.8810979574918747,1335,1329,6.335220540226636,,,
401757277,2025,7,regular,2025-10-09T00:00:00.000Z,False,True,False,True,9286,3946,Sun Bowl,2638,UTEP,fbs,Conference USA,8,"[0, 0, 0, 8]",0,1205,1200,2335,Liberty,fbs,Conference USA,19,"[7, 6, 6, 0]",1,1421,1426,3.2463058882707863,,,
401757280,2025,7,regular,2025-10-09T23:00:00.000Z,False,True,False,True,9585,4899,Fifth Third Stadium,338,Kennesaw State,fbs,Conference USA,35,"[0, 14, 7, 14]",0.9933742880821228,1223,1332,2348,Louisiana Tech,fbs,Conference USA,7,"[7, 0, 0, 0]",0.006625711917877197,1490,1381,3.4898260862460013,,,
401773365,2025,7,regular,2025-10-09T23:00:00.000Z,False,True,False,True,,3875,Paul Laird Field,199,Southeastern Oklahoma State,ii,Great American,7,"[0, 7, 0, 0]",,,,2264,Harding,ii,Great American,35,"[14, 7, 14, 0]",,,,,,,
401762480,2025,7,regular,2025-10-09T23:30:00.000Z,False,True,False,True,20035,4729,Yulman Stadium,2655,Tulane,fbs,American Athletic,26,"[3, 9, 0, 14]",0.8662735819816589,1572,1580,151,East Carolina,fbs,American Athletic,19,"[0, 0, 16, 3]",0.13372641801834106,1548,1540,5.097665639948918,,,
401757279,2025,7,regular,2025-10-10T00:00:00.000Z,False,True,True,True,5419,3631,BBVA Compass Stadium,2534,Sam Houston,fbs,Conference USA,27,"[0, 14, 7, 6]",0.4215710461139679,1161,1173,55,Jacksonville State,fbs,Conference USA,29,"[7, 10, 0, 12]",0.5784289538860321,1529,1517,7.2093854505096235,,,
401761622,2025,7,regular,2025-10-10T00:00:00.000Z,False,True,False,True,20032,3608,Allen E. Paulson Stadium,290,Georgia Southern,fbs,Sun Belt,35,"[7, 0, 14, 14]",0.05019142106175423,1324,1316,2572,Southern Miss,fbs,Sun Belt,38,"[7, 21, 7, 3]",0.9498085789382458,1265,1273,6.0306831730253965,,,
401767691,2025,7,regular,2025-10-10T23:00:00.000Z,False,True,False,True,6644,3750,Harvard Stadium,108,Harvard,fcs,Ivy,34,"[7, 7, 3, 17]",0.9874592423439026,,,172,Cornell,fcs,Ivy,10,"[0, 0, 7, 3]",0.012540757656097412,,,2.5258138737168445,,,
401767034,2025,7,regular,2025-10-10T23:00:00.000Z,False,True,False,False,1800,3661,Bulldog Stadium,2803,Bryant,fcs,Coastal Athletic,19,"[6, 6, 7, 0]",0.14770586788654327,,,225,Brown,fcs,Ivy,29,"[0, 0, 15, 14]",0.8522941321134567,,,6.618130108664253,,,
401767629,2025,7,regular,2025-10-10T23:00:00.000Z,False,True,False,False,1164,3730,Franklin Field,219,Pennsylvania,fcs,Ivy,28,"[7, 7, 0, 14]",0.9526838660240173,,,2368,Marist,fcs,Pioneer,9,"[3, 0, 0, 6]",0.047316133975982666,,,2.666885905051412,,,
401783354,2025,7,regular,2025-10-10T23:00:00.000Z,False,True,False,True,,3851,Mustang Stadium,471,Stevenson,iii,Mid Atlantic,28,"[14, 7, 7, 0]",,,,247,King's,iii,Mid Atlantic,35,"[14, 7, 0, 14]",,,,,,,
401762481,2025,7,regular,2025-10-10T23:30:00.000Z,False,True,False,True,31386,3825,DATCU Stadium,249,North Texas,fbs,American Athletic,36,"[14, 7, 7, 8]",0.0013628927990794182,1616,1530,58,South Florida,fbs,American Athletic,63,"[7, 14, 28, 14]",0.9986371072009206,1521,1607,5.324575969232542,,,
401752862,2025,7,regular,2025-10-11T01:00:00.000Z,False,True,False,True,63743,3765,Husky Stadium,264,Washington,fbs,Big Ten,38,"[0, 10, 21, 7]",0.9742462038993835,1666,1701,164,Rutgers,fbs,Big Ten,19,"[10, 3, 6, 0]",0.025753796100616455,1582,1547,6.099229154473839,,,
401760388,2025,7,regular,2025-10-11T01:00:00.000Z,False,True,False,True,27874,5388,Canvas Stadium,36,Colorado State,fbs,Mountain West,49,"[14, 21, 0, 14]",0.9976986050605774,1281,1384,278,Fresno State,fbs,Mountain West,21,"[0, 14, 7, 0]",0.0023013949394226074,1508,1405,3.3412158647561894,,,
401776971,2025,7,regular,2025-10-11T15:00:00.000Z,False,True,False,False,,5830,Walter M. Katz Field,40,Curry,iii,Commonwealth Coast,60,"[23, 20, 17, 0]",,,,274,Maine Maritime,iii,Commonwealth Coast,0,"[0, 0, 0, 0]",,,,,,,
401773308,2025,7,regular,2025-10-11T16:00:00.000Z,False,True,False,False,,3717,Edwin Fauver Stadium,184,Rochester (NY),iii,Liberty League,38,"[7, 10, 21, 0]",,,,125974,Hilbert,iii,Empire 8,0,"[0, 0, 0, 0]",,,,,,,
401756920,2025,7,regular,2025-10-11T16:00:00.000Z,False,True,False,True,44941,3646,Boone Pickens Stadium,197,Oklahoma State,fbs,Big 12,17,"[7, 3, 0, 7]",0.020953290164470673,1128,1107,248,Houston,fbs,Big 12,39,"[10, 14, 12, 3]",0.9790467098355293,1456,1477,4.179605229194508,,,
401752863,2025,7,regular,2025-10-11T16:00:00.000Z,False,True,False,True,72109,3936,Spartan Stadium,127,Michigan State,fbs,Big Ten,13,"[7, 0, 0, 6]",0.0009458241984248161,1415,1343,26,UCLA,fbs,Big Ten,38,"[10, 14, 14, 0]",0.9990541758015752,1373,1445,3.6543543575854267,,,
401762483,2025,7,regular,2025-10-11T16:00:00.000Z,False,True,False,True,31172,3841,Michie Stadium,349,Army,fbs,American Athletic,24,"[7, 10, 7, 0]",0.9966606497764587,1551,1552,2429,Charlotte,fbs,American Athletic,7,"[0, 0, 0, 7]",0.0033393502235412598,1144,1143,2.2951208124148885,,,
401756917,2025,7,regular,2025-10-11T16:00:00.000Z,False,True,False,True,35782,3854,Nippert Stadium,2132,Cincinnati,fbs,Big 12,20,"[7, 10, 0, 3]",0.975276529788971,1541,1558,2116,UCF,fbs,Big 12,11,"[0, 3, 0, 8]",0.024723470211029053,1572,1555,2.636105198957938,,,
401762833,2025,7,regular,2025-10-11T16:00:00.000Z,False,True,False,True,6575,3768,InfoCision Stadium,2006,Akron,fbs,Mid-American,7,"[0, 0, 0, 7]",0,1009,1018,193,Miami (OH),fbs,Mid-American,20,"[0, 3, 14, 3]",1,1449,1440,3.3376481574054546,,,
401774094,2025,7,regular,2025-10-11T16:00:00.000Z,False,True,False,True,,6124,Amos Alonzo Stagg Field (PA),216,Susquehanna,iii,Landmark Conference,69,"[10, 35, 10, 14]",,,,2354,Lycoming,iii,Landmark Conference,7,"[0, 0, 0, 7]",,,,,,,
401774054,2025,7,regular,2025-10-11T16:00:00.000Z,False,True,False,True,,3675,Charles A. Gaetano Stadium,390,Utica,iii,Empire 8,27,"[7, 13, 7, 0]",,,,3110,SUNY Morrisville,iii,Empire 8,21,"[0, 0, 7, 14]",,,,,,,
401774222,2025,7,regular,2025-10-11T16:00:00.000Z,False,True,False,True,,6092,Bishop Stadium,286,North Carolina Wesleyan,iii,USA South,38,"[10, 14, 7, 7]",,,,2056,Belhaven,iii,USA South,41,"[14, 7, 3, 17]",,,,,,,
401761625,2025,7,regular,2025-10-11T16:00:00.000Z,False,True,False,True,,3651,Bridgeforth Stadium,256,James Madison,fbs,Sun Belt,24,"[0, 7, 7, 10]",0.9947808980941772,1645,1643,309,Louisiana,fbs,Sun Belt,14,"[0, 14, 0, 0]",0.005219101905822754,1367,1369,5.265986701294481,,,
401774076,2025,7,regular,2025-10-11T16:00:00.000Z,False,True,False,False,,5124,Homewood Field,118,Johns Hopkins,iii,Centennial,28,"[0, 7, 7, 14]",,,,2102,Carnegie Mellon,iii,Presidents',27,"[10, 14, 3, 0]",,,,,,,
401773822,2025,7,regular,2025-10-11T16:00:00.000Z,False,True,False,True,,4441,McConnell Family Stadium,367,Gannon,ii,Pennsylvania State Athletic,46,"[0, 19, 6, 21]",,,,2134,Clarion,ii,Pennsylvania State Athletic,48,"[21, 7, 14, 6]",,,,,,,
401777136,2025,7,regular,2025-10-11T16:00:00.000Z,False,True,False,False,,4757,Edwards-Maurer Field,2746,Wittenberg,iii,North Coast,7,"[0, 0, 0, 7]",,,,2302,John Carroll,iii,Ohio,44,"[10, 20, 7, 7]",,,,,,,
401767736,2025,7,regular,2025-10-11T16:00:00.000Z,False,True,False,False,3049,3802,Lawrence A. Wien Stadium,171,Columbia,fcs,Ivy,7,"[0, 0, 7, 0]",0.01023584883660078,,,2329,Lehigh,fcs,Patriot,31,"[7, 10, 14, 0]",0.9897641511633992,,,2.4672598215771817,,,
401783345,2025,7,regular,2025-10-11T16:00:00.000Z,False,True,False,True,,7513,O'Hara Field,127954,Eastern,iii,Mid Atlantic,37,"[10, 3, 7, 17]",,,,2808,Delaware Valley,iii,Mid Atlantic,20,"[7, 6, 0, 7]",,,,,,,
401754559,2025,7,regular,2025-10-11T16:00:00.000Z,False,True,False,True,65256,3697,Doak Campbell Stadium,52,Florida State,fbs,ACC,31,"[7, 14, 3, 7]",0.2889930009841919,1573,1572,221,Pittsburgh,fbs,ACC,34,"[7, 7, 7, 13]",0.7110069990158081,1624,1625,7.152016154781661,,,
401773446,2025,7,regular,2025-10-11T16:00:00.000Z,False,True,False,True,,6077,Stokes Stadium,2654,Truman State,ii,Great Lakes,48,"[6, 14, 14, 14]",,,,389,Upper Iowa,ii,Great Lakes,21,"[0, 14, 0, 7]",,,,,,,
401754561,2025,7,regular,2025-10-11T16:00:00.000Z,False,True,False,True,30654,3735,Gerald J. Ford Stadium,2567,SMU,fbs,ACC,34,"[7, 10, 7, 10]",0.9821944832801819,1695,1709,24,Stanford,fbs,ACC,10,"[0, 7, 3, 0]",0.017805516719818115,1255,1241,3.0702369618575003,,,
401752865,2025,7,regular,2025-10-11T16:00:00.000Z,False,True,False,True,60670,3832,"Memorial Stadium (Champaign, IL)",356,Illinois,fbs,Big Ten,16,"[0, 3, 7, 6]",0.03809349611401558,1585,1589,194,Ohio State,fbs,Big Ten,34,"[10, 10, 7, 7]",0.9619065038859844,2078,2074,3.495212533410147,,,
401777954,2025,7,regular,2025-10-11T16:00:00.000Z,False,True,False,True,,3747,Hantz Stadium,2886,Northwood,ii,Great Midwest Athletic,52,"[7, 24, 14, 7]",,,,437,Lake Erie,ii,Great Midwest Athletic,7,"[0, 0, 7, 0]",,,,,,,
401773865,2025,7,regular,2025-10-11T16:00:00.000Z,False,True,False,True,,5133,Ram Stadium (WV),2974,Shepherd,ii,Pennsylvania State Athletic,28,"[7, 7, 7, 7]",,,,223,West Chester,ii,Pennsylvania State Athletic,24,"[0, 14, 3, 7]",,,,,,,
401773862,2025,7,regular,2025-10-11T16:00:00.000Z,False,True,False,True,,3859,Offutt Field,611,Seton Hill,ii,Pennsylvania State Athletic,7,"[0, 0, 7, 0]",,,,215,Slippery Rock,ii,Pennsylvania State Athletic,49,"[14, 14, 7, 14]",,,,,,,
401773710,2025,7,regular,2025-10-11T16:00:00.000Z,False,True,False,True,,3848,Multi-Sport Stadium,2038,Assumption,ii,Northeast 10,24,"[7, 10, 7, 0]",,,,2487,Pace,ii,Northeast 10,7,"[7, 0, 0, 0]",,,,,,,
401752734,2025,7,regular,2025-10-11T16:00:00.000Z,False,True,False,True,57321,3838,Memorial Stadium,142,Missouri,fbs,SEC,24,"[7, 3, 7, 7]",0.12980933487415314,1781,1788,333,Alabama,fbs,SEC,27,"[7, 10, 3, 7]",0.8701906651258469,1974,1967,6.769031039615297,,,
401767576,2025,7,regular,2025-10-11T16:00:00.000Z,False,True,False,False,2970,3881,Princeton University Stadium,163,Princeton,fcs,Ivy,14,"[0, 7, 0, 7]",0.011308066546916962,,,2382,Mercer,fcs,Southern,38,"[14, 7, 14, 3]",0.988691933453083,,,5.128095699410989,,,
401774134,2025,7,regular,2025-10-11T16:00:00.000Z,False,True,False,False,,5638,Dave Wolk Stadium,293,Vermont State Castleton,iii,New Jersey,7,"[0, 0, 7, 0]",,,,3112,Christopher Newport,iii,New Jersey,69,"[14, 21, 21, 13]",,,,,,,
401767344,2025,7,regular,2025-10-11T16:00:00.000Z,False,True,False,False,3385,3613,Alumni Stadium,2169,Delaware State,fcs,MEAC,70,"[15, 14, 14, 27]",0.993424117565155,,,2583,Southern Connecticut State,ii,Northeast 10,23,"[0, 9, 7, 7]",0.006575882434844971,,,3.265874992729815,,,
401777006,2025,7,regular,2025-10-11T16:00:00.000Z,False,True,False,True,,5898,John Coughlin Memorial Field,402,Worcester State,iii,MSCAC,6,"[6, 0, 0, 0]",,,,114,Fitchburg State,iii,MSCAC,21,"[14, 7, 0, 0]",,,,,,,
401777277,2025,7,regular,2025-10-11T16:00:00.000Z,False,True,False,True,,6128,Alumni Stadium (PA),2644,Thiel,iii,Presidents',38,"[0, 6, 7, 25]",,,,2242,Geneva,iii,Presidents',51,"[14, 10, 7, 20]",,,,,,,
401767776,2025,7,regular,2025-10-11T16:00:00.000Z,False,True,False,True,,3979,Wagner College Stadium,2681,Wagner,fcs,NEC,7,"[0, 7, 0, 0]",0.11484130471944809,,,2385,Mercyhurst,fcs,NEC,19,"[0, 12, 7, 0]",0.8851586952805519,,,4.756789853637339,,,
401762835,2025,7,regular,2025-10-11T16:00:00.000Z,False,True,False,True,24000,3700,Doyt L. Perry Stadium,189,Bowling Green,fbs,Mid-American,28,"[0, 7, 7, 14]",0.6695540547370911,1411,1422,2649,Toledo,fbs,Mid-American,23,"[14, 7, 0, 2]",0.33044594526290894,1562,1551,4.618460980246395,,,
401767667,2025,7,regular,2025-10-11T16:30:00.000Z,False,True,False,True,3873,3721,Fisher Field,322,Lafayette,fcs,Patriot,62,"[7, 27, 14, 14]",0.8326177597045898,,,2083,Bucknell,fcs,Patriot,24,"[0, 10, 14, 0]",0.16738224029541016,,,3.0181070696220114,,,
401774162,2025,7,regular,2025-10-11T16:40:00.000Z,False,True,False,True,,5914,Veterans Memorial Stadium (WI),2740,Wisconsin La Crosse,iii,Wisconsin,41,"[21, 6, 7, 7]",,,,2738,Wisconsin Eau Claire,iii,Wisconsin,21,"[0, 7, 7, 7]",,,,,,,
401752733,2025,7,regular,2025-10-11T16:45:00.000Z,False,True,False,False,66392,3974,Vaught-Hemingway Stadium,145,Ole Miss,fbs,SEC,24,"[0, 10, 7, 7]",0.8845190405845642,1977,1971,265,Washington State,fbs,Pac-12,21,"[7, 0, 7, 7]",0.11548095941543579,1355,1361,5.373502448379028,,,
401767637,2025,7,regular,2025-10-11T17:00:00.000Z,False,True,False,True,1490,4416,Spec Martin Municipal Stadium,56,Stetson,fcs,Pioneer,21,"[7, 7, 0, 7]",0.8069804906845093,,,2413,Morehead State,fcs,Pioneer,14,"[0, 0, 0, 14]",0.19301950931549072,,,2.612317780158622,,,
401767739,2025,7,regular,2025-10-11T17:00:00.000Z,False,True,False,False,1584,3617,Andy Kerr Stadium,2142,Colgate,fcs,Patriot,19,"[0, 10, 0, 9]",0.05597158893942833,,,257,Richmond,fcs,Patriot,24,"[7, 3, 0, 14]",0.9440284110605717,,,6.720383112478079,,,
401783905,2025,7,regular,2025-10-11T17:00:00.000Z,False,True,False,True,,6085,Sprague Field,2818,Montclair State,iii,New Jersey,26,"[7, 11, 0, 8]",,,,2827,Rowan,iii,New Jersey,38,"[7, 8, 14, 9]",,,,,,,
401773499,2025,7,regular,2025-10-11T17:00:00.000Z,False,True,False,True,,5263,Steele Stadium,2316,Kentucky Wesleyan,ii,Great Midwest Athletic,3,"[0, 0, 3, 0]",,,,2477,Ohio Dominican,ii,Great Midwest Athletic,21,"[7, 0, 0, 14]",,,,,,,
401777733,2025,7,regular,2025-10-11T17:00:00.000Z,False,True,False,True,,6136,Patterson Field,2667,Ursinus,iii,Centennial,52,"[14, 14, 14, 10]",,,,2700,McDaniel,iii,Centennial,0,"[0, 0, 0, 0]",,,,,,,
401767270,2025,7,regular,2025-10-11T17:00:00.000Z,False,True,False,True,5192,3824,Meade Stadium,227,Rhode Island,fcs,Coastal Athletic,38,"[0, 17, 0, 21]",0.3323441743850708,,,160,New Hampshire,fcs,Coastal Athletic,27,"[7, 7, 13, 0]",0.6676558256149292,,,7.59572067307706,,,
401777992,2025,7,regular,2025-10-11T17:00:00.000Z,False,True,False,True,,5835,Biddle Field,2175,Dickinson,iii,Centennial,49,"[7, 21, 7, 14]",,,,2248,Gettysburg,iii,Centennial,21,"[10, 3, 8, 0]",,,,,,,
401767353,2025,7,regular,2025-10-11T17:00:00.000Z,False,True,False,False,3231,3668,Campus Field,2529,Sacred Heart,fcs,FCS Independents,32,"[0, 3, 13, 16]",0.9939004182815552,,,47,Howard,fcs,MEAC,14,"[7, 7, 0, 0]",0.006099581718444824,,,5.324762739085755,,,
401777221,2025,7,regular,2025-10-11T17:00:00.000Z,False,True,False,True,,6105,Day Field,2516,Randolph Macon,iii,Old Dominion,77,"[21, 21, 21, 14]",,,,2047,Averett,iii,Old Dominion,20,"[0, 14, 0, 6]",,,,,,,
401777306,2025,7,regular,2025-10-11T17:00:00.000Z,False,True,False,True,,6145,Blue Jay Stadium,433,Westminster (MO),iii,Upper Midwest,27,"[0, 7, 20, 0]",,,,2399,Minnesota Morris,iii,Upper Midwest,30,"[0, 20, 0, 10]",,,,,,,
401774086,2025,7,regular,2025-10-11T17:00:00.000Z,False,True,False,True,,6202,Cardinal Stadium (DC),2108,Catholic,iii,Landmark Conference,20,"[7, 0, 6, 7]",,,,246,Juniata,iii,Landmark Conference,17,"[0, 7, 10, 0]",,,,,,,
401783333,2025,7,regular,2025-10-11T17:00:00.000Z,False,True,False,True,,5791,Turf Field,111674,Alvernia,iii,Mid Atlantic,14,"[0, 7, 7, 0]",,,,2015,Albright,iii,Mid Atlantic,38,"[14, 10, 0, 14]",,,,,,,
401783310,2025,7,regular,2025-10-11T17:00:00.000Z,False,True,False,True,,6086,Rocco Calvo Field,323,Moravian,iii,Landmark Conference,7,"[0, 0, 7, 0]",,,,398,Wilkes,iii,Landmark Conference,26,"[10, 0, 9, 7]",,,,,,,
401774231,2025,7,regular,2025-10-11T17:00:00.000Z,False,True,False,True,,5998,Monarch Stadium,291,Methodist,iii,USA South,7,"[0, 7, 0, 0]",,,,548,LaGrange,iii,USA South,26,"[9, 0, 10, 7]",,,,,,,
401774239,2025,7,regular,2025-10-11T17:00:00.000Z,False,True,False,False,,5932,Lloyd L. Thornton Stadium,2373,Maryville (TN),iii,USA South,33,"[7, 6, 7, 13]",,,,2121,Centre,iii,Southern Athletic,13,"[6, 7, 0, 0]",,,,,,,
401777613,2025,7,regular,2025-10-11T17:00:00.000Z,False,True,False,True,,6094,Reynolds Field,583,Northwestern (MN),iii,Upper Midwest,20,"[0, 0, 13, 7]",,,,2257,Greenville,iii,Upper Midwest,23,"[13, 0, 7, 3]",,,,,,,
401774316,2025,7,regular,2025-10-11T17:00:00.000Z,False,True,False,True,,6114,Sea Gull Stadium,2532,Salisbury,iii,New Jersey,38,"[7, 14, 14, 3]",,,,2871,Kean,iii,New Jersey,24,"[7, 7, 10, 0]",,,,,,,
401779512,2025,7,regular,2025-10-11T17:00:00.000Z,False,True,False,False,6119,6058,Ralph F. DellaCamera Stadium,2441,New Haven,fcs,NEC,69,"[14, 28, 24, 3]",0.989249050617218,,,2843,Western Connecticut State,iii,Landmark Conference,0,"[0, 0, 0, 0]",0.010750949382781982,,,2.3093214085823712,,,
401783351,2025,7,regular,2025-10-11T17:00:00.000Z,False,True,False,True,,4855,Leslie C. Quick Jr. Stadium,2725,Widener,iii,Mid Atlantic,20,"[3, 6, 0, 8, 3]",,,,2221,FDU Florham,iii,Mid Atlantic,17,"[6, 8, 3, 0, 0]",,,,,,,
401777097,2025,7,regular,2025-10-11T17:00:00.000Z,False,True,False,True,,5123,Little Giant Stadium,89,Wabash,iii,North Coast,44,"[7, 20, 7, 10]",,,,2980,Ohio Wesleyan,iii,North Coast,27,"[7, 7, 6, 7]",,,,,,,
401767192,2025,7,regular,2025-10-11T17:00:00.000Z,False,True,False,False,1749,6048,Duane Stadium,2771,Merrimack,fcs,FCS Independents,13,"[7, 3, 3, 0]",0.11844737082719803,,,311,Maine,fcs,Coastal Athletic,20,"[7, 6, 0, 7]",0.881552629172802,,,5.8819108543108305,,,
401773512,2025,7,regular,2025-10-11T17:00:00.000Z,False,True,False,True,,3731,Frost-Kalnow Stadium,2838,Tiffin,ii,Great Midwest Athletic,54,"[3, 21, 16, 14]",,,,2682,Walsh,ii,Great Midwest Athletic,7,"[0, 7, 0, 0]",,,,,,,
401774102,2025,7,regular,2025-10-11T17:00:00.000Z,False,True,False,True,,6134,Frank Bailey Field,237,Union,iii,Liberty League,33,"[7, 9, 0, 17]",,,,174,Hobart,iii,Liberty League,16,"[0, 3, 7, 6]",,,,,,,
401777245,2025,7,regular,2025-10-11T17:00:00.000Z,False,True,False,True,,5892,Armfield Athletic Center,2258,Guilford,iii,Old Dominion,7,"[0, 0, 0, 7]",,,,2828,Shenandoah,iii,Old Dominion,45,"[7, 21, 14, 3]",,,,,,,
401767274,2025,7,regular,2025-10-11T17:00:00.000Z,False,True,False,False,21500,3603,Aggie Stadium,2448,North Carolina A&T,fcs,Coastal Athletic,16,"[0, 9, 0, 7]",0.007800748571753502,,,2569,South Carolina State,fcs,MEAC,22,"[0, 0, 7, 15]",0.9921992514282465,,,5.855078480292798,,,
401783363,2025,7,regular,2025-10-11T17:00:00.000Z,False,True,False,True,,5997,Brooks Stadium (NY),2383,Merchant Marine,iii,NEWMAC,14,"[14, 0, 0, 0]",,,,2951,SUNY Maritime,iii,NEWMAC,34,"[0, 14, 14, 6]",,,,,,,
401773411,2025,7,regular,2025-10-11T17:00:00.000Z,False,True,False,False,,6045,Dwight T. Reed Stadium,2876,Lincoln (MO),ii,Great Lakes,3,"[0, 3, 0, 0]",,,,196,Northeastern State,ii,Independent DII,52,"[24, 0, 21, 7]",,,,,,,
401773496,2025,7,regular,2025-10-11T17:00:00.000Z,False,True,False,True,,3960,Top Taggart Field,2222,Ferris State,ii,GLIAC,59,"[14, 28, 14, 3]",,,,131,Wayne State (MI),ii,GLIAC,0,"[0, 0, 0, 0]",,,,,,,
401762836,2025,7,regular,2025-10-11T17:00:00.000Z,False,True,False,True,15676,3912,Rynearson Stadium,2199,Eastern Michigan,fbs,Mid-American,16,"[3, 3, 0, 10]",0.9610708355903625,1198,1213,2459,Northern Illinois,fbs,Mid-American,10,"[0, 3, 7, 0]",0.03892916440963745,1356,1341,4.819976326098797,,,
401767448,2025,7,regular,2025-10-11T17:00:00.000Z,False,True,False,True,5373,3829,Memorial Stadium,282,Indiana State,fcs,MVFC,14,"[0, 7, 0, 7]",0.02768358588218689,,,233,South Dakota,fcs,MVFC,19,"[3, 10, 3, 3]",0.9723164141178131,,,5.113536167804593,,,
401767752,2025,7,regular,2025-10-11T17:00:00.000Z,False,True,False,True,2965,3623,Arthur J. Rooney Athletic Field,2184,Duquesne,fcs,NEC,52,"[28, 17, 7, 0]",0.9157661199569702,,,2598,Saint Francis,fcs,NEC,7,"[0, 0, 0, 7]",0.08423388004302979,,,1.829715774419558,,,
401777251,2025,7,regular,2025-10-11T17:00:00.000Z,False,True,False,False,,6138,Wilson Field,2688,Washington and Lee,iii,Old Dominion,45,"[14, 14, 14, 3]",,,,417,Gallaudet,iii,Old Dominion,0,"[0, 0, 0, 0]",,,,,,,
401767605,2025,7,regular,2025-10-11T17:00:00.000Z,False,True,False,True,,3897,Richardson Stadium,2166,Davidson,fcs,Pioneer,13,"[0, 0, 7, 6]",0.030040983110666275,,,2900,St. Thomas (MN),fcs,Pioneer,57,"[7, 22, 21, 7]",0.9699590168893337,,,2.884234142607351,,,
401773052,2025,7,regular,2025-10-11T17:00:00.000Z,False,True,False,True,,5873,Bulldogs Stadium,2075,Bowie State,ii,CIAA,21,"[0, 7, 7, 7]",,,,330,Virginia State,ii,CIAA,28,"[7, 14, 0, 7]",,,,,,,
401773077,2025,7,regular,2025-10-11T17:00:00.000Z,False,True,False,True,,5941,Roebuck Stadium,2207,Elizabeth City State,ii,CIAA,18,"[0, 12, 6, 0]",,,,2676,Virginia Union,ii,CIAA,37,"[7, 7, 10, 13]",,,,,,,
401773102,2025,7,regular,2025-10-11T17:00:00.000Z,False,True,False,True,,6068,George Williams Athletic Complex,2551,Shaw,ii,CIAA,20,"[0, 7, 0, 13]",,,,2736,Winston-Salem State,ii,CIAA,13,"[0, 13, 0, 0]",,,,,,,
401774107,2025,7,regular,2025-10-11T17:00:00.000Z,False,True,False,True,,6113,Leckonby Stadium,2779,St. Lawrence,iii,Liberty League,7,"[0, 7, 0, 0]",,,,175,Ithaca,iii,Liberty League,24,"[0, 10, 7, 7]",,,,,,,
401774114,2025,7,regular,2025-10-11T17:00:00.000Z,False,True,False,True,,6107,ECAV Stadium,2528,Rensselaer,iii,Liberty League,57,"[19, 21, 3, 14]",,,,2085,Buffalo State,iii,Liberty League,13,"[6, 7, 0, 0]",,,,,,,
401777591,2025,7,regular,2025-10-11T17:00:00.000Z,False,True,False,True,,5852,Jamieson Stadium,2256,Greensboro,iii,USA South,10,"[3, 7, 0, 0]",,,,2938,Huntingdon,iii,USA South,17,"[3, 7, 7, 0]",,,,,,,
401776730,2025,7,regular,2025-10-11T17:00:00.000Z,False,True,False,True,,5795,Edor Nelson Field,124,Augsburg,iii,Minnesota,7,"[0, 0, 0, 7]",,,,2802,Bethel (MN),iii,Minnesota,56,"[21, 14, 7, 14]",,,,,,,
401776987,2025,7,regular,2025-10-11T17:00:00.000Z,False,True,False,True,,3621,Arnold Field (PA),388,Lebanon Valley,iii,Mid Atlantic,21,"[7, 0, 7, 7]",,,,2969,Misericordia,iii,Mid Atlantic,23,"[7, 10, 0, 6]",,,,,,,
401767596,2025,7,regular,2025-10-11T17:00:00.000Z,False,True,False,True,3682,3664,Butler Bowl,2086,Butler,fcs,Pioneer,25,"[7, 9, 3, 6]",0.07630637288093567,,,2506,Presbyterian,fcs,Pioneer,31,"[15, 3, 0, 13]",0.9236936271190643,,,5.274400226732617,,,
401773061,2025,7,regular,2025-10-11T17:00:00.000Z,False,True,False,True,,6221,Mitchell Stadium,124180,Bluefield State,ii,CIAA,30,"[7, 16, 0, 7]",,,,2339,Lincoln (PA),ii,CIAA,27,"[0, 7, 7, 13]",,,,,,,
401766695,2025,7,regular,2025-10-11T17:00:00.000Z,False,True,False,True,,5894,Steuben Field,348,Hamilton,iii,NESCAC,0,"[0, 0, 0, 0]",,,,2977,Trinity (CT),iii,NESCAC,49,"[7, 21, 21, 0]",,,,,,,
401774281,2025,7,regular,2025-10-11T17:00:00.000Z,False,True,False,True,,6118,Birkelbach Field,2588,Southwestern U,iii,Southern Athletic,39,"[7, 14, 6, 12]",,,,2553,Sewanee,iii,Southern Athletic,31,"[13, 6, 6, 6]",,,,,,,
401774066,2025,7,regular,2025-10-11T17:00:00.000Z,False,True,False,True,,7077,Shadek Stadium,2234,Franklin & Marshall,iii,Centennial,28,"[7, 0, 14, 7]",,,,2422,Muhlenberg,iii,Centennial,27,"[0, 7, 7, 13]",,,,,,,
401774008,2025,7,regular,2025-10-11T17:00:00.000Z,False,True,False,True,,4749,McPherson Memorial Stadium,2119,Central State,ii,SIAC,26,"[0, 6, 14, 6]",,,,60,Morehouse,ii,SIAC,31,"[10, 7, 7, 7]",,,,,,,
401773210,2025,7,regular,2025-10-11T17:00:00.000Z,False,True,False,True,,3770,Jack Miller Stadium,308,Ashland,ii,Great Midwest Athletic,38,"[17, 14, 7, 0]",,,,2646,Thomas More,ii,Great Midwest Athletic,14,"[0, 0, 7, 7]",,,,,,,
401773975,2025,7,regular,2025-10-11T17:00:00.000Z,False,True,False,True,,5867,Albany State University Coliseum,2013,Albany State,ii,SIAC,32,"[3, 10, 6, 13]",,,,2805,Clark Atlanta,ii,SIAC,7,"[0, 7, 0, 0]",,,,,,,
401767400,2025,7,regular,2025-10-11T17:00:00.000Z,False,True,False,False,6500,3762,Hughes Stadium,2415,Morgan State,fcs,MEAC,44,"[7, 16, 7, 14]",0.9980953931808472,,,2355,Virginia Lynchburg,,,6,"[0, 0, 0, 6]",0.001904606819152832,,,2.4567962822999663,,,
401773858,2025,7,regular,2025-10-11T17:00:00.000Z,False,True,False,True,,4429,Seth Grove Stadium,2559,Shippensburg,ii,Pennsylvania State Athletic,41,"[13, 7, 7, 14]",,,,210,Millersville,ii,Pennsylvania State Athletic,28,"[7, 0, 7, 14]",,,,,,,
401773680,2025,7,regular,2025-10-11T17:00:00.000Z,False,True,False,True,,3642,Bobcat Stadium (MD),341,Frostburg State,ii,Mountain East,13,"[0, 7, 3, 0, 3, 0]",,,,2249,Glenville State,ii,Mountain East,19,"[0, 7, 3, 0, 3, 6]",,,,,,,
401774417,2025,7,regular,2025-10-11T17:30:00.000Z,False,True,False,True,,6088,Schueler Field,2419,Mount St Joseph,iii,Heartland,21,"[0, 7, 7, 7]",,,,2262,Hanover,iii,Heartland,45,"[3, 28, 7, 7]",,,,,,,
401774410,2025,7,regular,2025-10-11T17:30:00.000Z,False,True,False,True,,3716,"Stewart """"Red"""" Faught Stadium",2233,Franklin,iii,Heartland,34,"[14, 7, 7, 6]",,,,86,Rose Hulman,iii,Heartland,35,"[0, 7, 7, 21]",,,,,,,
401766697,2025,7,regular,2025-10-11T17:30:00.000Z,False,True,False,True,,5806,Whittier Field,340,Bowdoin,iii,NESCAC,7,"[0, 7, 0, 0]",,,,7,Amherst,iii,NESCAC,34,"[0, 10, 3, 21]",,,,,,,
401774424,2025,7,regular,2025-10-11T17:30:00.000Z,False,True,False,False,,5930,Carl W. Burt Memorial Stadium,2362,Manchester,iii,Heartland,27,"[0, 20, 0, 7]",,,,424,Capital,iii,Ohio,52,"[14, 21, 10, 7]",,,,,,,
401777178,2025,7,regular,2025-10-11T17:30:00.000Z,False,True,False,True,,6101,"Memorial Stadium (Westerville, OH)",359,Otterbein,iii,Ohio,14,"[0, 7, 7, 0]",,,,188,Baldwin Wallace,iii,Ohio,56,"[7, 21, 21, 7]",,,,,,,
401774401,2025,7,regular,2025-10-11T17:30:00.000Z,False,True,False,True,,5793,Macholtz Stadium,2023,Anderson (IN),iii,Heartland,7,"[0, 0, 0, 7]",,,,2074,Bluffton,iii,Heartland,49,"[7, 21, 14, 7]",,,,,,,
401767699,2025,7,regular,2025-10-11T17:30:00.000Z,False,True,False,True,7895,3826,Memorial Field,159,Dartmouth,fcs,Ivy,17,"[0, 0, 0, 17]",0.6884446740150452,,,43,Yale,fcs,Ivy,16,"[0, 3, 7, 6]",0.31155532598495483,,,6.354000513587019,,,
401766694,2025,7,regular,2025-10-11T17:30:00.000Z,False,True,False,True,,5689,Seaverns Field At Harold Alfond Stadium,33,Colby,iii,NESCAC,7,"[0, 0, 0, 7]",,,,336,Wesleyan (CT),iii,NESCAC,24,"[7, 3, 7, 7]",,,,,,,
401767407,2025,7,regular,2025-10-11T17:30:00.000Z,False,True,False,False,4844,3737,Gibbs Stadium,2747,Wofford,fcs,Southern,31,"[7, 7, 7, 10]",0.9969722628593445,,,2450,Norfolk State,fcs,MEAC,14,"[7, 0, 7, 0]",0.0030277371406555176,,,5.503738470379131,,,
401773126,2025,7,regular,2025-10-11T17:30:00.000Z,False,True,False,True,,7076,J.W. Babb Stadium,101784,Erskine,ii,Carolinas,0,"[0, 0, 0, 0]",,,,2822,North Greenville,ii,Carolinas,30,"[7, 13, 10, 0]",,,,,,,
401773082,2025,7,regular,2025-10-11T17:30:00.000Z,False,True,False,True,,3813,"Luther ""Nick"" Jeralds Stadium",2220,Fayetteville State,ii,CIAA,38,"[7, 14, 14, 3]",,,,2940,Livingstone,ii,CIAA,14,"[7, 0, 7, 0]",,,,,,,
401777212,2025,7,regular,2025-10-11T17:30:00.000Z,False,True,False,True,,6090,Sherman Field at McConagha Stadium,332,Muskingum,iii,Ohio,16,"[7, 2, 0, 7]",,,,427,Ohio Northern,iii,Ohio,54,"[21, 16, 3, 14]",,,,,,,
401777208,2025,7,regular,2025-10-11T17:30:00.000Z,False,True,False,True,,6152,Wiliams Stadium (OH),2733,Wilmington (OH),iii,Ohio,0,"[0, 0, 0, 0]",,,,426,Mount Union,iii,Ohio,59,"[21, 17, 14, 7]",,,,,,,
401767154,2025,7,regular,2025-10-11T18:00:00.000Z,False,True,False,True,7126,3894,Rhodes Stadium,2210,Elon,fcs,Coastal Athletic,21,"[7, 7, 0, 7]",0.10591093450784683,,,222,Villanova,fcs,Coastal Athletic,29,"[0, 3, 14, 12]",0.8940890654921532,,,4.959465556932668,,,
401774464,2025,7,regular,2025-10-11T18:00:00.000Z,False,True,False,True,,6108,Crain Field,2519,Rhodes,iii,Southern Athletic,19,"[0, 13, 6, 0]",,,,2398,Millsaps,iii,Southern Athletic,45,"[21, 10, 0, 14]",,,,,,,
401773373,2025,7,regular,2025-10-11T18:00:00.000Z,False,True,False,True,,5113,Ruggles Field at Carpenter-Haygood Stadium,2271,Henderson State,ii,Great American,59,"[17, 14, 14, 14]",,,,2823,Northwestern (OK),ii,Great American,0,"[0, 0, 0, 0]",,,,,,,
401773252,2025,7,regular,2025-10-11T18:00:00.000Z,False,True,False,True,,5114,Shelton Stadium,2810,Hardin Simmons,iii,American Southwest,34,"[14, 6, 7, 7]",,,,2371,Mary Hardin Baylor,iii,American Southwest,7,"[0, 0, 0, 7]",,,,,,,
401773418,2025,7,regular,2025-10-11T18:00:00.000Z,False,True,False,True,,3878,Plaster Sports Complex,2586,Southwest Baptist,ii,Great Lakes,24,"[7, 3, 14, 0]",,,,2816,McKendree,ii,Great Lakes,26,"[0, 7, 10, 9]",,,,,,,
401766692,2025,7,regular,2025-10-11T18:00:00.000Z,False,True,False,True,,5820,Amos Alonzo Stagg Field,80,Chicago,iii,Midwest,66,"[7, 21, 21, 17]",,,,268,Lawrence,iii,Midwest,0,"[0, 0, 0, 0]",,,,,,,
401773456,2025,7,regular,2025-10-11T18:00:00.000Z,False,True,False,True,,5934,Farmers Insurance Athletic Complex,110254,Davenport,ii,GLIAC,14,"[7, 0, 0, 7]",,,,2392,Michigan Tech,ii,GLIAC,16,"[10, 3, 0, 3]",,,,,,,
401766689,2025,7,regular,2025-10-11T18:00:00.000Z,False,True,False,True,,5908,Harley Knosher Bowl,255,Knox,iii,Midwest,20,"[0, 6, 7, 7]",,,,65,Grinnell,iii,Midwest,17,"[0, 3, 7, 7]",,,,,,,
401773181,2025,7,regular,2025-10-11T18:00:00.000Z,False,True,False,True,,6091,Abel Stadium,6845,Nebraska Wesleyan,iii,American Rivers,28,"[0, 21, 7, 0]",,,,263,Loras,iii,American Rivers,31,"[7, 7, 0, 17]",,,,,,,
401766696,2025,7,regular,2025-10-11T18:00:00.000Z,False,True,False,True,,6151,Farley-Lamb Field,2731,Williams,iii,NESCAC,24,"[0, 14, 3, 7]",,,,2394,Middlebury,iii,NESCAC,17,"[7, 3, 7, 0]",,,,,,,
401773048,2025,7,regular,2025-10-11T18:00:00.000Z,False,True,False,True,,3635,Bill Buxton Stadium,2564,Simpson (IA),iii,American Rivers,7,"[0, 0, 0, 7]",,,,2141,Coe,iii,American Rivers,34,"[7, 21, 6, 0]",,,,,,,
401773785,2025,7,regular,2025-10-11T18:00:00.000Z,False,True,False,True,,3641,Blakeslee Stadium,2364,Minnesota State,ii,Northern Sun,47,"[13, 17, 17, 0]",,,,2851,Winona State,ii,Northern Sun,21,"[0, 7, 7, 7]",,,,,,,
401766690,2025,7,regular,2025-10-11T18:00:00.000Z,False,True,False,True,,5915,Farwell Field,262,Lake Forest,iii,Midwest,59,"[14, 21, 7, 17]",,,,266,Beloit,iii,Midwest,0,"[0, 0, 0, 0]",,,,,,,
401766688,2025,7,regular,2025-10-11T18:00:00.000Z,False,True,False,True,,6084,April Zorn Memorial Stadium,2919,Monmouth (IL),iii,Midwest,48,"[14, 6, 7, 21]",,,,2286,Illinois College,iii,Midwest,15,"[3, 3, 9, 0]",,,,,,,
401773608,2025,7,regular,2025-10-11T18:00:00.000Z,False,True,False,True,,5942,Francis G. Welch Stadium,2214,Emporia State,ii,Mid America,31,"[14, 7, 7, 3]",,,,2403,Missouri Southern State,ii,Mid America,24,"[7, 0, 0, 17]",,,,,,,
401777282,2025,7,regular,2025-10-11T18:00:00.000Z,False,True,False,True,,5864,Robert E. Thorn Field,146,Grove City,iii,Presidents',24,"[0, 10, 7, 7]",,,,2845,Waynesburg,iii,Presidents',14,"[0, 7, 7, 0]",,,,,,,
401777289,2025,7,regular,2025-10-11T18:00:00.000Z,False,True,False,True,,6139,Cameron Stadium,2686,Washington & Jefferson,iii,Presidents',24,"[7, 10, 0, 7]",,,,2849,Westminster (PA),iii,Presidents',7,"[0, 0, 0, 7]",,,,,,,
401777603,2025,7,regular,2025-10-11T18:00:00.000Z,False,True,False,True,,3843,MLC Bowl,446,Martin Luther,iii,Upper Midwest,7,"[0, 0, 0, 7]",,,,509,Crown,iii,Upper Midwest,17,"[7, 7, 3, 0]",,,,,,,
401773672,2025,7,regular,2025-10-11T18:00:00.000Z,False,True,False,True,,5943,Duvall-Rosier Field,2986,Fairmont State,ii,Mountain East,45,"[14, 21, 7, 3]",,,,455,West Virginia Wesleyan,ii,Mountain East,10,"[0, 0, 3, 7]",,,,,,,
401773237,2025,7,regular,2025-10-11T18:00:00.000Z,False,True,False,True,,3698,Donnell Stadium,2224,Findlay,ii,Great Midwest Athletic,16,"[9, 7, 0, 0]",,,,2273,Hillsdale,ii,Great Midwest Athletic,14,"[7, 0, 0, 7]",,,,,,,
401773159,2025,7,regular,2025-10-11T18:00:00.000Z,False,True,False,True,,5809,J. Leslie Rollins Stadium,63,Buena Vista,iii,American Rivers,31,"[7, 0, 10, 14]",,,,67,Luther,iii,American Rivers,7,"[0, 7, 0, 0]",,,,,,,
401774453,2025,7,regular,2025-10-11T18:00:00.000Z,False,True,False,False,,4423,Young-Wise Memorial Stadium,418,Hendrix,iii,Southern Athletic,60,"[14, 20, 10, 16]",,,,2045,Austin,iii,Southern Collegiate Athletic,21,"[0, 7, 7, 7]",,,,,,,
401777031,2025,7,regular,2025-10-11T18:00:00.000Z,False,True,False,True,,5827,Tomasini Stadium,409,Concordia (WI),iii,NACC,41,"[0, 7, 13, 14, 7]",,,,6353,Lakeland,iii,NACC,34,"[7, 14, 7, 6, 0]",,,,,,,
401773814,2025,7,regular,2025-10-11T18:00:00.000Z,False,True,False,True,,4440,Sox Harrison Stadium,2205,Edinboro,ii,Pennsylvania State Athletic,35,"[12, 3, 6, 14]",,,,2858,California (PA),ii,Pennsylvania State Athletic,29,"[0, 13, 7, 9]",,,,,,,
401767260,2025,7,regular,2025-10-11T18:00:00.000Z,False,True,False,True,5487,3781,Johnny Unitas Stadium,119,Towson,fcs,Coastal Athletic,31,"[0, 14, 7, 10]",0.19499918818473816,,,2405,Monmouth,fcs,Coastal Athletic,42,"[7, 14, 7, 14]",0.8050008118152618,,,6.174689527998597,,,
401773486,2025,7,regular,2025-10-11T18:00:00.000Z,False,True,False,True,,3885,Harvey Randall Wickes Memorial Stadium,129,Saginaw Valley State,ii,GLIAC,55,"[21, 7, 20, 7]",,,,127991,Roosevelt,ii,GLIAC,10,"[0, 0, 7, 3]",,,,,,,
401776738,2025,7,regular,2025-10-11T18:00:00.000Z,False,True,False,True,,6122,Public Schools Stadium,375,St. Scholastica,iii,Minnesota,14,"[7, 7, 0, 0]",,,,2101,Carleton,iii,Minnesota,41,"[7, 17, 7, 10]",,,,,,,
401774370,2025,7,regular,2025-10-11T18:00:00.000Z,False,True,False,True,,5816,Art Keller Field,2106,Carthage,iii,CCIW,23,"[0, 13, 0, 7, 3, 0]",,,,143,Washington St. Louis,iii,CCIW,31,"[0, 7, 0, 13, 3, 8]",,,,,,,
401773958,2025,7,regular,2025-10-11T18:00:00.000Z,False,True,False,True,,6078,Pioneer Field (TN),2839,Tusculum,ii,South Atlantic,28,"[7, 7, 7, 7]",,,,2444,Newberry,ii,South Atlantic,35,"[7, 6, 7, 15]",,,,,,,
401773661,2025,7,regular,2025-10-11T18:00:00.000Z,False,True,False,True,,3667,Callaghan Stadium,2148,Concord,ii,Mountain East,21,"[7, 14, 0, 0]",,,,2707,West Virginia State,ii,Mountain East,28,"[14, 3, 3, 8]",,,,,,,
401774459,2025,7,regular,2025-10-11T18:00:00.000Z,False,True,False,True,,5996,Wilford Moore Stadium,241,McMurry,iii,Southern Collegiate Athletic,65,"[35, 0, 23, 7]",,,,101161,Lyon,iii,Southern Collegiate Athletic,7,"[0, 0, 0, 7]",,,,,,,
401776746,2025,7,regular,2025-10-11T18:00:00.000Z,False,True,False,True,,5813,Klein Field at Manitou,133,St. Olaf,iii,Minnesota,21,"[3, 7, 0, 11]",,,,2968,Gustavus Adolphus,iii,Minnesota,35,"[7, 7, 7, 14]",,,,,,,
401773771,2025,7,regular,2025-10-11T18:00:00.000Z,False,True,False,True,,5872,Kirkeby-Over Stadium,2043,Augustana (SD),ii,Northern Sun,50,"[15, 14, 14, 7]",,,,3066,Concordia St. Paul,ii,Northern Sun,10,"[7, 3, 0, 0]",,,,,,,
401777014,2025,7,regular,2025-10-11T18:00:00.000Z,False,True,False,True,,5797,Vago Field,2044,Aurora,iii,NACC,48,"[14, 27, 7, 0]",,,,2524,Rockford,iii,NACC,0,"[0, 0, 0, 0]",,,,,,,
401776763,2025,7,regular,2025-10-11T18:00:00.000Z,False,True,False,True,,5895,Klas Field,162,Hamline,iii,Minnesota,12,"[0, 0, 0, 12]",,,,2152,Concordia (MN),iii,Minnesota,58,"[17, 6, 14, 21]",,,,,,,
401773651,2025,7,regular,2025-10-11T18:00:00.000Z,False,True,False,True,,6212,Bishop Schmitt Field,112335,Wheeling,ii,Mountain East,13,"[0, 3, 0, 10]",,,,2128,Charleston (WV),ii,Mountain East,20,"[0, 17, 0, 3]",,,,,,,
401774020,2025,7,regular,2025-10-11T18:00:00.000Z,False,True,False,True,,6042,Alumni Stadium (KY),2310,Kentucky State,ii,SIAC,42,[],,,,2206,Edward Waters,ii,SIAC,14,[],,,,,,,
401777977,2025,7,regular,2025-10-11T18:00:00.000Z,False,True,False,True,,5876,Bentley University Football Stadium,2060,Bentley,ii,Northeast 10,59,"[21, 21, 10, 7]",,,,126086,Post,ii,Northeast 10,0,"[0, 0, 0, 0]",,,,,,,
401778026,2025,7,regular,2025-10-11T18:00:00.000Z,False,True,False,False,,5800,Jopson Athletic Complex,2079,Bridgewater,iii,Old Dominion,14,"[0, 7, 7, 0]",,,,131109,Roanoke College,,,24,"[0, 7, 3, 14]",,,,,,,
401773737,2025,7,regular,2025-10-11T18:00:00.000Z,False,True,False,True,,6035,"Memorial Stadium (Wayne, NE)",2844,Wayne State (NE),ii,Northern Sun,21,"[7, 7, 7, 0]",,,,132,Bemidji State,ii,Northern Sun,26,"[14, 10, 0, 2]",,,,,,,
401774185,2025,7,regular,2025-10-11T18:00:00.000Z,False,True,False,True,,5901,David Smith Stadium at Ramer Field,2723,Wisconsin River Falls,iii,Wisconsin,31,"[14, 10, 7, 0]",,,,272,Wisconsin Platteville,iii,Wisconsin,21,"[0, 7, 7, 7]",,,,,,,
401767616,2025,7,regular,2025-10-11T18:00:00.000Z,False,True,False,True,1405,3655,Brown Field,2674,Valparaiso,fcs,Pioneer,10,"[0, 0, 0, 10]",0,,,2168,Dayton,fcs,Pioneer,41,"[14, 27, 0, 0]",1,,,3.71153217173371,,,
401767583,2025,7,regular,2025-10-11T18:00:00.000Z,False,True,False,False,,3782,Johnson Hagood Stadium,2643,The Citadel,fcs,Southern,38,"[14, 10, 7, 7]",,,,2673,Valdosta State,ii,Gulf South,14,"[0, 7, 0, 7]",,,,,,,
401773641,2025,7,regular,2025-10-11T18:00:00.000Z,False,True,False,True,,4724,Audrey J. Walton Stadium at Vernon Kennedy Field,2118,Central Missouri,ii,Mid America,32,"[14, 3, 0, 15]",,,,138,Northwest Missouri State,ii,Mid America,49,"[7, 14, 14, 14]",,,,,,,
401773990,2025,7,regular,2025-10-11T18:00:00.000Z,False,True,False,True,,5875,Charlie W. Johnson Stadium,490,Benedict,ii,SIAC,14,"[7, 0, 7, 0]",,,,2232,Fort Valley State,ii,SIAC,7,"[0, 7, 0, 0]",,,,,,,
401776753,2025,7,regular,2025-10-11T18:00:00.000Z,False,True,False,True,,5117,Clemens Stadium,2600,Saint John's (MN),iii,Minnesota,70,"[21, 35, 7, 7]",,,,2359,Macalester,iii,Minnesota,0,"[0, 0, 0, 0]",,,,,,,
401774178,2025,7,regular,2025-10-11T18:00:00.000Z,False,True,False,True,,5900,Don and Nona Williams Stadium,2744,Wisconsin Stout,iii,Wisconsin,27,"[0, 0, 13, 14]",,,,271,Wisconsin Oshkosh,iii,Wisconsin,16,"[7, 7, 2, 0]",,,,,,,
401767242,2025,7,regular,2025-10-11T18:00:00.000Z,False,True,False,True,4735,5888,University Stadium (GA),2698,West Georgia,fcs,UAC,13,"[3, 3, 7, 0]",0.4269081950187683,,,2000,Abilene Christian,fcs,UAC,30,"[3, 14, 7, 6]",0.5730918049812317,,,13.124577386414426,,,
401774376,2025,7,regular,2025-10-11T18:00:00.000Z,False,True,False,True,,5859,Tucci Stadium,306,Illinois Wesleyan,iii,CCIW,21,"[0, 7, 7, 7]",,,,396,Wheaton (IL),iii,CCIW,65,"[7, 29, 20, 9]",,,,,,,
401774191,2025,7,regular,2025-10-11T18:00:00.000Z,False,True,False,True,,5903,Community Stadium at Goerke Park,2743,Wisconsin Stevens Point,iii,Wisconsin,14,"[0, 0, 7, 7]",,,,2745,Wisconsin Whitewater,iii,Wisconsin,45,"[14, 10, 7, 14]",,,,,,,
401773895,2025,7,regular,2025-10-11T18:00:00.000Z,False,True,False,True,,3860,O'Harra Stadium,613,South Dakota Mines,ii,Rocky Mountain,14,"[7, 0, 0, 7]",,,,2146,Colorado School of Mines,ii,Rocky Mountain,24,"[14, 0, 7, 3]",,,,,,,
401767744,2025,7,regular,2025-10-11T18:00:00.000Z,False,True,False,True,2789,3777,Joe Walton Stadium,2523,Robert Morris,fcs,NEC,12,"[0, 0, 0, 12]",0.19000734388828278,,,2115,Central Connecticut,fcs,NEC,24,"[14, 0, 7, 3]",0.8099926561117172,,,3.9393629417679454,,,
401773108,2025,7,regular,2025-10-11T18:00:00.000Z,False,True,False,False,,5843,W.B. Adams Stadium,366,Ferrum,ii,Carolinas,20,"[0, 0, 6, 14]",,,,122666,Barton,ii,Carolinas,34,"[0, 17, 14, 3]",,,,,,,
401767143,2025,7,regular,2025-10-11T18:00:00.000Z,False,True,False,True,3358,3620,Armstrong Stadium,2261,Hampton,fcs,Coastal Athletic,21,"[0, 14, 0, 7]",0.03237970545887947,,,2097,Campbell,fcs,Coastal Athletic,38,"[0, 10, 21, 7]",0.9676202945411205,,,4.674842218766013,,,
401762837,2025,7,regular,2025-10-11T18:30:00.000Z,False,True,False,True,11523,3696,Dix Stadium,2309,Kent State,fbs,Mid-American,42,"[14, 7, 21, 0]",0.9943628311157227,838,966,113,Massachusetts,fbs,Mid-American,6,"[0, 6, 0, 0]",0.005637168884277344,1017,889,1.8487384351500182,,,
401773946,2025,7,regular,2025-10-11T18:30:00.000Z,False,True,False,True,,6046,Meares Stadium,2369,Mars Hill,ii,South Atlantic,23,"[7, 0, 2, 14]",,,,2213,Emory & Henry,ii,South Atlantic,48,"[7, 17, 14, 10]",,,,,,,
401773176,2025,7,regular,2025-10-11T18:30:00.000Z,False,True,False,True,,6137,Walston-Hoover Stadium,2685,Wartburg,iii,American Rivers,33,"[21, 10, 2, 0]",,,,49,Dubuque,iii,American Rivers,7,"[0, 7, 0, 0]",,,,,,,
401767567,2025,7,regular,2025-10-11T18:30:00.000Z,False,True,False,True,8375,3704,E. J. Whitmire Stadium,2717,Western Carolina,fcs,Southern,52,"[0, 24, 14, 14]",0.9847305417060852,,,231,Furman,fcs,Southern,7,"[0, 7, 0, 0]",0.015269458293914795,,,3.128192216967887,,,
401777192,2025,7,regular,2025-10-11T18:30:00.000Z,False,True,False,True,,5931,Don Drumm Stadium,317,Marietta,iii,Ohio,27,"[7, 14, 6, 0]",,,,191,Heidelberg,iii,Ohio,30,"[0, 14, 3, 13]",,,,,,,
401766691,2025,7,regular,2025-10-11T19:00:00.000Z,False,True,False,True,,5828,Van Metre Field at Ash Park,2155,Cornell (IA),iii,Midwest,14,"[0, 7, 0, 7]",,,,2891,Ripon,iii,Midwest,22,"[2, 14, 0, 6]",,,,,,,
401767196,2025,7,regular,2025-10-11T19:00:00.000Z,False,True,False,True,6085,3858,O'Brien Stadium,2197,Eastern Illinois,fcs,OVC-Big South,10,"[0, 3, 7, 0]",0.017525197938084602,,,2241,Gardner-Webb,fcs,OVC-Big South,21,"[7, 14, 0, 0]",0.9824748020619154,,,4.065450588509923,,,
401773133,2025,7,regular,2025-10-11T19:00:00.000Z,False,True,False,False,,6060,Grace P. Johnson Stadium,2882,UNC Pembroke,ii,Carolinas,52,"[21, 10, 14, 7]",,,,2560,Shorter,ii,Carolinas,21,"[0, 0, 7, 14]",,,,,,,
401767537,2025,7,regular,2025-10-11T19:00:00.000Z,False,True,False,True,,5237,Dana J. Dykhouse Stadium,2571,South Dakota State,fcs,MVFC,31,"[7, 7, 7, 10]",0.9183514714241028,,,2460,Northern Iowa,fcs,MVFC,3,"[0, 3, 0, 0]",0.08164852857589722,,,2.9886600861575117,,,
401767390,2025,7,regular,2025-10-11T19:00:00.000Z,False,True,False,True,5257,3850,Municipal Stadium,2065,Bethune-Cookman,fcs,SWAC,45,"[7, 14, 17, 7]",,,,2582,Southern,fcs,SWAC,14,"[7, 0, 0, 7]",,,,,,,
401774022,2025,7,regular,2025-10-11T19:00:00.000Z,False,True,False,True,,6044,Lane Field,2323,Lane College,ii,SIAC,13,"[0, 6, 0, 7]",,,,2396,Miles,ii,SIAC,23,"[6, 7, 7, 3]",,,,,,,
401773921,2025,7,regular,2025-10-11T19:00:00.000Z,False,True,False,True,,6553,Helen and Leonard Moretz Stadium,2331,Lenoir Rhyne,ii,South Atlantic,28,"[14, 0, 7, 7]",,,,129469,Anderson (SC),ii,South Atlantic,35,"[7, 14, 7, 7]",,,,,,,
401773884,2025,7,regular,2025-10-11T19:00:00.000Z,False,True,False,True,,5782,Mountaineer Bowl,2714,Western Colorado,ii,Rocky Mountain,56,"[7, 7, 35, 7]",,,,2069,Black Hills State,ii,Rocky Mountain,17,"[3, 7, 7, 0]",,,,,,,
401767236,2025,7,regular,2025-10-11T19:00:00.000Z,False,True,False,True,6216,3748,Graham Stadium,2630,UT Martin,fcs,OVC-Big South,32,"[7, 13, 0, 12]",0.5376095175743103,,,2710,Western Illinois,fcs,OVC-Big South,31,"[7, 14, 10, 0]",0.4623904824256897,,,6.737324479852597,,,
401773754,2025,7,regular,2025-10-11T19:00:00.000Z,False,True,False,False,,6052,Herb Parker Stadium,568,Minot State,ii,Northern Sun,35,"[14, 3, 7, 11]",,,,2939,Jamestown,ii,Northern Sun,28,"[7, 7, 0, 14]",,,,,,,
401773629,2025,7,regular,2025-10-11T19:00:00.000Z,False,True,False,True,,6057,Ron & Carol Cope Stadium at Foster Field,2438,Nebraska Kearney,ii,Mid America,27,"[6, 0, 7, 14]",,,,137,Missouri Western,ii,Mid America,7,"[0, 0, 7, 0]",,,,,,,
401773747,2025,7,regular,2025-10-11T19:00:00.000Z,False,True,False,True,,3638,MDU Resources Community Bowl,559,University of Mary,ii,Northern Sun,35,"[7, 0, 6, 22]",,,,2817,Minnesota St Moorhead,ii,Northern Sun,38,"[14, 3, 14, 7]",,,,,,,
401767413,2025,7,regular,2025-10-11T19:00:00.000Z,False,True,False,False,10012,3650,Bragg Memorial Stadium,50,Florida A&M,fcs,SWAC,7,"[0, 0, 7, 0]",0.011420588940382004,,,2428,North Carolina Central,fcs,MEAC,45,"[7, 21, 7, 10]",0.988579411059618,,,4.044759156097599,,,
401767313,2025,7,regular,2025-10-11T19:00:00.000Z,False,True,False,True,19871,3809,Louis Crews Stadium,2010,Alabama A&M,fcs,SWAC,45,"[7, 10, 21, 7]",0.9154833555221558,,,2400,Mississippi Valley State,fcs,SWAC,25,"[9, 7, 3, 6]",0.08451664447784424,,,5.427448343632492,,,
401773644,2025,7,regular,2025-10-11T19:00:00.000Z,False,True,False,True,,6067,Carnie Smith Stadium,90,Pittsburg State,ii,Mid America,34,"[10, 14, 0, 10]",,,,2687,Washburn,ii,Mid America,10,"[0, 7, 0, 3]",,,,,,,
401773889,2025,7,regular,2025-10-11T19:00:00.000Z,False,True,False,True,,5880,Elliott Field at Don Beebe Stadium,2123,Chadron State,ii,Rocky Mountain,37,"[10, 12, 0, 15]",,,,2424,New Mexico Highlands,ii,Rocky Mountain,20,"[14, 0, 6, 0]",,,,,,,
401767372,2025,7,regular,2025-10-11T19:00:00.000Z,False,True,False,False,7201,3771,Jack Spinks Stadium,2016,Alcorn State,fcs,SWAC,42,"[14, 7, 21, 0]",0.9965556859970093,,,124179,Lincoln (CA),ii,Independent DII,0,"[0, 0, 0, 0]",0.0034443140029907227,,,2.1476982092464216,,,
401774323,2025,7,regular,2025-10-11T19:00:00.000Z,False,True,False,True,,5824,Lions Stadium,2442,The College of New Jersey,iii,New Jersey,42,"[14, 0, 0, 28]",,,,2970,William Paterson,iii,New Jersey,0,"[0, 0, 0, 0]",,,,,,,
401773387,2025,7,regular,2025-10-11T19:00:00.000Z,False,True,False,True,,3934,Southern Nazarene University Football Stadium,200,Southern Nazarene,ii,Great American,7,"[0, 7, 0, 0]",,,,2888,Ouachita Baptist,ii,Great American,28,"[0, 7, 6, 15]",,,,,,,
401773346,2025,7,regular,2025-10-11T19:00:00.000Z,False,True,False,True,,6064,Crain Family Stadium,319,Oklahoma Baptist,ii,Great American,17,"[0, 7, 0, 10]",,,,2028,Arkansas Monticello,ii,Great American,14,"[0, 7, 7, 0]",,,,,,,
401767084,2025,7,regular,2025-10-11T19:00:00.000Z,False,True,False,True,22267,3643,Bobcat Stadium,147,Montana State,fcs,Big Sky,48,"[14, 20, 7, 7]",0.9607776999473572,,,304,Idaho State,fcs,Big Sky,14,"[7, 7, 0, 0]",0.03922230005264282,,,3.1362987263333375,,,
401773336,2025,7,regular,2025-10-11T19:00:00.000Z,False,True,False,True,,5936,Koi Ishto Stadium,2191,East Central,ii,Great American,37,"[7, 16, 7, 7]",,,,2033,Arkansas Tech,ii,Great American,21,"[0, 7, 7, 7]",,,,,,,
401774040,2025,7,regular,2025-10-11T19:00:00.000Z,False,True,False,True,,5636,Wright Stadium,173,Hartwick,iii,Empire 8,21,[],,,,374,St. John Fisher,iii,Empire 8,35,[],,,,,,,
401774212,2025,7,regular,2025-10-11T19:00:00.000Z,False,True,False,True,,5807,Brevard Memorial Stadium,2913,Brevard,iii,USA South,35,"[7, 14, 7, 7]",,,,2896,Southern Virginia,iii,USA South,32,"[3, 0, 14, 15]",,,,,,,
401774361,2025,7,regular,2025-10-11T19:00:00.000Z,False,True,False,True,,5815,Schneider Stadium,32,Carroll (WI),iii,CCIW,24,"[21, 0, 3, 0]",,,,75,North Park,iii,CCIW,10,"[3, 0, 0, 7]",,,,,,,
401752870,2025,7,regular,2025-10-11T19:30:00.000Z,False,True,False,True,59625,3626,Autzen Stadium,2483,Oregon,fbs,Big Ten,20,"[7, 3, 3, 7]",0.09701064229011536,2018,1996,84,Indiana,fbs,Big Ten,30,"[10, 3, 7, 10]",0.9029893577098846,2000,2022,5.790429511289678,,,
401773262,2025,7,regular,2025-10-11T19:30:00.000Z,False,True,False,True,,5857,Gordon Wood Stadium,2758,Howard Payne,iii,American Southwest,36,"[13, 10, 7, 6]",,,,2194,East Texas Baptist,iii,American Southwest,18,"[0, 3, 7, 8]",,,,,,,
401773394,2025,7,regular,2025-10-11T19:30:00.000Z,False,True,False,True,,5891,Wilkins Stadium,2568,Southern Arkansas,ii,Great American,14,"[7, 0, 7, 0]",,,,2927,Southwestern Oklahoma State,ii,Great American,12,"[0, 3, 3, 6]",,,,,,,
401761624,2025,7,regular,2025-10-11T19:30:00.000Z,False,True,False,True,19587,4246,Center Parc Stadium,2247,Georgia State,fbs,Sun Belt,20,"[0, 0, 14, 6]",0.018627790734171867,1150,1116,2026,App State,fbs,Sun Belt,41,"[7, 10, 21, 3]",0.9813722092658281,1326,1360,3.3372824593976382,,,
401767511,2025,7,regular,2025-10-11T19:30:00.000Z,False,True,False,True,15812,3714,Fargodome,2449,North Dakota State,fcs,MVFC,45,"[7, 10, 14, 14]",0.9914210438728333,,,79,Southern Illinois,fcs,MVFC,17,"[3, 7, 0, 7]",0.008578956127166748,,,4.006905622908761,,,
401756919,2025,7,regular,2025-10-11T19:30:00.000Z,False,True,False,True,51316,3636,Bill Snyder Family Stadium,2306,Kansas State,fbs,Big 12,41,"[0, 14, 14, 13]",0.9988245368003845,1662,1695,2628,TCU,fbs,Big 12,28,"[0, 7, 7, 14]",0.0011754631996154785,1751,1718,4.311708038251212,,,
401767560,2025,7,regular,2025-10-11T19:30:00.000Z,False,True,False,True,7953,5400,William B. Greene Jr. Stadium,2193,East Tennessee State,fcs,Southern,45,"[7, 17, 14, 7]",1,,,2678,VMI,fcs,Southern,10,"[0, 0, 7, 3]",0,,,2.1372230578656795,,,
401767363,2025,7,regular,2025-10-11T19:30:00.000Z,False,True,False,True,44000,3976,Mississippi Veterans Memorial Stadium,2296,Jackson State,fcs,SWAC,38,"[7, 10, 7, 14]",1,,,2011,Alabama State,fcs,SWAC,34,"[0, 13, 7, 14]",0,,,7.198720313599221,,,
401762834,2025,7,regular,2025-10-11T19:30:00.000Z,False,True,False,True,20032,3980,Waldo Stadium,2711,Western Michigan,fbs,Mid-American,42,"[7, 14, 7, 14]",0.994542121887207,1276,1379,2050,Ball State,fbs,Mid-American,0,"[0, 0, 0, 0]",0.005457878112792969,1131,1028,2.4716812597707336,,,
401760386,2025,7,regular,2025-10-11T19:30:00.000Z,False,True,False,True,32932,6501,Allegiant Stadium,2439,UNLV,fbs,Mountain West,51,"[7, 6, 16, 22]",0.7981698513031006,1627,1625,2005,Air Force,fbs,Mountain West,48,"[7, 14, 7, 20]",0.20183014869689941,1352,1354,9.358486001155997,,,
401754563,2025,7,regular,2025-10-11T19:30:00.000Z,False,True,False,False,29710,3893,Reser Stadium,204,Oregon State,fbs,Pac-12,14,"[0, 0, 0, 14]",0.07040251791477203,1302,1248,154,Wake Forest,fbs,ACC,39,"[15, 10, 7, 7]",0.929597482085228,1409,1463,3.0025001196704193,,,
401761626,2025,7,regular,2025-10-11T19:30:00.000Z,False,True,False,True,23515,3775,Joan C. Edwards Stadium,276,Marshall,fbs,Sun Belt,48,"[7, 17, 17, 7]",0.9955727458000183,1508,1582,295,Old Dominion,fbs,Sun Belt,24,"[7, 3, 0, 14]",0.0044272541999816895,1628,1554,4.323536814197387,,,
401752736,2025,7,regular,2025-10-11T19:30:00.000Z,False,True,True,True,92100,499,Cotton Bowl,251,Texas,fbs,SEC,23,"[0, 3, 10, 10]",0.9899123311042786,1936,1964,201,Oklahoma,fbs,SEC,6,"[3, 3, 0, 0]",0.010087668895721436,1769,1741,4.19443888245953,,Allstate Red River Rivalry,
401756918,2025,7,regular,2025-10-11T19:30:00.000Z,False,True,False,True,52698,3726,Folsom Field,38,Colorado,fbs,Big 12,24,"[7, 0, 14, 3]",0.9795348048210144,1599,1611,66,Iowa State,fbs,Big 12,17,"[0, 10, 7, 0]",0.020465195178985596,1634,1622,5.620581706607601,,,
401754560,2025,7,regular,2025-10-11T19:30:00.000Z,False,True,False,True,50878,721,Bobby Dodd Stadium,59,Georgia Tech,fbs,ACC,35,"[15, 6, 7, 7]",0.9663555026054382,1568,1588,259,Virginia Tech,fbs,ACC,20,"[0, 7, 7, 6]",0.03364449739456177,1439,1419,2.3769529767711317,,,
401754562,2025,7,regular,2025-10-11T19:30:00.000Z,False,True,False,False,77622,3855,Notre Dame Stadium,87,Notre Dame,fbs,FBS Independents,36,"[7, 3, 14, 12]",0.9864176511764526,2194,2196,152,NC State,fbs,ACC,7,"[0, 7, 0, 0]",0.013582348823547363,1489,1487,4.13579605947671,,,
401752867,2025,7,regular,2025-10-11T19:30:00.000Z,False,True,False,True,39623,3665,SECU Stadium,120,Maryland,fbs,Big Ten,31,"[0, 17, 14, 0]",0.565939724445343,1573,1576,158,Nebraska,fbs,Big Ten,34,"[7, 17, 0, 10]",0.434060275554657,1702,1699,6.460996284830717,,,
401752866,2025,7,regular,2025-10-11T19:30:00.000Z,False,True,False,True,108121,3632,Beaver Stadium,213,Penn State,fbs,Big Ten,21,"[0, 14, 0, 7]",0.7152867913246155,2028,1996,77,Northwestern,fbs,Big Ten,22,"[3, 10, 0, 9]",0.2847132086753845,1478,1510,6.179311855515855,,,
401767504,2025,7,regular,2025-10-11T20:00:00.000Z,False,True,False,True,11960,3605,Alerus Center,155,North Dakota,fcs,MVFC,35,"[14, 14, 0, 7]",0.9399415850639343,,,2754,Youngstown State,fcs,MVFC,17,"[0, 7, 10, 0]",0.060058414936065674,,,3.021728488506533,,,
401783816,2025,7,regular,2025-10-11T20:00:00.000Z,False,True,False,True,,5909,Ortmayer Stadium,2318,La Verne,iii,So. Cal.,19,"[7, 0, 6, 6]",,,,2094,Cal Lutheran,iii,So. Cal.,23,"[0, 3, 13, 7]",,,,,,,
401773401,2025,7,regular,2025-10-11T20:00:00.000Z,False,True,False,True,,3609,Allgood-Bailey Stadium,2402,Missouri S&T,ii,Great Lakes,13,"[7, 0, 6, 0]",,,,2292,Indianapolis,ii,Great Lakes,56,"[21, 14, 7, 14]",,,,,,,
401774255,2025,7,regular,2025-10-11T20:00:00.000Z,False,True,False,True,,5821,Fritz B. Burns Stadium,17,Claremont Mudd Scripps,iii,So. Cal.,10,"[3, 0, 0, 7]",,,,29,Redlands,iii,So. Cal.,17,"[0, 14, 0, 3]",,,,,,,
401762484,2025,7,regular,2025-10-11T20:00:00.000Z,False,True,False,True,26149,3806,Lincoln Financial Field,218,Temple,fbs,American Athletic,31,"[7, 10, 7, 7]",0.6812015175819397,1228,1241,2426,Navy,fbs,American Athletic,32,"[7, 0, 14, 11]",0.3187984824180603,1546,1533,6.2423048366125435,,,
401767165,2025,7,regular,2025-10-11T20:00:00.000Z,False,True,False,True,1505,3658,Buccaneer Field,2127,Charleston Southern,fcs,OVC-Big South,13,"[3, 7, 0, 3]",0.011830422095954418,,,2635,Tennessee Tech,fcs,OVC-Big South,27,"[7, 13, 7, 0]",0.9881695779040456,,,3.9954038943815,,,
401777147,2025,7,regular,2025-10-11T20:00:00.000Z,False,True,False,True,,5119,Maxwell Field,203,Linfield,iii,Northwest,23,"[7, 3, 10, 3]",,,,205,Pacific (OR),iii,Northwest,6,"[0, 3, 0, 3]",,,,,,,
401777163,2025,7,regular,2025-10-11T20:00:00.000Z,False,True,False,True,,6104,Baker Stadium,2508,Puget Sound,iii,Northwest,27,"[3, 17, 0, 7]",,,,2486,Pacific Lutheran,iii,Northwest,41,"[0, 17, 17, 7]",,,,,,,
401777141,2025,7,regular,2025-10-11T20:00:00.000Z,False,True,False,True,,6148,The Pine Bowl,2721,Whitworth,iii,Northwest,40,"[14, 9, 7, 10]",,,,415,George Fox,iii,Northwest,16,"[0, 9, 7, 0]",,,,,,,
401773434,2025,7,regular,2025-10-11T20:00:00.000Z,False,True,False,True,,7504,Liberty North High School,2911,William Jewell,ii,Great Lakes,33,"[7, 14, 0, 6, 6]",,,,2825,Quincy,ii,Great Lakes,34,"[7, 7, 0, 13, 7]",,,,,,,
401777624,2025,7,regular,2025-10-11T20:00:00.000Z,False,True,False,True,,6096,Austin E. Knowlton Athletics Complex,391,Oberlin,iii,North Coast,2,"[2, 0, 0, 0]",,,,352,Kenyon,iii,North Coast,57,"[22, 14, 21, 0]",,,,,,,
401773903,2025,7,regular,2025-10-11T20:00:00.000Z,False,True,False,True,,4852,Neta and Eddie DeRose ThunderBowl,2570,CSU Pueblo,ii,Rocky Mountain,49,"[7, 21, 0, 21]",,,,2237,Fort Lewis,ii,Rocky Mountain,13,"[0, 0, 13, 0]",,,,,,,
401767079,2025,7,regular,2025-10-11T20:00:00.000Z,False,True,False,True,26347,3987,Washington-Grizzly Stadium,149,Montana,fcs,Big Sky,28,"[0, 0, 7, 21]",0.9974111318588257,,,13,Cal Poly,fcs,Big Sky,9,"[0, 9, 0, 0]",0.0025888681411743164,,,5.339354882238325,,,
401778024,2025,7,regular,2025-10-11T20:00:00.000Z,False,True,False,True,,6149,McCulloch Stadium,2930,Willamette,iii,Northwest,20,"[0, 0, 7, 13]",,,,2333,Lewis & Clark,iii,Northwest,28,"[7, 7, 7, 7]",,,,,,,
401767220,2025,7,regular,2025-10-11T20:00:00.000Z,False,True,False,True,2653,7003,Houck Field,2546,Southeast Missouri State,fcs,OVC-Big South,28,"[14, 7, 0, 7]",0.9567833542823792,,,2634,Tennessee State,fcs,OVC-Big South,12,"[0, 3, 3, 6]",0.04321664571762085,,,3.4823412862460197,,,
401767287,2025,7,regular,2025-10-11T20:00:00.000Z,False,True,False,True,9125,4133,Braly Municipal Stadium,2453,North Alabama,fcs,UAC,21,"[7, 7, 0, 7]",0.09568282216787338,,,2110,Central Arkansas,fcs,UAC,49,"[7, 28, 7, 7]",0.9043171778321266,,,4.887349507206299,,,
401752735,2025,7,regular,2025-10-11T20:15:00.000Z,False,True,False,True,101915,3853,Neyland Stadium,2633,Tennessee,fbs,SEC,34,"[7, 10, 10, 7]",0.8328769207000732,1827,1825,8,Arkansas,fbs,SEC,31,"[10, 7, 0, 14]",0.16712307929992676,1608,1610,5.12397736458338,,,
401777257,2025,7,regular,2025-10-11T20:30:00.000Z,False,True,False,True,,3671,Case Field,2963,Case Western Reserve,iii,Presidents',62,"[14, 28, 13, 7]",,,,2018,Allegheny,iii,Presidents',21,"[0, 0, 14, 7]",,,,,,,
401773118,2025,7,regular,2025-10-11T21:00:00.000Z,False,True,False,True,,10803,Pen-Air Field,110242,West Florida,ii,Gulf South,40,"[14, 6, 20, 0]",,,,2804,Chowan,ii,Carolinas,10,"[3, 0, 7, 0]",,,,,,,
401773549,2025,7,regular,2025-10-11T21:00:00.000Z,False,True,False,True,,5938,Al Whitehead Field at Greyhound Stadium,2201,Eastern New Mexico,ii,Lone Star,18,"[0, 10, 0, 8]",,,,2848,Western Oregon,ii,Lone Star,21,"[0, 0, 7, 14]",,,,,,,
401767622,2025,7,regular,2025-10-11T21:00:00.000Z,False,True,False,True,2794,716,Torero Stadium,301,San Diego,fcs,Pioneer,16,"[6, 7, 0, 3]",0.42372241616249084,,,2181,Drake,fcs,Pioneer,19,"[0, 7, 0, 12]",0.5762775838375092,,,5.110369407230623,,,
401767122,2025,7,regular,2025-10-11T21:00:00.000Z,False,True,False,True,12902,3791,Kibbie Dome,70,Idaho,fcs,Big Sky,33,"[7, 10, 8, 8]",0.071379154920578,,,2458,Northern Colorado,fcs,Big Sky,49,"[13, 22, 0, 14]",0.928620845079422,,,7.113734605405928,,,
401773932,2025,7,regular,2025-10-11T22:00:00.000Z,False,True,False,True,,5781,Irwin Belk Stadium,351,Wingate,ii,South Atlantic,41,"[14, 7, 7, 13]",,,,2107,Catawba,ii,South Atlantic,28,"[0, 7, 7, 14]",,,,,,,
401773790,2025,7,regular,2025-10-11T22:00:00.000Z,False,True,False,True,,6072,Schwan Regional Event Center,2587,Southwest Minnesota State,ii,Northern Sun,14,"[0, 6, 0, 8]",,,,2894,Sioux Falls,ii,Northern Sun,35,"[7, 14, 14, 0]",,,,,,,
401773847,2025,7,regular,2025-10-11T22:00:00.000Z,False,True,False,True,,3760,Hubert Jack Stadium,209,Lock Haven,ii,Pennsylvania State Athletic,7,"[0, 0, 0, 7]",,,,2315,Kutztown,ii,Pennsylvania State Athletic,34,"[13, 14, 0, 7]",,,,,,,
401762482,2025,7,regular,2025-10-11T22:00:00.000Z,False,True,False,True,20052,3715,FAU Stadium,2226,Florida Atlantic,fbs,American Athletic,53,"[21, 14, 15, 3]",1,1219,1270,5,UAB,fbs,American Athletic,33,"[0, 14, 16, 3]",0,1260,1209,1.8945495929790195,,,
401774339,2025,7,regular,2025-10-11T22:00:00.000Z,False,True,False,True,,4422,Valhalla Stadium,2757,Berry,iii,Southern Athletic,29,"[8, 0, 7, 14]",,,,386,Trinity (TX),iii,Southern Athletic,6,"[3, 3, 0, 0]",,,,,,,
401773983,2025,7,regular,2025-10-11T22:00:00.000Z,False,True,False,True,,6217,W.C. Hawkins Stadium,2019,Allen,ii,SIAC,20,"[6, 6, 0, 8, 0]",,,,2542,Savannah State,ii,SIAC,23,"[3, 17, 0, 0, 3]",,,,,,,
401773719,2025,7,regular,2025-10-11T22:00:00.000Z,False,True,False,True,,6074,Grappone Stadium,2830,Saint Anselm,ii,Northeast 10,21,"[7, 7, 0, 7]",,,,112334,Franklin Pierce,ii,Northeast 10,0,"[0, 0, 0, 0]",,,,,,,
401783913,2025,7,regular,2025-10-11T22:00:00.000Z,False,True,False,True,,5841,Pete FioRito Stadium at McKinzie Field,101,Eureka,iii,NACC,0,"[0, 0, 0, 0]",,,,2283,Benedictine (IL),iii,NACC,56,"[14, 14, 21, 7]",,,,,,,
401767251,2025,7,regular,2025-10-11T22:00:00.000Z,False,True,False,True,5753,3908,Roy Kidd Stadium,2198,Eastern Kentucky,fcs,UAC,34,"[7, 10, 3, 14]",0.856063723564148,,,2046,Austin Peay,fcs,UAC,20,"[7, 13, 0, 0]",0.14393627643585205,,,5.7525351818176915,,,
401773804,2025,7,regular,2025-10-11T22:05:00.000Z,False,True,False,True,,4439,Eiler-Martin Stadium,2188,East Stroudsburg,ii,Pennsylvania State Athletic,38,"[14, 0, 14, 10]",,,,2071,Bloomsburg,ii,Pennsylvania State Athletic,35,"[0, 7, 7, 21]",,,,,,,
401773574,2025,7,regular,2025-10-11T23:00:00.000Z,False,True,False,True,,5917,Ratliff Stadium,110243,UT Permian Basin,ii,Lone Star,14,"[7, 0, 7, 0]",,,,2120,Central Washington,ii,Lone Star,27,"[0, 3, 7, 17]",,,,,,,
401766693,2025,7,regular,2025-10-11T23:00:00.000Z,False,True,False,True,,6133,Ellis Oval at Zimman Field,112,Tufts,iii,NESCAC,28,"[7, 14, 7, 0]",,,,121,Bates,iii,NESCAC,35,"[14, 7, 0, 14]",,,,,,,
401761623,2025,7,regular,2025-10-11T23:00:00.000Z,False,True,False,True,15211,3654,Brooks Stadium (SC),324,Coastal Carolina,fbs,Sun Belt,23,"[6, 10, 7, 0]",0.9057210683822632,1182,1206,2433,UL Monroe,fbs,Sun Belt,8,"[0, 0, 8, 0]",0.09427893161773682,1101,1077,3.101859981932509,,,
401774275,2025,7,regular,2025-10-11T23:00:00.000Z,False,True,False,True,,10465,Mayo Field,101442,Centenary (LA),iii,Southern Collegiate Athletic,27,"[0, 6, 21, 0]",,,,2639,Texas Lutheran,iii,Southern Collegiate Athletic,55,"[3, 17, 14, 21]",,,,,,,
401777285,2025,7,regular,2025-10-11T23:00:00.000Z,False,True,False,True,,5803,Bison Stadium,2062,Bethany (WV),iii,Presidents',35,"[0, 0, 21, 14]",,,,2614,Saint Vincent,iii,Presidents',57,"[19, 14, 14, 10]",,,,,,,
401777046,2025,7,regular,2025-10-11T23:00:00.000Z,False,True,False,True,,5913,Warrior Field at Raabe Stadium,2741,Wisconsin Lutheran,iii,NACC,14,"[0, 7, 0, 7]",,,,2832,St. Norbert,iii,NACC,17,"[7, 3, 7, 0]",,,,,,,
401767439,2025,7,regular,2025-10-11T23:00:00.000Z,False,True,False,True,5647,3909,Roy Stewart Stadium,93,Murray State,fcs,MVFC,32,"[3, 14, 7, 8]",0,,,2287,Illinois State,fcs,MVFC,46,"[21, 10, 12, 3]",1,,,3.9075445886435327,,,
401767461,2025,7,regular,2025-10-11T23:00:00.000Z,False,True,False,True,2713,4762,Memorial Stadium (Commerce TX),2837,East Texas A&M,fcs,Southland,23,"[10, 6, 7, 0]",0.3496517241001129,,,2320,Lamar,fcs,Southland,33,"[0, 3, 10, 20]",0.6503482758998871,,,5.225443249134159,,,
401773763,2025,7,regular,2025-10-11T23:00:00.000Z,False,True,False,True,,3951,Swisher Field,425,Northern State,ii,Northern Sun,34,"[10, 10, 14, 0]",,,,134,Minnesota Duluth,ii,Northern Sun,31,"[7, 3, 14, 7]",,,,,,,
401774352,2025,7,regular,2025-10-11T23:00:00.000Z,False,True,False,True,,5839,Langhorst Field,72,Elmhurst,iii,CCIW,7,"[7, 0, 0, 0]",,,,2042,Augustana (IL),iii,CCIW,48,"[14, 18, 16, 0]",,,,,,,
401773464,2025,7,regular,2025-10-11T23:00:00.000Z,False,True,False,True,,3950,Superior Dome,128,Northern Michigan,ii,GLIAC,7,"[0, 7, 0, 0]",,,,125,Grand Valley State,ii,GLIAC,35,"[0, 7, 21, 7]",,,,,,,
401777072,2025,7,regular,2025-10-11T23:00:00.000Z,False,True,False,True,,6127,John P. Papp Stadium,2748,Wooster,iii,North Coast,7,"[0, 7, 0, 0]",,,,2171,Denison,iii,North Coast,28,"[0, 14, 7, 7]",,,,,,,
401774381,2025,7,regular,2025-10-11T23:00:00.000Z,False,True,False,True,,980,Benedetti-Wehrli Stadium,3071,North Central College,iii,CCIW,59,"[10, 21, 28, 0]",,,,74,Millikin,iii,CCIW,10,"[0, 10, 0, 0]",,,,,,,
401767116,2025,7,regular,2025-10-11T23:00:00.000Z,False,True,False,True,9937,3602,Aggie Stadium,302,UC Davis,fcs,Big Sky,45,"[3, 7, 14, 21]",0.9845821857452393,,,2464,Northern Arizona,fcs,Big Sky,24,"[7, 0, 10, 7]",0.015417814254760742,,,5.470729221717904,,,
401767470,2025,7,regular,2025-10-11T23:00:00.000Z,False,True,False,True,1645,4424,Husky Stadium,2277,Houston Christian,fcs,Southland,20,"[7, 6, 7, 0]",0.5966120362281799,,,2466,Northwestern State,fcs,Southland,17,"[7, 3, 0, 7]",0.40338796377182007,,,5.463000210824682,,,
401767418,2025,7,regular,2025-10-11T23:00:00.000Z,False,True,False,True,15763,3902,Eddie Robinson Stadium,2755,Grambling,fcs,SWAC,20,"[6, 7, 7, 0]",0.38576945662498474,,,2640,Texas Southern,fcs,SWAC,21,"[0, 14, 7, 0]",0.6142305433750153,,,5.819496678605472,,,
401760391,2025,7,regular,2025-10-11T23:00:00.000Z,False,True,False,True,20970,3984,War Memorial Stadium,2751,Wyoming,fbs,Mountain West,35,"[7, 7, 0, 21]",0.43602803349494934,1321,1337,23,San José State,fbs,Mountain West,28,"[14, 14, 0, 0]",0.5639719665050507,1433,1417,6.175670868403655,,,
401752737,2025,7,regular,2025-10-11T23:00:00.000Z,False,True,False,True,105086,3795,Kyle Field,245,Texas A&M,fbs,SEC,34,"[14, 7, 3, 10]",0.9996259808540344,1782,1808,57,Florida,fbs,SEC,17,"[14, 0, 3, 0]",0.00037401914596557617,1665,1639,3.5273446774125765,,,
401752869,2025,7,regular,2025-10-11T23:00:00.000Z,False,True,False,True,76064,347,Camp Randall Stadium,275,Wisconsin,fbs,Big Ten,0,"[0, 0, 0, 0]",0.008784875273704529,1540,1459,2294,Iowa,fbs,Big Ten,37,"[17, 6, 7, 7]",0.9912151247262955,1743,1824,2.1669036104572132,,,
401752864,2025,7,regular,2025-10-11T23:30:00.000Z,False,True,False,True,49254,3953,Huntington Bank Stadium,135,Minnesota,fbs,Big Ten,27,"[0, 13, 0, 14]",0.3324294686317444,1537,1534,2509,Purdue,fbs,Big Ten,20,"[7, 10, 3, 0]",0.6675705313682556,1311,1314,6.680073664999941,,,
401762485,2025,7,regular,2025-10-11T23:30:00.000Z,False,True,False,True,22058,3604,Alamodome,2636,UTSA,fbs,American Athletic,61,"[21, 17, 23, 0]",0.9894030094146729,1471,1588,242,Rice,fbs,American Athletic,13,"[3, 7, 0, 3]",0.010596990585327148,1273,1156,2.2423407780473745,,,
401752731,2025,7,regular,2025-10-11T23:30:00.000Z,False,True,False,True,88043,3785,Jordan-Hare Stadium,2,Auburn,fbs,SEC,10,"[7, 3, 0, 0]",0.43863198161125183,1676,1684,61,Georgia,fbs,SEC,20,"[0, 3, 10, 7]",0.5613680183887482,2033,2025,3.7158594869496846,,,
401756921,2025,7,regular,2025-10-11T23:30:00.000Z,False,True,False,True,60229,3784,Jones AT&T Stadium,2641,Texas Tech,fbs,Big 12,42,"[18, 3, 7, 14]",0.9748497009277344,1785,1835,2305,Kansas,fbs,Big 12,17,"[0, 17, 0, 0]",0.025150299072265625,1671,1621,3.776573182508832,,,
401752868,2025,7,regular,2025-10-11T23:30:00.000Z,False,True,False,True,75500,477,Los Angeles Memorial Coliseum,30,USC,fbs,Big Ten,31,"[7, 7, 7, 10]",0.9903444051742554,1865,1904,130,Michigan,fbs,Big Ten,13,"[0, 7, 0, 6]",0.009655594825744629,1851,1812,2.813885377187143,,,
401754558,2025,7,regular,2025-10-11T23:30:00.000Z,False,True,False,True,42265,3615,"Alumni Stadium (Chestnut Hill, MA)",103,Boston College,fbs,ACC,10,"[3, 7, 0, 0]",0.008241342380642891,1349,1303,228,Clemson,fbs,ACC,41,"[10, 24, 0, 7]",0.9917586576193571,1688,1734,3.6232546541892043,,,
401752732,2025,7,regular,2025-10-11T23:45:00.000Z,False,True,False,True,101921,3958,Tiger Stadium (LA),99,LSU,fbs,SEC,20,"[3, 7, 7, 3]",0.9584726095199585,1751,1763,2579,South Carolina,fbs,SEC,10,"[7, 0, 3, 0]",0.041527390480041504,1682,1670,4.958702234174087,,,
401773874,2025,7,regular,2025-10-12T00:00:00.000Z,False,True,False,True,,5882,Ralph Stocker Stadium,11,Colorado Mesa,ii,Rocky Mountain,54,"[20, 7, 21, 6]",,,,2001,Adams State,ii,Rocky Mountain,17,"[7, 10, 0, 0]",,,,,,,
401767307,2025,7,regular,2025-10-12T00:00:00.000Z,False,True,False,True,3818,3745,Greater Zion Stadium,3101,Utah Tech,fcs,UAC,23,"[7, 6, 3, 7]",0.15574589371681213,,,2627,Tarleton State,fcs,UAC,41,"[13, 7, 7, 14]",0.8442541062831879,,,5.596305302752331,,,
401756916,2025,7,regular,2025-10-12T00:00:00.000Z,False,True,False,True,47960,3619,Arizona Stadium,12,Arizona,fbs,Big 12,27,"[7, 10, 0, 7, 3, 0]",0.47610944509506226,1467,1473,252,BYU,fbs,Big 12,33,"[14, 0, 0, 10, 3, 6]",0.5238905549049377,1701,1695,9.418590352527037,,,
401767133,2025,7,regular,2025-10-12T00:00:00.000Z,False,True,False,True,2126,3942,Stewart Stadium,2692,Weber State,fcs,Big Sky,27,"[3, 7, 10, 7]",0.05070473626255989,,,16,Sacramento State,fcs,Big Sky,55,"[7, 21, 7, 20]",0.9492952637374401,,,3.8087075163346396,,,
401773599,2025,7,regular,2025-10-12T00:00:00.000Z,False,True,False,True,,5890,Lewis Field Stadium,2231,Fort Hays,ii,Mid America,14,"[0, 7, 7, 0]",,,,2122,Central Oklahoma,ii,Mid America,21,"[0, 7, 7, 7]",,,,,,,
401773559,2025,7,regular,2025-10-12T00:00:00.000Z,False,True,False,True,,6123,Jackson Field,2834,Sul Ross State,ii,Lone Star,23,[],,,,2395,Midwestern State,ii,Lone Star,69,[],,,,,,,
401773539,2025,7,regular,2025-10-12T00:00:00.000Z,False,True,False,True,,6076,Javelina Stadium,2658,Texas A&M-Kingsville,ii,Lone Star,24,"[7, 3, 7, 7]",,,,2025,Angelo State,ii,Lone Star,19,"[3, 7, 0, 9]",,,,,,,
401761627,2025,7,regular,2025-10-12T00:00:00.000Z,False,True,False,True,24369,3644,Bobcat Stadium (TX),326,Texas State,fbs,Sun Belt,41,"[28, 3, 7, 3, 0]",0.835141122341156,1579,1555,2653,Troy,fbs,Sun Belt,48,"[7, 10, 10, 14, 7]",0.164858877658844,1447,1471,6.582113673903993,,,
401760387,2025,7,regular,2025-10-12T01:45:00.000Z,False,True,False,True,32982,3653,Albertsons Stadium,68,Boise State,fbs,Mountain West,41,"[10, 7, 3, 21]",0.9968152642250061,1654,1667,167,New Mexico,fbs,Mountain West,25,"[0, 14, 3, 8]",0.0031847357749938965,1416,1403,4.229356450034913,,,
401774268,2025,7,regular,2025-10-12T02:00:00.000Z,False,True,False,True,,6103,Merritt Field,2923,Pomona Pitzer,iii,So. Cal.,10,"[7, 0, 3, 0]",,,,411,Chapman,iii,So. Cal.,17,"[10, 7, 0, 0]",,,,,,,
401756922,2025,7,regular,2025-10-12T02:15:00.000Z,False,True,False,True,51444,587,Rice-Eccles Stadium,254,Utah,fbs,Big 12,42,"[7, 14, 14, 7]",0.9942936897277832,1680,1773,9,Arizona State,fbs,Big 12,10,"[3, 0, 7, 0]",0.005706310272216797,1722,1629,2.318773229034503,,,
401760390,2025,7,regular,2025-10-12T02:30:00.000Z,False,True,False,True,19473,3816,Mackay Stadium,2440,Nevada,fbs,Mountain West,10,"[0, 0, 0, 10]",0,1259,1188,21,San Diego State,fbs,Mountain West,44,"[14, 21, 9, 0]",1,1463,1534,2.7710207793983725,,,
401760389,2025,7,regular,2025-10-12T03:59:00.000Z,False,True,False,True,13023,7220,Clarence T.C. Ching Athletics Complex,62,Hawai'i,fbs,Mountain West,44,"[10, 14, 3, 17]",0.8383846879005432,1280,1335,328,Utah State,fbs,Mountain West,26,"[3, 17, 6, 0]",0.1616153120994568,1425,1370,6.577668914310783,,,
401757282,2025,8,regular,2025-10-14T23:00:00.000Z,False,True,False,True,16312,3992,Williams Stadium (VA),2335,Liberty,fbs,Conference USA,30,"[3, 17, 0, 10]",0.14899571239948273,1426,1424,166,New Mexico State,fbs,Conference USA,27,"[0, 6, 14, 7]",0.8510042876005173,1229,1231,6.354180523660053,,,
401761628,2025,8,regular,2025-10-14T23:30:00.000Z,False,True,False,True,19634,6526,Hancock Whitney Stadium,6,South Alabama,fbs,Sun Belt,14,"[7, 0, 7, 0]",0.3514746129512787,1421,1410,2032,Arkansas State,fbs,Sun Belt,15,"[0, 3, 0, 12]",0.6485253870487213,1224,1235,6.007573581603441,,,
401757281,2025,8,regular,2025-10-15T00:00:00.000Z,False,True,False,True,12276,3796,Houchens Industries-L.T. Smith Stadium,98,Western Kentucky,fbs,Conference USA,6,"[3, 3, 0, 0]",0.028629839420318604,1424,1352,2229,Florida International,fbs,Conference USA,25,"[6, 13, 6, 0]",0.9713701605796814,1216,1288,3.3262775774847855,,,
401757283,2025,8,regular,2025-10-15T23:00:00.000Z,False,True,False,True,16884,3662,AmFirst Stadium,55,Jacksonville State,fbs,Conference USA,38,"[7, 14, 14, 3]",0.9933927655220032,1517,1540,48,Delaware,fbs,Conference USA,25,"[0, 6, 6, 13]",0.006607234477996826,1491,1468,3.1959847532851486,,,
401757284,2025,8,regular,2025-10-15T23:00:00.000Z,False,True,True,True,4657,3631,BBVA Compass Stadium,2534,Sam Houston,fbs,Conference USA,17,"[7, 3, 7, 0]",0.22097884118556976,1173,1139,2638,UTEP,fbs,Conference USA,35,"[7, 7, 7, 14]",0.7790211588144302,1200,1234,6.415474181610054,,,
401774125,2025,8,regular,2025-10-16T23:00:00.000Z,False,True,False,True,,6100,Cutler Field,354,Olivet,iii,Michigan,7,"[0, 0, 0, 7]",,,,2651,Trine,iii,Michigan,59,"[21, 31, 7, 0]",,,,,,,
401773395,2025,8,regular,2025-10-16T23:00:00.000Z,False,True,False,True,,3934,Southern Nazarene University Football Stadium,200,Southern Nazarene,ii,Great American,6,"[0, 0, 0, 6]",,,,2927,Southwestern Oklahoma State,ii,Great American,31,"[7, 10, 7, 7]",,,,,,,
401762486,2025,8,regular,2025-10-16T23:30:00.000Z,False,True,False,True,31307,3699,Dowdy-Ficklen Stadium,151,East Carolina,fbs,American Athletic,41,"[10, 14, 7, 10]",0.9893907904624939,1540,1530,202,Tulsa,fbs,American Athletic,27,"[7, 7, 3, 10]",0.010609209537506104,1045,1055,4.473966791859087,,,
401776972,2025,8,regular,2025-10-17T22:00:00.000Z,False,True,False,False,,5929,Ritchie Field,274,Maine Maritime,iii,Commonwealth Coast,14,"[0, 14, 0, 0]",,,,111675,New England,iii,Commonwealth Coast,77,"[28, 28, 7, 14]",,,,,,,
401754564,2025,8,regular,2025-10-17T23:00:00.000Z,False,True,False,True,66573,3948,Hard Rock Stadium,2390,Miami,fbs,ACC,21,"[7, 3, 3, 8]",0.6015821099281311,1843,1832,97,Louisville,fbs,ACC,24,"[14, 0, 3, 7]",0.3984178900718689,1735,1746,6.084893249932992,,,
401783908,2025,8,regular,2025-10-17T23:00:00.000Z,False,True,False,True,,5899,"Alumni Stadium (Worcester, MA)",2749,WPI,iii,NEWMAC,10,"[0, 3, 0, 7]",,,,81,Springfield,iii,NEWMAC,24,"[3, 7, 14, 0]",,,,,,,
401773720,2025,8,regular,2025-10-17T23:00:00.000Z,False,True,False,False,,6211,Sodexo Field,2310,Kentucky State,ii,SIAC,17,"[7, 7, 0, 3]",,,,112334,Franklin Pierce,ii,Northeast 10,14,"[0, 7, 7, 0]",,,,,,,
401752872,2025,8,regular,2025-10-18T00:00:00.000Z,False,True,False,True,48549,3953,Huntington Bank Stadium,135,Minnesota,fbs,Big Ten,24,"[0, 7, 7, 10]",0.9812977313995361,1534,1592,158,Nebraska,fbs,Big Ten,6,"[3, 3, 0, 0]",0.018702268600463867,1699,1641,2.8117471745196485,,,
401774195,2025,8,regular,2025-10-18T00:00:00.000Z,False,True,False,True,,4854,Perkins Stadium,2745,Wisconsin Whitewater,iii,Wisconsin,34,"[0, 3, 14, 17]",,,,2744,Wisconsin Stout,iii,Wisconsin,2,"[0, 0, 2, 0]",,,,,,,
401760396,2025,8,regular,2025-10-18T01:00:00.000Z,False,True,False,True,22710,3905,Maverik Stadium,328,Utah State,fbs,Mountain West,30,"[7, 3, 14, 6]",0.48661836981773376,1370,1376,23,San José State,fbs,Mountain West,25,"[3, 6, 10, 6]",0.5133816301822662,1417,1411,6.126946510509998,,,
401754371,2025,8,regular,2025-10-18T02:30:00.000Z,False,True,False,True,33401,3831,California Memorial Stadium,25,California,fbs,ACC,21,"[14, 0, 7, 0]",0.7403112053871155,1408,1408,153,North Carolina,fbs,ACC,18,"[7, 3, 0, 8]",0.2596887946128845,1342,1342,4.470531145553338,,,
401774377,2025,8,regular,2025-10-18T15:30:00.000Z,False,True,False,True,,6080,Frank M. Lindsay Field,74,Millikin,iii,CCIW,27,"[0, 7, 13, 7]",,,,306,Illinois Wesleyan,iii,CCIW,49,"[14, 21, 0, 14]",,,,,,,
401773238,2025,8,regular,2025-10-18T16:00:00.000Z,False,True,False,True,,3698,Donnell Stadium,2224,Findlay,ii,Great Midwest Athletic,28,"[0, 7, 14, 7]",,,,2316,Kentucky Wesleyan,ii,Great Midwest Athletic,0,"[0, 0, 0, 0]",,,,,,,
401799148,2025,8,regular,2025-10-18T16:00:00.000Z,False,True,False,True,,5822,Cadet Memorial Field,2557,Coast Guard,iii,NEWMAC,24,"[0, 10, 7, 7]",,,,109,MIT,iii,NEWMAC,14,"[14, 0, 0, 0]",,,,,,,
401773281,2025,8,regular,2025-10-18T16:00:00.000Z,False,True,False,False,,3690,Charles L. Currier Memorial Field,2972,Plymouth State,iii,MSCAC,28,"[7, 13, 0, 8]",,,,15,Anna Maria College,iii,MSCAC,35,"[7, 7, 7, 14]",,,,,,,
401774135,2025,8,regular,2025-10-18T16:00:00.000Z,False,True,False,False,,5638,Dave Wolk Stadium,293,Vermont State Castleton,iii,New Jersey,7,"[0, 0, 0, 7]",,,,2442,The College of New Jersey,iii,New Jersey,48,"[14, 13, 21, 0]",,,,,,,
401773271,2025,8,regular,2025-10-18T16:00:00.000Z,False,True,False,False,,6126,Bob Boozer Field,2781,Brockport,iii,Empire 8,48,"[21, 6, 21, 0]",,,,3162,Alfred State,iii,Empire 8,14,"[0, 7, 0, 7]",,,,,,,
401752873,2025,8,regular,2025-10-18T16:00:00.000Z,False,True,False,True,110701,3558,Michigan Stadium,130,Michigan,fbs,Big Ten,24,"[7, 0, 7, 10]",0.9841411113739014,1812,1839,264,Washington,fbs,Big Ten,7,"[0, 7, 0, 0]",0.015858888626098633,1701,1674,3.969699647089477,,,
401777771,2025,8,regular,2025-10-18T16:00:00.000Z,False,True,False,False,,3995,Dr. John W. Winkin Sports Complex,2280,Husson,iii,Commonwealth Coast,48,"[0, 27, 14, 7]",,,,131108,New England College,,,0,"[0, 0, 0, 0]",,,,,,,
401762839,2025,8,regular,2025-10-18T16:00:00.000Z,False,True,False,True,23105,3700,Doyt L. Perry Stadium,189,Bowling Green,fbs,Mid-American,6,"[3, 3, 0, 0]",0.020962966606020927,1422,1329,2117,Central Michigan,fbs,Mid-American,27,"[0, 17, 10, 0]",0.9790370333939791,1110,1203,3.6125295218185793,,,
401773711,2025,8,regular,2025-10-18T16:00:00.000Z,False,True,False,True,,7422,Municipal Stadium,126086,Post,ii,Northeast 10,27,"[0, 7, 7, 13]",,,,2038,Assumption,ii,Northeast 10,63,"[14, 21, 14, 14]",,,,,,,
401773673,2025,8,regular,2025-10-18T16:00:00.000Z,False,True,False,False,,4440,Sox Harrison Stadium,2205,Edinboro,ii,Pennsylvania State Athletic,30,"[3, 3, 10, 14]",,,,2986,Fairmont State,ii,Mountain East,35,"[14, 7, 0, 14]",,,,,,,
401773506,2025,8,regular,2025-10-18T16:00:00.000Z,False,True,False,True,,6129,BB&T Field at Griffin Plaza,2646,Thomas More,ii,Great Midwest Athletic,10,"[3, 0, 0, 7]",,,,2838,Tiffin,ii,Great Midwest Athletic,45,"[14, 28, 0, 3]",,,,,,,
401778018,2025,8,regular,2025-10-18T16:00:00.000Z,False,True,False,True,,6115,Toppa Field,2776,Salve Regina,iii,NEWMAC,34,"[6, 14, 7, 7]",,,,2383,Merchant Marine,iii,NEWMAC,38,"[14, 10, 7, 7]",,,,,,,
401762841,2025,8,regular,2025-10-18T16:00:00.000Z,False,True,False,True,6832,3996,Yager Stadium,193,Miami (OH),fbs,Mid-American,44,"[7, 14, 7, 16]",0.9974722266197205,1440,1449,2199,Eastern Michigan,fbs,Mid-American,30,"[0, 14, 0, 16]",0.002527773380279541,1213,1204,3.34424224366337,,,
401752745,2025,8,regular,2025-10-18T16:00:00.000Z,False,True,False,True,35000,3973,FirstBank Stadium,238,Vanderbilt,fbs,SEC,31,"[7, 10, 14, 0]",0.9556613564491272,1742,1753,99,LSU,fbs,SEC,24,"[3, 10, 8, 3]",0.0443386435508728,1763,1752,4.356349337034045,,,
401773474,2025,8,regular,2025-10-18T16:00:00.000Z,False,True,False,True,,3927,Sherman Field,2392,Michigan Tech,ii,GLIAC,10,"[0, 3, 0, 7]",,,,2222,Ferris State,ii,GLIAC,38,"[7, 14, 17, 0]",,,,,,,
401786477,2025,8,regular,2025-10-18T16:00:00.000Z,False,True,False,True,,3819,Bowditch Field,2967,Framingham State,iii,MSCAC,35,"[7, 14, 14, 0]",,,,2909,Westfield State,iii,MSCAC,24,"[0, 6, 6, 12]",,,,,,,
401773211,2025,8,regular,2025-10-18T16:00:00.000Z,False,True,False,True,,3870,Panther Stadium (OH),2477,Ohio Dominican,ii,Great Midwest Athletic,14,"[0, 14, 0, 0]",,,,308,Ashland,ii,Great Midwest Athletic,31,"[10, 7, 7, 7]",,,,,,,
401783902,2025,8,regular,2025-10-18T16:00:00.000Z,False,True,False,True,,6085,Sprague Field,2818,Montclair State,iii,New Jersey,21,"[0, 7, 7, 7]",,,,2532,Salisbury,iii,New Jersey,56,"[21, 7, 7, 21]",,,,,,,
401783346,2025,8,regular,2025-10-18T16:00:00.000Z,False,True,False,True,,5842,Robert T. Shields Field,2221,FDU Florham,iii,Mid Atlantic,14,"[0, 0, 7, 7]",,,,2808,Delaware Valley,iii,Mid Atlantic,41,"[14, 14, 13, 0]",,,,,,,
401777007,2025,8,regular,2025-10-18T16:00:00.000Z,False,True,False,True,,5940,Clean Harbors Stadium,110,Mass Maritime,iii,MSCAC,10,"[7, 0, 0, 3]",,,,114,Fitchburg State,iii,MSCAC,0,"[0, 0, 0, 0]",,,,,,,
401773698,2025,8,regular,2025-10-18T16:00:00.000Z,False,True,False,True,,5785,Dickerson Stadium,2707,West Virginia State,ii,Mountain East,20,"[10, 7, 0, 3]",,,,112335,Wheeling,ii,Mountain East,24,"[0, 7, 10, 7]",,,,,,,
401754569,2025,8,regular,2025-10-18T16:00:00.000Z,False,True,False,False,38917,3615,"Alumni Stadium (Chestnut Hill, MA)",103,Boston College,fbs,ACC,23,"[6, 14, 0, 3]",0.2284274846315384,1303,1291,41,UConn,fbs,FBS Independents,38,"[7, 10, 14, 7]",0.7715725153684616,1541,1553,6.2886720268955845,,,
401756925,2025,8,regular,2025-10-18T16:00:00.000Z,False,True,False,True,28535,4728,TDECU Stadium,248,Houston,fbs,Big 12,31,"[7, 14, 7, 3]",0.7116693258285522,1477,1478,12,Arizona,fbs,Big 12,28,"[14, 0, 0, 14]",0.28833067417144775,1473,1472,5.216628655704583,,,
401767704,2025,8,regular,2025-10-18T16:00:00.000Z,False,True,False,False,5661,3750,Harvard Stadium,108,Harvard,fcs,Ivy,31,"[7, 6, 11, 7]",0.9813191294670105,,,2771,Merrimack,fcs,FCS Independents,7,"[0, 7, 0, 0]",0.018680870532989502,,,3.7939854267325694,,,
401767597,2025,8,regular,2025-10-18T16:00:00.000Z,False,True,False,True,3423,3988,Welcome Stadium,2168,Dayton,fcs,Pioneer,17,"[0, 7, 7, 3]",0.12566567957401276,,,2086,Butler,fcs,Pioneer,23,"[7, 10, 3, 3]",0.8743343204259872,,,4.367122456378271,,,
401756927,2025,8,regular,2025-10-18T16:00:00.000Z,False,True,False,True,43868,3616,Amon G. Carter Stadium,2628,TCU,fbs,Big 12,42,"[0, 21, 7, 14]",1,1718,1719,239,Baylor,fbs,Big 12,36,"[7, 3, 8, 18]",0,1593,1592,5.070363114347411,,,
401778011,2025,8,regular,2025-10-18T16:00:00.000Z,False,True,False,True,,6202,Cardinal Stadium (DC),2108,Catholic,iii,Landmark Conference,26,"[0, 7, 7, 6, 6]",,,,323,Moravian,iii,Landmark Conference,20,"[0, 14, 6, 0, 0]",,,,,,,
401762488,2025,8,regular,2025-10-18T16:00:00.000Z,False,True,False,True,20027,4729,Yulman Stadium,2655,Tulane,fbs,American Athletic,24,"[0, 3, 7, 14]",0.6845576763153076,1580,1588,349,Army,fbs,American Athletic,17,"[0, 3, 7, 7]",0.3154423236846924,1552,1544,5.876755016290959,,,
401777777,2025,8,regular,2025-10-18T16:00:00.000Z,False,True,False,True,,5830,Walter M. Katz Field,40,Curry,iii,Commonwealth Coast,71,"[10, 21, 20, 20]",,,,2884,Nichols,iii,Commonwealth Coast,27,"[7, 6, 14, 0]",,,,,,,
401767568,2025,8,regular,2025-10-18T16:00:00.000Z,False,True,False,True,3086,3737,Gibbs Stadium,2747,Wofford,fcs,Southern,31,"[7, 14, 0, 10]",0.978243350982666,,,231,Furman,fcs,Southern,13,"[0, 6, 7, 0]",0.021756649017333984,,,3.772901249624983,,,
401767773,2025,8,regular,2025-10-18T16:00:00.000Z,False,True,False,False,4166,3997,Yale Bowl,43,Yale,fcs,Ivy,47,"[10, 13, 17, 7]",0.993723452091217,,,284,Stonehill,fcs,NEC,7,"[0, 0, 0, 7]",0.006276547908782959,,,3.5474724514935536,,,
401767759,2025,8,regular,2025-10-18T16:00:00.000Z,False,True,False,True,1061,6043,Bethpage Federal Credit Union Stadium,2341,Long Island University,fcs,NEC,17,"[0, 14, 0, 3]",1,,,2523,Robert Morris,fcs,NEC,7,"[0, 0, 0, 7]",0,,,3.4770488288697914,,,
401767553,2025,8,regular,2025-10-18T16:00:00.000Z,False,True,False,True,4304,3656,Brown Stadium,225,Brown,fcs,Ivy,21,"[7, 7, 0, 7]",0.0001370399259030819,,,163,Princeton,fcs,Ivy,40,"[10, 10, 13, 7]",0.9998629600740969,,,7.193275757507785,,,
401754566,2025,8,regular,2025-10-18T16:00:00.000Z,False,True,False,True,27846,3982,Wallace Wade Stadium,150,Duke,fbs,ACC,18,"[0, 7, 3, 8]",0.13504232466220856,1645,1622,59,Georgia Tech,fbs,ACC,27,"[7, 0, 3, 17]",0.8649576753377914,1588,1611,5.815864619099065,,,
401752744,2025,8,regular,2025-10-18T16:45:00.000Z,False,True,False,True,78680,3994,Williams-Brice Stadium,2579,South Carolina,fbs,SEC,7,"[0, 7, 0, 0]",0.012702463194727898,1670,1630,201,Oklahoma,fbs,SEC,26,"[7, 7, 10, 2]",0.9872975368052721,1741,1781,4.716868331594246,,,
401773096,2025,8,regular,2025-10-18T17:00:00.000Z,False,True,False,True,,3649,Bowman Gray Stadium,2736,Winston-Salem State,ii,CIAA,42,"[14, 14, 7, 7]",,,,2940,Livingstone,ii,CIAA,10,"[3, 0, 0, 7]",,,,,,,
401773947,2025,8,regular,2025-10-18T17:00:00.000Z,False,True,False,True,,5840,Fred Selfe Stadium at Nicewonder Field,2213,Emory & Henry,ii,South Atlantic,20,"[3, 7, 7, 3]",,,,351,Wingate,ii,South Atlantic,27,"[3, 10, 7, 7]",,,,,,,
401773053,2025,8,regular,2025-10-18T17:00:00.000Z,False,True,False,True,,6221,Mitchell Stadium,124180,Bluefield State,ii,CIAA,37,"[7, 3, 14, 13]",,,,2075,Bowie State,ii,CIAA,42,"[7, 13, 22, 0]",,,,,,,
401767184,2025,8,regular,2025-10-18T17:00:00.000Z,False,True,False,True,2111,717,Villanova Stadium,222,Villanova,fcs,Coastal Athletic,56,"[21, 28, 0, 7]",0.992982804775238,,,2261,Hampton,fcs,Coastal Athletic,14,"[0, 0, 7, 7]",0.007017195224761963,,,1.874069130596244,,,
401773694,2025,8,regular,2025-10-18T17:00:00.000Z,False,True,False,True,,5784,Cebe Ross Field,455,West Virginia Wesleyan,ii,Mountain East,11,"[2, 3, 0, 6]",,,,2699,West Liberty,ii,Mountain East,35,"[7, 14, 0, 14]",,,,,,,
401767692,2025,8,regular,2025-10-18T17:00:00.000Z,False,True,False,False,4205,3921,Schoellkopf Field,172,Cornell,fcs,Ivy,30,"[3, 6, 14, 7]",0.956713855266571,,,2083,Bucknell,fcs,Patriot,20,"[0, 7, 0, 13]",0.043286144733428955,,,3.908063104927844,,,
401773922,2025,8,regular,2025-10-18T17:00:00.000Z,False,True,False,True,,10461,Spero Financial Field,129469,Anderson (SC),ii,South Atlantic,6,"[0, 6, 0, 0]",,,,2105,Carson Newman,ii,South Atlantic,28,"[0, 7, 7, 14]",,,,,,,
401774143,2025,8,regular,2025-10-18T17:00:00.000Z,False,True,False,False,,6142,Westside Athletic Complex,2843,Western Connecticut State,iii,Landmark Conference,24,"[11, 6, 0, 7]",,,,2354,Lycoming,iii,Landmark Conference,42,"[14, 14, 14, 0]",,,,,,,
401767700,2025,8,regular,2025-10-18T17:00:00.000Z,False,True,False,False,3814,150,Jack Coffey Field,2230,Fordham,fcs,Patriot,13,"[0, 6, 0, 7]",0.013358214870095253,,,159,Dartmouth,fcs,Ivy,30,"[0, 6, 10, 14]",0.9866417851299047,,,6.27948010516062,,,
401776988,2025,8,regular,2025-10-18T17:00:00.000Z,False,True,False,True,,4855,Leslie C. Quick Jr. Stadium,2725,Widener,iii,Mid Atlantic,14,"[7, 0, 0, 7]",,,,388,Lebanon Valley,iii,Mid Atlantic,34,"[3, 10, 21, 0]",,,,,,,
401776782,2025,8,regular,2025-10-18T17:00:00.000Z,False,True,False,True,,5786,Sprankle-Sprandel Stadium,2790,Albion,iii,Michigan,27,"[7, 14, 6, 0]",,,,2800,Alma,iii,Michigan,48,"[20, 14, 14, 0]",,,,,,,
401776778,2025,8,regular,2025-10-18T17:00:00.000Z,False,True,False,True,,10463,Grand Rapids Christian High School,129738,Calvin,iii,Michigan,17,"[0, 0, 3, 14]",,,,2003,Adrian,iii,Michigan,48,"[14, 21, 3, 10]",,,,,,,
401774289,2025,8,regular,2025-10-18T17:00:00.000Z,False,True,False,True,,3879,TowneBank Stadium,3112,Christopher Newport,iii,New Jersey,49,"[21, 21, 0, 7]",,,,2871,Kean,iii,New Jersey,0,"[0, 0, 0, 0]",,,,,,,
401773652,2025,8,regular,2025-10-18T17:00:00.000Z,False,True,False,True,,5121,University of Charleston Stadium,2128,Charleston (WV),ii,Mountain East,30,"[7, 3, 7, 7, 0, 6, 0]",,,,341,Frostburg State,ii,Mountain East,32,"[7, 0, 7, 10, 0, 6, 2]",,,,,,,
401756928,2025,8,regular,2025-10-18T17:00:00.000Z,False,True,False,True,43445,3652,FBC Mortgage Stadium,2116,UCF,fbs,Big 12,45,"[14, 0, 21, 10]",0.9519932270050049,1555,1616,277,West Virginia,fbs,Big 12,13,"[0, 7, 0, 6]",0.04800677299499512,1342,1281,3.8274028211489983,,,
401773457,2025,8,regular,2025-10-18T17:00:00.000Z,False,True,False,True,,3600,Tom Adams Field,131,Wayne State (MI),ii,GLIAC,14,"[0, 7, 0, 7]",,,,110254,Davenport,ii,GLIAC,49,"[14, 14, 14, 7]",,,,,,,
401774248,2025,8,regular,2025-10-18T17:00:00.000Z,False,True,False,True,,5910,Callaway Stadium,548,LaGrange,iii,USA South,17,"[3, 0, 7, 7]",,,,2913,Brevard,iii,USA South,10,"[0, 3, 0, 7]",,,,,,,
401767641,2025,8,regular,2025-10-18T17:00:00.000Z,False,True,False,True,7435,3627,Bailey Memorial Stadium,2506,Presbyterian,fcs,Pioneer,42,"[7, 14, 14, 7]",0.989962100982666,,,56,Stetson,fcs,Pioneer,7,"[0, 0, 0, 7]",0.010037899017333984,,,2.4659001987576783,,,
401773852,2025,8,regular,2025-10-18T17:00:00.000Z,False,True,False,True,,3760,Hubert Jack Stadium,209,Lock Haven,ii,Pennsylvania State Athletic,28,"[0, 7, 7, 14]",,,,223,West Chester,ii,Pennsylvania State Athletic,21,"[0, 14, 7, 0]",,,,,,,
401774077,2025,8,regular,2025-10-18T17:00:00.000Z,False,True,False,True,,5124,Homewood Field,118,Johns Hopkins,iii,Centennial,52,"[17, 21, 7, 7]",,,,2667,Ursinus,iii,Centennial,21,"[0, 7, 7, 7]",,,,,,,
401767505,2025,8,regular,2025-10-18T17:00:00.000Z,False,True,False,True,5132,3913,Saluki Stadium,79,Southern Illinois,fcs,MVFC,19,"[0, 0, 7, 12]",0,,,155,North Dakota,fcs,MVFC,38,"[7, 21, 7, 3]",1,,,2.959950431380923,,,
401766698,2025,8,regular,2025-10-18T17:00:00.000Z,False,True,False,True,,5820,Amos Alonzo Stagg Field,80,Chicago,iii,Midwest,37,"[0, 14, 6, 17]",,,,2891,Ripon,iii,Midwest,12,"[0, 10, 2, 0]",,,,,,,
401774087,2025,8,regular,2025-10-18T17:00:00.000Z,False,True,False,True,,5902,Knox Stadium,246,Juniata,iii,Landmark Conference,7,"[0, 0, 7, 0]",,,,216,Susquehanna,iii,Landmark Conference,56,"[21, 14, 14, 7]",,,,,,,
401777604,2025,8,regular,2025-10-18T17:00:00.000Z,False,True,False,True,,3843,MLC Bowl,446,Martin Luther,iii,Upper Midwest,41,"[21, 0, 6, 14]",,,,2257,Greenville,iii,Upper Midwest,39,"[6, 13, 7, 13]",,,,,,,
401777955,2025,8,regular,2025-10-18T17:00:00.000Z,False,True,False,True,,3769,Jack Britt Memorial Stadium,437,Lake Erie,ii,Great Midwest Athletic,13,"[0, 3, 3, 7]",,,,2682,Walsh,ii,Great Midwest Athletic,20,"[7, 0, 7, 6]",,,,,,,
401767261,2025,8,regular,2025-10-18T17:00:00.000Z,False,True,False,True,3198,5389,Kessler Stadium,2405,Monmouth,fcs,Coastal Athletic,49,"[14, 7, 7, 21]",0.9875157475471497,,,2619,Stony Brook,fcs,Coastal Athletic,21,"[7, 7, 7, 0]",0.012484252452850342,,,3.756371362441839,,,
401773729,2025,8,regular,2025-10-18T17:00:00.000Z,False,True,False,True,,6066,Pace Stadium,2487,Pace,ii,Northeast 10,34,"[21, 6, 7, 0]",,,,2583,Southern Connecticut State,ii,Northeast 10,35,"[0, 7, 14, 14]",,,,,,,
401774213,2025,8,regular,2025-10-18T17:00:00.000Z,False,True,False,True,,6117,Knight Stadium,2896,Southern Virginia,iii,USA South,30,"[13, 3, 7, 7]",,,,291,Methodist,iii,USA South,13,"[0, 6, 7, 0]",,,,,,,
401773300,2025,8,regular,2025-10-18T17:00:00.000Z,False,True,False,True,,5125,Stadium Red Field,2782,SUNY Cortland,iii,Empire 8,65,"[7, 35, 7, 16]",,,,365,Alfred,iii,Empire 8,12,"[3, 0, 6, 3]",,,,,,,
401766704,2025,8,regular,2025-10-18T17:00:00.000Z,False,True,False,True,,6131,Jessee/Miller Field,2977,Trinity (CT),iii,NESCAC,28,"[14, 0, 14, 0]",,,,2394,Middlebury,iii,NESCAC,26,"[0, 13, 0, 13]",,,,,,,
401773062,2025,8,regular,2025-10-18T17:00:00.000Z,False,True,False,True,,6032,Hovey Field,2676,Virginia Union,ii,CIAA,66,"[14, 17, 28, 7]",,,,2339,Lincoln (PA),ii,CIAA,21,"[0, 21, 0, 0]",,,,,,,
401783340,2025,8,regular,2025-10-18T17:00:00.000Z,False,True,False,True,,5907,McCarthy Stadium (Wilkes Barre),247,King's,iii,Mid Atlantic,52,"[14, 28, 0, 10]",,,,111674,Alvernia,iii,Mid Atlantic,0,"[0, 0, 0, 0]",,,,,,,
401778028,2025,8,regular,2025-10-18T17:00:00.000Z,False,True,False,True,,5829,Old National Bank Stadium,509,Crown,iii,Upper Midwest,19,"[6, 0, 7, 6]",,,,433,Westminster (MO),iii,Upper Midwest,6,"[0, 6, 0, 0]",,,,,,,
401767440,2025,8,regular,2025-10-18T17:00:00.000Z,False,True,False,True,9834,3744,Hancock Stadium,2287,Illinois State,fcs,MVFC,35,"[0, 14, 14, 7]",0.08249910175800323,,,2754,Youngstown State,fcs,MVFC,40,"[6, 6, 7, 21]",0.9175008982419968,,,6.579979413819553,,,
401767722,2025,8,regular,2025-10-18T17:00:00.000Z,False,True,False,True,2345,3847,Cooper Field,46,Georgetown,fcs,Patriot,21,"[7, 0, 7, 7]",0.8078088164329529,,,2142,Colgate,fcs,Patriot,17,"[7, 0, 0, 10]",0.19219118356704712,,,6.320139831533668,,,
401777971,2025,8,regular,2025-10-18T17:00:00.000Z,False,True,False,True,,6074,Grappone Stadium,2830,Saint Anselm,ii,Northeast 10,27,"[14, 0, 7, 6]",,,,2022,American International,ii,Northeast 10,14,"[0, 7, 0, 7]",,,,,,,
401777090,2025,8,regular,2025-10-18T17:00:00.000Z,False,True,False,False,,5803,Bison Stadium,2062,Bethany (WV),iii,Presidents',21,"[0, 7, 7, 7]",,,,2274,Hiram,iii,Presidents',42,"[13, 6, 16, 7]",,,,,,,
401777081,2025,8,regular,2025-10-18T17:00:00.000Z,False,True,False,False,,3640,Blackstock Stadium,83,DePauw,iii,North Coast,27,"[3, 7, 3, 14]",,,,2302,John Carroll,iii,Ohio,31,"[7, 14, 0, 10]",,,,,,,
401777240,2025,8,regular,2025-10-18T17:00:00.000Z,False,True,False,True,,5892,Armfield Athletic Center,2258,Guilford,iii,Old Dominion,0,"[0, 0, 0, 0]",,,,2516,Randolph Macon,iii,Old Dominion,47,"[20, 14, 7, 6]",,,,,,,
401778035,2025,8,regular,2025-10-18T17:00:00.000Z,False,True,False,True,,5802,Belhaven Bowl Stadium,2056,Belhaven,iii,USA South,41,"[3, 9, 22, 7]",,,,2256,Greensboro,iii,USA South,26,"[7, 3, 0, 16]",,,,,,,
401767197,2025,8,regular,2025-10-18T17:00:00.000Z,False,True,False,True,5076,7003,Houck Field,2546,Southeast Missouri State,fcs,OVC-Big South,42,"[14, 21, 0, 7]",0.9717254042625427,,,2197,Eastern Illinois,fcs,OVC-Big South,13,"[3, 3, 0, 7]",0.028274595737457275,,,3.3050055549319586,,,
401767606,2025,8,regular,2025-10-18T17:00:00.000Z,False,True,False,True,2721,3701,Drake Stadium,2181,Drake,fcs,Pioneer,45,"[21, 10, 7, 7]",0.9930029511451721,,,2166,Davidson,fcs,Pioneer,0,"[0, 0, 0, 0]",0.006997048854827881,,,2.437872613510666,,,
401777098,2025,8,regular,2025-10-18T17:00:00.000Z,False,True,False,True,,6099,Selby Stadium,2980,Ohio Wesleyan,iii,North Coast,20,"[0, 7, 7, 6]",,,,2748,Wooster,iii,North Coast,24,"[7, 17, 0, 0]",,,,,,,
401777131,2025,8,regular,2025-10-18T17:00:00.000Z,False,True,False,True,,5906,McBride Field,352,Kenyon,iii,North Coast,12,"[6, 0, 6, 0]",,,,89,Wabash,iii,North Coast,46,"[23, 2, 14, 7]",,,,,,,
401777262,2025,8,regular,2025-10-18T17:00:00.000Z,False,True,False,False,,5814,Gesling Stadium,2102,Carnegie Mellon,iii,Presidents',44,"[7, 24, 10, 3]",,,,2248,Gettysburg,iii,Centennial,20,"[0, 0, 7, 13]",,,,,,,
401777278,2025,8,regular,2025-10-18T17:00:00.000Z,False,True,False,True,,6140,John F. Wiley Stadium,2845,Waynesburg,iii,Presidents',20,"[6, 7, 7, 0]",,,,2242,Geneva,iii,Presidents',62,"[6, 21, 21, 14]",,,,,,,
401777293,2025,8,regular,2025-10-18T17:00:00.000Z,False,True,False,True,,6146,Memorial Field (PA),2849,Westminster (PA),iii,Presidents',48,"[7, 20, 14, 7]",,,,2644,Thiel,iii,Presidents',6,"[6, 0, 0, 0]",,,,,,,
401777286,2025,8,regular,2025-10-18T17:00:00.000Z,False,True,False,True,,3677,Chuck Noll Field,2614,Saint Vincent,iii,Presidents',10,"[3, 7, 0, 0]",,,,2686,Washington & Jefferson,iii,Presidents',56,"[7, 28, 14, 7]",,,,,,,
401774067,2025,8,regular,2025-10-18T17:00:00.000Z,False,True,False,True,,5835,Biddle Field,2175,Dickinson,iii,Centennial,20,"[3, 10, 0, 7]",,,,2234,Franklin & Marshall,iii,Centennial,23,"[0, 7, 7, 9]",,,,,,,
401774009,2025,8,regular,2025-10-18T17:00:00.000Z,False,True,False,True,,6056,B.T. Harvey Stadium,60,Morehouse,ii,SIAC,31,"[7, 14, 10, 0]",,,,2323,Lane College,ii,SIAC,7,"[0, 7, 0, 0]",,,,,,,
401773976,2025,8,regular,2025-10-18T17:00:00.000Z,False,True,False,True,,5867,Albany State University Coliseum,2013,Albany State,ii,SIAC,7,"[7, 0, 0, 0]",,,,2657,Tuskegee,ii,SIAC,3,"[0, 0, 3, 0]",,,,,,,
401773843,2025,8,regular,2025-10-18T17:00:00.000Z,False,True,False,True,,4430,Mihalik-Thompson Stadium,215,Slippery Rock,ii,Pennsylvania State Athletic,30,"[7, 3, 13, 7]",,,,2291,IU Pennsylvania,ii,Pennsylvania State Athletic,27,"[10, 10, 7, 0]",,,,,,,
401773246,2025,8,regular,2025-10-18T17:00:00.000Z,False,True,False,True,,3729,"Frank ""Muddy"" Waters Stadium",2273,Hillsdale,ii,Great Midwest Athletic,19,"[0, 13, 6, 0]",,,,2886,Northwood,ii,Great Midwest Athletic,48,"[21, 10, 7, 10]",,,,,,,
401773090,2025,8,regular,2025-10-18T17:00:00.000Z,False,True,False,True,,6068,George Williams Athletic Complex,2551,Shaw,ii,CIAA,0,"[0, 0, 0, 0]",,,,2304,Johnson C. Smith,ii,CIAA,52,"[7, 21, 24, 0]",,,,,,,
401783334,2025,8,regular,2025-10-18T17:00:00.000Z,False,True,False,True,,7513,O'Hara Field,127954,Eastern,iii,Mid Atlantic,17,"[0, 9, 0, 8]",,,,2015,Albright,iii,Mid Atlantic,10,"[7, 0, 3, 0]",,,,,,,
401766706,2025,8,regular,2025-10-18T17:00:00.000Z,False,True,False,True,,5792,Pratt Field at Lehrman Stadium,7,Amherst,iii,NESCAC,9,"[0, 7, 0, 2]",,,,33,Colby,iii,NESCAC,13,"[7, 0, 6, 0]",,,,,,,
401766705,2025,8,regular,2025-10-18T17:00:00.000Z,False,True,False,True,,3733,Garcelon Field,121,Bates,iii,NESCAC,30,"[13, 10, 0, 7]",,,,2731,Williams,iii,NESCAC,37,"[0, 7, 16, 14]",,,,,,,
401766703,2025,8,regular,2025-10-18T17:00:00.000Z,False,True,False,True,,6141,Corwin Stadium,336,Wesleyan (CT),iii,NESCAC,17,"[0, 10, 0, 7]",,,,340,Bowdoin,iii,NESCAC,25,"[7, 0, 15, 3]",,,,,,,
401767449,2025,8,regular,2025-10-18T17:00:00.000Z,False,True,False,True,3252,3829,Memorial Stadium,282,Indiana State,fcs,MVFC,7,"[7, 0, 0, 0]",0,,,2449,North Dakota State,fcs,MVFC,38,"[0, 10, 14, 14]",1,,,3.5788490913753113,,,
401806691,2025,8,regular,2025-10-18T17:00:00.000Z,False,True,False,True,,5894,Steuben Field,348,Hamilton,iii,NESCAC,28,"[0, 14, 0, 14]",,,,112,Tufts,iii,NESCAC,38,"[14, 3, 7, 14]",,,,,,,
401783819,2025,8,regular,2025-10-18T17:00:00.000Z,False,True,False,True,,6132,Trinity University Stadium,386,Trinity (TX),iii,Southern Athletic,63,"[6, 17, 20, 20]",,,,2519,Rhodes,iii,Southern Athletic,0,"[0, 0, 0, 0]",,,,,,,
401777193,2025,8,regular,2025-10-18T17:30:00.000Z,False,True,False,True,,5854,Hoernemann Stadium,191,Heidelberg,iii,Ohio,6,"[0, 6, 0, 0]",,,,426,Mount Union,iii,Ohio,38,"[14, 0, 21, 3]",,,,,,,
401776997,2025,8,regular,2025-10-18T17:30:00.000Z,False,True,False,True,,3851,Mustang Stadium,471,Stevenson,iii,Mid Atlantic,28,"[7, 7, 7, 7]",,,,2969,Misericordia,iii,Mid Atlantic,29,"[7, 7, 7, 8]",,,,,,,
401777186,2025,8,regular,2025-10-18T17:30:00.000Z,False,True,False,True,,6098,Dial-Roberson Stadium,427,Ohio Northern,iii,Ohio,56,"[21, 14, 7, 14]",,,,424,Capital,iii,Ohio,0,"[0, 0, 0, 0]",,,,,,,
401774411,2025,8,regular,2025-10-18T17:30:00.000Z,False,True,False,True,,3716,"Stewart """"Red"""" Faught Stadium",2233,Franklin,iii,Heartland,48,"[7, 21, 20, 0]",,,,2362,Manchester,iii,Heartland,21,"[7, 7, 0, 7]",,,,,,,
401774436,2025,8,regular,2025-10-18T17:30:00.000Z,False,True,False,False,,5801,George Finnie Stadium,188,Baldwin Wallace,iii,Ohio,52,"[14, 24, 14, 0]",,,,86,Rose Hulman,iii,Heartland,20,"[0, 0, 0, 20]",,,,,,,
401774418,2025,8,regular,2025-10-18T17:30:00.000Z,False,True,False,True,,3614,Alumni Stadium (IN),2262,Hanover,iii,Heartland,58,"[27, 14, 10, 7]",,,,2023,Anderson (IN),iii,Heartland,0,"[0, 0, 0, 0]",,,,,,,
401767532,2025,8,regular,2025-10-18T17:30:00.000Z,False,True,False,True,9307,3720,Finley Stadium,236,Chattanooga,fcs,Southern,42,"[7, 7, 7, 21]",0.8292633891105652,,,2193,East Tennessee State,fcs,Southern,38,"[10, 0, 7, 21]",0.17073661088943481,,,8.218738982683831,,,
401774402,2025,8,regular,2025-10-18T17:30:00.000Z,False,True,False,True,,5805,Alumni Field (OH),2074,Bluffton,iii,Heartland,7,"[0, 0, 0, 7]",,,,2419,Mount St Joseph,iii,Heartland,35,"[7, 7, 7, 14]",,,,,,,
401773662,2025,8,regular,2025-10-18T17:30:00.000Z,False,True,False,True,,5887,I.L. & Sue Morris Stadium,2249,Glenville State,ii,Mountain East,42,"[14, 7, 14, 7]",,,,2148,Concord,ii,Mountain East,30,"[7, 3, 7, 13]",,,,,,,
401777215,2025,8,regular,2025-10-18T17:30:00.000Z,False,True,False,True,,6101,"Memorial Stadium (Westerville, OH)",359,Otterbein,iii,Ohio,41,"[7, 0, 13, 21]",,,,2733,Wilmington (OH),iii,Ohio,54,"[28, 6, 13, 7]",,,,,,,
401777203,2025,8,regular,2025-10-18T17:30:00.000Z,False,True,False,True,,5931,Don Drumm Stadium,317,Marietta,iii,Ohio,31,"[7, 10, 14, 0]",,,,332,Muskingum,iii,Ohio,35,"[7, 14, 0, 14]",,,,,,,
401767581,2025,8,regular,2025-10-18T17:30:00.000Z,False,True,False,True,5294,3597,Alumni Memorial Field,2678,VMI,fcs,Southern,22,"[0, 7, 6, 9]",0.8697580695152283,,,2535,Samford,fcs,Southern,24,"[7, 14, 0, 3]",0.13024193048477173,,,7.178986846401096,,,
401767203,2025,8,regular,2025-10-18T17:30:00.000Z,False,True,False,True,4602,3710,Ernest W. Spangler Stadium,2241,Gardner-Webb,fcs,OVC-Big South,7,"[0, 0, 0, 7]",0.009030412882566452,,,2630,UT Martin,fcs,OVC-Big South,37,"[10, 10, 3, 14]",0.9909695871174335,,,2.394267981958083,,,
401767683,2025,8,regular,2025-10-18T17:30:00.000Z,False,True,False,True,12704,3802,Lawrence A. Wien Stadium,171,Columbia,fcs,Ivy,21,"[7, 7, 7, 0]",0.1936994194984436,,,219,Pennsylvania,fcs,Ivy,35,"[0, 14, 14, 7]",0.8063005805015564,,,6.870548932963502,,,
401773347,2025,8,regular,2025-10-18T17:30:00.000Z,False,True,False,True,,5871,Convoy Leslie Cotton Boll Stadium,2028,Arkansas Monticello,ii,Great American,10,"[0, 7, 3, 0]",,,,2888,Ouachita Baptist,ii,Great American,45,"[7, 17, 7, 14]",,,,,,,
401773805,2025,8,regular,2025-10-18T18:00:00.000Z,False,True,False,True,,4435,Robert B. Redman Stadium,2071,Bloomsburg,ii,Pennsylvania State Athletic,13,"[0, 0, 7, 6]",,,,2974,Shepherd,ii,Pennsylvania State Athletic,37,"[16, 7, 7, 7]",,,,,,,
401774282,2025,8,regular,2025-10-18T18:00:00.000Z,False,True,False,True,,3823,Hardee-McGee Field,2553,Sewanee,iii,Southern Athletic,7,"[0, 0, 7, 0]",,,,2757,Berry,iii,Southern Athletic,44,"[16, 0, 14, 14]",,,,,,,
401776771,2025,8,regular,2025-10-18T18:00:00.000Z,False,True,False,True,,5825,Jake Christiansen Stadium,2152,Concordia (MN),iii,Minnesota,6,"[0, 0, 0, 6]",,,,2600,Saint John's (MN),iii,Minnesota,41,"[14, 6, 7, 14]",,,,,,,
401777015,2025,8,regular,2025-10-18T18:00:00.000Z,False,True,False,True,,5797,Vago Field,2044,Aurora,iii,NACC,45,"[14, 10, 21, 0]",,,,409,Concordia (WI),iii,NACC,54,"[7, 21, 7, 19]",,,,,,,
401767538,2025,8,regular,2025-10-18T18:00:00.000Z,False,True,False,True,8434,3967,UNI-Dome,2460,Northern Iowa,fcs,MVFC,14,"[0, 7, 0, 7]",0.6608864665031433,,,233,South Dakota,fcs,MVFC,17,"[7, 3, 7, 0]",0.3391135334968567,,,5.110925067434093,,,
401777023,2025,8,regular,2025-10-18T18:00:00.000Z,False,True,False,True,,6110,Sam Greeley Field,2524,Rockford,iii,NACC,26,"[0, 0, 14, 12]",,,,2151,Concordia Chicago,iii,NACC,37,"[14, 14, 9, 0]",,,,,,,
401774240,2025,8,regular,2025-10-18T18:00:00.000Z,False,True,False,False,,6081,Harper Davis Field,2398,Millsaps,iii,Southern Athletic,31,"[10, 14, 0, 7]",,,,2373,Maryville (TN),iii,USA South,21,"[0, 7, 7, 7]",,,,,,,
401762842,2025,8,regular,2025-10-18T18:00:00.000Z,False,True,False,True,18417,3739,Glass Bowl,2649,Toledo,fbs,Mid-American,45,"[7, 10, 21, 7]",0.9882878661155701,1551,1579,2309,Kent State,fbs,Mid-American,10,"[10, 0, 0, 0]",0.011712133884429932,966,938,3.880598138150394,,,
401773837,2025,8,regular,2025-10-18T18:00:00.000Z,False,True,False,True,,3859,Offutt Field,611,Seton Hill,ii,Pennsylvania State Athletic,28,"[0, 14, 7, 7]",,,,367,Gannon,ii,Pennsylvania State Athletic,14,"[7, 7, 0, 0]",,,,,,,
401774223,2025,8,regular,2025-10-18T18:00:00.000Z,False,True,False,True,,3915,Charles Lee Field at Samford Stadium,2938,Huntingdon,iii,USA South,20,"[7, 0, 0, 13]",,,,286,North Carolina Wesleyan,iii,USA South,21,"[7, 7, 7, 0]",,,,,,,
401773875,2025,8,regular,2025-10-18T18:00:00.000Z,False,True,False,True,,5883,Marv Kay Stadium at Campbell Field,2146,Colorado School of Mines,ii,Rocky Mountain,72,"[21, 28, 20, 3]",,,,2001,Adams State,ii,Rocky Mountain,14,"[0, 14, 0, 0]",,,,,,,
401767584,2025,8,regular,2025-10-18T18:00:00.000Z,False,True,False,True,9151,3782,Johnson Hagood Stadium,2643,The Citadel,fcs,Southern,38,"[14, 3, 7, 14]",0.28274092078208923,,,2717,Western Carolina,fcs,Southern,45,"[7, 17, 14, 7]",0.7172590792179108,,,5.531722715160337,,,
401773890,2025,8,regular,2025-10-18T18:00:00.000Z,False,True,False,True,,5944,Ray Dennison Memorial Field,2237,Fort Lewis,ii,Rocky Mountain,0,"[0, 0, 0, 0]",,,,2123,Chadron State,ii,Rocky Mountain,41,"[7, 14, 17, 3]",,,,,,,
401767212,2025,8,regular,2025-10-18T18:00:00.000Z,False,True,False,True,2737,3749,Hunter Stadium,2815,Lindenwood,fcs,OVC-Big South,28,"[7, 7, 7, 7]",0,,,2635,Tennessee Tech,fcs,OVC-Big South,52,"[0, 17, 21, 14]",1,,,5.515640862654556,,,
401783906,2025,8,regular,2025-10-18T18:00:00.000Z,False,True,False,True,,6112,Richard Wackar Stadium,2827,Rowan,iii,New Jersey,45,"[2, 19, 14, 10]",,,,2970,William Paterson,iii,New Jersey,16,"[3, 0, 13, 0]",,,,,,,
401776799,2025,8,regular,2025-10-18T18:00:00.000Z,False,True,False,True,,3755,Ray and Sue Smith Stadium,2812,Hope,iii,Michigan,56,"[7, 28, 7, 14]",,,,126,Kalamazoo,iii,Michigan,21,"[0, 0, 7, 14]",,,,,,,
401774276,2025,8,regular,2025-10-18T18:00:00.000Z,False,True,False,False,,6125,Bulldog Stadium (TX),2639,Texas Lutheran,iii,Southern Collegiate Athletic,50,"[0, 21, 13, 16]",,,,418,Hendrix,iii,Southern Athletic,48,"[13, 13, 8, 14]",,,,,,,
401774151,2025,8,regular,2025-10-18T18:00:00.000Z,False,True,False,True,,3889,Reinhart Field,2951,SUNY Maritime,iii,NEWMAC,42,"[14, 14, 7, 7]",,,,2467,Norwich,iii,NEWMAC,0,"[0, 0, 0, 0]",,,,,,,
401767630,2025,8,regular,2025-10-18T18:00:00.000Z,False,True,False,True,8245,3774,Jayne Stadium,2413,Morehead State,fcs,Pioneer,23,"[3, 10, 7, 3]",0.9586527943611145,,,2368,Marist,fcs,Pioneer,21,"[0, 0, 7, 14]",0.0413472056388855,,,4.550379294541896,,,
401767728,2025,8,regular,2025-10-18T18:00:00.000Z,False,True,False,False,5419,2068,E. Claiborne Robins Stadium,257,Richmond,fcs,Patriot,22,"[7, 3, 9, 3]",0.08325289189815521,,,107,Holy Cross,fcs,Patriot,28,"[7, 7, 7, 7]",0.9167471081018448,,,6.767000277060249,,,
401767497,2025,8,regular,2025-10-18T18:00:00.000Z,False,True,False,True,6746,3909,Roy Stewart Stadium,93,Murray State,fcs,MVFC,14,"[7, 0, 0, 7]",,,,2571,South Dakota State,fcs,MVFC,35,"[7, 7, 7, 14]",,,,,,,
401773442,2025,8,regular,2025-10-18T18:00:00.000Z,False,True,False,True,,6030,Harms-Eischeid Stadium,389,Upper Iowa,ii,Great Lakes,39,"[17, 9, 0, 13]",,,,2586,Southwest Baptist,ii,Great Lakes,2,"[0, 2, 0, 0]",,,,,,,
401773069,2025,8,regular,2025-10-18T18:00:00.000Z,False,True,False,True,,3904,Rogers Stadium (VA),330,Virginia State,ii,CIAA,24,"[14, 3, 7, 0]",,,,2207,Elizabeth City State,ii,CIAA,20,"[0, 7, 13, 0]",,,,,,,
401773134,2025,8,regular,2025-10-18T18:00:00.000Z,False,True,False,False,,6061,Younts Stadium,2822,North Greenville,ii,Carolinas,20,"[3, 10, 7, 0]",,,,2882,UNC Pembroke,ii,Carolinas,7,"[0, 0, 0, 7]",,,,,,,
401774353,2025,8,regular,2025-10-18T18:00:00.000Z,False,True,False,True,,5796,Charles D. Lindberg Stadium,2042,Augustana (IL),iii,CCIW,31,"[7, 7, 10, 7]",,,,32,Carroll (WI),iii,CCIW,24,"[7, 14, 0, 3]",,,,,,,
401773516,2025,8,regular,2025-10-18T18:00:00.000Z,False,True,False,False,,5935,Parker Field at McCool Stadium,2170,Delta State,ii,Gulf South,51,"[21, 13, 3, 14]",,,,366,Ferrum,ii,Carolinas,10,"[0, 10, 0, 0]",,,,,,,
401778008,2025,8,regular,2025-10-18T18:00:00.000Z,False,True,False,False,,5800,Jopson Athletic Complex,2079,Bridgewater,iii,Old Dominion,73,"[21, 21, 14, 17]",,,,417,Gallaudet,iii,Old Dominion,13,"[0, 6, 0, 7]",,,,,,,
401773040,2025,8,regular,2025-10-18T18:00:00.000Z,False,True,False,True,,5817,Ron and Joyce Schipper Stadium,2964,Central College,iii,American Rivers,34,"[14, 13, 7, 0]",,,,6845,Nebraska Wesleyan,iii,American Rivers,13,"[0, 13, 0, 0]",,,,,,,
401773623,2025,8,regular,2025-10-18T18:00:00.000Z,False,True,False,True,,6054,Fred G. Hughes Stadium,2403,Missouri Southern State,ii,Mid America,24,"[3, 7, 7, 7]",,,,2438,Nebraska Kearney,ii,Mid America,16,"[0, 0, 0, 16]",,,,,,,
401767459,2025,8,regular,2025-10-18T18:00:00.000Z,False,True,False,False,,3631,BBVA Compass Stadium,2640,Texas Southern,fcs,SWAC,61,"[17, 20, 14, 10]",,,,2355,Virginia Lynchburg,,,10,"[0, 3, 7, 0]",,,,,,,
401773465,2025,8,regular,2025-10-18T18:00:00.000Z,False,True,False,True,,3811,Lubbers Stadium,125,Grand Valley State,ii,GLIAC,19,"[7, 6, 0, 6]",,,,129,Saginaw Valley State,ii,GLIAC,20,"[6, 5, 0, 9]",,,,,,,
401777734,2025,8,regular,2025-10-18T18:00:00.000Z,False,True,False,True,,3922,Kenneth R. Gill Stadium,2700,McDaniel,iii,Centennial,7,"[0, 0, 7, 0]",,,,2422,Muhlenberg,iii,Centennial,56,"[21, 21, 7, 7]",,,,,,,
401774387,2025,8,regular,2025-10-18T18:00:00.000Z,False,True,False,True,,6093,Holmgren Athletic Complex,75,North Park,iii,CCIW,0,"[0, 0, 0, 0]",,,,3071,North Central College,iii,CCIW,75,"[13, 21, 21, 20]",,,,,,,
401774170,2025,8,regular,2025-10-18T18:00:00.000Z,False,True,False,True,,5911,Ralph E. Davis Pioneer Stadium,272,Wisconsin Platteville,iii,Wisconsin,38,"[14, 7, 7, 10]",,,,2740,Wisconsin La Crosse,iii,Wisconsin,21,"[7, 7, 0, 7]",,,,,,,
401774163,2025,8,regular,2025-10-18T18:00:00.000Z,False,True,False,True,,5120,J.J. Keller Field at Titan Stadium,271,Wisconsin Oshkosh,iii,Wisconsin,28,"[7, 7, 7, 7]",,,,2738,Wisconsin Eau Claire,iii,Wisconsin,21,"[0, 7, 0, 14]",,,,,,,
401767649,2025,8,regular,2025-10-18T18:00:00.000Z,False,True,False,True,3623,5116,O'Shaughnessy Stadium,2900,St. Thomas (MN),fcs,Pioneer,55,"[14, 20, 14, 7]",0.9856202006340027,,,2674,Valparaiso,fcs,Pioneer,17,"[7, 3, 7, 0]",0.014379799365997314,,,3.9053020303557537,,,
401773182,2025,8,regular,2025-10-18T18:00:00.000Z,False,True,False,True,,5921,Rock Bowl,263,Loras,iii,American Rivers,20,"[7, 6, 0, 7]",,,,2685,Wartburg,iii,American Rivers,40,"[0, 6, 20, 14]",,,,,,,
401766699,2025,8,regular,2025-10-18T18:00:00.000Z,False,True,False,True,,5919,Ron Roberts Field at the Banta Bowl,268,Lawrence,iii,Midwest,0,"[0, 0, 0, 0]",,,,266,Beloit,iii,Midwest,34,"[13, 21, 0, 0]",,,,,,,
401773481,2025,8,regular,2025-10-18T18:00:00.000Z,False,True,False,True,,3844,Morris Field,127991,Roosevelt,ii,GLIAC,21,"[7, 0, 0, 14]",,,,128,Northern Michigan,ii,GLIAC,42,"[7, 14, 7, 14]",,,,,,,
401777036,2025,8,regular,2025-10-18T18:00:00.000Z,False,True,False,True,,5918,Taylor Field,6353,Lakeland,iii,NACC,31,"[6, 7, 6, 12]",,,,2741,Wisconsin Lutheran,iii,NACC,34,"[7, 20, 0, 7]",,,,,,,
401777047,2025,8,regular,2025-10-18T18:00:00.000Z,False,True,False,True,,6121,Donald J. Schneider Stadium,2832,St. Norbert,iii,NACC,44,"[7, 20, 10, 7]",,,,101,Eureka,iii,NACC,0,"[0, 0, 0, 0]",,,,,,,
401776747,2025,8,regular,2025-10-18T18:00:00.000Z,False,True,False,True,,5804,Royal Stadium,2802,Bethel (MN),iii,Minnesota,64,"[16, 28, 13, 7]",,,,133,St. Olaf,iii,Minnesota,10,"[0, 0, 3, 7]",,,,,,,
401774393,2025,8,regular,2025-10-18T18:00:00.000Z,False,True,False,True,,5897,Francis Field (MO),143,Washington St. Louis,iii,CCIW,17,"[7, 10]",,,,72,Elmhurst,iii,CCIW,0,"[0, 0]",,,,,,,
401777246,2025,8,regular,2025-10-18T18:00:00.000Z,False,True,True,False,,4134,Salem Stadium,131109,Roanoke College,,,20,"[3, 7, 3, 7]",,,,2828,Shenandoah,iii,Old Dominion,33,"[7, 6, 7, 13]",,,,,,,
401774371,2025,8,regular,2025-10-18T18:00:00.000Z,False,True,False,True,,5115,McCully Stadium,396,Wheaton (IL),iii,CCIW,47,"[7, 20, 15, 5]",,,,2106,Carthage,iii,CCIW,21,"[7, 6, 0, 8]",,,,,,,
401776764,2025,8,regular,2025-10-18T18:00:00.000Z,False,True,False,True,,7079,Laird Stadium,2101,Carleton,iii,Minnesota,63,"[14, 28, 7, 14]",,,,162,Hamline,iii,Minnesota,14,"[0, 7, 7, 0]",,,,,,,
401774015,2025,8,regular,2025-10-18T18:00:00.000Z,False,True,False,False,,4749,McPherson Memorial Stadium,2119,Central State,ii,SIAC,27,"[0, 14, 6, 7]",,,,3077,Kentucky Christian,,,35,"[7, 21, 7, 0]",,,,,,,
401776739,2025,8,regular,2025-10-18T18:00:00.000Z,False,True,False,True,,5893,Hollingsworth Field,2968,Gustavus Adolphus,iii,Minnesota,45,"[10, 14, 21, 0]",,,,375,St. Scholastica,iii,Minnesota,6,"[0, 0, 6, 0]",,,,,,,
401773189,2025,8,regular,2025-10-18T18:00:00.000Z,False,True,False,True,,5923,Legacy Field in Carlson Stadium,67,Luther,iii,American Rivers,3,"[0, 3, 0, 0]",,,,2564,Simpson (IA),iii,American Rivers,36,"[12, 10, 7, 7]",,,,,,,
401773253,2025,8,regular,2025-10-18T18:00:00.000Z,False,True,False,True,,5838,Ornelas Stadium,2194,East Texas Baptist,iii,American Southwest,16,"[7, 2, 0, 7]",,,,2810,Hardin Simmons,iii,American Southwest,34,"[14, 6, 7, 7]",,,,,,,
401773366,2025,8,regular,2025-10-18T18:00:00.000Z,False,True,False,True,,5113,Ruggles Field at Carpenter-Haygood Stadium,2271,Henderson State,ii,Great American,10,"[3, 0, 0, 7]",,,,2264,Harding,ii,Great American,35,"[0, 7, 21, 7]",,,,,,,
401773402,2025,8,regular,2025-10-18T18:00:00.000Z,False,True,False,True,,6040,Key Stadium,2292,Indianapolis,ii,Great Lakes,62,"[21, 24, 10, 7]",,,,2876,Lincoln (MO),ii,Great Lakes,7,"[0, 7, 0, 0]",,,,,,,
401774460,2025,8,regular,2025-10-18T18:00:00.000Z,False,True,False,True,,5798,Jerry E. Apple Stadium,2045,Austin,iii,Southern Collegiate Athletic,13,"[0, 10, 0, 3]",,,,241,McMurry,iii,Southern Collegiate Athletic,31,"[7, 14, 10, 0]",,,,,,,
401776731,2025,8,regular,2025-10-18T18:00:00.000Z,False,True,False,True,,5928,Macalester Stadium,2359,Macalester,iii,Minnesota,21,"[7, 7, 7, 0]",,,,124,Augsburg,iii,Minnesota,32,"[0, 6, 7, 19]",,,,,,,
401766700,2025,8,regular,2025-10-18T18:00:00.000Z,False,True,False,True,,5915,Farwell Field,262,Lake Forest,iii,Midwest,70,"[14, 26, 20, 10]",,,,65,Grinnell,iii,Midwest,0,"[0, 0, 0, 0]",,,,,,,
401774192,2025,8,regular,2025-10-18T18:00:00.000Z,False,True,False,True,,5903,Community Stadium at Goerke Park,2743,Wisconsin Stevens Point,iii,Wisconsin,7,"[0, 7, 0, 0]",,,,2723,Wisconsin River Falls,iii,Wisconsin,52,"[7, 14, 21, 10]",,,,,,,
401773912,2025,8,regular,2025-10-18T18:00:00.000Z,False,True,False,True,,3860,O'Harra Stadium,613,South Dakota Mines,ii,Rocky Mountain,13,"[0, 6, 0, 7]",,,,2714,Western Colorado,ii,Rocky Mountain,34,"[7, 14, 6, 7]",,,,,,,
401773435,2025,8,regular,2025-10-18T18:30:00.000Z,False,True,False,True,,6077,Stokes Stadium,2654,Truman State,ii,Great Lakes,44,"[17, 7, 14, 6]",,,,2825,Quincy,ii,Great Lakes,21,"[0, 0, 14, 7]",,,,,,,
401762840,2025,8,regular,2025-10-18T18:30:00.000Z,False,True,False,True,15239,3985,Warren McGuirk Alumni Stadium,113,Massachusetts,fbs,Mid-American,21,"[0, 14, 7, 0]",0.5865947008132935,889,910,2084,Buffalo,fbs,Mid-American,28,"[3, 7, 10, 8]",0.41340529918670654,1377,1356,6.595531852666956,,,
401773618,2025,8,regular,2025-10-18T18:30:00.000Z,False,True,False,True,,5134,Bearcat Stadium,138,Northwest Missouri State,ii,Mid America,52,"[14, 10, 21, 7]",,,,2231,Fort Hays,ii,Mid America,3,"[3, 0, 0, 0]",,,,,,,
401761633,2025,8,regular,2025-10-18T19:00:00.000Z,False,True,False,True,16863,3817,Malone Stadium,2433,UL Monroe,fbs,Sun Belt,14,"[0, 8, 6, 0]",0,1077,1060,2653,Troy,fbs,Sun Belt,37,"[10, 7, 10, 10]",1,1471,1488,5.693478891724538,,,
401773909,2025,8,regular,2025-10-18T19:00:00.000Z,False,True,False,True,,6059,Sanchez Family Stadium,2424,New Mexico Highlands,ii,Rocky Mountain,28,"[3, 10, 0, 15]",,,,11,Colorado Mesa,ii,Rocky Mountain,22,"[0, 7, 0, 15]",,,,,,,
401804721,2025,8,regular,2025-10-18T19:00:00.000Z,False,True,False,False,,4463,Crusader Stadium,2371,Mary Hardin Baylor,iii,American Southwest,28,"[7, 14, 7, 0]",,,,102626,Texas Wesleyan,,,19,"[0, 3, 3, 13]",,,,,,,
401766701,2025,8,regular,2025-10-18T19:00:00.000Z,False,True,False,True,,6084,April Zorn Memorial Stadium,2919,Monmouth (IL),iii,Midwest,45,"[7, 21, 10, 7]",,,,2155,Cornell (IA),iii,Midwest,3,"[3, 0, 0, 0]",,,,,,,
401773996,2025,8,regular,2025-10-18T19:00:00.000Z,False,True,False,True,,6027,Albert J. H. Sloan - Alumni Stadium,2396,Miles,ii,SIAC,27,"[0, 14, 3, 10]",,,,2805,Clark Atlanta,ii,SIAC,20,"[3, 17, 0, 0]",,,,,,,
401773378,2025,8,regular,2025-10-18T19:00:00.000Z,False,True,False,True,,3875,Paul Laird Field,199,Southeastern Oklahoma State,ii,Great American,56,"[14, 21, 7, 14]",,,,2823,Northwestern (OK),ii,Great American,14,"[0, 0, 7, 7]",,,,,,,
401767383,2025,8,regular,2025-10-18T19:00:00.000Z,False,True,False,True,6257,3740,Golden Lion Stadium,2029,Arkansas-Pine Bluff,fcs,SWAC,16,"[7, 0, 0, 9]",0.6359561085700989,,,2755,Grambling,fcs,SWAC,20,"[0, 7, 7, 6]",0.3640438914299011,,,7.575690082302566,,,
401767429,2025,8,regular,2025-10-18T19:00:00.000Z,False,True,False,False,2788,3896,Rice-Totten Field,2400,Mississippi Valley State,fcs,SWAC,49,"[14, 0, 28, 7]",,,,124179,Lincoln (CA),ii,Independent DII,0,"[0, 0, 0, 0]",,,,,,,
401773160,2025,8,regular,2025-10-18T19:00:00.000Z,False,True,False,True,,5836,Chalmers Field,49,Dubuque,iii,American Rivers,47,"[0, 14, 26, 7]",,,,63,Buena Vista,iii,American Rivers,20,"[7, 0, 6, 7]",,,,,,,
401790374,2025,8,regular,2025-10-18T19:00:00.000Z,False,True,False,True,,5877,Lyle Hare Stadium,2069,Black Hills State,ii,Rocky Mountain,14,"[0, 7, 7, 0]",,,,2570,CSU Pueblo,ii,Rocky Mountain,40,"[17, 10, 10, 3]",,,,,,,
401774002,2025,8,regular,2025-10-18T19:00:00.000Z,False,True,True,True,,6231,Lucy Laney Stadium,2232,Fort Valley State,ii,SIAC,7,"[7, 0, 0, 0]",,,,2542,Savannah State,ii,SIAC,0,"[0, 0, 0, 0]",,,,,,,
401773848,2025,8,regular,2025-10-18T19:00:00.000Z,False,True,False,True,,4432,Andre Reed Stadium,2315,Kutztown,ii,Pennsylvania State Athletic,43,"[7, 22, 14, 0]",,,,210,Millersville,ii,Pennsylvania State Athletic,14,"[0, 0, 7, 7]",,,,,,,
401773337,2025,8,regular,2025-10-18T19:00:00.000Z,False,True,False,True,,5891,Wilkins Stadium,2568,Southern Arkansas,ii,Great American,42,"[7, 21, 7, 7]",,,,2033,Arkansas Tech,ii,Great American,7,"[0, 7, 0, 0]",,,,,,,
401766702,2025,8,regular,2025-10-18T19:00:00.000Z,False,True,False,True,,5858,England Stadium,2286,Illinois College,iii,Midwest,64,"[6, 18, 28, 12]",,,,255,Knox,iii,Midwest,14,"[0, 7, 7, 0]",,,,,,,
401777307,2025,8,regular,2025-10-18T19:00:00.000Z,False,True,False,True,,6082,Big Cat Stadium,2399,Minnesota Morris,iii,Upper Midwest,3,"[3, 0, 0, 0]",,,,583,Northwestern (MN),iii,Upper Midwest,21,"[0, 14, 0, 7]",,,,,,,
401773647,2025,8,regular,2025-10-18T19:00:00.000Z,False,True,False,True,,6034,Yager Stadium at Moore Bowl,2687,Washburn,ii,Mid America,37,"[6, 7, 17, 7]",,,,2118,Central Missouri,ii,Mid America,17,"[3, 7, 0, 7]",,,,,,,
401752874,2025,8,regular,2025-10-18T19:00:00.000Z,False,True,False,True,12023,5960,Lanny and Sharon Martin Stadium,77,Northwestern,fbs,Big Ten,19,"[3, 10, 6, 0]",0.9019933938980103,1510,1534,2509,Purdue,fbs,Big Ten,0,"[0, 0, 0, 0]",0.09800660610198975,1314,1290,2.4761171545339984,,,
401767100,2025,8,regular,2025-10-18T19:00:00.000Z,False,True,False,False,26147,3987,Washington-Grizzly Stadium,149,Montana,fcs,Big Sky,43,"[22, 7, 0, 14]",1,,,2529,Sacred Heart,fcs,FCS Independents,21,"[0, 7, 7, 7]",0,,,2.5886959425468086,,,
401773815,2025,8,regular,2025-10-18T19:00:00.000Z,False,True,False,True,,4436,Adamson Stadium,2858,California (PA),ii,Pennsylvania State Athletic,31,"[7, 3, 7, 14]",,,,2134,Clarion,ii,Pennsylvania State Athletic,28,"[0, 14, 7, 7]",,,,,,,
401773952,2025,8,regular,2025-10-18T19:00:00.000Z,False,True,False,True,,6553,Helen and Leonard Moretz Stadium,2331,Lenoir Rhyne,ii,South Atlantic,23,"[7, 7, 0, 9]",,,,2842,UVA Wise,ii,South Atlantic,10,"[0, 3, 0, 7]",,,,,,,
401767155,2025,8,regular,2025-10-18T19:30:00.000Z,False,True,False,True,12841,3998,Zable Stadium,2729,William & Mary,fcs,Coastal Athletic,26,"[0, 10, 16, 0]",0.2823842167854309,,,2210,Elon,fcs,Coastal Athletic,21,"[7, 7, 0, 7]",0.7176157832145691,,,5.6121719910038275,,,
401760392,2025,8,regular,2025-10-18T19:30:00.000Z,False,True,False,True,23401,3713,Falcon Stadium,2005,Air Force,fbs,Mountain West,24,"[3, 3, 8, 10]",0.6335259675979614,1354,1355,2751,Wyoming,fbs,Mountain West,21,"[7, 0, 7, 7]",0.3664740324020386,1337,1336,5.419990199182639,,,
401767144,2025,8,regular,2025-10-18T19:30:00.000Z,False,True,False,True,4369,3629,Barker-Lane Stadium,2097,Campbell,fcs,Coastal Athletic,10,"[0, 3, 7, 0]",0.649005115032196,,,160,New Hampshire,fcs,Coastal Athletic,24,"[0, 6, 3, 15]",0.35099488496780396,,,3.722682535579004,,,
401777299,2025,8,regular,2025-10-18T19:30:00.000Z,False,True,False,True,,3877,Pioneer Stadium,101161,Lyon,iii,Southern Collegiate Athletic,20,"[7, 0, 6, 7, 0]",,,,101442,Centenary (LA),iii,Southern Collegiate Athletic,23,"[18, 0, 2, 0, 3]",,,,,,,
401760393,2025,8,regular,2025-10-18T19:30:00.000Z,False,True,False,True,32927,3653,Albertsons Stadium,68,Boise State,fbs,Mountain West,56,"[14, 14, 21, 7]",0.9625915288925171,1667,1725,2439,UNLV,fbs,Mountain West,31,"[3, 21, 0, 7]",0.03740847110748291,1625,1567,4.201195094053385,,,
401767321,2025,8,regular,2025-10-18T19:30:00.000Z,False,True,False,True,6158,4419,Bob Ford Field,399,UAlbany,fcs,Coastal Athletic,17,"[0, 3, 14, 0]",0.0002327263355255127,,,227,Rhode Island,fcs,Coastal Athletic,58,"[10, 21, 7, 20]",0.9997672736644745,,,3.1580759674231538,,,
401761632,2025,8,regular,2025-10-18T19:30:00.000Z,False,True,False,True,27533,3775,Joan C. Edwards Stadium,276,Marshall,fbs,Sun Belt,40,"[7, 6, 3, 11, 7, 6]",0.701595664024353,1582,1583,326,Texas State,fbs,Sun Belt,37,"[7, 10, 0, 10, 7, 3]",0.298404335975647,1555,1554,23.246644462024943,,,
401752739,2025,8,regular,2025-10-18T19:30:00.000Z,False,True,False,True,73845,3887,Razorback Stadium,8,Arkansas,fbs,SEC,42,"[3, 17, 7, 15]",0.24348041415214539,1610,1617,245,Texas A&M,fbs,SEC,45,"[7, 14, 17, 7]",0.7565195858478546,1808,1801,7.050104190802901,,,
401754565,2025,8,regular,2025-10-18T19:30:00.000Z,False,True,False,True,78669,3836,"Memorial Stadium (Clemson, SC)",228,Clemson,fbs,ACC,24,"[0, 7, 10, 7]",0.3757469058036804,1734,1708,2567,SMU,fbs,ACC,35,"[7, 9, 7, 12]",0.6242530941963196,1709,1735,5.469391383562523,,,
401752878,2025,8,regular,2025-10-18T19:30:00.000Z,False,True,False,True,55165,3830,"Memorial Stadium (Bloomington, IN)",84,Indiana,fbs,Big Ten,38,"[7, 14, 14, 3]",0.9220895767211914,2022,2017,127,Michigan State,fbs,Big Ten,13,"[3, 7, 0, 3]",0.0779104232788086,1343,1348,3.80234001453004,,,
401762843,2025,8,regular,2025-10-18T19:30:00.000Z,False,True,False,True,22293,3876,Peden Stadium,195,Ohio,fbs,Mid-American,48,"[14, 7, 13, 14]",0.992224931716919,1568,1612,2459,Northern Illinois,fbs,Mid-American,21,"[0, 8, 6, 7]",0.007775068283081055,1341,1297,2.2632176094688368,,,
401761629,2025,8,regular,2025-10-18T19:30:00.000Z,False,True,False,True,33862,3792,Kidd Brewer Stadium,2026,App State,fbs,Sun Belt,37,"[14, 10, 10, 3]",0.3072485029697418,1360,1331,324,Coastal Carolina,fbs,Sun Belt,45,"[10, 7, 14, 14]",0.6927514970302582,1206,1235,5.483124376722729,,,
401761631,2025,8,regular,2025-10-18T19:30:00.000Z,False,True,False,True,25232,3651,Bridgeforth Stadium,256,James Madison,fbs,Sun Belt,63,"[14, 14, 21, 14]",1,1643,1733,295,Old Dominion,fbs,Sun Belt,27,"[20, 7, 0, 0]",0,1554,1464,5.342991925842684,,,
401762489,2025,8,regular,2025-10-18T19:30:00.000Z,False,True,False,True,13618,4418,Jerry Richardson Stadium,2429,Charlotte,fbs,American Athletic,14,"[7, 0, 0, 7]",0.0009986907243728638,1143,1054,218,Temple,fbs,American Athletic,49,"[7, 21, 21, 0]",0.9990013092756271,1241,1330,3.3193001555565673,,,
401752742,2025,8,regular,2025-10-18T19:30:00.000Z,False,True,False,True,93033,3917,Sanford Stadium,61,Georgia,fbs,SEC,43,"[3, 17, 6, 17]",1,2025,2034,145,Ole Miss,fbs,SEC,35,"[7, 14, 14, 0]",0,1971,1962,6.5134351342636005,,,
401752877,2025,8,regular,2025-10-18T19:30:00.000Z,False,True,False,True,72795,347,Camp Randall Stadium,275,Wisconsin,fbs,Big Ten,0,"[0, 0, 0, 0]",0.041887398809194565,1459,1435,194,Ohio State,fbs,Big Ten,34,"[17, 0, 10, 7]",0.9581126011908054,2074,2098,2.6917223168852957,,,
401762491,2025,8,regular,2025-10-18T19:30:00.000Z,False,True,False,True,25053,3825,DATCU Stadium,249,North Texas,fbs,American Athletic,55,"[17, 7, 21, 10]",0.985666036605835,1530,1648,2636,UTSA,fbs,American Athletic,17,"[7, 7, 3, 0]",0.014333963394165039,1588,1470,4.1325353533684455,,,
401762838,2025,8,regular,2025-10-18T19:30:00.000Z,False,True,False,True,12248,3919,Scheumann Stadium,2050,Ball State,fbs,Mid-American,42,"[14, 0, 14, 14]",0.8880213499069214,1028,1055,2006,Akron,fbs,Mid-American,28,"[8, 7, 10, 3]",0.11197865009307861,1018,991,6.314330218644035,,,
401773991,2025,8,regular,2025-10-18T20:00:00.000Z,False,True,False,True,,3705,Earl Kitchings Stadium,2206,Edward Waters,ii,SIAC,27,"[7, 0, 10, 10]",,,,490,Benedict,ii,SIAC,31,"[3, 14, 0, 14]",,,,,,,
401773127,2025,8,regular,2025-10-18T20:00:00.000Z,False,True,False,True,,4015,Barron Stadium,2560,Shorter,ii,Carolinas,19,"[10, 9, 0, 0]",,,,101784,Erskine,ii,Carolinas,23,"[0, 14, 6, 3]",,,,,,,
401773291,2025,8,regular,2025-10-18T20:00:00.000Z,False,True,False,False,,5808,Edward C. Swenson Athletic Complex,18,Bridgewater State,iii,MSCAC,47,"[7, 14, 9, 17]",,,,110438,Dean,iii,MSCAC,25,"[7, 0, 6, 12]",,,,,,,
401773356,2025,8,regular,2025-10-18T20:00:00.000Z,False,True,False,True,,5936,Koi Ishto Stadium,2191,East Central,ii,Great American,37,"[7, 3, 7, 14, 6]",,,,319,Oklahoma Baptist,ii,Great American,31,"[3, 13, 7, 8, 0]",,,,,,,
401773450,2025,8,regular,2025-10-18T20:00:00.000Z,False,True,False,False,,7504,Liberty North High School,2911,William Jewell,ii,Great Lakes,7,"[7, 0, 0]",,,,196,Northeastern State,ii,Independent DII,35,"[14, 14, 7]",,,,,,,
401774263,2025,8,regular,2025-10-18T20:00:00.000Z,False,True,False,True,,5821,Fritz B. Burns Stadium,17,Claremont Mudd Scripps,iii,So. Cal.,22,"[0, 0, 6, 10, 6]",,,,2318,La Verne,iii,So. Cal.,19,"[0, 7, 6, 3, 3]",,,,,,,
401777073,2025,8,regular,2025-10-18T20:00:00.000Z,False,True,False,True,,4757,Edwards-Maurer Field,2746,Wittenberg,iii,North Coast,40,"[10, 17, 0, 13]",,,,2171,Denison,iii,North Coast,43,"[0, 7, 14, 22]",,,,,,,
401773109,2025,8,regular,2025-10-18T20:00:00.000Z,False,True,False,False,,7075,Electric Supply Company Field,122666,Barton,ii,Carolinas,28,"[0, 14, 7, 7]",,,,2804,Chowan,ii,Carolinas,21,"[6, 7, 0, 8]",,,,,,,
401777148,2025,8,regular,2025-10-18T20:00:00.000Z,False,True,False,True,,5119,Maxwell Field,203,Linfield,iii,Northwest,20,"[7, 0, 13, 0]",,,,2721,Whitworth,iii,Northwest,30,"[3, 17, 0, 10]",,,,,,,
401777155,2025,8,regular,2025-10-18T20:00:00.000Z,False,True,False,True,,6102,Sparks Stadium,2486,Pacific Lutheran,iii,Northwest,47,"[2, 28, 7, 10]",,,,205,Pacific (OR),iii,Northwest,29,"[6, 0, 15, 8]",,,,,,,
401777170,2025,8,regular,2025-10-18T20:00:00.000Z,False,True,False,True,,6104,Baker Stadium,2508,Puget Sound,iii,Northwest,45,"[14, 7, 7, 17]",,,,2930,Willamette,iii,Northwest,28,"[0, 0, 14, 14]",,,,,,,
401777222,2025,8,regular,2025-10-18T20:00:00.000Z,False,True,False,True,,5799,Daly Field at Frank R. Campbell Stadium,2047,Averett,iii,Old Dominion,7,"[0, 0, 7, 0]",,,,297,Hampden Sydney,iii,Old Dominion,67,"[22, 24, 14, 7]",,,,,,,
401777258,2025,8,regular,2025-10-18T20:00:00.000Z,False,True,False,True,,5789,Frank B. Fuhrer Field,2018,Allegheny,iii,Presidents',6,"[0, 6, 0, 0]",,,,146,Grove City,iii,Presidents',42,"[14, 7, 7, 14]",,,,,,,
401786378,2025,8,regular,2025-10-18T20:00:00.000Z,False,True,False,True,,5939,Cressy Field,379,UMass Dartmouth,iii,MSCAC,32,"[13, 6, 13, 0]",,,,402,Worcester State,iii,MSCAC,7,"[0, 7, 0, 0]",,,,,,,
401767485,2025,8,regular,2025-10-18T20:00:00.000Z,False,True,False,False,8283,3882,Provost Umphrey Stadium,2320,Lamar,fcs,Southland,23,"[7, 13, 0, 3]",0.6272976398468018,,,292,UT Rio Grande Valley,fcs,Southland,21,"[0, 7, 0, 14]",0.37270236015319824,,,5.40482444564555,,,
401756923,2025,8,regular,2025-10-18T20:00:00.000Z,False,True,False,True,54177,3947,Mountain America Stadium,9,Arizona State,fbs,Big 12,26,"[3, 6, 7, 10]",0.7303037643432617,1629,1638,2641,Texas Tech,fbs,Big 12,22,"[0, 7, 0, 15]",0.2696962356567383,1835,1826,8.210014656868877,,,
401767166,2025,8,regular,2025-10-18T20:00:00.000Z,False,True,False,True,3000,3746,Hanson Field,2710,Western Illinois,fcs,OVC-Big South,24,"[10, 7, 7, 0]",0.11067435890436172,,,2127,Charleston Southern,fcs,OVC-Big South,29,"[7, 7, 7, 8]",0.8893256410956383,,,5.2319003885028454,,,
401762487,2025,8,regular,2025-10-18T20:00:00.000Z,False,True,False,True,19037,7221,Protective Stadium,5,UAB,fbs,American Athletic,31,"[7, 10, 7, 7]",0.932528018951416,1209,1252,235,Memphis,fbs,American Athletic,24,"[7, 7, 3, 7]",0.06747198104858398,1723,1680,5.591450317310427,,,
401767373,2025,8,regular,2025-10-18T20:00:00.000Z,False,True,False,True,,3650,Bragg Memorial Stadium,50,Florida A&M,fcs,SWAC,33,"[6, 3, 8, 16]",0.9270263910293579,,,2016,Alcorn State,fcs,SWAC,28,"[0, 14, 0, 14]",0.07297360897064209,,,7.634169474091913,,,
401773575,2025,8,regular,2025-10-18T20:05:00.000Z,False,True,False,True,,5783,McArthur Field,2848,Western Oregon,ii,Lone Star,31,"[10, 7, 0, 14]",,,,110243,UT Permian Basin,ii,Lone Star,28,"[0, 7, 7, 14]",,,,,,,
401752741,2025,8,regular,2025-10-18T20:15:00.000Z,False,True,False,True,90203,3634,Ben Hill Griffin Stadium,57,Florida,fbs,SEC,23,"[3, 10, 0, 10]",0.5562131404876709,1639,1638,344,Mississippi State,fbs,SEC,21,"[7, 0, 0, 14]",0.4437868595123291,1494,1495,6.722744597880556,,,
401777142,2025,8,regular,2025-10-18T20:30:00.000Z,False,True,False,True,,5850,Stoffer Family Stadium,415,George Fox,iii,Northwest,42,"[14, 7, 0, 21]",,,,2333,Lewis & Clark,iii,Northwest,28,"[0, 14, 0, 14]",,,,,,,
401767745,2025,8,regular,2025-10-18T21:00:00.000Z,False,True,False,True,2468,3979,Wagner College Stadium,2681,Wagner,fcs,NEC,17,"[14, 0, 3, 0, 0]",0.5722343921661377,,,2115,Central Connecticut,fcs,NEC,24,"[0, 10, 7, 0, 7]",0.4277656078338623,,,6.980718180633208,,,
401767128,2025,8,regular,2025-10-18T21:00:00.000Z,False,True,False,True,1489,4765,Hillsboro Stadium,2502,Portland State,fcs,Big Sky,27,"[3, 3, 0, 21]",0.002363270614296198,,,2692,Weber State,fcs,Big Sky,43,"[9, 3, 17, 14]",0.9976367293857038,,,5.147699482768235,,,
401767434,2025,8,regular,2025-10-18T21:00:00.000Z,False,True,False,True,23715,3599,Ace W. Mumford Stadium,2582,Southern,fcs,SWAC,3,"[0, 0, 3, 0]",0.006633356679230928,,,2504,Prairie View A&M,fcs,SWAC,24,"[0, 17, 0, 7]",0.9933666433207691,,,2.283752516320125,,,
401761668,2025,8,regular,2025-10-18T21:00:00.000Z,False,True,False,True,21047,3666,Cajun Field,309,Louisiana,fbs,Sun Belt,10,"[7, 0, 3, 0]",0.484975665807724,1369,1333,2572,Southern Miss,fbs,Sun Belt,22,"[0, 13, 7, 2]",0.515024334192276,1273,1309,4.490560801194364,,,
401773764,2025,8,regular,2025-10-18T21:00:00.000Z,False,True,False,True,,3951,Swisher Field,425,Northern State,ii,Northern Sun,55,"[27, 14, 7, 7]",,,,2587,Southwest Minnesota State,ii,Northern Sun,23,"[3, 13, 0, 7]",,,,,,,
401783303,2025,8,regular,2025-10-18T21:00:00.000Z,False,True,False,True,,3709,Hempstead Stadium,452,Endicott,iii,Commonwealth Coast,45,"[10, 7, 21, 7]",,,,2702,Western New England,iii,Commonwealth Coast,24,"[10, 0, 7, 7]",,,,,,,
401767521,2025,8,regular,2025-10-18T21:00:00.000Z,False,True,False,True,6112,3944,Strawberry Stadium,2545,SE Louisiana,fcs,Southland,49,"[14, 14, 14, 7]",0.994231641292572,,,2466,Northwestern State,fcs,Southland,0,"[0, 0, 0, 0]",0.0057683587074279785,,,2.6879407038979783,,,
401767227,2025,8,regular,2025-10-18T21:30:00.000Z,False,True,False,False,14056,3810,Nissan Stadium,2634,Tennessee State,fcs,OVC-Big South,24,"[7, 7, 7, 3]",0.905259907245636,,,47,Howard,fcs,MEAC,7,"[0, 7, 0, 0]",0.09474009275436401,,,3.599033287510647,,,
401767462,2025,8,regular,2025-10-18T21:30:00.000Z,False,True,False,True,2016,3734,Gayle and Tom Benson Stadium,2916,Incarnate Word,fcs,Southland,45,"[21, 14, 7, 3]",0.7231283783912659,,,2837,East Texas A&M,fcs,Southland,52,"[7, 14, 14, 17]",0.27687162160873413,,,7.7125029120784685,,,
401767753,2025,8,regular,2025-10-18T22:00:00.000Z,False,True,False,True,2213,4428,Saxon Stadium,2385,Mercyhurst,fcs,NEC,0,"[0, 0, 0, 0]",0.007904130965471268,,,2184,Duquesne,fcs,NEC,37,"[14, 13, 0, 10]",0.9920958690345287,,,2.516370106998434,,,
401773959,2025,8,regular,2025-10-18T22:00:00.000Z,False,True,False,True,,3926,Setzler Field,2444,Newberry,ii,South Atlantic,38,"[21, 3, 7, 7]",,,,2369,Mars Hill,ii,South Atlantic,24,"[7, 7, 7, 3]",,,,,,,
401773869,2025,8,regular,2025-10-18T22:05:00.000Z,False,True,False,True,,4439,Eiler-Martin Stadium,2188,East Stroudsburg,ii,Pennsylvania State Athletic,24,"[0, 17, 0, 7]",,,,2559,Shippensburg,ii,Pennsylvania State Athletic,7,"[0, 0, 7, 0]",,,,,,,
401752951,2025,8,regular,2025-10-18T22:30:00.000Z,False,True,False,False,56048,3923,Scott Stadium,258,Virginia,fbs,ACC,22,"[7, 0, 3, 12]",0.8094696998596191,1593,1590,265,Washington State,fbs,Pac-12,20,"[7, 10, 3, 0]",0.19053030014038086,1361,1364,5.834354257036716,,,
401752876,2025,8,regular,2025-10-18T22:30:00.000Z,False,True,False,True,53127,6577,SHI Stadium,164,Rutgers,fbs,Big Ten,10,"[3, 0, 0, 7]",0.06474416702985764,1547,1468,2483,Oregon,fbs,Big Ten,56,"[14, 28, 14, 0]",0.9352558329701424,1996,2075,2.8655127929578694,,,
401752743,2025,8,regular,2025-10-18T23:00:00.000Z,False,True,False,True,60937,3683,Kroger Field,96,Kentucky,fbs,SEC,13,"[0, 0, 3, 10, 0]",0.6518524885177612,1513,1533,251,Texas,fbs,SEC,16,"[0, 7, 3, 3, 3]",0.34814751148223877,1964,1944,8.799986829345762,,,
401761630,2025,8,regular,2025-10-18T23:00:00.000Z,False,True,False,True,25428,3608,Allen E. Paulson Stadium,290,Georgia Southern,fbs,Sun Belt,41,"[3, 10, 7, 21]",0.9113202095031738,1316,1335,2247,Georgia State,fbs,Sun Belt,24,"[7, 10, 7, 0]",0.08867979049682617,1116,1097,5.848176064577403,,,
401752875,2025,8,regular,2025-10-18T23:00:00.000Z,False,True,False,True,69250,3793,Kinnick Stadium,2294,Iowa,fbs,Big Ten,25,"[3, 7, 6, 9]",0.9411588907241821,1824,1830,213,Penn State,fbs,Big Ten,24,"[7, 7, 7, 3]",0.05884110927581787,1996,1990,5.691935195239559,,,
401767301,2025,8,regular,2025-10-18T23:00:00.000Z,False,True,False,True,24012,3827,"Memorial Stadium (Stephenville, TX)",2627,Tarleton State,fcs,UAC,45,"[7, 17, 7, 14]",0.9824159741401672,,,2698,West Georgia,fcs,UAC,10,"[0, 0, 3, 7]",0.017584025859832764,,,3.1245776497397215,,,
401767517,2025,8,regular,2025-10-18T23:00:00.000Z,False,True,False,True,7141,3756,Homer Bryce Stadium,2617,Stephen F. Austin,fcs,Southland,34,"[9, 10, 15, 0]",0.993111252784729,,,2447,Nicholls,fcs,Southland,7,"[0, 0, 0, 7]",0.006888747215270996,,,2.471145758827747,,,
401773527,2025,8,regular,2025-10-18T23:00:00.000Z,False,True,False,True,,3957,Tiger Stadium (AL),2695,West Alabama,ii,Gulf South,16,"[0, 0, 7, 9]",,,,110242,West Florida,ii,Gulf South,23,"[0, 6, 9, 8]",,,,,,,
401773540,2025,8,regular,2025-10-18T23:00:00.000Z,False,True,False,True,,5869,LeGrand Stadium at 1st Community Credit Union Field,2025,Angelo State,ii,Lone Star,48,"[21, 7, 14, 6]",,,,2395,Midwestern State,ii,Lone Star,24,"[10, 0, 7, 7]",,,,,,,
401767092,2025,8,regular,2025-10-18T23:00:00.000Z,False,True,False,True,6071,3906,Roos Field,331,Eastern Washington,fcs,Big Sky,21,"[3, 10, 0, 8]",0.8228486776351929,,,70,Idaho,fcs,Big Sky,14,"[7, 0, 0, 7]",0.17715132236480713,,,5.4974653298837675,,,
401760394,2025,8,regular,2025-10-18T23:00:00.000Z,False,True,False,True,40416,5388,Canvas Stadium,36,Colorado State,fbs,Mountain West,19,"[7, 0, 0, 12]",0.01324478816241026,1384,1353,62,Hawai'i,fbs,Mountain West,31,"[7, 7, 10, 7]",0.9867552118375897,1335,1366,5.144720454505094,,,
401767471,2025,8,regular,2025-10-18T23:00:00.000Z,False,True,False,True,10339,3686,Cowboy Stadium,2377,McNeese,fcs,Southland,27,"[7, 3, 14, 3]",0.9881999492645264,,,2277,Houston Christian,fcs,Southland,0,"[0, 0, 0, 0]",0.011800050735473633,,,2.8636516624704735,,,
401767280,2025,8,regular,2025-10-18T23:00:00.000Z,False,True,False,True,8922,4133,Braly Municipal Stadium,2453,North Alabama,fcs,UAC,35,"[7, 7, 14, 7]",0.9897163510322571,,,2198,Eastern Kentucky,fcs,UAC,14,"[0, 7, 0, 7]",0.01028364896774292,,,3.049209172937886,,,
401752879,2025,8,regular,2025-10-18T23:00:00.000Z,False,True,False,True,35561,1056,Rose Bowl,26,UCLA,fbs,Big Ten,20,"[0, 7, 0, 13]",0.38513466715812683,1445,1448,120,Maryland,fbs,Big Ten,17,"[0, 3, 7, 7]",0.6148653328418732,1576,1573,7.414016656180507,,,
401774347,2025,8,regular,2025-10-18T23:00:00.000Z,False,True,False,True,,5818,Farris Stadium,2121,Centre,iii,Southern Athletic,19,"[16, 3, 0, 0]",,,,2588,Southwestern U,iii,Southern Athletic,16,"[0, 9, 0, 7]",,,,,,,
401773630,2025,8,regular,2025-10-18T23:00:00.000Z,False,True,False,True,,6055,Craig Field at Spratt Memorial Stadium,137,Missouri Western,ii,Mid America,20,"[0, 7, 7, 6]",,,,90,Pittsburg State,ii,Mid America,44,"[3, 10, 17, 14]",,,,,,,
401752738,2025,8,regular,2025-10-18T23:30:00.000Z,False,True,False,True,100077,3657,Bryant-Denny Stadium,333,Alabama,fbs,SEC,37,"[7, 16, 7, 7]",0.8311017751693726,1967,1991,2633,Tennessee,fbs,SEC,20,"[0, 7, 6, 7]",0.16889822483062744,1825,1801,3.936617568158109,,,
401752871,2025,8,regular,2025-10-18T23:30:00.000Z,False,True,False,False,77622,3855,Notre Dame Stadium,87,Notre Dame,fbs,FBS Independents,34,"[7, 7, 13, 7]",0.9801550507545471,2196,2193,30,USC,fbs,Big Ten,24,"[10, 3, 11, 0]",0.01984494924545288,1904,1907,5.899381659571455,,,
401754568,2025,8,regular,2025-10-18T23:30:00.000Z,False,True,False,True,40772,1964,JMA Wireless Dome,183,Syracuse,fbs,ACC,13,"[7, 0, 0, 6]",0.18327978253364563,1422,1402,221,Pittsburgh,fbs,ACC,30,"[7, 10, 3, 10]",0.8167202174663544,1625,1645,4.623256562987445,,,
401762490,2025,8,regular,2025-10-18T23:30:00.000Z,False,True,False,True,45169,3886,Raymond James Stadium,58,South Florida,fbs,American Athletic,48,"[7, 14, 10, 17]",0.9991554617881775,1607,1663,2226,Florida Atlantic,fbs,American Athletic,13,"[3, 3, 7, 0]",0.0008445382118225098,1270,1214,3.650755447946169,,,
401752740,2025,8,regular,2025-10-18T23:45:00.000Z,False,True,False,True,88043,3785,Jordan-Hare Stadium,2,Auburn,fbs,SEC,17,"[7, 0, 7, 3, 0, 0]",0.33761686086654663,1684,1681,142,Missouri,fbs,SEC,23,"[3, 7, 0, 7, 0, 6]",0.6623831391334534,1788,1791,8.047831932676818,,,
401756924,2025,8,regular,2025-10-19T00:00:00.000Z,False,True,False,True,64794,3801,LaVell Edwards Stadium,252,BYU,fbs,Big 12,24,"[0, 10, 0, 14]",0.7315915822982788,1695,1697,254,Utah,fbs,Big 12,21,"[0, 7, 0, 14]",0.2684084177017212,1773,1771,5.791657620958455,,,
401756926,2025,8,regular,2025-10-19T00:00:00.000Z,False,True,False,True,46901,3646,Boone Pickens Stadium,197,Oklahoma State,fbs,Big 12,17,"[3, 7, 7, 0]",0.0426059365272522,1107,1071,2132,Cincinnati,fbs,Big 12,49,"[7, 21, 0, 21]",0.9573940634727478,1558,1594,4.321065221154091,,,
401773550,2025,8,regular,2025-10-19T00:00:00.000Z,False,True,False,True,,5884,Buffalo Stadium,2704,West Texas,ii,Lone Star,43,"[14, 15, 7, 7]",,,,2201,Eastern New Mexico,ii,Lone Star,14,"[0, 7, 0, 7]",,,,,,,
401773600,2025,8,regular,2025-10-19T00:00:00.000Z,False,True,False,True,,5878,Wantland Stadium,2122,Central Oklahoma,ii,Mid America,56,"[17, 14, 18, 7]",,,,2214,Emporia State,ii,Mid America,22,"[8, 0, 7, 7]",,,,,,,
401767243,2025,8,regular,2025-10-19T00:30:00.000Z,False,True,False,True,2030,3706,Eccles Coliseum,253,Southern Utah,fcs,UAC,31,"[7, 7, 7, 10]",0.7611187696456909,,,2000,Abilene Christian,fcs,UAC,24,"[7, 10, 0, 7]",0.23888123035430908,,,5.102264862189324,,,
401773589,2025,8,regular,2025-10-19T01:00:00.000Z,False,True,False,True,,3633,Ben Altamirano Field,2703,Western New Mexico,ii,Lone Star,45,"[14, 10, 7, 14]",,,,2834,Sul Ross State,ii,Lone Star,42,"[7, 7, 21, 7]",,,,,,,
401773568,2025,8,regular,2025-10-19T01:00:00.000Z,False,True,False,True,,5879,Tomlinson Stadium,2120,Central Washington,ii,Lone Star,24,"[7, 0, 10, 7]",,,,2658,Texas A&M-Kingsville,ii,Lone Star,21,"[7, 0, 7, 7]",,,,,,,
401767123,2025,8,regular,2025-10-19T01:00:00.000Z,False,True,False,True,20022,3757,Hornet Stadium,16,Sacramento State,fcs,Big Sky,40,"[3, 14, 10, 13]",0.8938772678375244,,,2458,Northern Colorado,fcs,Big Sky,35,"[0, 21, 7, 7]",0.10612273216247559,,,7.550289886095783,,,
401760395,2025,8,regular,2025-10-19T01:45:00.000Z,False,True,False,True,18233,3971,University Stadium (NM),167,New Mexico,fbs,Mountain West,24,"[7, 7, 10, 0]",0.40355268120765686,1403,1401,2440,Nevada,fbs,Mountain West,22,"[3, 9, 7, 3]",0.5964473187923431,1188,1190,5.439889461029641,,,
401774269,2025,8,regular,2025-10-19T02:00:00.000Z,False,True,False,True,,5811,William Rolland Stadium,2094,Cal Lutheran,iii,So. Cal.,25,"[7, 10, 8, 0]",,,,411,Chapman,iii,So. Cal.,35,"[22, 0, 3, 10]",,,,,,,
401752941,2025,8,regular,2025-10-19T02:00:00.000Z,False,True,False,False,27735,3893,Reser Stadium,204,Oregon State,fbs,Pac-12,45,"[3, 7, 21, 14]",0.9931827187538147,1237,1237,322,Lafayette,fcs,Patriot,13,"[3, 10, 0, 0]",0.006817281246185303,,,4.638206639317544,,,
401774256,2025,8,regular,2025-10-19T02:00:00.000Z,False,True,False,True,,6106,Ted Runner Stadium,29,Redlands,iii,So. Cal.,16,"[6, 10, 0, 0]",,,,2923,Pomona Pitzer,iii,So. Cal.,14,"[0, 0, 8, 6]",,,,,,,
401754567,2025,8,regular,2025-10-19T02:30:00.000Z,False,True,False,True,26470,3940,Stanford Stadium,24,Stanford,fbs,ACC,20,"[3, 10, 7, 0]",0.4927515685558319,1241,1271,52,Florida State,fbs,ACC,13,"[0, 10, 0, 3]",0.5072484314441681,1572,1542,4.547792894378754,,,
401773419,2025,8,regular,2025-10-19T18:00:00.000Z,False,True,False,True,,6047,Leemon Field,2816,McKendree,ii,Great Lakes,10,,,,,2402,Missouri S&T,ii,Great Lakes,29,,,,,,,,
401757285,2025,9,regular,2025-10-21T23:00:00.000Z,False,True,False,True,12133,2031,Pitbull Stadium,2229,Florida International,fbs,Conference USA,26,"[7, 7, 3, 9]",0,1288,1246,338,Kennesaw State,fbs,Conference USA,45,"[14, 10, 7, 14]",1,1332,1374,4.216063643104564,,,
401757286,2025,9,regular,2025-10-21T23:30:00.000Z,False,True,False,True,10928,3776,Joe Aillet Stadium,2348,Louisiana Tech,fbs,Conference USA,27,"[7, 0, 7, 6, 7]",0.6517226696014404,1381,1378,98,Western Kentucky,fbs,Conference USA,28,"[10, 10, 0, 0, 8]",0.34827733039855957,1352,1355,9.038273739815125,,,
401757287,2025,9,regular,2025-10-22T23:30:00.000Z,False,True,False,True,14102,3695,Delaware Stadium,48,Delaware,fbs,Conference USA,31,"[7, 17, 7, 0]",0.7459631562232971,1468,1465,2393,Middle Tennessee,fbs,Conference USA,28,"[14, 0, 7, 7]",0.2540368437767029,1181,1184,5.995049717453125,,,
401757288,2025,9,regular,2025-10-23T01:00:00.000Z,False,True,False,True,8790,3601,Aggie Memorial Stadium,166,New Mexico State,fbs,Conference USA,17,"[0, 7, 0, 10, 0]",0.3332197070121765,1231,1225,2623,Missouri State,fbs,Conference USA,24,"[7, 0, 10, 0, 7]",0.6667802929878235,1329,1335,7.537797642472893,,,
401761634,2025,9,regular,2025-10-23T23:30:00.000Z,False,True,False,True,13673,4246,Center Parc Stadium,2247,Georgia State,fbs,Sun Belt,31,"[14, 0, 3, 14]",0.020935334265232086,1097,1107,6,South Alabama,fbs,Sun Belt,38,"[21, 7, 0, 10]",0.9790646657347679,1410,1400,6.390908995027831,,,
401767701,2025,9,regular,2025-10-24T22:00:00.000Z,False,True,False,True,3471,3826,Memorial Field,159,Dartmouth,fcs,Ivy,49,"[21, 14, 14, 0]",0.9971373081207275,,,171,Columbia,fcs,Ivy,3,"[0, 0, 0, 3]",0.002862691879272461,,,2.0506576034022284,,,
401762492,2025,9,regular,2025-10-24T23:00:00.000Z,False,True,False,True,9626,4418,Jerry Richardson Stadium,2429,Charlotte,fbs,American Athletic,20,"[10, 7, 3, 0]",0.05873166769742966,1054,1028,249,North Texas,fbs,American Athletic,54,"[7, 10, 10, 27]",0.9412683323025703,1648,1674,5.201038363476169,,,
401754372,2025,9,regular,2025-10-24T23:30:00.000Z,False,True,False,True,53837,3799,Lane Stadium,259,Virginia Tech,fbs,ACC,42,"[10, 0, 10, 7, 7, 8]",0.8125044703483582,1419,1430,25,California,fbs,ACC,34,"[3, 17, 0, 7, 7, 0]",0.18749552965164185,1408,1397,11.999217742937725,,,
401760397,2025,9,regular,2025-10-25T02:00:00.000Z,False,True,False,True,18029,3816,Mackay Stadium,2440,Nevada,fbs,Mountain West,3,"[3, 0, 0, 0]",0.11258255690336227,1190,1191,68,Boise State,fbs,Mountain West,24,"[3, 7, 7, 7]",0.8874174430966377,1725,1724,5.885370695021587,,,
401767101,2025,9,regular,2025-10-25T02:30:00.000Z,False,True,False,True,18029,3757,Hornet Stadium,16,Sacramento State,fcs,Big Sky,35,"[7, 14, 0, 14]",0.025371462106704712,,,149,Montana,fcs,Big Sky,49,"[7, 21, 7, 14]",0.9746285378932953,,,6.065645759737506,,,
401774055,2025,9,regular,2025-10-25T16:00:00.000Z,False,True,False,True,,6087,Drake Field (NY),3110,SUNY Morrisville,iii,Empire 8,3,"[0, 3, 0, 0]",,,,2781,Brockport,iii,Empire 8,61,"[27, 24, 3, 7]",,,,,,,
401773458,2025,9,regular,2025-10-25T16:00:00.000Z,False,True,False,True,,5934,Farmers Insurance Athletic Complex,110254,Davenport,ii,GLIAC,75,"[28, 21, 16, 10]",,,,127991,Roosevelt,ii,GLIAC,23,"[7, 2, 7, 7]",,,,,,,
401773866,2025,9,regular,2025-10-25T16:00:00.000Z,False,True,False,True,,5133,Ram Stadium (WV),2974,Shepherd,ii,Pennsylvania State Athletic,26,"[0, 10, 2, 14]",,,,2188,East Stroudsburg,ii,Pennsylvania State Athletic,21,"[0, 0, 0, 21]",,,,,,,
401783364,2025,9,regular,2025-10-25T16:00:00.000Z,False,True,False,True,,6119,Stagg Field,81,Springfield,iii,NEWMAC,35,"[14, 7, 0, 14]",,,,2383,Merchant Marine,iii,NEWMAC,7,"[0, 0, 7, 0]",,,,,,,
401773309,2025,9,regular,2025-10-25T16:00:00.000Z,False,True,False,False,,7512,St. Francis High School,125974,Hilbert,iii,Empire 8,14,"[7, 0, 7, 0]",,,,2528,Rensselaer,iii,Liberty League,69,"[21, 28, 10, 10]",,,,,,,
401767668,2025,9,regular,2025-10-25T16:00:00.000Z,False,True,False,True,,3676,Christy Mathewson-Memorial Stadium,2083,Bucknell,fcs,Patriot,24,"[0, 14, 0, 10]",0.5607805848121643,,,46,Georgetown,fcs,Patriot,31,"[7, 7, 7, 10]",0.4392194151878357,,,6.0921796640993024,,,
401773475,2025,9,regular,2025-10-25T16:00:00.000Z,False,True,False,True,,3950,Superior Dome,128,Northern Michigan,ii,GLIAC,17,"[0, 3, 7, 7]",,,,2392,Michigan Tech,ii,GLIAC,56,"[14, 7, 14, 21]",,,,,,,
401777223,2025,9,regular,2025-10-25T16:00:00.000Z,False,True,False,True,,6116,Shentel Stadium,2828,Shenandoah,iii,Old Dominion,48,"[13, 7, 14, 14]",,,,2047,Averett,iii,Old Dominion,3,"[0, 3, 0, 0]",,,,,,,
401773507,2025,9,regular,2025-10-25T16:00:00.000Z,False,True,False,True,,3718,Tom Benson Hall of Fame Stadium,2682,Walsh,ii,Great Midwest Athletic,41,"[0, 21, 14, 6]",,,,2646,Thomas More,ii,Great Midwest Athletic,20,"[7, 10, 3, 0]",,,,,,,
401774136,2025,9,regular,2025-10-25T16:00:00.000Z,False,True,False,False,,5638,Dave Wolk Stadium,293,Vermont State Castleton,iii,New Jersey,20,"[7, 6, 0, 7]",,,,2818,Montclair State,iii,New Jersey,48,"[14, 13, 14, 7]",,,,,,,
401777978,2025,9,regular,2025-10-25T16:00:00.000Z,False,True,False,True,,5876,Bentley University Football Stadium,2060,Bentley,ii,Northeast 10,42,"[7, 7, 7, 21]",,,,2487,Pace,ii,Northeast 10,13,"[0, 0, 6, 7]",,,,,,,
401773239,2025,9,regular,2025-10-25T16:00:00.000Z,False,True,False,True,,3698,Donnell Stadium,2224,Findlay,ii,Great Midwest Athletic,27,"[7, 0, 7, 13]",,,,2477,Ohio Dominican,ii,Great Midwest Athletic,20,"[0, 7, 13, 0]",,,,,,,
401767774,2025,9,regular,2025-10-25T16:00:00.000Z,False,True,False,True,,4428,Saxon Stadium,2385,Mercyhurst,fcs,NEC,15,"[0, 7, 0, 8]",0,,,284,Stonehill,fcs,NEC,22,"[13, 6, 0, 3]",1,,,3.095289861123147,,,
401767607,2025,9,regular,2025-10-25T16:00:00.000Z,False,True,False,True,2146,3897,Richardson Stadium,2166,Davidson,fcs,Pioneer,28,"[0, 14, 14, 0]",0.3532502055168152,,,301,San Diego,fcs,Pioneer,40,"[7, 14, 7, 12]",0.6467497944831848,,,7.635591876353359,,,
401788997,2025,9,regular,2025-10-25T16:00:00.000Z,False,True,False,True,4412,3997,Yale Bowl,43,Yale,fcs,Ivy,35,"[7, 21, 7, 0]",0.9958908557891846,,,219,Pennsylvania,fcs,Ivy,13,"[3, 7, 3, 0]",0.00410914421081543,,,2.9467198324038946,,,
401767617,2025,9,regular,2025-10-25T16:00:00.000Z,False,True,False,True,2687,3988,Welcome Stadium,2168,Dayton,fcs,Pioneer,35,"[7, 21, 7, 0]",0.9514811635017395,,,2506,Presbyterian,fcs,Pioneer,19,"[13, 0, 6, 0]",0.0485188364982605,,,3.608797784841944,,,
401767623,2025,9,regular,2025-10-25T16:00:00.000Z,False,True,False,True,1942,36,Leonidoff Field,2368,Marist,fcs,Pioneer,17,"[0, 14, 3, 0]",0,,,2181,Drake,fcs,Pioneer,31,"[7, 10, 7, 7]",1,,,4.299527360368599,,,
401777270,2025,9,regular,2025-10-25T16:00:00.000Z,False,True,False,True,,6128,Alumni Stadium (PA),2644,Thiel,iii,Presidents',7,"[0, 0, 7, 0]",,,,2963,Case Western Reserve,iii,Presidents',55,"[24, 21, 3, 7]",,,,,,,
401752885,2025,9,regular,2025-10-25T16:00:00.000Z,False,True,False,True,54867,3830,"Memorial Stadium (Bloomington, IN)",84,Indiana,fbs,Big Ten,56,"[14, 21, 14, 7]",0.989940881729126,2017,2091,26,UCLA,fbs,Big Ten,6,"[0, 3, 3, 0]",0.010059118270874023,1448,1374,2.030595373015224,,,
401773282,2025,9,regular,2025-10-25T16:00:00.000Z,False,True,False,False,,5794,Caparso Field,15,Anna Maria College,iii,MSCAC,30,"[2, 13, 8, 7]",,,,114,Fitchburg State,iii,MSCAC,22,"[0, 3, 7, 12]",,,,,,,
401752750,2025,9,regular,2025-10-25T16:00:00.000Z,False,True,False,True,83468,3835,"Memorial Stadium (Norman, OK)",201,Oklahoma,fbs,SEC,26,"[3, 7, 16, 0]",0.10893948376178741,1781,1780,145,Ole Miss,fbs,SEC,34,"[10, 12, 3, 9]",0.8910605162382126,1962,1963,6.522901703271394,,,
401754571,2025,9,regular,2025-10-25T16:00:00.000Z,False,True,False,True,51913,721,Bobby Dodd Stadium,59,Georgia Tech,fbs,ACC,41,"[3, 17, 14, 7]",0.9979444742202759,1611,1651,183,Syracuse,fbs,ACC,16,"[3, 0, 7, 6]",0.002055525779724121,1402,1362,3.855946668588535,,,
401773301,2025,9,regular,2025-10-25T16:00:00.000Z,False,True,False,True,,5788,Merrill Field at Yunevich Stadium,365,Alfred,iii,Empire 8,28,"[0, 7, 14, 7]",,,,390,Utica,iii,Empire 8,51,"[10, 20, 14, 7]",,,,,,,
401773849,2025,9,regular,2025-10-25T16:00:00.000Z,False,True,False,True,,4427,John A. Farrell Stadium,223,West Chester,ii,Pennsylvania State Athletic,7,"[0, 0, 0, 7]",,,,2315,Kutztown,ii,Pennsylvania State Athletic,41,"[21, 7, 6, 7]",,,,,,,
401777972,2025,9,regular,2025-10-25T16:00:00.000Z,False,True,False,True,,3848,Multi-Sport Stadium,2038,Assumption,ii,Northeast 10,35,"[7, 14, 7, 7]",,,,2022,American International,ii,Northeast 10,14,"[7, 7, 0, 0]",,,,,,,
401752884,2025,9,regular,2025-10-25T16:00:00.000Z,False,True,False,True,55289,3907,Ross-Ade Stadium,2509,Purdue,fbs,Big Ten,24,"[10, 0, 7, 7]",0.4158609211444855,1290,1296,164,Rutgers,fbs,Big Ten,27,"[0, 7, 7, 13]",0.5841390788555145,1468,1462,6.663165101411546,,,
401752883,2025,9,regular,2025-10-25T16:00:00.000Z,False,True,False,True,86401,3834,"Memorial Stadium (Lincoln, NE)",158,Nebraska,fbs,Big Ten,28,"[7, 0, 14, 7]",0.987456202507019,1641,1645,77,Northwestern,fbs,Big Ten,21,"[3, 3, 7, 8]",0.012543797492980957,1534,1530,4.629625981360863,,,
401752942,2025,9,regular,2025-10-25T16:00:00.000Z,False,True,False,True,28358,3630,Allegacy Federal Credit Union Stadium,154,Wake Forest,fbs,ACC,13,"[3, 7, 0, 3]",0.7061779499053955,1463,1471,2567,SMU,fbs,ACC,12,"[0, 6, 6, 0]",0.2938220500946045,1735,1727,7.275136107763749,,,
401776973,2025,9,regular,2025-10-25T16:00:00.000Z,False,True,True,False,,,,131108,New England College,,,14,"[7, 0, 0, 7]",,,,274,Maine Maritime,iii,Commonwealth Coast,10,"[0, 10, 0, 0]",,,,,,,
401761635,2025,9,regular,2025-10-25T16:00:00.000Z,False,True,False,True,18097,3918,S.B. Ballard Stadium,295,Old Dominion,fbs,Sun Belt,24,"[7, 3, 14, 0]",0.9613745212554932,1464,1463,2026,App State,fbs,Sun Belt,21,"[0, 7, 0, 14]",0.038625478744506836,1331,1332,4.274537527076779,,,
401777778,2025,9,regular,2025-10-25T16:00:00.000Z,False,True,False,True,,5637,Vendetti Field,2884,Nichols,iii,Commonwealth Coast,3,"[0, 0, 3, 0]",,,,452,Endicott,iii,Commonwealth Coast,56,"[14, 21, 21, 0]",,,,,,,
401754573,2025,9,regular,2025-10-25T16:00:00.000Z,False,True,False,True,50500,3787,Kenan Stadium,153,North Carolina,fbs,ACC,16,"[0, 10, 0, 0, 6]",0.853123664855957,1342,1352,258,Virginia,fbs,ACC,17,"[3, 7, 0, 0, 7]",0.14687633514404297,1590,1580,7.587525597139318,,,
401762494,2025,9,regular,2025-10-25T16:00:00.000Z,False,True,False,True,30940,3805,Simmons Bank Liberty Stadium,235,Memphis,fbs,American Athletic,34,"[7, 7, 3, 17]",0.38053426146507263,1680,1681,58,South Florida,fbs,American Athletic,31,"[14, 10, 7, 0]",0.6194657385349274,1663,1662,7.483692560112042,,,
401767754,2025,9,regular,2025-10-25T16:00:00.000Z,False,True,False,True,2873,3979,Wagner College Stadium,2681,Wagner,fcs,NEC,24,"[7, 10, 0, 7]",0.9863786697387695,,,2184,Duquesne,fcs,NEC,13,"[0, 7, 6, 0]",0.013621330261230469,,,3.860424544764874,,,
401756932,2025,9,regular,2025-10-25T16:00:00.000Z,False,True,False,True,,3833,Memorial Stadium,2305,Kansas,fbs,Big 12,17,"[7, 7, 3, 0]",0.023410659283399582,1621,1563,2306,Kansas State,fbs,Big 12,42,"[21, 0, 14, 7]",0.9765893407166004,1695,1753,4.163411187007522,,,
401778019,2025,9,regular,2025-10-25T16:00:00.000Z,False,True,False,True,,5926,Henry G. Steinbrenner '27 Stadium,109,MIT,iii,NEWMAC,28,"[0, 21, 0, 7]",,,,2776,Salve Regina,iii,NEWMAC,20,"[6, 0, 6, 8]",,,,,,,
401779510,2025,9,regular,2025-10-25T16:00:00.000Z,False,True,False,False,1113,6043,Bethpage Federal Credit Union Stadium,2341,Long Island University,fcs,NEC,38,"[14, 14, 7, 3]",1,,,2441,New Haven,fcs,NEC,16,"[0, 16, 0, 0]",0,,,3.7709243578977443,,,
401783335,2025,9,regular,2025-10-25T16:00:00.000Z,False,True,False,True,,5127,Gene L. Shirk Stadium,2015,Albright,iii,Mid Atlantic,32,"[3, 7, 15, 7]",,,,2221,FDU Florham,iii,Mid Atlantic,18,"[0, 3, 0, 15]",,,,,,,
401767705,2025,9,regular,2025-10-25T16:00:00.000Z,False,True,False,True,9137,3881,Princeton University Stadium,163,Princeton,fcs,Ivy,14,"[7, 7, 0, 0]",0.026045719161629677,,,108,Harvard,fcs,Ivy,35,"[7, 14, 0, 14]",0.9739542808383703,,,4.826541160921615,,,
401783347,2025,9,regular,2025-10-25T16:00:00.000Z,False,True,False,True,,5833,Robert A. Lipinski Field at James Work Memorial Stadium,2808,Delaware Valley,iii,Mid Atlantic,41,"[7, 7, 7, 20]",,,,471,Stevenson,iii,Mid Atlantic,38,"[7, 10, 21, 0]",,,,,,,
401773806,2025,9,regular,2025-10-25T16:00:00.000Z,False,True,False,True,,4431,Chryst Field at Biemesderfer Stadium,210,Millersville,ii,Pennsylvania State Athletic,21,"[7, 7, 0, 7]",,,,2071,Bloomsburg,ii,Pennsylvania State Athletic,37,"[3, 7, 13, 14]",,,,,,,
401777263,2025,9,regular,2025-10-25T16:00:00.000Z,False,True,False,False,,6089,Scotty Wood Stadium,2422,Muhlenberg,iii,Centennial,27,"[0, 7, 0, 20]",,,,2102,Carnegie Mellon,iii,Presidents',23,"[6, 10, 7, 0]",,,,,,,
401778002,2025,9,regular,2025-10-25T16:00:00.000Z,False,True,False,True,,5830,Walter M. Katz Field,40,Curry,iii,Commonwealth Coast,52,"[14, 14, 3, 21]",,,,2702,Western New England,iii,Commonwealth Coast,31,"[10, 7, 7, 7]",,,,,,,
401773830,2025,9,regular,2025-10-25T16:00:00.000Z,False,True,False,True,,4441,McConnell Family Stadium,367,Gannon,ii,Pennsylvania State Athletic,20,"[7, 7, 0, 6]",,,,2205,Edinboro,ii,Pennsylvania State Athletic,41,"[7, 14, 13, 7]",,,,,,,
401788915,2025,9,regular,2025-10-25T16:00:00.000Z,False,True,False,True,,5940,Clean Harbors Stadium,110,Mass Maritime,iii,MSCAC,14,"[0, 7, 7, 0]",,,,2967,Framingham State,iii,MSCAC,12,"[0, 6, 0, 6]",,,,,,,
401774152,2025,9,regular,2025-10-25T16:00:00.000Z,False,True,False,True,,5822,Cadet Memorial Field,2557,Coast Guard,iii,NEWMAC,59,"[7, 21, 14, 17]",,,,2467,Norwich,iii,NEWMAC,28,"[0, 7, 7, 14]",,,,,,,
401762848,2025,9,regular,2025-10-25T16:00:00.000Z,False,True,False,True,15985,3912,Rynearson Stadium,2199,Eastern Michigan,fbs,Mid-American,21,"[14, 0, 0, 7]",0.27308493852615356,1204,1220,195,Ohio,fbs,Mid-American,28,"[7, 0, 7, 14]",0.7269150614738464,1612,1596,5.532686554097608,,,
401774214,2025,9,regular,2025-10-25T16:00:00.000Z,False,True,False,True,,6092,Bishop Stadium,286,North Carolina Wesleyan,iii,USA South,10,"[3, 0, 7, 0]",,,,2896,Southern Virginia,iii,USA South,19,"[7, 0, 12, 0]",,,,,,,
401783918,2025,9,regular,2025-10-25T16:00:00.000Z,False,True,False,True,,5808,Edward C. Swenson Athletic Complex,18,Bridgewater State,iii,MSCAC,35,"[0, 0, 14, 21]",,,,379,UMass Dartmouth,iii,MSCAC,15,"[3, 6, 0, 6]",,,,,,,
401762846,2025,9,regular,2025-10-25T16:00:00.000Z,False,True,False,True,9260,3696,Dix Stadium,2309,Kent State,fbs,Mid-American,24,"[0, 3, 14, 7]",0.5430498719215393,938,945,189,Bowling Green,fbs,Mid-American,21,"[7, 7, 7, 0]",0.4569501280784607,1329,1322,5.591471527723739,,,
401752746,2025,9,regular,2025-10-25T16:45:00.000Z,False,True,False,True,68922,3887,Razorback Stadium,8,Arkansas,fbs,SEC,24,"[0, 21, 3, 0]",0.1527402400970459,1617,1604,2,Auburn,fbs,SEC,33,"[7, 3, 6, 17]",0.8472597599029541,1681,1694,5.35366278395004,,,
401773730,2025,9,regular,2025-10-25T17:00:00.000Z,False,True,False,True,,6071,Jess Dow Field,2583,Southern Connecticut State,ii,Northeast 10,37,"[7, 17, 13, 0]",,,,2830,Saint Anselm,ii,Northeast 10,13,"[13, 0, 0, 0]",,,,,,,
401776998,2025,9,regular,2025-10-25T17:00:00.000Z,False,True,False,True,,6083,Mangelsdorf Field,2969,Misericordia,iii,Mid Atlantic,21,"[7, 0, 7, 7]",,,,127954,Eastern,iii,Mid Atlantic,28,"[7, 7, 7, 7]",,,,,,,
401773063,2025,9,regular,2025-10-25T17:00:00.000Z,False,True,False,True,,3808,Lincoln University Stadium,2339,Lincoln (PA),ii,CIAA,14,"[7, 0, 7, 0]",,,,2207,Elizabeth City State,ii,CIAA,62,"[14, 20, 7, 21]",,,,,,,
401767221,2025,9,regular,2025-10-25T17:00:00.000Z,False,True,False,True,5472,3962,Tucker Stadium,2635,Tennessee Tech,fcs,OVC-Big South,42,"[7, 14, 0, 21]",0.98487788438797,,,2546,Southeast Missouri State,fcs,OVC-Big South,23,"[0, 6, 10, 7]",0.01512211561203003,,,3.6990136179658104,,,
401777592,2025,9,regular,2025-10-25T17:00:00.000Z,False,True,False,True,,5910,Callaway Stadium,548,LaGrange,iii,USA South,30,"[0, 7, 14, 9]",,,,2938,Huntingdon,iii,USA South,14,"[7, 0, 7, 0]",,,,,,,
401767345,2025,9,regular,2025-10-25T17:00:00.000Z,False,True,False,True,12800,3862,O'Kelly-Riddick Stadium,2428,North Carolina Central,fcs,MEAC,26,"[3, 7, 7, 9]",0.8884356021881104,,,2169,Delaware State,fcs,MEAC,35,"[0, 7, 14, 14]",0.11156439781188965,,,6.4466261504211,,,
401777099,2025,9,regular,2025-10-25T17:00:00.000Z,False,True,False,True,,5906,McBride Field,352,Kenyon,iii,North Coast,13,"[0, 7, 0, 6]",,,,2980,Ohio Wesleyan,iii,North Coast,55,"[14, 6, 14, 21]",,,,,,,
401774126,2025,9,regular,2025-10-25T17:00:00.000Z,False,True,False,True,,10463,Grand Rapids Christian High School,129738,Calvin,iii,Michigan,34,"[7, 10, 10, 7]",,,,2651,Trine,iii,Michigan,31,"[7, 3, 14, 7]",,,,,,,
401767035,2025,9,regular,2025-10-25T17:00:00.000Z,False,True,False,True,,3824,Meade Stadium,227,Rhode Island,fcs,Coastal Athletic,38,"[14, 10, 7, 7]",0.9747925400733948,,,2803,Bryant,fcs,Coastal Athletic,17,"[7, 10, 0, 0]",0.025207459926605225,,,4.841619773991892,,,
401773653,2025,9,regular,2025-10-25T17:00:00.000Z,False,True,False,True,,5943,Duvall-Rosier Field,2986,Fairmont State,ii,Mountain East,35,"[21, 7, 7, 0]",,,,2128,Charleston (WV),ii,Mountain East,45,"[3, 7, 21, 14]",,,,,,,
401767650,2025,9,regular,2025-10-25T17:00:00.000Z,False,True,False,True,2024,4416,Spec Martin Municipal Stadium,56,Stetson,fcs,Pioneer,10,"[0, 0, 3, 7]",0.005778773687779903,,,2900,St. Thomas (MN),fcs,Pioneer,52,"[15, 7, 16, 14]",0.9942212263122201,,,2.226368720920925,,,
401767675,2025,9,regular,2025-10-25T17:00:00.000Z,False,True,False,True,4893,150,Jack Coffey Field,2230,Fordham,fcs,Patriot,6,"[0, 0, 6, 0]",0.01984003372490406,,,2329,Lehigh,fcs,Patriot,27,"[3, 7, 14, 3]",0.9801599662750959,,,3.3555696435876925,,,
401767271,2025,9,regular,2025-10-25T17:00:00.000Z,False,True,False,True,9835,3688,Wildcat Stadium,160,New Hampshire,fcs,Coastal Athletic,34,"[14, 3, 14, 3]",0.8718963861465454,,,2729,William & Mary,fcs,Coastal Athletic,24,"[7, 7, 7, 3]",0.1281036138534546,,,5.440651397007654,,,
401774103,2025,9,regular,2025-10-25T17:00:00.000Z,False,True,False,True,,5856,Boswell Field at David J. Urick Stadium,174,Hobart,iii,Liberty League,49,"[7, 28, 7, 7]",,,,2779,St. Lawrence,iii,Liberty League,17,"[7, 0, 7, 3]",,,,,,,
401777558,2025,9,regular,2025-10-25T17:00:00.000Z,False,True,False,True,,6051,James S. Malosky Stadium,134,Minnesota Duluth,ii,Northern Sun,54,"[8, 29, 14, 3]",,,,559,University of Mary,ii,Northern Sun,32,"[11, 7, 7, 7]",,,,,,,
401774095,2025,9,regular,2025-10-25T17:00:00.000Z,False,True,False,True,,6124,Amos Alonzo Stagg Field (PA),216,Susquehanna,iii,Landmark Conference,69,"[13, 21, 14, 21]",,,,2108,Catholic,iii,Landmark Conference,13,"[0, 6, 7, 0]",,,,,,,
401767176,2025,9,regular,2025-10-25T17:00:00.000Z,False,True,False,True,5243,3607,Alfond Stadium,311,Maine,fcs,Coastal Athletic,35,"[0, 14, 7, 14]",0.9981045722961426,,,2210,Elon,fcs,Coastal Athletic,14,"[7, 0, 0, 7]",0.0018954277038574219,,,4.204758677465824,,,
401774454,2025,9,regular,2025-10-25T17:00:00.000Z,False,True,False,False,,4423,Young-Wise Memorial Stadium,418,Hendrix,iii,Southern Athletic,38,"[17, 7, 14, 0]",,,,101161,Lyon,iii,Southern Collegiate Athletic,21,"[7, 14, 0, 0]",,,,,,,
401774310,2025,9,regular,2025-10-25T17:00:00.000Z,False,True,False,True,,6150,Wightman Stadium,2970,William Paterson,iii,New Jersey,7,"[7, 0, 0, 0]",,,,3112,Christopher Newport,iii,New Jersey,52,"[21, 14, 14, 3]",,,,,,,
401773054,2025,9,regular,2025-10-25T17:00:00.000Z,False,True,False,True,,6032,Hovey Field,2676,Virginia Union,ii,CIAA,24,"[7, 3, 7, 7]",,,,2075,Bowie State,ii,CIAA,7,"[0, 0, 7, 0]",,,,,,,
401777107,2025,9,regular,2025-10-25T17:00:00.000Z,False,True,False,False,,5863,Don Shula Stadium at Wasmer Field,2302,John Carroll,iii,Ohio,66,"[21, 21, 14, 10]",,,,2748,Wooster,iii,North Coast,7,"[7, 0, 0, 0]",,,,,,,
401783307,2025,9,regular,2025-10-25T17:00:00.000Z,False,True,False,True,,5925,David Person Field,2354,Lycoming,iii,Landmark Conference,31,"[7, 10, 7, 7]",,,,398,Wilkes,iii,Landmark Conference,21,"[0, 7, 7, 7]",,,,,,,
401774144,2025,9,regular,2025-10-25T17:00:00.000Z,False,True,False,False,,6086,Rocco Calvo Field,323,Moravian,iii,Landmark Conference,35,"[7, 7, 14, 7]",,,,2843,Western Connecticut State,iii,Landmark Conference,28,"[0, 21, 0, 7]",,,,,,,
401774241,2025,9,regular,2025-10-25T17:00:00.000Z,False,True,False,False,,6118,Birkelbach Field,2588,Southwestern U,iii,Southern Athletic,13,"[6, 0, 0, 7]",,,,2373,Maryville (TN),iii,USA South,44,"[14, 16, 7, 7]",,,,,,,
401777308,2025,9,regular,2025-10-25T17:00:00.000Z,False,True,False,True,,5853,Francis Field (IL),2257,Greenville,iii,Upper Midwest,27,"[7, 0, 7, 13]",,,,2399,Minnesota Morris,iii,Upper Midwest,20,"[13, 0, 7, 0]",,,,,,,
401777241,2025,9,regular,2025-10-25T17:00:00.000Z,False,True,False,False,,5848,Hotchkiss Field,417,Gallaudet,iii,Old Dominion,7,"[0, 0, 0, 7]",,,,2516,Randolph Macon,iii,Old Dominion,47,"[17, 12, 18, 0]",,,,,,,
401777232,2025,9,regular,2025-10-25T17:00:00.000Z,False,True,False,False,,5896,Lewis C. Everett Stadium,297,Hampden Sydney,iii,Old Dominion,35,"[0, 7, 14, 14]",,,,131109,Roanoke College,,,10,"[0, 3, 7, 0]",,,,,,,
401777290,2025,9,regular,2025-10-25T17:00:00.000Z,False,True,False,True,,6139,Cameron Stadium,2686,Washington & Jefferson,iii,Presidents',56,"[14, 21, 14, 7]",,,,2845,Waynesburg,iii,Presidents',0,"[0, 0, 0, 0]",,,,,,,
401766712,2025,9,regular,2025-10-25T17:00:00.000Z,False,True,False,True,,6079,Alumni Stadium (VT),2394,Middlebury,iii,NESCAC,34,"[0, 14, 10, 10]",,,,121,Bates,iii,NESCAC,16,"[7, 3, 6, 0]",,,,,,,
401767554,2025,9,regular,2025-10-25T17:00:00.000Z,False,True,False,True,3242,3921,Schoellkopf Field,172,Cornell,fcs,Ivy,30,"[6, 0, 0, 11, 7, 6]",0.7124711275100708,,,225,Brown,fcs,Ivy,24,"[7, 3, 0, 7, 7, 0]",0.2875288724899292,,,10.225253818264743,,,
401773128,2025,9,regular,2025-10-25T17:00:00.000Z,False,True,False,False,,5843,W.B. Adams Stadium,366,Ferrum,ii,Carolinas,35,"[14, 14, 7, 0]",,,,101784,Erskine,ii,Carolinas,33,"[12, 8, 6, 7]",,,,,,,
401773687,2025,9,regular,2025-10-25T17:00:00.000Z,False,True,False,True,,5886,West Family Stadium,2699,West Liberty,ii,Mountain East,28,"[6, 0, 7, 15]",,,,2249,Glenville State,ii,Mountain East,32,"[9, 6, 3, 14]",,,,,,,
401773091,2025,9,regular,2025-10-25T17:00:00.000Z,False,True,False,True,,6041,Irwin Belk Complex,2304,Johnson C. Smith,ii,CIAA,52,"[7, 21, 7, 17]",,,,2736,Winston-Salem State,ii,CIAA,27,"[3, 3, 0, 21]",,,,,,,
401773466,2025,9,regular,2025-10-25T17:00:00.000Z,False,True,False,True,,3960,Top Taggart Field,2222,Ferris State,ii,GLIAC,38,"[14, 14, 0, 10]",,,,125,Grand Valley State,ii,GLIAC,31,"[7, 17, 0, 7]",,,,,,,
401773953,2025,9,regular,2025-10-25T17:00:00.000Z,False,True,False,True,,6046,Meares Stadium,2369,Mars Hill,ii,South Atlantic,0,"[0, 0, 0, 0]",,,,2331,Lenoir Rhyne,ii,South Atlantic,45,"[7, 21, 14, 3]",,,,,,,
401773997,2025,9,regular,2025-10-25T17:00:00.000Z,False,True,False,True,,5881,CAU Panther Stadium,2805,Clark Atlanta,ii,SIAC,41,"[14, 10, 10, 7]",,,,2206,Edward Waters,ii,SIAC,55,"[7, 14, 6, 28]",,,,,,,
401774041,2025,9,regular,2025-10-25T17:00:00.000Z,False,True,False,True,,6120,Growney Stadium,374,St. John Fisher,iii,Empire 8,7,"[0, 7, 0, 0]",,,,2782,SUNY Cortland,iii,Empire 8,31,"[0, 14, 17, 0]",,,,,,,
401774305,2025,9,regular,2025-10-25T17:00:00.000Z,False,True,False,True,,6135,Blue Storm Stadium,111675,New England,iii,Commonwealth Coast,38,"[7, 7, 21, 3]",,,,2280,Husson,iii,Commonwealth Coast,28,"[0, 14, 7, 7]",,,,,,,
401774340,2025,9,regular,2025-10-25T17:00:00.000Z,False,True,False,True,,4422,Valhalla Stadium,2757,Berry,iii,Southern Athletic,43,"[14, 15, 7, 7]",,,,2398,Millsaps,iii,Southern Athletic,20,"[0, 7, 0, 13]",,,,,,,
401776791,2025,9,regular,2025-10-25T17:00:00.000Z,False,True,False,True,,6100,Cutler Field,354,Olivet,iii,Michigan,21,"[7, 7, 0, 7]",,,,2800,Alma,iii,Michigan,53,"[20, 19, 14, 0]",,,,,,,
401776989,2025,9,regular,2025-10-25T17:00:00.000Z,False,True,False,True,,3621,Arnold Field (PA),388,Lebanon Valley,iii,Mid Atlantic,20,"[7, 0, 0, 13]",,,,247,King's,iii,Mid Atlantic,21,"[7, 7, 0, 7]",,,,,,,
401766714,2025,9,regular,2025-10-25T17:00:00.000Z,False,True,False,True,,5689,Seaverns Field At Harold Alfond Stadium,33,Colby,iii,NESCAC,17,"[7, 7, 0, 3]",,,,348,Hamilton,iii,NESCAC,10,"[0, 7, 3, 0]",,,,,,,
401774108,2025,9,regular,2025-10-25T17:00:00.000Z,False,True,False,True,,5862,Butterfield Stadium,175,Ithaca,iii,Liberty League,14,"[0, 0, 7, 7]",,,,237,Union,iii,Liberty League,19,"[7, 0, 7, 5]",,,,,,,
401774232,2025,9,regular,2025-10-25T17:00:00.000Z,False,True,False,True,,5802,Belhaven Bowl Stadium,2056,Belhaven,iii,USA South,28,"[0, 14, 0, 14]",,,,291,Methodist,iii,USA South,7,"[0, 7, 0, 0]",,,,,,,
401777283,2025,9,regular,2025-10-25T17:00:00.000Z,False,True,False,True,,5864,Robert E. Thorn Field,146,Grove City,iii,Presidents',14,"[0, 0, 7, 7]",,,,2849,Westminster (PA),iii,Presidents',7,"[0, 0, 7, 0]",,,,,,,
401766707,2025,9,regular,2025-10-25T17:00:00.000Z,False,True,False,True,,6109,Ingalls Field,2891,Ripon,iii,Midwest,0,"[0, 0, 0, 0]",,,,2286,Illinois College,iii,Midwest,31,"[7, 14, 3, 7]",,,,,,,
401766716,2025,9,regular,2025-10-25T17:00:00.000Z,False,True,False,True,,6141,Corwin Stadium,336,Wesleyan (CT),iii,NESCAC,31,"[0, 17, 14, 0]",,,,7,Amherst,iii,NESCAC,21,"[0, 21, 0, 0]",,,,,,,
401774317,2025,9,regular,2025-10-25T17:00:00.000Z,False,True,False,True,,5905,Kean Alumni Stadium,2871,Kean,iii,New Jersey,7,"[0, 7, 0, 0]",,,,2442,The College of New Jersey,iii,New Jersey,24,"[0, 17, 0, 7]",,,,,,,
401776732,2025,9,regular,2025-10-25T17:00:00.000Z,False,True,False,True,,5795,Edor Nelson Field,124,Augsburg,iii,Minnesota,7,"[0, 0, 0, 7]",,,,2152,Concordia (MN),iii,Minnesota,26,"[0, 13, 7, 6]",,,,,,,
401776779,2025,9,regular,2025-10-25T17:00:00.000Z,False,True,False,True,,5787,Docking Stadium,2003,Adrian,iii,Michigan,17,"[10, 7, 0, 0]",,,,2812,Hope,iii,Michigan,19,"[7, 7, 2, 3]",,,,,,,
401776783,2025,9,regular,2025-10-25T17:00:00.000Z,False,True,False,True,,5904,Angell Field,126,Kalamazoo,iii,Michigan,30,"[6, 3, 14, 7]",,,,2790,Albion,iii,Michigan,26,"[7, 9, 0, 10]",,,,,,,
401773853,2025,9,regular,2025-10-25T17:00:00.000Z,False,True,False,True,,4429,Seth Grove Stadium,2559,Shippensburg,ii,Pennsylvania State Athletic,21,"[7, 7, 7, 0]",,,,209,Lock Haven,ii,Pennsylvania State Athletic,35,"[7, 14, 7, 7]",,,,,,,
401774078,2025,9,regular,2025-10-25T17:00:00.000Z,False,True,False,True,,5851,Shirk Field at Musselman Stadium,2248,Gettysburg,iii,Centennial,21,"[0, 0, 14, 7]",,,,118,Johns Hopkins,iii,Centennial,59,"[14, 17, 21, 7]",,,,,,,
401774068,2025,9,regular,2025-10-25T17:00:00.000Z,False,True,False,True,,6136,Patterson Field,2667,Ursinus,iii,Centennial,20,"[0, 7, 0, 13]",,,,2234,Franklin & Marshall,iii,Centennial,52,"[14, 14, 3, 21]",,,,,,,
401774016,2025,9,regular,2025-10-25T17:00:00.000Z,False,True,False,True,,4749,McPherson Memorial Stadium,2119,Central State,ii,SIAC,24,"[7, 14, 0, 3]",,,,2396,Miles,ii,SIAC,28,"[0, 0, 21, 7]",,,,,,,
401767638,2025,9,regular,2025-10-25T17:00:00.000Z,False,True,False,True,1897,3655,Brown Field,2674,Valparaiso,fcs,Pioneer,13,"[7, 6, 0, 0]",0.4672214686870575,,,2413,Morehead State,fcs,Pioneer,17,"[7, 3, 7, 0]",0.5327785313129425,,,6.095894394557756,,,
401767729,2025,9,regular,2025-10-25T17:00:00.000Z,False,True,False,True,9724,3722,Fitton Field,107,Holy Cross,fcs,Patriot,28,"[7, 7, 14, 0]",0.5171025395393372,,,2142,Colgate,fcs,Patriot,29,"[7, 3, 6, 13]",0.48289746046066284,,,5.616329133877328,,,
401762844,2025,9,regular,2025-10-25T17:00:00.000Z,False,True,False,True,12491,3965,UB Stadium,2084,Buffalo,fbs,Mid-American,16,"[2, 8, 3, 3]",0.02811599150300026,1356,1307,2006,Akron,fbs,Mid-American,24,"[3, 0, 14, 7]",0.9718840084969997,991,1040,7.407073768153699,,,
401767145,2025,9,regular,2025-10-25T17:00:00.000Z,False,True,False,True,7468,3603,Aggie Stadium,2448,North Carolina A&T,fcs,Coastal Athletic,28,"[7, 0, 0, 21]",0.8934047222137451,,,2097,Campbell,fcs,Coastal Athletic,24,"[7, 7, 0, 10]",0.10659527778625488,,,6.192630993689147,,,
401783903,2025,9,regular,2025-10-25T17:00:00.000Z,False,True,False,True,,6112,Richard Wackar Stadium,2827,Rowan,iii,New Jersey,28,"[8, 6, 7, 7]",,,,2532,Salisbury,iii,New Jersey,31,"[7, 14, 0, 10]",,,,,,,
401783341,2025,9,regular,2025-10-25T17:00:00.000Z,False,True,False,True,,5791,Turf Field,111674,Alvernia,iii,Mid Atlantic,14,"[0, 0, 6, 8]",,,,2725,Widener,iii,Mid Atlantic,32,"[6, 19, 0, 7]",,,,,,,
401777735,2025,9,regular,2025-10-25T17:00:00.000Z,False,True,False,True,,3922,Kenneth R. Gill Stadium,2700,McDaniel,iii,Centennial,20,"[7, 6, 0, 7]",,,,2175,Dickinson,iii,Centennial,23,"[0, 7, 16, 0]",,,,,,,
401777605,2025,9,regular,2025-10-25T17:00:00.000Z,False,True,False,True,,6145,Blue Jay Stadium,433,Westminster (MO),iii,Upper Midwest,28,"[0, 7, 7, 14]",,,,446,Martin Luther,iii,Upper Midwest,38,"[0, 10, 7, 21]",,,,,,,
401773083,2025,9,regular,2025-10-25T17:00:00.000Z,False,True,False,True,,6068,George Williams Athletic Complex,2551,Shaw,ii,CIAA,13,"[0, 0, 7, 6]",,,,2220,Fayetteville State,ii,CIAA,31,"[0, 14, 14, 3]",,,,,,,
401773212,2025,9,regular,2025-10-25T17:00:00.000Z,False,True,False,True,,3731,Frost-Kalnow Stadium,2838,Tiffin,ii,Great Midwest Athletic,27,"[3, 7, 7, 10, 0]",,,,308,Ashland,ii,Great Midwest Athletic,30,"[14, 3, 7, 3, 3]",,,,,,,
401773721,2025,9,regular,2025-10-25T17:00:00.000Z,False,True,False,True,,7422,Municipal Stadium,126086,Post,ii,Northeast 10,17,"[0, 3, 14, 0]",,,,112334,Franklin Pierce,ii,Northeast 10,28,"[0, 7, 7, 14]",,,,,,,
401773681,2025,9,regular,2025-10-25T17:00:00.000Z,False,True,False,True,,6212,Bishop Schmitt Field,112335,Wheeling,ii,Mountain East,13,"[0, 0, 0, 13]",,,,341,Frostburg State,ii,Mountain East,31,"[14, 10, 0, 7]",,,,,,,
401773500,2025,9,regular,2025-10-25T17:00:00.000Z,False,True,False,True,,5263,Steele Stadium,2316,Kentucky Wesleyan,ii,Great Midwest Athletic,14,"[0, 0, 7, 7]",,,,2886,Northwood,ii,Great Midwest Athletic,49,"[21, 14, 7, 7]",,,,,,,
401800973,2025,9,regular,2025-10-25T17:00:00.000Z,False,True,False,True,,5899,"Alumni Stadium (Worcester, MA)",2749,WPI,iii,NEWMAC,7,"[0, 0, 7, 0]",,,,2951,SUNY Maritime,iii,NEWMAC,28,"[14, 7, 7, 0]",,,,,,,
401766713,2025,9,regular,2025-10-25T17:00:00.000Z,False,True,False,True,,5806,Whittier Field,340,Bowdoin,iii,NESCAC,3,"[3, 0, 0, 0]",,,,2977,Trinity (CT),iii,NESCAC,45,"[7, 21, 10, 7]",,,,,,,
401766715,2025,9,regular,2025-10-25T17:30:00.000Z,False,True,False,True,,6133,Ellis Oval at Zimman Field,112,Tufts,iii,NESCAC,41,"[14, 6, 14, 7]",,,,2731,Williams,iii,NESCAC,20,"[0, 13, 7, 0]",,,,,,,
401777194,2025,9,regular,2025-10-25T17:30:00.000Z,False,True,False,True,,6090,Sherman Field at McConagha Stadium,332,Muskingum,iii,Ohio,14,"[7, 0, 0, 7]",,,,191,Heidelberg,iii,Ohio,27,"[0, 13, 7, 7]",,,,,,,
401777209,2025,9,regular,2025-10-25T17:30:00.000Z,False,True,False,True,,4856,Mount Union Stadium,426,Mount Union,iii,Ohio,33,"[14, 6, 13, 0]",,,,427,Ohio Northern,iii,Ohio,7,"[0, 0, 0, 7]",,,,,,,
401777217,2025,9,regular,2025-10-25T17:30:00.000Z,False,True,False,False,,5793,Macholtz Stadium,2023,Anderson (IN),iii,Heartland,23,"[0, 10, 7, 6]",,,,2733,Wilmington (OH),iii,Ohio,34,"[6, 7, 0, 21]",,,,,,,
401774412,2025,9,regular,2025-10-25T17:30:00.000Z,False,True,False,True,,6088,Schueler Field,2419,Mount St Joseph,iii,Heartland,52,"[7, 7, 14, 24]",,,,2233,Franklin,iii,Heartland,21,"[0, 7, 0, 14]",,,,,,,
401774348,2025,9,regular,2025-10-25T17:30:00.000Z,False,True,False,True,,6132,Trinity University Stadium,386,Trinity (TX),iii,Southern Athletic,19,"[7, 3, 7, 2]",,,,2121,Centre,iii,Southern Athletic,14,"[7, 0, 0, 7]",,,,,,,
401777187,2025,9,regular,2025-10-25T17:30:00.000Z,False,True,False,True,,5812,Bernlohr Stadium,424,Capital,iii,Ohio,19,"[0, 6, 7, 6]",,,,359,Otterbein,iii,Ohio,20,"[7, 7, 6, 0]",,,,,,,
401774419,2025,9,regular,2025-10-25T17:30:00.000Z,False,True,False,True,,3614,Alumni Stadium (IN),2262,Hanover,iii,Heartland,76,"[35, 21, 14, 6]",,,,2362,Manchester,iii,Heartland,7,"[0, 0, 7, 0]",,,,,,,
401773292,2025,9,regular,2025-10-25T17:30:00.000Z,False,True,False,False,,5898,John Coughlin Memorial Field,402,Worcester State,iii,MSCAC,52,"[21, 14, 17, 0]",,,,110438,Dean,iii,MSCAC,27,"[7, 14, 0, 6]",,,,,,,
401767569,2025,9,regular,2025-10-25T18:00:00.000Z,False,True,False,True,10017,3868,Paladin Stadium,231,Furman,fcs,Southern,24,"[6, 3, 8, 7]",0.8430455327033997,,,2643,The Citadel,fcs,Southern,14,"[0, 0, 14, 0]",0.15695446729660034,,,4.610901748343661,,,
401774193,2025,9,regular,2025-10-25T18:00:00.000Z,False,True,False,True,,5900,Don and Nona Williams Stadium,2744,Wisconsin Stout,iii,Wisconsin,42,"[14, 14, 7, 7]",,,,2743,Wisconsin Stevens Point,iii,Wisconsin,22,"[3, 7, 6, 6]",,,,,,,
401773443,2025,9,regular,2025-10-25T18:00:00.000Z,False,True,False,True,,3878,Plaster Sports Complex,2586,Southwest Baptist,ii,Great Lakes,16,"[0, 7, 3, 6]",,,,2654,Truman State,ii,Great Lakes,27,"[0, 17, 0, 10]",,,,,,,
401774394,2025,9,regular,2025-10-25T18:00:00.000Z,False,True,False,True,,5115,McCully Stadium,396,Wheaton (IL),iii,CCIW,28,"[14, 7, 0, 7]",,,,143,Washington St. Louis,iii,CCIW,24,"[7, 10, 7, 0]",,,,,,,
401774378,2025,9,regular,2025-10-25T18:00:00.000Z,False,True,False,True,,5859,Tucci Stadium,306,Illinois Wesleyan,iii,CCIW,49,"[7, 14, 14, 14]",,,,75,North Park,iii,CCIW,21,"[7, 7, 7, 0]",,,,,,,
401774372,2025,9,regular,2025-10-25T18:00:00.000Z,False,True,False,True,,5816,Art Keller Field,2106,Carthage,iii,CCIW,24,"[3, 0, 14, 7]",,,,74,Millikin,iii,CCIW,7,"[0, 0, 7, 0]",,,,,,,
401767302,2025,9,regular,2025-10-25T18:00:00.000Z,False,True,False,True,5349,5888,University Stadium (GA),2698,West Georgia,fcs,UAC,18,"[0, 3, 3, 12]",0.858605682849884,,,2110,Central Arkansas,fcs,UAC,17,"[0, 14, 3, 0]",0.14139431715011597,,,6.033625343923517,,,
401773816,2025,9,regular,2025-10-25T18:00:00.000Z,False,True,False,True,,4433,George P. Miller Stadium,2291,IU Pennsylvania,ii,Pennsylvania State Athletic,38,"[7, 14, 7, 10]",,,,2858,California (PA),ii,Pennsylvania State Athletic,30,"[14, 3, 7, 6]",,,,,,,
401773786,2025,9,regular,2025-10-25T18:00:00.000Z,False,True,False,True,,6035,"Memorial Stadium (Wayne, NE)",2844,Wayne State (NE),ii,Northern Sun,35,"[13, 6, 7, 9]",,,,2364,Minnesota State,ii,Northern Sun,20,"[0, 7, 7, 6]",,,,,,,
401773772,2025,9,regular,2025-10-25T18:00:00.000Z,False,True,False,True,,6072,Schwan Regional Event Center,2587,Southwest Minnesota State,ii,Northern Sun,29,"[6, 3, 7, 13]",,,,2043,Augustana (SD),ii,Northern Sun,57,"[14, 21, 16, 6]",,,,,,,
401773049,2025,9,regular,2025-10-25T18:00:00.000Z,False,True,False,True,,5823,Clark Field,2141,Coe,iii,American Rivers,42,"[21, 21, 0, 0]",,,,67,Luther,iii,American Rivers,21,"[0, 0, 0, 21]",,,,,,,
401777179,2025,9,regular,2025-10-25T18:00:00.000Z,False,True,False,True,,5801,George Finnie Stadium,188,Baldwin Wallace,iii,Ohio,38,"[7, 10, 14, 7]",,,,317,Marietta,iii,Ohio,0,"[0, 0, 0, 0]",,,,,,,
401777589,2025,9,regular,2025-10-25T18:00:00.000Z,False,True,False,True,,4463,Crusader Stadium,2371,Mary Hardin Baylor,iii,American Southwest,41,"[14, 7, 0, 20]",,,,2758,Howard Payne,iii,American Southwest,17,"[10, 0, 7, 0]",,,,,,,
401777137,2025,9,regular,2025-10-25T18:00:00.000Z,False,True,False,True,,6096,Austin E. Knowlton Athletics Complex,391,Oberlin,iii,North Coast,0,"[0, 0, 0, 0]",,,,2746,Wittenberg,iii,North Coast,52,"[7, 21, 21, 3]",,,,,,,
401777037,2025,9,regular,2025-10-25T18:00:00.000Z,False,True,False,True,,6284,Village of Lisle-Benedictine University Sports Complex,2283,Benedictine (IL),iii,NACC,42,"[7, 21, 7, 7]",,,,6353,Lakeland,iii,NACC,35,"[7, 7, 14, 7]",,,,,,,
401786478,2025,9,regular,2025-10-25T18:00:00.000Z,False,True,False,True,,6144,"Alumni Field (Westfield, MA)",2909,Westfield State,iii,MSCAC,35,"[14, 0, 14, 7]",,,,2972,Plymouth State,iii,MSCAC,42,"[7, 14, 14, 7]",,,,,,,
401773619,2025,9,regular,2025-10-25T18:00:00.000Z,False,True,False,True,,6034,Yager Stadium at Moore Bowl,2687,Washburn,ii,Mid America,10,"[7, 3, 0, 0, 0]",,,,2231,Fort Hays,ii,Mid America,13,"[0, 0, 10, 0, 3]",,,,,,,
401773412,2025,9,regular,2025-10-25T18:00:00.000Z,False,True,False,True,,6047,Leemon Field,2816,McKendree,ii,Great Lakes,54,"[28, 10, 9, 7]",,,,2876,Lincoln (MO),ii,Great Lakes,48,"[0, 14, 20, 14]",,,,,,,
401766708,2025,9,regular,2025-10-25T18:00:00.000Z,False,True,False,True,,5861,Rosenbloom Field,65,Grinnell,iii,Midwest,7,"[0, 7, 0, 0]",,,,80,Chicago,iii,Midwest,38,"[10, 14, 7, 7]",,,,,,,
401773041,2025,9,regular,2025-10-25T18:00:00.000Z,False,True,False,True,,6137,Walston-Hoover Stadium,2685,Wartburg,iii,American Rivers,28,"[14, 7, 0, 7]",,,,2964,Central College,iii,American Rivers,13,"[0, 0, 13, 0]",,,,,,,
401773070,2025,9,regular,2025-10-25T18:00:00.000Z,False,True,False,True,,3904,Rogers Stadium (VA),330,Virginia State,ii,CIAA,51,"[21, 7, 3, 20]",,,,124180,Bluefield State,ii,CIAA,34,"[7, 21, 0, 6]",,,,,,,
401773738,2025,9,regular,2025-10-25T18:00:00.000Z,False,True,False,False,,5874,Chet Anderson Stadium,132,Bemidji State,ii,Northern Sun,47,"[13, 14, 14, 6]",,,,2939,Jamestown,ii,Northern Sun,25,"[0, 10, 0, 15]",,,,,,,
401767408,2025,9,regular,2025-10-25T18:00:00.000Z,False,True,False,True,47273,3991,"William Dick"""" Price Stadium""""",2450,Norfolk State,fcs,MEAC,20,"[7, 7, 0, 6]",0.03586525842547417,,,2569,South Carolina State,fcs,MEAC,51,"[3, 35, 6, 7]",0.9641347415745258,,,3.7776790355179473,,,
401773388,2025,9,regular,2025-10-25T18:00:00.000Z,False,True,False,True,,6065,Cliff Harris Stadium,2888,Ouachita Baptist,ii,Great American,42,"[14, 7, 14, 7]",,,,2568,Southern Arkansas,ii,Great American,14,"[7, 0, 0, 7]",,,,,,,
401766709,2025,9,regular,2025-10-25T18:00:00.000Z,False,True,False,True,,5919,Ron Roberts Field at the Banta Bowl,268,Lawrence,iii,Midwest,0,[],,,,255,Knox,iii,Midwest,0,[],,,,,,,
401766710,2025,9,regular,2025-10-25T18:00:00.000Z,False,True,False,True,,3945,Strong Stadium,266,Beloit,iii,Midwest,0,"[0, 0, 0, 0]",,,,2919,Monmouth (IL),iii,Midwest,72,"[21, 34, 10, 7]",,,,,,,
401773755,2025,9,regular,2025-10-25T18:00:00.000Z,False,True,False,True,,6052,Herb Parker Stadium,568,Minot State,ii,Northern Sun,17,"[0, 17, 0, 0]",,,,2894,Sioux Falls,ii,Northern Sun,24,"[3, 7, 14, 0]",,,,,,,
401777043,2025,9,regular,2025-10-25T18:00:00.000Z,False,True,False,True,,6121,Donald J. Schneider Stadium,2832,St. Norbert,iii,NACC,61,"[10, 21, 27, 3]",,,,2524,Rockford,iii,NACC,10,"[10, 0, 0, 0]",,,,,,,
401777024,2025,9,regular,2025-10-25T18:00:00.000Z,False,True,False,True,,5826,Concordia Stadium,2151,Concordia Chicago,iii,NACC,20,"[0, 14, 6, 0]",,,,409,Concordia (WI),iii,NACC,47,"[21, 7, 13, 6]",,,,,,,
401793943,2025,9,regular,2025-10-25T18:00:00.000Z,False,True,False,True,,10461,Spero Financial Field,129469,Anderson (SC),ii,South Atlantic,3,"[0, 0, 3, 0]",,,,351,Wingate,ii,South Atlantic,30,"[6, 14, 7, 3]",,,,,,,
401776765,2025,9,regular,2025-10-25T18:00:00.000Z,False,True,False,True,,5895,Klas Field,162,Hamline,iii,Minnesota,9,"[7, 0, 0, 2]",,,,2968,Gustavus Adolphus,iii,Minnesota,63,"[28, 19, 3, 13]",,,,,,,
401766711,2025,9,regular,2025-10-25T18:00:00.000Z,False,True,False,True,,5828,Van Metre Field at Ash Park,2155,Cornell (IA),iii,Midwest,24,"[3, 0, 0, 21]",,,,262,Lake Forest,iii,Midwest,49,"[7, 21, 7, 14]",,,,,,,
401774354,2025,9,regular,2025-10-25T18:00:00.000Z,False,True,False,True,,980,Benedetti-Wehrli Stadium,3071,North Central College,iii,CCIW,76,"[17, 38, 14, 7]",,,,2042,Augustana (IL),iii,CCIW,14,"[0, 7, 7, 0]",,,,,,,
401774362,2025,9,regular,2025-10-25T18:00:00.000Z,False,True,False,True,,5815,Schneider Stadium,32,Carroll (WI),iii,CCIW,47,"[14, 2, 10, 21]",,,,72,Elmhurst,iii,CCIW,7,"[7, 0, 0, 0]",,,,,,,
401774186,2025,9,regular,2025-10-25T18:00:00.000Z,False,True,False,True,,4854,Perkins Stadium,2745,Wisconsin Whitewater,iii,Wisconsin,29,"[7, 7, 0, 15]",,,,272,Wisconsin Platteville,iii,Wisconsin,19,"[3, 0, 16, 0]",,,,,,,
401776740,2025,9,regular,2025-10-25T18:00:00.000Z,False,True,False,True,,5813,Klein Field at Manitou,133,St. Olaf,iii,Minnesota,44,"[17, 0, 17, 10]",,,,375,St. Scholastica,iii,Minnesota,41,"[7, 24, 7, 3]",,,,,,,
401774403,2025,9,regular,2025-10-25T18:00:00.000Z,False,True,False,True,,6111,Cook Stadium,86,Rose Hulman,iii,Heartland,27,"[7, 3, 3, 11, 0, 3]",,,,2074,Bluffton,iii,Heartland,30,"[7, 10, 0, 7, 0, 6]",,,,,,,
401773254,2025,9,regular,2025-10-25T18:00:00.000Z,False,True,False,False,,5114,Shelton Stadium,2810,Hardin Simmons,iii,American Southwest,68,"[7, 30, 17, 14]",,,,2904,Nelson (TX),,,14,"[0, 0, 7, 7]",,,,,,,
401773110,2025,9,regular,2025-10-25T18:00:00.000Z,False,True,False,False,,7075,Electric Supply Company Field,122666,Barton,ii,Carolinas,7,"[7, 0, 0, 0]",,,,2560,Shorter,ii,Carolinas,33,"[0, 10, 13, 10]",,,,,,,
401773161,2025,9,regular,2025-10-25T18:00:00.000Z,False,True,False,True,,5809,J. Leslie Rollins Stadium,63,Buena Vista,iii,American Rivers,14,"[0, 0, 7, 7]",,,,263,Loras,iii,American Rivers,28,"[7, 7, 14, 0]",,,,,,,
401776755,2025,9,regular,2025-10-25T18:00:00.000Z,False,True,False,True,,5117,Clemens Stadium,2600,Saint John's (MN),iii,Minnesota,49,"[14, 14, 7, 14]",,,,2101,Carleton,iii,Minnesota,10,"[0, 0, 3, 7]",,,,,,,
401773492,2025,9,regular,2025-10-25T18:00:00.000Z,False,True,False,True,,3885,Harvey Randall Wickes Memorial Stadium,129,Saginaw Valley State,ii,GLIAC,28,"[7, 7, 14, 0]",,,,131,Wayne State (MI),ii,GLIAC,7,"[0, 0, 0, 7]",,,,,,,
401776759,2025,9,regular,2025-10-25T18:00:00.000Z,False,True,False,True,,5804,Royal Stadium,2802,Bethel (MN),iii,Minnesota,53,"[14, 21, 15, 3]",,,,2359,Macalester,iii,Minnesota,0,"[0, 0, 0, 0]",,,,,,,
401773177,2025,9,regular,2025-10-25T18:00:00.000Z,False,True,False,True,,3635,Bill Buxton Stadium,2564,Simpson (IA),iii,American Rivers,27,"[7, 0, 7, 13]",,,,49,Dubuque,iii,American Rivers,7,"[0, 0, 0, 7]",,,,,,,
401773451,2025,9,regular,2025-10-25T18:00:00.000Z,False,True,False,True,,7504,Liberty North High School,2911,William Jewell,ii,Great Lakes,10,"[3, 0, 7, 0]",,,,389,Upper Iowa,ii,Great Lakes,28,"[0, 7, 7, 14]",,,,,,,
401773097,2025,9,regular,2025-10-25T18:00:00.000Z,False,True,False,False,,3612,Alumni Memorial Stadium (NC),2940,Livingstone,ii,CIAA,44,"[7, 7, 21, 9]",,,,2355,Virginia Lynchburg,,,22,"[0, 14, 0, 8]",,,,,,,
401773977,2025,9,regular,2025-10-25T18:00:00.000Z,False,True,False,True,,5875,Charlie W. Johnson Stadium,490,Benedict,ii,SIAC,3,"[0, 0, 0, 3]",,,,2013,Albany State,ii,SIAC,31,"[7, 17, 7, 0]",,,,,,,
401773823,2025,9,regular,2025-10-25T18:00:00.000Z,False,True,False,True,,4437,"Memorial Stadium (Clarion, PA)",2134,Clarion,ii,Pennsylvania State Athletic,23,"[7, 0, 3, 13]",,,,611,Seton Hill,ii,Pennsylvania State Athletic,17,"[0, 7, 3, 7]",,,,,,,
401774164,2025,9,regular,2025-10-25T18:00:00.000Z,False,True,False,True,,5916,Carson Park,2738,Wisconsin Eau Claire,iii,Wisconsin,21,"[0, 21, 0, 0]",,,,2723,Wisconsin River Falls,iii,Wisconsin,73,"[28, 14, 17, 14]",,,,,,,
401767185,2025,9,regular,2025-10-25T18:00:00.000Z,False,True,False,True,8693,3620,Armstrong Stadium,2261,Hampton,fcs,Coastal Athletic,10,"[3, 0, 7, 0]",0.775834858417511,,,2405,Monmouth,fcs,Coastal Athletic,28,"[7, 7, 0, 14]",0.224165141582489,,,6.213695128115516,,,
401767498,2025,9,regular,2025-10-25T18:00:00.000Z,False,True,False,True,9664,844,Stambaugh Stadium,2754,Youngstown State,fcs,MVFC,51,"[7, 17, 14, 13]",0.9769406318664551,,,93,Murray State,fcs,MVFC,17,"[7, 0, 0, 10]",0.023059368133544922,,,3.2218694318383503,,,
401767441,2025,9,regular,2025-10-25T18:00:00.000Z,False,True,False,True,6333,1905,DakotaDome,233,South Dakota,fcs,MVFC,13,"[3, 7, 0, 3]",0.3035646975040436,,,2287,Illinois State,fcs,MVFC,21,"[0, 14, 7, 0]",0.6964353024959564,,,4.703313075094021,,,
401767167,2025,9,regular,2025-10-25T18:00:00.000Z,False,True,False,True,3891,3658,Buccaneer Field,2127,Charleston Southern,fcs,OVC-Big South,17,"[0, 3, 0, 14]",0.05493741109967232,,,2197,Eastern Illinois,fcs,OVC-Big South,16,"[0, 6, 7, 3]",0.9450625889003277,,,5.168111846844665,,,
401773663,2025,9,regular,2025-10-25T18:00:00.000Z,False,True,False,True,,3667,Callaghan Stadium,2148,Concord,ii,Mountain East,31,"[14, 10, 7, 0]",,,,455,West Virginia Wesleyan,ii,Mountain East,21,"[7, 0, 0, 14]",,,,,,,
401773438,2025,9,regular,2025-10-25T18:00:00.000Z,False,True,False,True,,3723,QU Stadium,2825,Quincy,ii,Great Lakes,31,"[7, 14, 3, 7]",,,,2402,Missouri S&T,ii,Great Lakes,30,"[14, 7, 7, 2]",,,,,,,
401767228,2025,9,regular,2025-10-25T18:30:00.000Z,False,True,False,True,,3810,Nissan Stadium,2634,Tennessee State,fcs,OVC-Big South,16,"[3, 10, 3, 0]",0.8439882397651672,,,2710,Western Illinois,fcs,OVC-Big South,17,"[7, 7, 3, 0]",0.15601176023483276,,,6.147324202579603,,,
401773247,2025,9,regular,2025-10-25T18:30:00.000Z,False,True,False,True,,3729,"Frank ""Muddy"" Waters Stadium",2273,Hillsdale,ii,Great Midwest Athletic,35,"[7, 28, 0, 0]",,,,437,Lake Erie,ii,Great Midwest Athletic,10,"[0, 10, 0, 0]",,,,,,,
401773609,2025,9,regular,2025-10-25T18:30:00.000Z,False,True,False,True,,4724,Audrey J. Walton Stadium at Vernon Kennedy Field,2118,Central Missouri,ii,Mid America,27,"[10, 14, 3, 0]",,,,2214,Emporia State,ii,Mid America,31,"[7, 7, 3, 14]",,,,,,,
401773896,2025,9,regular,2025-10-25T19:00:00.000Z,False,True,False,True,,5782,Mountaineer Bowl,2714,Western Colorado,ii,Rocky Mountain,40,"[0, 13, 14, 13]",,,,2146,Colorado School of Mines,ii,Rocky Mountain,17,"[10, 7, 0, 0]",,,,,,,
401774003,2025,9,regular,2025-10-25T19:00:00.000Z,False,True,False,True,,6044,Lane Field,2323,Lane College,ii,SIAC,19,"[7, 6, 6, 0]",,,,2232,Fort Valley State,ii,SIAC,23,"[7, 6, 3, 7]",,,,,,,
401773624,2025,9,regular,2025-10-25T19:00:00.000Z,False,True,False,True,,6054,Fred G. Hughes Stadium,2403,Missouri Southern State,ii,Mid America,12,"[7, 0, 5, 0]",,,,137,Missouri Western,ii,Mid America,19,"[10, 6, 0, 3]",,,,,,,
401767124,2025,9,regular,2025-10-25T19:00:00.000Z,False,True,False,True,4412,3856,Nottingham Field,2458,Northern Colorado,fcs,Big Sky,16,"[0, 7, 6, 3]",0.03187229856848717,,,302,UC Davis,fcs,Big Sky,27,"[3, 21, 0, 3]",0.9681277014315128,,,3.4713482674739664,,,
401774010,2025,9,regular,2025-10-25T19:00:00.000Z,False,True,False,True,,3952,Ted Wright Stadium,2542,Savannah State,ii,SIAC,24,"[0, 3, 14, 7]",,,,60,Morehouse,ii,SIAC,16,"[6, 0, 0, 10]",,,,,,,
401773357,2025,9,regular,2025-10-25T19:00:00.000Z,False,True,False,True,,6073,Milam Stadium,2927,Southwestern Oklahoma State,ii,Great American,38,"[14, 10, 7, 7]",,,,2191,East Central,ii,Great American,14,"[7, 0, 0, 7]",,,,,,,
401773941,2025,9,regular,2025-10-25T19:00:00.000Z,False,True,False,True,,3663,Burke-Tarr Stadium,2105,Carson Newman,ii,South Atlantic,35,"[14, 7, 14, 0]",,,,2842,UVA Wise,ii,South Atlantic,14,"[0, 0, 7, 7]",,,,,,,
401767204,2025,9,regular,2025-10-25T19:00:00.000Z,False,True,False,True,4502,3749,Hunter Stadium,2815,Lindenwood,fcs,OVC-Big South,20,"[0, 13, 7, 0]",0,,,2241,Gardner-Webb,fcs,OVC-Big South,48,"[14, 14, 7, 13]",1,,,2.711982681460032,,,
401777074,2025,9,regular,2025-10-25T19:00:00.000Z,False,True,False,True,,5834,Deeds Field-Piper Stadium,2171,Denison,iii,North Coast,28,"[0, 7, 7, 14]",,,,83,DePauw,iii,North Coast,35,"[7, 21, 0, 7]",,,,,,,
401773348,2025,9,regular,2025-10-25T19:00:00.000Z,False,True,False,True,,5885,First Security Stadium,2264,Harding,ii,Great American,55,"[14, 20, 14, 7]",,,,2028,Arkansas Monticello,ii,Great American,0,"[0, 0, 0, 0]",,,,,,,
401777091,2025,9,regular,2025-10-25T19:00:00.000Z,False,True,False,False,,5855,Charles A. Henry Field,2274,Hiram,iii,Presidents',13,"[0, 0, 6, 7]",,,,2018,Allegheny,iii,Presidents',28,"[0, 7, 14, 7]",,,,,,,
401777279,2025,9,regular,2025-10-25T19:00:00.000Z,False,True,False,True,,5849,Reeves Field (PA),2242,Geneva,iii,Presidents',75,"[21, 23, 17, 14]",,,,2062,Bethany (WV),iii,Presidents',28,"[7, 14, 0, 7]",,,,,,,
401783327,2025,9,regular,2025-10-25T19:00:00.000Z,False,True,False,True,,5810,Coyer Field,2085,Buffalo State,iii,Liberty League,3,"[0, 3, 0, 0]",,,,184,Rochester (NY),iii,Liberty League,23,"[10, 0, 7, 6]",,,,,,,
401773517,2025,9,regular,2025-10-25T19:00:00.000Z,False,True,False,True,,3957,Tiger Stadium (AL),2695,West Alabama,ii,Gulf South,38,"[0, 17, 14, 7]",,,,2170,Delta State,ii,Gulf South,41,"[13, 21, 7, 0]",,,,,,,
401773531,2025,9,regular,2025-10-25T19:00:00.000Z,False,True,False,False,,10803,Pen-Air Field,110242,West Florida,ii,Gulf South,55,"[7, 20, 14, 14]",,,,2707,West Virginia State,ii,Mountain East,6,"[0, 0, 0, 6]",,,,,,,
401767281,2025,9,regular,2025-10-25T19:00:00.000Z,False,True,False,True,6448,3908,Roy Kidd Stadium,2198,Eastern Kentucky,fcs,UAC,7,"[0, 7, 0, 0]",0.03997940570116043,,,2627,Tarleton State,fcs,UAC,31,"[7, 3, 21, 0]",0.9600205942988396,,,3.557280218112954,,,
401767539,2025,9,regular,2025-10-25T19:00:00.000Z,False,True,False,True,8115,3913,Saluki Stadium,79,Southern Illinois,fcs,MVFC,31,"[10, 14, 7, 0]",0.6829213500022888,,,2460,Northern Iowa,fcs,MVFC,17,"[0, 3, 0, 14]",0.3170786499977112,,,2.5964804162214783,,,
401767065,2025,9,regular,2025-10-25T19:00:00.000Z,False,True,False,True,3682,3942,Stewart Stadium,2692,Weber State,fcs,Big Sky,20,"[7, 7, 3, 3]",0.45840752124786377,,,331,Eastern Washington,fcs,Big Sky,23,"[9, 14, 0, 0]",0.5415924787521362,,,7.495742271617641,,,
401773637,2025,9,regular,2025-10-25T19:00:00.000Z,False,True,False,True,,5134,Bearcat Stadium,138,Northwest Missouri State,ii,Mid America,14,"[0, 7, 0, 7]",,,,2438,Nebraska Kearney,ii,Mid America,0,"[0, 0, 0, 0]",,,,,,,
401773778,2025,9,regular,2025-10-25T19:00:00.000Z,False,True,False,True,,5780,Altra Federal Credit Union Stadium,2851,Winona State,ii,Northern Sun,24,"[7, 0, 10, 7]",,,,3066,Concordia St. Paul,ii,Northern Sun,14,"[0, 0, 7, 7]",,,,,,,
401773138,2025,9,regular,2025-10-25T19:00:00.000Z,False,True,False,True,,4851,Bazemore-Hyder Stadium,2673,Valdosta State,ii,Gulf South,35,"[7, 21, 7, 0]",,,,2822,North Greenville,ii,Carolinas,24,"[0, 10, 6, 8]",,,,,,,
401774283,2025,9,regular,2025-10-25T19:00:00.000Z,False,True,False,True,,6108,Crain Field,2519,Rhodes,iii,Southern Athletic,6,"[0, 0, 6, 0]",,,,2553,Sewanee,iii,Southern Athletic,28,"[7, 7, 7, 7]",,,,,,,
401767435,2025,9,regular,2025-10-25T19:00:00.000Z,False,True,False,False,11427,5238,Panther Stadium,2504,Prairie View A&M,fcs,SWAC,38,"[24, 0, 7, 7]",0.9922709465026855,,,124179,Lincoln (CA),ii,Independent DII,0,"[0, 0, 0, 0]",0.007729053497314453,,,1.9735056450383346,,,
401760400,2025,9,regular,2025-10-25T19:00:00.000Z,False,True,False,True,20097,3971,University Stadium (NM),167,New Mexico,fbs,Mountain West,33,"[7, 19, 0, 7]",0.7954603433609009,1401,1442,328,Utah State,fbs,Mountain West,14,"[0, 7, 0, 7]",0.20453965663909912,1377,1336,3.5724362517660464,,,
401767764,2025,9,regular,2025-10-25T19:00:00.000Z,False,True,False,True,1381,3694,DeGol Field,2598,Saint Francis,fcs,NEC,14,"[0, 7, 0, 7]",0.5094959735870361,,,2523,Robert Morris,fcs,NEC,24,"[3, 7, 7, 7]",0.49050402641296387,,,5.0902252354026505,,,
401767472,2025,9,regular,2025-10-25T19:00:00.000Z,False,True,False,True,1082,4424,Husky Stadium,2277,Houston Christian,fcs,Southland,14,"[0, 7, 7, 0]",0.061889875680208206,,,2545,SE Louisiana,fcs,Southland,38,"[7, 7, 10, 14]",0.9381101243197918,,,4.543118955504224,,,
401767577,2025,9,regular,2025-10-25T19:00:00.000Z,False,True,False,True,7009,4417,Five Star Stadium at the Moye Complex,2382,Mercer,fcs,Southern,62,"[31, 10, 7, 14]",0.8042080998420715,,,2678,VMI,fcs,Southern,0,"[0, 0, 0, 0]",0.19579190015792847,,,2.8101503440244926,,,
401767384,2025,9,regular,2025-10-25T19:00:00.000Z,False,True,False,True,9850,3850,Municipal Stadium,2065,Bethune-Cookman,fcs,SWAC,31,"[7, 7, 14, 3]",1,,,2029,Arkansas-Pine Bluff,fcs,SWAC,14,"[0, 7, 7, 0]",0,,,3.9206424994179434,,,
401757172,2025,9,regular,2025-10-25T19:00:00.000Z,False,True,False,False,21122,3895,Rice Stadium,242,Rice,fbs,American Athletic,37,"[3, 14, 0, 7, 7, 6]",0.8228422403335571,1156,1163,41,UConn,fbs,FBS Independents,34,"[7, 14, 3, 0, 7, 3]",0.17715775966644287,1553,1546,9.782133091757844,,,
401767374,2025,9,regular,2025-10-25T19:00:00.000Z,False,True,False,True,4795,3771,Jack Spinks Stadium,2016,Alcorn State,fcs,SWAC,32,"[9, 13, 10, 0]",0.987785279750824,,,2400,Mississippi Valley State,fcs,SWAC,10,"[0, 0, 7, 3]",0.012214720249176025,,,2.220402409689407,,,
401767486,2025,9,regular,2025-10-25T19:00:00.000Z,False,True,False,True,8761,3963,Harry Turpin Stadium,2466,Northwestern State,fcs,Southland,14,"[0, 7, 0, 7]",0.060604605823755264,,,2320,Lamar,fcs,Southland,41,"[3, 14, 7, 17]",0.9393953941762447,,,4.3151164979657395,,,
401773984,2025,9,regular,2025-10-25T19:00:00.000Z,False,True,False,True,,4747,Abbott Memorial Alumni Stadium,2657,Tuskegee,ii,SIAC,13,"[0, 3, 3, 7]",,,,2019,Allen,ii,SIAC,28,"[7, 7, 7, 7]",,,,,,,
401774171,2025,9,regular,2025-10-25T19:00:00.000Z,False,True,False,True,,5914,Veterans Memorial Stadium (WI),2740,Wisconsin La Crosse,iii,Wisconsin,44,"[14, 14, 14, 2]",,,,271,Wisconsin Oshkosh,iii,Wisconsin,13,"[3, 3, 0, 7]",,,,,,,
401767533,2025,9,regular,2025-10-25T19:30:00.000Z,False,True,False,True,3741,3925,Seibert Stadium,2535,Samford,fcs,Southern,13,"[7, 0, 0, 6]",0.03675922378897667,,,236,Chattanooga,fcs,Southern,49,"[7, 7, 14, 21]",0.9632407762110233,,,4.601476932727556,,,
401762493,2025,9,regular,2025-10-25T19:30:00.000Z,False,True,False,True,32175,3852,Navy-Marine Corps Memorial Stadium,2426,Navy,fbs,American Athletic,42,"[14, 7, 0, 21]",0.9364301562309265,1533,1529,2226,Florida Atlantic,fbs,American Athletic,32,"[10, 3, 0, 19]",0.06356984376907349,1214,1218,5.010906886551114,,,
401760399,2025,9,regular,2025-10-25T19:30:00.000Z,False,True,False,True,41535,3660,Valley Children's Stadium,278,Fresno State,fbs,Mountain West,0,"[0, 0, 0, 0]",0,1405,1360,21,San Diego State,fbs,Mountain West,23,"[7, 6, 0, 10]",1,1534,1579,3.0376400475819985,,,
401761637,2025,9,regular,2025-10-25T19:30:00.000Z,False,True,False,True,27111,3815,M. M. Roberts Stadium,2572,Southern Miss,fbs,Sun Belt,49,"[7, 14, 14, 14]",0.9987277984619141,1309,1354,2433,UL Monroe,fbs,Sun Belt,21,"[7, 7, 0, 7]",0.0012722015380859375,1060,1015,3.606584824673627,,,
401767325,2025,9,regular,2025-10-25T19:30:00.000Z,False,True,False,True,6701,3788,Kenneth P. LaValle Stadium,2619,Stony Brook,fcs,Coastal Athletic,27,"[7, 10, 7, 3]",0.7016799449920654,,,119,Towson,fcs,Coastal Athletic,19,"[0, 0, 3, 16]",0.29832005500793457,,,3.0198527597762985,,,
401752752,2025,9,regular,2025-10-25T19:30:00.000Z,False,True,False,True,35000,3973,FirstBank Stadium,238,Vanderbilt,fbs,SEC,17,"[0, 3, 7, 7]",0.17339718341827393,1753,1765,142,Missouri,fbs,SEC,10,"[0, 3, 0, 7]",0.8266028165817261,1791,1779,5.267295377402327,,,
401752952,2025,9,regular,2025-10-25T19:30:00.000Z,False,True,False,False,27646,3820,Gesa Field,265,Washington State,fbs,Pac-12,28,"[0, 21, 0, 7]",0.9499668478965759,1364,1438,2649,Toledo,fbs,Mid-American,7,"[0, 7, 0, 0]",0.05003315210342407,1579,1505,2.8357891127616592,,,
401752882,2025,9,regular,2025-10-25T19:30:00.000Z,False,True,False,True,69250,3793,Kinnick Stadium,2294,Iowa,fbs,Big Ten,41,"[17, 14, 3, 7]",0.9994415640830994,1830,1907,135,Minnesota,fbs,Big Ten,3,"[0, 0, 3, 0]",0.0005584359169006348,1592,1515,1.877402479993451,,,
401762495,2025,9,regular,2025-10-25T19:30:00.000Z,False,True,False,True,16403,3674,Chapman Stadium,202,Tulsa,fbs,American Athletic,37,"[3, 14, 7, 7, 6]",0.7279811501502991,1055,1066,218,Temple,fbs,American Athletic,38,"[7, 7, 14, 3, 7]",0.2720188498497009,1330,1319,10.629657665692894,,,
401767561,2025,9,regular,2025-10-25T19:30:00.000Z,False,True,False,True,9836,5400,William B. Greene Jr. Stadium,2193,East Tennessee State,fcs,Southern,14,"[14, 0, 0, 0]",0.7244742512702942,,,2747,Wofford,fcs,Southern,10,"[7, 3, 0, 0]",0.2755257487297058,,,4.802169661359043,,,
401752751,2025,9,regular,2025-10-25T19:30:00.000Z,False,True,False,True,79537,3994,Williams-Brice Stadium,2579,South Carolina,fbs,SEC,22,"[3, 3, 9, 7]",0.3482479751110077,1630,1643,333,Alabama,fbs,SEC,29,"[7, 7, 0, 15]",0.6517520248889923,1991,1978,6.965500888933744,,,
401752880,2025,9,regular,2025-10-25T19:30:00.000Z,False,True,False,True,68630,3765,Husky Stadium,264,Washington,fbs,Big Ten,42,"[14, 7, 7, 14]",0.9434303045272827,1674,1703,356,Illinois,fbs,Big Ten,25,"[3, 14, 0, 8]",0.056569695472717285,1589,1560,3.937463841305171,,,
401762845,2025,9,regular,2025-10-25T19:30:00.000Z,False,True,False,True,10124,3764,Huskie Stadium,2459,Northern Illinois,fbs,Mid-American,21,"[7, 0, 7, 7]",0.14104697108268738,1297,1305,2050,Ball State,fbs,Mid-American,7,"[0, 7, 0, 0]",0.8589530289173126,1055,1047,4.565846594745,,,
401756931,2025,9,regular,2025-10-25T19:30:00.000Z,False,True,False,True,61500,3772,Jack Trice Stadium,66,Iowa State,fbs,Big 12,27,"[17, 7, 3, 0]",0.6387631893157959,1622,1597,252,BYU,fbs,Big 12,41,"[7, 10, 10, 14]",0.3612368106842041,1697,1722,5.903255152394795,,,
401767314,2025,9,regular,2025-10-25T19:30:00.000Z,False,True,True,True,69372,3803,Legion Field,2010,Alabama A&M,fcs,SWAC,13,"[6, 0, 7, 0]",0.010088946670293808,,,2011,Alabama State,fcs,SWAC,56,"[21, 28, 7, 0]",0.9899110533297062,,,2.6475538358098705,,Magic City Classic,
401754574,2025,9,regular,2025-10-25T19:30:00.000Z,False,True,False,True,46840,3752,Acrisure Stadium,221,Pittsburgh,fbs,ACC,53,"[10, 21, 15, 7]",1,1645,1673,152,NC State,fbs,ACC,34,"[7, 14, 0, 13]",0,1487,1459,3.9319619869279503,,,
401762847,2025,9,regular,2025-10-25T19:30:00.000Z,False,True,False,True,20489,3786,Kelly/Shorts Stadium,2117,Central Michigan,fbs,Mid-American,38,"[21, 3, 14, 0]",0.9943882822990417,1203,1234,113,Massachusetts,fbs,Mid-American,13,"[7, 3, 3, 0]",0.005611717700958252,910,879,3.5203497405038147,,,
401767354,2025,9,regular,2025-10-25T19:30:00.000Z,False,True,False,True,9995,3990,William H. Greene Stadium,47,Howard,fcs,MEAC,33,"[7, 7, 0, 13, 6]",0.9411062598228455,,,2415,Morgan State,fcs,MEAC,27,"[7, 7, 7, 6, 0]",0.05889374017715454,,,7.152300348137309,,,
401762874,2025,9,regular,2025-10-25T19:30:00.000Z,False,True,False,True,18025,3996,Yager Stadium,193,Miami (OH),fbs,Mid-American,26,"[3, 6, 0, 17]",0.9573808312416077,1449,1459,2711,Western Michigan,fbs,Mid-American,17,"[0, 14, 3, 0]",0.042619168758392334,1379,1369,5.224410165579504,,,
401767334,2025,9,regular,2025-10-25T19:30:00.000Z,False,True,False,True,4101,717,Villanova Stadium,222,Villanova,fcs,Coastal Athletic,29,"[0, 12, 10, 7]",0.9508377313613892,,,399,UAlbany,fcs,Coastal Athletic,16,"[7, 0, 0, 9]",0.04916226863861084,,,3.9830951193329387,,,
401777149,2025,9,regular,2025-10-25T20:00:00.000Z,False,True,False,True,,6102,Sparks Stadium,2486,Pacific Lutheran,iii,Northwest,15,"[7, 0, 0, 8]",,,,203,Linfield,iii,Northwest,31,"[0, 7, 14, 10]",,,,,,,
401767093,2025,9,regular,2025-10-25T20:00:00.000Z,False,True,False,True,7040,3791,Kibbie Dome,70,Idaho,fcs,Big Sky,45,"[7, 21, 14, 3]",0.997346818447113,,,2502,Portland State,fcs,Big Sky,6,"[3, 3, 0, 0]",0.002653181552886963,,,3.357891345128796,,,
401777173,2025,9,regular,2025-10-25T20:00:00.000Z,False,True,False,True,,5920,Griswold Stadium,2333,Lewis & Clark,iii,Northwest,35,"[7, 14, 7, 7]",,,,2721,Whitworth,iii,Northwest,42,"[14, 7, 14, 7]",,,,,,,
401773379,2025,9,regular,2025-10-25T20:00:00.000Z,False,True,False,True,,4763,Ranger Field,2823,Northwestern (OK),ii,Great American,33,"[7, 14, 9, 3]",,,,200,Southern Nazarene,ii,Great American,22,"[7, 7, 8, 0]",,,,,,,
401777156,2025,9,regular,2025-10-25T20:00:00.000Z,False,True,False,True,,6153,Hanson Stadium,205,Pacific (OR),iii,Northwest,35,"[7, 0, 14, 14]",,,,2930,Willamette,iii,Northwest,14,"[3, 8, 0, 3]",,,,,,,
401773904,2025,9,regular,2025-10-25T20:00:00.000Z,False,True,False,True,,5882,Ralph Stocker Stadium,11,Colorado Mesa,ii,Rocky Mountain,24,"[7, 10, 7, 0]",,,,2237,Fort Lewis,ii,Rocky Mountain,14,"[7, 0, 0, 7]",,,,,,,
401756930,2025,9,regular,2025-10-25T20:00:00.000Z,False,True,False,True,38007,3854,Nippert Stadium,2132,Cincinnati,fbs,Big 12,41,"[14, 10, 3, 14]",0.9918137788772583,1594,1644,239,Baylor,fbs,Big 12,20,"[0, 6, 6, 8]",0.0081862211227417,1592,1542,2.1967496901640793,,,
401756933,2025,9,regular,2025-10-25T20:00:00.000Z,False,True,False,True,59625,3784,Jones AT&T Stadium,2641,Texas Tech,fbs,Big 12,42,"[21, 7, 14, 0]",0.9837449193000793,1826,1855,197,Oklahoma State,fbs,Big 12,0,"[0, 0, 0, 0]",0.016255080699920654,1071,1042,2.329245255067711,,,
401773272,2025,9,regular,2025-10-25T20:00:00.000Z,False,True,False,False,,3877,Pioneer Stadium,3162,Alfred State,iii,Empire 8,54,"[13, 21, 13, 7]",,,,173,Hartwick,iii,Empire 8,28,"[0, 7, 0, 21]",,,,,,,
401767493,2025,9,regular,2025-10-25T20:00:00.000Z,False,True,False,True,3476,3779,Manning Field at John L. Guidry Stadium,2447,Nicholls,fcs,Southland,31,"[10, 0, 7, 14]",0.8386049270629883,,,2377,McNeese,fcs,Southland,7,"[0, 7, 0, 0]",0.16139507293701172,,,3.877407875803655,,,
401767450,2025,9,regular,2025-10-25T20:00:00.000Z,False,True,False,True,10618,3605,Alerus Center,155,North Dakota,fcs,MVFC,46,"[7, 17, 20, 2]",0.9921911954879761,,,282,Indiana State,fcs,MVFC,17,"[3, 0, 7, 7]",0.007808804512023926,,,3.719585855645443,,,
401777252,2025,9,regular,2025-10-25T20:00:00.000Z,False,True,False,True,,6138,Wilson Field,2688,Washington and Lee,iii,Old Dominion,20,"[0, 0, 6, 8, 6]",,,,2079,Bridgewater,iii,Old Dominion,17,"[0, 6, 0, 8, 3]",,,,,,,
401767252,2025,9,regular,2025-10-25T20:00:00.000Z,False,True,False,True,7773,3742,Governors Stadium,2046,Austin Peay,fcs,UAC,56,"[7, 21, 14, 14]",0.9953759908676147,,,2453,North Alabama,fcs,UAC,28,"[0, 7, 14, 7]",0.004624009132385254,,,2.960570676608378,,,
401752749,2025,9,regular,2025-10-25T20:15:00.000Z,False,True,False,True,52680,3693,Davis Wade Stadium,344,Mississippi State,fbs,SEC,38,"[7, 17, 7, 7, 0]",0.28513211011886597,1495,1514,251,Texas,fbs,SEC,45,"[7, 7, 0, 24, 7]",0.714867889881134,1944,1925,9.321110708758852,,,
401777143,2025,9,regular,2025-10-25T20:30:00.000Z,False,True,False,True,,5850,Stoffer Family Stadium,415,George Fox,iii,Northwest,48,"[7, 10, 17, 14]",,,,2508,Puget Sound,iii,Northwest,23,"[9, 7, 7, 0]",,,,,,,
401773338,2025,9,regular,2025-10-25T21:00:00.000Z,False,True,False,True,,5870,Thone Stadium at Buerkle Field,2033,Arkansas Tech,ii,Great American,17,"[0, 3, 7, 7]",,,,2271,Henderson State,ii,Great American,6,"[0, 6, 0, 0]",,,,,,,
401774277,2025,9,regular,2025-10-25T21:00:00.000Z,False,True,False,True,,6125,Bulldog Stadium (TX),2045,Austin,iii,Southern Collegiate Athletic,7,"[7, 0, 0, 0]",,,,2639,Texas Lutheran,iii,Southern Collegiate Athletic,55,"[14, 27, 0, 14]",,,,,,,
401773551,2025,9,regular,2025-10-25T21:00:00.000Z,False,True,False,True,,5938,Al Whitehead Field at Greyhound Stadium,2201,Eastern New Mexico,ii,Lone Star,59,"[14, 10, 21, 14]",,,,2703,Western New Mexico,ii,Lone Star,35,"[14, 14, 7, 0]",,,,,,,
401767456,2025,9,regular,2025-10-25T21:00:00.000Z,False,True,False,True,17180,3599,Ace W. Mumford Stadium,2582,Southern,fcs,SWAC,35,"[7, 7, 7, 14]",0.26260247826576233,,,50,Florida A&M,fcs,SWAC,43,"[3, 16, 3, 21]",0.7373975217342377,,,7.4191825537789065,,,
401774461,2025,9,regular,2025-10-25T22:00:00.000Z,False,True,False,True,,10465,Mayo Field,101442,Centenary (LA),iii,Southern Collegiate Athletic,6,"[0, 6, 0, 0]",,,,241,McMurry,iii,Southern Collegiate Athletic,52,"[7, 14, 21, 10]",,,,,,,
401783911,2025,9,regular,2025-10-25T22:00:00.000Z,False,True,False,True,,5841,Pete FioRito Stadium at McKinzie Field,101,Eureka,iii,NACC,12,"[0, 6, 6, 0]",,,,2741,Wisconsin Lutheran,iii,NACC,42,"[7, 21, 7, 7]",,,,,,,
401756935,2025,9,regular,2025-10-25T22:00:00.000Z,False,True,False,True,54110,3842,Milan Puskar Stadium,277,West Virginia,fbs,Big 12,17,"[0, 7, 3, 7]",0.21968325972557068,1281,1300,2628,TCU,fbs,Big 12,23,"[10, 10, 0, 3]",0.7803167402744293,1719,1700,4.075723777053685,,,
401773933,2025,9,regular,2025-10-25T22:00:00.000Z,False,True,False,True,,5122,Shuford Stadium,2107,Catawba,ii,South Atlantic,38,"[7, 21, 0, 10]",,,,2839,Tusculum,ii,South Atlantic,3,"[0, 3, 0, 0]",,,,,,,
401767419,2025,9,regular,2025-10-25T22:00:00.000Z,False,True,True,True,29655,6501,Allegiant Stadium,2755,Grambling,fcs,SWAC,26,"[0, 9, 7, 10]",0.13881173729896545,,,2296,Jackson State,fcs,SWAC,24,"[10, 0, 0, 14]",0.8611882627010345,,,9.642270355559251,,,
401773119,2025,9,regular,2025-10-25T22:00:00.000Z,False,True,False,False,,5220,Garrison Stadium,2804,Chowan,ii,Carolinas,10,"[0, 7, 3, 0]",,,,2882,UNC Pembroke,ii,Carolinas,42,"[14, 7, 7, 14]",,,,,,,
401767085,2025,9,regular,2025-10-25T22:00:00.000Z,False,True,False,True,9861,1930,Holt Arena,304,Idaho State,fcs,Big Sky,18,"[7, 3, 0, 8]",0.44812142848968506,,,2464,Northern Arizona,fcs,Big Sky,31,"[7, 14, 0, 10]",0.5518785715103149,,,4.999964571742951,,,
401774249,2025,9,regular,2025-10-25T22:00:00.000Z,False,True,False,True,,5852,Jamieson Stadium,2256,Greensboro,iii,USA South,7,"[7, 0, 0, 0]",,,,2913,Brevard,iii,USA South,34,"[6, 14, 7, 7]",,,,,,,
401773948,2025,9,regular,2025-10-25T22:00:00.000Z,False,True,False,True,,3926,Setzler Field,2444,Newberry,ii,South Atlantic,36,"[7, 9, 13, 7]",,,,2213,Emory & Henry,ii,South Atlantic,34,"[14, 7, 0, 13]",,,,,,,
401767463,2025,9,regular,2025-10-25T23:00:00.000Z,False,True,False,True,3141,4762,Memorial Stadium (Commerce TX),2837,East Texas A&M,fcs,Southland,21,"[14, 0, 0, 7]",0.2880077064037323,,,2617,Stephen F. Austin,fcs,Southland,31,"[7, 7, 7, 10]",0.7119922935962677,,,8.1659773418532,,,
401773748,2025,9,regular,2025-10-25T23:00:00.000Z,False,True,False,True,,3951,Swisher Field,425,Northern State,ii,Northern Sun,49,"[7, 10, 14, 11, 7]",,,,2817,Minnesota St Moorhead,ii,Northern Sun,48,"[7, 7, 21, 7, 6]",,,,,,,
401754572,2025,9,regular,2025-10-25T23:00:00.000Z,False,True,False,True,63892,3948,Hard Rock Stadium,2390,Miami,fbs,ACC,42,"[0, 7, 21, 14]",0.988811731338501,1832,1863,24,Stanford,fbs,ACC,7,"[7, 0, 0, 0]",0.011188268661499023,1271,1240,3.7910785572974213,,,
401773576,2025,9,regular,2025-10-25T23:00:00.000Z,False,True,False,True,,5917,Ratliff Stadium,110243,UT Permian Basin,ii,Lone Star,22,"[10, 7, 2, 3]",,,,2704,West Texas,ii,Lone Star,6,"[0, 6, 0, 0]",,,,,,,
401752886,2025,9,regular,2025-10-25T23:00:00.000Z,False,True,False,True,58940,3626,Autzen Stadium,2483,Oregon,fbs,Big Ten,21,"[0, 7, 7, 7]",0.9917219281196594,2075,2055,275,Wisconsin,fbs,Big Ten,7,"[0, 0, 0, 7]",0.008278071880340576,1435,1455,3.6594482803859503,,,
401761636,2025,9,regular,2025-10-25T23:00:00.000Z,False,True,False,True,16341,3625,Centennial Bank Stadium,2032,Arkansas State,fbs,Sun Belt,34,"[7, 10, 7, 10]",0.8245862126350403,1235,1260,290,Georgia Southern,fbs,Sun Belt,24,"[14, 7, 0, 3]",0.17541378736495972,1335,1310,6.524004653583363,,,
401773384,2025,9,regular,2025-10-25T23:00:00.000Z,False,True,False,True,,6064,Crain Family Stadium,319,Oklahoma Baptist,ii,Great American,10,"[7, 3, 0, 0]",,,,199,Southeastern Oklahoma State,ii,Great American,14,"[0, 0, 7, 7]",,,,,,,
401761638,2025,9,regular,2025-10-25T23:00:00.000Z,False,True,False,True,23719,3975,Veterans Memorial Stadium (AL),2653,Troy,fbs,Sun Belt,35,"[7, 14, 7, 7]",0.8598994016647339,1488,1499,309,Louisiana,fbs,Sun Belt,23,"[7, 10, 3, 3]",0.1401005983352661,1333,1322,5.765403250853845,,,
401752881,2025,9,regular,2025-10-25T23:30:00.000Z,False,True,False,True,75085,3936,Spartan Stadium,127,Michigan State,fbs,Big Ten,20,"[0, 7, 0, 13]",0,1348,1364,130,Michigan,fbs,Big Ten,31,"[10, 0, 14, 7]",1,1839,1823,4.5247274470283,,,
401760398,2025,9,regular,2025-10-25T23:30:00.000Z,False,True,False,True,25609,3984,War Memorial Stadium,2751,Wyoming,fbs,Mountain West,28,"[7, 14, 7, 0]",0.9982336163520813,1336,1412,36,Colorado State,fbs,Mountain West,0,"[0, 0, 0, 0]",0.0017663836479187012,1353,1277,2.2356075993077673,,,
401754570,2025,9,regular,2025-10-25T23:30:00.000Z,False,True,False,True,50320,3873,L&N Federal Credit Union Stadium,97,Louisville,fbs,ACC,38,"[7, 14, 7, 10]",1,1746,1738,103,Boston College,fbs,ACC,24,"[3, 7, 7, 7]",0,1291,1299,4.755154180508504,,,
401752748,2025,9,regular,2025-10-25T23:30:00.000Z,False,True,False,True,101924,3958,Tiger Stadium (LA),99,LSU,fbs,SEC,25,"[7, 11, 0, 7]",0,1752,1694,245,Texas A&M,fbs,SEC,49,"[14, 0, 21, 14]",1,1801,1859,5.32002098367874,,,
401752747,2025,9,regular,2025-10-25T23:45:00.000Z,False,True,False,True,60153,3683,Kroger Field,96,Kentucky,fbs,SEC,34,"[7, 14, 6, 7]",0.01421354804188013,1533,1506,2633,Tennessee,fbs,SEC,56,"[21, 14, 14, 7]",0.9857864519581199,1801,1828,4.0851942581443055,,,
401767075,2025,9,regular,2025-10-26T00:00:00.000Z,False,True,False,True,6403,1027,Alex G. Spanos Stadium,13,Cal Poly,fcs,Big Sky,17,"[0, 3, 0, 14]",0,,,147,Montana State,fcs,Big Sky,34,"[3, 10, 7, 14]",1,,,3.8431938772273937,,,
401767512,2025,9,regular,2025-10-26T00:00:00.000Z,False,True,False,True,19477,5237,Dana J. Dykhouse Stadium,2571,South Dakota State,fcs,MVFC,7,"[0, 7, 0, 0]",0.007778288796544075,,,2449,North Dakota State,fcs,MVFC,38,"[14, 17, 0, 7]",0.9922217112034559,,,2.7344724230056916,,,
401773532,2025,9,regular,2025-10-26T00:00:00.000Z,False,True,False,False,,5878,Wantland Stadium,2122,Central Oklahoma,ii,Mid America,21,"[0, 7, 7, 7]",,,,196,Northeastern State,ii,Independent DII,28,"[7, 7, 7, 7]",,,,,,,
401767478,2025,9,regular,2025-10-26T00:00:00.000Z,False,True,False,False,12649,6006,Robert and Janet Vackar Stadium,292,UT Rio Grande Valley,fcs,Southland,56,"[14, 21, 7, 14]",0.9857033491134644,,,2916,Incarnate Word,fcs,Southland,28,"[0, 0, 21, 7]",0.014296650886535645,,,2.545499051798256,,,
401767295,2025,9,regular,2025-10-26T00:00:00.000Z,False,True,False,True,6814,3745,Greater Zion Stadium,3101,Utah Tech,fcs,UAC,7,"[0, 0, 0, 7]",0.005089521408081055,,,253,Southern Utah,fcs,UAC,28,"[11, 0, 7, 10]",0.994910478591919,,,2.8326440081002344,,,
401773541,2025,9,regular,2025-10-26T00:00:00.000Z,False,True,False,True,,6123,Jackson Field,2834,Sul Ross State,ii,Lone Star,,[],,,,2025,Angelo State,ii,Lone Star,62,[],,,,,,,
401777614,2025,9,regular,2025-10-26T00:00:00.000Z,False,True,False,True,,6094,Reynolds Field,583,Northwestern (MN),iii,Upper Midwest,24,"[7, 10, 0, 7]",,,,509,Crown,iii,Upper Midwest,16,"[0, 10, 0, 6]",,,,,,,
401773569,2025,9,regular,2025-10-26T00:00:00.000Z,False,True,False,True,,6076,Javelina Stadium,2658,Texas A&M-Kingsville,ii,Lone Star,27,"[7, 13, 0, 7]",,,,2848,Western Oregon,ii,Lone Star,34,"[13, 6, 15, 0]",,,,,,,
401773876,2025,9,regular,2025-10-26T00:00:00.000Z,False,True,False,True,,5866,Rex Stadium,2001,Adams State,ii,Rocky Mountain,10,"[0, 10, 0, 0]",,,,2424,New Mexico Highlands,ii,Rocky Mountain,49,"[10, 7, 22, 10]",,,,,,,
401756929,2025,9,regular,2025-10-26T00:00:00.000Z,False,True,False,True,54256,3947,Mountain America Stadium,9,Arizona State,fbs,Big 12,16,"[0, 0, 0, 16]",0,1638,1609,248,Houston,fbs,Big 12,24,"[10, 0, 14, 0]",1,1478,1507,4.716608221900163,,,
401773560,2025,9,regular,2025-10-26T00:00:00.000Z,False,True,False,True,,6049,"Memorial Stadium (Wichita Falls, TX)",2395,Midwestern State,ii,Lone Star,13,"[7, 6, 0, 0]",,,,2120,Central Washington,ii,Lone Star,56,"[7, 35, 7, 7]",,,,,,,
401774257,2025,9,regular,2025-10-26T02:00:00.000Z,False,True,False,True,,5811,William Rolland Stadium,2094,Cal Lutheran,iii,So. Cal.,24,"[0, 3, 0, 14, 7, 0]",,,,29,Redlands,iii,So. Cal.,30,"[0, 3, 7, 7, 7, 6]",,,,,,,
401788918,2025,9,regular,2025-10-26T02:00:00.000Z,False,True,False,True,,6103,Merritt Field,2923,Pomona Pitzer,iii,So. Cal.,8,"[0, 0, 0, 8]",,,,2318,La Verne,iii,So. Cal.,26,"[9, 10, 0, 7]",,,,,,,
401774264,2025,9,regular,2025-10-26T02:00:00.000Z,False,True,False,True,,5819,Ernie Chapman Stadium,411,Chapman,iii,So. Cal.,37,"[13, 3, 0, 8, 7, 6]",,,,17,Claremont Mudd Scripps,iii,So. Cal.,31,"[3, 7, 7, 7, 7, 0]",,,,,,,
401756934,2025,9,regular,2025-10-26T02:15:00.000Z,False,True,False,True,51949,587,Rice-Eccles Stadium,254,Utah,fbs,Big 12,53,"[17, 26, 3, 7]",0.9948615431785583,1771,1887,38,Colorado,fbs,Big 12,7,"[0, 0, 0, 7]",0.00513845682144165,1611,1495,2.497372620669279,,,
401761639,2025,10,regular,2025-10-29T00:00:00.000Z,False,True,False,True,17363,3644,Bobcat Stadium (TX),326,Texas State,fbs,Sun Belt,20,"[0, 20, 0, 0]",0.0021346090361475945,1554,1486,256,James Madison,fbs,Sun Belt,52,"[14, 14, 21, 3]",0.9978653909638524,1733,1801,4.307558561592839,,,
401757289,2025,10,regular,2025-10-29T00:00:00.000Z,False,True,False,True,11040,4899,Fifth Third Stadium,338,Kennesaw State,fbs,Conference USA,33,"[14, 2, 7, 10]",0.8267028331756592,1374,1388,2638,UTEP,fbs,Conference USA,20,"[0, 10, 10, 0]",0.17329716682434082,1234,1220,5.908515511047378,,,
401757292,2025,10,regular,2025-10-29T23:30:00.000Z,False,True,False,True,10200,3725,"Johnny ""Red"" Floyd Stadium",2393,Middle Tennessee,fbs,Conference USA,21,"[6, 0, 8, 7]",0.22879831492900848,1184,1199,55,Jacksonville State,fbs,Conference USA,24,"[0, 7, 0, 17]",0.7712016850709915,1540,1525,5.738443333761415,,,
401757291,2025,10,regular,2025-10-30T00:00:00.000Z,False,True,False,True,8754,3878,Plaster Sports Complex,2623,Missouri State,fbs,Conference USA,28,"[7, 7, 7, 7]",0.5291013121604919,1335,1340,2229,Florida International,fbs,Conference USA,21,"[7, 7, 0, 7]",0.47089868783950806,1246,1241,5.075261446471696,,,
401767346,2025,10,regular,2025-10-30T23:00:00.000Z,False,True,True,True,47266,3806,Lincoln Financial Field,2169,Delaware State,fcs,MEAC,27,"[3, 7, 3, 14]",0.8137610554695129,,,2450,Norfolk State,fcs,MEAC,20,"[0, 6, 0, 14]",0.18623894453048706,,,5.376871398752154,,,
401761640,2025,10,regular,2025-10-30T23:30:00.000Z,False,True,False,True,17034,3654,Brooks Stadium (SC),324,Coastal Carolina,fbs,Sun Belt,44,"[3, 14, 20, 7]",0.7426753640174866,1235,1309,276,Marshall,fbs,Sun Belt,27,"[10, 10, 7, 0]",0.2573246359825134,1583,1509,7.199110789458465,,,
401762443,2025,10,regular,2025-10-30T23:30:00.000Z,False,True,False,True,16715,3604,Alamodome,2636,UTSA,fbs,American Athletic,48,"[10, 21, 7, 10]",1,1470,1537,2655,Tulane,fbs,American Athletic,26,"[6, 6, 7, 7]",0,1588,1521,2.954352524973834,,,
401762497,2025,10,regular,2025-10-31T23:00:00.000Z,False,True,False,True,20197,3895,Rice Stadium,242,Rice,fbs,American Athletic,14,"[0, 7, 0, 7]",0.018175363540649414,1163,1155,235,Memphis,fbs,American Athletic,38,"[14, 17, 7, 0]",0.9818246364593506,1681,1689,3.0092875279502422,,,
401767555,2025,10,regular,2025-10-31T23:00:00.000Z,False,True,False,True,1458,3730,Franklin Field,219,Pennsylvania,fcs,Ivy,28,"[7, 14, 7, 0]",0.9571864604949951,,,225,Brown,fcs,Ivy,21,"[7, 0, 7, 7]",0.04281353950500488,,,3.9935354558868172,,,
401754575,2025,10,regular,2025-10-31T23:30:00.000Z,False,True,False,True,37184,1964,JMA Wireless Dome,183,Syracuse,fbs,ACC,10,"[7, 3, 0, 0]",0.019985033199191093,1362,1320,153,North Carolina,fbs,ACC,27,"[3, 3, 14, 7]",0.9800149668008089,1352,1394,3.9698319179483317,,,
401757290,2025,10,regular,2025-11-01T00:00:00.000Z,False,True,False,True,17841,3776,Joe Aillet Stadium,2348,Louisiana Tech,fbs,Conference USA,55,"[14, 13, 14, 14]",0.9912233948707581,1378,1465,2534,Sam Houston,fbs,Conference USA,14,"[0, 0, 14, 0]",0.008776605129241943,1139,1052,1.8612539134862605,,,
401767094,2025,10,regular,2025-11-01T02:30:00.000Z,False,True,False,True,5112,2023,Walkup Skydome,2464,Northern Arizona,fcs,Big Sky,32,"[7, 0, 7, 15, 3]",0.3022940158843994,,,70,Idaho,fcs,Big Sky,35,"[0, 19, 7, 3, 6]",0.6977059841156006,,,8.412087936036057,,,
401767661,2025,10,regular,2025-11-01T16:00:00.000Z,False,True,False,False,2960,3668,Campus Field,2529,Sacred Heart,fcs,FCS Independents,35,"[0, 14, 7, 14]",1,,,2441,New Haven,fcs,NEC,20,"[3, 7, 0, 10]",0,,,4.856766739359893,,,
401756936,2025,10,regular,2025-11-01T16:00:00.000Z,False,True,False,True,40212,4727,McLane Stadium,239,Baylor,fbs,Big 12,30,"[14, 6, 3, 7]",0.985271155834198,1542,1621,2116,UCF,fbs,Big 12,3,"[0, 3, 0, 0]",0.014728844165802002,1616,1537,2.730376747954225,,,
401777008,2025,10,regular,2025-11-01T16:00:00.000Z,False,True,False,True,,5845,Elliot Field Athletic Complex,114,Fitchburg State,iii,MSCAC,18,"[0, 0, 0, 18]",,,,18,Bridgewater State,iii,MSCAC,38,"[0, 14, 7, 17]",,,,,,,
401767685,2025,10,regular,2025-11-01T16:00:00.000Z,False,True,False,True,4375,3997,Yale Bowl,43,Yale,fcs,Ivy,24,"[0, 14, 10, 0]",0.8825241923332214,,,171,Columbia,fcs,Ivy,10,"[0, 7, 0, 3]",0.11747580766677856,,,3.7243869692947733,,,
401774324,2025,10,regular,2025-11-01T16:00:00.000Z,False,True,False,True,,5824,Lions Stadium,2442,The College of New Jersey,iii,New Jersey,30,"[7, 0, 7, 16]",,,,2827,Rowan,iii,New Jersey,44,"[7, 17, 14, 6]",,,,,,,
401757173,2025,10,regular,2025-11-01T16:00:00.000Z,False,True,False,False,23170,3892,Pratt & Whitney Stadium,41,UConn,fbs,FBS Independents,38,"[7, 17, 14, 0]",0.9872789978981018,1546,1561,5,UAB,fbs,American Athletic,19,"[0, 0, 6, 13]",0.012721002101898193,1252,1237,4.058511052098757,,,
401773713,2025,10,regular,2025-11-01T16:00:00.000Z,False,True,False,True,,3848,Multi-Sport Stadium,2038,Assumption,ii,Northeast 10,38,"[14, 21, 3, 0]",,,,2583,Southern Connecticut State,ii,Northeast 10,7,"[0, 0, 0, 7]",,,,,,,
401760401,2025,10,regular,2025-11-01T16:00:00.000Z,False,True,False,False,39441,3713,Falcon Stadium,2005,Air Force,fbs,Mountain West,17,"[3, 0, 7, 7]",0.5374033451080322,1355,1362,349,Army,fbs,American Athletic,20,"[7, 3, 0, 10]",0.4625966548919678,1544,1537,5.535816980973042,,,
401767768,2025,10,regular,2025-11-01T16:00:00.000Z,False,True,False,True,1076,3694,DeGol Field,2598,Saint Francis,fcs,NEC,20,"[7, 3, 0, 10]",0.637401282787323,,,2681,Wagner,fcs,NEC,23,"[0, 3, 10, 10]",0.362598717212677,,,5.451738868893299,,,
401773867,2025,10,regular,2025-11-01T16:00:00.000Z,False,True,False,True,,5133,Ram Stadium (WV),2974,Shepherd,ii,Pennsylvania State Athletic,48,"[0, 21, 13, 14]",,,,2559,Shippensburg,ii,Pennsylvania State Athletic,7,"[7, 0, 0, 0]",,,,,,,
401776974,2025,10,regular,2025-11-01T16:00:00.000Z,False,True,False,False,,3709,Hempstead Stadium,452,Endicott,iii,Commonwealth Coast,69,"[28, 20, 14, 7]",,,,274,Maine Maritime,iii,Commonwealth Coast,7,"[0, 0, 7, 0]",,,,,,,
401752889,2025,10,regular,2025-11-01T16:00:00.000Z,False,True,False,True,105517,3861,Ohio Stadium,194,Ohio State,fbs,Big Ten,38,"[7, 10, 14, 7]",0.9644951820373535,2098,2146,213,Penn State,fbs,Big Ten,14,"[0, 14, 0, 0]",0.035504817962646484,1990,1942,4.216863180603837,,,
401773248,2025,10,regular,2025-11-01T16:00:00.000Z,False,True,False,True,,6129,BB&T Field at Griffin Plaza,2646,Thomas More,ii,Great Midwest Athletic,10,"[3, 7, 0, 0]",,,,2273,Hillsdale,ii,Great Midwest Athletic,24,"[10, 14, 0, 0]",,,,,,,
401774306,2025,10,regular,2025-11-01T16:00:00.000Z,False,True,False,True,,3995,Dr. John W. Winkin Sports Complex,2280,Husson,iii,Commonwealth Coast,21,"[0, 7, 14, 0]",,,,40,Curry,iii,Commonwealth Coast,40,"[3, 14, 7, 16]",,,,,,,
401773850,2025,10,regular,2025-11-01T16:00:00.000Z,False,True,False,True,,4432,Andre Reed Stadium,2315,Kutztown,ii,Pennsylvania State Athletic,49,"[7, 28, 7, 7]",,,,2188,East Stroudsburg,ii,Pennsylvania State Athletic,6,"[0, 3, 3, 0]",,,,,,,
401773831,2025,10,regular,2025-11-01T16:00:00.000Z,False,True,False,True,,3859,Offutt Field,611,Seton Hill,ii,Pennsylvania State Athletic,6,"[0, 0, 0, 6]",,,,2205,Edinboro,ii,Pennsylvania State Athletic,22,"[0, 7, 7, 8]",,,,,,,
401773807,2025,10,regular,2025-11-01T16:00:00.000Z,False,True,False,True,,4427,John A. Farrell Stadium,223,West Chester,ii,Pennsylvania State Athletic,46,"[7, 7, 14, 3, 7, 6, 2]",,,,2071,Bloomsburg,ii,Pennsylvania State Athletic,44,"[7, 7, 0, 17, 7, 6, 0]",,,,,,,
401774250,2025,10,regular,2025-11-01T16:00:00.000Z,False,True,False,True,,5807,Brevard Memorial Stadium,2913,Brevard,iii,USA South,26,"[10, 3, 13, 0]",,,,2938,Huntingdon,iii,USA South,32,"[0, 10, 0, 22]",,,,,,,
401776999,2025,10,regular,2025-11-01T16:00:00.000Z,False,True,False,True,,5842,Robert T. Shields Field,2221,FDU Florham,iii,Mid Atlantic,16,"[0, 3, 7, 6]",,,,2969,Misericordia,iii,Mid Atlantic,35,"[14, 14, 0, 7]",,,,,,,
401773293,2025,10,regular,2025-11-01T16:00:00.000Z,False,True,False,False,,5831,Dale Lippert Field,110438,Dean,iii,MSCAC,7,"[0, 0, 0, 7]",,,,379,UMass Dartmouth,iii,MSCAC,48,"[20, 21, 7, 0]",,,,,,,
401774153,2025,10,regular,2025-11-01T16:00:00.000Z,False,True,False,True,,6095,Sabine Field at Haynes Family Stadium,2467,Norwich,iii,NEWMAC,6,"[6, 0, 0, 0]",,,,81,Springfield,iii,NEWMAC,48,"[14, 6, 14, 14]",,,,,,,
401773664,2025,10,regular,2025-11-01T16:00:00.000Z,False,True,False,True,,6212,Bishop Schmitt Field,112335,Wheeling,ii,Mountain East,26,"[6, 7, 3, 10]",,,,2148,Concord,ii,Mountain East,21,"[0, 7, 7, 7]",,,,,,,
401756938,2025,10,regular,2025-11-01T16:00:00.000Z,False,True,False,True,25049,4728,TDECU Stadium,248,Houston,fbs,Big 12,35,"[7, 14, 7, 7]",0.03517993912100792,1507,1467,277,West Virginia,fbs,Big 12,45,"[14, 7, 10, 14]",0.9648200608789921,1300,1340,6.363517032629233,,,
401773854,2025,10,regular,2025-11-01T16:00:00.000Z,False,True,False,True,,4431,Chryst Field at Biemesderfer Stadium,210,Millersville,ii,Pennsylvania State Athletic,7,"[0, 0, 0, 7]",,,,209,Lock Haven,ii,Pennsylvania State Athletic,42,"[7, 14, 7, 14]",,,,,,,
401774104,2025,10,regular,2025-11-01T16:00:00.000Z,False,True,False,True,,3717,Edwin Fauver Stadium,184,Rochester (NY),iii,Liberty League,21,"[0, 0, 7, 14, 0]",,,,174,Hobart,iii,Liberty League,28,"[14, 7, 0, 0, 7]",,,,,,,
401754581,2025,10,regular,2025-11-01T16:00:00.000Z,False,True,False,True,35074,3735,Gerald J. Ford Stadium,2567,SMU,fbs,ACC,26,"[0, 7, 10, 3, 6]",0.6046087145805359,1727,1741,2390,Miami,fbs,ACC,20,"[7, 3, 7, 3, 0]",0.3953912854194641,1863,1849,9.401323185274995,,,
401752758,2025,10,regular,2025-11-01T16:00:00.000Z,False,True,False,True,102338,3910,DKR-Texas Memorial Stadium,251,Texas,fbs,SEC,34,"[17, 7, 10, 0]",0.7722781300544739,1925,1924,238,Vanderbilt,fbs,SEC,31,"[0, 10, 0, 21]",0.22772186994552612,1765,1766,3.920122530757057,,,
401762849,2025,10,regular,2025-11-01T16:00:00.000Z,False,True,False,True,11876,3700,Doyt L. Perry Stadium,189,Bowling Green,fbs,Mid-American,3,"[0, 0, 0, 3]",0.011615565046668053,1322,1253,2084,Buffalo,fbs,Mid-American,28,"[7, 14, 7, 0]",0.988384434953332,1307,1376,2.84265125294086,,,
401773476,2025,10,regular,2025-11-01T16:00:00.000Z,False,True,False,True,,3927,Sherman Field,2392,Michigan Tech,ii,GLIAC,56,"[7, 14, 14, 21]",,,,127991,Roosevelt,ii,GLIAC,31,"[7, 17, 0, 7]",,,,,,,
401773459,2025,10,regular,2025-11-01T16:00:00.000Z,False,True,False,True,,5934,Farmers Insurance Athletic Complex,110254,Davenport,ii,GLIAC,31,"[14, 3, 7, 7]",,,,129,Saginaw Valley State,ii,GLIAC,17,"[7, 0, 10, 0]",,,,,,,
401773420,2025,10,regular,2025-11-01T16:00:00.000Z,False,True,False,True,,6030,Harms-Eischeid Stadium,389,Upper Iowa,ii,Great Lakes,57,"[9, 17, 17, 14]",,,,2816,McKendree,ii,Great Lakes,7,"[0, 0, 0, 7]",,,,,,,
401773302,2025,10,regular,2025-11-01T16:00:00.000Z,False,True,False,True,,6126,Bob Boozer Field,2781,Brockport,iii,Empire 8,51,"[3, 20, 21, 7]",,,,365,Alfred,iii,Empire 8,0,"[0, 0, 0, 0]",,,,,,,
401777979,2025,10,regular,2025-11-01T16:00:00.000Z,False,True,False,True,,6074,Grappone Stadium,2830,Saint Anselm,ii,Northeast 10,14,"[7, 0, 0, 7]",,,,2060,Bentley,ii,Northeast 10,28,"[7, 0, 0, 21]",,,,,,,
401773240,2025,10,regular,2025-11-01T16:00:00.000Z,False,True,False,True,,3747,Hantz Stadium,2886,Northwood,ii,Great Midwest Athletic,16,"[0, 3, 7, 6]",,,,2224,Findlay,ii,Great Midwest Athletic,31,"[7, 7, 3, 14]",,,,,,,
401752891,2025,10,regular,2025-11-01T16:00:00.000Z,False,True,False,True,60670,3832,"Memorial Stadium (Champaign, IL)",356,Illinois,fbs,Big Ten,35,"[7, 14, 14, 0]",0.9382127523422241,1560,1603,164,Rutgers,fbs,Big Ten,13,"[0, 6, 0, 7]",0.06178724765777588,1462,1419,3.235287264590744,,,
401806318,2025,10,regular,2025-11-01T16:00:00.000Z,False,True,False,True,,3690,Charles L. Currier Memorial Field,2972,Plymouth State,iii,MSCAC,28,"[6, 7, 8, 7]",,,,2967,Framingham State,iii,MSCAC,26,"[0, 0, 7, 19]",,,,,,,
401786479,2025,10,regular,2025-11-01T16:00:00.000Z,False,True,False,True,,6144,"Alumni Field (Westfield, MA)",2909,Westfield State,iii,MSCAC,14,"[7, 0, 7, 0, 0]",,,,110,Mass Maritime,iii,MSCAC,21,"[0, 0, 7, 7, 7]",,,,,,,
401778020,2025,10,regular,2025-11-01T16:00:00.000Z,False,True,False,True,,6115,Toppa Field,2776,Salve Regina,iii,NEWMAC,31,"[3, 0, 21, 7]",,,,2557,Coast Guard,iii,NEWMAC,36,"[0, 16, 7, 13]",,,,,,,
401778012,2025,10,regular,2025-11-01T16:00:00.000Z,False,True,False,True,,6202,Cardinal Stadium (DC),2108,Catholic,iii,Landmark Conference,12,"[6, 0, 6, 0]",,,,2354,Lycoming,iii,Landmark Conference,38,"[7, 17, 0, 14]",,,,,,,
401777956,2025,10,regular,2025-11-01T16:00:00.000Z,False,True,False,True,,3870,Panther Stadium (OH),2477,Ohio Dominican,ii,Great Midwest Athletic,30,"[17, 7, 3, 3]",,,,437,Lake Erie,ii,Great Midwest Athletic,14,"[7, 0, 7, 0]",,,,,,,
401774056,2025,10,regular,2025-11-01T16:00:00.000Z,False,True,False,True,,5636,Wright Stadium,173,Hartwick,iii,Empire 8,24,"[0, 10, 7, 7]",,,,3110,SUNY Morrisville,iii,Empire 8,13,"[7, 0, 0, 6]",,,,,,,
401754577,2025,10,regular,2025-11-01T16:00:00.000Z,False,True,False,True,75809,3836,"Memorial Stadium (Clemson, SC)",228,Clemson,fbs,ACC,45,"[7, 21, 10, 7]",0.9769346117973328,1708,1703,150,Duke,fbs,ACC,46,"[21, 7, 7, 11]",0.023065388202667236,1622,1627,7.8957948169637735,,,
401762499,2025,10,regular,2025-11-01T16:00:00.000Z,False,True,False,True,26516,3825,DATCU Stadium,249,North Texas,fbs,American Athletic,31,"[14, 10, 7, 0]",0.9541565775871277,1674,1690,2426,Navy,fbs,American Athletic,17,"[0, 10, 7, 0]",0.045843422412872314,1529,1513,2.6246469328814164,,,
401767275,2025,10,regular,2025-11-01T16:00:00.000Z,False,True,False,True,5474,3603,Aggie Stadium,2448,North Carolina A&T,fcs,Coastal Athletic,9,"[3, 0, 0, 6]",0,,,119,Towson,fcs,Coastal Athletic,62,"[14, 28, 6, 14]",1,,,2.8810586263984588,,,
401767746,2025,10,regular,2025-11-01T16:00:00.000Z,False,True,False,True,2323,3624,Arute Field,2115,Central Connecticut,fcs,NEC,10,"[0, 3, 7, 0]",0.7831801176071167,,,2341,Long Island University,fcs,NEC,7,"[0, 0, 7, 0]",0.2168198823928833,,,5.777480925063196,,,
401774088,2025,10,regular,2025-11-01T16:00:00.000Z,False,True,False,True,,3920,Schmidt Stadium,398,Wilkes,iii,Landmark Conference,38,"[10, 7, 7, 14]",,,,246,Juniata,iii,Landmark Conference,7,"[7, 0, 0, 0]",,,,,,,
401800974,2025,10,regular,2025-11-01T16:00:00.000Z,False,True,False,True,,5926,Henry G. Steinbrenner '27 Stadium,109,MIT,iii,NEWMAC,19,"[7, 6, 0, 6]",,,,2749,WPI,iii,NEWMAC,7,"[0, 7, 0, 0]",,,,,,,
401773139,2025,10,regular,2025-11-01T16:00:00.000Z,False,True,False,False,,6061,Younts Stadium,2822,North Greenville,ii,Carolinas,27,"[10, 17, 0, 0]",,,,366,Ferrum,ii,Carolinas,0,"[0, 0, 0, 0]",,,,,,,
401767723,2025,10,regular,2025-11-01T16:00:00.000Z,False,True,False,True,4478,3741,Goodman Stadium,2329,Lehigh,fcs,Patriot,41,"[7, 13, 7, 14]",0.9840896129608154,,,46,Georgetown,fcs,Patriot,0,"[0, 0, 0, 0]",0.01591038703918457,,,2.511031356901442,,,
401766724,2025,10,regular,2025-11-01T16:30:00.000Z,False,True,False,True,,5894,Steuben Field,348,Hamilton,iii,NESCAC,21,"[7, 7, 7, 0]",,,,2394,Middlebury,iii,NESCAC,24,"[0, 14, 0, 10]",,,,,,,
401777597,2025,10,regular,2025-11-01T17:00:00.000Z,False,True,False,True,,5852,Jamieson Stadium,2256,Greensboro,iii,USA South,20,"[0, 20, 0, 0]",,,,548,LaGrange,iii,USA South,49,"[14, 14, 9, 12]",,,,,,,
401767136,2025,10,regular,2025-11-01T17:00:00.000Z,False,True,False,True,2500,3661,Bulldog Stadium,2803,Bryant,fcs,Coastal Athletic,7,"[0, 7, 0, 0]",0,,,2405,Monmouth,fcs,Coastal Athletic,35,"[7, 14, 7, 7]",1,,,4.599490706930981,,,
401773787,2025,10,regular,2025-11-01T17:00:00.000Z,False,True,False,True,,3641,Blakeslee Stadium,2364,Minnesota State,ii,Northern Sun,48,"[10, 3, 21, 14]",,,,2587,Southwest Minnesota State,ii,Northern Sun,7,"[0, 7, 0, 0]",,,,,,,
401773674,2025,10,regular,2025-11-01T17:00:00.000Z,False,True,False,True,,5886,West Family Stadium,2699,West Liberty,ii,Mountain East,44,"[14, 7, 14, 3, 6]",,,,2986,Fairmont State,ii,Mountain East,45,"[7, 7, 14, 10, 7]",,,,,,,
401783336,2025,10,regular,2025-11-01T17:00:00.000Z,False,True,False,True,,5907,McCarthy Stadium (Wilkes Barre),247,King's,iii,Mid Atlantic,24,"[7, 7, 3, 7]",,,,2015,Albright,iii,Mid Atlantic,14,"[0, 7, 0, 7]",,,,,,,
401773934,2025,10,regular,2025-11-01T17:00:00.000Z,False,True,False,True,,3663,Burke-Tarr Stadium,2105,Carson Newman,ii,South Atlantic,24,"[3, 7, 7, 7]",,,,2107,Catawba,ii,South Atlantic,16,"[3, 3, 0, 10]",,,,,,,
401773501,2025,10,regular,2025-11-01T17:00:00.000Z,False,True,False,True,,3731,Frost-Kalnow Stadium,2838,Tiffin,ii,Great Midwest Athletic,24,"[7, 0, 14, 3]",,,,2316,Kentucky Wesleyan,ii,Great Midwest Athletic,12,"[0, 6, 0, 6]",,,,,,,
401774042,2025,10,regular,2025-11-01T17:00:00.000Z,False,True,False,True,,3675,Charles A. Gaetano Stadium,390,Utica,iii,Empire 8,31,"[14, 10, 7, 0]",,,,374,St. John Fisher,iii,Empire 8,7,"[0, 7, 0, 0]",,,,,,,
401777772,2025,10,regular,2025-11-01T17:00:00.000Z,False,True,False,False,,6143,Golden Bear Stadium,2702,Western New England,iii,Commonwealth Coast,55,"[21, 13, 7, 14]",,,,131108,New England College,,,0,"[0, 0, 0, 0]",,,,,,,
401774137,2025,10,regular,2025-11-01T17:00:00.000Z,False,True,False,False,,5905,Kean Alumni Stadium,2871,Kean,iii,New Jersey,14,"[0, 0, 7, 7]",,,,293,Vermont State Castleton,iii,New Jersey,9,"[0, 7, 2, 0]",,,,,,,
401773467,2025,10,regular,2025-11-01T17:00:00.000Z,False,True,False,True,,3600,Tom Adams Field,131,Wayne State (MI),ii,GLIAC,13,"[3, 3, 0, 7]",,,,125,Grand Valley State,ii,GLIAC,59,"[3, 14, 28, 14]",,,,,,,
401777284,2025,10,regular,2025-11-01T17:00:00.000Z,False,True,False,True,,5864,Robert E. Thorn Field,146,Grove City,iii,Presidents',59,"[7, 17, 21, 14]",,,,2614,Saint Vincent,iii,Presidents',14,"[0, 7, 0, 7]",,,,,,,
401773482,2025,10,regular,2025-11-01T17:00:00.000Z,False,True,False,True,,3960,Top Taggart Field,2222,Ferris State,ii,GLIAC,70,"[14, 21, 14, 21]",,,,128,Northern Michigan,ii,GLIAC,35,"[14, 7, 0, 14]",,,,,,,
401773522,2025,10,regular,2025-11-01T17:00:00.000Z,False,True,False,True,,4851,Bazemore-Hyder Stadium,2673,Valdosta State,ii,Gulf South,45,"[7, 17, 0, 21]",,,,2695,West Alabama,ii,Gulf South,35,"[7, 0, 0, 28]",,,,,,,
401773688,2025,10,regular,2025-11-01T17:00:00.000Z,False,True,False,True,,5785,Dickerson Stadium,2707,West Virginia State,ii,Mountain East,52,"[14, 0, 21, 17]",,,,2249,Glenville State,ii,Mountain East,28,"[7, 0, 14, 7]",,,,,,,
401789790,2025,10,regular,2025-11-01T17:00:00.000Z,False,True,False,True,,4855,Leslie C. Quick Jr. Stadium,2725,Widener,iii,Mid Atlantic,0,"[0, 0, 0, 0]",,,,127954,Eastern,iii,Mid Atlantic,35,"[7, 14, 7, 7]",,,,,,,
401783342,2025,10,regular,2025-11-01T17:00:00.000Z,False,True,False,True,,5791,Turf Field,111674,Alvernia,iii,Mid Atlantic,10,"[0, 3, 0, 7]",,,,2808,Delaware Valley,iii,Mid Atlantic,43,"[7, 14, 10, 12]",,,,,,,
401767193,2025,10,regular,2025-11-01T17:00:00.000Z,False,True,False,True,3325,3607,Alfond Stadium,311,Maine,fcs,Coastal Athletic,28,"[14, 0, 14, 0]",0.9569078087806702,,,2619,Stony Brook,fcs,Coastal Athletic,21,"[0, 7, 7, 7]",0.043092191219329834,,,3.5518300248442265,,,
401783904,2025,10,regular,2025-11-01T17:00:00.000Z,False,True,False,True,,6114,Sea Gull Stadium,2532,Salisbury,iii,New Jersey,51,"[21, 16, 7, 7]",,,,2970,William Paterson,iii,New Jersey,7,"[0, 0, 0, 7]",,,,,,,
401773985,2025,10,regular,2025-11-01T17:00:00.000Z,False,True,False,True,,6056,B.T. Harvey Stadium,60,Morehouse,ii,SIAC,17,"[7, 0, 3, 7]",,,,2019,Allen,ii,SIAC,28,"[6, 8, 6, 8]",,,,,,,
401767765,2025,10,regular,2025-11-01T17:00:00.000Z,False,True,False,True,900,6075,W.B. Mason Stadium,284,Stonehill,fcs,NEC,17,"[0, 17, 0, 0]",0.5818386077880859,,,2523,Robert Morris,fcs,NEC,20,"[7, 3, 3, 7]",0.41816139221191406,,,5.298820144833496,,,
401767693,2025,10,regular,2025-11-01T17:00:00.000Z,False,True,False,True,4273,3921,Schoellkopf Field,172,Cornell,fcs,Ivy,20,"[0, 7, 6, 7]",0.8725924491882324,,,163,Princeton,fcs,Ivy,17,"[14, 3, 0, 0]",0.12740755081176758,,,5.514555771952563,,,
401773213,2025,10,regular,2025-11-01T17:00:00.000Z,False,True,False,True,,3770,Jack Miller Stadium,308,Ashland,ii,Great Midwest Athletic,23,"[3, 10, 3, 7]",,,,2682,Walsh,ii,Great Midwest Athletic,16,"[7, 3, 3, 3]",,,,,,,
401767730,2025,10,regular,2025-11-01T17:00:00.000Z,False,True,False,True,16583,3722,Fitton Field,107,Holy Cross,fcs,Patriot,13,"[0, 3, 10, 0]",0.4951990842819214,,,322,Lafayette,fcs,Patriot,21,"[7, 0, 7, 7]",0.5048009157180786,,,6.668019561138069,,,
401773654,2025,10,regular,2025-11-01T17:00:00.000Z,False,True,False,True,,5121,University of Charleston Stadium,2128,Charleston (WV),ii,Mountain East,69,"[21, 14, 27, 7]",,,,455,West Virginia Wesleyan,ii,Mountain East,15,"[7, 0, 2, 6]",,,,,,,
401773084,2025,10,regular,2025-11-01T17:00:00.000Z,False,True,False,True,,3813,"Luther ""Nick"" Jeralds Stadium",2220,Fayetteville State,ii,CIAA,14,"[0, 0, 0, 14]",,,,2304,Johnson C. Smith,ii,CIAA,17,"[3, 7, 0, 7]",,,,,,,
401773601,2025,10,regular,2025-11-01T17:00:00.000Z,False,True,False,True,,6057,Ron & Carol Cope Stadium at Foster Field,2438,Nebraska Kearney,ii,Mid America,35,"[0, 7, 21, 7]",,,,2122,Central Oklahoma,ii,Mid America,24,"[7, 10, 0, 7]",,,,,,,
401766726,2025,10,regular,2025-11-01T17:00:00.000Z,False,True,False,True,,6131,Jessee/Miller Field,2977,Trinity (CT),iii,NESCAC,14,"[0, 7, 0, 7]",,,,7,Amherst,iii,NESCAC,7,"[0, 0, 7, 0]",,,,,,,
401766725,2025,10,regular,2025-11-01T17:00:00.000Z,False,True,False,True,,6151,Farley-Lamb Field,2731,Williams,iii,NESCAC,28,"[7, 7, 7, 7, 0]",,,,336,Wesleyan (CT),iii,NESCAC,34,"[0, 7, 0, 21, 6]",,,,,,,
401773682,2025,10,regular,2025-11-01T17:00:00.000Z,False,True,False,False,,4436,Adamson Stadium,2858,California (PA),ii,Pennsylvania State Athletic,31,"[14, 7, 3, 7]",,,,341,Frostburg State,ii,Mountain East,26,"[7, 12, 0, 7]",,,,,,,
401766723,2025,10,regular,2025-11-01T17:00:00.000Z,False,True,False,True,,6133,Ellis Oval at Zimman Field,112,Tufts,iii,NESCAC,6,"[0, 0, 6, 0]",,,,33,Colby,iii,NESCAC,33,"[3, 16, 0, 14]",,,,,,,
401773824,2025,10,regular,2025-11-01T17:00:00.000Z,False,True,False,True,,4430,Mihalik-Thompson Stadium,215,Slippery Rock,ii,Pennsylvania State Athletic,42,"[14, 7, 7, 14]",,,,2134,Clarion,ii,Pennsylvania State Athletic,23,"[14, 3, 0, 6]",,,,,,,
401773978,2025,10,regular,2025-11-01T17:00:00.000Z,False,True,False,True,,5867,Albany State University Coliseum,2013,Albany State,ii,SIAC,21,"[7, 7, 7, 0]",,,,2542,Savannah State,ii,SIAC,18,"[0, 3, 7, 8]",,,,,,,
401773273,2025,10,regular,2025-11-01T17:00:00.000Z,False,True,False,False,,3877,Pioneer Stadium,3162,Alfred State,iii,Empire 8,7,"[0, 0, 0, 7]",,,,2782,SUNY Cortland,iii,Empire 8,49,"[14, 7, 14, 14]",,,,,,,
401777973,2025,10,regular,2025-11-01T17:00:00.000Z,False,True,False,True,,5868,Ronald J. Abdow Field,2022,American International,ii,Northeast 10,19,"[7, 9, 0, 3]",,,,126086,Post,ii,Northeast 10,10,"[0, 3, 7, 0]",,,,,,,
401777233,2025,10,regular,2025-11-01T17:00:00.000Z,False,True,False,False,,5848,Hotchkiss Field,417,Gallaudet,iii,Old Dominion,8,"[0, 0, 8, 0]",,,,297,Hampden Sydney,iii,Old Dominion,61,"[34, 27, 0, 0]",,,,,,,
401777108,2025,10,regular,2025-11-01T17:00:00.000Z,False,True,False,True,,6127,John P. Papp Stadium,2748,Wooster,iii,North Coast,49,"[7, 35, 7, 0]",,,,352,Kenyon,iii,North Coast,6,"[0, 0, 6, 0]",,,,,,,
401774242,2025,10,regular,2025-11-01T17:00:00.000Z,False,True,False,False,,5932,Lloyd L. Thornton Stadium,2373,Maryville (TN),iii,USA South,42,"[14, 14, 7, 7]",,,,2519,Rhodes,iii,Southern Athletic,22,"[0, 15, 7, 0]",,,,,,,
401774284,2025,10,regular,2025-11-01T17:00:00.000Z,False,True,False,True,,3823,Hardee-McGee Field,2553,Sewanee,iii,Southern Athletic,3,"[0, 0, 0, 3]",,,,386,Trinity (TX),iii,Southern Athletic,32,"[7, 6, 6, 13]",,,,,,,
401777132,2025,10,regular,2025-11-01T17:00:00.000Z,False,True,False,True,,5123,Little Giant Stadium,89,Wabash,iii,North Coast,28,"[0, 7, 14, 7]",,,,2746,Wittenberg,iii,North Coast,21,"[7, 7, 0, 7]",,,,,,,
401774396,2025,10,regular,2025-11-01T17:00:00.000Z,False,True,False,True,,5839,Langhorst Field,72,Elmhurst,iii,CCIW,0,"[0, 0, 0, 0]",,,,396,Wheaton (IL),iii,CCIW,65,"[28, 16, 14, 7]",,,,,,,
401776784,2025,10,regular,2025-11-01T17:00:00.000Z,False,True,False,True,,5786,Sprankle-Sprandel Stadium,2790,Albion,iii,Michigan,0,"[0, 0, 0, 0]",,,,2812,Hope,iii,Michigan,62,"[21, 13, 7, 21]",,,,,,,
401777622,2025,10,regular,2025-11-01T17:00:00.000Z,False,True,False,True,,5803,Bison Stadium,2062,Bethany (WV),iii,Presidents',28,"[0, 6, 7, 15]",,,,2845,Waynesburg,iii,Presidents',48,"[0, 14, 21, 13]",,,,,,,
401766722,2025,10,regular,2025-11-01T17:00:00.000Z,False,True,False,True,,5806,Whittier Field,340,Bowdoin,iii,NESCAC,17,"[0, 14, 0, 3]",,,,121,Bates,iii,NESCAC,9,"[0, 0, 0, 9]",,,,,,,
401774341,2025,10,regular,2025-11-01T17:00:00.000Z,False,True,False,True,,5818,Farris Stadium,2121,Centre,iii,Southern Athletic,13,"[0, 7, 6, 0]",,,,2757,Berry,iii,Southern Athletic,31,"[7, 10, 7, 7]",,,,,,,
401774311,2025,10,regular,2025-11-01T17:00:00.000Z,False,True,False,True,,3879,TowneBank Stadium,3112,Christopher Newport,iii,New Jersey,49,"[7, 14, 14, 14]",,,,2818,Montclair State,iii,New Jersey,42,"[8, 12, 15, 7]",,,,,,,
401774215,2025,10,regular,2025-11-01T17:00:00.000Z,False,True,False,True,,6117,Knight Stadium,2896,Southern Virginia,iii,USA South,19,"[0, 12, 7, 0]",,,,2056,Belhaven,iii,USA South,41,"[13, 14, 0, 14]",,,,,,,
401774115,2025,10,regular,2025-11-01T17:00:00.000Z,False,True,False,True,,6113,Leckonby Stadium,2779,St. Lawrence,iii,Liberty League,0,"[0, 0, 0, 0]",,,,2528,Rensselaer,iii,Liberty League,48,"[14, 13, 21, 0]",,,,,,,
401774109,2025,10,regular,2025-11-01T17:00:00.000Z,False,True,False,True,,5862,Butterfield Stadium,175,Ithaca,iii,Liberty League,49,"[14, 21, 0, 14]",,,,2085,Buffalo State,iii,Liberty League,7,"[0, 7, 0, 0]",,,,,,,
401774096,2025,10,regular,2025-11-01T17:00:00.000Z,False,True,False,False,,6142,Westside Athletic Complex,2843,Western Connecticut State,iii,Landmark Conference,0,"[0, 0, 0, 0]",,,,216,Susquehanna,iii,Landmark Conference,34,"[7, 7, 10, 10]",,,,,,,
401774069,2025,10,regular,2025-11-01T17:00:00.000Z,False,True,False,True,,7077,Shadek Stadium,2234,Franklin & Marshall,iii,Centennial,24,"[7, 10, 0, 7]",,,,2700,McDaniel,iii,Centennial,3,"[0, 0, 3, 0]",,,,,,,
401776780,2025,10,regular,2025-11-01T17:00:00.000Z,False,True,False,True,,5904,Angell Field,126,Kalamazoo,iii,Michigan,7,"[0, 0, 0, 7]",,,,2003,Adrian,iii,Michigan,34,"[7, 20, 0, 7]",,,,,,,
401777259,2025,10,regular,2025-11-01T17:00:00.000Z,False,True,False,True,,6146,Memorial Field (PA),2849,Westminster (PA),iii,Presidents',57,"[10, 19, 14, 14]",,,,2018,Allegheny,iii,Presidents',21,"[14, 7, 0, 0]",,,,,,,
401777092,2025,10,regular,2025-11-01T17:00:00.000Z,False,True,False,False,,5855,Charles A. Henry Field,2274,Hiram,iii,Presidents',20,"[6, 8, 6, 0]",,,,2644,Thiel,iii,Presidents',48,"[8, 13, 20, 7]",,,,,,,
401777082,2025,10,regular,2025-11-01T17:00:00.000Z,False,True,False,True,,6099,Selby Stadium,2980,Ohio Wesleyan,iii,North Coast,10,"[3, 0, 0, 7]",,,,83,DePauw,iii,North Coast,40,"[6, 14, 13, 7]",,,,,,,
401776981,2025,10,regular,2025-11-01T17:00:00.000Z,False,True,False,True,,6135,Blue Storm Stadium,111675,New England,iii,Commonwealth Coast,58,"[21, 17, 13, 7]",,,,2884,Nichols,iii,Commonwealth Coast,34,"[0, 12, 8, 14]",,,,,,,
401776797,2025,10,regular,2025-11-01T17:00:00.000Z,False,True,False,True,,10463,Grand Rapids Christian High School,129738,Calvin,iii,Michigan,50,"[7, 14, 7, 22]",,,,354,Olivet,iii,Michigan,20,"[7, 7, 0, 6]",,,,,,,
401777075,2025,10,regular,2025-11-01T17:00:00.000Z,False,True,False,True,,5834,Deeds Field-Piper Stadium,2171,Denison,iii,North Coast,62,"[7, 28, 13, 14]",,,,391,Oberlin,iii,North Coast,9,"[0, 9, 0, 0]",,,,,,,
401769068,2025,10,regular,2025-11-01T17:00:00.000Z,False,True,False,False,2713,3617,Andy Kerr Stadium,2142,Colgate,fcs,Patriot,23,"[3, 7, 3, 7, 3]",0.33083683252334595,,,2771,Merrimack,fcs,FCS Independents,20,"[0, 10, 7, 3, 0]",0.669163167476654,,,8.853042848964588,,,
401767205,2025,10,regular,2025-11-01T17:00:00.000Z,False,True,False,True,7517,3962,Tucker Stadium,2635,Tennessee Tech,fcs,OVC-Big South,27,"[3, 7, 0, 17]",0.8818155527114868,,,2241,Gardner-Webb,fcs,OVC-Big South,21,"[7, 7, 0, 7]",0.11818444728851318,,,5.435159174039494,,,
401767642,2025,10,regular,2025-11-01T17:00:00.000Z,False,True,False,True,2239,3627,Bailey Memorial Stadium,2506,Presbyterian,fcs,Pioneer,43,"[13, 10, 7, 13]",0.9955682158470154,,,2674,Valparaiso,fcs,Pioneer,14,"[0, 0, 7, 7]",0.004431784152984619,,,2.1727202755591795,,,
401767608,2025,10,regular,2025-11-01T17:00:00.000Z,False,True,False,True,3907,3774,Jayne Stadium,2413,Morehead State,fcs,Pioneer,28,"[7, 6, 0, 15]",0.6601747274398804,,,2166,Davidson,fcs,Pioneer,24,"[3, 14, 0, 7]",0.33982527256011963,,,5.669737973052874,,,
401767598,2025,10,regular,2025-11-01T17:00:00.000Z,False,True,False,True,2062,3664,Butler Bowl,2086,Butler,fcs,Pioneer,19,"[7, 0, 6, 6]",0.10811104625463486,,,2181,Drake,fcs,Pioneer,24,"[7, 7, 3, 7]",0.8918889537453651,,,5.394126953019149,,,
401783285,2025,10,regular,2025-11-01T17:00:00.000Z,False,True,False,True,,6136,Patterson Field,2667,Ursinus,iii,Centennial,40,"[0, 13, 6, 21]",,,,2248,Gettysburg,iii,Centennial,13,"[3, 0, 10, 0]",,,,,,,
401774127,2025,10,regular,2025-11-01T17:00:00.000Z,False,True,False,True,,6130,Fred Zollner Athletic Stadium,2651,Trine,iii,Michigan,28,"[7, 7, 7, 7]",,,,2800,Alma,iii,Michigan,42,"[21, 14, 7, 0]",,,,,,,
401773739,2025,10,regular,2025-11-01T17:00:00.000Z,False,True,False,True,,3606,Scheels Field at Nemzek Stadium,2817,Minnesota St Moorhead,ii,Northern Sun,49,"[7, 21, 7, 14]",,,,132,Bemidji State,ii,Northern Sun,21,"[7, 7, 0, 7]",,,,,,,
401774373,2025,10,regular,2025-11-01T17:00:00.000Z,False,True,False,True,,6093,Holmgren Athletic Complex,75,North Park,iii,CCIW,14,"[0, 7, 0, 7]",,,,2106,Carthage,iii,CCIW,10,"[0, 10, 0, 0]",,,,,,,
401774363,2025,10,regular,2025-11-01T17:00:00.000Z,False,True,False,True,,5815,Schneider Stadium,32,Carroll (WI),iii,CCIW,7,"[0, 0, 7, 0]",,,,3071,North Central College,iii,CCIW,64,"[28, 20, 10, 6]",,,,,,,
401776990,2025,10,regular,2025-11-01T17:00:00.000Z,False,True,False,True,,3851,Mustang Stadium,471,Stevenson,iii,Mid Atlantic,15,"[0, 6, 3, 6]",,,,388,Lebanon Valley,iii,Mid Atlantic,13,"[0, 7, 0, 6]",,,,,,,
401773779,2025,10,regular,2025-11-01T17:00:00.000Z,False,True,False,True,,5933,Sea Foam Stadium,3066,Concordia St. Paul,ii,Northern Sun,0,"[0, 0, 0, 0]",,,,2844,Wayne State (NE),ii,Northern Sun,34,"[14, 6, 0, 14]",,,,,,,
401773310,2025,10,regular,2025-11-01T17:00:00.000Z,False,True,False,False,,6134,Frank Bailey Field,237,Union,iii,Liberty League,34,"[10, 14, 7, 3]",,,,125974,Hilbert,iii,Empire 8,13,"[0, 0, 0, 13]",,,,,,,
401777242,2025,10,regular,2025-11-01T17:00:00.000Z,False,True,False,True,,6105,Day Field,2516,Randolph Macon,iii,Old Dominion,31,"[14, 7, 7, 3]",,,,2828,Shenandoah,iii,Old Dominion,14,"[0, 7, 0, 7]",,,,,,,
401756939,2025,10,regular,2025-11-01T17:00:00.000Z,False,True,False,True,60899,3772,Jack Trice Stadium,66,Iowa State,fbs,Big 12,19,"[3, 13, 3, 0]",0.4088120758533478,1597,1589,9,Arizona State,fbs,Big 12,24,"[3, 14, 7, 0]",0.5911879241466522,1609,1617,6.789113847524804,,,
401777180,2025,10,regular,2025-11-01T17:30:00.000Z,False,True,False,True,,6090,Sherman Field at McConagha Stadium,332,Muskingum,iii,Ohio,28,"[7, 7, 0, 14]",,,,188,Baldwin Wallace,iii,Ohio,35,"[7, 14, 0, 14]",,,,,,,
401774425,2025,10,regular,2025-11-01T17:30:00.000Z,False,True,False,True,,5930,Carl W. Burt Memorial Stadium,2362,Manchester,iii,Heartland,13,"[0, 6, 7, 0]",,,,86,Rose Hulman,iii,Heartland,35,"[7, 14, 0, 14]",,,,,,,
401774432,2025,10,regular,2025-11-01T17:30:00.000Z,False,True,False,False,,6098,Dial-Roberson Stadium,427,Ohio Northern,iii,Ohio,49,"[7, 7, 21, 14]",,,,2419,Mount St Joseph,iii,Heartland,42,"[0, 20, 15, 7]",,,,,,,
401767582,2025,10,regular,2025-11-01T17:30:00.000Z,False,True,False,True,4985,3737,Gibbs Stadium,2747,Wofford,fcs,Southern,26,"[14, 0, 9, 3]",0.8521903157234192,,,2535,Samford,fcs,Southern,16,"[10, 0, 6, 0]",0.1478096842765808,,,4.998506227954272,,,
401777188,2025,10,regular,2025-11-01T17:30:00.000Z,False,True,False,True,,4856,Mount Union Stadium,426,Mount Union,iii,Ohio,65,"[13, 14, 24, 14]",,,,424,Capital,iii,Ohio,17,"[10, 7, 0, 0]",,,,,,,
401777195,2025,10,regular,2025-11-01T17:30:00.000Z,False,True,False,True,,5854,Hoernemann Stadium,191,Heidelberg,iii,Ohio,69,"[10, 28, 14, 17]",,,,359,Otterbein,iii,Ohio,13,"[7, 0, 6, 0]",,,,,,,
401773283,2025,10,regular,2025-11-01T17:30:00.000Z,False,True,False,False,,5898,John Coughlin Memorial Field,402,Worcester State,iii,MSCAC,35,"[17, 3, 7, 8]",,,,15,Anna Maria College,iii,MSCAC,45,"[17, 7, 14, 7]",,,,,,,
401774413,2025,10,regular,2025-11-01T17:30:00.000Z,False,True,False,True,,5793,Macholtz Stadium,2023,Anderson (IN),iii,Heartland,7,"[0, 7, 0, 0]",,,,2233,Franklin,iii,Heartland,41,"[14, 13, 14, 0]",,,,,,,
401774404,2025,10,regular,2025-11-01T17:30:00.000Z,False,True,False,True,,5805,Alumni Field (OH),2074,Bluffton,iii,Heartland,0,"[0, 0, 0, 0]",,,,2262,Hanover,iii,Heartland,48,"[14, 14, 7, 13]",,,,,,,
401773120,2025,10,regular,2025-11-01T17:30:00.000Z,False,True,False,True,,7076,J.W. Babb Stadium,101784,Erskine,ii,Carolinas,30,"[9, 7, 7, 7]",,,,2804,Chowan,ii,Carolinas,34,"[7, 6, 7, 14]",,,,,,,
401778032,2025,10,regular,2025-11-01T18:00:00.000Z,False,True,False,True,,6145,Blue Jay Stadium,433,Westminster (MO),iii,Upper Midwest,24,"[7, 7, 3, 7]",,,,2257,Greenville,iii,Upper Midwest,7,"[0, 0, 7, 0]",,,,,,,
401773891,2025,10,regular,2025-11-01T18:00:00.000Z,False,True,False,True,,3860,O'Harra Stadium,613,South Dakota Mines,ii,Rocky Mountain,10,"[9, 1, 0, 0]",,,,2123,Chadron State,ii,Rocky Mountain,35,"[7, 14, 0, 14]",,,,,,,
401767401,2025,10,regular,2025-11-01T18:00:00.000Z,False,True,False,True,14061,3864,Oliver C. Dawson Stadium,2569,South Carolina State,fcs,MEAC,36,"[7, 21, 5, 3]",0.9746646285057068,,,2415,Morgan State,fcs,MEAC,30,"[0, 10, 0, 20]",0.025335371494293213,,,4.23878976476477,,,
401773610,2025,10,regular,2025-11-01T18:00:00.000Z,False,True,False,True,,5942,Francis G. Welch Stadium,2214,Emporia State,ii,Mid America,14,"[7, 0, 7, 0]",,,,138,Northwest Missouri State,ii,Mid America,41,"[14, 0, 20, 7]",,,,,,,
401773255,2025,10,regular,2025-11-01T18:00:00.000Z,False,True,False,True,,5857,Gordon Wood Stadium,2758,Howard Payne,iii,American Southwest,24,"[0, 7, 7, 10]",,,,2810,Hardin Simmons,iii,American Southwest,54,"[22, 8, 14, 10]",,,,,,,
401773380,2025,10,regular,2025-11-01T18:00:00.000Z,False,True,False,True,,6065,Cliff Harris Stadium,2888,Ouachita Baptist,ii,Great American,55,"[21, 21, 13, 0]",,,,2823,Northwestern (OK),ii,Great American,14,"[0, 7, 0, 7]",,,,,,,
401773413,2025,10,regular,2025-11-01T18:00:00.000Z,False,True,False,True,,6045,Dwight T. Reed Stadium,2876,Lincoln (MO),ii,Great Lakes,26,"[0, 7, 6, 13]",,,,2654,Truman State,ii,Great Lakes,59,"[3, 28, 7, 21]",,,,,,,
401773577,2025,10,regular,2025-11-01T18:00:00.000Z,False,True,False,True,,3633,Ben Altamirano Field,2703,Western New Mexico,ii,Lone Star,7,"[7, 0, 0, 0]",,,,110243,UT Permian Basin,ii,Lone Star,66,"[14, 24, 14, 14]",,,,,,,
401773765,2025,10,regular,2025-11-01T18:00:00.000Z,False,True,False,True,,5872,Kirkeby-Over Stadium,2043,Augustana (SD),ii,Northern Sun,27,"[3, 10, 7, 7]",,,,425,Northern State,ii,Northern Sun,14,"[0, 7, 0, 7]",,,,,,,
401773403,2025,10,regular,2025-11-01T18:00:00.000Z,False,True,False,True,,3723,QU Stadium,2825,Quincy,ii,Great Lakes,3,"[0, 3, 0, 0]",,,,2292,Indianapolis,ii,Great Lakes,49,"[14, 7, 21, 7]",,,,,,,
401773620,2025,10,regular,2025-11-01T18:00:00.000Z,False,True,False,True,,5890,Lewis Field Stadium,2231,Fort Hays,ii,Mid America,24,"[0, 10, 14, 0]",,,,2118,Central Missouri,ii,Mid America,28,"[0, 0, 14, 14]",,,,,,,
401767585,2025,10,regular,2025-11-01T18:00:00.000Z,False,True,False,True,11127,3782,Johnson Hagood Stadium,2643,The Citadel,fcs,Southern,35,"[0, 0, 7, 28]",0.8575687408447266,,,2678,VMI,fcs,Southern,24,"[7, 7, 7, 3]",0.14243125915527344,,,4.766400593905861,,,
401762498,2025,10,regular,2025-11-01T18:00:00.000Z,False,True,False,True,13168,3806,Lincoln Financial Field,218,Temple,fbs,American Athletic,14,"[7, 7, 0, 0]",0.03383317217230797,1319,1258,151,East Carolina,fbs,American Athletic,45,"[14, 14, 14, 3]",0.966166827827692,1530,1591,4.039789827827728,,,
401777606,2025,10,regular,2025-11-01T18:00:00.000Z,False,True,False,True,,3843,MLC Bowl,446,Martin Luther,iii,Upper Midwest,17,"[7, 0, 0, 10]",,,,583,Northwestern (MN),iii,Upper Midwest,24,"[7, 3, 7, 7]",,,,,,,
401777990,2025,10,regular,2025-11-01T18:00:00.000Z,False,True,True,False,,5863,Don Shula Stadium at Wasmer Field,2939,Jamestown,ii,Northern Sun,29,"[8, 0, 13, 8]",,,,134,Minnesota Duluth,ii,Northern Sun,45,"[14, 10, 14, 7]",,,,,,,
401767506,2025,10,regular,2025-11-01T18:00:00.000Z,False,True,False,True,6809,1905,DakotaDome,233,South Dakota,fcs,MVFC,26,"[2, 14, 10, 0]",0.8124339580535889,,,155,North Dakota,fcs,MVFC,21,"[0, 7, 7, 7]",0.18756604194641113,,,4.997447456446762,,,
401774172,2025,10,regular,2025-11-01T18:00:00.000Z,False,True,False,True,,5914,Veterans Memorial Stadium (WI),2740,Wisconsin La Crosse,iii,Wisconsin,31,"[7, 7, 7, 10]",,,,2744,Wisconsin Stout,iii,Wisconsin,14,"[0, 7, 7, 0]",,,,,,,
401777730,2025,10,regular,2025-11-01T18:00:00.000Z,False,True,False,True,,4463,Crusader Stadium,2371,Mary Hardin Baylor,iii,American Southwest,62,"[24, 7, 21, 10]",,,,2194,East Texas Baptist,iii,American Southwest,14,"[0, 7, 0, 7]",,,,,,,
401767716,2025,10,regular,2025-11-01T18:00:00.000Z,False,True,False,False,4847,2068,E. Claiborne Robins Stadium,257,Richmond,fcs,Patriot,17,"[7, 3, 7, 0]",0.7998219728469849,,,2230,Fordham,fcs,Patriot,14,"[7, 0, 0, 7]",0.20017802715301514,,,4.420941539172421,,,
401776772,2025,10,regular,2025-11-01T18:00:00.000Z,False,True,False,True,,5825,Jake Christiansen Stadium,2152,Concordia (MN),iii,Minnesota,9,"[0, 0, 0, 9]",,,,2802,Bethel (MN),iii,Minnesota,55,"[7, 27, 21, 0]",,,,,,,
401773964,2025,10,regular,2025-11-01T18:00:00.000Z,False,True,False,True,,6078,Pioneer Field (TN),2839,Tusculum,ii,South Atlantic,7,"[0, 0, 0, 7]",,,,2369,Mars Hill,ii,South Atlantic,28,"[14, 7, 0, 7]",,,,,,,
401767168,2025,10,regular,2025-11-01T18:00:00.000Z,False,True,False,True,2376,7003,Houck Field,2546,Southeast Missouri State,fcs,OVC-Big South,17,"[3, 0, 7, 7]",0.18194204568862915,,,2127,Charleston Southern,fcs,OVC-Big South,23,"[3, 17, 0, 3]",0.8180579543113708,,,5.787744044745283,,,
401767570,2025,10,regular,2025-11-01T18:00:00.000Z,False,True,False,True,7867,3868,Paladin Stadium,231,Furman,fcs,Southern,28,"[13, 0, 15, 0]",0.020158760249614716,,,2382,Mercer,fcs,Southern,52,"[7, 17, 21, 7]",0.9798412397503853,,,5.231210136285193,,,
401776741,2025,10,regular,2025-11-01T18:00:00.000Z,False,True,False,True,,6122,Public Schools Stadium,375,St. Scholastica,iii,Minnesota,49,"[14, 14, 0, 21]",,,,162,Hamline,iii,Minnesota,18,"[6, 12, 0, 0]",,,,,,,
401776733,2025,10,regular,2025-11-01T18:00:00.000Z,False,True,False,True,,7079,Laird Stadium,2101,Carleton,iii,Minnesota,48,"[14, 20, 7, 7]",,,,124,Augsburg,iii,Minnesota,17,"[10, 0, 0, 7]",,,,,,,
401773897,2025,10,regular,2025-11-01T18:00:00.000Z,False,True,False,True,,5883,Marv Kay Stadium at Campbell Field,2146,Colorado School of Mines,ii,Rocky Mountain,48,"[7, 10, 17, 14]",,,,2424,New Mexico Highlands,ii,Rocky Mountain,21,"[7, 0, 0, 14]",,,,,,,
401774017,2025,10,regular,2025-11-01T18:00:00.000Z,False,True,False,True,,3705,Earl Kitchings Stadium,2206,Edward Waters,ii,SIAC,17,"[7, 3, 7, 0]",,,,2119,Central State,ii,SIAC,21,"[7, 7, 7, 0]",,,,,,,
401777296,2025,10,regular,2025-11-01T18:00:00.000Z,False,True,False,True,,5798,Jerry E. Apple Stadium,2045,Austin,iii,Southern Collegiate Athletic,28,"[7, 0, 21, 0]",,,,101161,Lyon,iii,Southern Collegiate Athletic,40,"[0, 14, 3, 23]",,,,,,,
401774079,2025,10,regular,2025-11-01T18:00:00.000Z,False,True,False,True,,6089,Scotty Wood Stadium,2422,Muhlenberg,iii,Centennial,26,"[0, 19, 7, 0]",,,,118,Johns Hopkins,iii,Centennial,47,"[20, 7, 7, 13]",,,,,,,
401766720,2025,10,regular,2025-11-01T18:00:00.000Z,False,True,False,True,,5858,England Stadium,2286,Illinois College,iii,Midwest,14,"[7, 7, 0, 0]",,,,65,Grinnell,iii,Midwest,7,"[0, 0, 7, 0]",,,,,,,
401776756,2025,10,regular,2025-11-01T18:00:00.000Z,False,True,False,True,,5893,Hollingsworth Field,2968,Gustavus Adolphus,iii,Minnesota,13,"[0, 10, 3, 0]",,,,2600,Saint John's (MN),iii,Minnesota,31,"[14, 3, 7, 7]",,,,,,,
401774179,2025,10,regular,2025-11-01T18:00:00.000Z,False,True,False,True,,5911,Ralph E. Davis Pioneer Stadium,272,Wisconsin Platteville,iii,Wisconsin,21,"[0, 14, 0, 7]",,,,271,Wisconsin Oshkosh,iii,Wisconsin,14,"[0, 7, 0, 7]",,,,,,,
401773098,2025,10,regular,2025-11-01T18:00:00.000Z,False,True,False,True,,3612,Alumni Memorial Stadium (NC),2940,Livingstone,ii,CIAA,43,"[2, 21, 7, 13]",,,,2551,Shaw,ii,CIAA,13,"[6, 0, 7, 0]",,,,,,,
401766721,2025,10,regular,2025-11-01T18:00:00.000Z,False,True,False,True,,5820,Amos Alonzo Stagg Field,80,Chicago,iii,Midwest,0,"[0, 0, 0, 0]",,,,2919,Monmouth (IL),iii,Midwest,29,"[7, 6, 13, 3]",,,,,,,
401767631,2025,10,regular,2025-11-01T18:00:00.000Z,False,True,False,True,2150,5116,O'Shaughnessy Stadium,2900,St. Thomas (MN),fcs,Pioneer,45,"[15, 20, 7, 3]",0.9867873787879944,,,2368,Marist,fcs,Pioneer,0,"[0, 0, 0, 0]",0.013212621212005615,,,2.5752908630121643,,,
401767109,2025,10,regular,2025-11-01T18:00:00.000Z,False,True,False,True,4092,3856,Nottingham Field,2458,Northern Colorado,fcs,Big Sky,7,"[0, 0, 0, 7]",0.004654521122574806,,,147,Montana State,fcs,Big Sky,55,"[7, 13, 21, 14]",0.9953454788774252,,,14.082682007794583,,,
401773064,2025,10,regular,2025-11-01T18:00:00.000Z,False,True,False,True,,3904,Rogers Stadium (VA),330,Virginia State,ii,CIAA,35,"[0, 14, 7, 14]",,,,2339,Lincoln (PA),ii,CIAA,14,"[7, 0, 7, 0]",,,,,,,
401773055,2025,10,regular,2025-11-01T18:00:00.000Z,False,True,False,True,,5873,Bulldogs Stadium,2075,Bowie State,ii,CIAA,27,"[0, 14, 13, 0]",,,,2207,Elizabeth City State,ii,CIAA,28,"[0, 7, 7, 14]",,,,,,,
401774165,2025,10,regular,2025-11-01T18:00:00.000Z,False,True,False,True,,5903,Community Stadium at Goerke Park,2743,Wisconsin Stevens Point,iii,Wisconsin,39,"[7, 14, 8, 10]",,,,2738,Wisconsin Eau Claire,iii,Wisconsin,36,"[7, 5, 10, 14]",,,,,,,
401777204,2025,10,regular,2025-11-01T18:00:00.000Z,False,True,False,True,,6152,Wiliams Stadium (OH),2733,Wilmington (OH),iii,Ohio,14,"[0, 14, 0, 0]",,,,317,Marietta,iii,Ohio,44,"[13, 17, 0, 14]",,,,,,,
401773183,2025,10,regular,2025-11-01T18:00:00.000Z,False,True,False,True,,5921,Rock Bowl,263,Loras,iii,American Rivers,27,"[0, 0, 0, 27]",,,,2564,Simpson (IA),iii,American Rivers,28,"[7, 7, 0, 14]",,,,,,,
401773170,2025,10,regular,2025-11-01T18:00:00.000Z,False,True,False,True,,5836,Chalmers Field,49,Dubuque,iii,American Rivers,7,"[7, 0, 0, 0]",,,,2141,Coe,iii,American Rivers,19,"[0, 3, 9, 7]",,,,,,,
401773430,2025,10,regular,2025-11-01T18:00:00.000Z,False,True,False,True,,3609,Allgood-Bailey Stadium,2402,Missouri S&T,ii,Great Lakes,24,"[7, 7, 3, 7]",,,,2911,William Jewell,ii,Great Lakes,17,"[3, 0, 6, 8]",,,,,,,
401766719,2025,10,regular,2025-11-01T18:00:00.000Z,False,True,False,True,,5915,Farwell Field,262,Lake Forest,iii,Midwest,72,"[7, 38, 14, 13]",,,,268,Lawrence,iii,Midwest,0,"[0, 0, 0, 0]",,,,,,,
401777048,2025,10,regular,2025-11-01T18:00:00.000Z,False,True,False,True,,6121,Donald J. Schneider Stadium,2832,St. Norbert,iii,NACC,24,"[7, 3, 14, 0]",,,,2283,Benedictine (IL),iii,NACC,17,"[7, 7, 0, 3]",,,,,,,
401777016,2025,10,regular,2025-11-01T18:00:00.000Z,False,True,False,True,,5913,Warrior Field at Raabe Stadium,2741,Wisconsin Lutheran,iii,NACC,42,"[7, 7, 7, 21]",,,,2044,Aurora,iii,NACC,49,"[7, 21, 7, 14]",,,,,,,
401773992,2025,10,regular,2025-11-01T18:00:00.000Z,False,True,False,False,,5875,Charlie W. Johnson Stadium,490,Benedict,ii,SIAC,42,"[14, 7, 14, 7]",,,,2355,Virginia Lynchburg,,,10,"[0, 7, 3, 0]",,,,,,,
401773791,2025,10,regular,2025-11-01T18:00:00.000Z,False,True,False,True,,6070,Bob Young Field,2894,Sioux Falls,ii,Northern Sun,49,"[6, 15, 21, 7]",,,,2851,Winona State,ii,Northern Sun,24,"[14, 3, 0, 7]",,,,,,,
401774465,2025,10,regular,2025-11-01T18:00:00.000Z,False,True,False,True,,6081,Harper Davis Field,2398,Millsaps,iii,Southern Athletic,27,"[7, 7, 13, 0]",,,,2588,Southwestern U,iii,Southern Athletic,24,"[14, 3, 0, 7]",,,,,,,
401774355,2025,10,regular,2025-11-01T18:00:00.000Z,False,True,False,True,,5796,Charles D. Lindberg Stadium,2042,Augustana (IL),iii,CCIW,42,"[7, 14, 7, 14]",,,,306,Illinois Wesleyan,iii,CCIW,21,"[0, 7, 7, 7]",,,,,,,
401777032,2025,10,regular,2025-11-01T18:00:00.000Z,False,True,False,True,,5827,Tomasini Stadium,409,Concordia (WI),iii,NACC,35,"[7, 14, 14, 0]",,,,2524,Rockford,iii,NACC,0,"[0, 0, 0, 0]",,,,,,,
401774200,2025,10,regular,2025-11-01T18:00:00.000Z,False,True,False,True,,5901,David Smith Stadium at Ramer Field,2723,Wisconsin River Falls,iii,Wisconsin,52,"[14, 17, 7, 14]",,,,2745,Wisconsin Whitewater,iii,Wisconsin,14,"[0, 7, 7, 0]",,,,,,,
401777025,2025,10,regular,2025-11-01T18:00:00.000Z,False,True,False,True,,5918,Taylor Field,6353,Lakeland,iii,NACC,47,"[20, 14, 13, 0]",,,,2151,Concordia Chicago,iii,NACC,16,"[0, 7, 0, 9]",,,,,,,
401766718,2025,10,regular,2025-11-01T18:00:00.000Z,False,True,False,True,,6109,Ingalls Field,2891,Ripon,iii,Midwest,49,"[14, 7, 16, 12]",,,,266,Beloit,iii,Midwest,0,"[0, 0, 0, 0]",,,,,,,
401766717,2025,10,regular,2025-11-01T18:00:00.000Z,False,True,False,True,,5908,Harley Knosher Bowl,255,Knox,iii,Midwest,14,"[0, 7, 7, 0]",,,,2155,Cornell (IA),iii,Midwest,35,"[7, 14, 7, 7]",,,,,,,
401773192,2025,10,regular,2025-11-01T18:00:00.000Z,False,True,False,True,,6091,Abel Stadium,6845,Nebraska Wesleyan,iii,American Rivers,10,"[0, 3, 0, 7]",,,,2685,Wartburg,iii,American Rivers,34,"[7, 0, 13, 14]",,,,,,,
401773838,2025,10,regular,2025-11-01T18:00:00.000Z,False,True,False,True,,4433,George P. Miller Stadium,2291,IU Pennsylvania,ii,Pennsylvania State Athletic,26,"[0, 16, 7, 3]",,,,367,Gannon,ii,Pennsylvania State Athletic,6,"[0, 6, 0, 0]",,,,,,,
401773162,2025,10,regular,2025-11-01T18:00:00.000Z,False,True,False,True,,5817,Ron and Joyce Schipper Stadium,2964,Central College,iii,American Rivers,52,"[14, 17, 14, 7]",,,,63,Buena Vista,iii,American Rivers,27,"[7, 7, 0, 13]",,,,,,,
401774382,2025,10,regular,2025-11-01T18:00:00.000Z,False,True,False,True,,6080,Frank M. Lindsay Field,74,Millikin,iii,CCIW,7,"[7, 0, 0, 0]",,,,143,Washington St. Louis,iii,CCIW,38,"[7, 3, 14, 14]",,,,,,,
401767198,2025,10,regular,2025-11-01T19:00:00.000Z,False,True,False,True,4017,3858,O'Brien Stadium,2197,Eastern Illinois,fcs,OVC-Big South,20,"[0, 6, 7, 7, 0]",0.2848511040210724,,,2630,UT Martin,fcs,OVC-Big South,27,"[3, 3, 7, 7, 7]",0.7151488959789276,,,6.842373906862582,,,
401767102,2025,10,regular,2025-11-01T19:00:00.000Z,False,True,False,True,5095,3942,Stewart Stadium,2692,Weber State,fcs,Big Sky,17,"[3, 7, 7, 0]",0.008570102974772453,,,149,Montana,fcs,Big Sky,38,"[21, 10, 0, 7]",0.9914298970252275,,,3.7130779594512653,,,
401760404,2025,10,regular,2025-11-01T19:00:00.000Z,False,True,False,True,25972,6501,Allegiant Stadium,2439,UNLV,fbs,Mountain West,35,"[0, 21, 7, 7]",0.055169641971588135,1567,1549,167,New Mexico,fbs,Mountain West,40,"[7, 24, 3, 6]",0.9448303580284119,1442,1460,7.218828658078055,,,
401773631,2025,10,regular,2025-11-01T19:00:00.000Z,False,True,False,True,,6055,Craig Field at Spratt Memorial Stadium,137,Missouri Western,ii,Mid America,27,"[7, 3, 10, 7]",,,,2687,Washburn,ii,Mid America,24,"[3, 7, 0, 14]",,,,,,,
401767479,2025,10,regular,2025-11-01T19:00:00.000Z,False,True,False,True,2680,3734,Gayle and Tom Benson Stadium,2916,Incarnate Word,fcs,Southland,24,"[7, 14, 3, 0]",0.9295188188552856,,,2320,Lamar,fcs,Southland,17,"[0, 3, 0, 14]",0.07048118114471436,,,3.132453045840913,,,
401767391,2025,10,regular,2025-11-01T19:00:00.000Z,False,True,False,True,4534,3850,Municipal Stadium,2065,Bethune-Cookman,fcs,SWAC,42,"[21, 7, 7, 7]",0.987748920917511,,,2400,Mississippi Valley State,fcs,SWAC,34,"[7, 10, 3, 14]",0.012251079082489014,,,4.045665688380817,,,
401773877,2025,10,regular,2025-11-01T19:00:00.000Z,False,True,False,True,,5944,Ray Dennison Memorial Field,2237,Fort Lewis,ii,Rocky Mountain,44,"[13, 10, 21, 0]",,,,2001,Adams State,ii,Rocky Mountain,24,"[10, 0, 0, 14]",,,,,,,
401767375,2025,10,regular,2025-11-01T19:00:00.000Z,False,True,False,True,3983,3631,BBVA Compass Stadium,2640,Texas Southern,fcs,SWAC,14,"[7, 0, 0, 7]",0,,,2016,Alcorn State,fcs,SWAC,33,"[7, 7, 10, 9]",1,,,5.65774845967133,,,
401774023,2025,10,regular,2025-11-01T19:00:00.000Z,False,True,False,True,,4747,Abbott Memorial Alumni Stadium,2657,Tuskegee,ii,SIAC,18,"[6, 12, 0, 0]",,,,2323,Lane College,ii,SIAC,13,"[0, 7, 6, 0]",,,,,,,
401773374,2025,10,regular,2025-11-01T19:00:00.000Z,False,True,False,True,,3875,Paul Laird Field,199,Southeastern Oklahoma State,ii,Great American,20,"[0, 7, 6, 7]",,,,2271,Henderson State,ii,Great American,21,"[2, 6, 0, 13]",,,,,,,
401773339,2025,10,regular,2025-11-01T19:00:00.000Z,False,True,False,True,,5870,Thone Stadium at Buerkle Field,2033,Arkansas Tech,ii,Great American,42,"[28, 7, 0, 7]",,,,200,Southern Nazarene,ii,Great American,17,"[17, 0, 0, 0]",,,,,,,
401773358,2025,10,regular,2025-11-01T19:00:00.000Z,False,True,False,True,,5936,Koi Ishto Stadium,2191,East Central,ii,Great American,44,"[6, 17, 7, 14]",,,,2568,Southern Arkansas,ii,Great American,22,"[7, 0, 7, 8]",,,,,,,
401773625,2025,10,regular,2025-11-01T19:00:00.000Z,False,True,False,True,,6067,Carnie Smith Stadium,90,Pittsburg State,ii,Mid America,30,"[14, 6, 3, 7]",,,,2403,Missouri Southern State,ii,Mid America,10,"[0, 10, 0, 0]",,,,,,,
401773998,2025,10,regular,2025-11-01T19:00:00.000Z,False,True,False,True,,6042,Alumni Stadium (KY),2310,Kentucky State,ii,SIAC,43,"[8, 21, 7, 7]",,,,2805,Clark Atlanta,ii,SIAC,28,"[0, 10, 6, 12]",,,,,,,
401773349,2025,10,regular,2025-11-01T19:00:00.000Z,False,True,False,True,,5871,Convoy Leslie Cotton Boll Stadium,2028,Arkansas Monticello,ii,Great American,7,"[0, 0, 0, 7]",,,,2927,Southwestern Oklahoma State,ii,Great American,49,"[7, 7, 7, 28]",,,,,,,
401773111,2025,10,regular,2025-11-01T19:00:00.000Z,False,True,False,False,,6060,Grace P. Johnson Stadium,2882,UNC Pembroke,ii,Carolinas,34,"[0, 14, 7, 13]",,,,122666,Barton,ii,Carolinas,17,"[7, 10, 0, 0]",,,,,,,
401773914,2025,10,regular,2025-11-01T19:00:00.000Z,False,True,False,True,,5782,Mountaineer Bowl,2714,Western Colorado,ii,Rocky Mountain,21,"[7, 14, 0, 0]",,,,2570,CSU Pueblo,ii,Rocky Mountain,24,"[0, 7, 14, 3]",,,,,,,
401773756,2025,10,regular,2025-11-01T19:00:00.000Z,False,True,False,True,,3638,MDU Resources Community Bowl,559,University of Mary,ii,Northern Sun,36,"[7, 8, 14, 7]",,,,568,Minot State,ii,Northern Sun,21,"[7, 0, 0, 14]",,,,,,,
401767364,2025,10,regular,2025-11-01T19:00:00.000Z,False,True,False,True,5962,5238,Panther Stadium,2504,Prairie View A&M,fcs,SWAC,28,"[14, 7, 0, 7]",0.15149204432964325,,,2011,Alabama State,fcs,SWAC,31,"[7, 14, 10, 0]",0.8485079556703568,,,5.802560183374607,,,
401777309,2025,10,regular,2025-11-01T19:00:00.000Z,False,True,False,True,,6082,Big Cat Stadium,2399,Minnesota Morris,iii,Upper Midwest,15,"[0, 2, 6, 7]",,,,509,Crown,iii,Upper Midwest,34,"[7, 13, 14, 0]",,,,,,,
401767451,2025,10,regular,2025-11-01T19:00:00.000Z,False,True,False,True,15842,5237,Dana J. Dykhouse Stadium,2571,South Dakota State,fcs,MVFC,12,"[3, 3, 0, 6]",0.3623298108577728,,,282,Indiana State,fcs,MVFC,24,"[7, 3, 7, 7]",0.6376701891422272,,,6.287735187165082,,,
401767442,2025,10,regular,2025-11-01T19:00:00.000Z,False,True,False,True,7756,3744,Hancock Stadium,2287,Illinois State,fcs,MVFC,31,"[14, 7, 7, 3]",0.986816942691803,,,2460,Northern Iowa,fcs,MVFC,16,"[0, 3, 7, 6]",0.013183057308197021,,,2.2291868665378862,,,
401773954,2025,10,regular,2025-11-01T19:00:00.000Z,False,True,False,True,,5781,Irwin Belk Stadium,351,Wingate,ii,South Atlantic,38,"[3, 7, 14, 7, 7]",,,,2331,Lenoir Rhyne,ii,South Atlantic,37,"[14, 10, 0, 7, 6]",,,,,,,
401773885,2025,10,regular,2025-11-01T19:00:00.000Z,False,True,False,True,,5877,Lyle Hare Stadium,2069,Black Hills State,ii,Rocky Mountain,38,"[7, 14, 14, 3]",,,,11,Colorado Mesa,ii,Rocky Mountain,45,"[14, 7, 14, 10]",,,,,,,
401767385,2025,10,regular,2025-11-01T19:00:00.000Z,False,True,False,True,6245,3740,Golden Lion Stadium,2029,Arkansas-Pine Bluff,fcs,SWAC,40,"[7, 17, 14, 2]",1,,,2582,Southern,fcs,SWAC,21,"[0, 7, 7, 7]",0,,,3.7814392406827384,,,
401767702,2025,10,regular,2025-11-01T19:00:00.000Z,False,True,False,True,11334,3750,Harvard Stadium,108,Harvard,fcs,Ivy,31,"[14, 3, 0, 14]",0.9890392422676086,,,159,Dartmouth,fcs,Ivy,10,"[0, 0, 10, 0]",0.010960757732391357,,,2.8136858493800747,,,
401754580,2025,10,regular,2025-11-01T19:00:00.000Z,False,True,False,True,54030,3799,Lane Stadium,259,Virginia Tech,fbs,ACC,16,"[9, 7, 0, 0]",0.09104979038238525,1430,1431,97,Louisville,fbs,ACC,28,"[7, 0, 14, 7]",0.9089502096176147,1738,1737,6.175265038989168,,,
401767315,2025,10,regular,2025-11-01T19:00:00.000Z,False,True,False,True,8776,3902,Eddie Robinson Stadium,2755,Grambling,fcs,SWAC,13,"[0, 6, 0, 7]",0.8349582552909851,,,2010,Alabama A&M,fcs,SWAC,10,"[10, 0, 0, 0]",0.1650417447090149,,,5.567209190084556,,,
401756941,2025,10,regular,2025-11-01T19:30:00.000Z,False,True,False,True,52111,3636,Bill Snyder Family Stadium,2306,Kansas State,fbs,Big 12,20,"[7, 0, 7, 6]",0,1753,1705,2641,Texas Tech,fbs,Big 12,43,"[0, 12, 17, 14]",1,1855,1903,4.938054776568564,,,
401752755,2025,10,regular,2025-11-01T19:30:00.000Z,False,True,True,True,76131,3712,EverBank Stadium,57,Florida,fbs,SEC,20,"[10, 0, 7, 3]",0.12382172793149948,1638,1655,61,Georgia,fbs,SEC,24,"[7, 3, 7, 7]",0.8761782720685005,2034,2017,7.501922970887811,,,
401761641,2025,10,regular,2025-11-01T19:30:00.000Z,False,True,False,True,17087,3817,Malone Stadium,2433,UL Monroe,fbs,Sun Belt,6,"[0, 0, 0, 6]",0,1015,998,295,Old Dominion,fbs,Sun Belt,31,"[17, 7, 0, 7]",1,1463,1480,2.631088345259229,,,
401767355,2025,10,regular,2025-11-01T19:30:00.000Z,False,True,False,True,7651,3990,William H. Greene Stadium,47,Howard,fcs,MEAC,14,"[0, 0, 14, 0]",0.09306692332029343,,,2428,North Carolina Central,fcs,MEAC,35,"[14, 7, 14, 0]",0.9069330766797066,,,3.4746529923553844,,,
401752888,2025,10,regular,2025-11-01T19:30:00.000Z,False,True,False,True,45339,3953,Huntington Bank Stadium,135,Minnesota,fbs,Big Ten,23,"[7, 3, 0, 7, 6]",0.17097459733486176,1515,1514,127,Michigan State,fbs,Big Ten,20,"[0, 0, 7, 10, 3]",0.8290254026651382,1364,1365,8.124405035274927,,,
401754582,2025,10,regular,2025-11-01T19:30:00.000Z,False,True,False,True,16540,3940,Stanford Stadium,24,Stanford,fbs,ACC,20,"[10, 3, 0, 7]",0.00761042395606637,1240,1245,221,Pittsburgh,fbs,ACC,35,"[7, 14, 14, 0]",0.9923895760439336,1673,1668,5.712078469404845,,,
401761642,2025,10,regular,2025-11-01T19:30:00.000Z,False,True,False,True,18462,6526,Hancock Whitney Stadium,6,South Alabama,fbs,Sun Belt,22,"[0, 7, 7, 8]",0.02950141206383705,1400,1375,309,Louisiana,fbs,Sun Belt,31,"[10, 14, 7, 0]",0.970498587936163,1322,1347,4.0834056992858185,,,
401752887,2025,10,regular,2025-11-01T19:30:00.000Z,False,True,False,True,46185,3665,SECU Stadium,120,Maryland,fbs,Big Ten,10,"[3, 0, 7, 0]",0.09772736579179764,1573,1506,84,Indiana,fbs,Big Ten,55,"[7, 13, 21, 14]",0.9022726342082024,2091,2158,3.557163403999338,,,
401757293,2025,10,regular,2025-11-01T19:30:00.000Z,False,True,False,True,18455,3992,Williams Stadium (VA),2335,Liberty,fbs,Conference USA,59,"[7, 21, 21, 10]",0.9901004433631897,1424,1506,48,Delaware,fbs,Conference USA,30,"[3, 6, 15, 6]",0.009899556636810303,1465,1383,3.451953355812776,,,
401777264,2025,10,regular,2025-11-01T19:30:00.000Z,False,True,False,False,,5835,Biddle Field,2175,Dickinson,iii,Centennial,29,"[7, 7, 7, 8]",,,,2102,Carnegie Mellon,iii,Presidents',70,"[14, 21, 14, 21]",,,,,,,
401757294,2025,10,regular,2025-11-01T19:30:00.000Z,False,True,False,True,15023,3796,Houchens Industries-L.T. Smith Stadium,98,Western Kentucky,fbs,Conference USA,35,"[0, 14, 14, 7]",0.9685057401657104,1355,1386,166,New Mexico State,fbs,Conference USA,16,"[3, 3, 3, 7]",0.03149425983428955,1225,1194,4.312841567214245,,,
401754583,2025,10,regular,2025-11-01T19:30:00.000Z,False,True,False,False,44500,3615,"Alumni Stadium (Chestnut Hill, MA)",103,Boston College,fbs,ACC,10,"[0, 7, 3, 0]",0,1299,1339,87,Notre Dame,fbs,FBS Independents,25,"[0, 12, 6, 7]",1,2193,2153,5.266984922724491,,,
401767335,2025,10,regular,2025-11-01T19:30:00.000Z,False,True,False,True,9775,3998,Zable Stadium,2729,William & Mary,fcs,Coastal Athletic,37,"[9, 19, 9, 0]",0.9805788397789001,,,399,UAlbany,fcs,Coastal Athletic,7,"[0, 0, 0, 7]",0.019421160221099854,,,2.250404214574548,,,
401767513,2025,10,regular,2025-11-01T19:30:00.000Z,False,True,False,True,14607,3714,Fargodome,2449,North Dakota State,fcs,MVFC,38,"[7, 21, 7, 3]",0.9575772881507874,,,2754,Youngstown State,fcs,MVFC,30,"[3, 17, 3, 7]",0.042422711849212646,,,4.645231825199097,,,
401760402,2025,10,regular,2025-11-01T19:30:00.000Z,False,True,False,True,32826,3653,Albertsons Stadium,68,Boise State,fbs,Mountain West,7,"[0, 7, 0, 0]",0.06801986694335938,1724,1616,278,Fresno State,fbs,Mountain West,30,"[7, 3, 14, 6]",0.9319801330566406,1360,1468,4.483067995981335,,,
401754576,2025,10,regular,2025-11-01T19:45:00.000Z,False,True,False,True,30893,3831,California Memorial Stadium,25,California,fbs,ACC,21,"[0, 7, 7, 7]",0.02269030548632145,1397,1392,258,Virginia,fbs,ACC,31,"[10, 7, 7, 7]",0.9773096945136786,1580,1585,5.718828438861106,,,
401767473,2025,10,regular,2025-11-01T20:00:00.000Z,False,True,False,True,,3779,Manning Field at John L. Guidry Stadium,2447,Nicholls,fcs,Southland,31,"[7, 10, 7, 7]",0.984815776348114,,,2277,Houston Christian,fcs,Southland,7,"[0, 0, 7, 0]",0.015184223651885986,,,2.994680541838214,,,
401767288,2025,10,regular,2025-11-01T20:00:00.000Z,False,True,False,True,2770,3745,Greater Zion Stadium,3101,Utah Tech,fcs,UAC,34,"[17, 3, 0, 7, 7]",0.8006371259689331,,,2453,North Alabama,fcs,UAC,33,"[13, 0, 0, 14, 6]",0.1993628740310669,,,9.007235732315538,,,
401773924,2025,10,regular,2025-11-01T20:00:00.000Z,False,True,False,True,,10461,Spero Financial Field,129469,Anderson (SC),ii,South Atlantic,21,"[14, 0, 0, 7]",,,,2444,Newberry,ii,South Atlantic,24,"[7, 7, 0, 10]",,,,,,,
401767086,2025,10,regular,2025-11-01T20:00:00.000Z,False,True,False,True,10973,3602,Aggie Stadium,302,UC Davis,fcs,Big Sky,36,"[13, 14, 6, 3]",0.9396392703056335,,,304,Idaho State,fcs,Big Sky,38,"[14, 14, 7, 3]",0.060360729694366455,,,8.986373169104896,,,
401777224,2025,10,regular,2025-11-01T20:00:00.000Z,False,True,False,True,,5799,Daly Field at Frank R. Campbell Stadium,2047,Averett,iii,Old Dominion,21,"[7, 14, 0, 0]",,,,2688,Washington and Lee,iii,Old Dominion,61,"[21, 14, 14, 12]",,,,,,,
401777164,2025,10,regular,2025-11-01T20:00:00.000Z,False,True,False,True,,6148,The Pine Bowl,2721,Whitworth,iii,Northwest,10,"[0, 7, 3, 0]",,,,2486,Pacific Lutheran,iii,Northwest,6,"[0, 0, 0, 6]",,,,,,,
401777157,2025,10,regular,2025-11-01T20:00:00.000Z,False,True,False,True,,6104,Baker Stadium,2508,Puget Sound,iii,Northwest,35,"[14, 7, 14, 0]",,,,205,Pacific (OR),iii,Northwest,52,"[7, 13, 14, 18]",,,,,,,
401777150,2025,10,regular,2025-11-01T20:00:00.000Z,False,True,False,True,,5119,Maxwell Field,203,Linfield,iii,Northwest,29,"[19, 0, 7, 3]",,,,2333,Lewis & Clark,iii,Northwest,21,"[7, 0, 7, 7]",,,,,,,
401774265,2025,10,regular,2025-11-01T20:00:00.000Z,False,True,False,True,,5821,Fritz B. Burns Stadium,17,Claremont Mudd Scripps,iii,So. Cal.,18,"[3, 0, 7, 8]",,,,2094,Cal Lutheran,iii,So. Cal.,21,"[7, 7, 7, 0]",,,,,,,
401774258,2025,10,regular,2025-11-01T20:00:00.000Z,False,True,False,True,,5909,Ortmayer Stadium,2318,La Verne,iii,So. Cal.,14,"[0, 14, 0, 0]",,,,29,Redlands,iii,So. Cal.,29,"[0, 5, 14, 10]",,,,,,,
401773518,2025,10,regular,2025-11-01T20:00:00.000Z,False,True,False,True,,5935,Parker Field at McCool Stadium,2170,Delta State,ii,Gulf South,38,"[3, 21, 7, 7]",,,,110242,West Florida,ii,Gulf South,51,"[14, 17, 6, 14]",,,,,,,
401752753,2025,10,regular,2025-11-01T20:00:00.000Z,False,True,False,True,68358,3887,Razorback Stadium,8,Arkansas,fbs,SEC,35,"[0, 13, 15, 7]",0.7248119115829468,1604,1594,344,Mississippi State,fbs,SEC,38,"[7, 0, 14, 17]",0.2751880884170532,1514,1524,7.06341697165689,,,
401773367,2025,10,regular,2025-11-01T20:00:00.000Z,False,True,False,True,,5885,First Security Stadium,2264,Harding,ii,Great American,69,"[14, 28, 14, 13]",,,,319,Oklahoma Baptist,ii,Great American,0,"[0, 0, 0, 0]",,,,,,,
401767244,2025,10,regular,2025-11-01T20:00:00.000Z,False,True,False,True,12000,5440,Wildcat Stadium (TX),2000,Abilene Christian,fcs,UAC,31,"[14, 0, 14, 3]",0.9818991422653198,,,2627,Tarleton State,fcs,UAC,28,"[0, 10, 0, 18]",0.018100857734680176,,,4.676479798546966,,,
401767534,2025,10,regular,2025-11-01T20:00:00.000Z,False,True,False,True,7711,3720,Finley Stadium,236,Chattanooga,fcs,Southern,28,"[0, 7, 14, 7]",0.07068818062543869,,,2717,Western Carolina,fcs,Southern,35,"[7, 14, 7, 7]",0.9293118193745613,,,5.673559898025568,,,
401767066,2025,10,regular,2025-11-01T20:00:00.000Z,False,True,False,True,4356,3906,Roos Field,331,Eastern Washington,fcs,Big Sky,13,"[10, 3, 0, 0]",0.038717012852430344,,,16,Sacramento State,fcs,Big Sky,35,"[14, 14, 0, 7]",0.9612829871475697,,,4.356835169303763,,,
401777144,2025,10,regular,2025-11-01T20:00:00.000Z,False,True,False,True,,6149,McCulloch Stadium,2930,Willamette,iii,Northwest,9,"[0, 3, 0, 6]",,,,415,George Fox,iii,Northwest,31,"[3, 7, 14, 7]",,,,,,,
401756940,2025,10,regular,2025-11-01T20:00:00.000Z,False,True,False,True,39511,3833,Memorial Stadium,2305,Kansas,fbs,Big 12,38,"[3, 7, 14, 14]",0.9927200675010681,1563,1556,197,Oklahoma State,fbs,Big 12,21,"[7, 0, 7, 7]",0.007279932498931885,1042,1049,3.274824852384832,,,
401767618,2025,10,regular,2025-11-01T20:00:00.000Z,False,True,False,True,1063,716,Torero Stadium,301,San Diego,fcs,Pioneer,31,"[0, 14, 7, 10]",0.9935373067855835,,,2168,Dayton,fcs,Pioneer,13,"[0, 0, 0, 13]",0.006462693214416504,,,3.215021446926786,,,
401762850,2025,10,regular,2025-11-01T20:00:00.000Z,False,True,False,True,29299,3980,Waldo Stadium,2711,Western Michigan,fbs,Mid-American,24,"[0, 7, 7, 10]",0.705152690410614,1369,1368,2117,Central Michigan,fbs,Mid-American,21,"[7, 7, 0, 7]",0.294847309589386,1234,1235,5.32630256682886,,,
401773561,2025,10,regular,2025-11-01T20:05:00.000Z,False,True,False,True,,5783,McArthur Field,2848,Western Oregon,ii,Lone Star,31,"[0, 0, 14, 17]",,,,2395,Midwestern State,ii,Lone Star,3,"[0, 0, 3, 0]",,,,,,,
401767213,2025,10,regular,2025-11-01T20:30:00.000Z,False,True,False,True,1006,3810,Nissan Stadium,2634,Tennessee State,fcs,OVC-Big South,13,"[10, 0, 0, 3]",0.08722776919603348,,,2815,Lindenwood,fcs,OVC-Big South,35,"[7, 21, 7, 0]",0.9127722308039665,,,4.014392844238794,,,
401767282,2025,10,regular,2025-11-01T21:00:00.000Z,False,True,False,True,5953,3711,Estes Stadium,2110,Central Arkansas,fcs,UAC,13,"[10, 3, 0, 0]",0.010353390127420425,,,2198,Eastern Kentucky,fcs,UAC,34,"[7, 14, 10, 3]",0.9896466098725796,,,4.840482337676163,,,
401774224,2025,10,regular,2025-11-01T21:00:00.000Z,False,True,False,True,,5998,Monarch Stadium,291,Methodist,iii,USA South,17,"[0, 10, 7, 0]",,,,286,North Carolina Wesleyan,iii,USA South,48,"[7, 14, 13, 14]",,,,,,,
401767076,2025,10,regular,2025-11-01T21:00:00.000Z,False,True,False,True,8035,1027,Alex G. Spanos Stadium,13,Cal Poly,fcs,Big Sky,35,"[7, 7, 14, 7]",0.24282540380954742,,,2502,Portland State,fcs,Big Sky,40,"[14, 10, 10, 6]",0.7571745961904526,,,7.19930892025464,,,
401773570,2025,10,regular,2025-11-01T21:00:00.000Z,False,True,False,True,,5884,Buffalo Stadium,2704,West Texas,ii,Lone Star,53,"[25, 7, 7, 14]",,,,2658,Texas A&M-Kingsville,ii,Lone Star,48,"[14, 14, 7, 13]",,,,,,,
401767499,2025,10,regular,2025-11-01T21:00:00.000Z,False,True,False,True,8506,3909,Roy Stewart Stadium,93,Murray State,fcs,MVFC,7,"[0, 7, 0, 0]",0.08125005662441254,,,79,Southern Illinois,fcs,MVFC,27,"[7, 10, 3, 7]",0.9187499433755875,,,3.6900433819852885,,,
401774004,2025,10,regular,2025-11-01T22:00:00.000Z,False,True,False,True,,5945,Wildcat Stadium (GA),2232,Fort Valley State,ii,SIAC,24,"[3, 14, 7, 0]",,,,2396,Miles,ii,SIAC,14,"[7, 7, 0, 0]",,,,,,,
401773078,2025,10,regular,2025-11-01T22:00:00.000Z,False,True,False,True,,6221,Mitchell Stadium,124180,Bluefield State,ii,CIAA,14,"[8, 0, 0, 6]",,,,2676,Virginia Union,ii,CIAA,70,"[21, 14, 14, 21]",,,,,,,
401777271,2025,10,regular,2025-11-01T22:00:00.000Z,False,True,False,True,,6139,Cameron Stadium,2686,Washington & Jefferson,iii,Presidents',28,"[7, 14, 7, 0]",,,,2963,Case Western Reserve,iii,Presidents',17,"[3, 7, 7, 0]",,,,,,,
401779072,2025,10,regular,2025-11-01T22:00:00.000Z,False,True,True,False,,4134,Salem Stadium,131109,Roanoke College,,,21,"[7, 7, 7, 0]",,,,2258,Guilford,iii,Old Dominion,20,"[7, 0, 7, 6]",,,,,,,
401756937,2025,10,regular,2025-11-01T23:00:00.000Z,False,True,False,True,48322,3726,Folsom Field,38,Colorado,fbs,Big 12,17,"[0, 7, 7, 3]",0.09115053713321686,1495,1389,12,Arizona,fbs,Big 12,52,"[17, 21, 14, 0]",0.9088494628667831,1472,1578,2.909193799765285,,,
401767494,2025,10,regular,2025-11-01T23:00:00.000Z,False,True,False,True,10044,3686,Cowboy Stadium,2377,McNeese,fcs,Southland,50,"[8, 21, 7, 14]",0.999153196811676,,,2466,Northwestern State,fcs,Southland,3,"[3, 0, 0, 0]",0.0008468031883239746,,,3.4843791539677347,,,
401774278,2025,10,regular,2025-11-01T23:00:00.000Z,False,True,False,True,,5996,Wilford Moore Stadium,241,McMurry,iii,Southern Collegiate Athletic,13,"[0, 10, 3, 0]",,,,2639,Texas Lutheran,iii,Southern Collegiate Athletic,42,"[10, 21, 0, 11]",,,,,,,
401773533,2025,10,regular,2025-11-01T23:00:00.000Z,False,True,False,True,,6062,Gable Field at Doc Wadley Stadium,196,Northeastern State,ii,Independent DII,68,"[27, 34, 0, 7]",,,,124179,Lincoln (CA),ii,Independent DII,0,"[0, 0, 0, 0]",,,,,,,
401767464,2025,10,regular,2025-11-01T23:00:00.000Z,False,True,False,True,4121,3944,Strawberry Stadium,2545,SE Louisiana,fcs,Southland,59,"[14, 21, 7, 17]",0.9893564581871033,,,2837,East Texas A&M,fcs,Southland,14,"[0, 0, 7, 7]",0.010643541812896729,,,3.035776873325159,,,
401767423,2025,10,regular,2025-11-01T23:00:00.000Z,False,True,False,True,13104,3650,Bragg Memorial Stadium,50,Florida A&M,fcs,SWAC,16,"[0, 3, 7, 6]",0,,,2296,Jackson State,fcs,SWAC,41,"[3, 7, 14, 17]",1,,,5.047773943833647,,,
401760405,2025,10,regular,2025-11-01T23:00:00.000Z,False,True,False,True,24325,7311,Snapdragon Stadium,21,San Diego State,fbs,Mountain West,24,"[7, 10, 0, 7]",0.9544255137443542,1579,1601,2751,Wyoming,fbs,Mountain West,7,"[7, 0, 0, 0]",0.04557448625564575,1412,1390,3.707834455669849,,,
401774455,2025,10,regular,2025-11-01T23:00:00.000Z,False,True,False,False,,4423,Young-Wise Memorial Stadium,418,Hendrix,iii,Southern Athletic,64,"[0, 28, 23, 13]",,,,101442,Centenary (LA),iii,Southern Collegiate Athletic,10,"[0, 0, 3, 7]",,,,,,,
401767525,2025,10,regular,2025-11-01T23:00:00.000Z,False,True,False,False,6769,3756,Homer Bryce Stadium,2617,Stephen F. Austin,fcs,Southland,41,"[17, 10, 7, 7]",0.9924783706665039,,,292,UT Rio Grande Valley,fcs,Southland,17,"[0, 0, 10, 7]",0.007521629333496094,,,1.9285566914361092,,,
401752756,2025,10,regular,2025-11-01T23:00:00.000Z,False,True,False,True,67491,3974,Vaught-Hemingway Stadium,145,Ole Miss,fbs,SEC,30,"[10, 7, 3, 10]",0.9924944639205933,1963,1969,2579,South Carolina,fbs,SEC,14,"[7, 0, 7, 0]",0.007505536079406738,1643,1637,4.9470900482214235,,,
401752890,2025,10,regular,2025-11-01T23:00:00.000Z,False,True,False,True,110517,3558,Michigan Stadium,130,Michigan,fbs,Big Ten,21,"[7, 7, 0, 7]",0.9230600595474243,1823,1809,2509,Purdue,fbs,Big Ten,16,"[0, 7, 3, 6]",0.07693994045257568,1296,1310,4.825745803362734,,,
401752757,2025,10,regular,2025-11-01T23:30:00.000Z,False,True,False,True,101915,3853,Neyland Stadium,2633,Tennessee,fbs,SEC,27,"[10, 0, 7, 10]",0.4345937967300415,1828,1814,201,Oklahoma,fbs,SEC,33,"[7, 9, 7, 10]",0.5654062032699585,1780,1794,7.451622569791746,,,
401754579,2025,10,regular,2025-11-01T23:30:00.000Z,False,True,False,True,56919,3670,Carter-Finley Stadium,152,NC State,fbs,ACC,48,"[14, 10, 14, 10]",0.9727997183799744,1459,1498,59,Georgia Tech,fbs,ACC,36,"[7, 10, 13, 6]",0.027200281620025635,1651,1612,5.721442235800005,,,
401752754,2025,10,regular,2025-11-01T23:30:00.000Z,False,True,False,True,88043,3785,Jordan-Hare Stadium,2,Auburn,fbs,SEC,3,"[0, 3, 0, 0]",0.2702767848968506,1694,1665,96,Kentucky,fbs,SEC,10,"[0, 3, 7, 0]",0.7297232151031494,1506,1535,5.095503034276599,,,
401754578,2025,10,regular,2025-11-01T23:30:00.000Z,False,True,False,True,63677,3697,Doak Campbell Stadium,52,Florida State,fbs,ACC,42,"[0, 14, 14, 14]",0.9879111051559448,1542,1631,154,Wake Forest,fbs,ACC,7,"[0, 0, 0, 7]",0.012088894844055176,1471,1382,3.138984018856726,,,
401752892,2025,10,regular,2025-11-01T23:30:00.000Z,False,True,False,True,86529,3834,"Memorial Stadium (Lincoln, NE)",158,Nebraska,fbs,Big Ten,17,"[7, 7, 0, 3]",0.1601679027080536,1645,1655,30,USC,fbs,Big Ten,21,"[0, 6, 8, 7]",0.8398320972919464,1907,1897,4.7153808799608,,,
401752943,2025,10,regular,2025-11-01T23:30:00.000Z,False,True,False,True,32905,3893,Reser Stadium,204,Oregon State,fbs,Pac-12,10,"[0, 3, 0, 7]",0.7984362244606018,1248,1252,265,Washington State,fbs,Pac-12,7,"[0, 7, 0, 0]",0.2015637755393982,1438,1434,5.505177024647975,,,
401776748,2025,10,regular,2025-11-02T00:00:00.000Z,False,True,False,True,,5928,Macalester Stadium,2359,Macalester,iii,Minnesota,27,"[7, 7, 6, 7]",,,,133,St. Olaf,iii,Minnesota,6,"[0, 6, 0, 0]",,,,,,,
401761643,2025,10,regular,2025-11-02T00:00:00.000Z,False,True,False,True,23391,3975,Veterans Memorial Stadium (AL),2653,Troy,fbs,Sun Belt,10,"[0, 3, 0, 7]",0.08692364394664764,1499,1445,2032,Arkansas State,fbs,Sun Belt,23,"[17, 0, 3, 3]",0.9130763560533524,1260,1314,3.168595591458259,,,
401773552,2025,10,regular,2025-11-02T00:00:00.000Z,False,True,False,True,,5938,Al Whitehead Field at Greyhound Stadium,2201,Eastern New Mexico,ii,Lone Star,40,"[6, 14, 7, 13]",,,,2834,Sul Ross State,ii,Lone Star,34,"[10, 0, 10, 14]",,,,,,,
401767253,2025,10,regular,2025-11-02T00:30:00.000Z,False,True,False,True,2808,3706,Eccles Coliseum,253,Southern Utah,fcs,UAC,33,"[10, 10, 3, 10]",1,,,2046,Austin Peay,fcs,UAC,17,"[0, 10, 7, 0]",0,,,3.7933704286342227,,,
401773542,2025,10,regular,2025-11-02T01:00:00.000Z,False,True,False,True,,5879,Tomlinson Stadium,2120,Central Washington,ii,Lone Star,38,"[14, 14, 7, 3]",,,,2025,Angelo State,ii,Lone Star,21,"[0, 7, 14, 0]",,,,,,,
401774270,2025,10,regular,2025-11-02T02:00:00.000Z,False,True,False,True,,5819,Ernie Chapman Stadium,411,Chapman,iii,So. Cal.,22,"[6, 10, 0, 6]",,,,2923,Pomona Pitzer,iii,So. Cal.,14,"[0, 7, 7, 0]",,,,,,,
401756942,2025,10,regular,2025-11-02T02:15:00.000Z,False,True,False,True,51672,587,Rice-Eccles Stadium,254,Utah,fbs,Big 12,45,"[14, 10, 14, 7]",0.9974363446235657,1887,1941,2132,Cincinnati,fbs,Big 12,14,"[7, 0, 7, 0]",0.002563655376434326,1644,1590,4.154913900410911,,,
401760403,2025,10,regular,2025-11-02T02:30:00.000Z,False,True,False,True,16012,3935,CEFCU Stadium,23,San José State,fbs,Mountain West,45,"[7, 24, 7, 7]",0.7434321045875549,1410,1417,62,Hawai'i,fbs,Mountain West,38,"[7, 7, 14, 10]",0.25656789541244507,1366,1359,6.184698589570914,,,
401762851,2025,11,regular,2025-11-05T00:00:00.000Z,False,True,False,True,5046,3768,InfoCision Stadium,2006,Akron,fbs,Mid-American,44,"[14, 13, 10, 7]",0.991926372051239,1040,1114,113,Massachusetts,fbs,Mid-American,10,"[10, 0, 0, 0]",0.008073627948760986,879,805,3.0039921166668617,,,
401762852,2025,11,regular,2025-11-05T00:00:00.000Z,False,True,False,True,22231,3876,Peden Stadium,195,Ohio,fbs,Mid-American,24,"[0, 3, 7, 14]",0.6207834482192993,1596,1595,193,Miami (OH),fbs,Mid-American,20,"[0, 3, 3, 14]",0.3792165517807007,1459,1460,6.012952698227306,,,
401762854,2025,11,regular,2025-11-06T00:00:00.000Z,False,True,False,True,22128,3739,Glass Bowl,2649,Toledo,fbs,Mid-American,42,"[7, 21, 7, 7]",0.9862786531448364,1505,1591,2459,Northern Illinois,fbs,Mid-American,3,"[3, 0, 0, 0]",0.013721346855163574,1305,1219,2.6141536838184725,,,
401762853,2025,11,regular,2025-11-06T00:00:00.000Z,False,True,False,True,5225,3919,Scheumann Stadium,2050,Ball State,fbs,Mid-American,17,"[3, 7, 0, 7]",0.6266462802886963,1047,1047,2309,Kent State,fbs,Mid-American,13,"[0, 3, 7, 3]",0.3733537197113037,945,945,6.245171074365928,,,
401762500,2025,11,regular,2025-11-07T00:30:00.000Z,False,True,False,True,27437,3886,Raymond James Stadium,58,South Florida,fbs,American Athletic,55,"[14, 31, 10, 0]",0.9891061782836914,1662,1734,2636,UTSA,fbs,American Athletic,23,"[3, 7, 3, 10]",0.010893821716308594,1537,1465,3.5523773833316556,,,
401761644,2025,11,regular,2025-11-07T00:30:00.000Z,False,True,False,True,31876,3792,Kidd Brewer Stadium,2026,App State,fbs,Sun Belt,23,"[0, 3, 6, 14]",0.002599649364128709,1332,1328,290,Georgia Southern,fbs,Sun Belt,25,"[9, 10, 3, 3]",0.9974003506358713,1310,1314,5.715089990728676,,,
401767347,2025,11,regular,2025-11-08T00:00:00.000Z,False,True,False,True,,3762,Hughes Stadium,2415,Morgan State,fcs,MEAC,12,"[3, 0, 3, 6]",0.7031487822532654,,,2169,Delaware State,fcs,MEAC,14,"[7, 7, 0, 0]",0.2968512177467346,,,5.80009208115118,,,
401767706,2025,11,regular,2025-11-08T00:00:00.000Z,False,True,False,True,3644,3802,Lawrence A. Wien Stadium,171,Columbia,fcs,Ivy,14,"[0, 0, 0, 14]",0.0035334760323166847,,,108,Harvard,fcs,Ivy,31,"[7, 21, 3, 0]",0.9964665239676833,,,2.7515283863154374,,,
401756946,2025,11,regular,2025-11-08T01:00:00.000Z,False,True,False,True,44206,3652,FBC Mortgage Stadium,2116,UCF,fbs,Big 12,27,"[3, 21, 3, 0]",0.8083364367485046,1537,1528,248,Houston,fbs,Big 12,30,"[0, 17, 7, 6]",0.19166356325149536,1467,1476,6.663307882242472,,,
401752896,2025,11,regular,2025-11-08T02:00:00.000Z,False,True,False,True,67179,477,Los Angeles Memorial Coliseum,30,USC,fbs,Big Ten,38,"[7, 14, 7, 10]",0.9866441488265991,1897,1911,77,Northwestern,fbs,Big Ten,17,"[7, 7, 3, 0]",0.013355851173400879,1530,1516,3.5927800813893738,,,
401762501,2025,11,regular,2025-11-08T02:00:00.000Z,False,True,False,True,30384,3805,Simmons Bank Liberty Stadium,235,Memphis,fbs,American Athletic,32,"[7, 10, 0, 15]",0.03451329842209816,1689,1665,2655,Tulane,fbs,American Athletic,38,"[14, 21, 3, 0]",0.9654867015779018,1521,1545,5.2354917806746215,,,
401786375,2025,11,regular,2025-11-08T16:00:00.000Z,False,True,False,True,,5810,Coyer Field,2085,Buffalo State,iii,Liberty League,19,"[0, 0, 6, 13]",,,,2779,St. Lawrence,iii,Liberty League,24,"[7, 7, 10, 0]",,,,,,,
401804602,2025,11,regular,2025-11-08T17:00:00.000Z,False,True,False,True,,3889,Reinhart Field,2951,SUNY Maritime,iii,NEWMAC,27,"[0, 7, 7, 6, 7, 0]",,,,109,MIT,iii,NEWMAC,30,"[0, 10, 7, 3, 7, 3]",,,,,,,
401773513,2025,11,regular,2025-11-08T17:00:00.000Z,False,True,False,True,,3747,Hantz Stadium,2886,Northwood,ii,Great Midwest Athletic,40,"[14, 10, 0, 10, 6]",,,,2838,Tiffin,ii,Great Midwest Athletic,37,"[7, 13, 7, 7, 3]",,,,,,,
401752762,2025,11,regular,2025-11-08T17:00:00.000Z,False,True,False,True,53017,3693,Davis Wade Stadium,344,Mississippi State,fbs,SEC,21,"[7, 0, 7, 7]",0,1524,1523,61,Georgia,fbs,SEC,41,"[3, 21, 14, 3]",1,2017,2018,3.785267348604506,,,
401767755,2025,11,regular,2025-11-08T17:00:00.000Z,False,True,False,True,400,6043,Bethpage Federal Credit Union Stadium,2341,Long Island University,fcs,NEC,29,"[8, 7, 14, 0]",0.9264870882034302,,,2184,Duquesne,fcs,NEC,11,"[3, 0, 0, 8]",0.07351291179656982,,,2.8999366177687023,,,
401773294,2025,11,regular,2025-11-08T17:00:00.000Z,False,True,False,False,,3819,Bowditch Field,2967,Framingham State,iii,MSCAC,31,"[10, 0, 21, 0]",,,,110438,Dean,iii,MSCAC,6,"[0, 6, 0, 0]",,,,,,,
401767676,2025,11,regular,2025-11-08T17:00:00.000Z,False,True,False,True,3009,3656,Brown Stadium,225,Brown,fcs,Ivy,22,"[0, 9, 7, 6]",0,,,43,Yale,fcs,Ivy,34,"[14, 7, 7, 6]",1,,,4.789629224902707,,,
401783337,2025,11,regular,2025-11-08T17:00:00.000Z,False,True,False,True,,5127,Gene L. Shirk Stadium,2015,Albright,iii,Mid Atlantic,7,"[0, 0, 0, 7]",,,,471,Stevenson,iii,Mid Atlantic,17,"[0, 7, 10, 0]",,,,,,,
401777133,2025,11,regular,2025-11-08T17:00:00.000Z,False,True,False,True,,6096,Austin E. Knowlton Athletics Complex,391,Oberlin,iii,North Coast,13,"[0, 0, 0, 13]",,,,89,Wabash,iii,North Coast,42,"[14, 14, 14, 0]",,,,,,,
401774097,2025,11,regular,2025-11-08T17:00:00.000Z,False,True,False,True,,6124,Amos Alonzo Stagg Field (PA),216,Susquehanna,iii,Landmark Conference,26,"[0, 13, 7, 6]",,,,398,Wilkes,iii,Landmark Conference,3,"[3, 0, 0, 0]",,,,,,,
401767535,2025,11,regular,2025-11-08T17:00:00.000Z,False,True,False,True,6305,3720,Finley Stadium,236,Chattanooga,fcs,Southern,45,"[0, 21, 10, 14]",0.8568294644355774,,,231,Furman,fcs,Southern,28,"[7, 14, 7, 0]",0.1431705355644226,,,5.970446298468867,,,
401767766,2025,11,regular,2025-11-08T17:00:00.000Z,False,True,False,True,1267,3777,Joe Walton Stadium,2523,Robert Morris,fcs,NEC,20,"[7, 3, 7, 3]",0.8657408952713013,,,2681,Wagner,fcs,NEC,24,"[7, 7, 10, 0]",0.13425910472869873,,,6.418521538456484,,,
401774049,2025,11,regular,2025-11-08T17:00:00.000Z,False,True,False,True,,5125,Stadium Red Field,2782,SUNY Cortland,iii,Empire 8,44,"[7, 16, 7, 14]",,,,2781,Brockport,iii,Empire 8,14,"[0, 14, 0, 0]",,,,,,,
401766734,2025,11,regular,2025-11-08T17:00:00.000Z,False,True,False,True,,6141,Corwin Stadium,336,Wesleyan (CT),iii,NESCAC,31,"[0, 17, 7, 7]",,,,2977,Trinity (CT),iii,NESCAC,28,"[0, 7, 14, 7]",,,,,,,
401754584,2025,11,regular,2025-11-08T17:00:00.000Z,False,True,False,True,38345,3615,"Alumni Stadium (Chestnut Hill, MA)",103,Boston College,fbs,ACC,13,"[0, 6, 0, 7]",0.05867500603199005,1339,1298,2567,SMU,fbs,ACC,45,"[10, 7, 14, 14]",0.94132499396801,1741,1782,4.415965398815328,,,
401767662,2025,11,regular,2025-11-08T17:00:00.000Z,False,True,False,False,4137,3668,Campus Field,2529,Sacred Heart,fcs,FCS Independents,56,"[21, 21, 0, 14]",0.9934393763542175,,,2355,Virginia Lynchburg,,,10,"[0, 7, 0, 3]",0.006560623645782471,,,2.067079201953181,,,
401773502,2025,11,regular,2025-11-08T17:00:00.000Z,False,True,False,True,,3769,Jack Britt Memorial Stadium,437,Lake Erie,ii,Great Midwest Athletic,27,"[0, 17, 0, 10]",,,,2316,Kentucky Wesleyan,ii,Great Midwest Athletic,9,"[0, 0, 9, 0]",,,,,,,
401773508,2025,11,regular,2025-11-08T17:00:00.000Z,False,True,False,True,,6129,BB&T Field at Griffin Plaza,2646,Thomas More,ii,Great Midwest Athletic,29,"[7, 7, 3, 12]",,,,2477,Ohio Dominican,ii,Great Midwest Athletic,31,"[7, 14, 7, 3]",,,,,,,
401766735,2025,11,regular,2025-11-08T17:00:00.000Z,False,True,False,True,,3733,Garcelon Field,121,Bates,iii,NESCAC,21,"[7, 7, 0, 7]",,,,348,Hamilton,iii,NESCAC,24,"[3, 7, 7, 7]",,,,,,,
401774110,2025,11,regular,2025-11-08T17:00:00.000Z,False,True,False,True,,6107,ECAV Stadium,2528,Rensselaer,iii,Liberty League,23,"[7, 3, 7, 6]",,,,175,Ithaca,iii,Liberty League,24,"[0, 7, 3, 14]",,,,,,,
401776982,2025,11,regular,2025-11-08T17:00:00.000Z,False,True,False,True,,5830,Walter M. Katz Field,40,Curry,iii,Commonwealth Coast,47,"[13, 3, 7, 24]",,,,111675,New England,iii,Commonwealth Coast,30,"[6, 17, 7, 0]",,,,,,,
401777773,2025,11,regular,2025-11-08T17:00:00.000Z,False,True,True,False,,,,131108,New England College,,,0,"[0, 0, 0, 0]",,,,452,Endicott,iii,Commonwealth Coast,63,"[20, 10, 20, 13]",,,,,,,
401786379,2025,11,regular,2025-11-08T17:00:00.000Z,False,True,False,True,,5939,Cressy Field,379,UMass Dartmouth,iii,MSCAC,33,"[0, 6, 14, 13]",,,,2909,Westfield State,iii,MSCAC,13,"[13, 0, 0, 0]",,,,,,,
401783365,2025,11,regular,2025-11-08T17:00:00.000Z,False,True,False,True,,5997,Brooks Stadium (NY),2383,Merchant Marine,iii,NEWMAC,34,"[0, 21, 6, 7]",,,,2749,WPI,iii,NEWMAC,14,"[7, 7, 0, 0]",,,,,,,
401773832,2025,11,regular,2025-11-08T17:00:00.000Z,False,True,False,True,,4440,Sox Harrison Stadium,2205,Edinboro,ii,Pennsylvania State Athletic,38,"[0, 10, 14, 14]",,,,215,Slippery Rock,ii,Pennsylvania State Athletic,8,"[0, 0, 0, 8]",,,,,,,
401773825,2025,11,regular,2025-11-08T17:00:00.000Z,False,True,False,True,,4437,"Memorial Stadium (Clarion, PA)",2134,Clarion,ii,Pennsylvania State Athletic,42,"[21, 7, 7, 7]",,,,2291,IU Pennsylvania,ii,Pennsylvania State Athletic,45,"[14, 7, 10, 14]",,,,,,,
401774154,2025,11,regular,2025-11-08T17:00:00.000Z,False,True,False,True,,6095,Sabine Field at Haynes Family Stadium,2467,Norwich,iii,NEWMAC,10,"[0, 10, 0, 0]",,,,2776,Salve Regina,iii,NEWMAC,38,"[10, 14, 7, 7]",,,,,,,
401767731,2025,11,regular,2025-11-08T17:00:00.000Z,False,True,False,True,5346,3741,Goodman Stadium,2329,Lehigh,fcs,Patriot,38,"[7, 7, 17, 7]",1,,,107,Holy Cross,fcs,Patriot,3,"[0, 3, 0, 0]",0,,,3.538497330657386,,,
401774307,2025,11,regular,2025-11-08T17:00:00.000Z,False,True,False,True,,5637,Vendetti Field,2884,Nichols,iii,Commonwealth Coast,19,"[7, 0, 12, 0]",,,,2280,Husson,iii,Commonwealth Coast,63,"[14, 14, 14, 21]",,,,,,,
401773249,2025,11,regular,2025-11-08T17:00:00.000Z,False,True,False,True,,3718,Tom Benson Hall of Fame Stadium,2682,Walsh,ii,Great Midwest Athletic,20,"[7, 3, 3, 7]",,,,2273,Hillsdale,ii,Great Midwest Athletic,23,"[6, 10, 7, 0]",,,,,,,
401766736,2025,11,regular,2025-11-08T17:00:00.000Z,False,True,False,True,,5792,Pratt Field at Lehrman Stadium,7,Amherst,iii,NESCAC,14,"[0, 6, 5, 3]",,,,2731,Williams,iii,NESCAC,13,"[0, 7, 6, 0]",,,,,,,
401773311,2025,11,regular,2025-11-08T17:00:00.000Z,False,True,False,False,,7512,St. Francis High School,125974,Hilbert,iii,Empire 8,6,"[0, 6, 0, 0]",,,,174,Hobart,iii,Liberty League,63,"[7, 21, 21, 14]",,,,,,,
401774145,2025,11,regular,2025-11-08T17:00:00.000Z,False,True,False,False,,6142,Westside Athletic Complex,2843,Western Connecticut State,iii,Landmark Conference,52,"[10, 14, 21, 7]",,,,2108,Catholic,iii,Landmark Conference,19,"[0, 7, 0, 12]",,,,,,,
401786485,2025,11,regular,2025-11-08T17:00:00.000Z,False,True,False,True,,5940,Clean Harbors Stadium,110,Mass Maritime,iii,MSCAC,10,"[7, 0, 3, 0]",,,,402,Worcester State,iii,MSCAC,17,"[7, 0, 7, 3]",,,,,,,
401774119,2025,11,regular,2025-11-08T17:00:00.000Z,False,True,False,True,,3717,Edwin Fauver Stadium,184,Rochester (NY),iii,Liberty League,10,"[0, 0, 3, 7]",,,,237,Union,iii,Liberty League,14,"[0, 7, 7, 0]",,,,,,,
401773817,2025,11,regular,2025-11-08T17:00:00.000Z,False,True,False,True,,4441,McConnell Family Stadium,367,Gannon,ii,Pennsylvania State Athletic,21,"[7, 0, 7, 7]",,,,2858,California (PA),ii,Pennsylvania State Athletic,41,"[14, 0, 7, 20]",,,,,,,
401773714,2025,11,regular,2025-11-08T17:00:00.000Z,False,True,False,True,,5876,Bentley University Football Stadium,2060,Bentley,ii,Northeast 10,20,"[6, 0, 8, 6]",,,,2038,Assumption,ii,Northeast 10,17,"[3, 7, 0, 7]",,,,,,,
401773460,2025,11,regular,2025-11-08T17:00:00.000Z,False,True,False,True,,5934,Farmers Insurance Athletic Complex,110254,Davenport,ii,GLIAC,45,"[7, 7, 0, 14, 7, 8, 2, 0]",,,,128,Northern Michigan,ii,GLIAC,47,"[7, 14, 7, 0, 7, 8, 2, 2]",,,,,,,
401774080,2025,11,regular,2025-11-08T17:00:00.000Z,False,True,False,True,,5124,Homewood Field,118,Johns Hopkins,iii,Centennial,42,"[14, 14, 7, 7]",,,,2700,McDaniel,iii,Centennial,0,"[0, 0, 0, 0]",,,,,,,
401774070,2025,11,regular,2025-11-08T17:00:00.000Z,False,True,False,False,,5814,Gesling Stadium,2102,Carnegie Mellon,iii,Presidents',24,"[0, 7, 14, 3]",,,,2234,Franklin & Marshall,iii,Centennial,31,"[13, 0, 10, 8]",,,,,,,
401777009,2025,11,regular,2025-11-08T17:00:00.000Z,False,True,False,True,,3690,Charles L. Currier Memorial Field,2972,Plymouth State,iii,MSCAC,27,"[7, 14, 0, 6]",,,,114,Fitchburg State,iii,MSCAC,0,"[0, 0, 0, 0]",,,,,,,
401783909,2025,11,regular,2025-11-08T17:00:00.000Z,False,True,False,True,,6119,Stagg Field,81,Springfield,iii,NEWMAC,30,"[0, 10, 7, 13]",,,,2557,Coast Guard,iii,NEWMAC,10,"[7, 0, 3, 0]",,,,,,,
401776975,2025,11,regular,2025-11-08T17:00:00.000Z,False,True,False,False,,5929,Ritchie Field,274,Maine Maritime,iii,Commonwealth Coast,7,"[0, 7, 0, 0]",,,,2702,Western New England,iii,Commonwealth Coast,70,"[21, 28, 14, 7]",,,,,,,
401774089,2025,11,regular,2025-11-08T17:00:00.000Z,False,True,False,True,,5902,Knox Stadium,246,Juniata,iii,Landmark Conference,13,"[6, 7, 0, 0]",,,,323,Moravian,iii,Landmark Conference,38,"[14, 17, 7, 0]",,,,,,,
401756947,2025,11,regular,2025-11-08T17:00:00.000Z,False,True,False,True,55510,3842,Milan Puskar Stadium,277,West Virginia,fbs,Big 12,29,"[9, 10, 3, 7]",0.7739933729171753,1340,1352,38,Colorado,fbs,Big 12,22,"[0, 9, 7, 6]",0.2260066270828247,1389,1377,5.34381918133446,,,
401776785,2025,11,regular,2025-11-08T17:00:00.000Z,False,True,False,True,,6100,Cutler Field,354,Olivet,iii,Michigan,42,"[8, 14, 8, 12]",,,,2790,Albion,iii,Michigan,58,"[20, 21, 3, 14]",,,,,,,
401767316,2025,11,regular,2025-11-08T17:00:00.000Z,False,True,False,True,4117,3788,Kenneth P. LaValle Stadium,2619,Stony Brook,fcs,Coastal Athletic,38,"[14, 17, 0, 7]",0.9820685386657715,,,2448,North Carolina A&T,fcs,Coastal Athletic,12,"[3, 3, 6, 0]",0.017931461334228516,,,2.4130924324814966,,,
401774138,2025,11,regular,2025-11-08T17:00:00.000Z,False,True,False,False,,6112,Richard Wackar Stadium,2827,Rowan,iii,New Jersey,62,"[34, 21, 7, 0]",,,,293,Vermont State Castleton,iii,New Jersey,7,"[0, 0, 7, 0]",,,,,,,
401767747,2025,11,regular,2025-11-08T17:00:00.000Z,False,True,False,True,,3624,Arute Field,2115,Central Connecticut,fcs,NEC,40,"[17, 9, 7, 7]",0.9887562394142151,,,284,Stonehill,fcs,NEC,10,"[0, 7, 3, 0]",0.011243760585784912,,,2.059394234223111,,,
401762503,2025,11,regular,2025-11-08T17:00:00.000Z,False,True,False,True,30594,3841,Michie Stadium,349,Army,fbs,American Athletic,14,"[0, 7, 7, 0]",0.5682589411735535,1537,1529,218,Temple,fbs,American Athletic,13,"[0, 10, 3, 0]",0.43174105882644653,1258,1266,3.983308218309781,,,
401761646,2025,11,regular,2025-11-08T17:00:00.000Z,False,True,False,True,26727,3775,Joan C. Edwards Stadium,276,Marshall,fbs,Sun Belt,23,"[0, 12, 8, 3]",0.34218961000442505,1509,1508,256,James Madison,fbs,Sun Belt,35,"[7, 14, 7, 7]",0.657810389995575,1801,1802,6.114623013796852,,,
401761647,2025,11,regular,2025-11-08T17:00:00.000Z,False,True,False,True,15441,3625,Centennial Bank Stadium,2032,Arkansas State,fbs,Sun Belt,21,"[7, 0, 0, 14]",0.040936607867479324,1314,1306,2572,Southern Miss,fbs,Sun Belt,27,"[10, 7, 3, 7]",0.9590633921325207,1354,1362,5.968283460300001,,,
401752893,2025,11,regular,2025-11-08T17:00:00.000Z,False,True,False,True,105231,3632,Beaver Stadium,213,Penn State,fbs,Big Ten,24,"[0, 7, 3, 14]",0.62885981798172,1942,1950,84,Indiana,fbs,Big Ten,27,"[7, 10, 3, 7]",0.37114018201828003,2158,2150,6.664598569819111,,,
401756945,2025,11,regular,2025-11-08T17:00:00.000Z,False,True,False,True,60229,3784,Jones AT&T Stadium,2641,Texas Tech,fbs,Big 12,29,"[10, 3, 6, 10]",1,1903,1937,252,BYU,fbs,Big 12,7,"[0, 0, 0, 7]",0,1722,1688,2.917651770566797,,,
401774225,2025,11,regular,2025-11-08T17:00:00.000Z,False,True,False,True,,6092,Bishop Stadium,286,North Carolina Wesleyan,iii,USA South,29,"[0, 7, 14, 8]",,,,2256,Greensboro,iii,USA South,38,"[6, 0, 13, 19]",,,,,,,
401767262,2025,11,regular,2025-11-08T17:00:00.000Z,False,True,False,True,3127,5389,Kessler Stadium,2405,Monmouth,fcs,Coastal Athletic,13,"[7, 6, 0, 0]",0.10433895885944366,,,160,New Hampshire,fcs,Coastal Athletic,34,"[0, 13, 14, 7]",0.8956610411405563,,,5.296721078056104,,,
401767769,2025,11,regular,2025-11-08T17:00:00.000Z,False,True,False,True,987,3694,DeGol Field,2598,Saint Francis,fcs,NEC,15,"[3, 6, 0, 6]",0.7616084814071655,,,2385,Mercyhurst,fcs,NEC,16,"[0, 0, 10, 6]",0.23839151859283447,,,6.19167873163313,,,
401766733,2025,11,regular,2025-11-08T17:30:00.000Z,False,True,False,True,,6079,Alumni Stadium (VT),2394,Middlebury,iii,NESCAC,33,"[3, 3, 7, 14, 6]",,,,112,Tufts,iii,NESCAC,30,"[7, 10, 0, 10, 3]",,,,,,,
401769849,2025,11,regular,2025-11-08T17:30:00.000Z,False,True,False,True,4259,3721,Fisher Field,322,Lafayette,fcs,Patriot,59,"[14, 24, 7, 14]",0.9753615260124207,,,2142,Colgate,fcs,Patriot,42,"[7, 14, 7, 14]",0.024638473987579346,,,4.675716240027817,,,
401783352,2025,11,regular,2025-11-08T17:35:00.000Z,False,True,False,True,,7513,O'Hara Field,127954,Eastern,iii,Mid Atlantic,28,"[7, 0, 14, 7]",,,,2221,FDU Florham,iii,Mid Atlantic,7,"[0, 7, 0, 0]",,,,,,,
401767609,2025,11,regular,2025-11-08T18:00:00.000Z,False,True,False,True,2373,3897,Richardson Stadium,2166,Davidson,fcs,Pioneer,14,"[14, 0, 0, 0]",0.8151817917823792,,,2506,Presbyterian,fcs,Pioneer,13,"[0, 6, 7, 0]",0.18481820821762085,,,4.016720369316875,,,
401774383,2025,11,regular,2025-11-08T18:00:00.000Z,False,True,False,True,,5115,McCully Stadium,396,Wheaton (IL),iii,CCIW,61,"[27, 14, 14, 6]",,,,74,Millikin,iii,CCIW,14,"[0, 7, 0, 7]",,,,,,,
401776792,2025,11,regular,2025-11-08T18:00:00.000Z,False,True,False,True,,5790,Bahlke Field,2800,Alma,iii,Michigan,53,"[22, 21, 7, 3]",,,,126,Kalamazoo,iii,Michigan,3,"[0, 3, 0, 0]",,,,,,,
401773178,2025,11,regular,2025-11-08T18:00:00.000Z,False,True,False,True,,5923,Legacy Field in Carlson Stadium,67,Luther,iii,American Rivers,20,"[0, 14, 0, 6]",,,,49,Dubuque,iii,American Rivers,27,"[0, 14, 7, 6]",,,,,,,
401773214,2025,11,regular,2025-11-08T18:00:00.000Z,False,True,False,True,,3770,Jack Miller Stadium,308,Ashland,ii,Great Midwest Athletic,3,"[0, 0, 3, 0]",,,,2224,Findlay,ii,Great Midwest Athletic,14,"[0, 14, 0, 0]",,,,,,,
401776734,2025,11,regular,2025-11-08T18:00:00.000Z,False,True,False,True,,5795,Edor Nelson Field,124,Augsburg,iii,Minnesota,10,"[0, 7, 0, 3]",,,,2968,Gustavus Adolphus,iii,Minnesota,31,"[10, 0, 14, 7]",,,,,,,
401773274,2025,11,regular,2025-11-08T18:00:00.000Z,False,True,False,False,,3877,Pioneer Stadium,3162,Alfred State,iii,Empire 8,35,"[0, 21, 6, 8]",,,,365,Alfred,iii,Empire 8,28,"[0, 13, 8, 7]",,,,,,,
401776760,2025,11,regular,2025-11-08T18:00:00.000Z,False,True,False,True,,5928,Macalester Stadium,2359,Macalester,iii,Minnesota,14,"[0, 7, 0, 7]",,,,2152,Concordia (MN),iii,Minnesota,17,"[0, 0, 0, 17]",,,,,,,
401767624,2025,11,regular,2025-11-08T18:00:00.000Z,False,True,False,True,,3701,Drake Stadium,2181,Drake,fcs,Pioneer,13,"[0, 10, 0, 3]",0,,,2900,St. Thomas (MN),fcs,Pioneer,20,"[7, 3, 7, 3]",1,,,5.253810147331399,,,
401767186,2025,11,regular,2025-11-08T18:00:00.000Z,False,True,False,True,,3620,Armstrong Stadium,2261,Hampton,fcs,Coastal Athletic,7,"[0, 7, 0, 0]",0.008891535922884941,,,311,Maine,fcs,Coastal Athletic,35,"[14, 7, 7, 7]",0.9911084640771151,,,2.8321081529495973,,,
401774128,2025,11,regular,2025-11-08T18:00:00.000Z,False,True,False,True,,5787,Docking Stadium,2003,Adrian,iii,Michigan,44,"[7, 14, 16, 7]",,,,2651,Trine,iii,Michigan,21,"[21, 0, 0, 0]",,,,,,,
401777598,2025,11,regular,2025-11-08T18:00:00.000Z,False,True,False,True,,5910,Callaway Stadium,548,LaGrange,iii,USA South,38,"[14, 0, 17, 7]",,,,2056,Belhaven,iii,USA South,6,"[0, 0, 6, 0]",,,,,,,
401767703,2025,11,regular,2025-11-08T18:00:00.000Z,False,True,False,True,3392,3826,Memorial Field,159,Dartmouth,fcs,Ivy,20,"[7, 7, 6, 0]",0.9735499620437622,,,163,Princeton,fcs,Ivy,17,"[0, 3, 0, 14]",0.026450037956237793,,,2.953032221074019,,,
401777974,2025,11,regular,2025-11-08T18:00:00.000Z,False,True,False,True,,5868,Ronald J. Abdow Field,2022,American International,ii,Northeast 10,21,"[7, 7, 0, 7]",,,,2487,Pace,ii,Northeast 10,9,"[0, 3, 6, 0]",,,,,,,
401767694,2025,11,regular,2025-11-08T18:00:00.000Z,False,True,False,True,10914,3730,Franklin Field,219,Pennsylvania,fcs,Ivy,17,"[0, 10, 7, 0]",0.02794204279780388,,,172,Cornell,fcs,Ivy,39,"[3, 10, 19, 7]",0.9720579572021961,,,3.7881901204502277,,,
401767646,2025,11,regular,2025-11-08T18:00:00.000Z,False,True,False,True,1114,3655,Brown Field,2674,Valparaiso,fcs,Pioneer,27,"[0, 14, 7, 6]",0.04028123989701271,,,301,San Diego,fcs,Pioneer,43,"[10, 3, 13, 17]",0.9597187601029873,,,5.952110269665876,,,
401773749,2025,11,regular,2025-11-08T18:00:00.000Z,False,True,False,False,,3606,Scheels Field at Nemzek Stadium,2817,Minnesota St Moorhead,ii,Northern Sun,44,"[7, 23, 7, 7]",,,,2939,Jamestown,ii,Northern Sun,20,"[0, 14, 6, 0]",,,,,,,
401783901,2025,11,regular,2025-11-08T18:00:00.000Z,False,True,False,True,,6128,Alumni Stadium (PA),2644,Thiel,iii,Presidents',12,"[6, 0, 0, 6]",,,,2062,Bethany (WV),iii,Presidents',17,"[0, 0, 14, 3]",,,,,,,
401783820,2025,11,regular,2025-11-08T18:00:00.000Z,False,True,False,True,,6108,Crain Field,2519,Rhodes,iii,Southern Athletic,22,"[0, 7, 3, 12]",,,,2588,Southwestern U,iii,Southern Athletic,35,"[9, 14, 6, 6]",,,,,,,
401773870,2025,11,regular,2025-11-08T18:00:00.000Z,False,True,False,True,,4429,Seth Grove Stadium,2559,Shippensburg,ii,Pennsylvania State Athletic,43,"[0, 14, 9, 20]",,,,223,West Chester,ii,Pennsylvania State Athletic,14,"[7, 0, 7, 0]",,,,,,,
401773855,2025,11,regular,2025-11-08T18:00:00.000Z,False,True,False,True,,3760,Hubert Jack Stadium,209,Lock Haven,ii,Pennsylvania State Athletic,19,"[0, 0, 13, 6]",,,,2974,Shepherd,ii,Pennsylvania State Athletic,35,"[0, 14, 7, 14]",,,,,,,
401762855,2025,11,regular,2025-11-08T18:00:00.000Z,False,True,False,True,11889,3912,Rynearson Stadium,2199,Eastern Michigan,fbs,Mid-American,27,"[10, 0, 7, 10]",0.8173208832740784,1220,1229,189,Bowling Green,fbs,Mid-American,21,"[7, 7, 0, 7]",0.18267911672592163,1253,1244,6.064519817413809,,,
401777000,2025,11,regular,2025-11-08T18:00:00.000Z,False,True,False,True,,6083,Mangelsdorf Field,2969,Misericordia,iii,Mid Atlantic,20,"[0, 14, 0, 6]",,,,2808,Delaware Valley,iii,Mid Atlantic,51,"[17, 14, 7, 13]",,,,,,,
401774318,2025,11,regular,2025-11-08T18:00:00.000Z,False,True,False,True,,6150,Wightman Stadium,2970,William Paterson,iii,New Jersey,7,"[0, 0, 0, 7]",,,,2871,Kean,iii,New Jersey,17,"[0, 0, 3, 14]",,,,,,,
401774243,2025,11,regular,2025-11-08T18:00:00.000Z,False,True,False,False,,4422,Valhalla Stadium,2757,Berry,iii,Southern Athletic,36,"[0, 15, 7, 14]",,,,2373,Maryville (TN),iii,USA South,7,"[7, 0, 0, 0]",,,,,,,
401774233,2025,11,regular,2025-11-08T18:00:00.000Z,False,True,False,True,,5998,Monarch Stadium,291,Methodist,iii,USA South,20,"[0, 0, 13, 7]",,,,2913,Brevard,iii,USA South,47,"[7, 14, 13, 13]",,,,,,,
401776749,2025,11,regular,2025-11-08T18:00:00.000Z,False,True,False,True,,5813,Klein Field at Manitou,133,St. Olaf,iii,Minnesota,41,"[7, 21, 6, 7]",,,,162,Hamline,iii,Minnesota,34,"[0, 14, 13, 7]",,,,,,,
401773689,2025,11,regular,2025-11-08T18:00:00.000Z,False,True,False,True,,5887,I.L. & Sue Morris Stadium,2249,Glenville State,ii,Mountain East,35,"[0, 7, 7, 21]",,,,112335,Wheeling,ii,Mountain East,38,"[7, 21, 0, 10]",,,,,,,
401777272,2025,11,regular,2025-11-08T18:00:00.000Z,False,True,False,True,,3671,Case Field,2963,Case Western Reserve,iii,Presidents',14,"[0, 0, 7, 7]",,,,146,Grove City,iii,Presidents',28,"[0, 7, 7, 14]",,,,,,,
401773665,2025,11,regular,2025-11-08T18:00:00.000Z,False,True,False,True,,3667,Callaghan Stadium,2148,Concord,ii,Mountain East,17,"[7, 0, 3, 7]",,,,2986,Fairmont State,ii,Mountain East,31,"[7, 7, 7, 10]",,,,,,,
401757299,2025,11,regular,2025-11-08T18:00:00.000Z,False,True,False,True,18407,3992,Williams Stadium (VA),2335,Liberty,fbs,Conference USA,17,"[7, 3, 0, 7]",0.5848672389984131,1506,1488,2623,Missouri State,fbs,Conference USA,21,"[0, 0, 7, 14]",0.4151327610015869,1340,1358,5.833908836982461,,,
401752761,2025,11,regular,2025-11-08T18:00:00.000Z,False,True,False,False,67326,3974,Vaught-Hemingway Stadium,145,Ole Miss,fbs,SEC,49,"[21, 14, 7, 7]",0.8325901627540588,1980,1980,2643,The Citadel,fcs,Southern,0,"[0, 0, 0, 0]",0.16740983724594116,,,1.860293866698971,,,
401773071,2025,11,regular,2025-11-08T18:00:00.000Z,False,True,False,True,,6032,Hovey Field,2676,Virginia Union,ii,CIAA,14,"[0, 14, 0, 0]",,,,330,Virginia State,ii,CIAA,3,"[0, 0, 3, 0]",,,,,,,
401777093,2025,11,regular,2025-11-08T18:00:00.000Z,False,True,False,False,,6146,Memorial Field (PA),2849,Westminster (PA),iii,Presidents',76,"[34, 14, 14, 14]",,,,2274,Hiram,iii,Presidents',0,"[0, 0, 0, 0]",,,,,,,
401777999,2025,11,regular,2025-11-08T18:00:00.000Z,False,True,False,True,,5851,Shirk Field at Musselman Stadium,2248,Gettysburg,iii,Centennial,27,"[0, 14, 0, 13]",,,,2422,Muhlenberg,iii,Centennial,59,"[21, 24, 14, 0]",,,,,,,
401774043,2025,11,regular,2025-11-08T18:00:00.000Z,False,True,False,True,,6087,Drake Field (NY),3110,SUNY Morrisville,iii,Empire 8,7,"[0, 7, 0, 0]",,,,374,St. John Fisher,iii,Empire 8,21,"[0, 14, 7, 0]",,,,,,,
401773968,2025,11,regular,2025-11-08T18:00:00.000Z,False,True,False,True,,6046,Meares Stadium,2369,Mars Hill,ii,South Atlantic,60,"[17, 26, 10, 7]",,,,2842,UVA Wise,ii,South Atlantic,19,"[0, 6, 0, 13]",,,,,,,
401773942,2025,11,regular,2025-11-08T18:00:00.000Z,False,True,False,True,,3926,Setzler Field,2444,Newberry,ii,South Atlantic,28,"[7, 0, 0, 21]",,,,2105,Carson Newman,ii,South Atlantic,21,"[7, 0, 7, 7]",,,,,,,
401777044,2025,11,regular,2025-11-08T18:00:00.000Z,False,True,False,True,,6110,Sam Greeley Field,2524,Rockford,iii,NACC,3,"[0, 0, 0, 3]",,,,2741,Wisconsin Lutheran,iii,NACC,48,"[14, 20, 7, 7]",,,,,,,
401777076,2025,11,regular,2025-11-08T18:00:00.000Z,False,True,False,True,,5906,McBride Field,352,Kenyon,iii,North Coast,18,"[0, 6, 6, 6]",,,,2171,Denison,iii,North Coast,33,"[12, 21, 0, 0]",,,,,,,
401777100,2025,11,regular,2025-11-08T18:00:00.000Z,False,True,False,False,,5863,Don Shula Stadium at Wasmer Field,2302,John Carroll,iii,Ohio,55,"[10, 28, 7, 10]",,,,2980,Ohio Wesleyan,iii,North Coast,17,"[0, 10, 7, 0]",,,,,,,
401777234,2025,11,regular,2025-11-08T18:00:00.000Z,False,True,False,True,,5896,Lewis C. Everett Stadium,297,Hampden Sydney,iii,Old Dominion,42,"[0, 28, 7, 7]",,,,2079,Bridgewater,iii,Old Dominion,45,"[7, 14, 7, 17]",,,,,,,
401777253,2025,11,regular,2025-11-08T18:00:00.000Z,False,True,False,False,,6138,Wilson Field,2688,Washington and Lee,iii,Old Dominion,35,"[0, 7, 14, 14]",,,,131109,Roanoke College,,,14,"[0, 0, 7, 7]",,,,,,,
401752897,2025,11,regular,2025-11-08T18:00:00.000Z,False,True,False,True,57701,3907,Ross-Ade Stadium,2509,Purdue,fbs,Big Ten,10,"[3, 0, 0, 7]",0.005438361316919327,1310,1331,194,Ohio State,fbs,Big Ten,34,"[0, 24, 0, 10]",0.9945616386830807,2146,2125,3.172106994027828,,,
401773085,2025,11,regular,2025-11-08T18:00:00.000Z,False,True,False,True,,3813,"Luther ""Nick"" Jeralds Stadium",2220,Fayetteville State,ii,CIAA,31,"[14, 3, 7, 7]",,,,2736,Winston-Salem State,ii,CIAA,21,"[7, 14, 0, 0]",,,,,,,
401776991,2025,11,regular,2025-11-08T18:00:00.000Z,False,True,False,True,,3621,Arnold Field (PA),388,Lebanon Valley,iii,Mid Atlantic,38,"[7, 21, 7, 3]",,,,111674,Alvernia,iii,Mid Atlantic,7,"[0, 0, 0, 7]",,,,,,,
401777541,2025,11,regular,2025-11-08T18:00:00.000Z,False,True,False,True,,5941,Roebuck Stadium,2207,Elizabeth City State,ii,CIAA,70,"[21, 21, 14, 14]",,,,124180,Bluefield State,ii,CIAA,30,"[0, 0, 14, 16]",,,,,,,
401773121,2025,11,regular,2025-11-08T18:00:00.000Z,False,True,False,False,,5220,Garrison Stadium,2804,Chowan,ii,Carolinas,37,"[0, 14, 14, 3, 3, 3]",,,,366,Ferrum,ii,Carolinas,40,"[7, 10, 7, 7, 3, 6]",,,,,,,
401773414,2025,11,regular,2025-11-08T18:00:00.000Z,False,True,False,True,,6045,Dwight T. Reed Stadium,2876,Lincoln (MO),ii,Great Lakes,0,"[0, 0, 0, 0]",,,,2402,Missouri S&T,ii,Great Lakes,59,"[14, 24, 14, 7]",,,,,,,
401773723,2025,11,regular,2025-11-08T18:00:00.000Z,False,True,False,True,,6211,Sodexo Field,112334,Franklin Pierce,ii,Northeast 10,38,"[3, 14, 21, 0]",,,,2583,Southern Connecticut State,ii,Northeast 10,7,"[0, 0, 7, 0]",,,,,,,
401767137,2025,11,regular,2025-11-08T18:00:00.000Z,False,True,False,True,2547,4419,Bob Ford Field,399,UAlbany,fcs,Coastal Athletic,24,"[3, 14, 7, 0]",0.08772403001785278,,,2803,Bryant,fcs,Coastal Athletic,27,"[0, 14, 3, 10]",0.9122759699821472,,,6.6752275058965145,,,
401777555,2025,11,regular,2025-11-08T18:00:00.000Z,False,True,False,True,,3638,MDU Resources Community Bowl,559,University of Mary,ii,Northern Sun,29,"[13, 6, 10, 0]",,,,2851,Winona State,ii,Northern Sun,36,"[0, 7, 7, 22]",,,,,,,
401773740,2025,11,regular,2025-11-08T18:00:00.000Z,False,True,False,True,,6051,James S. Malosky Stadium,134,Minnesota Duluth,ii,Northern Sun,42,"[14, 7, 14, 7]",,,,132,Bemidji State,ii,Northern Sun,28,"[7, 7, 7, 7]",,,,,,,
401774356,2025,11,regular,2025-11-08T18:00:00.000Z,False,True,False,True,,5816,Art Keller Field,2106,Carthage,iii,CCIW,3,"[3, 0, 0, 0]",,,,2042,Augustana (IL),iii,CCIW,23,"[7, 10, 3, 3]",,,,,,,
401774388,2025,11,regular,2025-11-08T18:00:00.000Z,False,True,False,True,,5839,Langhorst Field,72,Elmhurst,iii,CCIW,0,"[0, 0, 0, 0]",,,,3071,North Central College,iii,CCIW,58,"[28, 17, 0, 13]",,,,,,,
401774390,2025,11,regular,2025-11-08T18:00:00.000Z,False,True,False,True,,5897,Francis Field (MO),143,Washington St. Louis,iii,CCIW,42,"[7, 21, 7, 7]",,,,75,North Park,iii,CCIW,14,"[7, 0, 0, 7]",,,,,,,
401776742,2025,11,regular,2025-11-08T18:00:00.000Z,False,True,False,True,,5117,Clemens Stadium,2600,Saint John's (MN),iii,Minnesota,70,"[21, 28, 7, 14]",,,,375,St. Scholastica,iii,Minnesota,21,"[0, 0, 14, 7]",,,,,,,
401767330,2025,11,regular,2025-11-08T18:00:00.000Z,False,True,False,True,5667,3781,Johnny Unitas Stadium,119,Towson,fcs,Coastal Athletic,10,"[7, 0, 3, 0]",0,,,222,Villanova,fcs,Coastal Athletic,28,"[0, 7, 7, 14]",1,,,5.737417230818465,,,
401767724,2025,11,regular,2025-11-08T18:00:00.000Z,False,True,False,False,1349,3847,Cooper Field,46,Georgetown,fcs,Patriot,24,"[14, 0, 7, 3]",0.05106666684150696,,,257,Richmond,fcs,Patriot,31,"[3, 7, 7, 14]",0.948933333158493,,,7.371172701319987,,,
401767599,2025,11,regular,2025-11-08T18:00:00.000Z,False,True,False,True,4108,3774,Jayne Stadium,2413,Morehead State,fcs,Pioneer,31,"[7, 10, 7, 7]",0.9905745983123779,,,2086,Butler,fcs,Pioneer,30,"[14, 10, 3, 3]",0.00942540168762207,,,6.703298298958667,,,
401767632,2025,11,regular,2025-11-08T18:00:00.000Z,False,True,False,True,983,36,Leonidoff Field,2368,Marist,fcs,Pioneer,41,"[10, 28, 3, 0]",0.994231641292572,,,56,Stetson,fcs,Pioneer,13,"[0, 7, 0, 6]",0.0057683587074279785,,,2.6612633645635855,,,
401773056,2025,11,regular,2025-11-08T18:00:00.000Z,False,True,False,True,,3808,Lincoln University Stadium,2339,Lincoln (PA),ii,CIAA,17,"[7, 7, 0, 3]",,,,2075,Bowie State,ii,CIAA,28,"[0, 7, 6, 15]",,,,,,,
401767199,2025,11,regular,2025-11-08T18:00:00.000Z,False,True,False,True,2266,3858,O'Brien Stadium,2197,Eastern Illinois,fcs,OVC-Big South,9,"[0, 3, 0, 6]",0.010609685443341732,,,2635,Tennessee Tech,fcs,OVC-Big South,21,"[14, 0, 0, 7]",0.9893903145566583,,,2.7127619108233256,,,
401767443,2025,11,regular,2025-11-08T18:00:00.000Z,False,True,False,True,3202,3829,Memorial Stadium,282,Indiana State,fcs,MVFC,20,"[7, 7, 6, 0]",0.019693616777658463,,,2287,Illinois State,fcs,MVFC,52,"[7, 28, 17, 0]",0.9803063832223415,,,4.389103421551726,,,
401773683,2025,11,regular,2025-11-08T18:00:00.000Z,False,True,False,True,,3642,Bobcat Stadium (MD),341,Frostburg State,ii,Mountain East,29,"[10, 0, 7, 12]",,,,2707,West Virginia State,ii,Mountain East,24,"[0, 10, 7, 7]",,,,,,,
401777615,2025,11,regular,2025-11-08T18:00:00.000Z,False,True,False,True,,5853,Francis Field (IL),2257,Greenville,iii,Upper Midwest,14,"[0, 0, 0, 14]",,,,583,Northwestern (MN),iii,Upper Midwest,17,"[7, 7, 0, 3]",,,,,,,
401767669,2025,11,regular,2025-11-08T18:00:00.000Z,False,True,False,True,2235,150,Jack Coffey Field,2230,Fordham,fcs,Patriot,19,"[0, 12, 0, 7]",0.009006615728139877,,,2083,Bucknell,fcs,Patriot,37,"[10, 14, 6, 7]",0.9909933842718601,,,3.6192720850365876,,,
401773421,2025,11,regular,2025-11-08T18:00:00.000Z,False,True,False,False,,6062,Gable Field at Doc Wadley Stadium,196,Northeastern State,ii,Independent DII,44,"[14, 16, 14, 0]",,,,2816,McKendree,ii,Great Lakes,10,"[3, 0, 7, 0]",,,,,,,
401774060,2025,11,regular,2025-11-08T18:00:00.000Z,False,True,False,True,,3675,Charles A. Gaetano Stadium,390,Utica,iii,Empire 8,64,"[30, 6, 7, 21]",,,,173,Hartwick,iii,Empire 8,7,"[0, 0, 0, 7]",,,,,,,
401773092,2025,11,regular,2025-11-08T18:00:00.000Z,False,True,False,True,,6041,Irwin Belk Complex,2304,Johnson C. Smith,ii,CIAA,26,"[7, 13, 0, 6]",,,,2940,Livingstone,ii,CIAA,21,"[7, 7, 7, 0]",,,,,,,
401773493,2025,11,regular,2025-11-08T18:00:00.000Z,False,True,False,True,,3885,Harvey Randall Wickes Memorial Stadium,129,Saginaw Valley State,ii,GLIAC,45,"[3, 14, 7, 14, 7, 0]",,,,2222,Ferris State,ii,GLIAC,51,"[0, 7, 21, 10, 7, 6]",,,,,,,
401766727,2025,11,regular,2025-11-08T18:00:00.000Z,False,True,False,True,,5908,Harley Knosher Bowl,255,Knox,iii,Midwest,0,"[0, 0, 0, 0]",,,,262,Lake Forest,iii,Midwest,63,"[14, 28, 14, 7]",,,,,,,
401777287,2025,11,regular,2025-11-08T18:00:00.000Z,False,True,False,True,,6140,John F. Wiley Stadium,2845,Waynesburg,iii,Presidents',35,"[14, 0, 21, 0]",,,,2614,Saint Vincent,iii,Presidents',24,"[14, 3, 0, 7]",,,,,,,
401777083,2025,11,regular,2025-11-08T18:00:00.000Z,False,True,False,True,,3640,Blackstock Stadium,83,DePauw,iii,North Coast,59,"[17, 14, 21, 7]",,,,2748,Wooster,iii,North Coast,0,"[0, 0, 0, 0]",,,,,,,
401777986,2025,11,regular,2025-11-08T18:00:00.000Z,False,True,False,True,,7422,Municipal Stadium,126086,Post,ii,Northeast 10,41,"[14, 13, 14, 0]",,,,2830,Saint Anselm,ii,Northeast 10,35,"[14, 7, 7, 7]",,,,,,,
401783355,2025,11,regular,2025-11-08T18:00:00.000Z,False,True,False,True,,4855,Leslie C. Quick Jr. Stadium,2725,Widener,iii,Mid Atlantic,40,"[0, 13, 18, 9]",,,,247,King's,iii,Mid Atlantic,24,"[21, 0, 3, 0]",,,,,,,
401777310,2025,11,regular,2025-11-08T18:00:00.000Z,False,True,False,True,,6082,Big Cat Stadium,2399,Minnesota Morris,iii,Upper Midwest,14,"[7, 7, 0, 0]",,,,433,Westminster (MO),iii,Upper Midwest,7,"[0, 7, 0, 0]",,,,,,,
401777993,2025,11,regular,2025-11-08T18:00:00.000Z,False,True,False,True,,5835,Biddle Field,2175,Dickinson,iii,Centennial,47,"[0, 19, 14, 14]",,,,2667,Ursinus,iii,Centennial,22,"[0, 7, 7, 8]",,,,,,,
401773655,2025,11,regular,2025-11-08T18:00:00.000Z,False,True,False,True,,5121,University of Charleston Stadium,2128,Charleston (WV),ii,Mountain East,45,"[14, 7, 3, 21]",,,,2699,West Liberty,ii,Mountain East,28,"[7, 14, 0, 7]",,,,,,,
401773103,2025,11,regular,2025-11-08T18:00:00.000Z,False,True,False,False,,5840,Fred Selfe Stadium at Nicewonder Field,2213,Emory & Henry,ii,South Atlantic,55,"[21, 21, 10, 3]",,,,2551,Shaw,ii,CIAA,7,"[7, 0, 0, 0]",,,,,,,
401777280,2025,11,regular,2025-11-08T18:00:00.000Z,False,True,False,True,,5849,Reeves Field (PA),2242,Geneva,iii,Presidents',7,"[0, 0, 7, 0]",,,,2686,Washington & Jefferson,iii,Presidents',49,"[7, 21, 21, 0]",,,,,,,
401767206,2025,11,regular,2025-11-08T18:30:00.000Z,False,True,False,True,3246,3710,Ernest W. Spangler Stadium,2241,Gardner-Webb,fcs,OVC-Big South,27,"[14, 0, 3, 10]",0.9668647646903992,,,2546,Southeast Missouri State,fcs,OVC-Big South,24,"[7, 3, 0, 14]",0.03313523530960083,,,5.353882622648063,,,
401767396,2025,11,regular,2025-11-08T18:30:00.000Z,False,True,False,True,9892,3864,Oliver C. Dawson Stadium,2569,South Carolina State,fcs,MEAC,42,"[21, 7, 14, 0]",0.8266810774803162,,,47,Howard,fcs,MEAC,12,"[0, 3, 0, 9]",0.17331892251968384,,,2.434441836399906,,,
401767590,2025,11,regular,2025-11-08T18:30:00.000Z,False,True,False,True,3642,3597,Alumni Memorial Field,2678,VMI,fcs,Southern,10,"[7, 0, 0, 3]",0.01972365379333496,,,2747,Wofford,fcs,Southern,52,"[0, 10, 21, 21]",0.980276346206665,,,4.564672821727575,,,
401774426,2025,11,regular,2025-11-08T18:30:00.000Z,False,True,False,True,,6088,Schueler Field,2419,Mount St Joseph,iii,Heartland,48,"[14, 21, 6, 7]",,,,2362,Manchester,iii,Heartland,20,"[7, 0, 0, 13]",,,,,,,
401774405,2025,11,regular,2025-11-08T18:30:00.000Z,False,True,False,True,,3716,"Stewart """"Red"""" Faught Stadium",2233,Franklin,iii,Heartland,59,"[7, 14, 21, 7, 0, 8, 2]",,,,2074,Bluffton,iii,Heartland,57,"[7, 16, 12, 14, 0, 8, 0]",,,,,,,
401774420,2025,11,regular,2025-11-08T18:30:00.000Z,False,True,False,False,,3614,Alumni Stadium (IN),2262,Hanover,iii,Heartland,49,"[21, 21, 7, 0]",,,,359,Otterbein,iii,Ohio,8,"[0, 0, 0, 8]",,,,,,,
401777205,2025,11,regular,2025-11-08T18:30:00.000Z,False,True,False,True,,5931,Don Drumm Stadium,317,Marietta,iii,Ohio,19,"[7, 6, 6, 0]",,,,426,Mount Union,iii,Ohio,30,"[0, 17, 13, 0]",,,,,,,
401777181,2025,11,regular,2025-11-08T18:30:00.000Z,False,True,False,True,,6098,Dial-Roberson Stadium,427,Ohio Northern,iii,Ohio,30,"[10, 7, 7, 6]",,,,188,Baldwin Wallace,iii,Ohio,28,"[14, 7, 7, 0]",,,,,,,
401777189,2025,11,regular,2025-11-08T18:30:00.000Z,False,True,False,True,,5812,Bernlohr Stadium,424,Capital,iii,Ohio,3,"[0, 3, 0, 0]",,,,332,Muskingum,iii,Ohio,7,"[0, 0, 0, 7]",,,,,,,
401777196,2025,11,regular,2025-11-08T18:30:00.000Z,False,True,False,True,,5854,Hoernemann Stadium,191,Heidelberg,iii,Ohio,34,"[7, 10, 7, 10]",,,,2733,Wilmington (OH),iii,Ohio,31,"[14, 0, 14, 3]",,,,,,,
401762502,2025,11,regular,2025-11-08T19:00:00.000Z,False,True,False,True,22671,3895,Rice Stadium,242,Rice,fbs,American Athletic,24,"[7, 7, 10, 0]",0.8756951689720154,1155,1169,5,UAB,fbs,American Athletic,17,"[7, 10, 0, 0]",0.12430483102798462,1237,1223,4.2480440142817555,,,
401766729,2025,11,regular,2025-11-08T19:00:00.000Z,False,True,False,True,,5861,Rosenbloom Field,65,Grinnell,iii,Midwest,63,"[10, 31, 8, 14]",,,,268,Lawrence,iii,Midwest,6,"[6, 0, 0, 0]",,,,,,,
401774279,2025,11,regular,2025-11-08T19:00:00.000Z,False,True,False,True,,3877,Pioneer Stadium,101161,Lyon,iii,Southern Collegiate Athletic,10,"[0, 3, 0, 7]",,,,2639,Texas Lutheran,iii,Southern Collegiate Athletic,54,"[10, 24, 7, 13]",,,,,,,
401774216,2025,11,regular,2025-11-08T19:00:00.000Z,False,True,False,True,,3915,Charles Lee Field at Samford Stadium,2938,Huntingdon,iii,USA South,44,"[13, 7, 17, 7]",,,,2896,Southern Virginia,iii,USA South,21,"[7, 7, 7, 0]",,,,,,,
401831243,2025,11,regular,2025-11-08T19:00:00.000Z,False,True,False,False,,3957,Tiger Stadium (AL),2695,West Alabama,ii,Gulf South,0,[],,,,124179,Lincoln (CA),ii,Independent DII,0,[],,,,,,,
401767146,2025,11,regular,2025-11-08T19:00:00.000Z,False,True,False,True,3309,3629,Barker-Lane Stadium,2097,Campbell,fcs,Coastal Athletic,27,"[7, 10, 7, 0, 3]",0.787926435470581,,,2729,William & Mary,fcs,Coastal Athletic,30,"[3, 10, 0, 11, 6]",0.21207356452941895,,,6.336090947112256,,,
401774456,2025,11,regular,2025-11-08T19:00:00.000Z,False,True,False,False,,5996,Wilford Moore Stadium,241,McMurry,iii,Southern Collegiate Athletic,34,"[0, 20, 14, 0]",,,,418,Hendrix,iii,Southern Athletic,28,"[21, 0, 0, 7]",,,,,,,
401774364,2025,11,regular,2025-11-08T19:00:00.000Z,False,True,False,True,,5859,Tucci Stadium,306,Illinois Wesleyan,iii,CCIW,14,"[7, 0, 0, 7]",,,,32,Carroll (WI),iii,CCIW,34,"[7, 7, 7, 13]",,,,,,,
401774285,2025,11,regular,2025-11-08T19:00:00.000Z,False,True,False,True,,3823,Hardee-McGee Field,2553,Sewanee,iii,Southern Athletic,0,"[0, 0, 0, 0]",,,,2121,Centre,iii,Southern Athletic,28,"[0, 13, 15, 0]",,,,,,,
401774166,2025,11,regular,2025-11-08T19:00:00.000Z,False,True,False,True,,4854,Perkins Stadium,2745,Wisconsin Whitewater,iii,Wisconsin,51,"[10, 31, 0, 10]",,,,2738,Wisconsin Eau Claire,iii,Wisconsin,10,"[3, 0, 7, 0]",,,,,,,
401773487,2025,11,regular,2025-11-08T19:00:00.000Z,False,True,False,True,,3844,Morris Field,127991,Roosevelt,ii,GLIAC,48,"[7, 17, 14, 10]",,,,131,Wayne State (MI),ii,GLIAC,14,"[0, 0, 7, 7]",,,,,,,
401773264,2025,11,regular,2025-11-08T19:00:00.000Z,False,True,False,True,,5838,Ornelas Stadium,2194,East Texas Baptist,iii,American Southwest,27,"[3, 6, 3, 15, 0]",,,,2758,Howard Payne,iii,American Southwest,34,"[0, 7, 14, 6, 7]",,,,,,,
401767177,2025,11,regular,2025-11-08T19:00:00.000Z,False,True,False,True,4153,3894,Rhodes Stadium,2210,Elon,fcs,Coastal Athletic,20,"[3, 7, 7, 3]",0.0033310537692159414,,,227,Rhode Island,fcs,Coastal Athletic,34,"[7, 17, 3, 7]",0.9966689462307841,,,4.296574707466042,,,
401773965,2025,11,regular,2025-11-08T19:00:00.000Z,False,True,False,True,,6078,Pioneer Field (TN),2839,Tusculum,ii,South Atlantic,10,"[0, 0, 0, 10]",,,,351,Wingate,ii,South Atlantic,56,"[14, 7, 28, 7]",,,,,,,
401773256,2025,11,regular,2025-11-08T19:00:00.000Z,False,True,False,True,,4463,Crusader Stadium,2371,Mary Hardin Baylor,iii,American Southwest,21,"[7, 0, 0, 14]",,,,2810,Hardin Simmons,iii,American Southwest,17,"[0, 7, 3, 7]",,,,,,,
401767480,2025,11,regular,2025-11-08T19:00:00.000Z,False,True,False,True,4243,3963,Harry Turpin Stadium,2466,Northwestern State,fcs,Southland,3,"[3, 0, 0, 0]",0.017563050612807274,,,2916,Incarnate Word,fcs,Southland,38,"[14, 14, 7, 3]",0.9824369493871927,,,2.742602491648716,,,
401773359,2025,11,regular,2025-11-08T19:00:00.000Z,False,True,False,True,,5113,Ruggles Field at Carpenter-Haygood Stadium,2271,Henderson State,ii,Great American,45,"[7, 14, 14, 10]",,,,2191,East Central,ii,Great American,35,"[7, 0, 14, 14]",,,,,,,
401766728,2025,11,regular,2025-11-08T19:00:00.000Z,False,True,False,True,,6084,April Zorn Memorial Stadium,2919,Monmouth (IL),iii,Midwest,58,"[14, 28, 6, 10]",,,,2891,Ripon,iii,Midwest,3,"[0, 3, 0, 0]",,,,,,,
401766731,2025,11,regular,2025-11-08T19:00:00.000Z,False,True,False,True,,5828,Van Metre Field at Ash Park,2155,Cornell (IA),iii,Midwest,0,"[0, 0, 0, 0]",,,,2286,Illinois College,iii,Midwest,24,"[8, 3, 7, 6]",,,,,,,
401773163,2025,11,regular,2025-11-08T19:00:00.000Z,False,True,False,True,,5809,J. Leslie Rollins Stadium,63,Buena Vista,iii,American Rivers,34,"[7, 7, 7, 13]",,,,6845,Nebraska Wesleyan,iii,American Rivers,21,"[0, 0, 14, 7]",,,,,,,
401773042,2025,11,regular,2025-11-08T19:00:00.000Z,False,True,False,True,,3635,Bill Buxton Stadium,2564,Simpson (IA),iii,American Rivers,10,"[10, 0, 0, 0]",,,,2964,Central College,iii,American Rivers,35,"[0, 28, 7, 0]",,,,,,,
401773780,2025,11,regular,2025-11-08T19:00:00.000Z,False,True,False,True,,6072,Schwan Regional Event Center,2587,Southwest Minnesota State,ii,Northern Sun,14,"[0, 7, 7, 0]",,,,3066,Concordia St. Paul,ii,Northern Sun,19,"[7, 6, 0, 6]",,,,,,,
401773645,2025,11,regular,2025-11-08T19:00:00.000Z,False,True,False,True,,4724,Audrey J. Walton Stadium at Vernon Kennedy Field,2118,Central Missouri,ii,Mid America,35,"[0, 14, 7, 14]",,,,90,Pittsburg State,ii,Mid America,48,"[0, 14, 21, 13]",,,,,,,
401773792,2025,11,regular,2025-11-08T19:00:00.000Z,False,True,False,True,,6070,Bob Young Field,2894,Sioux Falls,ii,Northern Sun,13,"[6, 0, 7, 0]",,,,2844,Wayne State (NE),ii,Northern Sun,42,"[0, 21, 7, 14]",,,,,,,
401773404,2025,11,regular,2025-11-08T19:00:00.000Z,False,True,False,True,,3878,Plaster Sports Complex,2586,Southwest Baptist,ii,Great Lakes,21,"[7, 0, 7, 7]",,,,2292,Indianapolis,ii,Great Lakes,66,"[14, 17, 21, 14]",,,,,,,
401773979,2025,11,regular,2025-11-08T19:00:00.000Z,False,True,True,True,,4110,A.J. McClung Stadium,2232,Fort Valley State,ii,SIAC,3,"[0, 3, 0, 0]",,,,2013,Albany State,ii,SIAC,48,"[7, 28, 0, 13]",,,,,,,
401774437,2025,11,regular,2025-11-08T19:00:00.000Z,False,True,False,True,,6111,Cook Stadium,86,Rose Hulman,iii,Heartland,38,"[3, 21, 7, 7]",,,,2023,Anderson (IN),iii,Heartland,0,"[0, 0, 0, 0]",,,,,,,
401777026,2025,11,regular,2025-11-08T19:00:00.000Z,False,True,False,True,,6284,Village of Lisle-Benedictine University Sports Complex,2283,Benedictine (IL),iii,NACC,38,"[17, 14, 0, 7]",,,,2151,Concordia Chicago,iii,NACC,7,"[7, 0, 0, 0]",,,,,,,
401777038,2025,11,regular,2025-11-08T19:00:00.000Z,False,True,False,True,,5841,Pete FioRito Stadium at McKinzie Field,101,Eureka,iii,NACC,12,"[6, 0, 6, 0]",,,,6353,Lakeland,iii,NACC,40,"[20, 13, 7, 0]",,,,,,,
401777607,2025,11,regular,2025-11-08T19:00:00.000Z,False,True,False,True,,5829,Old National Bank Stadium,509,Crown,iii,Upper Midwest,34,"[7, 0, 27, 0]",,,,446,Martin Luther,iii,Upper Midwest,21,"[0, 7, 7, 7]",,,,,,,
401766730,2025,11,regular,2025-11-08T19:00:00.000Z,False,True,False,True,,3945,Strong Stadium,266,Beloit,iii,Midwest,0,"[0, 0, 0, 0]",,,,80,Chicago,iii,Midwest,40,"[7, 17, 6, 10]",,,,,,,
401773171,2025,11,regular,2025-11-08T19:00:00.000Z,False,True,False,True,,5823,Clark Field,2141,Coe,iii,American Rivers,63,"[23, 20, 20, 0]",,,,263,Loras,iii,American Rivers,7,"[0, 0, 7, 0]",,,,,,,
401773878,2025,11,regular,2025-11-08T19:00:00.000Z,False,True,False,True,,5866,Rex Stadium,2001,Adams State,ii,Rocky Mountain,0,"[0, 0, 0, 0]",,,,2069,Black Hills State,ii,Rocky Mountain,59,"[7, 17, 21, 14]",,,,,,,
401774466,2025,11,regular,2025-11-08T19:00:00.000Z,False,True,False,True,,6132,Trinity University Stadium,386,Trinity (TX),iii,Southern Athletic,42,"[0, 21, 14, 7]",,,,2398,Millsaps,iii,Southern Athletic,24,"[7, 3, 0, 14]",,,,,,,
401773773,2025,11,regular,2025-11-08T19:00:00.000Z,False,True,False,True,,5872,Kirkeby-Over Stadium,2043,Augustana (SD),ii,Northern Sun,21,"[7, 7, 0, 7]",,,,2364,Minnesota State,ii,Northern Sun,45,"[0, 21, 14, 10]",,,,,,,
401773562,2025,11,regular,2025-11-08T19:00:00.000Z,False,True,False,True,,6049,"Memorial Stadium (Wichita Falls, TX)",2395,Midwestern State,ii,Lone Star,42,"[14, 7, 7, 14]",,,,2704,West Texas,ii,Lone Star,56,"[14, 21, 14, 7]",,,,,,,
401773436,2025,11,regular,2025-11-08T19:00:00.000Z,False,True,False,True,,6030,Harms-Eischeid Stadium,389,Upper Iowa,ii,Great Lakes,41,"[7, 17, 3, 14]",,,,2825,Quincy,ii,Great Lakes,8,"[0, 8, 0, 0]",,,,,,,
401767229,2025,11,regular,2025-11-08T19:00:00.000Z,False,True,False,True,3518,3748,Graham Stadium,2630,UT Martin,fcs,OVC-Big South,26,"[7, 7, 9, 3]",0.9928738474845886,,,2634,Tennessee State,fcs,OVC-Big South,7,"[0, 0, 0, 7]",0.007126152515411377,,,2.3562685946821356,,,
401773611,2025,11,regular,2025-11-08T19:00:00.000Z,False,True,False,True,,6034,Yager Stadium at Moore Bowl,2687,Washburn,ii,Mid America,17,"[3, 14, 0, 0]",,,,2214,Emporia State,ii,Mid America,45,"[14, 3, 7, 21]",,,,,,,
401773602,2025,11,regular,2025-11-08T19:00:00.000Z,False,True,False,True,,5878,Wantland Stadium,2122,Central Oklahoma,ii,Mid America,44,"[7, 14, 10, 13]",,,,2403,Missouri Southern State,ii,Mid America,17,"[3, 7, 0, 7]",,,,,,,
401767500,2025,11,regular,2025-11-08T19:00:00.000Z,False,True,False,True,8529,3967,UNI-Dome,2460,Northern Iowa,fcs,MVFC,31,"[7, 7, 7, 10]",0.9895231127738953,,,93,Murray State,fcs,MVFC,14,"[0, 14, 0, 0]",0.010476887226104736,,,4.951569514227162,,,
401773468,2025,11,regular,2025-11-08T19:00:00.000Z,False,True,False,True,,3811,Lubbers Stadium,125,Grand Valley State,ii,GLIAC,18,"[6, 9, 0, 3]",,,,2392,Michigan Tech,ii,GLIAC,15,"[0, 7, 0, 8]",,,,,,,
401767507,2025,11,regular,2025-11-08T19:00:00.000Z,False,True,False,True,12749,3605,Alerus Center,155,North Dakota,fcs,MVFC,10,"[7, 0, 3, 0]",0.08740419149398804,,,2449,North Dakota State,fcs,MVFC,15,"[0, 6, 3, 6]",0.912595808506012,,,5.641495028354283,,,
401767409,2025,11,regular,2025-11-08T19:00:00.000Z,False,True,False,True,7225,3862,O'Kelly-Riddick Stadium,2428,North Carolina Central,fcs,MEAC,31,"[10, 7, 3, 11]",0.7595975995063782,,,2450,Norfolk State,fcs,MEAC,28,"[7, 0, 7, 14]",0.24040240049362183,,,8.08455325617591,,,
401767548,2025,11,regular,2025-11-08T19:00:00.000Z,False,True,False,True,8448,844,Stambaugh Stadium,2754,Youngstown State,fcs,MVFC,48,"[7, 7, 21, 13]",0.6686790585517883,,,79,Southern Illinois,fcs,MVFC,38,"[17, 7, 0, 14]",0.33132094144821167,,,6.472592577449538,,,
401767214,2025,11,regular,2025-11-08T19:00:00.000Z,False,True,False,True,2004,3746,Hanson Field,2710,Western Illinois,fcs,OVC-Big South,24,"[0, 7, 3, 14]",0.903773844242096,,,2815,Lindenwood,fcs,OVC-Big South,21,"[14, 0, 7, 0]",0.09622615575790405,,,5.6645844865051735,,,
401774180,2025,11,regular,2025-11-08T19:00:00.000Z,False,True,False,True,,5120,J.J. Keller Field at Titan Stadium,271,Wisconsin Oshkosh,iii,Wisconsin,41,"[14, 6, 7, 14]",,,,2743,Wisconsin Stevens Point,iii,Wisconsin,15,"[0, 7, 0, 8]",,,,,,,
401777017,2025,11,regular,2025-11-08T19:00:00.000Z,False,True,False,True,,5797,Vago Field,2044,Aurora,iii,NACC,37,"[3, 10, 8, 16]",,,,2832,St. Norbert,iii,NACC,14,"[0, 0, 0, 14]",,,,,,,
401776773,2025,11,regular,2025-11-08T19:00:00.000Z,False,True,False,True,,5804,Royal Stadium,2802,Bethel (MN),iii,Minnesota,49,"[14, 21, 7, 7]",,,,2101,Carleton,iii,Minnesota,7,"[7, 0, 0, 0]",,,,,,,
401774173,2025,11,regular,2025-11-08T19:00:00.000Z,False,True,False,True,,5901,David Smith Stadium at Ramer Field,2723,Wisconsin River Falls,iii,Wisconsin,41,"[21, 3, 7, 10]",,,,2740,Wisconsin La Crosse,iii,Wisconsin,7,"[7, 0, 0, 0]",,,,,,,
401773986,2025,11,regular,2025-11-08T19:00:00.000Z,False,True,False,True,,6217,W.C. Hawkins Stadium,2019,Allen,ii,SIAC,53,"[7, 7, 25, 14]",,,,2206,Edward Waters,ii,SIAC,30,"[7, 7, 9, 7]",,,,,,,
401773808,2025,11,regular,2025-11-08T19:00:00.000Z,False,True,False,True,,4435,Robert B. Redman Stadium,2071,Bloomsburg,ii,Pennsylvania State Athletic,27,"[0, 13, 7, 7]",,,,2315,Kutztown,ii,Pennsylvania State Athletic,35,"[7, 14, 14, 0]",,,,,,,
401773898,2025,11,regular,2025-11-08T19:00:00.000Z,False,True,False,True,,5883,Marv Kay Stadium at Campbell Field,2146,Colorado School of Mines,ii,Rocky Mountain,34,"[14, 14, 3, 3, 0]",,,,2570,CSU Pueblo,ii,Rocky Mountain,41,"[6, 7, 7, 14, 7]",,,,,,,
401767578,2025,11,regular,2025-11-08T19:30:00.000Z,False,True,False,True,14510,3704,E. J. Whitmire Stadium,2717,Western Carolina,fcs,Southern,47,"[7, 14, 6, 20]",0.45658501982688904,,,2382,Mercer,fcs,Southern,49,"[7, 11, 21, 10]",0.543414980173111,,,9.613862655246553,,,
401773632,2025,11,regular,2025-11-08T19:30:00.000Z,False,True,False,True,,5134,Bearcat Stadium,138,Northwest Missouri State,ii,Mid America,38,"[3, 21, 14, 0]",,,,137,Missouri Western,ii,Mid America,7,"[7, 0, 0, 0]",,,,,,,
401752894,2025,11,regular,2025-11-08T19:30:00.000Z,False,True,False,True,41032,6577,SHI Stadium,164,Rutgers,fbs,Big Ten,35,"[0, 21, 7, 7]",0.9826175570487976,1419,1458,120,Maryland,fbs,Big Ten,20,"[7, 10, 0, 3]",0.017382442951202393,1506,1467,4.298712917874017,,,
401762505,2025,11,regular,2025-11-08T20:00:00.000Z,False,True,False,True,16170,3715,FAU Stadium,2226,Florida Atlantic,fbs,American Athletic,40,"[10, 21, 3, 6]",0.9733737111091614,1218,1247,202,Tulsa,fbs,American Athletic,21,"[0, 6, 12, 3]",0.026626288890838623,1066,1037,4.185107361435338,,,
401773993,2025,11,regular,2025-11-08T20:00:00.000Z,False,True,False,True,,3952,Ted Wright Stadium,2542,Savannah State,ii,SIAC,13,"[0, 0, 0, 7, 3, 3]",,,,490,Benedict,ii,SIAC,16,"[7, 0, 0, 0, 3, 6]",,,,,,,
401767474,2025,11,regular,2025-11-08T20:00:00.000Z,False,True,False,True,1859,4424,Husky Stadium,2277,Houston Christian,fcs,Southland,3,"[0, 3, 0, 0]",0.013051549904048443,,,2617,Stephen F. Austin,fcs,Southland,50,"[15, 14, 14, 7]",0.9869484500959516,,,4.4985071300473285,,,
401757297,2025,11,regular,2025-11-08T20:00:00.000Z,False,True,False,True,9536,3946,Sun Bowl,2638,UTEP,fbs,Conference USA,27,"[7, 6, 7, 7]",0.17534378170967102,1220,1233,55,Jacksonville State,fbs,Conference USA,30,"[10, 10, 0, 10]",0.824656218290329,1525,1512,8.723114109384603,,,
401777225,2025,11,regular,2025-11-08T20:00:00.000Z,False,True,False,True,,5892,Armfield Athletic Center,2258,Guilford,iii,Old Dominion,21,"[14, 0, 0, 7]",,,,2047,Averett,iii,Old Dominion,27,"[7, 7, 7, 6]",,,,,,,
401757296,2025,11,regular,2025-11-08T20:00:00.000Z,False,True,False,True,12227,3725,"Johnny ""Red"" Floyd Stadium",2393,Middle Tennessee,fbs,Conference USA,30,"[7, 10, 7, 6]",0.001964062452316284,1199,1134,2229,Florida International,fbs,Conference USA,56,"[0, 21, 13, 22]",0.9980359375476837,1241,1306,7.259780064557759,,,
401757295,2025,11,regular,2025-11-08T20:00:00.000Z,False,True,False,True,17912,3695,Delaware Stadium,48,Delaware,fbs,Conference USA,25,"[3, 6, 7, 9]",0.16869089007377625,1383,1386,2348,Louisiana Tech,fbs,Conference USA,24,"[7, 0, 0, 17]",0.8313091099262238,1465,1462,9.406419204379075,,,
401762504,2025,11,regular,2025-11-08T20:00:00.000Z,False,True,False,True,39096,3699,Dowdy-Ficklen Stadium,151,East Carolina,fbs,American Athletic,48,"[21, 14, 10, 3]",0.9621897339820862,1591,1599,2429,Charlotte,fbs,American Athletic,22,"[0, 14, 8, 0]",0.03781026601791382,1028,1020,2.4838753543226346,,,
401767392,2025,11,regular,2025-11-08T20:00:00.000Z,False,True,False,True,6237,3902,Eddie Robinson Stadium,2755,Grambling,fcs,SWAC,31,"[10, 14, 0, 7]",0.8367180228233337,,,2065,Bethune-Cookman,fcs,SWAC,23,"[0, 20, 0, 3]",0.16328197717666626,,,5.434749990713028,,,
401774021,2025,11,regular,2025-11-08T20:00:00.000Z,False,True,False,True,,6044,Lane Field,2323,Lane College,ii,SIAC,0,"[0, 0, 0, 0]",,,,2310,Kentucky State,ii,SIAC,55,"[10, 14, 14, 17]",,,,,,,
401767365,2025,11,regular,2025-11-08T20:00:00.000Z,False,True,False,True,17625,4582,Hornet Stadium,2011,Alabama State,fcs,SWAC,42,"[14, 7, 7, 14]",0.993477463722229,,,2640,Texas Southern,fcs,SWAC,24,"[10, 14, 0, 0]",0.006522536277770996,,,5.102189772120791,,,
401773892,2025,11,regular,2025-11-08T20:00:00.000Z,False,True,False,True,,5880,Elliott Field at Don Beebe Stadium,2123,Chadron State,ii,Rocky Mountain,27,"[0, 10, 6, 8, 3]",,,,2714,Western Colorado,ii,Rocky Mountain,24,"[14, 0, 3, 7, 0]",,,,,,,
401767110,2025,11,regular,2025-11-08T20:00:00.000Z,False,True,False,True,21467,3643,Bobcat Stadium,147,Montana State,fcs,Big Sky,66,"[14, 17, 21, 14]",1,,,2692,Weber State,fcs,Big Sky,14,"[0, 7, 0, 7]",0,,,2.2605832842713465,,,
401767245,2025,11,regular,2025-11-08T20:00:00.000Z,False,True,False,True,7833,5440,Wildcat Stadium (TX),2000,Abilene Christian,fcs,UAC,31,"[0, 14, 7, 10]",1,,,3101,Utah Tech,fcs,UAC,10,"[0, 7, 3, 0]",0,,,4.313059018349716,,,
401773757,2025,11,regular,2025-11-08T20:00:00.000Z,False,True,False,True,,3951,Swisher Field,425,Northern State,ii,Northern Sun,28,"[7, 0, 7, 14]",,,,568,Minot State,ii,Northern Sun,49,"[7, 14, 7, 21]",,,,,,,
401767424,2025,11,regular,2025-11-08T20:00:00.000Z,False,True,False,True,8927,3896,Rice-Totten Field,2400,Mississippi Valley State,fcs,SWAC,3,"[0, 3, 0, 0]",0,,,2296,Jackson State,fcs,SWAC,42,"[7, 14, 14, 7]",1,,,3.030662728777607,,,
401773340,2025,11,regular,2025-11-08T20:00:00.000Z,False,True,False,True,,6064,Crain Family Stadium,319,Oklahoma Baptist,ii,Great American,25,"[10, 7, 0, 8]",,,,2033,Arkansas Tech,ii,Great American,38,"[14, 7, 7, 10]",,,,,,,
401767069,2025,11,regular,2025-11-08T20:00:00.000Z,False,True,False,True,25861,3987,Washington-Grizzly Stadium,149,Montana,fcs,Big Sky,29,"[14, 8, 7, 0]",0.9580841064453125,,,331,Eastern Washington,fcs,Big Sky,24,"[0, 14, 3, 7]",0.0419158935546875,,,5.560356026422248,,,
401773905,2025,11,regular,2025-11-08T20:00:00.000Z,False,True,False,True,,6059,Sanchez Family Stadium,2424,New Mexico Highlands,ii,Rocky Mountain,31,"[0, 10, 7, 14]",,,,2237,Fort Lewis,ii,Rocky Mountain,14,"[0, 7, 0, 7]",,,,,,,
401774026,2025,11,regular,2025-11-08T20:00:00.000Z,False,True,False,True,,6027,Albert J. H. Sloan - Alumni Stadium,2396,Miles,ii,SIAC,23,"[0, 6, 14, 3]",,,,2657,Tuskegee,ii,SIAC,24,"[10, 7, 0, 7]",,,,,,,
401773350,2025,11,regular,2025-11-08T20:00:00.000Z,False,True,False,True,,4763,Ranger Field,2823,Northwestern (OK),ii,Great American,40,"[7, 13, 3, 17]",,,,2028,Arkansas Monticello,ii,Great American,7,"[0, 0, 7, 0]",,,,,,,
401767283,2025,11,regular,2025-11-08T20:00:00.000Z,False,True,False,True,4093,3908,Roy Kidd Stadium,2198,Eastern Kentucky,fcs,UAC,17,"[3, 14, 0, 0]",0.03496389463543892,,,253,Southern Utah,fcs,UAC,27,"[3, 14, 3, 7]",0.9650361053645611,,,6.0572203979525225,,,
401773368,2025,11,regular,2025-11-08T20:00:00.000Z,False,True,False,True,,3934,Southern Nazarene University Football Stadium,200,Southern Nazarene,ii,Great American,14,"[0, 0, 14, 0]",,,,2264,Harding,ii,Great American,52,"[7, 28, 10, 7]",,,,,,,
401774187,2025,11,regular,2025-11-08T20:00:00.000Z,False,True,False,True,,5911,Ralph E. Davis Pioneer Stadium,272,Wisconsin Platteville,iii,Wisconsin,24,"[3, 14, 0, 7]",,,,2744,Wisconsin Stout,iii,Wisconsin,23,"[3, 0, 7, 13]",,,,,,,
401773389,2025,11,regular,2025-11-08T20:00:00.000Z,False,True,False,True,,6073,Milam Stadium,2927,Southwestern Oklahoma State,ii,Great American,38,"[21, 7, 0, 10]",,,,2888,Ouachita Baptist,ii,Great American,42,"[21, 0, 7, 14]",,,,,,,
401767386,2025,11,regular,2025-11-08T20:00:00.000Z,False,True,False,True,6582,3740,Golden Lion Stadium,2029,Arkansas-Pine Bluff,fcs,SWAC,28,"[7, 0, 0, 21]",0.05035531893372536,,,50,Florida A&M,fcs,SWAC,31,"[0, 10, 7, 14]",0.9496446810662746,,,6.404814720366154,,,
401773392,2025,11,regular,2025-11-08T20:00:00.000Z,False,True,False,True,,5891,Wilkins Stadium,2568,Southern Arkansas,ii,Great American,16,"[0, 7, 6, 3]",,,,199,Southeastern Oklahoma State,ii,Great American,14,"[7, 0, 0, 7]",,,,,,,
401767356,2025,11,regular,2025-11-08T20:00:00.000Z,False,True,False,True,1126,3809,Louis Crews Stadium,2010,Alabama A&M,fcs,SWAC,5,"[3, 2, 0, 0]",0.020639384165406227,,,2504,Prairie View A&M,fcs,SWAC,48,"[0, 13, 14, 21]",0.9793606158345938,,,3.6283383385493373,,,
401754587,2025,11,regular,2025-11-08T20:30:00.000Z,False,True,False,True,60337,3948,Hard Rock Stadium,2390,Miami,fbs,ACC,38,"[0, 14, 17, 7]",0.9172752499580383,1849,1865,183,Syracuse,fbs,ACC,10,"[0, 0, 3, 7]",0.08272475004196167,1320,1304,3.698876065754808,,,
401756944,2025,11,regular,2025-11-08T20:30:00.000Z,False,True,False,True,44197,3616,Amon G. Carter Stadium,2628,TCU,fbs,Big 12,17,"[0, 3, 7, 7]",0.49100232124328613,1700,1689,66,Iowa State,fbs,Big 12,20,"[6, 0, 0, 14]",0.5089976787567139,1589,1600,6.215050875410496,,,
401756943,2025,11,regular,2025-11-08T20:30:00.000Z,False,True,False,True,41115,3619,Arizona Stadium,12,Arizona,fbs,Big 12,24,"[7, 7, 3, 7]",0.4165548086166382,1578,1580,2305,Kansas,fbs,Big 12,20,"[7, 10, 3, 0]",0.5834451913833618,1556,1554,6.916815613183976,,,
401752898,2025,11,regular,2025-11-08T20:30:00.000Z,False,True,False,True,69250,3793,Kinnick Stadium,2294,Iowa,fbs,Big Ten,16,"[0, 7, 0, 9]",0.19565224647521973,1907,1912,2483,Oregon,fbs,Big Ten,18,"[2, 10, 3, 3]",0.8043477535247803,2055,2050,5.293227062970093,,,
401752763,2025,11,regular,2025-11-08T20:30:00.000Z,False,True,False,True,57321,3838,Memorial Stadium,142,Missouri,fbs,SEC,17,"[0, 0, 7, 10]",0.04862264171242714,1779,1734,245,Texas A&M,fbs,SEC,38,"[7, 7, 10, 14]",0.9513773582875729,1859,1904,3.262741592650687,,,
401783279,2025,11,regular,2025-11-08T20:30:00.000Z,False,True,False,False,5821,6058,Ralph F. DellaCamera Stadium,2441,New Haven,fcs,NEC,41,"[7, 7, 10, 17]",0.9968474507331848,,,2771,Merrimack,fcs,FCS Independents,31,"[7, 17, 0, 7]",0.0031525492668151855,,,6.050914121257484,,,
401754590,2025,11,regular,2025-11-08T20:30:00.000Z,False,True,False,False,38106,3892,Pratt & Whitney Stadium,41,UConn,fbs,FBS Independents,37,"[10, 10, 3, 14]",0.8562755584716797,1561,1563,150,Duke,fbs,ACC,34,"[7, 7, 14, 6]",0.1437244415283203,1627,1625,7.285491145137222,,,
401767562,2025,11,regular,2025-11-08T20:30:00.000Z,False,True,False,True,3591,3925,Seibert Stadium,2535,Samford,fcs,Southern,14,"[7, 0, 0, 7]",0.03289753198623657,,,2193,East Tennessee State,fcs,Southern,38,"[21, 3, 14, 0]",0.9671024680137634,,,3.6106098355615894,,,
401777174,2025,11,regular,2025-11-08T21:00:00.000Z,False,True,False,True,,6149,McCulloch Stadium,2930,Willamette,iii,Northwest,0,"[0, 0, 0, 0]",,,,2721,Whitworth,iii,Northwest,29,"[2, 17, 3, 7]",,,,,,,
401767487,2025,11,regular,2025-11-08T21:00:00.000Z,False,True,False,True,6183,3882,Provost Umphrey Stadium,2320,Lamar,fcs,Southland,14,"[0, 7, 0, 7]",0.8098567724227905,,,2545,SE Louisiana,fcs,Southland,12,"[0, 0, 6, 6]",0.19014322757720947,,,5.015807017362748,,,
401757298,2025,11,regular,2025-11-08T21:00:00.000Z,False,True,False,True,11473,3601,Aggie Memorial Stadium,166,New Mexico State,fbs,Conference USA,21,"[0, 7, 0, 14]",0.02029801905155182,1194,1201,338,Kennesaw State,fbs,Conference USA,24,"[17, 7, 0, 0]",0.9797019809484482,1388,1381,5.516987729558563,,,
401773284,2025,11,regular,2025-11-08T21:00:00.000Z,False,True,False,False,,5808,Edward C. Swenson Athletic Complex,18,Bridgewater State,iii,MSCAC,41,"[7, 14, 14, 0, 6]",,,,15,Anna Maria College,iii,MSCAC,35,"[14, 7, 7, 7, 0]",,,,,,,
401773913,2025,11,regular,2025-11-08T21:00:00.000Z,False,True,False,True,,5882,Ralph Stocker Stadium,11,Colorado Mesa,ii,Rocky Mountain,38,"[0, 17, 7, 14]",,,,613,South Dakota Mines,ii,Rocky Mountain,12,"[3, 0, 3, 6]",,,,,,,
401774259,2025,11,regular,2025-11-08T21:00:00.000Z,False,True,False,True,,6106,Ted Runner Stadium,29,Redlands,iii,So. Cal.,14,"[7, 0, 0, 7]",,,,17,Claremont Mudd Scripps,iii,So. Cal.,28,"[0, 21, 7, 0]",,,,,,,
401767289,2025,11,regular,2025-11-08T21:00:00.000Z,False,True,False,True,7012,4133,Braly Municipal Stadium,2453,North Alabama,fcs,UAC,17,"[14, 3, 0, 0]",0.14754492044448853,,,2698,West Georgia,fcs,UAC,24,"[10, 0, 14, 0]",0.8524550795555115,,,5.369061925861684,,,
401773519,2025,11,regular,2025-11-08T21:00:00.000Z,False,True,False,True,,4851,Bazemore-Hyder Stadium,2673,Valdosta State,ii,Gulf South,27,"[7, 3, 10, 7]",,,,2170,Delta State,ii,Gulf South,23,"[21, 0, 2, 0]",,,,,,,
401761645,2025,11,regular,2025-11-08T21:00:00.000Z,False,True,False,True,18878,3654,Brooks Stadium (SC),324,Coastal Carolina,fbs,Sun Belt,40,"[14, 9, 10, 7]",0.9950982332229614,1309,1318,2247,Georgia State,fbs,Sun Belt,27,"[14, 0, 0, 13]",0.004901766777038574,1107,1098,3.3751025673075485,,,
401773447,2025,11,regular,2025-11-08T21:00:00.000Z,False,True,False,True,,6077,Stokes Stadium,2654,Truman State,ii,Great Lakes,35,"[14, 14, 7, 0]",,,,2911,William Jewell,ii,Great Lakes,17,"[3, 7, 0, 7]",,,,,,,
401767542,2025,11,regular,2025-11-08T21:00:00.000Z,False,True,False,True,9159,1905,DakotaDome,233,South Dakota,fcs,MVFC,24,"[7, 10, 7, 0]",0.888734757900238,,,2571,South Dakota State,fcs,MVFC,17,"[10, 7, 0, 0]",0.11126524209976196,,,4.5028871759384055,,,
401752764,2025,11,regular,2025-11-08T21:00:00.000Z,False,True,False,True,35000,3973,FirstBank Stadium,238,Vanderbilt,fbs,SEC,45,"[0, 10, 14, 14, 7]",0.6538436412811279,1766,1770,2,Auburn,fbs,SEC,38,"[7, 13, 10, 8, 0]",0.34615635871887207,1665,1661,9.394868635793847,,,
401767376,2025,11,regular,2025-11-08T21:00:00.000Z,False,True,False,True,14458,3771,Jack Spinks Stadium,2016,Alcorn State,fcs,SWAC,35,"[0, 14, 21, 0]",0.8751407265663147,,,2582,Southern,fcs,SWAC,17,"[7, 3, 7, 0]",0.1248592734336853,,,4.434124011015096,,,
401767254,2025,11,regular,2025-11-08T21:00:00.000Z,False,True,False,True,5345,3742,Governors Stadium,2046,Austin Peay,fcs,UAC,41,"[3, 24, 0, 14]",1,,,2110,Central Arkansas,fcs,UAC,38,"[14, 0, 17, 7]",0,,,6.515259829823826,,,
401777165,2025,11,regular,2025-11-08T21:00:00.000Z,False,True,False,True,,5920,Griswold Stadium,2333,Lewis & Clark,iii,Northwest,36,"[0, 15, 7, 14]",,,,2486,Pacific Lutheran,iii,Northwest,46,"[9, 21, 6, 10]",,,,,,,
401774271,2025,11,regular,2025-11-08T21:00:00.000Z,False,True,False,True,,5909,Ortmayer Stadium,2318,La Verne,iii,So. Cal.,14,"[14, 0, 0, 0]",,,,411,Chapman,iii,So. Cal.,30,"[14, 7, 6, 3]",,,,,,,
401777151,2025,11,regular,2025-11-08T21:00:00.000Z,False,True,False,True,,6104,Baker Stadium,2508,Puget Sound,iii,Northwest,14,"[0, 7, 0, 7]",,,,203,Linfield,iii,Northwest,77,"[28, 28, 14, 7]",,,,,,,
401754588,2025,11,regular,2025-11-08T21:30:00.000Z,False,True,False,True,50500,3787,Kenan Stadium,153,North Carolina,fbs,ACC,20,"[3, 0, 7, 10]",0.5045846700668335,1394,1393,24,Stanford,fbs,ACC,15,"[0, 3, 0, 12]",0.4954153299331665,1245,1246,5.369020871476931,,,
401777145,2025,11,regular,2025-11-08T21:30:00.000Z,False,True,False,True,,5850,Stoffer Family Stadium,415,George Fox,iii,Northwest,27,"[7, 10, 3, 7]",,,,205,Pacific (OR),iii,Northwest,21,"[0, 7, 7, 7]",,,,,,,
401752899,2025,11,regular,2025-11-08T21:30:00.000Z,False,True,False,True,71217,347,Camp Randall Stadium,275,Wisconsin,fbs,Big Ten,13,"[0, 3, 10, 0]",0.9273465871810913,1455,1459,264,Washington,fbs,Big Ten,10,"[0, 10, 0, 0]",0.07265341281890869,1703,1699,4.984533939256325,,,
401773140,2025,11,regular,2025-11-08T22:00:00.000Z,False,True,False,True,,4015,Barron Stadium,2560,Shorter,ii,Carolinas,33,"[13, 7, 0, 13]",,,,2822,North Greenville,ii,Carolinas,35,"[0, 21, 7, 7]",,,,,,,
401766732,2025,11,regular,2025-11-08T22:00:00.000Z,False,True,False,True,,5689,Seaverns Field At Harold Alfond Stadium,33,Colby,iii,NESCAC,16,"[0, 16, 0, 0]",,,,340,Bowdoin,iii,NESCAC,6,"[0, 0, 0, 6]",,,,,,,
401774325,2025,11,regular,2025-11-08T22:00:00.000Z,False,True,False,True,,6085,Sprague Field,2818,Montclair State,iii,New Jersey,30,"[9, 10, 0, 11]",,,,2442,The College of New Jersey,iii,New Jersey,27,"[7, 6, 7, 7]",,,,,,,
401773112,2025,11,regular,2025-11-08T22:00:00.000Z,False,True,False,False,,7075,Electric Supply Company Field,122666,Barton,ii,Carolinas,37,"[6, 14, 10, 7]",,,,101784,Erskine,ii,Carolinas,7,"[0, 7, 0, 0]",,,,,,,
401761648,2025,11,regular,2025-11-08T22:00:00.000Z,False,True,False,True,14231,3666,Cajun Field,309,Louisiana,fbs,Sun Belt,42,"[7, 28, 0, 7]",0.42518872022628784,1347,1350,326,Texas State,fbs,Sun Belt,39,"[10, 7, 3, 19]",0.5748112797737122,1486,1483,5.100831798852394,,,
401767129,2025,11,regular,2025-11-08T22:00:00.000Z,False,True,False,True,1284,4765,Hillsboro Stadium,2502,Portland State,fcs,Big Sky,24,"[0, 14, 0, 10]",0,,,16,Sacramento State,fcs,Big Sky,52,"[14, 7, 14, 17]",1,,,3.71396899122926,,,
401776798,2025,11,regular,2025-11-08T22:00:00.000Z,False,True,False,True,,3755,Ray and Sue Smith Stadium,2812,Hope,iii,Michigan,52,"[14, 14, 7, 17]",,,,129738,Calvin,iii,Michigan,0,"[0, 0, 0, 0]",,,,,,,
401767465,2025,11,regular,2025-11-08T22:00:00.000Z,False,True,False,True,2534,4762,Memorial Stadium (Commerce TX),2837,East Texas A&M,fcs,Southland,20,"[7, 3, 0, 10]",0.1943761557340622,,,2377,McNeese,fcs,Southland,35,"[14, 7, 7, 7]",0.8056238442659378,,,4.263689773831289,,,
401767077,2025,11,regular,2025-11-08T23:00:00.000Z,False,True,False,True,5646,1930,Holt Arena,304,Idaho State,fcs,Big Sky,27,"[14, 7, 3, 3]",0.9596725702285767,,,13,Cal Poly,fcs,Big Sky,17,"[0, 7, 3, 7]",0.04032742977142334,,,2.7643041833705677,,,
401767117,2025,11,regular,2025-11-08T23:00:00.000Z,False,True,False,True,8010,2023,Walkup Skydome,2464,Northern Arizona,fcs,Big Sky,49,"[14, 14, 14, 7]",0.9856175184249878,,,2458,Northern Colorado,fcs,Big Sky,10,"[0, 10, 0, 0]",0.014382481575012207,,,2.9495573111456617,,,
401773999,2025,11,regular,2025-11-08T23:00:00.000Z,False,True,False,True,,5881,CAU Panther Stadium,2805,Clark Atlanta,ii,SIAC,48,"[21, 17, 7, 3]",,,,60,Morehouse,ii,SIAC,45,"[0, 21, 7, 17]",,,,,,,
401767518,2025,11,regular,2025-11-08T23:00:00.000Z,False,True,False,False,12117,6006,Robert and Janet Vackar Stadium,292,UT Rio Grande Valley,fcs,Southland,28,"[7, 7, 7, 7]",0.9139722585678101,,,2447,Nicholls,fcs,Southland,21,"[0, 7, 7, 7]",0.08602774143218994,,,5.178992071162435,,,
401777247,2025,11,regular,2025-11-08T23:00:00.000Z,False,True,False,False,,6116,Shentel Stadium,2828,Shenandoah,iii,Old Dominion,52,"[14, 21, 14, 3]",,,,417,Gallaudet,iii,Old Dominion,14,"[0, 0, 6, 8]",,,,,,,
401760406,2025,11,regular,2025-11-08T23:00:00.000Z,False,True,False,True,13637,3935,CEFCU Stadium,23,San José State,fbs,Mountain West,16,"[3, 0, 3, 10]",0.4876018166542053,1417,1391,2005,Air Force,fbs,Mountain West,26,"[0, 16, 0, 10]",0.5123981833457947,1362,1388,4.285756759162298,,,
401773925,2025,11,regular,2025-11-08T23:00:00.000Z,False,True,False,True,,5122,Shuford Stadium,2107,Catawba,ii,South Atlantic,44,"[17, 13, 7, 7]",,,,129469,Anderson (SC),ii,South Atlantic,20,"[0, 10, 3, 7]",,,,,,,
401774312,2025,11,regular,2025-11-08T23:00:00.000Z,False,True,False,True,,3879,TowneBank Stadium,3112,Christopher Newport,iii,New Jersey,45,"[7, 21, 10, 7]",,,,2532,Salisbury,iii,New Jersey,42,"[21, 9, 6, 6]",,,,,,,
401773859,2025,11,regular,2025-11-08T23:05:00.000Z,False,True,False,True,,4439,Eiler-Martin Stadium,2188,East Stroudsburg,ii,Pennsylvania State Athletic,45,"[7, 28, 3, 7]",,,,210,Millersville,ii,Pennsylvania State Athletic,21,"[14, 0, 7, 0]",,,,,,,
401754585,2025,11,regular,2025-11-09T00:00:00.000Z,False,True,False,True,51381,3873,L&N Federal Credit Union Stadium,97,Louisville,fbs,ACC,26,"[7, 6, 7, 3, 3]",0.16744647920131683,1737,1709,25,California,fbs,ACC,29,"[7, 10, 6, 0, 6]",0.8325535207986832,1392,1420,8.99296986382329,,,
401754589,2025,11,regular,2025-11-09T00:00:00.000Z,False,True,False,True,55568,3923,Scott Stadium,258,Virginia,fbs,ACC,9,"[3, 3, 3, 0]",0.4872440993785858,1585,1555,154,Wake Forest,fbs,ACC,16,"[0, 10, 3, 3]",0.5127559006214142,1382,1412,6.244289362830801,,,
401754586,2025,11,regular,2025-11-09T00:00:00.000Z,False,True,False,True,81500,3836,"Memorial Stadium (Clemson, SC)",228,Clemson,fbs,ACC,24,"[8, 10, 3, 3]",0.9650610685348511,1703,1725,52,Florida State,fbs,ACC,10,"[0, 7, 0, 3]",0.034938931465148926,1631,1609,2.9535332373216487,,,
401777297,2025,11,regular,2025-11-09T00:00:00.000Z,False,True,False,True,,10465,Mayo Field,101442,Centenary (LA),iii,Southern Collegiate Athletic,10,"[10, 0, 0, 0]",,,,2045,Austin,iii,Southern Collegiate Athletic,20,"[0, 3, 7, 10]",,,,,,,
401773543,2025,11,regular,2025-11-09T00:00:00.000Z,False,True,False,True,,5869,LeGrand Stadium at 1st Community Credit Union Field,2025,Angelo State,ii,Lone Star,7,"[0, 7, 0, 0]",,,,2848,Western Oregon,ii,Lone Star,31,"[7, 14, 3, 7]",,,,,,,
401767095,2025,11,regular,2025-11-09T00:00:00.000Z,False,True,False,True,10712,3791,Kibbie Dome,70,Idaho,fcs,Big Sky,14,"[0, 7, 0, 7]",0.04570486769080162,,,302,UC Davis,fcs,Big Sky,28,"[14, 7, 7, 0]",0.9542951323091984,,,4.453112791539514,,,
401757166,2025,11,regular,2025-11-09T00:30:00.000Z,False,True,False,False,77622,3855,Notre Dame Stadium,87,Notre Dame,fbs,FBS Independents,49,"[7, 14, 21, 7]",0.9956626296043396,2153,2186,2426,Navy,fbs,American Athletic,10,"[0, 10, 0, 0]",0.0043373703956604,1513,1480,2.9604499577900047,,,
401760409,2025,11,regular,2025-11-09T00:30:00.000Z,False,True,False,True,19418,3905,Maverik Stadium,328,Utah State,fbs,Mountain West,51,"[24, 17, 7, 3]",0.9874172210693359,1336,1422,2440,Nevada,fbs,Mountain West,14,"[0, 0, 7, 7]",0.012582778930664062,1191,1105,2.317864805914596,,,
401752759,2025,11,regular,2025-11-09T00:30:00.000Z,False,True,False,True,100077,3657,Bryant-Denny Stadium,333,Alabama,fbs,SEC,20,"[3, 14, 0, 3]",1,1978,1977,99,LSU,fbs,SEC,9,"[0, 3, 3, 3]",0,1694,1695,3.7025232883310517,,,
401752760,2025,11,regular,2025-11-09T00:30:00.000Z,False,True,False,True,56388,3683,Kroger Field,96,Kentucky,fbs,SEC,38,"[3, 21, 7, 7]",0.9788506031036377,1535,1635,57,Florida,fbs,SEC,7,"[7, 0, 0, 0]",0.021149396896362305,1655,1555,3.929849442801651,,,
401773571,2025,11,regular,2025-11-09T01:00:00.000Z,False,True,False,True,,6076,Javelina Stadium,2658,Texas A&M-Kingsville,ii,Lone Star,64,"[29, 14, 7, 14]",,,,2703,Western New Mexico,ii,Lone Star,13,"[0, 7, 6, 0]",,,,,,,
401773553,2025,11,regular,2025-11-09T01:00:00.000Z,False,True,False,True,,5917,Ratliff Stadium,110243,UT Permian Basin,ii,Lone Star,47,"[14, 26, 0, 7]",,,,2201,Eastern New Mexico,ii,Lone Star,34,"[0, 7, 13, 14]",,,,,,,
401773591,2025,11,regular,2025-11-09T01:00:00.000Z,False,True,False,True,,6123,Jackson Field,2834,Sul Ross State,ii,Lone Star,7,"[0, 7, 0, 0]",,,,2120,Central Washington,ii,Lone Star,73,"[14, 21, 17, 21]",,,,,,,
401752895,2025,11,regular,2025-11-09T02:00:00.000Z,False,True,False,True,44481,1056,Rose Bowl,26,UCLA,fbs,Big Ten,21,"[0, 7, 7, 7]",0.3791808485984802,1374,1381,158,Nebraska,fbs,Big Ten,28,"[7, 14, 7, 0]",0.6208191514015198,1655,1648,3.712969991617385,,,
401760407,2025,11,regular,2025-11-09T02:30:00.000Z,False,True,False,True,27970,5388,Canvas Stadium,36,Colorado State,fbs,Mountain West,10,"[7, 3, 0, 0]",0.00794612430036068,1277,1221,2439,UNLV,fbs,Mountain West,42,"[0, 21, 14, 7]",0.9920538756996393,1549,1605,3.8275123302837475,,,
401752944,2025,11,regular,2025-11-09T03:00:00.000Z,False,True,False,False,31626,3893,Reser Stadium,204,Oregon State,fbs,Pac-12,17,"[10, 7, 0, 0]",0.6787607669830322,1252,1232,2534,Sam Houston,fbs,Conference USA,21,"[0, 7, 7, 7]",0.3212392330169678,1052,1072,5.62729618296782,,,
401783817,2025,11,regular,2025-11-09T03:00:00.000Z,False,True,False,True,,6103,Merritt Field,2923,Pomona Pitzer,iii,So. Cal.,28,"[0, 21, 7, 0]",,,,2094,Cal Lutheran,iii,So. Cal.,18,"[0, 0, 6, 12]",,,,,,,
401760408,2025,11,regular,2025-11-09T04:00:00.000Z,False,True,False,True,15194,7220,Clarence T.C. Ching Athletics Complex,62,Hawai'i,fbs,Mountain West,38,"[14, 10, 14, 0]",0.9346045851707458,1359,1480,21,San Diego State,fbs,Mountain West,6,"[3, 3, 0, 0]",0.06539541482925415,1601,1480,3.7246565130646285,,,
401762856,2025,12,regular,2025-11-12T00:30:00.000Z,False,True,False,True,8501,3768,InfoCision Stadium,2006,Akron,fbs,Mid-American,35,"[3, 14, 0, 18, 0]",0.06278295069932938,1114,1087,2309,Kent State,fbs,Mid-American,42,"[7, 7, 14, 7, 7]",0.9372170493006706,945,972,7.404795806309063,,,
401762857,2025,12,regular,2025-11-12T01:00:00.000Z,False,True,False,True,10849,3980,Waldo Stadium,2711,Western Michigan,fbs,Mid-American,17,"[3, 0, 7, 7]",0.9361369609832764,1368,1378,195,Ohio,fbs,Mid-American,13,"[7, 0, 0, 6]",0.06386303901672363,1595,1585,4.865414628480906,,,
401762860,2025,12,regular,2025-11-13T00:00:00.000Z,False,True,False,True,10825,3996,Yager Stadium,193,Miami (OH),fbs,Mid-American,3,"[0, 0, 3, 0]",0,1460,1421,2649,Toledo,fbs,Mid-American,24,"[0, 14, 10, 0]",1,1591,1630,4.9239712173484955,,,
401762859,2025,12,regular,2025-11-13T00:00:00.000Z,False,True,False,True,6155,3985,Warren McGuirk Alumni Stadium,113,Massachusetts,fbs,Mid-American,3,"[0, 0, 0, 3]",0.005873220972716808,805,735,2459,Northern Illinois,fbs,Mid-American,45,"[10, 21, 14, 0]",0.9941267790272832,1219,1289,2.806565714977987,,,
401762858,2025,12,regular,2025-11-13T00:00:00.000Z,False,True,False,True,6833,3786,Kelly/Shorts Stadium,2117,Central Michigan,fbs,Mid-American,38,"[7, 7, 10, 14]",0.8473177552223206,1235,1293,2084,Buffalo,fbs,Mid-American,19,"[3, 7, 3, 6]",0.15268224477767944,1376,1318,4.073167142250684,,,
401761649,2025,12,regular,2025-11-14T00:30:00.000Z,False,True,False,True,18831,3918,S.B. Ballard Stadium,295,Old Dominion,fbs,Sun Belt,33,"[10, 10, 6, 7]",1,1480,1566,2653,Troy,fbs,Sun Belt,0,"[0, 0, 0, 0]",0,1445,1359,2.3169202877746,,,
401767414,2025,12,regular,2025-11-14T22:30:00.000Z,False,True,False,True,7291,3862,O'Kelly-Riddick Stadium,2428,North Carolina Central,fcs,MEAC,27,"[3, 17, 7, 0]",0.022509010508656502,,,2569,South Carolina State,fcs,MEAC,34,"[17, 0, 3, 14]",0.9774909894913435,,,6.623121272475242,,,
401774313,2025,12,regular,2025-11-14T23:00:00.000Z,False,True,False,True,,5824,Lions Stadium,2442,The College of New Jersey,iii,New Jersey,7,"[0, 0, 0, 7]",,,,3112,Christopher Newport,iii,New Jersey,27,"[0, 14, 7, 6]",,,,,,,
401774139,2025,12,regular,2025-11-14T23:00:00.000Z,False,True,False,False,,6114,Sea Gull Stadium,2532,Salisbury,iii,New Jersey,63,"[35, 14, 7, 7]",,,,293,Vermont State Castleton,iii,New Jersey,13,"[7, 6, 0, 0]",,,,,,,
401774155,2025,12,regular,2025-11-15T00:00:00.000Z,False,True,False,True,,5926,Henry G. Steinbrenner '27 Stadium,109,MIT,iii,NEWMAC,48,"[21, 14, 7, 6]",,,,2467,Norwich,iii,NEWMAC,14,"[0, 0, 0, 14]",,,,,,,
401754591,2025,12,regular,2025-11-15T00:30:00.000Z,False,True,False,True,51234,3873,L&N Federal Credit Union Stadium,97,Louisville,fbs,ACC,19,"[3, 6, 10, 0]",0.75526362657547,1709,1709,228,Clemson,fbs,ACC,20,"[3, 7, 3, 7]",0.24473637342453003,1725,1725,7.815486053722058,,,
401833370,2025,12,regular,2025-11-15T01:30:00.000Z,False,True,False,True,,5795,Edor Nelson Field,124,Augsburg,iii,Minnesota,43,"[0, 26, 14, 3]",,,,162,Hamline,iii,Minnesota,3,"[0, 3, 0, 0]",,,,,,,
401752904,2025,12,regular,2025-11-15T02:00:00.000Z,False,True,False,True,58830,3626,Autzen Stadium,2483,Oregon,fbs,Big Ten,42,"[14, 14, 7, 7]",0.9859622120857239,2050,2068,135,Minnesota,fbs,Big Ten,13,"[0, 6, 7, 0]",0.014037787914276123,1514,1496,2.8395112406775915,,,
401834154,2025,12,regular,2025-11-15T16:00:00.000Z,False,True,True,True,,3984,War Memorial Stadium,2045,Austin,iii,Southern Collegiate Athletic,16,"[0, 13, 0, 3]",,,,101442,Centenary (LA),iii,Southern Collegiate Athletic,14,"[0, 7, 0, 7]",,,,,,,
401773844,2025,12,regular,2025-11-15T17:00:00.000Z,False,True,False,True,,4432,Andre Reed Stadium,2315,Kutztown,ii,Pennsylvania State Athletic,28,"[7, 7, 7, 7]",,,,2291,IU Pennsylvania,ii,Pennsylvania State Athletic,23,"[7, 10, 0, 6]",,,,,,,
401773833,2025,12,regular,2025-11-15T17:00:00.000Z,False,True,False,True,,4431,Chryst Field at Biemesderfer Stadium,210,Millersville,ii,Pennsylvania State Athletic,10,"[0, 3, 0, 7]",,,,2205,Edinboro,ii,Pennsylvania State Athletic,63,"[19, 23, 14, 7]",,,,,,,
401774146,2025,12,regular,2025-11-15T17:00:00.000Z,False,True,False,False,,3920,Schmidt Stadium,398,Wilkes,iii,Landmark Conference,38,"[0, 14, 0, 24]",,,,2843,Western Connecticut State,iii,Landmark Conference,0,"[0, 0, 0, 0]",,,,,,,
401773241,2025,12,regular,2025-11-15T17:00:00.000Z,False,True,False,True,,3698,Donnell Stadium,2224,Findlay,ii,Great Midwest Athletic,21,"[3, 5, 6, 7]",,,,2838,Tiffin,ii,Great Midwest Athletic,23,"[7, 0, 3, 13]",,,,,,,
401774050,2025,12,regular,2025-11-15T17:00:00.000Z,False,True,False,False,,5862,Butterfield Stadium,175,Ithaca,iii,Liberty League,26,"[6, 6, 14, 0]",,,,2782,SUNY Cortland,iii,Empire 8,21,"[7, 7, 0, 7]",,,,,,,
401773809,2025,12,regular,2025-11-15T17:00:00.000Z,False,True,False,True,,4435,Robert B. Redman Stadium,2071,Bloomsburg,ii,Pennsylvania State Athletic,30,"[7, 10, 7, 0, 6]",,,,215,Slippery Rock,ii,Pennsylvania State Athletic,24,"[7, 0, 3, 14, 0]",,,,,,,
401778003,2025,12,regular,2025-11-15T17:00:00.000Z,False,True,False,True,,3709,Hempstead Stadium,452,Endicott,iii,Commonwealth Coast,45,"[7, 3, 21, 14]",,,,40,Curry,iii,Commonwealth Coast,17,"[7, 10, 0, 0]",,,,,,,
401773863,2025,12,regular,2025-11-15T17:00:00.000Z,False,True,False,True,,5133,Ram Stadium (WV),2974,Shepherd,ii,Pennsylvania State Athletic,21,"[7, 0, 7, 7]",,,,611,Seton Hill,ii,Pennsylvania State Athletic,13,"[6, 7, 0, 0]",,,,,,,
401777213,2025,12,regular,2025-11-15T17:00:00.000Z,False,True,False,True,,6101,"Memorial Stadium (Westerville, OH)",359,Otterbein,iii,Ohio,14,"[0, 14, 0, 0]",,,,427,Ohio Northern,iii,Ohio,56,"[7, 21, 14, 14]",,,,,,,
401773275,2025,12,regular,2025-11-15T17:00:00.000Z,False,True,False,False,,6120,Growney Stadium,374,St. John Fisher,iii,Empire 8,41,"[7, 24, 10, 0]",,,,3162,Alfred State,iii,Empire 8,14,"[14, 0, 0, 0]",,,,,,,
401773461,2025,12,regular,2025-11-15T17:00:00.000Z,False,True,False,True,,5934,Farmers Insurance Athletic Complex,110254,Davenport,ii,GLIAC,23,"[14, 9, 0, 0]",,,,2222,Ferris State,ii,GLIAC,44,"[7, 16, 7, 14]",,,,,,,
401777616,2025,12,regular,2025-11-15T17:00:00.000Z,False,True,False,True,,6094,Reynolds Field,583,Northwestern (MN),iii,Upper Midwest,6,"[6, 0, 0, 0]",,,,433,Westminster (MO),iii,Upper Midwest,15,"[7, 8, 0, 0]",,,,,,,
401773695,2025,12,regular,2025-11-15T17:00:00.000Z,False,True,False,True,,5886,West Family Stadium,2699,West Liberty,ii,Mountain East,68,"[20, 14, 21, 13]",,,,112335,Wheeling,ii,Mountain East,67,"[14, 15, 16, 22]",,,,,,,
401773675,2025,12,regular,2025-11-15T17:00:00.000Z,False,True,False,True,,5943,Duvall-Rosier Field,2986,Fairmont State,ii,Mountain East,18,"[0, 3, 7, 8]",,,,341,Frostburg State,ii,Mountain East,35,"[7, 7, 7, 14]",,,,,,,
401773715,2025,12,regular,2025-11-15T17:00:00.000Z,False,True,False,True,,5876,Bentley University Football Stadium,2060,Bentley,ii,Northeast 10,21,"[14, 7, 0, 0]",,,,2022,American International,ii,Northeast 10,7,"[0, 7, 0, 0]",,,,,,,
401777001,2025,12,regular,2025-11-15T17:00:00.000Z,False,True,False,True,,6083,Mangelsdorf Field,2969,Misericordia,iii,Mid Atlantic,27,"[14, 7, 6, 0]",,,,247,King's,iii,Mid Atlantic,21,"[7, 0, 7, 7]",,,,,,,
401783281,2025,12,regular,2025-11-15T17:00:00.000Z,False,True,False,False,,4427,John A. Farrell Stadium,223,West Chester,ii,Pennsylvania State Athletic,24,"[7, 0, 3, 14]",,,,2038,Assumption,ii,Northeast 10,42,"[14, 14, 7, 7]",,,,,,,
401776983,2025,12,regular,2025-11-15T17:00:00.000Z,False,True,False,False,,6135,Blue Storm Stadium,111675,New England,iii,Commonwealth Coast,59,"[14, 21, 14, 10]",,,,131108,New England College,,,3,"[0, 0, 0, 3]",,,,,,,
401752901,2025,12,regular,2025-11-15T17:00:00.000Z,False,True,False,True,55042,3830,"Memorial Stadium (Bloomington, IN)",84,Indiana,fbs,Big Ten,31,"[7, 3, 14, 7]",1,2150,2142,275,Wisconsin,fbs,Big Ten,7,"[0, 7, 0, 0]",0,1459,1467,3.3648861433046053,,,
401773724,2025,12,regular,2025-11-15T17:00:00.000Z,False,True,False,True,,6066,Pace Stadium,2487,Pace,ii,Northeast 10,10,"[0, 7, 0, 3]",,,,112334,Franklin Pierce,ii,Northeast 10,24,"[10, 0, 7, 7]",,,,,,,
401773312,2025,12,regular,2025-11-15T17:00:00.000Z,False,True,False,True,,5636,Wright Stadium,173,Hartwick,iii,Empire 8,52,"[14, 14, 21, 3]",,,,125974,Hilbert,iii,Empire 8,0,"[0, 0, 0, 0]",,,,,,,
401773285,2025,12,regular,2025-11-15T17:00:00.000Z,False,True,False,True,,5794,Caparso Field,15,Anna Maria College,iii,MSCAC,62,"[28, 13, 14, 7]",,,,110438,Dean,iii,MSCAC,15,"[0, 8, 0, 7]",,,,,,,
401774244,2025,12,regular,2025-11-15T17:00:00.000Z,False,True,False,False,,5932,Lloyd L. Thornton Stadium,2373,Maryville (TN),iii,USA South,14,"[0, 0, 7, 7]",,,,386,Trinity (TX),iii,Southern Athletic,31,"[14, 10, 0, 7]",,,,,,,
401778021,2025,12,regular,2025-11-15T17:00:00.000Z,False,True,False,True,,5899,"Alumni Stadium (Worcester, MA)",2749,WPI,iii,NEWMAC,9,"[0, 3, 0, 6]",,,,2776,Salve Regina,iii,NEWMAC,45,"[14, 7, 14, 10]",,,,,,,
401786486,2025,12,regular,2025-11-15T17:00:00.000Z,False,True,False,True,,5898,John Coughlin Memorial Field,402,Worcester State,iii,MSCAC,27,"[14, 7, 3, 3]",,,,2967,Framingham State,iii,MSCAC,28,"[0, 7, 14, 7]",,,,,,,
401754597,2025,12,regular,2025-11-15T17:00:00.000Z,False,True,False,False,68400,3752,Acrisure Stadium,221,Pittsburgh,fbs,ACC,15,"[0, 3, 6, 6]",0.03746522590517998,1668,1665,87,Notre Dame,fbs,FBS Independents,37,"[14, 7, 9, 7]",0.96253477409482,2186,2189,3.9008140389274337,,,
401776992,2025,12,regular,2025-11-15T17:00:00.000Z,False,True,False,True,,5127,Gene L. Shirk Stadium,2015,Albright,iii,Mid Atlantic,35,"[7, 7, 7, 14]",,,,388,Lebanon Valley,iii,Mid Atlantic,38,"[7, 7, 7, 17]",,,,,,,
401773656,2025,12,regular,2025-11-15T17:00:00.000Z,False,True,False,True,,5785,Dickerson Stadium,2707,West Virginia State,ii,Mountain East,21,"[7, 14, 0, 0]",,,,2128,Charleston (WV),ii,Mountain East,38,"[10, 7, 14, 7]",,,,,,,
401783348,2025,12,regular,2025-11-15T17:00:00.000Z,False,True,False,True,,5833,Robert A. Lipinski Field at James Work Memorial Stadium,2808,Delaware Valley,iii,Mid Atlantic,28,"[14, 0, 7, 7]",,,,2725,Widener,iii,Mid Atlantic,7,"[0, 0, 7, 0]",,,,,,,
401767677,2025,12,regular,2025-11-15T17:00:00.000Z,False,True,False,True,3122,3802,Lawrence A. Wien Stadium,171,Columbia,fcs,Ivy,29,"[0, 7, 8, 14]",0.5691571831703186,,,225,Brown,fcs,Ivy,32,"[8, 7, 3, 14]",0.4308428168296814,,,7.340342652794995,,,
401773477,2025,12,regular,2025-11-15T17:00:00.000Z,False,True,False,True,,3927,Sherman Field,2392,Michigan Tech,ii,GLIAC,21,"[0, 7, 7, 7]",,,,129,Saginaw Valley State,ii,GLIAC,24,"[3, 14, 0, 7]",,,,,,,
401767402,2025,12,regular,2025-11-15T17:00:00.000Z,False,True,False,True,7294,3991,"William Dick"""" Price Stadium""""",2450,Norfolk State,fcs,MEAC,28,"[14, 6, 8, 0]",0.07933730632066727,,,2415,Morgan State,fcs,MEAC,35,"[14, 7, 0, 14]",0.9206626936793327,,,6.680775584915144,,,
401767748,2025,12,regular,2025-11-15T17:00:00.000Z,False,True,False,True,1150,3623,Arthur J. Rooney Athletic Field,2184,Duquesne,fcs,NEC,38,"[12, 13, 0, 13]",0.7703071236610413,,,2115,Central Connecticut,fcs,NEC,33,"[7, 6, 7, 13]",0.22969287633895874,,,6.512703809021555,,,
401767563,2025,12,regular,2025-11-15T17:00:00.000Z,False,True,False,True,10543,3704,E. J. Whitmire Stadium,2717,Western Carolina,fcs,Southern,35,"[0, 28, 7, 0]",0.009550810791552067,,,2193,East Tennessee State,fcs,Southern,52,"[10, 14, 14, 14]",0.9904491892084479,,,7.616419914823169,,,
401777273,2025,12,regular,2025-11-15T17:00:00.000Z,False,True,False,True,,3671,Case Field,2963,Case Western Reserve,iii,Presidents',16,"[7, 2, 7, 0]",,,,2242,Geneva,iii,Presidents',43,"[7, 16, 7, 13]",,,,,,,
401777265,2025,12,regular,2025-11-15T17:00:00.000Z,False,True,False,False,,6136,Patterson Field,2667,Ursinus,iii,Centennial,27,"[7, 7, 6, 7]",,,,2102,Carnegie Mellon,iii,Presidents',20,"[0, 17, 3, 0]",,,,,,,
401767501,2025,12,regular,2025-11-15T17:00:00.000Z,False,True,False,True,6783,3909,Roy Stewart Stadium,93,Murray State,fcs,MVFC,17,"[0, 9, 0, 8]",0,,,155,North Dakota,fcs,MVFC,35,"[7, 0, 14, 14]",1,,,4.165738071662595,,,
401767760,2025,12,regular,2025-11-15T17:00:00.000Z,False,True,False,True,784,3694,DeGol Field,2598,Saint Francis,fcs,NEC,3,"[0, 0, 3, 0]",0.5980703234672546,,,2341,Long Island University,fcs,NEC,10,"[0, 3, 0, 7]",0.40192967653274536,,,5.469225944809924,,,
401767670,2025,12,regular,2025-11-15T17:00:00.000Z,False,True,False,True,913,3676,Christy Mathewson-Memorial Stadium,2083,Bucknell,fcs,Patriot,20,"[0, 6, 7, 7]",0,,,107,Holy Cross,fcs,Patriot,37,"[0, 7, 13, 17]",1,,,4.5939491197255835,,,
401774234,2025,12,regular,2025-11-15T17:00:00.000Z,False,True,False,True,,5852,Jamieson Stadium,2256,Greensboro,iii,USA South,13,"[7, 0, 0, 6]",,,,291,Methodist,iii,USA South,12,"[0, 9, 0, 3]",,,,,,,
401774342,2025,12,regular,2025-11-15T17:00:00.000Z,False,True,False,True,,6118,Birkelbach Field,2588,Southwestern U,iii,Southern Athletic,7,"[7, 0, 0, 0]",,,,2757,Berry,iii,Southern Athletic,49,"[6, 16, 14, 13]",,,,,,,
401777010,2025,12,regular,2025-11-15T17:00:00.000Z,False,True,False,True,,5845,Elliot Field Athletic Complex,114,Fitchburg State,iii,MSCAC,7,"[0, 0, 7, 0]",,,,2909,Westfield State,iii,MSCAC,10,"[0, 3, 7, 0]",,,,,,,
401752905,2025,12,regular,2025-11-15T17:00:00.000Z,False,True,True,True,38223,4250,Wrigley Field,77,Northwestern,fbs,Big Ten,22,"[0, 6, 3, 13]",0.6740320324897766,1516,1526,130,Michigan,fbs,Big Ten,24,"[0, 7, 14, 3]",0.3259679675102234,1809,1799,6.608091433028607,,,
401777323,2025,12,regular,2025-11-15T17:00:00.000Z,False,True,True,True,,4245,Fenway Park,2557,Coast Guard,iii,NEWMAC,38,"[7, 14, 11, 6]",,,,2383,Merchant Marine,iii,NEWMAC,39,"[14, 12, 0, 13]",,,,,,,
401777968,2025,12,regular,2025-11-15T17:00:00.000Z,False,True,False,True,,3718,Tom Benson Hall of Fame Stadium,2682,Walsh,ii,Great Midwest Athletic,13,"[7, 3, 0, 3]",,,,2886,Northwood,ii,Great Midwest Athletic,17,"[0, 7, 3, 7]",,,,,,,
401783919,2025,12,regular,2025-11-15T17:00:00.000Z,False,True,False,True,,5940,Clean Harbors Stadium,18,Bridgewater State,iii,MSCAC,7,"[0, 0, 7, 0]",,,,110,Mass Maritime,iii,MSCAC,20,"[10, 3, 0, 7]",,,,,,,
401783343,2025,12,regular,2025-11-15T17:00:00.000Z,False,True,False,True,,5842,Robert T. Shields Field,2221,FDU Florham,iii,Mid Atlantic,52,"[7, 28, 3, 14]",,,,111674,Alvernia,iii,Mid Atlantic,3,"[3, 0, 0, 0]",,,,,,,
401788998,2025,12,regular,2025-11-15T17:00:00.000Z,False,True,False,True,4704,3881,Princeton University Stadium,163,Princeton,fcs,Ivy,10,"[3, 0, 0, 7]",0.3742094933986664,,,43,Yale,fcs,Ivy,13,"[0, 10, 0, 3]",0.6257905066013336,,,5.0956794743759035,,,
401762510,2025,12,regular,2025-11-15T17:00:00.000Z,False,True,False,True,34856,3852,Navy-Marine Corps Memorial Stadium,2426,Navy,fbs,American Athletic,41,"[14, 10, 0, 17]",0.9088223576545715,1480,1485,58,South Florida,fbs,American Athletic,38,"[3, 6, 7, 22]",0.09117764234542847,1734,1729,5.929694836480033,,,
401767663,2025,12,regular,2025-11-15T17:00:00.000Z,False,True,False,True,3108,3668,Campus Field,2529,Sacred Heart,fcs,FCS Independents,42,"[7, 7, 21, 7]",0.8913260102272034,,,2771,Merrimack,fcs,FCS Independents,37,"[7, 10, 7, 13]",0.10867398977279663,,,6.6931211270326845,,,
401767610,2025,12,regular,2025-11-15T17:00:00.000Z,False,True,False,True,1148,36,Leonidoff Field,2368,Marist,fcs,Pioneer,37,"[0, 10, 20, 7]",0.9925436973571777,,,2166,Davidson,fcs,Pioneer,10,"[0, 10, 0, 0]",0.007456302642822266,,,4.62769505980992,,,
401767707,2025,12,regular,2025-11-15T17:00:00.000Z,False,True,False,True,8256,3750,Harvard Stadium,108,Harvard,fcs,Ivy,45,"[7, 14, 14, 10]",0.4153681695461273,,,219,Pennsylvania,fcs,Ivy,43,"[14, 13, 0, 16]",0.5846318304538727,,,8.269111969341957,,,
401773731,2025,12,regular,2025-11-15T17:00:00.000Z,False,True,False,True,,6071,Jess Dow Field,2583,Southern Connecticut State,ii,Northeast 10,52,"[14, 7, 7, 17, 7]",,,,126086,Post,ii,Northeast 10,45,"[14, 28, 3, 0, 0]",,,,,,,
401757174,2025,12,regular,2025-11-15T17:00:00.000Z,False,True,False,False,31457,3892,Pratt & Whitney Stadium,41,UConn,fbs,FBS Independents,26,"[6, 3, 7, 10]",0.9236084818840027,1563,1568,2005,Air Force,fbs,Mountain West,16,"[7, 0, 3, 6]",0.07639151811599731,1388,1383,3.5090041799363223,,,
401756951,2025,12,regular,2025-11-15T17:00:00.000Z,False,True,False,True,37099,3854,Nippert Stadium,2132,Cincinnati,fbs,Big 12,24,"[14, 0, 3, 7]",0.012125389650464058,1590,1578,12,Arizona,fbs,Big 12,30,"[7, 3, 10, 10]",0.9878746103495359,1580,1592,5.649878575059863,,,
401752772,2025,12,regular,2025-11-15T17:00:00.000Z,False,True,False,True,108582,3795,Kyle Field,245,Texas A&M,fbs,SEC,31,"[3, 0, 21, 7]",1,1904,1896,2579,South Carolina,fbs,SEC,30,"[17, 13, 0, 0]",0,1637,1645,5.900620804326157,,,
401762861,2025,12,regular,2025-11-15T17:00:00.000Z,False,True,False,True,8430,3919,Scheumann Stadium,2050,Ball State,fbs,Mid-American,9,"[0, 3, 3, 3]",0.17320816218852997,1047,1030,2199,Eastern Michigan,fbs,Mid-American,24,"[7, 10, 0, 7]",0.82679183781147,1229,1246,3.3275831010822574,,,
401762507,2025,12,regular,2025-11-15T17:00:00.000Z,False,True,False,True,9831,4418,Jerry Richardson Stadium,2429,Charlotte,fbs,American Athletic,7,"[0, 0, 0, 7]",0.02162954770028591,1020,1013,2636,UTSA,fbs,American Athletic,28,"[7, 0, 7, 14]",0.9783704522997141,1465,1472,3.426061002724206,,,
401767452,2025,12,regular,2025-11-15T17:00:00.000Z,False,True,False,True,7392,844,Stambaugh Stadium,2754,Youngstown State,fcs,MVFC,48,"[14, 17, 7, 10]",0.9892436265945435,,,282,Indiana State,fcs,MVFC,29,"[6, 20, 0, 3]",0.010756373405456543,,,3.9252118948241783,,,
401767138,2025,12,regular,2025-11-15T17:00:00.000Z,False,True,False,True,,3661,Bulldog Stadium,2803,Bryant,fcs,Coastal Athletic,14,"[0, 7, 0, 7]",0.007696113549172878,,,160,New Hampshire,fcs,Coastal Athletic,42,"[14, 14, 7, 7]",0.9923038864508271,,,2.7388259189023,,,
401776786,2025,12,regular,2025-11-15T17:00:00.000Z,False,True,False,True,,5786,Sprankle-Sprandel Stadium,2790,Albion,iii,Michigan,24,"[0, 10, 7, 7]",,,,129738,Calvin,iii,Michigan,53,"[6, 30, 17, 0]",,,,,,,
401767775,2025,12,regular,2025-11-15T17:00:00.000Z,False,True,False,True,2734,3979,Wagner College Stadium,2681,Wagner,fcs,NEC,20,"[10, 0, 7, 3]",0.8887880444526672,,,284,Stonehill,fcs,NEC,14,"[0, 0, 7, 7]",0.11121195554733276,,,3.5985572909442114,,,
401767767,2025,12,regular,2025-11-15T17:00:00.000Z,False,True,False,True,857,4428,Saxon Stadium,2385,Mercyhurst,fcs,NEC,27,"[3, 3, 14, 7]",0.6816798448562622,,,2523,Robert Morris,fcs,NEC,13,"[0, 0, 6, 7]",0.3183201551437378,,,4.120048636039182,,,
401786380,2025,12,regular,2025-11-15T17:00:00.000Z,False,True,False,True,,5939,Cressy Field,379,UMass Dartmouth,iii,MSCAC,42,"[14, 7, 7, 14]",,,,2972,Plymouth State,iii,MSCAC,21,"[7, 7, 7, 0]",,,,,,,
401756952,2025,12,regular,2025-11-15T17:00:00.000Z,False,True,False,True,46340,3646,Boone Pickens Stadium,197,Oklahoma State,fbs,Big 12,6,"[3, 3, 0, 0]",0.2214592546224594,1049,1080,2306,Kansas State,fbs,Big 12,14,"[0, 7, 0, 7]",0.7785407453775406,1705,1674,5.0820189698298535,,,
401767263,2025,12,regular,2025-11-15T17:00:00.000Z,False,True,False,True,,3603,Aggie Stadium,2448,North Carolina A&T,fcs,Coastal Athletic,19,"[3, 10, 3, 3]",0.006238201633095741,,,2405,Monmouth,fcs,Coastal Athletic,63,"[21, 21, 21, 0]",0.9937617983669043,,,2.2492825199464956,,,
401767619,2025,12,regular,2025-11-15T17:00:00.000Z,False,True,False,True,3178,3988,Welcome Stadium,2168,Dayton,fcs,Pioneer,6,"[0, 0, 0, 6]",0.33404093980789185,,,2181,Drake,fcs,Pioneer,14,"[0, 14, 0, 0]",0.6659590601921082,,,4.173968873154051,,,
401774098,2025,12,regular,2025-11-15T17:30:00.000Z,False,True,False,True,,6086,Rocco Calvo Field,323,Moravian,iii,Landmark Conference,7,"[0, 7, 0, 0]",,,,216,Susquehanna,iii,Landmark Conference,48,"[7, 20, 14, 7]",,,,,,,
401752768,2025,12,regular,2025-11-15T17:45:00.000Z,False,True,False,True,100212,3958,Tiger Stadium (LA),99,LSU,fbs,SEC,23,"[0, 16, 0, 7]",0.744929850101471,1695,1693,8,Arkansas,fbs,SEC,22,"[14, 0, 8, 0]",0.25507014989852905,1594,1596,6.39666465263123,,,
401773690,2025,12,regular,2025-11-15T18:00:00.000Z,False,True,False,True,,5784,Cebe Ross Field,455,West Virginia Wesleyan,ii,Mountain East,16,"[0, 16, 0, 0]",,,,2249,Glenville State,ii,Mountain East,56,"[21, 7, 14, 14]",,,,,,,
401773638,2025,12,regular,2025-11-15T18:00:00.000Z,False,True,False,True,,6057,Ron & Carol Cope Stadium at Foster Field,2438,Nebraska Kearney,ii,Mid America,24,"[3, 0, 10, 11]",,,,2118,Central Missouri,ii,Mid America,38,"[14, 10, 14, 0]",,,,,,,
401806688,2025,12,regular,2025-11-15T18:00:00.000Z,False,True,False,True,,7079,Laird Stadium,2101,Carleton,iii,Minnesota,24,"[7, 14, 3, 0]",,,,2152,Concordia (MN),iii,Minnesota,31,"[7, 10, 7, 7]",,,,,,,
401774105,2025,12,regular,2025-11-15T18:00:00.000Z,False,True,False,True,,5856,Boswell Field at David J. Urick Stadium,174,Hobart,iii,Liberty League,35,"[7, 21, 7, 0]",,,,2085,Buffalo State,iii,Liberty League,9,"[2, 0, 0, 7]",,,,,,,
401773839,2025,12,regular,2025-11-15T18:00:00.000Z,False,True,False,True,,3760,Hubert Jack Stadium,209,Lock Haven,ii,Pennsylvania State Athletic,49,"[7, 14, 14, 14]",,,,367,Gannon,ii,Pennsylvania State Athletic,28,"[0, 0, 7, 21]",,,,,,,
401773330,2025,12,regular,2025-11-15T18:00:00.000Z,False,True,False,True,,3729,"Frank ""Muddy"" Waters Stadium",2273,Hillsdale,ii,Great Midwest Athletic,31,"[7, 3, 7, 14]",,,,2477,Ohio Dominican,ii,Great Midwest Athletic,14,"[0, 7, 7, 0]",,,,,,,
401774308,2025,12,regular,2025-11-15T18:00:00.000Z,False,True,False,False,,3995,Dr. John W. Winkin Sports Complex,2280,Husson,iii,Commonwealth Coast,48,"[14, 21, 7, 6]",,,,274,Maine Maritime,iii,Commonwealth Coast,7,"[0, 0, 0, 7]",,,,,,,
401774090,2025,12,regular,2025-11-15T18:00:00.000Z,False,True,False,True,,5902,Knox Stadium,246,Juniata,iii,Landmark Conference,16,"[6, 3, 7, 0]",,,,2354,Lycoming,iii,Landmark Conference,24,"[3, 7, 7, 7]",,,,,,,
401773943,2025,12,regular,2025-11-15T18:00:00.000Z,False,True,False,True,,3663,Burke-Tarr Stadium,2105,Carson Newman,ii,South Atlantic,26,"[3, 7, 9, 7]",,,,2839,Tusculum,ii,South Atlantic,0,"[0, 0, 0, 0]",,,,,,,
401833372,2025,12,regular,2025-11-15T18:00:00.000Z,False,True,False,True,,5867,Albany State University Coliseum,2013,Albany State,ii,SIAC,22,"[7, 10, 2, 3]",,,,490,Benedict,ii,SIAC,16,"[7, 0, 6, 3]",,,,,,SIAC Championship Game,
401774116,2025,12,regular,2025-11-15T18:00:00.000Z,False,True,False,True,,6134,Frank Bailey Field,237,Union,iii,Liberty League,28,"[7, 14, 0, 7]",,,,2528,Rensselaer,iii,Liberty League,21,"[0, 7, 7, 7]",,,,,,,
401783328,2025,12,regular,2025-11-15T18:00:00.000Z,False,True,False,True,,6113,Leckonby Stadium,2779,St. Lawrence,iii,Liberty League,37,"[3, 13, 7, 14]",,,,184,Rochester (NY),iii,Liberty League,17,"[3, 0, 14, 0]",,,,,,,
401767543,2025,12,regular,2025-11-15T18:00:00.000Z,False,True,False,True,5622,3913,Saluki Stadium,79,Southern Illinois,fcs,MVFC,51,"[14, 10, 7, 3, 17]",0.6406368017196655,,,233,South Dakota,fcs,MVFC,53,"[7, 7, 7, 13, 19]",0.3593631982803345,,,9.477621823928168,,,
401777994,2025,12,regular,2025-11-15T18:00:00.000Z,False,True,False,True,,6089,Scotty Wood Stadium,2422,Muhlenberg,iii,Centennial,30,"[14, 14, 0, 2]",,,,2175,Dickinson,iii,Centennial,17,"[0, 10, 0, 7]",,,,,,,
401806689,2025,12,regular,2025-11-15T18:00:00.000Z,False,True,False,True,,5893,Hollingsworth Field,2968,Gustavus Adolphus,iii,Minnesota,38,"[7, 10, 7, 14]",,,,2359,Macalester,iii,Minnesota,14,"[0, 0, 6, 8]",,,,,,,
401788994,2025,12,regular,2025-11-15T18:00:00.000Z,False,True,False,True,,6150,Wightman Stadium,2970,William Paterson,iii,New Jersey,21,"[0, 7, 3, 11]",,,,2818,Montclair State,iii,New Jersey,24,"[7, 7, 7, 3]",,,,,,,
401778029,2025,12,regular,2025-11-15T18:00:00.000Z,False,True,False,True,,5853,Francis Field (IL),2257,Greenville,iii,Upper Midwest,20,"[0, 0, 7, 13]",,,,509,Crown,iii,Upper Midwest,38,"[14, 14, 10, 0]",,,,,,,
401777248,2025,12,regular,2025-11-15T18:00:00.000Z,False,True,False,True,,6116,Shentel Stadium,2828,Shenandoah,iii,Old Dominion,17,"[7, 0, 0, 10]",,,,2688,Washington and Lee,iii,Old Dominion,14,"[0, 0, 7, 7]",,,,,,,
401774357,2025,12,regular,2025-11-15T18:00:00.000Z,False,True,False,True,,5796,Charles D. Lindberg Stadium,2042,Augustana (IL),iii,CCIW,13,"[7, 0, 0, 6]",,,,143,Washington St. Louis,iii,CCIW,35,"[7, 7, 0, 21]",,,,,,,
401774365,2025,12,regular,2025-11-15T18:00:00.000Z,False,True,False,True,,5816,Art Keller Field,2106,Carthage,iii,CCIW,7,"[0, 7, 0, 0]",,,,32,Carroll (WI),iii,CCIW,3,"[0, 0, 0, 3]",,,,,,,
401777226,2025,12,regular,2025-11-15T18:00:00.000Z,False,True,False,False,,5799,Daly Field at Frank R. Campbell Stadium,2047,Averett,iii,Old Dominion,0,[],,,,131109,Roanoke College,,,1,[],,,,,,Roanoke College wins by forfeit,
401767695,2025,12,regular,2025-11-15T18:00:00.000Z,False,True,False,True,3523,3826,Memorial Field,159,Dartmouth,fcs,Ivy,24,"[3, 7, 7, 7]",0.925856351852417,,,172,Cornell,fcs,Ivy,14,"[0, 7, 0, 7]",0.07414364814758301,,,3.310225181548196,,,
401767331,2025,12,regular,2025-11-15T18:00:00.000Z,False,True,False,True,2207,4419,Bob Ford Field,399,UAlbany,fcs,Coastal Athletic,19,"[6, 6, 7, 0]",0.005766291171312332,,,119,Towson,fcs,Coastal Athletic,36,"[14, 10, 2, 10]",0.9942337088286877,,,4.634329070483359,,,
401774217,2025,12,regular,2025-11-15T18:00:00.000Z,False,True,False,True,,6117,Knight Stadium,2896,Southern Virginia,iii,USA South,27,"[0, 7, 14, 6]",,,,548,LaGrange,iii,USA South,65,"[13, 24, 28, 0]",,,,,,,
401774384,2025,12,regular,2025-11-15T18:00:00.000Z,False,True,False,True,,6080,Frank M. Lindsay Field,74,Millikin,iii,CCIW,29,"[7, 15, 0, 7]",,,,72,Elmhurst,iii,CCIW,22,"[14, 0, 0, 8]",,,,,,,
401777094,2025,12,regular,2025-11-15T18:00:00.000Z,False,True,False,False,,5855,Charles A. Henry Field,2274,Hiram,iii,Presidents',14,"[0, 0, 14, 0]",,,,146,Grove City,iii,Presidents',63,"[14, 21, 14, 14]",,,,,,,
401777033,2025,12,regular,2025-11-15T18:00:00.000Z,False,True,False,True,,5827,Tomasini Stadium,409,Concordia (WI),iii,NACC,35,"[7, 21, 7, 0]",,,,101,Eureka,iii,NACC,0,"[0, 0, 0, 0]",,,,,,,
401777235,2025,12,regular,2025-11-15T18:00:00.000Z,False,True,False,True,,6105,Day Field,2516,Randolph Macon,iii,Old Dominion,42,"[7, 14, 14, 7]",,,,297,Hampden Sydney,iii,Old Dominion,14,"[0, 0, 7, 7]",,,,,,,
401773469,2025,12,regular,2025-11-15T18:00:00.000Z,False,True,False,True,,3811,Lubbers Stadium,125,Grand Valley State,ii,GLIAC,69,"[21, 21, 7, 20]",,,,127991,Roosevelt,ii,GLIAC,13,"[0, 7, 0, 6]",,,,,,,
401774129,2025,12,regular,2025-11-15T18:00:00.000Z,False,True,False,True,,6130,Fred Zollner Athletic Stadium,2651,Trine,iii,Michigan,25,"[10, 0, 9, 6]",,,,126,Kalamazoo,iii,Michigan,24,"[14, 0, 7, 3]",,,,,,,
401773797,2025,12,regular,2025-11-15T18:00:00.000Z,False,True,False,True,,5780,Altra Federal Credit Union Stadium,2851,Winona State,ii,Northern Sun,30,"[0, 20, 7, 3]",,,,2587,Southwest Minnesota State,ii,Northern Sun,6,"[6, 0, 0, 0]",,,,,,,
401752945,2025,12,regular,2025-11-15T18:00:00.000Z,False,True,False,False,15034,3674,Chapman Stadium,202,Tulsa,fbs,American Athletic,31,"[14, 3, 7, 7]",0.9935263991355896,1037,1094,204,Oregon State,fbs,Pac-12,14,"[0, 0, 0, 14]",0.0064736008644104,1232,1175,2.4671952700862336,,,
401833536,2025,12,regular,2025-11-15T18:00:00.000Z,False,True,False,True,,6061,Younts Stadium,2822,North Greenville,ii,Carolinas,34,"[3, 17, 7, 7]",,,,2882,UNC Pembroke,ii,Carolinas,20,"[6, 7, 7, 0]",,,,,,,
401767194,2025,12,regular,2025-11-15T18:00:00.000Z,False,True,False,True,4012,3607,Alfond Stadium,311,Maine,fcs,Coastal Athletic,13,"[0, 7, 6, 0]",0.061414215713739395,,,227,Rhode Island,fcs,Coastal Athletic,45,"[14, 14, 14, 3]",0.9385857842862606,,,3.442397313623478,,,
401773483,2025,12,regular,2025-11-15T18:00:00.000Z,False,True,False,True,,3950,Superior Dome,128,Northern Michigan,ii,GLIAC,45,"[14, 7, 21, 3]",,,,131,Wayne State (MI),ii,GLIAC,11,"[0, 3, 0, 8]",,,,,,,
401774379,2025,12,regular,2025-11-15T18:00:00.000Z,False,True,False,True,,980,Benedetti-Wehrli Stadium,3071,North Central College,iii,CCIW,24,"[7, 7, 3, 7]",,,,306,Illinois Wesleyan,iii,CCIW,7,"[0, 7, 0, 0]",,,,,,,
401767737,2025,12,regular,2025-11-15T18:00:00.000Z,False,True,False,True,1227,3617,Andy Kerr Stadium,2142,Colgate,fcs,Patriot,7,"[0, 7, 0, 0]",0.01661861501634121,,,2329,Lehigh,fcs,Patriot,27,"[10, 10, 0, 7]",0.9833813849836588,,,2.5096573937908615,,,
401806932,2025,12,regular,2025-11-15T18:00:00.000Z,False,True,False,True,,5919,Ron Roberts Field at the Banta Bowl,268,Lawrence,iii,Midwest,7,"[0, 0, 0, 7]",,,,2891,Ripon,iii,Midwest,48,"[21, 7, 13, 7]",,,,,,,
401766737,2025,12,regular,2025-11-15T18:00:00.000Z,False,True,False,True,,5861,Rosenbloom Field,65,Grinnell,iii,Midwest,17,"[7, 7, 0, 3]",,,,2155,Cornell (IA),iii,Midwest,22,"[3, 7, 6, 6]",,,,,,,
401756948,2025,12,regular,2025-11-15T18:00:00.000Z,False,True,False,True,54101,3947,Mountain America Stadium,9,Arizona State,fbs,Big 12,25,"[0, 22, 0, 3]",0.3713201880455017,1617,1614,277,West Virginia,fbs,Big 12,23,"[3, 7, 0, 13]",0.6286798119544983,1352,1355,5.13494151401993,,,
401767571,2025,12,regular,2025-11-15T18:00:00.000Z,False,True,False,True,8527,3868,Paladin Stadium,231,Furman,fcs,Southern,32,"[0, 15, 7, 10]",0.9674005508422852,,,2678,VMI,fcs,Southern,14,"[0, 7, 0, 7]",0.032599449157714844,,,3.743529242699529,,,
401767348,2025,12,regular,2025-11-15T18:00:00.000Z,False,True,False,True,2771,3613,Alumni Stadium,2169,Delaware State,fcs,MEAC,26,"[0, 17, 6, 3]",1,,,47,Howard,fcs,MEAC,13,"[0, 6, 0, 7]",0,,,3.34930667140551,,,
401767393,2025,12,regular,2025-11-15T18:00:00.000Z,False,True,False,True,23348,3976,Mississippi Veterans Memorial Stadium,2296,Jackson State,fcs,SWAC,28,"[7, 7, 7, 7]",0.969918966293335,,,2065,Bethune-Cookman,fcs,SWAC,13,"[7, 3, 3, 0]",0.03008103370666504,,,4.187332655532844,,,
401767717,2025,12,regular,2025-11-15T18:00:00.000Z,False,True,False,True,1596,3847,Cooper Field,46,Georgetown,fcs,Patriot,14,"[7, 7, 0, 0]",0.9734581112861633,,,2230,Fordham,fcs,Patriot,0,"[0, 0, 0, 0]",0.02654188871383667,,,2.954183401995083,,,
401767654,2025,12,regular,2025-11-15T18:00:00.000Z,False,True,False,True,1356,3655,Brown Field,2674,Valparaiso,fcs,Pioneer,32,"[0, 0, 16, 8, 8]",0.46555817127227783,,,56,Stetson,fcs,Pioneer,31,"[7, 10, 7, 0, 7]",0.5344418287277222,,,7.355850753430319,,,
401767326,2025,12,regular,2025-11-15T18:00:00.000Z,False,True,False,True,3111,717,Villanova Stadium,222,Villanova,fcs,Coastal Athletic,30,"[10, 0, 0, 14, 6]",0.9778343439102173,,,2619,Stony Brook,fcs,Coastal Athletic,27,"[7, 0, 7, 10, 3]",0.022165656089782715,,,9.55782366284779,,,
401767187,2025,12,regular,2025-11-15T18:00:00.000Z,False,True,False,True,2401,3620,Armstrong Stadium,2261,Hampton,fcs,Coastal Athletic,14,"[14, 0, 0, 0]",0,,,2729,William & Mary,fcs,Coastal Athletic,55,"[14, 24, 17, 0]",1,,,4.278247064112269,,,
401807013,2025,12,regular,2025-11-15T18:00:00.000Z,False,True,False,True,,5915,Farwell Field,262,Lake Forest,iii,Midwest,34,"[7, 10, 10, 7]",,,,80,Chicago,iii,Midwest,28,"[0, 7, 7, 14]",,,,,,,
401777077,2025,12,regular,2025-11-15T18:00:00.000Z,False,True,False,False,,5834,Deeds Field-Piper Stadium,2171,Denison,iii,North Coast,21,"[7, 0, 7, 7]",,,,2302,John Carroll,iii,Ohio,48,"[14, 3, 14, 17]",,,,,,,
401774226,2025,12,regular,2025-11-15T18:00:00.000Z,False,True,False,True,,5807,Brevard Memorial Stadium,2913,Brevard,iii,USA South,45,"[14, 17, 7, 7]",,,,286,North Carolina Wesleyan,iii,USA South,6,"[0, 0, 0, 6]",,,,,,,
401776800,2025,12,regular,2025-11-15T18:00:00.000Z,False,True,False,True,,3755,Ray and Sue Smith Stadium,2812,Hope,iii,Michigan,63,"[14, 21, 7, 21]",,,,354,Olivet,iii,Michigan,6,"[0, 6, 0, 0]",,,,,,,
401777018,2025,12,regular,2025-11-15T18:00:00.000Z,False,True,False,True,,5826,Concordia Stadium,2151,Concordia Chicago,iii,NACC,26,"[0, 13, 13, 0]",,,,2044,Aurora,iii,NACC,59,"[14, 14, 21, 10]",,,,,,,
401777101,2025,12,regular,2025-11-15T18:00:00.000Z,False,True,False,True,,6099,Selby Stadium,2980,Ohio Wesleyan,iii,North Coast,35,"[14, 0, 7, 14]",,,,391,Oberlin,iii,North Coast,0,"[0, 0, 0, 0]",,,,,,,
401777138,2025,12,regular,2025-11-15T18:00:00.000Z,False,True,False,True,,4757,Edwards-Maurer Field,2746,Wittenberg,iii,North Coast,35,"[6, 14, 0, 15]",,,,352,Kenyon,iii,North Coast,0,"[0, 0, 0, 0]",,,,,,,
401774319,2025,12,regular,2025-11-15T18:00:00.000Z,False,True,False,True,,5905,Kean Alumni Stadium,2871,Kean,iii,New Jersey,34,"[0, 6, 14, 14]",,,,2827,Rowan,iii,New Jersey,47,"[13, 21, 13, 0]",,,,,,,
401806690,2025,12,regular,2025-11-15T18:00:00.000Z,False,True,False,True,,5117,Clemens Stadium,2600,Saint John's (MN),iii,Minnesota,63,"[21, 21, 21, 0]",,,,133,St. Olaf,iii,Minnesota,21,"[0, 7, 0, 14]",,,,,,,
401773360,2025,12,regular,2025-11-15T18:00:00.000Z,False,True,False,True,,3875,Paul Laird Field,199,Southeastern Oklahoma State,ii,Great American,24,"[7, 3, 7, 7]",,,,2191,East Central,ii,Great American,19,"[7, 3, 0, 9]",,,,,,,
401777779,2025,12,regular,2025-11-15T18:00:00.000Z,False,True,False,True,,6143,Golden Bear Stadium,2702,Western New England,iii,Commonwealth Coast,63,"[28, 14, 7, 14]",,,,2884,Nichols,iii,Commonwealth Coast,20,"[0, 14, 0, 6]",,,,,,,
401774071,2025,12,regular,2025-11-15T18:00:00.000Z,False,True,False,True,,7077,Shadek Stadium,2234,Franklin & Marshall,iii,Centennial,29,"[0, 14, 0, 7, 8]",,,,118,Johns Hopkins,iii,Centennial,28,"[7, 14, 0, 0, 7]",,,,,,,
401777736,2025,12,regular,2025-11-15T18:00:00.000Z,False,True,False,True,,3922,Kenneth R. Gill Stadium,2700,McDaniel,iii,Centennial,23,"[0, 10, 6, 7]",,,,2248,Gettysburg,iii,Centennial,36,"[10, 3, 16, 7]",,,,,,,
401773935,2025,12,regular,2025-11-15T18:00:00.000Z,False,True,False,True,,6553,Helen and Leonard Moretz Stadium,2331,Lenoir Rhyne,ii,South Atlantic,48,"[7, 21, 14, 6]",,,,2107,Catawba,ii,South Atlantic,46,"[3, 3, 13, 27]",,,,,,,
401777288,2025,12,regular,2025-11-15T18:00:00.000Z,False,True,False,True,,3677,Chuck Noll Field,2614,Saint Vincent,iii,Presidents',14,"[0, 0, 7, 7]",,,,2849,Westminster (PA),iii,Presidents',57,"[7, 34, 6, 10]",,,,,,,
401777291,2025,12,regular,2025-11-15T18:00:00.000Z,False,True,False,True,,6139,Cameron Stadium,2686,Washington & Jefferson,iii,Presidents',67,"[36, 17, 7, 7]",,,,2644,Thiel,iii,Presidents',0,"[0, 0, 0, 0]",,,,,,,
401777260,2025,12,regular,2025-11-15T18:00:00.000Z,False,True,False,True,,5789,Frank B. Fuhrer Field,2018,Allegheny,iii,Presidents',42,"[14, 7, 14, 7]",,,,2062,Bethany (WV),iii,Presidents',6,"[0, 0, 0, 6]",,,,,,,
401773818,2025,12,regular,2025-11-15T18:00:00.000Z,False,True,False,True,,4429,Seth Grove Stadium,2559,Shippensburg,ii,Pennsylvania State Athletic,10,"[0, 3, 0, 7]",,,,2858,California (PA),ii,Pennsylvania State Athletic,35,"[7, 0, 7, 21]",,,,,,,
401773781,2025,12,regular,2025-11-15T18:00:00.000Z,False,True,False,True,,5933,Sea Foam Stadium,3066,Concordia St. Paul,ii,Northern Sun,18,"[0, 6, 12, 0]",,,,2894,Sioux Falls,ii,Northern Sun,34,"[6, 14, 0, 14]",,,,,,,
401773750,2025,12,regular,2025-11-15T18:00:00.000Z,False,True,False,True,,3641,Blakeslee Stadium,2364,Minnesota State,ii,Northern Sun,23,"[0, 10, 0, 13]",,,,2817,Minnesota St Moorhead,ii,Northern Sun,31,"[7, 7, 10, 7]",,,,,,,
401773503,2025,12,regular,2025-11-15T18:00:00.000Z,False,True,False,True,,5263,Steele Stadium,2316,Kentucky Wesleyan,ii,Great Midwest Athletic,11,"[0, 0, 3, 8]",,,,2646,Thomas More,ii,Great Midwest Athletic,14,"[0, 0, 2, 12]",,,,,,,
401774391,2025,12,regular,2025-11-15T18:00:00.000Z,False,True,False,True,,6093,Holmgren Athletic Complex,75,North Park,iii,CCIW,6,"[0, 6, 0, 0]",,,,396,Wheaton (IL),iii,CCIW,52,"[14, 21, 14, 3]",,,,,,,
401766739,2025,12,regular,2025-11-15T18:00:00.000Z,False,True,False,True,,6084,April Zorn Memorial Stadium,2919,Monmouth (IL),iii,Midwest,69,"[35, 7, 14, 13]",,,,255,Knox,iii,Midwest,0,"[0, 0, 0, 0]",,,,,,,
401766738,2025,12,regular,2025-11-15T18:00:00.000Z,False,True,False,True,,3945,Strong Stadium,266,Beloit,iii,Midwest,7,"[0, 0, 7, 0]",,,,2286,Illinois College,iii,Midwest,38,"[9, 0, 15, 14]",,,,,,,
401806686,2025,12,regular,2025-11-15T18:00:00.000Z,False,True,False,True,,5795,Edor Nelson Field,124,Augsburg,iii,Minnesota,43,,,,,162,Hamline,iii,Minnesota,3,,,,,,,,
401773303,2025,12,regular,2025-11-15T18:00:00.000Z,False,True,False,True,,5788,Merrill Field at Yunevich Stadium,365,Alfred,iii,Empire 8,34,"[7, 13, 6, 8]",,,,3110,SUNY Morrisville,iii,Empire 8,21,"[0, 7, 7, 7]",,,,,,,
401783910,2025,12,regular,2025-11-15T18:00:00.000Z,False,True,False,True,,6119,Stagg Field,81,Springfield,iii,NEWMAC,23,"[7, 13, 0, 3]",,,,2951,SUNY Maritime,iii,NEWMAC,7,"[0, 7, 0, 0]",,,,,,,
401783357,2025,12,regular,2025-11-15T18:00:00.000Z,False,True,False,True,,3851,Mustang Stadium,471,Stevenson,iii,Mid Atlantic,10,"[7, 0, 0, 3]",,,,127954,Eastern,iii,Mid Atlantic,16,"[0, 3, 6, 7]",,,,,,,
401773215,2025,12,regular,2025-11-15T18:00:00.000Z,False,True,False,True,,3770,Jack Miller Stadium,308,Ashland,ii,Great Midwest Athletic,34,"[14, 6, 7, 7]",,,,437,Lake Erie,ii,Great Midwest Athletic,14,"[0, 7, 7, 0]",,,,,,,
401773826,2025,12,regular,2025-11-15T18:05:00.000Z,False,True,False,True,,4439,Eiler-Martin Stadium,2188,East Stroudsburg,ii,Pennsylvania State Athletic,42,"[14, 0, 7, 21]",,,,2134,Clarion,ii,Pennsylvania State Athletic,34,"[14, 13, 7, 0]",,,,,,,
401777084,2025,12,regular,2025-11-15T18:07:00.000Z,False,True,False,True,,5123,Little Giant Stadium,89,Wabash,iii,North Coast,20,"[7, 0, 7, 6]",,,,83,DePauw,iii,North Coast,41,"[7, 21, 6, 7]",,,,,,,
401777190,2025,12,regular,2025-11-15T18:30:00.000Z,False,True,False,True,,6152,Wiliams Stadium (OH),2733,Wilmington (OH),iii,Ohio,27,"[7, 10, 10, 0]",,,,424,Capital,iii,Ohio,28,"[7, 0, 14, 7]",,,,,,,
401774433,2025,12,regular,2025-11-15T18:30:00.000Z,False,True,False,True,,6111,Cook Stadium,86,Rose Hulman,iii,Heartland,0,"[0, 0, 0, 0]",,,,2419,Mount St Joseph,iii,Heartland,48,"[0, 21, 20, 7]",,,,,,,
401752767,2025,12,regular,2025-11-15T18:30:00.000Z,False,True,False,False,53686,3683,Kroger Field,96,Kentucky,fbs,SEC,42,"[14, 14, 7, 7]",0.9980577230453491,1622,1622,2635,Tennessee Tech,fcs,OVC-Big South,10,"[0, 7, 3, 0]",0.001942276954650879,,,1.904565463157122,,,
401777210,2025,12,regular,2025-11-15T18:30:00.000Z,False,True,False,True,,4856,Mount Union Stadium,426,Mount Union,iii,Ohio,51,"[7, 20, 21, 3]",,,,332,Muskingum,iii,Ohio,7,"[7, 0, 0, 0]",,,,,,,
401777182,2025,12,regular,2025-11-15T18:30:00.000Z,False,True,False,True,,5801,George Finnie Stadium,188,Baldwin Wallace,iii,Ohio,41,"[0, 14, 14, 13]",,,,191,Heidelberg,iii,Ohio,38,"[10, 14, 7, 7]",,,,,,,
401774414,2025,12,regular,2025-11-15T18:30:00.000Z,False,True,False,True,,3614,Alumni Stadium (IN),2262,Hanover,iii,Heartland,51,"[3, 20, 7, 21]",,,,2233,Franklin,iii,Heartland,18,"[0, 0, 6, 12]",,,,,,,
401774427,2025,12,regular,2025-11-15T18:30:00.000Z,False,True,False,True,,5930,Carl W. Burt Memorial Stadium,2362,Manchester,iii,Heartland,20,"[0, 7, 6, 7]",,,,2023,Anderson (IN),iii,Heartland,26,"[0, 6, 13, 7]",,,,,,,
401767586,2025,12,regular,2025-11-15T19:00:00.000Z,False,True,False,True,12909,3782,Johnson Hagood Stadium,2643,The Citadel,fcs,Southern,14,"[0, 0, 7, 7]",0.6369600892066956,,,2747,Wofford,fcs,Southern,16,"[6, 3, 0, 7]",0.36303991079330444,,,6.231877906436152,,,
401778027,2025,12,regular,2025-11-15T19:00:00.000Z,False,True,False,True,,5800,Jopson Athletic Complex,2079,Bridgewater,iii,Old Dominion,1,[],,,,2258,Guilford,iii,Old Dominion,0,[],,,,,,Bridgewater wins by forfeit,
401773415,2025,12,regular,2025-11-15T19:00:00.000Z,False,True,False,True,,7504,Liberty North High School,2911,William Jewell,ii,Great Lakes,49,"[28, 14, 7, 0]",,,,2876,Lincoln (MO),ii,Great Lakes,13,"[0, 0, 6, 7]",,,,,,,
401773164,2025,12,regular,2025-11-15T19:00:00.000Z,False,True,False,True,,6137,Walston-Hoover Stadium,2685,Wartburg,iii,American Rivers,63,"[21, 21, 14, 7]",,,,63,Buena Vista,iii,American Rivers,20,"[0, 7, 7, 6]",,,,,,,
401773375,2025,12,regular,2025-11-15T19:00:00.000Z,False,True,False,True,,6065,Cliff Harris Stadium,2888,Ouachita Baptist,ii,Great American,14,"[0, 7, 0, 7]",,,,2271,Henderson State,ii,Great American,41,"[7, 14, 7, 13]",,,,,,,
401773043,2025,12,regular,2025-11-15T19:00:00.000Z,False,True,False,True,,5817,Ron and Joyce Schipper Stadium,2964,Central College,iii,American Rivers,7,"[0, 0, 0, 7]",,,,2141,Coe,iii,American Rivers,13,"[0, 0, 7, 6]",,,,,,,
401773528,2025,12,regular,2025-11-15T19:00:00.000Z,False,True,False,False,,3957,Tiger Stadium (AL),2695,West Alabama,ii,Gulf South,20,"[0, 17, 3, 0]",,,,196,Northeastern State,ii,Independent DII,33,"[7, 3, 7, 16]",,,,,,,
401767740,2025,12,regular,2025-11-15T19:00:00.000Z,False,True,False,False,5032,2068,E. Claiborne Robins Stadium,257,Richmond,fcs,Patriot,28,"[0, 7, 7, 14]",0,,,322,Lafayette,fcs,Patriot,35,"[7, 7, 14, 7]",1,,,6.811686036413887,,,
401767303,2025,12,regular,2025-11-15T19:00:00.000Z,False,True,False,True,4554,5888,University Stadium (GA),2698,West Georgia,fcs,UAC,23,"[6, 3, 7, 7]",0.8487726449966431,,,3101,Utah Tech,fcs,UAC,0,"[0, 0, 0, 0]",0.15122735500335693,,,2.8439930578707635,,,
401773666,2025,12,regular,2025-11-15T19:00:00.000Z,False,True,False,False,,5843,W.B. Adams Stadium,366,Ferrum,ii,Carolinas,34,"[7, 6, 7, 14]",,,,2148,Concord,ii,Mountain East,56,"[21, 0, 21, 14]",,,,,,,
401773184,2025,12,regular,2025-11-15T19:00:00.000Z,False,True,False,True,,5921,Rock Bowl,263,Loras,iii,American Rivers,45,"[14, 10, 14, 7]",,,,67,Luther,iii,American Rivers,12,"[0, 6, 0, 6]",,,,,,,
401767169,2025,12,regular,2025-11-15T19:00:00.000Z,False,True,False,True,3006,3748,Graham Stadium,2630,UT Martin,fcs,OVC-Big South,17,"[0, 0, 7, 10]",0.8772749900817871,,,2127,Charleston Southern,fcs,OVC-Big South,14,"[0, 0, 7, 7]",0.12272500991821289,,,4.979130880107759,,,
401773626,2025,12,regular,2025-11-15T19:00:00.000Z,False,True,False,True,,6054,Fred G. Hughes Stadium,2403,Missouri Southern State,ii,Mid America,24,"[0, 10, 14, 0]",,,,2687,Washburn,ii,Mid America,29,"[6, 10, 7, 6]",,,,,,,
401806687,2025,12,regular,2025-11-15T19:00:00.000Z,False,True,False,True,,6122,Public Schools Stadium,375,St. Scholastica,iii,Minnesota,0,"[0, 0, 0, 0]",,,,2802,Bethel (MN),iii,Minnesota,62,"[21, 28, 10, 3]",,,,,,,
401767255,2025,12,regular,2025-11-15T19:00:00.000Z,False,True,False,False,6751,3742,Governors Stadium,2046,Austin Peay,fcs,UAC,30,"[14, 3, 10, 3]",0.9500016570091248,,,2535,Samford,fcs,Southern,16,"[0, 3, 0, 13]",0.049998342990875244,,,2.4013719543178116,,,
401774467,2025,12,regular,2025-11-15T19:00:00.000Z,False,True,False,True,,6081,Harper Davis Field,2398,Millsaps,iii,Southern Athletic,34,"[0, 13, 7, 14]",,,,2553,Sewanee,iii,Southern Athletic,20,"[0, 13, 0, 7]",,,,,,,
401773265,2025,12,regular,2025-11-15T19:00:00.000Z,False,True,False,True,,5857,Gordon Wood Stadium,2758,Howard Payne,iii,American Southwest,9,"[6, 3, 0, 0]",,,,2371,Mary Hardin Baylor,iii,American Southwest,65,"[13, 14, 24, 14]",,,,,,,
401773766,2025,12,regular,2025-11-15T19:00:00.000Z,False,True,True,False,,11539,Charlotte & Gordon Hansen Stadium,2939,Jamestown,ii,Northern Sun,40,"[7, 14, 0, 19]",,,,425,Northern State,ii,Northern Sun,46,"[7, 24, 7, 8]",,,,,,,
401773741,2025,12,regular,2025-11-15T19:00:00.000Z,False,True,False,True,,5874,Chet Anderson Stadium,132,Bemidji State,ii,Northern Sun,34,"[7, 14, 7, 6]",,,,559,University of Mary,ii,Northern Sun,21,"[0, 0, 14, 7]",,,,,,,
401773774,2025,12,regular,2025-11-15T19:00:00.000Z,False,True,False,True,,6035,"Memorial Stadium (Wayne, NE)",2844,Wayne State (NE),ii,Northern Sun,38,"[14, 7, 0, 17]",,,,2043,Augustana (SD),ii,Northern Sun,31,"[0, 14, 3, 14]",,,,,,,
401773257,2025,12,regular,2025-11-15T19:00:00.000Z,False,True,False,True,,5114,Shelton Stadium,2810,Hardin Simmons,iii,American Southwest,63,"[21, 14, 7, 21]",,,,2194,East Texas Baptist,iii,American Southwest,14,"[14, 0, 0, 0]",,,,,,,
401773193,2025,12,regular,2025-11-15T19:00:00.000Z,False,True,False,True,,6091,Abel Stadium,6845,Nebraska Wesleyan,iii,American Rivers,22,"[0, 13, 6, 3]",,,,2564,Simpson (IA),iii,American Rivers,23,"[14, 0, 0, 9]",,,,,,,
401834132,2025,12,regular,2025-11-15T19:00:00.000Z,False,True,False,False,,6042,Alumni Stadium (KY),2310,Kentucky State,ii,SIAC,35,"[21, 7, 0, 7]",,,,2560,Shorter,ii,Carolinas,7,"[7, 0, 0, 0]",,,,,,,
401777311,2025,12,regular,2025-11-15T19:00:00.000Z,False,True,False,True,,3843,MLC Bowl,446,Martin Luther,iii,Upper Midwest,36,"[7, 3, 9, 17]",,,,2399,Minnesota Morris,iii,Upper Midwest,14,"[0, 7, 0, 7]",,,,,,,
401774167,2025,12,regular,2025-11-15T19:00:00.000Z,False,True,False,True,,5916,Carson Park,2738,Wisconsin Eau Claire,iii,Wisconsin,28,"[7, 14, 0, 7]",,,,272,Wisconsin Platteville,iii,Wisconsin,55,"[14, 20, 14, 7]",,,,,,,
401773405,2025,12,regular,2025-11-15T19:00:00.000Z,False,True,False,True,,6040,Key Stadium,2292,Indianapolis,ii,Great Lakes,28,"[14, 0, 7, 7]",,,,389,Upper Iowa,ii,Great Lakes,21,"[0, 14, 0, 7]",,,,,,,
401783912,2025,12,regular,2025-11-15T19:00:00.000Z,False,True,False,True,,6284,Village of Lisle-Benedictine University Sports Complex,2283,Benedictine (IL),iii,NACC,10,"[0, 7, 0, 3]",,,,2741,Wisconsin Lutheran,iii,NACC,14,"[0, 0, 0, 14]",,,,,,,
401774196,2025,12,regular,2025-11-15T19:00:00.000Z,False,True,False,True,,5900,Don and Nona Williams Stadium,2744,Wisconsin Stout,iii,Wisconsin,19,"[0, 0, 13, 6]",,,,2723,Wisconsin River Falls,iii,Wisconsin,29,"[10, 3, 6, 10]",,,,,,,
401774181,2025,12,regular,2025-11-15T19:00:00.000Z,False,True,False,True,,5120,J.J. Keller Field at Titan Stadium,271,Wisconsin Oshkosh,iii,Wisconsin,7,"[0, 0, 7, 0]",,,,2745,Wisconsin Whitewater,iii,Wisconsin,24,"[7, 10, 0, 7]",,,,,,,
401774349,2025,12,regular,2025-11-15T19:00:00.000Z,False,True,False,True,,6108,Crain Field,2519,Rhodes,iii,Southern Athletic,3,"[0, 3, 0, 0]",,,,2121,Centre,iii,Southern Athletic,28,"[3, 18, 0, 7]",,,,,,,
401774406,2025,12,regular,2025-11-15T19:00:00.000Z,False,True,False,False,,5931,Don Drumm Stadium,317,Marietta,iii,Ohio,37,"[6, 17, 7, 7]",,,,2074,Bluffton,iii,Heartland,14,"[7, 7, 0, 0]",,,,,,,
401773612,2025,12,regular,2025-11-15T19:00:00.000Z,False,True,False,True,,5942,Francis G. Welch Stadium,2214,Emporia State,ii,Mid America,7,"[0, 0, 0, 7]",,,,2231,Fort Hays,ii,Mid America,13,"[10, 0, 0, 3]",,,,,,,
401774061,2025,12,regular,2025-11-15T19:00:00.000Z,False,True,False,True,,6126,Bob Boozer Field,2781,Brockport,iii,Empire 8,20,"[0, 14, 6, 0]",,,,390,Utica,iii,Empire 8,28,"[0, 7, 6, 15]",,,,,,,
401767643,2025,12,regular,2025-11-15T19:00:00.000Z,False,True,False,True,2375,5116,O'Shaughnessy Stadium,2900,St. Thomas (MN),fcs,Pioneer,9,"[0, 0, 9, 0]",0.1488705575466156,,,2506,Presbyterian,fcs,Pioneer,23,"[3, 7, 0, 13]",0.8511294424533844,,,5.01639483780737,,,
401773758,2025,12,regular,2025-11-15T19:00:00.000Z,False,True,False,True,,6052,Herb Parker Stadium,568,Minot State,ii,Northern Sun,7,"[7, 0, 0, 0]",,,,134,Minnesota Duluth,ii,Northern Sun,33,"[7, 7, 12, 7]",,,,,,,
401773563,2025,12,regular,2025-11-15T19:00:00.000Z,False,True,False,True,,3633,Ben Altamirano Field,2703,Western New Mexico,ii,Lone Star,23,"[0, 7, 7, 9]",,,,2395,Midwestern State,ii,Lone Star,70,"[13, 28, 10, 19]",,,,,,,
401777593,2025,12,regular,2025-11-15T19:00:00.000Z,False,True,False,True,,5802,Belhaven Bowl Stadium,2056,Belhaven,iii,USA South,13,"[0, 0, 7, 6]",,,,2938,Huntingdon,iii,USA South,30,"[3, 0, 14, 13]",,,,,,,
401777039,2025,12,regular,2025-11-15T19:00:00.000Z,False,True,False,True,,5918,Taylor Field,6353,Lakeland,iii,NACC,35,"[15, 13, 7, 0]",,,,2832,St. Norbert,iii,NACC,25,"[3, 0, 14, 8]",,,,,,,
401773437,2025,12,regular,2025-11-15T19:00:00.000Z,False,True,False,True,,3723,QU Stadium,2825,Quincy,ii,Great Lakes,37,"[13, 14, 3, 7]",,,,2586,Southwest Baptist,ii,Great Lakes,35,"[14, 7, 0, 14]",,,,,,,
401773899,2025,12,regular,2025-11-15T19:00:00.000Z,False,True,False,True,,5944,Ray Dennison Memorial Field,2237,Fort Lewis,ii,Rocky Mountain,21,"[7, 0, 14, 0]",,,,2146,Colorado School of Mines,ii,Rocky Mountain,55,"[14, 13, 14, 14]",,,,,,,
401774174,2025,12,regular,2025-11-15T19:00:00.000Z,False,True,False,True,,5903,Community Stadium at Goerke Park,2743,Wisconsin Stevens Point,iii,Wisconsin,0,"[0, 0, 0, 0]",,,,2740,Wisconsin La Crosse,iii,Wisconsin,52,"[21, 10, 14, 7]",,,,,,,
401773879,2025,12,regular,2025-11-15T19:00:00.000Z,False,True,False,True,,3860,O'Harra Stadium,613,South Dakota Mines,ii,Rocky Mountain,45,"[0, 17, 21, 7]",,,,2001,Adams State,ii,Rocky Mountain,21,"[14, 7, 0, 0]",,,,,,,
401773949,2025,12,regular,2025-11-15T19:00:00.000Z,False,True,False,True,,6033,Carl Smith Stadium,2842,UVA Wise,ii,South Atlantic,13,"[7, 6, 0, 0]",,,,2213,Emory & Henry,ii,South Atlantic,70,"[28, 7, 14, 21]",,,,,,,
401767147,2025,12,regular,2025-11-15T19:00:00.000Z,False,True,False,True,3243,3629,Barker-Lane Stadium,2097,Campbell,fcs,Coastal Athletic,24,"[3, 0, 7, 14]",0.2833285331726074,,,2210,Elon,fcs,Coastal Athletic,31,"[7, 10, 0, 14]",0.7166714668273926,,,5.960115497395755,,,
401767222,2025,12,regular,2025-11-15T19:00:00.000Z,False,True,False,True,2000,3746,Hanson Field,2710,Western Illinois,fcs,OVC-Big South,17,"[10, 7, 0, 0]",0.04411282017827034,,,2546,Southeast Missouri State,fcs,OVC-Big South,22,"[0, 10, 7, 5]",0.9558871798217297,,,7.172542047165521,,,
401776781,2025,12,regular,2025-11-15T19:00:00.000Z,False,True,False,True,,5790,Bahlke Field,2800,Alma,iii,Michigan,35,"[7, 7, 7, 14]",,,,2003,Adrian,iii,Michigan,34,"[0, 21, 13, 0]",,,,,,,
401761651,2025,12,regular,2025-11-15T19:00:00.000Z,False,True,False,True,12871,4246,Center Parc Stadium,2247,Georgia State,fbs,Sun Belt,18,"[7, 3, 8, 0]",0.03137625381350517,1098,1107,276,Marshall,fbs,Sun Belt,30,"[7, 14, 0, 9]",0.9686237461864948,1508,1499,5.23590983843582,,,
401762506,2025,12,regular,2025-11-15T19:00:00.000Z,False,True,False,True,16190,7221,Protective Stadium,5,UAB,fbs,American Athletic,24,"[0, 7, 11, 6]",0.0024921679869294167,1223,1197,249,North Texas,fbs,American Athletic,53,"[21, 10, 15, 7]",0.9975078320130706,1690,1716,2.859409142957384,,,
401773642,2025,12,regular,2025-11-15T19:30:00.000Z,False,True,True,True,,3486,Children's Mercy Park,90,Pittsburg State,ii,Mid America,27,"[14, 10, 0, 3]",,,,138,Northwest Missouri State,ii,Mid America,14,"[7, 0, 0, 7]",,,,,,,
401767207,2025,12,regular,2025-11-15T19:30:00.000Z,False,True,False,True,1667,3810,Nissan Stadium,2634,Tennessee State,fcs,OVC-Big South,14,"[0, 7, 0, 7]",0.02010812610387802,,,2241,Gardner-Webb,fcs,OVC-Big South,30,"[10, 13, 7, 0]",0.979891873896122,,,3.590405639315625,,,
401773396,2025,12,regular,2025-11-15T20:00:00.000Z,False,True,False,True,,3934,Southern Nazarene University Football Stadium,200,Southern Nazarene,ii,Great American,49,"[14, 7, 14, 14]",,,,319,Oklahoma Baptist,ii,Great American,19,"[3, 3, 0, 13]",,,,,,,
401773893,2025,12,regular,2025-11-15T20:00:00.000Z,False,True,False,True,,4852,Neta and Eddie DeRose ThunderBowl,2570,CSU Pueblo,ii,Rocky Mountain,30,"[3, 7, 7, 0, 7, 6]",,,,2123,Chadron State,ii,Rocky Mountain,27,"[7, 7, 0, 3, 7, 3]",,,,,,,
401773523,2025,12,regular,2025-11-15T20:00:00.000Z,False,True,False,True,,10803,Pen-Air Field,110242,West Florida,ii,Gulf South,44,"[13, 17, 7, 7, 0]",,,,2673,Valdosta State,ii,Gulf South,47,"[2, 21, 14, 7, 3]",,,,,,,
401767457,2025,12,regular,2025-11-15T20:00:00.000Z,False,True,False,True,24679,3599,Ace W. Mumford Stadium,2582,Southern,fcs,SWAC,30,"[14, 7, 3, 6]",0.11120044440031052,,,2640,Texas Southern,fcs,SWAC,35,"[7, 7, 7, 14]",0.8887995555996895,,,4.7818403139988614,,,
401773969,2025,12,regular,2025-11-15T20:00:00.000Z,False,True,False,True,,5781,Irwin Belk Stadium,351,Wingate,ii,South Atlantic,37,"[14, 10, 7, 6]",,,,2369,Mars Hill,ii,South Atlantic,22,"[6, 3, 7, 6]",,,,,,,
401773915,2025,12,regular,2025-11-15T20:00:00.000Z,False,True,False,True,,5782,Mountaineer Bowl,2714,Western Colorado,ii,Rocky Mountain,42,"[0, 21, 7, 14]",,,,11,Colorado Mesa,ii,Rocky Mountain,28,"[0, 14, 7, 7]",,,,,,,
401777171,2025,12,regular,2025-11-15T20:00:00.000Z,False,True,False,True,,6148,The Pine Bowl,2721,Whitworth,iii,Northwest,59,"[7, 10, 7, 35]",,,,2508,Puget Sound,iii,Northwest,31,"[7, 3, 0, 21]",,,,,,,
401845330,2025,12,regular,2025-11-15T20:00:00.000Z,False,True,True,True,,3702,Durham County Memorial Stadium,2676,Virginia Union,ii,CIAA,21,"[7, 7, 0, 7]",,,,2304,Johnson C. Smith,ii,CIAA,45,"[14, 7, 14, 10]",,,,,,,
401773351,2025,12,regular,2025-11-15T20:00:00.000Z,False,True,False,True,,5891,Wilkins Stadium,2568,Southern Arkansas,ii,Great American,49,"[7, 7, 21, 14]",,,,2028,Arkansas Monticello,ii,Great American,10,"[0, 0, 3, 7]",,,,,,,
401773603,2025,12,regular,2025-11-15T20:00:00.000Z,False,True,False,True,,6055,Craig Field at Spratt Memorial Stadium,137,Missouri Western,ii,Mid America,10,"[3, 0, 7, 0]",,,,2122,Central Oklahoma,ii,Mid America,54,"[7, 21, 10, 16]",,,,,,,
401773341,2025,12,regular,2025-11-15T20:00:00.000Z,False,True,False,True,,5870,Thone Stadium at Buerkle Field,2033,Arkansas Tech,ii,Great American,13,"[0, 7, 6, 0]",,,,2264,Harding,ii,Great American,47,"[7, 10, 16, 14]",,,,,,,
401773886,2025,12,regular,2025-11-15T20:00:00.000Z,False,True,False,True,,5877,Lyle Hare Stadium,2069,Black Hills State,ii,Rocky Mountain,55,"[17, 21, 7, 10]",,,,2424,New Mexico Highlands,ii,Rocky Mountain,28,"[14, 7, 7, 0]",,,,,,,
401767377,2025,12,regular,2025-11-15T20:00:00.000Z,False,True,False,True,7845,3771,Jack Spinks Stadium,2016,Alcorn State,fcs,SWAC,27,"[7, 7, 0, 13]",0.948334813117981,,,2755,Grambling,fcs,SWAC,16,"[3, 0, 10, 3]",0.05166518688201904,,,4.369643297037725,,,
401760411,2025,12,regular,2025-11-15T20:00:00.000Z,False,True,False,True,27526,3971,University Stadium (NM),167,New Mexico,fbs,Mountain West,20,"[0, 10, 0, 10]",0.9611223340034485,1460,1458,36,Colorado State,fbs,Mountain West,17,"[0, 0, 10, 7]",0.038877665996551514,1221,1223,6.143939901413607,,,
401767556,2025,12,regular,2025-11-15T20:00:00.000Z,False,True,False,True,9289,4417,Five Star Stadium at the Moye Complex,2382,Mercer,fcs,Southern,63,"[21, 14, 21, 7]",0.9836658239364624,,,236,Chattanooga,fcs,Southern,17,"[3, 0, 0, 14]",0.016334176063537598,,,2.7129188838887113,,,
401767481,2025,12,regular,2025-11-15T20:00:00.000Z,False,True,False,True,2165,3734,Gayle and Tom Benson Stadium,2916,Incarnate Word,fcs,Southland,7,"[0, 0, 0, 7]",0.5108160376548767,,,2545,SE Louisiana,fcs,Southland,10,"[0, 3, 7, 0]",0.4891839623451233,,,4.717948135999795,,,
401767200,2025,12,regular,2025-11-15T20:00:00.000Z,False,True,False,True,4968,3749,Hunter Stadium,2815,Lindenwood,fcs,OVC-Big South,42,"[7, 7, 7, 21]",0.9687061309814453,,,2197,Eastern Illinois,fcs,OVC-Big South,12,"[0, 3, 9, 0]",0.03129386901855469,,,3.116159657269529,,,
401833535,2025,12,regular,2025-11-15T20:00:00.000Z,False,True,False,False,,5935,Parker Field at McCool Stadium,2170,Delta State,ii,Gulf South,,,,,,2310,Kentucky State,ii,SIAC,,,,,,,,,
401767444,2025,12,regular,2025-11-15T20:00:00.000Z,False,True,False,True,11407,5237,Dana J. Dykhouse Stadium,2571,South Dakota State,fcs,MVFC,21,"[0, 13, 0, 8]",0.12127066403627396,,,2287,Illinois State,fcs,MVFC,35,"[28, 7, 0, 0]",0.878729335963726,,,4.921120572650755,,,
401767246,2025,12,regular,2025-11-15T20:00:00.000Z,False,True,False,True,4067,3908,Roy Kidd Stadium,2198,Eastern Kentucky,fcs,UAC,10,"[0, 3, 0, 7]",0.03370915725827217,,,2000,Abilene Christian,fcs,UAC,17,"[3, 0, 3, 11]",0.9662908427417278,,,6.33505317276317,,,
401767387,2025,12,regular,2025-11-15T20:00:00.000Z,False,True,False,True,7069,5238,Panther Stadium,2504,Prairie View A&M,fcs,SWAC,56,"[7, 21, 7, 21]",0.9805904626846313,,,2029,Arkansas-Pine Bluff,fcs,SWAC,9,"[0, 3, 6, 0]",0.019409537315368652,,,2.060390913954608,,,
401773554,2025,12,regular,2025-11-15T20:00:00.000Z,False,True,False,True,,5938,Al Whitehead Field at Greyhound Stadium,2201,Eastern New Mexico,ii,Lone Star,28,"[7, 14, 0, 7]",,,,2658,Texas A&M-Kingsville,ii,Lone Star,45,"[7, 17, 7, 14]",,,,,,,
401757304,2025,12,regular,2025-11-15T20:00:00.000Z,False,True,False,True,13298,3878,Plaster Sports Complex,2623,Missouri State,fbs,Conference USA,38,"[10, 14, 0, 14]",0.9278184771537781,1358,1376,2638,UTEP,fbs,Conference USA,24,"[0, 7, 17, 0]",0.07218152284622192,1233,1215,3.9130570653398737,,,
401767357,2025,12,regular,2025-11-15T20:00:00.000Z,False,True,False,True,14677,3809,Louis Crews Stadium,2010,Alabama A&M,fcs,SWAC,23,"[0, 13, 3, 7]",0.08301916718482971,,,50,Florida A&M,fcs,SWAC,26,"[6, 6, 7, 7]",0.9169808328151703,,,7.909214079142887,,,
401761654,2025,12,regular,2025-11-15T20:30:00.000Z,False,True,False,True,27223,3815,M. M. Roberts Stadium,2572,Southern Miss,fbs,Sun Belt,14,"[0, 0, 7, 7]",0.047236330807209015,1362,1303,326,Texas State,fbs,Sun Belt,41,"[10, 17, 0, 14]",0.952763669192791,1483,1542,3.3067316100380326,,,
401760413,2025,12,regular,2025-11-15T20:30:00.000Z,False,True,False,True,14491,3816,Mackay Stadium,2440,Nevada,fbs,Mountain West,55,"[14, 17, 7, 17]",0.995261013507843,1105,1288,23,San José State,fbs,Mountain West,10,"[0, 0, 3, 7]",0.004738986492156982,1391,1208,2.7859614555462486,,,
401752906,2025,12,regular,2025-11-15T20:30:00.000Z,False,True,False,True,56416,3832,"Memorial Stadium (Champaign, IL)",356,Illinois,fbs,Big Ten,24,"[7, 7, 7, 3]",0.8008391857147217,1603,1630,120,Maryland,fbs,Big Ten,6,"[3, 3, 0, 0]",0.19916081428527832,1467,1440,3.1349753749189655,,,
401752907,2025,12,regular,2025-11-15T20:30:00.000Z,False,True,False,True,65216,477,Los Angeles Memorial Coliseum,30,USC,fbs,Big Ten,26,"[0, 10, 9, 7]",0.37467992305755615,1911,1916,2294,Iowa,fbs,Big Ten,21,"[7, 14, 0, 0]",0.6253200769424438,1912,1907,4.656077932368771,,,
401761653,2025,12,regular,2025-11-15T20:30:00.000Z,False,True,False,True,19872,3817,Malone Stadium,2433,UL Monroe,fbs,Sun Belt,14,"[14, 0, 0, 0]",0.027201753109693527,998,1004,6,South Alabama,fbs,Sun Belt,26,"[0, 7, 13, 6]",0.9727982468903065,1375,1369,4.425007568004904,,,
401752765,2025,12,regular,2025-11-15T20:30:00.000Z,False,True,False,True,100077,3657,Bryant-Denny Stadium,333,Alabama,fbs,SEC,21,"[0, 14, 7, 0]",0.15321090817451477,1977,1964,201,Oklahoma,fbs,SEC,23,"[10, 7, 3, 3]",0.8467890918254852,1794,1807,6.7106854101740625,,,
401767514,2025,12,regular,2025-11-15T20:30:00.000Z,False,True,False,True,14736,3714,Fargodome,2449,North Dakota State,fcs,MVFC,48,"[14, 17, 7, 10]",0.9909756779670715,,,2460,Northern Iowa,fcs,MVFC,16,"[0, 2, 7, 7]",0.009024322032928467,,,1.9539436599705233,,,
401761652,2025,12,regular,2025-11-15T20:30:00.000Z,False,True,False,True,25298,3651,Bridgeforth Stadium,256,James Madison,fbs,Sun Belt,58,"[7, 20, 10, 21]",1,1802,1882,2026,App State,fbs,Sun Belt,10,"[0, 0, 0, 10]",0,1328,1248,2.5124097805149224,,,
401754592,2025,12,regular,2025-11-15T20:30:00.000Z,False,True,False,True,37879,3615,"Alumni Stadium (Chestnut Hill, MA)",103,Boston College,fbs,ACC,34,"[0, 14, 14, 6]",0.30027151107788086,1298,1311,59,Georgia Tech,fbs,ACC,36,"[7, 7, 3, 19]",0.6997284889221191,1612,1599,7.421454423157309,,,
401754593,2025,12,regular,2025-11-15T20:30:00.000Z,False,True,False,True,27215,3982,Wallace Wade Stadium,150,Duke,fbs,ACC,17,"[0, 3, 0, 14]",0,1625,1576,258,Virginia,fbs,ACC,34,"[7, 10, 14, 3]",1,1555,1604,3.6041656880268382,,,
401752903,2025,12,regular,2025-11-15T20:30:00.000Z,False,True,False,True,61671,3936,Spartan Stadium,127,Michigan State,fbs,Big Ten,10,"[7, 3, 0, 0]",0.003769178409129381,1365,1377,213,Penn State,fbs,Big Ten,28,"[7, 7, 0, 14]",0.9962308215908706,1950,1938,3.8044415586011677,,,
401754595,2025,12,regular,2025-11-15T20:30:00.000Z,False,True,False,True,59157,3948,Hard Rock Stadium,2390,Miami,fbs,ACC,41,"[10, 14, 10, 7]",0.9875534176826477,1865,1914,152,NC State,fbs,ACC,7,"[0, 0, 0, 7]",0.012446582317352295,1498,1449,3.1432035555758695,,,
401757303,2025,12,regular,2025-11-15T20:30:00.000Z,False,True,False,True,16547,3796,Houchens Industries-L.T. Smith Stadium,98,Western Kentucky,fbs,Conference USA,42,"[7, 14, 7, 14]",0.9155396819114685,1386,1398,2393,Middle Tennessee,fbs,Conference USA,26,"[0, 10, 13, 3]",0.0844603180885315,1134,1122,7.620477790856999,,,
401756953,2025,12,regular,2025-11-15T20:30:00.000Z,False,True,False,True,60229,3784,Jones AT&T Stadium,2641,Texas Tech,fbs,Big 12,48,"[14, 24, 10, 0]",0.9889745712280273,1937,1997,2116,UCF,fbs,Big 12,9,"[0, 2, 7, 0]",0.011025428771972656,1528,1468,1.763929168874903,,,
401834159,2025,12,regular,2025-11-15T21:00:00.000Z,False,True,False,True,,6106,Ted Runner Stadium,29,Redlands,iii,So. Cal.,0,"[0, 0, 0, 0]",,,,2923,Pomona Pitzer,iii,So. Cal.,12,"[0, 12, 0, 0]",,,,,,,
401777152,2025,12,regular,2025-11-15T21:00:00.000Z,False,True,False,True,,5119,Maxwell Field,203,Linfield,iii,Northwest,65,"[24, 7, 20, 14]",,,,2930,Willamette,iii,Northwest,19,"[0, 13, 0, 6]",,,,,,,
401834160,2025,12,regular,2025-11-15T21:00:00.000Z,False,True,False,False,,6217,W.C. Hawkins Stadium,2019,Allen,ii,SIAC,42,[],,,,101784,Erskine,ii,Carolinas,24,[],,,,,,,
401834155,2025,12,regular,2025-11-15T21:00:00.000Z,False,True,True,False,,3984,War Memorial Stadium,418,Hendrix,iii,Southern Athletic,55,"[20, 7, 14, 14]",,,,101161,Lyon,iii,Southern Collegiate Athletic,28,"[0, 14, 7, 7]",,,,,,,
401773381,2025,12,regular,2025-11-15T21:00:00.000Z,False,True,False,True,,4763,Ranger Field,2823,Northwestern (OK),ii,Great American,3,"[0, 3, 0, 0]",,,,2927,Southwestern Oklahoma State,ii,Great American,45,"[14, 10, 14, 7]",,,,,,,
401834157,2025,12,regular,2025-11-15T21:00:00.000Z,False,True,False,True,,5819,Ernie Chapman Stadium,411,Chapman,iii,So. Cal.,27,"[0, 14, 7, 6]",,,,2094,Cal Lutheran,iii,So. Cal.,17,"[7, 10, 0, 0]",,,,,,,
401777146,2025,12,regular,2025-11-15T21:00:00.000Z,False,True,False,True,,6102,Sparks Stadium,2486,Pacific Lutheran,iii,Northwest,55,"[14, 21, 6, 14]",,,,415,George Fox,iii,Northwest,21,"[7, 7, 0, 7]",,,,,,,
401762509,2025,12,regular,2025-11-15T21:00:00.000Z,False,True,False,True,30000,4729,Yulman Stadium,2655,Tulane,fbs,American Athletic,35,"[7, 14, 7, 7]",0.9391095042228699,1545,1543,2226,Florida Atlantic,fbs,American Athletic,24,"[3, 7, 0, 14]",0.06089049577713013,1247,1249,3.833262636519825,,,
401767067,2025,12,regular,2025-11-15T21:00:00.000Z,False,True,False,True,4300,3906,Roos Field,331,Eastern Washington,fcs,Big Sky,27,"[3, 17, 7, 0]",0.91567462682724,,,2458,Northern Colorado,fcs,Big Sky,7,"[0, 7, 0, 0]",0.08432537317276001,,,3.4692727184331926,,,
401767078,2025,12,regular,2025-11-15T21:00:00.000Z,False,True,False,True,7472,2023,Walkup Skydome,2464,Northern Arizona,fcs,Big Sky,35,"[7, 15, 10, 3]",0.9301676154136658,,,13,Cal Poly,fcs,Big Sky,27,"[7, 10, 3, 7]",0.06983238458633423,,,3.952556662745506,,,
401762508,2025,12,regular,2025-11-15T21:00:00.000Z,False,True,False,True,37348,3699,Dowdy-Ficklen Stadium,151,East Carolina,fbs,American Athletic,31,"[7, 3, 14, 7]",0.8798407912254333,1599,1604,235,Memphis,fbs,American Athletic,27,"[0, 17, 7, 3]",0.12015920877456665,1665,1660,8.044532885223424,,,
401834158,2025,12,regular,2025-11-15T21:00:00.000Z,False,True,False,True,,5821,Fritz B. Burns Stadium,17,Claremont Mudd Scripps,iii,So. Cal.,5,"[0, 0, 3, 2]",,,,2318,La Verne,iii,So. Cal.,0,"[0, 0, 0, 0]",,,,,,,
401773422,2025,12,regular,2025-11-15T21:00:00.000Z,False,True,False,True,,6047,Leemon Field,2816,McKendree,ii,Great Lakes,13,"[3, 0, 7, 3]",,,,2654,Truman State,ii,Great Lakes,45,"[7, 21, 10, 7]",,,,,,,
401777158,2025,12,regular,2025-11-15T21:00:00.000Z,False,True,False,True,,6153,Hanson Stadium,205,Pacific (OR),iii,Northwest,21,"[7, 0, 0, 14]",,,,2333,Lewis & Clark,iii,Northwest,28,"[7, 14, 7, 0]",,,,,,,
401767600,2025,12,regular,2025-11-15T21:00:00.000Z,False,True,False,True,1013,716,Torero Stadium,301,San Diego,fcs,Pioneer,29,"[0, 3, 3, 23]",0.9930367469787598,,,2086,Butler,fcs,Pioneer,7,"[0, 0, 7, 0]",0.006963253021240234,,,4.521970632573069,,,
401767519,2025,12,regular,2025-11-15T21:00:00.000Z,False,True,False,True,7046,3779,Manning Field at John L. Guidry Stadium,2447,Nicholls,fcs,Southland,26,"[12, 7, 0, 7]",0.7396173477172852,,,2466,Northwestern State,fcs,Southland,21,"[7, 14, 0, 0]",0.26038265228271484,,,6.761069274570553,,,
401773592,2025,12,regular,2025-11-15T21:05:00.000Z,False,True,False,True,,5783,McArthur Field,2848,Western Oregon,ii,Lone Star,17,"[0, 14, 3, 0]",,,,2120,Central Washington,ii,Lone Star,19,"[0, 0, 3, 16]",,,,,,,
401752771,2025,12,regular,2025-11-15T21:15:00.000Z,False,True,False,False,101915,3853,Neyland Stadium,2633,Tennessee,fbs,SEC,42,"[14, 7, 21, 0]",0.9741840958595276,1814,1834,166,New Mexico State,fbs,Conference USA,9,"[0, 3, 0, 6]",0.025815904140472412,1201,1181,3.093171763725749,,,
401754596,2025,12,regular,2025-11-15T21:30:00.000Z,False,True,False,True,32390,3630,Allegacy Federal Credit Union Stadium,154,Wake Forest,fbs,ACC,28,"[7, 7, 7, 7]",0.9570199847221375,1412,1444,153,North Carolina,fbs,ACC,12,"[0, 6, 3, 3]",0.04298001527786255,1393,1361,2.6545877239771705,,,
401773544,2025,12,regular,2025-11-15T22:00:00.000Z,False,True,False,True,,5884,Buffalo Stadium,2704,West Texas,ii,Lone Star,45,"[7, 10, 14, 14]",,,,2025,Angelo State,ii,Lone Star,44,"[13, 14, 10, 7]",,,,,,,
401767103,2025,12,regular,2025-11-15T22:00:00.000Z,False,True,False,True,9075,4765,Hillsboro Stadium,2502,Portland State,fcs,Big Sky,17,"[7, 3, 0, 7]",0.009134246967732906,,,149,Montana,fcs,Big Sky,63,"[14, 7, 21, 21]",0.9908657530322671,,,4.07092595280475,,,
401767488,2025,12,regular,2025-11-15T22:00:00.000Z,False,True,False,True,1025,3756,Homer Bryce Stadium,2617,Stephen F. Austin,fcs,Southland,26,"[10, 3, 10, 3]",1,,,2320,Lamar,fcs,Southland,15,"[0, 7, 0, 8]",0,,,3.5575147157334635,,,
401767366,2025,12,regular,2025-11-15T22:00:00.000Z,False,True,False,True,,3896,Rice-Totten Field,2400,Mississippi Valley State,fcs,SWAC,3,"[0, 0, 0, 3]",,,,2011,Alabama State,fcs,SWAC,41,"[6, 7, 28, 0]",,,,,,,
401767466,2025,12,regular,2025-11-15T22:00:00.000Z,False,True,False,True,2923,4762,Memorial Stadium (Commerce TX),2837,East Texas A&M,fcs,Southland,37,"[7, 7, 9, 14]",0.8426684141159058,,,2277,Houston Christian,fcs,Southland,32,"[6, 6, 0, 20]",0.15733158588409424,,,5.951150389672307,,,
401757301,2025,12,regular,2025-11-15T22:00:00.000Z,False,True,False,True,14167,2031,Pitbull Stadium,2229,Florida International,fbs,Conference USA,34,"[7, 10, 7, 3, 7]",0.978489339351654,1306,1326,2335,Liberty,fbs,Conference USA,27,"[7, 14, 0, 6, 0]",0.021510660648345947,1488,1468,8.87308010242118,,,
401767087,2025,12,regular,2025-11-15T23:00:00.000Z,False,True,False,True,7367,1930,Holt Arena,304,Idaho State,fcs,Big Sky,31,"[7, 14, 10, 0]",0.9730224013328552,,,2692,Weber State,fcs,Big Sky,3,"[0, 0, 0, 3]",0.026977598667144775,,,1.9896092913796621,,,
401761650,2025,12,regular,2025-11-15T23:00:00.000Z,False,True,False,True,22738,3608,Allen E. Paulson Stadium,290,Georgia Southern,fbs,Sun Belt,45,"[21, 14, 7, 3]",0.7108765840530396,1314,1319,324,Coastal Carolina,fbs,Sun Belt,40,"[17, 10, 6, 7]",0.28912341594696045,1318,1313,5.9853896742129855,,,
401834161,2025,12,regular,2025-11-15T23:00:00.000Z,False,True,False,True,,7075,Electric Supply Company Field,122666,Barton,ii,Carolinas,6,"[0, 6, 0, 0]",,,,2804,Chowan,ii,Carolinas,20,"[3, 0, 7, 10]",,,,,,,
401757300,2025,12,regular,2025-11-16T00:00:00.000Z,False,True,True,True,3713,3631,BBVA Compass Stadium,2534,Sam Houston,fbs,Conference USA,26,"[0, 10, 13, 3]",0.43213343620300293,1072,1094,48,Delaware,fbs,Conference USA,23,"[7, 3, 0, 13]",0.5678665637969971,1386,1364,5.566780703373763,,,
401756949,2025,12,regular,2025-11-16T00:00:00.000Z,False,True,False,True,38186,4727,McLane Stadium,239,Baylor,fbs,Big 12,28,"[0, 17, 3, 8]",0.003974195569753647,1621,1585,254,Utah,fbs,Big 12,55,"[14, 14, 7, 20]",0.9960258044302464,1941,1977,4.191336628760744,,,
401767495,2025,12,regular,2025-11-16T00:00:00.000Z,False,True,False,False,9929,3686,Cowboy Stadium,2377,McNeese,fcs,Southland,13,"[10, 0, 3, 0]",0.0952780693769455,,,292,UT Rio Grande Valley,fcs,Southland,28,"[0, 14, 0, 14]",0.9047219306230545,,,4.583199450992533,,,
401760414,2025,12,regular,2025-11-16T00:00:00.000Z,False,True,False,True,31682,6501,Allegiant Stadium,2439,UNLV,fbs,Mountain West,29,"[3, 7, 7, 6, 6]",0.6228246688842773,1605,1604,328,Utah State,fbs,Mountain West,26,"[6, 7, 3, 7, 3]",0.37717533111572266,1422,1423,9.426998464317936,,,
401767290,2025,12,regular,2025-11-16T00:00:00.000Z,False,True,False,True,21067,3827,"Memorial Stadium (Stephenville, TX)",2627,Tarleton State,fcs,UAC,61,"[21, 19, 7, 14]",0.9978157877922058,,,2453,North Alabama,fcs,UAC,0,"[0, 0, 0, 0]",0.0021842122077941895,,,2.590793504228044,,,
401752902,2025,12,regular,2025-11-16T00:00:00.000Z,False,True,False,True,67229,3765,Husky Stadium,264,Washington,fbs,Big Ten,49,"[7, 21, 14, 7]",0.8683210611343384,1699,1754,2509,Purdue,fbs,Big Ten,13,"[0, 0, 3, 10]",0.13167893886566162,1331,1276,2.9709339959202525,,,
401752769,2025,12,regular,2025-11-16T00:00:00.000Z,False,True,False,True,68138,3974,Vaught-Hemingway Stadium,145,Ole Miss,fbs,SEC,34,"[10, 10, 0, 14]",0.9857250452041626,1969,1959,57,Florida,fbs,SEC,24,"[7, 17, 0, 0]",0.014274954795837402,1555,1565,6.26444436261108,,,
401752900,2025,12,regular,2025-11-16T00:30:00.000Z,False,True,False,True,104168,3861,Ohio Stadium,194,Ohio State,fbs,Big Ten,48,"[10, 17, 14, 7]",0.9827536344528198,2125,2145,26,UCLA,fbs,Big Ten,10,"[0, 0, 7, 3]",0.017246365547180176,1381,1361,2.1221468871556866,,,
401752766,2025,12,regular,2025-11-16T00:30:00.000Z,False,True,False,True,93033,3917,Sanford Stadium,61,Georgia,fbs,SEC,35,"[7, 7, 0, 21]",0.9910233020782471,2018,2070,251,Texas,fbs,SEC,10,"[3, 0, 7, 0]",0.00897669792175293,1924,1872,3.2577676387805257,,,
401754594,2025,12,regular,2025-11-16T00:30:00.000Z,False,True,False,True,64937,3697,Doak Campbell Stadium,52,Florida State,fbs,ACC,34,"[0, 10, 14, 10]",0.9910560250282288,1609,1638,259,Virginia Tech,fbs,ACC,14,"[0, 7, 0, 7]",0.00894397497177124,1431,1402,4.261559656791791,,,
401752770,2025,12,regular,2025-11-16T00:45:00.000Z,False,True,False,True,57321,3838,Memorial Stadium,142,Missouri,fbs,SEC,49,"[14, 7, 14, 14]",1,1734,1765,344,Mississippi State,fbs,SEC,27,"[10, 0, 14, 3]",0,1523,1492,4.870050241990691,,,
401757302,2025,12,regular,2025-11-16T01:00:00.000Z,False,True,False,True,24166,3662,AmFirst Stadium,55,Jacksonville State,fbs,Conference USA,35,"[7, 15, 3, 10]",0.9238912463188171,1512,1518,338,Kennesaw State,fbs,Conference USA,26,"[7, 3, 3, 13]",0.07610875368118286,1381,1375,6.147150019104686,,,
401773578,2025,12,regular,2025-11-16T01:00:00.000Z,False,True,False,True,,5917,Ratliff Stadium,110243,UT Permian Basin,ii,Lone Star,74,"[16, 16, 14, 28]",,,,2834,Sul Ross State,ii,Lone Star,10,"[7, 3, 0, 0]",,,,,,,
401767296,2025,12,regular,2025-11-16T01:30:00.000Z,False,True,False,True,3257,3706,Eccles Coliseum,253,Southern Utah,fcs,UAC,28,"[0, 14, 14, 0]",0.9865765571594238,,,2110,Central Arkansas,fcs,UAC,21,"[7, 7, 7, 0]",0.013423442840576172,,,5.2571507832932,,,
401834156,2025,12,regular,2025-11-16T02:00:00.000Z,False,True,True,True,,3984,War Memorial Stadium,2639,Texas Lutheran,iii,Southern Collegiate Athletic,19,"[7, 6, 0, 6]",,,,241,McMurry,iii,Southern Collegiate Athletic,27,"[7, 0, 0, 20]",,,,,,,
401767096,2025,12,regular,2025-11-16T02:00:00.000Z,False,True,False,True,15467,3757,Hornet Stadium,16,Sacramento State,fcs,Big Sky,23,"[3, 3, 10, 7]",0.5983783006668091,,,70,Idaho,fcs,Big Sky,20,"[0, 3, 3, 14]",0.4016216993331909,,,6.3415522321277145,,,
401752953,2025,12,regular,2025-11-16T03:00:00.000Z,False,True,False,False,21186,3820,Gesa Field,265,Washington State,fbs,Pac-12,28,"[7, 7, 0, 14]",0.9945715665817261,1434,1500,2348,Louisiana Tech,fbs,Conference USA,3,"[0, 3, 0, 0]",0.005428433418273926,1462,1396,2.1283890571792554,,,
401756950,2025,12,regular,2025-11-16T03:15:00.000Z,False,True,False,True,64447,3801,LaVell Edwards Stadium,252,BYU,fbs,Big 12,44,"[10, 17, 3, 14]",0.9717991948127747,1688,1772,2628,TCU,fbs,Big 12,13,"[0, 10, 3, 0]",0.028200805187225342,1689,1605,3.8991089407763098,,,
401760412,2025,12,regular,2025-11-16T03:30:00.000Z,False,True,False,True,35076,3660,Valley Children's Stadium,278,Fresno State,fbs,Mountain West,24,"[7, 3, 0, 14]",0.924098014831543,1468,1510,2751,Wyoming,fbs,Mountain West,3,"[3, 0, 0, 0]",0.07590198516845703,1390,1348,4.026001542428445,,,
401760410,2025,12,regular,2025-11-16T03:30:00.000Z,False,True,False,True,29201,7311,Snapdragon Stadium,21,San Diego State,fbs,Mountain West,17,"[0, 14, 0, 3]",0.5283172726631165,1480,1507,68,Boise State,fbs,Mountain West,7,"[0, 7, 0, 0]",0.47168272733688354,1616,1589,4.49702102683922,,,
401767111,2025,12,regular,2025-11-16T03:30:00.000Z,False,True,False,True,21777,3643,Bobcat Stadium,147,Montana State,fcs,Big Sky,38,"[0, 14, 10, 14]",1,,,302,UC Davis,fcs,Big Sky,17,"[7, 0, 0, 10]",0,,,4.417399025164598,,,
401762864,2025,13,regular,2025-11-19T00:00:00.000Z,False,True,False,True,4734,3764,Huskie Stadium,2459,Northern Illinois,fbs,Mid-American,19,"[10, 3, 0, 6]",0.079474538564682,1289,1260,2711,Western Michigan,fbs,Mid-American,35,"[0, 14, 7, 14]",0.920525461435318,1378,1407,3.4626707730844215,,,
401762862,2025,13,regular,2025-11-19T00:00:00.000Z,False,True,False,True,9867,3700,Doyt L. Perry Stadium,189,Bowling Green,fbs,Mid-American,16,"[3, 3, 7, 3]",0.9237462878227234,1244,1230,2006,Akron,fbs,Mid-American,19,"[3, 3, 10, 3]",0.07625371217727661,1087,1101,7.499807813687292,,,
401762863,2025,13,regular,2025-11-19T00:00:00.000Z,False,True,False,True,12438,3876,Peden Stadium,195,Ohio,fbs,Mid-American,42,"[7, 14, 7, 14]",1,1585,1572,113,Massachusetts,fbs,Mid-American,14,"[7, 0, 7, 0]",0,735,748,3.811770717209375,,,
401762865,2025,13,regular,2025-11-20T00:00:00.000Z,False,True,False,True,15246,3965,UB Stadium,2084,Buffalo,fbs,Mid-American,20,"[3, 7, 10, 0]",0.007529230788350105,1318,1288,193,Miami (OH),fbs,Mid-American,37,"[0, 17, 14, 6]",0.9924707692116499,1421,1451,5.921445750564814,,,
401762866,2025,13,regular,2025-11-20T00:00:00.000Z,False,True,False,True,8112,3696,Dix Stadium,2309,Kent State,fbs,Mid-American,16,"[0, 3, 0, 13]",0,972,974,2117,Central Michigan,fbs,Mid-American,28,"[7, 7, 0, 14]",1,1293,1291,4.460429434556407,,,
401767520,2025,13,regular,2025-11-21T00:00:00.000Z,False,True,False,True,6346,3944,Strawberry Stadium,2545,SE Louisiana,fcs,Southland,38,"[7, 24, 0, 7]",0.9593951106071472,,,2447,Nicholls,fcs,Southland,26,"[7, 14, 2, 3]",0.04060488939285278,,,4.951925726438601,,,
401761655,2025,13,regular,2025-11-21T00:30:00.000Z,False,True,False,True,13571,3625,Centennial Bank Stadium,2032,Arkansas State,fbs,Sun Belt,30,"[10, 17, 0, 3]",0.08058846741914749,1306,1302,309,Louisiana,fbs,Sun Belt,34,"[7, 17, 7, 3]",0.9194115325808525,1350,1354,8.711359626652017,,,
401767522,2025,13,regular,2025-11-21T00:30:00.000Z,False,True,False,True,4285,3963,Harry Turpin Stadium,2466,Northwestern State,fcs,Southland,14,"[0, 0, 7, 7]",0.008678548969328403,,,2617,Stephen F. Austin,fcs,Southland,62,"[20, 28, 7, 7]",0.9913214510306716,,,2.5448395001121735,,,
401835275,2025,13,regular,2025-11-21T22:00:00.000Z,False,True,False,False,,5830,Walter M. Katz Field,40,Curry,iii,Commonwealth Coast,24,"[7, 3, 6, 8]",,,,2383,Merchant Marine,iii,NEWMAC,27,"[6, 15, 0, 6]",,,,,,,
401754598,2025,13,regular,2025-11-22T01:00:00.000Z,False,True,False,True,56919,3670,Carter-Finley Stadium,152,NC State,fbs,ACC,21,"[7, 0, 7, 7]",0.7871336936950684,1449,1481,52,Florida State,fbs,ACC,11,"[0, 3, 0, 8]",0.21286630630493164,1638,1606,3.841445585044678,,,
401760418,2025,13,regular,2025-11-22T03:30:00.000Z,False,True,False,True,37106,6501,Allegiant Stadium,2439,UNLV,fbs,Mountain West,38,"[10, 14, 0, 14]",0.9910309910774231,1604,1663,62,Hawai'i,fbs,Mountain West,10,"[7, 3, 0, 0]",0.008969008922576904,1480,1421,2.9495696451302114,,,
401752778,2025,13,regular,2025-11-22T17:00:00.000Z,False,True,False,True,83541,3835,"Memorial Stadium (Norman, OK)",201,Oklahoma,fbs,SEC,17,"[0, 14, 3, 0]",0.5415191054344177,1807,1824,142,Missouri,fbs,SEC,6,"[3, 3, 0, 0]",0.4584808945655823,1765,1748,2.897279975694421,,,
401767678,2025,13,regular,2025-11-22T17:00:00.000Z,False,True,False,True,1463,3656,Brown Stadium,225,Brown,fcs,Ivy,35,"[7, 14, 0, 14]",0.48753711581230164,,,159,Dartmouth,fcs,Ivy,28,"[7, 14, 7, 0]",0.5124628841876984,,,7.224670533983183,,,
401752781,2025,13,regular,2025-11-22T17:00:00.000Z,False,True,False,False,104877,3795,Kyle Field,245,Texas A&M,fbs,SEC,48,"[21, 10, 7, 10]",0.9767223000526428,1896,1896,2535,Samford,fcs,Southern,0,"[0, 0, 0, 0]",0.023277699947357178,,,2.1226393455024506,,,
401835280,2025,13,regular,2025-11-22T17:00:00.000Z,False,True,True,False,,4134,Salem Stadium,2354,Lycoming,iii,Landmark Conference,12,"[0, 6, 0, 6]",,,,2688,Washington and Lee,iii,Old Dominion,14,"[7, 7, 0, 0]",,,,,,,
401767403,2025,13,regular,2025-11-22T17:00:00.000Z,False,True,False,True,,3762,Hughes Stadium,2415,Morgan State,fcs,MEAC,14,"[0, 7, 7, 0]",0.31585192680358887,,,2428,North Carolina Central,fcs,MEAC,33,"[10, 3, 14, 6]",0.6841480731964111,,,4.6942217777944855,,,
401835277,2025,13,regular,2025-11-22T17:00:00.000Z,False,True,False,False,,6120,Growney Stadium,374,St. John Fisher,iii,Empire 8,24,"[0, 17, 0, 7]",,,,2528,Rensselaer,iii,Liberty League,35,"[7, 7, 14, 7]",,,,,,,
401835278,2025,13,regular,2025-11-22T17:00:00.000Z,False,True,False,False,,5814,Gesling Stadium,2102,Carnegie Mellon,iii,Presidents',24,"[7, 0, 14, 3]",,,,2969,Misericordia,iii,Mid Atlantic,17,"[0, 14, 3, 0]",,,,,,,
401767139,2025,13,regular,2025-11-22T17:00:00.000Z,False,True,False,True,3027,3788,Kenneth P. LaValle Stadium,2619,Stony Brook,fcs,Coastal Athletic,35,"[7, 14, 3, 11]",0.6075999736785889,,,2803,Bryant,fcs,Coastal Athletic,28,"[7, 14, 0, 7]",0.39240002632141113,,,6.032385656792327,,,
401754603,2025,13,regular,2025-11-22T17:00:00.000Z,False,True,False,True,65632,3799,Lane Stadium,259,Virginia Tech,fbs,ACC,17,"[3, 0, 7, 7]",0.10033447295427322,1402,1409,2390,Miami,fbs,ACC,34,"[7, 13, 7, 7]",0.8996655270457268,1914,1907,3.9113358309470994,,,
401754602,2025,13,regular,2025-11-22T17:00:00.000Z,False,True,False,True,32713,3735,Gerald J. Ford Stadium,2567,SMU,fbs,ACC,38,"[7, 14, 3, 14]",0.9910668134689331,1782,1860,97,Louisville,fbs,ACC,6,"[3, 3, 0, 0]",0.008933186531066895,1709,1631,2.7831767138391252,,,
401767749,2025,13,regular,2025-11-22T17:00:00.000Z,False,True,False,True,2015,3624,Arute Field,2115,Central Connecticut,fcs,NEC,35,"[14, 7, 7, 7]",0.9513177275657654,,,2385,Mercyhurst,fcs,NEC,28,"[14, 7, 7, 0]",0.04868227243423462,,,6.513668076409264,,,
401835281,2025,13,regular,2025-11-22T17:00:00.000Z,False,True,False,False,,6126,Bob Boozer Field,2781,Brockport,iii,Empire 8,46,"[7, 25, 14, 0]",,,,2242,Geneva,iii,Presidents',10,"[3, 0, 0, 7]",,,,,,,
401756958,2025,13,regular,2025-11-22T17:00:00.000Z,False,True,False,True,58275,3772,Jack Trice Stadium,66,Iowa State,fbs,Big 12,38,"[7, 10, 14, 7]",0.9831984639167786,1600,1655,2305,Kansas,fbs,Big 12,14,"[0, 0, 14, 0]",0.016801536083221436,1554,1499,2.3348587288675406,,,
401835276,2025,13,regular,2025-11-22T17:00:00.000Z,False,True,False,False,,5833,Robert A. Lipinski Field at James Work Memorial Stadium,2808,Delaware Valley,iii,Mid Atlantic,14,"[0, 0, 7, 7]",,,,2175,Dickinson,iii,Centennial,13,"[3, 7, 3, 0]",,,,,,,
401752912,2025,13,regular,2025-11-22T17:00:00.000Z,False,True,False,True,,3861,Ohio Stadium,194,Ohio State,fbs,Big Ten,42,"[7, 7, 14, 14]",0.9874398112297058,2145,2158,164,Rutgers,fbs,Big Ten,9,"[0, 3, 0, 6]",0.01256018877029419,1458,1445,2.7969731671438556,,,
401752909,2025,13,regular,2025-11-22T17:00:00.000Z,False,True,True,True,15323,4250,Wrigley Field,77,Northwestern,fbs,Big Ten,38,"[10, 3, 15, 10]",0.8243551254272461,1526,1531,135,Minnesota,fbs,Big Ten,35,"[0, 21, 7, 7]",0.1756448745727539,1496,1491,7.305459827041887,,,
401767708,2025,13,regular,2025-11-22T17:00:00.000Z,False,True,False,True,52497,3997,Yale Bowl,43,Yale,fcs,Ivy,45,"[10, 21, 7, 7]",1,,,108,Harvard,fcs,Ivy,28,"[0, 14, 6, 8]",0,,,2.8999302666810483,,,
401762512,2025,13,regular,2025-11-22T17:00:00.000Z,False,True,False,True,28705,3841,Michie Stadium,349,Army,fbs,American Athletic,25,"[7, 15, 3, 0]",0.1100132092833519,1529,1504,202,Tulsa,fbs,American Athletic,26,"[7, 7, 0, 12]",0.8899867907166481,1094,1119,6.910777336301107,,,
401767264,2025,13,regular,2025-11-22T17:00:00.000Z,False,True,False,True,,5389,Kessler Stadium,2405,Monmouth,fcs,Coastal Athletic,24,"[3, 0, 6, 15]",0.5581846833229065,,,399,UAlbany,fcs,Coastal Athletic,31,"[7, 14, 10, 0]",0.4418153166770935,,,3.6053508342117273,,,
401767591,2025,13,regular,2025-11-22T17:00:00.000Z,False,True,False,True,3588,3597,Alumni Memorial Field,2678,VMI,fcs,Southern,6,"[0, 3, 3, 0]",0.0061354124918580055,,,2717,Western Carolina,fcs,Southern,48,"[10, 14, 10, 14]",0.993864587508142,,,2.7772838253833068,,,
401767761,2025,13,regular,2025-11-22T17:00:00.000Z,False,True,False,True,,6043,Bethpage Federal Credit Union Stadium,2341,Long Island University,fcs,NEC,24,"[7, 0, 7, 10]",0.9391655921936035,,,2681,Wagner,fcs,NEC,17,"[7, 0, 10, 0]",0.060834407806396484,,,5.064636430845874,,,
401835279,2025,13,regular,2025-11-22T17:00:00.000Z,False,True,True,False,,5913,Warrior Field at Raabe Stadium,2286,Illinois College,iii,Midwest,14,"[0, 6, 0, 8]",,,,2044,Aurora,iii,NACC,49,"[7, 19, 3, 20]",,,,,,,
401754606,2025,13,regular,2025-11-22T17:00:00.000Z,False,True,False,False,26950,3630,Allegacy Federal Credit Union Stadium,154,Wake Forest,fbs,ACC,52,"[15, 20, 14, 3]",0.9898605346679688,1444,1542,48,Delaware,fbs,Conference USA,14,"[0, 7, 0, 7]",0.01013946533203125,1364,1266,2.450358623240805,,,
401767718,2025,13,regular,2025-11-22T17:00:00.000Z,False,True,False,False,1964,6048,Duane Stadium,2771,Merrimack,fcs,FCS Independents,27,"[3, 10, 0, 14]",0.3533968925476074,,,2230,Fordham,fcs,Patriot,26,"[5, 14, 7, 0]",0.6466031074523926,,,6.597467049717461,,,
401767738,2025,13,regular,2025-11-22T17:30:00.000Z,False,True,False,True,13367,3721,Fisher Field,322,Lafayette,fcs,Patriot,32,"[7, 10, 7, 8]",0.022052161395549774,,,2329,Lehigh,fcs,Patriot,42,"[7, 7, 14, 14]",0.9779478386044502,,,5.822825630725006,,,
401752776,2025,13,regular,2025-11-22T17:45:00.000Z,False,True,False,False,93033,3917,Sanford Stadium,61,Georgia,fbs,SEC,35,"[14, 14, 7, 0]",0.9879599809646606,2070,2048,2429,Charlotte,fbs,American Athletic,3,"[0, 3, 0, 0]",0.012040019035339355,1013,1035,1.6983975885892353,,,
401767234,2025,13,regular,2025-11-22T18:00:00.000Z,False,True,False,True,6554,3962,Tucker Stadium,2635,Tennessee Tech,fcs,OVC-Big South,20,"[0, 3, 7, 10]",0.34673061966896057,,,2630,UT Martin,fcs,OVC-Big South,17,"[7, 3, 0, 7]",0.6532693803310394,,,5.2828107884012985,,,
401788996,2025,13,regular,2025-11-22T18:00:00.000Z,False,True,False,True,3093,3730,Franklin Field,219,Pennsylvania,fcs,Ivy,17,"[0, 7, 7, 3]",0.9339084029197693,,,163,Princeton,fcs,Ivy,6,"[3, 3, 0, 0]",0.06609159708023071,,,3.265150158151172,,,
401752954,2025,13,regular,2025-11-22T18:00:00.000Z,False,True,False,False,25156,3651,Bridgeforth Stadium,256,James Madison,fbs,Sun Belt,24,"[3, 7, 7, 7]",0.7625653147697449,1882,1874,265,Washington State,fbs,Pac-12,20,"[3, 14, 0, 3]",0.23743468523025513,1500,1508,5.595652422164998,,,
401767696,2025,13,regular,2025-11-22T18:00:00.000Z,False,True,False,True,3212,3921,Schoellkopf Field,172,Cornell,fcs,Ivy,12,"[3, 6, 0, 3]",0.016164505854249,,,171,Columbia,fcs,Ivy,29,"[7, 15, 0, 7]",0.983835494145751,,,3.670370703449218,,,
401767671,2025,13,regular,2025-11-22T18:00:00.000Z,False,True,False,True,1170,3617,Andy Kerr Stadium,2142,Colgate,fcs,Patriot,38,"[14, 10, 7, 7]",0.9502541422843933,,,2083,Bucknell,fcs,Patriot,19,"[0, 7, 0, 12]",0.04974585771560669,,,3.1043477307301566,,,
401767647,2025,13,regular,2025-11-22T18:00:00.000Z,False,True,False,True,1721,4416,Spec Martin Municipal Stadium,56,Stetson,fcs,Pioneer,8,"[0, 0, 8, 0]",0.006326966919004917,,,301,San Diego,fcs,Pioneer,42,"[7, 21, 0, 14]",0.9936730330809951,,,2.9913791781266377,,,
401767633,2025,13,regular,2025-11-22T18:00:00.000Z,False,True,False,True,2911,3627,Bailey Memorial Stadium,2506,Presbyterian,fcs,Pioneer,29,"[3, 10, 3, 13]",0.7849739193916321,,,2368,Marist,fcs,Pioneer,25,"[0, 0, 17, 8]",0.21502608060836792,,,6.644962030110861,,,
401767611,2025,13,regular,2025-11-22T18:00:00.000Z,False,True,False,True,2202,3897,Richardson Stadium,2166,Davidson,fcs,Pioneer,14,"[0, 0, 0, 14]",0,,,2168,Dayton,fcs,Pioneer,42,"[13, 0, 22, 7]",1,,,2.8333065466578033,,,
401767601,2025,13,regular,2025-11-22T18:00:00.000Z,False,True,False,True,1938,3664,Butler Bowl,2086,Butler,fcs,Pioneer,27,"[7, 20, 0, 0]",0.9289029240608215,,,2674,Valparaiso,fcs,Pioneer,20,"[7, 0, 0, 13]",0.07109707593917847,,,3.3049633054490166,,,
401767453,2025,13,regular,2025-11-22T18:00:00.000Z,False,True,False,True,2834,3829,Memorial Stadium,282,Indiana State,fcs,MVFC,17,"[7, 0, 3, 7]",0.5108984112739563,,,93,Murray State,fcs,MVFC,31,"[7, 10, 7, 7]",0.4891015887260437,,,5.461190773387353,,,
401767367,2025,13,regular,2025-11-22T18:00:00.000Z,False,True,False,True,19372,4582,Hornet Stadium,2011,Alabama State,fcs,SWAC,44,"[3, 13, 14, 14]",0.9406507015228271,,,2029,Arkansas-Pine Bluff,fcs,SWAC,13,"[7, 0, 6, 0]",0.05934929847717285,,,3.5835687367911495,,,
401835284,2025,13,regular,2025-11-22T18:00:00.000Z,False,True,False,False,,3889,Reinhart Field,2951,SUNY Maritime,iii,NEWMAC,14,"[0, 7, 0, 7]",,,,174,Hobart,iii,Liberty League,42,"[7, 14, 14, 7]",,,,,,,
401767770,2025,13,regular,2025-11-22T18:00:00.000Z,False,True,False,True,1287,6075,W.B. Mason Stadium,284,Stonehill,fcs,NEC,20,"[3, 17, 0, 0]",0.9766682982444763,,,2598,Saint Francis,fcs,NEC,10,"[7, 0, 0, 3]",0.02333170175552368,,,2.9251875272975045,,,
401767340,2025,13,regular,2025-11-22T18:00:00.000Z,False,True,False,True,10894,3998,Zable Stadium,2729,William & Mary,fcs,Coastal Athletic,21,"[7, 7, 0, 7]",0.06351703405380249,,,257,Richmond,fcs,Patriot,28,"[0, 0, 21, 7]",0.9364829659461975,,,4.816445130085369,,,
401767188,2025,13,regular,2025-11-22T18:00:00.000Z,False,True,False,True,4461,3824,Meade Stadium,227,Rhode Island,fcs,Coastal Athletic,38,"[21, 3, 7, 7]",0.9797360897064209,,,2261,Hampton,fcs,Coastal Athletic,10,"[0, 7, 3, 0]",0.0202639102935791,,,2.642992414049979,,,
401756954,2025,13,regular,2025-11-22T18:00:00.000Z,False,True,False,True,40199,3619,Arizona Stadium,12,Arizona,fbs,Big 12,41,"[7, 7, 7, 20]",0.9966047406196594,1592,1651,239,Baylor,fbs,Big 12,17,"[14, 3, 0, 0]",0.003395259380340576,1585,1526,5.473475061116716,,,
401761657,2025,13,regular,2025-11-22T18:00:00.000Z,False,True,False,True,19247,3608,Allen E. Paulson Stadium,290,Georgia Southern,fbs,Sun Belt,10,"[0, 0, 3, 7]",0.0013588489964604378,1319,1250,295,Old Dominion,fbs,Sun Belt,45,"[14, 17, 14, 0]",0.9986411510035396,1566,1635,3.476384076018411,,,
401835282,2025,13,regular,2025-11-22T18:00:00.000Z,False,True,False,False,,6136,Patterson Field,2667,Ursinus,iii,Centennial,31,"[0, 17, 0, 14]",,,,388,Lebanon Valley,iii,Mid Atlantic,13,"[10, 0, 3, 0]",,,,,,,
401767195,2025,13,regular,2025-11-22T18:00:00.000Z,False,True,False,True,6876,3688,Wildcat Stadium,160,New Hampshire,fcs,Coastal Athletic,33,"[3, 24, 0, 6]",0.7854151129722595,,,311,Maine,fcs,Coastal Athletic,27,"[0, 7, 7, 13]",0.21458488702774048,,,3.174227947046295,,,
401835283,2025,13,regular,2025-11-22T18:00:00.000Z,False,True,True,False,,3718,Tom Benson Hall of Fame Stadium,89,Wabash,iii,North Coast,32,"[17, 7, 0, 8]",,,,427,Ohio Northern,iii,Ohio,31,"[7, 14, 3, 7]",,,,,,,
401835285,2025,13,regular,2025-11-22T18:00:00.000Z,False,True,False,False,,3675,Charles A. Gaetano Stadium,390,Utica,iii,Empire 8,20,"[7, 0, 6, 7]",,,,2827,Rowan,iii,New Jersey,26,"[3, 16, 7, 0]",,,,,,,
401767148,2025,13,regular,2025-11-22T18:00:00.000Z,False,True,False,True,3914,3781,Johnny Unitas Stadium,119,Towson,fcs,Coastal Athletic,35,"[7, 14, 0, 14]",0.45053595304489136,,,2097,Campbell,fcs,Coastal Athletic,31,"[10, 7, 7, 7]",0.5494640469551086,,,6.175647743244033,,,
401767445,2025,13,regular,2025-11-22T18:00:00.000Z,False,True,False,True,6895,3744,Hancock Stadium,2287,Illinois State,fcs,MVFC,7,"[7, 0, 0, 0]",0.011314621195197105,,,79,Southern Illinois,fcs,MVFC,37,"[7, 10, 3, 17]",0.9886853788048029,,,3.4186666847187213,,,
401767349,2025,13,regular,2025-11-22T18:00:00.000Z,False,True,False,True,,3613,Alumni Stadium,2169,Delaware State,fcs,MEAC,17,"[3, 0, 7, 7]",0.1935591846704483,,,2569,South Carolina State,fcs,MEAC,28,"[7, 7, 7, 7]",0.8064408153295517,,,6.230830917590398,,,
401767625,2025,13,regular,2025-11-22T18:00:00.000Z,False,True,False,True,2267,3701,Drake Stadium,2181,Drake,fcs,Pioneer,17,"[0, 3, 0, 14]",0.40546876192092896,,,2413,Morehead State,fcs,Pioneer,10,"[7, 0, 0, 3]",0.594531238079071,,,5.641553702845195,,,
401767338,2025,13,regular,2025-11-22T18:00:00.000Z,False,True,False,False,4101,717,Villanova Stadium,222,Villanova,fcs,Coastal Athletic,34,"[7, 14, 6, 7]",0.9585082530975342,,,2529,Sacred Heart,fcs,FCS Independents,10,"[3, 0, 0, 7]",0.04149174690246582,,,2.9174000722466586,,,
401767564,2025,13,regular,2025-11-22T18:00:00.000Z,False,True,False,True,9049,5400,William B. Greene Jr. Stadium,2193,East Tennessee State,fcs,Southern,28,"[14, 14, 0, 0]",0.8113652467727661,,,2643,The Citadel,fcs,Southern,26,"[7, 7, 3, 9]",0.1886347532272339,,,4.943845129303691,,,
401767557,2025,13,regular,2025-11-22T18:30:00.000Z,False,True,False,True,3091,3737,Gibbs Stadium,2747,Wofford,fcs,Southern,35,"[7, 14, 7, 7]",0.9250332713127136,,,236,Chattanooga,fcs,Southern,13,"[0, 13, 0, 0]",0.07496672868728638,,,2.7765297756674787,,,
401767208,2025,13,regular,2025-11-22T18:30:00.000Z,False,True,False,True,2769,3710,Ernest W. Spangler Stadium,2241,Gardner-Webb,fcs,OVC-Big South,24,"[3, 7, 8, 6]",0.6544675827026367,,,2710,Western Illinois,fcs,OVC-Big South,29,"[7, 7, 15, 0]",0.3455324172973633,,,7.000801848601578,,,
401767508,2025,13,regular,2025-11-22T19:00:00.000Z,False,True,False,True,11396,3605,Alerus Center,155,North Dakota,fcs,MVFC,31,"[14, 3, 3, 8, 3]",0.16576285660266876,,,2571,South Dakota State,fcs,MVFC,34,"[0, 7, 14, 7, 6]",0.8342371433973312,,,6.4482878765822,,,
401767125,2025,13,regular,2025-11-22T19:00:00.000Z,False,True,False,True,2902,3856,Nottingham Field,2458,Northern Colorado,fcs,Big Sky,24,"[0, 14, 7, 3]",0.9938457608222961,,,2502,Portland State,fcs,Big Sky,13,"[7, 0, 3, 3]",0.006154239177703857,,,4.5414031284627985,,,
401757306,2025,13,regular,2025-11-22T19:00:00.000Z,False,True,False,True,11040,4899,Fifth Third Stadium,338,Kennesaw State,fbs,Conference USA,41,"[14, 0, 13, 14]",0.9847188591957092,1375,1385,2623,Missouri State,fbs,Conference USA,34,"[3, 10, 14, 7]",0.015281140804290771,1376,1366,7.813154318575293,,,
401767756,2025,13,regular,2025-11-22T19:00:00.000Z,False,True,False,True,2716,3777,Joe Walton Stadium,2523,Robert Morris,fcs,NEC,17,"[0, 10, 0, 7]",0.31108105182647705,,,2184,Duquesne,fcs,NEC,20,"[7, 0, 7, 6]",0.688918948173523,,,6.751957475213676,,,
401762867,2025,13,regular,2025-11-22T19:00:00.000Z,False,True,False,True,15127,3739,Glass Bowl,2649,Toledo,fbs,Mid-American,38,"[14, 10, 7, 7]",0.9028341770172119,1630,1642,2050,Ball State,fbs,Mid-American,9,"[0, 3, 0, 6]",0.09716582298278809,1030,1018,3.2888520482880526,,,
401767215,2025,13,regular,2025-11-22T19:00:00.000Z,False,True,False,True,3463,7003,Houck Field,2546,Southeast Missouri State,fcs,OVC-Big South,13,"[0, 0, 6, 7]",0,,,2815,Lindenwood,fcs,OVC-Big South,30,"[7, 3, 6, 14]",1,,,3.0925449371192206,,,
401752773,2025,13,regular,2025-11-22T19:00:00.000Z,False,True,False,False,100077,3657,Bryant-Denny Stadium,333,Alabama,fbs,SEC,56,"[14, 14, 14, 14]",0.9778900146484375,1966,1966,2197,Eastern Illinois,fcs,OVC-Big South,0,"[0, 0, 0, 0]",0.0221099853515625,,,1.8684493598244252,,,
401760419,2025,13,regular,2025-11-22T19:00:00.000Z,False,True,False,True,25650,3984,War Memorial Stadium,2751,Wyoming,fbs,Mountain West,7,"[0, 0, 7, 0]",0.09894874691963196,1348,1333,2440,Nevada,fbs,Mountain West,13,"[0, 7, 3, 3]",0.901051253080368,1288,1303,4.960683280349936,,,
401752774,2025,13,regular,2025-11-22T19:00:00.000Z,False,True,False,False,88043,3785,Jordan-Hare Stadium,2,Auburn,fbs,SEC,62,"[14, 21, 14, 13]",0.9926486015319824,1660,1660,2382,Mercer,fcs,Southern,17,"[14, 3, 0, 0]",0.007351398468017578,,,3.9444936974494835,,,
401767291,2025,13,regular,2025-11-22T19:00:00.000Z,False,True,False,True,7632,4133,Braly Municipal Stadium,2453,North Alabama,fcs,UAC,34,"[14, 7, 0, 7, 6]",0.5038976073265076,,,253,Southern Utah,fcs,UAC,36,"[0, 14, 0, 14, 8]",0.49610239267349243,,,7.683041244160388,,,
401767178,2025,13,regular,2025-11-22T19:00:00.000Z,False,True,False,True,5077,3894,Rhodes Stadium,2210,Elon,fcs,Coastal Athletic,55,"[17, 17, 14, 7]",0.7959979772567749,,,2448,North Carolina A&T,fcs,Coastal Athletic,17,"[0, 10, 7, 0]",0.2040020227432251,,,2.944654455834679,,,
401767540,2025,13,regular,2025-11-22T19:00:00.000Z,False,True,False,True,7361,3967,UNI-Dome,2460,Northern Iowa,fcs,MVFC,32,"[3, 0, 15, 14]",0.37883567810058594,,,2754,Youngstown State,fcs,MVFC,35,"[14, 14, 7, 0]",0.6211643218994141,,,5.566173565494408,,,
401767104,2025,13,regular,2025-11-22T19:00:00.000Z,False,True,False,True,27340,3987,Washington-Grizzly Stadium,149,Montana,fcs,Big Sky,28,"[7, 7, 7, 7]",0.19606122374534607,,,147,Montana State,fcs,Big Sky,31,"[10, 7, 7, 7]",0.8039387762546539,,,5.480187502377182,,,
401767170,2025,13,regular,2025-11-22T19:00:00.000Z,False,True,False,True,3678,3658,Buccaneer Field,2127,Charleston Southern,fcs,OVC-Big South,7,"[0, 7, 0, 0]",0.69788658618927,,,2634,Tennessee State,fcs,OVC-Big South,6,"[0, 3, 3, 0]",0.30211341381073,,,4.660385827779588,,,
401761656,2025,13,regular,2025-11-22T19:30:00.000Z,False,True,False,True,31322,3792,Kidd Brewer Stadium,2026,App State,fbs,Sun Belt,26,"[3, 13, 7, 3]",0.3613669276237488,1248,1252,276,Marshall,fbs,Sun Belt,24,"[7, 14, 3, 0]",0.6386330723762512,1499,1495,6.875861158506466,,,
401762511,2025,13,regular,2025-11-22T20:00:00.000Z,False,True,False,True,16376,7221,Protective Stadium,5,UAB,fbs,American Athletic,18,"[10, 0, 0, 8]",0.004270639270544052,1197,1175,58,South Florida,fbs,American Athletic,48,"[7, 10, 17, 14]",0.995729360729456,1729,1751,4.383208136782565,,,
401767430,2025,13,regular,2025-11-22T20:00:00.000Z,False,True,False,True,4688,5238,Panther Stadium,2504,Prairie View A&M,fcs,SWAC,59,"[14, 21, 21, 3]",0.9959372282028198,,,2400,Mississippi Valley State,fcs,SWAC,6,"[0, 0, 6, 0]",0.004062771797180176,,,2.2629894060602687,,,
401767358,2025,13,regular,2025-11-22T20:00:00.000Z,False,True,False,True,6011,3631,BBVA Compass Stadium,2640,Texas Southern,fcs,SWAC,24,"[7, 14, 3, 0]",0.990042507648468,,,2010,Alabama A&M,fcs,SWAC,7,"[0, 7, 0, 0]",0.009957492351531982,,,2.8339084694074224,,,
401767118,2025,13,regular,2025-11-22T20:00:00.000Z,False,True,False,True,3149,3942,Stewart Stadium,2692,Weber State,fcs,Big Sky,48,"[14, 10, 10, 14]",0.989364504814148,,,2464,Northern Arizona,fcs,Big Sky,28,"[14, 7, 0, 7]",0.01063549518585205,,,4.07487250984436,,,
401767475,2025,13,regular,2025-11-22T20:00:00.000Z,False,True,False,True,1357,4424,Husky Stadium,2277,Houston Christian,fcs,Southland,10,"[7, 0, 3, 0]",0.049459151923656464,,,2916,Incarnate Word,fcs,Southland,31,"[14, 3, 7, 7]",0.9505408480763435,,,4.400129276076213,,,
401757308,2025,13,regular,2025-11-22T20:00:00.000Z,False,True,False,True,7605,3725,"Johnny ""Red"" Floyd Stadium",2393,Middle Tennessee,fbs,Conference USA,31,"[0, 10, 7, 14]",0.9829244017601013,1122,1148,2534,Sam Houston,fbs,Conference USA,17,"[10, 0, 0, 7]",0.01707559823989868,1094,1068,4.9297984961287264,,,
401757309,2025,13,regular,2025-11-22T20:00:00.000Z,False,True,False,True,16677,3946,Sun Bowl,2638,UTEP,fbs,Conference USA,31,"[21, 0, 3, 7]",0.4651758372783661,1215,1208,166,New Mexico State,fbs,Conference USA,34,"[0, 21, 3, 10]",0.5348241627216339,1181,1188,7.161423595259868,,,
401757307,2025,13,regular,2025-11-22T20:00:00.000Z,False,True,False,True,10107,3776,Joe Aillet Stadium,2348,Louisiana Tech,fbs,Conference USA,34,"[7, 0, 7, 14, 6]",0.8025693297386169,1396,1407,2335,Liberty,fbs,Conference USA,28,"[3, 10, 15, 0, 0]",0.19743067026138306,1468,1457,6.907620940462813,,,
401757175,2025,13,regular,2025-11-22T20:00:00.000Z,False,True,False,False,16306,3715,FAU Stadium,2226,Florida Atlantic,fbs,American Athletic,45,"[3, 14, 14, 14]",0.16220299899578094,1249,1263,41,UConn,fbs,FBS Independents,48,"[24, 3, 7, 14]",0.837797001004219,1568,1554,8.729593024822146,,,
401835286,2025,13,regular,2025-11-22T20:00:00.000Z,False,True,True,False,,11712,Bank of Sun Prairie Stadium,2744,Wisconsin Stout,iii,Wisconsin,31,"[0, 14, 10, 7]",,,,143,Washington St. Louis,iii,CCIW,23,"[10, 7, 0, 6]",,,,,,,
401752782,2025,13,regular,2025-11-22T20:30:00.000Z,False,True,False,True,35000,3973,FirstBank Stadium,238,Vanderbilt,fbs,SEC,45,"[3, 21, 21, 0]",0.9762735366821289,1770,1827,96,Kentucky,fbs,SEC,17,"[0, 3, 0, 14]",0.023726463317871094,1635,1578,2.2736201189045495,,,
401754604,2025,13,regular,2025-11-22T20:30:00.000Z,False,True,False,False,77622,3855,Notre Dame Stadium,87,Notre Dame,fbs,FBS Independents,70,"[35, 14, 7, 14]",0.9941574335098267,2189,2263,183,Syracuse,fbs,ACC,7,"[0, 0, 0, 7]",0.00584256649017334,1304,1230,2.3955991519822097,,,
401754600,2025,13,regular,2025-11-22T20:30:00.000Z,False,True,False,True,50500,3787,Kenan Stadium,153,North Carolina,fbs,ACC,25,"[7, 3, 8, 7]",0.566415548324585,1361,1364,150,Duke,fbs,ACC,32,"[7, 10, 7, 8]",0.43358445167541504,1576,1573,6.197711451448148,,,
401767397,2025,13,regular,2025-11-22T20:30:00.000Z,False,True,True,True,1968,6274,Audi Field,47,Howard,fcs,MEAC,44,"[0, 23, 14, 7]",0.9567587375640869,,,2450,Norfolk State,fcs,MEAC,15,"[7, 2, 6, 0]",0.043241262435913086,,,3.857709310617183,,,
401761658,2025,13,regular,2025-11-22T20:30:00.000Z,False,True,False,True,17601,6526,Hancock Whitney Stadium,6,South Alabama,fbs,Sun Belt,42,"[7, 14, 14, 7]",0.9967859983444214,1369,1375,2572,Southern Miss,fbs,Sun Belt,35,"[0, 7, 7, 21]",0.0032140016555786133,1303,1297,3.6297787310097807,,,
401752911,2025,13,regular,2025-11-22T20:30:00.000Z,False,True,False,True,59588,3626,Autzen Stadium,2483,Oregon,fbs,Big Ten,42,"[14, 14, 7, 7]",0.9446062445640564,2068,2086,30,USC,fbs,Big Ten,27,"[7, 7, 7, 6]",0.055393755435943604,1916,1898,4.245851997828762,,,
401752913,2025,13,regular,2025-11-22T20:30:00.000Z,False,True,False,True,69250,3793,Kinnick Stadium,2294,Iowa,fbs,Big Ten,20,"[7, 0, 0, 13]",0.5775558352470398,1907,1902,127,Michigan State,fbs,Big Ten,17,"[0, 3, 14, 0]",0.4224441647529602,1377,1382,4.969668955103442,,,
401752780,2025,13,regular,2025-11-22T20:30:00.000Z,False,True,False,True,102361,3910,DKR-Texas Memorial Stadium,251,Texas,fbs,SEC,52,"[14, 10, 21, 7]",1,1872,1880,8,Arkansas,fbs,SEC,37,"[6, 14, 3, 14]",0,1596,1588,4.624234501424844,,,
401762513,2025,13,regular,2025-11-22T20:30:00.000Z,False,True,False,True,18573,3604,Alamodome,2636,UTSA,fbs,American Athletic,58,"[14, 20, 10, 14]",0.9919071197509766,1472,1585,151,East Carolina,fbs,American Athletic,24,"[0, 3, 7, 14]",0.008092880249023438,1604,1491,2.4539570338017254,,,
401767394,2025,13,regular,2025-11-22T20:30:00.000Z,False,True,True,True,55528,4013,Camping World Stadium,50,Florida A&M,fcs,SWAC,34,"[3, 6, 7, 18]",,,,2065,Bethune-Cookman,fcs,SWAC,38,"[7, 17, 0, 14]",,,,,,Florida Classic,
401757305,2025,13,regular,2025-11-22T20:30:00.000Z,False,True,False,True,9504,2031,Pitbull Stadium,2229,Florida International,fbs,Conference USA,27,"[7, 0, 10, 10]",0.5822793245315552,1326,1343,55,Jacksonville State,fbs,Conference USA,21,"[7, 7, 7, 0]",0.4177206754684448,1518,1501,6.6929041617368945,,,
401767515,2025,13,regular,2025-11-22T20:30:00.000Z,False,True,False,False,15278,3714,Fargodome,2449,North Dakota State,fcs,MVFC,62,"[28, 17, 14, 3]",0.9922193288803101,,,2900,St. Thomas (MN),fcs,Pioneer,7,"[0, 0, 0, 7]",0.007780671119689941,,,1.972675351680223,,,
401767378,2025,13,regular,2025-11-22T20:30:00.000Z,False,True,False,True,44097,3976,Mississippi Veterans Memorial Stadium,2016,Alcorn State,fcs,SWAC,21,"[0, 7, 7, 7]",0.15768295526504517,,,2296,Jackson State,fcs,SWAC,27,"[17, 7, 0, 3]",0.8423170447349548,,,4.418319234599261,,,
401762515,2025,13,regular,2025-11-22T20:45:00.000Z,False,True,False,True,13366,3806,Lincoln Financial Field,218,Temple,fbs,American Athletic,13,"[7, 0, 0, 6]",0.013555897399783134,1266,1234,2655,Tulane,fbs,American Athletic,37,"[10, 10, 6, 11]",0.9864441026002169,1543,1575,3.574444017848902,,,
401756957,2025,13,regular,2025-11-22T21:00:00.000Z,False,True,False,True,30852,4728,TDECU Stadium,248,Houston,fbs,Big 12,14,"[0, 7, 7, 0]",0.811245858669281,1476,1479,2628,TCU,fbs,Big 12,17,"[14, 0, 0, 3]",0.188754141330719,1605,1602,6.5693837600173905,,,
401767725,2025,13,regular,2025-11-22T21:00:00.000Z,False,True,True,True,13674,4245,Fenway Park,107,Holy Cross,fcs,Patriot,42,"[7, 7, 7, 21]",0.7826017141342163,,,46,Georgetown,fcs,Patriot,7,"[0, 0, 7, 0]",0.2173982858657837,,,2.622005069542666,,,
401767284,2025,13,regular,2025-11-22T21:00:00.000Z,False,True,False,True,2757,3745,Greater Zion Stadium,3101,Utah Tech,fcs,UAC,10,"[7, 3, 0, 0]",0,,,2198,Eastern Kentucky,fcs,UAC,33,"[7, 7, 7, 12]",1,,,4.7803506361685955,,,
401767134,2025,13,regular,2025-11-22T21:00:00.000Z,False,True,False,True,14590,3602,Aggie Stadium,302,UC Davis,fcs,Big Sky,31,"[14, 3, 0, 14]",0.9499126076698303,,,16,Sacramento State,fcs,Big Sky,27,"[0, 14, 13, 0]",0.05008739233016968,,,6.262967761946036,,,
401767489,2025,13,regular,2025-11-22T21:00:00.000Z,False,True,False,True,13674,3882,Provost Umphrey Stadium,2320,Lamar,fcs,Southland,19,"[7, 0, 6, 6]",0.500745415687561,,,2377,McNeese,fcs,Southland,21,"[0, 7, 0, 14]",0.49925458431243896,,,5.811265893369248,,,
401752914,2025,13,regular,2025-11-22T21:00:00.000Z,False,True,False,True,46185,3665,SECU Stadium,120,Maryland,fbs,Big Ten,20,"[7, 3, 3, 7]",0.0021505476906895638,1440,1414,130,Michigan,fbs,Big Ten,45,"[7, 14, 14, 10]",0.9978494523093104,1799,1825,3.802841750717656,,,
401767088,2025,13,regular,2025-11-22T21:00:00.000Z,False,True,False,True,7428,3791,Kibbie Dome,70,Idaho,fcs,Big Sky,16,"[0, 0, 8, 8]",0,,,304,Idaho State,fcs,Big Sky,37,"[10, 17, 0, 10]",1,,,2.6714831056729453,,,
401756959,2025,13,regular,2025-11-22T21:00:00.000Z,False,True,False,True,41723,3652,FBC Mortgage Stadium,2116,UCF,fbs,Big 12,17,"[0, 0, 7, 10]",1,1468,1464,197,Oklahoma State,fbs,Big 12,14,"[7, 7, 0, 0]",0,1080,1084,5.068326629734767,,,
401756960,2025,13,regular,2025-11-22T21:00:00.000Z,False,True,False,True,51444,587,Rice-Eccles Stadium,254,Utah,fbs,Big 12,51,"[7, 14, 14, 16]",0.3485639989376068,1977,1971,2306,Kansas State,fbs,Big 12,47,"[7, 24, 7, 9]",0.6514360010623932,1674,1680,9.569045418832681,,,
401761660,2025,13,regular,2025-11-22T21:00:00.000Z,False,True,False,True,20243,3975,Veterans Memorial Stadium (AL),2653,Troy,fbs,Sun Belt,31,"[0, 10, 7, 14]",1,1359,1362,2247,Georgia State,fbs,Sun Belt,19,"[0, 6, 6, 7]",0,1107,1104,5.170579662993523,,,
401835287,2025,13,regular,2025-11-22T21:00:00.000Z,False,True,True,False,,4134,Salem Stadium,2828,Shenandoah,iii,Old Dominion,35,"[7, 14, 0, 14]",,,,398,Wilkes,iii,Landmark Conference,37,"[14, 10, 10, 3]",,,,,,,
401752779,2025,13,regular,2025-11-22T21:15:00.000Z,False,True,False,False,78452,3994,Williams-Brice Stadium,2579,South Carolina,fbs,SEC,51,"[20, 17, 7, 7]",0.9924185276031494,1645,1730,324,Coastal Carolina,fbs,Sun Belt,7,"[0, 0, 0, 7]",0.007581472396850586,1313,1228,2.592138507375151,,,
401754605,2025,13,regular,2025-11-22T21:30:00.000Z,False,True,False,False,78403,3836,"Memorial Stadium (Clemson, SC)",228,Clemson,fbs,ACC,45,"[17, 14, 0, 14]",0.9852207899093628,1727,1727,231,Furman,fcs,Southern,10,"[0, 3, 7, 0]",0.014779210090637207,,,2.322814556602823,,,
401767276,2025,13,regular,2025-11-22T22:00:00.000Z,False,True,False,True,18488,3827,"Memorial Stadium (Stephenville, TX)",2627,Tarleton State,fcs,UAC,45,"[7, 7, 14, 10, 7]",0.5713081955909729,,,2046,Austin Peay,fcs,UAC,44,"[21, 7, 7, 3, 6]",0.4286918044090271,,,9.359838329444907,,,
401767247,2025,13,regular,2025-11-22T22:00:00.000Z,False,True,False,True,4736,3711,Estes Stadium,2110,Central Arkansas,fcs,UAC,28,"[7, 14, 0, 7]",0.1091814935207367,,,2000,Abilene Christian,fcs,UAC,49,"[3, 10, 29, 7]",0.8908185064792633,,,4.223263782552031,,,
401767068,2025,13,regular,2025-11-22T22:00:00.000Z,False,True,False,True,6732,1027,Alex G. Spanos Stadium,13,Cal Poly,fcs,Big Sky,43,"[21, 6, 3, 13]",0.9194993376731873,,,331,Eastern Washington,fcs,Big Sky,34,"[14, 10, 10, 0]",0.08050066232681274,,,6.907845467840122,,,
401761659,2025,13,regular,2025-11-22T22:00:00.000Z,False,True,False,True,17078,3644,Bobcat Stadium (TX),326,Texas State,fbs,Sun Belt,31,"[0, 3, 14, 14]",0.9347583055496216,1542,1533,2433,UL Monroe,fbs,Sun Belt,14,"[0, 0, 7, 7]",0.06524169445037842,1004,1013,4.022895625475308,,,
401835288,2025,13,regular,2025-11-22T23:00:00.000Z,False,True,True,False,,3718,Tom Benson Hall of Fame Stadium,2849,Westminster (PA),iii,Presidents',40,"[14, 19, 7, 0]",,,,2419,Mount St Joseph,iii,Heartland,21,"[0, 14, 0, 7]",,,,,,,
401767467,2025,13,regular,2025-11-22T23:00:00.000Z,False,True,False,False,12320,6006,Robert and Janet Vackar Stadium,292,UT Rio Grande Valley,fcs,Southland,33,"[7, 13, 3, 10]",0.9619260430335999,,,2837,East Texas A&M,fcs,Southland,14,"[7, 0, 0, 7]",0.038073956966400146,,,2.931466370836133,,,
401760415,2025,13,regular,2025-11-23T00:00:00.000Z,False,True,False,True,20218,3713,Falcon Stadium,2005,Air Force,fbs,Mountain West,3,"[0, 0, 0, 3]",0.014711827971041203,1383,1350,167,New Mexico,fbs,Mountain West,20,"[7, 10, 0, 3]",0.9852881720289588,1458,1491,2.9671530551482315,,,
401754601,2025,13,regular,2025-11-23T00:00:00.000Z,False,True,False,True,52413,721,Bobby Dodd Stadium,59,Georgia Tech,fbs,ACC,28,"[0, 14, 0, 14]",0.03777078166604042,1599,1573,221,Pittsburgh,fbs,ACC,42,"[21, 7, 7, 7]",0.9622292183339596,1665,1691,4.477657732122358,,,
401752908,2025,13,regular,2025-11-23T00:00:00.000Z,False,True,False,True,105038,3632,Beaver Stadium,213,Penn State,fbs,Big Ten,37,"[7, 16, 7, 7]",0.9935051202774048,1938,1975,158,Nebraska,fbs,Big Ten,10,"[0, 3, 7, 0]",0.006494879722595215,1648,1611,2.2286130019262984,,,
401760416,2025,13,regular,2025-11-23T00:00:00.000Z,False,True,False,True,32819,3653,Albertsons Stadium,68,Boise State,fbs,Mountain West,49,"[7, 20, 7, 15]",0.9938032031059265,1589,1621,36,Colorado State,fbs,Mountain West,21,"[7, 0, 0, 14]",0.006196796894073486,1223,1191,3.4950675360668852,,,
401754599,2025,13,regular,2025-11-23T00:30:00.000Z,False,True,False,True,50039,3940,Stanford Stadium,24,Stanford,fbs,ACC,31,"[0, 14, 3, 14]",0.9870200753211975,1246,1315,25,California,fbs,ACC,10,"[3, 7, 0, 0]",0.01297992467880249,1420,1351,4.345088920497255,,,
401752915,2025,13,regular,2025-11-23T00:30:00.000Z,False,True,False,True,,347,Camp Randall Stadium,275,Wisconsin,fbs,Big Ten,27,"[7, 3, 7, 10]",1,1467,1521,356,Illinois,fbs,Big Ten,10,"[0, 7, 3, 0]",0,1630,1576,4.001122438154633,,,
401762514,2025,13,regular,2025-11-23T00:30:00.000Z,False,True,False,True,24598,3895,Rice Stadium,242,Rice,fbs,American Athletic,24,"[14, 0, 7, 3]",0.19045577943325043,1169,1144,249,North Texas,fbs,American Athletic,56,"[7, 21, 14, 14]",0.8095442205667496,1716,1741,3.2991485915013485,,,
401752775,2025,13,regular,2025-11-23T00:30:00.000Z,False,True,False,True,90465,3634,Ben Hill Griffin Stadium,57,Florida,fbs,SEC,11,"[0, 0, 3, 8]",0.0007584895938634872,1565,1543,2633,Tennessee,fbs,SEC,31,"[14, 17, 0, 0]",0.9992415104061365,1834,1856,2.205107309922417,,,
401752777,2025,13,regular,2025-11-23T00:45:00.000Z,False,True,False,False,100923,3958,Tiger Stadium (LA),99,LSU,fbs,SEC,13,"[0, 7, 3, 3]",0.6684710383415222,1693,1690,98,Western Kentucky,fbs,Conference USA,10,"[3, 0, 0, 7]",0.3315289616584778,1398,1401,4.349466223266472,,,
401756956,2025,13,regular,2025-11-23T01:00:00.000Z,False,True,False,True,43348,3726,Folsom Field,38,Colorado,fbs,Big 12,17,"[7, 0, 10, 0]",0.11426853388547897,1377,1338,9,Arizona State,fbs,Big 12,42,"[3, 10, 8, 21]",0.885731466114521,1614,1653,6.681236701530058,,,
401756955,2025,13,regular,2025-11-23T01:00:00.000Z,False,True,False,True,38034,3854,Nippert Stadium,2132,Cincinnati,fbs,Big 12,14,"[0, 7, 0, 7]",0.26743993163108826,1578,1569,252,BYU,fbs,Big 12,26,"[7, 3, 7, 9]",0.7325600683689117,1772,1781,4.566544103656873,,,
401760420,2025,13,regular,2025-11-23T03:30:00.000Z,False,True,False,True,22595,7311,Snapdragon Stadium,21,San Diego State,fbs,Mountain West,25,"[11, 7, 0, 7]",0.9494931697845459,1507,1530,23,San José State,fbs,Mountain West,3,"[0, 3, 0, 0]",0.0505068302154541,1208,1185,2.9614137423901856,,,
401752910,2025,13,regular,2025-11-23T03:30:00.000Z,False,True,False,True,38201,1056,Rose Bowl,26,UCLA,fbs,Big Ten,14,"[0, 0, 7, 7]",0,1361,1313,264,Washington,fbs,Big Ten,48,"[3, 17, 14, 14]",1,1754,1802,3.192641077921975,,,
401760417,2025,13,regular,2025-11-23T03:30:00.000Z,False,True,False,True,37551,3660,Valley Children's Stadium,278,Fresno State,fbs,Mountain West,17,"[7, 10, 0, 0]",0.003376728855073452,1510,1478,328,Utah State,fbs,Mountain West,28,"[7, 0, 7, 14]",0.9966232711449265,1423,1455,7.5268344203989095,,,
401762868,2025,14,regular,2025-11-25T21:30:00.000Z,False,True,False,True,6043,3985,Warren McGuirk Alumni Stadium,113,Massachusetts,fbs,Mid-American,14,"[0, 14, 0, 0]",0.011485333554446697,748,718,189,Bowling Green,fbs,Mid-American,45,"[14, 14, 7, 10]",0.9885146664455533,1230,1260,2.1605811274523727,,,
401762869,2025,14,regular,2025-11-26T00:30:00.000Z,False,True,False,True,11818,3912,Rynearson Stadium,2199,Eastern Michigan,fbs,Mid-American,21,"[7, 0, 0, 14]",0,1246,1239,2711,Western Michigan,fbs,Mid-American,31,"[0, 17, 14, 0]",1,1407,1414,3.7143168825044937,,,
401767368,2025,14,regular,2025-11-27T20:00:00.000Z,False,True,False,False,23256,4582,Hornet Stadium,2011,Alabama State,fcs,SWAC,58,"[14, 24, 14, 6]",0.9900588393211365,,,2657,Tuskegee,ii,SIAC,21,"[21, 0, 0, 0]",0.009941160678863525,,,5.040579503306277,,,
401762516,2025,14,regular,2025-11-28T00:30:00.000Z,False,True,False,True,27082,3805,Simmons Bank Liberty Stadium,235,Memphis,fbs,American Athletic,17,"[3, 14, 0, 0]",0.012593691237270832,1660,1620,2426,Navy,fbs,American Athletic,28,"[0, 14, 7, 7]",0.9874063087627292,1485,1525,5.624486611217874,,,
401752916,2025,14,regular,2025-11-28T17:00:00.000Z,False,True,False,True,86410,3834,"Memorial Stadium (Lincoln, NE)",158,Nebraska,fbs,Big Ten,16,"[10, 6, 0, 0]",0.01910143718123436,1611,1580,2294,Iowa,fbs,Big Ten,40,"[10, 14, 9, 7]",0.9808985628187656,1902,1933,3.966240038437885,,,
401752788,2025,14,regular,2025-11-28T17:00:00.000Z,False,True,False,True,60417,3693,Davis Wade Stadium,344,Mississippi State,fbs,SEC,19,"[7, 3, 3, 6]",0.015346751548349857,1492,1491,145,Ole Miss,fbs,SEC,38,"[14, 7, 3, 14]",0.9846532484516501,1959,1960,4.644830935938228,,,
401762870,2025,14,regular,2025-11-28T17:00:00.000Z,False,True,False,True,11096,3965,UB Stadium,2084,Buffalo,fbs,Mid-American,26,"[0, 7, 6, 13]",0.5425530076026917,1288,1298,195,Ohio,fbs,Mid-American,31,"[7, 14, 7, 3]",0.45744699239730835,1572,1562,4.941688531055923,,,
401756964,2025,14,regular,2025-11-28T17:00:00.000Z,False,True,False,True,32811,3833,Memorial Stadium,2305,Kansas,fbs,Big 12,21,"[0, 7, 7, 7]",0.11878082901239395,1499,1516,254,Utah,fbs,Big 12,31,"[3, 7, 0, 21]",0.881219170987606,1971,1954,6.276140375244612,,,
401762871,2025,14,regular,2025-11-28T17:00:00.000Z,False,True,False,True,3090,3764,Huskie Stadium,2459,Northern Illinois,fbs,Mid-American,31,"[7, 14, 0, 10]",0.8252435922622681,1260,1233,2309,Kent State,fbs,Mid-American,35,"[3, 14, 3, 15]",0.17475640773773193,974,1001,7.06656686791855,,,
401760421,2025,14,regular,2025-11-28T20:00:00.000Z,False,True,False,True,25873,5388,Canvas Stadium,36,Colorado State,fbs,Mountain West,21,"[0, 7, 7, 7]",0,1191,1155,2005,Air Force,fbs,Mountain West,42,"[14, 7, 7, 14]",1,1350,1386,3.654887940296669,,,
401752786,2025,14,regular,2025-11-28T20:30:00.000Z,False,True,True,False,73728,5348,Mercedes-Benz Stadium,59,Georgia Tech,fbs,ACC,9,"[3, 0, 3, 3]",0.7288954257965088,1573,1595,61,Georgia,fbs,SEC,16,"[0, 13, 0, 3]",0.2711045742034912,2048,2026,3.7309061341517817,,,
401760426,2025,14,regular,2025-11-28T20:30:00.000Z,False,True,False,True,30575,3971,University Stadium (NM),167,New Mexico,fbs,Mountain West,23,"[3, 7, 7, 0, 6]",0.23678594827651978,1491,1500,21,San Diego State,fbs,Mountain West,17,"[0, 14, 3, 0, 0]",0.7632140517234802,1530,1521,7.334001834776358,,,
401762442,2025,14,regular,2025-11-28T20:30:00.000Z,False,True,False,True,24492,3825,DATCU Stadium,249,North Texas,fbs,American Athletic,52,"[14, 21, 10, 7]",0.9273855686187744,1741,1756,218,Temple,fbs,American Athletic,25,"[7, 0, 7, 11]",0.07261443138122559,1234,1219,2.662792323992115,,,
401760422,2025,14,regular,2025-11-28T21:00:00.000Z,False,True,False,True,21115,3905,Maverik Stadium,328,Utah State,fbs,Mountain West,24,"[14, 7, 3, 0]",0.26905566453933716,1455,1462,68,Boise State,fbs,Mountain West,25,"[10, 3, 6, 6]",0.7309443354606628,1621,1614,6.623730275130599,,,
401752792,2025,14,regular,2025-11-29T00:30:00.000Z,False,True,False,True,103632,3910,DKR-Texas Memorial Stadium,251,Texas,fbs,SEC,27,"[0, 3, 10, 14]",0.6624485850334167,1880,1898,245,Texas A&M,fbs,SEC,17,"[0, 10, 0, 7]",0.33755141496658325,1896,1878,5.110871723010601,,,
401752924,2025,14,regular,2025-11-29T00:30:00.000Z,False,True,False,True,59807,3907,Ross-Ade Stadium,2509,Purdue,fbs,Big Ten,3,"[3, 0, 0, 0]",0,1276,1227,84,Indiana,fbs,Big Ten,56,"[7, 21, 21, 7]",1,2142,2191,4.180747607485243,,,
401756961,2025,14,regular,2025-11-29T02:00:00.000Z,False,True,False,True,54037,3947,Mountain America Stadium,9,Arizona State,fbs,Big 12,7,"[0, 7, 0, 0]",0.035843733698129654,1653,1615,12,Arizona,fbs,Big 12,23,"[0, 3, 10, 10]",0.9641562663018703,1651,1689,4.291838806190243,,,
401762872,2025,14,regular,2025-11-29T17:00:00.000Z,False,True,False,True,6673,3786,Kelly/Shorts Stadium,2117,Central Michigan,fbs,Mid-American,3,"[0, 3, 0, 0]",0.014123843982815742,1291,1282,2649,Toledo,fbs,Mid-American,21,"[0, 0, 7, 14]",0.9858761560171843,1642,1651,4.719029622814196,,,
401762875,2025,14,regular,2025-11-29T17:00:00.000Z,False,True,False,True,11137,3996,Yager Stadium,193,Miami (OH),fbs,Mid-American,45,"[21, 10, 7, 7]",0.9936692118644714,1451,1459,2050,Ball State,fbs,Mid-American,24,"[10, 0, 0, 14]",0.0063307881355285645,1018,1010,3.267956398206342,,,
401752921,2025,14,regular,2025-11-29T17:00:00.000Z,False,True,False,True,111373,3558,Michigan Stadium,130,Michigan,fbs,Big Ten,9,"[6, 3, 0, 0]",0.009772303514182568,1825,1814,194,Ohio State,fbs,Big Ten,27,"[3, 14, 7, 3]",0.9902276964858174,2158,2169,3.9042299668833054,,,
401762519,2025,14,regular,2025-11-29T17:00:00.000Z,False,True,False,True,14712,3715,FAU Stadium,2226,Florida Atlantic,fbs,American Athletic,3,"[3, 0, 0, 0]",0,1263,1178,151,East Carolina,fbs,American Athletic,42,"[21, 21, 0, 0]",1,1491,1576,3.066490242501596,,,
401836017,2025,14,regular,2025-11-29T17:00:00.000Z,False,True,False,False,,4422,Valhalla Stadium,2757,Berry,iii,Southern Athletic,18,"[8, 0, 7, 3]",,,,548,LaGrange,iii,USA South,14,"[7, 7, 0, 0]",,,,,,Division III Championship - Second Round,
401836055,2025,14,regular,2025-11-29T17:00:00.000Z,False,True,False,False,2125,717,Villanova Stadium,222,Villanova,fcs,Coastal Athletic,52,"[14, 17, 7, 14]",0.9940776824951172,,,108,Harvard,fcs,Ivy,7,"[0, 0, 7, 0]",0.0059223175048828125,,,1.7145685198471317,,FCS Championship - First Round,
401754611,2025,14,regular,2025-11-29T17:00:00.000Z,False,True,False,True,49845,3752,Acrisure Stadium,221,Pittsburgh,fbs,ACC,7,"[0, 7, 0, 0]",0.004784716293215752,1691,1631,2390,Miami,fbs,ACC,38,"[3, 14, 14, 7]",0.9952152837067842,1907,1967,3.695876450099734,,,
401756962,2025,14,regular,2025-11-29T17:00:00.000Z,False,True,False,True,34720,4727,McLane Stadium,239,Baylor,fbs,Big 12,24,"[0, 9, 0, 15]",0.5145624876022339,1526,1509,248,Houston,fbs,Big 12,31,"[7, 10, 7, 7]",0.4854375123977661,1479,1496,5.676516189652465,,,
401836035,2025,14,regular,2025-11-29T17:00:00.000Z,False,True,False,False,,4432,Andre Reed Stadium,2315,Kutztown,ii,Pennsylvania State Athletic,56,"[21, 7, 14, 14]",,,,2038,Assumption,ii,Northeast 10,19,"[3, 3, 6, 7]",,,,,,Division II Championship - Second Round,
401836037,2025,14,regular,2025-11-29T17:00:00.000Z,False,True,False,False,,4436,Adamson Stadium,2858,California (PA),ii,Pennsylvania State Athletic,21,"[7, 7, 0, 7]",,,,341,Frostburg State,ii,Mountain East,23,"[0, 7, 13, 3]",,,,,,Division II Championship - Second Round,
401836021,2025,14,regular,2025-11-29T17:00:00.000Z,False,True,False,False,,5124,Homewood Field,118,Johns Hopkins,iii,Centennial,34,"[7, 13, 0, 14]",,,,81,Springfield,iii,NEWMAC,14,"[7, 0, 0, 7]",,,,,,Division III Championship - Second Round,
401836015,2025,14,regular,2025-11-29T17:00:00.000Z,False,True,False,False,,4856,Mount Union Stadium,426,Mount Union,iii,Ohio,49,"[7, 28, 14, 0]",,,,2422,Muhlenberg,iii,Centennial,7,"[0, 0, 7, 0]",,,,,,Division III Championship - Second Round,
401836018,2025,14,regular,2025-11-29T17:00:00.000Z,False,True,False,False,,3879,TowneBank Stadium,3112,Christopher Newport,iii,New Jersey,28,"[7, 0, 7, 14]",,,,216,Susquehanna,iii,Landmark Conference,42,"[14, 7, 7, 14]",,,,,,Division III Championship - Second Round,
401756965,2025,14,regular,2025-11-29T17:00:00.000Z,False,True,False,True,49549,3636,Bill Snyder Family Stadium,2306,Kansas State,fbs,Big 12,24,"[7, 0, 7, 10]",0.9832877516746521,1680,1674,38,Colorado,fbs,Big 12,14,"[0, 7, 0, 7]",0.0167122483253479,1338,1344,4.332916458883662,,,
401756966,2025,14,regular,2025-11-29T17:00:00.000Z,False,True,False,True,35127,3646,Boone Pickens Stadium,197,Oklahoma State,fbs,Big 12,13,"[0, 7, 3, 3]",0.03510536253452301,1084,1110,66,Iowa State,fbs,Big 12,20,"[3, 7, 7, 3]",0.964894637465477,1655,1629,5.347888626270137,,,
401836102,2025,14,regular,2025-11-29T17:00:00.000Z,False,True,False,False,2680,3824,Meade Stadium,227,Rhode Island,fcs,Coastal Athletic,27,"[14, 10, 0, 3]",0.9961830377578735,,,2115,Central Connecticut,fcs,NEC,19,"[7, 0, 0, 12]",0.003816962242126465,,,3.2303384049588506,,FCS Championship - First Round,
401752790,2025,14,regular,2025-11-29T17:00:00.000Z,False,True,False,False,79827,3994,Williams-Brice Stadium,2579,South Carolina,fbs,SEC,14,"[0, 14, 0, 0]",0.012787394225597382,1730,1697,228,Clemson,fbs,ACC,28,"[0, 17, 3, 8]",0.9872126057744026,1725,1758,6.0292124586193445,,,
401833975,2025,14,regular,2025-11-29T17:00:00.000Z,False,True,False,False,4869,844,Stambaugh Stadium,2754,Youngstown State,fcs,MVFC,42,"[14, 21, 7, 0]",0.6540422439575195,,,43,Yale,fcs,Ivy,43,"[0, 7, 15, 21]",0.34595775604248047,,,4.106268430433782,,FCS Championship - First Round,
401752787,2025,14,regular,2025-11-29T17:00:00.000Z,False,True,False,False,50634,3873,L&N Federal Credit Union Stadium,97,Louisville,fbs,ACC,41,"[7, 13, 7, 14]",0.9736418724060059,1631,1744,96,Kentucky,fbs,SEC,0,"[0, 0, 0, 0]",0.02635812759399414,1578,1465,2.079453613424045,,,
401756968,2025,14,regular,2025-11-29T17:00:00.000Z,False,True,False,True,44250,3842,Milan Puskar Stadium,277,West Virginia,fbs,Big 12,0,"[0, 0, 0, 0]",0.008271883241832256,1355,1291,2641,Texas Tech,fbs,Big 12,49,"[21, 7, 14, 7]",0.9917281167581677,1997,2061,2.852444568793713,,,
401836020,2025,14,regular,2025-11-29T18:00:00.000Z,False,True,False,False,,5804,Royal Stadium,2802,Bethel (MN),iii,Minnesota,51,"[20, 10, 7, 14]",,,,2141,Coe,iii,American Rivers,26,"[7, 0, 13, 6]",,,,,,Division III Championship - Second Round,
401836195,2025,14,regular,2025-11-29T18:00:00.000Z,False,True,False,False,3964,1905,DakotaDome,233,South Dakota,fcs,MVFC,38,"[3, 14, 14, 7]",0.9877373576164246,,,2181,Drake,fcs,Pioneer,17,"[3, 7, 0, 7]",0.01226264238357544,,,3.640963319376722,,FCS Championship - First Round,
401836116,2025,14,regular,2025-11-29T18:00:00.000Z,False,True,False,False,3843,5237,Dana J. Dykhouse Stadium,2571,South Dakota State,fcs,MVFC,41,"[14, 13, 0, 14]",0.9934679269790649,,,160,New Hampshire,fcs,Coastal Athletic,3,"[0, 3, 0, 0]",0.006532073020935059,,,1.6854334838678964,,FCS Championship - First Round,
401836115,2025,14,regular,2025-11-29T18:00:00.000Z,False,True,False,False,4641,3962,Tucker Stadium,2635,Tennessee Tech,fcs,OVC-Big South,6,"[0, 0, 6, 0]",0,,,155,North Dakota,fcs,MVFC,31,"[3, 7, 0, 21]",1,,,5.511438152368036,,FCS Championship - First Round,
401836095,2025,14,regular,2025-11-29T18:00:00.000Z,False,True,False,False,3321,3944,Strawberry Stadium,2545,SE Louisiana,fcs,Southland,3,"[0, 3, 0, 0]",0,,,2287,Illinois State,fcs,MVFC,21,"[7, 0, 7, 7]",1,,,4.500836685301112,,FCS Championship - First Round,
401833969,2025,14,regular,2025-11-29T18:00:00.000Z,False,True,False,False,4588,5440,Wildcat Stadium (TX),2000,Abilene Christian,fcs,UAC,38,"[17, 7, 0, 14]",0.923514723777771,,,2320,Lamar,fcs,Southland,20,"[0, 7, 7, 6]",0.076485276222229,,,1.5573443740015036,,FCS Championship - First Round,
401757311,2025,14,regular,2025-11-29T18:00:00.000Z,False,True,True,True,4237,3631,BBVA Compass Stadium,2534,Sam Houston,fbs,Conference USA,16,"[7, 3, 0, 6]",0.007092250511050224,1068,994,2229,Florida International,fbs,Conference USA,56,"[22, 6, 14, 14]",0.9929077494889498,1343,1417,3.4981768926733956,,,
401756963,2025,14,regular,2025-11-29T18:00:00.000Z,False,True,False,True,60389,3801,LaVell Edwards Stadium,252,BYU,fbs,Big 12,41,"[0, 17, 21, 3]",0.9966592192649841,1781,1797,2116,UCF,fbs,Big 12,21,"[14, 0, 7, 0]",0.003340780735015869,1464,1448,4.023789960551446,,,
401836041,2025,14,regular,2025-11-29T18:00:00.000Z,False,True,False,True,,5867,Albany State University Coliseum,2013,Albany State,ii,SIAC,14,"[7, 0, 0, 7]",,,,490,Benedict,ii,SIAC,12,"[3, 3, 0, 6]",,,,,,Division II Championship - Second Round,
401836036,2025,14,regular,2025-11-29T18:00:00.000Z,False,True,False,False,,3960,Top Taggart Field,2222,Ferris State,ii,GLIAC,56,"[14, 14, 21, 7]",,,,308,Ashland,ii,Great Midwest Athletic,24,"[14, 3, 0, 7]",,,,,,Division II Championship - Second Round,
401836075,2025,14,regular,2025-11-29T18:00:00.000Z,False,True,False,False,,5901,David Smith Stadium at Ramer Field,2723,Wisconsin River Falls,iii,Wisconsin,58,"[14, 20, 10, 14]",,,,411,Chapman,iii,So. Cal.,7,"[0, 7, 0, 0]",,,,,,Division III Championship - Second Round,
401836019,2025,14,regular,2025-11-29T18:00:00.000Z,False,True,False,False,,980,Benedetti-Wehrli Stadium,3071,North Central College,iii,CCIW,38,"[3, 7, 21, 7]",,,,2262,Hanover,iii,Heartland,6,"[0, 0, 0, 6]",,,,,,Division III Championship - Second Round,
401836016,2025,14,regular,2025-11-29T18:00:00.000Z,False,True,False,False,,6137,Walston-Hoover Stadium,2685,Wartburg,iii,American Rivers,24,"[13, 3, 0, 8]",,,,396,Wheaton (IL),iii,CCIW,28,"[7, 0, 7, 14]",,,,,,Division III Championship - Second Round,
401757310,2025,14,regular,2025-11-29T18:00:00.000Z,False,True,False,True,13560,3695,Delaware Stadium,48,Delaware,fbs,Conference USA,61,"[7, 24, 10, 20]",0.9976646900177002,1266,1339,2638,UTEP,fbs,Conference USA,31,"[7, 13, 11, 0]",0.0023353099822998047,1208,1135,3.838235459533286,,,
401761663,2025,14,regular,2025-11-29T18:30:00.000Z,False,True,False,True,21524,3775,Joan C. Edwards Stadium,276,Marshall,fbs,Sun Belt,19,"[3, 3, 6, 7]",0.4643031656742096,1495,1468,290,Georgia Southern,fbs,Sun Belt,24,"[14, 0, 10, 0]",0.5356968343257904,1250,1277,4.427883667668173,,,
401767420,2025,14,regular,2025-11-29T19:00:00.000Z,False,True,True,True,63000,3493,Caesars Superdome,2582,Southern,fcs,SWAC,28,"[0, 7, 7, 14]",0.6316822171211243,,,2755,Grambling,fcs,SWAC,27,"[7, 10, 7, 3]",0.36831778287887573,,,7.323230628957899,,,
401761664,2025,14,regular,2025-11-29T19:00:00.000Z,False,True,False,True,17126,3918,S.B. Ballard Stadium,295,Old Dominion,fbs,Sun Belt,27,"[0, 10, 17, 0]",0.9168986678123474,1635,1627,2247,Georgia State,fbs,Sun Belt,10,"[0, 10, 0, 0]",0.08310133218765259,1104,1112,3.991773066367639,,,
401836040,2025,14,regular,2025-11-29T19:00:00.000Z,False,True,False,False,,10803,Pen-Air Field,110242,West Florida,ii,Gulf South,17,"[0, 10, 7, 0]",,,,2444,Newberry,ii,South Atlantic,24,"[14, 3, 0, 7]",,,,,,Division II Championship - Second Round,
401836039,2025,14,regular,2025-11-29T19:00:00.000Z,False,True,False,False,,5885,First Security Stadium,2264,Harding,ii,Great American,37,"[6, 14, 14, 3]",,,,90,Pittsburg State,ii,Mid America,21,"[0, 0, 7, 14]",,,,,,Division II Championship - Second Round,
401757312,2025,14,regular,2025-11-29T19:00:00.000Z,False,True,False,True,16733,3662,AmFirst Stadium,55,Jacksonville State,fbs,Conference USA,37,"[7, 17, 7, 6]",0.9318355321884155,1501,1501,98,Western Kentucky,fbs,Conference USA,34,"[14, 14, 3, 3]",0.06816446781158447,1401,1401,6.675753951059409,,,
401757314,2025,14,regular,2025-11-29T19:00:00.000Z,False,True,False,True,7656,3878,Plaster Sports Complex,2623,Missouri State,fbs,Conference USA,30,"[0, 10, 7, 13]",0.053740404546260834,1366,1344,2348,Louisiana Tech,fbs,Conference USA,42,"[7, 7, 7, 21]",0.9462595954537392,1407,1429,5.571557280944688,,,
401836038,2025,14,regular,2025-11-29T19:00:00.000Z,False,True,False,False,,6040,Key Stadium,2292,Indianapolis,ii,Great Lakes,27,"[7, 0, 7, 13]",,,,2364,Minnesota State,ii,Northern Sun,35,"[7, 14, 7, 7]",,,,,,Division II Championship - Second Round,
401761661,2025,14,regular,2025-11-29T19:30:00.000Z,False,True,False,True,23876,3792,Kidd Brewer Stadium,2026,App State,fbs,Sun Belt,29,"[3, 13, 7, 6]",0.9304471611976624,1252,1253,2032,Arkansas State,fbs,Sun Belt,30,"[3, 13, 7, 7]",0.06955283880233765,1302,1301,7.627218506792508,,,
401761667,2025,14,regular,2025-11-29T20:00:00.000Z,False,True,False,True,16169,3644,Bobcat Stadium (TX),326,Texas State,fbs,Sun Belt,49,"[10, 11, 14, 14]",0.9934477210044861,1533,1572,6,South Alabama,fbs,Sun Belt,26,"[7, 0, 0, 19]",0.006552278995513916,1375,1336,3.117519407462619,,,
401761665,2025,14,regular,2025-11-29T20:00:00.000Z,False,True,False,True,16270,3666,Cajun Field,309,Louisiana,fbs,Sun Belt,30,"[14, 3, 0, 10, 3]",0.08853284269571304,1354,1351,2433,UL Monroe,fbs,Sun Belt,27,"[13, 0, 0, 14, 0]",0.911467157304287,1013,1016,8.960701489951958,,,
401762517,2025,14,regular,2025-11-29T20:00:00.000Z,False,True,False,True,13026,3674,Chapman Stadium,202,Tulsa,fbs,American Athletic,24,"[3, 14, 0, 7]",0.45699289441108704,1119,1110,5,UAB,fbs,American Athletic,31,"[7, 3, 7, 14]",0.543007105588913,1175,1184,6.10812785672287,,,
401757315,2025,14,regular,2025-11-29T20:00:00.000Z,False,True,False,True,7381,3601,Aggie Memorial Stadium,166,New Mexico State,fbs,Conference USA,24,"[7, 0, 7, 10, 0]",0.05750109255313873,1188,1172,2393,Middle Tennessee,fbs,Conference USA,31,"[7, 7, 3, 7, 7]",0.9424989074468613,1148,1164,9.08819484044069,,,
401754608,2025,14,regular,2025-11-29T20:00:00.000Z,False,True,False,True,32457,1964,JMA Wireless Dome,183,Syracuse,fbs,ACC,12,"[0, 6, 0, 6]",0.00022920966148376465,1230,1182,103,Boston College,fbs,ACC,34,"[3, 3, 14, 14]",0.9997707903385162,1311,1359,4.428296929054098,,,
401767428,2025,14,regular,2025-11-29T20:00:00.000Z,False,True,False,True,2105,3896,Rice-Totten Field,2400,Mississippi Valley State,fcs,SWAC,35,"[0, 14, 7, 14]",0.9525716304779053,,,50,Florida A&M,fcs,SWAC,31,"[7, 10, 7, 7]",0.04742836952209473,,,7.599257396631619,,,
401836155,2025,14,regular,2025-11-29T20:00:00.000Z,False,True,False,False,,5782,Mountaineer Bowl,110243,UT Permian Basin,ii,Lone Star,21,"[0, 0, 0, 15, 6]",,,,2714,Western Colorado,ii,Rocky Mountain,15,"[5, 7, 0, 3, 0]",,,,,,Division II Championship - Second Round,
401754610,2025,14,regular,2025-11-29T20:30:00.000Z,False,True,False,True,21045,3982,Wallace Wade Stadium,150,Duke,fbs,ACC,49,"[14, 7, 14, 14]",0.8953055143356323,1573,1607,154,Wake Forest,fbs,ACC,32,"[3, 14, 8, 7]",0.10469448566436768,1542,1508,4.479673409272416,,,
401762441,2025,14,regular,2025-11-29T20:30:00.000Z,False,True,False,True,22620,3604,Alamodome,2636,UTSA,fbs,American Athletic,24,"[7, 3, 0, 14]",0.08683005720376968,1585,1575,349,Army,fbs,American Athletic,27,"[0, 17, 3, 7]",0.9131699427962303,1504,1514,5.737582221587653,,,
401757313,2025,14,regular,2025-11-29T20:30:00.000Z,False,True,False,True,12695,3992,Williams Stadium (VA),2335,Liberty,fbs,Conference USA,42,"[7, 7, 7, 14, 7]",0.4767662286758423,1457,1441,338,Kennesaw State,fbs,Conference USA,48,"[7, 7, 7, 14, 13]",0.5232337713241577,1385,1401,11.482716748256323,,,
401752783,2025,14,regular,2025-11-29T20:30:00.000Z,False,True,False,True,61508,3887,Razorback Stadium,8,Arkansas,fbs,SEC,17,"[7, 10, 0, 0]",0.4884832799434662,1588,1571,142,Missouri,fbs,SEC,31,"[7, 7, 6, 11]",0.5115167200565338,1748,1765,5.336043578812519,,,
401752789,2025,14,regular,2025-11-29T20:30:00.000Z,False,True,False,True,83734,3835,"Memorial Stadium (Norman, OK)",201,Oklahoma,fbs,SEC,17,"[3, 0, 7, 7]",0.3595992922782898,1824,1823,99,LSU,fbs,SEC,13,"[0, 3, 7, 3]",0.6404007077217102,1690,1691,7.386930391872517,,,
401752918,2025,14,regular,2025-11-29T20:30:00.000Z,False,True,False,True,46038,3953,Huntington Bank Stadium,135,Minnesota,fbs,Big Ten,17,"[0, 10, 7, 0]",0.9804549217224121,1491,1510,275,Wisconsin,fbs,Big Ten,7,"[0, 7, 0, 0]",0.01954507827758789,1521,1502,3.919658684369554,,,
401752791,2025,14,regular,2025-11-29T20:30:00.000Z,False,True,False,True,101915,3853,Neyland Stadium,2633,Tennessee,fbs,SEC,24,"[7, 14, 0, 3]",0.015860430896282196,1856,1799,238,Vanderbilt,fbs,SEC,45,"[7, 14, 10, 14]",0.9841395691037178,1827,1884,6.4644006771448,,,
401752917,2025,14,regular,2025-11-29T20:30:00.000Z,False,True,False,True,72376,3765,Husky Stadium,264,Washington,fbs,Big Ten,14,"[0, 7, 0, 7]",0.05144704505801201,1802,1801,2483,Oregon,fbs,Big Ten,26,"[3, 10, 6, 7]",0.948552954941988,2086,2087,4.952081684431378,,,
401756967,2025,14,regular,2025-11-29T20:30:00.000Z,False,True,False,True,37259,3616,Amon G. Carter Stadium,2628,TCU,fbs,Big 12,45,"[21, 10, 7, 7]",1,1602,1652,2132,Cincinnati,fbs,Big 12,23,"[7, 10, 0, 6]",0,1569,1519,2.899405917733083,,,
401761666,2025,14,regular,2025-11-29T20:30:00.000Z,False,True,False,True,25987,3815,M. M. Roberts Stadium,2572,Southern Miss,fbs,Sun Belt,18,"[0, 3, 7, 8]",0.5904613137245178,1297,1282,2653,Troy,fbs,Sun Belt,28,"[0, 14, 0, 14]",0.4095386862754822,1362,1377,5.637155890398114,,,
401752920,2025,14,regular,2025-11-29T20:30:00.000Z,False,True,False,True,55212,6577,SHI Stadium,164,Rutgers,fbs,Big Ten,36,"[14, 7, 7, 8]",0.2960730791091919,1445,1469,213,Penn State,fbs,Big Ten,40,"[14, 10, 9, 7]",0.7039269208908081,1975,1951,6.920961256797671,,,
401761662,2025,14,regular,2025-11-29T20:45:00.000Z,False,True,False,True,15137,3654,Brooks Stadium (SC),324,Coastal Carolina,fbs,Sun Belt,10,"[0, 10, 0, 0]",0.0010548504069447517,1228,1165,256,James Madison,fbs,Sun Belt,59,"[17, 3, 11, 28]",0.9989451495930552,1874,1937,3.262323910654704,,,
401752785,2025,14,regular,2025-11-29T21:30:00.000Z,False,True,False,False,90007,3634,Ben Hill Griffin Stadium,57,Florida,fbs,SEC,40,"[10, 7, 14, 9]",1,1543,1593,52,Florida State,fbs,ACC,21,"[0, 14, 0, 7]",0,1606,1556,3.621784191906209,,,
401752946,2025,14,regular,2025-11-29T23:30:00.000Z,False,True,False,True,24806,3820,Gesa Field,265,Washington State,fbs,Pac-12,32,"[3, 16, 6, 7]",0.9974702596664429,1508,1533,204,Oregon State,fbs,Pac-12,8,"[0, 0, 0, 8]",0.002529740333557129,1175,1150,2.7653671517568634,,,
401762520,2025,14,regular,2025-11-30T00:00:00.000Z,False,True,False,True,28813,3886,Raymond James Stadium,58,South Florida,fbs,American Athletic,52,"[14, 14, 10, 14]",0.9913873672485352,1751,1817,242,Rice,fbs,American Athletic,3,"[0, 3, 0, 0]",0.008612632751464844,1144,1078,1.8888965809025615,,,
401752923,2025,14,regular,2025-11-30T00:00:00.000Z,False,True,True,True,30317,3727,Ford Field,127,Michigan State,fbs,Big Ten,38,"[7, 17, 7, 7]",0.6974057555198669,1382,1409,120,Maryland,fbs,Big Ten,28,"[0, 7, 21, 0]",0.30259424448013306,1414,1387,5.32395142853523,,,
401754613,2025,14,regular,2025-11-30T00:00:00.000Z,False,True,False,True,58832,3923,Scott Stadium,258,Virginia,fbs,ACC,27,"[7, 7, 10, 3]",0.9796200394630432,1604,1631,259,Virginia Tech,fbs,ACC,7,"[0, 0, 0, 7]",0.020379960536956787,1409,1382,2.5258743911495998,,,
401754612,2025,14,regular,2025-11-30T00:30:00.000Z,False,True,False,True,56919,3670,Carter-Finley Stadium,152,NC State,fbs,ACC,42,"[14, 14, 0, 14]",0.9995241761207581,1481,1525,153,North Carolina,fbs,ACC,19,"[0, 10, 3, 6]",0.00047582387924194336,1364,1320,3.756003950760385,,,
401752919,2025,14,regular,2025-11-30T00:30:00.000Z,False,True,False,True,69614,477,Los Angeles Memorial Coliseum,30,USC,fbs,Big Ten,29,"[7, 0, 7, 15]",0.9803678393363953,1898,1889,26,UCLA,fbs,Big Ten,10,"[0, 10, 0, 0]",0.019632160663604736,1313,1322,4.1177016060455385,,,
401752922,2025,14,regular,2025-11-30T00:30:00.000Z,False,True,False,True,,3832,"Memorial Stadium (Champaign, IL)",356,Illinois,fbs,Big Ten,20,"[0, 14, 3, 3]",1,1576,1583,77,Northwestern,fbs,Big Ten,13,"[3, 7, 0, 3]",0,1531,1524,4.589426056465866,,,
401762518,2025,14,regular,2025-11-30T00:30:00.000Z,False,True,False,True,22245,4729,Yulman Stadium,2655,Tulane,fbs,American Athletic,27,"[14, 7, 0, 6]",0.9684191942214966,1575,1587,2429,Charlotte,fbs,American Athletic,0,"[0, 0, 0, 0]",0.03158080577850342,1035,1023,1.8879023551198375,,,
401752784,2025,14,regular,2025-11-30T00:30:00.000Z,False,True,False,True,88043,3785,Jordan-Hare Stadium,2,Auburn,fbs,SEC,20,"[0, 6, 7, 7]",0.37916091084480286,1661,1670,333,Alabama,fbs,SEC,27,"[10, 7, 3, 7]",0.6208390891551971,1964,1955,6.498412085382101,,,
401754609,2025,14,regular,2025-11-30T01:00:00.000Z,False,True,False,True,28956,3831,California Memorial Stadium,25,California,fbs,ACC,38,"[3, 14, 7, 14]",0.9541328549385071,1351,1360,2567,SMU,fbs,ACC,35,"[7, 0, 7, 21]",0.04586714506149292,1860,1851,5.1530697552448546,,,
401760425,2025,14,regular,2025-11-30T02:00:00.000Z,False,True,False,True,,3816,Mackay Stadium,2440,Nevada,fbs,Mountain West,17,"[3, 0, 7, 7]",0.007143768481910229,1303,1277,2439,UNLV,fbs,Mountain West,42,"[7, 21, 7, 7]",0.9928562315180898,1663,1689,2.8375864235482773,,,
401760423,2025,14,regular,2025-11-30T03:30:00.000Z,False,True,False,True,14194,3935,CEFCU Stadium,23,San José State,fbs,Mountain West,14,"[0, 7, 0, 7]",0.14638575911521912,1185,1146,278,Fresno State,fbs,Mountain West,41,"[3, 18, 3, 17]",0.8536142408847809,1478,1517,4.315561969842375,,,
401754614,2025,14,regular,2025-11-30T03:30:00.000Z,False,True,False,False,27456,3940,Stanford Stadium,24,Stanford,fbs,ACC,20,"[0, 3, 3, 14]",0.00790282804518938,1315,1335,87,Notre Dame,fbs,FBS Independents,49,"[14, 21, 7, 7]",0.9920971719548106,2263,2243,2.554831192981494,,,
401760424,2025,14,regular,2025-11-30T04:00:00.000Z,False,True,False,True,15194,7220,Clarence T.C. Ching Athletics Complex,62,Hawai'i,fbs,Mountain West,27,"[7, 13, 7, 0]",0.9803035259246826,1421,1459,2751,Wyoming,fbs,Mountain West,7,"[7, 0, 0, 0]",0.019696474075317383,1333,1295,3.8549964443267974,,,
401777325,2025,15,regular,2025-12-06T00:00:00.000Z,False,True,False,False,18142,3662,AmFirst Stadium,55,Jacksonville State,fbs,Conference USA,15,"[0, 0, 0, 15]",0.2311805784702301,1501,1488,338,Kennesaw State,fbs,Conference USA,19,"[0, 7, 3, 9]",0.7688194215297699,1401,1414,6.128383850532434,,Conference USA Championship,
401777352,2025,15,regular,2025-12-06T00:00:00.000Z,False,True,False,False,19836,3651,Bridgeforth Stadium,256,James Madison,fbs,Sun Belt,31,"[3, 14, 0, 14]",0.8696437478065491,1937,1927,2653,Troy,fbs,Sun Belt,14,"[0, 14, 0, 0]",0.13035625219345093,1377,1387,5.637506410100381,,Sun Belt Championship,
401777324,2025,15,regular,2025-12-06T01:00:00.000Z,False,True,False,False,23986,4729,Yulman Stadium,2655,Tulane,fbs,American Athletic,34,"[7, 17, 7, 3]",0.9920182824134827,1587,1627,249,North Texas,fbs,American Athletic,21,"[7, 0, 6, 8]",0.007981717586517334,1756,1716,3.824688014209357,,American Championship,
401777326,2025,15,regular,2025-12-06T01:00:00.000Z,False,True,False,False,27152,3653,Albertsons Stadium,68,Boise State,fbs,Mountain West,38,"[14, 14, 0, 10]",0.9772292375564575,1614,1659,2439,UNLV,fbs,Mountain West,21,"[0, 14, 7, 0]",0.02277076244354248,1689,1644,3.5245037710538076,,Mountain West Championship,
401836851,2025,15,regular,2025-12-06T17:00:00.000Z,False,True,False,False,,3640,Blackstock Stadium,83,DePauw,iii,North Coast,24,"[7, 3, 0, 14]",,,,396,Wheaton (IL),iii,CCIW,49,"[7, 21, 7, 14]",,,,,,Division III Championship - Third Round,
401837095,2025,15,regular,2025-12-06T17:00:00.000Z,False,True,False,False,,5124,Homewood Field,118,Johns Hopkins,iii,Centennial,45,"[7, 17, 7, 14]",,,,2532,Salisbury,iii,New Jersey,13,"[7, 6, 0, 0]",,,,,,Division III Championship - Third Round,
401837097,2025,15,regular,2025-12-06T17:00:00.000Z,False,True,False,False,,4422,Valhalla Stadium,386,Trinity (TX),iii,Southern Athletic,23,"[0, 0, 15, 8]",,,,2757,Berry,iii,Southern Athletic,31,"[0, 22, 6, 3]",,,,,,Division III Championship - Third Round,
401777327,2025,15,regular,2025-12-06T17:00:00.000Z,False,True,True,False,85519,3687,AT&T Stadium,2641,Texas Tech,fbs,Big 12,34,"[0, 13, 8, 13]",0.9214747548103333,2061,2108,252,BYU,fbs,Big 12,7,"[7, 0, 0, 0]",0.07852524518966675,1797,1750,4.356364014437316,,Big 12 Championship,
401837096,2025,15,regular,2025-12-06T17:00:00.000Z,False,True,False,False,,7513,O'Hara Field,216,Susquehanna,iii,Landmark Conference,29,"[6, 2, 7, 14]",,,,127954,Eastern,iii,Mid Atlantic,0,"[0, 0, 0, 0]",,,,,,Division III Championship - Third Round,
401836218,2025,15,regular,2025-12-06T17:00:00.000Z,False,True,False,False,3042,4417,Five Star Stadium at the Moye Complex,2382,Mercer,fcs,Southern,0,"[0, 0, 0, 0]",0,,,233,South Dakota,fcs,MVFC,47,"[14, 10, 16, 7]",1,,,2.2246286441777525,,FCS Championship - Second Round,
401833978,2025,15,regular,2025-12-06T17:00:00.000Z,False,True,False,False,8848,3741,Goodman Stadium,2329,Lehigh,fcs,Patriot,7,"[0, 0, 7, 0]",0.5151590704917908,,,222,Villanova,fcs,Coastal Athletic,14,"[0, 0, 7, 7]",0.48484092950820923,,,4.637160736162943,,FCS Championship - Second Round,
401777329,2025,15,regular,2025-12-06T17:00:00.000Z,False,True,True,False,19114,3727,Ford Field,2711,Western Michigan,fbs,Mid-American,23,"[10, 6, 7, 0]",0.9933256506919861,1414,1442,193,Miami (OH),fbs,Mid-American,13,"[6, 0, 0, 7]",0.006674349308013916,1459,1431,3.1948661997760404,,MAC Championship,
401836850,2025,15,regular,2025-12-06T17:00:00.000Z,False,True,False,False,,4856,Mount Union Stadium,426,Mount Union,iii,Ohio,7,"[7, 0, 0, 0, 0, 0]",,,,2302,John Carroll,iii,Ohio,10,"[0, 0, 7, 0, 0, 3]",,,,,,Division III Championship - Third Round,
401837035,2025,15,regular,2025-12-06T17:00:00.000Z,False,True,False,False,,4432,Andre Reed Stadium,2315,Kutztown,ii,Pennsylvania State Athletic,51,"[14, 14, 14, 9]",,,,341,Frostburg State,ii,Mountain East,29,"[13, 7, 3, 6]",,,,,,Division II Championship - Quarterfinal,
401836198,2025,15,regular,2025-12-06T18:00:00.000Z,False,True,False,False,10464,3714,Fargodome,2449,North Dakota State,fcs,MVFC,28,"[14, 7, 0, 7]",0.7672851085662842,,,2287,Illinois State,fcs,MVFC,29,"[0, 14, 0, 15]",0.23271489143371582,,,4.787485787849886,,FCS Championship - Second Round,
401837075,2025,15,regular,2025-12-06T18:00:00.000Z,False,True,False,False,,5867,Albany State University Coliseum,2013,Albany State,ii,SIAC,24,"[21, 0, 3, 0]",,,,2444,Newberry,ii,South Atlantic,31,"[3, 21, 7, 0]",,,,,,Division II Championship - Quarterfinal,
401837055,2025,15,regular,2025-12-06T18:00:00.000Z,False,True,False,False,,3960,Top Taggart Field,2222,Ferris State,ii,GLIAC,52,"[3, 21, 7, 21]",,,,2364,Minnesota State,ii,Northern Sun,29,"[7, 7, 7, 8]",,,,,,Division II Championship - Quarterfinal,
401836537,2025,15,regular,2025-12-06T18:00:00.000Z,False,True,True,False,,11724,Community National Bank and Trust Stadium,2033,Arkansas Tech,ii,Great American,27,"[7, 0, 6, 14]",,,,2704,West Texas,ii,Lone Star,28,"[0, 14, 14, 0]",,,,,,,
401836854,2025,15,regular,2025-12-06T18:00:00.000Z,False,True,False,False,,5804,Royal Stadium,2802,Bethel (MN),iii,Minnesota,35,"[7, 7, 14, 7]",,,,272,Wisconsin Platteville,iii,Wisconsin,24,"[10, 0, 0, 14]",,,,,,Division III Championship - Third Round,
401836852,2025,15,regular,2025-12-06T18:00:00.000Z,False,True,False,False,,5901,David Smith Stadium at Ramer Field,2723,Wisconsin River Falls,iii,Wisconsin,42,"[7, 7, 14, 14]",,,,2600,Saint John's (MN),iii,Minnesota,14,"[7, 0, 7, 0]",,,,,,Division III Championship - Third Round,
401836853,2025,15,regular,2025-12-06T18:00:00.000Z,False,True,False,False,,980,Benedetti-Wehrli Stadium,3071,North Central College,iii,CCIW,35,"[7, 21, 0, 7]",,,,2740,Wisconsin La Crosse,iii,Wisconsin,27,"[7, 0, 7, 13]",,,,,,Division III Championship - Third Round,
401836217,2025,15,regular,2025-12-06T18:00:00.000Z,False,True,False,False,19742,3827,"Memorial Stadium (Stephenville, TX)",2627,Tarleton State,fcs,UAC,31,"[3, 10, 11, 7]",0.9935627579689026,,,155,North Dakota,fcs,MVFC,13,"[0, 7, 0, 6]",0.006437242031097412,,,3.8996406856105343,,FCS Championship - Second Round,
401836196,2025,15,regular,2025-12-06T19:00:00.000Z,False,True,False,False,20867,3643,Bobcat Stadium,147,Montana State,fcs,Big Sky,21,"[7, 0, 7, 7]",0.9507461190223694,,,43,Yale,fcs,Ivy,13,"[0, 0, 0, 13]",0.049253880977630615,,,3.1471192397979393,,FCS Championship - Second Round,
401837115,2025,15,regular,2025-12-06T19:00:00.000Z,False,True,False,False,,5885,First Security Stadium,2264,Harding,ii,Great American,34,"[14, 17, 3, 0]",,,,110243,UT Permian Basin,ii,Lone Star,28,"[7, 14, 7, 0]",,,,,,Division II Championship - Quarterfinal,
401836536,2025,15,regular,2025-12-06T19:00:00.000Z,False,True,True,False,,11723,Brickyard Stadium,2273,Hillsdale,ii,Great Midwest Athletic,28,"[8, 7, 7, 6]",,,,389,Upper Iowa,ii,Great Lakes,37,"[17, 7, 0, 13]",,,,,,,
401836197,2025,15,regular,2025-12-06T19:00:00.000Z,False,True,False,False,18197,3987,Washington-Grizzly Stadium,149,Montana,fcs,Big Sky,50,"[6, 16, 7, 21]",1,,,2571,South Dakota State,fcs,MVFC,29,"[14, 0, 0, 15]",0,,,4.446101249784651,,FCS Championship - Second Round,
401777350,2025,15,regular,2025-12-06T19:00:00.000Z,False,True,False,False,32187,3976,Mississippi Veterans Memorial Stadium,2296,Jackson State,fcs,SWAC,21,"[0, 7, 14, 0]",0.22253471612930298,,,2504,Prairie View A&M,fcs,SWAC,23,"[7, 6, 10, 0]",0.777465283870697,,,6.079234769505909,,SWAC Championship,
401836216,2025,15,regular,2025-12-06T19:00:00.000Z,False,True,False,False,8645,3756,Homer Bryce Stadium,2617,Stephen F. Austin,fcs,Southland,41,"[7, 10, 7, 17]",0.9863824844360352,,,2000,Abilene Christian,fcs,UAC,34,"[3, 14, 10, 7]",0.013617515563964844,,,7.106168673092257,,FCS Championship - Second Round,
401777351,2025,15,regular,2025-12-06T21:00:00.000Z,False,True,True,False,77247,5348,Mercedes-Benz Stadium,333,Alabama,fbs,SEC,7,"[0, 0, 0, 7]",0,1955,1917,61,Georgia,fbs,SEC,28,"[7, 7, 7, 7]",1,2026,2064,2.4679018249346374,,SEC Championship,
401777328,2025,15,regular,2025-12-07T01:00:00.000Z,False,True,True,False,41672,3628,Bank of America Stadium,258,Virginia,fbs,ACC,20,"[0, 7, 3, 10, 0]",0.07219849526882172,1631,1622,150,Duke,fbs,ACC,27,"[7, 7, 3, 3, 7]",0.9278015047311783,1607,1616,7.446460983945154,,ACC Championship,
401777353,2025,15,regular,2025-12-07T01:00:00.000Z,False,True,True,False,68214,3812,Lucas Oil Stadium,194,Ohio State,fbs,Big Ten,10,"[7, 3, 0, 0]",0.12958920001983643,2169,2169,84,Indiana,fbs,Big Ten,13,"[3, 3, 7, 0]",0.8704107999801636,2191,2191,5.124939123123214,,Big Ten Championship,
401833977,2025,15,regular,2025-12-07T03:00:00.000Z,False,True,False,False,8525,3602,Aggie Stadium,302,UC Davis,fcs,Big Sky,47,"[3, 15, 15, 14]",0.9955039620399475,,,227,Rhode Island,fcs,Coastal Athletic,26,"[0, 20, 0, 6]",0.00449603796005249,,,5.991178780098841,,FCS Championship - Second Round,
401833985,2025,16,regular,2025-12-13T02:00:00.000Z,False,True,False,False,19807,3643,Bobcat Stadium,147,Montana State,fcs,Big Sky,44,"[7, 17, 10, 10]",0.9906399250030518,,,2617,Stephen F. Austin,fcs,Southland,28,"[0, 8, 13, 7]",0.009360074996948242,,,3.043540843516329,,FCS Championship - Quarterfinals,
401833986,2025,16,regular,2025-12-13T17:00:00.000Z,False,True,False,False,,3827,"Memorial Stadium (Stephenville, TX)",2627,Tarleton State,fcs,UAC,21,"[14, 0, 7, 0]",0.0338524766266346,,,222,Villanova,fcs,Coastal Athletic,26,"[0, 12, 7, 7]",0.9661475233733654,,,5.5209638499956375,,FCS Championship - Quarterfinals,
401838337,2025,16,regular,2025-12-13T18:00:00.000Z,False,True,False,False,,980,Benedetti-Wehrli Stadium,3071,North Central College,iii,CCIW,35,"[7, 7, 14, 7]",,,,2802,Bethel (MN),iii,Minnesota,21,"[0, 7, 0, 14]",,,,,,Division III Championship - Quarterfinal,
401838336,2025,16,regular,2025-12-13T20:00:00.000Z,False,True,False,False,,5901,David Smith Stadium at Ramer Field,396,Wheaton (IL),iii,CCIW,21,"[0, 7, 7, 7]",,,,2723,Wisconsin River Falls,iii,Wisconsin,46,"[7, 13, 13, 13]",,,,,,Division III Championship - Quarterfinal,
401762521,2025,16,regular,2025-12-13T20:00:00.000Z,False,True,True,True,70936,3814,M&T Bank Stadium,2426,Navy,fbs,American Athletic,17,"[7, 0, 3, 7]",0.7359485030174255,1525,1527,349,Army,fbs,American Athletic,16,"[0, 13, 3, 0]",0.26405149698257446,1514,1512,4.799045878452558,,,
401833987,2025,16,regular,2025-12-13T20:30:00.000Z,False,True,False,False,,3987,Washington-Grizzly Stadium,149,Montana,fcs,Big Sky,52,"[10, 14, 7, 21]",0.9846432209014893,,,233,South Dakota,fcs,MVFC,22,"[0, 7, 0, 15]",0.015356779098510742,,,2.2346587926953343,,FCS Championship - Quarterfinals,
401836219,2025,16,regular,2025-12-13T22:00:00.000Z,False,True,False,False,,3602,Aggie Stadium,302,UC Davis,fcs,Big Sky,31,"[17, 0, 0, 14]",0.2317812591791153,,,2287,Illinois State,fcs,MVFC,42,"[21, 0, 14, 7]",0.7682187408208847,,,4.721800302543557,,FCS Championship - Quarterfinals,
