id,season,week,seasonType,startDate,startTimeTBD,completed,neutralSite,conferenceGame,attendance,venueId,venue,homeId,homeTeam,homeClassification,homeConference,homePoints,homeLineScores,homePostgameWinProbability,homePregameElo,homePostgameElo,awayId,awayTeam,awayClassification,awayConference,awayPoints,awayLineScores,awayPostgameWinProbability,awayPregameElo,awayPostgameElo,excitementIndex,highlights,notes,playoff
401218616,2020,1,regular,2020-08-30T01:00:00.000Z,False,True,True,False,,3689,Cramton Bowl,2110,Central Arkansas,fcs,Southland,24,"[0, 6, 7, 11]",,,,2046,Austin Peay,fcs,OVC,17,"[7, 3, 0, 7]",,,,,,,
401238035,2020,1,regular,2020-09-04T00:00:00.000Z,False,True,False,False,12716,3803,Legion Field,5,UAB,fbs,Conference USA,45,"[14, 14, 3, 14]",1,,,2110,Central Arkansas,fcs,Southland,35,"[7, 14, 0, 14]",0,,,3.530772016454403,https://www.youtube.com/watch?v=aBwb65AoLmQ,,
401207101,2020,1,regular,2020-09-04T01:00:00.000Z,False,True,False,False,,3815,M. M. Roberts Stadium,2572,Southern Miss,fbs,Conference USA,21,"[0, 10, 3, 8]",0.4005001187324524,1451,1406,6,South Alabama,fbs,Sun Belt,32,"[13, 0, 10, 9]",0.5994998812675476,1227,1272,5.393732199919355,https://www.youtube.com/watch?v=XzIoo20mNEo,,
401237353,2020,1,regular,2020-09-05T17:00:00.000Z,False,True,False,False,12001,3775,Joan C. Edwards Stadium,276,Marshall,fbs,Conference USA,59,"[21, 17, 14, 7]",0.9919722080230713,,,2198,Eastern Kentucky,fcs,OVC,0,"[0, 0, 0, 0]",0.008027791976928711,,,1.6358688656668747,https://www.youtube.com/watch?v=TBf5sm0SvaE,,
401235700,2020,1,regular,2020-09-05T17:30:00.000Z,False,True,False,False,5249,3841,Michie Stadium,349,Army,fbs,FBS Independents,42,"[7, 14, 14, 7]",0.9948192238807678,1495,1610,2393,Middle Tennessee,fbs,Conference USA,0,"[0, 0, 0, 0]",0.005180776119232178,1429,1314,1.4677486208544765,https://www.youtube.com/watch?v=FdOHH54jzW4,,
401212484,2020,1,regular,2020-09-05T20:30:00.000Z,False,True,False,False,7500,3644,Bobcat Stadium (TX),326,Texas State,fbs,Sun Belt,24,"[0, 14, 7, 3]",0.08072133362293243,1193,1206,2567,SMU,fbs,American Athletic,31,"[0, 14, 14, 3]",0.9192786663770676,1557,1544,7.283033252115729,https://www.youtube.com/watch?v=DV-qRe8YnqI,,
401207098,2020,1,regular,2020-09-05T23:30:00.000Z,False,True,False,False,7611,3825,DATCU Stadium,249,North Texas,fbs,Conference USA,57,"[14, 9, 20, 14]",0.978184163570404,,,2277,Houston Christian,fcs,Southland,31,"[0, 10, 7, 14]",0.021815836429595947,,,2.9068044795586028,https://www.youtube.com/watch?v=MRNGDI4smi0,,
401212553,2020,1,regular,2020-09-06T00:00:00.000Z,False,True,False,False,4537,3805,Simmons Bank Liberty Stadium,235,Memphis,fbs,American Athletic,37,"[7, 14, 13, 3]",0.9496133923530579,1698,1702,2032,Arkansas State,fbs,Sun Belt,24,"[14, 0, 3, 7]",0.05038660764694214,1431,1427,5.0593652483541955,https://www.youtube.com/watch?v=icu9T9MZt9c,,
401239884,2020,1,regular,2020-09-06T01:00:00.000Z,False,True,False,False,6047,3946,Sun Bowl,2638,UTEP,fbs,Conference USA,24,"[3, 14, 0, 7]",0.9730509519577026,,,2617,Stephen F. Austin,fcs,Southland,14,"[7, 7, 0, 0]",0.026949048042297363,,,3.9864193373225025,https://www.youtube.com/watch?v=oPjntxHEzkw,,
401234576,2020,1,regular,2020-09-08T00:00:00.000Z,False,True,False,False,0,3852,Navy-Marine Corps Memorial Stadium,2426,Navy,fbs,American Athletic,3,"[0, 0, 3, 0]",0,1625,1438,252,BYU,fbs,FBS Independents,55,"[14, 17, 17, 7]",1,1513,1700,2.2897891326914985,https://www.youtube.com/watch?v=4SIzQoVuVI0,,
401234559,2020,2,regular,2020-09-11T00:00:00.000Z,False,True,False,False,8153,3948,Hard Rock Stadium,2390,Miami,fbs,ACC,31,"[7, 7, 17, 0]",0.9978418110459198,1528,1553,5,UAB,fbs,Conference USA,14,"[7, 0, 7, 0]",0.0021581889540801535,1399,1374,3.686792617,https://www.youtube.com/watch?v=Lj96EKcMjp0,,
401236081,2020,2,regular,2020-09-12T16:00:00.000Z,False,True,False,False,0,3792,Kidd Brewer Stadium,2026,App State,fbs,Sun Belt,35,"[0, 14, 7, 14]",0.9968109726905823,1696,1700,2429,Charlotte,fbs,Conference USA,20,"[7, 3, 10, 0]",0.0031890273094177246,1377,1373,5.179850859180502,https://www.youtube.com/watch?v=f3psS2pd7iQ,,
401234565,2020,2,regular,2020-09-12T16:00:00.000Z,False,True,False,True,0,3787,Kenan Stadium,153,North Carolina,fbs,ACC,31,"[7, 0, 3, 21]",0.9533464312553406,1615,1663,183,Syracuse,fbs,ACC,6,"[0, 3, 3, 0]",0.046653568744659424,1481,1433,4.19619327471082,https://www.youtube.com/watch?v=BntiqPvE4_4,,
401236221,2020,2,regular,2020-09-12T16:00:00.000Z,False,True,False,False,0,3772,Jack Trice Stadium,66,Iowa State,fbs,Big 12,14,"[0, 14, 0, 0]",0.02640901692211628,1663,1621,309,Louisiana,fbs,Sun Belt,31,"[0, 10, 7, 14]",0.9735909830778837,1651,1693,4.765094930146596,https://www.youtube.com/watch?v=sTeQoqVIkss,,
401236053,2020,2,regular,2020-09-12T16:00:00.000Z,False,True,False,False,11041,3636,Bill Snyder Family Stadium,2306,Kansas State,fbs,Big 12,31,"[7, 14, 0, 10]",0.8137663006782532,1632,1611,2032,Arkansas State,fbs,Sun Belt,35,"[7, 7, 7, 14]",0.18623369932174683,1427,1448,8.19181256738783,https://www.youtube.com/watch?v=9uqT7ZS3UU4,,
401236038,2020,2,regular,2020-09-12T16:00:00.000Z,False,True,False,False,976,3842,Milan Puskar Stadium,277,West Virginia,fbs,Big 12,56,"[14, 28, 7, 7]",0.9788435697555542,,,2198,Eastern Kentucky,fcs,OVC,10,"[0, 7, 3, 0]",0.0211564302444458,,,2.063317808173314,https://www.youtube.com/watch?v=IQeuajdq2rE,,
401240113,2020,2,regular,2020-09-12T17:30:00.000Z,False,True,False,False,5362,3841,Michie Stadium,349,Army,fbs,FBS Independents,37,"[14, 3, 13, 7]",0.9977558255195618,1610,1654,2433,UL Monroe,fbs,Sun Belt,7,"[0, 7, 0, 0]",0.0022441744804382324,1305,1261,2.1935914642830774,https://www.youtube.com/watch?v=Ubc6tx8FZlI,,
401234574,2020,2,regular,2020-09-12T18:30:00.000Z,False,True,False,True,10097,3855,Notre Dame Stadium,87,Notre Dame,fbs,ACC,27,"[0, 10, 7, 10]",0.9117134809494019,1833,1828,150,Duke,fbs,ACC,13,"[3, 3, 7, 0]",0.08828651905059814,1411,1416,3.9132324022366944,https://www.youtube.com/watch?v=ZnAea5t2Jpo,,
401207113,2020,2,regular,2020-09-12T19:30:00.000Z,False,True,False,False,7500,3644,Bobcat Stadium (TX),326,Texas State,fbs,Sun Belt,48,"[7, 0, 14, 20, 7, 0]",0.08448116747259829,1206,1202,2636,UTSA,fbs,Conference USA,51,"[7, 17, 7, 10, 7, 3]",0.9155188325274017,1222,1226,8.0968410558,https://www.youtube.com/watch?v=7GU7CHm_VJw,,
401234563,2020,2,regular,2020-09-12T20:00:00.000Z,False,True,False,True,17538,3697,Doak Campbell Stadium,52,Florida State,fbs,ACC,13,"[10, 0, 3, 0]",0.09296277910470963,1496,1482,59,Georgia Tech,fbs,ACC,16,"[0, 0, 7, 9]",0.9070372208952904,1341,1355,6.033142041620959,https://www.youtube.com/watch?v=9nMuP7T_Dy4,,
401240233,2020,2,regular,2020-09-12T20:00:00.000Z,False,True,False,False,0,3752,Acrisure Stadium,221,Pittsburgh,fbs,ACC,55,"[21, 21, 0, 13]",0.9922709465026855,,,2046,Austin Peay,fcs,OVC,0,"[0, 0, 0, 0]",0.007729053497314453,,,1.7892453424425592,https://www.youtube.com/watch?v=mXSZxFDpU7s,,
401215298,2020,2,regular,2020-09-12T20:14:00.000Z,False,True,False,False,5789,3608,Allen E. Paulson Stadium,290,Georgia Southern,fbs,Sun Belt,27,"[3, 3, 7, 14]",0.4775134027004242,,,2097,Campbell,fcs,Big South,26,"[13, 0, 7, 6]",0.5224865972995758,,,5.838060930516899,https://www.youtube.com/watch?v=b3dRqtBzX8g,,
401240039,2020,2,regular,2020-09-12T23:00:00.000Z,False,True,False,False,0,3886,Raymond James Stadium,58,South Florida,fbs,American Athletic,27,"[7, 13, 0, 7]",0.9841903448104858,,,2643,The Citadel,fcs,Southern,6,"[3, 3, 0, 0]",0.01580965518951416,,,3.647568400492876,https://www.youtube.com/watch?v=qd6lIPmXxd0,,
401236054,2020,2,regular,2020-09-12T23:00:00.000Z,False,True,False,False,22700,3835,"Memorial Stadium (Norman, OK)",201,Oklahoma,fbs,Big 12,48,"[31, 10, 0, 7]",0.9847715497016907,,,2623,Missouri State,fcs,MVFC,0,"[0, 0, 0, 0]",0.015228450298309326,,,1.5217439171807021,https://www.youtube.com/watch?v=4KdlbOdwXss,,
401239973,2020,2,regular,2020-09-12T23:30:00.000Z,False,True,False,False,6000,6526,Hancock Whitney Stadium,6,South Alabama,fbs,Sun Belt,24,"[0, 14, 10, 0]",0.631665050983429,1272,1282,2655,Tulane,fbs,American Athletic,27,"[0, 6, 7, 14]",0.36833494901657104,1531,1521,5.654747580372092,https://www.youtube.com/watch?v=UvWJEWeeKpY,,
401234562,2020,2,regular,2020-09-12T23:30:00.000Z,False,True,False,True,68,3630,Allegacy Federal Credit Union Stadium,154,Wake Forest,fbs,ACC,13,"[0, 0, 3, 10]",0.0087372912093997,1510,1506,228,Clemson,fbs,ACC,37,"[14, 13, 10, 0]",0.9912627087906003,2062,2066,4.053258015126654,https://www.youtube.com/watch?v=CGH54tBpV8U,,
401236222,2020,2,regular,2020-09-13T00:00:00.000Z,False,True,False,False,15337,3910,DKR-Texas Memorial Stadium,251,Texas,fbs,Big 12,59,"[21, 24, 7, 7]",0.9864205121994019,1744,1833,2638,UTEP,fbs,Conference USA,3,"[0, 3, 0, 0]",0.013579487800598145,1145,1056,1.4815823813906852,https://www.youtube.com/watch?v=AeTry4rSNtc,,
401236039,2020,2,regular,2020-09-13T00:00:00.000Z,False,True,False,False,11157,3784,Jones AT&T Stadium,2641,Texas Tech,fbs,Big 12,35,"[14, 7, 7, 7]",0.5490561723709106,,,2277,Houston Christian,fcs,Southland,33,"[3, 7, 10, 13]",0.45094382762908936,,,4.719001607500179,https://www.youtube.com/watch?v=HSFruLzEXFE,,
401234564,2020,2,regular,2020-09-13T00:00:00.000Z,False,True,False,False,11179,3873,L&N Federal Credit Union Stadium,97,Louisville,fbs,ACC,35,"[7, 21, 7, 0]",0.7706949710845947,1437,1472,98,Western Kentucky,fbs,Conference USA,21,"[7, 0, 7, 7]",0.22930502891540527,1515,1480,3.5589870246444124,https://www.youtube.com/watch?v=F7iVWQf7nHA,,
401236658,2020,2,regular,2020-09-13T02:00:00.000Z,False,True,False,False,0,3833,Memorial Stadium,2305,Kansas,fbs,Big 12,23,"[0, 3, 14, 6]",0,1315,1280,324,Coastal Carolina,fbs,Sun Belt,38,"[14, 14, 0, 10]",1,1316,1351,3.4130798388370844,https://www.youtube.com/watch?v=O8AI01dJz_o,,
401240126,2020,3,regular,2020-09-18T23:30:00.000Z,False,True,False,False,5000,3654,Brooks Stadium (SC),324,Coastal Carolina,fbs,Sun Belt,43,"[14, 7, 7, 15]",0.994979202747345,,,2097,Campbell,fcs,Big South,21,"[0, 9, 0, 12]",0.005020797252655029,,,2.2256312379609695,https://www.youtube.com/watch?v=4KY782Y_qdI,,
401215301,2020,3,regular,2020-09-19T16:00:00.000Z,False,True,False,True,4126,4246,Center Parc Stadium,2247,Georgia State,fbs,Sun Belt,31,"[7, 7, 7, 7, 3]",0.2788357138633728,1305,1322,309,Louisiana,fbs,Sun Belt,34,"[0, 7, 14, 7, 6]",0.7211642861366272,1693,1676,7.854808489981009,https://www.youtube.com/watch?v=OCBawXf_fu8,,
401212541,2020,3,regular,2020-09-19T16:00:00.000Z,False,True,False,False,0,3854,Nippert Stadium,2132,Cincinnati,fbs,American Athletic,55,"[14, 14, 14, 13]",0.9964122772216797,,,2046,Austin Peay,fcs,OVC,20,"[3, 0, 3, 14]",0.0035877227783203125,,,2.1361090031339836,https://www.youtube.com/watch?v=2wgK8vIQAX0,,
401234571,2020,3,regular,2020-09-19T16:00:00.000Z,False,True,False,True,0,3752,Acrisure Stadium,221,Pittsburgh,fbs,ACC,21,"[7, 7, 7, 0]",0.8752428889274597,1503,1518,183,Syracuse,fbs,ACC,10,"[3, 7, 0, 0]",0.12475711107254028,1433,1418,4.387469609652978,https://www.youtube.com/watch?v=8GPQR_kvbsM,,
401207124,2020,3,regular,2020-09-19T16:00:00.000Z,False,True,False,False,4276,3796,Houchens Industries-L.T. Smith Stadium,98,Western Kentucky,fbs,Conference USA,24,"[0, 10, 7, 7]",0.3537887930870056,1480,1462,2335,Liberty,fbs,FBS Independents,30,"[10, 7, 7, 6]",0.6462112069129944,1390,1408,4.856138402003375,https://www.youtube.com/watch?v=MyVKtxdkIOI,,
401212522,2020,3,regular,2020-09-19T16:00:00.000Z,False,True,False,True,,4729,Yulman Stadium,2655,Tulane,fbs,American Athletic,24,"[10, 14, 0, 0]",0.413221150636673,1521,1511,2426,Navy,fbs,American Athletic,27,"[0, 0, 16, 8]",0.586778849363327,1438,1448,4.02255149981125,https://www.youtube.com/watch?v=LVI5o_-jevU,,
401234567,2020,3,regular,2020-09-19T16:00:00.000Z,False,True,False,True,0,3982,Wallace Wade Stadium,150,Duke,fbs,ACC,6,"[6, 0, 0, 0]",0.03256316855549812,1416,1371,103,Boston College,fbs,ACC,26,"[7, 0, 16, 3]",0.9674368314445019,1465,1510,3.7284444221477577,https://www.youtube.com/watch?v=HCIhHlAFAZo,,
401236041,2020,3,regular,2020-09-19T16:00:00.000Z,False,True,False,False,14668,3646,Boone Pickens Stadium,197,Oklahoma State,fbs,Big 12,16,"[3, 0, 0, 13]",0.8733466267585754,1596,1599,202,Tulsa,fbs,American Athletic,7,"[0, 7, 0, 0]",0.12665337324142456,1413,1410,5.628499102048358,https://www.youtube.com/watch?v=Q7ogziRlGFY,,
401241282,2020,3,regular,2020-09-19T18:30:00.000Z,False,True,False,False,10085,3855,Notre Dame Stadium,87,Notre Dame,fbs,ACC,52,"[14, 21, 10, 7]",0.9800781607627869,1828,1918,58,South Florida,fbs,American Athletic,0,"[0, 0, 0, 0]",0.019921839237213135,1335,1245,1.934534664642473,https://www.youtube.com/watch?v=DFt9HRKEMjQ,,
401240640,2020,3,regular,2020-09-19T19:30:00.000Z,False,True,False,False,6000,3725,"Johnny ""Red"" Floyd Stadium",2393,Middle Tennessee,fbs,Conference USA,14,"[7, 0, 0, 7]",0.020098235458135605,1314,1229,2653,Troy,fbs,Sun Belt,47,"[7, 19, 14, 7]",0.9799017645418644,1388,1473,3.3934518709514427,https://www.youtube.com/watch?v=9v2L1ymHENg,,
401234568,2020,3,regular,2020-09-19T19:30:00.000Z,False,True,False,False,11000,721,Bobby Dodd Stadium,59,Georgia Tech,fbs,ACC,21,"[7, 7, 0, 7]",0.03963344916701317,1355,1325,2116,UCF,fbs,American Athletic,49,"[7, 21, 0, 21]",0.9603665508329868,1757,1787,4.383411512766515,https://www.youtube.com/watch?v=HM9hGkaFK9Q,,
401240041,2020,3,regular,2020-09-19T19:30:00.000Z,False,True,False,False,6611,3604,Alamodome,2636,UTSA,fbs,Conference USA,24,"[3, 14, 0, 7]",0.8937652707099915,,,2617,Stephen F. Austin,fcs,Southland,10,"[0, 7, 3, 0]",0.10623472929000854,,,3.312256515587194,https://www.youtube.com/watch?v=6vpHXRbmGoc,,
401236939,2020,3,regular,2020-09-19T19:30:00.000Z,False,True,False,False,12050,3775,Joan C. Edwards Stadium,276,Marshall,fbs,Conference USA,17,"[7, 3, 7, 0]",0.6271799802780151,1464,1499,2026,App State,fbs,Sun Belt,7,"[7, 0, 0, 0]",0.37282001972198486,1700,1665,3.8234870229550286,https://www.youtube.com/watch?v=npkg4iCqwb0,,
401237492,2020,3,regular,2020-09-19T20:00:00.000Z,False,True,False,False,18609,3836,"Memorial Stadium (Clemson, SC)",228,Clemson,fbs,ACC,49,"[28, 21, 0, 0]",0.8657563924789429,,,2643,The Citadel,fcs,Southern,0,"[0, 0, 0, 0]",0.13424360752105713,,,1.9804405231715119,https://www.youtube.com/watch?v=1NVx-H7DD-I,,
401207120,2020,3,regular,2020-09-19T22:00:00.000Z,False,True,False,False,8464,3825,DATCU Stadium,249,North Texas,fbs,Conference USA,35,"[0, 7, 14, 14]",0.07519974559545517,1384,1320,2567,SMU,fbs,American Athletic,65,"[21, 13, 21, 10]",0.9248002544045448,1544,1608,3.6485597023223844,https://www.youtube.com/watch?v=UB66Fxslll0,,
401215302,2020,3,regular,2020-09-19T23:30:00.000Z,False,True,False,True,5816,3817,Malone Stadium,2433,UL Monroe,fbs,Sun Belt,17,"[7, 7, 3, 0]",0.03174443170428276,1261,1200,326,Texas State,fbs,Sun Belt,38,"[14, 17, 0, 7]",0.9682555682957172,1202,1263,4.133945967068259,https://www.youtube.com/watch?v=EvZ3r2jlYXE,,
401234569,2020,3,regular,2020-09-19T23:30:00.000Z,False,True,False,True,12120,3873,L&N Federal Credit Union Stadium,97,Louisville,fbs,ACC,34,"[3, 3, 14, 14]",0.0779867023229599,1472,1451,2390,Miami,fbs,ACC,47,"[14, 6, 17, 10]",0.9220132976770401,1553,1574,4.5859479340021805,https://www.youtube.com/watch?v=thC8XALixU0,,
401207106,2020,3,regular,2020-09-19T23:30:00.000Z,False,True,False,True,,3815,M. M. Roberts Stadium,2572,Southern Miss,fbs,Conference USA,30,"[0, 13, 14, 3]",0.6261359453201294,1406,1411,2348,Louisiana Tech,fbs,Conference USA,31,"[7, 3, 14, 7]",0.3738640546798706,1536,1531,5.44612363530914,https://www.youtube.com/watch?v=saOif_KkA-Q,,
401234570,2020,3,regular,2020-09-20T00:00:00.000Z,False,True,False,True,350,3670,Carter-Finley Stadium,152,NC State,fbs,ACC,45,"[14, 7, 14, 10]",0.9581806659698486,1347,1350,154,Wake Forest,fbs,ACC,42,"[7, 14, 14, 7]",0.04181933403015137,1506,1503,6.744116611467325,https://www.youtube.com/watch?v=UriCpKUUSKI,,
401239885,2020,3,regular,2020-09-20T01:00:00.000Z,False,True,False,False,6056,3946,Sun Bowl,2638,UTEP,fbs,Conference USA,17,"[0, 10, 0, 7]",0.8587443232536316,,,2000,Abilene Christian,fcs,Southland,13,"[7, 0, 3, 3]",0.1412556767463684,,,4.676049312741457,https://www.youtube.com/watch?v=XusNW9NxWTs,,
401207132,2020,4,regular,2020-09-24T23:30:00.000Z,False,True,False,False,5766,6526,Hancock Whitney Stadium,6,South Alabama,fbs,Sun Belt,10,"[0, 10, 0, 0]",0.02693873830139637,1282,1203,5,UAB,fbs,Conference USA,42,"[14, 14, 0, 14]",0.9730612616986036,1374,1453,3.7628848281891507,https://www.youtube.com/watch?v=eUiXsotVFfg,,
401207134,2020,4,regular,2020-09-26T00:00:00.000Z,False,True,False,False,6182,3604,Alamodome,2636,UTSA,fbs,Conference USA,37,"[0, 17, 17, 3]",0.24831503629684448,1226,1227,2393,Middle Tennessee,fbs,Conference USA,35,"[3, 7, 13, 12]",0.7516849637031555,1229,1228,7.302339140070646,https://www.youtube.com/watch?v=fKrNkX5njMw,,
401236253,2020,4,regular,2020-09-26T16:00:00.000Z,False,True,False,False,0,3792,Kidd Brewer Stadium,2026,App State,fbs,Sun Belt,52,"[7, 10, 21, 14]",0.9976921081542969,,,2097,Campbell,fcs,Big South,21,"[7, 6, 0, 8]",0.002307891845703125,,,3.735962876095259,https://www.youtube.com/watch?v=mF7Em0MULmM,,
401215303,2020,4,regular,2020-09-26T16:00:00.000Z,False,True,False,True,5585,3666,Cajun Field,309,Louisiana,fbs,Sun Belt,20,"[0, 7, 3, 10]",0.7191964983940125,1676,1674,290,Georgia Southern,fbs,Sun Belt,18,"[0, 7, 3, 8]",0.28080350160598755,1465,1467,6.027724369020665,https://www.youtube.com/watch?v=V3TeKps8HmE,,
401237034,2020,4,regular,2020-09-26T16:00:00.000Z,False,True,False,True,17490,3785,Jordan-Hare Stadium,2,Auburn,fbs,SEC,29,"[8, 0, 7, 14]",0.9935002326965332,1782,1804,96,Kentucky,fbs,SEC,13,"[7, 0, 6, 0]",0.006499767303466797,1649,1627,4.897774974464461,https://www.youtube.com/watch?v=Ayn4PO5nNhY,,
401234595,2020,4,regular,2020-09-26T16:00:00.000Z,False,True,False,True,0,3752,Acrisure Stadium,221,Pittsburgh,fbs,ACC,23,"[13, 7, 3, 0]",0.8751921057701111,1518,1518,97,Louisville,fbs,ACC,20,"[7, 10, 3, 0]",0.12480789422988892,1451,1451,4.80644995603446,https://www.youtube.com/watch?v=yOFDQxoB9dA,,
401212536,2020,4,regular,2020-09-26T16:00:00.000Z,False,True,False,True,305,3699,Dowdy-Ficklen Stadium,151,East Carolina,fbs,American Athletic,28,"[7, 0, 7, 14]",0.014662007801234722,1237,1235,2116,UCF,fbs,American Athletic,51,"[10, 17, 14, 10]",0.9853379921987653,1787,1789,5.196301302536316,https://www.youtube.com/watch?v=0nnLfNNcQo4,,
401235996,2020,4,regular,2020-09-26T16:00:00.000Z,False,True,False,True,22700,3835,"Memorial Stadium (Norman, OK)",201,Oklahoma,fbs,Big 12,35,"[7, 14, 14, 0]",0.10642495006322861,1771,1756,2306,Kansas State,fbs,Big 12,38,"[0, 7, 14, 17]",0.8935750499367714,1611,1626,4.859333490384697,https://www.youtube.com/watch?v=G_mCOVSc-kc,,
401234594,2020,4,regular,2020-09-26T16:00:00.000Z,False,True,False,True,0,1964,JMA Wireless Dome,183,Syracuse,fbs,ACC,37,"[17, 6, 7, 7]",0.9657066464424133,1418,1446,59,Georgia Tech,fbs,ACC,20,"[0, 13, 7, 0]",0.03429335355758667,1325,1297,3.923090303942165,https://www.youtube.com/watch?v=t9Lje4n83L4,,
401236952,2020,4,regular,2020-09-26T16:00:00.000Z,False,True,False,True,13926,3974,Vaught-Hemingway Stadium,145,Ole Miss,fbs,SEC,35,"[7, 7, 7, 14]",0.20928771793842316,1558,1542,57,Florida,fbs,SEC,51,"[14, 14, 13, 10]",0.7907122820615768,1778,1794,5.222104712673245,https://www.youtube.com/watch?v=eONl1EyZwZA,,
401207126,2020,4,regular,2020-09-26T17:00:00.000Z,False,True,False,False,1000,3992,Williams Stadium (VA),2335,Liberty,fbs,FBS Independents,36,"[14, 0, 13, 9]",0.7693524360656738,1408,1408,2229,Florida International,fbs,Conference USA,34,"[14, 0, 14, 6]",0.23064756393432617,1383,1383,7.14604402074181,https://www.youtube.com/watch?v=-t6OXsJ8uNc,,
401237493,2020,4,regular,2020-09-26T17:00:00.000Z,False,True,False,False,,3782,Johnson Hagood Stadium,2643,The Citadel,fcs,Southern,14,"[7, 7, 0, 0]",,,,2198,Eastern Kentucky,fcs,OVC,37,"[13, 10, 7, 7]",,,,,,,
401235994,2020,4,regular,2020-09-26T17:30:00.000Z,False,True,False,True,11852,3616,Amon G. Carter Stadium,2628,TCU,fbs,Big 12,34,"[0, 7, 14, 13]",0.09975361824035645,1583,1581,66,Iowa State,fbs,Big 12,37,"[0, 16, 7, 14]",0.9002463817596436,1621,1623,7.519386090935537,https://www.youtube.com/watch?v=eDdSB3TcX90,,
401237035,2020,4,regular,2020-09-26T19:30:00.000Z,False,True,False,True,21124,3958,Tiger Stadium (LA),99,LSU,fbs,SEC,34,"[0, 14, 10, 10]",0.14350320398807526,2061,1988,344,Mississippi State,fbs,SEC,44,"[3, 14, 10, 17]",0.8564967960119247,1550,1623,8.442302753406883,https://www.youtube.com/watch?v=9fwhr-dnPnM,,
401235997,2020,4,regular,2020-09-26T19:30:00.000Z,False,True,False,True,14672,3646,Boone Pickens Stadium,197,Oklahoma State,fbs,Big 12,27,"[0, 20, 0, 7]",0.7540028095245361,1599,1619,277,West Virginia,fbs,Big 12,13,"[0, 7, 3, 3]",0.24599719047546387,1507,1487,3.6316768743804415,https://www.youtube.com/watch?v=FQrXTPf-49k,,
401240194,2020,4,regular,2020-09-26T19:30:00.000Z,False,True,False,False,5491,3817,Malone Stadium,2433,UL Monroe,fbs,Sun Belt,6,"[0, 0, 6, 0]",0,1200,1114,2638,UTEP,fbs,Conference USA,31,"[7, 17, 0, 7]",1,1056,1142,2.6110409084824906,https://www.youtube.com/watch?v=GfufziJHZBk,,
401235995,2020,4,regular,2020-09-26T19:30:00.000Z,False,True,False,True,16615,3784,Jones AT&T Stadium,2641,Texas Tech,fbs,Big 12,56,"[7, 14, 21, 14, 0]",0.22655047476291656,1525,1534,251,Texas,fbs,Big 12,63,"[17, 14, 7, 18, 7]",0.7734495252370834,1833,1824,9.716478903477524,https://www.youtube.com/watch?v=rPH6jTqDgL4,,
401240996,2020,4,regular,2020-09-26T19:30:00.000Z,False,True,False,False,0,3854,Nippert Stadium,2132,Cincinnati,fbs,American Athletic,24,"[3, 7, 7, 7]",0.8648641705513,1673,1700,349,Army,fbs,FBS Independents,10,"[7, 0, 0, 3]",0.13513582944869995,1654,1627,4.9368415401695405,https://www.youtube.com/watch?v=qfQv3kXBpJA,,
401234638,2020,4,regular,2020-09-26T20:00:00.000Z,False,True,False,True,1000,3923,Scott Stadium,258,Virginia,fbs,ACC,38,"[0, 17, 0, 21]",0.9588618278503418,1609,1627,150,Duke,fbs,ACC,20,"[10, 0, 10, 0]",0.0411381721496582,1371,1353,6.070494328509255,https://www.youtube.com/watch?v=XTX7IHNy66c,,
401237033,2020,4,regular,2020-09-26T20:00:00.000Z,False,True,False,True,16500,3887,Razorback Stadium,8,Arkansas,fbs,SEC,10,"[7, 0, 3, 0]",0.01333854254335165,1307,1292,61,Georgia,fbs,SEC,37,"[0, 5, 22, 10]",0.9866614574566483,1832,1847,5.23875134059569,https://www.youtube.com/watch?v=DBDmkduqn6Q,,
401241303,2020,4,regular,2020-09-26T22:00:00.000Z,False,True,False,False,0,3615,"Alumni Stadium (Chestnut Hill, MA)",103,Boston College,fbs,ACC,24,"[0, 7, 7, 10]",0.8029056787490845,1510,1508,326,Texas State,fbs,Sun Belt,21,"[7, 7, 7, 0]",0.19709432125091553,1263,1265,6.100716941061781,https://www.youtube.com/watch?v=rhCpLJOUlb4,,
401236951,2020,4,regular,2020-09-26T23:00:00.000Z,False,True,False,True,11738,3838,Memorial Stadium,142,Missouri,fbs,SEC,19,"[0, 3, 3, 13]",0.013650082983076572,1592,1582,333,Alabama,fbs,SEC,38,"[14, 14, 7, 3]",0.9863499170169234,1962,1972,2.697207550601074,https://www.youtube.com/watch?v=8OTaT209zFc,,
401234734,2020,4,regular,2020-09-26T23:00:00.000Z,False,True,False,False,,3815,M. M. Roberts Stadium,2572,Southern Miss,fbs,Conference USA,24,"[14, 7, 3, 0]",0.0030534816905856133,1411,1298,2655,Tulane,fbs,American Athletic,66,"[7, 24, 21, 14]",0.9969465183094144,1511,1624,4.122420249830722,https://www.youtube.com/watch?v=uDs0UuW0Qp4,,
401212485,2020,4,regular,2020-09-26T23:00:00.000Z,False,True,False,False,7898,3735,Gerald J. Ford Stadium,2567,SMU,fbs,American Athletic,50,"[22, 7, 7, 14]",0.989311695098877,,,2617,Stephen F. Austin,fcs,Southland,7,"[0, 0, 7, 0]",0.010688304901123047,,,1.8998550708773507,https://www.youtube.com/watch?v=1Ylmt4sel60,,
401232157,2020,4,regular,2020-09-26T23:00:00.000Z,False,True,False,False,7140,3776,Joe Aillet Stadium,2348,Louisiana Tech,fbs,Conference USA,66,"[17, 21, 14, 14]",0.9865707755088806,,,2277,Houston Christian,fcs,Southland,38,"[14, 3, 7, 14]",0.013429224491119385,,,4.353433549607618,https://www.youtube.com/watch?v=MWH3VBfaYn0,,
401237037,2020,4,regular,2020-09-26T23:30:00.000Z,False,True,False,True,24073,3795,Kyle Field,245,Texas A&M,fbs,SEC,17,"[7, 0, 7, 3]",0.5730537176132202,1647,1638,238,Vanderbilt,fbs,SEC,12,"[3, 2, 7, 0]",0.4269462823867798,1289,1298,4.843650602128619,https://www.youtube.com/watch?v=sGUDgOOQAl4,,
401234593,2020,4,regular,2020-09-26T23:30:00.000Z,False,True,False,True,12806,3948,Hard Rock Stadium,2390,Miami,fbs,ACC,52,"[14, 24, 0, 14]",0.9900270700454712,1574,1685,52,Florida State,fbs,ACC,10,"[3, 0, 7, 0]",0.009972929954528809,1482,1371,2.550949897119245,https://www.youtube.com/watch?v=1_J9bRppDr8,,
401237036,2020,4,regular,2020-09-26T23:30:00.000Z,False,True,False,True,15009,3994,Williams-Brice Stadium,2579,South Carolina,fbs,SEC,27,"[7, 0, 14, 6]",0.06917848438024521,1498,1495,2633,Tennessee,fbs,SEC,31,"[7, 7, 10, 7]",0.9308215156197548,1545,1548,6.136753233945127,https://www.youtube.com/watch?v=r5dPu1GdcQ8,,
401235993,2020,4,regular,2020-09-26T23:30:00.000Z,False,True,False,True,11667,4727,McLane Stadium,239,Baylor,fbs,Big 12,47,"[7, 10, 14, 16]",0.9933701157569885,1717,1756,2305,Kansas,fbs,Big 12,14,"[7, 0, 0, 7]",0.006629884243011475,1280,1241,3.6674759822938636,https://www.youtube.com/watch?v=Lda4HgUbKCo,,
401236381,2020,4,regular,2020-09-27T00:00:00.000Z,False,True,False,False,,3711,Estes Stadium,2110,Central Arkansas,fcs,Southland,27,"[0, 7, 6, 14]",,,,2623,Missouri State,fcs,MVFC,20,"[0, 17, 3, 0]",,,,,,,
401234566,2020,4,regular,2020-09-27T00:00:00.000Z,False,True,False,True,1000,3799,Lane Stadium,259,Virginia Tech,fbs,ACC,45,"[17, 14, 6, 8]",0.9833111763000488,1623,1645,152,NC State,fbs,ACC,24,"[0, 10, 7, 7]",0.016688823699951172,1350,1328,2.5007950195771147,https://www.youtube.com/watch?v=w2rquG1YqXY,,
401236223,2020,4,regular,2020-09-27T02:15:00.000Z,False,True,False,False,0,3801,LaVell Edwards Stadium,252,BYU,fbs,FBS Independents,48,"[7, 17, 14, 10]",0.9866097569465637,1700,1789,2653,Troy,fbs,Sun Belt,7,"[0, 7, 0, 0]",0.01339024305343628,1473,1384,2.5717944699086828,https://www.youtube.com/watch?v=6RlN2Tw8Evw,,
401240282,2020,5,regular,2020-10-02T23:00:00.000Z,False,True,False,False,2058,3630,Allegacy Federal Credit Union Stadium,154,Wake Forest,fbs,ACC,66,"[14, 10, 28, 14]",0.9967395067214966,,,2097,Campbell,fcs,Big South,14,"[0, 7, 7, 0]",0.003260493278503418,,,2.393499640966761,https://www.youtube.com/watch?v=B3Mt2_oew5Y,,
401246275,2020,5,regular,2020-10-03T01:00:00.000Z,False,True,False,False,0,3801,LaVell Edwards Stadium,252,BYU,fbs,FBS Independents,45,"[7, 21, 10, 7]",0.9939486980438232,1789,1842,2348,Louisiana Tech,fbs,Conference USA,14,"[7, 0, 0, 7]",0.006051301956176758,1531,1478,2.832976336438871,https://www.youtube.com/watch?v=_15zpgn-_8A,,
401237096,2020,5,regular,2020-10-03T16:00:00.000Z,False,True,False,True,15120,3634,Ben Hill Griffin Stadium,57,Florida,fbs,SEC,38,"[14, 10, 14, 0]",0.9911518096923828,1794,1798,2579,South Carolina,fbs,SEC,24,"[7, 7, 3, 7]",0.008848190307617188,1495,1491,4.096140277404698,https://www.youtube.com/watch?v=IWBASK73ieM,,
401234600,2020,5,regular,2020-10-03T16:00:00.000Z,False,True,False,True,0,3752,Acrisure Stadium,221,Pittsburgh,fbs,ACC,29,"[7, 6, 7, 9]",0.812575101852417,1518,1507,152,NC State,fbs,ACC,30,"[10, 7, 0, 13]",0.187424898147583,1328,1339,7.880186943384855,https://www.youtube.com/watch?v=MANHrUbC6Vk,,
401237099,2020,5,regular,2020-10-03T16:00:00.000Z,False,True,False,True,21159,3853,Neyland Stadium,2633,Tennessee,fbs,SEC,35,"[7, 14, 7, 7]",0.9826347827911377,1548,1608,142,Missouri,fbs,SEC,12,"[0, 6, 6, 0]",0.017365217208862305,1582,1522,2.466782580849676,https://www.youtube.com/watch?v=BNitudsjJ68,,
401236002,2020,5,regular,2020-10-03T16:00:00.000Z,False,True,False,True,17753,3910,DKR-Texas Memorial Stadium,251,Texas,fbs,Big 12,31,"[7, 7, 7, 10]",0.06990866363048553,1824,1807,2628,TCU,fbs,Big 12,33,"[7, 13, 3, 10]",0.9300913363695145,1581,1598,8.206007957214828,https://www.youtube.com/watch?v=9ylDmMDswto,,
401215304,2020,5,regular,2020-10-03T16:00:00.000Z,False,True,False,True,5000,3654,Brooks Stadium (SC),324,Coastal Carolina,fbs,Sun Belt,52,"[7, 17, 7, 21]",0.9989062547683716,1351,1440,2032,Arkansas State,fbs,Sun Belt,23,"[14, 0, 0, 9]",0.001093745231628418,1448,1359,3.795489209929004,https://www.youtube.com/watch?v=5TVaaJj22jY,,
401235998,2020,5,regular,2020-10-03T16:00:00.000Z,False,True,False,True,978,3842,Milan Puskar Stadium,277,West Virginia,fbs,Big 12,27,"[7, 0, 7, 0, 7, 6]",0.5589519739151001,1487,1509,239,Baylor,fbs,Big 12,21,"[0, 7, 0, 7, 7, 0]",0.4410480260848999,1756,1734,8.192961584858223,https://www.youtube.com/watch?v=0IfFlOboM7w,,
401212547,2020,5,regular,2020-10-03T16:00:00.000Z,False,True,False,False,3823,4246,Center Parc Stadium,2247,Georgia State,fbs,Sun Belt,49,"[21, 14, 0, 14]",1,1322,1360,151,East Carolina,fbs,American Athletic,29,"[7, 6, 3, 13]",0,1235,1197,3.171933686871805,https://www.youtube.com/watch?v=B4TsQAOndUk,,
401207141,2020,5,regular,2020-10-03T16:30:00.000Z,False,True,False,True,12547,3803,Legion Field,5,UAB,fbs,Conference USA,21,"[7, 7, 7, 0]",0.8075145483016968,1453,1452,2636,UTSA,fbs,Conference USA,13,"[3, 3, 0, 7]",0.19248545169830322,1227,1228,3.4799451241234363,https://www.youtube.com/watch?v=rVbxaqdDgQQ,,
401237513,2020,5,regular,2020-10-03T17:00:00.000Z,False,True,False,False,1000,3992,Williams Stadium (VA),2335,Liberty,fbs,FBS Independents,28,"[0, 7, 14, 7]",0.9929121136665344,,,2453,North Alabama,fcs,Big South,7,"[0, 0, 0, 7]",0.007087886333465576,,,3.245092805964362,https://www.youtube.com/watch?v=cNjgltUppxk,,
401240040,2020,5,regular,2020-10-03T17:30:00.000Z,False,True,False,False,5306,3841,Michie Stadium,349,Army,fbs,FBS Independents,55,"[7, 16, 15, 17]",0.9944284558296204,,,2000,Abilene Christian,fcs,Southland,23,"[0, 3, 7, 13]",0.005571544170379639,,,1.9834596411481995,https://www.youtube.com/watch?v=NP07Kw8a64w,,
401246566,2020,5,regular,2020-10-03T19:00:00.000Z,False,True,False,False,,3908,Roy Kidd Stadium,2198,Eastern Kentucky,fcs,OVC,30,"[7, 0, 10, 13]",,,,2277,Houston Christian,fcs,Southland,33,"[14, 10, 7, 2]",,,,,,,
401236000,2020,5,regular,2020-10-03T19:30:00.000Z,False,True,False,True,9480,3833,Memorial Stadium,2305,Kansas,fbs,Big 12,7,"[0, 0, 0, 7]",0.00273160170763731,1241,1172,197,Oklahoma State,fbs,Big 12,47,"[10, 21, 13, 3]",0.9972683982923627,1619,1688,3.1826134660462024,https://www.youtube.com/watch?v=CNPodiuVISE,,
401212476,2020,5,regular,2020-10-03T19:30:00.000Z,False,True,False,True,0,3854,Nippert Stadium,2132,Cincinnati,fbs,American Athletic,28,"[7, 7, 14, 0]",0.9982535243034363,1700,1706,58,South Florida,fbs,American Athletic,7,"[0, 0, 7, 0]",0.0017464756965637207,1245,1239,3.399329309243544,https://www.youtube.com/watch?v=91b-kbmORss,,
401236001,2020,5,regular,2020-10-03T19:30:00.000Z,False,True,False,True,10932,3636,Bill Snyder Family Stadium,2306,Kansas State,fbs,Big 12,31,"[7, 7, 3, 14]",0.9669226408004761,1626,1637,2641,Texas Tech,fbs,Big 12,21,"[0, 0, 14, 7]",0.033077359199523926,1534,1523,5.1926603554698545,https://www.youtube.com/watch?v=jL9WO16soG0,,
401240124,2020,5,regular,2020-10-03T19:30:00.000Z,False,True,False,False,,3714,Fargodome,2449,North Dakota State,fcs,MVFC,39,"[0, 10, 8, 21]",,,,2110,Central Arkansas,fcs,Southland,28,"[3, 3, 14, 8]",,,,,,,
401212486,2020,5,regular,2020-10-03T19:30:00.000Z,False,True,False,True,7898,3735,Gerald J. Ford Stadium,2567,SMU,fbs,American Athletic,30,"[17, 7, 3, 3]",0.7312250733375549,1608,1610,235,Memphis,fbs,American Athletic,27,"[3, 17, 7, 0]",0.26877492666244507,1702,1700,5.598803848026533,https://www.youtube.com/watch?v=rhgYKfhjveU,,
401234597,2020,5,regular,2020-10-03T19:30:00.000Z,False,True,False,True,0,3615,"Alumni Stadium (Chestnut Hill, MA)",103,Boston College,fbs,ACC,22,"[3, 13, 0, 6]",0.006602516462771808,1508,1511,153,North Carolina,fbs,ACC,26,"[14, 7, 3, 2]",0.9933974835372282,1663,1660,4.1123972836,https://www.youtube.com/watch?v=7MTIWWHdG4E,,
401237093,2020,5,regular,2020-10-03T19:30:00.000Z,False,True,False,True,19424,3657,Bryant-Denny Stadium,333,Alabama,fbs,SEC,52,"[14, 21, 7, 10]",0.9331650137901306,1972,2007,245,Texas A&M,fbs,SEC,24,"[7, 7, 3, 7]",0.06683498620986938,1638,1603,3.9213482588189006,https://www.youtube.com/watch?v=Y_OysCOGbrk,,
401237097,2020,5,regular,2020-10-03T20:00:00.000Z,False,True,False,True,12000,3683,Kroger Field,96,Kentucky,fbs,SEC,41,"[14, 7, 7, 7, 6]",0.5997010469436646,1627,1622,145,Ole Miss,fbs,SEC,42,"[7, 7, 7, 14, 7]",0.40029895305633545,1542,1547,7.731476331046417,https://www.youtube.com/watch?v=hnUAHlwQGe8,,
401234599,2020,5,regular,2020-10-03T20:00:00.000Z,False,True,False,True,0,3982,Wallace Wade Stadium,150,Duke,fbs,ACC,31,"[7, 0, 7, 17]",0.07891356945037842,1353,1361,259,Virginia Tech,fbs,ACC,38,"[7, 3, 14, 14]",0.9210864305496216,1645,1637,7.982929033491444,https://www.youtube.com/watch?v=QvUXHUKQz6U,,
401238034,2020,5,regular,2020-10-03T20:00:00.000Z,False,True,False,False,13589,3697,Doak Campbell Stadium,52,Florida State,fbs,ACC,41,"[0, 14, 20, 7]",0.9070589542388916,,,55,Jacksonville State,fcs,OVC,24,"[14, 7, 3, 0]",0.0929410457611084,,,5.0158910479964005,https://www.youtube.com/watch?v=GRMmQfKoYOA,,
401207136,2020,5,regular,2020-10-03T20:00:00.000Z,False,True,False,True,5657,3715,FAU Stadium,2226,Florida Atlantic,fbs,Conference USA,21,"[0, 0, 21, 0]",0.3949923813343048,1685,1679,2429,Charlotte,fbs,Conference USA,17,"[10, 0, 0, 7]",0.6050076186656952,1373,1379,4.901430186742473,https://www.youtube.com/watch?v=0vFkiVDi2nQ,,
401240042,2020,5,regular,2020-10-03T21:00:00.000Z,False,True,False,False,,3756,Homer Bryce Stadium,2617,Stephen F. Austin,fcs,Southland,34,"[17, 0, 7, 10]",,,,2704,West Texas,ii,Lone Star,6,"[0, 0, 3, 3]",,,,,,,
401207138,2020,5,regular,2020-10-03T21:00:00.000Z,False,True,False,True,6500,3725,"Johnny ""Red"" Floyd Stadium",2393,Middle Tennessee,fbs,Conference USA,17,"[0, 10, 0, 7]",0.7198840975761414,1228,1237,98,Western Kentucky,fbs,Conference USA,20,"[0, 10, 3, 7]",0.28011590242385864,1462,1453,6.778797039128087,https://www.youtube.com/watch?v=HqXDkrSKYVY,,
401212557,2020,5,regular,2020-10-03T22:00:00.000Z,False,True,False,False,5000,3713,Falcon Stadium,2005,Air Force,fbs,Mountain West,40,"[3, 13, 3, 21]",0.9968340992927551,1645,1711,2426,Navy,fbs,American Athletic,7,"[0, 7, 0, 0]",0.003165900707244873,1448,1382,2.5174034717369573,https://www.youtube.com/watch?v=bzJHC15qCq8,,
401215305,2020,5,regular,2020-10-03T23:00:00.000Z,False,True,False,True,6338,3817,Malone Stadium,2433,UL Monroe,fbs,Sun Belt,30,"[3, 14, 6, 7]",0.3508971929550171,1114,1128,290,Georgia Southern,fbs,Sun Belt,35,"[7, 14, 14, 0]",0.6491028070449829,1467,1453,5.567450178052588,https://www.youtube.com/watch?v=F8sXsIGc8IA,,
401212531,2020,5,regular,2020-10-03T23:30:00.000Z,False,True,False,True,8874,3652,FBC Mortgage Stadium,2116,UCF,fbs,American Athletic,26,"[16, 7, 3, 0]",0.2650358974933624,1789,1739,202,Tulsa,fbs,American Athletic,34,"[2, 10, 13, 9]",0.7349641025066376,1410,1460,5.49459418588856,https://www.youtube.com/watch?v=dSUGJF4qkOE,,
401237094,2020,5,regular,2020-10-03T23:30:00.000Z,False,True,False,True,13564,3693,Davis Wade Stadium,344,Mississippi State,fbs,SEC,14,"[7, 0, 7, 0]",0.061433322727680206,1623,1581,8,Arkansas,fbs,SEC,21,"[7, 7, 7, 0]",0.9385666772723198,1292,1334,5.5943703918799725,https://www.youtube.com/watch?v=AtKCg5Ks2uA,,
401237095,2020,5,regular,2020-10-03T23:30:00.000Z,False,True,False,True,20524,3917,Sanford Stadium,61,Georgia,fbs,SEC,27,"[10, 14, 3, 0]",0.9932306408882141,1847,1892,2,Auburn,fbs,SEC,6,"[0, 3, 3, 0]",0.006769359111785889,1804,1759,2.119003148253606,https://www.youtube.com/watch?v=dQnFNnRnMis,,
401237098,2020,5,regular,2020-10-03T23:30:00.000Z,False,True,False,True,2000,3973,FirstBank Stadium,238,Vanderbilt,fbs,SEC,7,"[0, 7, 0, 0]",0,1298,1282,99,LSU,fbs,SEC,41,"[7, 14, 13, 7]",1,1988,2004,2.920918695302112,https://www.youtube.com/watch?v=q1liPYxxJTU,,
401207139,2020,5,regular,2020-10-03T23:30:00.000Z,False,True,False,True,6490,3825,DATCU Stadium,249,North Texas,fbs,Conference USA,31,"[3, 7, 7, 14]",0.2685867249965668,1320,1297,2572,Southern Miss,fbs,Conference USA,41,"[17, 3, 7, 14]",0.7314132750034332,1298,1321,4.627438394999257,https://www.youtube.com/watch?v=rLMkBaFRG1U,,
401235999,2020,5,regular,2020-10-03T23:30:00.000Z,False,True,False,True,13724,3772,Jack Trice Stadium,66,Iowa State,fbs,Big 12,37,"[3, 10, 10, 14]",0.8468325734138489,1623,1640,201,Oklahoma,fbs,Big 12,30,"[10, 7, 3, 10]",0.15316742658615112,1756,1739,7.018286433865896,https://www.youtube.com/watch?v=qWipeSpkpwQ,,
401234598,2020,5,regular,2020-10-04T00:00:00.000Z,False,True,False,True,18735,3836,"Memorial Stadium (Clemson, SC)",228,Clemson,fbs,ACC,41,"[10, 14, 10, 7]",0.986529529094696,2066,2067,258,Virginia,fbs,ACC,23,"[0, 10, 7, 6]",0.013470470905303955,1627,1626,3.469872813767713,https://www.youtube.com/watch?v=EyrmT0ScSPY,,
401212523,2020,6,regular,2020-10-08T23:30:00.000Z,False,True,False,True,8164,4728,TDECU Stadium,248,Houston,fbs,American Athletic,49,"[7, 14, 21, 7]",0.9923209547996521,1468,1525,2655,Tulane,fbs,American Athletic,31,"[17, 7, 7, 0]",0.0076790452003479,1624,1567,6.05553691585758,https://www.youtube.com/watch?v=miALflBAua4,,
401234601,2020,6,regular,2020-10-09T23:00:00.000Z,False,True,False,True,11000,721,Bobby Dodd Stadium,59,Georgia Tech,fbs,ACC,46,"[7, 7, 12, 20]",0.9883665442466736,1297,1357,97,Louisville,fbs,ACC,27,"[7, 14, 6, 0]",0.011633455753326416,1451,1391,6.186500558156853,https://www.youtube.com/watch?v=l1n6pu8-bI0,,
401237106,2020,6,regular,2020-10-10T16:00:00.000Z,False,True,False,True,1288,3973,FirstBank Stadium,238,Vanderbilt,fbs,SEC,7,"[0, 0, 7, 0]",0,1282,1211,2579,South Carolina,fbs,SEC,41,"[3, 7, 17, 14]",1,1491,1562,3.5606222663431373,https://www.youtube.com/watch?v=MC7RGmOw5R8,,
401234608,2020,6,regular,2020-10-10T16:00:00.000Z,False,True,False,True,1000,3923,Scott Stadium,258,Virginia,fbs,ACC,21,"[0, 7, 7, 7]",0,1626,1552,152,NC State,fbs,ACC,38,"[14, 10, 0, 14]",1,1339,1413,4.510867585905955,https://www.youtube.com/watch?v=tCs9mdc5uCw,,
401207215,2020,6,regular,2020-10-10T16:00:00.000Z,False,True,False,False,1000,3992,Williams Stadium (VA),2335,Liberty,fbs,FBS Independents,40,"[14, 10, 7, 9]",0.8312731981277466,1408,1464,2433,UL Monroe,fbs,Sun Belt,7,"[0, 0, 0, 7]",0.16872680187225342,1128,1072,2.2502835534870864,https://www.youtube.com/watch?v=iZZi1WGDPU4,,
401234607,2020,6,regular,2020-10-10T16:00:00.000Z,False,True,False,True,3535,3787,Kenan Stadium,153,North Carolina,fbs,ACC,56,"[21, 14, 7, 14]",1,1660,1678,259,Virginia Tech,fbs,ACC,45,"[0, 14, 23, 8]",0,1637,1619,2.9758536534418796,https://www.youtube.com/watch?v=aJ3ggXxrZJI,,
401237105,2020,6,regular,2020-10-10T16:00:00.000Z,False,True,False,True,10013,3958,Tiger Stadium (LA),99,LSU,fbs,SEC,41,"[14, 10, 17, 0]",0.46891191601753235,2004,1961,142,Missouri,fbs,SEC,45,"[14, 10, 14, 7]",0.5310880839824677,1522,1565,8.24772899793165,https://www.youtube.com/watch?v=fOgRjT5MtKk,,
401236005,2020,6,regular,2020-10-10T16:00:00.000Z,False,True,True,True,24000,499,Cotton Bowl,201,Oklahoma,fbs,Big 12,53,"[10, 7, 14, 0, 7, 7, 0, 8]",0.6143972873687744,1739,1763,251,Texas,fbs,Big 12,45,"[0, 17, 0, 14, 7, 7, 0, 0]",0.3856027126312256,1807,1783,10.546491255096416,https://www.youtube.com/watch?v=R9uIdKv2VO4,,
401237102,2020,6,regular,2020-10-10T16:00:00.000Z,False,True,False,True,24709,3795,Kyle Field,245,Texas A&M,fbs,SEC,41,"[7, 10, 7, 17]",0.9003182649612427,1603,1607,57,Florida,fbs,SEC,38,"[14, 7, 7, 10]",0.09968173503875732,1798,1794,10.755417562693252,https://www.youtube.com/watch?v=plcpMgb_xFk,,
401234605,2020,6,regular,2020-10-10T16:30:00.000Z,False,True,False,True,0,1964,JMA Wireless Dome,183,Syracuse,fbs,ACC,24,"[7, 7, 7, 3]",0.038736797869205475,1446,1405,150,Duke,fbs,ACC,38,"[10, 14, 6, 8]",0.9612632021307945,1361,1402,5.81492164287049,https://www.youtube.com/watch?v=qN9uPUV4qKM,,
401240114,2020,6,regular,2020-10-10T17:30:00.000Z,False,True,False,False,5344,3841,Michie Stadium,349,Army,fbs,FBS Independents,14,"[0, 7, 7, 0]",0.6571537256240845,,,2643,The Citadel,fcs,Southern,9,"[3, 0, 0, 6]",0.3428462743759155,,,4.276277915823917,https://www.youtube.com/watch?v=jFZl9VaPPfU,,
401240117,2020,6,regular,2020-10-10T19:00:00.000Z,False,True,False,False,,3662,AmFirst Stadium,55,Jacksonville State,fcs,OVC,34,"[3, 24, 0, 7]",,,,2382,Mercer,fcs,Southern,28,"[14, 0, 7, 7]",,,,,,,
401215308,2020,6,regular,2020-10-10T19:30:00.000Z,False,True,False,True,10500,3975,Veterans Memorial Stadium (AL),2653,Troy,fbs,Sun Belt,37,"[6, 17, 7, 7]",0.9906298518180847,1384,1419,326,Texas State,fbs,Sun Belt,17,"[3, 0, 7, 7]",0.009370148181915283,1265,1230,3.6609460211299174,https://www.youtube.com/watch?v=RedGJabDP5A,,
401236003,2020,6,regular,2020-10-10T19:30:00.000Z,False,True,False,True,13502,3772,Jack Trice Stadium,66,Iowa State,fbs,Big 12,31,"[7, 14, 7, 3]",0.9643746614456177,1640,1664,2641,Texas Tech,fbs,Big 12,15,"[7, 0, 0, 8]",0.035625338554382324,1523,1499,3.047681159453595,https://www.youtube.com/watch?v=CDWlkMHBdbE,,
401240997,2020,6,regular,2020-10-10T19:30:00.000Z,False,True,False,False,0,3801,LaVell Edwards Stadium,252,BYU,fbs,FBS Independents,27,"[0, 14, 7, 6]",0.8374966979026794,1842,1821,2636,UTSA,fbs,Conference USA,20,"[3, 0, 3, 14]",0.16250330209732056,1228,1249,3.9846623377742465,https://www.youtube.com/watch?v=o7x6kQWhchY,,
401237103,2020,6,regular,2020-10-10T19:30:00.000Z,False,True,False,True,20524,3917,Sanford Stadium,61,Georgia,fbs,SEC,44,"[7, 10, 13, 14]",0.9835008978843689,1892,1919,2633,Tennessee,fbs,SEC,21,"[7, 14, 0, 0]",0.016499102115631104,1608,1581,5.779461810665923,https://www.youtube.com/watch?v=lFBqXD7_Nqk,,
401246425,2020,6,regular,2020-10-10T19:30:00.000Z,False,True,False,False,4561,3625,Centennial Bank Stadium,2032,Arkansas State,fbs,Sun Belt,50,"[2, 21, 20, 7]",0.9846594333648682,,,2110,Central Arkansas,fcs,Southland,27,"[3, 10, 0, 14]",0.015340566635131836,,,4.729008287134541,https://www.youtube.com/watch?v=fzGQAYXqldI,,
401237101,2020,6,regular,2020-10-10T20:00:00.000Z,False,True,False,True,17490,3785,Jordan-Hare Stadium,2,Auburn,fbs,SEC,30,"[10, 10, 0, 10]",0.10658921803877522,1759,1754,8,Arkansas,fbs,SEC,28,"[0, 12, 6, 10]",0.8934107819612248,1334,1339,4.5095264924,https://www.youtube.com/watch?v=rK19RFfBVVY,,
401234603,2020,6,regular,2020-10-10T20:00:00.000Z,False,True,False,True,0,3615,"Alumni Stadium (Chestnut Hill, MA)",103,Boston College,fbs,ACC,31,"[3, 14, 7, 0, 7]",0.9936202764511108,1511,1512,221,Pittsburgh,fbs,ACC,30,"[7, 7, 7, 3, 6]",0.00637972354888916,1507,1506,8.116679840741629,https://www.youtube.com/watch?v=5PtxXdmlKRk,,
401207143,2020,6,regular,2020-10-10T20:00:00.000Z,False,True,False,True,2213,218,FIU Stadium,2229,Florida International,fbs,Conference USA,28,"[7, 7, 14, 0]",0.3820241689682007,1383,1369,2393,Middle Tennessee,fbs,Conference USA,31,"[0, 17, 7, 7]",0.6179758310317993,1237,1251,6.734876118552782,https://www.youtube.com/watch?v=xbYyJ2iAGnE,,
401236004,2020,6,regular,2020-10-10T20:00:00.000Z,False,True,False,True,12208,3616,Amon G. Carter Stadium,2628,TCU,fbs,Big 12,14,"[7, 0, 0, 7]",0.5099974870681763,1598,1588,2306,Kansas State,fbs,Big 12,21,"[6, 8, 7, 0]",0.49000251293182373,1637,1647,4.759421188886518,https://www.youtube.com/watch?v=RtGVIyUosLc,,
401212515,2020,6,regular,2020-10-10T22:00:00.000Z,False,True,False,True,4400,3852,Navy-Marine Corps Memorial Stadium,2426,Navy,fbs,American Athletic,31,"[7, 14, 7, 3]",0.6617124676704407,1382,1383,218,Temple,fbs,American Athletic,29,"[0, 10, 7, 12]",0.3382875323295593,1411,1410,4.797762322354564,https://www.youtube.com/watch?v=XG5sYzloH2Y,,
401212477,2020,6,regular,2020-10-10T23:00:00.000Z,False,True,False,True,6799,3886,Raymond James Stadium,58,South Florida,fbs,American Athletic,24,"[7, 10, 0, 7]",0.024982457980513573,1239,1184,151,East Carolina,fbs,American Athletic,44,"[17, 14, 7, 6]",0.9750175420194864,1197,1252,3.7984217654928907,https://www.youtube.com/watch?v=9IrItvgf-Dk,,
401207146,2020,6,regular,2020-10-10T23:30:00.000Z,False,True,False,True,4428,3796,Houchens Industries-L.T. Smith Stadium,98,Western Kentucky,fbs,Conference USA,14,"[0, 0, 7, 7]",0,1453,1395,276,Marshall,fbs,Conference USA,38,"[14, 14, 10, 0]",1,1499,1557,2.3517575061645783,https://www.youtube.com/watch?v=nVoCc4tDZFU,,
401237100,2020,6,regular,2020-10-10T23:30:00.000Z,False,True,False,True,14419,3974,Vaught-Hemingway Stadium,145,Ole Miss,fbs,SEC,48,"[7, 14, 14, 13]",0.11017776855378636,1547,1554,333,Alabama,fbs,SEC,63,"[7, 14, 21, 21]",0.8898222314462136,2007,2000,4.6125822772,https://www.youtube.com/watch?v=lyRbYzVX7u4,,
401207145,2020,6,regular,2020-10-10T23:30:00.000Z,False,True,False,True,7140,3776,Joe Aillet Stadium,2348,Louisiana Tech,fbs,Conference USA,21,"[7, 7, 0, 7]",0.6361367106437683,1478,1472,2638,UTEP,fbs,Conference USA,17,"[0, 7, 3, 7]",0.3638632893562317,1142,1148,4.8564164777284216,https://www.youtube.com/watch?v=PXbmio-RUjY,,
401237104,2020,6,regular,2020-10-10T23:30:00.000Z,False,True,False,True,12000,3683,Kroger Field,96,Kentucky,fbs,SEC,24,"[0, 14, 0, 10]",0.9559038877487183,1622,1671,344,Mississippi State,fbs,SEC,2,"[0, 0, 2, 0]",0.04409611225128174,1581,1532,3.255681308528576,https://www.youtube.com/watch?v=EIzIa3In8mM,,
401234604,2020,6,regular,2020-10-10T23:30:00.000Z,False,True,False,True,18885,3836,"Memorial Stadium (Clemson, SC)",228,Clemson,fbs,ACC,42,"[7, 14, 14, 7]",0.9898107051849365,2067,2089,2390,Miami,fbs,ACC,17,"[0, 10, 0, 7]",0.010189294815063477,1685,1663,2.528222022799173,https://www.youtube.com/watch?v=1L1A0zegZT0,,
401234606,2020,6,regular,2020-10-10T23:30:00.000Z,False,True,False,True,10409,3855,Notre Dame Stadium,87,Notre Dame,fbs,ACC,42,"[14, 21, 7, 0]",0.9868337512016296,1918,1907,52,Florida State,fbs,ACC,26,"[17, 3, 6, 0]",0.013166248798370361,1371,1382,4.741518404585081,https://www.youtube.com/watch?v=34hTCVElBvE,,
401207142,2020,6,regular,2020-10-11T00:00:00.000Z,False,True,False,True,6864,3825,DATCU Stadium,249,North Texas,fbs,Conference USA,21,"[0, 7, 7, 7]",0.026638511568307877,1297,1230,2429,Charlotte,fbs,Conference USA,49,"[7, 14, 14, 14]",0.9733614884316921,1379,1446,3.994463245403216,https://www.youtube.com/watch?v=V13kkEKNPfo,,
401215311,2020,7,regular,2020-10-14T23:30:00.000Z,False,True,False,True,5585,3666,Cajun Field,309,Louisiana,fbs,Sun Belt,27,"[7, 6, 7, 7]",0.10939574241638184,1674,1654,324,Coastal Carolina,fbs,Sun Belt,30,"[7, 6, 7, 10]",0.8906042575836182,1440,1460,7.089437369181362,https://www.youtube.com/watch?v=RGx2NESc1ak,,
401215310,2020,7,regular,2020-10-15T23:30:00.000Z,False,True,False,True,5496,3625,Centennial Bank Stadium,2032,Arkansas State,fbs,Sun Belt,59,"[14, 14, 17, 14]",0.8350116014480591,1359,1369,2247,Georgia State,fbs,Sun Belt,52,"[7, 21, 14, 10]",0.16498839855194092,1360,1350,9.186934149189685,https://www.youtube.com/watch?v=Pp_wydzUEHQ,,
401212487,2020,7,regular,2020-10-16T22:00:00.000Z,False,True,False,True,0,4729,Yulman Stadium,2655,Tulane,fbs,American Athletic,34,"[7, 10, 7, 10, 0]",0.15219434913503505,1567,1565,2567,SMU,fbs,American Athletic,37,"[10, 7, 10, 7, 3]",0.847805650864965,1610,1612,9.9710737315,https://www.youtube.com/watch?v=Bc8pPj5sCYQ,,
401212551,2020,7,regular,2020-10-17T01:30:00.000Z,False,True,False,False,10092,3801,LaVell Edwards Stadium,248,Houston,fbs,American Athletic,26,"[3, 17, 6, 0]",0.20014475286006927,1525,1513,252,BYU,fbs,FBS Independents,43,"[14, 0, 7, 22]",0.7998552471399307,1821,1833,5.446284694341621,https://www.youtube.com/watch?v=VLn2xLfUI44,,
401237109,2020,7,regular,2020-10-17T16:00:00.000Z,False,True,False,True,15766,3994,Williams-Brice Stadium,2579,South Carolina,fbs,SEC,30,"[0, 14, 13, 3]",1,1562,1587,2,Auburn,fbs,SEC,22,"[9, 7, 3, 3]",0,1754,1729,4.992835789612071,https://www.youtube.com/watch?v=-ydrIEwr6Lw,,
401236007,2020,7,regular,2020-10-17T16:00:00.000Z,False,True,False,True,10759,3842,Milan Puskar Stadium,277,West Virginia,fbs,Big 12,38,"[7, 10, 7, 14]",0.9108926057815552,1509,1525,2305,Kansas,fbs,Big 12,17,"[10, 0, 0, 7]",0.08910739421844482,1172,1156,4.739419018064538,https://www.youtube.com/watch?v=4ZUwJ3_fwwU,,
401234614,2020,7,regular,2020-10-17T16:00:00.000Z,False,True,False,True,9000,3948,Hard Rock Stadium,2390,Miami,fbs,ACC,31,"[7, 7, 14, 3]",0.6536082625389099,1663,1673,221,Pittsburgh,fbs,ACC,19,"[0, 6, 13, 0]",0.3463917374610901,1506,1496,3.933346842393798,https://www.youtube.com/watch?v=vk5ovQvryCg,,
401215313,2020,7,regular,2020-10-17T16:00:00.000Z,False,True,False,True,5142,6526,Hancock Whitney Stadium,6,South Alabama,fbs,Sun Belt,30,"[3, 14, 0, 13]",0.8312915563583374,1203,1222,326,Texas State,fbs,Sun Belt,20,"[7, 3, 7, 3]",0.1687084436416626,1230,1211,5.754257593751009,https://www.youtube.com/watch?v=oH5gmtXzBg4,,
401212548,2020,7,regular,2020-10-17T16:00:00.000Z,False,True,False,True,3500,3699,Dowdy-Ficklen Stadium,151,East Carolina,fbs,American Athletic,23,"[6, 7, 0, 10]",0.11897680163383484,1252,1254,2426,Navy,fbs,American Athletic,27,"[7, 6, 14, 0]",0.8810231983661652,1383,1381,5.761233122192282,https://www.youtube.com/watch?v=aGB59PoqcoQ,,
401212478,2020,7,regular,2020-10-17T16:00:00.000Z,False,True,False,True,782,3806,Lincoln Financial Field,218,Temple,fbs,American Athletic,39,"[10, 7, 9, 13]",0.44145330786705017,1410,1408,58,South Florida,fbs,American Athletic,37,"[7, 14, 10, 6]",0.5585466921329498,1184,1186,7.990474532982947,https://www.youtube.com/watch?v=Sx6s3vJAXzM,,
401237111,2020,7,regular,2020-10-17T16:00:00.000Z,False,True,False,True,22519,3853,Neyland Stadium,2633,Tennessee,fbs,SEC,7,"[0, 7, 0, 0]",0,1581,1518,96,Kentucky,fbs,SEC,34,"[0, 17, 10, 7]",1,1671,1734,3.587428874580066,https://www.youtube.com/watch?v=fB5v0Rk54jA,,
401234610,2020,7,regular,2020-10-17T16:00:00.000Z,False,True,False,True,11000,721,Bobby Dodd Stadium,59,Georgia Tech,fbs,ACC,7,"[7, 0, 0, 0]",0,1357,1252,228,Clemson,fbs,ACC,73,"[17, 35, 7, 14]",1,2089,2194,3.53273360591264,https://www.youtube.com/watch?v=d2UVc0or-XM,,
401234615,2020,7,regular,2020-10-17T16:00:00.000Z,False,True,False,False,0,1964,JMA Wireless Dome,183,Syracuse,fbs,ACC,21,"[7, 7, 0, 7]",0.03209520876407623,1405,1370,2335,Liberty,fbs,FBS Independents,38,"[14, 7, 14, 3]",0.9679047912359238,1464,1499,4.322826105413999,https://www.youtube.com/watch?v=5a6LnzAPMYI,,
401240115,2020,7,regular,2020-10-17T17:30:00.000Z,False,True,False,False,7887,3604,Alamodome,2636,UTSA,fbs,Conference USA,16,"[0, 10, 0, 6]",0.04736242815852165,1249,1255,349,Army,fbs,FBS Independents,28,"[7, 7, 7, 7]",0.9526375718414783,1627,1621,4.6643230905084225,https://www.youtube.com/watch?v=lJgFSjD71g8,,
401207153,2020,7,regular,2020-10-17T17:30:00.000Z,False,True,False,True,11098,3803,Legion Field,5,UAB,fbs,Conference USA,37,"[10, 14, 10, 3]",0.9682854413986206,1452,1502,98,Western Kentucky,fbs,Conference USA,14,"[7, 7, 0, 0]",0.031714558601379395,1395,1345,3.9297849939206206,,,
401240034,2020,7,regular,2020-10-17T18:00:00.000Z,False,True,False,False,,4133,Braly Municipal Stadium,2453,North Alabama,fcs,Big South,17,"[3, 7, 7, 0]",,,,55,Jacksonville State,fcs,OVC,24,"[0, 7, 14, 3]",,,,,,,
401234613,2020,7,regular,2020-10-17T18:30:00.000Z,False,True,False,True,10182,3855,Notre Dame Stadium,87,Notre Dame,fbs,ACC,12,"[6, 0, 6, 0]",0.5440476536750793,1907,1893,97,Louisville,fbs,ACC,7,"[0, 0, 7, 0]",0.45595234632492065,1391,1405,4.010423237244409,https://www.youtube.com/watch?v=-IoZR7tsAik,,
401212537,2020,7,regular,2020-10-17T19:30:00.000Z,False,True,False,True,10554,3805,Simmons Bank Liberty Stadium,235,Memphis,fbs,American Athletic,50,"[7, 7, 15, 21]",0.3333244323730469,1700,1702,2116,UCF,fbs,American Athletic,49,"[7, 20, 8, 14]",0.6666755676269531,1739,1737,8.27797185716343,https://www.youtube.com/watch?v=3M9gQH0jEhU,,
401237108,2020,7,regular,2020-10-17T19:30:00.000Z,False,True,False,True,16500,3887,Razorback Stadium,8,Arkansas,fbs,SEC,33,"[7, 13, 0, 13]",0.8895172476768494,1339,1380,145,Ole Miss,fbs,SEC,21,"[0, 0, 7, 14]",0.11048275232315063,1554,1513,3.7077082895569684,https://www.youtube.com/watch?v=725XXuIE4r4,,
401234611,2020,7,regular,2020-10-17T19:30:00.000Z,False,True,False,True,4032,3670,Carter-Finley Stadium,152,NC State,fbs,ACC,31,"[0, 14, 7, 10]",0.8364017009735107,1413,1432,150,Duke,fbs,ACC,20,"[7, 13, 0, 0]",0.16359829902648926,1402,1383,5.7053803017727,https://www.youtube.com/watch?v=76QSf0hvl-Y,,
401239872,2020,7,regular,2020-10-17T19:30:00.000Z,False,True,False,False,10500,3975,Veterans Memorial Stadium (AL),2653,Troy,fbs,Sun Belt,31,"[14, 7, 7, 3]",0.40863558650016785,,,2198,Eastern Kentucky,fcs,OVC,29,"[7, 10, 0, 12]",0.5913644134998322,,,7.182731205138004,https://www.youtube.com/watch?v=xwrtbLoEZlw,,
401250215,2020,7,regular,2020-10-17T20:00:00.000Z,False,True,False,False,4856,3608,Allen E. Paulson Stadium,290,Georgia Southern,fbs,Sun Belt,41,"[14, 14, 10, 3]",0.991138756275177,1453,1508,113,Massachusetts,fbs,FBS Independents,0,"[0, 0, 0, 0]",0.008861243724822998,955,900,1.6513939321053348,https://www.youtube.com/watch?v=v1UDkvbBc34,,
401234616,2020,7,regular,2020-10-17T20:00:00.000Z,False,True,False,True,2186,3630,Allegacy Federal Credit Union Stadium,154,Wake Forest,fbs,ACC,40,"[14, 6, 3, 17]",0.9743739366531372,1503,1545,258,Virginia,fbs,ACC,23,"[3, 17, 0, 3]",0.025626063346862793,1552,1510,5.172745639500106,https://www.youtube.com/watch?v=jBfDlkzMPM4,,
401237112,2020,7,regular,2020-10-17T20:00:00.000Z,False,True,False,True,13142,3693,Davis Wade Stadium,344,Mississippi State,fbs,SEC,14,"[0, 0, 7, 7]",0,1532,1507,245,Texas A&M,fbs,SEC,28,"[0, 14, 14, 0]",1,1607,1632,3.4596437745853343,https://www.youtube.com/watch?v=ix80DNcFKv8,,
401207150,2020,7,regular,2020-10-17T21:00:00.000Z,False,True,False,True,5000,3725,"Johnny ""Red"" Floyd Stadium",2393,Middle Tennessee,fbs,Conference USA,35,"[21, 7, 0, 7]",0.05320380628108978,1251,1208,249,North Texas,fbs,Conference USA,52,"[7, 14, 21, 10]",0.9467961937189102,1230,1273,5.522769001786707,https://www.youtube.com/watch?v=KAdFvrD6ugs,,
401249652,2020,7,regular,2020-10-17T21:00:00.000Z,False,True,False,False,,3756,Homer Bryce Stadium,2617,Stephen F. Austin,fcs,Southland,31,"[7, 7, 10, 7]",,,,2025,Angelo State,ii,Lone Star,12,"[0, 6, 6, 0]",,,,,,,
401207149,2020,7,regular,2020-10-17T22:00:00.000Z,False,True,False,True,7140,3776,Joe Aillet Stadium,2348,Louisiana Tech,fbs,Conference USA,17,"[0, 3, 7, 7]",0,1472,1437,276,Marshall,fbs,Conference USA,35,"[7, 7, 14, 7]",1,1557,1592,3.9837288200387935,https://www.youtube.com/watch?v=gh8pvT0Qxq0,,
401234612,2020,7,regular,2020-10-17T23:30:00.000Z,False,True,False,True,18016,3697,Doak Campbell Stadium,52,Florida State,fbs,ACC,31,"[7, 24, 0, 0]",0.931404173374176,1382,1387,153,North Carolina,fbs,ACC,28,"[0, 7, 14, 7]",0.06859582662582397,1678,1673,3.735815963870368,https://www.youtube.com/watch?v=T46Ieqg7lLQ,,
401234609,2020,7,regular,2020-10-18T00:00:00.000Z,False,True,False,True,1000,3799,Lane Stadium,259,Virginia Tech,fbs,ACC,40,"[3, 14, 10, 13]",0.999557375907898,1619,1673,103,Boston College,fbs,ACC,14,"[0, 7, 7, 0]",0.0004426240921020508,1512,1458,5.323569880520218,https://www.youtube.com/watch?v=Cc3_MI0Ne8o,,
401237107,2020,7,regular,2020-10-18T00:00:00.000Z,False,True,False,True,19424,3657,Bryant-Denny Stadium,333,Alabama,fbs,SEC,41,"[7, 13, 14, 7]",0.976147472858429,2000,2030,61,Georgia,fbs,SEC,24,"[7, 17, 0, 0]",0.023852527141571045,1919,1889,6.076984784978124,https://www.youtube.com/watch?v=_ChPXnfLz3c,,
401236382,2020,7,regular,2020-10-18T00:00:00.000Z,False,True,False,False,,3878,Plaster Sports Complex,2623,Missouri State,fcs,MVFC,24,"[0, 24, 0, 0]",,,,2110,Central Arkansas,fcs,Southland,33,"[3, 14, 16, 0]",,,,,,,
401240642,2020,8,regular,2020-10-22T23:30:00.000Z,False,True,False,True,2100,3792,Kidd Brewer Stadium,2026,App State,fbs,Sun Belt,45,"[14, 17, 7, 7]",0.9957854747772217,1665,1704,2032,Arkansas State,fbs,Sun Belt,17,"[7, 0, 10, 0]",0.00421452522277832,1369,1330,3.5584848533530673,https://www.youtube.com/watch?v=017DjpCIiT4,,
401250783,2020,8,regular,2020-10-23T23:00:00.000Z,False,True,False,False,1041,218,FIU Stadium,2229,Florida International,fbs,Conference USA,10,"[3, 0, 7, 0]",0.049048230051994324,,,55,Jacksonville State,fcs,OVC,19,"[3, 10, 3, 3]",0.9509517699480057,,,4.271717822013254,https://www.youtube.com/watch?v=fRqxalkFvPA,,
401212479,2020,8,regular,2020-10-23T23:30:00.000Z,False,True,False,True,5142,3886,Raymond James Stadium,58,South Florida,fbs,American Athletic,13,"[6, 0, 7, 0]",0.029736636206507683,1186,1139,202,Tulsa,fbs,American Athletic,42,"[7, 14, 21, 0]",0.9702633637934923,1460,1507,4.262168925590814,https://www.youtube.com/watch?v=7qy4ZRS9AHU,,
401247297,2020,8,regular,2020-10-24T00:00:00.000Z,False,True,False,True,0,347,Camp Randall Stadium,275,Wisconsin,fbs,Big Ten,45,"[7, 21, 0, 17]",0.9981729984283447,1847,1904,356,Illinois,fbs,Big Ten,7,"[0, 7, 0, 0]",0.0018270015716552734,1441,1384,2.235970677531078,https://www.youtube.com/watch?v=he10kLpLd1A,,
401238036,2020,8,regular,2020-10-24T00:00:00.000Z,False,True,False,False,11610,3803,Legion Field,5,UAB,fbs,Conference USA,20,"[3, 10, 7, 0]",0.4981583058834076,1502,1505,309,Louisiana,fbs,Sun Belt,24,"[0, 10, 7, 7]",0.5018416941165924,1654,1651,4.845508740507913,https://www.youtube.com/watch?v=-TKpCRvWXlE,,
401215316,2020,8,regular,2020-10-24T16:00:00.000Z,False,True,False,True,5000,3654,Brooks Stadium (SC),324,Coastal Carolina,fbs,Sun Belt,28,"[7, 7, 0, 14]",0.9552857279777527,1460,1493,290,Georgia Southern,fbs,Sun Belt,14,"[7, 7, 0, 0]",0.044714272022247314,1508,1475,4.730373837072436,https://www.youtube.com/watch?v=mb6CGO7in1U,,
401247299,2020,8,regular,2020-10-24T16:00:00.000Z,False,True,False,True,376,3936,Spartan Stadium,127,Michigan State,fbs,Big Ten,27,"[7, 6, 7, 7]",0.48888131976127625,1551,1495,164,Rutgers,fbs,Big Ten,38,"[14, 14, 0, 10]",0.5111186802387238,1229,1285,4.601075597846253,https://www.youtube.com/watch?v=DUOGI97muSs,,
401234618,2020,8,regular,2020-10-24T16:00:00.000Z,False,True,False,True,18629,3836,"Memorial Stadium (Clemson, SC)",228,Clemson,fbs,ACC,47,"[17, 10, 7, 13]",0.9786706566810608,2194,2179,183,Syracuse,fbs,ACC,21,"[0, 14, 7, 0]",0.02132934331893921,1370,1385,3.4974870680794425,https://www.youtube.com/watch?v=1PfR9NM6TZM,,
401234621,2020,8,regular,2020-10-24T16:00:00.000Z,False,True,False,True,3535,3787,Kenan Stadium,153,North Carolina,fbs,ACC,48,"[7, 10, 21, 10]",0.940230667591095,1673,1715,152,NC State,fbs,ACC,21,"[0, 7, 7, 7]",0.05976933240890503,1432,1390,2.7931811977205996,https://www.youtube.com/watch?v=nAZjpixANps,,
401212516,2020,8,regular,2020-10-24T16:00:00.000Z,False,True,False,True,10321,3805,Simmons Bank Liberty Stadium,235,Memphis,fbs,American Athletic,41,"[7, 3, 17, 14]",0.9040843844413757,1702,1702,218,Temple,fbs,American Athletic,29,"[3, 12, 7, 7]",0.09591561555862427,1408,1408,7.83802892268949,https://www.youtube.com/watch?v=STEAyWgnZNM,,
401247293,2020,8,regular,2020-10-24T16:00:00.000Z,False,True,False,True,1344,3861,Ohio Stadium,194,Ohio State,fbs,Big Ten,52,"[14, 10, 14, 14]",0.9406616687774658,2079,2115,158,Nebraska,fbs,Big Ten,17,"[7, 7, 3, 0]",0.05933833122253418,1568,1532,3.5248211648652914,https://www.youtube.com/watch?v=dc0RElYliyk,,
401236010,2020,8,regular,2020-10-24T16:00:00.000Z,False,True,False,True,10801,3636,Bill Snyder Family Stadium,2306,Kansas State,fbs,Big 12,55,"[7, 27, 21, 0]",0.9500445127487183,1647,1703,2305,Kansas,fbs,Big 12,14,"[0, 7, 0, 7]",0.04995548725128174,1156,1100,2.748819850525446,https://www.youtube.com/watch?v=dGhZyj0alXo,,
401234619,2020,8,regular,2020-10-24T16:00:00.000Z,False,True,False,True,11465,3873,L&N Federal Credit Union Stadium,97,Louisville,fbs,ACC,48,"[21, 10, 7, 10]",0.9934872388839722,1405,1490,52,Florida State,fbs,ACC,16,"[7, 7, 2, 0]",0.006512761116027832,1387,1302,3.775020372066511,https://www.youtube.com/watch?v=htMsMlvxWN4,,
401237115,2020,8,regular,2020-10-24T16:00:00.000Z,False,True,False,True,15037,3974,Vaught-Hemingway Stadium,145,Ole Miss,fbs,SEC,28,"[0, 14, 7, 7]",0.3355037271976471,1513,1516,2,Auburn,fbs,SEC,35,"[7, 7, 7, 14]",0.6644962728023529,1729,1726,7.538889199933285,https://www.youtube.com/watch?v=ciiImSB1754,,
401236011,2020,8,regular,2020-10-24T16:00:00.000Z,False,True,False,True,12440,3616,Amon G. Carter Stadium,2628,TCU,fbs,Big 12,14,"[0, 7, 0, 7]",0.0016458317702253797,1588,1559,201,Oklahoma,fbs,Big 12,33,"[10, 7, 10, 6]",0.9983541682297746,1763,1792,2.917534939,https://www.youtube.com/watch?v=Ir8Ia1fndsA,,
401240116,2020,8,regular,2020-10-24T16:00:00.000Z,False,True,False,False,5181,3841,Michie Stadium,349,Army,fbs,FBS Independents,49,"[7, 14, 21, 7]",0.9919674396514893,,,2382,Mercer,fcs,Southern,3,"[3, 0, 0, 0]",0.008032560348510742,,,2.3350351913749745,https://www.youtube.com/watch?v=cN3YK07SAXk,,
401207154,2020,8,regular,2020-10-24T16:00:00.000Z,False,True,False,True,1042,4418,Jerry Richardson Stadium,2429,Charlotte,fbs,Conference USA,38,"[7, 7, 7, 17]",0.9905974268913269,1446,1443,2638,UTEP,fbs,Conference USA,28,"[7, 7, 0, 14]",0.009402573108673096,1148,1151,4.7674960246002875,https://www.youtube.com/watch?v=NH1MfP6p-O0,,
401207160,2020,8,regular,2020-10-24T17:00:00.000Z,False,True,False,False,1000,3992,Williams Stadium (VA),2335,Liberty,fbs,FBS Independents,56,"[14, 21, 7, 14]",0.9926005005836487,1499,1531,2572,Southern Miss,fbs,Conference USA,35,"[7, 0, 21, 7]",0.007399499416351318,1321,1289,3.5065781248720507,https://www.youtube.com/watch?v=Ld8yXJRDyZk,,
401248039,2020,8,regular,2020-10-24T17:30:00.000Z,False,True,True,True,,4258,Dignity Health Sports Park,2617,Stephen F. Austin,fcs,Southland,35,"[0, 7, 6, 16, 6]",,,,2000,Abilene Christian,fcs,Southland,32,"[7, 7, 0, 15, 3]",,,,,,,
401212524,2020,8,regular,2020-10-24T18:00:00.000Z,False,True,False,True,9148,3652,FBC Mortgage Stadium,2116,UCF,fbs,American Athletic,51,"[10, 27, 14, 0]",0.9598342180252075,1737,1758,2655,Tulane,fbs,American Athletic,34,"[14, 0, 14, 6]",0.04016578197479248,1565,1544,3.9862467291872083,https://www.youtube.com/watch?v=seD2riBoNUg,,
401207156,2020,8,regular,2020-10-24T18:30:00.000Z,False,True,False,True,12002,3775,Joan C. Edwards Stadium,276,Marshall,fbs,Conference USA,20,"[7, 0, 10, 3]",0.9221486449241638,1592,1619,2226,Florida Atlantic,fbs,Conference USA,9,"[0, 6, 3, 0]",0.07785135507583618,1679,1652,5.270613402377462,https://www.youtube.com/watch?v=sOA3NSyzCHQ,,
401239871,2020,8,regular,2020-10-24T19:00:00.000Z,False,True,False,False,,3908,Roy Kidd Stadium,2198,Eastern Kentucky,fcs,OVC,31,"[0, 17, 0, 14]",,,,2110,Central Arkansas,fcs,Southland,28,"[0, 7, 7, 14]",,,,,,,
401207158,2020,8,regular,2020-10-24T19:30:00.000Z,False,True,False,True,0,3895,Rice Stadium,242,Rice,fbs,Conference USA,34,"[6, 7, 6, 15, 0, 0]",0.557723879814148,1307,1289,2393,Middle Tennessee,fbs,Conference USA,40,"[0, 14, 17, 3, 0, 6]",0.44227612018585205,1208,1226,9.970522256952133,,,
401236008,2020,8,regular,2020-10-24T19:30:00.000Z,False,True,False,True,18202,3910,DKR-Texas Memorial Stadium,251,Texas,fbs,Big 12,27,"[0, 13, 14, 0]",0.9490662217140198,1783,1799,239,Baylor,fbs,Big 12,16,"[3, 0, 0, 13]",0.050933778285980225,1734,1718,3.8756078628848525,https://www.youtube.com/watch?v=xyef1eujmog,,
401234623,2020,8,regular,2020-10-24T19:30:00.000Z,False,True,False,True,2135,3630,Allegacy Federal Credit Union Stadium,154,Wake Forest,fbs,ACC,23,"[10, 7, 3, 3]",0.7684330344200134,1545,1562,259,Virginia Tech,fbs,ACC,16,"[0, 10, 3, 3]",0.23156696557998657,1673,1656,4.371735059164751,https://www.youtube.com/watch?v=YngTpq71ohY,,
401212552,2020,8,regular,2020-10-24T19:30:00.000Z,False,True,False,True,3600,3852,Navy-Marine Corps Memorial Stadium,2426,Navy,fbs,American Athletic,21,"[7, 6, 0, 8]",0.19236327707767487,1381,1356,248,Houston,fbs,American Athletic,37,"[3, 13, 7, 14]",0.8076367229223251,1513,1538,4.764190671778605,https://www.youtube.com/watch?v=u7IoyBrWyC8,,
401236009,2020,8,regular,2020-10-24T19:30:00.000Z,False,True,False,True,14671,3646,Boone Pickens Stadium,197,Oklahoma State,fbs,Big 12,24,"[7, 7, 7, 3]",0.4472331702709198,1688,1689,66,Iowa State,fbs,Big 12,21,"[7, 0, 7, 7]",0.5527668297290802,1664,1663,5.797900357455171,https://www.youtube.com/watch?v=PqLa1ipr5Hw,,
401247295,2020,8,regular,2020-10-24T19:30:00.000Z,False,True,False,True,995,3830,"Memorial Stadium (Bloomington, IN)",84,Indiana,fbs,Big Ten,36,"[0, 17, 0, 11, 8]",0,1573,1581,213,Penn State,fbs,Big Ten,35,"[7, 0, 7, 14, 7]",1,1827,1819,8.076222584241249,https://www.youtube.com/watch?v=8XRtmrmqbnQ,,
401247296,2020,8,regular,2020-10-24T19:30:00.000Z,False,True,False,True,900,3907,Ross-Ade Stadium,2509,Purdue,fbs,Big Ten,24,"[7, 7, 0, 10]",0.5672510862350464,1492,1504,2294,Iowa,fbs,Big Ten,20,"[0, 17, 0, 3]",0.4327489137649536,1783,1771,6.508392199295284,https://www.youtube.com/watch?v=gPRZCy6CXYs,,
401237114,2020,8,regular,2020-10-24T19:30:00.000Z,False,True,False,True,23394,3853,Neyland Stadium,2633,Tennessee,fbs,SEC,17,"[0, 10, 7, 0]",0.03229587897658348,1518,1492,333,Alabama,fbs,SEC,48,"[14, 14, 14, 6]",0.9677041210234165,2030,2056,2.8898165371898785,https://www.youtube.com/watch?v=J8q25snddYg,,
401234622,2020,8,regular,2020-10-24T19:41:00.000Z,False,True,False,True,5451,3752,Acrisure Stadium,221,Pittsburgh,fbs,ACC,3,"[3, 0, 0, 0]",0.008035700768232346,1496,1423,87,Notre Dame,fbs,ACC,45,"[7, 21, 17, 0]",0.9919642992317677,1893,1966,4.744215081608803,https://www.youtube.com/watch?v=VaWiLIt21XU,,
401237122,2020,8,regular,2020-10-24T20:00:00.000Z,False,True,False,True,11738,3838,Memorial Stadium,142,Missouri,fbs,SEC,20,"[0, 10, 7, 3]",0.9934477806091309,1565,1595,96,Kentucky,fbs,SEC,10,"[0, 3, 0, 7]",0.006552219390869141,1734,1704,2.8303943703240364,https://www.youtube.com/watch?v=uA0Vio8Ibt8,,
401207102,2020,8,regular,2020-10-24T20:00:00.000Z,False,True,False,False,3905,3796,Houchens Industries-L.T. Smith Stadium,98,Western Kentucky,fbs,Conference USA,13,"[3, 0, 3, 7]",0.8935438394546509,,,236,Chattanooga,fcs,Southern,10,"[7, 0, 3, 0]",0.10645616054534912,,,4.968077257262499,,,
401234617,2020,8,regular,2020-10-24T20:00:00.000Z,False,True,False,True,0,3615,"Alumni Stadium (Chestnut Hill, MA)",103,Boston College,fbs,ACC,48,"[14, 20, 14, 0]",0.9959980249404907,1458,1487,59,Georgia Tech,fbs,ACC,27,"[0, 14, 7, 6]",0.004001975059509277,1252,1223,2.4063094716793314,https://www.youtube.com/watch?v=yXuO9bM_2wU,,
401215317,2020,8,regular,2020-10-24T20:00:00.000Z,False,True,False,True,12000,3975,Veterans Memorial Stadium (AL),2653,Troy,fbs,Sun Belt,34,"[7, 14, 0, 13]",0.23867890238761902,1419,1412,2247,Georgia State,fbs,Sun Belt,36,"[7, 6, 20, 3]",0.761321097612381,1350,1357,7.434568389432364,https://www.youtube.com/watch?v=hghoADRA6xQ,,
401236012,2020,8,regular,2020-10-24T21:30:00.000Z,False,True,False,True,13532,3784,Jones AT&T Stadium,2641,Texas Tech,fbs,Big 12,34,"[13, 7, 7, 7]",0.4742047190666199,1499,1510,277,West Virginia,fbs,Big 12,27,"[7, 6, 14, 0]",0.5257952809333801,1525,1514,5.992138343371483,https://www.youtube.com/watch?v=Rdrog0jWCQ0,,
401248997,2020,8,regular,2020-10-24T23:00:00.000Z,False,True,False,True,0,3653,Albertsons Stadium,68,Boise State,fbs,Mountain West,42,"[7, 21, 0, 14]",0.9907700419425964,1638,1690,328,Utah State,fbs,Mountain West,13,"[0, 0, 7, 6]",0.009229958057403564,1428,1376,1.9213866916363458,https://www.youtube.com/watch?v=eMKPo3f6Wng,,
401248998,2020,8,regular,2020-10-24T23:00:00.000Z,False,True,False,True,250,3816,Mackay Stadium,2440,Nevada,fbs,Mountain West,37,"[7, 7, 14, 3, 6]",0.8990970849990845,1297,1301,2751,Wyoming,fbs,Mountain West,34,"[3, 3, 7, 18, 3]",0.10090291500091553,1545,1541,6.064748033960073,https://www.youtube.com/watch?v=b-FVX-fB5Tc,,
401250784,2020,8,regular,2020-10-24T23:00:00.000Z,False,True,False,True,5186,6526,Hancock Whitney Stadium,6,South Alabama,fbs,Sun Belt,38,"[17, 0, 14, 7]",0.994243323802948,1222,1265,2433,UL Monroe,fbs,Sun Belt,14,"[0, 6, 0, 8]",0.005756676197052002,1072,1029,2.642015827958384,https://www.youtube.com/watch?v=dYW-pbpnb14,,
401237118,2020,8,regular,2020-10-24T23:00:00.000Z,False,True,False,True,21855,3958,Tiger Stadium (LA),99,LSU,fbs,SEC,52,"[10, 21, 14, 7]",0.9967809319496155,1961,1992,2579,South Carolina,fbs,SEC,24,"[7, 3, 7, 7]",0.0032190680503845215,1587,1556,3.066857245639432,https://www.youtube.com/watch?v=ZdsTWkK5rG8,,
401247298,2020,8,regular,2020-10-24T23:30:00.000Z,False,True,False,True,,3911,Ryan Field,77,Northwestern,fbs,Big Ten,43,"[14, 16, 7, 6]",0.9932306408882141,1495,1583,120,Maryland,fbs,Big Ten,3,"[3, 0, 0, 0]",0.006769359111785889,1290,1202,2.0825214881481857,https://www.youtube.com/watch?v=kE5oQRExThE,,
401247294,2020,8,regular,2020-10-24T23:30:00.000Z,False,True,False,True,589,3953,Huntington Bank Stadium,135,Minnesota,fbs,Big Ten,24,"[10, 7, 7, 0]",0.1312735229730606,1703,1648,130,Michigan,fbs,Big Ten,49,"[21, 14, 7, 7]",0.8687264770269394,1801,1856,4.5073994226667935,https://www.youtube.com/watch?v=Kbq8qkWsu6Q,,
401248994,2020,8,regular,2020-10-24T23:30:00.000Z,False,True,False,True,0,3660,Valley Children's Stadium,278,Fresno State,fbs,Mountain West,19,"[7, 6, 3, 3]",0.13903366029262543,1483,1446,62,Hawai'i,fbs,Mountain West,34,"[7, 10, 7, 10]",0.8609663397073746,1465,1502,5.467033041922958,https://www.youtube.com/watch?v=kL2WyWkBZ5A,,
401234620,2020,8,regular,2020-10-25T00:00:00.000Z,False,True,False,True,9940,3948,Hard Rock Stadium,2390,Miami,fbs,ACC,19,"[7, 3, 3, 6]",0.7437626123428345,1673,1672,258,Virginia,fbs,ACC,14,"[7, 0, 0, 7]",0.2562373876571655,1510,1511,5.215499052337257,https://www.youtube.com/watch?v=t_tc8ZgLZ3c,,
401207157,2020,8,regular,2020-10-25T00:00:00.000Z,False,True,False,True,6114,3604,Alamodome,2636,UTSA,fbs,Conference USA,27,"[3, 3, 7, 14]",0.7821720838546753,1255,1261,2348,Louisiana Tech,fbs,Conference USA,26,"[3, 16, 7, 0]",0.2178279161453247,1437,1431,6.57221673924964,https://www.youtube.com/watch?v=2qVaquD4cD0,,
401212488,2020,8,regular,2020-10-25T01:00:00.000Z,False,True,False,True,7898,3735,Gerald J. Ford Stadium,2567,SMU,fbs,American Athletic,13,"[0, 10, 0, 3]",0,1612,1543,2132,Cincinnati,fbs,American Athletic,42,"[14, 0, 14, 14]",1,1706,1775,4.444063428598227,https://www.youtube.com/watch?v=4YlzKXbQUgU,,
401240998,2020,8,regular,2020-10-25T02:15:00.000Z,False,True,False,False,6570,3801,LaVell Edwards Stadium,252,BYU,fbs,FBS Independents,52,"[14, 21, 14, 3]",1,1833,1866,326,Texas State,fbs,Sun Belt,14,"[7, 0, 0, 7]",0,1211,1178,2.635736191183026,https://www.youtube.com/watch?v=dKwdwqm1sSA,,
401248993,2020,8,regular,2020-10-25T02:30:00.000Z,False,True,False,True,0,3935,CEFCU Stadium,23,San José State,fbs,Mountain West,17,"[0, 0, 14, 3]",0.8200923800468445,1352,1402,2005,Air Force,fbs,Mountain West,6,"[0, 0, 0, 6]",0.17990761995315552,1711,1661,3.2913262111726276,https://www.youtube.com/watch?v=ygoYdyMpO-0,,
401248996,2020,8,regular,2020-10-25T02:30:00.000Z,False,True,False,True,0,3932,Qualcomm Stadium,21,San Diego State,fbs,Mountain West,34,"[7, 20, 0, 7]",0.9941652417182922,1579,1619,2439,UNLV,fbs,Mountain West,6,"[0, 0, 6, 0]",0.005834758281707764,1285,1245,2.510446163711591,https://www.youtube.com/watch?v=pvBoZlB60Hw,,
401215321,2020,9,regular,2020-10-29T23:30:00.000Z,False,True,False,True,3457,3608,Allen E. Paulson Stadium,290,Georgia Southern,fbs,Sun Belt,24,"[0, 10, 0, 14]",0.8285663723945618,1475,1473,6,South Alabama,fbs,Sun Belt,17,"[3, 7, 7, 0]",0.17143362760543823,1265,1267,5.409457596361758,https://www.youtube.com/watch?v=dfsF4_F9v1A,,
401249000,2020,9,regular,2020-10-30T02:00:00.000Z,False,True,False,True,0,3660,Valley Children's Stadium,278,Fresno State,fbs,Mountain West,38,"[7, 17, 7, 7]",0.9630424380302429,1446,1492,36,Colorado State,fbs,Mountain West,17,"[3, 7, 0, 7]",0.03695756196975708,1409,1363,4.0099506134867795,https://www.youtube.com/watch?v=p28t7ATnB-Q,,
401247675,2020,9,regular,2020-10-30T23:00:00.000Z,False,True,False,False,,3913,Saluki Stadium,79,Southern Illinois,fcs,MVFC,20,"[0, 3, 7, 10]",,,,2546,Southeast Missouri State,fcs,OVC,17,"[7, 0, 7, 3]",,,,,,,
401247302,2020,9,regular,2020-10-30T23:30:00.000Z,False,True,False,True,0,3665,SECU Stadium,120,Maryland,fbs,Big Ten,45,"[21, 0, 0, 17, 7]",0.772289514541626,1202,1214,135,Minnesota,fbs,Big Ten,44,"[7, 21, 10, 0, 6]",0.22771048545837402,1648,1636,7.5623167293782325,https://www.youtube.com/watch?v=K43d0pacEqQ,,
401212533,2020,9,regular,2020-10-31T01:00:00.000Z,False,True,False,True,,3674,Chapman Stadium,202,Tulsa,fbs,American Athletic,34,"[3, 0, 17, 14]",0.38476112484931946,1507,1503,151,East Carolina,fbs,American Athletic,30,"[7, 10, 3, 10]",0.6152388751506805,1254,1258,8.044785700856782,https://www.youtube.com/watch?v=S6k0PDC_PC0,,
401249001,2020,9,regular,2020-10-31T01:45:00.000Z,False,True,False,True,6232,3984,War Memorial Stadium,2751,Wyoming,fbs,Mountain West,31,"[10, 0, 7, 14]",0.9860838651657104,1541,1596,62,Hawai'i,fbs,Mountain West,7,"[0, 7, 0, 0]",0.01391613483428955,1502,1447,2.764730517663232,https://www.youtube.com/watch?v=bKkzUwKH9f8,,
401236014,2020,9,regular,2020-10-31T16:00:00.000Z,False,True,False,True,9652,3833,Memorial Stadium,2305,Kansas,fbs,Big 12,22,"[0, 7, 7, 8]",0.059426818042993546,1100,1082,66,Iowa State,fbs,Big 12,52,"[13, 7, 15, 17]",0.9405731819570065,1663,1681,3.581677278302346,https://www.youtube.com/watch?v=ahIcX_Wm3dQ,,
401234629,2020,9,regular,2020-10-31T16:00:00.000Z,False,True,False,True,0,1964,JMA Wireless Dome,183,Syracuse,fbs,ACC,14,"[0, 7, 0, 7]",0,1385,1342,154,Wake Forest,fbs,ACC,38,"[10, 7, 21, 0]",1,1562,1605,2.8791315606835854,https://www.youtube.com/watch?v=D5F915UKGaw,,
401212543,2020,9,regular,2020-10-31T16:00:00.000Z,False,True,False,True,0,3854,Nippert Stadium,2132,Cincinnati,fbs,American Athletic,49,"[7, 14, 14, 14]",0.9927451014518738,1775,1878,235,Memphis,fbs,American Athletic,10,"[7, 3, 0, 0]",0.007254898548126221,1702,1599,2.6932635382331793,https://www.youtube.com/watch?v=oTqO9KnZBDI,,
401234624,2020,9,regular,2020-10-31T16:00:00.000Z,False,True,False,True,18690,3836,"Memorial Stadium (Clemson, SC)",228,Clemson,fbs,ACC,34,"[7, 6, 13, 8]",0.9129523038864136,2179,2157,103,Boston College,fbs,ACC,28,"[14, 14, 0, 0]",0.08704769611358643,1487,1509,6.158942041202469,https://www.youtube.com/watch?v=kgrwauGJvG8,,
401236015,2020,9,regular,2020-10-31T16:00:00.000Z,False,True,False,True,10441,3842,Milan Puskar Stadium,277,West Virginia,fbs,Big 12,37,"[3, 21, 10, 3]",1,1514,1608,2306,Kansas State,fbs,Big 12,10,"[3, 7, 0, 0]",0,1703,1609,4.869750757019176,https://www.youtube.com/watch?v=7HnbM-QdO-g,,
401207162,2020,9,regular,2020-10-31T16:00:00.000Z,False,True,False,True,5026,3715,FAU Stadium,2226,Florida Atlantic,fbs,Conference USA,24,"[10, 7, 0, 7]",0.958330512046814,1652,1664,2636,UTSA,fbs,Conference USA,3,"[0, 3, 0, 0]",0.041669487953186035,1261,1249,2.656232714245134,,,
401247305,2020,9,regular,2020-10-31T16:00:00.000Z,False,True,False,True,615,3558,Michigan Stadium,130,Michigan,fbs,Big Ten,24,"[7, 3, 7, 7]",0.1270123809490712,1856,1827,127,Michigan State,fbs,Big Ten,27,"[7, 7, 6, 7]",0.8729876190509288,1495,1524,8.296246462,https://www.youtube.com/watch?v=RMr178G9mUE,,
401237117,2020,9,regular,2020-10-31T16:00:00.000Z,False,True,False,True,12000,3683,Kroger Field,96,Kentucky,fbs,SEC,3,"[0, 3, 0, 0]",0.05895292013883591,1704,1697,61,Georgia,fbs,SEC,14,"[7, 0, 7, 0]",0.9410470798611641,1889,1896,2.987001814819302,https://www.youtube.com/watch?v=q_P0RYzaThs,,
401212517,2020,9,regular,2020-10-31T16:00:00.000Z,False,True,False,True,1200,4729,Yulman Stadium,2655,Tulane,fbs,American Athletic,38,"[0, 10, 14, 14]",1,1544,1624,218,Temple,fbs,American Athletic,3,"[3, 0, 0, 0]",0,1408,1328,3.2557943867790096,https://www.youtube.com/watch?v=iyg4b4mqu6s,,
401247301,2020,9,regular,2020-10-31T16:00:00.000Z,False,True,False,True,838,3832,"Memorial Stadium (Champaign, IL)",356,Illinois,fbs,Big Ten,24,"[0, 10, 0, 14]",0.09159516543149948,1384,1380,2509,Purdue,fbs,Big Ten,31,"[7, 10, 14, 0]",0.9084048345685005,1504,1508,4.7343339615929025,https://www.youtube.com/watch?v=mLl7jbop68I,,
401215318,2020,9,regular,2020-10-31T16:00:00.000Z,False,True,False,True,3642,4246,Center Parc Stadium,2247,Georgia State,fbs,Sun Belt,0,"[0, 0, 0, 0]",0.008583981543779373,1357,1216,324,Coastal Carolina,fbs,Sun Belt,51,"[7, 27, 14, 3]",0.9914160184562206,1493,1634,1.9406993818307625,https://www.youtube.com/watch?v=y0Y7HMQWM9A,,
401212538,2020,9,regular,2020-10-31T18:00:00.000Z,False,True,False,True,8630,4728,TDECU Stadium,248,Houston,fbs,American Athletic,21,"[7, 0, 6, 8]",0.008378143422305584,1538,1503,2116,UCF,fbs,American Athletic,44,"[10, 13, 0, 21]",0.9916218565776944,1758,1793,4.633170327865675,https://www.youtube.com/watch?v=jJ6dcJFRd-Y,,
401215320,2020,9,regular,2020-10-31T19:00:00.000Z,False,True,False,True,6757,3625,Centennial Bank Stadium,2032,Arkansas State,fbs,Sun Belt,10,"[0, 3, 7, 0]",0.029049236327409744,1330,1263,2653,Troy,fbs,Sun Belt,38,"[14, 10, 0, 14]",0.9709507636725903,1412,1479,3.417848554587323,https://www.youtube.com/watch?v=8TlljxYgC1A,,
401248073,2020,9,regular,2020-10-31T19:00:00.000Z,False,True,False,False,,4417,Five Star Stadium at the Moye Complex,2382,Mercer,fcs,Southern,17,"[0, 10, 7, 0]",,,,2000,Abilene Christian,fcs,Southland,20,"[7, 0, 3, 10]",,,,,,,
401207166,2020,9,regular,2020-10-31T19:00:00.000Z,False,True,False,True,,3815,M. M. Roberts Stadium,2572,Southern Miss,fbs,Conference USA,6,"[0, 6, 0, 0]",0.013447286561131477,1289,1225,242,Rice,fbs,Conference USA,30,"[3, 20, 0, 7]",0.9865527134388685,1289,1353,2.5507909704374896,,,
401250213,2020,9,regular,2020-10-31T19:00:00.000Z,False,True,False,False,,3756,Homer Bryce Stadium,2617,Stephen F. Austin,fcs,Southland,64,"[37, 21, 3, 3]",,,,2714,Western Colorado,ii,Rocky Mountain,7,"[0, 0, 0, 7]",,,,,,,
401207163,2020,9,regular,2020-10-31T19:30:00.000Z,False,True,False,True,7140,3776,Joe Aillet Stadium,2348,Louisiana Tech,fbs,Conference USA,37,"[3, 14, 0, 14, 3, 3]",0.6299936771392822,1431,1433,5,UAB,fbs,Conference USA,34,"[0, 14, 17, 0, 3, 0]",0.3700063228607178,1505,1503,10.749906965985398,https://www.youtube.com/watch?v=g_Fq7KCIIXM,,
401236013,2020,9,regular,2020-10-31T19:30:00.000Z,False,True,False,True,11667,4727,McLane Stadium,239,Baylor,fbs,Big 12,23,"[0, 7, 7, 9]",0.04574064165353775,1718,1683,2628,TCU,fbs,Big 12,33,"[20, 10, 3, 0]",0.9542593583464622,1559,1594,3.4148467267801363,https://www.youtube.com/watch?v=_o5pYCWlGp8,,
401247303,2020,9,regular,2020-10-31T19:30:00.000Z,False,True,False,True,1432,3793,Kinnick Stadium,2294,Iowa,fbs,Big Ten,20,"[17, 3, 0, 0]",0.1122940182685852,1771,1760,77,Northwestern,fbs,Big Ten,21,"[0, 14, 7, 0]",0.8877059817314148,1583,1594,5.3243443179362755,https://www.youtube.com/watch?v=0tmnfT_UzPU,,
401247300,2020,9,regular,2020-10-31T19:30:00.000Z,False,True,False,True,0,6577,SHI Stadium,164,Rutgers,fbs,Big Ten,21,"[7, 0, 8, 6]",0,1285,1276,84,Indiana,fbs,Big Ten,37,"[3, 17, 10, 7]",1,1581,1590,4.117191969404303,https://www.youtube.com/watch?v=wI4wNTfWUrk,,
401237121,2020,9,regular,2020-10-31T19:30:00.000Z,False,True,False,True,17490,3785,Jordan-Hare Stadium,2,Auburn,fbs,SEC,48,"[0, 21, 21, 6]",0.9929686188697815,1726,1872,99,LSU,fbs,SEC,11,"[0, 3, 0, 8]",0.007031381130218506,1992,1846,2.8742798860998646,https://www.youtube.com/watch?v=HPQZhEs8loo,,
401234626,2020,9,regular,2020-10-31T19:30:00.000Z,False,True,False,True,11000,721,Bobby Dodd Stadium,59,Georgia Tech,fbs,ACC,13,"[0, 7, 0, 6]",0.005725082941353321,1223,1247,87,Notre Dame,fbs,ACC,31,"[7, 10, 7, 7]",0.9942749170586467,1966,1942,4.288665736679367,https://www.youtube.com/watch?v=PxdtSKlR9XU,,
401236017,2020,9,regular,2020-10-31T20:00:00.000Z,False,True,False,True,14672,3646,Boone Pickens Stadium,197,Oklahoma State,fbs,Big 12,34,"[14, 10, 7, 3, 0]",0.5119874477386475,1689,1684,251,Texas,fbs,Big 12,41,"[7, 13, 6, 8, 7]",0.48801255226135254,1799,1804,10.146317450860556,https://www.youtube.com/watch?v=WJGTo9XGaIs,,
401215319,2020,9,regular,2020-10-31T20:00:00.000Z,False,True,False,True,5493,3817,Malone Stadium,2433,UL Monroe,fbs,Sun Belt,13,"[0, 7, 0, 6]",0,1029,1048,2026,App State,fbs,Sun Belt,31,"[14, 7, 7, 3]",1,1704,1685,2.909413229950253,https://www.youtube.com/watch?v=ElDbd2SzPiQ,,
401239873,2020,9,regular,2020-10-31T20:00:00.000Z,False,True,False,False,,3711,Estes Stadium,2110,Central Arkansas,fcs,Southland,52,"[14, 24, 7, 7]",,,,137,Missouri Western,ii,Mid America,10,"[7, 0, 3, 0]",,,,,,,
401234627,2020,9,regular,2020-10-31T20:00:00.000Z,False,True,False,True,11901,3873,L&N Federal Credit Union Stadium,97,Louisville,fbs,ACC,35,"[0, 14, 0, 21]",0,1490,1489,259,Virginia Tech,fbs,ACC,42,"[14, 7, 7, 14]",1,1656,1657,3.5673188072076054,https://www.youtube.com/watch?v=_n3ks2H0F00,,
401237123,2020,9,regular,2020-10-31T20:00:00.000Z,False,True,False,True,840,3973,FirstBank Stadium,238,Vanderbilt,fbs,SEC,21,"[0, 14, 0, 7]",0.02991928532719612,1211,1155,145,Ole Miss,fbs,SEC,54,"[21, 12, 21, 0]",0.9700807146728039,1516,1572,2.845687692432026,https://www.youtube.com/watch?v=UIcWL97bnyo,,
401248999,2020,9,regular,2020-10-31T22:00:00.000Z,False,True,False,True,500,3713,Falcon Stadium,2005,Air Force,fbs,Mountain West,30,"[14, 3, 0, 13]",0.1922283414810511,1661,1617,68,Boise State,fbs,Mountain West,49,"[7, 21, 7, 14]",0.8077716585189489,1690,1734,2.7227153981,https://www.youtube.com/watch?v=_9ic0HfDSm8,,
401234625,2020,9,regular,2020-10-31T23:00:00.000Z,False,True,False,False,0,3982,Wallace Wade Stadium,150,Duke,fbs,ACC,53,"[17, 7, 13, 16]",0.9911791682243347,1383,1486,2429,Charlotte,fbs,Conference USA,19,"[0, 7, 6, 6]",0.008820831775665283,1443,1340,2.07171039235996,https://www.youtube.com/watch?v=y9Pi0Y5OiX0,,
401249003,2020,9,regular,2020-10-31T23:00:00.000Z,False,True,False,True,0,3971,University Stadium (NM),167,New Mexico,fbs,Mountain West,21,"[0, 14, 7, 0]",0.27099084854125977,1230,1207,23,San José State,fbs,Mountain West,38,"[7, 14, 10, 7]",0.7290091514587402,1402,1425,5.870642496552568,https://www.youtube.com/watch?v=3fFyd6v_xQ4,,
401237119,2020,9,regular,2020-10-31T23:00:00.000Z,False,True,False,True,19424,3657,Bryant-Denny Stadium,333,Alabama,fbs,SEC,41,"[17, 10, 0, 14]",0.9945073127746582,2056,2105,344,Mississippi State,fbs,SEC,0,"[0, 0, 0, 0]",0.005492687225341797,1507,1458,2.2243290520975596,https://www.youtube.com/watch?v=bN6r6E9cj4U,,
401212489,2020,9,regular,2020-10-31T23:30:00.000Z,False,True,False,True,7898,3735,Gerald J. Ford Stadium,2567,SMU,fbs,American Athletic,51,"[0, 31, 14, 6]",1,1543,1556,2426,Navy,fbs,American Athletic,37,"[7, 10, 0, 20]",0,1356,1343,4.646055246950217,https://www.youtube.com/watch?v=VFXoPoapQ68,,
401237116,2020,9,regular,2020-10-31T23:30:00.000Z,False,True,False,True,12049,3634,Ben Hill Griffin Stadium,57,Florida,fbs,SEC,41,"[6, 14, 14, 7]",0.9830843210220337,1794,1832,142,Missouri,fbs,SEC,17,"[0, 7, 0, 10]",0.01691567897796631,1595,1557,3.3841226751652718,https://www.youtube.com/watch?v=TascaDfAEfM,,
401247306,2020,9,regular,2020-10-31T23:30:00.000Z,False,True,False,True,1500,3632,Beaver Stadium,213,Penn State,fbs,Big Ten,25,"[3, 3, 7, 12]",0.0019390119705349207,1819,1817,194,Ohio State,fbs,Big Ten,38,"[14, 7, 10, 7]",0.9980609880294651,2115,2117,4.298689315243998,https://www.youtube.com/watch?v=k9VLS7wdqNY,,
401237120,2020,9,regular,2020-10-31T23:30:00.000Z,False,True,False,True,27114,3795,Kyle Field,245,Texas A&M,fbs,SEC,42,"[14, 14, 14, 0]",0.9800359606742859,1632,1634,8,Arkansas,fbs,SEC,31,"[7, 7, 3, 14]",0.01996403932571411,1380,1378,3.732377945494747,https://www.youtube.com/watch?v=JveyUkMDO30,,
401236016,2020,9,regular,2020-11-01T00:00:00.000Z,False,True,False,True,14431,3784,Jones AT&T Stadium,2641,Texas Tech,fbs,Big 12,28,"[7, 7, 0, 14]",0,1510,1448,201,Oklahoma,fbs,Big 12,62,"[21, 27, 7, 7]",1,1792,1854,3.1050748829668766,https://www.youtube.com/watch?v=qWi0ZDORaxY,,
401234628,2020,9,regular,2020-11-01T00:00:00.000Z,False,True,False,True,1000,3923,Scott Stadium,258,Virginia,fbs,ACC,44,"[13, 14, 14, 3]",0.5924257636070251,1511,1515,153,North Carolina,fbs,ACC,41,"[10, 10, 7, 14]",0.40757423639297485,1715,1711,6.132198746122959,https://www.youtube.com/watch?v=Db8MbdBjo44,,
401215322,2020,9,regular,2020-11-01T00:00:00.000Z,False,True,False,True,7500,3644,Bobcat Stadium (TX),326,Texas State,fbs,Sun Belt,34,"[14, 7, 6, 7]",0.004991983994841576,1178,1195,309,Louisiana,fbs,Sun Belt,44,"[14, 20, 3, 7]",0.9950080160051584,1651,1634,4.995877975314656,https://www.youtube.com/watch?v=Ktzg0Rf2dOw,,
401249004,2020,9,regular,2020-11-01T01:30:00.000Z,False,True,False,True,5116,3905,Maverik Stadium,328,Utah State,fbs,Mountain West,7,"[0, 7, 0, 0]",0,1376,1319,21,San Diego State,fbs,Mountain West,38,"[7, 3, 14, 14]",1,1619,1676,4.073928120892501,https://www.youtube.com/watch?v=UT4Nf7qR1JA,,
401239887,2020,9,regular,2020-11-01T02:15:00.000Z,False,True,False,False,6843,3801,LaVell Edwards Stadium,252,BYU,fbs,FBS Independents,41,"[14, 21, 3, 3]",0.9631697535514832,1866,1890,98,Western Kentucky,fbs,Conference USA,10,"[3, 0, 7, 0]",0.036830246448516846,1345,1321,2.5057962538394025,https://www.youtube.com/watch?v=TfdyLIZAaVs,,
401249002,2020,9,regular,2020-11-01T02:30:00.000Z,False,True,False,True,2000,6501,Allegiant Stadium,2439,UNLV,fbs,Mountain West,19,"[3, 9, 7, 0]",0.004874689504504204,1245,1207,2440,Nevada,fbs,Mountain West,37,"[10, 14, 3, 10]",0.9951253104954958,1301,1339,4.508499046837015,https://www.youtube.com/watch?v=U8TsYEyTF5s,,
401249857,2020,10,regular,2020-11-04T23:00:00.000Z,False,True,False,True,490,3768,InfoCision Stadium,2006,Akron,fbs,Mid-American,13,"[7, 6, 0, 0]",0.004245180636644363,1004,933,2711,Western Michigan,fbs,Mid-American,58,"[16, 14, 21, 7]",0.9957548193633556,1485,1556,2.857813494456146,https://www.youtube.com/watch?v=zLC9RKZ3aas,,
401249856,2020,10,regular,2020-11-04T23:00:00.000Z,False,True,False,True,0,3696,Dix Stadium,2309,Kent State,fbs,Mid-American,27,"[13, 7, 0, 7]",0.9110532999038696,1366,1370,2199,Eastern Michigan,fbs,Mid-American,23,"[9, 0, 6, 8]",0.08894670009613037,1399,1395,4.4759260503833636,https://www.youtube.com/watch?v=pSyq49sMbMA,,
401249859,2020,10,regular,2020-11-05T00:00:00.000Z,False,True,False,True,449,3764,Huskie Stadium,2459,Northern Illinois,fbs,Mid-American,30,"[3, 13, 0, 14]",0.06705603748559952,1316,1295,2084,Buffalo,fbs,Mid-American,49,"[14, 7, 21, 7]",0.9329439625144005,1562,1583,5.891929804640971,https://www.youtube.com/watch?v=7lrdK6-uFx0,,
401249889,2020,10,regular,2020-11-05T00:00:00.000Z,False,True,False,True,0,3996,Yager Stadium,193,Miami (OH),fbs,Mid-American,38,"[0, 10, 14, 14]",0.48753347992897034,1411,1422,2050,Ball State,fbs,Mid-American,31,"[7, 7, 7, 10]",0.5124665200710297,1433,1422,5.956422945924816,https://www.youtube.com/watch?v=RbGRd6od7A4,,
401249860,2020,10,regular,2020-11-05T00:00:00.000Z,False,True,False,True,757,3786,Kelly/Shorts Stadium,2117,Central Michigan,fbs,Mid-American,30,"[14, 6, 7, 3]",0.7535648941993713,1415,1418,195,Ohio,fbs,Mid-American,27,"[7, 13, 7, 0]",0.24643510580062866,1575,1572,6.69849188014172,https://www.youtube.com/watch?v=g2TV1ao9Z9Y,,
401249858,2020,10,regular,2020-11-05T01:00:00.000Z,False,True,False,True,0,3739,Glass Bowl,2649,Toledo,fbs,Mid-American,38,"[21, 0, 7, 10]",1,1273,1343,189,Bowling Green,fbs,Mid-American,3,"[0, 0, 3, 0]",0,1051,981,2.0463861873279474,https://www.youtube.com/watch?v=whqeHE93_Fc,,
401249009,2020,10,regular,2020-11-06T00:00:00.000Z,False,True,False,True,250,3816,Mackay Stadium,2440,Nevada,fbs,Mountain West,34,"[7, 14, 10, 3]",0.9183446168899536,1339,1400,328,Utah State,fbs,Mountain West,9,"[9, 0, 0, 0]",0.08165538311004639,1319,1258,3.3659070285075723,https://www.youtube.com/watch?v=cC7ytKygj9I,,
401249010,2020,10,regular,2020-11-06T02:00:00.000Z,False,True,False,True,0,5388,Canvas Stadium,36,Colorado State,fbs,Mountain West,34,"[14, 10, 7, 3]",1,1363,1398,2751,Wyoming,fbs,Mountain West,24,"[0, 14, 3, 7]",0,1596,1561,3.7212900530392528,https://www.youtube.com/watch?v=JU-rYITxcB0,,
401234630,2020,10,regular,2020-11-07T00:30:00.000Z,False,True,False,True,4032,3670,Carter-Finley Stadium,152,NC State,fbs,ACC,41,"[14, 10, 14, 3]",0.4037572741508484,1390,1402,2390,Miami,fbs,ACC,44,"[14, 7, 10, 13]",0.5962427258491516,1672,1660,7.234480325473467,https://www.youtube.com/watch?v=dEaUC8x-jy0,,
401249008,2020,10,regular,2020-11-07T02:00:00.000Z,False,True,False,True,0,3932,Qualcomm Stadium,21,San Diego State,fbs,Mountain West,17,"[3, 7, 0, 7]",0.09175679087638855,1676,1628,23,San José State,fbs,Mountain West,28,"[0, 7, 7, 14]",0.9082432091236115,1425,1473,5.816154832860709,https://www.youtube.com/watch?v=SurY1OJijxQ,,
401249005,2020,10,regular,2020-11-07T02:45:00.000Z,False,True,False,False,1100,3653,Albertsons Stadium,68,Boise State,fbs,Mountain West,17,"[3, 0, 0, 14]",0,1734,1657,252,BYU,fbs,FBS Independents,51,"[7, 9, 22, 13]",1,1890,1967,3.143179829073642,https://www.youtube.com/watch?v=W7mQrULA2GY,,
401236022,2020,10,regular,2020-11-07T17:00:00.000Z,False,True,False,True,17843,3910,DKR-Texas Memorial Stadium,251,Texas,fbs,Big 12,17,"[7, 3, 7, 0]",0.7982999682426453,1804,1801,277,West Virginia,fbs,Big 12,13,"[7, 0, 6, 0]",0.20170003175735474,1608,1611,5.074787859901646,https://www.youtube.com/watch?v=x52uQ8LtNGQ,,
401249400,2020,10,regular,2020-11-07T17:00:00.000Z,False,True,False,True,0,477,Los Angeles Memorial Coliseum,30,USC,fbs,Pac-12,28,"[7, 7, 0, 14]",0.5863732695579529,1593,1592,9,Arizona State,fbs,Pac-12,27,"[3, 14, 7, 3]",0.4136267304420471,1549,1550,6.485030029528302,https://www.youtube.com/watch?v=UTf6kxZZfkE,,
401247307,2020,10,regular,2020-11-07T17:00:00.000Z,False,True,False,True,,3911,Ryan Field,77,Northwestern,fbs,Big Ten,21,"[7, 0, 7, 7]",0.6511281132698059,1594,1602,158,Nebraska,fbs,Big Ten,13,"[0, 13, 0, 0]",0.3488718867301941,1532,1524,5.205862747347903,https://www.youtube.com/watch?v=HhDYZwolM70,,
401247309,2020,10,regular,2020-11-07T17:00:00.000Z,False,True,False,True,1034,3830,"Memorial Stadium (Bloomington, IN)",84,Indiana,fbs,Big Ten,38,"[14, 10, 7, 7]",0.8896723389625549,1590,1652,130,Michigan,fbs,Big Ten,21,"[7, 0, 7, 7]",0.11032766103744507,1827,1765,3.198374418359747,https://www.youtube.com/watch?v=7ZN2qRT7K1Q,,
401234633,2020,10,regular,2020-11-07T17:00:00.000Z,False,True,False,True,0,3982,Wallace Wade Stadium,150,Duke,fbs,ACC,24,"[0, 10, 7, 7]",0.0005492232739925385,1486,1424,153,North Carolina,fbs,ACC,56,"[21, 21, 7, 7]",0.9994507767260075,1711,1773,2.242013220004748,https://www.youtube.com/watch?v=zoIwi_SXDF8,,
401212490,2020,10,regular,2020-11-07T17:00:00.000Z,False,True,False,True,2577,3806,Lincoln Financial Field,218,Temple,fbs,American Athletic,23,"[13, 0, 3, 7]",0.08335764706134796,1328,1291,2567,SMU,fbs,American Athletic,47,"[7, 3, 10, 27]",0.916642352938652,1556,1593,4.6784233818282415,https://www.youtube.com/watch?v=pgz2pvZttIU,,
401212480,2020,10,regular,2020-11-07T17:00:00.000Z,False,True,False,True,10300,3805,Simmons Bank Liberty Stadium,235,Memphis,fbs,American Athletic,34,"[6, 7, 7, 14]",0.6050264239311218,1599,1585,58,South Florida,fbs,American Athletic,33,"[3, 24, 3, 3]",0.3949735760688782,1139,1153,5.935680791279094,https://www.youtube.com/watch?v=6Z-_nXwnj9M,,
401234636,2020,10,regular,2020-11-07T17:00:00.000Z,False,True,False,False,1000,3799,Lane Stadium,259,Virginia Tech,fbs,ACC,35,"[3, 17, 0, 15]",0.5005317151721672,1657,1645,2335,Liberty,fbs,FBS Independents,38,"[7, 7, 7, 17]",0.4994682848278328,1531,1543,7.0460202853,https://www.youtube.com/watch?v=av2oaEptgaI,,
401253924,2020,10,regular,2020-11-07T17:00:00.000Z,False,True,False,True,5585,3666,Cajun Field,309,Louisiana,fbs,Sun Belt,27,"[0, 0, 14, 13]",0.6877952814102173,1634,1624,2032,Arkansas State,fbs,Sun Belt,20,"[3, 3, 0, 14]",0.3122047185897827,1263,1273,6.255120391660102,https://www.youtube.com/watch?v=MsvXrBtjKv4,,
401215327,2020,10,regular,2020-11-07T17:00:00.000Z,False,True,False,True,2921,4246,Center Parc Stadium,2247,Georgia State,fbs,Sun Belt,52,"[21, 21, 3, 7]",0.9960435628890991,1216,1240,2433,UL Monroe,fbs,Sun Belt,34,"[7, 7, 6, 14]",0.003956437110900879,1048,1024,2.3501665868106625,https://www.youtube.com/watch?v=c0JyJtZEZRU,,
401247313,2020,10,regular,2020-11-07T17:00:00.000Z,False,True,False,True,1441,3793,Kinnick Stadium,2294,Iowa,fbs,Big Ten,49,"[14, 21, 7, 7]",0.9906653761863708,1760,1851,127,Michigan State,fbs,Big Ten,7,"[0, 0, 7, 0]",0.00933462381362915,1524,1433,2.117596433501841,https://www.youtube.com/watch?v=PJyAtK7ta3s,,
401212525,2020,10,regular,2020-11-07T17:00:00.000Z,False,True,False,True,3500,3699,Dowdy-Ficklen Stadium,151,East Carolina,fbs,American Athletic,21,"[7, 0, 0, 14]",0.010922013781964779,1258,1253,2655,Tulane,fbs,American Athletic,38,"[7, 14, 10, 7]",0.9890779862180352,1624,1629,4.440755134954712,https://www.youtube.com/watch?v=Q6V36w33-6U,,
401215326,2020,10,regular,2020-11-07T18:00:00.000Z,False,True,False,True,5012,3608,Allen E. Paulson Stadium,290,Georgia Southern,fbs,Sun Belt,20,"[0, 6, 14, 0]",0.8549290299415588,1473,1483,2653,Troy,fbs,Sun Belt,13,"[0, 10, 3, 0]",0.14507097005844116,1479,1469,5.068004262386859,https://www.youtube.com/watch?v=iqgw-3eSdJI,,
401234631,2020,10,regular,2020-11-07T19:00:00.000Z,False,True,False,True,0,1964,JMA Wireless Dome,183,Syracuse,fbs,ACC,13,"[0, 3, 3, 7]",0.0027606841176748276,1342,1347,103,Boston College,fbs,ACC,16,"[3, 7, 0, 6]",0.9972393158823252,1509,1504,6.231766847659479,https://www.youtube.com/watch?v=qGYY5eg7IIs,,
401251931,2020,10,regular,2020-11-07T19:30:00.000Z,False,True,False,False,11711,3775,Joan C. Edwards Stadium,276,Marshall,fbs,Conference USA,51,"[14, 17, 13, 7]",0.9651451110839844,1619,1650,113,Massachusetts,fbs,FBS Independents,10,"[7, 3, 0, 0]",0.034854888916015625,900,869,2.748152564268285,https://www.youtube.com/watch?v=UrHwATW79TA,,
401215324,2020,10,regular,2020-11-07T20:00:00.000Z,False,True,False,True,6745,3644,Bobcat Stadium (TX),326,Texas State,fbs,Sun Belt,17,"[7, 3, 0, 7]",0,1195,1192,2026,App State,fbs,Sun Belt,38,"[14, 10, 0, 14]",1,1685,1688,3.8614234611322242,https://www.youtube.com/watch?v=YmGVDNJ3wqI,,
401240035,2020,10,regular,2020-11-07T20:00:00.000Z,False,True,False,False,,3815,M. M. Roberts Stadium,2572,Southern Miss,fbs,Conference USA,24,"[0, 7, 0, 17]",0.9551959037780762,,,2453,North Alabama,fcs,Big South,13,"[7, 3, 3, 0]",0.04480409622192383,,,5.747656271694698,,,
401239874,2020,10,regular,2020-11-07T20:00:00.000Z,False,True,False,False,,3908,Roy Kidd Stadium,2198,Eastern Kentucky,fcs,OVC,6,"[0, 3, 3, 0]",,,,2617,Stephen F. Austin,fcs,Southland,24,"[14, 0, 7, 3]",,,,,,,
401212544,2020,10,regular,2020-11-07T20:30:00.000Z,False,True,False,True,0,3854,Nippert Stadium,2132,Cincinnati,fbs,American Athletic,38,"[7, 21, 3, 7]",0.9829925298690796,1878,1909,248,Houston,fbs,American Athletic,10,"[0, 10, 0, 0]",0.01700747013092041,1503,1472,2.68739969103449,https://www.youtube.com/watch?v=MKIw4ReWPlI,,
401236021,2020,10,regular,2020-11-07T20:30:00.000Z,False,True,False,True,12356,3616,Amon G. Carter Stadium,2628,TCU,fbs,Big 12,34,"[3, 7, 17, 7]",0.9908597469329834,1594,1615,2641,Texas Tech,fbs,Big 12,18,"[0, 3, 7, 8]",0.009140253067016602,1448,1427,3.50897647956506,https://www.youtube.com/watch?v=XRoyzjAaJOI,,
401247312,2020,10,regular,2020-11-07T20:30:00.000Z,False,True,False,True,1500,3632,Beaver Stadium,213,Penn State,fbs,Big Ten,19,"[0, 7, 0, 12]",0,1817,1705,120,Maryland,fbs,Big Ten,35,"[14, 14, 7, 0]",1,1214,1326,3.502954855946503,https://www.youtube.com/watch?v=mUoyPpGgQXM,,
401236019,2020,10,regular,2020-11-07T20:30:00.000Z,False,True,False,True,22700,3835,"Memorial Stadium (Norman, OK)",201,Oklahoma,fbs,Big 12,62,"[14, 17, 10, 21]",0.9893914461135864,1854,1912,2305,Kansas,fbs,Big 12,9,"[0, 3, 0, 6]",0.010608553886413574,1082,1024,2.2996743908247925,https://www.youtube.com/watch?v=bNiz1LX6VDQ,,
401249006,2020,10,regular,2020-11-07T20:30:00.000Z,False,True,False,True,2000,6501,Allegiant Stadium,2439,UNLV,fbs,Mountain West,27,"[7, 10, 10, 0]",0.11523236334323883,1207,1204,278,Fresno State,fbs,Mountain West,40,"[6, 14, 7, 13]",0.8847676366567612,1492,1495,5.9554356634175845,https://www.youtube.com/watch?v=YHyHzG-snAU,,
401237126,2020,10,regular,2020-11-07T20:30:00.000Z,False,True,False,True,12888,3693,Davis Wade Stadium,344,Mississippi State,fbs,SEC,24,"[14, 3, 0, 7]",0.8831465840339661,1458,1452,238,Vanderbilt,fbs,SEC,17,"[0, 0, 7, 10]",0.11685341596603394,1155,1161,3.7909676651427247,https://www.youtube.com/watch?v=DiZ0GABmVbk,,
401247308,2020,10,regular,2020-11-07T20:30:00.000Z,False,True,False,True,863,3832,"Memorial Stadium (Champaign, IL)",356,Illinois,fbs,Big Ten,14,"[0, 7, 0, 7]",0.024538051337003708,1380,1337,135,Minnesota,fbs,Big Ten,41,"[7, 21, 7, 6]",0.9754619486629963,1636,1679,3.3349708107666456,https://www.youtube.com/watch?v=DttfiJrE5uY,,
401237125,2020,10,regular,2020-11-07T20:30:00.000Z,False,True,True,True,19210,3712,EverBank Stadium,61,Georgia,fbs,SEC,28,"[14, 7, 7, 0]",0.01658310741186142,1896,1859,57,Florida,fbs,SEC,44,"[14, 24, 3, 3]",0.9834168925881386,1832,1869,4.719357068908784,https://www.youtube.com/watch?v=xDzqVzhreHk,,
401236020,2020,10,regular,2020-11-07T21:00:00.000Z,False,True,False,True,11980,3636,Bill Snyder Family Stadium,2306,Kansas State,fbs,Big 12,18,"[3, 9, 0, 6]",0.5180060863494873,1609,1610,197,Oklahoma State,fbs,Big 12,20,"[0, 0, 13, 7]",0.4819939136505127,1684,1683,5.698942162440689,https://www.youtube.com/watch?v=LCrjUb-t-uQ,,
401248273,2020,10,regular,2020-11-07T21:00:00.000Z,False,True,False,False,,5440,Wildcat Stadium (TX),2000,Abilene Christian,fcs,Southland,21,"[0, 7, 14, 0]",,,,2025,Angelo State,ii,Lone Star,34,"[14, 14, 0, 6]",,,,,,,
401234634,2020,10,regular,2020-11-07T21:00:00.000Z,False,True,False,True,16568,3697,Doak Campbell Stadium,52,Florida State,fbs,ACC,17,"[14, 3, 0, 0]",0.010634739883244038,1302,1253,221,Pittsburgh,fbs,ACC,41,"[10, 14, 7, 10]",0.989365260116756,1423,1472,5.414009590730153,https://www.youtube.com/watch?v=dUBY5KMShBw,,
401207169,2020,10,regular,2020-11-07T23:00:00.000Z,False,True,False,True,5292,3715,FAU Stadium,2226,Florida Atlantic,fbs,Conference USA,10,"[0, 0, 3, 7]",0.8230394124984741,1664,1657,98,Western Kentucky,fbs,Conference USA,6,"[0, 0, 3, 3]",0.17696058750152588,1321,1328,5.406935239736865,,,
401237127,2020,10,regular,2020-11-08T00:00:00.000Z,False,True,False,True,16253,3994,Williams-Brice Stadium,2579,South Carolina,fbs,SEC,3,"[0, 0, 0, 3]",0.005403379909694195,1556,1428,245,Texas A&M,fbs,SEC,48,"[7, 14, 13, 14]",0.9945966200903058,1634,1762,2.3254971103832296,https://www.youtube.com/watch?v=aYFOfP8FsOg,,
401236018,2020,10,regular,2020-11-08T00:00:00.000Z,False,True,False,True,13535,3772,Jack Trice Stadium,66,Iowa State,fbs,Big 12,38,"[0, 10, 21, 7]",0.7656059861183167,1681,1691,239,Baylor,fbs,Big 12,31,"[14, 7, 3, 7]",0.23439401388168335,1683,1673,4.391041075259912,https://www.youtube.com/watch?v=W32ie56XyEU,,
401249402,2020,10,regular,2020-11-08T00:00:00.000Z,False,True,False,True,554,3726,Folsom Field,38,Colorado,fbs,Pac-12,48,"[14, 21, 10, 3]",0.9705890417098999,1407,1415,26,UCLA,fbs,Pac-12,42,"[7, 7, 21, 7]",0.029410958290100098,1415,1407,4.271620712274796,https://www.youtube.com/watch?v=ZqSZei8Mcws,,
401247310,2020,10,regular,2020-11-08T00:30:00.000Z,False,True,False,True,1275,3861,Ohio Stadium,194,Ohio State,fbs,Big Ten,49,"[7, 28, 7, 7]",0.9922709465026855,2117,2094,164,Rutgers,fbs,Big Ten,27,"[3, 0, 6, 18]",0.007729053497314453,1276,1299,3.680673389873531,https://www.youtube.com/watch?v=dP8PXytUdgg,,
401237124,2020,10,regular,2020-11-08T00:30:00.000Z,False,True,False,True,16500,3887,Razorback Stadium,8,Arkansas,fbs,SEC,24,"[0, 0, 24, 0]",0.9967433214187622,1378,1407,2633,Tennessee,fbs,SEC,13,"[3, 10, 0, 0]",0.003256678581237793,1492,1463,4.48059249769088,https://www.youtube.com/watch?v=lV9H1aghXik,,
401249399,2020,10,regular,2020-11-08T00:30:00.000Z,False,True,False,True,0,3626,Autzen Stadium,2483,Oregon,fbs,Pac-12,35,"[7, 7, 14, 7]",0.5890511274337769,1840,1853,24,Stanford,fbs,Pac-12,14,"[7, 0, 0, 7]",0.41094887256622314,1469,1456,3.8745448928827866,https://www.youtube.com/watch?v=jGLSjR7PSuA,,
401234632,2020,10,regular,2020-11-08T00:30:00.000Z,False,True,False,True,11011,3855,Notre Dame Stadium,87,Notre Dame,fbs,ACC,47,"[10, 13, 0, 10, 7, 7]",0.8127426505088806,1942,1964,228,Clemson,fbs,ACC,40,"[7, 6, 10, 10, 7, 0]",0.18725734949111938,2157,2135,9.340809354132725,https://www.youtube.com/watch?v=Y8JSVeVUlis,,
401215325,2020,10,regular,2020-11-08T01:00:00.000Z,False,True,False,True,5000,3654,Brooks Stadium (SC),324,Coastal Carolina,fbs,Sun Belt,23,"[14, 3, 0, 6]",0.9900577664375305,1634,1639,6,South Alabama,fbs,Sun Belt,6,"[3, 3, 0, 0]",0.009942233562469482,1267,1262,2.57250141360833,https://www.youtube.com/watch?v=P8OtxFoVf-o,,
401249397,2020,10,regular,2020-11-08T03:30:00.000Z,False,True,False,True,0,3893,Reser Stadium,204,Oregon State,fbs,Pac-12,28,"[0, 7, 7, 14]",0.42737483978271484,1407,1403,265,Washington State,fbs,Pac-12,38,"[7, 7, 14, 10]",0.5726251602172852,1605,1609,5.8099069595749215,https://www.youtube.com/watch?v=mIJgCPDPHVE,,
401249007,2020,10,regular,2020-11-08T04:00:00.000Z,False,True,False,True,0,3610,Aloha Stadium,62,Hawai'i,fbs,Mountain West,39,"[7, 7, 14, 11]",0.2831149995326996,1447,1443,167,New Mexico,fbs,Mountain West,33,"[17, 3, 7, 6]",0.7168850004673004,1207,1211,7.064473730534933,https://www.youtube.com/watch?v=UJGdOiKAeWo,,
401249861,2020,11,regular,2020-11-11T00:00:00.000Z,False,True,False,True,1182,3876,Peden Stadium,195,Ohio,fbs,Mid-American,24,"[7, 7, 3, 7]",0.9548534154891968,1572,1552,2006,Akron,fbs,Mid-American,10,"[0, 7, 3, 0]",0.04514658451080322,933,953,3.530133800191976,https://www.youtube.com/watch?v=by8W8ZhlN4M,,
401249862,2020,11,regular,2020-11-11T00:30:00.000Z,False,True,False,True,1500,3700,Doyt L. Perry Stadium,189,Bowling Green,fbs,Mid-American,24,"[10, 0, 0, 14]",0.0247273538261652,981,920,2309,Kent State,fbs,Mid-American,62,"[10, 28, 7, 17]",0.9752726461738348,1370,1431,4.734415708407504,https://www.youtube.com/watch?v=GKqeYN6wjlU,,
401249890,2020,11,regular,2020-11-11T01:00:00.000Z,False,True,False,True,0,3965,UB Stadium,2084,Buffalo,fbs,Mid-American,42,"[0, 14, 21, 7]",0.9973669648170471,1583,1650,193,Miami (OH),fbs,Mid-American,10,"[0, 7, 0, 3]",0.002633035182952881,1422,1355,3.180561868614887,https://www.youtube.com/watch?v=SxnC1O6FTOs,,
401249865,2020,11,regular,2020-11-12T00:00:00.000Z,False,True,False,True,1183,3919,Scheumann Stadium,2050,Ball State,fbs,Mid-American,38,"[7, 6, 8, 17]",0.5760971903800964,1422,1430,2199,Eastern Michigan,fbs,Mid-American,31,"[14, 7, 3, 7]",0.42390280961990356,1395,1387,7.373264796453667,https://www.youtube.com/watch?v=DIJQ4i2ZXho,,
401249864,2020,11,regular,2020-11-12T01:00:00.000Z,False,True,False,True,419,3764,Huskie Stadium,2459,Northern Illinois,fbs,Mid-American,10,"[0, 0, 0, 10]",0,1295,1227,2117,Central Michigan,fbs,Mid-American,40,"[7, 2, 17, 14]",1,1418,1486,3.6443717497822146,https://www.youtube.com/watch?v=I8rYOECknFA,,
401249866,2020,11,regular,2020-11-12T01:00:00.000Z,False,True,False,True,839,3980,Waldo Stadium,2711,Western Michigan,fbs,Mid-American,41,"[14, 0, 7, 20]",0.6379513740539551,1556,1554,2649,Toledo,fbs,Mid-American,38,"[14, 10, 7, 7]",0.3620486259460449,1343,1345,7.269434829561619,https://www.youtube.com/watch?v=Y-wm6OA_tv4,,
401249012,2020,11,regular,2020-11-13T01:00:00.000Z,False,True,False,True,1100,3653,Albertsons Stadium,68,Boise State,fbs,Mountain West,52,"[21, 21, 10, 0]",0.9864920377731323,1657,1709,36,Colorado State,fbs,Mountain West,21,"[0, 7, 14, 0]",0.013507962226867676,1398,1346,2.4403406822039644,https://www.youtube.com/watch?v=zf_bDalHL-8,,
401207174,2020,11,regular,2020-11-14T00:00:00.000Z,False,True,False,True,1512,218,FIU Stadium,2229,Florida International,fbs,Conference USA,19,"[0, 10, 0, 9]",0.01896611973643303,1369,1352,2226,Florida Atlantic,fbs,Conference USA,38,"[7, 17, 0, 14]",0.981033880263567,1657,1674,4.717063081114236,https://www.youtube.com/watch?v=58ErkVpmDO0,,
401247317,2020,11,regular,2020-11-14T00:00:00.000Z,False,True,False,True,771,3953,Huntington Bank Stadium,135,Minnesota,fbs,Big Ten,7,"[0, 0, 0, 7]",0,1679,1623,2294,Iowa,fbs,Big Ten,35,"[7, 7, 0, 21]",1,1851,1907,2.5806059347120045,https://www.youtube.com/watch?v=GVhE97eu8K8,,
401212545,2020,11,regular,2020-11-14T00:30:00.000Z,False,True,False,True,0,3854,Nippert Stadium,2132,Cincinnati,fbs,American Athletic,55,"[7, 28, 7, 13]",0.9851115942001343,1909,1938,151,East Carolina,fbs,American Athletic,17,"[0, 10, 0, 7]",0.014888405799865723,1253,1224,2.8857287724414413,https://www.youtube.com/watch?v=X4X56UQhbNo,,
401236024,2020,11,regular,2020-11-14T17:00:00.000Z,False,True,False,True,11111,3842,Milan Puskar Stadium,277,West Virginia,fbs,Big 12,24,"[7, 7, 3, 7]",0.9684715270996094,1611,1652,2628,TCU,fbs,Big 12,6,"[0, 3, 3, 0]",0.031528472900390625,1615,1574,2.7552543755410266,https://www.youtube.com/watch?v=g19bim1yVVI,,
401234642,2020,11,regular,2020-11-14T17:00:00.000Z,False,True,False,True,3535,3787,Kenan Stadium,153,North Carolina,fbs,ACC,59,"[17, 7, 7, 28]",0.9378226399421692,1773,1772,154,Wake Forest,fbs,ACC,53,"[14, 21, 10, 8]",0.06217736005783081,1605,1606,7.719380676706165,https://www.youtube.com/watch?v=Kuv4pjkmSc0,,
401247320,2020,11,regular,2020-11-14T17:00:00.000Z,False,True,False,True,0,3834,"Memorial Stadium (Lincoln, NE)",158,Nebraska,fbs,Big Ten,30,"[10, 17, 0, 3]",0.9213604927062988,1524,1544,213,Penn State,fbs,Big Ten,23,"[0, 6, 10, 7]",0.07863950729370117,1705,1685,2.9957205684687307,https://www.youtube.com/watch?v=1MzPZqfRmTw,,
401237132,2020,11,regular,2020-11-14T17:00:00.000Z,False,True,False,True,12000,3683,Kroger Field,96,Kentucky,fbs,SEC,38,"[14, 10, 7, 7]",0.9582530248873843,1697,1692,238,Vanderbilt,fbs,SEC,35,"[0, 14, 7, 14]",0.041746975112615714,1161,1166,2.586636102,https://www.youtube.com/watch?v=ndNrnQXra9A,,
401234641,2020,11,regular,2020-11-14T17:00:00.000Z,False,True,False,True,1000,3799,Lane Stadium,259,Virginia Tech,fbs,ACC,24,"[7, 7, 10, 0]",0.41052377223968506,1645,1645,2390,Miami,fbs,ACC,25,"[3, 10, 6, 6]",0.5894762277603149,1660,1660,6.243298092262822,https://www.youtube.com/watch?v=5FiAc7qY3P4,,
401207176,2020,11,regular,2020-11-14T17:00:00.000Z,False,True,False,True,12224,3775,Joan C. Edwards Stadium,276,Marshall,fbs,Conference USA,42,"[7, 14, 21, 0]",0.9805253148078918,1650,1676,2393,Middle Tennessee,fbs,Conference USA,14,"[0, 7, 7, 0]",0.019474685192108154,1226,1200,3.631432051488403,https://www.youtube.com/watch?v=MEBsaFBu7ag,,
401247316,2020,11,regular,2020-11-14T17:00:00.000Z,False,True,False,True,340,3936,Spartan Stadium,127,Michigan State,fbs,Big Ten,0,"[0, 0, 0, 0]",0.1432984322309494,1433,1395,84,Indiana,fbs,Big Ten,24,"[14, 10, 0, 0]",0.8567015677690506,1652,1690,3.258475447805903,https://www.youtube.com/watch?v=nFpKy6i5ffA,,
401207200,2020,11,regular,2020-11-14T17:00:00.000Z,False,True,False,False,1200,4729,Yulman Stadium,2655,Tulane,fbs,American Athletic,38,"[14, 0, 10, 14]",0.9945117831230164,1629,1695,349,Army,fbs,FBS Independents,12,"[0, 12, 0, 0]",0.005488216876983643,1621,1555,2.86536632590342,https://www.youtube.com/watch?v=ZJ4KX-CpVwo,,
401207218,2020,11,regular,2020-11-14T17:00:00.000Z,False,True,False,False,1000,3992,Williams Stadium (VA),2335,Liberty,fbs,FBS Independents,58,"[7, 21, 14, 16]",0.9925084710121155,,,2717,Western Carolina,fcs,Southern,14,"[0, 7, 7, 0]",0.0074915289878845215,,,2.4487881054667144,https://www.youtube.com/watch?v=Rd8Mr_vsBkY,,
401247314,2020,11,regular,2020-11-14T18:00:00.000Z,False,True,False,True,0,6577,SHI Stadium,164,Rutgers,fbs,Big Ten,20,"[10, 3, 7, 0]",0.08102507144212723,1299,1297,356,Illinois,fbs,Big Ten,23,"[0, 7, 10, 6]",0.9189749285578728,1337,1339,6.357562137807762,https://www.youtube.com/watch?v=SpN0IY5UTm0,,
401215332,2020,11,regular,2020-11-14T19:00:00.000Z,False,True,False,True,5585,3666,Cajun Field,309,Louisiana,fbs,Sun Belt,38,"[14, 14, 3, 7]",0.9918369650840759,1624,1657,6,South Alabama,fbs,Sun Belt,10,"[3, 7, 0, 0]",0.008163034915924072,1262,1229,2.30198721531868,https://www.youtube.com/watch?v=UrwfidjzPig,,
401249013,2020,11,regular,2020-11-14T19:30:00.000Z,False,True,False,True,0,3905,Maverik Stadium,328,Utah State,fbs,Mountain West,16,"[13, 3, 0, 0]",0.04566308483481407,1258,1236,278,Fresno State,fbs,Mountain West,35,"[7, 21, 0, 7]",0.9543369151651859,1495,1517,4.735103909347991,https://www.youtube.com/watch?v=YjFwrh8OUEk,,
401215328,2020,11,regular,2020-11-14T19:30:00.000Z,False,True,False,True,2100,3792,Kidd Brewer Stadium,2026,App State,fbs,Sun Belt,17,"[3, 0, 7, 7]",0.7372767925262451,1688,1679,2247,Georgia State,fbs,Sun Belt,13,"[7, 3, 0, 3]",0.2627232074737549,1240,1249,6.07441379520687,https://www.youtube.com/watch?v=AqD3DOjfI_0,,
401207179,2020,11,regular,2020-11-14T20:00:00.000Z,False,True,False,True,6243,3604,Alamodome,2636,UTSA,fbs,Conference USA,52,"[3, 21, 14, 14]",0.9636345505714417,1249,1321,2638,UTEP,fbs,Conference USA,21,"[7, 14, 0, 0]",0.03636544942855835,1151,1079,4.441723711751966,,,
401257934,2020,11,regular,2020-11-14T20:30:00.000Z,False,True,False,True,1000,3923,Scott Stadium,258,Virginia,fbs,ACC,31,"[7, 7, 7, 10]",0.8755861520767212,1515,1541,97,Louisville,fbs,ACC,17,"[3, 7, 7, 0]",0.12441384792327881,1489,1463,4.662738630300246,https://www.youtube.com/watch?v=dFCBmlxgvRc,,
401249406,2020,11,regular,2020-11-14T20:30:00.000Z,False,True,False,True,0,3940,Stanford Stadium,24,Stanford,fbs,Pac-12,32,"[3, 6, 7, 16]",0.22129538655281067,1456,1449,38,Colorado,fbs,Pac-12,35,"[7, 7, 14, 7]",0.7787046134471893,1415,1422,4.7506713660085165,https://www.youtube.com/watch?v=v0jv5z5UkuY,,
401234637,2020,11,regular,2020-11-14T20:30:00.000Z,False,True,False,True,0,3615,"Alumni Stadium (Chestnut Hill, MA)",103,Boston College,fbs,ACC,31,"[10, 6, 7, 8]",0.0019261764828115702,1504,1513,87,Notre Dame,fbs,ACC,45,"[10, 21, 7, 7]",0.9980738235171884,1964,1955,5.1799949574466435,https://www.youtube.com/watch?v=yZ6vtd5-S0o,,
401249403,2020,11,regular,2020-11-14T20:30:00.000Z,False,True,False,True,0,3619,Arizona Stadium,12,Arizona,fbs,Pac-12,30,"[7, 6, 7, 10]",0.03550241142511368,1387,1393,30,USC,fbs,Pac-12,34,"[10, 7, 3, 14]",0.9644975885748863,1592,1586,8.262664637713849,https://www.youtube.com/watch?v=8-ZUMZqMSfY,,
401207178,2020,11,regular,2020-11-14T20:30:00.000Z,False,True,False,True,3815,3796,Houchens Industries-L.T. Smith Stadium,98,Western Kentucky,fbs,Conference USA,10,"[7, 3, 0, 0]",0.6758584976196289,1328,1328,2572,Southern Miss,fbs,Conference USA,7,"[0, 0, 0, 7]",0.3241415023803711,1225,1225,2.988876626099735,,,
401212481,2020,11,regular,2020-11-14T20:30:00.000Z,False,True,False,True,8266,4728,TDECU Stadium,248,Houston,fbs,American Athletic,56,"[14, 14, 14, 14]",0.9988088607788086,1472,1530,58,South Florida,fbs,American Athletic,21,"[0, 0, 7, 14]",0.0011911392211914062,1153,1095,2.367526518494899,https://www.youtube.com/watch?v=E6bEnVnnEzI,,
401215331,2020,11,regular,2020-11-14T20:30:00.000Z,False,True,False,True,4478,3608,Allen E. Paulson Stadium,290,Georgia Southern,fbs,Sun Belt,40,"[17, 10, 3, 10]",0.8338536024093628,1483,1480,326,Texas State,fbs,Sun Belt,38,"[7, 14, 7, 10]",0.1661463975906372,1192,1195,5.302705604280241,https://www.youtube.com/watch?v=Hl3WLGbKd0c,,
401248074,2020,11,regular,2020-11-14T21:00:00.000Z,False,True,False,False,,3711,Estes Stadium,2110,Central Arkansas,fcs,Southland,37,"[17, 7, 0, 13]",,,,2198,Eastern Kentucky,fcs,OVC,25,"[0, 9, 16, 0]",,,,,,,
401236023,2020,11,regular,2020-11-14T21:00:00.000Z,False,True,False,True,12914,3784,Jones AT&T Stadium,2641,Texas Tech,fbs,Big 12,24,"[3, 3, 6, 12]",0.28287312388420105,1427,1434,239,Baylor,fbs,Big 12,23,"[7, 6, 10, 0]",0.717126876115799,1673,1666,6.241038811482403,https://www.youtube.com/watch?v=8JFzMcXKaFc,,
401249014,2020,11,regular,2020-11-14T21:00:00.000Z,False,True,False,True,0,3932,Qualcomm Stadium,21,San Diego State,fbs,Mountain West,34,"[14, 14, 0, 6]",0.9708988666534424,1628,1668,62,Hawai'i,fbs,Mountain West,10,"[0, 0, 3, 7]",0.029101133346557617,1443,1403,3.144379287132155,https://www.youtube.com/watch?v=MRjxM_8bgvw,,
401247315,2020,11,regular,2020-11-14T22:00:00.000Z,False,True,False,True,886,3907,Ross-Ade Stadium,2509,Purdue,fbs,Big Ten,20,"[3, 7, 3, 7]",0.0028004366904497147,1508,1502,77,Northwestern,fbs,Big Ten,27,"[7, 10, 7, 3]",0.9971995633095503,1602,1608,5.129293128487651,https://www.youtube.com/watch?v=k672qEcqmC8,,
401247413,2020,11,regular,2020-11-14T22:00:00.000Z,False,True,False,False,,3756,Homer Bryce Stadium,2617,Stephen F. Austin,fcs,Southland,26,"[10, 3, 7, 6]",,,,90,Pittsburg State,ii,Mid America,7,"[0, 7, 0, 0]",,,,,,,
401249015,2020,11,regular,2020-11-14T23:30:00.000Z,False,True,False,True,250,3971,University Stadium (NM),167,New Mexico,fbs,Mountain West,20,"[7, 6, 0, 7]",0.44410738348960876,1211,1212,2440,Nevada,fbs,Mountain West,27,"[0, 10, 10, 7]",0.5558926165103912,1400,1399,5.5118165962632055,https://www.youtube.com/watch?v=Bj3J5qM0FVA,,
401237129,2020,11,regular,2020-11-15T00:00:00.000Z,False,True,False,True,16116,3634,Ben Hill Griffin Stadium,57,Florida,fbs,SEC,63,"[7, 28, 7, 21]",0.8539825081825256,1869,1891,8,Arkansas,fbs,SEC,35,"[7, 7, 7, 14]",0.14601749181747437,1407,1385,3.3018995781655653,https://www.youtube.com/watch?v=X_-Z3Tedv-M,,
401249405,2020,11,regular,2020-11-15T00:00:00.000Z,False,True,False,True,0,3820,Gesa Field,265,Washington State,fbs,Pac-12,29,"[13, 6, 0, 10]",0.09318506717681885,1609,1600,2483,Oregon,fbs,Pac-12,43,"[7, 7, 7, 22]",0.9068149328231812,1853,1862,5.477438193583723,https://www.youtube.com/watch?v=e2sVasehssc,,
401212491,2020,11,regular,2020-11-15T00:00:00.000Z,False,True,False,True,3900,3674,Chapman Stadium,202,Tulsa,fbs,American Athletic,28,"[0, 7, 7, 14]",0.8280514478683472,1503,1509,2567,SMU,fbs,American Athletic,24,"[14, 10, 0, 0]",0.17194855213165283,1593,1587,6.218121952414555,https://www.youtube.com/watch?v=lXHKIL1b5EM,,
401237133,2020,11,regular,2020-11-15T00:30:00.000Z,False,True,False,True,13596,3974,Vaught-Hemingway Stadium,145,Ole Miss,fbs,SEC,59,"[14, 10, 14, 21]",0.9800337553024292,1572,1596,2579,South Carolina,fbs,SEC,42,"[7, 14, 14, 7]",0.0199662446975708,1428,1404,7.128109806494275,https://www.youtube.com/watch?v=ryXkJEv-Ing,,
401247319,2020,11,regular,2020-11-15T00:30:00.000Z,False,True,False,True,605,3558,Michigan Stadium,130,Michigan,fbs,Big Ten,11,"[0, 0, 11, 0]",0,1765,1672,275,Wisconsin,fbs,Big Ten,49,"[14, 14, 7, 14]",1,1904,1997,2.3006492120943647,https://www.youtube.com/watch?v=dluRCw48adk,,
401212518,2020,11,regular,2020-11-15T00:30:00.000Z,False,True,False,True,8768,3652,FBC Mortgage Stadium,2116,UCF,fbs,American Athletic,38,"[21, 0, 17, 0]",1,1793,1804,218,Temple,fbs,American Athletic,13,"[0, 3, 0, 10]",0,1291,1280,2.1239148291093497,https://www.youtube.com/watch?v=DzN5upAkbeY,,
401234639,2020,11,regular,2020-11-15T00:30:00.000Z,False,True,False,True,4032,3670,Carter-Finley Stadium,152,NC State,fbs,ACC,38,"[7, 14, 14, 3]",0.9764981865882874,1402,1423,52,Florida State,fbs,ACC,22,"[0, 3, 6, 13]",0.023501813411712646,1253,1232,2.412680038884986,https://www.youtube.com/watch?v=WsVbgRMOCAs,,
401249016,2020,11,regular,2020-11-15T03:30:00.000Z,False,True,False,True,0,3935,CEFCU Stadium,23,San José State,fbs,Mountain West,34,"[10, 14, 7, 3]",0.9887078404426575,1473,1486,2439,UNLV,fbs,Mountain West,17,"[3, 7, 7, 0]",0.01129215955734253,1204,1191,3.407233779565752,https://www.youtube.com/watch?v=fa5UG7hxZGU,,
401249404,2020,11,regular,2020-11-15T04:00:00.000Z,False,True,False,True,294,3765,Husky Stadium,264,Washington,fbs,Pac-12,27,"[10, 14, 0, 3]",0.9936496019363403,1760,1751,204,Oregon State,fbs,Pac-12,21,"[7, 14, 0, 0]",0.006350398063659668,1403,1412,4.798091443784412,https://www.youtube.com/watch?v=v9vmaJl-uRc,,
401261454,2020,11,regular,2020-11-15T17:00:00.000Z,False,True,False,True,0,1056,Rose Bowl,26,UCLA,fbs,Pac-12,34,"[7, 20, 0, 7]",0.991926372051239,1407,1478,25,California,fbs,Pac-12,10,"[3, 7, 0, 0]",0.008073627948760986,1499,1428,3.0812237793544988,https://www.youtube.com/watch?v=9o9Ot3nWl8s,,
401249868,2020,12,regular,2020-11-18T00:00:00.000Z,False,True,False,True,1500,3700,Doyt L. Perry Stadium,189,Bowling Green,fbs,Mid-American,17,"[3, 0, 0, 14]",0,920,930,2084,Buffalo,fbs,Mid-American,42,"[7, 14, 14, 7]",1,1650,1640,2.9476250098523744,https://www.youtube.com/watch?v=pO991-K-tVE,,
401249867,2020,12,regular,2020-11-18T01:00:00.000Z,False,True,False,True,0,3696,Dix Stadium,2309,Kent State,fbs,Mid-American,69,"[14, 21, 20, 14]",0.9705215096473694,1431,1468,2006,Akron,fbs,Mid-American,35,"[7, 21, 0, 7]",0.029478490352630615,953,916,4.647385146735064,https://www.youtube.com/watch?v=ZJyWuUSzc2g,,
401249870,2020,12,regular,2020-11-19T00:00:00.000Z,False,True,False,True,859,3919,Scheumann Stadium,2050,Ball State,fbs,Mid-American,31,"[0, 14, 6, 11]",0.5074170827865601,1430,1428,2459,Northern Illinois,fbs,Mid-American,25,"[7, 7, 0, 11]",0.49258291721343994,1227,1229,6.556052505209836,https://www.youtube.com/watch?v=AE-YpnyjxJc,,
401249872,2020,12,regular,2020-11-19T00:00:00.000Z,False,True,False,True,0,3786,Kelly/Shorts Stadium,2117,Central Michigan,fbs,Mid-American,44,"[14, 0, 16, 14]",0.048670899122953415,1486,1476,2711,Western Michigan,fbs,Mid-American,52,"[14, 17, 14, 7]",0.9513291008770466,1554,1564,3.172965509327716,https://www.youtube.com/watch?v=syrZ87g4vAk,,
401249871,2020,12,regular,2020-11-19T00:00:00.000Z,False,True,False,True,300,3912,Rynearson Stadium,2199,Eastern Michigan,fbs,Mid-American,28,"[0, 7, 6, 15]",0.06876038759946823,1387,1341,2649,Toledo,fbs,Mid-American,45,"[7, 17, 14, 7]",0.9312396124005318,1345,1391,3.851977436024038,https://www.youtube.com/watch?v=nNLiEpOxyi0,,
401212526,2020,12,regular,2020-11-20T00:30:00.000Z,False,True,False,True,,3674,Chapman Stadium,202,Tulsa,fbs,American Athletic,30,"[0, 0, 0, 21, 3, 6]",0.7044976949691772,1509,1526,2655,Tulane,fbs,American Athletic,24,"[0, 0, 14, 7, 3, 0]",0.29550230503082275,1695,1678,8.938058068686196,https://www.youtube.com/watch?v=E5TmDvXsbfA,,
401234643,2020,12,regular,2020-11-21T00:00:00.000Z,False,True,False,True,11192,3873,L&N Federal Credit Union Stadium,97,Louisville,fbs,ACC,30,"[3, 17, 7, 3]",0.9879716634750366,1463,1529,183,Syracuse,fbs,ACC,0,"[0, 0, 0, 0]",0.012028336524963379,1347,1281,2.5751311634165917,https://www.youtube.com/watch?v=K9P5ydT6-_E,,
401247325,2020,12,regular,2020-11-21T00:30:00.000Z,False,True,False,True,593,3953,Huntington Bank Stadium,135,Minnesota,fbs,Big Ten,34,"[14, 7, 7, 6]",0.507985532283783,1623,1622,2509,Purdue,fbs,Big Ten,31,"[7, 3, 14, 7]",0.49201446771621704,1502,1503,4.770001134880959,https://www.youtube.com/watch?v=-ga0KcRDrrE,,
401261674,2020,12,regular,2020-11-21T01:00:00.000Z,False,True,False,False,5554,3715,FAU Stadium,2226,Florida Atlantic,fbs,Conference USA,24,"[7, 0, 14, 3]",0.823125958442688,1674,1653,113,Massachusetts,fbs,FBS Independents,2,"[0, 0, 2, 0]",0.176874041557312,869,890,2.6003783667428033,https://www.youtube.com/watch?v=P3-5sQzDuF0,,
401249018,2020,12,regular,2020-11-21T02:30:00.000Z,False,True,False,True,100,3713,Falcon Stadium,2005,Air Force,fbs,Mountain West,28,"[7, 14, 0, 7]",0.9648484587669373,1617,1645,167,New Mexico,fbs,Mountain West,0,"[0, 0, 0, 0]",0.035151541233062744,1212,1184,2.0016387185330204,https://www.youtube.com/watch?v=VaNl2SFS-bg,,
401215334,2020,12,regular,2020-11-21T17:00:00.000Z,False,True,False,True,5218,3644,Bobcat Stadium (TX),326,Texas State,fbs,Sun Belt,47,"[10, 17, 0, 20]",0.7085978984832764,1195,1197,2032,Arkansas State,fbs,Sun Belt,45,"[3, 21, 7, 14]",0.29140210151672363,1273,1271,7.709090540340221,https://www.youtube.com/watch?v=cdatHiHRxpo,,
401237138,2020,12,regular,2020-11-21T17:00:00.000Z,False,True,False,True,1147,3973,FirstBank Stadium,238,Vanderbilt,fbs,SEC,17,"[10, 0, 7, 0]",0.005722811445593834,1166,1183,57,Florida,fbs,SEC,38,"[7, 10, 14, 7]",0.9942771885544062,1891,1874,3.989520184198232,https://www.youtube.com/watch?v=bdThb3hSbTo,,
401247374,2020,12,regular,2020-11-21T17:00:00.000Z,False,True,False,False,9684,3805,Simmons Bank Liberty Stadium,235,Memphis,fbs,American Athletic,56,"[14, 6, 15, 21]",0.9910840392112732,,,2617,Stephen F. Austin,fcs,Southland,14,"[0, 14, 0, 0]",0.008915960788726807,,,3.463160085593876,https://www.youtube.com/watch?v=NaBNBPVRmDk,,
401215333,2020,12,regular,2020-11-21T17:00:00.000Z,False,True,False,True,5000,3654,Brooks Stadium (SC),324,Coastal Carolina,fbs,Sun Belt,34,"[6, 3, 12, 13]",1,1639,1662,2026,App State,fbs,Sun Belt,23,"[7, 10, 3, 3]",0,1679,1656,6.226068430856211,https://www.youtube.com/watch?v=Nt8pM5a_qQU,,
401235975,2020,12,regular,2020-11-21T17:00:00.000Z,False,True,False,False,5181,3841,Michie Stadium,349,Army,fbs,FBS Independents,28,"[0, 7, 14, 7]",0.5910117030143738,1555,1554,290,Georgia Southern,fbs,Sun Belt,27,"[14, 7, 6, 0]",0.4089882969856262,1480,1481,6.658733484759603,https://www.youtube.com/watch?v=JnSGgkk35g0,,
401237136,2020,12,regular,2020-11-21T17:00:00.000Z,False,True,False,True,16500,3887,Razorback Stadium,8,Arkansas,fbs,SEC,24,"[7, 7, 7, 3]",0.270768940448761,1385,1406,99,LSU,fbs,SEC,27,"[3, 17, 0, 7]",0.729231059551239,1846,1825,6.38285454590873,https://www.youtube.com/watch?v=V1r8PjtjcOI,,
401212519,2020,12,regular,2020-11-21T17:00:00.000Z,False,True,False,True,,3806,Lincoln Financial Field,218,Temple,fbs,American Athletic,3,"[0, 3, 0, 0]",0.2319498211145401,1280,1206,151,East Carolina,fbs,American Athletic,28,"[7, 14, 7, 0]",0.7680501788854599,1224,1298,3.5287413630431144,https://www.youtube.com/watch?v=t4XQOS4tb5o,,
401247326,2020,12,regular,2020-11-21T17:00:00.000Z,False,True,False,True,635,3861,Ohio Stadium,194,Ohio State,fbs,Big Ten,42,"[7, 21, 14, 0]",0.7837152481079102,2094,2083,84,Indiana,fbs,Big Ten,35,"[0, 7, 14, 14]",0.21628475189208984,1690,1701,3.877038857158347,https://www.youtube.com/watch?v=qnK-kI47z4g,,
401247321,2020,12,regular,2020-11-21T17:00:00.000Z,False,True,False,True,0,3834,"Memorial Stadium (Lincoln, NE)",158,Nebraska,fbs,Big Ten,23,"[7, 3, 7, 6]",0,1544,1476,356,Illinois,fbs,Big Ten,41,"[14, 14, 10, 3]",1,1339,1407,3.5262498842781715,https://www.youtube.com/watch?v=doYMCYgIMlw,,
401207184,2020,12,regular,2020-11-21T19:00:00.000Z,False,True,False,True,5976,3825,DATCU Stadium,249,North Texas,fbs,Conference USA,27,"[0, 14, 3, 10]",0.9927128553390503,1273,1296,242,Rice,fbs,Conference USA,17,"[10, 0, 0, 7]",0.007287144660949707,1353,1330,3.4250959752904326,https://www.youtube.com/watch?v=qLKy0LmqsN8,,
401207181,2020,12,regular,2020-11-21T19:00:00.000Z,False,True,False,True,3823,3796,Houchens Industries-L.T. Smith Stadium,98,Western Kentucky,fbs,Conference USA,38,"[0, 10, 14, 14]",0.9055479764938354,1328,1368,2229,Florida International,fbs,Conference USA,21,"[7, 6, 0, 8]",0.09445202350616455,1352,1312,4.021114857433264,,,
401239875,2020,12,regular,2020-11-21T20:00:00.000Z,False,True,False,False,,3908,Roy Kidd Stadium,2198,Eastern Kentucky,fcs,OVC,49,"[7, 14, 0, 28]",,,,2717,Western Carolina,fcs,Southern,17,"[0, 10, 0, 7]",,,,,,,
401207185,2020,12,regular,2020-11-21T20:00:00.000Z,False,True,False,True,,3815,M. M. Roberts Stadium,2572,Southern Miss,fbs,Conference USA,20,"[3, 7, 3, 7]",0.30775800347328186,1225,1226,2636,UTSA,fbs,Conference USA,23,"[0, 9, 14, 0]",0.6922419965267181,1321,1320,5.02250457731827,,,
401209818,2020,12,regular,2020-11-21T20:00:00.000Z,False,True,False,False,936,3801,LaVell Edwards Stadium,252,BYU,fbs,FBS Independents,66,"[14, 28, 14, 10]",0.9913687109947205,,,2453,North Alabama,fcs,Big South,14,"[0, 7, 0, 7]",0.008631289005279541,,,1.9883440072161882,https://www.youtube.com/watch?v=v1xIZeNCypo,,
401247327,2020,12,regular,2020-11-21T20:30:00.000Z,False,True,False,True,1500,3632,Beaver Stadium,213,Penn State,fbs,Big Ten,21,"[7, 0, 14, 0]",0.011086147278547287,1685,1658,2294,Iowa,fbs,Big Ten,41,"[3, 21, 7, 10]",0.9889138527214527,1907,1934,4.132444302011986,https://www.youtube.com/watch?v=cL8ktREcF3k,,
401249019,2020,12,regular,2020-11-21T20:30:00.000Z,False,True,False,True,50,3816,Mackay Stadium,2440,Nevada,fbs,Mountain West,26,"[6, 10, 10, 0]",0.6533470153808594,1399,1416,21,San Diego State,fbs,Mountain West,21,"[7, 14, 0, 0]",0.3466529846191406,1668,1651,5.406966099835228,https://www.youtube.com/watch?v=d6bYvg5RymM,,
401249415,2020,12,regular,2020-11-21T20:30:00.000Z,True,True,False,True,0,3626,Autzen Stadium,2483,Oregon,fbs,Pac-12,38,"[14, 10, 14, 0]",0.9586060047149658,1862,1858,26,UCLA,fbs,Pac-12,35,"[7, 14, 7, 7]",0.04139399528503418,1478,1482,6.760824990049505,https://www.youtube.com/watch?v=RRl0cFtpTBs,,
401249411,2020,12,regular,2020-11-21T20:30:00.000Z,False,True,False,True,0,3893,Reser Stadium,204,Oregon State,fbs,Pac-12,31,"[14, 0, 3, 14]",0.837145984172821,1412,1415,25,California,fbs,Pac-12,27,"[7, 13, 0, 7]",0.16285401582717896,1428,1425,7.039128532489477,https://www.youtube.com/watch?v=25lXVJDkRzQ,,
401240641,2020,12,regular,2020-11-21T20:30:00.000Z,False,True,False,False,12000,3975,Veterans Memorial Stadium (AL),2653,Troy,fbs,Sun Belt,17,"[3, 7, 0, 7]",0.0768384039402008,1469,1447,2393,Middle Tennessee,fbs,Conference USA,20,"[7, 10, 0, 3]",0.9231615960597992,1200,1222,5.314677395169237,https://www.youtube.com/watch?v=ugSPkjZ4lVc,,
401215335,2020,12,regular,2020-11-21T20:30:00.000Z,False,True,False,True,5224,6526,Hancock Whitney Stadium,6,South Alabama,fbs,Sun Belt,14,"[7, 0, 7, 0]",0.00899156928062439,1229,1190,2247,Georgia State,fbs,Sun Belt,31,"[0, 7, 14, 10]",0.9910084307193756,1249,1288,4.777028274702364,https://www.youtube.com/watch?v=Az7Jj1yVVcc,,
401247323,2020,12,regular,2020-11-21T20:30:00.000Z,False,True,False,True,0,3911,Ryan Field,77,Northwestern,fbs,Big Ten,17,"[7, 7, 0, 3]",0.5732154846191406,1608,1656,275,Wisconsin,fbs,Big Ten,7,"[7, 0, 0, 0]",0.4267845153808594,1997,1949,4.834013105916077,https://www.youtube.com/watch?v=7oaH-0xz7pA,,
401212540,2020,12,regular,2020-11-21T20:30:00.000Z,False,True,False,True,10668,3652,FBC Mortgage Stadium,2116,UCF,fbs,American Athletic,33,"[14, 3, 8, 8]",0.0010586483404040337,1804,1807,2132,Cincinnati,fbs,American Athletic,36,"[3, 16, 3, 14]",0.998941351659596,1938,1935,6.781663775463323,https://www.youtube.com/watch?v=PM1CRcCD0eY,,
401234648,2020,12,regular,2020-11-21T21:00:00.000Z,False,True,False,True,4612,3752,Acrisure Stadium,221,Pittsburgh,fbs,ACC,47,"[6, 17, 17, 7]",0.9521897435188293,1472,1587,259,Virginia Tech,fbs,ACC,14,"[0, 14, 0, 0]",0.047810256481170654,1645,1530,3.4596407073977624,https://www.youtube.com/watch?v=BoSZSMB7OOU,,
401237135,2020,12,regular,2020-11-21T21:00:00.000Z,False,True,False,True,19424,3657,Bryant-Denny Stadium,333,Alabama,fbs,SEC,63,"[7, 21, 21, 14]",0.9843491911888123,2105,2233,96,Kentucky,fbs,SEC,3,"[3, 0, 0, 0]",0.015650808811187744,1692,1564,2.2528163289808636,https://www.youtube.com/watch?v=qjzR_pF9id4,,
401236025,2020,12,regular,2020-11-21T21:00:00.000Z,False,True,False,True,,3772,Jack Trice Stadium,66,Iowa State,fbs,Big 12,45,"[7, 28, 3, 7]",0.9944312572479248,1691,1815,2306,Kansas State,fbs,Big 12,0,"[0, 0, 0, 0]",0.005568742752075195,1610,1486,2.0370158749668446,https://www.youtube.com/watch?v=iKwRoLmDG34,,
401248275,2020,12,regular,2020-11-21T21:00:00.000Z,False,True,False,False,250,3923,Scott Stadium,258,Virginia,fbs,ACC,55,"[14, 14, 14, 13]",0.9667947292327881,,,2000,Abilene Christian,fcs,Southland,15,"[0, 7, 0, 8]",0.033205270767211914,,,3.2249976649560033,https://www.youtube.com/watch?v=_4m5Z7gzOZg,,
401237137,2020,12,regular,2020-11-22T00:00:00.000Z,False,True,False,True,17490,3785,Jordan-Hare Stadium,2,Auburn,fbs,SEC,30,"[0, 10, 10, 10]",0.6321510672569275,1872,1866,2633,Tennessee,fbs,SEC,17,"[7, 3, 0, 7]",0.3678489327430725,1463,1469,5.221047529776325,https://www.youtube.com/watch?v=w7-E80nw8Q0,,
401237141,2020,12,regular,2020-11-22T00:30:00.000Z,False,True,False,True,13603,3994,Williams-Brice Stadium,2579,South Carolina,fbs,SEC,10,"[0, 0, 3, 7]",0.10085178166627884,1404,1402,142,Missouri,fbs,SEC,17,"[7, 10, 0, 0]",0.8991482183337212,1557,1559,3.632148263102076,https://www.youtube.com/watch?v=CQMOxeCwsAk,,
401247324,2020,12,regular,2020-11-22T00:30:00.000Z,False,True,False,True,0,6577,SHI Stadium,164,Rutgers,fbs,Big Ten,42,"[7, 10, 10, 8, 0, 7, 0]",0.4321751296520233,1297,1312,130,Michigan,fbs,Big Ten,48,"[0, 7, 14, 14, 0, 7, 6]",0.5678248703479767,1672,1657,10.53649137464055,https://www.youtube.com/watch?v=9cMe3xUf-40,,
401234647,2020,12,regular,2020-11-22T00:30:00.000Z,False,True,False,False,4032,3670,Carter-Finley Stadium,152,NC State,fbs,ACC,15,"[0, 7, 2, 6]",0.9976779222488403,1423,1427,2335,Liberty,fbs,FBS Independents,14,"[0, 7, 7, 0]",0.002322077751159668,1543,1539,6.280448623154036,https://www.youtube.com/watch?v=tCYSB5YSuDs,,
401236027,2020,12,regular,2020-11-22T00:30:00.000Z,False,True,False,True,22700,3835,"Memorial Stadium (Norman, OK)",201,Oklahoma,fbs,Big 12,41,"[21, 6, 0, 14]",0.9919102787971497,1912,1959,197,Oklahoma State,fbs,Big 12,13,"[7, 6, 0, 0]",0.008089721202850342,1683,1636,2.3868283684741973,https://www.youtube.com/watch?v=odOdt882SHQ,,
401237139,2020,12,regular,2020-11-22T00:30:00.000Z,False,True,False,True,20524,3917,Sanford Stadium,61,Georgia,fbs,SEC,31,"[0, 17, 7, 7]",0.8733623027801514,1859,1848,344,Mississippi State,fbs,SEC,24,"[3, 14, 7, 0]",0.12663769721984863,1452,1463,5.67521906178485,https://www.youtube.com/watch?v=WyWlCvTsfEM,,
401249413,2020,12,regular,2020-11-22T01:00:00.000Z,False,True,False,True,253,3765,Husky Stadium,264,Washington,fbs,Pac-12,44,"[17, 7, 13, 7]",0.9965556859970093,1751,1756,12,Arizona,fbs,Pac-12,27,"[0, 0, 0, 27]",0.0034443140029907227,1393,1388,1.8493374584475804,https://www.youtube.com/watch?v=ppG0FejlpsQ,,
401249410,2020,12,regular,2020-11-22T03:30:00.000Z,False,True,False,True,0,587,Rice-Eccles Stadium,254,Utah,fbs,Pac-12,17,"[3, 14, 0, 0]",0,1721,1668,30,USC,fbs,Pac-12,33,"[3, 21, 6, 3]",1,1586,1639,5.129060404606816,https://www.youtube.com/watch?v=yyfgMJkTboE,,
401249017,2020,12,regular,2020-11-22T04:00:00.000Z,False,True,False,True,0,3610,Aloha Stadium,62,Hawai'i,fbs,Mountain West,32,"[3, 0, 14, 15]",0,1403,1411,68,Boise State,fbs,Mountain West,40,"[3, 16, 21, 0]",1,1709,1701,4.7359832232319645,https://www.youtube.com/watch?v=dENtoMYZRTI,,
401249025,2020,13,regular,2020-11-27T00:00:00.000Z,False,True,False,True,198,3905,Maverik Stadium,328,Utah State,fbs,Mountain West,41,"[3, 3, 28, 7]",0.9913235902786255,1236,1260,167,New Mexico,fbs,Mountain West,27,"[3, 10, 7, 7]",0.008676409721374512,1184,1160,4.765529339122704,https://www.youtube.com/watch?v=KvjV_fCNvSI,,
401236029,2020,13,regular,2020-11-27T17:00:00.000Z,False,True,False,True,16555,3910,DKR-Texas Memorial Stadium,251,Texas,fbs,Big 12,20,"[13, 0, 7, 0]",0.17008979618549347,1801,1797,66,Iowa State,fbs,Big 12,23,"[7, 3, 3, 10]",0.8299102038145065,1815,1819,5.344378703903734,https://www.youtube.com/watch?v=fahMqYVNTVU,,
401251926,2020,13,regular,2020-11-27T17:00:00.000Z,False,True,False,False,250,3992,Williams Stadium (VA),2335,Liberty,fbs,FBS Independents,45,"[14, 17, 14, 0]",0.9698741436004639,1539,1588,113,Massachusetts,fbs,FBS Independents,0,"[0, 0, 0, 0]",0.030125856399536133,890,841,2.3167951901150152,,,
401247332,2020,13,regular,2020-11-27T18:00:00.000Z,False,True,False,True,1469,3793,Kinnick Stadium,2294,Iowa,fbs,Big Ten,26,"[10, 3, 7, 6]",0.6764965057373047,1934,1921,158,Nebraska,fbs,Big Ten,20,"[0, 13, 7, 0]",0.3235034942626953,1476,1489,5.787074074662949,https://www.youtube.com/watch?v=4offUS0cnFY,,
401234650,2020,13,regular,2020-11-27T20:30:00.000Z,False,True,False,True,3535,3787,Kenan Stadium,153,North Carolina,fbs,ACC,17,"[14, 3, 0, 0]",0.041650883853435516,1772,1757,87,Notre Dame,fbs,ACC,31,"[14, 3, 7, 7]",0.9583491161465645,1955,1970,5.447704146307469,https://www.youtube.com/watch?v=pUL1UV1Y9Ac,,
401212483,2020,13,regular,2020-11-27T20:30:00.000Z,False,True,False,True,8801,3886,Raymond James Stadium,58,South Florida,fbs,American Athletic,46,"[7, 7, 14, 18]",0.12375292181968689,1095,1126,2116,UCF,fbs,American Athletic,58,"[14, 17, 14, 13]",0.8762470781803131,1807,1776,5.90383565322613,https://www.youtube.com/watch?v=PdTJ0HL2ZN4,,
401249874,2020,13,regular,2020-11-27T21:00:00.000Z,False,True,False,True,300,3912,Rynearson Stadium,2199,Eastern Michigan,fbs,Mid-American,23,"[7, 10, 3, 3]",0.1725776642560959,1341,1336,2117,Central Michigan,fbs,Mid-American,31,"[6, 0, 0, 25]",0.8274223357439041,1476,1481,5.347381684398183,https://www.youtube.com/watch?v=54eVY8Gurts,,
401249028,2020,13,regular,2020-11-27T21:00:00.000Z,False,True,False,True,0,6501,Allegiant Stadium,2439,UNLV,fbs,Mountain West,14,"[0, 7, 0, 7]",0,1191,1149,2751,Wyoming,fbs,Mountain West,45,"[10, 7, 21, 7]",1,1561,1603,2.915820630793143,https://www.youtube.com/watch?v=dUd0uKEn38o,,
401249417,2020,13,regular,2020-11-27T21:30:00.000Z,False,True,False,True,0,3831,California Memorial Stadium,25,California,fbs,Pac-12,23,"[7, 3, 7, 6]",0.5170024633407593,1425,1425,24,Stanford,fbs,Pac-12,24,"[0, 10, 14, 0]",0.4829975366592407,1449,1449,5.733939474192562,https://www.youtube.com/watch?v=jxyaZ2ZQfIo,,
401249418,2020,13,regular,2020-11-28T00:30:00.000Z,False,True,False,True,0,3893,Reser Stadium,204,Oregon State,fbs,Pac-12,41,"[7, 6, 6, 22]",0.8391054272651672,1415,1423,2483,Oregon,fbs,Pac-12,38,"[14, 10, 7, 7]",0.16089457273483276,1858,1850,8.937761340931761,https://www.youtube.com/watch?v=xzGpSv3wavs,,
401247329,2020,13,regular,2020-11-28T17:00:00.000Z,False,True,False,True,963,3830,"Memorial Stadium (Bloomington, IN)",84,Indiana,fbs,Big Ten,27,"[7, 0, 10, 10]",0.9041861891746521,1701,1703,120,Maryland,fbs,Big Ten,11,"[0, 3, 0, 8]",0.0958138108253479,1326,1324,3.1327345168914844,https://www.youtube.com/watch?v=vcgXJL0iHOw,,
401234655,2020,13,regular,2020-11-28T17:00:00.000Z,False,True,False,True,0,1964,JMA Wireless Dome,183,Syracuse,fbs,ACC,29,"[7, 15, 7, 0]",0.4573189616203308,1281,1279,152,NC State,fbs,ACC,36,"[7, 7, 13, 9]",0.5426810383796692,1427,1429,6.741933408516973,https://www.youtube.com/watch?v=CfsoQ_hlIFc,,
401215339,2020,13,regular,2020-11-28T17:00:00.000Z,False,True,False,True,4523,4246,Center Parc Stadium,2247,Georgia State,fbs,Sun Belt,30,"[3, 10, 0, 17]",0.8227645754814148,1288,1305,290,Georgia Southern,fbs,Sun Belt,24,"[0, 14, 3, 7]",0.1772354245185852,1481,1464,5.8556515624230645,,,
401249877,2020,13,regular,2020-11-28T17:00:00.000Z,False,True,False,True,0,3965,UB Stadium,2084,Buffalo,fbs,Mid-American,70,"[21, 14, 14, 21]",0.9315100312232971,1640,1696,2309,Kent State,fbs,Mid-American,41,"[10, 14, 7, 10]",0.06848996877670288,1468,1412,4.224787439760021,https://www.youtube.com/watch?v=gNi7boGWdNA,,
401249873,2020,13,regular,2020-11-28T17:00:00.000Z,False,True,False,True,0,3739,Glass Bowl,2649,Toledo,fbs,Mid-American,24,"[0, 3, 6, 15]",0.6116266250610352,1391,1389,2050,Ball State,fbs,Mid-American,27,"[14, 3, 7, 3]",0.38837337493896484,1428,1430,4.192841783832979,,,
401237143,2020,13,regular,2020-11-28T17:00:00.000Z,False,True,False,True,11053,3838,Memorial Stadium,142,Missouri,fbs,SEC,41,"[7, 14, 6, 14]",0.9950026273727417,1559,1629,238,Vanderbilt,fbs,SEC,0,"[0, 0, 0, 0]",0.004997372627258301,1183,1113,2.3244378975015736,https://www.youtube.com/watch?v=v4CHRd8EXGE,,
401237144,2020,13,regular,2020-11-28T17:00:00.000Z,False,True,False,True,14453,3634,Ben Hill Griffin Stadium,57,Florida,fbs,SEC,34,"[7, 7, 17, 3]",0.9485706686973572,1874,1901,96,Kentucky,fbs,SEC,10,"[0, 10, 0, 0]",0.05142933130264282,1564,1537,3.840046857157656,https://www.youtube.com/watch?v=CVyr5c0NMOg,,
401247333,2020,13,regular,2020-11-28T17:00:00.000Z,False,True,False,True,0,3558,Michigan Stadium,130,Michigan,fbs,Big Ten,17,"[7, 0, 3, 7]",0,1657,1636,213,Penn State,fbs,Big Ten,27,"[7, 10, 3, 7]",1,1658,1679,4.31942772507364,https://www.youtube.com/watch?v=UeX29ICBveE,,
401236032,2020,13,regular,2020-11-28T17:00:00.000Z,False,True,False,True,14645,3646,Boone Pickens Stadium,197,Oklahoma State,fbs,Big 12,50,"[7, 14, 20, 9]",0.9354829788208008,1636,1634,2641,Texas Tech,fbs,Big 12,44,"[7, 10, 14, 13]",0.06451702117919922,1434,1436,7.042322302805412,https://www.youtube.com/watch?v=ku0Y25dmOBw,,
401249875,2020,13,regular,2020-11-28T17:00:00.000Z,False,True,False,True,0,3980,Waldo Stadium,2711,Western Michigan,fbs,Mid-American,30,"[7, 13, 0, 10]",0.847165584564209,1564,1561,2459,Northern Illinois,fbs,Mid-American,27,"[3, 14, 7, 3]",0.15283441543579102,1229,1232,7.249606852458635,,,
401212513,2020,13,regular,2020-11-28T17:00:00.000Z,False,True,False,True,3500,3699,Dowdy-Ficklen Stadium,151,East Carolina,fbs,American Athletic,52,"[21, 24, 0, 7]",0.9979122877120972,1298,1354,2567,SMU,fbs,American Athletic,38,"[7, 0, 17, 14]",0.002087712287902832,1587,1531,2.7725188867741415,https://www.youtube.com/watch?v=d84mU4s2oNg,,
401249876,2020,13,regular,2020-11-28T17:00:00.000Z,False,True,False,True,1182,3876,Peden Stadium,195,Ohio,fbs,Mid-American,52,"[21, 24, 7, 0]",0.9921426177024841,1552,1596,189,Bowling Green,fbs,Mid-American,10,"[3, 7, 0, 0]",0.00785738229751587,930,886,2.1407153185926933,,,
401249892,2020,13,regular,2020-11-28T18:00:00.000Z,False,True,False,True,0,3768,InfoCision Stadium,2006,Akron,fbs,Mid-American,7,"[0, 0, 0, 7]",0.0003261858168906848,916,882,193,Miami (OH),fbs,Mid-American,38,"[7, 17, 7, 7]",0.9996738141831093,1355,1389,1.2361118175,,,
401215337,2020,13,regular,2020-11-28T20:00:00.000Z,False,True,False,True,4013,3625,Centennial Bank Stadium,2032,Arkansas State,fbs,Sun Belt,31,"[7, 10, 7, 7]",0.12350860983133316,1271,1251,6,South Alabama,fbs,Sun Belt,38,"[7, 7, 14, 10]",0.8764913901686668,1190,1210,8.169467939133783,,,
401215338,2020,13,regular,2020-11-28T20:00:00.000Z,False,True,False,True,3245,3644,Bobcat Stadium (TX),326,Texas State,fbs,Sun Belt,14,"[7, 0, 0, 7]",0.10017777234315872,1197,1154,324,Coastal Carolina,fbs,Sun Belt,49,"[14, 21, 7, 7]",0.8998222276568413,1662,1705,2.9126896835804064,,,
401215340,2020,13,regular,2020-11-28T20:00:00.000Z,False,True,False,True,3132,3817,Malone Stadium,2433,UL Monroe,fbs,Sun Belt,20,"[14, 0, 0, 6]",0,1024,956,309,Louisiana,fbs,Sun Belt,70,"[21, 28, 7, 14]",1,1657,1725,3.461396412740242,,,
401207191,2020,13,regular,2020-11-28T20:00:00.000Z,False,True,False,True,5936,3604,Alamodome,2636,UTSA,fbs,Conference USA,49,"[7, 21, 7, 14]",0.9955384731292725,1320,1404,249,North Texas,fbs,Conference USA,17,"[0, 7, 3, 7]",0.004461526870727539,1296,1212,2.915839370101929,https://www.youtube.com/watch?v=TZRBn_BTzgw,,
401215336,2020,13,regular,2020-11-28T20:30:00.000Z,False,True,False,True,2100,3792,Kidd Brewer Stadium,2026,App State,fbs,Sun Belt,47,"[21, 13, 13, 0]",1,1656,1734,2653,Troy,fbs,Sun Belt,10,"[0, 10, 0, 0]",0,1447,1369,2.008779715159795,,,
401234651,2020,13,regular,2020-11-28T20:30:00.000Z,False,True,False,True,18819,3836,"Memorial Stadium (Clemson, SC)",228,Clemson,fbs,ACC,52,"[31, 7, 7, 7]",0.9892603754997253,2135,2167,221,Pittsburgh,fbs,ACC,17,"[0, 10, 7, 0]",0.010739624500274658,1587,1555,2.9999558310881005,https://www.youtube.com/watch?v=gWu2FQR8_z0,,
401237142,2020,13,regular,2020-11-28T20:30:00.000Z,False,True,False,True,19424,3657,Bryant-Denny Stadium,333,Alabama,fbs,SEC,42,"[7, 14, 14, 7]",0.9902606010437012,2233,2268,2,Auburn,fbs,SEC,13,"[0, 3, 3, 7]",0.009739398956298828,1866,1831,2.476518206522994,https://www.youtube.com/watch?v=JtkMb6hH6PE,,
401247330,2020,13,regular,2020-11-28T20:30:00.000Z,False,True,False,True,,3936,Spartan Stadium,127,Michigan State,fbs,Big Ten,29,"[10, 7, 0, 12]",0.8425515294075012,1395,1429,77,Northwestern,fbs,Big Ten,20,"[0, 6, 7, 7]",0.15744847059249878,1656,1622,5.432936880499737,https://www.youtube.com/watch?v=thWZmsg6Bdc,,
401247328,2020,13,regular,2020-11-28T21:00:00.000Z,False,True,False,True,728,3907,Ross-Ade Stadium,2509,Purdue,fbs,Big Ten,30,"[7, 16, 7, 0]",0.5871860384941101,1503,1474,164,Rutgers,fbs,Big Ten,37,"[13, 0, 21, 3]",0.4128139615058899,1312,1341,4.827767550652011,https://www.youtube.com/watch?v=6G6XgeN4x38,,
401237147,2020,13,regular,2020-11-28T21:00:00.000Z,False,True,False,True,16218,3974,Vaught-Hemingway Stadium,145,Ole Miss,fbs,SEC,31,"[14, 7, 0, 10]",0.7861381769180298,1596,1598,344,Mississippi State,fbs,SEC,24,"[0, 14, 0, 10]",0.21386182308197021,1463,1461,5.111871006947344,https://www.youtube.com/watch?v=2mvVZwzMRrM,,
401234649,2020,13,regular,2020-11-28T21:00:00.000Z,False,True,False,True,0,3615,"Alumni Stadium (Chestnut Hill, MA)",103,Boston College,fbs,ACC,34,"[7, 6, 7, 14]",0.8913165330886841,1513,1523,97,Louisville,fbs,ACC,27,"[3, 7, 3, 14]",0.10868346691131592,1529,1519,4.101768010430788,https://www.youtube.com/watch?v=zvk5NWqF_Bg,,
401265734,2020,13,regular,2020-11-28T22:37:00.000Z,False,True,False,False,,3726,Folsom Field,38,Colorado,fbs,Pac-12,20,"[7, 7, 3, 3]",0.9468432068824768,1422,1457,21,San Diego State,fbs,Mountain West,10,"[0, 10, 0, 0]",0.05315679311752319,1651,1616,3.4309080026544296,https://www.youtube.com/watch?v=PpzDURJtjWU,,
401237146,2020,13,regular,2020-11-29T00:00:00.000Z,False,True,False,True,23607,3795,Kyle Field,245,Texas A&M,fbs,SEC,20,"[10, 3, 7, 0]",0.8695414662361145,1762,1793,99,LSU,fbs,SEC,7,"[0, 0, 0, 7]",0.1304585337638855,1825,1794,3.6376321994900134,https://www.youtube.com/watch?v=vWoI9lpsrA4,,
401234652,2020,13,regular,2020-11-29T00:00:00.000Z,False,True,False,True,11000,721,Bobby Dodd Stadium,59,Georgia Tech,fbs,ACC,56,"[14, 14, 14, 14]",0.9704613089561462,1247,1324,150,Duke,fbs,ACC,33,"[7, 19, 7, 0]",0.02953869104385376,1424,1347,6.821869533928504,https://www.youtube.com/watch?v=X7b-YJdx-2g,,
401236028,2020,13,regular,2020-11-29T00:00:00.000Z,False,True,False,True,11667,4727,McLane Stadium,239,Baylor,fbs,Big 12,32,"[6, 0, 9, 17]",0.820591151714325,1666,1661,2306,Kansas State,fbs,Big 12,31,"[14, 3, 0, 14]",0.17940884828567505,1486,1491,6.150716241767238,https://www.youtube.com/watch?v=HzxLtKmWPUc,,
401264080,2020,13,regular,2020-11-29T00:00:00.000Z,False,True,False,True,,3852,Navy-Marine Corps Memorial Stadium,2426,Navy,fbs,American Athletic,7,"[7, 0, 0, 0]",0.4268018305301666,1343,1352,235,Memphis,fbs,American Athletic,10,"[7, 0, 0, 3]",0.5731981694698334,1585,1576,4.720806508962583,https://www.youtube.com/watch?v=vZ9HyAloAi0,,
401265458,2020,13,regular,2020-11-29T00:30:00.000Z,False,True,False,True,259,3765,Husky Stadium,264,Washington,fbs,Pac-12,24,"[0, 0, 17, 7]",0.6957959532737732,1756,1756,254,Utah,fbs,Pac-12,21,"[7, 14, 0, 0]",0.3042040467262268,1668,1668,5.335207075090653,https://www.youtube.com/watch?v=PbT8H4-OCpU,,
401237145,2020,13,regular,2020-11-29T00:30:00.000Z,False,True,False,True,16444,3994,Williams-Brice Stadium,2579,South Carolina,fbs,SEC,16,"[0, 10, 0, 6]",0,1402,1374,61,Georgia,fbs,SEC,45,"[21, 7, 10, 7]",1,1848,1876,3.0025201312690477,https://www.youtube.com/watch?v=aIql94c69FE,,
401249421,2020,13,regular,2020-11-29T01:00:00.000Z,False,True,False,True,0,1056,Rose Bowl,26,UCLA,fbs,Pac-12,27,"[3, 17, 0, 7]",1,1482,1510,12,Arizona,fbs,Pac-12,10,"[7, 0, 3, 0]",0,1388,1360,4.018556585047007,https://www.youtube.com/watch?v=Qnv_rQ3Fzi8,,
401236030,2020,13,regular,2020-11-29T01:00:00.000Z,False,True,False,True,0,3833,Memorial Stadium,2305,Kansas,fbs,Big 12,23,"[6, 6, 8, 3]",0.006993013434112072,1024,988,2628,TCU,fbs,Big 12,59,"[24, 14, 7, 14]",0.9930069865658879,1574,1610,3.0641575112836814,https://www.youtube.com/watch?v=EuvlsYB6nFg,,
401249024,2020,13,regular,2020-11-29T04:00:00.000Z,False,True,False,True,0,3610,Aloha Stadium,62,Hawai'i,fbs,Mountain West,24,"[0, 10, 7, 7]",0.5009607068766787,1411,1412,2440,Nevada,fbs,Mountain West,21,"[0, 7, 0, 14]",0.4990392931233213,1416,1415,7.8189014495,https://www.youtube.com/watch?v=5ogDDjo8wZQ,,
401265703,2020,14,regular,2020-12-03T23:00:00.000Z,False,True,False,True,6085,3825,DATCU Stadium,249,North Texas,fbs,Conference USA,31,"[14, 3, 7, 7]",0.1036822646856308,1212,1208,2348,Louisiana Tech,fbs,Conference USA,42,"[7, 21, 14, 0]",0.8963177353143692,1433,1437,6.019914706419767,,,
401249029,2020,14,regular,2020-12-04T02:30:00.000Z,False,True,False,True,3025,3905,Maverik Stadium,328,Utah State,fbs,Mountain West,7,"[7, 0, 0, 0]",0.005331113003194332,1260,1228,2005,Air Force,fbs,Mountain West,35,"[7, 14, 7, 7]",0.9946688869968057,1645,1677,3.1983894130561517,https://www.youtube.com/watch?v=r12AnpgL6cU,,
401252117,2020,14,regular,2020-12-05T01:30:00.000Z,False,True,False,True,2170,3792,Kidd Brewer Stadium,2026,App State,fbs,Sun Belt,21,"[7, 3, 0, 11]",0.32757267355918884,1734,1729,309,Louisiana,fbs,Sun Belt,24,"[0, 9, 15, 0]",0.6724273264408112,1725,1730,5.591611839689907,https://www.youtube.com/watch?v=Aay5BTnKCxY,,
401265818,2020,14,regular,2020-12-05T17:00:00.000Z,False,True,False,True,11378,3838,Memorial Stadium,142,Missouri,fbs,SEC,50,"[10, 10, 3, 27]",0.3644870204800323,1629,1627,8,Arkansas,fbs,SEC,48,"[6, 21, 6, 15]",0.6355129795199677,1406,1408,9.1381994261,https://www.youtube.com/watch?v=WKZaqfQVefc,,
401247335,2020,14,regular,2020-12-05T17:00:00.000Z,False,True,False,True,808,3907,Ross-Ade Stadium,2509,Purdue,fbs,Big Ten,27,"[3, 10, 7, 7]",0.2336416244506836,1474,1455,158,Nebraska,fbs,Big Ten,37,"[17, 10, 7, 3]",0.7663583755493164,1489,1508,4.081808091090129,https://www.youtube.com/watch?v=nFFIeFq4WIM,,
401236037,2020,14,regular,2020-12-05T17:00:00.000Z,False,True,False,True,12594,3616,Amon G. Carter Stadium,2628,TCU,fbs,Big 12,29,"[0, 7, 14, 8]",0.6629716157913208,1610,1621,197,Oklahoma State,fbs,Big 12,22,"[13, 3, 6, 0]",0.3370283842086792,1634,1623,6.371322941141787,https://www.youtube.com/watch?v=WUwVbNRx-oE,,
401236035,2020,14,regular,2020-12-05T17:00:00.000Z,False,True,False,True,9877,3784,Jones AT&T Stadium,2641,Texas Tech,fbs,Big 12,16,"[10, 0, 3, 3]",0.905454695224762,1436,1432,2305,Kansas,fbs,Big 12,13,"[0, 3, 3, 7]",0.09454530477523804,988,992,5.1262910313828804,https://www.youtube.com/watch?v=o8f8DSpY50A,,
401257812,2020,14,regular,2020-12-05T17:00:00.000Z,False,True,False,True,10429,3775,Joan C. Edwards Stadium,276,Marshall,fbs,Conference USA,0,"[0, 0, 0, 0]",0.07959871739149094,1676,1582,242,Rice,fbs,Conference USA,20,"[7, 3, 10, 0]",0.9204012826085091,1330,1424,2.939797014704395,https://www.youtube.com/watch?v=oJ4dQy-vX7o,,
401264082,2020,14,regular,2020-12-05T17:00:00.000Z,False,True,False,True,2400,4729,Yulman Stadium,2655,Tulane,fbs,American Athletic,35,"[14, 7, 7, 7]",0.9788897037506104,1678,1698,235,Memphis,fbs,American Athletic,21,"[7, 7, 7, 0]",0.02111029624938965,1576,1556,4.0159578036317924,https://www.youtube.com/watch?v=rKAU3sqBW7M,,
401249880,2020,14,regular,2020-12-05T17:00:00.000Z,False,True,False,True,0,3764,Huskie Stadium,2459,Northern Illinois,fbs,Mid-American,24,"[7, 17, 0, 0]",0.007036781869828701,1232,1207,2649,Toledo,fbs,Mid-American,41,"[7, 17, 0, 17]",0.9929632181301713,1389,1414,6.857564635323797,,,
401236036,2020,14,regular,2020-12-05T17:00:00.000Z,False,True,False,True,9851,3636,Bill Snyder Family Stadium,2306,Kansas State,fbs,Big 12,31,"[7, 10, 14, 0]",0.024265576153993607,1491,1420,251,Texas,fbs,Big 12,69,"[17, 14, 35, 3]",0.9757344238460064,1797,1868,3.7470689713742544,https://www.youtube.com/watch?v=43LXubdgqE8,,
401247340,2020,14,regular,2020-12-05T17:00:00.000Z,False,True,False,True,,3936,Spartan Stadium,127,Michigan State,fbs,Big Ten,12,"[0, 0, 7, 5]",0.005665494129061699,1429,1393,194,Ohio State,fbs,Big Ten,52,"[14, 14, 10, 14]",0.9943345058709383,2083,2119,3.1549174042878554,https://www.youtube.com/watch?v=Ca7hQVu8D0I,,
401237150,2020,14,regular,2020-12-05T17:00:00.000Z,False,True,False,True,17490,3785,Jordan-Hare Stadium,2,Auburn,fbs,SEC,20,"[0, 10, 10, 0]",0.027151277288794518,1831,1804,245,Texas A&M,fbs,SEC,31,"[7, 7, 0, 17]",0.9728487227112055,1793,1820,5.436813077340848,https://www.youtube.com/watch?v=5AJPOY2uRTs,,
401247336,2020,14,regular,2020-12-05T17:00:00.000Z,False,True,False,True,0,6577,SHI Stadium,164,Rutgers,fbs,Big Ten,7,"[0, 0, 7, 0]",0.3381640613079071,1341,1336,213,Penn State,fbs,Big Ten,23,"[7, 10, 3, 3]",0.6618359386920929,1679,1684,3.4407301188338626,https://www.youtube.com/watch?v=Y3XZid6R9eE,,
401248781,2020,14,regular,2020-12-05T17:00:00.000Z,False,True,False,False,3535,3787,Kenan Stadium,153,North Carolina,fbs,ACC,49,"[21, 21, 7, 0]",0.9873995184898376,,,2717,Western Carolina,fcs,Southern,9,"[3, 0, 0, 6]",0.012600481510162354,,,2.213974646954584,https://www.youtube.com/watch?v=3mZVLVOI44I,,
401249879,2020,14,regular,2020-12-05T19:00:00.000Z,False,True,False,True,0,3980,Waldo Stadium,2711,Western Michigan,fbs,Mid-American,42,"[7, 14, 7, 14]",0.31039637327194214,1561,1516,2199,Eastern Michigan,fbs,Mid-American,53,"[9, 21, 13, 10]",0.6896036267280579,1336,1381,6.951199512982076,https://www.youtube.com/watch?v=aoNIJ7pHDN8,,
401249878,2020,14,regular,2020-12-05T19:00:00.000Z,False,True,False,True,0,3786,Kelly/Shorts Stadium,2117,Central Michigan,fbs,Mid-American,20,"[0, 7, 7, 6]",0.03450998291373253,1481,1408,2050,Ball State,fbs,Mid-American,45,"[10, 14, 14, 7]",0.9654900170862675,1430,1503,3.9230160618831458,,,
401262494,2020,14,regular,2020-12-05T19:00:00.000Z,False,True,False,True,5375,6526,Hancock Whitney Stadium,6,South Alabama,fbs,Sun Belt,0,"[0, 0, 0, 0]",0,1210,1149,2653,Troy,fbs,Sun Belt,29,"[3, 24, 0, 2]",1,1369,1430,2.669547812268902,https://www.youtube.com/watch?v=cpOY5WlvJqw,,
401249881,2020,14,regular,2020-12-05T19:00:00.000Z,False,True,False,True,0,3768,InfoCision Stadium,2006,Akron,fbs,Mid-American,31,"[3, 14, 7, 7]",0.9795032143592834,882,956,189,Bowling Green,fbs,Mid-American,3,"[3, 0, 0, 0]",0.020496785640716553,886,812,2.646675223809713,,,
401234662,2020,14,regular,2020-12-05T19:30:00.000Z,False,True,False,True,6831,3855,Notre Dame Stadium,87,Notre Dame,fbs,ACC,45,"[3, 21, 14, 7]",0.803743302822113,1970,1962,183,Syracuse,fbs,ACC,21,"[0, 7, 7, 7]",0.19625669717788696,1279,1287,4.495001411586962,https://www.youtube.com/watch?v=ZrGSAxrX9xE,,
401262493,2020,14,regular,2020-12-05T20:00:00.000Z,False,True,False,True,3268,3625,Centennial Bank Stadium,2032,Arkansas State,fbs,Sun Belt,48,"[14, 14, 7, 13]",0.958258867263794,1251,1305,2433,UL Monroe,fbs,Sun Belt,15,"[7, 0, 8, 0]",0.041741132736206055,956,902,2.6869499012996862,https://www.youtube.com/watch?v=PtAypCbDdY8,,
401247337,2020,14,regular,2020-12-05T20:30:00.000Z,False,True,False,True,875,3832,"Memorial Stadium (Champaign, IL)",356,Illinois,fbs,Big Ten,21,"[7, 7, 0, 7]",0.02604183554649353,1407,1420,2294,Iowa,fbs,Big Ten,35,"[0, 13, 8, 14]",0.9739581644535065,1921,1908,4.116581234716752,https://www.youtube.com/watch?v=mZtBC8flBLU,,
401247338,2020,14,regular,2020-12-05T20:30:00.000Z,False,True,False,True,0,347,Camp Randall Stadium,275,Wisconsin,fbs,Big Ten,6,"[0, 3, 3, 0]",0.4182341396808624,1949,1912,84,Indiana,fbs,Big Ten,14,"[0, 7, 7, 0]",0.5817658603191376,1703,1740,4.089612156810388,https://www.youtube.com/watch?v=4RNM8rQXcUs,,
401264083,2020,14,regular,2020-12-05T20:30:00.000Z,False,True,False,True,0,3852,Navy-Marine Corps Memorial Stadium,2426,Navy,fbs,American Athletic,6,"[0, 3, 3, 0]",0.1473986953496933,1352,1339,202,Tulsa,fbs,American Athletic,19,"[0, 6, 7, 6]",0.8526013046503067,1526,1539,4.992396816615995,https://www.youtube.com/watch?v=V-s6MRlF69Y,,
401234656,2020,14,regular,2020-12-05T20:30:00.000Z,False,True,False,True,250,3923,Scott Stadium,258,Virginia,fbs,ACC,43,"[6, 14, 10, 13]",0.8646525144577026,1541,1559,103,Boston College,fbs,ACC,32,"[7, 10, 0, 15]",0.13534748554229736,1523,1505,4.6314240240852165,https://www.youtube.com/watch?v=dya5ZsKFPWE,,
401237151,2020,14,regular,2020-12-05T20:30:00.000Z,False,True,False,True,22943,3853,Neyland Stadium,2633,Tennessee,fbs,SEC,19,"[0, 7, 0, 12]",0.16123130917549133,1469,1479,57,Florida,fbs,SEC,31,"[3, 14, 7, 7]",0.8387686908245087,1901,1891,4.500756919790936,https://www.youtube.com/watch?v=wnqg1MJVA-8,,
401236034,2020,14,regular,2020-12-05T20:30:00.000Z,False,True,False,True,14256,3772,Jack Trice Stadium,66,Iowa State,fbs,Big 12,42,"[7, 14, 14, 7]",0.9943882822990417,1819,1899,277,West Virginia,fbs,Big 12,6,"[0, 0, 0, 6]",0.005611717700958252,1652,1572,1.994801958392008,https://www.youtube.com/watch?v=BxU02w9tY-k,,
401234659,2020,14,regular,2020-12-05T21:00:00.000Z,False,True,False,True,4032,3670,Carter-Finley Stadium,152,NC State,fbs,ACC,23,"[3, 17, 0, 3]",0.33377447724342346,1429,1439,59,Georgia Tech,fbs,ACC,13,"[0, 7, 3, 3]",0.6662255227565765,1324,1314,3.7647854012277686,https://www.youtube.com/watch?v=pUoxoGtmg60,,
401249424,2020,14,regular,2020-12-05T21:00:00.000Z,False,True,False,True,278,3765,Husky Stadium,264,Washington,fbs,Pac-12,26,"[0, 3, 13, 10]",0.7326791882514954,1756,1724,24,Stanford,fbs,Pac-12,31,"[14, 10, 7, 0]",0.26732081174850464,1449,1481,3.5696569915302385,https://www.youtube.com/watch?v=CYQxf-5-NYA,,
401237514,2020,14,regular,2020-12-05T22:30:00.000Z,False,True,False,False,5000,3654,Brooks Stadium (SC),324,Coastal Carolina,fbs,Sun Belt,22,"[6, 7, 3, 6]",0.9256296157836914,1705,1722,252,BYU,fbs,FBS Independents,17,"[0, 14, 3, 0]",0.0743703842163086,1967,1950,5.433585036698286,https://www.youtube.com/watch?v=1IiKh8p-zDE,,
401249033,2020,14,regular,2020-12-05T23:00:00.000Z,False,True,False,True,0,3935,CEFCU Stadium,23,San José State,fbs,Mountain West,35,"[21, 0, 7, 7]",0.8963846849228154,1486,1500,62,Hawai'i,fbs,Mountain West,24,"[0, 10, 7, 7]",0.10361531507718458,1412,1398,3.6909448204,https://www.youtube.com/watch?v=YBuxPHmvthg,,
401261675,2020,14,regular,2020-12-05T23:00:00.000Z,False,True,False,False,3867,3608,Allen E. Paulson Stadium,290,Georgia Southern,fbs,Sun Belt,20,"[0, 10, 0, 10]",0.7381390929222107,1464,1521,2226,Florida Atlantic,fbs,Conference USA,3,"[0, 0, 3, 0]",0.2618609070777893,1653,1596,2.9474310240418324,,,
401249423,2020,14,regular,2020-12-06T00:00:00.000Z,False,True,False,True,0,3831,California Memorial Stadium,25,California,fbs,Pac-12,21,"[7, 7, 7, 0]",0.4428681433200836,1425,1442,2483,Oregon,fbs,Pac-12,17,"[3, 14, 0, 0]",0.5571318566799164,1850,1833,5.2074424672919415,https://www.youtube.com/watch?v=wxTECZOETjE,,
401249031,2020,14,regular,2020-12-06T00:00:00.000Z,False,True,False,True,0,3932,Qualcomm Stadium,21,San Diego State,fbs,Mountain West,29,"[7, 16, 0, 6]",0.947348952293396,1616,1618,36,Colorado State,fbs,Mountain West,17,"[0, 17, 0, 0]",0.052651047706604004,1346,1344,5.478451456998811,https://www.youtube.com/watch?v=PpzDURJtjWU,,
401249426,2020,14,regular,2020-12-06T00:00:00.000Z,False,True,False,True,0,3619,Arizona Stadium,12,Arizona,fbs,Pac-12,13,"[10, 3, 0, 0]",0.08278382569551468,1360,1345,38,Colorado,fbs,Pac-12,24,"[0, 14, 7, 3]",0.9172161743044853,1457,1472,4.957818279169789,https://www.youtube.com/watch?v=d5L3c395xA8,,
401234657,2020,14,regular,2020-12-06T00:30:00.000Z,False,True,False,True,250,3799,Lane Stadium,259,Virginia Tech,fbs,ACC,10,"[7, 3, 0, 0]",0.011812583543360233,1530,1506,228,Clemson,fbs,ACC,45,"[10, 7, 14, 14]",0.9881874164566398,2167,2191,4.050493719932392,https://www.youtube.com/watch?v=gjYO2-6ecfY,,
401237153,2020,14,regular,2020-12-06T00:30:00.000Z,False,True,False,True,12000,3683,Kroger Field,96,Kentucky,fbs,SEC,41,"[10, 17, 7, 7]",0.9793529510498047,1537,1576,2579,South Carolina,fbs,SEC,18,"[3, 0, 7, 8]",0.020647048950195312,1374,1335,2.346153868307756,https://www.youtube.com/watch?v=X-u4kK9-V7w,,
401236033,2020,14,regular,2020-12-06T01:00:00.000Z,False,True,False,True,22700,3835,"Memorial Stadium (Norman, OK)",201,Oklahoma,fbs,Big 12,27,"[3, 7, 7, 10]",0.9721472263336182,1959,1961,239,Baylor,fbs,Big 12,14,"[0, 0, 7, 7]",0.027852773666381836,1661,1659,4.001606784010515,https://www.youtube.com/watch?v=chOFdVLmWF8,,
401266134,2020,14,regular,2020-12-06T01:00:00.000Z,False,True,False,True,0,3982,Wallace Wade Stadium,150,Duke,fbs,ACC,0,"[0, 0, 0, 0]",0.002162938006222248,1347,1243,2390,Miami,fbs,ACC,48,"[14, 7, 21, 6]",0.9978370619937778,1660,1764,2.5181581761934706,https://www.youtube.com/watch?v=ixWAMP9MIO8,,
401265817,2020,14,regular,2020-12-06T01:00:00.000Z,False,True,False,True,22349,3958,Tiger Stadium (LA),99,LSU,fbs,SEC,17,"[0, 14, 3, 0]",0.027584075927734375,1794,1743,333,Alabama,fbs,SEC,55,"[21, 24, 7, 3]",0.9724159240722656,2268,2319,3.455558467145847,https://www.youtube.com/watch?v=3FXSpoTrUAU,,
401249032,2020,14,regular,2020-12-06T02:00:00.000Z,False,True,False,True,50,3816,Mackay Stadium,2440,Nevada,fbs,Mountain West,37,"[17, 7, 0, 13]",0.6341330409049988,1415,1443,278,Fresno State,fbs,Mountain West,26,"[7, 13, 0, 6]",0.3658669590950012,1517,1489,4.886968121335017,https://www.youtube.com/watch?v=ycG8sMkwKMI,,
401249034,2020,14,regular,2020-12-06T03:30:00.000Z,False,True,False,True,250,3971,University Stadium (NM),167,New Mexico,fbs,Mountain West,17,"[0, 10, 0, 7]",0.7647462487220764,1160,1172,2751,Wyoming,fbs,Mountain West,16,"[3, 10, 0, 3]",0.23525375127792358,1603,1591,6.68282770056458,https://www.youtube.com/watch?v=EK0BFXG9woQ,,
401249422,2020,14,regular,2020-12-06T03:30:00.000Z,False,True,False,True,0,587,Rice-Eccles Stadium,254,Utah,fbs,Pac-12,30,"[6, 10, 7, 7]",0.9922405481338501,1668,1664,204,Oregon State,fbs,Pac-12,24,"[0, 10, 0, 14]",0.007759451866149902,1423,1427,4.422458428953018,https://www.youtube.com/watch?v=dQB5sIq3Dcw,,
401249425,2020,14,regular,2020-12-06T03:30:00.000Z,False,True,False,True,0,3947,Mountain America Stadium,9,Arizona State,fbs,Pac-12,18,"[0, 3, 9, 6]",0.3368721902370453,1550,1534,26,UCLA,fbs,Pac-12,25,"[0, 17, 0, 8]",0.6631278097629547,1510,1526,6.138520044657327,https://www.youtube.com/watch?v=vQ4P4A9eEEk,,
401266789,2020,14,regular,2020-12-06T17:00:00.000Z,False,True,False,True,,4418,Jerry Richardson Stadium,2429,Charlotte,fbs,Conference USA,19,"[0, 0, 7, 12]",0.020332926884293556,1340,1299,98,Western Kentucky,fbs,Conference USA,37,"[3, 14, 10, 10]",0.9796670731157064,1368,1409,3.308266536853799,,,
401249427,2020,14,regular,2020-12-07T00:30:00.000Z,False,True,False,True,0,477,Los Angeles Memorial Coliseum,30,USC,fbs,Pac-12,38,"[28, 7, 3, 0]",0.9944973587989807,1639,1698,265,Washington State,fbs,Pac-12,13,"[0, 6, 0, 7]",0.005502641201019287,1600,1541,2.299706170792804,https://www.youtube.com/watch?v=wwmYV-7zAPA,,
401257813,2020,15,regular,2020-12-10T23:30:00.000Z,False,True,False,True,,3815,M. M. Roberts Stadium,2572,Southern Miss,fbs,Conference USA,45,"[10, 14, 14, 7]",0.8927075862884521,1226,1290,2226,Florida Atlantic,fbs,Conference USA,31,"[7, 10, 14, 0]",0.10729241371154785,1596,1532,5.246185279979771,,,
401261245,2020,15,regular,2020-12-11T00:00:00.000Z,False,True,False,True,11000,721,Bobby Dodd Stadium,59,Georgia Tech,fbs,ACC,20,"[7, 0, 6, 7]",0.006387974135577679,1314,1305,221,Pittsburgh,fbs,ACC,34,"[3, 13, 7, 11]",0.9936120258644223,1555,1564,5.050364079794273,https://www.youtube.com/watch?v=fiXNmTeGaXg,,
401257816,2020,15,regular,2020-12-11T23:00:00.000Z,False,True,False,True,5612,3946,Sun Bowl,2638,UTEP,fbs,Conference USA,43,"[7, 14, 0, 22]",0.7055168151855469,1079,1083,249,North Texas,fbs,Conference USA,45,"[7, 10, 14, 14]",0.2944831848144531,1208,1204,7.118571258593249,https://www.youtube.com/watch?v=2ffiGCB0sXM,,
401249429,2020,15,regular,2020-12-12T00:00:00.000Z,False,True,False,True,0,3619,Arizona Stadium,12,Arizona,fbs,Pac-12,7,"[0, 7, 0, 0]",0,1345,1167,9,Arizona State,fbs,Pac-12,70,"[21, 21, 21, 7]",1,1534,1712,2.450008088134161,https://www.youtube.com/watch?v=BGsgdR6sA9Y,,
401249037,2020,15,regular,2020-12-12T03:00:00.000Z,False,True,False,True,0,3935,CEFCU Stadium,23,San José State,fbs,Mountain West,30,"[7, 0, 20, 3]",0.9411755800247192,1500,1513,2440,Nevada,fbs,Mountain West,20,"[10, 10, 0, 0]",0.05882441997528076,1443,1430,5.035192397414449,https://www.youtube.com/watch?v=LOPgIscgXX4,,
401249884,2020,15,regular,2020-12-12T17:00:00.000Z,False,True,False,True,300,3912,Rynearson Stadium,2199,Eastern Michigan,fbs,Mid-American,41,"[10, 10, 14, 7]",0.8764258027076721,1381,1382,2459,Northern Illinois,fbs,Mid-American,33,"[10, 0, 14, 9]",0.12357419729232788,1207,1206,3.6163674205940186,,,
401247344,2020,15,regular,2020-12-12T17:00:00.000Z,False,True,False,True,0,3911,Ryan Field,77,Northwestern,fbs,Big Ten,28,"[0, 14, 14, 0]",0.9774461984634399,1622,1643,356,Illinois,fbs,Big Ten,10,"[3, 0, 0, 7]",0.02255380153656006,1420,1399,3.2308563910710246,https://www.youtube.com/watch?v=5--WlqPtFyk,,
401247346,2020,15,regular,2020-12-12T17:00:00.000Z,False,True,False,True,0,3632,Beaver Stadium,213,Penn State,fbs,Big Ten,39,"[3, 7, 15, 14]",0.9215224385261536,1684,1691,127,Michigan State,fbs,Big Ten,24,"[0, 21, 3, 0]",0.07847756147384644,1393,1386,5.512718550073243,https://www.youtube.com/watch?v=wWDF3ZFKaZw,,
401266696,2020,15,regular,2020-12-12T17:00:00.000Z,False,True,False,True,10959,3873,L&N Federal Credit Union Stadium,97,Louisville,fbs,ACC,45,"[0, 21, 7, 17]",0.9944790601730347,1519,1589,154,Wake Forest,fbs,ACC,21,"[7, 3, 3, 8]",0.005520939826965332,1606,1536,4.262120765704511,https://www.youtube.com/watch?v=nIhH79LASPM,,
401247342,2020,15,regular,2020-12-12T17:00:00.000Z,False,True,False,True,0,3665,SECU Stadium,120,Maryland,fbs,Big Ten,24,"[0, 3, 7, 14, 0]",0.33383944630622864,1324,1320,164,Rutgers,fbs,Big Ten,27,"[0, 0, 14, 10, 3]",0.6661605536937714,1336,1340,10.4953967782879,https://www.youtube.com/watch?v=JK47TwyZ39A,,
401267161,2020,15,regular,2020-12-12T17:00:00.000Z,False,True,False,True,10830,3838,Memorial Stadium,142,Missouri,fbs,SEC,14,"[0, 14, 0, 0]",0.019604157656431198,1627,1558,61,Georgia,fbs,SEC,49,"[14, 7, 21, 7]",0.9803958423435688,1876,1945,3.898507075796177,https://www.youtube.com/watch?v=3nPc5Os8JFk,,
401249428,2020,15,regular,2020-12-12T17:00:00.000Z,False,True,False,True,0,3726,Folsom Field,38,Colorado,fbs,Pac-12,21,"[0, 14, 7, 0]",0,1472,1451,254,Utah,fbs,Pac-12,38,"[7, 3, 14, 14]",1,1664,1685,5.988239637918042,https://www.youtube.com/watch?v=NPVSKMHVXxQ,,
401267164,2020,15,regular,2020-12-12T17:00:00.000Z,False,True,False,True,16500,3887,Razorback Stadium,8,Arkansas,fbs,SEC,3,"[3, 0, 0, 0]",0.0015510385856032372,1408,1376,333,Alabama,fbs,SEC,52,"[10, 28, 7, 7]",0.9984489614143968,2319,2351,2.899861334898605,https://www.youtube.com/watch?v=CgeSRxxg9RU,,
401249885,2020,15,regular,2020-12-12T17:00:00.000Z,False,True,False,True,823,3919,Scheumann Stadium,2050,Ball State,fbs,Mid-American,30,"[6, 7, 0, 17]",0.8746166229248047,1503,1504,2711,Western Michigan,fbs,Mid-American,27,"[3, 17, 7, 0]",0.1253833770751953,1516,1515,6.5855144692463865,,,
401247345,2020,15,regular,2020-12-12T17:00:00.000Z,False,True,False,True,0,3834,"Memorial Stadium (Lincoln, NE)",158,Nebraska,fbs,Big Ten,17,"[0, 14, 0, 3]",0.08532435446977615,1508,1504,135,Minnesota,fbs,Big Ten,24,"[10, 7, 0, 7]",0.9146756455302238,1622,1626,5.546533769213334,https://www.youtube.com/watch?v=afKXPRQ5x7Y,,
401257815,2020,15,regular,2020-12-12T18:00:00.000Z,False,True,False,True,2000,3895,Rice Stadium,242,Rice,fbs,Conference USA,16,"[3, 10, 0, 3]",0.10566741973161697,1424,1421,5,UAB,fbs,Conference USA,21,"[0, 7, 14, 0]",0.894332580268383,1503,1506,5.649615711650599,,,
401249886,2020,15,regular,2020-12-12T19:30:00.000Z,False,True,False,True,0,3965,UB Stadium,2084,Buffalo,fbs,Mid-American,56,"[14, 21, 14, 7]",1,1696,1747,2006,Akron,fbs,Mid-American,7,"[0, 0, 0, 7]",0,956,905,1.7689315700507864,,,
401207203,2020,15,regular,2020-12-12T20:00:00.000Z,False,True,True,False,12722,3806,Lincoln Financial Field,349,Army,fbs,FBS Independents,15,"[0, 3, 0, 12]",0.9175283908843994,1554,1573,2426,Navy,fbs,American Athletic,0,"[0, 0, 0, 0]",0.08247160911560059,1339,1320,3.0569980267426775,https://www.youtube.com/watch?v=KR380ZECIfc,,
401249883,2020,15,regular,2020-12-12T20:00:00.000Z,False,True,False,True,0,3739,Glass Bowl,2649,Toledo,fbs,Mid-American,24,"[10, 7, 0, 7]",0.33612728118896484,1414,1415,2117,Central Michigan,fbs,Mid-American,23,"[7, 3, 13, 0]",0.6638727188110352,1408,1407,6.50411271602153,,,
401259671,2020,15,regular,2020-12-12T20:00:00.000Z,False,True,False,True,11000,6526,Hancock Whitney Stadium,2653,Troy,fbs,Sun Belt,38,"[3, 13, 7, 15]",0.14093530178070068,1430,1442,324,Coastal Carolina,fbs,Sun Belt,42,"[14, 7, 7, 14]",0.8590646982192993,1722,1710,7.694177108139089,https://www.youtube.com/watch?v=JO8DVInBTlk,,
401264084,2020,15,regular,2020-12-12T20:30:00.000Z,False,True,False,True,9475,3805,Simmons Bank Liberty Stadium,235,Memphis,fbs,American Athletic,30,"[3, 14, 10, 3]",0.2583981454372406,1556,1557,248,Houston,fbs,American Athletic,27,"[3, 3, 0, 21]",0.7416018545627594,1530,1529,5.97974318182025,https://www.youtube.com/watch?v=-7XiADiyqEs,,
401250713,2020,15,regular,2020-12-12T20:30:00.000Z,False,True,False,True,11667,4727,McLane Stadium,239,Baylor,fbs,Big 12,3,"[0, 0, 0, 3]",0,1659,1537,197,Oklahoma State,fbs,Big 12,42,"[14, 14, 7, 7]",1,1623,1745,2.9307126799194343,https://www.youtube.com/watch?v=FQ8MT4M-khU,,
401234661,2020,15,regular,2020-12-12T20:30:00.000Z,False,True,False,True,12092,3948,Hard Rock Stadium,2390,Miami,fbs,ACC,26,"[3, 7, 8, 8]",0.05477118864655495,1764,1657,153,North Carolina,fbs,ACC,62,"[21, 13, 7, 21]",0.945228811353445,1757,1864,2.81101885407245,https://www.youtube.com/watch?v=ee2pbhMY9Kk,,
401247347,2020,15,regular,2020-12-12T20:30:00.000Z,False,True,False,True,1445,3793,Kinnick Stadium,2294,Iowa,fbs,Big Ten,28,"[3, 3, 15, 7]",0.8063626289367676,1908,1958,275,Wisconsin,fbs,Big Ten,7,"[0, 0, 7, 0]",0.19363737106323242,1912,1862,3.6795049768519767,https://www.youtube.com/watch?v=2dZOs-J-MPY,,
401266694,2020,15,regular,2020-12-12T21:00:00.000Z,False,True,False,True,14872,3697,Doak Campbell Stadium,52,Florida State,fbs,ACC,56,"[28, 0, 14, 14]",0.994519054889679,1232,1283,150,Duke,fbs,ACC,35,"[7, 14, 0, 14]",0.005480945110321045,1243,1192,2.5231030009696362,https://www.youtube.com/watch?v=TEaEDeG8rWs,,
401267163,2020,15,regular,2020-12-12T21:00:00.000Z,False,True,False,True,849,3973,FirstBank Stadium,238,Vanderbilt,fbs,SEC,17,"[7, 3, 0, 7]",0.007839162833988667,1113,1088,2633,Tennessee,fbs,SEC,42,"[7, 21, 7, 7]",0.9921608371660113,1479,1504,3.6827422089530035,https://www.youtube.com/watch?v=EGIOng_5YZM,,
401249035,2020,15,regular,2020-12-12T23:00:00.000Z,False,True,False,True,2978,3984,War Memorial Stadium,2751,Wyoming,fbs,Mountain West,9,"[3, 0, 3, 3]",0.36188462376594543,1591,1584,68,Boise State,fbs,Mountain West,17,"[7, 3, 7, 0]",0.6381153762340546,1701,1708,4.40956964525431,https://www.youtube.com/watch?v=Rolc36k1pWI,,
401215309,2020,15,regular,2020-12-12T23:00:00.000Z,False,True,False,True,6228,3608,Allen E. Paulson Stadium,290,Georgia Southern,fbs,Sun Belt,26,"[7, 10, 0, 9]",0.12433524429798126,1521,1522,2026,App State,fbs,Sun Belt,34,"[0, 7, 10, 17]",0.8756647557020187,1729,1728,5.314391747575444,,,
401266711,2020,15,regular,2020-12-13T00:00:00.000Z,False,True,False,False,10472,3616,Amon G. Carter Stadium,2628,TCU,fbs,Big 12,52,"[10, 21, 14, 7]",0.9941574335098267,1621,1719,2348,Louisiana Tech,fbs,Conference USA,10,"[0, 0, 3, 7]",0.00584256649017334,1437,1339,2.3179948032758593,https://www.youtube.com/watch?v=vcCWmYb-mgQ,,
401251100,2020,15,regular,2020-12-13T00:00:00.000Z,False,True,False,True,16610,3634,Ben Hill Griffin Stadium,57,Florida,fbs,SEC,34,"[7, 10, 14, 3]",0.44984468817710876,1891,1877,99,LSU,fbs,SEC,37,"[7, 17, 3, 10]",0.5501553118228912,1743,1757,8.450569285997084,https://www.youtube.com/watch?v=OszNzKK1Efo,,
401260157,2020,15,regular,2020-12-13T00:30:00.000Z,False,True,False,True,12986,3693,Davis Wade Stadium,344,Mississippi State,fbs,SEC,10,"[0, 3, 0, 7]",0.06632602214813232,1461,1460,2,Auburn,fbs,SEC,24,"[3, 3, 3, 15]",0.9336739778518677,1804,1805,5.897602100436659,https://www.youtube.com/watch?v=kRQi7zWK87E,,
401249431,2020,15,regular,2020-12-13T00:30:00.000Z,False,True,False,True,0,1056,Rose Bowl,26,UCLA,fbs,Pac-12,38,"[7, 14, 14, 3]",0.3976147174835205,1526,1529,30,USC,fbs,Pac-12,43,"[0, 10, 13, 20]",0.6023852825164795,1698,1695,8.246808425438013,https://www.youtube.com/watch?v=r_ppEa7S6H8,,
401234572,2020,15,regular,2020-12-13T01:00:00.000Z,False,True,False,True,250,3799,Lane Stadium,259,Virginia Tech,fbs,ACC,33,"[3, 24, 3, 3]",0.9680904746055603,1506,1552,258,Virginia,fbs,ACC,15,"[7, 0, 8, 0]",0.0319095253944397,1559,1513,3.6951151163947737,https://www.youtube.com/watch?v=aqjsiscW-Ts,,
401249435,2020,15,regular,2020-12-13T03:00:00.000Z,False,True,False,False,1099,3801,LaVell Edwards Stadium,252,BYU,fbs,FBS Independents,28,"[7, 10, 3, 8]",0.7546800971031189,1950,1951,21,San Diego State,fbs,Mountain West,14,"[14, 0, 0, 0]",0.2453199028968811,1618,1617,4.720835785814522,https://www.youtube.com/watch?v=eS9khM2iGXI,,
401249432,2020,15,regular,2020-12-13T03:00:00.000Z,False,True,False,True,0,3893,Reser Stadium,204,Oregon State,fbs,Pac-12,24,"[7, 7, 7, 3]",0.22608095407485962,1427,1426,24,Stanford,fbs,Pac-12,27,"[6, 3, 7, 11]",0.7739190459251404,1481,1482,6.6600944308216885,https://www.youtube.com/watch?v=O6A1y2Ot6o0,,
401249036,2020,15,regular,2020-12-13T03:30:00.000Z,False,True,False,True,250,3971,University Stadium (NM),167,New Mexico,fbs,Mountain West,49,"[7, 14, 7, 21]",0.9399170279502869,1172,1214,278,Fresno State,fbs,Mountain West,39,"[7, 17, 7, 8]",0.060082972049713135,1489,1447,6.927144873888395,https://www.youtube.com/watch?v=d40Izs2XD5Q,,
401249038,2020,15,regular,2020-12-13T04:00:00.000Z,False,True,False,True,0,3610,Aloha Stadium,62,Hawai'i,fbs,Mountain West,38,"[7, 14, 14, 3]",0.9635254144668579,1398,1413,2439,UNLV,fbs,Mountain West,21,"[0, 7, 14, 0]",0.03647458553314209,1149,1134,2.7763890698574807,https://www.youtube.com/watch?v=pF4caZP-xv8,,
401240101,2020,16,regular,2020-12-19T00:00:00.000Z,False,True,False,True,8324,3775,Joan C. Edwards Stadium,276,Marshall,fbs,Conference USA,13,"[0, 0, 7, 6]",0.0039621093310415745,1582,1557,5,UAB,fbs,Conference USA,22,"[3, 6, 0, 13]",0.9960378906689584,1506,1531,5.213732436160846,https://www.youtube.com/watch?v=pXK_BgGINb0,,
401269382,2020,16,regular,2020-12-19T00:30:00.000Z,False,True,False,True,0,6577,SHI Stadium,164,Rutgers,fbs,Big Ten,21,"[3, 11, 7, 0]",0.2704804241657257,1340,1339,158,Nebraska,fbs,Big Ten,28,"[0, 7, 14, 7]",0.7295195758342743,1504,1505,5.645551880859015,https://www.youtube.com/watch?v=lczu5l7r4O4,,
401249854,2020,16,regular,2020-12-19T00:30:00.000Z,False,True,True,True,0,3727,Ford Field,2084,Buffalo,fbs,Mid-American,28,"[14, 7, 7, 0]",0.17308712005615234,1747,1712,2050,Ball State,fbs,Mid-American,38,"[7, 28, 3, 0]",0.8269128799438477,1504,1539,4.8527106969827685,https://www.youtube.com/watch?v=OTZkWzhJSLQ,,
401249434,2020,16,regular,2020-12-19T01:00:00.000Z,False,True,False,True,1,477,Los Angeles Memorial Coliseum,30,USC,fbs,Pac-12,24,"[7, 7, 3, 7]",0.5148517489433289,1695,1692,2483,Oregon,fbs,Pac-12,31,"[14, 7, 7, 3]",0.48514825105667114,1833,1836,4.627275190777503,https://www.youtube.com/watch?v=akNMET3va64,,
401260158,2020,16,regular,2020-12-19T17:00:00.000Z,False,True,False,True,22645,3853,Neyland Stadium,2633,Tennessee,fbs,SEC,13,"[7, 6, 0, 0]",0.014044863171875477,1504,1484,245,Texas A&M,fbs,SEC,34,"[7, 17, 0, 10]",0.9859551368281245,1820,1840,3.8109389972549184,https://www.youtube.com/watch?v=uKGi9qeW5aY,,
401247349,2020,16,regular,2020-12-19T17:00:00.000Z,False,True,True,True,3178,3812,Lucas Oil Stadium,194,Ohio State,fbs,Big Ten,22,"[3, 3, 7, 9]",0.9411963820457458,2119,2111,77,Northwestern,fbs,Big Ten,10,"[7, 3, 0, 0]",0.05880361795425415,1643,1651,5.32349712610382,https://www.youtube.com/watch?v=6L_OKV7DZ8E,,
401262060,2020,16,regular,2020-12-19T17:00:00.000Z,False,True,True,True,18720,3687,AT&T Stadium,66,Iowa State,fbs,Big 12,21,"[0, 7, 7, 7]",0.2350364476442337,1899,1897,201,Oklahoma,fbs,Big 12,27,"[7, 17, 0, 3]",0.7649635523557663,1961,1963,4.5553366271538716,https://www.youtube.com/watch?v=xoqXQC3mah0,,
401269375,2020,16,regular,2020-12-19T18:30:00.000Z,False,True,False,True,0,587,Rice-Eccles Stadium,254,Utah,fbs,Pac-12,45,"[0, 7, 14, 24]",0.8795206546783447,1685,1709,265,Washington State,fbs,Pac-12,28,"[7, 21, 0, 0]",0.12047934532165527,1541,1517,5.799567017094362,https://www.youtube.com/watch?v=lGCCEqJ90GU,,
401265699,2020,16,regular,2020-12-19T20:00:00.000Z,False,True,False,False,1306,3841,Michie Stadium,349,Army,fbs,FBS Independents,10,"[0, 3, 0, 7]",0.18337076902389526,1573,1575,2005,Air Force,fbs,Mountain West,7,"[0, 0, 7, 0]",0.8166292309761047,1677,1675,4.1805401199685015,https://www.youtube.com/watch?v=E3YDIktaW58,,
401267166,2020,16,regular,2020-12-19T20:30:00.000Z,False,True,False,True,11748,3693,Davis Wade Stadium,344,Mississippi State,fbs,SEC,51,"[14, 13, 7, 17]",0.9852833151817322,1460,1514,142,Missouri,fbs,SEC,32,"[7, 3, 8, 14]",0.014716684818267822,1558,1504,2.7959467344817046,https://www.youtube.com/watch?v=PRlTyq1hec4,,
401267165,2020,16,regular,2020-12-19T20:30:00.000Z,False,True,False,True,21905,3958,Tiger Stadium (LA),99,LSU,fbs,SEC,53,"[10, 24, 6, 13]",0.94765704870224,1757,1756,145,Ole Miss,fbs,SEC,48,"[7, 14, 13, 14]",0.05234295129776001,1598,1599,7.501055542328246,https://www.youtube.com/watch?v=fQYhPMY95oI,,
401269384,2020,16,regular,2020-12-19T21:00:00.000Z,False,True,False,True,0,347,Camp Randall Stadium,275,Wisconsin,fbs,Big Ten,20,"[0, 7, 7, 3, 3]",0.12845365703105927,1862,1860,135,Minnesota,fbs,Big Ten,17,"[7, 0, 3, 7, 0]",0.8715463429689407,1626,1628,5.804602376065773,https://www.youtube.com/watch?v=tXidQFpFVB4,,
401256001,2020,16,regular,2020-12-19T21:00:00.000Z,False,True,True,True,5240,3628,Bank of America Stadium,87,Notre Dame,fbs,ACC,10,"[3, 0, 0, 7]",0.027524448931217194,1962,1932,228,Clemson,fbs,ACC,34,"[7, 17, 7, 3]",0.9724755510687828,2191,2221,2.975308034098147,https://www.youtube.com/watch?v=ATzZwy4XYsI,,
401249043,2020,16,regular,2020-12-19T21:40:00.000Z,False,True,True,True,0,3914,Sam Boyd Stadium,23,San José State,fbs,Mountain West,34,"[7, 12, 0, 15]",0.9986085891723633,1513,1568,68,Boise State,fbs,Mountain West,20,"[3, 3, 7, 7]",0.0013914108276367188,1708,1653,3.7019087683379195,https://www.youtube.com/watch?v=XZwwn1tdV94,,
401269381,2020,16,regular,2020-12-19T22:30:00.000Z,False,True,False,True,0,3632,Beaver Stadium,213,Penn State,fbs,Big Ten,56,"[21, 21, 7, 7]",0.9908515214920044,1691,1752,356,Illinois,fbs,Big Ten,21,"[21, 0, 0, 0]",0.009148478507995605,1399,1338,3.729220590281233,https://www.youtube.com/watch?v=yMJxn9U5Oac,,
401269376,2020,16,regular,2020-12-20T00:00:00.000Z,False,True,False,True,0,1056,Rose Bowl,26,UCLA,fbs,Pac-12,47,"[3, 0, 14, 17, 7, 6]",0.8449845314025879,1529,1525,24,Stanford,fbs,Pac-12,48,"[7, 13, 0, 14, 7, 7]",0.1550154685974121,1482,1486,10.576929438174803,https://www.youtube.com/watch?v=Z_xP1lkF7k8,,
401264085,2020,16,regular,2020-12-20T01:00:00.000Z,False,True,False,True,5831,3854,Nippert Stadium,2132,Cincinnati,fbs,American Athletic,27,"[10, 7, 7, 3]",0.6818066835403442,1935,1931,202,Tulsa,fbs,American Athletic,24,"[0, 10, 7, 7]",0.31819331645965576,1539,1543,6.243888222105491,https://www.youtube.com/watch?v=VSxIcOo4mYQ,,
401237074,2020,16,regular,2020-12-20T01:00:00.000Z,False,True,True,True,16520,5348,Mercedes-Benz Stadium,57,Florida,fbs,SEC,46,"[10, 7, 14, 15]",0.2773827314376831,1877,1899,333,Alabama,fbs,SEC,52,"[14, 21, 0, 17]",0.7226172685623169,2351,2329,5.728345194250682,https://www.youtube.com/watch?v=ykdLIkmh7Q0,,
401269378,2020,16,regular,2020-12-20T03:30:00.000Z,False,True,False,True,0,3893,Reser Stadium,204,Oregon State,fbs,Pac-12,33,"[7, 8, 12, 6]",0.1398303359746933,1426,1423,9,Arizona State,fbs,Pac-12,46,"[7, 19, 14, 6]",0.8601696640253067,1712,1715,4.057767558932185,https://www.youtube.com/watch?v=W7uC-jHZt6g,,
