id,season,week,seasonType,startDate,startTimeTBD,completed,neutralSite,conferenceGame,attendance,venueId,venue,homeId,homeTeam,homeClassification,homeConference,homePoints,homeLineScores,homePostgameWinProbability,homePregameElo,homePostgameElo,awayId,awayTeam,awayClassification,awayConference,awayPoints,awayLineScores,awayPostgameWinProbability,awayPregameElo,awayPostgameElo,excitementIndex,highlights,notes,playoff
401426532,2022,1,regular,2022-08-27T16:00:00.000Z,False,True,False,False,13688,3796,Houchens Industries-L.T. Smith Stadium,98,Western Kentucky,fbs,Conference USA,38,"[7, 14, 0, 17]",0.9828328490257263,1684,1684,2046,Austin Peay,fcs,Atlantic Sun,27,"[10, 7, 3, 7]",0.01716715097427368,,,4.668727712637413,,,
401405059,2022,1,regular,2022-08-27T16:30:00.000Z,False,True,True,True,,3504,Aviva Stadium,77,Northwestern,fbs,Big Ten,31,"[3, 14, 7, 7]",0.9412754774093628,1361,1381,158,Nebraska,fbs,Big Ten,28,"[7, 7, 14, 0]",0.05872452259063721,1636,1616,7.080596974805498,,,
401439512,2022,1,regular,2022-08-27T19:00:00.000Z,False,True,True,False,,,,125762,Florida Memorial University,,,39,"[13, 13, 6, 7]",,,,2206,Edward Waters,ii,SIAC,34,"[0, 0, 21, 13]",,,,,,,
401413213,2022,1,regular,2022-08-27T19:30:00.000Z,False,True,True,False,,3689,Cramton Bowl,55,Jacksonville State,fcs,Atlantic Sun,42,"[7, 14, 21, 0]",0.9952564239501953,,,2617,Stephen F. Austin,fcs,Western Athletic,17,"[7, 10, 0, 0]",0.0047435760498046875,,,4.546513259427732,,FCS Kickoff,
401413256,2022,1,regular,2022-08-27T19:30:00.000Z,False,True,False,False,19579,6501,Allegiant Stadium,2439,UNLV,fbs,Mountain West,52,"[10, 35, 0, 7]",0.9988837999616828,1300,1300,304,Idaho State,fcs,Big Sky,21,"[7, 0, 7, 7]",0.00111620003831725,,,1.5942419241,,,
401405058,2022,1,regular,2022-08-27T20:00:00.000Z,False,True,False,False,37832,3832,"Memorial Stadium (Champaign, IL)",356,Illinois,fbs,Big Ten,38,"[7, 10, 7, 14]",0.9830090403556824,1496,1584,2751,Wyoming,fbs,Mountain West,6,"[3, 0, 3, 0]",0.016990959644317627,1497,1409,3.1584626945484575,,,
401404146,2022,1,regular,2022-08-27T20:00:00.000Z,False,True,False,False,19553,3905,Maverik Stadium,328,Utah State,fbs,Mountain West,31,"[0, 24, 0, 7]",0.9823276400566101,1566,1555,41,UConn,fbs,FBS Independents,20,"[14, 0, 0, 6]",0.017672359943389893,1117,1128,5.097938827434819,,,
401411090,2022,1,regular,2022-08-27T21:00:00.000Z,False,True,False,False,51207,3697,Doak Campbell Stadium,52,Florida State,fbs,ACC,47,"[20, 6, 14, 7]",0.9769148230552673,1501,1501,2184,Duquesne,fcs,NEC,7,"[0, 0, 7, 0]",0.023085176944732666,,,2.050632298502832,,,
401426530,2022,1,regular,2022-08-27T23:00:00.000Z,False,True,False,True,19571,3715,FAU Stadium,2226,Florida Atlantic,fbs,Conference USA,43,"[10, 16, 7, 10]",0.9909507036209106,1427,1488,2429,Charlotte,fbs,Conference USA,13,"[7, 0, 6, 0]",0.009049296379089355,1272,1211,6.482355706203133,,,
401422922,2022,1,regular,2022-08-27T23:00:00.000Z,False,True,False,False,,4417,Five Star Stadium at the Moye Complex,2382,Mercer,fcs,Southern,63,"[14, 28, 14, 7]",0.9941574335098267,,,2413,Morehead State,fcs,Pioneer,13,"[0, 10, 3, 0]",0.00584256649017334,,,2.530871383782627,,,
401423448,2022,1,regular,2022-08-27T23:00:00.000Z,False,True,True,False,,4246,Center Parc Stadium,2011,Alabama State,fcs,SWAC,23,"[6, 7, 7, 3]",0.8018093705177307,,,47,Howard,fcs,MEAC,13,"[3, 3, 0, 7]",0.1981906294822693,,,3.661063616585933,,Cricket MEAC/SWAC Challenge Kickoff,
401411091,2022,1,regular,2022-08-28T00:15:00.000Z,False,True,False,False,46130,3787,Kenan Stadium,153,North Carolina,fbs,ACC,56,"[14, 14, 7, 21]",0.9910025000572205,1555,1555,50,Florida A&M,fcs,SWAC,24,"[7, 7, 10, 0]",0.008997499942779541,,,3.4451314247729767,,,
401426531,2022,1,regular,2022-08-28T01:00:00.000Z,False,True,False,True,45971,3946,Sun Bowl,2638,UTEP,fbs,Conference USA,13,"[0, 13, 0, 0]",0.02488996833562851,1360,1323,249,North Texas,fbs,Conference USA,31,"[0, 14, 14, 3]",0.9751100316643715,1426,1463,5.138324901969234,,,
401409235,2022,1,regular,2022-08-28T02:00:00.000Z,False,True,False,False,,3601,Aggie Memorial Stadium,166,New Mexico State,fbs,FBS Independents,12,"[0, 2, 7, 3]",0,1184,1192,2440,Nevada,fbs,Mountain West,23,"[0, 17, 0, 6]",1,1564,1556,3.993536523260908,,,
401403853,2022,1,regular,2022-08-28T02:30:00.000Z,False,True,False,False,9346,7220,Clarence T.C. Ching Athletics Complex,62,Hawai'i,fbs,Mountain West,10,"[7, 3, 0, 0]",0,1432,1223,238,Vanderbilt,fbs,SEC,63,"[14, 7, 35, 7]",1,1222,1431,3.9124190877135883,,,
401437007,2022,1,regular,2022-09-01T18:00:00.000Z,False,True,False,False,,6059,Sanchez Family Stadium,2424,New Mexico Highlands,ii,Rocky Mountain,18,"[0, 3, 7, 8]",,,,2201,Eastern New Mexico,ii,Lone Star,34,"[3, 7, 17, 7]",,,,,,,
401433043,2022,1,regular,2022-09-01T21:30:00.000Z,False,True,False,False,,6071,Jess Dow Field,2583,Southern Connecticut State,ii,Northeast 10,7,"[0, 0, 7, 0]",,,,2974,Shepherd,ii,Pennsylvania State Athletic,48,"[14, 13, 21, 0]",,,,,,,
401430716,2022,1,regular,2022-09-01T22:00:00.000Z,False,True,False,False,,6221,Mitchell Stadium,124180,Bluefield State,ii,Independent DII,35,"[7, 3, 10, 7, 8]",,,,2304,Johnson C. Smith,ii,CIAA,34,"[7, 13, 7, 0, 7]",,,,,,,
401431542,2022,1,regular,2022-09-01T22:00:00.000Z,False,True,False,False,,3927,Sherman Field,2392,Michigan Tech,ii,GLIAC,23,"[0, 7, 16, 0]",,,,272,Wisconsin Platteville,iii,Wisconsin,13,"[0, 0, 7, 6]",,,,,,,
401431571,2022,1,regular,2022-09-01T22:00:00.000Z,False,True,False,False,,3770,Jack Miller Stadium,308,Ashland,ii,Great Midwest Athletic,31,"[7, 10, 0, 14]",,,,587,Notre Dame College,ii,Mountain East,14,"[0, 0, 7, 7]",,,,,,,
401431561,2022,1,regular,2022-09-01T22:00:00.000Z,False,True,False,False,,3885,Harvey Randall Wickes Memorial Stadium,129,Saginaw Valley State,ii,GLIAC,72,"[20, 17, 7, 28]",,,,455,West Virginia Wesleyan,ii,Mountain East,0,"[0, 0, 0, 0]",,,,,,,
401430722,2022,1,regular,2022-09-01T22:00:00.000Z,False,True,False,False,,6078,Pioneer Field (TN),2839,Tusculum,ii,South Atlantic,70,"[14, 21, 21, 14]",,,,395,St. Augustine's,ii,CIAA,13,"[0, 6, 0, 7]",,,,,,,
401421137,2022,1,regular,2022-09-01T22:00:00.000Z,False,True,False,False,,3629,Barker-Lane Stadium,2097,Campbell,fcs,Big South,29,"[7, 10, 6, 6]",1,,,2643,The Citadel,fcs,Southern,10,"[3, 0, 0, 7]",0,,,4.947244802341584,,,
401431978,2022,1,regular,2022-09-01T22:00:00.000Z,False,True,False,False,,5220,Garrison Stadium,2804,Chowan,ii,CIAA,3,"[0, 0, 3, 0]",,,,122666,Barton,ii,South Atlantic,17,"[7, 3, 0, 7]",,,,,,,
401418776,2022,1,regular,2022-09-01T22:00:00.000Z,False,True,False,False,,3829,Memorial Stadium,282,Indiana State,fcs,MVFC,17,"[3, 3, 0, 8, 3]",0.8917624950408936,,,2453,North Alabama,fcs,Atlantic Sun,14,"[0, 7, 0, 7, 0]",0.10823750495910645,,,9.762527893743794,,,
401432134,2022,1,regular,2022-09-01T22:00:00.000Z,False,True,False,False,,4437,"Memorial Stadium (Clarion, PA)",2134,Clarion,ii,Pennsylvania State Athletic,14,"[7, 0, 7, 0]",,,,2699,West Liberty,ii,Mountain East,21,"[7, 14, 0, 0]",,,,,,,
401416568,2022,1,regular,2022-09-01T22:00:00.000Z,False,True,False,False,8752,3768,InfoCision Stadium,2006,Akron,fbs,Mid-American,30,"[3, 7, 7, 6, 7]",0.3222044110298157,1096,1096,2598,Saint Francis,fcs,NEC,23,"[3, 10, 3, 7, 0]",0.6777955889701843,,,13.1911158519098,,,
401428480,2022,1,regular,2022-09-01T22:00:00.000Z,False,True,False,False,,3979,Wagner College Stadium,2681,Wagner,fcs,NEC,31,"[7, 14, 7, 3]",0.016489539295434952,,,2230,Fordham,fcs,Patriot,48,"[7, 7, 20, 14]",0.983510460704565,,,11.476417583843826,,,
401432987,2022,1,regular,2022-09-01T22:30:00.000Z,False,True,False,False,,4436,Adamson Stadium,2858,California (PA),ii,Pennsylvania State Athletic,35,"[7, 14, 7, 7]",,,,2986,Fairmont State,ii,Mountain East,15,"[0, 6, 3, 6]",,,,,,,
401430986,2022,1,regular,2022-09-01T23:00:00.000Z,False,True,False,False,,6081,Harper Davis Field,2398,Millsaps,iii,Southern Athletic,21,[],,,,2056,Belhaven,iii,USA South,49,[],,,,,,,
401418645,2022,1,regular,2022-09-01T23:00:00.000Z,False,True,False,False,,3925,Seibert Stadium,2535,Samford,fcs,Southern,27,"[0, 14, 0, 13]",0.9865793585777283,,,338,Kennesaw State,fcs,Atlantic Sun,17,"[7, 0, 10, 0]",0.013420641422271729,,,5.557551989255754,,,
401421156,2022,1,regular,2022-09-01T23:00:00.000Z,False,True,False,False,,3868,Paladin Stadium,231,Furman,fcs,Southern,52,"[21, 24, 0, 7]",0.9809544086456299,,,2822,North Greenville,ii,Gulf South,0,"[0, 0, 0, 0]",0.019045591354370117,,,1.7767819454819518,,,
401438595,2022,1,regular,2022-09-01T23:00:00.000Z,False,True,False,False,,4441,McConnell Family Stadium,367,Gannon,ii,Pennsylvania State Athletic,47,"[13, 14, 6, 14]",,,,2128,Charleston (WV),ii,Mountain East,13,"[0, 6, 7, 0]",,,,,,,
401432383,2022,1,regular,2022-09-01T23:00:00.000Z,False,True,False,False,,6074,Grappone Stadium,2830,Saint Anselm,ii,Northeast 10,28,"[7, 0, 7, 14]",,,,210,Millersville,ii,Pennsylvania State Athletic,10,"[0, 3, 0, 7]",,,,,,,
401431936,2022,1,regular,2022-09-01T23:00:00.000Z,False,True,False,True,,6034,Yager Stadium at Moore Bowl,2687,Washburn,ii,Mid America,45,"[17, 14, 7, 7]",,,,2876,Lincoln (MO),ii,Mid America,3,"[0, 3, 0, 0]",,,,,,,
401431531,2022,1,regular,2022-09-01T23:00:00.000Z,False,True,False,False,,3811,Lubbers Stadium,125,Grand Valley State,ii,GLIAC,25,"[0, 7, 10, 8]",,,,2146,Colorado School of Mines,ii,Rocky Mountain,22,"[0, 0, 6, 16]",,,,,,,
401431517,2022,1,regular,2022-09-01T23:00:00.000Z,False,True,False,False,,3723,QU Stadium,2825,Quincy,ii,Great Lakes,15,"[0, 3, 6, 6]",,,,2249,Glenville State,ii,Mountain East,44,"[10, 24, 3, 7]",,,,,,,
401431499,2022,1,regular,2022-09-01T23:00:00.000Z,False,True,False,False,,3950,Superior Dome,128,Northern Michigan,ii,GLIAC,24,"[7, 7, 7, 3, 0]",,,,2816,McKendree,ii,Great Lakes,31,"[14, 3, 0, 7, 7]",,,,,,,
401431484,2022,1,regular,2022-09-01T23:00:00.000Z,False,True,False,True,,3934,Southern Nazarene University Football Stadium,200,Southern Nazarene,ii,Great American,26,"[0, 19, 7, 0]",,,,2028,Arkansas Monticello,ii,Great American,40,"[14, 7, 13, 6]",,,,,,,
401431472,2022,1,regular,2022-09-01T23:00:00.000Z,False,True,False,True,,3875,Paul Laird Field,199,Southeastern Oklahoma State,ii,Great American,41,"[3, 10, 7, 11, 3, 7]",,,,2033,Arkansas Tech,ii,Great American,34,"[10, 0, 21, 0, 3, 0]",,,,,,,
401431465,2022,1,regular,2022-09-01T23:00:00.000Z,False,True,False,True,,6064,Crain Family Stadium,319,Oklahoma Baptist,ii,Great American,32,"[2, 10, 0, 20]",,,,2888,Ouachita Baptist,ii,Great American,42,"[0, 14, 14, 14]",,,,,,,
401431408,2022,1,regular,2022-09-01T23:00:00.000Z,False,True,False,True,,5936,Koi Ishto Stadium,2191,East Central,ii,Great American,12,"[0, 9, 3, 0]",,,,2264,Harding,ii,Great American,29,"[7, 7, 7, 8]",,,,,,,
401432119,2022,1,regular,2022-09-01T23:00:00.000Z,False,True,False,False,,3642,Bobcat Stadium (MD),341,Frostburg State,ii,Mountain East,21,"[7, 7, 0, 7]",,,,2022,American International,ii,Northeast 10,7,"[0, 0, 0, 7]",,,,,,,
401455581,2022,1,regular,2022-09-01T23:00:00.000Z,False,True,False,False,,6066,Pace Stadium,2487,Pace,ii,Northeast 10,31,"[17, 3, 11, 0]",,,,2188,East Stroudsburg,ii,Pennsylvania State Athletic,16,"[3, 3, 0, 10]",,,,,,,
401432412,2022,1,regular,2022-09-01T23:00:00.000Z,False,True,False,True,,3606,Scheels Field at Nemzek Stadium,2817,Minnesota St Moorhead,ii,Northern Sun,14,"[0, 7, 0, 7]",,,,2894,Sioux Falls,ii,Northern Sun,27,"[10, 10, 7, 0]",,,,,,,
401432403,2022,1,regular,2022-09-01T23:00:00.000Z,False,True,False,True,,6051,James S. Malosky Stadium,134,Minnesota Duluth,ii,Northern Sun,31,"[7, 14, 0, 10]",,,,2587,Southwest Minnesota State,ii,Northern Sun,21,"[7, 0, 14, 0]",,,,,,,
401438660,2022,1,regular,2022-09-01T23:00:00.000Z,False,True,False,False,,5918,Taylor Field,6353,Lakeland,iii,NACC,20,"[6, 0, 0, 14]",,,,2286,Illinois College,iii,Midwest,38,"[7, 10, 14, 7]",,,,,,,
401432429,2022,1,regular,2022-09-01T23:00:00.000Z,False,True,False,True,,3951,Swisher Field,425,Northern State,ii,Northern Sun,30,"[6, 10, 0, 14]",,,,389,Upper Iowa,ii,Northern Sun,0,"[0, 0, 0, 0]",,,,,,,
401438604,2022,1,regular,2022-09-01T23:00:00.000Z,False,True,False,False,,6033,Carl Smith Stadium,2842,UVA Wise,ii,South Atlantic,41,"[21, 10, 10, 0]",,,,366,Ferrum,iii,Old Dominion,9,"[0, 0, 6, 3]",,,,,,,
401441990,2022,1,regular,2022-09-01T23:00:00.000Z,False,True,False,False,21291,3739,Glass Bowl,2649,Toledo,fbs,Mid-American,37,"[3, 17, 0, 17]",0.9967815279960632,1534,1534,2341,Long Island University,fcs,NEC,0,"[0, 0, 0, 0]",0.0032184720039367676,,,2.9612464723173755,,,
401424414,2022,1,regular,2022-09-01T23:00:00.000Z,False,True,False,True,,3788,Kenneth P. LaValle Stadium,2619,Stony Brook,fcs,CAA,14,"[7, 7, 0, 0]",0.01231171004474163,,,227,Rhode Island,fcs,CAA,35,"[7, 7, 7, 14]",0.9876882899552584,,,4.975076978684088,,,
401424402,2022,1,regular,2022-09-01T23:00:00.000Z,False,True,False,True,,3688,Wildcat Stadium,160,New Hampshire,fcs,CAA,31,"[7, 10, 0, 14]",0.8141616582870483,,,2405,Monmouth,fcs,CAA,21,"[7, 7, 7, 0]",0.18583834171295166,,,10.595657182988742,,,
401432239,2022,1,regular,2022-09-01T23:00:00.000Z,False,True,False,False,,3710,Ernest W. Spangler Stadium,2241,Gardner-Webb,fcs,Big South,56,"[28, 14, 14, 0]",0.9935369491577148,,,2336,Limestone,ii,South Atlantic,21,"[0, 7, 7, 7]",0.006463050842285156,,,2.215235212731046,,,
401411092,2022,1,regular,2022-09-01T23:00:00.000Z,False,True,False,False,70622,3752,Acrisure Stadium,221,Pittsburgh,fbs,ACC,38,"[3, 7, 14, 14]",0.9964187145233154,1667,1667,277,West Virginia,fbs,Big 12,31,"[0, 10, 7, 14]",0.0035812854766845703,1490,1490,8.155931108011382,,,
401416569,2022,1,regular,2022-09-01T23:00:00.000Z,False,True,False,False,53808,3646,Boone Pickens Stadium,197,Oklahoma State,fbs,Big 12,58,"[16, 28, 7, 7]",0.9285191893577576,1775,1783,2117,Central Michigan,fbs,Mid-American,44,"[7, 8, 7, 22]",0.07148081064224243,1536,1528,3.4716783232632134,,,
401431214,2022,1,regular,2022-09-01T23:00:00.000Z,False,True,False,False,,6130,Fred Zollner Athletic Stadium,2651,Trine,iii,Michigan,38,"[7, 17, 14, 0]",,,,2023,Anderson (IN),iii,Heartland,0,"[0, 0, 0, 0]",,,,,,,
401403864,2022,1,regular,2022-09-01T23:00:00.000Z,False,True,False,False,92236,3853,Neyland Stadium,2633,Tennessee,fbs,SEC,59,"[17, 21, 14, 7]",0.9900451302528381,1640,1756,2050,Ball State,fbs,Mid-American,10,"[0, 0, 7, 3]",0.009954869747161865,1410,1294,2.1154187298192477,,,
401431849,2022,1,regular,2022-09-01T23:00:00.000Z,False,True,False,False,,4851,Bazemore-Hyder Stadium,2673,Valdosta State,ii,Gulf South,36,"[3, 3, 17, 13]",,,,126110,Keiser University,,,21,"[0, 7, 7, 7]",,,,,,,
401415610,2022,1,regular,2022-09-01T23:00:00.000Z,False,True,False,False,43810,3652,FBC Mortgage Stadium,2116,UCF,fbs,American Athletic,56,"[21, 7, 14, 14]",0.9984790415014342,1569,1569,2569,South Carolina State,fcs,MEAC,10,"[0, 3, 7, 0]",0.0015209584985658164,,,1.0567765213,,,
401431479,2022,1,regular,2022-09-01T23:00:00.000Z,False,True,False,True,,5891,Wilkins Stadium,2568,Southern Arkansas,ii,Great American,62,[],,,,2823,Northwestern (OK),ii,Great American,31,[],,,,,,,
401426533,2022,1,regular,2022-09-01T23:00:00.000Z,False,True,False,False,,218,FIU Stadium,2229,Florida International,fbs,Conference USA,38,"[0, 6, 0, 24, 8]",0.6584249138832092,1080,1080,2803,Bryant,fcs,Big South,37,"[9, 7, 0, 14, 7]",0.34157508611679077,,,11.286494965950775,,,
401430702,2022,1,regular,2022-09-01T23:00:00.000Z,False,True,False,False,,6032,Hovey Field,2676,Virginia Union,ii,CIAA,77,"[14, 21, 28, 14]",,,,2355,Virginia Lynchburg,,,0,"[0, 0, 0, 0]",,,,,,,
401432152,2022,1,regular,2022-09-01T23:00:00.000Z,False,True,False,False,,6212,Bishop Schmitt Field,112335,Wheeling,ii,Mountain East,25,"[2, 7, 7, 9]",,,,611,Seton Hill,ii,Pennsylvania State Athletic,11,"[2, 0, 9, 0]",,,,,,,
401432392,2022,1,regular,2022-09-01T23:00:00.000Z,False,True,False,True,,5874,Chet Anderson Stadium,132,Bemidji State,ii,Northern Sun,34,"[13, 0, 14, 7]",,,,2364,Minnesota State,ii,Northern Sun,37,"[13, 17, 0, 7]",,,,,,,
401431509,2022,1,regular,2022-09-01T23:00:00.000Z,False,True,False,False,,3609,Allgood-Bailey Stadium,2402,Missouri S&T,ii,Great Lakes,20,"[6, 7, 0, 7]",,,,613,South Dakota Mines,ii,Rocky Mountain,43,"[13, 13, 10, 7]",,,,,,,
401425510,2022,1,regular,2022-09-01T23:30:00.000Z,False,True,False,False,,5400,William B. Greene Jr. Stadium,2193,East Tennessee State,fcs,Southern,44,"[20, 14, 10, 0]",0.9912960529327393,,,2369,Mars Hill,ii,South Atlantic,7,"[0, 0, 7, 0]",0.008703947067260742,,,2.350724610502061,,,
401411093,2022,1,regular,2022-09-01T23:30:00.000Z,False,True,False,False,26013,3630,Allegacy Federal Credit Union Stadium,154,Wake Forest,fbs,ACC,44,"[17, 6, 14, 7]",0.9922709465026855,1640,1640,2678,VMI,fcs,Southern,10,"[0, 3, 7, 0]",0.007729053497314453,,,2.4437255617399636,,,
401432421,2022,1,regular,2022-09-01T23:30:00.000Z,False,True,False,True,,5933,Sea Foam Stadium,3066,Concordia St. Paul,ii,Northern Sun,14,"[0, 7, 7, 0]",,,,2043,Augustana (SD),ii,Northern Sun,28,"[0, 14, 7, 7]",,,,,,,
401431591,2022,1,regular,2022-09-01T23:30:00.000Z,False,True,False,False,,3960,Top Taggart Field,2222,Ferris State,ii,GLIAC,36,"[7, 13, 7, 9]",,,,2120,Central Washington,ii,Lone Star,20,"[3, 10, 0, 7]",,,,,,,
401420840,2022,1,regular,2022-09-01T23:30:00.000Z,False,True,False,False,,3748,Graham Stadium,2630,UT Martin,fcs,OVC,42,"[7, 14, 14, 7]",0.992275059223175,,,2710,Western Illinois,fcs,MVFC,25,"[0, 7, 6, 12]",0.007724940776824951,,,3.4554246158990787,,,
401431926,2022,1,regular,2022-09-02T00:00:00.000Z,False,True,False,True,,5134,Bearcat Stadium,138,Northwest Missouri State,ii,Mid America,33,"[7, 13, 13, 0]",,,,2231,Fort Hays,ii,Mid America,19,"[3, 9, 0, 7]",,,,,,,
401431457,2022,1,regular,2022-09-02T00:00:00.000Z,False,True,False,True,,5113,Ruggles Field at Carpenter-Haygood Stadium,2271,Henderson State,ii,Great American,30,"[9, 7, 7, 7]",,,,2927,Southwestern Oklahoma State,ii,Great American,13,"[7, 3, 3, 0]",,,,,,,
401431886,2022,1,regular,2022-09-02T00:00:00.000Z,False,True,False,False,,5869,LeGrand Stadium at 1st Community Credit Union Field,2025,Angelo State,ii,Lone Star,35,"[14, 7, 0, 14]",,,,2123,Chadron State,ii,Rocky Mountain,0,"[0, 0, 0, 0]",,,,,,,
401426537,2022,1,regular,2022-09-02T00:00:00.000Z,False,True,False,False,47653,3838,Memorial Stadium,142,Missouri,fbs,SEC,52,"[0, 24, 14, 14]",1,1404,1465,2348,Louisiana Tech,fbs,Conference USA,24,"[3, 7, 0, 14]",0,1301,1240,3.393519295496078,,,
401433087,2022,1,regular,2022-09-02T00:00:00.000Z,False,True,False,False,,4753,Greene Stadium,2911,William Jewell,ii,Great Lakes,14,"[0, 7, 7, 0]",,,,11,Colorado Mesa,ii,Rocky Mountain,37,"[14, 14, 6, 3]",,,,,,,
401416592,2022,1,regular,2022-09-02T00:00:00.000Z,False,True,False,False,10864,3764,Huskie Stadium,2459,Northern Illinois,fbs,Mid-American,34,"[7, 14, 7, 6]",0.8473049402236938,1376,1376,2197,Eastern Illinois,fcs,OVC,27,"[3, 3, 7, 14]",0.15269505977630615,,,3.376357877471719,,,
401405064,2022,1,regular,2022-09-02T00:00:00.000Z,False,True,False,True,,3907,Ross-Ade Stadium,2509,Purdue,fbs,Big Ten,31,"[3, 7, 14, 7]",0.6569281816482544,1635,1631,213,Penn State,fbs,Big Ten,35,"[0, 21, 0, 14]",0.3430718183517456,1670,1674,7.45750119790103,,,
401431915,2022,1,regular,2022-09-02T00:00:00.000Z,False,True,False,True,,6067,Carnie Smith Stadium,90,Pittsburg State,ii,Mid America,21,"[0, 14, 7, 0]",,,,2118,Central Missouri,ii,Mid America,10,"[3, 0, 0, 7]",,,,,,,
401432370,2022,1,regular,2022-09-02T00:00:00.000Z,False,True,False,True,,6055,Craig Field at Spratt Memorial Stadium,137,Missouri Western,ii,Mid America,35,"[14, 0, 7, 14]",,,,2122,Central Oklahoma,ii,Mid America,0,"[0, 0, 0, 0]",,,,,,,
401432372,2022,1,regular,2022-09-02T00:00:00.000Z,False,True,False,True,,5942,Francis G. Welch Stadium,2214,Emporia State,ii,Mid America,42,"[14, 14, 0, 14]",,,,196,Northeastern State,ii,Mid America,17,"[0, 14, 3, 0]",,,,,,,
401431945,2022,1,regular,2022-09-02T00:00:00.000Z,False,True,False,True,,6054,Fred G. Hughes Stadium,2403,Missouri Southern State,ii,Mid America,7,"[7, 0, 0, 0]",,,,2438,Nebraska Kearney,ii,Mid America,24,"[7, 3, 0, 14]",,,,,,,
401420880,2022,1,regular,2022-09-02T00:00:00.000Z,False,True,False,False,,3827,"Memorial Stadium (Stephenville, TX)",2627,Tarleton State,fcs,Western Athletic,29,"[7, 9, 3, 10]",,,,2400,Mississippi Valley State,fcs,SWAC,13,"[0, 0, 7, 6]",,,,,,,
401418782,2022,1,regular,2022-09-02T00:00:00.000Z,False,True,False,True,,5440,Wildcat Stadium (TX),2000,Abilene Christian,fcs,Western Athletic,28,"[7, 14, 0, 7]",0.9966115951538086,,,2320,Lamar,fcs,Southland,14,"[14, 0, 0, 0]",0.0033884048461914062,,,4.357514814301797,,,
401426534,2022,1,regular,2022-09-02T00:00:00.000Z,False,True,False,False,32542,7221,Protective Stadium,5,UAB,fbs,Conference USA,59,"[28, 10, 21, 0]",0.9875678420066833,1546,1546,2010,Alabama A&M,fcs,SWAC,0,"[0, 0, 0, 0]",0.01243215799331665,,,2.127695852839766,,,
401433070,2022,1,regular,2022-09-02T00:00:00.000Z,False,True,True,False,,6209,Henry Biesiot Activities Center,316,Dickinson State University,,,2,"[0, 0, 0, 2]",,,,2069,Black Hills State,ii,Rocky Mountain,17,"[0, 0, 14, 3]",,,,,,,
401420877,2022,1,regular,2022-09-02T00:00:00.000Z,False,True,False,False,,3706,Eccles Coliseum,253,Southern Utah,fcs,Western Athletic,44,"[10, 10, 11, 13]",0.9910930395126343,,,2900,St. Thomas (MN),fcs,Pioneer,13,"[7, 0, 6, 0]",0.008906960487365723,,,10.556481313813753,,,
401420806,2022,1,regular,2022-09-02T00:00:00.000Z,False,True,False,False,,3711,Estes Stadium,2110,Central Arkansas,fcs,Atlantic Sun,14,"[0, 0, 0, 14]",0.3255194127559662,,,2623,Missouri State,fcs,MVFC,27,"[0, 17, 3, 7]",0.6744805872440338,,,10.299153276974437,,,
401431610,2022,1,regular,2022-09-02T00:00:00.000Z,False,True,False,False,,3942,Stewart Stadium,2692,Weber State,fcs,Big Sky,41,"[14, 10, 7, 10]",0.9846348762512207,,,2848,Western Oregon,ii,Lone Star,5,"[2, 0, 3, 0]",0.015365123748779297,,,7.310989935162326,,,
401421125,2022,1,regular,2022-09-02T00:00:00.000Z,False,True,False,False,,4762,Memorial Stadium (Commerce TX),2837,East Texas A&M,fcs,Southland,52,"[14, 21, 7, 10]",1,,,124179,Lincoln (CA),,,7,"[0, 0, 7, 0]",0,,,2.1174254645532926,,,
401405060,2022,1,regular,2022-09-02T01:00:00.000Z,False,True,False,False,44012,3953,Huntington Bank Stadium,135,Minnesota,fbs,Big Ten,38,"[7, 17, 14, 0]",0.9922003746032715,1639,1691,166,New Mexico State,fbs,FBS Independents,0,"[0, 0, 0, 0]",0.007799625396728516,1192,1140,1.652032813882057,,,
401403965,2022,1,regular,2022-09-02T02:00:00.000Z,False,True,False,False,44764,3947,Mountain America Stadium,9,Arizona State,fbs,Pac-12,40,"[3, 21, 13, 3]",0.9989392046460328,1614,1614,2464,Northern Arizona,fcs,Big Sky,3,"[0, 3, 0, 0]",0.0010607953539671922,,,1.5428432012,,,
401413224,2022,1,regular,2022-09-02T02:30:00.000Z,False,True,False,False,36011,3660,Valley Children's Stadium,278,Fresno State,fbs,Mountain West,35,"[21, 0, 7, 7]",0.9815961122512817,1590,1590,13,Cal Poly,fcs,Big Sky,7,"[0, 7, 0, 0]",0.01840388774871826,,,3.001352604138608,,,
401415213,2022,1,regular,2022-09-02T02:30:00.000Z,False,True,False,False,16291,3935,CEFCU Stadium,23,San José State,fbs,Mountain West,21,"[7, 7, 0, 7]",0.3373301923274994,1338,1338,2502,Portland State,fcs,Big Sky,17,"[7, 0, 3, 7]",0.6626698076725006,,,5.854034635542027,,,
401450192,2022,1,regular,2022-09-02T22:00:00.000Z,False,True,False,False,,6114,Sea Gull Stadium,2532,Salisbury,iii,New Jersey,49,"[7, 14, 21, 7]",,,,2015,Albright,iii,Mid Atlantic,0,"[0, 0, 0, 0]",,,,,,,
401433057,2022,1,regular,2022-09-02T22:00:00.000Z,False,True,False,False,,4427,John A. Farrell Stadium,223,West Chester,ii,Pennsylvania State Athletic,17,"[0, 14, 0, 3]",,,,2060,Bentley,ii,Northeast 10,16,"[0, 0, 16, 0]",,,,,,,
401424415,2022,1,regular,2022-09-02T22:00:00.000Z,False,True,False,False,,717,Villanova Stadium,222,Villanova,fcs,CAA,45,"[3, 28, 7, 7]",0.9948170781135559,,,2329,Lehigh,fcs,Patriot,17,"[0, 14, 3, 0]",0.005182921886444092,,,2.856030787010562,,,
401431040,2022,1,regular,2022-09-02T22:30:00.000Z,False,True,False,False,,5830,Walter M. Katz Field,40,Curry,iii,Commonwealth Coast,20,"[6, 7, 0, 7]",,,,109,MIT,iii,NEWMAC,34,"[7, 14, 6, 7]",,,,,,,
401439542,2022,1,regular,2022-09-02T23:00:00.000Z,False,True,False,False,,5898,John Coughlin Memorial Field,402,Worcester State,iii,MSCAC,21,"[7, 7, 0, 7]",,,,2749,WPI,iii,NEWMAC,58,"[14, 17, 14, 13]",,,,,,,
401450139,2022,1,regular,2022-09-02T23:00:00.000Z,False,True,False,False,,5791,Turf Field,111674,Alvernia,iii,Mid Atlantic,27,"[0, 20, 0, 7]",,,,2667,Ursinus,iii,Centennial,59,"[21, 10, 7, 21]",,,,,,,
401431107,2022,1,regular,2022-09-02T23:00:00.000Z,False,True,False,False,,5856,Boswell Field at David J. Urick Stadium,174,Hobart,iii,Liberty League,36,"[7, 8, 7, 14]",,,,365,Alfred,iii,Empire 8,6,"[0, 6, 0, 0]",,,,,,,
401438649,2022,1,regular,2022-09-02T23:00:00.000Z,False,True,False,False,,5845,Elliot Field Athletic Complex,114,Fitchburg State,iii,MSCAC,33,"[7, 7, 7, 12]",,,,110438,Dean,iii,ECFC,28,"[0, 7, 14, 7]",,,,,,,
401435140,2022,1,regular,2022-09-02T23:00:00.000Z,False,True,False,False,,5997,Brooks Stadium (NY),2383,Merchant Marine,iii,NEWMAC,7,"[0, 7, 0, 0]",,,,2221,FDU Florham,iii,Mid Atlantic,17,"[0, 7, 10, 0]",,,,,,,
401436997,2022,1,regular,2022-09-02T23:00:00.000Z,False,True,False,False,,7077,Shadek Stadium,2234,Franklin & Marshall,iii,Centennial,26,"[0, 20, 0, 6]",,,,388,Lebanon Valley,iii,Mid Atlantic,7,"[0, 0, 7, 0]",,,,,,,
401432654,2022,1,regular,2022-09-02T23:00:00.000Z,False,True,False,False,,5814,Gesling Stadium,2102,Carnegie Mellon,iii,Presidents',35,"[0, 14, 7, 14]",,,,2721,Whitworth,iii,Northwest,17,"[0, 10, 7, 0]",,,,,,,
401439539,2022,1,regular,2022-09-02T23:00:00.000Z,False,True,False,False,,6119,Stagg Field,81,Springfield,iii,NEWMAC,42,"[7, 14, 7, 14]",,,,2702,Western New England,iii,Commonwealth Coast,14,"[0, 7, 0, 7]",,,,,,,
401416591,2022,1,regular,2022-09-02T23:00:00.000Z,False,True,False,False,73928,3936,Spartan Stadium,127,Michigan State,fbs,Big Ten,35,"[7, 14, 0, 14]",0.9832776188850403,1563,1613,2711,Western Michigan,fbs,Mid-American,13,"[3, 0, 10, 0]",0.016722381114959717,1538,1488,3.234609776820969,,,
401426330,2022,1,regular,2022-09-02T23:00:00.000Z,False,True,False,False,21944,3918,S.B. Ballard Stadium,295,Old Dominion,fbs,Sun Belt,20,"[0, 10, 0, 10]",0.22936269640922546,1390,1391,259,Virginia Tech,fbs,ACC,17,"[7, 0, 10, 0]",0.7706373035907745,1412,1411,8.423987086531277,,,
401438606,2022,1,regular,2022-09-02T23:00:00.000Z,False,True,False,False,,6144,"Alumni Field (Westfield, MA)",2909,Westfield State,iii,MSCAC,29,"[0, 20, 7, 2]",,,,2884,Nichols,iii,Commonwealth Coast,30,"[0, 3, 14, 13]",,,,,,,
401435072,2022,1,regular,2022-09-02T23:00:00.000Z,False,True,False,False,,6048,Duane Stadium,2771,Merrimack,fcs,NEC,17,"[3, 7, 0, 7]",0.15810157358646393,,,107,Holy Cross,fcs,Patriot,31,"[10, 9, 5, 7]",0.8418984264135361,,,3.219820733571026,,,
401416590,2022,1,regular,2022-09-02T23:00:00.000Z,False,True,False,False,16531,3912,Rynearson Stadium,2199,Eastern Michigan,fbs,Mid-American,42,"[0, 14, 14, 14]",0.9802858233451843,1380,1380,2198,Eastern Kentucky,fcs,Atlantic Sun,34,"[0, 10, 7, 17]",0.019714176654815674,,,4.684445838255003,,,
401426535,2022,1,regular,2022-09-02T23:00:00.000Z,False,True,False,False,13940,4418,Jerry Richardson Stadium,2429,Charlotte,fbs,Conference USA,24,"[3, 14, 7, 0]",0.027585772797465324,1206,1206,2729,William & Mary,fcs,CAA,41,"[10, 7, 3, 21]",0.9724142272025347,,,9.32546946584158,,,
401411094,2022,1,regular,2022-09-02T23:30:00.000Z,False,True,False,False,,3982,Wallace Wade Stadium,150,Duke,fbs,ACC,30,"[10, 14, 3, 3]",0.993191123008728,1168,1240,218,Temple,fbs,American Athletic,0,"[0, 0, 0, 0]",0.006808876991271973,1101,1029,1.7508959116754417,,,
401404052,2022,1,regular,2022-09-03T00:00:00.000Z,False,True,False,False,34902,3833,Memorial Stadium,2305,Kansas,fbs,Big 12,56,"[21, 14, 7, 14]",0.9902108311653137,1194,1194,2635,Tennessee Tech,fcs,OVC,10,"[0, 3, 0, 7]",0.00978916883468628,,,1.8130189748284833,,,
401405061,2022,1,regular,2022-09-03T00:00:00.000Z,False,True,False,True,44357,3830,"Memorial Stadium (Bloomington, IN)",84,Indiana,fbs,Big Ten,23,"[3, 13, 0, 7]",0.2956734597682953,1330,1335,356,Illinois,fbs,Big Ten,20,"[7, 3, 7, 3]",0.7043265402317047,1584,1579,7.749706145660772,,,
401403966,2022,1,regular,2022-09-03T02:00:00.000Z,False,True,False,False,47868,3726,Folsom Field,38,Colorado,fbs,Pac-12,13,"[3, 3, 0, 7]",0.017234597355127335,1387,1326,2628,TCU,fbs,Big 12,38,"[0, 7, 10, 21]",0.9827654026448727,1436,1497,3.3019796138529247,,,
401432518,2022,1,regular,2022-09-03T16:00:00.000Z,False,True,True,False,,,,630,Wayland Baptist,,,14,"[0, 0, 7, 7]",,,,2810,Hardin Simmons,iii,American Southwest,79,"[28, 17, 21, 13]",,,,,,,
401411095,2022,1,regular,2022-09-03T16:00:00.000Z,False,True,False,False,40168,3792,Kidd Brewer Stadium,2026,App State,fbs,Sun Belt,61,"[14, 7, 0, 40]",0.012271794490516186,1656,1648,153,North Carolina,fbs,ACC,63,"[7, 21, 13, 22]",0.9877282055094838,1555,1563,8.245555296862314,,,
401439546,2022,1,regular,2022-09-03T16:00:00.000Z,False,True,False,False,,5852,Jamieson Stadium,2256,Greensboro,iii,USA South,48,"[14, 14, 14, 6]",,,,2258,Guilford,iii,Old Dominion,37,"[20, 10, 7, 0]",,,,,,,
401405066,2022,1,regular,2022-09-03T16:00:00.000Z,False,True,False,False,30223,3665,SECU Stadium,120,Maryland,fbs,Big Ten,31,"[7, 10, 7, 7]",0.9682794809341431,1496,1534,2084,Buffalo,fbs,Mid-American,10,"[0, 7, 0, 3]",0.031720519065856934,1382,1344,4.45936854846341,,,
401405069,2022,1,regular,2022-09-03T16:00:00.000Z,False,True,False,False,35048,3615,"Alumni Stadium (Chestnut Hill, MA)",103,Boston College,fbs,ACC,21,"[7, 7, 7, 0]",0.09896417707204819,1443,1438,164,Rutgers,fbs,Big Ten,22,"[0, 6, 9, 7]",0.9010358229279518,1365,1370,5.539512942921219,,,
401430960,2022,1,regular,2022-09-03T16:00:00.000Z,False,True,False,False,,5931,Don Drumm Stadium,317,Marietta,iii,Ohio,14,"[0, 0, 7, 7]",,,,49,Dubuque,iii,American Rivers,13,"[0, 0, 13, 0]",,,,,,,
401438614,2022,1,regular,2022-09-03T16:00:00.000Z,False,True,False,False,,6115,Toppa Field,2776,Salve Regina,iii,Commonwealth Coast,7,"[0, 0, 7, 0]",,,,2467,Norwich,iii,NEWMAC,0,"[0, 0, 0, 0]",,,,,,,
401435118,2022,1,regular,2022-09-03T16:00:00.000Z,False,True,False,False,,5125,Stadium Red Field,2782,SUNY Cortland,iii,Empire 8,48,"[14, 10, 17, 7]",,,,2746,Wittenberg,iii,North Coast,28,"[7, 0, 7, 14]",,,,,,,
401432790,2022,1,regular,2022-09-03T16:00:00.000Z,False,True,False,False,,5833,Robert A. Lipinski Field at James Work Memorial Stadium,2808,Delaware Valley,iii,Mid Atlantic,22,"[0, 0, 13, 9]",,,,2849,Westminster (PA),iii,Presidents',8,"[2, 0, 6, 0]",,,,,,,
401422975,2022,1,regular,2022-09-03T16:00:00.000Z,False,True,False,False,,3658,Buccaneer Field,2127,Charleston Southern,fcs,Big South,38,"[7, 10, 14, 7]",0.06514550000429153,,,2717,Western Carolina,fcs,Southern,52,"[17, 14, 14, 7]",0.9348544999957085,,,4.688496176855449,,,
401431050,2022,1,regular,2022-09-03T16:00:00.000Z,False,True,False,False,,5939,Cressy Field,379,UMass Dartmouth,iii,MSCAC,35,"[7, 7, 14, 7]",,,,2280,Husson,iii,Commonwealth Coast,14,"[0, 7, 7, 0]",,,,,,,
401405062,2022,1,regular,2022-09-03T16:00:00.000Z,False,True,False,False,69250,3793,Kinnick Stadium,2294,Iowa,fbs,Big Ten,7,"[3, 0, 2, 2]",0.931572437286377,1624,1624,2571,South Dakota State,fcs,MVFC,3,"[0, 3, 0, 0]",0.06842756271362305,,,4.504181095337999,,,
401431067,2022,1,regular,2022-09-03T16:00:00.000Z,False,True,False,False,,5786,Sprankle-Sprandel Stadium,2790,Albion,iii,Michigan,52,"[14, 21, 14, 3]",,,,2106,Carthage,iii,CCIW,0,"[0, 0, 0, 0]",,,,,,,
401428336,2022,1,regular,2022-09-03T16:00:00.000Z,False,True,False,False,,3777,Joe Walton Stadium,2523,Robert Morris,fcs,Big South,20,"[0, 14, 0, 6]",,,,2168,Dayton,fcs,Pioneer,22,"[3, 3, 16, 0]",,,,,,,
401431984,2022,1,regular,2022-09-03T16:00:00.000Z,False,True,False,True,,3870,Panther Stadium (OH),2477,Ohio Dominican,ii,Great Midwest Athletic,28,"[0, 7, 7, 14]",,,,2224,Findlay,ii,Great Midwest Athletic,14,"[7, 0, 0, 7]",,,,,,,
401432551,2022,1,regular,2022-09-03T16:00:00.000Z,False,True,False,False,,5808,Edward C. Swenson Athletic Complex,18,Bridgewater State,iii,MSCAC,14,"[0, 7, 7, 0]",,,,175,Ithaca,iii,Liberty League,51,"[14, 16, 14, 7]",,,,,,,
401432616,2022,1,regular,2022-09-03T16:00:00.000Z,False,True,False,False,,6099,Selby Stadium,2980,Ohio Wesleyan,iii,North Coast,13,"[0, 13, 0, 0]",,,,359,Otterbein,iii,Ohio,21,"[7, 7, 0, 7]",,,,,,,
401432740,2022,1,regular,2022-09-03T16:00:00.000Z,False,True,False,False,,5789,Frank B. Fuhrer Field,2018,Allegheny,iii,Presidents',27,"[3, 3, 7, 14]",,,,237,Union,iii,Liberty League,42,"[14, 7, 14, 7]",,,,,,,
401441936,2022,1,regular,2022-09-03T16:00:00.000Z,False,True,False,False,,6126,Bob Boozer Field,2781,Brockport,iii,Empire 8,27,"[3, 14, 0, 10]",,,,2967,Framingham State,iii,MSCAC,7,"[0, 0, 7, 0]",,,,,,,
401445766,2022,1,regular,2022-09-03T16:00:00.000Z,False,True,False,False,,6087,Drake Field (NY),3110,SUNY Morrisville,iii,Empire 8,10,"[0, 7, 3, 0]",,,,2871,Kean,iii,New Jersey,0,"[0, 0, 0, 0]",,,,,,,
401433013,2022,1,regular,2022-09-03T16:00:00.000Z,False,True,False,False,,3848,Multi-Sport Stadium,2038,Assumption,ii,Northeast 10,3,"[3, 0, 0, 0]",,,,2315,Kutztown,ii,Pennsylvania State Athletic,0,"[0, 0, 0, 0]",,,,,,,
401405067,2022,1,regular,2022-09-03T16:00:00.000Z,False,True,False,False,109575,3558,Michigan Stadium,130,Michigan,fbs,Big Ten,51,"[10, 13, 14, 14]",1,1848,1918,36,Colorado State,fbs,Mountain West,7,"[0, 0, 0, 7]",0,1399,1329,2.071554532128587,,,
401411096,2022,1,regular,2022-09-03T16:00:00.000Z,False,True,False,False,51711,3699,Dowdy-Ficklen Stadium,151,East Carolina,fbs,American Athletic,20,"[7, 0, 7, 6]",0.3244302570819855,1518,1522,152,NC State,fbs,ACC,21,"[14, 7, 0, 0]",0.6755697429180145,1632,1628,5.730954762819686,,,
401415611,2022,1,regular,2022-09-03T16:00:00.000Z,False,True,False,False,30542,3852,Navy-Marine Corps Memorial Stadium,2426,Navy,fbs,American Athletic,7,"[0, 0, 7, 0]",0.6793416142463684,1403,1403,48,Delaware,fcs,CAA,14,"[7, 0, 7, 0]",0.3206583857536316,,,6.069424893678463,,,
401403865,2022,1,regular,2022-09-03T16:00:00.000Z,False,True,False,False,97946,3795,Kyle Field,245,Texas A&M,fbs,SEC,31,"[7, 10, 7, 7]",0.9280256032943726,1708,1708,2534,Sam Houston,fcs,Western Athletic,0,"[0, 0, 0, 0]",0.07197439670562744,,,2.2967790548421876,,,
401431015,2022,1,regular,2022-09-03T16:00:00.000Z,False,True,False,False,,6118,Birkelbach Field,2588,Southwestern U,iii,American Southwest,7,"[0, 7, 0, 0]",,,,2094,Cal Lutheran,iii,So. Cal.,37,"[6, 17, 7, 7]",,,,,,,
401432529,2022,1,regular,2022-09-03T16:00:00.000Z,False,True,False,False,,5824,Lions Stadium,2442,The College of New Jersey,iii,New Jersey,31,"[7, 7, 14, 3]",,,,323,Moravian,iii,Centennial,13,"[3, 3, 0, 7]",,,,,,,
401450146,2022,1,regular,2022-09-03T16:00:00.000Z,False,True,False,False,,3690,Charles L. Currier Memorial Field,2972,Plymouth State,iii,MSCAC,20,"[10, 3, 0, 7]",,,,293,Vermont State Castleton,iii,ECFC,7,"[0, 0, 7, 0]",,,,,,,
401431403,2022,1,regular,2022-09-03T16:00:00.000Z,False,True,False,False,,36,Leonidoff Field,2368,Marist,fcs,Pioneer,12,"[3, 3, 6, 0]",0.09732908010482788,,,46,Georgetown,fcs,Patriot,43,"[0, 20, 7, 16]",0.9026709198951721,,,3.2177007948771204,,,
401404147,2022,1,regular,2022-09-03T16:00:00.000Z,False,True,False,False,22442,3892,Pratt & Whitney Stadium,41,UConn,fbs,FBS Independents,28,"[0, 7, 7, 14]",0.9922806024551392,1117,1117,2115,Central Connecticut,fcs,NEC,3,"[0, 3, 0, 0]",0.00771939754486084,,,4.701453889804324,,,
401431029,2022,1,regular,2022-09-03T16:00:00.000Z,False,True,False,False,,3671,Case Field,2963,Case Western Reserve,iii,Presidents',14,"[0, 0, 0, 14]",,,,118,Johns Hopkins,iii,Centennial,54,"[14, 20, 7, 13]",,,,,,,
401422987,2022,1,regular,2022-09-03T16:30:00.000Z,False,True,False,False,,3721,Fisher Field,322,Lafayette,fcs,Patriot,6,"[0, 0, 6, 0]",0.8070159554481506,,,2529,Sacred Heart,fcs,NEC,0,"[0, 0, 0, 0]",0.19298404455184937,,,6.057528560813941,,,
401411100,2022,1,regular,2022-09-03T16:30:00.000Z,False,True,False,False,41122,3923,Scott Stadium,258,Virginia,fbs,ACC,34,"[14, 14, 0, 6]",0.9844830632209778,1526,1526,257,Richmond,fcs,CAA,17,"[7, 3, 7, 0]",0.015516936779022217,,,3.402825230257373,,,
401431274,2022,1,regular,2022-09-03T17:00:00.000Z,False,True,False,False,,6109,Ingalls Field,2891,Ripon,iii,Midwest,13,"[0, 3, 7, 3]",,,,2832,St. Norbert,iii,NACC,10,"[0, 3, 7, 0]",,,,,,,
401432543,2022,1,regular,2022-09-03T17:00:00.000Z,False,True,False,False,,5848,Hotchkiss Field,417,Gallaudet,iii,ECFC,14,"[7, 0, 7, 0]",,,,2845,Waynesburg,iii,Presidents',52,"[14, 3, 21, 14]",,,,,,,
401435131,2022,1,regular,2022-09-03T17:00:00.000Z,False,True,False,False,,3922,Kenneth R. Gill Stadium,2700,McDaniel,iii,Centennial,27,[],,,,2108,Catholic,iii,NEWMAC,37,[],,,,,,,
401443324,2022,1,regular,2022-09-03T17:00:00.000Z,False,True,False,False,,5803,Bison Stadium,2062,Bethany (WV),iii,Presidents',26,"[6, 13, 7, 0]",,,,2274,Hiram,iii,North Coast,16,"[3, 0, 0, 13]",,,,,,,
401429850,2022,1,regular,2022-09-03T17:00:00.000Z,False,True,False,False,,5873,Bulldogs Stadium,2075,Bowie State,ii,CIAA,27,"[7, 0, 0, 20]",,,,2441,New Haven,ii,Northeast 10,20,"[0, 10, 7, 3]",,,,,,,
401432110,2022,1,regular,2022-09-03T17:00:00.000Z,False,True,False,False,,5840,Fred Selfe Stadium at Nicewonder Field,2213,Emory & Henry,ii,South Atlantic,20,"[3, 14, 3, 0]",,,,2148,Concord,ii,Mountain East,27,"[7, 13, 0, 7]",,,,,,,
401431206,2022,1,regular,2022-09-03T17:00:00.000Z,False,True,False,False,,5904,Angell Field,126,Kalamazoo,iii,Michigan,21,"[14, 0, 7, 0]",,,,391,Oberlin,iii,North Coast,14,"[0, 7, 0, 7]",,,,,,,
401431866,2022,1,regular,2022-09-03T17:00:00.000Z,False,True,False,False,,7076,J.W. Babb Stadium,101784,Erskine,ii,South Atlantic,49,"[27, 22]",,,,124110,UFTL,,,2,"[2, 0]",,,,,,,
401431194,2022,1,regular,2022-09-03T17:00:00.000Z,False,True,False,False,,6098,Dial-Roberson Stadium,427,Ohio Northern,iii,Ohio,13,"[0, 0, 3, 7, 3]",,,,2800,Alma,iii,Michigan,16,"[3, 0, 0, 7, 6]",,,,,,,
401431255,2022,1,regular,2022-09-03T17:00:00.000Z,False,True,False,False,,6110,Sam Greeley Field,2524,Rockford,iii,NACC,41,"[14, 21, 0, 6]",,,,266,Beloit,iii,Midwest,14,"[0, 7, 0, 7]",,,,,,,
401431143,2022,1,regular,2022-09-03T17:00:00.000Z,False,True,False,False,,3640,Blackstock Stadium,83,DePauw,iii,North Coast,17,"[0, 3, 7, 7]",,,,86,Rose Hulman,iii,Heartland,14,"[0, 7, 7, 0]",,,,,,,
401431150,2022,1,regular,2022-09-03T17:00:00.000Z,False,True,False,False,,5925,David Person Field,2354,Lycoming,iii,Mid Atlantic,16,"[0, 9, 7, 0]",,,,216,Susquehanna,iii,Centennial,45,"[21, 14, 3, 7]",,,,,,,
401415209,2022,1,regular,2022-09-03T17:00:00.000Z,False,True,False,False,31180,3713,Falcon Stadium,2005,Air Force,fbs,Mountain West,48,"[14, 13, 14, 7]",0.9788691997528076,1650,1650,2460,Northern Iowa,fcs,MVFC,17,"[3, 0, 0, 14]",0.021130800247192383,,,2.387949916167285,,,
401432623,2022,1,regular,2022-09-03T17:00:00.000Z,False,True,False,False,,5123,Little Giant Stadium,89,Wabash,iii,North Coast,52,"[3, 14, 13, 22]",,,,297,Hampden Sydney,iii,Old Dominion,48,"[14, 14, 7, 13]",,,,,,,
401432726,2022,1,regular,2022-09-03T17:00:00.000Z,False,True,False,False,,5998,Monarch Stadium,291,Methodist,iii,USA South,10,"[10, 0, 0, 0]",,,,2828,Shenandoah,iii,Old Dominion,27,"[3, 7, 7, 10]",,,,,,,
401432581,2022,1,regular,2022-09-03T17:00:00.000Z,False,True,False,False,,5906,McBride Field,352,Kenyon,iii,North Coast,33,"[13, 13, 0, 7]",,,,2074,Bluffton,iii,Heartland,26,"[7, 9, 3, 7]",,,,,,,
401433049,2022,1,regular,2022-09-03T17:00:00.000Z,False,True,False,False,,5785,Dickerson Stadium,2707,West Virginia State,ii,Mountain East,29,"[3, 7, 0, 19]",,,,2559,Shippensburg,ii,Pennsylvania State Athletic,6,"[6, 0, 0, 0]",,,,,,,
401445128,2022,1,regular,2022-09-03T17:00:00.000Z,False,True,False,False,,6113,Leckonby Stadium,2779,St. Lawrence,iii,Liberty League,0,"[0, 0, 0, 0]",,,,452,Endicott,iii,Commonwealth Coast,27,"[3, 14, 7, 3]",,,,,,,
401445793,2022,1,regular,2022-09-03T17:00:00.000Z,False,True,False,False,,6150,Wightman Stadium,2970,William Paterson,iii,New Jersey,28,"[7, 14, 0, 7]",,,,2843,Western Connecticut State,iii,MSCAC,7,"[0, 0, 0, 7]",,,,,,,
401438554,2022,1,regular,2022-09-03T17:00:00.000Z,False,True,False,False,,5796,Charles D. Lindberg Stadium,2042,Augustana (IL),iii,CCIW,34,"[10, 21, 0, 3]",,,,2519,Rhodes,iii,Southern Athletic,28,"[7, 0, 7, 14]",,,,,,,
401433397,2022,1,regular,2022-09-03T17:00:00.000Z,False,True,False,False,,6107,ECAV Stadium,2528,Rensselaer,iii,Liberty League,14,"[0, 14, 0, 0]",,,,2175,Dickinson,iii,Centennial,7,"[7, 0, 0, 0]",,,,,,,
401432817,2022,1,regular,2022-09-03T17:00:00.000Z,False,True,False,False,,3823,Hardee-McGee Field,2553,Sewanee,iii,Southern Athletic,50,"[21, 13, 9, 7]",,,,375,St. Scholastica,iii,Minnesota,0,"[0, 0, 0, 0]",,,,,,,
401439531,2022,1,regular,2022-09-03T17:00:00.000Z,False,True,False,False,,3677,Chuck Noll Field,2614,Saint Vincent,iii,Presidents',21,"[7, 0, 7, 7]",,,,471,Stevenson,iii,Mid Atlantic,25,"[7, 6, 6, 6]",,,,,,,
401432772,2022,1,regular,2022-09-03T17:00:00.000Z,False,True,False,False,,5864,Robert E. Thorn Field,146,Grove City,iii,Presidents',63,"[14, 14, 21, 14]",,,,246,Juniata,iii,Centennial,6,"[0, 0, 6, 0]",,,,,,,
401432671,2022,1,regular,2022-09-03T17:00:00.000Z,False,True,False,False,,6139,Cameron Stadium,2686,Washington & Jefferson,iii,Presidents',35,"[7, 14, 7, 7]",,,,2302,John Carroll,iii,Ohio,26,"[7, 0, 7, 12]",,,,,,,
401459907,2022,1,regular,2022-09-03T17:00:00.000Z,False,True,False,False,,5636,Wright Stadium,173,Hartwick,iii,Empire 8,31,"[3, 7, 14, 7]",,,,2951,SUNY Maritime,iii,ECFC,10,"[0, 10, 0, 0]",,,,,,,
401431525,2022,1,regular,2022-09-03T17:00:00.000Z,False,True,False,False,,6077,Stokes Stadium,2654,Truman State,ii,Great Lakes,19,"[7, 12, 0, 0]",,,,110254,Davenport,ii,GLIAC,20,"[13, 0, 0, 7]",,,,,,,
401431840,2022,1,regular,2022-09-03T17:00:00.000Z,False,True,False,False,,5807,Brevard Memorial Stadium,2913,Brevard,iii,USA South,6,"[3, 0, 0, 3]",,,,2560,Shorter,ii,Gulf South,45,"[0, 21, 14, 10]",,,,,,,
401431202,2022,1,regular,2022-09-03T17:00:00.000Z,False,True,False,False,,3755,Ray and Sue Smith Stadium,2812,Hope,iii,Michigan,38,"[10, 0, 14, 14]",,,,2044,Aurora,iii,NACC,34,"[0, 21, 13, 0]",,,,,,,
401431551,2022,1,regular,2022-09-03T17:00:00.000Z,False,True,False,False,,3747,Hantz Stadium,2886,Northwood,ii,Great Midwest Athletic,55,"[3, 17, 21, 14]",,,,2316,Kentucky Wesleyan,ii,Great Midwest Athletic,13,"[0, 3, 10, 0]",,,,,,,
401430968,2022,1,regular,2022-09-03T17:00:00.000Z,False,True,False,False,,5923,Legacy Field in Carlson Stadium,67,Luther,iii,American Rivers,6,"[6, 0, 0, 0]",,,,597,Presentation,,,29,"[7, 9, 10, 3]",,,,,,,
401430951,2022,1,regular,2022-09-03T17:00:00.000Z,False,True,False,False,,5823,Clark Field,2141,Coe,iii,American Rivers,56,"[21, 21, 7, 7]",,,,2155,Cornell (IA),iii,Midwest,7,"[0, 0, 0, 7]",,,,,,,
401423136,2022,1,regular,2022-09-03T17:00:00.000Z,False,True,False,False,,3664,Butler Bowl,2086,Butler,fcs,Pioneer,31,"[0, 3, 14, 14]",0.41660022735595703,,,125730,St. Thomas University (Fl),,,26,"[7, 7, 6, 6]",0.583399772644043,,,6.251319871264625,,,
401437201,2022,1,regular,2022-09-03T17:00:00.000Z,False,True,False,False,,3877,Pioneer Stadium,3162,Alfred State,iii,ECFC,17,"[3, 7, 7, 0]",,,,2969,Misericordia,iii,Mid Atlantic,14,"[0, 0, 7, 7]",,,,,,,
401433022,2022,1,regular,2022-09-03T17:00:00.000Z,False,True,True,False,,,,126086,Post,ii,Independent DII,34,"[7, 7, 0, 20]",,,,209,Lock Haven,ii,Pennsylvania State Athletic,35,"[7, 7, 7, 14]",,,,,,,
401479976,2022,1,regular,2022-09-03T17:00:00.000Z,False,True,False,False,,6042,Alumni Stadium (KY),2310,Kentucky State,ii,SIAC,10,"[7, 0, 3, 0]",,,,2170,Delta State,ii,Gulf South,33,"[16, 10, 7, 0]",,,,,,,
401438672,2022,1,regular,2022-09-03T17:00:00.000Z,False,True,False,False,,5851,Shirk Field at Musselman Stadium,2248,Gettysburg,iii,Centennial,14,"[7, 7, 0, 0]",,,,2079,Bridgewater,iii,Old Dominion,29,"[0, 3, 13, 13]",,,,,,,
401438685,2022,1,regular,2022-09-03T17:00:00.000Z,False,True,False,False,,4855,Leslie C. Quick Jr. Stadium,2725,Widener,iii,Mid Atlantic,20,"[0, 0, 6, 14]",,,,2827,Rowan,iii,New Jersey,42,"[14, 7, 14, 7]",,,,,,,
401439518,2022,1,regular,2022-09-03T17:00:00.000Z,False,True,False,False,,6120,Growney Stadium,374,St. John Fisher,iii,Empire 8,62,"[14, 27, 14, 7]",,,,2085,Buffalo State,iii,Liberty League,21,"[0, 7, 7, 7]",,,,,,,
401441262,2022,1,regular,2022-09-03T17:00:00.000Z,False,True,False,False,,6085,Sprague Field,2818,Montclair State,iii,New Jersey,27,"[0, 14, 6, 7]",,,,2644,Thiel,iii,Presidents',6,"[6, 0, 0, 0]",,,,,,,
401441945,2022,1,regular,2022-09-03T17:00:00.000Z,False,True,False,False,,7082,Athletic Field Complex,122774,Keystone,iii,ECFC,21,"[7, 7, 0, 7]",,,,398,Wilkes,iii,Mid Atlantic,48,"[13, 7, 14, 14]",,,,,,,
401438225,2022,1,regular,2022-09-03T17:00:00.000Z,False,True,True,False,,6211,Sodexo Field,112334,Franklin Pierce,ii,Northeast 10,7,"[0, 7, 0, 0]",,,,2205,Edinboro,ii,Pennsylvania State Athletic,10,"[0, 7, 3, 0]",,,,,,,
401431136,2022,1,regular,2022-09-03T17:30:00.000Z,False,True,False,False,,6088,Schueler Field,2419,Mount St Joseph,iii,Heartland,31,"[3, 14, 0, 14]",,,,188,Baldwin Wallace,iii,Ohio,28,"[14, 0, 7, 7]",,,,,,,
401431059,2022,1,regular,2022-09-03T17:30:00.000Z,False,True,False,False,,5822,Cadet Memorial Field,2557,Coast Guard,iii,NEWMAC,10,"[0, 7, 0, 3]",,,,111675,New England,iii,Commonwealth Coast,17,"[10, 7, 0, 0]",,,,,,,
401432680,2022,1,regular,2022-09-03T17:30:00.000Z,False,True,False,False,,4856,Mount Union Stadium,426,Mount Union,iii,Ohio,65,"[14, 35, 13, 3]",,,,190,Defiance College,iii,Heartland,0,"[0, 0, 0, 0]",,,,,,,
401431298,2022,1,regular,2022-09-03T18:00:00.000Z,False,True,False,False,,5915,Farwell Field,262,Lake Forest,iii,Midwest,42,"[7, 7, 14, 14]",,,,2741,Wisconsin Lutheran,iii,NACC,7,"[7, 0, 0, 0]",,,,,,,
401433408,2022,1,regular,2022-09-03T18:00:00.000Z,False,True,True,False,,3983,War Memorial Stadium (AR),241,McMurry,iii,American Southwest,9,"[0, 6, 3, 0]",,,,3,Birmingham-Southern,iii,Southern Athletic,26,"[9, 10, 0, 7]",,,,,,,
401430975,2022,1,regular,2022-09-03T18:00:00.000Z,False,True,False,False,,5841,Pete FioRito Stadium at McKinzie Field,101,Eureka,iii,NACC,6,"[0, 0, 0, 6]",,,,6845,Nebraska Wesleyan,iii,American Rivers,31,"[13, 3, 7, 8]",,,,,,,
401413214,2022,1,regular,2022-09-03T18:00:00.000Z,False,True,False,False,,3662,AmFirst Stadium,55,Jacksonville State,fcs,Atlantic Sun,35,"[7, 21, 0, 7]",0.9703058004379272,,,2166,Davidson,fcs,Pioneer,17,"[7, 3, 7, 0]",0.029694199562072754,,,2.9176861433373538,,,
401435103,2022,1,regular,2022-09-03T18:00:00.000Z,False,True,False,False,,5117,Clemens Stadium,2600,Saint John's (MN),iii,Minnesota,24,"[2, 7, 9, 6]",,,,2745,Wisconsin Whitewater,iii,Wisconsin,10,"[3, 0, 7, 0]",,,,,,,
401432793,2022,1,regular,2022-09-03T18:00:00.000Z,False,True,False,False,,5932,Lloyd L. Thornton Stadium,2373,Maryville (TN),iii,USA South,24,"[7, 0, 3, 14]",,,,2757,Berry,iii,Southern Athletic,31,"[10, 0, 7, 14]",,,,,,,
401431077,2022,1,regular,2022-09-03T18:00:00.000Z,False,True,False,False,,5839,Langhorst Field,72,Elmhurst,iii,CCIW,0,"[0, 0, 0, 0]",,,,2723,Wisconsin River Falls,iii,Wisconsin,63,"[8, 39, 6, 10]",,,,,,,
401432510,2022,1,regular,2022-09-03T18:00:00.000Z,False,True,False,False,,5817,Ron and Joyce Schipper Stadium,2964,Central College,iii,American Rivers,44,"[14, 3, 14, 13]",,,,133,St. Olaf,iii,Minnesota,13,"[0, 7, 6, 0]",,,,,,,
401435346,2022,1,regular,2022-09-03T18:00:00.000Z,False,True,False,False,,5120,J.J. Keller Field at Titan Stadium,271,Wisconsin Oshkosh,iii,Wisconsin,52,"[14, 17, 14, 7]",,,,2194,East Texas Baptist,iii,American Southwest,13,"[0, 6, 0, 7]",,,,,,,
401420822,2022,1,regular,2022-09-03T18:00:00.000Z,False,True,False,False,,844,Stambaugh Stadium,2754,Youngstown State,fcs,MVFC,31,"[7, 10, 0, 14]",0.9720675349235535,,,2184,Duquesne,fcs,NEC,14,"[7, 0, 7, 0]",0.027932465076446533,,,4.774758755656088,,,
401432560,2022,1,regular,2022-09-03T18:00:00.000Z,False,True,False,False,,3843,MLC Bowl,446,Martin Luther,iii,Upper Midwest,14,"[0, 7, 0, 7]",,,,409,Concordia (WI),iii,NACC,35,"[0, 28, 7, 0]",,,,,,,
401432514,2022,1,regular,2022-09-03T18:00:00.000Z,False,True,False,False,,5916,Carson Park,2738,Wisconsin Eau Claire,iii,Wisconsin,30,"[9, 7, 0, 14]",,,,263,Loras,iii,American Rivers,27,"[7, 0, 13, 7]",,,,,,,
401431318,2022,1,regular,2022-09-03T18:00:00.000Z,False,True,False,False,,5826,Concordia Stadium,2151,Concordia Chicago,iii,NACC,14,"[0, 7, 7, 0]",,,,80,Chicago,iii,Midwest,34,"[7, 7, 7, 13]",,,,,,,
401445818,2022,1,regular,2022-09-03T18:00:00.000Z,False,True,False,False,,4435,Robert B. Redman Stadium,2071,Bloomsburg,ii,Pennsylvania State Athletic,30,"[0, 17, 7, 3, 0, 3]",,,,284,Stonehill,fcs,NEC,33,"[3, 10, 3, 11, 0, 6]",,,,,,,
401435059,2022,1,regular,2022-09-03T18:00:00.000Z,False,True,False,False,,6080,Frank M. Lindsay Field,74,Millikin,iii,CCIW,28,[],,,,2257,Greenville,iii,Upper Midwest,14,[],,,,,,,
401432810,2022,1,regular,2022-09-03T18:00:00.000Z,False,True,False,False,,4423,Young-Wise Memorial Stadium,418,Hendrix,iii,Southern Athletic,20,"[0, 7, 0, 13]",,,,2045,Austin,iii,American Southwest,0,"[0, 0, 0, 0]",,,,,,,
401432975,2022,1,regular,2022-09-03T18:00:00.000Z,False,True,False,True,,6052,Herb Parker Stadium,568,Minot State,ii,Northern Sun,10,"[8, 0, 2, 0]",,,,2851,Winona State,ii,Northern Sun,24,"[7, 10, 7, 0]",,,,,,,
401425513,2022,1,regular,2022-09-03T18:00:00.000Z,False,True,False,False,,3613,Alumni Stadium,2169,Delaware State,fcs,MEAC,34,"[7, 3, 7, 17]",1,,,2339,Lincoln (PA),ii,CIAA,0,"[0, 0, 0, 0]",0,,,3.8035683716352087,,,
401404057,2022,1,regular,2022-09-03T18:00:00.000Z,False,True,False,False,57142,3772,Jack Trice Stadium,66,Iowa State,fbs,Big 12,42,"[7, 14, 7, 14]",0.9786624908447266,1779,1779,2546,Southeast Missouri State,fcs,OVC,10,"[0, 10, 0, 0]",0.021337509155273438,,,2.3143273485860814,,,
401431246,2022,1,regular,2022-09-03T18:00:00.000Z,False,True,False,False,,5804,Royal Stadium,2802,Bethel (MN),iii,Minnesota,41,"[3, 14, 10, 14]",,,,2486,Pacific Lutheran,iii,Northwest,9,"[0, 2, 7, 0]",,,,,,,
401430996,2022,1,regular,2022-09-03T18:00:00.000Z,False,True,False,True,,6125,Bulldog Stadium (TX),2639,Texas Lutheran,iii,American Southwest,45,"[7, 10, 14, 14]",,,,2758,Howard Payne,iii,American Southwest,59,"[21, 17, 14, 7]",,,,,,,
401431293,2022,1,regular,2022-09-03T18:00:00.000Z,False,True,False,False,,5908,Harley Knosher Bowl,255,Knox,iii,Midwest,26,"[9, 0, 14, 3]",,,,433,Westminster (MO),iii,Upper Midwest,0,"[0, 0, 0, 0]",,,,,,,
401431117,2022,1,regular,2022-09-03T18:00:00.000Z,False,True,False,False,,6100,Cutler Field,354,Olivet,iii,Michigan,35,"[7, 7, 0, 21]",,,,2233,Franklin,iii,Heartland,31,"[10, 7, 7, 7]",,,,,,,
401431821,2022,1,regular,2022-09-03T18:00:00.000Z,False,True,False,True,,3718,Tom Benson Hall of Fame Stadium,2682,Walsh,ii,Great Midwest Athletic,0,"[0, 0, 0, 0]",,,,2838,Tiffin,ii,Great Midwest Athletic,42,"[0, 21, 14, 7]",,,,,,,
401403971,2022,1,regular,2022-09-03T18:30:00.000Z,False,True,False,False,27143,1056,Rose Bowl,26,UCLA,fbs,Pac-12,45,"[7, 17, 7, 14]",0.9705996513366699,1667,1690,189,Bowling Green,fbs,Mid-American,17,"[10, 7, 0, 0]",0.029400348663330078,1210,1187,4.59182212163801,,,
401413333,2022,1,regular,2022-09-03T19:00:00.000Z,False,True,False,False,,3987,Washington-Grizzly Stadium,149,Montana,fcs,Big Sky,47,"[13, 13, 7, 14]",0.992168128490448,,,2466,Northwestern State,fcs,Southland,0,"[0, 0, 0, 0]",0.007831871509552002,,,2.6950480562763257,,,
401431579,2022,1,regular,2022-09-03T19:00:00.000Z,False,True,False,True,,3769,Jack Britt Memorial Stadium,437,Lake Erie,ii,Great Midwest Athletic,31,"[14, 7, 7, 3]",,,,2273,Hillsdale,ii,Great Midwest Athletic,35,"[0, 14, 7, 14]",,,,,,,
401438680,2022,1,regular,2022-09-03T19:00:00.000Z,False,True,False,False,,6149,McCulloch Stadium,2930,Willamette,iii,Northwest,21,"[0, 0, 0, 21]",,,,2923,Pomona Pitzer,iii,So. Cal.,44,"[14, 20, 7, 3]",,,,,,,
401415211,2022,1,regular,2022-09-03T19:30:00.000Z,False,True,False,False,20574,3984,War Memorial Stadium,2751,Wyoming,fbs,Mountain West,40,"[10, 7, 7, 10, 3, 3]",0.7367611527442932,1409,1411,202,Tulsa,fbs,American Athletic,37,"[3, 17, 7, 7, 3, 0]",0.2632388472557068,1502,1500,9.769679300771907,,,
401405063,2022,1,regular,2022-09-03T19:30:00.000Z,False,True,False,False,86590,3834,"Memorial Stadium (Lincoln, NE)",158,Nebraska,fbs,Big Ten,38,"[7, 0, 17, 14]",0.9772673845291138,1623,1623,155,North Dakota,fcs,MVFC,17,"[0, 7, 10, 0]",0.02273261547088623,,,5.255364935727048,,,
401411097,2022,1,regular,2022-09-03T19:30:00.000Z,False,True,False,False,56795,3948,Hard Rock Stadium,2390,Miami,fbs,ACC,70,"[14, 28, 14, 14]",0.9936989545822144,1570,1570,2065,Bethune-Cookman,fcs,SWAC,13,"[3, 7, 3, 0]",0.0063010454177856445,,,2.1367842465668057,,,
401426541,2022,1,regular,2022-09-03T19:30:00.000Z,False,True,False,False,83173,3835,"Memorial Stadium (Norman, OK)",201,Oklahoma,fbs,Big 12,45,"[21, 7, 14, 3]",0.9920453429222107,1749,1786,2638,UTEP,fbs,Conference USA,13,"[0, 10, 0, 3]",0.007954657077789307,1323,1286,2.7646397738926534,,,
401420836,2022,1,regular,2022-09-03T19:30:00.000Z,False,True,False,False,,3714,Fargodome,2449,North Dakota State,fcs,MVFC,56,"[14, 28, 7, 7]",0.986194372177124,,,2181,Drake,fcs,Pioneer,14,"[7, 0, 7, 0]",0.013805627822875977,,,3.3500567884629033,,,
401415015,2022,1,regular,2022-09-03T19:30:00.000Z,False,True,False,False,24607,3775,Joan C. Edwards Stadium,276,Marshall,fbs,Sun Belt,55,"[10, 28, 17, 0]",0.9954407811164856,1548,1548,2450,Norfolk State,fcs,MEAC,3,"[0, 0, 3, 0]",0.004559218883514404,,,1.606820393807046,,,
401403855,2022,1,regular,2022-09-03T19:30:00.000Z,False,True,False,False,74751,3887,Razorback Stadium,8,Arkansas,fbs,SEC,31,"[7, 7, 10, 7]",0.46383750438690186,1626,1646,2132,Cincinnati,fbs,American Athletic,24,"[0, 0, 17, 7]",0.5361624956130981,1801,1781,4.890130585924942,,,
401426542,2022,1,regular,2022-09-03T19:30:00.000Z,False,True,False,False,37526,3604,Alamodome,2636,UTSA,fbs,Conference USA,35,"[0, 14, 7, 3, 3, 8, 0]",0.11236052215099335,1512,1515,248,Houston,fbs,American Athletic,37,"[0, 7, 0, 17, 3, 8, 2]",0.8876394778490067,1620,1617,5.976949661299269,,,
401403967,2022,1,regular,2022-09-03T19:30:00.000Z,False,True,False,False,34046,7311,Snapdragon Stadium,21,San Diego State,fbs,Mountain West,20,"[0, 10, 10, 0]",0.28352653980255127,1535,1464,12,Arizona,fbs,Pac-12,38,"[10, 14, 7, 7]",0.7164734601974487,1306,1377,4.417312184507831,,,
401403858,2022,1,regular,2022-09-03T19:30:00.000Z,False,True,True,False,76490,5348,Mercedes-Benz Stadium,61,Georgia,fbs,SEC,49,"[7, 21, 14, 7]",0.9737083911895752,1980,2070,2483,Oregon,fbs,Pac-12,3,"[0, 3, 0, 0]",0.026291608810424805,1574,1484,1.7043927626226556,,Chick-fil-A Kickoff,
401413236,2022,1,regular,2022-09-03T20:00:00.000Z,False,True,False,False,,3906,Roos Field,331,Eastern Washington,fcs,Big Sky,36,"[15, 14, 0, 7]",0.7323179244995117,,,2634,Tennessee State,fcs,OVC,29,"[19, 0, 0, 10]",0.2676820755004883,,,7.210638726912176,,,
401445811,2022,1,regular,2022-09-03T20:00:00.000Z,False,True,False,True,,5920,Griswold Stadium,2333,Lewis & Clark,iii,Northwest,41,"[14, 10, 14, 3]",,,,2508,Puget Sound,iii,Northwest,15,"[0, 7, 0, 8]",,,,,,,
401403860,2022,1,regular,2022-09-03T20:00:00.000Z,False,True,False,False,60533,3974,Vaught-Hemingway Stadium,145,Ole Miss,fbs,SEC,28,"[7, 14, 7, 0]",0.9973421096801758,1658,1670,2653,Troy,fbs,Sun Belt,10,"[0, 3, 0, 7]",0.0026578903198242188,1347,1335,2.383040201768035,,,
401439513,2022,1,regular,2022-09-03T20:00:00.000Z,False,True,False,True,,3705,Earl Kitchings Stadium,2206,Edward Waters,ii,SIAC,34,"[7, 7, 13, 7]",,,,2805,Clark Atlanta,ii,SIAC,39,"[13, 10, 10, 6]",,,,,,,
401430671,2022,1,regular,2022-09-03T20:00:00.000Z,False,True,False,False,,6068,George Williams Athletic Complex,2551,Shaw,ii,CIAA,7,[],,,,351,Wingate,ii,South Atlantic,21,[],,,,,,,
401415176,2022,1,regular,2022-09-03T20:00:00.000Z,False,True,False,False,,3856,Nottingham Field,2458,Northern Colorado,fcs,Big Sky,34,"[7, 7, 0, 20]",,,,2277,Houston Christian,fcs,Southland,46,"[6, 16, 10, 14]",,,,,,,
401403968,2022,1,regular,2022-09-03T20:00:00.000Z,False,True,False,False,34984,3831,California Memorial Stadium,25,California,fbs,Pac-12,34,"[0, 17, 10, 7]",0.9809706211090088,1510,1510,302,UC Davis,fcs,Big Sky,13,"[7, 0, 6, 0]",0.01902937889099121,,,3.5748671138014703,,,
401415612,2022,1,regular,2022-09-03T20:00:00.000Z,False,True,False,False,31521,3886,Raymond James Stadium,58,South Florida,fbs,American Athletic,21,"[0, 7, 14, 0]",0.012154608964920044,1284,1247,252,BYU,fbs,FBS Independents,50,"[28, 10, 9, 3]",0.98784539103508,1648,1685,1.9437997417625787,,,
401421116,2022,1,regular,2022-09-03T21:00:00.000Z,False,True,False,False,15101,6526,Hancock Whitney Stadium,6,South Alabama,fbs,Sun Belt,48,"[10, 17, 14, 7]",0.9922344088554382,1351,1351,2447,Nicholls,fcs,Southland,7,"[0, 0, 0, 7]",0.007765591144561768,,,2.224481721320085,,,
401432888,2022,1,regular,2022-09-03T21:00:00.000Z,False,True,False,False,,5914,Veterans Memorial Stadium (WI),2740,Wisconsin La Crosse,iii,Wisconsin,42,"[0, 35, 7, 0]",,,,512,Dakota State University,,,7,"[0, 0, 0, 7]",,,,,,,
401415212,2022,1,regular,2022-09-03T21:30:00.000Z,False,True,False,False,13260,3816,Mackay Stadium,2440,Nevada,fbs,Mountain West,38,"[14, 0, 24, 0]",0.990835492610437,1556,1585,326,Texas State,fbs,Sun Belt,14,"[0, 7, 0, 7]",0.009164507389562981,1270,1241,4.6552460126,,,
401426540,2022,1,regular,2022-09-03T22:00:00.000Z,False,True,False,False,60113,477,Los Angeles Memorial Coliseum,30,USC,fbs,Pac-12,66,"[7, 24, 28, 7]",0.9778615236282349,1487,1612,242,Rice,fbs,Conference USA,14,"[7, 7, 0, 0]",0.022138476371765137,1245,1120,3.1099691333781276,,,
401430695,2022,1,regular,2022-09-03T22:00:00.000Z,False,True,False,False,,6553,Helen and Leonard Moretz Stadium,2331,Lenoir Rhyne,ii,South Atlantic,38,"[10, 7, 7, 14]",,,,330,Virginia State,ii,CIAA,19,"[7, 0, 6, 6]",,,,,,,
401430921,2022,1,regular,2022-09-03T22:00:00.000Z,False,True,False,False,,5809,J. Leslie Rollins Stadium,63,Buena Vista,iii,American Rivers,20,"[0, 0, 0, 20]",,,,2968,Gustavus Adolphus,iii,Minnesota,62,"[21, 28, 7, 6]",,,,,,,
401426536,2022,1,regular,2022-09-03T22:00:00.000Z,False,True,False,False,20003,3876,Peden Stadium,195,Ohio,fbs,Mid-American,41,"[3, 10, 14, 14]",0.9223079681396484,1368,1371,2226,Florida Atlantic,fbs,Conference USA,38,"[10, 7, 0, 21]",0.07769203186035156,1488,1485,5.4270583652192155,,,
401426538,2022,1,regular,2022-09-03T22:00:00.000Z,False,True,False,False,23074,3651,Bridgeforth Stadium,256,James Madison,fbs,Sun Belt,44,"[0, 21, 16, 7]",0.9864649176597595,1300,1427,2393,Middle Tennessee,fbs,Conference USA,7,"[0, 0, 7, 0]",0.013535082340240479,1445,1318,2.8383880030734683,,,
401420777,2022,1,regular,2022-09-03T22:00:00.000Z,False,True,False,False,,3608,Allen E. Paulson Stadium,290,Georgia Southern,fbs,Sun Belt,59,"[0, 17, 14, 28]",0.9885676503181458,1382,1382,2415,Morgan State,fcs,MEAC,7,"[0, 7, 0, 0]",0.011432349681854248,,,3.492651015152614,,,
401432331,2022,1,regular,2022-09-03T22:00:00.000Z,False,True,False,False,,3926,Setzler Field,2444,Newberry,ii,South Atlantic,40,"[14, 7, 16, 3]",,,,2019,Allen,ii,SIAC,6,"[0, 0, 6, 0]",,,,,,,
401423449,2022,1,regular,2022-09-03T22:00:00.000Z,False,True,False,False,,4582,Hornet Stadium,2011,Alabama State,fcs,SWAC,21,"[21, 0, 0, 0]",,,,2396,Miles,ii,SIAC,13,"[0, 3, 3, 7]",,,,,,,
401424417,2022,1,regular,2022-09-03T22:00:00.000Z,False,True,False,False,,3620,Armstrong Stadium,2261,Hampton,fcs,CAA,31,"[0, 14, 7, 10]",,,,47,Howard,fcs,MEAC,28,"[0, 6, 0, 22]",,,,,,,
401431566,2022,1,regular,2022-09-03T22:00:00.000Z,False,True,False,False,,4430,Mihalik-Thompson Stadium,215,Slippery Rock,ii,Pennsylvania State Athletic,42,"[21, 14, 7, 0]",,,,131,Wayne State (MI),ii,GLIAC,10,"[0, 3, 0, 7]",,,,,,,
401431489,2022,1,regular,2022-09-03T22:00:00.000Z,False,True,False,False,,6040,Key Stadium,2292,Indianapolis,ii,Great Lakes,57,"[14, 23, 10, 10]",,,,2615,Saint Xavier,,,0,"[0, 0, 0, 0]",,,,,,,
401429860,2022,1,regular,2022-09-03T22:00:00.000Z,False,True,False,False,,5875,Charlie W. Johnson Stadium,490,Benedict,ii,SIAC,52,"[10, 14, 21, 7]",,,,2207,Elizabeth City State,ii,CIAA,14,"[7, 0, 0, 7]",,,,,,,
401444470,2022,1,regular,2022-09-03T22:00:00.000Z,False,True,False,False,,3612,Alumni Memorial Stadium (NC),2940,Livingstone,ii,CIAA,19,"[7, 0, 0, 12]",,,,2107,Catawba,ii,South Atlantic,44,"[7, 10, 20, 7]",,,,,,,
401432880,2022,1,regular,2022-09-03T22:00:00.000Z,False,True,False,False,,6105,Day Field,2516,Randolph Macon,iii,Old Dominion,49,"[14, 21, 7, 7]",,,,286,North Carolina Wesleyan,iii,USA South,7,"[0, 0, 7, 0]",,,,,,,
401432628,2022,1,regular,2022-09-03T22:00:00.000Z,False,True,False,False,,6138,Wilson Field,2688,Washington and Lee,iii,Old Dominion,3,"[0, 0, 0, 3]",,,,3112,Christopher Newport,iii,New Jersey,9,"[0, 6, 0, 3]",,,,,,,
401423411,2022,1,regular,2022-09-03T22:00:00.000Z,False,True,False,False,,4416,Spec Martin Municipal Stadium,56,Stetson,fcs,Pioneer,24,"[3, 14, 7, 0]",,,,2985,Concordia-Michigan,,,14,"[7, 0, 0, 7]",,,,,,,
401413203,2022,1,regular,2022-09-03T22:00:00.000Z,False,True,False,True,,3720,Finley Stadium,236,Chattanooga,fcs,Southern,31,"[10, 14, 7, 0]",0.9735646843910217,,,2747,Wofford,fcs,Southern,0,"[0, 0, 0, 0]",0.02643531560897827,,,2.3065721248795756,,,
401432090,2022,1,regular,2022-09-03T22:00:00.000Z,False,True,False,False,,4421,Multi-Sport Performance Stadium,2017,Alderson-Broaddus,ii,Mountain East,28,"[0, 21, 7, 0]",,,,2385,Mercyhurst,ii,Pennsylvania State Athletic,45,"[7, 24, 7, 7]",,,,,,,
401455583,2022,1,regular,2022-09-03T22:00:00.000Z,False,True,True,False,,5844,McAfee Field,109418,Finlandia University,iii,Upper Midwest,7,"[7, 0, 0, 0]",,,,2283,Benedictine (IL),iii,NACC,52,"[10, 7, 14, 21]",,,,,,,
401422978,2022,1,regular,2022-09-03T22:00:00.000Z,False,True,False,False,,3676,Christy Mathewson-Memorial Stadium,2083,Bucknell,fcs,Patriot,13,"[0, 0, 0, 7, 6]",0.6296032071113586,,,119,Towson,fcs,CAA,14,"[0, 0, 7, 0, 7]",0.37039679288864136,,,7.036476355216465,,,
401431854,2022,1,regular,2022-09-03T22:00:00.000Z,False,True,False,False,,6056,B.T. Harvey Stadium,60,Morehouse,ii,SIAC,16,"[3, 0, 7, 6]",,,,2695,West Alabama,ii,Gulf South,24,"[7, 14, 0, 3]",,,,,,,
401431863,2022,1,regular,2022-09-03T22:00:00.000Z,False,True,False,False,,5888,University Stadium (GA),2698,West Georgia,ii,Gulf South,38,"[3, 21, 14, 0]",,,,2105,Carson Newman,ii,South Atlantic,7,"[0, 7, 0, 0]",,,,,,,
401432436,2022,1,regular,2022-09-03T22:30:00.000Z,False,True,False,True,,3638,MDU Resources Community Bowl,559,University of Mary,ii,Northern Sun,28,"[7, 0, 14, 7]",,,,2844,Wayne State (NE),ii,Northern Sun,33,"[14, 0, 13, 6]",,,,,,,
401423925,2022,1,regular,2022-09-03T23:00:00.000Z,False,True,False,False,,3599,Ace W. Mumford Stadium,2582,Southern,fcs,SWAC,86,"[42, 14, 16, 14]",,,,125762,Florida Memorial University,,,0,"[0, 0, 0, 0]",,,,,,,
401441340,2022,1,regular,2022-09-03T23:00:00.000Z,False,True,False,False,,6117,Knight Stadium,2896,Southern Virginia,iii,USA South,27,"[7, 6, 14, 0]",,,,2733,Wilmington (OH),iii,Ohio,52,"[7, 28, 3, 14]",,,,,,,
401424943,2022,1,regular,2022-09-03T23:00:00.000Z,False,True,False,False,,3740,Golden Lion Stadium,2029,Arkansas-Pine Bluff,fcs,SWAC,48,"[17, 10, 21, 0]",0.7033044695854187,,,2323,Lane College,ii,SIAC,42,"[7, 14, 14, 7]",0.2966955304145813,,,6.978091352867172,,,
401423918,2022,1,regular,2022-09-03T23:00:00.000Z,False,True,False,True,,5238,Panther Stadium,2504,Prairie View A&M,fcs,SWAC,40,"[14, 10, 13, 3]",0.8727589845657349,,,2640,Texas Southern,fcs,SWAC,23,"[7, 7, 9, 0]",0.12724101543426514,,,4.4936675289412555,,,
401435106,2022,1,regular,2022-09-03T23:00:00.000Z,False,True,False,False,,6082,Big Cat Stadium,2399,Minnesota Morris,iii,Upper Midwest,24,"[3, 7, 0, 14]",,,,2359,Macalester,iii,Minnesota,45,"[0, 21, 3, 21]",,,,,,,
401432524,2022,1,regular,2022-09-03T23:00:00.000Z,False,True,False,False,,4463,Crusader Stadium,2371,Mary Hardin Baylor,iii,American Southwest,62,"[20, 21, 21, 0]",,,,2422,Muhlenberg,iii,Centennial,13,"[7, 6, 0, 0]",,,,,,,
401435063,2022,1,regular,2022-09-03T23:00:00.000Z,False,True,False,False,,3675,Charles A. Gaetano Stadium,390,Utica,iii,Empire 8,43,"[7, 15, 14, 7]",,,,184,Rochester (NY),iii,Liberty League,28,"[21, 0, 7, 0]",,,,,,,
401418609,2022,1,regular,2022-09-03T23:00:00.000Z,False,True,False,False,,3742,Governors Stadium,2046,Austin Peay,fcs,Atlantic Sun,63,"[21, 21, 14, 7]",,,,2506,Presbyterian,fcs,Pioneer,0,"[0, 0, 0, 0]",,,,,,,
401404134,2022,1,regular,2022-09-03T23:00:00.000Z,False,True,False,False,21165,3654,Brooks Stadium (SC),324,Coastal Carolina,fbs,Sun Belt,38,"[7, 7, 10, 14]",0.9976634979248047,1647,1657,349,Army,fbs,FBS Independents,28,"[7, 7, 7, 7]",0.0023365020751953125,1544,1534,5.481299245971431,,,
401404056,2022,1,regular,2022-09-03T23:00:00.000Z,False,True,False,False,50469,3636,Bill Snyder Family Stadium,2306,Kansas State,fbs,Big 12,34,"[20, 7, 7, 0]",0.9881861209869385,1616,1616,233,South Dakota,fcs,MVFC,0,"[0, 0, 0, 0]",0.011813879013061523,,,1.6483495953019194,,,
401403866,2022,1,regular,2022-09-03T23:00:00.000Z,False,True,False,False,20120,3973,FirstBank Stadium,238,Vanderbilt,fbs,SEC,42,"[21, 7, 7, 7]",0.954739511013031,1425,1425,2210,Elon,fcs,CAA,31,"[7, 3, 14, 7]",0.045260488986968994,,,2.816732904182028,,,
401403859,2022,1,regular,2022-09-03T23:00:00.000Z,False,True,False,False,61139,3683,Kroger Field,96,Kentucky,fbs,SEC,37,"[7, 6, 17, 7]",0.9900107383728027,1670,1713,193,Miami (OH),fbs,Mid-American,13,"[7, 3, 3, 0]",0.009989261627197266,1516,1473,5.1176282336399765,,,
401403857,2022,1,regular,2022-09-03T23:00:00.000Z,False,True,False,False,90799,3634,Ben Hill Griffin Stadium,57,Florida,fbs,SEC,29,"[7, 7, 0, 15]",0.5007678270339966,1572,1576,254,Utah,fbs,Pac-12,26,"[7, 6, 6, 7]",0.4992321729660034,1790,1786,7.010037473588489,,,
401431006,2022,1,regular,2022-09-03T23:00:00.000Z,False,True,False,False,,6132,Trinity University Stadium,386,Trinity (TX),iii,Southern Athletic,55,"[14, 21, 20, 0]",,,,2834,Sul Ross State,iii,American Southwest,7,"[0, 7, 0, 0]",,,,,,,
401421121,2022,1,regular,2022-09-03T23:00:00.000Z,False,True,False,False,16812,3666,Cajun Field,309,Louisiana,fbs,Sun Belt,24,"[10, 7, 0, 7]",1,1720,1720,2545,SE Louisiana,fcs,Southland,7,"[0, 0, 7, 0]",0,,,2.5613062343971893,,,
401403856,2022,1,regular,2022-09-03T23:00:00.000Z,False,True,False,False,84562,3785,Jordan-Hare Stadium,2,Auburn,fbs,SEC,42,"[14, 14, 14, 0]",0.9954355359077454,1632,1632,2382,Mercer,fcs,Southern,16,"[0, 7, 0, 9]",0.004564464092254639,,,2.321060768746342,,,
401431906,2022,1,regular,2022-09-03T23:00:00.000Z,False,True,False,False,,5917,Ratliff Stadium,110243,UT Permian Basin,ii,Lone Star,17,"[3, 0, 0, 14]",,,,2586,Southwest Baptist,ii,Great Lakes,41,"[17, 7, 17, 0]",,,,,,,
401430708,2022,1,regular,2022-09-03T23:00:00.000Z,False,True,False,False,,3813,"Luther ""Nick"" Jeralds Stadium",2220,Fayetteville State,ii,CIAA,15,"[0, 12, 3, 0]",,,,2882,UNC Pembroke,ii,Mountain East,13,"[6, 7, 0, 0]",,,,,,,
401432323,2022,1,regular,2022-09-03T23:00:00.000Z,False,True,False,False,,5867,Albany State University Coliseum,2013,Albany State,ii,SIAC,28,[],,,,2401,Mississippi College,ii,Gulf South,14,[],,,,,,,
401435213,2022,1,regular,2022-09-03T23:00:00.000Z,False,True,False,False,,5903,Community Stadium at Goerke Park,2743,Wisconsin Stevens Point,iii,Wisconsin,24,"[3, 14, 7, 0]",,,,561,Mayville State,,,31,"[14, 7, 3, 7]",,,,,,,
401432646,2022,1,regular,2022-09-03T23:00:00.000Z,False,True,False,False,,3915,Charles Lee Field at Samford Stadium,2938,Huntingdon,iii,USA South,34,"[20, 7, 7, 0]",,,,203,Linfield,iii,Northwest,41,"[20, 14, 7, 0]",,,,,,,
401431178,2022,1,regular,2022-09-03T23:00:00.000Z,False,True,False,False,,5854,Hoernemann Stadium,191,Heidelberg,iii,Ohio,31,"[7, 3, 7, 14]",,,,2003,Adrian,iii,Michigan,0,"[0, 0, 0, 0]",,,,,,,
401425418,2022,1,regular,2022-09-03T23:00:00.000Z,False,True,False,False,17893,3625,Centennial Bank Stadium,2032,Arkansas State,fbs,Sun Belt,58,"[16, 14, 21, 7]",0.997707188129425,1262,1262,2755,Grambling,fcs,SWAC,3,"[0, 0, 3, 0]",0.002292811870574951,,,1.6819272083139676,,,
401424416,2022,1,regular,2022-09-03T23:00:00.000Z,False,True,False,False,41242,4727,McLane Stadium,239,Baylor,fbs,Big 12,69,"[21, 14, 14, 20]",0.9917270541191101,1690,1690,399,UAlbany,fcs,CAA,10,"[7, 0, 3, 0]",0.008272945880889893,,,2.5278687265406834,,,
401414778,2022,1,regular,2022-09-03T23:00:00.000Z,False,True,False,False,,4729,Yulman Stadium,2655,Tulane,fbs,American Athletic,42,"[7, 14, 21, 0]",0.9973961710929871,1444,1483,113,Massachusetts,fbs,FBS Independents,10,"[0, 10, 0, 0]",0.0026038289070129395,1036,997,2.2900247032362238,,,
401405065,2022,1,regular,2022-09-03T23:00:00.000Z,False,True,False,False,73727,347,Camp Randall Stadium,275,Wisconsin,fbs,Big Ten,38,"[7, 10, 14, 7]",0.9972411394119263,1742,1742,2287,Illinois State,fcs,MVFC,0,"[0, 0, 0, 0]",0.0027588605880737305,,,2.0346791807801936,,,
401404157,2022,1,regular,2022-09-03T23:00:00.000Z,False,True,False,False,24051,3815,M. M. Roberts Stadium,2572,Southern Miss,fbs,Sun Belt,27,"[0, 3, 7, 14, 0, 3, 0, 0]",0.5620651841163635,1266,1280,2335,Liberty,fbs,FBS Independents,29,"[0, 10, 0, 14, 0, 3, 0, 2]",0.4379348158836365,1600,1586,10.585734582044472,,,
401435180,2022,1,regular,2022-09-03T23:00:00.000Z,False,True,False,False,,5834,Deeds Field-Piper Stadium,2171,Denison,iii,North Coast,48,"[28, 7, 3, 10]",,,,424,Capital,iii,Ohio,31,"[6, 6, 13, 6]",,,,,,,
401431860,2022,1,regular,2022-09-03T23:00:00.000Z,False,True,True,False,,6036,Blue Wahoos Stadium,110242,West Florida,ii,Gulf South,52,"[14, 31, 0, 7]",,,,2683,Warner,,,3,"[0, 0, 3, 0]",,,,,,,
401420873,2022,1,regular,2022-09-03T23:00:00.000Z,False,True,False,False,,3771,Jack Spinks Stadium,2016,Alcorn State,fcs,SWAC,27,"[7, 17, 0, 3]",0.6400988101959229,,,2617,Stephen F. Austin,fcs,Western Athletic,31,"[3, 7, 14, 7]",0.35990118980407715,,,10.37160838348944,,,
401420846,2022,1,regular,2022-09-03T23:00:00.000Z,False,True,False,False,,3734,Gayle and Tom Benson Stadium,2916,Incarnate Word,fcs,Southland,64,"[22, 7, 14, 21]",0.9919928312301636,,,79,Southern Illinois,fcs,MVFC,29,"[0, 16, 3, 10]",0.008007168769836426,,,2.6547641961625454,,,
401466246,2022,1,regular,2022-09-03T23:00:00.000Z,False,True,False,False,,3655,Brown Field,2674,Valparaiso,fcs,Pioneer,20,"[3, 14, 0, 3]",0.8385835289955139,,,111756,Indiana Wesleyan,,,17,"[3, 0, 7, 7]",0.16141647100448608,,,4.710929944279622,,,
401431894,2022,1,regular,2022-09-03T23:00:00.000Z,False,True,False,False,,6049,"Memorial Stadium (Wichita Falls, TX)",2395,Midwestern State,ii,Lone Star,27,"[7, 7, 0, 13]",,,,2570,CSU Pueblo,ii,Rocky Mountain,59,"[14, 17, 7, 21]",,,,,,,
401431094,2022,1,regular,2022-09-03T23:00:00.000Z,False,True,False,False,,6093,Holmgren Athletic Complex,75,North Park,iii,CCIW,14,"[7, 0, 0, 7]",,,,2362,Manchester,iii,Heartland,23,"[0, 9, 7, 7]",,,,,,,
401403861,2022,1,regular,2022-09-03T23:30:00.000Z,False,True,False,False,54360,3693,Davis Wade Stadium,344,Mississippi State,fbs,SEC,49,"[14, 14, 7, 14]",0.987985372543335,1520,1583,235,Memphis,fbs,American Athletic,23,"[0, 3, 7, 13]",0.012014627456665039,1490,1427,1.8815841658006396,,,
401426539,2022,1,regular,2022-09-03T23:30:00.000Z,False,True,False,False,25306,3825,DATCU Stadium,249,North Texas,fbs,Conference USA,10,"[0, 10, 0, 0]",0.05542732775211334,1463,1366,2567,SMU,fbs,American Athletic,48,"[14, 17, 7, 10]",0.9445726722478867,1574,1671,3.1313154577978195,,,
401432765,2022,1,regular,2022-09-03T23:30:00.000Z,False,True,False,False,,5849,Reeves Field (PA),2242,Geneva,iii,Presidents',25,"[13, 6, 6, 0]",,,,2748,Wooster,iii,North Coast,33,"[0, 16, 14, 3]",,,,,,,
401403863,2022,1,regular,2022-09-03T23:30:00.000Z,False,True,False,False,78297,3994,Williams-Brice Stadium,2579,South Carolina,fbs,SEC,35,"[0, 12, 16, 7]",0.8252294659614563,1486,1540,2247,Georgia State,fbs,Sun Belt,14,"[0, 7, 7, 0]",0.1747705340385437,1522,1468,5.315960991829729,,,
401404124,2022,1,regular,2022-09-03T23:30:00.000Z,False,True,False,False,106594,3861,Ohio Stadium,194,Ohio State,fbs,Big Ten,21,"[7, 0, 7, 7]",0.739877676265821,1932,1944,87,Notre Dame,fbs,FBS Independents,10,"[3, 7, 0, 0]",0.260122323734179,1826,1814,6.0088684122,,,
401420797,2022,1,regular,2022-09-03T23:30:00.000Z,False,True,True,False,,3628,Bank of America Stadium,2428,North Carolina Central,fcs,MEAC,28,"[7, 14, 7, 0]",0.9857596755027771,,,2448,North Carolina A&T,fcs,Big South,13,"[7, 6, 0, 0]",0.0142403244972229,,,6.960343395800302,,,
401403854,2022,1,regular,2022-09-03T23:30:00.000Z,False,True,False,False,98321,3657,Bryant-Denny Stadium,333,Alabama,fbs,SEC,55,"[17, 24, 14, 0]",0.9839851260185242,1979,2089,328,Utah State,fbs,Mountain West,0,"[0, 0, 0, 0]",0.01601487398147583,1555,1445,2.283997931119607,,,
401403970,2022,1,regular,2022-09-04T00:00:00.000Z,False,True,False,False,26826,3940,Stanford Stadium,24,Stanford,fbs,Pac-12,41,"[7, 21, 0, 13]",1,1355,1355,2142,Colgate,fcs,Patriot,10,"[0, 7, 3, 0]",0,,,2.29730357665307,,,
401411099,2022,1,regular,2022-09-04T00:00:00.000Z,False,True,False,True,37110,1964,JMA Wireless Dome,183,Syracuse,fbs,ACC,31,"[10, 7, 0, 14]",0.9362856149673462,1405,1484,97,Louisville,fbs,ACC,7,"[7, 0, 0, 0]",0.06371438503265381,1568,1489,2.7921419269795775,,,
401404055,2022,1,regular,2022-09-04T00:00:00.000Z,False,True,False,False,,3784,Jones AT&T Stadium,2641,Texas Tech,fbs,Big 12,63,"[14, 28, 14, 7]",0.9912300109863281,1536,1536,93,Murray State,fcs,OVC,10,"[3, 7, 0, 0]",0.008769989013671875,,,2.218563122005053,,,
401415210,2022,1,regular,2022-09-04T00:00:00.000Z,False,True,False,False,15166,3971,University Stadium (NM),167,New Mexico,fbs,Mountain West,41,"[0, 21, 13, 7]",0.9806091785430908,1229,1229,311,Maine,fcs,CAA,0,"[0, 0, 0, 0]",0.01939082145690918,,,2.344591004980961,,,
401439762,2022,1,regular,2022-09-04T00:00:00.000Z,False,True,False,False,,6094,Reynolds Field,583,Northwestern (MN),iii,Upper Midwest,15,"[0, 7, 0, 8]",,,,124,Augsburg,iii,Minnesota,23,"[7, 0, 13, 3]",,,,,,,
401404059,2022,1,regular,2022-09-04T00:00:00.000Z,False,True,False,False,94873,3910,DKR-Texas Memorial Stadium,251,Texas,fbs,Big 12,52,"[14, 10, 21, 7]",0.985526442527771,1633,1700,2433,UL Monroe,fbs,Sun Belt,10,"[3, 0, 0, 7]",0.014473557472229004,1207,1140,2.6326320252229345,,,
401430981,2022,1,regular,2022-09-04T00:00:00.000Z,False,True,False,False,,6084,April Zorn Memorial Stadium,2919,Monmouth (IL),iii,Midwest,7,"[0, 0, 0, 7]",,,,2685,Wartburg,iii,American Rivers,34,"[0, 3, 21, 10]",,,,,,,
401413340,2022,1,regular,2022-09-04T00:00:00.000Z,False,True,False,False,,3643,Bobcat Stadium,147,Montana State,fcs,Big Sky,40,"[0, 17, 16, 7]",0.9983427789804704,,,2377,McNeese,fcs,Southland,17,"[0, 10, 0, 7]",0.0016572210195295867,,,,,,
401431240,2022,1,regular,2022-09-04T00:00:00.000Z,False,True,False,False,,5829,Old National Bank Stadium,509,Crown,iii,Upper Midwest,14,[],,,,162,Hamline,iii,Minnesota,39,[],,,,,,,
401433060,2022,1,regular,2022-09-04T00:00:00.000Z,False,True,False,False,,3633,Ben Altamirano Field,2703,Western New Mexico,ii,Lone Star,34,"[17, 10, 0, 7]",,,,2001,Adams State,ii,Rocky Mountain,20,"[0, 6, 0, 14]",,,,,,,
401431901,2022,1,regular,2022-09-04T00:00:00.000Z,False,True,False,False,,6076,Javelina Stadium,2658,Texas A&M-Kingsville,ii,Lone Star,60,"[21, 18, 21, 0]",,,,123086,North American,,,0,"[0, 0, 0, 0]",,,,,,,
401431911,2022,1,regular,2022-09-04T00:00:00.000Z,False,True,False,False,,5884,Buffalo Stadium,2714,Western Colorado,ii,Rocky Mountain,6,"[3, 3, 0, 0]",,,,2704,West Texas,ii,Lone Star,44,"[20, 7, 0, 17]",,,,,,,
401432189,2022,1,regular,2022-09-04T01:00:00.000Z,False,True,False,False,,716,Torero Stadium,301,San Diego,fcs,Pioneer,58,"[7, 20, 17, 14]",0.9906655550003052,,,2318,La Verne,iii,So. Cal.,0,"[0, 0, 0, 0]",0.009334444999694824,,,2.693725067404979,,,
401403974,2022,1,regular,2022-09-04T01:30:00.000Z,False,True,False,False,25233,3820,Gesa Field,265,Washington State,fbs,Pac-12,24,"[0, 10, 7, 7]",0.8366881012916565,1590,1590,70,Idaho,fcs,Big Sky,17,"[10, 0, 0, 7]",0.1633118987083435,,,4.636772323753922,,,
401435149,2022,1,regular,2022-09-04T02:00:00.000Z,False,True,False,False,,5819,Ernie Chapman Stadium,411,Chapman,iii,So. Cal.,42,"[7, 7, 14, 14]",,,,205,Pacific (OR),iii,Northwest,21,"[7, 7, 0, 7]",,,,,,,
401432637,2022,1,regular,2022-09-04T02:00:00.000Z,False,True,False,False,,6106,Ted Runner Stadium,415,George Fox,iii,Northwest,38,"[7, 7, 14, 10]",,,,29,Redlands,iii,So. Cal.,31,"[14, 7, 3, 7]",,,,,,,
401420855,2022,1,regular,2022-09-04T02:30:00.000Z,False,True,False,False,,3757,Hornet Stadium,16,Sacramento State,fcs,Big Sky,56,"[21, 14, 14, 7]",0.9908600449562073,,,3101,Utah Tech,fcs,Western Athletic,33,"[0, 10, 9, 14]",0.009139955043792725,,,2.564836217092102,,,
401403973,2022,1,regular,2022-09-04T02:30:00.000Z,False,True,False,False,56112,3765,Husky Stadium,264,Washington,fbs,Pac-12,45,"[21, 10, 7, 7]",0.9773629307746887,1536,1577,2309,Kent State,fbs,Mid-American,20,"[7, 6, 0, 7]",0.02263706922531128,1340,1299,3.1227355364939346,,,
401403969,2022,1,regular,2022-09-04T02:30:00.000Z,False,True,False,False,27732,3893,Reser Stadium,204,Oregon State,fbs,Pac-12,34,"[14, 10, 3, 7]",0.998346209526062,1544,1593,68,Boise State,fbs,Mountain West,17,"[0, 0, 10, 7]",0.0016537904739379883,1664,1615,3.1076240389873524,,,
401426543,2022,1,regular,2022-09-04T03:59:00.000Z,False,True,False,False,9346,7220,Clarence T.C. Ching Athletics Complex,62,Hawai'i,fbs,Mountain West,17,"[3, 7, 0, 7]",0,1223,1188,98,Western Kentucky,fbs,Conference USA,49,"[0, 21, 7, 21]",1,1684,1719,4.889138536886161,,,
401431127,2022,1,regular,2022-09-04T17:00:00.000Z,False,True,False,False,,3614,Alumni Stadium (IN),2262,Hanover,iii,Heartland,29,"[13, 0, 3, 13]",,,,2121,Centre,iii,Southern Athletic,31,"[7, 3, 21, 0]",,,,,,Suspended Sept 3,
401424947,2022,1,regular,2022-09-04T19:00:00.000Z,False,True,True,True,,3948,Hard Rock Stadium,2296,Jackson State,fcs,SWAC,59,"[7, 17, 21, 14]",0.9897788166999817,,,50,Florida A&M,fcs,SWAC,3,"[0, 3, 0, 0]",0.01022118330001831,,,1.9687077308247685,,Denny's Orange Blossom Classic,
401431983,2022,1,regular,2022-09-04T20:00:00.000Z,False,True,True,False,,3718,Tom Benson Hall of Fame Stadium,2119,Central State,ii,SIAC,41,"[14, 7, 13, 7]",,,,2736,Winston-Salem State,ii,CIAA,21,"[7, 7, 7, 0]",,,,,,,
401432363,2022,1,regular,2022-09-04T23:00:00.000Z,False,True,True,True,,3689,Cramton Bowl,2657,Tuskegee,ii,SIAC,6,"[0, 6, 0, 0]",,,,2232,Fort Valley State,ii,SIAC,21,"[7, 7, 0, 7]",,,,,,Boeing Red Tails Classic,
401403867,2022,1,regular,2022-09-04T23:30:00.000Z,False,True,True,False,68388,3493,Caesars Superdome,52,Florida State,fbs,ACC,24,"[0, 7, 10, 7]",0.5896649956703186,1501,1504,99,LSU,fbs,SEC,23,"[3, 0, 7, 13]",0.4103350043296814,1538,1535,6.722668406393779,,Allstate Louisiana Kickoff,
401411101,2022,1,regular,2022-09-06T00:00:00.000Z,False,True,True,True,47712,5348,Mercedes-Benz Stadium,59,Georgia Tech,fbs,ACC,10,"[0, 3, 7, 0]",0.019772708415985107,1346,1317,228,Clemson,fbs,ACC,41,"[0, 14, 10, 17]",0.9802272915840149,1766,1795,4.132714983784297,,Chick-fil-A Kickoff,
401432091,2022,2,regular,2022-09-08T22:00:00.000Z,False,True,False,True,,5886,West Family Stadium,2699,West Liberty,ii,Mountain East,30,"[3, 0, 20, 7]",,,,2017,Alderson-Broaddus,ii,Mountain East,17,"[3, 7, 0, 7]",,,,,,,
401446231,2022,2,regular,2022-09-08T23:00:00.000Z,False,True,False,True,,5943,Duvall-Rosier Field,2986,Fairmont State,ii,Mountain East,38,"[0, 7, 7, 14, 7, 3, 0, 0]",,,,2128,Charleston (WV),ii,Mountain East,40,"[14, 7, 7, 0, 7, 3, 0, 2]",,,,,,,
401431518,2022,2,regular,2022-09-08T23:00:00.000Z,False,True,False,False,,3723,QU Stadium,2825,Quincy,ii,Great Lakes,53,"[33, 13, 7, 0]",,,,2907,Trinity International (IL),,,14,"[0, 0, 7, 7]",,,,,,,
401420807,2022,2,regular,2022-09-09T00:00:00.000Z,False,True,False,False,,3878,Plaster Sports Complex,2623,Missouri State,fcs,MVFC,35,"[7, 14, 0, 14]",0.7293071150779724,,,2630,UT Martin,fcs,OVC,30,"[7, 7, 10, 6]",0.2706928849220276,,,7.319895774764385,,,
401431916,2022,2,regular,2022-09-09T00:00:00.000Z,False,True,False,True,,4724,Audrey J. Walton Stadium at Vernon Kennedy Field,2118,Central Missouri,ii,Mid America,32,"[14, 10, 0, 8]",,,,2687,Washburn,ii,Mid America,40,"[6, 13, 21, 0]",,,,,,,
401431927,2022,2,regular,2022-09-09T00:00:00.000Z,False,True,False,True,,5890,Lewis Field Stadium,2231,Fort Hays,ii,Mid America,19,"[7, 0, 0, 12]",,,,137,Missouri Western,ii,Mid America,35,"[14, 7, 14, 0]",,,,,,,
401431953,2022,2,regular,2022-09-09T00:00:00.000Z,False,True,False,True,,6057,Ron & Carol Cope Stadium at Foster Field,2438,Nebraska Kearney,ii,Mid America,28,"[7, 14, 0, 7]",,,,90,Pittsburg State,ii,Mid America,35,"[0, 14, 14, 7]",,,,,,,
401432371,2022,2,regular,2022-09-09T00:00:00.000Z,False,True,False,True,,5878,Wantland Stadium,2122,Central Oklahoma,ii,Mid America,21,"[0, 7, 0, 14]",,,,2214,Emporia State,ii,Mid America,13,"[7, 0, 6, 0]",,,,,,,
401431160,2022,2,regular,2022-09-09T23:00:00.000Z,False,True,False,False,,3889,Reinhart Field,2951,SUNY Maritime,iii,ECFC,17,"[3, 0, 7, 7]",,,,110,Mass Maritime,iii,MSCAC,14,"[0, 14, 0, 0]",,,,,,,
401435073,2022,2,regular,2022-09-09T23:00:00.000Z,False,True,False,False,,6048,Duane Stadium,2771,Merrimack,fcs,NEC,45,"[21, 0, 3, 21]",0.9844709038734436,,,2038,Assumption,ii,Northeast 10,17,"[0, 0, 0, 17]",0.015529096126556396,,,14.874155252640028,,,
401439543,2022,2,regular,2022-09-09T23:00:00.000Z,False,True,False,False,,5899,"Alumni Stadium (Worcester, MA)",2749,WPI,iii,NEWMAC,0,"[0, 0, 0, 0]",,,,452,Endicott,iii,Commonwealth Coast,24,"[10, 0, 14, 0]",,,,,,,
401438633,2022,2,regular,2022-09-09T23:00:00.000Z,False,True,False,False,,5842,Robert T. Shields Field,2221,FDU Florham,iii,Mid Atlantic,28,"[14, 7, 0, 7]",,,,2970,William Paterson,iii,New Jersey,21,"[0, 7, 7, 7]",,,,,,,
401438607,2022,2,regular,2022-09-09T23:00:00.000Z,False,True,False,False,,5637,Vendetti Field,2884,Nichols,iii,Commonwealth Coast,71,"[20, 14, 23, 14]",,,,110438,Dean,iii,ECFC,55,"[20, 8, 14, 13]",,,,,,,
401415613,2022,2,regular,2022-09-09T23:30:00.000Z,False,True,False,False,44412,3652,FBC Mortgage Stadium,2116,UCF,fbs,American Athletic,14,"[7, 7, 0, 0]",0.15970772504806519,1569,1552,97,Louisville,fbs,ACC,20,"[7, 0, 10, 3]",0.8402922749519348,1489,1506,5.697733733473015,,,
401415214,2022,2,regular,2022-09-10T01:00:00.000Z,False,True,False,True,16157,3971,University Stadium (NM),167,New Mexico,fbs,Mountain West,14,"[0, 0, 0, 14]",0.007395752239972353,1229,1226,68,Boise State,fbs,Mountain West,31,"[0, 10, 7, 14]",0.9926042477600276,1615,1618,4.038829611600143,,,
401445816,2022,2,regular,2022-09-10T16:00:00.000Z,False,True,False,False,,3623,Arthur J. Rooney Athletic Field,2184,Duquesne,fcs,NEC,34,"[0, 17, 7, 10]",,,,2646,Thomas More,,,14,"[0, 0, 0, 14]",,,,,,,
401411105,2022,2,regular,2022-09-10T16:00:00.000Z,False,True,False,False,46422,3948,Hard Rock Stadium,2390,Miami,fbs,ACC,30,"[3, 7, 14, 6]",0.9866989254951477,1570,1596,2572,Southern Miss,fbs,Sun Belt,7,"[0, 7, 0, 0]",0.013301074504852295,1280,1254,4.069713392038757,,,
401432572,2022,2,regular,2022-09-10T16:00:00.000Z,False,True,False,True,,5855,Charles A. Henry Field,2274,Hiram,iii,North Coast,21,"[0, 14, 7, 0]",,,,2748,Wooster,iii,North Coast,49,"[14, 7, 21, 7]",,,,,,,
401431170,2022,2,regular,2022-09-10T16:00:00.000Z,False,True,False,False,,5794,Caparso Field,15,Anna Maria College,iii,ECFC,63,"[14, 28, 14, 7]",,,,379,UMass Dartmouth,iii,MSCAC,48,"[0, 13, 14, 21]",,,,,,,
401432127,2022,2,regular,2022-09-10T16:00:00.000Z,False,True,False,True,,6063,Mueller Field,587,Notre Dame College,ii,Mountain East,27,"[17, 3, 7, 0]",,,,112335,Wheeling,ii,Mountain East,14,"[7, 0, 0, 7]",,,,,,,
401403868,2022,2,regular,2022-09-10T16:00:00.000Z,False,True,False,False,105213,3910,DKR-Texas Memorial Stadium,251,Texas,fbs,Big 12,19,"[3, 7, 3, 6]",0.5876246690750122,1700,1716,333,Alabama,fbs,SEC,20,"[10, 0, 0, 10]",0.4123753309249878,2089,2073,6.527319089176115,,,
401403879,2022,2,regular,2022-09-10T16:00:00.000Z,False,True,False,False,24431,3973,FirstBank Stadium,238,Vanderbilt,fbs,SEC,25,"[3, 7, 8, 7]",0.023379962891340256,1431,1403,154,Wake Forest,fbs,ACC,45,"[14, 7, 14, 10]",0.9766200371086597,1640,1668,3.7668824177621083,,,
401405071,2022,2,regular,2022-09-10T16:00:00.000Z,False,True,False,False,43859,3953,Huntington Bank Stadium,135,Minnesota,fbs,Big Ten,62,"[14, 17, 21, 10]",0.9921090006828308,1710,1710,2710,Western Illinois,fcs,MVFC,10,"[3, 0, 0, 7]",0.00789099931716919,,,3.2992590085209668,,,
401438666,2022,2,regular,2022-09-10T16:00:00.000Z,False,True,False,False,,6095,Sabine Field at Haynes Family Stadium,2467,Norwich,iii,NEWMAC,19,"[7, 6, 6, 0]",,,,2779,St. Lawrence,iii,Liberty League,30,"[14, 9, 0, 7]",,,,,,,
401431051,2022,2,regular,2022-09-10T16:00:00.000Z,False,True,False,False,,3995,Dr. John W. Winkin Sports Complex,2280,Husson,iii,Commonwealth Coast,0,"[0, 0, 0, 0]",,,,2972,Plymouth State,iii,MSCAC,17,"[0, 7, 0, 10]",,,,,,,
401405073,2022,2,regular,2022-09-10T16:00:00.000Z,False,True,False,False,24622,3911,Ryan Field,77,Northwestern,fbs,Big Ten,23,"[0, 10, 6, 7]",0.02624322846531868,1381,1353,150,Duke,fbs,ACC,31,"[14, 7, 0, 10]",0.9737567715346813,1240,1268,6.308992896764882,,,
401411103,2022,2,regular,2022-09-10T16:00:00.000Z,False,True,False,False,17687,4246,Center Parc Stadium,2247,Georgia State,fbs,Sun Belt,28,"[3, 7, 18, 0]",0.8690646886825562,1468,1462,153,North Carolina,fbs,ACC,35,"[7, 14, 7, 7]",0.13093531131744385,1563,1569,6.720512801354108,,,
401431108,2022,2,regular,2022-09-10T16:00:00.000Z,False,True,False,False,,5788,Merrill Field at Yunevich Stadium,365,Alfred,iii,Empire 8,37,"[13, 10, 6, 8]",,,,2419,Mount St Joseph,iii,Heartland,43,"[16, 14, 10, 3]",,,,,,,
401432589,2022,2,regular,2022-09-10T16:00:00.000Z,False,True,False,False,,6096,Austin E. Knowlton Athletics Complex,391,Oberlin,iii,North Coast,35,"[0, 7, 7, 21]",,,,111674,Alvernia,iii,Mid Atlantic,38,"[7, 14, 7, 10]",,,,,,,
401432694,2022,2,regular,2022-09-10T16:00:00.000Z,False,True,False,True,,6101,"Memorial Stadium (Westerville, OH)",359,Otterbein,iii,Ohio,7,"[0, 0, 7, 0]",,,,191,Heidelberg,iii,Ohio,34,"[7, 14, 6, 7]",,,,,,,
401435064,2022,2,regular,2022-09-10T16:00:00.000Z,False,True,False,False,,3675,Charles A. Gaetano Stadium,390,Utica,iii,Empire 8,21,"[7, 0, 7, 7]",,,,2871,Kean,iii,New Jersey,15,"[2, 2, 0, 11]",,,,,,,
401439519,2022,2,regular,2022-09-10T16:00:00.000Z,False,True,False,False,,3819,Bowditch Field,2967,Framingham State,iii,MSCAC,31,"[7, 7, 0, 17]",,,,374,St. John Fisher,iii,Empire 8,20,"[14, 0, 0, 6]",,,,,,,
401441941,2022,2,regular,2022-09-10T16:00:00.000Z,False,True,False,False,,5125,Stadium Red Field,2782,SUNY Cortland,iii,Empire 8,63,"[20, 24, 16, 3]",,,,2442,The College of New Jersey,iii,New Jersey,7,"[0, 0, 7, 0]",,,,,,,
401403876,2022,2,regular,2022-09-10T16:00:00.000Z,False,True,False,False,51806,3636,Bill Snyder Family Stadium,2306,Kansas State,fbs,Big 12,40,"[7, 13, 6, 14]",0.9959436058998108,1616,1671,142,Missouri,fbs,SEC,12,"[3, 0, 3, 6]",0.004056394100189209,1465,1410,2.5564447376073964,,,
401405080,2022,2,regular,2022-09-10T16:00:00.000Z,False,True,False,False,107306,3632,Beaver Stadium,213,Penn State,fbs,Big Ten,46,"[14, 12, 14, 6]",0.978560209274292,1674,1737,195,Ohio,fbs,Mid-American,10,"[0, 7, 0, 3]",0.021439790725708008,1371,1308,2.4627905377052537,,,
401441263,2022,2,regular,2022-09-10T16:00:00.000Z,False,True,False,False,,6085,Sprague Field,2818,Montclair State,iii,New Jersey,6,"[0, 0, 0, 6]",,,,2808,Delaware Valley,iii,Mid Atlantic,14,"[7, 0, 0, 7]",,,,,,,
401432988,2022,2,regular,2022-09-10T16:00:00.000Z,False,True,False,True,,4432,Andre Reed Stadium,2315,Kutztown,ii,Pennsylvania State Athletic,24,"[7, 0, 0, 17]",,,,2858,California (PA),ii,Pennsylvania State Athletic,19,"[7, 3, 3, 6]",,,,,,,
401431187,2022,2,regular,2022-09-10T16:00:00.000Z,False,True,False,False,,5786,Sprankle-Sprandel Stadium,2790,Albion,iii,Michigan,51,"[14, 17, 10, 10]",,,,2074,Bluffton,iii,Heartland,2,"[0, 0, 0, 2]",,,,,,,
401433030,2022,2,regular,2022-09-10T16:00:00.000Z,False,True,False,True,,4431,Chryst Field at Biemesderfer Stadium,210,Millersville,ii,Pennsylvania State Athletic,10,"[0, 3, 0, 7]",,,,367,Gannon,ii,Pennsylvania State Athletic,16,"[2, 7, 7, 0]",,,,,,,
401403869,2022,2,regular,2022-09-10T16:00:00.000Z,False,True,False,True,72437,3887,Razorback Stadium,8,Arkansas,fbs,SEC,44,"[7, 14, 0, 23]",0.9731941223144531,1646,1665,2579,South Carolina,fbs,SEC,30,"[3, 6, 7, 14]",0.026805877685546875,1540,1521,3.7392828655693404,,,
401433044,2022,2,regular,2022-09-10T16:00:00.000Z,False,True,False,True,,5133,Ram Stadium (WV),2974,Shepherd,ii,Pennsylvania State Athletic,41,"[21, 7, 7, 6]",,,,2205,Edinboro,ii,Pennsylvania State Athletic,7,"[0, 7, 0, 0]",,,,,,,
401456475,2022,2,regular,2022-09-10T16:00:00.000Z,False,True,False,False,,4015,Barron Stadium,2560,Shorter,ii,Gulf South,34,"[7, 21, 0, 6]",,,,2107,Catawba,ii,South Atlantic,21,"[7, 7, 0, 7]",,,,,,,
401433053,2022,2,regular,2022-09-10T16:00:00.000Z,False,True,False,True,,4427,John A. Farrell Stadium,223,West Chester,ii,Pennsylvania State Athletic,14,"[0, 7, 0, 7]",,,,215,Slippery Rock,ii,Pennsylvania State Athletic,35,"[7, 7, 7, 14]",,,,,,,
401426553,2022,2,regular,2022-09-10T16:00:00.000Z,False,True,False,False,23551,3841,Michie Stadium,349,Army,fbs,FBS Independents,38,"[7, 14, 7, 7, 3]",0.32779839634895325,1534,1527,2636,UTSA,fbs,Conference USA,41,"[0, 14, 7, 14, 6]",0.6722016036510468,1515,1522,7.608895961703425,,,
401405079,2022,2,regular,2022-09-10T16:00:00.000Z,False,True,False,False,100067,3861,Ohio Stadium,194,Ohio State,fbs,Big Ten,45,"[14, 10, 21, 0]",0.9920116662979126,1944,1957,2032,Arkansas State,fbs,Sun Belt,12,"[3, 6, 3, 0]",0.007988333702087402,1262,1249,3.6385726789090214,,,
401445801,2022,2,regular,2022-09-10T16:00:00.000Z,False,True,True,False,,,,125974,Hilbert,iii,North Coast,0,"[0, 0, 0, 0]",,,,2171,Denison,iii,North Coast,63,"[21, 21, 7, 14]",,,,,,,
401438686,2022,2,regular,2022-09-10T16:00:00.000Z,False,True,False,False,,6119,Stagg Field,81,Springfield,iii,NEWMAC,35,"[14, 0, 14, 7]",,,,2827,Rowan,iii,New Jersey,38,"[7, 14, 3, 14]",,,,,,,
401432146,2022,2,regular,2022-09-10T16:00:00.000Z,False,True,False,True,,6060,Grace P. Johnson Stadium,2882,UNC Pembroke,ii,Mountain East,50,"[14, 15, 7, 14]",,,,455,West Virginia Wesleyan,ii,Mountain East,26,"[0, 0, 12, 14]",,,,,,,
401411106,2022,2,regular,2022-09-10T16:30:00.000Z,False,True,False,False,54169,3670,Carter-Finley Stadium,152,NC State,fbs,ACC,55,"[10, 28, 10, 7]",0.9884532690048218,1630,1630,2127,Charleston Southern,fcs,Big South,3,"[0, 0, 3, 0]",0.011546730995178223,,,2.44681114346869,,,
401431207,2022,2,regular,2022-09-10T17:00:00.000Z,False,True,False,False,,5904,Angell Field,126,Kalamazoo,iii,Michigan,24,"[0, 17, 7, 0]",,,,352,Kenyon,iii,North Coast,21,"[7, 7, 0, 7]",,,,,,,
401443110,2022,2,regular,2022-09-10T17:00:00.000Z,False,True,False,True,,6089,Scotty Wood Stadium,2422,Muhlenberg,iii,Centennial,34,"[10, 17, 7, 0]",,,,2175,Dickinson,iii,Centennial,21,"[0, 7, 7, 7]",,,,,,,
401431822,2022,2,regular,2022-09-10T17:00:00.000Z,False,True,False,True,,3731,Frost-Kalnow Stadium,2838,Tiffin,ii,Great Midwest Athletic,28,"[7, 7, 7, 7]",,,,2477,Ohio Dominican,ii,Great Midwest Athletic,13,"[0, 13, 0, 0]",,,,,,,
401429851,2022,2,regular,2022-09-10T17:00:00.000Z,False,True,False,False,,3885,Harvey Randall Wickes Memorial Stadium,129,Saginaw Valley State,ii,GLIAC,40,"[14, 2, 14, 10]",,,,2075,Bowie State,ii,CIAA,12,"[0, 6, 6, 0]",,,,,,,
401436998,2022,2,regular,2022-09-10T17:00:00.000Z,False,True,False,True,,6124,Amos Alonzo Stagg Field (PA),216,Susquehanna,iii,Centennial,39,"[15, 17, 7, 0]",,,,2234,Franklin & Marshall,iii,Centennial,36,"[7, 0, 13, 16]",,,,,,,
401437208,2022,2,regular,2022-09-10T17:00:00.000Z,False,True,False,False,,6087,Drake Field (NY),3110,SUNY Morrisville,iii,Empire 8,24,"[0, 21, 0, 3]",,,,174,Hobart,iii,Liberty League,13,"[0, 3, 3, 7]",,,,,,,
401432544,2022,2,regular,2022-09-10T17:00:00.000Z,False,True,False,False,,5848,Hotchkiss Field,417,Gallaudet,iii,ECFC,31,"[3, 7, 7, 14]",,,,2256,Greensboro,iii,USA South,14,"[0, 0, 7, 7]",,,,,,,
401432530,2022,2,regular,2022-09-10T17:00:00.000Z,False,True,False,True,,6086,Rocco Calvo Field,323,Moravian,iii,Centennial,43,"[21, 13, 3, 6]",,,,2248,Gettysburg,iii,Centennial,28,"[0, 7, 7, 14]",,,,,,,
401432525,2022,2,regular,2022-09-10T17:00:00.000Z,False,True,False,False,,4854,Perkins Stadium,2745,Wisconsin Whitewater,iii,Wisconsin,28,"[7, 7, 7, 7]",,,,2371,Mary Hardin Baylor,iii,American Southwest,24,"[7, 3, 14, 0]",,,,,,,
401432552,2022,2,regular,2022-09-10T17:00:00.000Z,False,True,False,False,,5862,Butterfield Stadium,175,Ithaca,iii,Liberty League,24,"[17, 0, 7, 0]",,,,2781,Brockport,iii,Empire 8,0,"[0, 0, 0, 0]",,,,,,,
401431086,2022,2,regular,2022-09-10T17:00:00.000Z,False,True,False,False,,5123,Little Giant Stadium,89,Wabash,iii,North Coast,12,"[0, 12, 0, 0]",,,,3071,North Central College,iii,CCIW,56,"[21, 7, 7, 21]",,,,,,,
401432758,2022,2,regular,2022-09-10T17:00:00.000Z,False,True,False,True,,6140,John F. Wiley Stadium,2845,Waynesburg,iii,Presidents',31,"[0, 10, 7, 14]",,,,2963,Case Western Reserve,iii,Presidents',45,"[14, 7, 10, 14]",,,,,,,
401430686,2022,2,regular,2022-09-10T17:00:00.000Z,False,True,False,False,,4749,McPherson Memorial Stadium,2119,Central State,ii,SIAC,21,"[0, 7, 0, 14]",,,,2339,Lincoln (PA),ii,CIAA,26,"[0, 0, 14, 12]",,,,,,,
401445123,2022,2,regular,2022-09-10T17:00:00.000Z,False,True,False,True,,5902,Knox Stadium,246,Juniata,iii,Centennial,19,"[0, 13, 6, 0]",,,,2700,McDaniel,iii,Centennial,35,"[3, 13, 6, 13]",,,,,,,
401439527,2022,2,regular,2022-09-10T17:00:00.000Z,False,True,False,False,,6134,Frank Bailey Field,237,Union,iii,Liberty League,76,"[27, 27, 14, 8]",,,,402,Worcester State,iii,MSCAC,7,"[7, 0, 0, 0]",,,,,,,
401438226,2022,2,regular,2022-09-10T17:00:00.000Z,False,True,False,False,,3663,Burke-Tarr Stadium,2105,Carson Newman,ii,South Atlantic,27,"[3, 10, 14, 0]",,,,112334,Franklin Pierce,ii,Northeast 10,6,"[0, 6, 0, 0]",,,,,,,
401432766,2022,2,regular,2022-09-10T17:00:00.000Z,False,True,False,True,,5864,Robert E. Thorn Field,146,Grove City,iii,Presidents',55,"[7, 13, 7, 28]",,,,2242,Geneva,iii,Presidents',17,"[10, 0, 0, 7]",,,,,,,
401432120,2022,2,regular,2022-09-10T17:00:00.000Z,False,True,False,True,,3642,Bobcat Stadium (MD),341,Frostburg State,ii,Mountain East,18,"[0, 0, 3, 15]",,,,2707,West Virginia State,ii,Mountain East,7,"[7, 0, 0, 0]",,,,,,,
401431151,2022,2,regular,2022-09-10T17:00:00.000Z,False,True,False,True,,3621,Arnold Field (PA),388,Lebanon Valley,iii,Mid Atlantic,20,"[7, 7, 6, 0]",,,,2354,Lycoming,iii,Mid Atlantic,21,"[7, 0, 7, 7]",,,,,,,
401424423,2022,2,regular,2022-09-10T17:00:00.000Z,False,True,False,False,,6043,Bethpage Federal Credit Union Stadium,2341,Long Island University,fcs,NEC,21,"[0, 7, 0, 14]",,,,222,Villanova,fcs,CAA,38,"[3, 14, 14, 7]",,,,,,,
401431211,2022,2,regular,2022-09-10T17:00:00.000Z,False,True,False,False,,6100,Cutler Field,354,Olivet,iii,Michigan,54,"[28, 14, 0, 12]",,,,101,Eureka,iii,NACC,14,"[0, 0, 7, 7]",,,,,,,
401456234,2022,2,regular,2022-09-10T17:00:00.000Z,False,True,False,False,,3747,Hantz Stadium,2886,Northwood,ii,Great Midwest Athletic,38,"[14, 14, 0, 10]",,,,126146,Madonna,,,0,"[0, 0, 0, 0]",,,,,,,
401431815,2022,2,regular,2022-09-10T17:00:00.000Z,False,True,False,False,,3950,Superior Dome,128,Northern Michigan,ii,GLIAC,13,"[3, 7, 0, 3]",,,,271,Wisconsin Oshkosh,iii,Wisconsin,10,"[0, 3, 7, 0]",,,,,,,
401431979,2022,2,regular,2022-09-10T17:00:00.000Z,False,True,False,False,,5220,Garrison Stadium,2804,Chowan,ii,CIAA,21,"[7, 14, 0, 0]",,,,2839,Tusculum,ii,South Atlantic,23,"[14, 6, 3, 0]",,,,,,,
401438177,2022,2,regular,2022-09-10T17:00:00.000Z,False,True,False,False,,6053,Robinson-Hale Stadium,2401,Mississippi College,ii,Gulf South,26,"[19, 0, 0, 7]",,,,126110,Keiser University,,,8,"[0, 0, 0, 8]",,,,,,,
401430723,2022,2,regular,2022-09-10T17:00:00.000Z,False,True,False,False,,6068,George Williams Athletic Complex,395,St. Augustine's,ii,CIAA,14,[],,,,2336,Limestone,ii,South Atlantic,73,[],,,,,,,
401441952,2022,2,regular,2022-09-10T17:00:00.000Z,False,True,False,False,,6143,Golden Bear Stadium,2702,Western New England,iii,Commonwealth Coast,38,"[28, 10, 0, 0]",,,,2909,Westfield State,iii,MSCAC,14,"[0, 0, 7, 7]",,,,,,,
401432718,2022,2,regular,2022-09-10T17:00:00.000Z,False,True,False,False,,5896,Lewis C. Everett Stadium,297,Hampden Sydney,iii,Old Dominion,27,"[14, 0, 6, 7]",,,,2725,Widener,iii,Mid Atlantic,31,"[7, 7, 3, 14]",,,,,,,
401441946,2022,2,regular,2022-09-10T17:00:00.000Z,False,True,False,False,,6083,Mangelsdorf Field,2969,Misericordia,iii,Mid Atlantic,38,"[10, 0, 14, 14]",,,,122774,Keystone,iii,ECFC,20,"[0, 6, 0, 14]",,,,,,,
401439532,2022,2,regular,2022-09-10T17:00:00.000Z,False,True,False,False,,3851,Mustang Stadium,471,Stevenson,iii,Mid Atlantic,35,"[14, 7, 0, 14]",,,,2532,Salisbury,iii,New Jersey,21,"[0, 21, 0, 0]",,,,,,,
401460113,2022,2,regular,2022-09-10T17:00:00.000Z,False,True,False,False,,5926,Henry G. Steinbrenner '27 Stadium,109,MIT,iii,NEWMAC,10,"[0, 7, 0, 3]",,,,2776,Salve Regina,iii,Commonwealth Coast,13,"[0, 0, 7, 6]",,,,,,,
401437185,2022,2,regular,2022-09-10T17:00:00.000Z,False,True,False,True,,6058,Ralph F. DellaCamera Stadium,2441,New Haven,ii,Northeast 10,31,"[10, 7, 0, 14]",,,,2583,Southern Connecticut State,ii,Northeast 10,26,"[13, 0, 0, 13]",,,,,,,
401437045,2022,2,regular,2022-09-10T17:00:00.000Z,False,True,True,True,,3720,Finley Stadium,2232,Fort Valley State,ii,SIAC,9,"[0, 6, 3, 0]",,,,2310,Kentucky State,ii,SIAC,7,"[0, 0, 7, 0]",,,,,,,
401416597,2022,2,regular,2022-09-10T17:00:00.000Z,False,True,False,False,17205,3786,Kelly/Shorts Stadium,2117,Central Michigan,fbs,Mid-American,24,"[7, 3, 0, 14]",0,1528,1477,6,South Alabama,fbs,Sun Belt,38,"[20, 11, 0, 7]",1,1351,1402,4.341841522962735,,,
401435132,2022,2,regular,2022-09-10T17:00:00.000Z,False,True,False,False,,6202,Cardinal Stadium (DC),2108,Catholic,iii,NEWMAC,7,"[0, 7, 0, 0]",,,,2516,Randolph Macon,iii,Old Dominion,41,"[6, 14, 7, 14]",,,,,,,
401433071,2022,2,regular,2022-09-10T17:00:00.000Z,False,True,False,False,,5877,Lyle Hare Stadium,2069,Black Hills State,ii,Rocky Mountain,38,"[14, 10, 0, 14]",,,,2911,William Jewell,ii,Great Lakes,19,"[0, 6, 6, 7]",,,,,,,
401432111,2022,2,regular,2022-09-10T17:00:00.000Z,False,True,False,True,,3667,Callaghan Stadium,2148,Concord,ii,Mountain East,21,"[0, 7, 7, 7]",,,,2249,Glenville State,ii,Mountain East,7,"[0, 0, 7, 0]",,,,,,,
401431128,2022,2,regular,2022-09-10T17:00:00.000Z,False,True,False,False,,5787,Docking Stadium,2003,Adrian,iii,Michigan,33,"[0, 10, 0, 23]",,,,2262,Hanover,iii,Heartland,0,"[0, 0, 0, 0]",,,,,,,
401460111,2022,2,regular,2022-09-10T17:00:00.000Z,False,True,False,False,,5636,Wright Stadium,173,Hartwick,iii,Empire 8,10,"[0, 10, 0, 0]",,,,247,King's,iii,Mid Atlantic,17,"[0, 0, 7, 10]",,,,,,,
401432709,2022,2,regular,2022-09-10T17:00:00.000Z,False,True,False,False,,5843,W.B. Adams Stadium,366,Ferrum,iii,Old Dominion,3,"[3, 0, 0, 0]",,,,332,Muskingum,iii,Ohio,31,"[14, 0, 7, 10]",,,,,,,
401430952,2022,2,regular,2022-09-10T17:00:00.000Z,False,True,False,False,,3755,Ray and Sue Smith Stadium,2812,Hope,iii,Michigan,33,"[3, 7, 14, 9]",,,,2141,Coe,iii,American Rivers,24,"[7, 7, 3, 7]",,,,,,,
401431405,2022,2,regular,2022-09-10T17:00:00.000Z,False,True,False,False,,3627,Bailey Memorial Stadium,2506,Presbyterian,fcs,Pioneer,21,"[0, 7, 7, 7]",0.9542810320854187,,,2355,Virginia Lynchburg,,,13,"[7, 0, 0, 6]",0.0457189679145813,,,6.732392835422635,,,
401432749,2022,2,regular,2022-09-10T17:00:00.000Z,False,True,False,False,,6107,ECAV Stadium,2528,Rensselaer,iii,Liberty League,7,"[0, 0, 0, 7]",,,,2102,Carnegie Mellon,iii,Presidents',10,"[3, 0, 0, 7]",,,,,,,
401431319,2022,2,regular,2022-09-10T17:00:00.000Z,False,True,False,False,,5826,Concordia Stadium,2151,Concordia Chicago,iii,NACC,45,"[10, 14, 7, 14]",,,,109418,Finlandia University,iii,Upper Midwest,7,"[0, 0, 0, 7]",,,,,,,
401442043,2022,2,regular,2022-09-10T17:00:00.000Z,False,True,False,False,,6075,W.B. Mason Stadium,284,Stonehill,fcs,NEC,76,"[41, 14, 21, 0]",,,,126086,Post,ii,Independent DII,0,"[0, 0, 0, 0]",,,,,,,
401424421,2022,2,regular,2022-09-10T17:00:00.000Z,False,True,False,False,,3607,Alfond Stadium,311,Maine,fcs,CAA,18,"[0, 0, 3, 15]",0.4219069182872772,,,2142,Colgate,fcs,Patriot,21,"[0, 7, 7, 7]",0.5780930817127228,,,9.238410019613767,,,
401432791,2022,2,regular,2022-09-10T17:00:00.000Z,False,True,False,True,,6146,Memorial Field (PA),2849,Westminster (PA),iii,Presidents',42,"[14, 14, 7, 7]",,,,2062,Bethany (WV),iii,Presidents',3,"[3, 0, 0, 0]",,,,,,,
401432741,2022,2,regular,2022-09-10T17:00:00.000Z,False,True,False,False,,6128,Alumni Stadium (PA),2644,Thiel,iii,Presidents',6,"[0, 6, 0, 0]",,,,2018,Allegheny,iii,Presidents',34,"[6, 13, 8, 7]",,,,,,,
401431030,2022,2,regular,2022-09-10T17:00:00.000Z,False,True,False,True,,6136,Patterson Field,2667,Ursinus,iii,Centennial,29,"[7, 0, 19, 3]",,,,118,Johns Hopkins,iii,Centennial,36,"[7, 14, 8, 7]",,,,,,,
401433037,2022,2,regular,2022-09-10T17:00:00.000Z,False,True,False,True,,4429,Seth Grove Stadium,2559,Shippensburg,ii,Pennsylvania State Athletic,36,"[7, 17, 6, 6]",,,,611,Seton Hill,ii,Pennsylvania State Athletic,17,"[3, 7, 7, 0]",,,,,,,
401431060,2022,2,regular,2022-09-10T17:00:00.000Z,False,True,False,False,,6135,Blue Storm Stadium,111675,New England,iii,Commonwealth Coast,38,"[21, 10, 0, 7]",,,,18,Bridgewater State,iii,MSCAC,23,"[3, 0, 13, 7]",,,,,,,
401432734,2022,2,regular,2022-09-10T17:00:00.000Z,False,True,False,False,,3823,Hardee-McGee Field,2553,Sewanee,iii,Southern Athletic,0,"[0, 0, 0, 0]",,,,2688,Washington and Lee,iii,Old Dominion,44,"[10, 14, 0, 20]",,,,,,,
401432780,2022,2,regular,2022-09-10T17:00:00.000Z,False,True,False,True,,3677,Chuck Noll Field,2614,Saint Vincent,iii,Presidents',21,"[0, 14, 0, 7]",,,,2686,Washington & Jefferson,iii,Presidents',52,"[21, 7, 17, 7]",,,,,,,
401424403,2022,2,regular,2022-09-10T17:00:00.000Z,False,True,False,False,,5389,Kessler Stadium,2405,Monmouth,fcs,CAA,49,"[20, 6, 9, 14]",0.1548379808664322,,,2230,Fordham,fcs,Patriot,52,"[7, 21, 10, 14]",0.8451620191335678,,,8.03793577060652,,,
401433116,2022,2,regular,2022-09-10T17:00:00.000Z,False,True,False,False,,6553,Helen and Leonard Moretz Stadium,2331,Lenoir Rhyne,ii,South Atlantic,5,"[2, 3, 0, 0]",,,,2222,Ferris State,ii,GLIAC,27,"[7, 6, 14, 0]",,,,,,,
401431041,2022,2,regular,2022-09-10T17:30:00.000Z,False,True,False,False,,5822,Cadet Memorial Field,2557,Coast Guard,iii,NEWMAC,22,"[10, 0, 12, 0]",,,,40,Curry,iii,Commonwealth Coast,16,"[6, 7, 0, 3]",,,,,,,
401432662,2022,2,regular,2022-09-10T17:30:00.000Z,False,True,False,True,,6152,Wiliams Stadium (OH),2733,Wilmington (OH),iii,Ohio,12,"[3, 7, 0, 2]",,,,188,Baldwin Wallace,iii,Ohio,13,"[0, 7, 6, 0]",,,,,,,
401422972,2022,2,regular,2022-09-10T17:30:00.000Z,False,True,False,False,,3597,Alumni Memorial Field,2678,VMI,fcs,Southern,24,"[14, 7, 3, 0]",,,,2083,Bucknell,fcs,Patriot,14,"[0, 0, 6, 8]",,,,,,,
401403982,2022,2,regular,2022-09-10T17:30:00.000Z,False,True,False,False,51531,587,Rice-Eccles Stadium,254,Utah,fbs,Pac-12,73,"[7, 38, 14, 14]",0.9947159290313721,1781,1781,253,Southern Utah,fcs,Western Athletic,7,"[7, 0, 0, 0]",0.00528407096862793,,,1.4123219083668497,,,
401428484,2022,2,regular,2022-09-10T18:00:00.000Z,False,True,False,False,,5116,O'Shaughnessy Stadium,2900,St. Thomas (MN),fcs,Pioneer,32,"[6, 20, 6, 0]",0.9837108254432678,,,2392,Michigan Tech,ii,GLIAC,6,"[3, 0, 0, 3]",0.016289174556732178,,,7.096409402163719,,,
401438673,2022,2,regular,2022-09-10T18:00:00.000Z,False,True,False,False,,5800,Jopson Athletic Complex,2079,Bridgewater,iii,Old Dominion,58,"[0, 28, 21, 9]",,,,2896,Southern Virginia,iii,USA South,10,"[0, 10, 0, 0]",,,,,,,
401416594,2022,2,regular,2022-09-10T18:00:00.000Z,False,True,False,True,12972,3919,Scheumann Stadium,2050,Ball State,fbs,Mid-American,30,"[10, 6, 7, 7]",0.3702835142612457,1294,1295,2711,Western Michigan,fbs,Mid-American,37,"[7, 7, 7, 16]",0.6297164857387543,1488,1487,7.959072795295032,,,
401415614,2022,2,regular,2022-09-10T18:00:00.000Z,False,True,False,False,18430,3806,Lincoln Financial Field,218,Temple,fbs,American Athletic,30,"[7, 14, 0, 9]",0.9336112141609192,1030,1030,322,Lafayette,fcs,Patriot,14,"[7, 0, 7, 0]",0.06638878583908081,,,5.232290026196756,,,
401433409,2022,2,regular,2022-09-10T18:00:00.000Z,False,True,False,False,,5996,Wilford Moore Stadium,241,McMurry,iii,American Southwest,13,"[10, 0, 0, 3]",,,,2398,Millsaps,iii,Southern Athletic,27,"[14, 0, 6, 7]",,,,,,,
401435108,2022,2,regular,2022-09-10T18:00:00.000Z,False,True,False,True,,5858,England Stadium,2286,Illinois College,iii,Midwest,14,"[0, 0, 7, 7]",,,,80,Chicago,iii,Midwest,40,"[6, 7, 20, 7]",,,,,,,
401431118,2022,2,regular,2022-09-10T18:00:00.000Z,False,True,False,False,,5797,Vago Field,2044,Aurora,iii,NACC,49,"[7, 14, 14, 14]",,,,2233,Franklin,iii,Heartland,16,"[0, 10, 3, 3]",,,,,,,
401435054,2022,2,regular,2022-09-10T18:00:00.000Z,False,True,False,False,,5944,Ray Dennison Memorial Field,2237,Fort Lewis,ii,Rocky Mountain,12,"[0, 9, 3, 0]",,,,108358,Phoenix,,,52,"[21, 7, 3, 21]",,,,,,,
401435188,2022,2,regular,2022-09-10T18:00:00.000Z,False,True,False,False,,5798,Jerry E. Apple Stadium,2045,Austin,iii,American Southwest,7,"[0, 0, 0, 7]",,,,2519,Rhodes,iii,Southern Athletic,23,"[3, 3, 7, 10]",,,,,,,
401431526,2022,2,regular,2022-09-10T18:00:00.000Z,False,True,False,False,,3860,O'Harra Stadium,613,South Dakota Mines,ii,Rocky Mountain,20,"[6, 0, 0, 14]",,,,2654,Truman State,ii,Great Lakes,27,"[13, 7, 0, 7]",,,,,,,
401423152,2022,2,regular,2022-09-10T18:00:00.000Z,False,True,False,False,,3701,Drake Stadium,2181,Drake,fcs,Pioneer,14,"[0, 0, 7, 7, 0]",0.28701862692832947,,,2402,Missouri S&T,ii,Great Lakes,17,"[0, 7, 7, 0, 3]",0.7129813730716705,,,9.257033557770043,,,
401432961,2022,2,regular,2022-09-10T18:00:00.000Z,False,True,False,False,,6070,Bob Young Field,2894,Sioux Falls,ii,Northern Sun,34,"[17, 3, 0, 14]",,,,568,Minot State,ii,Northern Sun,0,"[0, 0, 0, 0]",,,,,,,
401432511,2022,2,regular,2022-09-10T18:00:00.000Z,False,True,False,False,,5817,Ron and Joyce Schipper Stadium,2964,Central College,iii,American Rivers,31,"[0, 21, 0, 10]",,,,2738,Wisconsin Eau Claire,iii,Wisconsin,13,"[0, 7, 0, 6]",,,,,,,
401432437,2022,2,regular,2022-09-10T18:00:00.000Z,False,True,False,True,,5780,Altra Federal Credit Union Stadium,2851,Winona State,ii,Northern Sun,25,"[7, 2, 13, 3]",,,,559,University of Mary,ii,Northern Sun,17,"[14, 0, 3, 0]",,,,,,,
401432811,2022,2,regular,2022-09-10T18:00:00.000Z,False,True,False,False,,5897,Francis Field (MO),143,Washington St. Louis,iii,CCIW,52,"[30, 13, 7, 2]",,,,418,Hendrix,iii,Southern Athletic,7,"[0, 7, 0, 0]",,,,,,,
401435104,2022,2,regular,2022-09-10T18:00:00.000Z,False,True,False,False,,5117,Clemens Stadium,2600,Saint John's (MN),iii,Minnesota,37,"[7, 13, 10, 7]",,,,2723,Wisconsin River Falls,iii,Wisconsin,34,"[7, 12, 0, 15]",,,,,,,
401432617,2022,2,regular,2022-09-10T18:00:00.000Z,False,True,False,False,,5859,Tucci Stadium,306,Illinois Wesleyan,iii,CCIW,45,"[0, 28, 10, 7]",,,,2980,Ohio Wesleyan,iii,North Coast,21,"[7, 0, 0, 14]",,,,,,,
401438650,2022,2,regular,2022-09-10T18:00:00.000Z,False,True,False,False,,5638,Dave Wolk Stadium,293,Vermont State Castleton,iii,ECFC,48,"[7, 21, 20, 0]",,,,114,Fitchburg State,iii,MSCAC,0,"[0, 0, 0, 0]",,,,,,,
401431500,2022,2,regular,2022-09-10T18:00:00.000Z,False,True,False,False,,6047,Leemon Field,2816,McKendree,ii,Great Lakes,34,"[0, 14, 7, 13]",,,,2170,Delta State,ii,Gulf South,58,"[7, 28, 14, 9]",,,,,,,
401420823,2022,2,regular,2022-09-10T18:00:00.000Z,False,True,False,False,,844,Stambaugh Stadium,2754,Youngstown State,fcs,MVFC,49,"[21, 7, 7, 14]",1,,,2168,Dayton,fcs,Pioneer,16,"[0, 10, 0, 6]",0,,,2.018143481698987,,,
401431256,2022,2,regular,2022-09-10T18:00:00.000Z,False,True,False,True,,3945,Strong Stadium,266,Beloit,iii,Midwest,14,"[0, 7, 7, 0]",,,,2155,Cornell (IA),iii,Midwest,35,"[7, 7, 14, 7]",,,,,,,
401430922,2022,2,regular,2022-09-10T18:00:00.000Z,False,True,False,False,,5918,Taylor Field,6353,Lakeland,iii,NACC,34,"[0, 13, 21, 0]",,,,63,Buena Vista,iii,American Rivers,41,"[3, 0, 14, 24]",,,,,,,
401430969,2022,2,regular,2022-09-10T18:00:00.000Z,False,True,False,False,,5813,Klein Field at Manitou,133,St. Olaf,iii,Minnesota,55,"[7, 20, 21, 7]",,,,67,Luther,iii,American Rivers,27,"[0, 15, 6, 6]",,,,,,,
401431241,2022,2,regular,2022-09-10T18:00:00.000Z,False,True,False,False,,5895,Klas Field,162,Hamline,iii,Minnesota,34,"[7, 13, 14, 0]",,,,2399,Minnesota Morris,iii,Upper Midwest,21,"[7, 7, 0, 7]",,,,,,,
401431288,2022,2,regular,2022-09-10T18:00:00.000Z,False,True,False,True,,5861,Rosenbloom Field,65,Grinnell,iii,Midwest,0,"[0, 0, 0, 0]",,,,2919,Monmouth (IL),iii,Midwest,48,"[14, 14, 10, 10]",,,,,,,
401432561,2022,2,regular,2022-09-10T18:00:00.000Z,False,True,False,False,,5827,Tomasini Stadium,409,Concordia (WI),iii,NACC,28,"[7, 0, 7, 14]",,,,583,Northwestern (MN),iii,Upper Midwest,14,"[0, 7, 7, 0]",,,,,,,
401432977,2022,2,regular,2022-09-10T18:00:00.000Z,False,True,False,True,,4435,Robert B. Redman Stadium,2071,Bloomsburg,ii,Pennsylvania State Athletic,42,"[14, 7, 14, 7]",,,,2134,Clarion,ii,Pennsylvania State Athletic,3,"[0, 0, 3, 0]",,,,,,,
401432837,2022,2,regular,2022-09-10T18:00:00.000Z,False,True,False,False,,7079,Laird Stadium,2101,Carleton,iii,Minnesota,84,"[35, 21, 21, 7]",,,,509,Crown,iii,Upper Midwest,20,"[8, 6, 6, 0]",,,,,,,
401431302,2022,2,regular,2022-09-10T18:00:00.000Z,False,True,False,False,,6121,Donald J. Schneider Stadium,2832,St. Norbert,iii,NACC,21,"[0, 7, 14, 0]",,,,2743,Wisconsin Stevens Point,iii,Wisconsin,14,"[0, 0, 7, 7]",,,,,,,
401431247,2022,2,regular,2022-09-10T18:00:00.000Z,False,True,False,False,,5911,Ralph E. Davis Pioneer Stadium,272,Wisconsin Platteville,iii,Wisconsin,10,"[7, 3, 0, 0]",,,,2802,Bethel (MN),iii,Minnesota,7,"[0, 0, 7, 0]",,,,,,,
401432393,2022,2,regular,2022-09-10T18:00:00.000Z,False,True,False,True,,5872,Kirkeby-Over Stadium,2043,Augustana (SD),ii,Northern Sun,30,"[9, 7, 7, 7]",,,,132,Bemidji State,ii,Northern Sun,29,"[0, 3, 13, 13]",,,,,,,
401431887,2022,2,regular,2022-09-10T18:00:00.000Z,False,True,False,False,,5883,Marv Kay Stadium at Campbell Field,2146,Colorado School of Mines,ii,Rocky Mountain,27,"[0, 10, 14, 3, 0]",,,,2025,Angelo State,ii,Lone Star,30,"[3, 7, 7, 10, 3]",,,,,,,
401430976,2022,2,regular,2022-09-10T18:00:00.000Z,False,True,True,False,,,,561,Mayville State,,,55,"[14, 14, 7, 13, 7]",,,,6845,Nebraska Wesleyan,iii,American Rivers,48,"[6, 21, 13, 8, 0]",,,,,,,
401435110,2022,2,regular,2022-09-10T18:00:00.000Z,False,True,False,False,,5853,Francis Field (IL),2257,Greenville,iii,Upper Midwest,40,"[7, 7, 17, 9]",,,,2524,Rockford,iii,NACC,30,"[0, 7, 0, 23]",,,,,,,
401432863,2022,2,regular,2022-09-10T18:00:00.000Z,False,True,False,False,,6145,Blue Jay Stadium,433,Westminster (MO),iii,Upper Midwest,6,[],,,,2295,Iowa Wesleyan,,,41,[],,,,,,,
401404125,2022,2,regular,2022-09-10T18:30:00.000Z,False,True,False,False,77622,3855,Notre Dame Stadium,87,Notre Dame,fbs,FBS Independents,21,"[0, 7, 0, 14]",0.10550209134817123,1814,1785,276,Marshall,fbs,Sun Belt,26,"[0, 9, 3, 14]",0.8944979086518288,1548,1577,6.886832632240856,,,
401432384,2022,2,regular,2022-09-10T19:00:00.000Z,False,True,False,True,,6074,Grappone Stadium,2830,Saint Anselm,ii,Northeast 10,56,"[28, 7, 7, 14]",,,,2022,American International,ii,Northeast 10,7,"[0, 0, 7, 0]",,,,,,,
401438681,2022,2,regular,2022-09-10T19:00:00.000Z,False,True,False,False,,6149,McCulloch Stadium,2930,Willamette,iii,Northwest,26,"[7, 0, 6, 13]",,,,2318,La Verne,iii,So. Cal.,14,"[7, 7, 0, 0]",,,,,,,
401431937,2022,2,regular,2022-09-10T19:00:00.000Z,False,True,False,True,,6045,Dwight T. Reed Stadium,2876,Lincoln (MO),ii,Mid America,20,"[6, 0, 7, 7]",,,,138,Northwest Missouri State,ii,Mid America,58,"[7, 23, 7, 21]",,,,,,,
401432340,2022,2,regular,2022-09-10T19:00:00.000Z,False,True,False,True,,6044,Lane Field,2323,Lane College,ii,SIAC,0,"[0, 0, 0, 0]",,,,490,Benedict,ii,SIAC,14,"[0, 0, 7, 7]",,,,,,,
401445794,2022,2,regular,2022-09-10T19:00:00.000Z,False,True,False,False,,5127,Gene L. Shirk Stadium,2015,Albright,iii,Mid Atlantic,14,"[0, 0, 7, 7]",,,,2843,Western Connecticut State,iii,MSCAC,28,"[14, 14, 0, 0]",,,,,,,
401413334,2022,2,regular,2022-09-10T19:30:00.000Z,False,True,False,False,,3987,Washington-Grizzly Stadium,149,Montana,fcs,Big Sky,24,"[13, 0, 9, 2]",1,,,233,South Dakota,fcs,MVFC,7,"[0, 0, 0, 7]",0,,,2.7534661589358356,,,
401413341,2022,2,regular,2022-09-10T19:30:00.000Z,False,True,False,False,,3643,Bobcat Stadium,147,Montana State,fcs,Big Sky,63,"[28, 7, 14, 14]",0.9860459566116333,,,2413,Morehead State,fcs,Pioneer,13,"[0, 3, 3, 7]",0.0139540433883667,,,1.6789391332730224,,,
401403878,2022,2,regular,2022-09-10T19:30:00.000Z,False,True,False,False,92664,3795,Kyle Field,245,Texas A&M,fbs,SEC,14,"[0, 7, 7, 0]",0.2809922397136688,1708,1700,2026,App State,fbs,Sun Belt,17,"[0, 7, 7, 3]",0.7190077602863312,1648,1656,5.375533410862889,,,
401420837,2022,2,regular,2022-09-10T19:30:00.000Z,False,True,False,False,,3714,Fargodome,2449,North Dakota State,fcs,MVFC,43,"[15, 21, 7, 0]",0.9901650547981262,,,2448,North Carolina A&T,fcs,Big South,3,"[3, 0, 0, 0]",0.00983494520187378,,,2.432441699140011,,,
401426545,2022,2,regular,2022-09-10T19:30:00.000Z,False,True,False,False,12614,4418,Jerry Richardson Stadium,2429,Charlotte,fbs,Conference USA,21,"[7, 7, 0, 7]",0.0013111617881804705,1211,1151,120,Maryland,fbs,Big Ten,56,"[21, 14, 14, 7]",0.9986888382118195,1534,1594,3.7836712429415162,,,
401411102,2022,2,regular,2022-09-10T19:30:00.000Z,False,True,False,False,78302,3836,"Memorial Stadium (Clemson, SC)",228,Clemson,fbs,ACC,35,"[14, 14, 7, 0]",0.9666863083839417,1825,1825,231,Furman,fcs,Southern,12,"[3, 6, 3, 0]",0.03331369161605835,,,2.6192685767914763,,,
401403984,2022,2,regular,2022-09-10T19:30:00.000Z,False,True,False,False,74001,347,Camp Randall Stadium,275,Wisconsin,fbs,Big Ten,14,"[0, 14, 0, 0]",0.6939826011657715,1742,1728,265,Washington State,fbs,Pac-12,17,"[0, 7, 10, 0]",0.3060173988342285,1590,1604,5.818365346790411,,,
401403977,2022,2,regular,2022-09-10T19:30:00.000Z,False,True,False,False,33647,3713,Falcon Stadium,2005,Air Force,fbs,Mountain West,41,"[13, 7, 7, 14]",0.9987440664210638,1650,1695,38,Colorado,fbs,Pac-12,10,"[0, 10, 0, 0]",0.0012559335789361636,1326,1281,2.0183975356,,,
401415617,2022,2,regular,2022-09-10T19:30:00.000Z,False,True,False,True,30082,3852,Navy-Marine Corps Memorial Stadium,2426,Navy,fbs,American Athletic,13,"[7, 0, 0, 6]",0.048675570636987686,1403,1342,235,Memphis,fbs,American Athletic,37,"[10, 3, 10, 14]",0.9513244293630123,1427,1488,4.3554135753673915,,,
401415619,2022,2,regular,2022-09-10T19:30:00.000Z,False,True,False,False,37014,3854,Nippert Stadium,2132,Cincinnati,fbs,American Athletic,63,"[7, 14, 21, 21]",0.9988836064827832,1787,1787,338,Kennesaw State,fcs,Atlantic Sun,10,"[0, 3, 0, 7]",0.0011163935172168182,,,2.8433161173,,,
401403877,2022,2,regular,2022-09-10T19:30:00.000Z,False,True,False,False,59785,3752,Acrisure Stadium,221,Pittsburgh,fbs,ACC,27,"[10, 7, 0, 10, 0]",0.4368966221809387,1667,1661,2633,Tennessee,fbs,SEC,34,"[7, 17, 0, 3, 7]",0.5631033778190613,1756,1762,7.4370516221793475,,,
401429861,2022,2,regular,2022-09-10T20:00:00.000Z,False,True,True,True,,7080,Rocky Mount Athletic Complex,2207,Elizabeth City State,ii,CIAA,0,"[0, 0, 0, 0]",,,,2940,Livingstone,ii,CIAA,19,"[0, 7, 6, 6]",,,,,,,
401405078,2022,2,regular,2022-09-10T20:00:00.000Z,False,True,False,False,70079,3936,Spartan Stadium,127,Michigan State,fbs,Big Ten,52,"[14, 10, 28, 0]",0.9540671706199646,1613,1700,2006,Akron,fbs,Mid-American,0,"[0, 0, 0, 0]",0.0459328293800354,1096,1009,2.9031068866695824,,,
401404063,2022,2,regular,2022-09-10T20:00:00.000Z,False,True,False,False,56271,3784,Jones AT&T Stadium,2641,Texas Tech,fbs,Big 12,33,"[3, 14, 0, 3, 7, 6]",0.664719820022583,1536,1538,248,Houston,fbs,American Athletic,30,"[0, 3, 7, 10, 7, 3]",0.335280179977417,1617,1615,10.950247084906273,,,
401405081,2022,2,regular,2022-09-10T20:00:00.000Z,False,True,False,False,47621,6577,SHI Stadium,164,Rutgers,fbs,Big Ten,66,"[28, 10, 14, 14]",0.9922709465026855,1370,1370,2681,Wagner,fcs,NEC,7,"[0, 7, 0, 0]",0.007729053497314453,,,2.0497472688685066,,,
401418630,2022,2,regular,2022-09-10T20:00:00.000Z,False,True,False,False,,3742,Governors Stadium,2046,Austin Peay,fcs,Atlantic Sun,41,"[21, 20, 0, 0]",0.9897788166999817,,,2400,Mississippi Valley State,fcs,SWAC,0,"[0, 0, 0, 0]",0.01022118330001831,,,2.089291444708397,,,
401424936,2022,2,regular,2022-09-10T20:00:00.000Z,False,True,False,False,,3850,Municipal Stadium,2065,Bethune-Cookman,fcs,SWAC,9,"[0, 0, 3, 6]",0,,,2569,South Carolina State,fcs,MEAC,33,"[7, 3, 10, 13]",1,,,4.785281246875766,,,
401403976,2022,2,regular,2022-09-10T20:00:00.000Z,False,True,False,False,38180,3831,California Memorial Stadium,25,California,fbs,Pac-12,20,"[14, 3, 3, 0]",0.9328453540802002,1510,1507,2439,UNLV,fbs,Mountain West,14,"[0, 7, 7, 0]",0.0671546459197998,1300,1303,4.352216398036735,,,
401403872,2022,2,regular,2022-09-10T20:00:00.000Z,False,True,False,False,92746,3917,Sanford Stadium,61,Georgia,fbs,SEC,33,"[13, 17, 0, 3]",0.9802547097206116,2087,2087,2535,Samford,fcs,Southern,0,"[0, 0, 0, 0]",0.019745290279388428,,,2.5225339527499937,,,
401426548,2022,2,regular,2022-09-10T20:00:00.000Z,False,True,False,False,27641,5388,Canvas Stadium,36,Colorado State,fbs,Mountain West,19,"[0, 0, 19, 0]",0.006419772747904062,1329,1293,2393,Middle Tennessee,fbs,Conference USA,34,"[10, 17, 7, 0]",0.9935802272520959,1318,1354,2.914339470799966,,,
401432655,2022,2,regular,2022-09-10T20:00:00.000Z,False,True,False,False,,6148,The Pine Bowl,2721,Whitworth,iii,Northwest,33,"[6, 3, 10, 14]",,,,2202,Eastern Oregon,,,7,"[0, 0, 7, 0]",,,,,,,
401420788,2022,2,regular,2022-09-10T20:00:00.000Z,False,True,False,False,23928,3651,Bridgeforth Stadium,256,James Madison,fbs,Sun Belt,63,"[21, 14, 21, 7]",0.9931362867355347,1596,1596,2450,Norfolk State,fcs,MEAC,7,"[0, 0, 7, 0]",0.006863713264465332,,,1.4580111872228723,,,
401403983,2022,2,regular,2022-09-10T20:00:00.000Z,False,True,False,False,,3765,Husky Stadium,264,Washington,fbs,Pac-12,52,"[14, 17, 14, 7]",0.9907834529876709,1584,1584,2502,Portland State,fcs,Big Sky,6,"[0, 3, 3, 0]",0.009216547012329102,,,2.2165672266048304,,,
401431841,2022,2,regular,2022-09-10T20:00:00.000Z,False,True,False,False,,5881,CAU Panther Stadium,2805,Clark Atlanta,ii,SIAC,19,[],,,,101784,Erskine,ii,South Atlantic,23,[],,,,,,,
401405074,2022,2,regular,2022-09-10T20:00:00.000Z,False,True,False,False,53676,3907,Ross-Ade Stadium,2509,Purdue,fbs,Big Ten,56,"[21, 14, 14, 7]",0.9828041791915894,1628,1628,282,Indiana State,fcs,MVFC,0,"[0, 0, 0, 0]",0.017195820808410645,,,1.725380050151709,,,
401405070,2022,2,regular,2022-09-10T20:00:00.000Z,False,True,False,False,33669,3832,"Memorial Stadium (Champaign, IL)",356,Illinois,fbs,Big Ten,24,"[14, 7, 3, 0]",0.9862542748451233,1579,1623,258,Virginia,fbs,ACC,3,"[3, 0, 0, 0]",0.013745725154876709,1526,1482,3.170296722243515,,,
401404064,2022,2,regular,2022-09-10T20:00:00.000Z,False,True,False,False,69250,3793,Kinnick Stadium,2294,Iowa,fbs,Big Ten,7,"[7, 0, 0, 0]",0.2304440289735794,1624,1629,66,Iowa State,fbs,Big 12,10,"[0, 3, 0, 7]",0.7695559710264206,1779,1774,4.96676646818589,,,
401416595,2022,2,regular,2022-09-10T20:00:00.000Z,False,True,False,False,17376,3700,Doyt L. Perry Stadium,189,Bowling Green,fbs,Mid-American,57,"[10, 7, 7, 14, 7, 6, 2, 2, 0, 2, 0]",0.7500970959663391,1167,1167,2198,Eastern Kentucky,fcs,Atlantic Sun,59,"[0, 24, 7, 7, 7, 6, 2, 2, 0, 2, 2]",0.2499029040336609,,,6.129304585437388,,,
401415177,2022,2,regular,2022-09-10T20:00:00.000Z,False,True,False,False,22863,3984,War Memorial Stadium,2751,Wyoming,fbs,Mountain West,33,"[3, 6, 7, 17]",0.9813012480735779,1419,1419,2458,Northern Colorado,fcs,Big Sky,10,"[0, 0, 3, 7]",0.01869875192642212,,,5.1166500189396045,,,
401432413,2022,2,regular,2022-09-10T20:00:00.000Z,False,True,False,True,,6030,Harms-Eischeid Stadium,389,Upper Iowa,ii,Northern Sun,21,"[14, 0, 0, 7]",,,,2817,Minnesota St Moorhead,ii,Northern Sun,24,"[7, 17, 0, 0]",,,,,,,
401455575,2022,2,regular,2022-09-10T20:00:00.000Z,False,True,False,True,,5876,Bentley University Football Stadium,2060,Bentley,ii,Northeast 10,41,"[6, 7, 7, 21]",,,,2487,Pace,ii,Northeast 10,20,"[0, 0, 7, 13]",,,,,,,
401420815,2022,2,regular,2022-09-10T20:00:00.000Z,False,True,False,True,,3605,Alerus Center,155,North Dakota,fcs,MVFC,29,"[7, 0, 7, 15]",0.7017340064048767,,,2460,Northern Iowa,fcs,MVFC,27,"[3, 7, 3, 14]",0.2982659935951233,,,5.178554579427236,,,
401421138,2022,2,regular,2022-09-10T20:00:00.000Z,False,True,False,True,,3782,Johnson Hagood Stadium,2643,The Citadel,fcs,Southern,20,"[3, 7, 7, 3]",0.5138639211654663,,,2193,East Tennessee State,fcs,Southern,17,"[0, 7, 7, 3]",0.4861360788345337,,,9.309800073807788,,,
401432823,2022,2,regular,2022-09-10T20:00:00.000Z,False,True,False,True,,5821,Fritz B. Burns Stadium,17,Claremont Mudd Scripps,iii,So. Cal.,42,"[14, 14, 14, 0]",,,,2850,Whittier,iii,So. Cal.,0,"[0, 0, 0, 0]",,,,,,,
401431611,2022,2,regular,2022-09-10T20:05:00.000Z,False,True,False,False,,5783,McArthur Field,2848,Western Oregon,ii,Lone Star,42,"[14, 14, 14, 0]",,,,124179,Lincoln (CA),,,10,"[3, 0, 7, 0]",,,,,,,
401430703,2022,2,regular,2022-09-10T21:00:00.000Z,False,True,False,False,,4851,Bazemore-Hyder Stadium,2673,Valdosta State,ii,Gulf South,40,"[6, 14, 7, 13]",,,,2676,Virginia Union,ii,CIAA,45,"[0, 24, 7, 14]",,,,,,,
401422997,2022,2,regular,2022-09-10T21:00:00.000Z,False,True,False,True,,3847,Cooper Field,46,Georgetown,fcs,Patriot,19,"[3, 10, 0, 6]",0.20631325244903564,,,2329,Lehigh,fcs,Patriot,21,"[0, 14, 7, 0]",0.7936867475509644,,,5.127953431212384,,,
401403981,2022,2,regular,2022-09-10T21:00:00.000Z,False,True,False,False,33727,1056,Rose Bowl,26,UCLA,fbs,Pac-12,45,"[14, 17, 7, 7]",0.9906424880027771,1710,1710,2011,Alabama State,fcs,SWAC,7,"[0, 7, 0, 0]",0.0093575119972229,,,2.732326605074309,,,
401413225,2022,2,regular,2022-09-10T21:00:00.000Z,False,True,False,False,,1027,Alex G. Spanos Stadium,13,Cal Poly,fcs,Big Sky,28,"[0, 7, 7, 14]",0.7473600506782532,,,301,San Diego,fcs,Pioneer,27,"[7, 10, 7, 3]",0.2526399493217468,,,6.820665541954647,,,
401415216,2022,2,regular,2022-09-10T21:30:00.000Z,False,True,False,False,14092,3816,Mackay Stadium,2440,Nevada,fbs,Mountain West,41,"[17, 0, 14, 10]",0.09440651535987854,1613,1613,2916,Incarnate Word,fcs,Southland,55,"[9, 15, 14, 17]",0.9055934846401215,,,6.30078554919067,,,
401423425,2022,2,regular,2022-09-10T21:30:00.000Z,False,True,False,False,,2068,E. Claiborne Robins Stadium,257,Richmond,fcs,CAA,31,"[0, 14, 3, 14]",0.886325478553772,,,2598,Saint Francis,fcs,NEC,21,"[6, 7, 0, 8]",0.11367452144622803,,,5.5016933808744035,,,
401424948,2022,2,regular,2022-09-10T22:00:00.000Z,False,True,False,False,,3650,Bragg Memorial Stadium,50,Florida A&M,fcs,SWAC,23,"[0, 17, 6, 0]",0.978824257850647,,,2013,Albany State,ii,SIAC,13,"[7, 0, 0, 6]",0.021175742149353027,,,7.846997353623347,,,
401424365,2022,2,regular,2022-09-10T22:00:00.000Z,False,True,False,False,,3998,Zable Stadium,2729,William & Mary,fcs,CAA,37,"[10, 7, 20, 0]",,,,2097,Campbell,fcs,Big South,21,"[0, 7, 14, 0]",,,,,,,
401424420,2022,2,regular,2022-09-10T22:00:00.000Z,False,True,False,False,,3620,Armstrong Stadium,2261,Hampton,fcs,CAA,42,"[14, 7, 7, 14]",,,,2657,Tuskegee,ii,SIAC,10,"[0, 7, 3, 0]",,,,,,,
401430717,2022,2,regular,2022-09-10T22:00:00.000Z,False,True,False,False,,6217,W.C. Hawkins Stadium,2019,Allen,ii,SIAC,0,[],,,,2304,Johnson C. Smith,ii,CIAA,0,[],,,,,,,
401439514,2022,2,regular,2022-09-10T22:00:00.000Z,False,True,False,True,,3705,Earl Kitchings Stadium,2206,Edward Waters,ii,SIAC,28,"[7, 7, 7, 7]",,,,2542,Savannah State,ii,SIAC,31,"[10, 7, 14, 0]",,,,,,,
401432422,2022,2,regular,2022-09-10T22:00:00.000Z,False,True,False,True,,6072,Schwan Regional Event Center,2587,Southwest Minnesota State,ii,Northern Sun,14,"[7, 0, 0, 7]",,,,3066,Concordia St. Paul,ii,Northern Sun,6,"[3, 0, 0, 3]",,,,,,,
401431864,2022,2,regular,2022-09-10T22:00:00.000Z,False,True,False,False,,6056,B.T. Harvey Stadium,60,Morehouse,ii,SIAC,0,"[0, 0, 0, 0]",,,,2698,West Georgia,ii,Gulf South,42,"[7, 0, 28, 7]",,,,,,,
401423418,2022,2,regular,2022-09-10T22:00:00.000Z,False,True,False,True,,3624,Arute Field,2115,Central Connecticut,fcs,NEC,10,"[0, 3, 7, 0]",0.3543996810913086,,,2529,Sacred Heart,fcs,NEC,14,"[7, 0, 0, 7]",0.6456003189086914,,,6.017425073196107,,,
401413204,2022,2,regular,2022-09-10T22:00:00.000Z,False,True,False,False,,3737,Gibbs Stadium,2747,Wofford,fcs,Southern,0,"[0, 0, 0, 0]",0.006768198412918548,,,2210,Elon,fcs,CAA,26,"[3, 9, 7, 7]",0.9932318015870815,,,3.6018393662,,,
401430696,2022,2,regular,2022-09-10T22:00:00.000Z,False,True,False,False,,3904,Rogers Stadium (VA),330,Virginia State,ii,CIAA,28,[],,,,124180,Bluefield State,ii,Independent DII,7,[],,,,,,,
401423412,2022,2,regular,2022-09-10T22:00:00.000Z,False,True,False,False,,4416,Spec Martin Municipal Stadium,56,Stetson,fcs,Pioneer,45,"[14, 0, 14, 17]",0.962402880191803,,,2347,Louisiana Christian,,,14,"[0, 14, 0, 0]",0.03759711980819702,,,9.399890088587663,,,
401435092,2022,2,regular,2022-09-10T22:00:00.000Z,False,True,False,False,,3877,Pioneer Stadium,3162,Alfred State,iii,ECFC,17,"[0, 3, 0, 14]",,,,184,Rochester (NY),iii,Liberty League,30,"[0, 13, 3, 14]",,,,,,,
401435348,2022,2,regular,2022-09-10T22:00:00.000Z,False,True,False,False,,5793,Macholtz Stadium,2023,Anderson (IN),iii,Heartland,0,"[0, 0, 0, 0]",,,,83,DePauw,iii,North Coast,55,"[7, 24, 7, 17]",,,,,,,
401431195,2022,2,regular,2022-09-10T22:00:00.000Z,False,True,False,False,,5790,Bahlke Field,2800,Alma,iii,Michigan,49,"[21, 21, 0, 7]",,,,2362,Manchester,iii,Heartland,7,"[0, 0, 7, 0]",,,,,,,
401416599,2022,2,regular,2022-09-10T22:00:00.000Z,False,True,False,False,9828,3996,Yager Stadium,193,Miami (OH),fbs,Mid-American,31,"[10, 14, 0, 7]",0.9983529606091733,1469,1469,2523,Robert Morris,fcs,Big South,14,"[7, 0, 0, 7]",0.0016470393908266656,,,15.586004095,,,
401433023,2022,2,regular,2022-09-10T22:00:00.000Z,False,True,False,True,,3760,Hubert Jack Stadium,209,Lock Haven,ii,Pennsylvania State Athletic,7,"[7, 0, 0, 0]",,,,2385,Mercyhurst,ii,Pennsylvania State Athletic,49,"[0, 6, 29, 14]",,,,,,,
401424419,2022,2,regular,2022-09-10T22:00:00.000Z,False,True,False,False,,3695,Delaware Stadium,48,Delaware,fcs,CAA,35,"[7, 7, 14, 7]",0.9225355982780457,,,2169,Delaware State,fcs,MEAC,9,"[3, 0, 0, 6]",0.07746440172195435,,,3.0226271916435854,,,
401420798,2022,2,regular,2022-09-10T22:00:00.000Z,False,True,False,False,,3862,O'Kelly-Riddick Stadium,2428,North Carolina Central,fcs,MEAC,41,"[13, 7, 14, 7]",0.9925546050071716,,,2736,Winston-Salem State,ii,CIAA,0,"[0, 0, 0, 0]",0.007445394992828369,,,4.08962395463264,,,
401423137,2022,2,regular,2022-09-10T22:00:00.000Z,False,True,False,False,,3664,Butler Bowl,2086,Butler,fcs,Pioneer,45,"[7, 14, 14, 10]",0.9877853989601135,,,620,Taylor,,,10,"[7, 0, 0, 3]",0.012214601039886475,,,3.2102600910333554,,,
401426492,2022,2,regular,2022-09-10T22:00:00.000Z,False,True,False,False,,3661,Bulldog Stadium,2803,Bryant,fcs,Big South,21,"[7, 7, 0, 7]",0.010981559753417969,,,227,Rhode Island,fcs,CAA,35,"[0, 20, 7, 8]",0.989018440246582,,,4.7972432003476415,,,
401430672,2022,2,regular,2022-09-10T22:00:00.000Z,False,True,False,False,,3600,Tom Adams Field,131,Wayne State (MI),ii,GLIAC,30,"[10, 3, 7, 10]",,,,2551,Shaw,ii,CIAA,22,"[0, 0, 7, 15]",,,,,,,
401416596,2022,2,regular,2022-09-10T22:00:00.000Z,False,True,False,False,16933,3965,UB Stadium,2084,Buffalo,fbs,Mid-American,31,"[7, 14, 7, 3]",0.16575388610363007,1342,1342,107,Holy Cross,fcs,Patriot,37,"[0, 14, 14, 9]",0.8342461138963699,,,10.327760127322499,,,
401426332,2022,2,regular,2022-09-10T22:00:00.000Z,False,True,False,False,12261,3654,Brooks Stadium (SC),324,Coastal Carolina,fbs,Sun Belt,31,"[3, 14, 7, 7]",0.3896369934082031,1658,1658,2241,Gardner-Webb,fcs,Big South,27,"[0, 10, 10, 7]",0.6103630065917969,,,6.750710910982141,,,
401426551,2022,2,regular,2022-09-10T22:00:00.000Z,False,True,False,False,18892,3992,Williams Stadium (VA),2335,Liberty,fbs,FBS Independents,21,"[0, 7, 7, 7]",0.9718411564826965,1586,1593,5,UAB,fbs,Conference USA,14,"[7, 0, 0, 7]",0.028158843517303467,1546,1539,6.810932810727867,,,
401404065,2022,2,regular,2022-09-10T22:00:00.000Z,False,True,False,True,52188,3842,Milan Puskar Stadium,277,West Virginia,fbs,Big 12,42,"[14, 14, 0, 14, 0]",0.31508804463319695,1490,1430,2305,Kansas,fbs,Big 12,55,"[0, 21, 14, 7, 13]",0.684911955366803,1194,1254,9.1436612467,,,
401426546,2022,2,regular,2022-09-10T22:00:00.000Z,False,True,False,False,17532,3715,FAU Stadium,2226,Florida Atlantic,fbs,Conference USA,42,"[7, 21, 7, 7]",0.9926899075508118,1487,1487,2545,SE Louisiana,fcs,Southland,9,"[0, 3, 0, 6]",0.007310092449188232,,,5.388368831121338,,,
401432794,2022,2,regular,2022-09-10T22:00:00.000Z,False,True,False,False,,4422,Valhalla Stadium,2757,Berry,iii,Southern Athletic,56,"[0, 21, 14, 21]",,,,548,LaGrange,iii,USA South,10,"[3, 7, 0, 0]",,,,,,,
401415024,2022,2,regular,2022-09-10T22:00:00.000Z,False,True,False,False,36853,3699,Dowdy-Ficklen Stadium,151,East Carolina,fbs,American Athletic,39,"[9, 7, 6, 17]",0.9968127012252808,1522,1550,295,Old Dominion,fbs,Sun Belt,21,"[7, 0, 7, 7]",0.0031872987747192383,1391,1363,5.067016026677841,,,
401432699,2022,2,regular,2022-09-10T22:00:00.000Z,False,True,True,False,,6221,Mitchell Stadium,495,BLUEFIELD,,,33,"[7, 20, 0, 6]",,,,2213,Emory & Henry,ii,South Atlantic,41,"[21, 7, 7, 6]",,,,,,,
401431572,2022,2,regular,2022-09-10T22:00:00.000Z,False,True,False,True,,3698,Donnell Stadium,2224,Findlay,ii,Great Midwest Athletic,3,"[3, 0, 0, 0]",,,,308,Ashland,ii,Great Midwest Athletic,28,"[7, 9, 3, 9]",,,,,,,
401433006,2022,2,regular,2022-09-10T22:05:00.000Z,False,True,False,True,,4439,Eiler-Martin Stadium,2188,East Stroudsburg,ii,Pennsylvania State Athletic,35,"[0, 14, 14, 7]",,,,2291,IU Pennsylvania,ii,Pennsylvania State Athletic,38,"[13, 7, 8, 10]",,,,,,,
401431265,2022,2,regular,2022-09-10T23:00:00.000Z,False,True,False,True,,5919,Ron Roberts Field at the Banta Bowl,268,Lawrence,iii,Midwest,0,"[0, 0, 0, 0]",,,,262,Lake Forest,iii,Midwest,55,"[10, 21, 17, 7]",,,,,,,
401432803,2022,2,regular,2022-09-10T23:00:00.000Z,False,True,False,False,,5818,Farris Stadium,2121,Centre,iii,Southern Athletic,20,"[3, 7, 7, 3]",,,,2373,Maryville (TN),iii,USA South,10,"[3, 0, 7, 0]",,,,,,,
401431832,2022,2,regular,2022-09-10T23:00:00.000Z,False,True,False,False,,6061,Younts Stadium,2822,North Greenville,ii,Gulf South,22,"[7, 0, 6, 9]",,,,2444,Newberry,ii,South Atlantic,29,"[7, 10, 3, 9]",,,,,,,
401431907,2022,2,regular,2022-09-10T23:00:00.000Z,False,True,False,False,,5917,Ratliff Stadium,110243,UT Permian Basin,ii,Lone Star,34,"[0, 10, 6, 8, 7, 3]",,,,2714,Western Colorado,ii,Rocky Mountain,31,"[0, 10, 14, 0, 7, 0]",,,,,,,
401435195,2022,2,regular,2022-09-10T23:00:00.000Z,False,True,False,False,,3871,General Charles C. Krulak Stadium,3,Birmingham-Southern,iii,Southern Athletic,35,"[7, 14, 8, 6]",,,,2938,Huntingdon,iii,USA South,38,"[7, 16, 0, 15]",,,,,,,
401431946,2022,2,regular,2022-09-10T23:00:00.000Z,False,True,False,True,,6062,Gable Field at Doc Wadley Stadium,196,Northeastern State,ii,Mid America,13,"[0, 6, 7, 0]",,,,2403,Missouri Southern State,ii,Mid America,30,"[6, 7, 0, 17]",,,,,,,
401430709,2022,2,regular,2022-09-10T23:00:00.000Z,False,True,False,False,,3813,"Luther ""Nick"" Jeralds Stadium",2220,Fayetteville State,ii,CIAA,3,"[0, 0, 0, 3]",,,,351,Wingate,ii,South Atlantic,21,"[7, 0, 7, 7]",,,,,,,
401430982,2022,2,regular,2022-09-10T23:00:00.000Z,False,True,False,False,,6137,Walston-Hoover Stadium,2685,Wartburg,iii,American Rivers,27,"[10, 14, 0, 3]",,,,2744,Wisconsin Stout,iii,Wisconsin,0,"[0, 0, 0, 0]",,,,,,,
401432430,2022,2,regular,2022-09-10T23:00:00.000Z,False,True,False,True,,6035,"Memorial Stadium (Wayne, NE)",2844,Wayne State (NE),ii,Northern Sun,13,"[3, 7, 3, 0]",,,,425,Northern State,ii,Northern Sun,6,"[3, 0, 3, 0]",,,,,,,
401431485,2022,2,regular,2022-09-10T23:00:00.000Z,False,True,False,True,,6065,Cliff Harris Stadium,2888,Ouachita Baptist,ii,Great American,45,"[10, 21, 14, 0]",,,,200,Southern Nazarene,ii,Great American,0,"[0, 0, 0, 0]",,,,,,,
401431580,2022,2,regular,2022-09-10T23:00:00.000Z,False,True,False,True,,3729,"Frank ""Muddy"" Waters Stadium",2273,Hillsdale,ii,Great Midwest Athletic,35,"[0, 7, 7, 21]",,,,2682,Walsh,ii,Great Midwest Athletic,17,"[0, 14, 3, 0]",,,,,,,
401404066,2022,2,regular,2022-09-10T23:00:00.000Z,False,True,False,False,83911,3835,"Memorial Stadium (Norman, OK)",201,Oklahoma,fbs,Big 12,33,"[0, 7, 24, 2]",0.9898011684417725,1786,1811,2309,Kent State,fbs,Mid-American,3,"[0, 3, 0, 0]",0.010198831558227539,1299,1274,7.725032771883896,,,
401413215,2022,2,regular,2022-09-10T23:00:00.000Z,False,True,False,False,,3909,Roy Stewart Stadium,93,Murray State,fcs,OVC,3,"[0, 3, 0, 0]",0.10205140709877014,,,55,Jacksonville State,fcs,Atlantic Sun,34,"[7, 3, 10, 14]",0.8979485929012299,,,4.287171032987946,,,
401403871,2022,2,regular,2022-09-10T23:00:00.000Z,False,True,False,True,89993,3634,Ben Hill Griffin Stadium,57,Florida,fbs,SEC,16,"[3, 13, 0, 0]",0.07685582339763641,1576,1567,96,Kentucky,fbs,SEC,26,"[0, 13, 10, 3]",0.9231441766023636,1713,1722,4.806562813566,,,
401415170,2022,2,regular,2022-09-10T23:00:00.000Z,False,True,False,False,,3647,Elliott T. Bowers Stadium,2534,Sam Houston,fcs,Western Athletic,3,"[0, 3, 0, 0]",0.10447942465543747,,,2464,Northern Arizona,fcs,Big Sky,10,"[0, 7, 3, 0]",0.8955205753445625,,,4.686294587440072,,,
401418777,2022,2,regular,2022-09-10T23:00:00.000Z,False,True,False,False,,4133,Braly Municipal Stadium,2453,North Alabama,fcs,Atlantic Sun,49,"[0, 21, 14, 14]",0.9977283477783203,,,2842,UVA Wise,ii,South Atlantic,17,"[14, 3, 0, 0]",0.0022716522216796875,,,4.596166396897846,,,
401418792,2022,2,regular,2022-09-10T23:00:00.000Z,False,True,False,False,,4424,Husky Stadium,2277,Houston Christian,fcs,Southland,20,"[7, 10, 3, 0]",0.25955313444137573,,,2815,Lindenwood,fcs,OVC,21,"[6, 0, 6, 9]",0.7404468655586243,,,10.944624732662275,,,
401420778,2022,2,regular,2022-09-10T23:00:00.000Z,False,True,False,False,,3781,Johnny Unitas Stadium,119,Towson,fcs,CAA,29,"[3, 10, 13, 3]",,,,2415,Morgan State,fcs,MEAC,21,"[7, 7, 7, 0]",,,,,,,
401424418,2022,2,regular,2022-09-10T23:00:00.000Z,False,True,False,True,,4419,Bob Ford Field,399,UAlbany,fcs,CAA,23,"[0, 3, 7, 13]",0.15138911866180246,,,160,New Hampshire,fcs,CAA,28,"[7, 7, 7, 7]",0.8486108813381975,,,3.27140933,,,
401432629,2022,2,regular,2022-09-10T23:00:00.000Z,False,True,False,False,,3879,TowneBank Stadium,3112,Christopher Newport,iii,New Jersey,20,"[7, 0, 3, 10]",,,,2047,Averett,iii,Old Dominion,24,"[0, 3, 7, 14]",,,,,,,
401431855,2022,2,regular,2022-09-10T23:00:00.000Z,False,True,False,False,,6027,Albert J. H. Sloan - Alumni Stadium,2396,Miles,ii,SIAC,0,"[0, 0, 0, 0]",,,,2695,West Alabama,ii,Gulf South,31,"[7, 10, 0, 14]",,,,,,,
401432515,2022,2,regular,2022-09-10T23:00:00.000Z,False,True,False,False,,6284,Village of Lisle-Benedictine University Sports Complex,2283,Benedictine (IL),iii,NACC,48,"[13, 21, 0, 14]",,,,263,Loras,iii,American Rivers,26,"[0, 6, 13, 7]",,,,,,,
401421128,2022,2,regular,2022-09-10T23:00:00.000Z,False,True,False,False,,3858,O'Brien Stadium,2197,Eastern Illinois,fcs,OVC,20,"[10, 0, 10, 0]",0,,,236,Chattanooga,fcs,Southern,38,"[7, 7, 14, 10]",1,,,4.239310215246945,,,
401431144,2022,2,regular,2022-09-10T23:00:00.000Z,False,True,False,False,,6111,Cook Stadium,86,Rose Hulman,iii,Heartland,23,"[7, 16, 0, 0]",,,,2651,Trine,iii,Michigan,24,"[3, 0, 7, 14]",,,,,,,
401418810,2022,2,regular,2022-09-10T23:00:00.000Z,False,True,True,False,,3766,Independence Stadium,2466,Northwestern State,fcs,Southland,21,"[7, 0, 7, 7]",0.24869648260558103,,,2755,Grambling,fcs,SWAC,47,"[14, 27, 6, 0]",0.7513035173944189,,,5.7891675737,,,
401432404,2022,2,regular,2022-09-10T23:00:00.000Z,False,True,False,True,,3641,Blakeslee Stadium,2364,Minnesota State,ii,Northern Sun,17,"[14, 3, 0, 0]",,,,134,Minnesota Duluth,ii,Northern Sun,10,"[3, 0, 7, 0]",,,,,,,
401415182,2022,2,regular,2022-09-10T23:00:00.000Z,False,True,False,False,,5237,Dana J. Dykhouse Stadium,2571,South Dakota State,fcs,MVFC,24,"[7, 10, 0, 7]",0.6907365322113037,,,302,UC Davis,fcs,Big Sky,22,"[0, 10, 0, 12]",0.3092634677886963,,,4.108013349516841,,,
401423144,2022,2,regular,2022-09-10T23:00:00.000Z,False,True,False,False,,3897,Richardson Stadium,2166,Davidson,fcs,Pioneer,37,"[14, 13, 0, 10]",0.8862642645835876,,,122666,Barton,ii,South Atlantic,17,"[7, 7, 3, 0]",0.11373573541641235,,,11.9803909071287,,,
401415215,2022,2,regular,2022-09-10T23:00:00.000Z,False,True,False,False,17781,3905,Maverik Stadium,328,Utah State,fbs,Mountain West,7,"[7, 0, 0, 0]",0.05503970757126808,1566,1566,2692,Weber State,fcs,Big Sky,35,"[13, 0, 15, 7]",0.9449602924287319,,,5.469066619203467,,,
401415615,2022,2,regular,2022-09-10T23:00:00.000Z,False,True,False,False,14501,4729,Yulman Stadium,2655,Tulane,fbs,American Athletic,52,"[17, 14, 14, 7]",0.998549222946167,1501,1501,2016,Alcorn State,fcs,SWAC,0,"[0, 0, 0, 0]",0.0014507770538330078,,,2.0174429678553376,,,
401415616,2022,2,regular,2022-09-10T23:00:00.000Z,False,True,False,False,26509,3735,Gerald J. Ford Stadium,2567,SMU,fbs,American Athletic,45,"[14, 10, 14, 7]",0.9895887970924377,1684,1684,2320,Lamar,fcs,Southland,16,"[0, 10, 3, 3]",0.010411202907562256,,,4.49508732134023,,,
401415618,2022,2,regular,2022-09-10T23:00:00.000Z,False,True,False,False,28554,3886,Raymond James Stadium,58,South Florida,fbs,American Athletic,42,"[0, 14, 14, 14]",0.9924693703651428,1222,1222,47,Howard,fcs,MEAC,20,"[7, 0, 7, 6]",0.007530629634857178,,,4.204352349681751,,,
401416598,2022,2,regular,2022-09-10T23:00:00.000Z,False,True,False,False,15352,3666,Cajun Field,309,Louisiana,fbs,Sun Belt,49,"[0, 0, 21, 28]",0.9922709465026855,1720,1755,2199,Eastern Michigan,fbs,Mid-American,21,"[7, 7, 7, 0]",0.007729053497314453,1380,1345,6.077358705187013,,,
401423439,2022,2,regular,2022-09-10T23:00:00.000Z,False,True,False,False,26189,3975,Veterans Memorial Stadium (AL),2653,Troy,fbs,Sun Belt,38,"[0, 7, 21, 10]",0.9537137150764465,1324,1324,2010,Alabama A&M,fcs,SWAC,17,"[3, 0, 0, 14]",0.04628628492355347,,,3.7861502771076214,,,
401430961,2022,2,regular,2022-09-10T23:00:00.000Z,False,True,False,False,,5836,Chalmers Field,49,Dubuque,iii,American Rivers,3,"[3, 0, 0, 0]",,,,2740,Wisconsin La Crosse,iii,Wisconsin,30,"[0, 20, 3, 7]",,,,,,,
401432844,2022,2,regular,2022-09-10T23:00:00.000Z,False,True,False,False,,5928,Macalester Stadium,2359,Macalester,iii,Minnesota,43,"[3, 7, 20, 13]",,,,446,Martin Luther,iii,Upper Midwest,7,"[0, 0, 0, 7]",,,,,,,
401414779,2022,2,regular,2022-09-10T23:00:00.000Z,False,True,False,False,20147,3739,Glass Bowl,2649,Toledo,fbs,Mid-American,55,"[14, 14, 17, 10]",0.9880123138427734,1534,1597,113,Massachusetts,fbs,FBS Independents,10,"[0, 7, 0, 3]",0.011987686157226562,997,934,2.4330757860642382,,,
401421126,2022,2,regular,2022-09-10T23:00:00.000Z,False,True,False,False,,3962,Tucker Stadium,2635,Tennessee Tech,fcs,OVC,26,"[0, 3, 3, 20]",,,,2837,East Texas A&M,fcs,Southland,25,"[0, 16, 3, 6]",,,,,,,
401430740,2022,2,regular,2022-09-10T23:00:00.000Z,False,True,False,True,,5871,Convoy Leslie Cotton Boll Stadium,2028,Arkansas Monticello,ii,Great American,40,"[20, 20, 0, 0]",,,,319,Oklahoma Baptist,ii,Great American,17,"[7, 3, 0, 7]",,,,,,,
401439547,2022,2,regular,2022-09-10T23:00:00.000Z,False,True,False,False,,5892,Armfield Athletic Center,2258,Guilford,iii,Old Dominion,16,"[0, 0, 8, 8]",,,,291,Methodist,iii,USA South,49,"[21, 7, 7, 14]",,,,,,,
401431480,2022,2,regular,2022-09-10T23:00:00.000Z,False,True,False,True,,6073,Milam Stadium,2927,Southwestern Oklahoma State,ii,Great American,24,"[7, 7, 0, 10]",,,,2568,Southern Arkansas,ii,Great American,20,"[3, 10, 7, 0]",,,,,,,
401432538,2022,2,regular,2022-09-10T23:00:00.000Z,False,True,False,False,,5913,Warrior Field at Raabe Stadium,2741,Wisconsin Lutheran,iii,NACC,7,"[0, 7, 0, 0]",,,,32,Carroll (WI),iii,Midwest,54,"[14, 21, 13, 6]",,,,,,,
401424953,2022,2,regular,2022-09-10T23:00:00.000Z,False,True,True,False,,3805,Simmons Bank Liberty Stadium,2634,Tennessee State,fcs,OVC,3,"[3, 0, 0, 0]",0,,,2296,Jackson State,fcs,SWAC,16,"[0, 6, 3, 7]",1,,,5.9175315038062495,,,
401403874,2022,2,regular,2022-09-10T23:00:00.000Z,False,True,False,False,58373,3974,Vaught-Hemingway Stadium,145,Ole Miss,fbs,SEC,59,"[28, 3, 21, 7]",0.9445592761039734,1681,1681,2110,Central Arkansas,fcs,Atlantic Sun,3,"[0, 0, 0, 3]",0.05544072389602661,,,2.1815020149153215,,,
401415620,2022,2,regular,2022-09-10T23:00:00.000Z,False,True,False,False,22113,3674,Chapman Stadium,202,Tulsa,fbs,American Athletic,38,"[7, 17, 0, 14]",0.967527449131012,1500,1499,2459,Northern Illinois,fbs,Mid-American,35,"[0, 7, 14, 14]",0.03247255086898804,1376,1377,6.542303969770751,,,
401431458,2022,2,regular,2022-09-10T23:00:00.000Z,False,True,False,True,,4763,Ranger Field,2823,Northwestern (OK),ii,Great American,27,"[7, 7, 0, 13]",,,,2271,Henderson State,ii,Great American,51,"[21, 14, 14, 2]",,,,,,,
401431275,2022,2,regular,2022-09-10T23:00:00.000Z,False,True,False,True,,6109,Ingalls Field,2891,Ripon,iii,Midwest,33,"[13, 20, 0, 0]",,,,255,Knox,iii,Midwest,6,"[0, 6, 0, 0]",,,,,,,
401444874,2022,2,regular,2022-09-10T23:00:00.000Z,False,True,False,False,,3740,Golden Lion Stadium,2029,Arkansas-Pine Bluff,fcs,SWAC,76,"[24, 28, 10, 14]",0.9930822253227234,,,123086,North American,,,3,"[0, 3, 0, 0]",0.006917774677276611,,,1.9156312720778332,,,
401431811,2022,2,regular,2022-09-10T23:00:00.000Z,False,True,False,False,,3878,Plaster Sports Complex,2586,Southwest Baptist,ii,Great Lakes,10,"[0, 0, 10, 0]",,,,110242,West Florida,ii,Gulf South,49,"[7, 21, 14, 7]",,,,,,,
401431101,2022,2,regular,2022-09-10T23:00:00.000Z,False,True,False,False,,6132,Trinity University Stadium,386,Trinity (TX),iii,Southern Athletic,17,"[7, 0, 3, 0, 7]",,,,396,Wheaton (IL),iii,CCIW,16,"[0, 7, 0, 3, 6]",,,,,,,
401432688,2022,2,regular,2022-09-10T23:00:00.000Z,False,True,False,True,,5812,Bernlohr Stadium,424,Capital,iii,Ohio,13,"[0, 6, 7, 0]",,,,427,Ohio Northern,iii,Ohio,28,"[14, 0, 7, 7]",,,,,,,
401411104,2022,2,regular,2022-09-10T23:00:00.000Z,False,True,False,False,36486,721,Bobby Dodd Stadium,59,Georgia Tech,fbs,ACC,35,"[14, 14, 7, 0]",0.9943622350692749,1287,1287,2717,Western Carolina,fcs,Southern,17,"[14, 0, 0, 3]",0.005637764930725098,,,5.013822317601714,,,
401426544,2022,2,regular,2022-09-10T23:00:00.000Z,False,True,False,False,18757,3644,Bobcat Stadium (TX),326,Texas State,fbs,Sun Belt,41,"[10, 10, 0, 21]",0.9882416129112244,1241,1299,2229,Florida International,fbs,Conference USA,12,"[3, 3, 0, 6]",0.011758387088775635,1080,1022,3.044168108006286,,,
401425451,2022,2,regular,2022-09-10T23:00:00.000Z,False,True,False,False,,3913,Saluki Stadium,79,Southern Illinois,fcs,MVFC,31,"[3, 7, 7, 14]",0.8427967488071081,,,2546,Southeast Missouri State,fcs,OVC,34,"[7, 7, 3, 17]",0.1572032511928919,,,11.217311443,,,
401426547,2022,2,regular,2022-09-10T23:00:00.000Z,False,True,False,False,16094,3776,Joe Aillet Stadium,2348,Louisiana Tech,fbs,Conference USA,52,"[21, 17, 14, 0]",0.9882385730743408,1238,1238,2617,Stephen F. Austin,fcs,Western Athletic,17,"[7, 0, 3, 7]",0.01176142692565918,,,3.0517822707126254,,,
401430729,2022,2,regular,2022-09-10T23:00:00.000Z,False,True,False,True,,5870,Thone Stadium at Buerkle Field,2033,Arkansas Tech,ii,Great American,35,"[0, 14, 7, 14]",,,,2191,East Central,ii,Great American,13,"[0, 3, 3, 7]",,,,,,,
401404148,2022,2,regular,2022-09-10T23:00:00.000Z,False,True,False,False,25114,3892,Pratt & Whitney Stadium,41,UConn,fbs,FBS Independents,14,"[0, 7, 7, 0]",0,1128,1075,183,Syracuse,fbs,ACC,48,"[17, 10, 14, 7]",1,1484,1537,2.4091431830644807,,,
401432727,2022,2,regular,2022-09-10T23:00:00.000Z,False,True,False,False,,6116,Shentel Stadium,2828,Shenandoah,iii,Old Dominion,45,"[21, 21, 3, 0]",,,,286,North Carolina Wesleyan,iii,USA South,0,"[0, 0, 0, 0]",,,,,,,
401405072,2022,2,regular,2022-09-10T23:30:00.000Z,False,True,False,False,86862,3834,"Memorial Stadium (Lincoln, NE)",158,Nebraska,fbs,Big Ten,42,"[7, 21, 7, 7]",0.3253377676010132,1616,1596,290,Georgia Southern,fbs,Sun Belt,45,"[14, 14, 7, 10]",0.6746622323989868,1382,1402,8.408418956692412,,,
401403870,2022,2,regular,2022-09-10T23:30:00.000Z,False,True,False,False,83340,3785,Jordan-Hare Stadium,2,Auburn,fbs,SEC,24,"[0, 7, 10, 7]",0.9748852849006653,1632,1627,23,San José State,fbs,Mountain West,16,"[0, 10, 0, 6]",0.025114715099334717,1338,1343,5.097435891180348,,,
401403975,2022,2,regular,2022-09-10T23:30:00.000Z,False,True,False,False,54949,3646,Boone Pickens Stadium,197,Oklahoma State,fbs,Big 12,34,"[0, 17, 3, 14]",0.958767831325531,1783,1805,9,Arizona State,fbs,Pac-12,17,"[3, 0, 7, 7]",0.041232168674468994,1614,1592,5.517944343470107,,,
401426550,2022,2,regular,2022-09-10T23:30:00.000Z,False,True,False,False,18629,3895,Rice Stadium,242,Rice,fbs,Conference USA,52,"[10, 21, 14, 7]",0.9919697642326355,1111,1111,2377,McNeese,fcs,Southland,10,"[0, 0, 10, 0]",0.008030235767364502,,,3.8742975210062673,,,
401403980,2022,2,regular,2022-09-10T23:30:00.000Z,False,True,False,True,43813,3940,Stanford Stadium,24,Stanford,fbs,Pac-12,28,"[7, 7, 0, 14]",0,1355,1349,30,USC,fbs,Pac-12,41,"[21, 14, 6, 0]",1,1612,1618,3.954167696574115,,,
401426549,2022,2,regular,2022-09-10T23:30:00.000Z,False,True,False,False,15984,3825,DATCU Stadium,249,North Texas,fbs,Conference USA,59,"[10, 35, 7, 7]",0.9643983244895935,1361,1361,2640,Texas Southern,fcs,SWAC,27,"[3, 14, 7, 3]",0.035601675510406494,,,2.878702209650555,,,
401403873,2022,2,regular,2022-09-10T23:30:00.000Z,False,True,False,False,102321,3958,Tiger Stadium (LA),99,LSU,fbs,SEC,65,"[37, 14, 7, 7]",0.9893288016319275,,,2582,Southern,fcs,SWAC,17,"[0, 0, 7, 10]",0.01067119836807251,,,1.5977095974132804,,,
401418828,2022,2,regular,2022-09-10T23:30:00.000Z,False,True,False,False,,3744,Hancock Stadium,2287,Illinois State,fcs,MVFC,28,"[7, 14, 7, 0]",0.8475267887115479,,,2674,Valparaiso,fcs,Pioneer,21,"[7, 7, 0, 7]",0.15247321128845215,,,4.451867032880984,,,
401431895,2022,2,regular,2022-09-11T00:00:00.000Z,False,True,False,True,,5938,Al Whitehead Field at Greyhound Stadium,2201,Eastern New Mexico,ii,Lone Star,14,"[0, 7, 7, 0]",,,,2395,Midwestern State,ii,Lone Star,28,"[10, 3, 0, 15]",,,,,,,
401431532,2022,2,regular,2022-09-11T00:00:00.000Z,False,True,False,False,,4852,Neta and Eddie DeRose ThunderBowl,2570,CSU Pueblo,ii,Rocky Mountain,10,[],,,,125,Grand Valley State,ii,GLIAC,35,[],,,,,,,
401431585,2022,2,regular,2022-09-11T00:00:00.000Z,False,True,False,True,,5263,Steele Stadium,2316,Kentucky Wesleyan,ii,Great Midwest Athletic,21,"[0, 0, 7, 14]",,,,437,Lake Erie,ii,Great Midwest Athletic,26,"[0, 14, 6, 6]",,,,,,,
401418783,2022,2,regular,2022-09-11T00:00:00.000Z,False,True,False,False,,5440,Wildcat Stadium (TX),2000,Abilene Christian,fcs,Western Athletic,21,"[7, 0, 0, 14]",0.5444381833076477,,,2504,Prairie View A&M,fcs,SWAC,13,"[7, 6, 0, 0]",0.4555618166923523,,,6.521722002803217,,,
401431007,2022,2,regular,2022-09-11T00:00:00.000Z,False,True,False,False,,6076,Javelina Stadium,2658,Texas A&M-Kingsville,ii,Lone Star,35,"[9, 3, 9, 14]",,,,2834,Sul Ross State,iii,American Southwest,14,"[0, 7, 0, 7]",,,,,,,
401431912,2022,2,regular,2022-09-11T00:00:00.000Z,False,True,False,False,,5866,Rex Stadium,2704,West Texas,ii,Lone Star,34,"[10, 10, 7, 7]",,,,2001,Adams State,ii,Rocky Mountain,19,"[3, 3, 6, 7]",,,,,,,
401431234,2022,2,regular,2022-09-11T00:00:00.000Z,False,True,True,False,,3951,Swisher Field,597,Presentation,,,13,"[7, 0, 6, 0]",,,,2152,Concordia (MN),iii,Minnesota,42,"[7, 14, 14, 7]",,,,,,,
401430997,2022,2,regular,2022-09-11T00:00:00.000Z,False,True,False,False,,5857,Gordon Wood Stadium,2758,Howard Payne,iii,American Southwest,39,"[7, 3, 7, 22]",,,,415,George Fox,iii,Northwest,42,"[7, 14, 0, 21]",,,,,,,
401421117,2022,2,regular,2022-09-11T00:00:00.000Z,False,True,False,False,13536,3817,Malone Stadium,2433,UL Monroe,fbs,Sun Belt,35,"[0, 21, 7, 7]",0.994834303855896,1121,1121,2447,Nicholls,fcs,Southland,7,"[7, 0, 0, 0]",0.005165696144104004,,,4.395068525270859,,,
401431409,2022,2,regular,2022-09-11T00:00:00.000Z,False,True,False,True,,5885,First Security Stadium,2264,Harding,ii,Great American,38,"[7, 10, 7, 14]",,,,199,Southeastern Oklahoma State,ii,Great American,13,"[7, 0, 0, 6]",,,,,,,
401430987,2022,2,regular,2022-09-11T00:00:00.000Z,False,True,False,True,,5802,Belhaven Bowl Stadium,2056,Belhaven,iii,USA South,42,"[14, 14, 0, 14]",,,,2588,Southwestern U,iii,American Southwest,15,"[0, 0, 9, 6]",,,,,,,
401405077,2022,2,regular,2022-09-11T00:00:00.000Z,False,True,False,False,110012,3558,Michigan Stadium,130,Michigan,fbs,Big Ten,56,"[21, 21, 0, 14]",0.9940069913864136,1918,1961,62,Hawai'i,fbs,Mountain West,10,"[0, 0, 3, 7]",0.005993008613586426,1188,1145,1.930108853603686,,,
401405075,2022,2,regular,2022-09-11T00:00:00.000Z,False,True,False,False,46785,3830,"Memorial Stadium (Bloomington, IN)",84,Indiana,fbs,Big Ten,35,"[0, 0, 23, 12]",0.9801636338233948,1340,1340,70,Idaho,fcs,Big Sky,22,"[0, 10, 0, 12]",0.019836366176605225,,,4.046864226950523,,,
401404067,2022,2,regular,2022-09-11T00:00:00.000Z,False,True,False,False,43197,3616,Amon G. Carter Stadium,2628,TCU,fbs,Big 12,59,"[21, 17, 14, 7]",0.989249050617218,1505,1505,2627,Tarleton State,fcs,Western Athletic,17,"[0, 7, 10, 0]",0.010750949382781982,,,4.3603103170416695,,,
401413257,2022,2,regular,2022-09-11T00:00:00.000Z,False,True,False,False,27865,7311,Snapdragon Stadium,21,San Diego State,fbs,Mountain West,38,"[14, 7, 3, 14]",0.9876755475997925,1474,1474,304,Idaho State,fcs,Big Sky,7,"[7, 0, 0, 0]",0.01232445240020752,,,3.3563948872626184,,,
401411108,2022,2,regular,2022-09-11T00:00:00.000Z,False,True,False,True,65632,3799,Lane Stadium,259,Virginia Tech,fbs,ACC,27,"[10, 7, 7, 3]",1,1411,1451,103,Boston College,fbs,ACC,10,"[0, 3, 7, 0]",0,1438,1398,5.813773664926378,,,
401403978,2022,2,regular,2022-09-11T00:30:00.000Z,False,True,False,False,47289,3626,Autzen Stadium,2483,Oregon,fbs,Pac-12,70,"[14, 28, 21, 7]",0.9913486838340759,1467,1467,331,Eastern Washington,fcs,Big Sky,14,"[0, 7, 7, 0]",0.008651316165924072,,,1.968565727416855,,,
401426552,2022,2,regular,2022-09-11T01:00:00.000Z,False,True,False,False,23325,3946,Sun Bowl,2638,UTEP,fbs,Conference USA,20,"[3, 14, 3, 0]",0.8485046625137329,1286,1288,166,New Mexico State,fbs,FBS Independents,13,"[0, 0, 6, 7]",0.1514953374862671,1140,1138,4.891099785619221,,,
401420856,2022,2,regular,2022-09-11T01:00:00.000Z,False,True,False,False,,3745,Greater Zion Stadium,3101,Utah Tech,fcs,Western Athletic,56,"[7, 0, 21, 28]",0.9492214322090149,,,2123,Chadron State,ii,Rocky Mountain,10,"[0, 7, 0, 3]",0.05077856779098511,,,9.859954832276527,,,
401431592,2022,2,regular,2022-09-11T01:00:00.000Z,False,True,False,False,,5879,Tomlinson Stadium,2120,Central Washington,ii,Lone Star,24,"[3, 7, 7, 7]",,,,2703,Western New Mexico,ii,Lone Star,13,"[3, 10, 0, 0]",,,,,,,
401439548,2022,2,regular,2022-09-11T02:00:00.000Z,False,True,False,True,,5811,William Rolland Stadium,2094,Cal Lutheran,iii,So. Cal.,41,"[7, 7, 14, 13]",,,,411,Chapman,iii,So. Cal.,42,"[7, 14, 14, 7]",,,,,,,
401432831,2022,2,regular,2022-09-11T02:00:00.000Z,False,True,False,True,,6103,Merritt Field,2923,Pomona Pitzer,iii,So. Cal.,21,"[7, 0, 0, 14]",,,,29,Redlands,iii,So. Cal.,20,"[0, 14, 6, 0]",,,,,,,
401404062,2022,2,regular,2022-09-11T02:15:00.000Z,False,True,False,False,63470,3801,LaVell Edwards Stadium,252,BYU,fbs,FBS Independents,26,"[3, 7, 10, 0, 0, 6]",0.6175196713766509,1685,1692,239,Baylor,fbs,Big 12,20,"[0, 6, 7, 7, 0, 0]",0.38248032862334913,1690,1683,9.0953602799,,,
401403979,2022,2,regular,2022-09-11T02:30:00.000Z,False,True,False,False,41031,3660,Valley Children's Stadium,278,Fresno State,fbs,Mountain West,32,"[7, 6, 10, 9]",0.7043321132659912,1590,1586,204,Oregon State,fbs,Pac-12,35,"[7, 7, 7, 14]",0.2956678867340088,1593,1597,7.460307771236134,,,
401403875,2022,2,regular,2022-09-11T03:00:00.000Z,False,True,False,False,46275,3619,Arizona Stadium,12,Arizona,fbs,Pac-12,17,"[7, 3, 7, 0]",0.34806349873542786,1377,1343,344,Mississippi State,fbs,SEC,39,"[15, 3, 7, 14]",0.6519365012645721,1583,1617,5.002262880073938,,,
401432341,2022,3,regular,2022-09-15T23:30:00.000Z,False,True,False,True,,5875,Charlie W. Johnson Stadium,490,Benedict,ii,SIAC,24,"[0, 0, 10, 14]",,,,2542,Savannah State,ii,SIAC,6,"[0, 0, 0, 6]",,,,,,,
401455576,2022,3,regular,2022-09-16T22:00:00.000Z,False,True,False,False,,5876,Bentley University Football Stadium,2060,Bentley,ii,Northeast 10,49,"[28, 0, 14, 7]",,,,126086,Post,ii,Independent DII,6,"[0, 6, 0, 0]",,,,,,,
401435074,2022,3,regular,2022-09-16T23:00:00.000Z,False,True,False,False,,3750,Harvard Stadium,108,Harvard,fcs,Ivy,28,"[0, 7, 0, 14, 7]",0.4699380099773407,,,2771,Merrimack,fcs,NEC,21,"[0, 7, 6, 8, 0]",0.5300619900226593,,,7.954909889834326,,,
401444113,2022,3,regular,2022-09-16T23:00:00.000Z,False,True,False,True,,6071,Jess Dow Field,2583,Southern Connecticut State,ii,Northeast 10,7,"[0, 0, 0, 7]",,,,2487,Pace,ii,Northeast 10,27,"[0, 14, 6, 7]",,,,,,,
401445129,2022,3,regular,2022-09-16T23:00:00.000Z,False,True,False,False,,6113,Leckonby Stadium,2779,St. Lawrence,iii,Liberty League,15,"[0, 9, 0, 6]",,,,3110,SUNY Morrisville,iii,Empire 8,17,"[0, 7, 3, 7]",,,,,,,
401441953,2022,3,regular,2022-09-16T23:00:00.000Z,False,True,False,True,,6144,"Alumni Field (Westfield, MA)",2909,Westfield State,iii,MSCAC,20,"[0, 7, 13, 0]",,,,2843,Western Connecticut State,iii,MSCAC,34,"[3, 24, 7, 0]",,,,,,,
401411109,2022,3,regular,2022-09-16T23:30:00.000Z,False,True,False,True,46459,3873,L&N Federal Credit Union Stadium,97,Louisville,fbs,ACC,31,"[14, 7, 0, 10]",0.26828962564468384,1506,1499,52,Florida State,fbs,ACC,35,"[14, 0, 7, 14]",0.7317103743553162,1504,1511,8.145676962908633,,,
401415217,2022,3,regular,2022-09-17T00:00:00.000Z,False,True,False,True,18277,3984,War Memorial Stadium,2751,Wyoming,fbs,Mountain West,17,"[3, 7, 0, 7]",0.35133907198905945,1411,1416,2005,Air Force,fbs,Mountain West,14,"[0, 0, 7, 7]",0.6486609280109406,1695,1690,4.065095935328304,,,
401411114,2022,3,regular,2022-09-17T15:00:00.000Z,False,True,False,False,62043,3799,Lane Stadium,259,Virginia Tech,fbs,ACC,27,"[3, 17, 0, 7]",0.984261691570282,1446,1446,2747,Wofford,fcs,Southern,7,"[0, 0, 0, 7]",0.015738308429718018,,,5.987245233648639,,,
401426563,2022,3,regular,2022-09-17T16:00:00.000Z,False,True,False,False,48952,3830,"Memorial Stadium (Bloomington, IN)",84,Indiana,fbs,Big Ten,33,"[3, 7, 3, 17, 3]",0.2759527862071991,1335,1342,98,Western Kentucky,fbs,Conference USA,30,"[7, 10, 7, 6, 0]",0.7240472137928009,1719,1712,9.469956458285262,,,
401404070,2022,3,regular,2022-09-17T16:00:00.000Z,False,True,False,False,87161,3834,"Memorial Stadium (Lincoln, NE)",158,Nebraska,fbs,Big Ten,14,"[7, 0, 0, 7]",0.024662349373102188,1596,1523,201,Oklahoma,fbs,Big 12,49,"[14, 21, 14, 0]",0.9753376506268978,1811,1884,4.219445806119179,,,
401438651,2022,3,regular,2022-09-17T16:00:00.000Z,False,True,False,True,,5845,Elliot Field Athletic Complex,114,Fitchburg State,iii,MSCAC,10,"[0, 3, 0, 7]",,,,402,Worcester State,iii,MSCAC,56,"[14, 7, 14, 21]",,,,,,,
401438634,2022,3,regular,2022-09-17T16:00:00.000Z,False,True,False,True,,5842,Robert T. Shields Field,2221,FDU Florham,iii,Mid Atlantic,14,"[0, 14, 0, 0, 0]",,,,388,Lebanon Valley,iii,Mid Atlantic,17,"[7, 0, 0, 7, 3]",,,,,,,
401435093,2022,3,regular,2022-09-17T16:00:00.000Z,False,True,False,False,,3717,Edwin Fauver Stadium,184,Rochester (NY),iii,Liberty League,3,"[0, 3, 0, 0]",,,,2781,Brockport,iii,Empire 8,23,"[3, 13, 7, 0]",,,,,,,
401432881,2022,3,regular,2022-09-17T16:00:00.000Z,False,True,False,False,,6092,Bishop Stadium,286,North Carolina Wesleyan,iii,USA South,7,"[0, 7, 0, 0]",,,,2079,Bridgewater,iii,Old Dominion,48,"[14, 20, 0, 14]",,,,,,,
401444120,2022,3,regular,2022-09-17T16:00:00.000Z,False,True,False,True,,3920,Schmidt Stadium,398,Wilkes,iii,Mid Atlantic,44,"[7, 13, 14, 10]",,,,2725,Widener,iii,Mid Atlantic,20,"[0, 7, 7, 6]",,,,,,,
401443111,2022,3,regular,2022-09-17T16:00:00.000Z,False,True,False,True,,6136,Patterson Field,2667,Ursinus,iii,Centennial,35,"[0, 21, 7, 7]",,,,2422,Muhlenberg,iii,Centennial,28,"[0, 7, 14, 7]",,,,,,,
401444591,2022,3,regular,2022-09-17T16:00:00.000Z,False,True,False,True,,3690,Charles L. Currier Memorial Field,2972,Plymouth State,iii,MSCAC,41,"[0, 14, 14, 13]",,,,18,Bridgewater State,iii,MSCAC,34,"[7, 14, 7, 6]",,,,,,,
401431145,2022,3,regular,2022-09-17T16:00:00.000Z,False,True,False,False,,6111,Cook Stadium,86,Rose Hulman,iii,Heartland,17,"[7, 3, 0, 7]",,,,2790,Albion,iii,Michigan,49,"[7, 14, 21, 7]",,,,,,,
401433031,2022,3,regular,2022-09-17T16:00:00.000Z,False,True,False,True,,4431,Chryst Field at Biemesderfer Stadium,210,Millersville,ii,Pennsylvania State Athletic,14,"[7, 0, 7, 0]",,,,215,Slippery Rock,ii,Pennsylvania State Athletic,45,"[14, 14, 7, 10]",,,,,,,
401445213,2022,3,regular,2022-09-17T16:00:00.000Z,False,True,False,True,,5806,Whittier Field,340,Bowdoin,iii,NESCAC,41,"[14, 14, 0, 13]",,,,348,Hamilton,iii,NESCAC,13,"[0, 0, 6, 7]",,,,,,,
401438608,2022,3,regular,2022-09-17T16:00:00.000Z,False,True,False,False,,5637,Vendetti Field,2884,Nichols,iii,Commonwealth Coast,37,"[10, 6, 12, 9]",,,,2557,Coast Guard,iii,NEWMAC,33,"[7, 0, 6, 20]",,,,,,,
401422998,2022,3,regular,2022-09-17T16:00:00.000Z,False,True,False,False,,3741,Goodman Stadium,2329,Lehigh,fcs,Patriot,6,"[0, 0, 6, 0]",0.013662206940352917,,,257,Richmond,fcs,CAA,30,"[7, 13, 7, 3]",0.9863377930596471,,,4.2897077201804885,,,
401433150,2022,3,regular,2022-09-17T16:00:00.000Z,False,True,False,False,,6221,Mitchell Stadium,124180,Bluefield State,ii,Independent DII,27,"[7, 7, 7, 6]",,,,2119,Central State,ii,SIAC,23,"[0, 7, 14, 2]",,,,,,,
401431052,2022,3,regular,2022-09-17T16:00:00.000Z,False,True,False,False,,3995,Dr. John W. Winkin Sports Complex,2280,Husson,iii,Commonwealth Coast,23,"[3, 7, 0, 13]",,,,3162,Alfred State,iii,ECFC,17,"[0, 10, 0, 7]",,,,,,,
401431042,2022,3,regular,2022-09-17T16:00:00.000Z,False,True,False,False,,5831,Dale Lippert Field,110438,Dean,iii,ECFC,25,"[6, 6, 0, 13]",,,,40,Curry,iii,Commonwealth Coast,33,"[13, 0, 13, 7]",,,,,,,
401432978,2022,3,regular,2022-09-17T16:00:00.000Z,False,True,False,True,,4440,Sox Harrison Stadium,2205,Edinboro,ii,Pennsylvania State Athletic,23,"[3, 7, 0, 7, 6]",,,,2071,Bloomsburg,ii,Pennsylvania State Athletic,20,"[0, 7, 10, 0, 3]",,,,,,,
401433038,2022,3,regular,2022-09-17T16:00:00.000Z,False,True,False,True,,3859,Offutt Field,611,Seton Hill,ii,Pennsylvania State Athletic,7,"[0, 0, 7, 0]",,,,2188,East Stroudsburg,ii,Pennsylvania State Athletic,22,"[3, 6, 3, 10]",,,,,,,
401450193,2022,3,regular,2022-09-17T16:00:00.000Z,False,True,False,False,,6114,Sea Gull Stadium,2532,Salisbury,iii,New Jersey,42,"[7, 7, 14, 14]",,,,3178,Ave Maria University,,,14,"[0, 14, 0, 0]",,,,,,,
401450198,2022,3,regular,2022-09-17T16:00:00.000Z,False,True,False,False,,3709,Hempstead Stadium,452,Endicott,iii,Commonwealth Coast,28,"[0, 7, 14, 7]",,,,2442,The College of New Jersey,iii,New Jersey,7,"[7, 0, 0, 0]",,,,,,,
401416603,2022,3,regular,2022-09-17T16:00:00.000Z,False,True,False,False,15452,3696,Dix Stadium,2309,Kent State,fbs,Mid-American,63,"[7, 28, 14, 14]",0.9412615895271301,1252,1252,2341,Long Island University,fcs,NEC,10,"[7, 3, 0, 0]",0.05873841047286987,,,6.557079758712228,,,
401439528,2022,3,regular,2022-09-17T16:00:00.000Z,False,True,False,False,,6119,Stagg Field,81,Springfield,iii,NEWMAC,6,"[3, 3, 0, 0]",,,,237,Union,iii,Liberty League,21,"[7, 7, 0, 7]",,,,,,,
401420779,2022,3,regular,2022-09-17T16:00:00.000Z,False,True,False,False,,3762,Hughes Stadium,2415,Morgan State,fcs,MEAC,24,"[3, 7, 14, 0]",,,,2529,Sacred Heart,fcs,NEC,9,"[0, 2, 0, 7]",,,,,,,
401432989,2022,3,regular,2022-09-17T16:00:00.000Z,False,True,False,True,,5133,Ram Stadium (WV),2974,Shepherd,ii,Pennsylvania State Athletic,26,"[6, 7, 0, 10, 3]",,,,2858,California (PA),ii,Pennsylvania State Athletic,23,"[0, 10, 7, 6, 0]",,,,,,,
401403887,2022,3,regular,2022-09-17T16:00:00.000Z,False,True,False,False,53253,3838,Memorial Stadium,142,Missouri,fbs,SEC,34,"[14, 3, 14, 3]",1,1405,1405,2000,Abilene Christian,fcs,Western Athletic,17,"[3, 0, 7, 7]",0,,,2.2171528888745873,,,
401405083,2022,3,regular,2022-09-17T16:00:00.000Z,False,True,False,False,23146,3911,Ryan Field,77,Northwestern,fbs,Big Ten,24,"[7, 7, 0, 10]",0.08450310677289963,1357,1357,79,Southern Illinois,fcs,MVFC,31,"[0, 14, 3, 14]",0.9154968932271004,,,7.960253748892134,,,
401443117,2022,3,regular,2022-09-17T16:00:00.000Z,False,True,False,True,,5127,Gene L. Shirk Stadium,2015,Albright,iii,Mid Atlantic,21,"[7, 0, 14, 0]",,,,2969,Misericordia,iii,Mid Atlantic,27,"[14, 0, 7, 6]",,,,,,,
401441942,2022,3,regular,2022-09-17T16:00:00.000Z,False,True,False,False,,5810,Coyer Field,2085,Buffalo State,iii,Liberty League,7,"[0, 0, 0, 7]",,,,2782,SUNY Cortland,iii,Empire 8,66,"[28, 21, 7, 10]",,,,,,,
401433058,2022,3,regular,2022-09-17T16:00:00.000Z,False,True,False,True,,4441,McConnell Family Stadium,367,Gannon,ii,Pennsylvania State Athletic,23,"[3, 20, 0, 0]",,,,223,West Chester,ii,Pennsylvania State Athletic,29,"[7, 10, 7, 5]",,,,,,,
401432102,2022,3,regular,2022-09-17T16:00:00.000Z,False,True,False,True,,5121,University of Charleston Stadium,2128,Charleston (WV),ii,Mountain East,28,"[0, 14, 7, 7]",,,,341,Frostburg State,ii,Mountain East,34,"[7, 10, 10, 7]",,,,,,,
401431812,2022,3,regular,2022-09-17T16:00:00.000Z,False,True,False,False,,3698,Donnell Stadium,2224,Findlay,ii,Great Midwest Athletic,52,"[7, 21, 14, 10]",,,,2586,Southwest Baptist,ii,Great Lakes,35,"[14, 14, 7, 0]",,,,,,,
401432128,2022,3,regular,2022-09-17T16:00:00.000Z,False,True,False,True,,6063,Mueller Field,587,Notre Dame College,ii,Mountain East,34,"[7, 14, 10, 3]",,,,2699,West Liberty,ii,Mountain East,17,"[7, 7, 3, 0]",,,,,,,
401438615,2022,3,regular,2022-09-17T16:00:00.000Z,False,True,False,False,,6115,Toppa Field,2776,Salve Regina,iii,Commonwealth Coast,14,"[7, 0, 0, 7]",,,,2818,Montclair State,iii,New Jersey,31,"[7, 17, 0, 7]",,,,,,,
401405084,2022,3,regular,2022-09-17T16:00:00.000Z,False,True,False,False,35943,1964,JMA Wireless Dome,183,Syracuse,fbs,ACC,32,"[3, 0, 7, 22]",0.5471313996931042,1537,1539,2509,Purdue,fbs,Big Ten,29,"[6, 3, 0, 20]",0.4528686003068958,1631,1629,9.1117096253,,,
401403884,2022,3,regular,2022-09-17T16:00:00.000Z,False,True,False,False,59308,3683,Kroger Field,96,Kentucky,fbs,SEC,31,"[0, 21, 7, 3]",0.9912877678871155,1731,1731,2754,Youngstown State,fcs,MVFC,0,"[0, 0, 0, 0]",0.008712232112884521,,,3.2654599937606608,,,
401403888,2022,3,regular,2022-09-17T16:00:00.000Z,False,True,False,True,78212,3994,Williams-Brice Stadium,2579,South Carolina,fbs,SEC,7,"[0, 0, 0, 7]",0.021045170724391937,1521,1470,61,Georgia,fbs,SEC,48,"[14, 10, 21, 3]",0.9789548292756081,2070,2121,2.853866126313109,,,
401404071,2022,3,regular,2022-09-17T16:00:00.000Z,False,True,False,False,45597,4727,McLane Stadium,239,Baylor,fbs,Big 12,42,"[7, 14, 7, 14]",0.9807423949241638,1683,1733,326,Texas State,fbs,Sun Belt,7,"[0, 7, 0, 0]",0.01925760507583618,1299,1249,2.8618720244244424,,,
401432573,2022,3,regular,2022-09-17T16:00:00.000Z,False,True,False,True,,5855,Charles A. Henry Field,2274,Hiram,iii,North Coast,0,[],,,,83,DePauw,iii,North Coast,44,[],,,,,,,
401431061,2022,3,regular,2022-09-17T16:00:00.000Z,False,True,False,False,,6135,Blue Storm Stadium,111675,New England,iii,Commonwealth Coast,31,"[0, 10, 14, 7]",,,,417,Gallaudet,iii,ECFC,34,"[7, 6, 14, 7]",,,,,,,
401438682,2022,3,regular,2022-09-17T16:00:00.000Z,False,True,True,False,,,,125974,Hilbert,iii,North Coast,20,"[14, 0, 0, 6]",,,,2930,Willamette,iii,Northwest,31,"[14, 10, 7, 0]",,,,,,,
401404149,2022,3,regular,2022-09-17T16:00:00.000Z,False,True,False,False,109639,3558,Michigan Stadium,130,Michigan,fbs,Big Ten,59,"[17, 21, 7, 14]",0.9917205572128296,1961,2024,41,UConn,fbs,FBS Independents,0,"[0, 0, 0, 0]",0.00827944278717041,1075,1012,1.6222038826665668,,,
401404136,2022,3,regular,2022-09-17T16:00:00.000Z,False,True,False,False,32320,3841,Michie Stadium,349,Army,fbs,FBS Independents,49,"[14, 7, 7, 21]",0.9957761168479919,1527,1527,222,Villanova,fcs,CAA,10,"[7, 0, 3, 0]",0.004223883152008057,,,2.608081347943349,,,
401431842,2022,3,regular,2022-09-17T16:00:00.000Z,False,True,False,False,,4015,Barron Stadium,2560,Shorter,ii,Gulf South,20,"[7, 7, 0, 6]",,,,2013,Albany State,ii,SIAC,42,"[14, 7, 14, 7]",,,,,,,
401429862,2022,3,regular,2022-09-17T16:00:00.000Z,False,True,False,True,,5941,Roebuck Stadium,2207,Elizabeth City State,ii,CIAA,20,"[0, 0, 7, 13]",,,,2736,Winston-Salem State,ii,CIAA,17,"[10, 0, 0, 7]",,,,,,,
401431519,2022,3,regular,2022-09-17T16:00:00.000Z,False,True,False,False,,3718,Tom Benson Hall of Fame Stadium,2682,Walsh,ii,Great Midwest Athletic,13,"[3, 7, 3, 0]",,,,2825,Quincy,ii,Great Lakes,28,"[0, 2, 12, 14]",,,,,,,
401431816,2022,3,regular,2022-09-17T16:00:00.000Z,False,True,False,True,,5934,Farmers Insurance Athletic Complex,110254,Davenport,ii,GLIAC,31,"[14, 7, 10, 0]",,,,128,Northern Michigan,ii,GLIAC,21,"[7, 7, 7, 0]",,,,,,,
401415623,2022,3,regular,2022-09-17T16:00:00.000Z,False,True,True,False,30109,3874,Paul Brown Stadium,193,Miami (OH),fbs,Mid-American,17,"[10, 7, 0, 0]",0.0932377427816391,1473,1459,2132,Cincinnati,fbs,American Athletic,38,"[7, 17, 7, 7]",0.9067622572183609,1781,1795,4.183918847604244,,,
401433014,2022,3,regular,2022-09-17T16:00:00.000Z,False,True,False,True,,4428,Saxon Stadium,2385,Mercyhurst,ii,Pennsylvania State Athletic,31,"[7, 17, 0, 7]",,,,2315,Kutztown,ii,Pennsylvania State Athletic,50,"[3, 14, 26, 7]",,,,,,,
401415186,2022,3,regular,2022-09-17T16:30:00.000Z,False,True,False,False,,3656,Brown Stadium,225,Brown,fcs,Ivy,44,"[3, 0, 7, 21, 7, 6]",,,,2803,Bryant,fcs,Big South,38,"[7, 3, 14, 7, 7, 0]",,,,,,,
401404073,2022,3,regular,2022-09-17T17:00:00.000Z,False,True,False,False,50703,3842,Milan Puskar Stadium,277,West Virginia,fbs,Big 12,65,"[21, 24, 6, 14]",0.9893914461135864,1442,1442,119,Towson,fcs,CAA,7,"[7, 0, 0, 0]",0.010608553886413574,,,2.2899559367895104,,,
401445220,2022,3,regular,2022-09-17T17:00:00.000Z,False,True,False,False,,3870,Panther Stadium (OH),2477,Ohio Dominican,ii,Great Midwest Athletic,31,"[14, 7, 7, 3]",,,,2911,William Jewell,ii,Great Lakes,21,"[0, 0, 7, 14]",,,,,,,
401432414,2022,3,regular,2022-09-17T17:00:00.000Z,False,True,False,True,,3606,Scheels Field at Nemzek Stadium,2817,Minnesota St Moorhead,ii,Northern Sun,7,"[0, 0, 0, 7]",,,,2043,Augustana (SD),ii,Northern Sun,31,"[14, 7, 10, 0]",,,,,,,
401432700,2022,3,regular,2022-09-17T17:00:00.000Z,False,True,False,False,,5840,Fred Selfe Stadium at Nicewonder Field,2213,Emory & Henry,ii,South Atlantic,23,"[7, 3, 7, 3, 0, 3]",,,,2444,Newberry,ii,South Atlantic,26,"[10, 3, 7, 0, 0, 6]",,,,,,,
401435141,2022,3,regular,2022-09-17T17:00:00.000Z,False,True,False,False,,5997,Brooks Stadium (NY),2383,Merchant Marine,iii,NEWMAC,48,"[7, 21, 13, 7]",,,,2951,SUNY Maritime,iii,ECFC,13,"[6, 0, 0, 7]",,,,,,,
401424424,2022,3,regular,2022-09-17T17:00:00.000Z,False,True,False,True,,3824,Meade Stadium,227,Rhode Island,fcs,CAA,21,"[0, 7, 7, 7]",0.002303073415532708,,,48,Delaware,fcs,CAA,42,"[7, 28, 0, 7]",0.9976969265844673,,,3.197240486051191,,,
401424404,2022,3,regular,2022-09-17T17:00:00.000Z,False,True,False,False,,5389,Kessler Stadium,2405,Monmouth,fcs,CAA,45,"[14, 7, 7, 17]",0.9850807785987854,,,46,Georgetown,fcs,Patriot,6,"[3, 3, 0, 0]",0.0149192214012146,,,2.8580609150382275,,,
401438171,2022,3,regular,2022-09-17T17:00:00.000Z,False,True,False,False,,3988,Welcome Stadium,2168,Dayton,fcs,Pioneer,46,"[7, 3, 22, 14]",,,,2310,Kentucky State,ii,SIAC,3,"[0, 3, 0, 0]",,,,,,,
401438663,2022,3,regular,2022-09-17T17:00:00.000Z,False,True,False,False,,6105,Day Field,2516,Randolph Macon,iii,Old Dominion,47,"[0, 19, 21, 7]",,,,2896,Southern Virginia,iii,USA South,20,"[3, 10, 7, 0]",,,,,,,
401431129,2022,3,regular,2022-09-17T17:00:00.000Z,False,True,False,False,,3614,Alumni Stadium (IN),2262,Hanover,iii,Heartland,28,"[7, 0, 7, 14]",,,,354,Olivet,iii,Michigan,31,"[0, 3, 14, 14]",,,,,,,
401441947,2022,3,regular,2022-09-17T17:00:00.000Z,False,True,False,False,,6150,Wightman Stadium,2970,William Paterson,iii,New Jersey,27,"[7, 0, 7, 13]",,,,122774,Keystone,iii,ECFC,20,"[7, 13, 0, 0]",,,,,,,
401432750,2022,3,regular,2022-09-17T17:00:00.000Z,False,True,False,True,,5814,Gesling Stadium,2102,Carnegie Mellon,iii,Presidents',40,"[17, 6, 0, 17]",,,,146,Grove City,iii,Presidents',33,"[3, 10, 7, 13]",,,,,,,
401435065,2022,3,regular,2022-09-17T17:00:00.000Z,False,True,False,False,,6143,Golden Bear Stadium,2702,Western New England,iii,Commonwealth Coast,21,"[3, 6, 0, 12]",,,,390,Utica,iii,Empire 8,23,"[7, 13, 0, 3]",,,,,,,
401439533,2022,3,regular,2022-09-17T17:00:00.000Z,False,True,False,True,,3851,Mustang Stadium,471,Stevenson,iii,Mid Atlantic,40,"[13, 7, 10, 10]",,,,111674,Alvernia,iii,Mid Atlantic,18,"[6, 12, 0, 0]",,,,,,,
401431161,2022,3,regular,2022-09-17T17:00:00.000Z,False,True,False,False,,5940,Clean Harbors Stadium,110,Mass Maritime,iii,MSCAC,14,"[7, 7, 0, 0]",,,,15,Anna Maria College,iii,ECFC,23,"[0, 12, 3, 8]",,,,,,,
401432531,2022,3,regular,2022-09-17T17:00:00.000Z,False,True,False,True,,6124,Amos Alonzo Stagg Field (PA),216,Susquehanna,iii,Centennial,37,"[10, 14, 7, 6]",,,,323,Moravian,iii,Centennial,3,"[0, 3, 0, 0]",,,,,,,
401441254,2022,3,regular,2022-09-17T17:00:00.000Z,False,True,False,True,,6141,Corwin Stadium,336,Wesleyan (CT),iii,NESCAC,41,"[3, 10, 14, 14]",,,,121,Bates,iii,NESCAC,10,"[0, 3, 0, 7]",,,,,,,
401433108,2022,3,regular,2022-09-17T17:00:00.000Z,False,True,False,False,,6033,Carl Smith Stadium,2842,UVA Wise,ii,South Atlantic,20,"[7, 7, 0, 6]",,,,122666,Barton,ii,South Atlantic,40,"[7, 7, 16, 10]",,,,,,,
401431552,2022,3,regular,2022-09-17T17:00:00.000Z,False,True,False,True,,3747,Hantz Stadium,2886,Northwood,ii,Great Midwest Athletic,14,[],,,,129,Saginaw Valley State,ii,GLIAC,35,[],,,,,,,
401437209,2022,3,regular,2022-09-17T17:00:00.000Z,False,True,False,False,,5856,Boswell Field at David J. Urick Stadium,174,Hobart,iii,Liberty League,17,"[7, 10, 0, 0]",,,,374,St. John Fisher,iii,Empire 8,0,"[0, 0, 0, 0]",,,,,,,
401443124,2022,3,regular,2022-09-17T17:00:00.000Z,False,True,False,True,,3677,Chuck Noll Field,2614,Saint Vincent,iii,Presidents',24,"[7, 7, 10, 0]",,,,2644,Thiel,iii,Presidents',16,"[0, 8, 0, 8]",,,,,,,
401429852,2022,3,regular,2022-09-17T17:00:00.000Z,False,True,False,True,,6068,George Williams Athletic Complex,2551,Shaw,ii,CIAA,17,"[0, 3, 7, 7]",,,,2075,Bowie State,ii,CIAA,14,"[7, 0, 7, 0]",,,,,,,
401433124,2022,3,regular,2022-09-17T17:00:00.000Z,False,True,False,True,,3663,Burke-Tarr Stadium,2105,Carson Newman,ii,South Atlantic,37,"[9, 6, 8, 7, 7, 0]",,,,2336,Limestone,ii,South Atlantic,40,"[14, 6, 3, 7, 7, 3]",,,,,,,
401431031,2022,3,regular,2022-09-17T17:00:00.000Z,False,True,False,True,,5124,Homewood Field,118,Johns Hopkins,iii,Centennial,70,"[35, 28, 7, 0]",,,,246,Juniata,iii,Centennial,0,"[0, 0, 0, 0]",,,,,,,
401432610,2022,3,regular,2022-09-17T17:00:00.000Z,False,True,False,True,,5834,Deeds Field-Piper Stadium,2171,Denison,iii,North Coast,51,"[0, 28, 23, 0]",,,,391,Oberlin,iii,North Coast,10,"[0, 0, 3, 7]",,,,,,,
401435196,2022,3,regular,2022-09-17T17:00:00.000Z,False,True,False,False,,5892,Armfield Athletic Center,2258,Guilford,iii,Old Dominion,7,"[7, 0, 0, 0]",,,,2938,Huntingdon,iii,USA South,47,"[13, 14, 7, 13]",,,,,,,
401444450,2022,3,regular,2022-09-17T17:00:00.000Z,False,True,False,True,,6046,Meares Stadium,2369,Mars Hill,ii,South Atlantic,38,"[14, 10, 7, 7]",,,,2107,Catawba,ii,South Atlantic,7,"[0, 0, 0, 7]",,,,,,,
401437186,2022,3,regular,2022-09-17T17:00:00.000Z,False,True,False,True,,6058,Ralph F. DellaCamera Stadium,2441,New Haven,ii,Northeast 10,54,"[6, 21, 13, 14]",,,,2022,American International,ii,Northeast 10,26,"[10, 10, 6, 0]",,,,,,,
401445807,2022,3,regular,2022-09-17T17:00:00.000Z,False,True,False,True,,5689,Seaverns Field At Harold Alfond Stadium,33,Colby,iii,NESCAC,24,"[14, 0, 7, 3]",,,,2731,Williams,iii,NESCAC,14,"[0, 14, 0, 0]",,,,,,,
401432735,2022,3,regular,2022-09-17T17:00:00.000Z,False,True,False,False,,5998,Monarch Stadium,291,Methodist,iii,USA South,14,"[7, 7, 0, 0]",,,,2688,Washington and Lee,iii,Old Dominion,37,"[6, 10, 14, 7]",,,,,,,
401430718,2022,3,regular,2022-09-17T17:00:00.000Z,False,True,False,True,,5220,Garrison Stadium,2804,Chowan,ii,CIAA,32,"[7, 7, 3, 15]",,,,2304,Johnson C. Smith,ii,CIAA,29,"[7, 7, 6, 9]",,,,,,,
401431109,2022,3,regular,2022-09-17T17:00:00.000Z,False,True,False,False,,5862,Butterfield Stadium,175,Ithaca,iii,Liberty League,52,"[7, 31, 7, 7]",,,,365,Alfred,iii,Empire 8,3,"[3, 0, 0, 0]",,,,,,,
401432719,2022,3,regular,2022-09-17T17:00:00.000Z,False,True,False,False,,5896,Lewis C. Everett Stadium,297,Hampden Sydney,iii,Old Dominion,70,"[28, 14, 21, 7]",,,,2256,Greensboro,iii,USA South,28,"[0, 21, 7, 0]",,,,,,,
401432147,2022,3,regular,2022-09-17T17:00:00.000Z,False,True,False,True,,5887,I.L. & Sue Morris Stadium,2249,Glenville State,ii,Mountain East,45,"[10, 21, 14, 0]",,,,2882,UNC Pembroke,ii,Mountain East,17,"[10, 0, 0, 7]",,,,,,,
401432092,2022,3,regular,2022-09-17T17:00:00.000Z,False,True,False,True,,4421,Multi-Sport Performance Stadium,2017,Alderson-Broaddus,ii,Mountain East,41,"[10, 10, 14, 7]",,,,112335,Wheeling,ii,Mountain East,56,"[21, 14, 14, 7]",,,,,,,
401432728,2022,3,regular,2022-09-17T17:00:00.000Z,False,True,False,False,,5932,Lloyd L. Thornton Stadium,2373,Maryville (TN),iii,USA South,29,"[7, 0, 3, 19]",,,,2828,Shenandoah,iii,Old Dominion,34,"[14, 14, 0, 6]",,,,,,,
401445173,2022,3,regular,2022-09-17T17:00:00.000Z,False,True,False,True,,5907,McCarthy Stadium (Wilkes Barre),247,King's,iii,Mid Atlantic,6,"[0, 3, 0, 3]",,,,2808,Delaware Valley,iii,Mid Atlantic,26,"[0, 13, 7, 6]",,,,,,,
401446233,2022,3,regular,2022-09-17T17:00:00.000Z,False,True,False,True,,5851,Shirk Field at Musselman Stadium,2248,Gettysburg,iii,Centennial,9,"[0, 3, 6, 0]",,,,2175,Dickinson,iii,Centennial,35,"[14, 7, 0, 14]",,,,,,,
401424425,2022,3,regular,2022-09-17T17:00:00.000Z,False,True,False,False,,150,Jack Coffey Field,2230,Fordham,fcs,Patriot,48,"[10, 7, 10, 21]",1,,,399,UAlbany,fcs,CAA,45,"[0, 24, 14, 7]",0,,,11.76880931347755,,,
401435133,2022,3,regular,2022-09-17T17:00:00.000Z,False,True,False,False,,6202,Cardinal Stadium (DC),2108,Catholic,iii,NEWMAC,14,"[7, 0, 7, 0]",,,,2871,Kean,iii,New Jersey,33,"[3, 17, 3, 10]",,,,,,,
401423413,2022,3,regular,2022-09-17T17:00:00.000Z,False,True,False,False,,4416,Spec Martin Municipal Stadium,56,Stetson,fcs,Pioneer,14,"[7, 7, 0, 0]",0.01832282543182373,,,163,Princeton,fcs,Ivy,39,"[7, 15, 10, 7]",0.9816771745681763,,,6.754944664848131,,,
401413335,2022,3,regular,2022-09-17T17:00:00.000Z,False,True,False,False,,3829,Memorial Stadium,282,Indiana State,fcs,MVFC,14,"[7, 0, 0, 7]",,,,149,Montana,fcs,Big Sky,49,"[14, 7, 14, 14]",,,,,,,
401432710,2022,3,regular,2022-09-17T17:00:00.000Z,False,True,False,False,,5910,Callaway Stadium,548,LaGrange,iii,USA South,44,"[10, 14, 14, 6]",,,,366,Ferrum,iii,Old Dominion,38,"[7, 21, 0, 10]",,,,,,,
401455584,2022,3,regular,2022-09-17T17:00:00.000Z,False,True,True,False,,5860,Mapleleaf Athletic Complex,2295,Iowa Wesleyan,,,55,"[14, 24, 7, 10]",,,,109418,Finlandia University,iii,Upper Midwest,0,"[0, 0, 0, 0]",,,,,,,
401433007,2022,3,regular,2022-09-17T17:00:00.000Z,False,True,False,True,,4429,Seth Grove Stadium,2559,Shippensburg,ii,Pennsylvania State Athletic,21,"[0, 0, 14, 7]",,,,2291,IU Pennsylvania,ii,Pennsylvania State Athletic,44,"[14, 14, 9, 7]",,,,,,,
401416601,2022,3,regular,2022-09-17T17:00:00.000Z,False,True,False,False,13372,3654,Brooks Stadium (SC),324,Coastal Carolina,fbs,Sun Belt,38,"[7, 7, 3, 21]",0.942115306854248,1657,1656,2084,Buffalo,fbs,Mid-American,26,"[6, 10, 3, 7]",0.05788469314575195,1344,1345,7.162498110760766,,,
401432795,2022,3,regular,2022-09-17T17:00:00.000Z,False,True,False,False,,4422,Valhalla Stadium,2757,Berry,iii,Southern Athletic,3,"[0, 3, 0, 0]",,,,2745,Wisconsin Whitewater,iii,Wisconsin,17,"[0, 14, 3, 0]",,,,,,,
401431527,2022,3,regular,2022-09-17T17:00:00.000Z,False,True,False,False,,3729,"Frank ""Muddy"" Waters Stadium",2273,Hillsdale,ii,Great Midwest Athletic,13,"[6, 7, 0, 0]",,,,2654,Truman State,ii,Great Lakes,21,"[0, 0, 7, 14]",,,,,,,
401416602,2022,3,regular,2022-09-17T17:00:00.000Z,False,True,False,False,21554,3786,Kelly/Shorts Stadium,2117,Central Michigan,fbs,Mid-American,41,"[0, 7, 13, 21]",0.9956057071685791,1483,1483,2083,Bucknell,fcs,Patriot,0,"[0, 0, 0, 0]",0.0043942928314208984,,,3.9972866959665208,,,
401436999,2022,3,regular,2022-09-17T17:00:00.000Z,False,True,False,True,,3922,Kenneth R. Gill Stadium,2700,McDaniel,iii,Centennial,3,"[0, 3, 0, 0]",,,,2234,Franklin & Marshall,iii,Centennial,35,"[21, 0, 7, 7]",,,,,,,
401438181,2022,3,regular,2022-09-17T17:00:00.000Z,False,True,False,True,,5785,Dickerson Stadium,2707,West Virginia State,ii,Mountain East,34,"[7, 7, 13, 7]",,,,2986,Fairmont State,ii,Mountain East,29,"[6, 14, 3, 6]",,,,,,,
401423914,2022,3,regular,2022-09-17T17:00:00.000Z,False,True,False,False,,3730,Franklin Field,219,Pennsylvania,fcs,Ivy,25,"[3, 0, 12, 10]",0.9960164662458083,,,2142,Colgate,fcs,Patriot,14,"[3, 11, 0, 0]",0.003983533754191693,,,6.7207917639,,,
401432582,2022,3,regular,2022-09-17T17:00:00.000Z,False,True,False,True,,5906,McBride Field,352,Kenyon,iii,North Coast,28,"[7, 7, 7, 7]",,,,2746,Wittenberg,iii,North Coast,51,"[14, 17, 17, 3]",,,,,,,
401432767,2022,3,regular,2022-09-17T17:00:00.000Z,False,True,False,True,,6140,John F. Wiley Stadium,2845,Waynesburg,iii,Presidents',37,"[14, 14, 7, 2]",,,,2242,Geneva,iii,Presidents',30,"[17, 7, 6, 0]",,,,,,,
401431137,2022,3,regular,2022-09-17T17:30:00.000Z,False,True,False,False,,6088,Schueler Field,2419,Mount St Joseph,iii,Heartland,33,"[13, 6, 7, 7]",,,,2812,Hope,iii,Michigan,28,"[0, 14, 7, 7]",,,,,,,
401431171,2022,3,regular,2022-09-17T17:30:00.000Z,False,True,False,True,,5939,Cressy Field,379,UMass Dartmouth,iii,MSCAC,46,"[14, 15, 10, 7]",,,,2967,Framingham State,iii,MSCAC,21,"[7, 0, 7, 7]",,,,,,,
401432663,2022,3,regular,2022-09-17T17:30:00.000Z,False,True,False,True,,5863,Don Shula Stadium at Wasmer Field,2302,John Carroll,iii,Ohio,21,"[7, 0, 7, 7]",,,,188,Baldwin Wallace,iii,Ohio,7,"[0, 0, 0, 7]",,,,,,,
401431119,2022,3,regular,2022-09-17T17:30:00.000Z,False,True,False,False,,3716,"Stewart """"Red"""" Faught Stadium",2233,Franklin,iii,Heartland,21,"[7, 7, 0, 7]",,,,2651,Trine,iii,Michigan,55,"[14, 13, 21, 7]",,,,,,,
401418603,2022,3,regular,2022-09-17T17:30:00.000Z,False,True,False,False,,3826,Memorial Field,159,Dartmouth,fcs,Ivy,35,"[7, 14, 7, 7]",1,,,2674,Valparaiso,fcs,Pioneer,13,"[3, 7, 3, 0]",0,,,2.9096175660405743,,,
401432681,2022,3,regular,2022-09-17T17:30:00.000Z,False,True,False,True,,4856,Mount Union Stadium,426,Mount Union,iii,Ohio,55,"[14, 17, 10, 14]",,,,317,Marietta,iii,Ohio,7,"[7, 0, 0, 0]",,,,,,,
401435122,2022,3,regular,2022-09-17T17:30:00.000Z,False,True,False,True,,6133,Ellis Oval at Zimman Field,112,Tufts,iii,NESCAC,23,"[0, 3, 7, 13]",,,,2977,Trinity (CT),iii,NESCAC,26,"[16, 10, 0, 0]",,,,,,,
401431208,2022,3,regular,2022-09-17T17:30:00.000Z,False,True,False,False,,5832,Justin F. Coressel Stadium,190,Defiance College,iii,Heartland,23,"[10, 0, 7, 6]",,,,126,Kalamazoo,iii,Michigan,42,"[7, 0, 28, 7]",,,,,,,
401415404,2022,3,regular,2022-09-17T17:30:00.000Z,False,True,False,False,,3597,Alumni Memorial Field,2678,VMI,fcs,Southern,22,"[2, 0, 0, 20]",,,,172,Cornell,fcs,Ivy,28,"[7, 14, 7, 0]",,,,,,,
401420789,2022,3,regular,2022-09-17T18:00:00.000Z,False,True,False,False,,3991,"William Dick"""" Price Stadium""""",2450,Norfolk State,fcs,MEAC,7,"[7, 0, 0, 0]",0.12982822954654694,,,2261,Hampton,fcs,CAA,17,"[7, 0, 7, 3]",0.8701717704534531,,,5.913777033067956,,,
401432973,2022,3,regular,2022-09-17T18:00:00.000Z,False,True,False,True,,6052,Herb Parker Stadium,568,Minot State,ii,Northern Sun,10,"[3, 0, 7, 0]",,,,2844,Wayne State (NE),ii,Northern Sun,49,"[21, 14, 0, 14]",,,,,,,
401403991,2022,3,regular,2022-09-17T18:00:00.000Z,False,True,False,False,29344,1056,Rose Bowl,26,UCLA,fbs,Pac-12,32,"[6, 7, 10, 9]",0.7143702507019043,1690,1682,6,South Alabama,fbs,Sun Belt,31,"[10, 7, 14, 0]",0.2856297492980957,1402,1410,10.65218949717044,,,
401431078,2022,3,regular,2022-09-17T18:00:00.000Z,False,True,False,True,,5839,Langhorst Field,72,Elmhurst,iii,CCIW,16,"[0, 0, 3, 13]",,,,2042,Augustana (IL),iii,CCIW,34,"[13, 7, 7, 7]",,,,,,,
401413226,2022,3,regular,2022-09-17T18:00:00.000Z,False,True,False,False,,1905,DakotaDome,233,South Dakota,fcs,MVFC,38,"[21, 0, 0, 17]",0.9690779447555542,,,13,Cal Poly,fcs,Big Sky,21,"[7, 0, 0, 14]",0.0309220552444458,,,2.6262575329037885,,,
401405089,2022,3,regular,2022-09-17T18:00:00.000Z,False,True,False,False,33297,3806,Lincoln Financial Field,218,Temple,fbs,American Athletic,14,"[7, 0, 0, 7]",0.031354669481515884,1029,1044,164,Rutgers,fbs,Big Ten,16,"[3, 7, 3, 3]",0.9686453305184841,1370,1355,5.96069720548891,,,
401432373,2022,3,regular,2022-09-17T18:00:00.000Z,False,True,False,True,,5942,Francis G. Welch Stadium,2214,Emporia State,ii,Mid America,36,"[9, 13, 7, 7]",,,,137,Missouri Western,ii,Mid America,12,"[0, 6, 6, 0]",,,,,,,
401425514,2022,3,regular,2022-09-17T18:00:00.000Z,False,True,False,False,,3613,Alumni Stadium,2169,Delaware State,fcs,MEAC,35,"[14, 14, 0, 7]",0.9641484022140503,,,2355,Virginia Lynchburg,,,19,"[9, 0, 3, 7]",0.03585159778594971,,,7.745016204516305,,,
401439524,2022,3,regular,2022-09-17T18:00:00.000Z,False,True,False,False,,5853,Francis Field (IL),2257,Greenville,iii,Upper Midwest,49,"[14, 21, 7, 7]",,,,2362,Manchester,iii,Heartland,22,"[0, 9, 0, 13]",,,,,,,
401432562,2022,3,regular,2022-09-17T18:00:00.000Z,False,True,False,True,,6284,Village of Lisle-Benedictine University Sports Complex,2283,Benedictine (IL),iii,NACC,48,"[6, 28, 14, 0]",,,,409,Concordia (WI),iii,NACC,10,"[0, 10, 0, 0]",,,,,,,
401438661,2022,3,regular,2022-09-17T18:00:00.000Z,False,True,False,True,,6084,April Zorn Memorial Stadium,2919,Monmouth (IL),iii,Midwest,51,"[21, 20, 10, 0]",,,,2286,Illinois College,iii,Midwest,20,"[7, 0, 7, 6]",,,,,,,
401435055,2022,3,regular,2022-09-17T18:00:00.000Z,False,True,False,True,,6059,Sanchez Family Stadium,2424,New Mexico Highlands,ii,Rocky Mountain,27,"[0, 7, 13, 7]",,,,2237,Fort Lewis,ii,Rocky Mountain,3,"[3, 0, 0, 0]",,,,,,,
401411113,2022,3,regular,2022-09-17T18:00:00.000Z,False,True,False,False,40556,3923,Scott Stadium,258,Virginia,fbs,ACC,16,"[7, 3, 0, 6]",0.828830897808075,1482,1481,295,Old Dominion,fbs,Sun Belt,14,"[0, 7, 0, 7]",0.17116910219192505,1363,1364,5.746064925281381,,,
401404069,2022,3,regular,2022-09-17T18:00:00.000Z,False,True,False,False,58138,3772,Jack Trice Stadium,66,Iowa State,fbs,Big 12,43,"[14, 16, 7, 6]",0.9890866279602051,1774,1809,195,Ohio,fbs,Mid-American,10,"[0, 3, 7, 0]",0.010913372039794922,1308,1273,3.5011650103828655,,,
401432624,2022,3,regular,2022-09-17T18:00:00.000Z,False,True,False,True,,6127,John P. Papp Stadium,2748,Wooster,iii,North Coast,14,[],,,,89,Wabash,iii,North Coast,48,[],,,,,,,
401439554,2022,3,regular,2022-09-17T18:00:00.000Z,False,True,False,False,,6147,"Memorial Stadium (Whittier, CA)",2850,Whittier,iii,So. Cal.,13,"[0, 7, 0, 6]",,,,2333,Lewis & Clark,iii,Northwest,44,"[13, 14, 10, 7]",,,,,,,
401431266,2022,3,regular,2022-09-17T18:00:00.000Z,False,True,False,True,,5919,Ron Roberts Field at the Banta Bowl,268,Lawrence,iii,Midwest,7,"[0, 0, 0, 7]",,,,65,Grinnell,iii,Midwest,28,"[0, 7, 7, 14]",,,,,,,
401432112,2022,3,regular,2022-09-17T18:00:00.000Z,False,True,False,True,,5784,Cebe Ross Field,455,West Virginia Wesleyan,ii,Mountain East,32,"[14, 3, 9, 6]",,,,2148,Concord,ii,Mountain East,34,"[13, 21, 0, 0]",,,,,,,
401431311,2022,3,regular,2022-09-17T18:00:00.000Z,False,True,False,True,,5826,Concordia Stadium,2151,Concordia Chicago,iii,NACC,7,"[0, 0, 7, 0]",,,,2044,Aurora,iii,NACC,56,"[14, 28, 7, 7]",,,,,,,
401424954,2022,3,regular,2022-09-17T18:00:00.000Z,False,True,False,True,,3976,Mississippi Veterans Memorial Stadium,2296,Jackson State,fcs,SWAC,66,"[14, 7, 24, 21]",,,,2755,Grambling,fcs,SWAC,24,"[7, 10, 0, 7]",,,,,,,
401432695,2022,3,regular,2022-09-17T18:00:00.000Z,False,True,False,True,,6152,Wiliams Stadium (OH),2733,Wilmington (OH),iii,Ohio,32,"[0, 7, 10, 15]",,,,359,Otterbein,iii,Ohio,26,"[3, 17, 0, 6]",,,,,,,
401431008,2022,3,regular,2022-09-17T18:00:00.000Z,False,True,False,True,,6123,Jackson Field,2834,Sul Ross State,iii,American Southwest,55,[],,,,2045,Austin,iii,American Southwest,14,[],,,,,,,
401444596,2022,3,regular,2022-09-17T18:00:00.000Z,False,True,False,True,,5792,Pratt Field at Lehrman Stadium,7,Amherst,iii,NESCAC,6,"[0, 0, 6, 0]",,,,2394,Middlebury,iii,NESCAC,17,"[0, 0, 14, 3]",,,,,,,
401431954,2022,3,regular,2022-09-17T18:00:00.000Z,False,True,False,True,,6034,Yager Stadium at Moore Bowl,2687,Washburn,ii,Mid America,13,"[3, 3, 7, 0]",,,,2438,Nebraska Kearney,ii,Mid America,21,"[14, 7, 0, 0]",,,,,,,
401435111,2022,3,regular,2022-09-17T18:00:00.000Z,False,True,False,True,,5841,Pete FioRito Stadium at McKinzie Field,101,Eureka,iii,NACC,31,"[14, 3, 0, 14]",,,,2524,Rockford,iii,NACC,14,"[0, 7, 0, 7]",,,,,,,
401461979,2022,3,regular,2022-09-17T18:00:00.000Z,False,True,False,False,,6081,Harper Davis Field,2398,Millsaps,iii,Southern Athletic,17,"[0, 0, 3, 14]",,,,271,Wisconsin Oshkosh,iii,Wisconsin,41,"[21, 6, 7, 7]",,,,,,,
401431068,2022,3,regular,2022-09-17T18:00:00.000Z,False,True,False,True,,5816,Art Keller Field,2106,Carthage,iii,CCIW,7,"[7, 0, 0, 0]",,,,3071,North Central College,iii,CCIW,59,"[7, 24, 7, 21]",,,,,,,
401432838,2022,3,regular,2022-09-17T18:00:00.000Z,False,True,False,False,,5829,Old National Bank Stadium,509,Crown,iii,Upper Midwest,14,"[0, 6, 0, 8]",,,,375,St. Scholastica,iii,Minnesota,63,"[14, 14, 28, 7]",,,,,,,
401432818,2022,3,regular,2022-09-17T18:00:00.000Z,False,True,False,False,,3823,Hardee-McGee Field,2553,Sewanee,iii,Southern Athletic,41,"[7, 21, 0, 13]",,,,433,Westminster (MO),iii,Upper Midwest,6,"[0, 0, 0, 6]",,,,,,,
401432998,2022,3,regular,2022-09-17T18:00:00.000Z,False,True,False,True,,3760,Hubert Jack Stadium,209,Lock Haven,ii,Pennsylvania State Athletic,7,"[7, 0, 0, 0]",,,,2134,Clarion,ii,Pennsylvania State Athletic,44,"[13, 10, 14, 7]",,,,,,,
401439549,2022,3,regular,2022-09-17T18:00:00.000Z,False,True,False,False,,5811,William Rolland Stadium,2094,Cal Lutheran,iii,So. Cal.,35,"[14, 7, 7, 7]",,,,2508,Puget Sound,iii,Northwest,27,"[7, 12, 0, 8]",,,,,,,
401430962,2022,3,regular,2022-09-17T18:00:00.000Z,False,True,True,True,,6091,Abel Stadium,6845,Nebraska Wesleyan,iii,American Rivers,34,"[0, 7, 13, 14]",,,,49,Dubuque,iii,American Rivers,48,"[12, 7, 15, 14]",,,,,,,
401432332,2022,3,regular,2022-09-17T18:00:00.000Z,False,True,False,True,,5945,Wildcat Stadium (GA),2232,Fort Valley State,ii,SIAC,29,"[7, 3, 13, 6]",,,,2019,Allen,ii,SIAC,27,"[7, 14, 6, 0]",,,,,,,
401430970,2022,3,regular,2022-09-17T18:00:00.000Z,False,True,False,True,,6137,Walston-Hoover Stadium,2685,Wartburg,iii,American Rivers,62,"[27, 28, 7, 0]",,,,67,Luther,iii,American Rivers,0,"[0, 0, 0, 0]",,,,,,,
401431276,2022,3,regular,2022-09-17T18:00:00.000Z,False,True,False,True,,5828,Van Metre Field at Ash Park,2155,Cornell (IA),iii,Midwest,14,"[0, 7, 0, 7]",,,,2891,Ripon,iii,Midwest,49,"[21, 7, 7, 14]",,,,,,,
401432519,2022,3,regular,2022-09-17T18:00:00.000Z,False,True,False,False,,5911,Ralph E. Davis Pioneer Stadium,272,Wisconsin Platteville,iii,Wisconsin,0,"[0, 0, 0, 0]",,,,2810,Hardin Simmons,iii,American Southwest,41,"[7, 10, 10, 14]",,,,,,,
401432896,2022,3,regular,2022-09-17T18:00:00.000Z,False,True,False,False,,5893,Hollingsworth Field,2968,Gustavus Adolphus,iii,Minnesota,25,"[12, 7, 6, 0]",,,,2744,Wisconsin Stout,iii,Wisconsin,28,"[6, 7, 7, 8]",,,,,,,
401431257,2022,3,regular,2022-09-17T18:00:00.000Z,False,True,False,True,,5820,Amos Alonzo Stagg Field,80,Chicago,iii,Midwest,43,"[7, 12, 17, 7]",,,,266,Beloit,iii,Midwest,10,"[0, 3, 0, 7]",,,,,,,
401433430,2022,3,regular,2022-09-17T18:00:00.000Z,False,True,False,True,,5996,Wilford Moore Stadium,241,McMurry,iii,American Southwest,7,"[0, 0, 0, 7]",,,,2194,East Texas Baptist,iii,American Southwest,28,"[0, 14, 7, 7]",,,,,,,
401438667,2022,3,regular,2022-09-17T18:00:00.000Z,False,True,False,False,,6095,Sabine Field at Haynes Family Stadium,2467,Norwich,iii,NEWMAC,26,"[7, 6, 6, 7]",,,,293,Vermont State Castleton,iii,ECFC,21,"[0, 7, 7, 7]",,,,,,,
401425413,2022,3,regular,2022-09-17T18:00:00.000Z,False,True,False,False,,3722,Fitton Field,107,Holy Cross,fcs,Patriot,38,"[0, 21, 14, 3]",0.9986291604663184,,,43,Yale,fcs,Ivy,14,"[0, 7, 0, 7]",0.001370839533681556,,,4.2352711303,,,
401431217,2022,3,regular,2022-09-17T18:00:00.000Z,False,True,False,False,,3843,MLC Bowl,446,Martin Luther,iii,Upper Midwest,7,"[0, 0, 0, 7]",,,,124,Augsburg,iii,Minnesota,45,"[22, 10, 13, 0]",,,,,,,
401416600,2022,3,regular,2022-09-17T18:00:00.000Z,False,True,False,False,14413,3919,Scheumann Stadium,2050,Ball State,fbs,Mid-American,31,"[7, 7, 10, 7]",0.8836352229118347,1286,1286,93,Murray State,fcs,OVC,0,"[0, 0, 0, 0]",0.11636477708816528,,,2.5462992565970812,,,
401432512,2022,3,regular,2022-09-17T18:00:00.000Z,False,True,False,True,,5817,Ron and Joyce Schipper Stadium,2964,Central College,iii,American Rivers,35,"[0, 7, 21, 7]",,,,263,Loras,iii,American Rivers,38,"[7, 7, 7, 17]",,,,,,,
401435060,2022,3,regular,2022-09-17T18:00:00.000Z,False,True,False,True,,5897,Francis Field (MO),143,Washington St. Louis,iii,CCIW,54,"[22, 16, 6, 10]",,,,74,Millikin,iii,CCIW,7,"[0, 7, 0, 0]",,,,,,,
401403987,2022,3,regular,2022-09-17T18:30:00.000Z,False,True,False,False,77622,3855,Notre Dame Stadium,87,Notre Dame,fbs,FBS Independents,24,"[0, 7, 7, 10]",0.9837460517883301,1785,1780,25,California,fbs,Pac-12,17,"[0, 10, 7, 0]",0.016253948211669922,1507,1512,6.090488054620966,,,
401431917,2022,3,regular,2022-09-17T18:30:00.000Z,False,True,False,True,,5134,Bearcat Stadium,138,Northwest Missouri State,ii,Mid America,24,"[7, 7, 7, 3]",,,,2118,Central Missouri,ii,Mid America,7,"[7, 0, 0, 0]",,,,,,,
401431486,2022,3,regular,2022-09-17T19:00:00.000Z,False,True,False,True,,3934,Southern Nazarene University Football Stadium,200,Southern Nazarene,ii,Great American,21,"[7, 7, 0, 7]",,,,2191,East Central,ii,Great American,44,"[14, 14, 7, 9]",,,,,,,
401432394,2022,3,regular,2022-09-17T19:00:00.000Z,False,True,False,True,,5874,Chet Anderson Stadium,132,Bemidji State,ii,Northern Sun,34,"[0, 20, 7, 7]",,,,2851,Winona State,ii,Northern Sun,24,"[7, 3, 8, 6]",,,,,,,
401426558,2022,3,regular,2022-09-17T19:00:00.000Z,False,True,False,False,19623,6501,Allegiant Stadium,2439,UNLV,fbs,Mountain West,58,"[9, 14, 14, 21]",0.9986861944198608,1303,1395,249,North Texas,fbs,Conference USA,27,"[10, 10, 7, 0]",0.0013138055801391602,1366,1274,5.660044072886003,,,
401404074,2022,3,regular,2022-09-17T19:00:00.000Z,False,True,False,False,50887,3636,Bill Snyder Family Stadium,2306,Kansas State,fbs,Big 12,10,"[0, 10, 0, 0]",0.5149937868118286,1671,1642,2655,Tulane,fbs,American Athletic,17,"[7, 0, 3, 7]",0.4850062131881714,1483,1512,6.032737552277754,,,
401426252,2022,3,regular,2022-09-17T19:00:00.000Z,False,True,True,False,,3839,MetLife Stadium,47,Howard,fcs,MEAC,31,"[0, 0, 10, 21]",0.9850838780403137,,,60,Morehouse,ii,SIAC,0,"[0, 0, 0, 0]",0.01491612195968628,,,6.740375799964947,,,
401437410,2022,3,regular,2022-09-17T19:00:00.000Z,False,True,False,False,,7079,Laird Stadium,2101,Carleton,iii,Minnesota,41,"[0, 7, 14, 20]",,,,2399,Minnesota Morris,iii,Upper Midwest,7,"[7, 0, 0, 0]",,,,,,,
401431833,2022,3,regular,2022-09-17T19:00:00.000Z,False,True,False,True,,6053,Robinson-Hale Stadium,2401,Mississippi College,ii,Gulf South,19,"[6, 0, 7, 6]",,,,2822,North Greenville,ii,Gulf South,41,"[6, 7, 7, 21]",,,,,,,
401450137,2022,3,regular,2022-09-17T19:00:00.000Z,False,True,False,True,,6044,Lane Field,2323,Lane College,ii,SIAC,38,"[10, 7, 7, 14]",,,,2805,Clark Atlanta,ii,SIAC,6,"[3, 3, 0, 0]",,,,,,,
401431856,2022,3,regular,2022-09-17T19:00:00.000Z,False,True,False,False,,3957,Tiger Stadium (AL),2695,West Alabama,ii,Gulf South,10,"[3, 7, 0, 0]",,,,2657,Tuskegee,ii,SIAC,13,"[3, 7, 0, 3]",,,,,,,
401421118,2022,3,regular,2022-09-17T19:00:00.000Z,False,True,False,False,,7003,Houck Field,2546,Southeast Missouri State,fcs,OVC,42,"[7, 14, 14, 7]",0.9869889616966248,,,2447,Nicholls,fcs,Southland,16,"[0, 7, 9, 0]",0.013011038303375244,,,2.1205039817051103,,,
401413246,2022,3,regular,2022-09-17T19:00:00.000Z,False,True,False,False,,3791,Kibbie Dome,70,Idaho,fcs,Big Sky,42,"[7, 13, 14, 8]",,,,2181,Drake,fcs,Pioneer,14,"[7, 7, 0, 0]",,,,,,,
401418631,2022,3,regular,2022-09-17T19:00:00.000Z,False,True,False,False,,3809,Louis Crews Stadium,2010,Alabama A&M,fcs,SWAC,3,"[3, 0, 0, 0]",,,,2046,Austin Peay,fcs,Atlantic Sun,28,"[7, 0, 7, 14]",,,,,,,
401433061,2022,3,regular,2022-09-17T19:00:00.000Z,False,True,False,True,,5866,Rex Stadium,2001,Adams State,ii,Rocky Mountain,10,"[3, 7, 0, 0]",,,,2146,Colorado School of Mines,ii,Rocky Mountain,84,"[14, 28, 21, 21]",,,,,,,
401433088,2022,3,regular,2022-09-17T19:00:00.000Z,False,True,False,True,,5882,Ralph Stocker Stadium,11,Colorado Mesa,ii,Rocky Mountain,17,"[3, 7, 0, 7]",,,,613,South Dakota Mines,ii,Rocky Mountain,31,"[0, 7, 7, 17]",,,,,,,
401432438,2022,3,regular,2022-09-17T19:00:00.000Z,False,True,False,True,,3638,MDU Resources Community Bowl,559,University of Mary,ii,Northern Sun,28,"[7, 0, 7, 14]",,,,2587,Southwest Minnesota State,ii,Northern Sun,31,"[14, 0, 7, 10]",,,,,,,
401431294,2022,3,regular,2022-09-17T19:00:00.000Z,False,True,False,True,,5915,Farwell Field,262,Lake Forest,iii,Midwest,48,"[20, 14, 7, 7]",,,,255,Knox,iii,Midwest,14,"[7, 0, 0, 7]",,,,,,,
401413258,2022,3,regular,2022-09-17T19:00:00.000Z,False,True,False,False,,1930,Holt Arena,304,Idaho State,fcs,Big Sky,16,"[3, 0, 0, 13]",,,,2110,Central Arkansas,fcs,Atlantic Sun,31,"[0, 14, 14, 3]",,,,,,,
401403882,2022,3,regular,2022-09-17T19:30:00.000Z,False,True,False,False,87451,3785,Jordan-Hare Stadium,2,Auburn,fbs,SEC,12,"[3, 3, 0, 6]",0.004698324948549271,1627,1560,213,Penn State,fbs,Big Ten,41,"[7, 7, 17, 10]",0.9953016750514507,1737,1804,4.347073241298655,,,
401403891,2022,3,regular,2022-09-17T19:30:00.000Z,False,True,False,False,14110,3764,Huskie Stadium,2459,Northern Illinois,fbs,Mid-American,28,"[7, 14, 7, 0]",0.036203209310770035,1377,1358,238,Vanderbilt,fbs,SEC,38,"[7, 7, 21, 3]",0.96379679068923,1403,1422,5.8241579597941024,,,
401426560,2022,3,regular,2022-09-17T19:30:00.000Z,False,True,False,False,24302,7221,Protective Stadium,5,UAB,fbs,Conference USA,35,"[7, 14, 0, 14]",0.9938445091247559,1539,1556,290,Georgia Southern,fbs,Sun Belt,21,"[0, 7, 7, 7]",0.006155490875244141,1402,1385,3.375506151894925,,,
401403989,2022,3,regular,2022-09-17T19:30:00.000Z,False,True,False,False,54463,3626,Autzen Stadium,2483,Oregon,fbs,Pac-12,41,"[10, 14, 14, 3]",0.9990125298500061,1484,1557,252,BYU,fbs,FBS Independents,20,"[0, 7, 0, 13]",0.0009874701499938965,1692,1619,2.810890451157682,,,
401405085,2022,3,regular,2022-09-17T19:30:00.000Z,False,True,False,False,73080,347,Camp Randall Stadium,275,Wisconsin,fbs,Big Ten,66,"[7, 28, 21, 10]",0.9917577505111694,1728,1828,166,New Mexico State,fbs,FBS Independents,7,"[0, 0, 0, 7]",0.008242249488830566,1138,1038,2.3660297052156083,,,
401422988,2022,3,regular,2022-09-17T19:30:00.000Z,False,True,False,False,,3721,Fisher Field,322,Lafayette,fcs,Patriot,7,"[7, 0, 0, 0]",0.007693322375416756,,,2729,William & Mary,fcs,CAA,34,"[14, 3, 10, 7]",0.9923066776245832,,,3.8290384303303613,,,
401414780,2022,3,regular,2022-09-17T19:30:00.000Z,False,True,False,False,10011,3985,Warren McGuirk Alumni Stadium,113,Massachusetts,fbs,FBS Independents,20,"[7, 10, 3, 0]",0.9835678935050964,909,909,2619,Stony Brook,fcs,CAA,3,"[0, 3, 0, 0]",0.016432106494903564,,,2.8390249829891627,,,
401426333,2022,3,regular,2022-09-17T19:30:00.000Z,False,True,False,True,34406,3792,Kidd Brewer Stadium,2026,App State,fbs,Sun Belt,32,"[7, 7, 10, 8]",0.8650585412979126,1656,1650,2653,Troy,fbs,Sun Belt,28,"[7, 14, 0, 7]",0.1349414587020874,1335,1341,9.4770930766723,,,
401422976,2022,3,regular,2022-09-17T19:30:00.000Z,False,True,False,False,,3704,E. J. Whitmire Stadium,2717,Western Carolina,fcs,Southern,77,"[7, 21, 28, 21]",0.9942796206976169,,,2506,Presbyterian,fcs,Pioneer,21,"[0, 7, 7, 7]",0.005720379302383116,,,1.2899863009,,,
401403988,2022,3,regular,2022-09-17T19:30:00.000Z,False,True,False,False,42101,3953,Huntington Bank Stadium,135,Minnesota,fbs,Big Ten,49,"[14, 21, 7, 7]",0.9941574335098267,1691,1760,38,Colorado,fbs,Pac-12,7,"[0, 0, 0, 7]",0.00584256649017334,1281,1212,2.133240058548897,,,
401403886,2022,3,regular,2022-09-17T19:30:00.000Z,False,True,False,False,40293,721,Bobby Dodd Stadium,59,Georgia Tech,fbs,ACC,0,"[0, 0, 0, 0]",0,1317,1239,145,Ole Miss,fbs,SEC,42,"[14, 7, 21, 0]",1,1670,1748,2.8885746806958648,,,
401404068,2022,3,regular,2022-09-17T20:00:00.000Z,False,True,False,False,30317,4728,TDECU Stadium,248,Houston,fbs,American Athletic,30,"[14, 0, 13, 3]",0.0772109404206276,1615,1527,2305,Kansas,fbs,Big 12,48,"[14, 14, 14, 6]",0.9227890595793724,1254,1342,3.8839469997745857,,,
401431867,2022,3,regular,2022-09-17T20:00:00.000Z,False,True,False,False,,7076,J.W. Babb Stadium,101784,Erskine,ii,South Atlantic,20,"[0, 0, 13, 7]",,,,2331,Lenoir Rhyne,ii,South Atlantic,42,"[7, 21, 14, 0]",,,,,,,
401415171,2022,3,regular,2022-09-17T20:00:00.000Z,False,True,False,False,,2023,Walkup Skydome,2464,Northern Arizona,fcs,Big Sky,24,"[7, 7, 0, 10]",0.24249446975175024,,,155,North Dakota,fcs,MVFC,27,"[0, 13, 0, 14]",0.7575055302482497,,,8.5340295429,,,
401433099,2022,3,regular,2022-09-17T20:00:00.000Z,False,True,False,True,,4852,Neta and Eddie DeRose ThunderBowl,2570,CSU Pueblo,ii,Rocky Mountain,10,"[3, 7, 0, 0]",,,,2714,Western Colorado,ii,Rocky Mountain,17,"[7, 0, 0, 10]",,,,,,,
401415218,2022,3,regular,2022-09-17T20:00:00.000Z,False,True,False,False,,3653,Albertsons Stadium,68,Boise State,fbs,Mountain West,30,"[7, 13, 0, 10]",0.9955955743789673,1641,1641,2630,UT Martin,fcs,OVC,7,"[7, 0, 0, 0]",0.004404425621032715,,,3.8356718236742067,,,
401430998,2022,3,regular,2022-09-17T20:00:00.000Z,False,True,True,False,,7232,Children's Health Stadium,418,Hendrix,iii,Southern Athletic,10,"[3, 0, 0, 7]",,,,2758,Howard Payne,iii,American Southwest,67,"[6, 30, 14, 17]",,,,,,,
401432656,2022,3,regular,2022-09-17T20:00:00.000Z,False,True,False,False,,6148,The Pine Bowl,2721,Whitworth,iii,Northwest,12,"[0, 5, 0, 7]",,,,17,Claremont Mudd Scripps,iii,So. Cal.,7,"[0, 7, 0, 0]",,,,,,,
401432647,2022,3,regular,2022-09-17T20:00:00.000Z,False,True,False,False,,5119,Maxwell Field,203,Linfield,iii,Northwest,21,"[7, 7, 7, 0]",,,,29,Redlands,iii,So. Cal.,3,"[3, 0, 0, 0]",,,,,,,
401423426,2022,3,regular,2022-09-17T20:00:00.000Z,False,True,False,True,,3979,Wagner College Stadium,2681,Wagner,fcs,NEC,7,"[7, 0, 0, 0]",0.000986095517873764,,,2598,Saint Francis,fcs,NEC,27,"[7, 7, 10, 3]",0.9990139044821262,,,4.50559282057282,,,
401403880,2022,3,regular,2022-09-17T20:00:00.000Z,False,True,False,False,98433,3657,Bryant-Denny Stadium,333,Alabama,fbs,SEC,63,"[28, 7, 14, 14]",0.7063632011413574,2073,2121,2433,UL Monroe,fbs,Sun Belt,7,"[0, 7, 0, 0]",0.2936367988586426,1140,1092,1.8091693010274672,,,
401420878,2022,3,regular,2022-09-17T20:00:00.000Z,False,True,False,False,,3746,Hanson Field,2710,Western Illinois,fcs,MVFC,10,"[0, 3, 0, 7]",0.45021769404411316,,,253,Southern Utah,fcs,Western Athletic,17,"[10, 0, 0, 7]",0.5497823059558868,,,7.7637180782770265,,,
401431593,2022,3,regular,2022-09-17T20:00:00.000Z,False,True,False,True,,3728,Terry Fox Field,2829,Simon Fraser,ii,Lone Star,7,"[0, 0, 7, 0]",,,,2120,Central Washington,ii,Lone Star,40,"[6, 28, 3, 3]",,,,,,,
401404159,2022,3,regular,2022-09-17T21:00:00.000Z,False,True,False,False,32891,3630,Allegacy Federal Credit Union Stadium,154,Wake Forest,fbs,ACC,37,"[3, 17, 0, 17]",0.41340965032577515,1668,1667,2335,Liberty,fbs,FBS Independents,36,"[0, 8, 15, 13]",0.5865903496742249,1593,1594,7.259991275447352,,,
401425456,2022,3,regular,2022-09-17T21:00:00.000Z,False,True,False,False,,3967,UNI-Dome,2460,Northern Iowa,fcs,MVFC,21,"[7, 0, 14, 0]",0.09446653723716736,,,16,Sacramento State,fcs,Big Sky,37,"[7, 17, 3, 10]",0.9055334627628326,,,6.764964510585914,,,
401415029,2022,3,regular,2022-09-17T21:00:00.000Z,False,True,False,False,21158,3700,Doyt L. Perry Stadium,189,Bowling Green,fbs,Mid-American,34,"[0, 21, 0, 7, 6]",0.17141883753224582,1187,1194,276,Marshall,fbs,Sun Belt,31,"[14, 7, 0, 7, 3]",0.8285811624677542,1577,1570,6.8538377338,,,
401403995,2022,3,regular,2022-09-17T21:00:00.000Z,False,True,False,False,,3820,Gesa Field,265,Washington State,fbs,Pac-12,38,"[21, 7, 3, 7]",0.9772243499755859,1604,1651,36,Colorado State,fbs,Mountain West,7,"[0, 0, 0, 7]",0.022775650024414062,1293,1246,2.0719449436459403,,,
401423919,2022,3,regular,2022-09-17T21:00:00.000Z,False,True,True,True,,6269,Globe Life Field,2582,Southern,fcs,SWAC,0,"[0, 0, 0, 0]",0.02320660836994648,,,2640,Texas Southern,fcs,SWAC,24,"[14, 7, 0, 3]",0.9767933916300535,,,3.448429460990316,,,
401433398,2022,3,regular,2022-09-17T21:00:00.000Z,False,True,False,False,,6107,ECAV Stadium,2528,Rensselaer,iii,Liberty League,37,"[13, 7, 7, 10]",,,,2749,WPI,iii,NEWMAC,0,"[0, 0, 0, 0]",,,,,,,
401423157,2022,3,regular,2022-09-17T22:00:00.000Z,False,True,False,False,,3774,Jayne Stadium,2413,Morehead State,fcs,Pioneer,49,"[28, 0, 7, 14]",0.971143364906311,,,3077,Kentucky Christian,,,14,"[7, 7, 0, 0]",0.028856635093688965,,,2.445232320896849,,,
401403885,2022,3,regular,2022-09-17T22:00:00.000Z,False,True,False,True,98520,3958,Tiger Stadium (LA),99,LSU,fbs,SEC,31,"[0, 7, 3, 21]",0.9466710090637207,1535,1574,344,Mississippi State,fbs,SEC,16,"[6, 7, 3, 0]",0.0533289909362793,1617,1578,6.2037579110673375,,,
401411112,2022,3,regular,2022-09-17T22:00:00.000Z,False,True,False,False,32802,3982,Wallace Wade Stadium,150,Duke,fbs,ACC,49,"[21, 7, 14, 7]",0.9989602440558403,1264,1264,2448,North Carolina A&T,fcs,Big South,20,"[0, 6, 0, 14]",0.001039755944159726,,,1.1214786792,,,
401432869,2022,3,regular,2022-09-17T22:00:00.000Z,False,True,False,True,,5799,Daly Field at Frank R. Campbell Stadium,2047,Averett,iii,Old Dominion,23,"[3, 3, 3, 14]",,,,2913,Brevard,iii,USA South,6,"[0, 0, 0, 6]",,,,,,,
401431196,2022,3,regular,2022-09-17T22:00:00.000Z,False,True,False,False,,5793,Macholtz Stadium,2023,Anderson (IN),iii,Heartland,7,"[0, 0, 7, 0]",,,,2800,Alma,iii,Michigan,45,"[21, 14, 0, 10]",,,,,,,
401415621,2022,3,regular,2022-09-17T22:00:00.000Z,False,True,False,False,43036,3699,Dowdy-Ficklen Stadium,151,East Carolina,fbs,American Athletic,49,"[7, 14, 21, 7]",0.9944363236427307,1551,1551,2097,Campbell,fcs,Big South,10,"[10, 0, 0, 0]",0.005563676357269287,,,3.762287256811474,,,
401415196,2022,3,regular,2022-09-17T22:00:00.000Z,False,True,False,False,,36,Leonidoff Field,2368,Marist,fcs,Pioneer,3,"[0, 0, 0, 3]",0.0006683083387024786,,,171,Columbia,fcs,Ivy,38,"[21, 10, 7, 0]",0.9993316916612975,,,0.6837680221,,,
401432375,2022,3,regular,2022-09-17T22:00:00.000Z,False,True,True,True,,6211,Sodexo Field,112334,Franklin Pierce,ii,Northeast 10,0,"[0, 0, 0, 0]",,,,2830,Saint Anselm,ii,Northeast 10,27,"[6, 6, 6, 9]",,,,,,,
401420799,2022,3,regular,2022-09-17T22:00:00.000Z,False,True,False,False,,3688,Wildcat Stadium,160,New Hampshire,fcs,CAA,27,"[7, 14, 0, 6]",0,,,2428,North Carolina Central,fcs,MEAC,45,"[21, 7, 10, 7]",1,,,5.7930251555663,,,
401421139,2022,3,regular,2022-09-17T22:00:00.000Z,False,True,False,True,,4417,Five Star Stadium at the Moye Complex,2382,Mercer,fcs,Southern,17,"[0, 0, 14, 3]",0.9161743521690369,,,2643,The Citadel,fcs,Southern,0,"[0, 0, 0, 0]",0.08382564783096313,,,3.3121809356500753,,,
401424394,2022,3,regular,2022-09-17T22:00:00.000Z,False,True,False,False,,3894,Rhodes Stadium,2210,Elon,fcs,CAA,30,"[13, 7, 7, 3]",0.9237824082374573,,,2241,Gardner-Webb,fcs,Big South,24,"[3, 21, 0, 0]",0.07621759176254272,,,6.055737527891942,,,
401418778,2022,3,regular,2022-09-17T22:00:00.000Z,False,True,False,False,,3720,Finley Stadium,236,Chattanooga,fcs,Southern,41,"[7, 20, 0, 14]",0.9977102279663086,,,2453,North Alabama,fcs,Atlantic Sun,14,"[0, 14, 0, 0]",0.0022897720336914062,,,2.63581237302538,,,
401431501,2022,3,regular,2022-09-17T22:00:00.000Z,False,True,False,False,,3769,Jack Britt Memorial Stadium,437,Lake Erie,ii,Great Midwest Athletic,37,"[7, 10, 7, 13]",,,,2816,McKendree,ii,Great Lakes,38,"[16, 0, 6, 16]",,,,,,,
401430704,2022,3,regular,2022-09-17T22:00:00.000Z,False,True,False,True,,6032,Hovey Field,2676,Virginia Union,ii,CIAA,42,"[21, 0, 14, 7]",,,,2940,Livingstone,ii,CIAA,6,"[0, 0, 6, 0]",,,,,,,
401433131,2022,3,regular,2022-09-17T22:00:00.000Z,False,True,False,True,,6078,Pioneer Field (TN),2839,Tusculum,ii,South Atlantic,10,"[0, 3, 7, 0]",,,,351,Wingate,ii,South Atlantic,27,"[10, 7, 3, 7]",,,,,,,
401431179,2022,3,regular,2022-09-17T22:00:00.000Z,False,True,False,False,,5805,Alumni Field (OH),2074,Bluffton,iii,Heartland,23,"[3, 7, 0, 13]",,,,2003,Adrian,iii,Michigan,58,"[14, 24, 14, 6]",,,,,,,
401431567,2022,3,regular,2022-09-17T22:00:00.000Z,False,True,False,False,,3600,Tom Adams Field,131,Wayne State (MI),ii,GLIAC,21,"[7, 7, 7, 0]",,,,2740,Wisconsin La Crosse,iii,Wisconsin,28,"[0, 21, 0, 7]",,,,,,,
401431947,2022,3,regular,2022-09-17T22:00:00.000Z,False,True,False,True,,6054,Fred G. Hughes Stadium,2403,Missouri Southern State,ii,Mid America,40,"[10, 7, 3, 20]",,,,2122,Central Oklahoma,ii,Mid America,21,"[7, 0, 7, 7]",,,,,,,
401430697,2022,3,regular,2022-09-17T22:00:00.000Z,False,True,False,True,,3904,Rogers Stadium (VA),330,Virginia State,ii,CIAA,42,"[7, 7, 7, 21]",,,,395,St. Augustine's,ii,CIAA,7,"[7, 0, 0, 0]",,,,,,,
401418637,2022,3,regular,2022-09-17T22:00:00.000Z,False,True,False,False,,3908,Roy Kidd Stadium,2198,Eastern Kentucky,fcs,Atlantic Sun,40,"[16, 0, 17, 7]",0.9801470637321472,,,2127,Charleston Southern,fcs,Big South,17,"[0, 10, 0, 7]",0.019852936267852783,,,3.3243036947209452,,,
401420847,2022,3,regular,2022-09-17T23:00:00.000Z,False,True,False,False,,5238,Panther Stadium,2504,Prairie View A&M,fcs,SWAC,14,"[7, 0, 0, 7]",0.21724340319633484,,,2916,Incarnate Word,fcs,Southland,31,"[14, 6, 11, 0]",0.7827565968036652,,,3.3463014993362723,,,
401432689,2022,3,regular,2022-09-17T23:00:00.000Z,False,True,False,True,,5854,Hoernemann Stadium,191,Heidelberg,iii,Ohio,37,"[7, 3, 13, 14]",,,,427,Ohio Northern,iii,Ohio,3,"[3, 0, 0, 0]",,,,,,,
401432742,2022,3,regular,2022-09-17T23:00:00.000Z,False,True,False,False,,6146,Memorial Field (PA),2849,Westminster (PA),iii,Presidents',42,"[14, 7, 21, 0]",,,,2018,Allegheny,iii,Presidents',14,"[0, 7, 0, 7]",,,,,,,
401432759,2022,3,regular,2022-09-17T23:00:00.000Z,False,True,False,True,,3671,Case Field,2963,Case Western Reserve,iii,Presidents',14,"[0, 7, 0, 7]",,,,2686,Washington & Jefferson,iii,Presidents',10,"[0, 0, 0, 10]",,,,,,,
401432849,2022,3,regular,2022-09-17T23:00:00.000Z,False,True,False,False,,5901,David Smith Stadium at Ramer Field,2723,Wisconsin River Falls,iii,Wisconsin,63,"[14, 14, 7, 28]",,,,583,Northwestern (MN),iii,Upper Midwest,27,"[0, 6, 7, 14]",,,,,,,
401434858,2022,3,regular,2022-09-17T23:00:00.000Z,False,True,False,False,,3749,Hunter Stadium,2815,Lindenwood,fcs,OVC,37,"[7, 21, 0, 9]",,,,126110,Keiser University,,,3,"[3, 0, 0, 0]",,,,,,,
401422928,2022,3,regular,2022-09-17T23:00:00.000Z,False,True,False,False,,3962,Tucker Stadium,2635,Tennessee Tech,fcs,OVC,28,"[14, 7, 0, 7]",,,,2535,Samford,fcs,Southern,33,"[10, 7, 7, 9]",,,,,,,
401432431,2022,3,regular,2022-09-17T23:00:00.000Z,False,True,False,True,,3951,Swisher Field,425,Northern State,ii,Northern Sun,23,"[0, 10, 10, 3]",,,,2364,Minnesota State,ii,Northern Sun,22,"[0, 0, 0, 22]",,,,,,,
401431490,2022,3,regular,2022-09-17T23:00:00.000Z,False,True,False,False,,3731,Frost-Kalnow Stadium,2838,Tiffin,ii,Great Midwest Athletic,20,"[10, 7, 3, 0]",,,,2292,Indianapolis,ii,Great Lakes,27,"[7, 0, 0, 20]",,,,,,,
401423145,2022,3,regular,2022-09-17T23:00:00.000Z,False,True,False,False,,3897,Richardson Stadium,2166,Davidson,fcs,Pioneer,56,"[28, 14, 14, 0]",0.9989603382043891,,,111610,St. Andrews,,,6,"[0, 6, 0, 0]",0.00103966179561088,,,2.7643498047,,,
401430741,2022,3,regular,2022-09-17T23:00:00.000Z,False,True,False,True,,5113,Ruggles Field at Carpenter-Haygood Stadium,2271,Henderson State,ii,Great American,37,"[13, 17, 0, 7]",,,,2028,Arkansas Monticello,ii,Great American,27,"[0, 7, 0, 20]",,,,,,,
401430730,2022,3,regular,2022-09-17T23:00:00.000Z,False,True,False,True,,5870,Thone Stadium at Buerkle Field,2033,Arkansas Tech,ii,Great American,14,"[7, 0, 0, 7]",,,,2888,Ouachita Baptist,ii,Great American,63,"[21, 28, 14, 0]",,,,,,,
401420832,2022,3,regular,2022-09-17T23:00:00.000Z,False,True,False,False,,5237,Dana J. Dykhouse Stadium,2571,South Dakota State,fcs,MVFC,45,"[14, 14, 3, 14]",0.9940140247344971,,,2086,Butler,fcs,Pioneer,17,"[7, 0, 0, 10]",0.00598597526550293,,,2.366223637904222,,,
401430923,2022,3,regular,2022-09-17T23:00:00.000Z,False,True,False,True,,5809,J. Leslie Rollins Stadium,63,Buena Vista,iii,American Rivers,3,"[0, 3, 0, 0]",,,,2141,Coe,iii,American Rivers,14,"[0, 7, 7, 0]",,,,,,,
401431533,2022,3,regular,2022-09-17T23:00:00.000Z,False,True,False,False,,3811,Lubbers Stadium,125,Grand Valley State,ii,GLIAC,66,"[21, 21, 17, 7]",,,,124179,Lincoln (CA),,,7,"[7, 0, 0, 0]",,,,,,,
401430687,2022,3,regular,2022-09-17T23:00:00.000Z,False,True,False,True,,3808,Lincoln University Stadium,2339,Lincoln (PA),ii,CIAA,7,[],,,,2220,Fayetteville State,ii,CIAA,19,[],,,,,,,
401431022,2022,3,regular,2022-09-17T23:00:00.000Z,False,True,False,False,,6132,Trinity University Stadium,386,Trinity (TX),iii,Southern Athletic,52,"[14, 10, 21, 7]",,,,2639,Texas Lutheran,iii,American Southwest,14,"[0, 7, 0, 7]",,,,,,,
401431928,2022,3,regular,2022-09-17T23:00:00.000Z,False,True,False,True,,6045,Dwight T. Reed Stadium,2876,Lincoln (MO),ii,Mid America,14,"[7, 0, 0, 7]",,,,2231,Fort Hays,ii,Mid America,51,"[3, 17, 21, 10]",,,,,,,
401432405,2022,3,regular,2022-09-17T23:00:00.000Z,False,True,False,True,,6051,James S. Malosky Stadium,134,Minnesota Duluth,ii,Northern Sun,28,"[7, 14, 0, 7]",,,,389,Upper Iowa,ii,Northern Sun,6,"[0, 6, 0, 0]",,,,,,,
401413216,2022,3,regular,2022-09-17T23:00:00.000Z,False,True,False,False,17311,3674,Chapman Stadium,202,Tulsa,fbs,American Athletic,54,"[12, 28, 7, 7]",0.9883407354354858,1498,1498,55,Jacksonville State,fcs,Atlantic Sun,17,"[0, 3, 7, 7]",0.01165926456451416,,,3.1165110234621207,,,
401431450,2022,3,regular,2022-09-17T23:00:00.000Z,False,True,False,True,,5885,First Security Stadium,2264,Harding,ii,Great American,37,"[7, 10, 6, 14]",,,,2568,Southern Arkansas,ii,Great American,17,"[7, 3, 0, 7]",,,,,,,
401420881,2022,3,regular,2022-09-17T23:00:00.000Z,False,True,False,False,,3827,"Memorial Stadium (Stephenville, TX)",2627,Tarleton State,fcs,Western Athletic,41,"[10, 14, 10, 7]",0.9365644454956055,,,2201,Eastern New Mexico,ii,Lone Star,6,"[3, 0, 3, 0]",0.06343555450439453,,,2.587712873144993,,,
401431473,2022,3,regular,2022-09-17T23:00:00.000Z,False,True,False,True,,6073,Milam Stadium,2927,Southwestern Oklahoma State,ii,Great American,48,"[15, 12, 7, 14]",,,,199,Southeastern Oklahoma State,ii,Great American,58,"[17, 27, 7, 7]",,,,,,,
401431466,2022,3,regular,2022-09-17T23:00:00.000Z,False,True,False,True,,4763,Ranger Field,2823,Northwestern (OK),ii,Great American,23,"[10, 0, 7, 6]",,,,319,Oklahoma Baptist,ii,Great American,31,"[7, 7, 0, 17]",,,,,,,
401432517,2022,3,regular,2022-09-17T23:00:00.000Z,False,True,False,False,,5903,Community Stadium at Goerke Park,2743,Wisconsin Stevens Point,iii,Wisconsin,35,"[7, 13, 15, 0]",,,,2564,Simpson (IA),iii,American Rivers,14,"[0, 0, 14, 0]",,,,,,,
401432567,2022,3,regular,2022-09-17T23:00:00.000Z,False,True,False,True,,5913,Warrior Field at Raabe Stadium,2741,Wisconsin Lutheran,iii,NACC,25,"[10, 6, 3, 6]",,,,6353,Lakeland,iii,NACC,21,"[14, 7, 0, 0]",,,,,,,
401421122,2022,3,regular,2022-09-17T23:00:00.000Z,False,True,False,False,,3944,Strawberry Stadium,2545,SE Louisiana,fcs,Southland,70,"[14, 34, 10, 12]",0.9989709246582341,,,2115,Central Connecticut,fcs,NEC,6,"[0, 0, 6, 0]",0.0010290753417658838,,,1.5401568623,,,
401432358,2022,3,regular,2022-09-17T23:00:00.000Z,False,True,False,False,,6027,Albert J. H. Sloan - Alumni Stadium,2396,Miles,ii,SIAC,7,"[0, 7, 0, 0]",,,,2673,Valdosta State,ii,Gulf South,55,"[7, 13, 14, 21]",,,,,,,
401431888,2022,3,regular,2022-09-17T23:00:00.000Z,False,True,False,True,,5917,Ratliff Stadium,110243,UT Permian Basin,ii,Lone Star,21,"[0, 7, 14, 0]",,,,2025,Angelo State,ii,Lone Star,34,"[14, 10, 0, 10]",,,,,,,
401403881,2022,3,regular,2022-09-17T23:00:00.000Z,False,True,False,False,74133,3887,Razorback Stadium,8,Arkansas,fbs,SEC,38,"[0, 14, 3, 21]",0.7726759910583496,1667,1667,2623,Missouri State,fcs,MVFC,27,"[7, 10, 7, 3]",0.2273240089416504,,,6.014873474052033,,,
401426557,2022,3,regular,2022-09-17T23:00:00.000Z,False,True,False,False,22227,3725,"Johnny ""Red"" Floyd Stadium",2393,Middle Tennessee,fbs,Conference USA,49,"[21, 21, 7, 0]",0.9892151951789856,1357,1357,2634,Tennessee State,fcs,OVC,6,"[0, 0, 6, 0]",0.010784804821014404,,,2.4365754373029294,,,
401415622,2022,3,regular,2022-09-17T23:00:00.000Z,False,True,False,False,,3805,Simmons Bank Liberty Stadium,235,Memphis,fbs,American Athletic,44,"[7, 14, 0, 23]",0.9150218367576599,1488,1492,2032,Arkansas State,fbs,Sun Belt,32,"[7, 10, 0, 15]",0.08497816324234009,1249,1245,7.55823835021536,,,
401425420,2022,3,regular,2022-09-17T23:00:00.000Z,False,True,False,False,,3896,Rice-Totten Field,2400,Mississippi Valley State,fcs,SWAC,17,"[0, 0, 10, 7]",,,,2170,Delta State,ii,Gulf South,28,"[5, 13, 7, 3]",,,,,,,
401404075,2022,3,regular,2022-09-17T23:00:00.000Z,False,True,False,False,55509,3646,Boone Pickens Stadium,197,Oklahoma State,fbs,Big 12,63,"[28, 21, 7, 7]",0.9163880348205566,1809,1809,2029,Arkansas-Pine Bluff,fcs,SWAC,7,"[0, 7, 0, 0]",0.08361196517944336,,,2.6245487743230322,,,
401431102,2022,3,regular,2022-09-17T23:00:00.000Z,False,True,False,True,,5115,McCully Stadium,396,Wheaton (IL),iii,CCIW,42,"[21, 21, 0, 0]",,,,306,Illinois Wesleyan,iii,CCIW,7,"[0, 7, 0, 0]",,,,,,,
401431095,2022,3,regular,2022-09-17T23:00:00.000Z,False,True,False,False,,5815,Schneider Stadium,32,Carroll (WI),iii,Midwest,42,"[7, 14, 14, 7]",,,,75,North Park,iii,CCIW,0,"[0, 0, 0, 0]",,,,,,,
401415178,2022,3,regular,2022-09-17T23:00:00.000Z,False,True,False,False,,3882,Provost Umphrey Stadium,2320,Lamar,fcs,Southland,14,"[0, 7, 0, 7]",0.36933860182762146,,,2458,Northern Colorado,fcs,Big Sky,21,"[7, 7, 7, 0]",0.6306613981723785,,,4.818031072207114,,,
401420869,2022,3,regular,2022-09-17T23:00:00.000Z,False,True,False,False,,3647,Elliott T. Bowers Stadium,2534,Sam Houston,fcs,Western Athletic,27,"[3, 7, 7, 10]",0.9145662784576416,,,2837,East Texas A&M,fcs,Southland,17,"[0, 0, 7, 10]",0.0854337215423584,,,3.1450574377042257,,,
401431016,2022,3,regular,2022-09-17T23:00:00.000Z,False,True,False,True,,4463,Crusader Stadium,2371,Mary Hardin Baylor,iii,American Southwest,68,"[21, 27, 13, 7]",,,,2588,Southwestern U,iii,American Southwest,14,"[0, 0, 7, 7]",,,,,,,
401426554,2022,3,regular,2022-09-17T23:00:00.000Z,False,True,False,False,16433,4246,Center Parc Stadium,2247,Georgia State,fbs,Sun Belt,41,"[14, 6, 7, 14]",0.8010570406913757,1462,1444,2429,Charlotte,fbs,Conference USA,42,"[7, 14, 7, 14]",0.19894295930862427,1151,1169,9.150165599441346,,,
401403889,2022,3,regular,2022-09-17T23:00:00.000Z,False,True,False,False,,3853,Neyland Stadium,2633,Tennessee,fbs,SEC,63,"[14, 21, 14, 14]",0.9919136762619019,1762,1835,2006,Akron,fbs,Mid-American,6,"[0, 0, 3, 3]",0.008086323738098145,1009,936,2.5623726623727574,,,
401415032,2022,3,regular,2022-09-17T23:00:00.000Z,False,True,False,False,26202,3815,M. M. Roberts Stadium,2572,Southern Miss,fbs,Sun Belt,64,"[13, 28, 16, 7]",0.9895302653312683,1243,1243,2466,Northwestern State,fcs,Southland,10,"[0, 0, 10, 0]",0.01046973466873169,,,2.0368717945698673,,,
401404072,2022,3,regular,2022-09-17T23:00:00.000Z,False,True,False,False,56919,3670,Carter-Finley Stadium,152,NC State,fbs,ACC,27,"[6, 14, 0, 7]",1,1628,1646,2641,Texas Tech,fbs,Big 12,14,"[0, 7, 0, 7]",0,1538,1520,3.2198337982272007,,,
401435181,2022,3,regular,2022-09-17T23:00:00.000Z,False,True,False,True,,6090,Sherman Field at McConagha Stadium,332,Muskingum,iii,Ohio,37,"[7, 21, 0, 9]",,,,424,Capital,iii,Ohio,7,"[0, 0, 0, 7]",,,,,,,
401405088,2022,3,regular,2022-09-17T23:00:00.000Z,False,True,False,False,105398,3861,Ohio Stadium,194,Ohio State,fbs,Big Ten,77,"[28, 14, 14, 21]",0.9838539958000183,1957,2079,2649,Toledo,fbs,Mid-American,21,"[7, 7, 7, 0]",0.01614600419998169,1597,1475,2.2914257995634637,,,
401421157,2022,3,regular,2022-09-17T23:30:00.000Z,False,True,False,True,,5400,William B. Greene Jr. Stadium,2193,East Tennessee State,fcs,Southern,14,"[7, 0, 7, 0]",0.057615894824266434,,,231,Furman,fcs,Southern,27,"[3, 10, 7, 7]",0.9423841051757336,,,5.874758913418982,,,
401405082,2022,3,regular,2022-09-17T23:30:00.000Z,False,True,False,False,69250,3793,Kinnick Stadium,2294,Iowa,fbs,Big Ten,27,"[14, 3, 3, 7]",0.9212278723716736,1629,1694,2440,Nevada,fbs,Mountain West,0,"[0, 0, 0, 0]",0.07877212762832642,1585,1520,3.026996890389708,,,
401426559,2022,3,regular,2022-09-17T23:30:00.000Z,False,True,False,False,,3895,Rice Stadium,242,Rice,fbs,Conference USA,33,"[3, 10, 6, 14]",0.9145374298095703,1120,1204,309,Louisiana,fbs,Sun Belt,21,"[7, 7, 0, 7]",0.08546257019042969,1755,1671,10.197185428315658,,,
401405087,2022,3,regular,2022-09-17T23:30:00.000Z,False,True,False,False,31194,3665,SECU Stadium,120,Maryland,fbs,Big Ten,34,"[3, 14, 3, 14]",0.9897837042808533,1594,1608,2567,SMU,fbs,American Athletic,27,"[6, 14, 7, 0]",0.010216295719146729,1671,1657,7.757425620011545,,,
401411110,2022,3,regular,2022-09-17T23:30:00.000Z,False,True,False,False,34325,3615,"Alumni Stadium (Chestnut Hill, MA)",103,Boston College,fbs,ACC,38,"[14, 14, 3, 7]",0.9728193283081055,1403,1403,311,Maine,fcs,CAA,17,"[10, 0, 7, 0]",0.02718067169189453,,,3.950588340380956,,,
401411115,2022,3,regular,2022-09-17T23:30:00.000Z,False,True,False,False,22875,3980,Waldo Stadium,2711,Western Michigan,fbs,Mid-American,13,"[3, 3, 7, 0]",0.0031703149434179068,1487,1453,221,Pittsburgh,fbs,ACC,34,"[10, 3, 7, 14]",0.9968296850565821,1661,1695,3.713472781597207,,,
401403883,2022,3,regular,2022-09-17T23:30:00.000Z,False,True,False,False,88496,3634,Ben Hill Griffin Stadium,57,Florida,fbs,SEC,31,"[3, 21, 0, 7]",0.16407166421413422,1567,1564,58,South Florida,fbs,American Athletic,28,"[7, 6, 8, 7]",0.8359283357858658,1247,1250,6.8525841365322995,,,
401432423,2022,3,regular,2022-09-17T23:30:00.000Z,False,True,False,True,,5933,Sea Foam Stadium,3066,Concordia St. Paul,ii,Northern Sun,23,"[0, 3, 13, 7]",,,,2894,Sioux Falls,ii,Northern Sun,44,"[7, 13, 17, 7]",,,,,,,
401418829,2022,3,regular,2022-09-17T23:30:00.000Z,False,True,False,False,,3744,Hancock Stadium,2287,Illinois State,fcs,MVFC,35,"[7, 14, 14, 0]",0.9599984884262085,,,2197,Eastern Illinois,fcs,OVC,7,"[7, 0, 0, 0]",0.040001511573791504,,,3.3448242107639836,,,
401403994,2022,3,regular,2022-09-17T23:30:00.000Z,False,True,False,False,68161,3765,Husky Stadium,264,Washington,fbs,Pac-12,39,"[9, 20, 7, 3]",1,1577,1607,127,Michigan State,fbs,Big Ten,28,"[0, 8, 6, 14]",0,1700,1670,2.200932525962455,,,
401426555,2022,3,regular,2022-09-17T23:30:00.000Z,False,True,False,False,30991,3715,FAU Stadium,2226,Florida Atlantic,fbs,Conference USA,14,"[14, 0, 0, 0]",0.023092133924365044,1485,1423,2116,UCF,fbs,American Athletic,40,"[7, 9, 14, 10]",0.976907866075635,1552,1614,7.1601726476740755,,,
401431543,2022,3,regular,2022-09-18T00:00:00.000Z,False,True,False,False,,6049,"Memorial Stadium (Wichita Falls, TX)",2395,Midwestern State,ii,Lone Star,28,"[0, 7, 0, 21]",,,,2392,Michigan Tech,ii,GLIAC,21,"[0, 14, 7, 0]",,,,,,,
401431902,2022,3,regular,2022-09-18T00:00:00.000Z,False,True,False,True,,5884,Buffalo Stadium,2704,West Texas,ii,Lone Star,24,[],,,,2658,Texas A&M-Kingsville,ii,Lone Star,31,[],,,,,,,
401431510,2022,3,regular,2022-09-18T00:00:00.000Z,False,True,False,False,,5263,Steele Stadium,2316,Kentucky Wesleyan,ii,Great Midwest Athletic,11,"[6, 0, 3, 2]",,,,2402,Missouri S&T,ii,Great Lakes,6,"[0, 0, 0, 6]",,,,,,,
401431612,2022,3,regular,2022-09-18T00:00:00.000Z,False,True,False,False,,3633,Ben Altamirano Field,2703,Western New Mexico,ii,Lone Star,35,"[14, 7, 7, 7]",,,,2848,Western Oregon,ii,Lone Star,30,"[14, 13, 3, 0]",,,,,,,
401426562,2022,3,regular,2022-09-18T00:00:00.000Z,False,True,False,False,102520,3910,DKR-Texas Memorial Stadium,251,Texas,fbs,Big 12,41,"[0, 17, 14, 10]",0.9914759993553162,1716,1746,2636,UTSA,fbs,Conference USA,20,"[3, 14, 3, 0]",0.008524000644683838,1521,1491,5.031843808055324,,,
401420857,2022,3,regular,2022-09-18T00:00:00.000Z,False,True,False,False,,3942,Stewart Stadium,2692,Weber State,fcs,Big Sky,44,"[21, 3, 13, 7]",0.9986406584314884,,,3101,Utah Tech,fcs,Western Athletic,14,"[7, 7, 0, 0]",0.001359341568511585,,,5.4000441654,,,
401426556,2022,3,regular,2022-09-18T00:00:00.000Z,False,True,False,False,80542,3836,"Memorial Stadium (Clemson, SC)",228,Clemson,fbs,ACC,48,"[10, 3, 21, 14]",0.9881022572517395,1795,1808,2348,Louisiana Tech,fbs,Conference USA,20,"[0, 6, 0, 14]",0.011897742748260498,1240,1227,2.614790508593401,,,
401403990,2022,3,regular,2022-09-18T00:00:00.000Z,False,True,True,False,25218,3485,Providence Park,204,Oregon State,fbs,Pac-12,68,"[7, 27, 20, 14]",0.9905471801757812,1599,1599,147,Montana State,fcs,Big Sky,28,"[7, 7, 7, 7]",0.00945281982421875,,,2.461423320915066,,,
401426561,2022,3,regular,2022-09-18T00:00:00.000Z,False,True,False,False,15269,3971,University Stadium (NM),167,New Mexico,fbs,Mountain West,27,"[10, 10, 0, 7]",1,1226,1269,2638,UTEP,fbs,Conference USA,10,"[3, 0, 0, 7]",0,1288,1245,2.7697869265405886,,,
401433072,2022,3,regular,2022-09-18T00:00:00.000Z,False,True,False,True,,5880,Elliott Field at Don Beebe Stadium,2123,Chadron State,ii,Rocky Mountain,23,"[3, 7, 0, 13]",,,,2069,Black Hills State,ii,Rocky Mountain,32,"[0, 10, 13, 9]",,,,,,,
401431961,2022,3,regular,2022-09-18T00:00:00.000Z,False,True,False,True,,6067,Carnie Smith Stadium,90,Pittsburg State,ii,Mid America,49,"[21, 21, 7, 0]",,,,196,Northeastern State,ii,Mid America,14,"[7, 7, 0, 0]",,,,,,,
401418802,2022,3,regular,2022-09-18T00:00:00.000Z,False,True,False,False,,3686,Cowboy Stadium,2377,McNeese,fcs,Southland,19,"[0, 3, 14, 2]",0.006595845858511189,,,2016,Alcorn State,fcs,SWAC,30,"[0, 21, 3, 6]",0.9934041541414889,,,6.7532471498,,,
401403890,2022,3,regular,2022-09-18T01:00:00.000Z,False,True,False,False,,3795,Kyle Field,245,Texas A&M,fbs,SEC,17,"[10, 0, 7, 0]",0.8347919583320618,1700,1706,2390,Miami,fbs,ACC,9,"[3, 0, 3, 3]",0.16520804166793823,1596,1590,3.1495670237691655,,,
401435170,2022,3,regular,2022-09-18T02:00:00.000Z,False,True,False,False,,6153,Hanson Stadium,205,Pacific (OR),iii,Northwest,23,"[0, 3, 7, 7, 6]",,,,2923,Pomona Pitzer,iii,So. Cal.,20,"[0, 10, 7, 0, 3]",,,,,,,
401403993,2022,3,regular,2022-09-18T02:00:00.000Z,False,True,False,False,51602,587,Rice-Eccles Stadium,254,Utah,fbs,Pac-12,35,"[0, 21, 14, 0]",0.9832033514976501,1786,1823,21,San Diego State,fbs,Mountain West,7,"[0, 0, 0, 7]",0.016796648502349854,1464,1427,3.600282331164114,,,
401435175,2022,3,regular,2022-09-18T02:00:00.000Z,False,True,False,False,,5909,Ortmayer Stadium,2318,La Verne,iii,So. Cal.,0,"[0, 0, 0, 0]",,,,2486,Pacific Lutheran,iii,Northwest,41,"[7, 20, 14, 0]",,,,,,,
401415183,2022,3,regular,2022-09-18T02:00:00.000Z,False,True,False,False,,3602,Aggie Stadium,302,UC Davis,fcs,Big Sky,43,"[14, 21, 8, 0]",1,,,301,San Diego,fcs,Pioneer,13,"[0, 7, 6, 0]",0,,,2.451071324540728,,,
401432638,2022,3,regular,2022-09-18T02:00:00.000Z,False,True,False,False,,5850,Stoffer Family Stadium,415,George Fox,iii,Northwest,38,"[7, 21, 10, 0]",,,,411,Chapman,iii,So. Cal.,28,"[7, 7, 7, 7]",,,,,,,
401403992,2022,3,regular,2022-09-18T02:30:00.000Z,False,True,False,False,67226,477,Los Angeles Memorial Coliseum,30,USC,fbs,Pac-12,45,"[14, 7, 14, 10]",0.9708632826805115,1618,1687,278,Fresno State,fbs,Mountain West,17,"[0, 10, 7, 0]",0.029136717319488525,1586,1517,3.712587131361368,,,
401403985,2022,3,regular,2022-09-18T03:00:00.000Z,False,True,False,False,41211,3619,Arizona Stadium,12,Arizona,fbs,Pac-12,31,"[7, 10, 7, 7]",0.8303478360176086,1328,1328,2449,North Dakota State,fcs,MVFC,28,"[7, 7, 14, 0]",0.16965216398239136,,,6.0398487223178465,,,
401403986,2022,3,regular,2022-09-18T03:00:00.000Z,False,True,False,False,43788,3947,Mountain America Stadium,9,Arizona State,fbs,Pac-12,21,"[0, 14, 0, 7]",0.09319249540567398,1592,1551,2199,Eastern Michigan,fbs,Mid-American,30,"[10, 14, 3, 3]",0.906807504594326,1345,1386,3.9349786447378103,,,
401415219,2022,3,regular,2022-09-18T03:59:00.000Z,False,True,False,False,8991,7220,Clarence T.C. Ching Athletics Complex,62,Hawai'i,fbs,Mountain West,24,"[7, 7, 0, 10]",0.8567911386489868,1110,1110,2184,Duquesne,fcs,NEC,14,"[3, 3, 0, 8]",0.14320886135101318,,,3.360234288356743,,,
401426334,2022,4,regular,2022-09-22T23:30:00.000Z,False,True,False,True,13467,4246,Center Parc Stadium,2247,Georgia State,fbs,Sun Belt,24,"[7, 10, 0, 7]",0.04023788496851921,1444,1424,324,Coastal Carolina,fbs,Sun Belt,41,"[21, 6, 7, 7]",0.9597621150314808,1656,1676,3.507325014106886,,,
401411116,2022,4,regular,2022-09-22T23:30:00.000Z,False,True,False,False,65632,3799,Lane Stadium,259,Virginia Tech,fbs,ACC,10,"[0, 7, 3, 0]",0.03293340280652046,1451,1388,277,West Virginia,fbs,Big 12,33,"[3, 10, 3, 17]",0.9670665971934795,1430,1493,4.388704019498442,,,
401421129,2022,4,regular,2022-09-23T00:30:00.000Z,False,True,False,False,37579,3832,"Memorial Stadium (Champaign, IL)",356,Illinois,fbs,Big Ten,31,"[10, 14, 7, 0]",0.9621609449386597,1622,1622,236,Chattanooga,fcs,Southern,0,"[0, 0, 0, 0]",0.03783905506134033,,,1.9340063775100271,,,
401455577,2022,4,regular,2022-09-23T22:00:00.000Z,False,True,False,True,,5876,Bentley University Football Stadium,2060,Bentley,ii,Northeast 10,13,"[3, 7, 0, 3]",,,,2441,New Haven,ii,Northeast 10,21,"[7, 7, 0, 7]",,,,,,,
401411117,2022,4,regular,2022-09-23T23:00:00.000Z,False,True,False,True,34590,1964,JMA Wireless Dome,183,Syracuse,fbs,ACC,22,"[10, 6, 3, 3]",0.5878375768661499,1539,1539,258,Virginia,fbs,ACC,20,"[0, 0, 13, 7]",0.4121624231338501,1481,1481,5.154035267763122,,,
401431032,2022,4,regular,2022-09-23T23:00:00.000Z,False,True,False,True,,5124,Homewood Field,118,Johns Hopkins,iii,Centennial,54,"[21, 10, 10, 13]",,,,323,Moravian,iii,Centennial,0,"[0, 0, 0, 0]",,,,,,,
401415220,2022,4,regular,2022-09-24T00:00:00.000Z,False,True,False,True,20506,3713,Falcon Stadium,2005,Air Force,fbs,Mountain West,48,"[10, 14, 17, 7]",0.9986596565023307,1690,1743,2440,Nevada,fbs,Mountain West,20,"[0, 7, 0, 13]",0.0013403434976693163,1520,1467,1.79530605,,,
401426571,2022,4,regular,2022-09-24T01:00:00.000Z,False,True,False,False,11227,3946,Sun Bowl,2638,UTEP,fbs,Conference USA,27,"[0, 10, 10, 7]",0.997065007686615,1245,1322,68,Boise State,fbs,Mountain West,10,"[3, 0, 7, 0]",0.0029349923133850098,1618,1541,7.143330178050725,,,
401411121,2022,4,regular,2022-09-24T16:00:00.000Z,False,True,False,False,54667,3752,Acrisure Stadium,221,Pittsburgh,fbs,ACC,45,"[14, 10, 7, 14]",0.9976227879524231,1709,1709,227,Rhode Island,fcs,CAA,24,"[7, 7, 3, 7]",0.0023772120475769043,,,2.392667281143697,,,
401411119,2022,4,regular,2022-09-24T16:00:00.000Z,False,True,False,False,41217,3873,L&N Federal Credit Union Stadium,97,Louisville,fbs,ACC,41,"[14, 14, 3, 10]",1,1499,1575,58,South Florida,fbs,American Athletic,3,"[0, 0, 0, 3]",0,1250,1174,2.546873378303858,,,
401431152,2022,4,regular,2022-09-24T16:00:00.000Z,False,True,False,True,,5127,Gene L. Shirk Stadium,2015,Albright,iii,Mid Atlantic,0,"[0, 0, 0, 0]",,,,2354,Lycoming,iii,Mid Atlantic,45,"[10, 7, 21, 7]",,,,,,,
401405098,2022,4,regular,2022-09-24T16:00:00.000Z,False,True,False,False,106624,3632,Beaver Stadium,213,Penn State,fbs,Big Ten,33,"[14, 7, 6, 6]",0.9914251565933228,1804,1817,2117,Central Michigan,fbs,Mid-American,14,"[0, 14, 0, 0]",0.008574843406677246,1477,1464,4.48983305080522,,,
401404080,2022,4,regular,2022-09-24T16:00:00.000Z,False,True,False,True,58069,3772,Jack Trice Stadium,66,Iowa State,fbs,Big 12,24,"[7, 7, 0, 10]",0.058152616024017334,1809,1790,239,Baylor,fbs,Big 12,31,"[7, 10, 7, 7]",0.9418473839759827,1733,1752,4.331160046734903,,,
401432990,2022,4,regular,2022-09-24T16:00:00.000Z,False,True,False,True,,4436,Adamson Stadium,2858,California (PA),ii,Pennsylvania State Athletic,49,"[21, 14, 7, 7]",,,,2205,Edinboro,ii,Pennsylvania State Athletic,7,"[7, 0, 0, 0]",,,,,,,
401403894,2022,4,regular,2022-09-24T16:00:00.000Z,False,True,False,True,85750,3785,Jordan-Hare Stadium,2,Auburn,fbs,SEC,17,"[14, 0, 0, 0, 3]",0.8529782295227051,1560,1559,142,Missouri,fbs,SEC,14,"[0, 14, 0, 0, 0]",0.14702177047729492,1410,1411,6.61184328984131,,,
401430688,2022,4,regular,2022-09-24T16:00:00.000Z,False,True,False,True,,6041,Irwin Belk Complex,2304,Johnson C. Smith,ii,CIAA,28,"[7, 7, 0, 14]",,,,2339,Lincoln (PA),ii,CIAA,29,"[7, 12, 7, 3]",,,,,,,
401435201,2022,4,regular,2022-09-24T16:00:00.000Z,False,True,False,True,,5852,Jamieson Stadium,2256,Greensboro,iii,USA South,17,"[3, 0, 7, 7]",,,,2373,Maryville (TN),iii,USA South,37,"[20, 7, 10, 0]",,,,,,,
401404079,2022,4,regular,2022-09-24T16:00:00.000Z,False,True,False,False,47233,3833,Memorial Stadium,2305,Kansas,fbs,Big 12,35,"[7, 14, 7, 7]",1,1342,1349,150,Duke,fbs,ACC,27,"[7, 6, 0, 14]",0,1268,1261,4.226670112287669,,,
401460114,2022,4,regular,2022-09-24T16:00:00.000Z,False,True,False,False,,5926,Henry G. Steinbrenner '27 Stadium,109,MIT,iii,NEWMAC,35,"[0, 21, 14, 0]",,,,110438,Dean,iii,ECFC,6,"[6, 0, 0, 0]",,,,,,,
401431053,2022,4,regular,2022-09-24T16:00:00.000Z,False,True,False,False,,6119,Stagg Field,81,Springfield,iii,NEWMAC,49,"[21, 7, 21, 0]",,,,2280,Husson,iii,Commonwealth Coast,7,"[0, 0, 0, 7]",,,,,,,
401416604,2022,4,regular,2022-09-24T16:00:00.000Z,False,True,False,True,14524,3912,Rynearson Stadium,2199,Eastern Michigan,fbs,Mid-American,31,"[14, 10, 7, 0]",0.02141691744327545,1386,1334,2084,Buffalo,fbs,Mid-American,50,"[13, 17, 10, 10]",0.9785830825567245,1345,1397,6.1150344132625705,,,
401404078,2022,4,regular,2022-09-24T16:00:00.000Z,False,True,False,False,35569,3735,Gerald J. Ford Stadium,2567,SMU,fbs,American Athletic,34,"[0, 14, 7, 13]",0.020825902000069618,1657,1628,2628,TCU,fbs,Big 12,42,"[14, 14, 0, 14]",0.9791740979999304,1497,1526,5.063631449942333,,,
401403895,2022,4,regular,2022-09-24T16:00:00.000Z,False,True,False,False,92746,3917,Sanford Stadium,61,Georgia,fbs,SEC,39,"[12, 14, 6, 7]",0.940726637840271,2121,2090,2309,Kent State,fbs,Mid-American,22,"[3, 10, 3, 6]",0.059273362159729004,1274,1305,2.6902574183831574,,,
401403899,2022,4,regular,2022-09-24T16:00:00.000Z,False,True,False,False,48376,3693,Davis Wade Stadium,344,Mississippi State,fbs,SEC,45,"[17, 14, 7, 7]",0.9881957769393921,1578,1617,189,Bowling Green,fbs,Mid-American,14,"[0, 7, 0, 7]",0.01180422306060791,1194,1155,2.71282834705594,,,
401405097,2022,4,regular,2022-09-24T16:00:00.000Z,False,True,False,True,110225,3558,Michigan Stadium,130,Michigan,fbs,Big Ten,34,"[10, 7, 0, 17]",0.984504759311676,2024,2012,120,Maryland,fbs,Big Ten,27,"[10, 3, 0, 14]",0.015495240688323975,1608,1620,4.392299443224363,,,
401438624,2022,4,regular,2022-09-24T16:00:00.000Z,False,True,False,False,,5794,Caparso Field,15,Anna Maria College,iii,ECFC,28,"[7, 7, 7, 7]",,,,2557,Coast Guard,iii,NEWMAC,66,"[14, 14, 24, 14]",,,,,,,
401432574,2022,4,regular,2022-09-24T16:00:00.000Z,False,True,False,True,,5855,Charles A. Henry Field,2274,Hiram,iii,North Coast,14,"[0, 0, 7, 7]",,,,2746,Wittenberg,iii,North Coast,38,"[7, 21, 3, 7]",,,,,,,
401433015,2022,4,regular,2022-09-24T16:00:00.000Z,False,True,False,True,,4432,Andre Reed Stadium,2315,Kutztown,ii,Pennsylvania State Athletic,35,"[7, 14, 0, 14]",,,,2974,Shepherd,ii,Pennsylvania State Athletic,42,"[7, 7, 7, 21]",,,,,,,
401411123,2022,4,regular,2022-09-24T16:00:00.000Z,False,True,False,True,32903,3630,Allegacy Federal Credit Union Stadium,154,Wake Forest,fbs,ACC,45,"[7, 7, 21, 3, 7, 0]",0.4058257794194493,1667,1666,228,Clemson,fbs,ACC,51,"[14, 6, 8, 10, 7, 6]",0.5941742205805507,1808,1809,9.6877149945,,,
401431553,2022,4,regular,2022-09-24T16:00:00.000Z,False,True,False,True,,5934,Farmers Insurance Athletic Complex,110254,Davenport,ii,GLIAC,51,"[17, 20, 14, 0]",,,,2886,Northwood,ii,Great Midwest Athletic,17,"[0, 3, 14, 0]",,,,,,,
401437202,2022,4,regular,2022-09-24T16:00:00.000Z,False,True,False,False,,3877,Pioneer Stadium,3162,Alfred State,iii,ECFC,42,"[7, 7, 7, 21]",,,,190,Defiance College,iii,Heartland,33,"[7, 9, 3, 14]",,,,,,,
401425511,2022,4,regular,2022-09-24T16:00:00.000Z,False,True,False,False,,3777,Joe Walton Stadium,2523,Robert Morris,fcs,Big South,3,"[0, 0, 0, 3]",,,,2193,East Tennessee State,fcs,Southern,45,"[14, 28, 3, 0]",,,,,,,
401431162,2022,4,regular,2022-09-24T16:00:00.000Z,False,True,False,True,,5845,Elliot Field Athletic Complex,114,Fitchburg State,iii,MSCAC,13,"[0, 13, 0, 0]",,,,110,Mass Maritime,iii,MSCAC,38,"[28, 10, 0, 0]",,,,,,,
401432376,2022,4,regular,2022-09-24T16:00:00.000Z,False,True,False,True,,5868,Ronald J. Abdow Field,2022,American International,ii,Northeast 10,3,"[0, 0, 0, 3]",,,,112334,Franklin Pierce,ii,Northeast 10,7,"[0, 0, 7, 0]",,,,,,,
401431843,2022,4,regular,2022-09-24T16:00:00.000Z,False,True,False,True,,4015,Barron Stadium,2560,Shorter,ii,Gulf South,30,"[7, 10, 6, 7]",,,,2673,Valdosta State,ii,Gulf South,34,"[0, 3, 21, 10]",,,,,,,
401445767,2022,4,regular,2022-09-24T16:00:00.000Z,False,True,False,False,,5810,Coyer Field,2085,Buffalo State,iii,Liberty League,10,"[0, 0, 0, 10]",,,,3110,SUNY Morrisville,iii,Empire 8,31,"[0, 17, 0, 14]",,,,,,,
401432153,2022,4,regular,2022-09-24T16:00:00.000Z,False,True,False,True,,6212,Bishop Schmitt Field,112335,Wheeling,ii,Mountain East,34,"[0, 10, 10, 14]",,,,2249,Glenville State,ii,Mountain East,23,"[10, 0, 7, 6]",,,,,,,
401438668,2022,4,regular,2022-09-24T16:00:00.000Z,False,True,False,False,,3709,Hempstead Stadium,452,Endicott,iii,Commonwealth Coast,26,"[6, 7, 0, 13]",,,,2467,Norwich,iii,NEWMAC,13,"[0, 0, 7, 6]",,,,,,,
401445170,2022,4,regular,2022-09-24T16:00:00.000Z,False,True,False,False,,5638,Dave Wolk Stadium,293,Vermont State Castleton,iii,ECFC,6,"[6, 0, 0, 0]",,,,2779,St. Lawrence,iii,Liberty League,34,"[14, 7, 7, 6]",,,,,,,
401438635,2022,4,regular,2022-09-24T16:00:00.000Z,False,True,False,True,,5842,Robert T. Shields Field,2221,FDU Florham,iii,Mid Atlantic,23,"[0, 13, 10, 0]",,,,247,King's,iii,Mid Atlantic,27,"[6, 7, 14, 0]",,,,,,,
401455634,2022,4,regular,2022-09-24T16:00:00.000Z,False,True,False,True,,6066,Pace Stadium,2487,Pace,ii,Northeast 10,14,"[0, 0, 14, 0]",,,,2038,Assumption,ii,Northeast 10,26,"[7, 3, 7, 9]",,,,,,,
401433032,2022,4,regular,2022-09-24T16:00:00.000Z,False,True,False,True,,4427,John A. Farrell Stadium,223,West Chester,ii,Pennsylvania State Athletic,26,"[2, 3, 11, 10]",,,,210,Millersville,ii,Pennsylvania State Athletic,14,"[14, 0, 0, 0]",,,,,,,
401421158,2022,4,regular,2022-09-24T16:00:00.000Z,False,True,False,False,,3658,Buccaneer Field,2127,Charleston Southern,fcs,Big South,19,"[7, 2, 10, 0]",0.05728882551193237,,,231,Furman,fcs,Southern,24,"[3, 7, 7, 7]",0.9427111744880676,,,6.372045271577856,,,
401445923,2022,4,regular,2022-09-24T16:00:00.000Z,False,True,False,False,,6143,Golden Bear Stadium,2702,Western New England,iii,Commonwealth Coast,0,"[0, 0, 0, 0]",,,,2532,Salisbury,iii,New Jersey,35,"[7, 14, 7, 7]",,,,,,,
401415197,2022,4,regular,2022-09-24T16:30:00.000Z,False,True,False,False,,3847,Cooper Field,46,Georgetown,fcs,Patriot,6,"[0, 0, 6, 0]",0.06604590266942978,,,171,Columbia,fcs,Ivy,42,"[0, 13, 7, 22]",0.9339540973305702,,,3.716809119932919,,,
401415187,2022,4,regular,2022-09-24T16:30:00.000Z,False,True,False,True,,3656,Brown Stadium,225,Brown,fcs,Ivy,28,"[0, 0, 7, 21]",0.06589101254940033,,,108,Harvard,fcs,Ivy,35,"[7, 14, 14, 0]",0.9341089874505997,,,4.720639274245648,,,
401432583,2022,4,regular,2022-09-24T17:00:00.000Z,False,True,False,True,,5906,McBride Field,352,Kenyon,iii,North Coast,14,"[0, 0, 7, 7]",,,,2980,Ohio Wesleyan,iii,North Coast,41,"[17, 17, 7, 0]",,,,,,,
401425414,2022,4,regular,2022-09-24T17:00:00.000Z,False,True,False,True,,3617,Andy Kerr Stadium,2142,Colgate,fcs,Patriot,10,"[0, 10, 0, 0]",0,,,107,Holy Cross,fcs,Patriot,35,"[7, 7, 14, 7]",1,,,4.905482227713812,,,
401432385,2022,4,regular,2022-09-24T17:00:00.000Z,False,True,False,True,,6074,Grappone Stadium,2830,Saint Anselm,ii,Northeast 10,21,"[3, 0, 8, 10]",,,,2583,Southern Connecticut State,ii,Northeast 10,14,"[7, 7, 0, 0]",,,,,,,
401432093,2022,4,regular,2022-09-24T17:00:00.000Z,False,True,False,True,,5121,University of Charleston Stadium,2128,Charleston (WV),ii,Mountain East,62,"[17, 17, 21, 7]",,,,2017,Alderson-Broaddus,ii,Mountain East,7,"[0, 7, 0, 0]",,,,,,,
401431544,2022,4,regular,2022-09-24T17:00:00.000Z,False,True,False,True,,3927,Sherman Field,2392,Michigan Tech,ii,GLIAC,13,"[6, 7, 0, 0]",,,,129,Saginaw Valley State,ii,GLIAC,35,"[7, 14, 14, 0]",,,,,,,
401432850,2022,4,regular,2022-09-24T17:00:00.000Z,False,True,False,False,,6094,Reynolds Field,583,Northwestern (MN),iii,Upper Midwest,7,"[0, 0, 0, 7]",,,,2812,Hope,iii,Michigan,56,"[21, 21, 7, 7]",,,,,,,
401439544,2022,4,regular,2022-09-24T17:00:00.000Z,False,True,False,False,,5899,"Alumni Stadium (Worcester, MA)",2749,WPI,iii,NEWMAC,10,"[0, 0, 10, 0]",,,,2818,Montclair State,iii,New Jersey,0,"[0, 0, 0, 0]",,,,,,,
401431491,2022,4,regular,2022-09-24T17:00:00.000Z,False,True,False,False,,3870,Panther Stadium (OH),2477,Ohio Dominican,ii,Great Midwest Athletic,38,"[7, 10, 14, 7]",,,,2292,Indianapolis,ii,Great Lakes,44,"[21, 7, 6, 10]",,,,,,,
401435123,2022,4,regular,2022-09-24T17:00:00.000Z,False,True,False,True,,6131,Jessee/Miller Field,2977,Trinity (CT),iii,NESCAC,19,"[0, 0, 13, 6]",,,,33,Colby,iii,NESCAC,7,"[0, 0, 7, 0]",,,,,,,
401429853,2022,4,regular,2022-09-24T17:00:00.000Z,False,True,False,True,,6068,George Williams Athletic Complex,395,St. Augustine's,ii,CIAA,20,"[0, 7, 0, 13]",,,,2075,Bowie State,ii,CIAA,36,"[7, 8, 0, 21]",,,,,,,
401429863,2022,4,regular,2022-09-24T17:00:00.000Z,False,True,False,True,,6068,George Williams Athletic Complex,2551,Shaw,ii,CIAA,35,"[7, 13, 3, 12]",,,,2207,Elizabeth City State,ii,CIAA,16,"[0, 16, 0, 0]",,,,,,,
401430963,2022,4,regular,2022-09-24T17:00:00.000Z,False,True,False,True,,5836,Chalmers Field,49,Dubuque,iii,American Rivers,0,"[0, 0, 0, 0]",,,,2685,Wartburg,iii,American Rivers,25,"[0, 17, 8, 0]",,,,,,,
401430977,2022,4,regular,2022-09-24T17:00:00.000Z,False,True,False,True,,5921,Rock Bowl,263,Loras,iii,American Rivers,49,"[7, 21, 14, 7]",,,,6845,Nebraska Wesleyan,iii,American Rivers,31,"[10, 7, 7, 7]",,,,,,,
401431043,2022,4,regular,2022-09-24T17:00:00.000Z,False,True,False,False,,5830,Walter M. Katz Field,40,Curry,iii,Commonwealth Coast,49,"[0, 42, 7, 0]",,,,125974,Hilbert,iii,North Coast,9,"[0, 0, 7, 2]",,,,,,,
401431069,2022,4,regular,2022-09-24T17:00:00.000Z,False,True,False,True,,5816,Art Keller Field,2106,Carthage,iii,CCIW,16,"[3, 0, 7, 6]",,,,143,Washington St. Louis,iii,CCIW,45,"[7, 17, 7, 14]",,,,,,,
401435066,2022,4,regular,2022-09-24T17:00:00.000Z,False,True,False,False,,6134,Frank Bailey Field,237,Union,iii,Liberty League,24,"[7, 17, 0, 0]",,,,390,Utica,iii,Empire 8,31,"[0, 7, 10, 14]",,,,,,,
401435142,2022,4,regular,2022-09-24T17:00:00.000Z,False,True,False,False,,5905,Kean Alumni Stadium,2871,Kean,iii,New Jersey,7,"[0, 0, 7, 0]",,,,2383,Merchant Marine,iii,NEWMAC,9,"[0, 7, 0, 2]",,,,,,,
401437210,2022,4,regular,2022-09-24T17:00:00.000Z,False,True,False,False,,7082,Athletic Field Complex,122774,Keystone,iii,ECFC,6,"[0, 0, 0, 6]",,,,174,Hobart,iii,Liberty League,65,"[14, 28, 10, 13]",,,,,,,
401438616,2022,4,regular,2022-09-24T17:00:00.000Z,False,True,False,False,,6112,Richard Wackar Stadium,2827,Rowan,iii,New Jersey,24,"[3, 14, 0, 7]",,,,2776,Salve Regina,iii,Commonwealth Coast,28,"[0, 0, 7, 21]",,,,,,,
401438642,2022,4,regular,2022-09-24T17:00:00.000Z,False,True,False,True,,3621,Arnold Field (PA),388,Lebanon Valley,iii,Mid Atlantic,24,"[7, 7, 7, 3]",,,,398,Wilkes,iii,Mid Atlantic,19,"[0, 6, 6, 7]",,,,,,,
401441930,2022,4,regular,2022-09-24T17:00:00.000Z,False,True,False,True,,5835,Biddle Field,2175,Dickinson,iii,Centennial,0,"[0, 0, 0, 0]",,,,216,Susquehanna,iii,Centennial,45,"[7, 14, 17, 7]",,,,,,,
401455582,2022,4,regular,2022-09-24T17:00:00.000Z,False,True,False,True,,5902,Knox Stadium,246,Juniata,iii,Centennial,14,"[0, 7, 0, 7]",,,,2248,Gettysburg,iii,Centennial,40,"[13, 0, 13, 14]",,,,,,,
401459908,2022,4,regular,2022-09-24T17:00:00.000Z,False,True,False,False,,3889,Reinhart Field,2951,SUNY Maritime,iii,ECFC,3,"[0, 3, 0, 0]",,,,2970,William Paterson,iii,New Jersey,14,"[0, 7, 0, 7]",,,,,,,
401423158,2022,4,regular,2022-09-24T17:00:00.000Z,False,True,False,True,,4416,Spec Martin Municipal Stadium,56,Stetson,fcs,Pioneer,38,"[7, 21, 3, 7]",,,,2413,Morehead State,fcs,Pioneer,26,"[6, 14, 0, 6]",,,,,,,
401422989,2022,4,regular,2022-09-24T17:00:00.000Z,False,True,False,False,,3730,Franklin Field,219,Pennsylvania,fcs,Ivy,12,"[0, 6, 6, 0]",0.9443022608757019,,,322,Lafayette,fcs,Patriot,0,"[0, 0, 0, 0]",0.055697739124298096,,,3.6104891806966553,,,
401425090,2022,4,regular,2022-09-24T17:00:00.000Z,False,True,False,True,,3655,Brown Field,2674,Valparaiso,fcs,Pioneer,28,"[0, 13, 7, 8]",0.9957670569419861,,,301,San Diego,fcs,Pioneer,21,"[7, 7, 0, 7]",0.004232943058013916,,,6.53774829817426,,,
401441991,2022,4,regular,2022-09-24T17:00:00.000Z,False,True,False,False,,6043,Bethpage Federal Credit Union Stadium,2341,Long Island University,fcs,NEC,29,"[7, 6, 7, 9]",0.3124532699584961,,,2803,Bryant,fcs,Big South,31,"[14, 7, 7, 3]",0.6875467300415039,,,8.55547127917552,,,
401432113,2022,4,regular,2022-09-24T17:00:00.000Z,False,True,False,True,,3642,Bobcat Stadium (MD),341,Frostburg State,ii,Mountain East,22,"[6, 0, 3, 13]",,,,2148,Concord,ii,Mountain East,23,"[9, 7, 0, 7]",,,,,,,
401433151,2022,4,regular,2022-09-24T17:00:00.000Z,False,True,False,False,,6221,Mitchell Stadium,124180,Bluefield State,ii,Independent DII,27,"[7, 14, 6, 0]",,,,2232,Fort Valley State,ii,SIAC,44,"[13, 10, 21, 0]",,,,,,,
401431267,2022,4,regular,2022-09-24T17:00:00.000Z,False,True,False,False,,6082,Big Cat Stadium,2399,Minnesota Morris,iii,Upper Midwest,49,"[14, 14, 14, 7]",,,,268,Lawrence,iii,Midwest,19,"[13, 6, 0, 0]",,,,,,,
401431834,2022,4,regular,2022-09-24T17:00:00.000Z,False,True,False,False,,6061,Younts Stadium,2822,North Greenville,ii,Gulf South,34,"[10, 7, 3, 14]",,,,2224,Findlay,ii,Great Midwest Athletic,27,"[7, 10, 3, 7]",,,,,,,
401432129,2022,4,regular,2022-09-24T17:00:00.000Z,False,True,False,True,,5785,Dickerson Stadium,2707,West Virginia State,ii,Mountain East,13,"[0, 6, 7, 0]",,,,587,Notre Dame College,ii,Mountain East,48,"[10, 14, 14, 10]",,,,,,,
401432135,2022,4,regular,2022-09-24T17:00:00.000Z,False,True,False,True,,5886,West Family Stadium,2699,West Liberty,ii,Mountain East,23,"[6, 0, 14, 3]",,,,455,West Virginia Wesleyan,ii,Mountain East,21,"[7, 0, 0, 14]",,,,,,,
401432999,2022,4,regular,2022-09-24T17:00:00.000Z,False,True,False,True,,4437,"Memorial Stadium (Clarion, PA)",2134,Clarion,ii,Pennsylvania State Athletic,24,"[14, 7, 3, 0]",,,,367,Gannon,ii,Pennsylvania State Athletic,47,"[17, 10, 14, 6]",,,,,,,
401435114,2022,4,regular,2022-09-24T17:00:00.000Z,False,True,False,True,,3640,Blackstock Stadium,83,DePauw,iii,North Coast,59,"[7, 17, 14, 21]",,,,2748,Wooster,iii,North Coast,0,"[0, 0, 0, 0]",,,,,,,
401437000,2022,4,regular,2022-09-24T17:00:00.000Z,False,True,False,True,,7077,Shadek Stadium,2234,Franklin & Marshall,iii,Centennial,7,"[0, 0, 0, 7]",,,,2667,Ursinus,iii,Centennial,22,"[7, 12, 3, 0]",,,,,,,
401443118,2022,4,regular,2022-09-24T17:00:00.000Z,False,True,False,True,,5833,Robert A. Lipinski Field at James Work Memorial Stadium,2808,Delaware Valley,iii,Mid Atlantic,41,"[0, 14, 14, 13]",,,,2969,Misericordia,iii,Mid Atlantic,0,"[0, 0, 0, 0]",,,,,,,
401443112,2022,4,regular,2022-09-24T17:00:00.000Z,False,True,False,True,,6089,Scotty Wood Stadium,2422,Muhlenberg,iii,Centennial,41,"[21, 14, 6, 0]",,,,2700,McDaniel,iii,Centennial,7,"[0, 0, 0, 7]",,,,,,,
401445802,2022,4,regular,2022-09-24T17:00:00.000Z,False,True,False,True,,3733,Garcelon Field,121,Bates,iii,NESCAC,7,"[0, 0, 0, 7]",,,,112,Tufts,iii,NESCAC,35,"[7, 21, 7, 0]",,,,,,,
401445214,2022,4,regular,2022-09-24T17:00:00.000Z,False,True,False,True,,6151,Farley-Lamb Field,2731,Williams,iii,NESCAC,24,"[7, 7, 0, 10]",,,,340,Bowdoin,iii,NESCAC,14,"[0, 0, 7, 7]",,,,,,,
401444597,2022,4,regular,2022-09-24T17:00:00.000Z,False,True,False,True,,5894,Steuben Field,348,Hamilton,iii,NESCAC,24,"[7, 7, 3, 7]",,,,7,Amherst,iii,NESCAC,10,"[7, 0, 0, 3]",,,,,,,
401439534,2022,4,regular,2022-09-24T17:00:00.000Z,False,True,False,True,,4855,Leslie C. Quick Jr. Stadium,2725,Widener,iii,Mid Atlantic,14,"[7, 7, 0, 0]",,,,471,Stevenson,iii,Mid Atlantic,30,"[3, 7, 7, 13]",,,,,,,
401438552,2022,4,regular,2022-09-24T17:00:00.000Z,False,True,False,True,,5910,Callaway Stadium,548,LaGrange,iii,USA South,28,"[7, 0, 7, 14]",,,,291,Methodist,iii,USA South,38,"[7, 17, 7, 7]",,,,,,,
401441255,2022,4,regular,2022-09-24T17:00:00.000Z,False,True,False,True,,6079,Alumni Stadium (VT),2394,Middlebury,iii,NESCAC,24,"[0, 14, 0, 10]",,,,336,Wesleyan (CT),iii,NESCAC,10,"[0, 7, 3, 0]",,,,,,,
401431110,2022,4,regular,2022-09-24T17:00:00.000Z,False,True,False,False,,5788,Merrill Field at Yunevich Stadium,365,Alfred,iii,Empire 8,31,"[7, 3, 14, 7]",,,,126,Kalamazoo,iii,Michigan,23,"[3, 10, 0, 10]",,,,,,,
401432882,2022,4,regular,2022-09-24T17:00:00.000Z,False,True,False,True,,6117,Knight Stadium,2896,Southern Virginia,iii,USA South,13,"[0, 6, 7, 0]",,,,286,North Carolina Wesleyan,iii,USA South,14,"[0, 0, 7, 7]",,,,,,,
401433024,2022,4,regular,2022-09-24T17:05:00.000Z,False,True,False,True,,4439,Eiler-Martin Stadium,2188,East Stroudsburg,ii,Pennsylvania State Athletic,48,"[0, 17, 17, 14]",,,,209,Lock Haven,ii,Pennsylvania State Athletic,7,"[0, 0, 0, 7]",,,,,,,
401432682,2022,4,regular,2022-09-24T17:30:00.000Z,False,True,False,True,,6090,Sherman Field at McConagha Stadium,332,Muskingum,iii,Ohio,0,"[0, 0, 0, 0]",,,,426,Mount Union,iii,Ohio,59,"[7, 38, 14, 0]",,,,,,,
401435182,2022,4,regular,2022-09-24T17:30:00.000Z,False,True,False,True,,5812,Bernlohr Stadium,424,Capital,iii,Ohio,31,"[7, 0, 7, 17]",,,,2733,Wilmington (OH),iii,Ohio,34,"[10, 0, 17, 7]",,,,,,,
401432672,2022,4,regular,2022-09-24T17:30:00.000Z,False,True,False,True,,5863,Don Shula Stadium at Wasmer Field,2302,John Carroll,iii,Ohio,24,"[7, 7, 7, 3]",,,,191,Heidelberg,iii,Ohio,7,"[0, 7, 0, 0]",,,,,,,
401432630,2022,4,regular,2022-09-24T18:00:00.000Z,False,True,False,False,,3879,TowneBank Stadium,3112,Christopher Newport,iii,New Jersey,38,"[14, 14, 7, 3]",,,,2108,Catholic,iii,NEWMAC,7,"[7, 0, 0, 0]",,,,,,,
401431197,2022,4,regular,2022-09-24T18:00:00.000Z,False,True,False,False,,5790,Bahlke Field,2800,Alma,iii,Michigan,69,"[28, 20, 14, 7]",,,,446,Martin Luther,iii,Upper Midwest,0,"[0, 0, 0, 0]",,,,,,,
401431212,2022,4,regular,2022-09-24T18:00:00.000Z,False,True,False,False,,5853,Francis Field (IL),2257,Greenville,iii,Upper Midwest,7,"[0, 7, 0, 0]",,,,354,Olivet,iii,Michigan,63,"[21, 21, 14, 7]",,,,,,,
401432979,2022,4,regular,2022-09-24T18:00:00.000Z,False,True,False,True,,4435,Robert B. Redman Stadium,2071,Bloomsburg,ii,Pennsylvania State Athletic,17,"[0, 3, 0, 14]",,,,2559,Shippensburg,ii,Pennsylvania State Athletic,31,"[7, 17, 7, 0]",,,,,,,
401431312,2022,4,regular,2022-09-24T18:00:00.000Z,False,True,False,True,,6110,Sam Greeley Field,2524,Rockford,iii,NACC,7,"[7, 0, 0, 0]",,,,2044,Aurora,iii,NACC,70,"[28, 21, 21, 0]",,,,,,,
401414781,2022,4,regular,2022-09-24T18:00:00.000Z,False,True,False,False,14033,3806,Lincoln Financial Field,218,Temple,fbs,American Athletic,28,"[0, 7, 14, 7]",0.9792364239692688,1044,1104,113,Massachusetts,fbs,FBS Independents,0,"[0, 0, 0, 0]",0.0207635760307312,934,874,4.393090447543902,,,
401441954,2022,4,regular,2022-09-24T18:00:00.000Z,False,True,False,True,,6144,"Alumni Field (Westfield, MA)",2909,Westfield State,iii,MSCAC,11,"[0, 3, 0, 8]",,,,2967,Framingham State,iii,MSCAC,14,"[7, 0, 7, 0]",,,,,,,
401424955,2022,4,regular,2022-09-24T18:00:00.000Z,False,True,False,True,,3976,Mississippi Veterans Memorial Stadium,2296,Jackson State,fcs,SWAC,49,"[14, 7, 21, 7]",,,,2400,Mississippi Valley State,fcs,SWAC,7,"[7, 0, 0, 0]",,,,,,,
401432148,2022,4,regular,2022-09-24T18:00:00.000Z,False,True,False,True,,5943,Duvall-Rosier Field,2986,Fairmont State,ii,Mountain East,25,"[10, 0, 0, 15]",,,,2882,UNC Pembroke,ii,Mountain East,23,"[7, 7, 7, 2]",,,,,,,
401424937,2022,4,regular,2022-09-24T18:00:00.000Z,False,True,False,True,,3850,Municipal Stadium,2065,Bethune-Cookman,fcs,SWAC,36,"[14, 3, 3, 16]",,,,2755,Grambling,fcs,SWAC,19,"[10, 9, 0, 0]",,,,,,,
401435107,2022,4,regular,2022-09-24T18:00:00.000Z,False,True,False,False,,5928,Macalester Stadium,2359,Macalester,iii,Minnesota,32,"[6, 6, 8, 12]",,,,133,St. Olaf,iii,Minnesota,38,"[14, 10, 7, 7]",,,,,,,
401435075,2022,4,regular,2022-09-24T18:00:00.000Z,False,True,False,False,,3613,Alumni Stadium,2169,Delaware State,fcs,MEAC,13,"[0, 3, 3, 7]",0.00712720725694009,,,2771,Merrimack,fcs,NEC,26,"[14, 0, 9, 3]",0.99287279274306,,,3.8540362387,,,
401431320,2022,4,regular,2022-09-24T18:00:00.000Z,False,True,False,True,,5827,Tomasini Stadium,409,Concordia (WI),iii,NACC,35,"[14, 0, 7, 14]",,,,2151,Concordia Chicago,iii,NACC,7,"[0, 7, 0, 0]",,,,,,,
401431079,2022,4,regular,2022-09-24T18:00:00.000Z,False,True,False,True,,980,Benedetti-Wehrli Stadium,3071,North Central College,iii,CCIW,76,"[28, 27, 14, 7]",,,,72,Elmhurst,iii,CCIW,6,"[0, 0, 0, 6]",,,,,,,
401416606,2022,4,regular,2022-09-24T18:00:00.000Z,False,True,False,False,19024,3876,Peden Stadium,195,Ohio,fbs,Mid-American,59,"[14, 17, 7, 21]",0.19673562049865723,1251,1251,2230,Fordham,fcs,Patriot,52,"[0, 21, 28, 3]",0.8032643795013428,,,7.705523649875246,,,
401430999,2022,4,regular,2022-09-24T18:00:00.000Z,False,True,False,True,,5857,Gordon Wood Stadium,2758,Howard Payne,iii,American Southwest,33,"[13, 6, 7, 7]",,,,2194,East Texas Baptist,iii,American Southwest,21,"[0, 0, 14, 7]",,,,,,,
401430988,2022,4,regular,2022-09-24T18:00:00.000Z,False,True,False,False,,3915,Charles Lee Field at Samford Stadium,2938,Huntingdon,iii,USA South,34,"[14, 6, 7, 7]",,,,2056,Belhaven,iii,USA South,21,"[0, 14, 7, 0]",,,,,,,
401432897,2022,4,regular,2022-09-24T18:00:00.000Z,False,True,False,False,,5900,Don and Nona Williams Stadium,2744,Wisconsin Stout,iii,Wisconsin,66,"[28, 21, 3, 14]",,,,509,Crown,iii,Upper Midwest,6,"[0, 0, 6, 0]",,,,,,,
401433094,2022,4,regular,2022-09-24T18:00:00.000Z,False,True,False,True,,5883,Marv Kay Stadium at Campbell Field,2146,Colorado School of Mines,ii,Rocky Mountain,45,"[7, 28, 10, 0]",,,,2570,CSU Pueblo,ii,Rocky Mountain,17,"[3, 0, 7, 7]",,,,,,,
401432625,2022,4,regular,2022-09-24T18:00:00.000Z,False,True,False,True,,5123,Little Giant Stadium,89,Wabash,iii,North Coast,42,"[0, 14, 14, 14]",,,,2171,Denison,iii,North Coast,45,"[7, 10, 7, 21]",,,,,,,
401403998,2022,4,regular,2022-09-24T18:00:00.000Z,False,True,False,True,42848,3726,Folsom Field,38,Colorado,fbs,Pac-12,17,"[0, 10, 0, 7]",0,1212,1189,26,UCLA,fbs,Pac-12,45,"[14, 7, 17, 7]",1,1682,1705,2.88804465411034,,,
401432539,2022,4,regular,2022-09-24T18:00:00.000Z,False,True,False,False,,5859,Tucci Stadium,306,Illinois Wesleyan,iii,CCIW,26,"[0, 0, 7, 19]",,,,32,Carroll (WI),iii,Midwest,21,"[14, 0, 7, 0]",,,,,,,
401424428,2022,4,regular,2022-09-24T18:00:00.000Z,False,True,False,True,,2068,E. Claiborne Robins Stadium,257,Richmond,fcs,CAA,51,"[7, 28, 14, 2]",0.9925238490104675,,,2619,Stony Brook,fcs,CAA,7,"[7, 0, 0, 0]",0.007476150989532471,,,2.8798461960455124,,,
401432406,2022,4,regular,2022-09-24T18:00:00.000Z,False,True,False,True,,6070,Bob Young Field,2894,Sioux Falls,ii,Northern Sun,34,"[14, 6, 7, 7]",,,,134,Minnesota Duluth,ii,Northern Sun,31,"[14, 3, 0, 14]",,,,,,,
401437656,2022,4,regular,2022-09-24T18:00:00.000Z,False,True,False,False,,3950,Superior Dome,128,Northern Michigan,ii,GLIAC,42,"[7, 7, 14, 14]",,,,126086,Post,ii,Independent DII,14,"[0, 7, 0, 7]",,,,,,,
401430953,2022,4,regular,2022-09-24T18:00:00.000Z,False,True,False,True,,5823,Clark Field,2141,Coe,iii,American Rivers,48,"[7, 21, 20, 0]",,,,2564,Simpson (IA),iii,American Rivers,10,"[0, 3, 7, 0]",,,,,,,
401431520,2022,4,regular,2022-09-24T18:00:00.000Z,False,True,False,False,,3723,QU Stadium,2825,Quincy,ii,Great Lakes,14,"[0, 0, 7, 7]",,,,308,Ashland,ii,Great Midwest Athletic,34,"[14, 3, 17, 0]",,,,,,,
401431813,2022,4,regular,2022-09-24T18:00:00.000Z,False,True,False,False,,3878,Plaster Sports Complex,2586,Southwest Baptist,ii,Great Lakes,52,"[7, 14, 14, 17]",,,,437,Lake Erie,ii,Great Midwest Athletic,31,"[7, 3, 7, 14]",,,,,,,
401430924,2022,4,regular,2022-09-24T18:00:00.000Z,False,True,False,True,,5923,Legacy Field in Carlson Stadium,67,Luther,iii,American Rivers,49,"[14, 7, 7, 21]",,,,63,Buena Vista,iii,American Rivers,52,"[13, 6, 13, 20]",,,,,,,
401431502,2022,4,regular,2022-09-24T18:00:00.000Z,False,True,False,False,,6047,Leemon Field,2816,McKendree,ii,Great Lakes,46,"[7, 11, 21, 7]",,,,2682,Walsh,ii,Great Midwest Athletic,10,"[7, 0, 0, 3]",,,,,,,
401415405,2022,4,regular,2022-09-24T18:00:00.000Z,False,True,False,True,,3921,Schoellkopf Field,172,Cornell,fcs,Ivy,14,"[7, 0, 0, 7]",0.004888374358415604,,,43,Yale,fcs,Ivy,38,"[14, 14, 10, 0]",0.9951116256415844,,,4.2970902953613495,,,
401432352,2022,4,regular,2022-09-24T18:00:00.000Z,False,True,False,True,,4749,McPherson Memorial Stadium,2119,Central State,ii,SIAC,14,"[7, 0, 7, 0]",,,,2396,Miles,ii,SIAC,34,"[7, 14, 6, 7]",,,,,,,
401420828,2022,4,regular,2022-09-24T18:00:00.000Z,False,True,False,True,,1905,DakotaDome,233,South Dakota,fcs,MVFC,17,"[3, 14, 0, 0]",0.32034674286842346,,,2449,North Dakota State,fcs,MVFC,34,"[0, 10, 14, 10]",0.6796532571315765,,,5.4191000995239,,,
401431971,2022,4,regular,2022-09-24T18:00:00.000Z,False,True,False,True,,5942,Francis G. Welch Stadium,2214,Emporia State,ii,Mid America,13,"[0, 13, 0, 0]",,,,90,Pittsburg State,ii,Mid America,14,"[7, 0, 7, 0]",,,,,,,
401423153,2022,4,regular,2022-09-24T18:00:00.000Z,False,True,False,True,,3701,Drake Stadium,2181,Drake,fcs,Pioneer,25,"[10, 0, 3, 12]",0.0038635805249214172,,,2368,Marist,fcs,Pioneer,30,"[7, 14, 3, 6]",0.9961364194750786,,,4.54949394269745,,,
401431235,2022,4,regular,2022-09-24T18:00:00.000Z,False,True,False,True,,5825,Jake Christiansen Stadium,2152,Concordia (MN),iii,Minnesota,6,"[0, 0, 6, 0]",,,,2968,Gustavus Adolphus,iii,Minnesota,23,"[0, 8, 7, 8]",,,,,,,
401418604,2022,4,regular,2022-09-24T18:00:00.000Z,False,True,False,False,,3668,Campus Field,2529,Sacred Heart,fcs,NEC,38,"[3, 14, 7, 7, 7]",0.2608789330908966,,,159,Dartmouth,fcs,Ivy,31,"[21, 0, 10, 0, 0]",0.7391210669091034,,,7.8382477169,,,
401432696,2022,4,regular,2022-09-24T18:00:00.000Z,False,True,False,True,,6101,"Memorial Stadium (Westerville, OH)",359,Otterbein,iii,Ohio,10,"[0, 7, 3, 0]",,,,317,Marietta,iii,Ohio,27,"[7, 7, 0, 13]",,,,,,,
401431096,2022,4,regular,2022-09-24T18:00:00.000Z,False,True,False,True,,6080,Frank M. Lindsay Field,74,Millikin,iii,CCIW,23,"[7, 6, 7, 3]",,,,75,North Park,iii,CCIW,21,"[0, 7, 7, 7]",,,,,,,
401432864,2022,4,regular,2022-09-24T18:00:00.000Z,False,True,False,False,,6108,Crain Field,2519,Rhodes,iii,Southern Athletic,56,"[21, 14, 21, 0]",,,,433,Westminster (MO),iii,Upper Midwest,6,"[0, 0, 0, 6]",,,,,,,
401431586,2022,4,regular,2022-09-24T18:00:00.000Z,False,True,False,False,,4753,Greene Stadium,2911,William Jewell,ii,Great Lakes,24,"[14, 0, 0, 10]",,,,2316,Kentucky Wesleyan,ii,Great Midwest Athletic,17,"[0, 14, 3, 0]",,,,,,,
401431248,2022,4,regular,2022-09-24T18:00:00.000Z,False,True,False,True,,5804,Royal Stadium,2802,Bethel (MN),iii,Minnesota,28,"[7, 0, 7, 14]",,,,2600,Saint John's (MN),iii,Minnesota,24,"[7, 3, 7, 7]",,,,,,,
401431303,2022,4,regular,2022-09-24T18:00:00.000Z,False,True,False,True,,6121,Donald J. Schneider Stadium,2832,St. Norbert,iii,NACC,35,"[7, 14, 7, 7]",,,,6353,Lakeland,iii,NACC,12,"[6, 6, 0, 0]",,,,,,,
401428485,2022,4,regular,2022-09-24T18:00:00.000Z,False,True,False,False,,5116,O'Shaughnessy Stadium,2900,St. Thomas (MN),fcs,Pioneer,43,"[15, 0, 22, 6]",0.8919642567634583,,,124179,Lincoln (CA),,,6,"[3, 0, 3, 0]",0.10803574323654175,,,6.0374360346906455,,,
401431242,2022,4,regular,2022-09-24T18:00:00.000Z,False,True,False,True,,5895,Klas Field,162,Hamline,iii,Minnesota,12,"[0, 6, 6, 0]",,,,2101,Carleton,iii,Minnesota,45,"[14, 10, 21, 0]",,,,,,,
401431218,2022,4,regular,2022-09-24T18:00:00.000Z,False,True,False,True,,5795,Edor Nelson Field,124,Augsburg,iii,Minnesota,50,"[3, 21, 13, 13]",,,,375,St. Scholastica,iii,Minnesota,13,"[7, 0, 6, 0]",,,,,,,
401420790,2022,4,regular,2022-09-24T18:00:00.000Z,False,True,False,False,,3991,"William Dick"""" Price Stadium""""",2450,Norfolk State,fcs,MEAC,26,"[0, 12, 7, 7]",0.41267215137899854,,,2598,Saint Francis,fcs,NEC,45,"[21, 14, 0, 10]",0.5873278486210014,,,1.2728837125,,,
401433109,2022,4,regular,2022-09-24T18:00:00.000Z,False,True,False,False,,7075,Electric Supply Company Field,122666,Barton,ii,South Atlantic,18,"[7, 3, 0, 8]",,,,2369,Mars Hill,ii,South Atlantic,24,"[7, 14, 0, 3]",,,,,,,
401432333,2022,4,regular,2022-09-24T18:00:00.000Z,False,True,False,True,,4747,Abbott Memorial Alumni Stadium,2657,Tuskegee,ii,SIAC,35,"[21, 7, 7, 0]",,,,2019,Allen,ii,SIAC,27,"[7, 14, 6, 0]",,,,,,,
401432743,2022,4,regular,2022-09-24T18:00:00.000Z,False,True,False,False,,5789,Frank B. Fuhrer Field,2018,Allegheny,iii,Presidents',31,"[0, 19, 12, 0]",,,,2845,Waynesburg,iii,Presidents',15,"[0, 7, 8, 0]",,,,,,,
401432664,2022,4,regular,2022-09-24T18:00:00.000Z,False,True,False,True,,5801,George Finnie Stadium,188,Baldwin Wallace,iii,Ohio,35,"[7, 7, 7, 14]",,,,427,Ohio Northern,iii,Ohio,31,"[14, 7, 7, 3]",,,,,,,
401432432,2022,4,regular,2022-09-24T18:00:00.000Z,False,True,False,True,,5872,Kirkeby-Over Stadium,2043,Augustana (SD),ii,Northern Sun,21,"[7, 0, 7, 7]",,,,425,Northern State,ii,Northern Sun,13,"[0, 3, 7, 3]",,,,,,,
401432415,2022,4,regular,2022-09-24T18:00:00.000Z,False,True,False,True,,5780,Altra Federal Credit Union Stadium,2851,Winona State,ii,Northern Sun,40,"[7, 20, 7, 6]",,,,2817,Minnesota St Moorhead,ii,Northern Sun,7,"[0, 7, 0, 0]",,,,,,,
401432347,2022,4,regular,2022-09-24T18:00:00.000Z,False,True,False,True,,6056,B.T. Harvey Stadium,60,Morehouse,ii,SIAC,3,"[0, 3, 0, 0]",,,,2542,Savannah State,ii,SIAC,15,"[0, 7, 6, 2]",,,,,,,
401431188,2022,4,regular,2022-09-24T18:00:00.000Z,False,True,False,False,,5916,Carson Park,2738,Wisconsin Eau Claire,iii,Wisconsin,20,"[7, 7, 0, 6]",,,,2790,Albion,iii,Michigan,28,"[7, 0, 14, 7]",,,,,,,
401431918,2022,4,regular,2022-09-24T18:00:00.000Z,False,True,False,True,,6057,Ron & Carol Cope Stadium at Foster Field,2438,Nebraska Kearney,ii,Mid America,38,"[21, 7, 7, 3]",,,,2118,Central Missouri,ii,Mid America,6,"[3, 3, 0, 0]",,,,,,,
401438609,2022,4,regular,2022-09-24T18:30:00.000Z,False,True,False,False,,5636,Wright Stadium,173,Hartwick,iii,Empire 8,28,"[0, 14, 7, 7]",,,,2884,Nichols,iii,Commonwealth Coast,20,"[10, 7, 3, 0]",,,,,,,
401431215,2022,4,regular,2022-09-24T18:30:00.000Z,False,True,False,False,,6130,Fred Zollner Athletic Stadium,2651,Trine,iii,Michigan,17,"[0, 14, 0, 3]",,,,2121,Centre,iii,Southern Athletic,0,"[0, 0, 0, 0]",,,,,,,
401431172,2022,4,regular,2022-09-24T18:30:00.000Z,False,True,False,True,,5898,John Coughlin Memorial Field,402,Worcester State,iii,MSCAC,20,"[0, 0, 7, 13]",,,,379,UMass Dartmouth,iii,MSCAC,41,"[14, 14, 7, 6]",,,,,,,
401425452,2022,4,regular,2022-09-24T19:00:00.000Z,False,True,False,False,,7003,Houck Field,2546,Southeast Missouri State,fcs,OVC,35,"[7, 21, 0, 7]",0.8529380559921265,,,2110,Central Arkansas,fcs,Atlantic Sun,27,"[0, 17, 3, 7]",0.14706194400787354,,,3.98407637421477,,,
401433073,2022,4,regular,2022-09-24T19:00:00.000Z,False,True,False,True,,5877,Lyle Hare Stadium,2069,Black Hills State,ii,Rocky Mountain,31,"[0, 14, 7, 10]",,,,11,Colorado Mesa,ii,Rocky Mountain,28,"[0, 21, 0, 7]",,,,,,,
401420808,2022,4,regular,2022-09-24T19:00:00.000Z,False,True,False,True,,3878,Plaster Sports Complex,2623,Missouri State,fcs,MVFC,14,"[0, 0, 14, 0]",0.0091438302770257,,,2571,South Dakota State,fcs,MVFC,28,"[7, 0, 7, 14]",0.9908561697229743,,,5.161008950271482,,,
401422929,2022,4,regular,2022-09-24T19:00:00.000Z,False,True,False,True,,3925,Seibert Stadium,2535,Samford,fcs,Southern,35,"[7, 7, 7, 14]",0.9363491535186768,,,2717,Western Carolina,fcs,Southern,12,"[0, 3, 6, 3]",0.06365084648132324,,,3.067484350390803,,,
401422999,2022,4,regular,2022-09-24T19:00:00.000Z,False,True,False,False,,3881,Princeton University Stadium,163,Princeton,fcs,Ivy,29,"[7, 3, 13, 6]",0.6470853686332703,,,2329,Lehigh,fcs,Patriot,17,"[7, 3, 0, 7]",0.35291463136672974,,,4.066265083816016,,,
401432439,2022,4,regular,2022-09-24T19:00:00.000Z,False,True,False,True,,3641,Blakeslee Stadium,2364,Minnesota State,ii,Northern Sun,31,"[0, 14, 10, 7]",,,,559,University of Mary,ii,Northern Sun,28,"[7, 7, 7, 7]",,,,,,,
401413259,2022,4,regular,2022-09-24T19:00:00.000Z,False,True,False,True,,3856,Nottingham Field,2458,Northern Colorado,fcs,Big Sky,35,"[0, 14, 0, 21]",0.9604247808456421,,,304,Idaho State,fcs,Big Sky,14,"[0, 14, 0, 0]",0.03957521915435791,,,4.478624851142326,,,
401431180,2022,4,regular,2022-09-24T19:00:00.000Z,False,True,False,False,,5787,Docking Stadium,2003,Adrian,iii,Michigan,73,"[31, 21, 7, 14]",,,,109418,Finlandia University,iii,Upper Midwest,13,"[0, 0, 6, 7]",,,,,,,
401431528,2022,4,regular,2022-09-24T19:00:00.000Z,False,True,False,False,,6077,Stokes Stadium,2654,Truman State,ii,Great Lakes,18,"[0, 7, 0, 3, 8]",,,,2838,Tiffin,ii,Great Midwest Athletic,17,"[3, 7, 0, 0, 7]",,,,,,,
401432751,2022,4,regular,2022-09-24T19:00:00.000Z,False,True,False,True,,6128,Alumni Stadium (PA),2644,Thiel,iii,Presidents',6,"[0, 0, 0, 6]",,,,2102,Carnegie Mellon,iii,Presidents',35,"[7, 7, 14, 7]",,,,,,,
401420816,2022,4,regular,2022-09-24T19:00:00.000Z,False,True,False,True,,3913,Saluki Stadium,79,Southern Illinois,fcs,MVFC,34,"[10, 14, 7, 3]",0.9955205917358398,,,155,North Dakota,fcs,MVFC,17,"[0, 10, 0, 7]",0.004479408264160156,,,2.6458523149295994,,,
401431857,2022,4,regular,2022-09-24T19:00:00.000Z,False,True,False,True,,3957,Tiger Stadium (AL),2695,West Alabama,ii,Gulf South,7,"[7, 0, 0, 0]",,,,2698,West Georgia,ii,Gulf South,22,"[6, 0, 10, 6]",,,,,,,
401431966,2022,4,regular,2022-09-24T19:00:00.000Z,False,True,False,True,,5878,Wantland Stadium,2122,Central Oklahoma,ii,Mid America,23,"[10, 3, 10, 0]",,,,138,Northwest Missouri State,ii,Mid America,14,"[0, 7, 7, 0]",,,,,,,
401439515,2022,4,regular,2022-09-24T19:00:00.000Z,False,True,False,True,,6044,Lane Field,2323,Lane College,ii,SIAC,20,"[0, 0, 7, 13]",,,,2206,Edward Waters,ii,SIAC,9,"[7, 0, 0, 2]",,,,,,,
401435051,2022,4,regular,2022-09-24T19:00:00.000Z,False,True,False,False,,3960,Top Taggart Field,2222,Ferris State,ii,GLIAC,69,"[10, 35, 17, 7]",,,,3080,Waldorf,,,3,"[3, 0, 0, 0]",,,,,,,
401433080,2022,4,regular,2022-09-24T19:00:00.000Z,False,True,False,True,,5782,Mountaineer Bowl,2714,Western Colorado,ii,Rocky Mountain,56,"[14, 28, 7, 7]",,,,2123,Chadron State,ii,Rocky Mountain,28,"[7, 0, 14, 7]",,,,,,,
401426565,2022,4,regular,2022-09-24T19:30:00.000Z,False,True,False,True,15127,3796,Houchens Industries-L.T. Smith Stadium,98,Western Kentucky,fbs,Conference USA,73,"[14, 28, 17, 14]",0.9872699975967407,1712,1844,2229,Florida International,fbs,Conference USA,0,"[0, 0, 0, 0]",0.012730002403259277,1022,890,2.5548303400306698,,,
401426572,2022,4,regular,2022-09-24T19:30:00.000Z,False,True,False,False,22562,3604,Alamodome,2636,UTSA,fbs,Conference USA,52,"[14, 7, 14, 17]",0.9657860994338989,1485,1485,2640,Texas Southern,fcs,SWAC,24,"[7, 10, 7, 0]",0.034213900566101074,,,4.27586760806209,,,
401424405,2022,4,regular,2022-09-24T19:30:00.000Z,False,True,False,True,,717,Villanova Stadium,222,Villanova,fcs,CAA,42,"[7, 7, 14, 14]",0.22546261548995972,,,2405,Monmouth,fcs,CAA,49,"[7, 14, 7, 21]",0.7745373845100403,,,7.929618030165223,,,
401424429,2022,4,regular,2022-09-24T19:30:00.000Z,False,True,False,False,,4419,Bob Ford Field,399,UAlbany,fcs,CAA,45,"[14, 10, 21, 0]",0.9984103350253054,,,2115,Central Connecticut,fcs,NEC,26,"[6, 6, 8, 6]",0.0015896649746945934,,,2.3986013893,,,
401415224,2022,4,regular,2022-09-24T19:30:00.000Z,False,True,False,False,27108,7311,Snapdragon Stadium,21,San Diego State,fbs,Mountain West,17,"[0, 7, 3, 7]",0.9496037364006042,1427,1429,2649,Toledo,fbs,Mid-American,14,"[0, 0, 0, 14]",0.05039626359939575,1475,1473,5.2313450966525865,,,
401426569,2022,4,regular,2022-09-24T19:30:00.000Z,False,True,False,False,23203,3805,Simmons Bank Liberty Stadium,235,Memphis,fbs,American Athletic,44,"[6, 14, 7, 17]",0.94845050573349,1492,1494,249,North Texas,fbs,Conference USA,34,"[10, 3, 7, 14]",0.05154949426651001,1274,1272,4.6575302712293745,,,
401424366,2022,4,regular,2022-09-24T19:30:00.000Z,False,True,False,True,,3998,Zable Stadium,2729,William & Mary,fcs,CAA,31,"[14, 14, 3, 0]",0.19835825264453888,,,2210,Elon,fcs,CAA,35,"[7, 3, 6, 19]",0.8016417473554611,,,4.278362305997164,,,
401415037,2022,4,regular,2022-09-24T19:30:00.000Z,False,True,False,True,33248,3792,Kidd Brewer Stadium,2026,App State,fbs,Sun Belt,28,"[0, 28, 0, 0]",0.18760575354099274,1650,1628,256,James Madison,fbs,Sun Belt,32,"[3, 7, 7, 15]",0.8123942464590073,1427,1449,4.869816983433339,,,
401403901,2022,4,regular,2022-09-24T19:30:00.000Z,False,True,False,True,101915,3853,Neyland Stadium,2633,Tennessee,fbs,SEC,38,"[3, 14, 14, 7]",0.5278220176696777,1835,1830,57,Florida,fbs,SEC,33,"[0, 14, 7, 12]",0.47217798233032227,1564,1569,6.820161641876708,,,
401404082,2022,4,regular,2022-09-24T19:30:00.000Z,False,True,False,True,60975,3784,Jones AT&T Stadium,2641,Texas Tech,fbs,Big 12,37,"[7, 7, 10, 10, 3]",0.7547778487205505,1520,1524,251,Texas,fbs,Big 12,34,"[10, 14, 7, 3, 0]",0.24522215127944946,1746,1742,8.141224095828687,,,
401405096,2022,4,regular,2022-09-24T19:30:00.000Z,False,True,False,False,38464,3854,Nippert Stadium,2132,Cincinnati,fbs,American Athletic,45,"[10, 28, 0, 7]",1,1795,1801,84,Indiana,fbs,Big Ten,24,"[3, 7, 7, 7]",0,1342,1336,3.979166860676472,,,
401404126,2022,4,regular,2022-09-24T19:30:00.000Z,False,True,False,False,50500,3787,Kenan Stadium,153,North Carolina,fbs,ACC,32,"[7, 7, 6, 12]",0.10543639957904816,1569,1559,87,Notre Dame,fbs,FBS Independents,45,"[0, 24, 14, 7]",0.8945636004209518,1780,1790,4.77459683564219,,,
401405092,2022,4,regular,2022-09-24T19:30:00.000Z,False,True,False,True,74587,3936,Spartan Stadium,127,Michigan State,fbs,Big Ten,7,"[0, 0, 0, 7]",0.018913129344582558,1670,1607,135,Minnesota,fbs,Big Ten,34,"[14, 3, 7, 10]",0.9810868706554174,1760,1823,3.4148053604068136,,,
401426568,2022,4,regular,2022-09-24T19:30:00.000Z,False,True,False,False,46713,3948,Hard Rock Stadium,2390,Miami,fbs,ACC,31,"[3, 7, 7, 14]",0.005005239509046078,1590,1533,2393,Middle Tennessee,fbs,Conference USA,45,"[17, 7, 7, 14]",0.9949947604909539,1354,1411,3.9343065701811955,,,
401413217,2022,4,regular,2022-09-24T20:00:00.000Z,False,True,False,False,,3779,Manning Field at John L. Guidry Stadium,2447,Nicholls,fcs,Southland,21,"[7, 7, 0, 7]",0.03124789521098137,,,55,Jacksonville State,fcs,Atlantic Sun,52,"[14, 21, 17, 0]",0.9687521047890186,,,4.567248237678435,,,
401433008,2022,4,regular,2022-09-24T20:00:00.000Z,False,True,False,True,,4433,George P. Miller Stadium,2291,IU Pennsylvania,ii,Pennsylvania State Athletic,33,"[3, 10, 7, 13]",,,,2385,Mercyhurst,ii,Pennsylvania State Athletic,16,"[7, 0, 3, 6]",,,,,,,
401433062,2022,4,regular,2022-09-24T20:00:00.000Z,False,True,False,True,,5944,Ray Dennison Memorial Field,2237,Fort Lewis,ii,Rocky Mountain,17,"[7, 3, 7, 0]",,,,2001,Adams State,ii,Rocky Mountain,52,"[7, 17, 14, 14]",,,,,,,
401433103,2022,4,regular,2022-09-24T20:00:00.000Z,False,True,False,True,,3860,O'Harra Stadium,613,South Dakota Mines,ii,Rocky Mountain,41,"[13, 14, 14, 0]",,,,2424,New Mexico Highlands,ii,Rocky Mountain,27,"[7, 0, 7, 13]",,,,,,,
401411122,2022,4,regular,2022-09-24T20:00:00.000Z,False,True,False,False,,3652,FBC Mortgage Stadium,2116,UCF,fbs,American Athletic,27,"[3, 10, 3, 11]",0.9021629095077515,1614,1618,59,Georgia Tech,fbs,ACC,10,"[0, 7, 3, 0]",0.09783709049224854,1239,1235,4.660545487624602,,,
401432395,2022,4,regular,2022-09-24T20:00:00.000Z,False,True,False,True,,6030,Harms-Eischeid Stadium,389,Upper Iowa,ii,Northern Sun,22,"[0, 14, 0, 8]",,,,132,Bemidji State,ii,Northern Sun,48,"[10, 14, 14, 10]",,,,,,,
401433132,2022,4,regular,2022-09-24T20:00:00.000Z,False,True,False,True,,5122,Shuford Stadium,2107,Catawba,ii,South Atlantic,17,"[7, 3, 0, 7]",,,,2839,Tusculum,ii,South Atlantic,50,"[13, 13, 10, 14]",,,,,,,
401403999,2022,4,regular,2022-09-24T20:00:00.000Z,False,True,False,True,33058,3820,Gesa Field,265,Washington State,fbs,Pac-12,41,"[10, 7, 10, 14]",0.08644326031208038,1651,1641,2483,Oregon,fbs,Pac-12,44,"[3, 6, 6, 29]",0.9135567396879196,1557,1567,6.608173633025705,,,
401420800,2022,4,regular,2022-09-24T20:00:00.000Z,False,True,False,False,,3862,O'Kelly-Riddick Stadium,2428,North Carolina Central,fcs,MEAC,59,"[7, 21, 17, 14]",,,,2355,Virginia Lynchburg,,,14,"[0, 7, 0, 7]",,,,,,,
401426671,2022,4,regular,2022-09-24T20:00:00.000Z,False,True,False,True,,3746,Hanson Field,2710,Western Illinois,fcs,MVFC,17,"[0, 3, 7, 7]",0.0003574660662608678,,,2460,Northern Iowa,fcs,MVFC,52,"[0, 17, 21, 14]",0.9996425339337391,,,1.5917239492,,,
401413247,2022,4,regular,2022-09-24T20:00:00.000Z,False,True,False,True,,2023,Walkup Skydome,2464,Northern Arizona,fcs,Big Sky,10,"[7, 3, 0, 0]",0.0035371689591556787,,,70,Idaho,fcs,Big Sky,27,"[7, 10, 3, 7]",0.9964628310408443,,,3.4861295353218615,,,
401418632,2022,4,regular,2022-09-24T20:00:00.000Z,False,True,False,True,,3742,Governors Stadium,2046,Austin Peay,fcs,Atlantic Sun,31,"[3, 0, 7, 21]",0.792364239692688,,,2198,Eastern Kentucky,fcs,Atlantic Sun,20,"[10, 10, 0, 0]",0.207635760307312,,,5.191343803155235,,,
401413237,2022,4,regular,2022-09-24T20:00:00.000Z,False,True,False,True,,3906,Roos Field,331,Eastern Washington,fcs,Big Sky,35,"[14, 7, 0, 14]",0.05379607900977135,,,147,Montana State,fcs,Big Sky,38,"[10, 14, 7, 7]",0.9462039209902287,,,7.836970996358684,,,
401413336,2022,4,regular,2022-09-24T20:00:00.000Z,False,True,False,True,,3987,Washington-Grizzly Stadium,149,Montana,fcs,Big Sky,53,"[14, 25, 0, 14]",0.84380042552948,,,2502,Portland State,fcs,Big Sky,16,"[7, 7, 2, 0]",0.15619957447052002,,,3.3918499586147495,,,
401433399,2022,4,regular,2022-09-24T20:00:00.000Z,False,True,False,False,,6120,Growney Stadium,374,St. John Fisher,iii,Empire 8,3,"[3, 0, 0, 0]",,,,2528,Rensselaer,iii,Liberty League,0,"[0, 0, 0, 0]",,,,,,,
401424427,2022,4,regular,2022-09-24T20:00:00.000Z,False,True,False,True,,3781,Johnny Unitas Stadium,119,Towson,fcs,CAA,14,"[0, 0, 14, 0]",0,,,160,New Hampshire,fcs,CAA,37,"[10, 7, 14, 6]",1,,,2.9965433908433696,,,
401430698,2022,4,regular,2022-09-24T20:00:00.000Z,False,True,False,True,,3612,Alumni Memorial Stadium (NC),2940,Livingstone,ii,CIAA,7,"[0, 0, 0, 7]",,,,330,Virginia State,ii,CIAA,37,"[7, 9, 7, 14]",,,,,,,
401415221,2022,4,regular,2022-09-24T20:00:00.000Z,False,True,False,False,25445,5388,Canvas Stadium,36,Colorado State,fbs,Mountain West,10,"[0, 10, 0, 0]",0.015540004707872868,1233,1233,16,Sacramento State,fcs,Big Sky,41,"[7, 17, 7, 10]",0.9844599952921271,,,2.901234850647521,,,
401435176,2022,4,regular,2022-09-24T20:00:00.000Z,False,True,False,False,,6102,Sparks Stadium,2486,Pacific Lutheran,iii,Northwest,14,"[7, 7, 0, 0]",,,,2094,Cal Lutheran,iii,So. Cal.,17,"[0, 7, 0, 10]",,,,,,,
401430705,2022,4,regular,2022-09-24T20:00:00.000Z,False,True,False,True,,3813,"Luther ""Nick"" Jeralds Stadium",2220,Fayetteville State,ii,CIAA,28,"[14, 0, 7, 7]",,,,2676,Virginia Union,ii,CIAA,31,"[14, 0, 0, 17]",,,,,,,
401403898,2022,4,regular,2022-09-24T20:00:00.000Z,False,True,False,False,60641,3974,Vaught-Hemingway Stadium,145,Ole Miss,fbs,SEC,35,"[7, 28, 0, 0]",0.7381297945976257,1748,1745,202,Tulsa,fbs,American Athletic,27,"[14, 3, 3, 7]",0.26187020540237427,1499,1502,4.531009839610124,,,
401431613,2022,4,regular,2022-09-24T20:05:00.000Z,False,True,False,False,,5783,McArthur Field,2848,Western Oregon,ii,Lone Star,24,"[0, 10, 7, 7]",,,,110243,UT Permian Basin,ii,Lone Star,27,"[0, 14, 7, 6]",,,,,,,
401431938,2022,4,regular,2022-09-24T20:30:00.000Z,False,True,False,True,,6062,Gable Field at Doc Wadley Stadium,196,Northeastern State,ii,Mid America,38,"[14, 14, 10, 0]",,,,2876,Lincoln (MO),ii,Mid America,10,"[0, 3, 0, 7]",,,,,,,
401462513,2022,4,regular,2022-09-24T20:30:00.000Z,False,True,False,False,,3963,Harry Turpin Stadium,2466,Northwestern State,fcs,Southland,35,"[0, 21, 14, 0]",0.3595770001411438,,,2320,Lamar,fcs,Southland,27,"[10, 0, 3, 14]",0.6404229998588562,,,4.968189934478284,,,
401438657,2022,4,regular,2022-09-24T21:00:00.000Z,False,True,False,True,,5841,Pete FioRito Stadium at McKinzie Field,101,Eureka,iii,NACC,10,"[3, 0, 0, 7]",,,,2283,Benedictine (IL),iii,NACC,58,"[0, 27, 28, 3]",,,,,,,
401426255,2022,4,regular,2022-09-24T21:00:00.000Z,False,True,False,True,,3909,Roy Stewart Stadium,93,Murray State,fcs,OVC,21,"[7, 7, 0, 7]",0.09880981594324112,,,2197,Eastern Illinois,fcs,OVC,35,"[14, 10, 0, 11]",0.9011901840567589,,,5.962285561633323,,,
401444592,2022,4,regular,2022-09-24T21:00:00.000Z,False,True,False,True,,6142,Westside Athletic Complex,2843,Western Connecticut State,iii,MSCAC,27,"[7, 0, 6, 14]",,,,18,Bridgewater State,iii,MSCAC,40,"[14, 13, 7, 6]",,,,,,,
401403996,2022,4,regular,2022-09-24T21:30:00.000Z,False,True,False,True,37216,3831,California Memorial Stadium,25,California,fbs,Pac-12,49,"[7, 14, 14, 14]",0.9126174449920654,1512,1536,12,Arizona,fbs,Pac-12,31,"[14, 10, 0, 7]",0.08738255500793457,1343,1319,5.504099168306363,,,
401423450,2022,4,regular,2022-09-24T22:00:00.000Z,False,True,False,True,,4582,Hornet Stadium,2011,Alabama State,fcs,SWAC,15,"[6, 0, 3, 6]",0.3128015100955963,,,2504,Prairie View A&M,fcs,SWAC,25,"[7, 7, 3, 8]",0.6871984899044037,,,6.239553202302142,,,
401431868,2022,4,regular,2022-09-24T22:00:00.000Z,False,True,False,False,,3926,Setzler Field,2444,Newberry,ii,South Atlantic,32,"[3, 15, 7, 7]",,,,101784,Erskine,ii,South Atlantic,14,"[0, 0, 0, 14]",,,,,,,
401413205,2022,4,regular,2022-09-24T22:00:00.000Z,False,True,False,False,,4899,Fifth Third Stadium,338,Kennesaw State,fcs,Atlantic Sun,24,"[14, 0, 7, 3]",0.9897873401641846,,,2747,Wofford,fcs,Southern,22,"[6, 3, 0, 13]",0.01021265983581543,,,5.068301717928786,,,
401404160,2022,4,regular,2022-09-24T22:00:00.000Z,False,True,False,False,20004,3992,Williams Stadium (VA),2335,Liberty,fbs,FBS Independents,21,"[7, 7, 0, 7]",1,1594,1570,2006,Akron,fbs,Mid-American,12,"[0, 3, 3, 6]",0,936,960,4.184484395238553,,,
401432342,2022,4,regular,2022-09-24T22:00:00.000Z,False,True,False,True,,5875,Charlie W. Johnson Stadium,490,Benedict,ii,SIAC,40,"[6, 8, 7, 19]",,,,2310,Kentucky State,ii,SIAC,14,"[7, 0, 7, 0]",,,,,,,
401432701,2022,4,regular,2022-09-24T22:00:00.000Z,False,True,False,False,,5781,Irwin Belk Stadium,351,Wingate,ii,South Atlantic,10,"[3, 0, 7, 0, 0]",,,,2213,Emory & Henry,ii,South Atlantic,17,"[0, 10, 0, 0, 7]",,,,,,,
401432781,2022,4,regular,2022-09-24T22:00:00.000Z,False,True,False,True,,6139,Cameron Stadium,2686,Washington & Jefferson,iii,Presidents',50,"[26, 14, 0, 10]",,,,2062,Bethany (WV),iii,Presidents',7,"[0, 7, 0, 0]",,,,,,,
401432966,2022,4,regular,2022-09-24T22:00:00.000Z,False,True,False,True,,6072,Schwan Regional Event Center,2587,Southwest Minnesota State,ii,Northern Sun,27,"[7, 7, 0, 6, 7]",,,,568,Minot State,ii,Northern Sun,20,"[3, 0, 7, 10, 0]",,,,,,,
401433039,2022,4,regular,2022-09-24T22:00:00.000Z,False,True,False,True,,4430,Mihalik-Thompson Stadium,215,Slippery Rock,ii,Pennsylvania State Athletic,30,"[7, 10, 6, 7]",,,,611,Seton Hill,ii,Pennsylvania State Athletic,2,"[2, 0, 0, 0]",,,,,,,
401426335,2022,4,regular,2022-09-24T22:00:00.000Z,False,True,False,True,,3918,S.B. Ballard Stadium,295,Old Dominion,fbs,Sun Belt,29,"[0, 0, 21, 8]",0.4198457598686218,1364,1363,2032,Arkansas State,fbs,Sun Belt,26,"[0, 12, 7, 7]",0.5801542401313782,1245,1246,7.344198483725709,,,
401422923,2022,4,regular,2022-09-24T22:00:00.000Z,False,True,False,False,,3710,Ernest W. Spangler Stadium,2241,Gardner-Webb,fcs,Big South,14,"[0, 7, 7, 0]",0,,,2382,Mercer,fcs,Southern,45,"[21, 7, 7, 10]",1,,,2.611288878255429,,,
401432324,2022,4,regular,2022-09-24T22:00:00.000Z,False,True,False,True,,5881,CAU Panther Stadium,2805,Clark Atlanta,ii,SIAC,0,"[0, 0, 0, 0]",,,,2013,Albany State,ii,SIAC,35,"[10, 7, 6, 12]",,,,,,,
401426570,2022,4,regular,2022-09-24T22:00:00.000Z,False,True,False,False,26377,4728,TDECU Stadium,248,Houston,fbs,American Athletic,34,"[7, 3, 14, 10]",0.9576276540756226,1527,1520,242,Rice,fbs,Conference USA,27,"[0, 14, 10, 3]",0.04237234592437744,1204,1211,6.994404471909098,,,
401431980,2022,4,regular,2022-09-24T22:00:00.000Z,False,True,False,True,,5220,Garrison Stadium,2804,Chowan,ii,CIAA,21,"[0, 14, 0, 7]",,,,2736,Winston-Salem State,ii,CIAA,7,"[0, 0, 0, 7]",,,,,,,
401423440,2022,4,regular,2022-09-24T22:00:00.000Z,False,True,False,True,,3650,Bragg Memorial Stadium,50,Florida A&M,fcs,SWAC,38,"[0, 14, 14, 10]",0.9712062478065491,,,2010,Alabama A&M,fcs,SWAC,25,"[10, 9, 0, 6]",0.028793752193450928,,,7.010203501552991,,,
401433117,2022,4,regular,2022-09-24T22:00:00.000Z,False,True,False,True,,6553,Helen and Leonard Moretz Stadium,2331,Lenoir Rhyne,ii,South Atlantic,34,"[3, 17, 7, 7]",,,,2105,Carson Newman,ii,South Atlantic,13,"[3, 0, 3, 7]",,,,,,,
401424426,2022,4,regular,2022-09-24T22:00:00.000Z,False,True,False,True,,3695,Delaware Stadium,48,Delaware,fcs,CAA,35,"[14, 0, 14, 7]",0.9923589825630188,,,2261,Hampton,fcs,CAA,3,"[0, 0, 0, 3]",0.007641017436981201,,,1.6511704454349658,,,
401431534,2022,4,regular,2022-09-24T22:00:00.000Z,False,True,False,True,,3600,Tom Adams Field,131,Wayne State (MI),ii,GLIAC,9,"[3, 0, 6, 0]",,,,125,Grand Valley State,ii,GLIAC,48,"[13, 7, 14, 14]",,,,,,,
401416605,2022,4,regular,2022-09-24T22:00:00.000Z,False,True,False,False,18434,3608,Allen E. Paulson Stadium,290,Georgia Southern,fbs,Sun Belt,34,"[3, 10, 7, 14]",0.5899558067321777,1385,1398,2050,Ball State,fbs,Mid-American,23,"[3, 7, 10, 3]",0.41004419326782227,1295,1282,6.687468567025225,,,
401415624,2022,4,regular,2022-09-24T22:00:00.000Z,False,True,False,True,39227,3699,Dowdy-Ficklen Stadium,151,East Carolina,fbs,American Athletic,20,"[3, 0, 0, 14, 3, 0]",0.18828430771827698,1550,1532,2426,Navy,fbs,American Athletic,23,"[0, 3, 0, 14, 3, 3]",0.811715692281723,1342,1360,8.139086090278466,,,
401444110,2022,4,regular,2022-09-24T23:00:00.000Z,False,True,False,True,,5936,Koi Ishto Stadium,2191,East Central,ii,Great American,31,"[3, 7, 7, 14]",,,,2823,Northwestern (OK),ii,Great American,3,"[0, 0, 3, 0]",,,,,,,
401420842,2022,4,regular,2022-09-24T23:00:00.000Z,False,True,False,True,,3748,Graham Stadium,2630,UT Martin,fcs,OVC,56,"[14, 7, 21, 14]",0.9824252724647522,,,2815,Lindenwood,fcs,OVC,26,"[7, 6, 0, 13]",0.017574727535247803,,,3.3200026514439616,,,
401433125,2022,4,regular,2022-09-24T23:00:00.000Z,False,True,False,True,,4750,The Reservation,2336,Limestone,ii,South Atlantic,27,"[0, 13, 7, 7]",,,,2842,UVA Wise,ii,South Atlantic,13,"[7, 0, 6, 0]",,,,,,,
401423146,2022,4,regular,2022-09-24T23:00:00.000Z,False,True,False,True,,3627,Bailey Memorial Stadium,2506,Presbyterian,fcs,Pioneer,24,"[3, 7, 7, 7]",0.0005342285148799419,,,2166,Davidson,fcs,Pioneer,56,"[14, 21, 0, 21]",0.9994657714851201,,,2.9408844313994638,,,
401430731,2022,4,regular,2022-09-24T23:00:00.000Z,False,True,False,True,,5871,Convoy Leslie Cotton Boll Stadium,2028,Arkansas Monticello,ii,Great American,35,"[14, 0, 14, 7]",,,,2033,Arkansas Tech,ii,Great American,14,"[0, 14, 0, 0]",,,,,,,
401431009,2022,4,regular,2022-09-24T23:00:00.000Z,False,True,False,True,,6125,Bulldog Stadium (TX),2639,Texas Lutheran,iii,American Southwest,14,"[7, 0, 7, 0]",,,,2834,Sul Ross State,iii,American Southwest,28,"[7, 0, 7, 14]",,,,,,,
401432773,2022,4,regular,2022-09-24T23:00:00.000Z,False,True,False,True,,5864,Robert E. Thorn Field,146,Grove City,iii,Presidents',42,"[0, 14, 14, 14]",,,,2614,Saint Vincent,iii,Presidents',7,"[0, 0, 0, 7]",,,,,,,
401431825,2022,4,regular,2022-09-24T23:00:00.000Z,False,True,True,True,,6036,Blue Wahoos Stadium,110242,West Florida,ii,Gulf South,42,"[0, 21, 0, 14, 7, 0]",,,,2170,Delta State,ii,Gulf South,45,"[7, 14, 7, 7, 7, 3]",,,,,,,
401405091,2022,4,regular,2022-09-24T23:00:00.000Z,False,True,False,True,53117,6577,SHI Stadium,164,Rutgers,fbs,Big Ten,10,"[3, 0, 0, 7]",0.0036969128996133804,1355,1347,2294,Iowa,fbs,Big Ten,27,"[7, 10, 7, 3]",0.9963030871003866,1694,1702,3.0867734104917495,,,
401403896,2022,4,regular,2022-09-24T23:00:00.000Z,False,True,False,False,61579,3683,Kroger Field,96,Kentucky,fbs,SEC,31,"[7, 7, 10, 7]",0.6961966156959534,1722,1713,2459,Northern Illinois,fbs,Mid-American,23,"[7, 7, 0, 9]",0.30380338430404663,1358,1367,3.6592062301942208,,,
401403893,2022,4,regular,2022-09-24T23:00:00.000Z,False,True,True,True,63580,3687,AT&T Stadium,245,Texas A&M,fbs,SEC,23,"[0, 13, 10, 0]",0.3009270115672987,1706,1708,8,Arkansas,fbs,SEC,21,"[14, 0, 0, 7]",0.6990729884327014,1665,1663,6.7158801555,,,
401431474,2022,4,regular,2022-09-24T23:00:00.000Z,False,True,False,True,,3875,Paul Laird Field,199,Southeastern Oklahoma State,ii,Great American,34,"[7, 14, 6, 7]",,,,200,Southern Nazarene,ii,Great American,45,"[7, 14, 3, 21]",,,,,,,
401418779,2022,4,regular,2022-09-24T23:00:00.000Z,False,True,False,False,,4133,Braly Municipal Stadium,2453,North Alabama,fcs,Atlantic Sun,28,"[14, 7, 0, 7]",0.01057592686265707,,,2627,Tarleton State,fcs,Western Athletic,43,"[6, 14, 14, 9]",0.9894240731373429,,,4.414564875712576,,,
401420864,2022,4,regular,2022-09-24T23:00:00.000Z,False,True,False,True,,3756,Homer Bryce Stadium,2617,Stephen F. Austin,fcs,Western Athletic,98,"[35, 24, 12, 27]",0.9877936244010925,,,2683,Warner,,,0,"[0, 0, 0, 0]",0.01220637559890747,,,1.5445119557067937,,,
401431103,2022,4,regular,2022-09-24T23:00:00.000Z,False,True,False,True,,5796,Charles D. Lindberg Stadium,2042,Augustana (IL),iii,CCIW,28,"[7, 7, 0, 14]",,,,396,Wheaton (IL),iii,CCIW,38,"[7, 14, 14, 3]",,,,,,,
401426567,2022,4,regular,2022-09-24T23:00:00.000Z,False,True,False,False,17939,6526,Hancock Whitney Stadium,6,South Alabama,fbs,Sun Belt,38,"[14, 3, 14, 7]",0.9959282279014587,1410,1450,2348,Louisiana Tech,fbs,Conference USA,14,"[0, 7, 0, 7]",0.00407177209854126,1227,1187,3.146584621477049,,,
401431017,2022,4,regular,2022-09-24T23:00:00.000Z,False,True,False,True,,6118,Birkelbach Field,2588,Southwestern U,iii,American Southwest,38,[],,,,241,McMurry,iii,American Southwest,33,[],,,,,,,
401431975,2022,4,regular,2022-09-24T23:00:00.000Z,False,True,False,True,,6055,Craig Field at Spratt Memorial Stadium,137,Missouri Western,ii,Mid America,31,"[3, 7, 7, 14, 0]",,,,2687,Washburn,ii,Mid America,38,"[14, 3, 7, 7, 7]",,,,,,,
401431451,2022,4,regular,2022-09-24T23:00:00.000Z,False,True,False,True,,6065,Cliff Harris Stadium,2888,Ouachita Baptist,ii,Great American,21,"[0, 14, 7, 0]",,,,2264,Harding,ii,Great American,13,"[6, 7, 0, 0]",,,,,,,
401431900,2022,4,regular,2022-09-24T23:00:00.000Z,False,True,False,False,,4762,Memorial Stadium (Commerce TX),2837,East Texas A&M,fcs,Southland,63,"[21, 21, 14, 7]",0.9537952542304993,,,123086,North American,,,3,"[3, 0, 0, 0]",0.04620474576950073,,,2.19588455761838,,,
401420848,2022,4,regular,2022-09-24T23:00:00.000Z,False,True,False,False,,3944,Strawberry Stadium,2545,SE Louisiana,fcs,Southland,41,"[7, 14, 3, 17]",,,,2916,Incarnate Word,fcs,Southland,35,"[7, 14, 7, 7]",,,,,,,
401432424,2022,4,regular,2022-09-24T23:00:00.000Z,False,True,False,True,,6035,"Memorial Stadium (Wayne, NE)",2844,Wayne State (NE),ii,Northern Sun,48,"[7, 27, 14, 0]",,,,3066,Concordia St. Paul,ii,Northern Sun,21,"[0, 7, 7, 7]",,,,,,,
401432520,2022,4,regular,2022-09-24T23:00:00.000Z,False,True,False,True,,5114,Shelton Stadium,2810,Hardin Simmons,iii,American Southwest,20,"[6, 14, 0, 0]",,,,2371,Mary Hardin Baylor,iii,American Southwest,50,"[6, 30, 14, 0]",,,,,,,
401415222,2022,4,regular,2022-09-24T23:00:00.000Z,False,True,False,True,17454,3905,Maverik Stadium,328,Utah State,fbs,Mountain West,24,"[7, 9, 0, 8]",0.21021507680416107,1445,1420,2439,UNLV,fbs,Mountain West,34,"[14, 13, 7, 0]",0.7897849231958389,1395,1420,3.679372100242098,,,
401432760,2022,4,regular,2022-09-24T23:00:00.000Z,False,True,False,True,,5849,Reeves Field (PA),2242,Geneva,iii,Presidents',7,"[0, 7, 0, 0]",,,,2963,Case Western Reserve,iii,Presidents',34,"[7, 6, 7, 14]",,,,,,,
401438621,2022,4,regular,2022-09-24T23:00:00.000Z,False,True,False,False,,3871,General Charles C. Krulak Stadium,3,Birmingham-Southern,iii,Southern Athletic,34,"[14, 10, 3, 7]",,,,3179,Point University,,,14,"[7, 7, 0, 0]",,,,,,,
401431511,2022,4,regular,2022-09-24T23:00:00.000Z,False,True,False,False,,3609,Allgood-Bailey Stadium,2402,Missouri S&T,ii,Great Lakes,10,"[0, 3, 7, 0]",,,,2273,Hillsdale,ii,Great Midwest Athletic,17,"[3, 7, 0, 7]",,,,,,,
401431889,2022,4,regular,2022-09-24T23:00:00.000Z,False,True,False,True,,5869,LeGrand Stadium at 1st Community Credit Union Field,2025,Angelo State,ii,Lone Star,34,"[6, 0, 14, 14]",,,,2704,West Texas,ii,Lone Star,14,"[0, 7, 0, 7]",,,,,,,
401415040,2022,4,regular,2022-09-24T23:00:00.000Z,False,True,False,False,20422,4729,Yulman Stadium,2655,Tulane,fbs,American Athletic,24,"[7, 10, 0, 7]",0.15342019498348236,1512,1491,2572,Southern Miss,fbs,Sun Belt,27,"[0, 10, 7, 10]",0.8465798050165176,1254,1275,4.338664468329212,,,
401418793,2022,4,regular,2022-09-24T23:00:00.000Z,False,True,False,False,16237,3644,Bobcat Stadium (TX),326,Texas State,fbs,Sun Belt,34,"[7, 17, 3, 7]",0.9893503189086914,1232,1232,2277,Houston Christian,fcs,Southland,0,"[0, 0, 0, 0]",0.010649681091308594,,,3.0643381693461635,,,
401431467,2022,4,regular,2022-09-24T23:00:00.000Z,False,True,False,True,,6064,Crain Family Stadium,319,Oklahoma Baptist,ii,Great American,31,"[7, 10, 0, 14, 0]",,,,2927,Southwestern Oklahoma State,ii,Great American,38,"[10, 7, 3, 11, 7]",,,,,,,
401426393,2022,4,regular,2022-09-24T23:00:00.000Z,False,True,False,True,27514,3975,Veterans Memorial Stadium (AL),2653,Troy,fbs,Sun Belt,16,"[10, 0, 0, 6]",0.7907295227050781,1341,1372,276,Marshall,fbs,Sun Belt,7,"[0, 0, 7, 0]",0.20927047729492188,1570,1539,4.029052191141968,,,
401424930,2022,4,regular,2022-09-24T23:00:00.000Z,False,True,False,True,,3771,Jack Spinks Stadium,2016,Alcorn State,fcs,SWAC,38,"[7, 3, 14, 14]",,,,2029,Arkansas-Pine Bluff,fcs,SWAC,21,"[7, 7, 7, 0]",,,,,,,
401428475,2022,4,regular,2022-09-24T23:00:00.000Z,False,True,False,False,,3603,Aggie Stadium,2448,North Carolina A&T,fcs,Big South,41,"[7, 10, 21, 3]",,,,2569,South Carolina State,fcs,MEAC,27,"[7, 6, 14, 0]",,,,,,,
401431459,2022,4,regular,2022-09-24T23:00:00.000Z,False,True,False,True,,5891,Wilkins Stadium,2568,Southern Arkansas,ii,Great American,28,"[7, 14, 0, 7]",,,,2271,Henderson State,ii,Great American,24,"[9, 7, 0, 8]",,,,,,,
401403897,2022,4,regular,2022-09-24T23:30:00.000Z,False,True,False,False,100501,3958,Tiger Stadium (LA),99,LSU,fbs,SEC,38,"[10, 7, 14, 7]",0.9863829016685486,1574,1643,167,New Mexico,fbs,Mountain West,0,"[0, 0, 0, 0]",0.013617098331451416,1269,1200,1.9302266286650136,,,
401404150,2022,4,regular,2022-09-24T23:30:00.000Z,False,True,False,False,56919,3670,Carter-Finley Stadium,152,NC State,fbs,ACC,41,"[17, 14, 7, 3]",0.9872741103172302,1646,1659,41,UConn,fbs,FBS Independents,10,"[0, 3, 0, 7]",0.012725889682769775,1012,999,1.6566308914423278,,,
401405093,2022,4,regular,2022-09-24T23:30:00.000Z,False,True,False,False,23773,3911,Ryan Field,77,Northwestern,fbs,Big Ten,14,"[7, 0, 0, 7]",0.17135360836982727,1353,1355,193,Miami (OH),fbs,Mid-American,17,"[0, 7, 0, 10]",0.8286463916301727,1459,1457,6.203695114484135,,,
401405095,2022,4,regular,2022-09-24T23:30:00.000Z,False,True,False,True,105473,3861,Ohio Stadium,194,Ohio State,fbs,Big Ten,52,"[21, 10, 14, 7]",0.9937936067581177,2079,2132,275,Wisconsin,fbs,Big Ten,21,"[0, 7, 0, 14]",0.006206393241882324,1828,1775,1.5677006449992321,,,
401426564,2022,4,regular,2022-09-24T23:30:00.000Z,False,True,False,False,77982,3994,Williams-Brice Stadium,2579,South Carolina,fbs,SEC,56,"[3, 17, 22, 14]",0.9999808073043823,1470,1533,2429,Charlotte,fbs,Conference USA,20,"[7, 7, 0, 6]",1.919269561767578e-05,1169,1106,4.162835036190633,,,
401426566,2022,4,regular,2022-09-24T23:30:00.000Z,False,True,False,False,55137,3907,Ross-Ade Stadium,2509,Purdue,fbs,Big Ten,28,"[7, 7, 7, 7]",0.8239207863807678,1629,1627,2226,Florida Atlantic,fbs,Conference USA,26,"[0, 13, 7, 6]",0.17607921361923218,1423,1425,5.704920461395632,,,
401403892,2022,4,regular,2022-09-24T23:30:00.000Z,False,True,False,True,96246,3657,Bryant-Denny Stadium,333,Alabama,fbs,SEC,55,"[14, 17, 10, 14]",0.986897885799408,2121,2185,238,Vanderbilt,fbs,SEC,3,"[3, 0, 0, 0]",0.013102114200592041,1422,1358,2.8878392505532267,,,
401431929,2022,4,regular,2022-09-25T00:00:00.000Z,False,True,False,True,,5890,Lewis Field Stadium,2231,Fort Hays,ii,Mid America,24,"[7, 17, 0, 0]",,,,2403,Missouri Southern State,ii,Mid America,25,"[9, 10, 0, 6]",,,,,,,
401426336,2022,4,regular,2022-09-25T00:00:00.000Z,False,True,False,True,19077,3817,Malone Stadium,2433,UL Monroe,fbs,Sun Belt,21,"[7, 0, 0, 14]",0.8604210615158081,1092,1115,309,Louisiana,fbs,Sun Belt,17,"[14, 3, 0, 0]",0.1395789384841919,1671,1648,6.017503707531907,,,
401431602,2022,4,regular,2022-09-25T00:00:00.000Z,False,True,False,False,,6049,"Memorial Stadium (Wichita Falls, TX)",2395,Midwestern State,ii,Lone Star,77,"[14, 28, 28, 7]",,,,2829,Simon Fraser,ii,Lone Star,0,"[0, 0, 0, 0]",,,,,,,
401420858,2022,4,regular,2022-09-25T00:00:00.000Z,False,True,False,True,,3706,Eccles Coliseum,253,Southern Utah,fcs,Western Athletic,31,"[7, 17, 0, 7]",,,,3101,Utah Tech,fcs,Western Athletic,17,"[7, 3, 7, 0]",,,,,,,
401411118,2022,4,regular,2022-09-25T00:00:00.000Z,False,True,False,True,79560,3697,Doak Campbell Stadium,52,Florida State,fbs,ACC,44,"[21, 10, 6, 7]",0.9518473744392395,1511,1577,103,Boston College,fbs,ACC,14,"[0, 0, 7, 7]",0.0481526255607605,1398,1332,1.9457907207179588,,,
401418784,2022,4,regular,2022-09-25T00:00:00.000Z,False,True,False,False,,5440,Wildcat Stadium (TX),2000,Abilene Christian,fcs,Western Athletic,34,"[3, 14, 3, 14]",0.9876958727836609,,,2703,Western New Mexico,ii,Lone Star,7,"[7, 0, 0, 0]",0.012304127216339111,,,3.4848888015686534,,,
401418803,2022,4,regular,2022-09-25T00:00:00.000Z,False,True,False,False,,3686,Cowboy Stadium,2377,McNeese,fcs,Southland,32,"[8, 10, 7, 7]",0.988717794418335,,,2401,Mississippi College,ii,Gulf South,17,"[7, 0, 7, 3]",0.011282205581665039,,,3.347029951144674,,,
401404081,2022,4,regular,2022-09-25T00:00:00.000Z,False,True,False,True,84376,3835,"Memorial Stadium (Norman, OK)",201,Oklahoma,fbs,Big 12,34,"[7, 10, 3, 14]",0.4798511862754822,1884,1851,2306,Kansas State,fbs,Big 12,41,"[14, 10, 3, 14]",0.5201488137245178,1642,1675,6.738990950787334,,,
401431903,2022,4,regular,2022-09-25T00:00:00.000Z,False,True,False,True,,6076,Javelina Stadium,2658,Texas A&M-Kingsville,ii,Lone Star,43,"[14, 17, 9, 3]",,,,2201,Eastern New Mexico,ii,Lone Star,10,"[3, 0, 0, 7]",,,,,,,
401409237,2022,4,regular,2022-09-25T00:00:00.000Z,False,True,False,False,,3601,Aggie Memorial Stadium,166,New Mexico State,fbs,FBS Independents,45,"[14, 21, 7, 3]",0.9989798069000244,1038,1093,62,Hawai'i,fbs,Mountain West,26,"[7, 3, 7, 9]",0.001020193099975586,1145,1090,2.6099184026518474,,,
401404000,2022,4,regular,2022-09-25T01:30:00.000Z,False,True,False,True,28769,3893,Reser Stadium,204,Oregon State,fbs,Pac-12,14,"[0, 7, 0, 7]",0.5861340761184692,1597,1598,30,USC,fbs,Pac-12,17,"[0, 3, 0, 14]",0.41386592388153076,1687,1686,6.531205007302612,,,
401439555,2022,4,regular,2022-09-25T02:00:00.000Z,False,True,False,True,,6147,"Memorial Stadium (Whittier, CA)",2850,Whittier,iii,So. Cal.,0,"[0, 0, 0, 0]",,,,2923,Pomona Pitzer,iii,So. Cal.,59,"[21, 24, 7, 7]",,,,,,,
401461254,2022,4,regular,2022-09-25T02:00:00.000Z,False,True,False,True,,5819,Ernie Chapman Stadium,411,Chapman,iii,So. Cal.,56,[],,,,2318,La Verne,iii,So. Cal.,13,[],,,,,,,
401415184,2022,4,regular,2022-09-25T02:00:00.000Z,False,True,False,True,,3602,Aggie Stadium,302,UC Davis,fcs,Big Sky,12,"[3, 3, 6, 0]",0.6148375868797302,,,2692,Weber State,fcs,Big Sky,17,"[7, 7, 3, 0]",0.3851624131202698,,,5.017376657145807,,,
401432824,2022,4,regular,2022-09-25T02:00:00.000Z,False,True,False,True,,6106,Ted Runner Stadium,29,Redlands,iii,So. Cal.,21,"[0, 14, 0, 7]",,,,17,Claremont Mudd Scripps,iii,So. Cal.,25,"[3, 3, 6, 13]",,,,,,,
401415223,2022,4,regular,2022-09-25T02:15:00.000Z,False,True,False,False,60092,3801,LaVell Edwards Stadium,252,BYU,fbs,FBS Independents,38,"[7, 7, 14, 10]",0.9809017777442932,1619,1630,2751,Wyoming,fbs,Mountain West,24,"[3, 7, 0, 14]",0.019098222255706787,1416,1405,4.226242715836678,,,
401415225,2022,4,regular,2022-09-25T02:30:00.000Z,False,True,False,False,17058,3935,CEFCU Stadium,23,San José State,fbs,Mountain West,34,"[3, 14, 7, 10]",0.9911131262779236,1343,1430,2711,Western Michigan,fbs,Mid-American,6,"[0, 0, 6, 0]",0.008886873722076416,1453,1366,2.5699643124300424,,,
401404001,2022,4,regular,2022-09-25T02:30:00.000Z,False,True,False,True,65438,3765,Husky Stadium,264,Washington,fbs,Pac-12,40,"[7, 10, 13, 10]",0.9664578437805176,1607,1623,24,Stanford,fbs,Pac-12,22,"[0, 7, 0, 15]",0.03354215621948242,1349,1333,2.3847929482433647,,,
401403997,2022,4,regular,2022-09-25T02:30:00.000Z,False,True,False,True,39876,3947,Mountain America Stadium,9,Arizona State,fbs,Pac-12,13,"[0, 6, 0, 7]",0,1551,1527,254,Utah,fbs,Pac-12,34,"[14, 10, 7, 3]",1,1823,1847,2.7825433360311806,,,
401403908,2022,5,regular,2022-09-29T23:00:00.000Z,False,True,False,False,61551,3994,Williams-Brice Stadium,2579,South Carolina,fbs,SEC,50,"[8, 14, 14, 14]",0.989801287651062,1546,1546,2569,South Carolina State,fcs,MEAC,10,"[0, 0, 7, 3]",0.010198712348937988,,,2.097990527165064,,Moved from Oct 1,
401430710,2022,5,regular,2022-09-29T23:00:00.000Z,False,True,False,True,,3813,"Luther ""Nick"" Jeralds Stadium",2220,Fayetteville State,ii,CIAA,13,"[7, 0, 6, 0]",,,,2804,Chowan,ii,CIAA,10,"[0, 0, 10, 0]",,,,,,Moved from Oct 1,
401415226,2022,5,regular,2022-09-30T00:00:00.000Z,False,True,False,False,59417,3801,LaVell Edwards Stadium,252,BYU,fbs,FBS Independents,38,"[14, 3, 14, 7]",0.974054217338562,1630,1636,328,Utah State,fbs,Mountain West,26,"[7, 10, 3, 6]",0.02594578266143799,1420,1414,4.9448775233906535,,,
401431173,2022,5,regular,2022-09-30T23:00:00.000Z,False,True,False,True,,5939,Cressy Field,379,UMass Dartmouth,iii,MSCAC,48,"[14, 13, 7, 14]",,,,2843,Western Connecticut State,iii,MSCAC,21,"[7, 7, 7, 0]",,,,,,,
401415625,2022,5,regular,2022-09-30T23:00:00.000Z,False,True,False,True,24319,4728,TDECU Stadium,248,Houston,fbs,American Athletic,24,"[0, 7, 0, 14, 3]",0.800286591053009,1520,1514,2655,Tulane,fbs,American Athletic,27,"[0, 7, 7, 7, 6]",0.19971340894699097,1491,1497,7.163201849028031,,,
401426576,2022,5,regular,2022-09-30T23:30:00.000Z,False,True,False,True,15020,3725,"Johnny ""Red"" Floyd Stadium",2393,Middle Tennessee,fbs,Conference USA,30,"[0, 20, 0, 10]",0.013221445493400097,1411,1384,2636,UTSA,fbs,Conference USA,45,"[10, 21, 7, 7]",0.9867785545065999,1491,1518,6.094984180226933,,,
401415228,2022,5,regular,2022-10-01T00:00:00.000Z,False,True,False,True,,3653,Albertsons Stadium,68,Boise State,fbs,Mountain West,35,"[0, 0, 21, 14]",0.9986765204448156,1541,1582,21,San Diego State,fbs,Mountain West,13,"[6, 7, 0, 0]",0.0013234795551844147,1429,1388,5.1060426962,,,
401404007,2022,5,regular,2022-10-01T02:30:00.000Z,False,True,False,True,41343,1056,Rose Bowl,26,UCLA,fbs,Pac-12,40,"[9, 17, 14, 0]",1,1705,1712,264,Washington,fbs,Pac-12,32,"[7, 3, 6, 16]",0,1623,1616,4.225901115020313,,,
401418605,2022,5,regular,2022-10-01T03:00:00.000Z,False,True,False,True,,3826,Memorial Field,159,Dartmouth,fcs,Ivy,17,"[0, 3, 0, 7, 7, 0]",,,,219,Pennsylvania,fcs,Ivy,23,"[7, 0, 0, 3, 7, 6]",,,,,,,
401415229,2022,5,regular,2022-10-01T03:00:00.000Z,False,True,False,True,21605,6501,Allegiant Stadium,2439,UNLV,fbs,Mountain West,31,"[0, 9, 8, 14]",0.9756366014480591,1420,1424,167,New Mexico,fbs,Mountain West,20,"[14, 3, 0, 3]",0.024363398551940918,1200,1196,4.6963242757879975,,,
401433040,2022,5,regular,2022-10-01T16:00:00.000Z,False,True,False,True,,4441,McConnell Family Stadium,367,Gannon,ii,Pennsylvania State Athletic,21,"[7, 0, 7, 7]",,,,611,Seton Hill,ii,Pennsylvania State Athletic,10,"[0, 3, 7, 0]",,,,,,,
401404137,2022,5,regular,2022-10-01T16:00:00.000Z,False,True,False,False,25752,3841,Michie Stadium,349,Army,fbs,FBS Independents,14,"[0, 0, 7, 7]",0.10352123528718948,1528,1476,2247,Georgia State,fbs,Sun Belt,31,"[3, 14, 0, 14]",0.8964787647128105,1424,1476,4.420542635066606,,,
401411124,2022,5,regular,2022-10-01T16:00:00.000Z,False,True,False,True,38517,3615,"Alumni Stadium (Chestnut Hill, MA)",103,Boston College,fbs,ACC,34,"[7, 14, 7, 6]",0.9828185439109802,1332,1339,97,Louisville,fbs,ACC,33,"[7, 16, 10, 0]",0.017181456089019775,1575,1568,8.283166371796375,,,
401432532,2022,5,regular,2022-10-01T16:00:00.000Z,False,True,False,True,,6086,Rocco Calvo Field,323,Moravian,iii,Centennial,51,"[7, 21, 7, 16]",,,,246,Juniata,iii,Centennial,7,"[0, 0, 0, 7]",,,,,,,
401415227,2022,5,regular,2022-10-01T16:00:00.000Z,False,True,False,False,36947,3713,Falcon Stadium,2005,Air Force,fbs,Mountain West,13,"[10, 0, 0, 3]",0.8859639167785645,1743,1739,2426,Navy,fbs,American Athletic,10,"[0, 3, 0, 7]",0.11403608322143555,1360,1364,3.4838670678209542,,,
401423000,2022,5,regular,2022-10-01T16:00:00.000Z,False,True,False,False,,3741,Goodman Stadium,2329,Lehigh,fcs,Patriot,7,"[0, 0, 7, 0]",0.000464895274490118,,,2405,Monmouth,fcs,CAA,35,"[7, 14, 14, 0]",0.9995351047255099,,,4.360159066284697,,,
401420801,2022,5,regular,2022-10-01T16:00:00.000Z,False,True,False,False,,3629,Barker-Lane Stadium,2097,Campbell,fcs,Big South,48,"[10, 24, 0, 14]",0.9852738380432129,,,2428,North Carolina Central,fcs,MEAC,18,"[0, 6, 0, 12]",0.01472616195678711,,,2.0766477374288494,,,
401455635,2022,5,regular,2022-10-01T16:00:00.000Z,False,True,False,False,,6066,Pace Stadium,2487,Pace,ii,Northeast 10,45,"[21, 14, 7, 3]",,,,126086,Post,ii,Independent DII,6,"[0, 0, 0, 6]",,,,,,,
401405100,2022,5,regular,2022-10-01T16:00:00.000Z,False,True,False,True,69250,3793,Kinnick Stadium,2294,Iowa,fbs,Big Ten,14,"[0, 0, 0, 14]",0.081882044672966,1702,1701,130,Michigan,fbs,Big Ten,27,"[7, 6, 7, 7]",0.918117955327034,2012,2013,3.084160943906008,,,
401404085,2022,5,regular,2022-10-01T16:00:00.000Z,False,True,False,True,50782,3636,Bill Snyder Family Stadium,2306,Kansas State,fbs,Big 12,37,"[13, 0, 7, 17]",0.9997576475143433,1675,1680,2641,Texas Tech,fbs,Big 12,28,"[0, 10, 10, 8]",0.00024235248565673828,1524,1519,5.4276688168777625,,,
401405099,2022,5,regular,2022-10-01T16:00:00.000Z,False,True,False,True,73502,347,Camp Randall Stadium,275,Wisconsin,fbs,Big Ten,10,"[7, 3, 0, 0]",0,1775,1692,356,Illinois,fbs,Big Ten,34,"[7, 7, 17, 3]",1,1623,1706,3.62721473201932,,,
401431985,2022,5,regular,2022-10-01T16:00:00.000Z,False,True,False,False,,3698,Donnell Stadium,2224,Findlay,ii,Great Midwest Athletic,7,"[0, 0, 0, 7]",,,,2222,Ferris State,ii,GLIAC,38,"[10, 21, 7, 0]",,,,,,,
401415628,2022,5,regular,2022-10-01T16:00:00.000Z,False,True,False,True,23239,3805,Simmons Bank Liberty Stadium,235,Memphis,fbs,American Athletic,24,"[0, 0, 7, 17]",0.7399134039878845,1494,1506,218,Temple,fbs,American Athletic,3,"[0, 3, 0, 0]",0.2600865960121155,1104,1092,4.608160195092293,,,
401431054,2022,5,regular,2022-10-01T16:00:00.000Z,False,True,False,True,,3709,Hempstead Stadium,452,Endicott,iii,Commonwealth Coast,20,"[6, 0, 7, 7]",,,,2280,Husson,iii,Commonwealth Coast,0,"[0, 0, 0, 0]",,,,,,,
401432103,2022,5,regular,2022-10-01T16:00:00.000Z,False,True,False,True,,6063,Mueller Field,587,Notre Dame College,ii,Mountain East,49,[],,,,2128,Charleston (WV),ii,Mountain East,24,[],,,,,,,
401431545,2022,5,regular,2022-10-01T16:00:00.000Z,False,True,False,True,,5934,Farmers Insurance Athletic Complex,110254,Davenport,ii,GLIAC,52,"[0, 14, 21, 17]",,,,2392,Michigan Tech,ii,GLIAC,38,"[17, 7, 7, 7]",,,,,,,
401439535,2022,5,regular,2022-10-01T16:00:00.000Z,False,True,False,True,,3851,Mustang Stadium,471,Stevenson,iii,Mid Atlantic,7,"[0, 0, 0, 7]",,,,2808,Delaware Valley,iii,Mid Atlantic,26,"[6, 6, 7, 7]",,,,,,,
401423427,2022,5,regular,2022-10-01T16:00:00.000Z,False,True,False,True,,3694,DeGol Field,2598,Saint Francis,fcs,NEC,39,"[5, 14, 7, 13]",,,,2115,Central Connecticut,fcs,NEC,13,"[0, 6, 7, 0]",,,,,,,
401404086,2022,5,regular,2022-10-01T16:00:00.000Z,False,True,False,True,49095,3616,Amon G. Carter Stadium,2628,TCU,fbs,Big 12,55,"[27, 14, 14, 0]",0.9863877296447754,1526,1656,201,Oklahoma,fbs,Big 12,24,"[10, 7, 0, 7]",0.01361227035522461,1851,1721,3.7186139083171783,,,
401403905,2022,5,regular,2022-10-01T16:00:00.000Z,False,True,False,True,64828,3974,Vaught-Hemingway Stadium,145,Ole Miss,fbs,SEC,22,"[14, 5, 3, 0]",0.47384053468704224,1745,1746,96,Kentucky,fbs,SEC,19,"[6, 6, 7, 0]",0.5261594653129578,1713,1712,5.181231820390617,,,
401438610,2022,5,regular,2022-10-01T16:00:00.000Z,False,True,False,True,,5637,Vendetti Field,2884,Nichols,iii,Commonwealth Coast,14,"[0, 7, 7, 0]",,,,2702,Western New England,iii,Commonwealth Coast,47,"[3, 14, 16, 14]",,,,,,,
401435134,2022,5,regular,2022-10-01T16:00:00.000Z,False,True,False,True,,5926,Henry G. Steinbrenner '27 Stadium,109,MIT,iii,NEWMAC,7,"[7, 0, 0, 0]",,,,2108,Catholic,iii,NEWMAC,42,"[7, 28, 7, 0]",,,,,,,
401442044,2022,5,regular,2022-10-01T16:00:00.000Z,False,True,False,True,,6075,W.B. Mason Stadium,284,Stonehill,fcs,NEC,24,"[3, 7, 7, 7]",,,,2184,Duquesne,fcs,NEC,20,"[10, 7, 3, 0]",,,,,,,
401428486,2022,5,regular,2022-10-01T16:00:00.000Z,False,True,False,True,,36,Leonidoff Field,2368,Marist,fcs,Pioneer,24,"[3, 0, 14, 7]",0.039833541959524155,,,2900,St. Thomas (MN),fcs,Pioneer,38,"[7, 14, 7, 10]",0.9601664580404758,,,4.07422385598928,,,
401432883,2022,5,regular,2022-10-01T16:00:00.000Z,False,True,False,True,,6092,Bishop Stadium,286,North Carolina Wesleyan,iii,USA South,37,"[14, 16, 7, 0]",,,,548,LaGrange,iii,USA South,22,"[0, 6, 8, 8]",,,,,,,
401444121,2022,5,regular,2022-10-01T16:00:00.000Z,False,True,False,True,,3920,Schmidt Stadium,398,Wilkes,iii,Mid Atlantic,27,"[7, 7, 7, 6]",,,,2015,Albright,iii,Mid Atlantic,0,"[0, 0, 0, 0]",,,,,,,
401450147,2022,5,regular,2022-10-01T16:00:00.000Z,False,True,False,True,,3819,Bowditch Field,2967,Framingham State,iii,MSCAC,9,"[0, 0, 7, 2]",,,,2972,Plymouth State,iii,MSCAC,14,"[0, 7, 7, 0]",,,,,,,
401405101,2022,5,regular,2022-10-01T16:00:00.000Z,False,True,False,True,48288,3953,Huntington Bank Stadium,135,Minnesota,fbs,Big Ten,10,"[0, 3, 7, 0]",0.33830922842025757,1823,1784,2509,Purdue,fbs,Big Ten,20,"[10, 0, 0, 10]",0.6616907715797424,1627,1666,4.82594305505374,,,
401432545,2022,5,regular,2022-10-01T16:00:00.000Z,False,True,False,True,,7082,Athletic Field Complex,122774,Keystone,iii,ECFC,44,"[12, 3, 15, 14]",,,,417,Gallaudet,iii,ECFC,52,"[7, 17, 14, 14]",,,,,,,
401432154,2022,5,regular,2022-10-01T16:00:00.000Z,False,True,False,True,,5784,Cebe Ross Field,455,West Virginia Wesleyan,ii,Mountain East,0,"[0, 0, 0, 0]",,,,112335,Wheeling,ii,Mountain East,37,"[3, 10, 10, 14]",,,,,,,
401420780,2022,5,regular,2022-10-01T16:00:00.000Z,False,True,False,False,,3762,Hughes Stadium,2415,Morgan State,fcs,MEAC,44,"[23, 14, 0, 7]",0.9867986440658569,,,2355,Virginia Lynchburg,,,10,"[0, 7, 3, 0]",0.013201355934143066,,,1.9002999838518937,,,
401431163,2022,5,regular,2022-10-01T16:00:00.000Z,False,True,False,True,,5940,Clean Harbors Stadium,110,Mass Maritime,iii,MSCAC,20,"[0, 0, 7, 13]",,,,2909,Westfield State,iii,MSCAC,9,"[0, 6, 3, 0]",,,,,,,
401444114,2022,5,regular,2022-10-01T16:00:00.000Z,False,True,False,True,,6071,Jess Dow Field,2583,Southern Connecticut State,ii,Northeast 10,14,"[0, 0, 14, 0]",,,,2038,Assumption,ii,Northeast 10,28,"[7, 3, 11, 7]",,,,,,,
401426253,2022,5,regular,2022-10-01T16:00:00.000Z,False,True,False,False,,3997,Yale Bowl,43,Yale,fcs,Ivy,34,"[0, 17, 10, 7]",,,,47,Howard,fcs,MEAC,26,"[3, 3, 7, 13]",,,,1.0229352265,,,
401431033,2022,5,regular,2022-10-01T17:00:00.000Z,False,True,False,True,,7077,Shadek Stadium,2234,Franklin & Marshall,iii,Centennial,26,"[0, 7, 16, 3]",,,,118,Johns Hopkins,iii,Centennial,43,"[7, 13, 7, 16]",,,,,,,
401433152,2022,5,regular,2022-10-01T17:00:00.000Z,False,True,False,False,,6221,Mitchell Stadium,124180,Bluefield State,ii,Independent DII,22,"[0, 7, 8, 7]",,,,3111,Apprentice School,iii,Independent DIII,19,"[9, 0, 3, 7]",,,,,,,
401432631,2022,5,regular,2022-10-01T17:00:00.000Z,False,True,False,True,,3879,TowneBank Stadium,3112,Christopher Newport,iii,New Jersey,20,"[6, 7, 7, 0]",,,,2827,Rowan,iii,New Jersey,14,"[0, 0, 0, 14]",,,,,,,
401429864,2022,5,regular,2022-10-01T17:00:00.000Z,False,True,False,True,,6041,Irwin Belk Complex,2304,Johnson C. Smith,ii,CIAA,49,"[14, 21, 7, 7]",,,,2207,Elizabeth City State,ii,CIAA,14,"[14, 0, 0, 0]",,,,,,,
401431153,2022,5,regular,2022-10-01T17:00:00.000Z,False,True,False,True,,5925,David Person Field,2354,Lycoming,iii,Mid Atlantic,23,"[3, 7, 7, 6]",,,,247,King's,iii,Mid Atlantic,28,"[7, 14, 7, 0]",,,,,,,
401430971,2022,5,regular,2022-10-01T17:00:00.000Z,False,True,False,True,,3635,Bill Buxton Stadium,2564,Simpson (IA),iii,American Rivers,23,"[14, 3, 0, 6]",,,,67,Luther,iii,American Rivers,33,"[7, 12, 0, 14]",,,,,,,
401443113,2022,5,regular,2022-10-01T17:00:00.000Z,False,True,False,True,,6089,Scotty Wood Stadium,2422,Muhlenberg,iii,Centennial,56,"[14, 14, 7, 21]",,,,2248,Gettysburg,iii,Centennial,17,"[0, 7, 10, 0]",,,,,,,
401438664,2022,5,regular,2022-10-01T17:00:00.000Z,False,True,False,True,,6105,Day Field,2516,Randolph Macon,iii,Old Dominion,48,"[6, 14, 21, 7]",,,,2258,Guilford,iii,Old Dominion,19,"[13, 6, 0, 0]",,,,,,,
401430925,2022,5,regular,2022-10-01T17:00:00.000Z,False,True,False,True,,5809,J. Leslie Rollins Stadium,63,Buena Vista,iii,American Rivers,16,"[16, 0, 0, 0]",,,,49,Dubuque,iii,American Rivers,46,"[12, 0, 27, 7]",,,,,,,
401415198,2022,5,regular,2022-10-01T17:00:00.000Z,False,True,False,True,,3802,Lawrence A. Wien Stadium,171,Columbia,fcs,Ivy,6,"[6, 0, 0, 0]",,,,163,Princeton,fcs,Ivy,24,"[7, 7, 7, 3]",,,,,,,
401433025,2022,5,regular,2022-10-01T17:00:00.000Z,False,True,False,True,,3760,Hubert Jack Stadium,209,Lock Haven,ii,Pennsylvania State Athletic,12,"[0, 0, 12, 0]",,,,210,Millersville,ii,Pennsylvania State Athletic,42,"[0, 14, 14, 14]",,,,,,,
401418597,2022,5,regular,2022-10-01T17:00:00.000Z,False,True,False,False,,3750,Harvard Stadium,108,Harvard,fcs,Ivy,21,"[7, 7, 7, 0]",0.2989644706249237,,,107,Holy Cross,fcs,Patriot,30,"[7, 10, 7, 6]",0.7010355293750763,,,7.975226075821293,,,
401432618,2022,5,regular,2022-10-01T17:00:00.000Z,False,True,False,True,,6127,John P. Papp Stadium,2748,Wooster,iii,North Coast,7,"[0, 0, 7, 0]",,,,2980,Ohio Wesleyan,iii,North Coast,35,"[14, 0, 14, 7]",,,,,,,
401428481,2022,5,regular,2022-10-01T17:00:00.000Z,False,True,False,True,,150,Jack Coffey Field,2230,Fordham,fcs,Patriot,59,"[7, 28, 10, 14]",0.9975746870040894,,,46,Georgetown,fcs,Patriot,38,"[21, 0, 3, 14]",0.0024253129959106445,,,5.597889889421104,,,
401432377,2022,5,regular,2022-10-01T17:00:00.000Z,False,True,True,True,,6211,Sodexo Field,112334,Franklin Pierce,ii,Northeast 10,0,"[0, 0, 0, 0]",,,,2060,Bentley,ii,Northeast 10,41,"[7, 13, 7, 14]",,,,,,,
401432626,2022,5,regular,2022-10-01T17:00:00.000Z,False,True,False,True,,4757,Edwards-Maurer Field,2746,Wittenberg,iii,North Coast,35,"[7, 14, 7, 7]",,,,89,Wabash,iii,North Coast,42,"[14, 7, 7, 14]",,,,,,,
401420809,2022,5,regular,2022-10-01T17:00:00.000Z,False,True,False,True,,3605,Alerus Center,155,North Dakota,fcs,MVFC,48,"[3, 17, 14, 14]",0.8787171244621277,,,2623,Missouri State,fcs,MVFC,31,"[7, 14, 0, 10]",0.12128287553787231,,,5.331038242611015,,,
401423138,2022,5,regular,2022-10-01T17:00:00.000Z,False,True,False,True,,3897,Richardson Stadium,2166,Davidson,fcs,Pioneer,31,"[3, 0, 14, 14]",0.8140739798545837,,,2086,Butler,fcs,Pioneer,0,"[0, 0, 0, 0]",0.18592602014541626,,,2.593798864626107,,,
401435076,2022,5,regular,2022-10-01T17:00:00.000Z,False,True,False,True,,6048,Duane Stadium,2771,Merrimack,fcs,NEC,24,"[3, 7, 0, 14]",,,,2341,Long Island University,fcs,NEC,23,"[3, 17, 3, 0]",,,,,,,
401420791,2022,5,regular,2022-10-01T17:00:00.000Z,False,True,False,False,,3668,Campus Field,2529,Sacred Heart,fcs,NEC,31,"[7, 10, 7, 7]",0.997833896473525,,,2450,Norfolk State,fcs,MEAC,14,"[7, 7, 0, 0]",0.0021661035264749495,,,3.3354310095,,,
401445215,2022,5,regular,2022-10-01T17:00:00.000Z,False,True,False,True,,5806,Whittier Field,340,Bowdoin,iii,NESCAC,10,"[10, 0, 0, 0]",,,,2394,Middlebury,iii,NESCAC,20,"[3, 14, 3, 0]",,,,,,,
401423154,2022,5,regular,2022-10-01T17:00:00.000Z,False,True,False,True,,3988,Welcome Stadium,2168,Dayton,fcs,Pioneer,27,"[7, 3, 14, 3]",0.9630898833274841,,,2181,Drake,fcs,Pioneer,14,"[0, 7, 0, 7]",0.03691011667251587,,,4.07729466472288,,,
401445799,2022,5,regular,2022-10-01T17:00:00.000Z,False,True,False,True,,3870,Panther Stadium (OH),2477,Ohio Dominican,ii,Great Midwest Athletic,21,"[0, 14, 7, 0]",,,,2682,Walsh,ii,Great Midwest Athletic,0,"[0, 0, 0, 0]",,,,,,,
401415406,2022,5,regular,2022-10-01T17:00:00.000Z,False,True,False,False,,3617,Andy Kerr Stadium,2142,Colgate,fcs,Patriot,31,"[7, 6, 18, 0]",0.0026640854556987032,,,172,Cornell,fcs,Ivy,34,"[7, 14, 3, 10]",0.9973359145443013,,,9.3776330657,,,
401432702,2022,5,regular,2022-10-01T17:00:00.000Z,False,True,False,False,,5840,Fred Selfe Stadium at Nicewonder Field,2213,Emory & Henry,ii,South Atlantic,38,"[0, 21, 10, 7]",,,,2107,Catawba,ii,South Atlantic,23,"[0, 3, 7, 13]",,,,,,,
401438629,2022,5,regular,2022-10-01T17:00:00.000Z,False,True,False,True,,6095,Sabine Field at Haynes Family Stadium,2467,Norwich,iii,NEWMAC,31,"[14, 7, 3, 7]",,,,2557,Coast Guard,iii,NEWMAC,23,"[14, 3, 3, 3]",,,,,,,
401445124,2022,5,regular,2022-10-01T17:00:00.000Z,False,True,False,True,,3922,Kenneth R. Gill Stadium,2700,McDaniel,iii,Centennial,21,"[0, 12, 6, 3]",,,,2175,Dickinson,iii,Centennial,13,"[0, 3, 7, 3]",,,,,,,
401455587,2022,5,regular,2022-10-01T17:00:00.000Z,False,True,False,True,,5905,Kean Alumni Stadium,2871,Kean,iii,New Jersey,15,"[6, 3, 6, 0]",,,,2970,William Paterson,iii,New Jersey,22,"[14, 0, 0, 8]",,,,,,,
401441943,2022,5,regular,2022-10-01T17:00:00.000Z,False,True,False,True,,5125,Stadium Red Field,2782,SUNY Cortland,iii,Empire 8,28,"[7, 7, 7, 7]",,,,3110,SUNY Morrisville,iii,Empire 8,7,"[0, 0, 0, 7]",,,,,,,
401441264,2022,5,regular,2022-10-01T17:00:00.000Z,False,True,False,True,,6114,Sea Gull Stadium,2532,Salisbury,iii,New Jersey,30,"[0, 7, 16, 7]",,,,2818,Montclair State,iii,New Jersey,7,"[0, 0, 0, 7]",,,,,,,
401441256,2022,5,regular,2022-10-01T17:00:00.000Z,False,True,False,True,,5894,Steuben Field,348,Hamilton,iii,NESCAC,14,"[0, 0, 7, 7]",,,,336,Wesleyan (CT),iii,NESCAC,49,"[21, 14, 0, 14]",,,,,,,
401433400,2022,5,regular,2022-10-01T17:00:00.000Z,False,True,False,True,,3717,Edwin Fauver Stadium,184,Rochester (NY),iii,Liberty League,3,"[0, 3, 0, 0]",,,,2528,Rensselaer,iii,Liberty League,31,"[7, 0, 7, 17]",,,,,,,
401432865,2022,5,regular,2022-10-01T17:00:00.000Z,False,True,False,True,,6145,Blue Jay Stadium,433,Westminster (MO),iii,Upper Midwest,8,"[0, 8, 0, 0]",,,,2399,Minnesota Morris,iii,Upper Midwest,28,"[0, 14, 7, 7]",,,,,,,
401431189,2022,5,regular,2022-10-01T17:00:00.000Z,False,True,False,True,,5904,Angell Field,126,Kalamazoo,iii,Michigan,6,"[0, 0, 0, 6]",,,,2790,Albion,iii,Michigan,48,"[24, 14, 0, 10]",,,,,,,
401431198,2022,5,regular,2022-10-01T17:00:00.000Z,False,True,False,True,,6130,Fred Zollner Athletic Stadium,2651,Trine,iii,Michigan,21,"[0, 7, 7, 7]",,,,2800,Alma,iii,Michigan,40,"[9, 14, 14, 3]",,,,,,,
401430978,2022,5,regular,2022-10-01T17:00:00.000Z,False,True,True,True,,6091,Abel Stadium,6845,Nebraska Wesleyan,iii,American Rivers,0,"[0, 0, 0, 0]",,,,2964,Central College,iii,American Rivers,58,"[7, 10, 34, 7]",,,,,,,
401432845,2022,5,regular,2022-10-01T17:00:00.000Z,False,True,False,True,,5853,Francis Field (IL),2257,Greenville,iii,Upper Midwest,30,"[13, 0, 0, 17]",,,,446,Martin Luther,iii,Upper Midwest,27,"[6, 7, 7, 7]",,,,,,,
401432711,2022,5,regular,2022-10-01T17:00:00.000Z,False,True,False,True,,6116,Shentel Stadium,2828,Shenandoah,iii,Old Dominion,20,"[7, 7, 0, 6]",,,,366,Ferrum,iii,Old Dominion,0,"[0, 0, 0, 0]",,,,,,,
401435067,2022,5,regular,2022-10-01T17:00:00.000Z,False,True,False,True,,3675,Charles A. Gaetano Stadium,390,Utica,iii,Empire 8,57,"[7, 17, 17, 16]",,,,173,Hartwick,iii,Empire 8,7,"[7, 0, 0, 0]",,,,,,,
401432851,2022,5,regular,2022-10-01T17:00:00.000Z,False,True,True,True,,5844,McAfee Field,109418,Finlandia University,iii,Upper Midwest,0,"[0, 0, 0, 0]",,,,583,Northwestern (MN),iii,Upper Midwest,30,"[9, 7, 14, 0]",,,,,,,
401435197,2022,5,regular,2022-10-01T17:00:00.000Z,False,True,False,True,,5932,Lloyd L. Thornton Stadium,2373,Maryville (TN),iii,USA South,28,"[14, 14, 0, 0]",,,,2938,Huntingdon,iii,USA South,42,"[7, 7, 14, 14]",,,,,,,
401431258,2022,5,regular,2022-10-01T17:00:00.000Z,False,True,False,True,,5861,Rosenbloom Field,65,Grinnell,iii,Midwest,28,"[0, 14, 7, 7]",,,,266,Beloit,iii,Midwest,20,"[3, 7, 10, 0]",,,,,,,
401431277,2022,5,regular,2022-10-01T17:00:00.000Z,False,True,False,True,,5858,England Stadium,2286,Illinois College,iii,Midwest,21,"[14, 0, 7, 0]",,,,2891,Ripon,iii,Midwest,23,"[0, 17, 0, 6]",,,,,,,
401433045,2022,5,regular,2022-10-01T17:00:00.000Z,False,True,False,True,,4429,Seth Grove Stadium,2559,Shippensburg,ii,Pennsylvania State Athletic,13,"[0, 7, 0, 6]",,,,2974,Shepherd,ii,Pennsylvania State Athletic,30,"[0, 7, 16, 7]",,,,,,,
401433126,2022,5,regular,2022-10-01T17:00:00.000Z,False,True,False,True,,6046,Meares Stadium,2369,Mars Hill,ii,South Atlantic,14,"[0, 0, 7, 7]",,,,2336,Limestone,ii,South Atlantic,17,"[0, 7, 7, 3]",,,,,,,
401423159,2022,5,regular,2022-10-01T17:00:00.000Z,False,True,False,True,,3774,Jayne Stadium,2413,Morehead State,fcs,Pioneer,14,"[7, 7, 0, 0]",0.6086761951446533,,,2506,Presbyterian,fcs,Pioneer,10,"[0, 0, 0, 10]",0.3913238048553467,,,3.653348190444091,,,
401432407,2022,5,regular,2022-10-01T17:00:00.000Z,False,True,False,True,,6051,James S. Malosky Stadium,134,Minnesota Duluth,ii,Northern Sun,36,"[7, 15, 7, 7]",,,,2817,Minnesota St Moorhead,ii,Northern Sun,28,"[0, 7, 0, 21]",,,,,,,
401439529,2022,5,regular,2022-10-01T17:00:00.000Z,False,True,False,True,,6134,Frank Bailey Field,237,Union,iii,Liberty League,45,"[21, 7, 17, 0]",,,,2085,Buffalo State,iii,Liberty League,0,"[0, 0, 0, 0]",,,,,,,
401432114,2022,5,regular,2022-10-01T17:00:00.000Z,False,True,False,True,,3667,Callaghan Stadium,2148,Concord,ii,Mountain East,9,"[3, 0, 0, 6]",,,,2986,Fairmont State,ii,Mountain East,10,"[3, 7, 0, 0]",,,,,,,
401432136,2022,5,regular,2022-10-01T17:00:00.000Z,False,True,False,True,,5887,I.L. & Sue Morris Stadium,2249,Glenville State,ii,Mountain East,35,"[7, 7, 14, 7]",,,,2699,West Liberty,ii,Mountain East,14,"[0, 14, 0, 0]",,,,,,,
401430706,2022,5,regular,2022-10-01T17:00:00.000Z,False,True,False,True,,6032,Hovey Field,2676,Virginia Union,ii,CIAA,69,"[7, 21, 20, 21]",,,,395,St. Augustine's,ii,CIAA,0,"[0, 0, 0, 0]",,,,,,,
401432121,2022,5,regular,2022-10-01T17:00:00.000Z,False,True,False,True,,6060,Grace P. Johnson Stadium,2882,UNC Pembroke,ii,Mountain East,10,"[3, 7, 0, 0]",,,,341,Frostburg State,ii,Mountain East,9,"[0, 7, 2, 0]",,,,,,,
401435124,2022,5,regular,2022-10-01T17:00:00.000Z,False,True,False,True,,5792,Pratt Field at Lehrman Stadium,7,Amherst,iii,NESCAC,3,"[0, 0, 0, 3]",,,,2977,Trinity (CT),iii,NESCAC,20,"[14, 0, 3, 3]",,,,,,,
401430989,2022,5,regular,2022-10-01T17:00:00.000Z,False,True,False,False,,5998,Monarch Stadium,291,Methodist,iii,USA South,27,"[14, 13, 0, 0]",,,,2056,Belhaven,iii,USA South,34,"[14, 6, 0, 14]",,,,,,,
401438636,2022,5,regular,2022-10-01T17:00:00.000Z,False,True,False,True,,6083,Mangelsdorf Field,2969,Misericordia,iii,Mid Atlantic,14,"[0, 7, 0, 7]",,,,2221,FDU Florham,iii,Mid Atlantic,28,"[0, 28, 0, 0]",,,,,,,
401432575,2022,5,regular,2022-10-01T17:00:00.000Z,False,True,False,True,,6096,Austin E. Knowlton Athletics Complex,391,Oberlin,iii,North Coast,7,"[0, 7, 0, 0]",,,,2274,Hiram,iii,North Coast,34,"[7, 13, 7, 7]",,,,,,,
401430983,2022,5,regular,2022-10-01T17:00:00.000Z,False,True,False,True,,6137,Walston-Hoover Stadium,2685,Wartburg,iii,American Rivers,42,"[14, 14, 7, 7]",,,,263,Loras,iii,American Rivers,3,"[0, 0, 0, 3]",,,,,,,
401424431,2022,5,regular,2022-10-01T17:00:00.000Z,False,True,False,True,,3607,Alfond Stadium,311,Maine,fcs,CAA,20,"[7, 7, 0, 6]",0,,,222,Villanova,fcs,CAA,45,"[10, 21, 7, 7]",1,,,3.3209637786861275,,,
401435056,2022,5,regular,2022-10-01T17:00:00.000Z,False,True,False,True,,3663,Burke-Tarr Stadium,2105,Carson Newman,ii,South Atlantic,24,"[0, 7, 7, 10]",,,,2444,Newberry,ii,South Atlantic,14,"[0, 14, 0, 0]",,,,,,,
401431044,2022,5,regular,2022-10-01T17:00:00.000Z,False,True,False,True,,6135,Blue Storm Stadium,111675,New England,iii,Commonwealth Coast,37,"[6, 14, 14, 3]",,,,40,Curry,iii,Commonwealth Coast,21,"[0, 7, 7, 7]",,,,,,,
401432425,2022,5,regular,2022-10-01T17:00:00.000Z,False,True,False,True,,5933,Sea Foam Stadium,3066,Concordia St. Paul,ii,Northern Sun,15,"[0, 0, 7, 8]",,,,2364,Minnesota State,ii,Northern Sun,25,"[0, 7, 8, 10]",,,,,,,
401432553,2022,5,regular,2022-10-01T17:00:00.000Z,False,True,False,True,,5856,Boswell Field at David J. Urick Stadium,174,Hobart,iii,Liberty League,7,"[0, 0, 0, 7]",,,,175,Ithaca,iii,Liberty League,31,"[0, 21, 10, 0]",,,,,,,
401432812,2022,5,regular,2022-10-01T17:00:00.000Z,False,True,False,True,,4423,Young-Wise Memorial Stadium,418,Hendrix,iii,Southern Athletic,7,"[0, 0, 7, 0]",,,,386,Trinity (TX),iii,Southern Athletic,28,"[7, 7, 7, 7]",,,,,,,
401433016,2022,5,regular,2022-10-01T17:05:00.000Z,False,True,False,True,,4439,Eiler-Martin Stadium,2188,East Stroudsburg,ii,Pennsylvania State Athletic,20,"[0, 10, 7, 3]",,,,2315,Kutztown,ii,Pennsylvania State Athletic,24,"[7, 7, 0, 10]",,,,,,,
401431138,2022,5,regular,2022-10-01T17:30:00.000Z,False,True,False,True,,5930,Carl W. Burt Memorial Stadium,2362,Manchester,iii,Heartland,20,"[0, 13, 0, 7]",,,,2419,Mount St Joseph,iii,Heartland,55,"[14, 14, 21, 6]",,,,,,,
401432639,2022,5,regular,2022-10-01T17:30:00.000Z,False,True,False,True,,5850,Stoffer Family Stadium,415,George Fox,iii,Northwest,12,"[3, 3, 0, 6]",,,,2486,Pacific Lutheran,iii,Northwest,13,"[0, 0, 7, 6]",,,,,,,
401431130,2022,5,regular,2022-10-01T17:30:00.000Z,False,True,False,True,,5832,Justin F. Coressel Stadium,190,Defiance College,iii,Heartland,20,"[7, 7, 0, 6]",,,,2262,Hanover,iii,Heartland,37,"[0, 14, 10, 13]",,,,,,,
401437203,2022,5,regular,2022-10-01T17:30:00.000Z,False,True,False,True,,5794,Caparso Field,15,Anna Maria College,iii,ECFC,25,"[6, 0, 7, 12]",,,,3162,Alfred State,iii,ECFC,30,"[3, 7, 0, 20]",,,,,,,
401430689,2022,5,regular,2022-10-01T17:30:00.000Z,False,True,False,True,,3649,Bowman Gray Stadium,2736,Winston-Salem State,ii,CIAA,0,[],,,,2339,Lincoln (PA),ii,CIAA,0,[],,,,,,,
401441931,2022,5,regular,2022-10-01T17:30:00.000Z,False,True,False,True,,6124,Amos Alonzo Stagg Field (PA),216,Susquehanna,iii,Centennial,17,"[10, 7, 0, 0]",,,,2667,Ursinus,iii,Centennial,12,"[3, 3, 0, 6]",,,,,,,
401413206,2022,5,regular,2022-10-01T17:30:00.000Z,False,True,False,True,,3737,Gibbs Stadium,2747,Wofford,fcs,Southern,7,"[0, 0, 7, 0]",0.2415902316570282,,,2382,Mercer,fcs,Southern,42,"[14, 7, 14, 7]",0.7584097683429718,,,2.355291667175304,,,
401432673,2022,5,regular,2022-10-01T17:30:00.000Z,False,True,False,True,,6152,Wiliams Stadium (OH),2733,Wilmington (OH),iii,Ohio,0,"[0, 0, 0, 0]",,,,2302,John Carroll,iii,Ohio,59,"[17, 14, 14, 14]",,,,,,,
401431120,2022,5,regular,2022-10-01T17:30:00.000Z,False,True,False,True,,5805,Alumni Field (OH),2074,Bluffton,iii,Heartland,27,"[0, 14, 7, 6]",,,,2233,Franklin,iii,Heartland,37,"[10, 17, 0, 10]",,,,,,,
401438675,2022,5,regular,2022-10-01T17:30:00.000Z,False,True,False,True,,5854,Hoernemann Stadium,191,Heidelberg,iii,Ohio,42,"[14, 7, 14, 7]",,,,332,Muskingum,iii,Ohio,21,"[14, 7, 0, 0]",,,,,,,
401426338,2022,5,regular,2022-10-01T17:30:00.000Z,False,True,False,True,25188,3651,Bridgeforth Stadium,256,James Madison,fbs,Sun Belt,40,"[7, 12, 7, 14]",0.9460859298706055,1449,1496,326,Texas State,fbs,Sun Belt,13,"[0, 0, 7, 6]",0.05391407012939453,1249,1202,2.9242482424178426,,,
401455585,2022,5,regular,2022-10-01T17:30:00.000Z,False,True,False,True,,6151,Farley-Lamb Field,2731,Williams,iii,NESCAC,28,"[7, 7, 7, 7]",,,,112,Tufts,iii,NESCAC,35,"[0, 14, 14, 7]",,,,,,,
401431146,2022,5,regular,2022-10-01T17:30:00.000Z,False,True,False,True,,5793,Macholtz Stadium,2023,Anderson (IN),iii,Heartland,7,"[0, 0, 0, 7]",,,,86,Rose Hulman,iii,Heartland,45,"[14, 10, 14, 7]",,,,,,,
401432683,2022,5,regular,2022-10-01T17:30:00.000Z,False,True,False,True,,6098,Dial-Roberson Stadium,427,Ohio Northern,iii,Ohio,0,"[0, 0, 0, 0]",,,,426,Mount Union,iii,Ohio,45,"[14, 17, 7, 7]",,,,,,,
401438643,2022,5,regular,2022-10-01T17:30:00.000Z,False,True,False,True,,5791,Turf Field,111674,Alvernia,iii,Mid Atlantic,6,"[0, 0, 0, 6]",,,,388,Lebanon Valley,iii,Mid Atlantic,32,"[0, 9, 9, 14]",,,,,,,
401431869,2022,5,regular,2022-10-01T18:00:00.000Z,False,True,False,False,,7076,J.W. Babb Stadium,101784,Erskine,ii,South Atlantic,7,"[0, 0, 7, 0]",,,,351,Wingate,ii,South Atlantic,31,"[10, 14, 7, 0]",,,,,,,
401432950,2022,5,regular,2022-10-01T18:00:00.000Z,False,True,False,True,,5872,Kirkeby-Over Stadium,2043,Augustana (SD),ii,Northern Sun,24,"[0, 7, 0, 17]",,,,2894,Sioux Falls,ii,Northern Sun,31,"[7, 7, 10, 7]",,,,,,,
401432819,2022,5,regular,2022-10-01T18:00:00.000Z,False,True,False,True,,3823,Hardee-McGee Field,2553,Sewanee,iii,Southern Athletic,27,"[7, 0, 7, 13]",,,,2398,Millsaps,iii,Southern Athletic,30,"[14, 6, 3, 7]",,,,,,,
401432889,2022,5,regular,2022-10-01T18:00:00.000Z,False,True,False,True,,5914,Veterans Memorial Stadium (WI),2740,Wisconsin La Crosse,iii,Wisconsin,31,"[7, 10, 7, 7]",,,,2745,Wisconsin Whitewater,iii,Wisconsin,34,"[7, 7, 14, 6]",,,,,,,
401420824,2022,5,regular,2022-10-01T18:00:00.000Z,False,True,False,True,,3714,Fargodome,2449,North Dakota State,fcs,MVFC,27,"[14, 7, 0, 6]",0.9842281937599182,,,2754,Youngstown State,fcs,MVFC,14,"[0, 3, 3, 8]",0.015771806240081787,,,2.0824011255113297,,,
401432343,2022,5,regular,2022-10-01T18:00:00.000Z,False,True,False,True,,5945,Wildcat Stadium (GA),2232,Fort Valley State,ii,SIAC,13,"[6, 0, 0, 7]",,,,490,Benedict,ii,SIAC,45,"[13, 7, 20, 5]",,,,,,,
401416608,2022,5,regular,2022-10-01T18:00:00.000Z,False,True,False,True,10012,3919,Scheumann Stadium,2050,Ball State,fbs,Mid-American,44,"[0, 7, 14, 17, 0, 6]",0.5081812739372253,1282,1294,2459,Northern Illinois,fbs,Mid-American,38,"[7, 17, 7, 7, 0, 0]",0.49181872606277466,1367,1355,5.832690173342277,,,
401432325,2022,5,regular,2022-10-01T18:00:00.000Z,False,True,False,True,,5867,Albany State University Coliseum,2013,Albany State,ii,SIAC,20,"[7, 7, 6, 0]",,,,2396,Miles,ii,SIAC,3,"[0, 3, 0, 0]",,,,,,,
401432697,2022,5,regular,2022-10-01T18:00:00.000Z,False,True,False,True,,6101,"Memorial Stadium (Westerville, OH)",359,Otterbein,iii,Ohio,35,"[7, 7, 7, 14]",,,,424,Capital,iii,Ohio,28,"[7, 14, 7, 0]",,,,,,,
401421159,2022,5,regular,2022-10-01T18:00:00.000Z,False,True,False,True,,3868,Paladin Stadium,231,Furman,fcs,Southern,27,"[10, 7, 0, 10]",0.32436156272888184,,,2535,Samford,fcs,Southern,34,"[0, 20, 14, 0]",0.6756384372711182,,,4.876486283344163,,,
401425422,2022,5,regular,2022-10-01T18:00:00.000Z,False,True,True,False,,4029,Hale Stadium,2634,Tennessee State,fcs,OVC,27,"[7, 3, 7, 3, 7]",0.3153294622898102,,,2323,Lane College,ii,SIAC,28,"[6, 7, 7, 0, 8]",0.6846705377101898,,,7.934401595960815,,,
401431070,2022,5,regular,2022-10-01T18:00:00.000Z,False,True,False,True,,5839,Langhorst Field,72,Elmhurst,iii,CCIW,21,"[7, 7, 7, 0]",,,,2106,Carthage,iii,CCIW,57,"[14, 27, 13, 3]",,,,,,,
401431219,2022,5,regular,2022-10-01T18:00:00.000Z,False,True,False,True,,5813,Klein Field at Manitou,133,St. Olaf,iii,Minnesota,41,"[10, 21, 3, 7]",,,,124,Augsburg,iii,Minnesota,36,"[7, 9, 13, 7]",,,,,,,
401432563,2022,5,regular,2022-10-01T18:00:00.000Z,False,True,False,True,,6110,Sam Greeley Field,2524,Rockford,iii,NACC,21,"[7, 14, 0, 0]",,,,409,Concordia (WI),iii,NACC,42,"[14, 0, 14, 14]",,,,,,,
401435061,2022,5,regular,2022-10-01T18:00:00.000Z,False,True,False,True,,5859,Tucci Stadium,306,Illinois Wesleyan,iii,CCIW,38,"[14, 10, 7, 7]",,,,74,Millikin,iii,CCIW,24,"[0, 14, 7, 3]",,,,,,,
401435099,2022,5,regular,2022-10-01T18:00:00.000Z,False,True,False,False,,7079,Laird Stadium,2101,Carleton,iii,Minnesota,56,"[14, 14, 21, 7]",,,,2359,Macalester,iii,Minnesota,27,"[7, 7, 0, 13]",,,,,,,
401432782,2022,5,regular,2022-10-01T18:00:00.000Z,False,True,False,False,,6139,Cameron Stadium,2686,Washington & Jefferson,iii,Presidents',66,"[21, 35, 3, 7]",,,,2018,Allegheny,iii,Presidents',14,"[0, 0, 7, 7]",,,,,,,
401435209,2022,5,regular,2022-10-01T18:00:00.000Z,False,True,False,True,,5901,David Smith Stadium at Ramer Field,2723,Wisconsin River Falls,iii,Wisconsin,56,"[14, 28, 7, 7]",,,,2743,Wisconsin Stevens Point,iii,Wisconsin,3,"[0, 3, 0, 0]",,,,,,,
401414782,2022,5,regular,2022-10-01T18:00:00.000Z,False,True,False,False,16478,3912,Rynearson Stadium,2199,Eastern Michigan,fbs,Mid-American,20,"[0, 0, 14, 6]",0.9690479636192322,1334,1320,113,Massachusetts,fbs,FBS Independents,13,"[7, 3, 3, 0]",0.030952036380767822,874,888,5.379015012300656,,,
401431243,2022,5,regular,2022-10-01T18:00:00.000Z,False,True,False,True,,6122,Public Schools Stadium,375,St. Scholastica,iii,Minnesota,43,"[14, 6, 7, 16]",,,,162,Hamline,iii,Minnesota,42,"[7, 14, 21, 0]",,,,,,,
401431249,2022,5,regular,2022-10-01T18:00:00.000Z,False,True,False,True,,5893,Hollingsworth Field,2968,Gustavus Adolphus,iii,Minnesota,27,"[0, 6, 14, 7]",,,,2802,Bethel (MN),iii,Minnesota,30,"[10, 14, 6, 0]",,,,,,,
401431282,2022,5,regular,2022-10-01T18:00:00.000Z,False,True,False,True,,5828,Van Metre Field at Ash Park,2155,Cornell (IA),iii,Midwest,10,"[0, 7, 0, 3]",,,,262,Lake Forest,iii,Midwest,41,"[14, 0, 20, 7]",,,,,,,
401432804,2022,5,regular,2022-10-01T18:00:00.000Z,False,True,False,True,,6108,Crain Field,2519,Rhodes,iii,Southern Athletic,7,"[0, 0, 7, 0]",,,,2121,Centre,iii,Southern Athletic,21,"[14, 0, 0, 7]",,,,,,,
401432874,2022,5,regular,2022-10-01T18:00:00.000Z,False,True,False,True,,5807,Brevard Memorial Stadium,2913,Brevard,iii,USA South,31,"[7, 21, 3, 0]",,,,2256,Greensboro,iii,USA South,13,"[0, 0, 13, 0]",,,,,,,
401432991,2022,5,regular,2022-10-01T18:00:00.000Z,False,True,False,True,,4437,"Memorial Stadium (Clarion, PA)",2134,Clarion,ii,Pennsylvania State Athletic,14,"[7, 0, 7, 0]",,,,2858,California (PA),ii,Pennsylvania State Athletic,59,"[7, 28, 10, 14]",,,,,,,
401424395,2022,5,regular,2022-10-01T18:00:00.000Z,False,True,False,True,,3894,Rhodes Stadium,2210,Elon,fcs,CAA,30,"[14, 0, 0, 3, 7, 6]",0.7427929043769836,,,257,Richmond,fcs,CAA,27,"[7, 7, 3, 0, 7, 3]",0.25720709562301636,,,6.793743794855462,,,
401420843,2022,5,regular,2022-10-01T18:00:00.000Z,False,True,False,True,,3749,Hunter Stadium,2815,Lindenwood,fcs,OVC,28,"[0, 7, 7, 14]",,,,2546,Southeast Missouri State,fcs,OVC,49,"[6, 15, 7, 21]",,,,,,,
401431313,2022,5,regular,2022-10-01T18:00:00.000Z,False,True,False,True,,5797,Vago Field,2044,Aurora,iii,NACC,62,"[27, 21, 14, 0]",,,,2741,Wisconsin Lutheran,iii,NACC,17,"[0, 10, 7, 0]",,,,,,,
401431503,2022,5,regular,2022-10-01T18:00:00.000Z,False,True,False,False,,4753,Greene Stadium,2911,William Jewell,ii,Great Lakes,34,"[14, 3, 3, 14]",,,,2816,McKendree,ii,Great Lakes,45,"[3, 14, 7, 21]",,,,,,,
401431919,2022,5,regular,2022-10-01T18:00:00.000Z,False,True,False,True,,4724,Audrey J. Walton Stadium at Vernon Kennedy Field,2118,Central Missouri,ii,Mid America,35,"[0, 14, 14, 7]",,,,196,Northeastern State,ii,Mid America,13,"[3, 0, 3, 7]",,,,,,,
401432761,2022,5,regular,2022-10-01T18:00:00.000Z,False,True,False,True,,5864,Robert E. Thorn Field,146,Grove City,iii,Presidents',14,"[7, 7, 0, 0]",,,,2963,Case Western Reserve,iii,Presidents',13,"[7, 6, 0, 0]",,,,,,,
401431000,2022,5,regular,2022-10-01T18:00:00.000Z,False,True,False,True,,6123,Jackson Field,2834,Sul Ross State,iii,American Southwest,42,"[0, 21, 7, 14]",,,,2758,Howard Payne,iii,American Southwest,56,"[21, 14, 14, 7]",,,,,,,
401432396,2022,5,regular,2022-10-01T18:00:00.000Z,False,True,False,True,,6052,Herb Parker Stadium,568,Minot State,ii,Northern Sun,14,"[0, 7, 0, 7]",,,,132,Bemidji State,ii,Northern Sun,59,"[14, 22, 14, 9]",,,,,,,
401431295,2022,5,regular,2022-10-01T18:00:00.000Z,False,True,False,True,,5908,Harley Knosher Bowl,255,Knox,iii,Midwest,14,"[7, 0, 7, 0]",,,,80,Chicago,iii,Midwest,50,"[13, 23, 7, 7]",,,,,,,
401432720,2022,5,regular,2022-10-01T18:00:00.000Z,False,True,False,True,,5800,Jopson Athletic Complex,2079,Bridgewater,iii,Old Dominion,27,"[7, 3, 7, 10]",,,,297,Hampden Sydney,iii,Old Dominion,17,"[10, 0, 7, 0]",,,,,,,
401413218,2022,5,regular,2022-10-01T18:00:00.000Z,False,True,False,True,,3662,AmFirst Stadium,55,Jacksonville State,fcs,Atlantic Sun,35,"[10, 0, 18, 0, 7]",0.4628767669200897,,,338,Kennesaw State,fcs,Atlantic Sun,28,"[7, 14, 0, 7, 0]",0.5371232330799103,,,7.406978672783296,,,
401433009,2022,5,regular,2022-10-01T18:00:00.000Z,False,True,False,True,,4433,George P. Miller Stadium,2291,IU Pennsylvania,ii,Pennsylvania State Athletic,20,"[0, 7, 7, 6]",,,,215,Slippery Rock,ii,Pennsylvania State Athletic,12,"[0, 0, 6, 6]",,,,,,,
401429854,2022,5,regular,2022-10-01T18:00:00.000Z,False,True,False,True,,5873,Bulldogs Stadium,2075,Bowie State,ii,CIAA,53,"[6, 29, 15, 3]",,,,2940,Livingstone,ii,CIAA,7,"[0, 0, 7, 0]",,,,,,,
401439511,2022,5,regular,2022-10-01T18:00:00.000Z,False,True,False,True,,4428,Saxon Stadium,2385,Mercyhurst,ii,Pennsylvania State Athletic,13,"[0, 3, 0, 10]",,,,2205,Edinboro,ii,Pennsylvania State Athletic,16,"[10, 3, 0, 3]",,,,,,,
401432974,2022,5,regular,2022-10-01T18:00:00.000Z,False,True,False,True,,5780,Altra Federal Credit Union Stadium,2851,Winona State,ii,Northern Sun,38,"[0, 7, 7, 24]",,,,2844,Wayne State (NE),ii,Northern Sun,14,"[7, 7, 0, 0]",,,,,,,
401431321,2022,5,regular,2022-10-01T18:00:00.000Z,False,True,False,True,,5826,Concordia Stadium,2151,Concordia Chicago,iii,NACC,13,"[0, 6, 7, 0]",,,,101,Eureka,iii,NACC,27,"[6, 7, 7, 7]",,,,,,,
401435204,2022,5,regular,2022-10-01T18:00:00.000Z,False,True,False,True,,5120,J.J. Keller Field at Titan Stadium,271,Wisconsin Oshkosh,iii,Wisconsin,46,"[22, 14, 7, 3]",,,,272,Wisconsin Platteville,iii,Wisconsin,7,"[0, 0, 0, 7]",,,,,,,
401431097,2022,5,regular,2022-10-01T18:00:00.000Z,False,True,False,True,,6093,Holmgren Athletic Complex,75,North Park,iii,CCIW,21,"[7, 7, 7, 0]",,,,143,Washington St. Louis,iii,CCIW,56,"[28, 7, 7, 14]",,,,,,,
401431236,2022,5,regular,2022-10-01T18:00:00.000Z,False,True,False,True,,5117,Clemens Stadium,2600,Saint John's (MN),iii,Minnesota,35,"[0, 28, 7, 0]",,,,2152,Concordia (MN),iii,Minnesota,28,"[7, 0, 0, 21]",,,,,,,
401404006,2022,5,regular,2022-10-01T18:00:00.000Z,False,True,False,True,51729,587,Rice-Eccles Stadium,254,Utah,fbs,Pac-12,42,"[14, 7, 14, 7]",0.9883767366409302,1847,1886,204,Oregon State,fbs,Pac-12,16,"[7, 6, 3, 0]",0.011623263359069824,1598,1559,3.6499177050232094,,,
401415626,2022,5,regular,2022-10-01T18:30:00.000Z,False,True,True,True,3708,3715,FAU Stadium,58,South Florida,fbs,American Athletic,28,"[0, 7, 14, 7]",0.19732527822525658,1174,1167,151,East Carolina,fbs,American Athletic,48,"[14, 27, 7, 0]",0.8026747217747434,1532,1539,1.7815176289,,Moved from Raymond James Stadium due to inclement weather,
401431967,2022,5,regular,2022-10-01T18:30:00.000Z,False,True,False,True,,5134,Bearcat Stadium,138,Northwest Missouri State,ii,Mid America,16,"[0, 0, 13, 3]",,,,137,Missouri Western,ii,Mid America,3,"[0, 3, 0, 0]",,,,,,,
401435143,2022,5,regular,2022-10-01T18:30:00.000Z,False,True,False,True,,5899,"Alumni Stadium (Worcester, MA)",2749,WPI,iii,NEWMAC,14,"[7, 0, 0, 7]",,,,2383,Merchant Marine,iii,NEWMAC,41,"[7, 10, 21, 3]",,,,,,,
401421130,2022,5,regular,2022-10-01T19:00:00.000Z,False,True,False,True,,5400,William B. Greene Jr. Stadium,2193,East Tennessee State,fcs,Southern,16,"[10, 3, 0, 3]",0.5777029991149902,,,236,Chattanooga,fcs,Southern,24,"[0, 0, 3, 21]",0.42229700088500977,,,4.5141614739407,,,
401431181,2022,5,regular,2022-10-01T19:00:00.000Z,False,True,False,True,,3755,Ray and Sue Smith Stadium,2812,Hope,iii,Michigan,10,"[0, 10, 0, 0]",,,,2003,Adrian,iii,Michigan,22,"[10, 6, 6, 0]",,,,,,,
401431948,2022,5,regular,2022-10-01T19:00:00.000Z,False,True,False,True,,6067,Carnie Smith Stadium,90,Pittsburg State,ii,Mid America,38,"[14, 14, 3, 7]",,,,2403,Missouri Southern State,ii,Mid America,9,"[0, 3, 3, 3]",,,,,,,
401433081,2022,5,regular,2022-10-01T19:00:00.000Z,False,True,False,True,,5880,Elliott Field at Don Beebe Stadium,2123,Chadron State,ii,Rocky Mountain,9,"[3, 6, 0, 0]",,,,2146,Colorado School of Mines,ii,Rocky Mountain,45,"[0, 24, 14, 7]",,,,,,,
401444111,2022,5,regular,2022-10-01T19:00:00.000Z,False,True,False,True,,4763,Ranger Field,2823,Northwestern (OK),ii,Great American,7,"[0, 0, 7, 0]",,,,2888,Ouachita Baptist,ii,Great American,48,"[7, 21, 7, 13]",,,,,,,
401423441,2022,5,regular,2022-10-01T19:00:00.000Z,False,True,False,True,,3809,Louis Crews Stadium,2010,Alabama A&M,fcs,SWAC,35,"[7, 7, 14, 7]",0.9603837132453918,,,2065,Bethune-Cookman,fcs,SWAC,27,"[0, 14, 6, 7]",0.039616286754608154,,,4.370172876251673,,,
401432736,2022,5,regular,2022-10-01T19:00:00.000Z,False,True,False,False,,6138,Wilson Field,2688,Washington and Lee,iii,Old Dominion,31,"[14, 10, 7, 0]",,,,2047,Averett,iii,Old Dominion,0,"[0, 0, 0, 0]",,,,,,,
401432433,2022,5,regular,2022-10-01T19:00:00.000Z,False,True,False,True,,3638,MDU Resources Community Bowl,559,University of Mary,ii,Northern Sun,27,"[0, 6, 7, 7, 7]",,,,425,Northern State,ii,Northern Sun,26,"[7, 13, 0, 0, 6]",,,,,,,
401431460,2022,5,regular,2022-10-01T19:00:00.000Z,False,True,False,True,,5113,Ruggles Field at Carpenter-Haygood Stadium,2271,Henderson State,ii,Great American,31,"[10, 0, 7, 14]",,,,199,Southeastern Oklahoma State,ii,Great American,23,"[7, 6, 0, 10]",,,,,,,
401431844,2022,5,regular,2022-10-01T19:00:00.000Z,False,True,False,True,,3957,Tiger Stadium (AL),2695,West Alabama,ii,Gulf South,37,"[10, 3, 14, 10]",,,,2560,Shorter,ii,Gulf South,14,"[7, 0, 0, 7]",,,,,,,
401432386,2022,5,regular,2022-10-01T19:00:00.000Z,False,True,False,True,,6074,Grappone Stadium,2830,Saint Anselm,ii,Northeast 10,10,"[7, 0, 3, 0]",,,,2441,New Haven,ii,Northeast 10,21,"[14, 0, 0, 7]",,,,,,,
401431939,2022,5,regular,2022-10-01T19:00:00.000Z,False,True,False,True,,6045,Dwight T. Reed Stadium,2876,Lincoln (MO),ii,Mid America,3,"[3, 0, 0, 0]",,,,2122,Central Oklahoma,ii,Mid America,45,"[10, 21, 14, 0]",,,,,,,
401413260,2022,5,regular,2022-10-01T19:00:00.000Z,False,True,False,True,,1930,Holt Arena,304,Idaho State,fcs,Big Sky,20,"[3, 3, 0, 14]",,,,149,Montana,fcs,Big Sky,28,"[0, 21, 7, 0]",,,,,,,
401420833,2022,5,regular,2022-10-01T19:00:00.000Z,False,True,False,True,,5237,Dana J. Dykhouse Stadium,2571,South Dakota State,fcs,MVFC,34,"[10, 7, 3, 14]",0.9822068214416504,,,2710,Western Illinois,fcs,MVFC,10,"[0, 3, 0, 7]",0.01779317855834961,,,2.134443615638005,,,
401431304,2022,5,regular,2022-10-01T19:00:00.000Z,False,True,False,True,,6284,Village of Lisle-Benedictine University Sports Complex,2283,Benedictine (IL),iii,NACC,12,"[6, 3, 0, 3]",,,,2832,St. Norbert,iii,NACC,26,"[7, 0, 6, 13]",,,,,,,
401428478,2022,5,regular,2022-10-01T19:00:00.000Z,False,True,False,True,,3748,Graham Stadium,2630,UT Martin,fcs,OVC,45,"[14, 14, 10, 7]",0.9921216368675232,,,2635,Tennessee Tech,fcs,OVC,28,"[7, 7, 7, 7]",0.007878363132476807,,,4.87378382749443,,,
401432540,2022,5,regular,2022-10-01T19:00:00.000Z,False,True,False,False,,5815,Schneider Stadium,32,Carroll (WI),iii,Midwest,44,"[14, 3, 3, 15, 3, 6]",,,,2042,Augustana (IL),iii,CCIW,41,"[0, 14, 7, 14, 3, 3]",,,,,,,
401433118,2022,5,regular,2022-10-01T19:00:00.000Z,False,True,False,True,,6033,Carl Smith Stadium,2842,UVA Wise,ii,South Atlantic,10,"[0, 10, 0, 0]",,,,2331,Lenoir Rhyne,ii,South Atlantic,42,"[14, 7, 21, 0]",,,,,,,
401430732,2022,5,regular,2022-10-01T19:00:00.000Z,False,True,False,True,,5870,Thone Stadium at Buerkle Field,2033,Arkansas Tech,ii,Great American,48,"[7, 21, 3, 17]",,,,200,Southern Nazarene,ii,Great American,35,"[14, 14, 7, 0]",,,,,,,
401431452,2022,5,regular,2022-10-01T19:00:00.000Z,False,True,False,True,,5885,First Security Stadium,2264,Harding,ii,Great American,38,"[10, 14, 14, 0]",,,,319,Oklahoma Baptist,ii,Great American,23,"[0, 10, 6, 7]",,,,,,,
401432526,2022,5,regular,2022-10-01T19:00:00.000Z,False,True,False,True,,4463,Crusader Stadium,2371,Mary Hardin Baylor,iii,American Southwest,38,"[10, 21, 7, 0]",,,,2045,Austin,iii,American Southwest,7,"[7, 0, 0, 0]",,,,,,,
401430742,2022,5,regular,2022-10-01T19:00:00.000Z,False,True,False,True,,6073,Milam Stadium,2927,Southwestern Oklahoma State,ii,Great American,37,"[7, 10, 6, 14]",,,,2028,Arkansas Monticello,ii,Great American,27,"[7, 0, 7, 13]",,,,,,,
401431268,2022,5,regular,2022-10-01T19:00:00.000Z,False,True,False,True,,6084,April Zorn Memorial Stadium,2919,Monmouth (IL),iii,Midwest,62,"[28, 27, 0, 7]",,,,268,Lawrence,iii,Midwest,6,"[0, 0, 0, 6]",,,,,,,
401431481,2022,5,regular,2022-10-01T19:30:00.000Z,False,True,False,True,,5891,Wilkins Stadium,2568,Southern Arkansas,ii,Great American,22,"[6, 10, 6, 0]",,,,2191,East Central,ii,Great American,34,"[7, 13, 14, 0]",,,,,,,
401416610,2022,5,regular,2022-10-01T19:30:00.000Z,False,True,False,True,18615,3965,UB Stadium,2084,Buffalo,fbs,Mid-American,24,"[7, 7, 3, 7]",0.9236042499542236,1397,1402,193,Miami (OH),fbs,Mid-American,20,"[7, 3, 10, 0]",0.07639575004577637,1457,1452,9.031134402625336,,,
401426339,2022,5,regular,2022-10-01T19:30:00.000Z,False,True,False,False,19845,3775,Joan C. Edwards Stadium,276,Marshall,fbs,Sun Belt,28,"[7, 7, 7, 7]",0.9973594546318054,1549,1549,2241,Gardner-Webb,fcs,Big South,7,"[7, 0, 0, 0]",0.00264054536819458,,,4.660940399270829,,,
401422973,2022,5,regular,2022-10-01T19:30:00.000Z,False,True,False,True,,3704,E. J. Whitmire Stadium,2717,Western Carolina,fcs,Southern,38,"[14, 7, 10, 7]",0.9784285426139832,,,2678,VMI,fcs,Southern,17,"[7, 3, 0, 7]",0.021571457386016846,,,5.330711860571091,,,
401424430,2022,5,regular,2022-10-01T19:30:00.000Z,False,True,False,True,,3695,Delaware Stadium,48,Delaware,fcs,CAA,24,"[0, 14, 7, 3]",0.7579197883605957,,,119,Towson,fcs,CAA,10,"[0, 3, 0, 7]",0.2420802116394043,,,3.1711541759742716,,,
401405103,2022,5,regular,2022-10-01T19:30:00.000Z,False,True,False,True,30559,3665,SECU Stadium,120,Maryland,fbs,Big Ten,27,"[14, 7, 3, 3]",0.8989711403846741,1620,1647,127,Michigan State,fbs,Big Ten,13,"[7, 6, 0, 0]",0.10102885961532593,1607,1580,3.695066520597084,,,
401404151,2022,5,regular,2022-10-01T19:30:00.000Z,False,True,False,False,20952,3892,Pratt & Whitney Stadium,41,UConn,fbs,FBS Independents,19,"[3, 3, 6, 7]",1,999,1029,278,Fresno State,fbs,Mountain West,14,"[0, 7, 7, 0]",0,1517,1487,5.581046055042996,,,
401420870,2022,5,regular,2022-10-01T19:30:00.000Z,False,True,True,True,,3891,NRG Stadium,2534,Sam Houston,fcs,Western Athletic,17,"[0, 7, 3, 7]",0.6597316861152649,,,2617,Stephen F. Austin,fcs,Western Athletic,16,"[3, 10, 3, 0]",0.3402683138847351,,,6.836839391935117,,,
401422979,2022,5,regular,2022-10-01T19:30:00.000Z,False,True,False,True,,3676,Christy Mathewson-Memorial Stadium,2083,Bucknell,fcs,Patriot,14,"[0, 6, 0, 8]",0.23672303557395935,,,322,Lafayette,fcs,Patriot,24,"[0, 10, 7, 7]",0.7632769644260406,,,4.105018860411798,,,
401424367,2022,5,regular,2022-10-01T19:30:00.000Z,False,True,False,True,,3788,Kenneth P. LaValle Stadium,2619,Stony Brook,fcs,CAA,10,"[10, 0, 0, 0]",0,,,2729,William & Mary,fcs,CAA,27,"[3, 3, 7, 14]",1,,,3.9136242439873574,,,
401403902,2022,5,regular,2022-10-01T19:30:00.000Z,False,True,False,True,75579,3887,Razorback Stadium,8,Arkansas,fbs,SEC,26,"[0, 7, 16, 3]",0.08903569728136063,1663,1658,333,Alabama,fbs,SEC,49,"[14, 14, 0, 21]",0.9109643027186394,2185,2190,4.247098277715639,,,
401404083,2022,5,regular,2022-10-01T19:30:00.000Z,False,True,False,True,47979,4727,McLane Stadium,239,Baylor,fbs,Big 12,25,"[3, 0, 22, 0]",0.01783347874879837,1752,1733,197,Oklahoma State,fbs,Big 12,36,"[7, 9, 17, 3]",0.9821665212512016,1805,1824,4.509475205380493,,,
401404084,2022,5,regular,2022-10-01T19:30:00.000Z,False,True,False,True,47233,3833,Memorial Stadium,2305,Kansas,fbs,Big 12,14,"[0, 14, 0, 0]",0.9659240245819092,1349,1357,66,Iowa State,fbs,Big 12,11,"[0, 8, 3, 0]",0.03407597541809082,1790,1782,4.758475589900277,,,
401405104,2022,5,regular,2022-10-01T19:30:00.000Z,False,True,False,True,104245,3861,Ohio Stadium,194,Ohio State,fbs,Big Ten,49,"[14, 14, 14, 7]",0.9929434657096863,2132,2150,164,Rutgers,fbs,Big Ten,10,"[7, 0, 3, 0]",0.007056534290313721,1347,1329,2.5322201242510958,,,
401405105,2022,5,regular,2022-10-01T19:30:00.000Z,False,True,False,True,105524,3632,Beaver Stadium,213,Penn State,fbs,Big Ten,17,"[7, 7, 0, 3]",0.8859411478042603,1817,1804,77,Northwestern,fbs,Big Ten,7,"[0, 0, 7, 0]",0.11405885219573975,1355,1368,3.305951174429748,,,
401411127,2022,5,regular,2022-10-01T19:30:00.000Z,False,True,False,True,69749,3697,Doak Campbell Stadium,52,Florida State,fbs,ACC,21,"[7, 0, 6, 8]",0.15089662373065948,1577,1564,154,Wake Forest,fbs,ACC,31,"[7, 14, 7, 3]",0.8491033762693405,1666,1679,4.724743812108984,,,
401411128,2022,5,regular,2022-10-01T19:30:00.000Z,False,True,False,True,45029,3787,Kenan Stadium,153,North Carolina,fbs,ACC,41,"[7, 17, 17, 0]",0.9918330311775208,1559,1622,259,Virginia Tech,fbs,ACC,10,"[3, 7, 0, 0]",0.008166968822479248,1388,1325,3.260017939248286,,,
401416607,2022,5,regular,2022-10-01T19:30:00.000Z,False,True,False,True,22273,3739,Glass Bowl,2649,Toledo,fbs,Mid-American,38,"[3, 28, 0, 7]",0.9840925931930542,1473,1522,2117,Central Michigan,fbs,Mid-American,17,"[3, 0, 8, 6]",0.0159074068069458,1464,1415,2.8733684934461667,,,
401416609,2022,5,regular,2022-10-01T19:30:00.000Z,False,True,False,True,8093,3768,InfoCision Stadium,2006,Akron,fbs,Mid-American,28,"[7, 7, 7, 7]",0.09504558891057968,960,967,189,Bowling Green,fbs,Mid-American,31,"[10, 14, 0, 7]",0.9049544110894203,1155,1148,6.559590531177831,,,
401416611,2022,5,regular,2022-10-01T19:30:00.000Z,False,True,False,True,20392,3696,Dix Stadium,2309,Kent State,fbs,Mid-American,31,"[7, 0, 3, 14, 7]",0.8481449484825134,1305,1313,195,Ohio,fbs,Mid-American,24,"[0, 10, 7, 7, 0]",0.15185505151748657,1273,1265,7.864559174552134,,,
401421140,2022,5,regular,2022-10-01T19:30:00.000Z,False,True,False,False,30789,3792,Kidd Brewer Stadium,2026,App State,fbs,Sun Belt,49,"[14, 21, 7, 7]",0.9932025671005249,1633,1633,2643,The Citadel,fcs,Southern,0,"[0, 0, 0, 0]",0.006797432899475098,,,2.2908644291319544,,,
401435171,2022,5,regular,2022-10-01T20:00:00.000Z,False,True,False,True,,6153,Hanson Stadium,205,Pacific (OR),iii,Northwest,35,"[14, 7, 14, 0]",,,,2930,Willamette,iii,Northwest,0,"[0, 0, 0, 0]",,,,,,,
401438652,2022,5,regular,2022-10-01T20:00:00.000Z,False,True,False,True,,5808,Edward C. Swenson Athletic Complex,18,Bridgewater State,iii,MSCAC,82,"[28, 20, 7, 27]",,,,114,Fitchburg State,iii,MSCAC,0,"[0, 0, 0, 0]",,,,,,,
401426575,2022,5,regular,2022-10-01T20:00:00.000Z,False,True,False,True,18274,3825,DATCU Stadium,249,North Texas,fbs,Conference USA,45,"[7, 21, 14, 3]",0.9664901494979858,1272,1325,2226,Florida Atlantic,fbs,Conference USA,28,"[7, 14, 0, 7]",0.03350985050201416,1425,1372,4.037976547225656,,,
401431823,2022,5,regular,2022-10-01T20:00:00.000Z,False,True,False,True,,3731,Frost-Kalnow Stadium,2838,Tiffin,ii,Great Midwest Athletic,52,"[14, 28, 10, 0]",,,,437,Lake Erie,ii,Great Midwest Athletic,27,"[14, 7, 0, 6]",,,,,,,
401432825,2022,5,regular,2022-10-01T20:00:00.000Z,False,True,False,True,,5909,Ortmayer Stadium,2318,La Verne,iii,So. Cal.,13,"[0, 0, 0, 13]",,,,17,Claremont Mudd Scripps,iii,So. Cal.,41,"[7, 10, 17, 7]",,,,,,,
401432657,2022,5,regular,2022-10-01T20:00:00.000Z,False,True,False,True,,5920,Griswold Stadium,2333,Lewis & Clark,iii,Northwest,28,"[14, 7, 0, 7]",,,,2721,Whitworth,iii,Northwest,66,"[21, 21, 10, 14]",,,,,,,
401421096,2022,5,regular,2022-10-01T20:00:00.000Z,False,True,False,True,,716,Torero Stadium,301,San Diego,fcs,Pioneer,0,[],,,,56,Stetson,fcs,Pioneer,0,[],,,,,,,
401433100,2022,5,regular,2022-10-01T20:00:00.000Z,False,True,False,True,,4852,Neta and Eddie DeRose ThunderBowl,2570,CSU Pueblo,ii,Rocky Mountain,75,"[21, 28, 12, 14]",,,,2237,Fort Lewis,ii,Rocky Mountain,3,"[0, 3, 0, 0]",,,,,,,
401403906,2022,5,regular,2022-10-01T20:00:00.000Z,False,True,False,True,51930,3693,Davis Wade Stadium,344,Mississippi State,fbs,SEC,42,"[0, 14, 7, 21]",0.9544143080711365,1617,1667,245,Texas A&M,fbs,SEC,24,"[0, 0, 10, 14]",0.045585691928863525,1708,1658,3.6344322073264044,,,
401432364,2022,5,regular,2022-10-01T20:00:00.000Z,False,True,False,True,,5881,CAU Panther Stadium,2805,Clark Atlanta,ii,SIAC,43,"[3, 6, 14, 7, 7, 6]",,,,2657,Tuskegee,ii,SIAC,45,"[10, 3, 7, 10, 7, 8]",,,,,,,
401462216,2022,5,regular,2022-10-01T20:00:00.000Z,False,True,False,False,,3882,Provost Umphrey Stadium,2320,Lamar,fcs,Southland,34,"[0, 7, 7, 20]",0.26758530735969543,,,2277,Houston Christian,fcs,Southland,37,"[0, 24, 13, 0]",0.7324146926403046,,,5.141811795861412,,,
401431614,2022,5,regular,2022-10-01T20:05:00.000Z,False,True,False,False,,5783,McArthur Field,2848,Western Oregon,ii,Lone Star,7,"[0, 7, 0, 0]",,,,2025,Angelo State,ii,Lone Star,30,"[7, 13, 7, 3]",,,,,,,
401432648,2022,5,regular,2022-10-01T20:30:00.000Z,False,True,False,True,,5119,Maxwell Field,203,Linfield,iii,Northwest,72,"[21, 20, 24, 7]",,,,2508,Puget Sound,iii,Northwest,2,"[0, 2, 0, 0]",,,,,,,
401443325,2022,5,regular,2022-10-01T20:30:00.000Z,False,True,False,True,,5803,Bison Stadium,2062,Bethany (WV),iii,Presidents',26,"[0, 6, 14, 6]",,,,2644,Thiel,iii,Presidents',27,"[7, 7, 6, 7]",,,,,,,
401462218,2022,5,regular,2022-10-01T20:30:00.000Z,False,True,False,True,,3963,Harry Turpin Stadium,2466,Northwestern State,fcs,Southland,36,"[0, 14, 7, 15]",0.718195378780365,,,2447,Nicholls,fcs,Southland,33,"[7, 17, 3, 6]",0.281804621219635,,,10.516271904777808,,,
401418838,2022,5,regular,2022-10-01T21:00:00.000Z,False,True,False,True,,3967,UNI-Dome,2460,Northern Iowa,fcs,MVFC,20,"[7, 3, 7, 3]",0.30973368883132935,,,282,Indiana State,fcs,MVFC,14,"[0, 3, 3, 8]",0.6902663111686707,,,4.423933030083634,,,
401460498,2022,5,regular,2022-10-01T21:00:00.000Z,False,True,False,True,,5638,Dave Wolk Stadium,293,Vermont State Castleton,iii,ECFC,39,"[3, 14, 22, 0]",,,,110438,Dean,iii,ECFC,0,"[0, 0, 0, 0]",,,,,,,
401431835,2022,5,regular,2022-10-01T21:00:00.000Z,False,True,True,True,,6036,Blue Wahoos Stadium,110242,West Florida,ii,Gulf South,34,"[0, 10, 0, 24]",,,,2822,North Greenville,ii,Gulf South,31,"[7, 3, 13, 8]",,,,,,,
401411130,2022,5,regular,2022-10-01T21:00:00.000Z,False,True,False,False,33373,1964,JMA Wireless Dome,183,Syracuse,fbs,ACC,59,"[21, 28, 7, 3]",0.998971366301283,1539,1539,2681,Wagner,fcs,NEC,0,"[0, 0, 0, 0]",0.0010286336987169742,,,1.008114628,,,
401432665,2022,5,regular,2022-10-01T21:00:00.000Z,False,True,False,True,,5931,Don Drumm Stadium,317,Marietta,iii,Ohio,29,"[7, 0, 7, 15]",,,,188,Baldwin Wallace,iii,Ohio,33,"[0, 14, 6, 13]",,,,,,,
401432521,2022,5,regular,2022-10-01T21:00:00.000Z,False,True,False,True,,5996,Wilford Moore Stadium,241,McMurry,iii,American Southwest,13,"[0, 10, 0, 3]",,,,2810,Hardin Simmons,iii,American Southwest,45,"[7, 17, 7, 14]",,,,,,,
401431976,2022,5,regular,2022-10-01T21:00:00.000Z,False,True,False,True,,6034,Yager Stadium at Moore Bowl,2687,Washburn,ii,Mid America,35,"[0, 7, 7, 21]",,,,2214,Emporia State,ii,Mid America,42,"[7, 7, 21, 7]",,,,,,,
401415172,2022,5,regular,2022-10-01T21:00:00.000Z,False,True,False,True,,4765,Hillsboro Stadium,2502,Portland State,fcs,Big Sky,35,"[14, 14, 0, 7]",0.9693127870559692,,,2464,Northern Arizona,fcs,Big Sky,27,"[7, 0, 0, 20]",0.03068721294403076,,,2.6186423876770957,,,
401418633,2022,5,regular,2022-10-01T21:00:00.000Z,False,True,False,True,,3711,Estes Stadium,2110,Central Arkansas,fcs,Atlantic Sun,49,"[7, 0, 21, 21]",0.9954103827476501,,,2046,Austin Peay,fcs,Atlantic Sun,20,"[0, 6, 7, 7]",0.0045896172523498535,,,6.355607190138278,,,
401426341,2022,5,regular,2022-10-01T21:00:00.000Z,False,True,False,True,20671,3666,Cajun Field,309,Louisiana,fbs,Sun Belt,17,"[7, 0, 0, 10]",0.07844404876232147,1648,1631,6,South Alabama,fbs,Sun Belt,20,"[0, 7, 3, 10]",0.9215559512376785,1450,1467,5.885817158533371,,,
401404004,2022,5,regular,2022-10-01T21:30:00.000Z,False,True,False,True,23021,3820,Gesa Field,265,Washington State,fbs,Pac-12,28,"[0, 7, 7, 14]",0.998417317867279,1641,1674,25,California,fbs,Pac-12,9,"[0, 3, 0, 6]",0.0015826821327209473,1536,1503,4.124506177805173,,,
401431568,2022,5,regular,2022-10-01T22:00:00.000Z,False,True,False,True,,3600,Tom Adams Field,131,Wayne State (MI),ii,GLIAC,30,"[14, 7, 3, 6]",,,,128,Northern Michigan,ii,GLIAC,37,"[7, 10, 10, 10]",,,,,,,
401415188,2022,5,regular,2022-10-01T22:00:00.000Z,False,True,False,False,,3824,Meade Stadium,227,Rhode Island,fcs,CAA,38,"[17, 21, 0, 0]",0.9916619658470154,,,225,Brown,fcs,Ivy,10,"[3, 0, 0, 7]",0.00833803415298462,,,2.6415605578157244,,,
401424949,2022,5,regular,2022-10-01T22:00:00.000Z,False,True,False,True,,3650,Bragg Memorial Stadium,50,Florida A&M,fcs,SWAC,34,"[7, 7, 10, 10]",0.9306764753847941,,,2400,Mississippi Valley State,fcs,SWAC,7,"[7, 0, 0, 0]",0.06932352461520586,,,3.0285209905,,,
401404161,2022,5,regular,2022-10-01T22:00:00.000Z,False,True,False,False,18368,3918,S.B. Ballard Stadium,295,Old Dominion,fbs,Sun Belt,24,"[14, 3, 7, 0]",0.11268582195043564,1363,1351,2335,Liberty,fbs,FBS Independents,38,"[14, 7, 10, 7]",0.8873141780495644,1570,1582,6.264185527060286,,,
401431865,2022,5,regular,2022-10-01T22:00:00.000Z,False,True,False,True,,5888,University Stadium (GA),2698,West Georgia,ii,Gulf South,38,"[14, 7, 7, 10]",,,,2401,Mississippi College,ii,Gulf South,39,"[3, 7, 13, 16]",,,,,,,
401432967,2022,5,regular,2022-10-01T22:00:00.000Z,False,True,False,True,,6072,Schwan Regional Event Center,2587,Southwest Minnesota State,ii,Northern Sun,47,"[7, 27, 7, 6]",,,,389,Upper Iowa,ii,Northern Sun,7,"[0, 0, 0, 7]",,,,,,,
401432094,2022,5,regular,2022-10-01T22:00:00.000Z,False,True,False,True,,4421,Multi-Sport Performance Stadium,2017,Alderson-Broaddus,ii,Mountain East,3,"[0, 3, 0, 0]",,,,2707,West Virginia State,ii,Mountain East,30,"[0, 9, 14, 7]",,,,,,,
401432980,2022,5,regular,2022-10-01T22:00:00.000Z,False,True,False,True,,4435,Robert B. Redman Stadium,2071,Bloomsburg,ii,Pennsylvania State Athletic,21,"[7, 14, 0, 0]",,,,223,West Chester,ii,Pennsylvania State Athletic,16,"[0, 3, 0, 13]",,,,,,,
401432334,2022,5,regular,2022-10-01T22:00:00.000Z,False,True,False,True,,6217,W.C. Hawkins Stadium,2019,Allen,ii,SIAC,32,"[13, 0, 7, 12]",,,,2119,Central State,ii,SIAC,35,"[0, 14, 7, 14]",,,,,,,
401426573,2022,5,regular,2022-10-01T22:00:00.000Z,False,True,False,True,9547,4418,Jerry Richardson Stadium,2429,Charlotte,fbs,Conference USA,35,"[7, 0, 14, 14]",0.07094017416238785,1106,1111,2638,UTEP,fbs,Conference USA,41,"[7, 17, 10, 7]",0.9290598258376122,1322,1317,5.80420630676151,,,
401430673,2022,5,regular,2022-10-01T22:00:00.000Z,False,True,False,True,,3904,Rogers Stadium (VA),330,Virginia State,ii,CIAA,28,"[0, 14, 7, 7]",,,,2551,Shaw,ii,CIAA,24,"[3, 14, 7, 0]",,,,,,,
401418638,2022,5,regular,2022-10-01T22:00:00.000Z,False,True,False,False,,3908,Roy Kidd Stadium,2198,Eastern Kentucky,fcs,Atlantic Sun,35,"[7, 14, 7, 7]",0.5033532977104187,,,253,Southern Utah,fcs,Western Athletic,28,"[0, 14, 7, 7]",0.4966467022895813,,,5.440133254951631,,,
401416612,2022,5,regular,2022-10-01T22:00:00.000Z,False,True,False,False,20119,3980,Waldo Stadium,2711,Western Michigan,fbs,Mid-American,44,"[21, 7, 3, 13]",0.9889342188835144,1377,1377,160,New Hampshire,fcs,CAA,7,"[0, 7, 0, 0]",0.011065781116485596,,,2.618416223365953,,,
401428383,2022,5,regular,2022-10-01T22:00:00.000Z,False,True,False,False,,3613,Alumni Stadium,2169,Delaware State,fcs,MEAC,14,"[7, 0, 7, 0]",0.8758750557899475,,,2523,Robert Morris,fcs,Big South,9,"[3, 0, 0, 6]",0.12412494421005249,,,8.21181360611707,,,
401431492,2022,5,regular,2022-10-01T22:00:00.000Z,False,True,False,True,,6040,Key Stadium,2292,Indianapolis,ii,Great Lakes,44,"[9, 14, 7, 14]",,,,2586,Southwest Baptist,ii,Great Lakes,17,"[0, 7, 10, 0]",,,,,,,
401439520,2022,5,regular,2022-10-01T22:00:00.000Z,False,True,False,True,,6126,Bob Boozer Field,2781,Brockport,iii,Empire 8,25,"[6, 0, 7, 12]",,,,374,St. John Fisher,iii,Empire 8,0,"[0, 0, 0, 0]",,,,,,,
401433110,2022,5,regular,2022-10-01T22:00:00.000Z,False,True,False,False,,7075,Electric Supply Company Field,122666,Barton,ii,South Atlantic,13,"[7, 6, 0, 0]",,,,2839,Tusculum,ii,South Atlantic,14,"[0, 0, 7, 7]",,,,,,,
401423451,2022,5,regular,2022-10-01T23:00:00.000Z,False,True,False,True,,3631,BBVA Compass Stadium,2640,Texas Southern,fcs,SWAC,13,"[7, 0, 6, 0]",0.23432981967926025,,,2011,Alabama State,fcs,SWAC,16,"[0, 3, 3, 10]",0.7656701803207397,,,3.9998171354885597,,,
401432752,2022,5,regular,2022-10-01T23:00:00.000Z,False,True,False,True,,5814,Gesling Stadium,2102,Carnegie Mellon,iii,Presidents',0,[],,,,2849,Westminster (PA),iii,Presidents',0,[],,,,,,,
401445803,2022,5,regular,2022-10-01T23:00:00.000Z,False,True,False,True,,5689,Seaverns Field At Harold Alfond Stadium,33,Colby,iii,NESCAC,38,"[7, 7, 10, 14]",,,,121,Bates,iii,NESCAC,17,"[7, 10, 0, 0]",,,,,,,
401462217,2022,5,regular,2022-10-01T23:00:00.000Z,False,True,False,True,,3734,Gayle and Tom Benson Stadium,2916,Incarnate Word,fcs,Southland,48,"[14, 7, 7, 20]",0.9764840602874756,,,2377,McNeese,fcs,Southland,20,"[0, 10, 3, 7]",0.023515939712524414,,,3.4630119445921443,,,
401431535,2022,5,regular,2022-10-01T23:00:00.000Z,False,True,False,True,,3811,Lubbers Stadium,125,Grand Valley State,ii,GLIAC,29,"[6, 10, 6, 7]",,,,129,Saginaw Valley State,ii,GLIAC,10,"[7, 0, 3, 0]",,,,,,,
401432796,2022,5,regular,2022-10-01T23:00:00.000Z,False,True,False,True,,3871,General Charles C. Krulak Stadium,3,Birmingham-Southern,iii,Southern Athletic,24,"[10, 0, 7, 7]",,,,2757,Berry,iii,Southern Athletic,10,"[0, 10, 0, 0]",,,,,,,
401432898,2022,5,regular,2022-10-01T23:00:00.000Z,False,True,False,True,,5900,Don and Nona Williams Stadium,2744,Wisconsin Stout,iii,Wisconsin,73,"[15, 24, 14, 20]",,,,2738,Wisconsin Eau Claire,iii,Wisconsin,29,"[3, 6, 13, 7]",,,,,,,
401423926,2022,5,regular,2022-10-01T23:00:00.000Z,False,True,False,True,,3599,Ace W. Mumford Stadium,2582,Southern,fcs,SWAC,59,"[7, 35, 14, 3]",0.9988066484337036,,,2029,Arkansas-Pine Bluff,fcs,SWAC,3,"[3, 0, 0, 0]",0.0011933515662964078,,,2.0079297832,,,
401431826,2022,5,regular,2022-10-01T23:00:00.000Z,False,True,False,True,,5935,Parker Field at McCool Stadium,2170,Delta State,ii,Gulf South,70,"[14, 28, 21, 7]",,,,2673,Valdosta State,ii,Gulf South,31,"[3, 14, 0, 14]",,,,,,,
401431554,2022,5,regular,2022-10-01T23:00:00.000Z,False,True,False,False,,3770,Jack Miller Stadium,308,Ashland,ii,Great Midwest Athletic,56,"[14, 14, 14, 14]",,,,2886,Northwood,ii,Great Midwest Athletic,17,"[0, 7, 3, 7]",,,,,,,
401431581,2022,5,regular,2022-10-01T23:00:00.000Z,False,True,False,True,,5263,Steele Stadium,2316,Kentucky Wesleyan,ii,Great Midwest Athletic,31,"[10, 7, 0, 14]",,,,2273,Hillsdale,ii,Great Midwest Athletic,27,"[7, 14, 0, 6]",,,,,,,
401435487,2022,5,regular,2022-10-01T23:00:00.000Z,False,True,False,True,,3603,Aggie Stadium,2448,North Carolina A&T,fcs,Big South,24,"[14, 0, 3, 7]",0.9832954406738281,,,2803,Bryant,fcs,Big South,13,"[0, 3, 10, 0]",0.016704559326171875,,,3.5528014166390336,,,
401431087,2022,5,regular,2022-10-01T23:00:00.000Z,False,True,False,True,,980,Benedetti-Wehrli Stadium,3071,North Central College,iii,CCIW,33,"[14, 6, 0, 13]",,,,396,Wheaton (IL),iii,CCIW,0,"[0, 0, 6, 14]",,,,,,,
401425419,2022,5,regular,2022-10-01T23:00:00.000Z,False,True,True,True,,499,Cotton Bowl,2755,Grambling,fcs,SWAC,14,"[0, 0, 14, 0]",0.12654556334018707,,,2504,Prairie View A&M,fcs,SWAC,34,"[7, 20, 0, 7]",0.8734544366598129,,,3.4393352184941577,,,
401431018,2022,5,regular,2022-10-01T23:00:00.000Z,False,True,False,True,,5838,Ornelas Stadium,2194,East Texas Baptist,iii,American Southwest,27,"[13, 0, 7, 7]",,,,2588,Southwestern U,iii,American Southwest,17,"[7, 3, 7, 0]",,,,,,,
401426578,2022,5,regular,2022-10-01T23:00:00.000Z,False,True,False,False,20168,3796,Houchens Industries-L.T. Smith Stadium,98,Western Kentucky,fbs,Conference USA,27,"[7, 10, 3, 7]",0.017622873187065125,1844,1789,2653,Troy,fbs,Sun Belt,34,"[10, 3, 7, 14]",0.9823771268129349,1372,1427,5.823637550942869,,,
401426340,2022,5,regular,2022-10-01T23:00:00.000Z,False,True,False,True,18172,3625,Centennial Bank Stadium,2032,Arkansas State,fbs,Sun Belt,45,"[10, 14, 14, 7]",1,1246,1271,2433,UL Monroe,fbs,Sun Belt,28,"[7, 7, 7, 7]",0,1115,1090,3.9593600474627886,,,
401403903,2022,5,regular,2022-10-01T23:00:00.000Z,False,True,False,True,87451,3785,Jordan-Hare Stadium,2,Auburn,fbs,SEC,17,"[7, 10, 0, 0]",0.5605270266532898,1559,1558,99,LSU,fbs,SEC,21,"[0, 14, 7, 0]",0.4394729733467102,1643,1644,5.650398184523114,,,
401426337,2022,5,regular,2022-10-01T23:00:00.000Z,False,True,False,True,18756,3654,Brooks Stadium (SC),324,Coastal Carolina,fbs,Sun Belt,34,"[7, 0, 7, 20]",0.9892002940177917,1676,1671,290,Georgia Southern,fbs,Sun Belt,30,"[0, 7, 10, 13]",0.010799705982208252,1398,1403,7.814557590033099,,,
401435349,2022,5,regular,2022-10-01T23:00:00.000Z,False,True,False,True,,5834,Deeds Field-Piper Stadium,2171,Denison,iii,North Coast,13,"[0, 6, 7, 0]",,,,83,DePauw,iii,North Coast,17,"[7, 3, 7, 0]",,,,,,,
401415627,2022,5,regular,2022-10-01T23:00:00.000Z,False,True,False,True,21111,3674,Chapman Stadium,202,Tulsa,fbs,American Athletic,21,"[7, 7, 7, 0]",0.06174497678875923,1502,1506,2132,Cincinnati,fbs,American Athletic,31,"[14, 10, 7, 0]",0.9382550232112408,1801,1797,5.270743698254111,,,
401421123,2022,5,regular,2022-10-01T23:00:00.000Z,False,True,False,False,,3944,Strawberry Stadium,2545,SE Louisiana,fcs,Southland,48,"[7, 10, 3, 28]",0.7635936141014099,,,93,Murray State,fcs,OVC,14,"[0, 7, 7, 0]",0.2364063858985901,,,3.310167619728448,,,
401426577,2022,5,regular,2022-10-01T23:30:00.000Z,False,True,False,True,21926,3895,Rice Stadium,242,Rice,fbs,Conference USA,28,"[7, 0, 14, 7]",0.4357900023460388,1211,1225,5,UAB,fbs,Conference USA,24,"[7, 10, 7, 0]",0.5642099976539612,1556,1542,5.667591814564622,,,
401411125,2022,5,regular,2022-10-01T23:30:00.000Z,False,True,False,True,81500,3836,"Memorial Stadium (Clemson, SC)",228,Clemson,fbs,ACC,30,"[3, 10, 7, 10]",0.9902700781822205,1809,1816,152,NC State,fbs,ACC,20,"[3, 7, 3, 7]",0.009729921817779541,1659,1652,4.432600926064095,,,
401411126,2022,5,regular,2022-10-01T23:30:00.000Z,False,True,False,True,15152,3982,Wallace Wade Stadium,150,Duke,fbs,ACC,38,"[14, 7, 7, 10]",0.9969214200973511,1261,1336,258,Virginia,fbs,ACC,17,"[0, 7, 3, 7]",0.0030785799026489258,1481,1406,2.250699132273021,,,
401404087,2022,5,regular,2022-10-01T23:30:00.000Z,False,True,False,True,100740,3910,DKR-Texas Memorial Stadium,251,Texas,fbs,Big 12,38,"[14, 14, 7, 3]",0.9893155097961426,1742,1759,277,West Virginia,fbs,Big 12,20,"[0, 7, 0, 13]",0.010684490203857422,1493,1476,2.28395963872311,,,
401415230,2022,5,regular,2022-10-01T23:30:00.000Z,False,True,False,True,17765,3984,War Memorial Stadium,2751,Wyoming,fbs,Mountain West,16,"[3, 7, 6, 0]",0.05670841783285141,1405,1367,23,San José State,fbs,Mountain West,33,"[2, 17, 7, 7]",0.9432915821671486,1430,1468,5.218254320223005,,,
401405102,2022,5,regular,2022-10-01T23:30:00.000Z,False,True,False,True,86804,3834,"Memorial Stadium (Lincoln, NE)",158,Nebraska,fbs,Big Ten,35,"[7, 14, 0, 14]",1,1523,1536,84,Indiana,fbs,Big Ten,21,"[0, 21, 0, 0]",0,1336,1323,5.635728485329588,,,
401403907,2022,5,regular,2022-10-01T23:30:00.000Z,False,True,False,True,58165,3838,Memorial Stadium,142,Missouri,fbs,SEC,22,"[3, 13, 3, 3]",0.19929364323616028,1411,1443,61,Georgia,fbs,SEC,26,"[0, 6, 6, 14]",0.8007063567638397,2090,2058,4.818980944780097,,,
401418830,2022,5,regular,2022-10-01T23:30:00.000Z,False,True,False,True,,3744,Hancock Stadium,2287,Illinois State,fcs,MVFC,14,"[0, 0, 7, 7]",0,,,79,Southern Illinois,fcs,MVFC,19,"[0, 19, 0, 0]",1,,,4.481464915391521,,,
401431512,2022,5,regular,2022-10-02T00:00:00.000Z,False,True,False,True,,3609,Allgood-Bailey Stadium,2402,Missouri S&T,ii,Great Lakes,31,"[3, 11, 10, 7]",,,,2825,Quincy,ii,Great Lakes,24,"[7, 14, 3, 0]",,,,,,,
401431896,2022,5,regular,2022-10-02T00:00:00.000Z,False,True,False,True,,3633,Ben Altamirano Field,2703,Western New Mexico,ii,Lone Star,30,"[7, 10, 7, 0, 6]",,,,2395,Midwestern State,ii,Lone Star,27,"[7, 7, 7, 3, 3]",,,,,,,
401431930,2022,5,regular,2022-10-02T00:00:00.000Z,False,True,False,True,,6057,Ron & Carol Cope Stadium at Foster Field,2438,Nebraska Kearney,ii,Mid America,38,"[7, 7, 7, 17]",,,,2231,Fort Hays,ii,Mid America,20,"[7, 0, 6, 7]",,,,,,,
401413227,2022,5,regular,2022-10-02T00:00:00.000Z,False,True,False,True,,1027,Alex G. Spanos Stadium,13,Cal Poly,fcs,Big Sky,21,"[0, 0, 7, 14]",0.0015413308206459447,,,16,Sacramento State,fcs,Big Sky,49,"[7, 14, 14, 14]",0.9984586691793541,,,0.7883391624,,,
401431023,2022,5,regular,2022-10-02T00:00:00.000Z,False,True,True,False,,,,123086,North American,,,17,"[0, 3, 7, 7]",,,,2639,Texas Lutheran,iii,American Southwest,45,"[21, 7, 7, 10]",,,,,,,
401431594,2022,5,regular,2022-10-02T00:00:00.000Z,False,True,False,False,,5938,Al Whitehead Field at Greyhound Stadium,2201,Eastern New Mexico,ii,Lone Star,17,"[0, 10, 0, 7]",,,,2120,Central Washington,ii,Lone Star,45,"[14, 14, 7, 10]",,,,,,,
401433074,2022,5,regular,2022-10-02T00:00:00.000Z,False,True,False,True,,3860,O'Harra Stadium,613,South Dakota Mines,ii,Rocky Mountain,17,"[7, 3, 0, 7]",,,,2069,Black Hills State,ii,Rocky Mountain,24,"[0, 10, 7, 7]",,,,,,Black Hills Brawl,
401426574,2022,5,regular,2022-10-02T00:00:00.000Z,False,True,False,False,10423,3601,Aggie Memorial Stadium,166,New Mexico State,fbs,FBS Independents,7,"[0, 7, 0, 0]",0.011435925029218197,1093,1040,2229,Florida International,fbs,Conference USA,21,"[7, 14, 0, 0]",0.9885640749707818,890,943,3.6658032241464547,,,
401411129,2022,5,regular,2022-10-02T00:00:00.000Z,False,True,False,True,46972,3752,Acrisure Stadium,221,Pittsburgh,fbs,ACC,21,"[0, 7, 0, 14]",0.34311819076538086,1695,1650,59,Georgia Tech,fbs,ACC,26,"[3, 3, 3, 17]",0.6568818092346191,1235,1280,6.643223628636267,,,
401431908,2022,5,regular,2022-10-02T00:00:00.000Z,False,True,False,True,,5884,Buffalo Stadium,2704,West Texas,ii,Lone Star,28,"[9, 7, 3, 9]",,,,110243,UT Permian Basin,ii,Lone Star,27,"[0, 14, 10, 3]",,,,,,,
401433089,2022,5,regular,2022-10-02T00:00:00.000Z,False,True,False,True,,5882,Ralph Stocker Stadium,11,Colorado Mesa,ii,Rocky Mountain,34,"[0, 14, 7, 10, 3, 0]",,,,2714,Western Colorado,ii,Rocky Mountain,42,"[14, 14, 0, 3, 3, 8]",,,,,,,
401418785,2022,5,regular,2022-10-02T01:00:00.000Z,False,True,False,True,,3745,Greater Zion Stadium,3101,Utah Tech,fcs,Western Athletic,10,"[3, 7, 0, 0]",0.2334633320569992,,,2000,Abilene Christian,fcs,Western Athletic,26,"[0, 6, 7, 13]",0.7665366679430008,,,6.439519934054005,,,
401431603,2022,5,regular,2022-10-02T01:00:00.000Z,False,True,True,False,,7365,Blaine High School,2829,Simon Fraser,ii,Lone Star,7,"[0, 0, 7, 0]",,,,2658,Texas A&M-Kingsville,ii,Lone Star,35,"[21, 7, 0, 7]",,,,,,,
401413248,2022,5,regular,2022-10-02T01:00:00.000Z,False,True,False,True,,3791,Kibbie Dome,70,Idaho,fcs,Big Sky,55,"[10, 14, 21, 10]",0.9677773714065552,,,2458,Northern Colorado,fcs,Big Sky,35,"[6, 14, 8, 7]",0.032222628593444824,,,4.732811698310702,,,
401433063,2022,5,regular,2022-10-02T01:00:00.000Z,False,True,False,True,,5866,Rex Stadium,2001,Adams State,ii,Rocky Mountain,21,"[0, 7, 7, 7]",,,,2424,New Mexico Highlands,ii,Rocky Mountain,23,"[13, 3, 7, 0]",,,,,,,
401404002,2022,5,regular,2022-10-02T01:30:00.000Z,False,True,False,True,36591,3619,Arizona Stadium,12,Arizona,fbs,Pac-12,43,"[13, 13, 10, 7]",0.9952825307846069,1319,1361,38,Colorado,fbs,Pac-12,20,"[7, 6, 7, 0]",0.004717469215393066,1189,1147,5.823946640987301,,,
401439550,2022,5,regular,2022-10-02T02:00:00.000Z,False,True,False,True,,6147,"Memorial Stadium (Whittier, CA)",2850,Whittier,iii,So. Cal.,0,"[0, 0, 0, 0]",,,,2094,Cal Lutheran,iii,So. Cal.,45,"[16, 8, 14, 7]",,,,,,,
401461978,2022,5,regular,2022-10-02T02:00:00.000Z,False,True,False,True,,5819,Ernie Chapman Stadium,411,Chapman,iii,So. Cal.,17,"[3, 7, 7, 0]",,,,2923,Pomona Pitzer,iii,So. Cal.,31,"[7, 14, 7, 3]",,,,,,,
401413342,2022,5,regular,2022-10-02T02:15:00.000Z,False,True,False,True,,3643,Bobcat Stadium,147,Montana State,fcs,Big Sky,41,"[7, 17, 14, 3]",1,,,302,UC Davis,fcs,Big Sky,24,"[10, 3, 11, 0]",0,,,7.676756445134427,,,
401404003,2022,5,regular,2022-10-02T02:30:00.000Z,False,True,False,True,62133,477,Los Angeles Memorial Coliseum,30,USC,fbs,Pac-12,42,"[14, 7, 7, 14]",0.9765134453773499,1686,1708,9,Arizona State,fbs,Pac-12,25,"[7, 10, 0, 8]",0.023486554622650146,1527,1505,4.0114153982608745,,,
401404005,2022,5,regular,2022-10-02T03:00:00.000Z,False,True,False,True,52218,3626,Autzen Stadium,2483,Oregon,fbs,Pac-12,45,"[10, 21, 7, 7]",0.9589943289756775,1567,1585,24,Stanford,fbs,Pac-12,27,"[0, 3, 14, 10]",0.04100567102432251,1333,1315,3.540482397875601,,,
401403904,2022,5,regular,2022-10-02T16:00:00.000Z,False,True,False,False,72462,3634,Ben Hill Griffin Stadium,57,Florida,fbs,SEC,52,"[14, 21, 10, 7]",0.9879109859466553,1568,1568,331,Eastern Washington,fcs,Big Sky,17,"[3, 0, 0, 14]",0.012089014053344727,,,2.79504152516495,,Moved from Oct 1,
401432348,2022,5,regular,2022-10-02T18:00:00.000Z,False,True,False,True,,3705,Earl Kitchings Stadium,2206,Edward Waters,ii,SIAC,49,"[14, 14, 14, 7]",,,,60,Morehouse,ii,SIAC,20,"[0, 7, 13, 0]",,,,,,,
401441333,2022,5,regular,2022-10-02T19:00:00.000Z,False,True,False,True,,3952,Ted Wright Stadium,2542,Savannah State,ii,SIAC,13,"[0, 6, 7, 0]",,,,2310,Kentucky State,ii,SIAC,28,"[7, 14, 7, 0]",,,,,,,
401415629,2022,6,regular,2022-10-05T23:00:00.000Z,False,True,False,True,27495,3652,FBC Mortgage Stadium,2116,UCF,fbs,American Athletic,41,"[3, 7, 14, 17]",0.9909791350364685,1618,1672,2567,SMU,fbs,American Athletic,19,"[7, 6, 0, 6]",0.009020864963531494,1628,1574,5.053760412531191,,Moved from Oct 1,
401431164,2022,6,regular,2022-10-06T23:00:00.000Z,False,True,False,True,,5940,Clean Harbors Stadium,110,Mass Maritime,iii,MSCAC,14,"[0, 0, 14, 0]",,,,379,UMass Dartmouth,iii,MSCAC,28,"[7, 14, 7, 0]",,,,,,,
401432095,2022,6,regular,2022-10-06T23:00:00.000Z,False,True,False,True,,4421,Multi-Sport Performance Stadium,2017,Alderson-Broaddus,ii,Mountain East,7,"[0, 7, 0, 0]",,,,2986,Fairmont State,ii,Mountain East,51,"[28, 9, 14, 0]",,,,,,,
401431962,2022,6,regular,2022-10-07T00:00:00.000Z,False,True,False,True,,5878,Wantland Stadium,2122,Central Oklahoma,ii,Mid America,55,"[24, 28, 3, 0]",,,,196,Northeastern State,ii,Mid America,6,"[0, 0, 0, 6]",,,,,,,
401405111,2022,6,regular,2022-10-07T23:00:00.000Z,False,True,False,True,53752,6577,SHI Stadium,164,Rutgers,fbs,Big Ten,13,"[10, 3, 0, 0]",0.6033892631530762,1329,1337,158,Nebraska,fbs,Big Ten,14,"[0, 0, 7, 7]",0.39661073684692383,1536,1528,4.778680632643973,,,
401415407,2022,6,regular,2022-10-07T23:00:00.000Z,False,True,False,True,,3921,Schoellkopf Field,172,Cornell,fcs,Ivy,28,"[7, 0, 7, 14]",0.8360598683357239,,,108,Harvard,fcs,Ivy,35,"[0, 13, 7, 15]",0.16394013166427612,,,3.810332112720396,,,
401415630,2022,6,regular,2022-10-07T23:30:00.000Z,False,True,False,True,28126,3805,Simmons Bank Liberty Stadium,235,Memphis,fbs,American Athletic,32,"[14, 3, 3, 12]",0.1842173933982849,1506,1505,248,Houston,fbs,American Athletic,33,"[0, 7, 0, 26]",0.8157826066017151,1514,1515,5.4112372632733985,,,
401415233,2022,6,regular,2022-10-08T02:30:00.000Z,False,True,False,True,18255,3816,Mackay Stadium,2440,Nevada,fbs,Mountain West,14,"[0, 7, 0, 7]",0.41048166155815125,1467,1448,36,Colorado State,fbs,Mountain West,17,"[14, 0, 0, 3]",0.5895183384418488,1246,1265,5.852481217534625,,,
401415236,2022,6,regular,2022-10-08T02:30:00.000Z,False,True,False,True,16669,3935,CEFCU Stadium,23,San José State,fbs,Mountain West,40,"[7, 16, 10, 7]",0.987175464630127,1468,1553,2439,UNLV,fbs,Mountain West,7,"[0, 0, 7, 0]",0.012824535369873047,1424,1339,2.05042154622476,,,
401404090,2022,6,regular,2022-10-08T16:00:00.000Z,False,True,True,True,92100,499,Cotton Bowl,201,Oklahoma,fbs,Big 12,0,"[0, 0, 0, 0]",0.014548488892614841,1721,1582,251,Texas,fbs,Big 12,49,"[7, 21, 14, 7]",0.9854515111073852,1759,1898,2.378093891475604,,,
401432992,2022,6,regular,2022-10-08T16:00:00.000Z,False,True,False,True,,4436,Adamson Stadium,2858,California (PA),ii,Pennsylvania State Athletic,21,"[7, 0, 14, 0]",,,,2291,IU Pennsylvania,ii,Pennsylvania State Athletic,22,"[3, 0, 7, 12]",,,,,,,
401403910,2022,6,regular,2022-10-08T16:00:00.000Z,False,True,False,True,88471,3634,Ben Hill Griffin Stadium,57,Florida,fbs,SEC,24,"[10, 0, 7, 7]",0.7664141058921814,1569,1572,142,Missouri,fbs,SEC,17,"[0, 10, 0, 7]",0.2335858941078186,1443,1440,4.3159651252726094,,,
401416617,2022,6,regular,2022-10-08T16:00:00.000Z,False,True,False,True,8724,3700,Doyt L. Perry Stadium,189,Bowling Green,fbs,Mid-American,7,"[0, 0, 7, 0]",0.00573419313877821,1148,1092,2084,Buffalo,fbs,Mid-American,38,"[17, 14, 7, 0]",0.9942658068612218,1402,1458,2.752795325334606,,,
401405108,2022,6,regular,2022-10-08T16:00:00.000Z,False,True,False,True,50805,3830,"Memorial Stadium (Bloomington, IN)",84,Indiana,fbs,Big Ten,10,"[7, 3, 0, 0]",0.01666112430393696,1323,1337,130,Michigan,fbs,Big Ten,31,"[10, 0, 7, 14]",0.983338875696063,2013,1999,5.301343363339425,,,
401432115,2022,6,regular,2022-10-08T16:00:00.000Z,False,True,False,True,,5886,West Family Stadium,2699,West Liberty,ii,Mountain East,28,"[0, 21, 0, 7]",,,,2148,Concord,ii,Mountain East,45,"[14, 7, 3, 21]",,,,,,,
401438611,2022,6,regular,2022-10-08T16:00:00.000Z,False,True,False,True,,3709,Hempstead Stadium,452,Endicott,iii,Commonwealth Coast,52,"[21, 9, 15, 7]",,,,2884,Nichols,iii,Commonwealth Coast,7,"[7, 0, 0, 0]",,,,,,,
401404089,2022,6,regular,2022-10-08T16:00:00.000Z,False,True,False,True,47233,3833,Memorial Stadium,2305,Kansas,fbs,Big 12,31,"[0, 3, 21, 7]",0.08836402744054794,1357,1366,2628,TCU,fbs,Big 12,38,"[3, 7, 21, 7]",0.9116359725594521,1656,1647,8.194525902219036,,,
401439536,2022,6,regular,2022-10-08T16:00:00.000Z,False,True,False,True,,5907,McCarthy Stadium (Wilkes Barre),247,King's,iii,Mid Atlantic,20,"[0, 10, 0, 10]",,,,471,Stevenson,iii,Mid Atlantic,7,"[0, 7, 0, 0]",,,,,,,
401403914,2022,6,regular,2022-10-08T16:00:00.000Z,False,True,False,True,57849,3693,Davis Wade Stadium,344,Mississippi State,fbs,SEC,40,"[14, 7, 13, 6]",0.9668291211128235,1667,1722,8,Arkansas,fbs,SEC,17,"[0, 10, 7, 0]",0.033170878887176514,1658,1603,2.6927840201952953,,,
401444122,2022,6,regular,2022-10-08T16:00:00.000Z,False,True,False,True,,5791,Turf Field,111674,Alvernia,iii,Mid Atlantic,14,"[0, 7, 0, 7]",,,,398,Wilkes,iii,Mid Atlantic,35,"[7, 7, 7, 14]",,,,,,,
401444593,2022,6,regular,2022-10-08T16:00:00.000Z,False,True,False,True,,5808,Edward C. Swenson Athletic Complex,18,Bridgewater State,iii,MSCAC,45,"[14, 3, 21, 7]",,,,402,Worcester State,iii,MSCAC,0,"[0, 0, 0, 0]",,,,,,,
401418606,2022,6,regular,2022-10-08T16:00:00.000Z,False,True,False,True,,3997,Yale Bowl,43,Yale,fcs,Ivy,24,"[0, 10, 14, 0]",0.9981629252433777,,,159,Dartmouth,fcs,Ivy,21,"[7, 0, 0, 14]",0.0018370747566223145,,,4.20061542577108,,,
401433033,2022,6,regular,2022-10-08T16:00:00.000Z,False,True,False,True,,4431,Chryst Field at Biemesderfer Stadium,210,Millersville,ii,Pennsylvania State Athletic,20,"[7, 10, 3, 0]",,,,2188,East Stroudsburg,ii,Pennsylvania State Athletic,14,"[0, 0, 7, 7]",,,,,,,
401445800,2022,6,regular,2022-10-08T16:00:00.000Z,False,True,False,True,,3769,Jack Britt Memorial Stadium,437,Lake Erie,ii,Great Midwest Athletic,7,"[0, 7, 0, 0]",,,,2477,Ohio Dominican,ii,Great Midwest Athletic,38,"[10, 7, 0, 21]",,,,,,,
401432546,2022,6,regular,2022-10-08T16:00:00.000Z,False,True,False,True,,5848,Hotchkiss Field,417,Gallaudet,iii,ECFC,20,"[0, 3, 10, 7]",,,,293,Vermont State Castleton,iii,ECFC,17,"[7, 0, 3, 7]",,,,,,,
401431573,2022,6,regular,2022-10-08T16:00:00.000Z,False,True,False,True,,3718,Tom Benson Hall of Fame Stadium,2682,Walsh,ii,Great Midwest Athletic,0,"[0, 0, 0, 0]",,,,308,Ashland,ii,Great Midwest Athletic,35,"[28, 7, 0, 0]",,,,,,,
401431190,2022,6,regular,2022-10-08T16:00:00.000Z,False,True,False,True,,5786,Sprankle-Sprandel Stadium,2790,Albion,iii,Michigan,30,"[13, 7, 10, 0]",,,,2812,Hope,iii,Michigan,10,"[0, 3, 0, 7]",,,,,,,
401432104,2022,6,regular,2022-10-08T16:00:00.000Z,False,True,False,True,,5121,University of Charleston Stadium,2128,Charleston (WV),ii,Mountain East,41,"[14, 3, 7, 17]",,,,2249,Glenville State,ii,Mountain East,34,"[7, 6, 7, 14]",,,,,,,
401423001,2022,6,regular,2022-10-08T16:00:00.000Z,False,True,False,True,,3741,Goodman Stadium,2329,Lehigh,fcs,Patriot,28,"[14, 7, 0, 7]",,,,2230,Fordham,fcs,Patriot,40,"[14, 3, 17, 6]",,,,,,,
401432149,2022,6,regular,2022-10-08T16:00:00.000Z,False,True,False,True,,6212,Bishop Schmitt Field,112335,Wheeling,ii,Mountain East,16,"[13, 3, 0, 0]",,,,2882,UNC Pembroke,ii,Mountain East,17,"[0, 10, 0, 7]",,,,,,,
401416614,2022,6,regular,2022-10-08T16:00:00.000Z,False,True,False,True,10876,3980,Waldo Stadium,2711,Western Michigan,fbs,Mid-American,23,"[0, 7, 9, 7]",0.0006575762576097063,1366,1304,2199,Eastern Michigan,fbs,Mid-American,45,"[14, 21, 7, 3]",0.9993424237423902,1320,1382,4.7638886418,,,
401421105,2022,6,regular,2022-10-08T16:00:00.000Z,False,True,False,True,,3627,Bailey Memorial Stadium,2506,Presbyterian,fcs,Pioneer,21,"[7, 14, 0, 0]",0,,,2674,Valparaiso,fcs,Pioneer,41,"[7, 7, 7, 20]",1,,,6.137956036627962,,,
401432387,2022,6,regular,2022-10-08T16:00:00.000Z,False,True,False,True,,5876,Bentley University Football Stadium,2060,Bentley,ii,Northeast 10,38,"[7, 17, 7, 7]",,,,2830,Saint Anselm,ii,Northeast 10,7,"[0, 0, 0, 7]",,,,,,,
401432981,2022,6,regular,2022-10-08T16:00:00.000Z,False,True,False,True,,4432,Andre Reed Stadium,2315,Kutztown,ii,Pennsylvania State Athletic,24,"[7, 7, 10, 0]",,,,2071,Bloomsburg,ii,Pennsylvania State Athletic,0,"[0, 0, 0, 0]",,,,,,,
401433401,2022,6,regular,2022-10-08T16:00:00.000Z,False,True,False,True,,5810,Coyer Field,2085,Buffalo State,iii,Liberty League,14,"[0, 7, 0, 7]",,,,2528,Rensselaer,iii,Liberty League,42,"[14, 0, 14, 14]",,,,,,,
401405109,2022,6,regular,2022-10-08T16:00:00.000Z,False,True,False,True,36204,3665,SECU Stadium,120,Maryland,fbs,Big Ten,29,"[7, 10, 0, 12]",0.6472108960151672,1647,1645,2509,Purdue,fbs,Big Ten,31,"[3, 14, 0, 14]",0.35278910398483276,1666,1668,7.249629632244989,,,
401431536,2022,6,regular,2022-10-08T16:00:00.000Z,False,True,False,False,,5868,Ronald J. Abdow Field,2022,American International,ii,Northeast 10,3,"[3, 0, 0, 0]",,,,125,Grand Valley State,ii,GLIAC,45,"[14, 21, 7, 3]",,,,,,,
401428201,2022,6,regular,2022-10-08T16:00:00.000Z,False,True,False,True,,3777,Joe Walton Stadium,2523,Robert Morris,fcs,Big South,0,"[0, 0, 0, 0]",0,,,2241,Gardner-Webb,fcs,Big South,48,"[7, 13, 14, 14]",1,,,2.877760716424958,,,
401438637,2022,6,regular,2022-10-08T16:00:00.000Z,False,True,False,True,,5842,Robert T. Shields Field,2221,FDU Florham,iii,Mid Atlantic,30,"[7, 10, 7, 6]",,,,2725,Widener,iii,Mid Atlantic,17,"[7, 7, 0, 3]",,,,,,,
401403913,2022,6,regular,2022-10-08T16:00:00.000Z,False,True,False,True,102321,3958,Tiger Stadium (LA),99,LSU,fbs,SEC,13,"[0, 7, 0, 6]",0.004979658871889114,1644,1593,2633,Tennessee,fbs,SEC,40,"[13, 10, 14, 3]",0.9950203411281109,1830,1881,3.634893754256527,,,
401411136,2022,6,regular,2022-10-08T16:00:00.000Z,False,True,False,True,38009,3923,Scott Stadium,258,Virginia,fbs,ACC,17,"[10, 0, 7, 0]",0.07364781945943832,1406,1382,97,Louisville,fbs,ACC,34,"[0, 13, 14, 7]",0.9263521805405617,1568,1592,4.892746219068443,,,
401439559,2022,6,regular,2022-10-08T16:00:00.000Z,False,True,False,True,,5852,Jamieson Stadium,2256,Greensboro,iii,USA South,38,"[14, 21, 3, 0]",,,,2896,Southern Virginia,iii,USA South,28,"[7, 0, 7, 14]",,,,,,,
401431154,2022,6,regular,2022-10-08T16:00:00.000Z,False,True,False,True,,5833,Robert A. Lipinski Field at James Work Memorial Stadium,2808,Delaware Valley,iii,Mid Atlantic,21,"[0, 7, 7, 7]",,,,2354,Lycoming,iii,Mid Atlantic,0,"[0, 0, 0, 0]",,,,,,,
401435144,2022,6,regular,2022-10-08T16:00:00.000Z,False,True,False,True,,5997,Brooks Stadium (NY),2383,Merchant Marine,iii,NEWMAC,19,"[0, 17, 0, 2]",,,,2467,Norwich,iii,NEWMAC,7,"[0, 0, 7, 0]",,,,,,,
401433026,2022,6,regular,2022-10-08T16:00:00.000Z,False,True,False,True,,5133,Ram Stadium (WV),2974,Shepherd,ii,Pennsylvania State Athletic,72,"[20, 28, 14, 10]",,,,209,Lock Haven,ii,Pennsylvania State Athletic,7,"[0, 0, 0, 7]",,,,,,,
401438653,2022,6,regular,2022-10-08T16:00:00.000Z,False,True,False,True,,3819,Bowditch Field,2967,Framingham State,iii,MSCAC,47,"[14, 26, 7, 0]",,,,114,Fitchburg State,iii,MSCAC,0,"[0, 0, 0, 0]",,,,,,,
401422990,2022,6,regular,2022-10-08T16:30:00.000Z,False,True,False,False,,3721,Fisher Field,322,Lafayette,fcs,Patriot,2,"[0, 2, 0, 0]",0.014556833542883396,,,163,Princeton,fcs,Ivy,23,"[7, 13, 3, 0]",0.9854431664571166,,,2.6999151803993167,,,
401430984,2022,6,regular,2022-10-08T17:00:00.000Z,False,True,False,True,,5817,Ron and Joyce Schipper Stadium,2964,Central College,iii,American Rivers,28,"[0, 0, 7, 21]",,,,2685,Wartburg,iii,American Rivers,35,"[7, 3, 3, 22]",,,,,,,
401438625,2022,6,regular,2022-10-08T17:00:00.000Z,False,True,False,True,,3889,Reinhart Field,2951,SUNY Maritime,iii,ECFC,27,"[7, 6, 7, 7]",,,,15,Anna Maria College,iii,ECFC,41,"[13, 13, 8, 7]",,,,,,,
401431055,2022,6,regular,2022-10-08T17:00:00.000Z,False,True,False,True,,3995,Dr. John W. Winkin Sports Complex,2280,Husson,iii,Commonwealth Coast,31,"[7, 3, 7, 14]",,,,111675,New England,iii,Commonwealth Coast,14,"[7, 0, 0, 7]",,,,,,,
401435119,2022,6,regular,2022-10-08T17:00:00.000Z,False,True,False,True,,3640,Blackstock Stadium,83,DePauw,iii,North Coast,7,"[7, 0, 0, 0]",,,,2746,Wittenberg,iii,North Coast,30,"[7, 7, 16, 0]",,,,,,,
401437188,2022,6,regular,2022-10-08T17:00:00.000Z,False,True,False,True,,6058,Ralph F. DellaCamera Stadium,2441,New Haven,ii,Northeast 10,35,"[14, 7, 7, 7]",,,,2487,Pace,ii,Northeast 10,7,"[0, 0, 0, 7]",,,,,,,
401432122,2022,6,regular,2022-10-08T17:00:00.000Z,False,True,False,True,,3642,Bobcat Stadium (MD),341,Frostburg State,ii,Mountain East,33,"[0, 7, 10, 6, 7, 3]",,,,587,Notre Dame College,ii,Mountain East,30,"[3, 6, 7, 7, 7, 0]",,,,,,,
401431259,2022,6,regular,2022-10-08T17:00:00.000Z,False,True,False,True,,3945,Strong Stadium,266,Beloit,iii,Midwest,25,"[0, 0, 7, 18]",,,,255,Knox,iii,Midwest,34,"[7, 7, 0, 20]",,,,,,,
401431111,2022,6,regular,2022-10-08T17:00:00.000Z,False,True,False,True,,5636,Wright Stadium,173,Hartwick,iii,Empire 8,6,"[3, 3, 0, 0]",,,,365,Alfred,iii,Empire 8,21,"[0, 7, 0, 14]",,,,,,,
401433119,2022,6,regular,2022-10-08T17:00:00.000Z,False,True,False,True,,6553,Helen and Leonard Moretz Stadium,2331,Lenoir Rhyne,ii,South Atlantic,51,"[16, 7, 14, 14]",,,,2336,Limestone,ii,South Atlantic,30,"[0, 7, 20, 3]",,,,,,,
401431045,2022,6,regular,2022-10-08T17:00:00.000Z,False,True,False,True,,5830,Walter M. Katz Field,40,Curry,iii,Commonwealth Coast,37,"[7, 7, 13, 10]",,,,2776,Salve Regina,iii,Commonwealth Coast,20,"[20, 0, 0, 0]",,,,,,,
401432805,2022,6,regular,2022-10-08T17:00:00.000Z,False,True,False,True,,5818,Farris Stadium,2121,Centre,iii,Southern Athletic,35,"[7, 14, 7, 7]",,,,2553,Sewanee,iii,Southern Athletic,16,"[7, 0, 3, 6]",,,,,,,
401438644,2022,6,regular,2022-10-08T17:00:00.000Z,False,True,False,True,,6083,Mangelsdorf Field,2969,Misericordia,iii,Mid Atlantic,12,"[0, 6, 0, 6]",,,,388,Lebanon Valley,iii,Mid Atlantic,47,"[13, 6, 14, 14]",,,,,,,
401438687,2022,6,regular,2022-10-08T17:00:00.000Z,False,True,False,True,,6112,Richard Wackar Stadium,2827,Rowan,iii,New Jersey,23,[],,,,2442,The College of New Jersey,iii,New Jersey,21,[],,,,,,,
401435202,2022,6,regular,2022-10-08T17:00:00.000Z,False,True,False,True,,5910,Callaway Stadium,548,LaGrange,iii,USA South,17,"[7, 0, 3, 7]",,,,2373,Maryville (TN),iii,USA South,56,"[21, 7, 7, 21]",,,,,,,
401445795,2022,6,regular,2022-10-08T17:00:00.000Z,False,True,False,True,,3690,Charles L. Currier Memorial Field,2972,Plymouth State,iii,MSCAC,27,"[6, 14, 7, 0]",,,,2843,Western Connecticut State,iii,MSCAC,34,"[3, 21, 7, 3]",,,,,,,
401424406,2022,6,regular,2022-10-08T17:00:00.000Z,False,True,False,True,,5389,Kessler Stadium,2405,Monmouth,fcs,CAA,38,"[14, 10, 7, 7]",0.858362078666687,,,399,UAlbany,fcs,CAA,31,"[7, 3, 7, 14]",0.141637921333313,,,4.189345317908689,,,
401437204,2022,6,regular,2022-10-08T17:00:00.000Z,False,True,False,True,,3877,Pioneer Stadium,3162,Alfred State,iii,ECFC,42,"[14, 14, 7, 7]",,,,122774,Keystone,iii,ECFC,33,"[0, 13, 7, 13]",,,,,,,
401430674,2022,6,regular,2022-10-08T17:00:00.000Z,False,True,False,True,,6041,Irwin Belk Complex,2304,Johnson C. Smith,ii,CIAA,22,"[6, 10, 0, 6]",,,,2551,Shaw,ii,CIAA,18,"[13, 3, 2, 0]",,,,,,,
401444598,2022,6,regular,2022-10-08T17:00:00.000Z,False,True,False,True,,5792,Pratt Field at Lehrman Stadium,7,Amherst,iii,NESCAC,23,"[3, 6, 0, 14]",,,,121,Bates,iii,NESCAC,27,"[0, 6, 7, 14]",,,,,,,
401432649,2022,6,regular,2022-10-08T17:00:00.000Z,False,True,False,True,,6148,The Pine Bowl,2721,Whitworth,iii,Northwest,17,"[3, 0, 0, 14]",,,,203,Linfield,iii,Northwest,35,"[7, 0, 14, 14]",,,,,,,
401437411,2022,6,regular,2022-10-08T17:00:00.000Z,False,True,False,True,,6082,Big Cat Stadium,2399,Minnesota Morris,iii,Upper Midwest,28,"[7, 7, 7, 7]",,,,109418,Finlandia University,iii,Upper Midwest,12,"[0, 6, 0, 6]",,,,,,,
401441937,2022,6,regular,2022-10-08T17:00:00.000Z,False,True,False,True,,6126,Bob Boozer Field,2781,Brockport,iii,Empire 8,24,"[0, 10, 7, 7]",,,,2782,SUNY Cortland,iii,Empire 8,42,"[7, 21, 7, 7]",,,,,,,
401430926,2022,6,regular,2022-10-08T17:00:00.000Z,False,True,False,True,,5921,Rock Bowl,263,Loras,iii,American Rivers,65,"[14, 30, 14, 7]",,,,63,Buena Vista,iii,American Rivers,0,"[0, 0, 0, 0]",,,,,,,
401432584,2022,6,regular,2022-10-08T17:00:00.000Z,False,True,False,True,,6096,Austin E. Knowlton Athletics Complex,391,Oberlin,iii,North Coast,21,"[0, 14, 7, 0]",,,,352,Kenyon,iii,North Coast,28,"[0, 0, 6, 22]",,,,,,,
401432408,2022,6,regular,2022-10-08T17:00:00.000Z,False,True,False,True,,6051,James S. Malosky Stadium,134,Minnesota Duluth,ii,Northern Sun,49,"[7, 14, 7, 21]",,,,559,University of Mary,ii,Northern Sun,14,"[0, 7, 0, 7]",,,,,,,
401444115,2022,6,regular,2022-10-08T17:00:00.000Z,False,True,False,False,,3661,Bulldog Stadium,2803,Bryant,fcs,Big South,56,"[7, 21, 7, 21]",,,,2583,Southern Connecticut State,ii,Northeast 10,10,"[3, 0, 0, 7]",,,,,,,
401423139,2022,6,regular,2022-10-08T17:00:00.000Z,False,True,False,True,,3664,Butler Bowl,2086,Butler,fcs,Pioneer,31,"[3, 7, 14, 7]",0.9805681109428406,,,2168,Dayton,fcs,Pioneer,0,"[0, 0, 0, 0]",0.019431889057159424,,,2.499340304804526,,,
401432774,2022,6,regular,2022-10-08T17:00:00.000Z,False,True,False,True,,5803,Bison Stadium,2062,Bethany (WV),iii,Presidents',7,"[0, 0, 7, 0]",,,,146,Grove City,iii,Presidents',55,"[27, 14, 7, 7]",,,,,,,
401432852,2022,6,regular,2022-10-08T17:00:00.000Z,False,True,False,True,,6094,Reynolds Field,583,Northwestern (MN),iii,Upper Midwest,41,"[10, 10, 7, 14]",,,,2257,Greenville,iii,Upper Midwest,35,"[7, 0, 14, 14]",,,,,,,
401432703,2022,6,regular,2022-10-08T17:00:00.000Z,False,True,False,False,,5840,Fred Selfe Stadium at Nicewonder Field,2213,Emory & Henry,ii,South Atlantic,34,"[3, 14, 7, 10]",,,,2842,UVA Wise,ii,South Atlantic,14,"[7, 0, 7, 0]",,,,,,,
401430690,2022,6,regular,2022-10-08T17:00:00.000Z,False,True,False,True,,3808,Lincoln University Stadium,2339,Lincoln (PA),ii,CIAA,14,"[7, 0, 0, 7]",,,,2804,Chowan,ii,CIAA,16,"[0, 13, 0, 3]",,,,,,,
401432762,2022,6,regular,2022-10-08T17:00:00.000Z,False,True,False,True,,3671,Case Field,2963,Case Western Reserve,iii,Presidents',45,"[14, 14, 14, 3]",,,,2614,Saint Vincent,iii,Presidents',21,"[0, 7, 14, 0]",,,,,,,
401432783,2022,6,regular,2022-10-08T17:00:00.000Z,False,True,False,True,,6146,Memorial Field (PA),2849,Westminster (PA),iii,Presidents',14,"[0, 7, 0, 7]",,,,2686,Washington & Jefferson,iii,Presidents',17,"[0, 0, 0, 17]",,,,,,,
401432753,2022,6,regular,2022-10-08T17:00:00.000Z,False,True,False,True,,6140,John F. Wiley Stadium,2845,Waynesburg,iii,Presidents',20,"[0, 10, 10, 0]",,,,2102,Carnegie Mellon,iii,Presidents',27,"[0, 13, 7, 7]",,,,,,,
401439530,2022,6,regular,2022-10-08T17:00:00.000Z,False,True,False,True,,6113,Leckonby Stadium,2779,St. Lawrence,iii,Liberty League,7,"[7, 0, 0, 0]",,,,237,Union,iii,Liberty League,44,"[7, 14, 10, 13]",,,,,,,
401438182,2022,6,regular,2022-10-08T17:00:00.000Z,False,True,False,True,,5785,Dickerson Stadium,2707,West Virginia State,ii,Mountain East,46,"[7, 10, 14, 15]",,,,455,West Virginia Wesleyan,ii,Mountain East,21,"[7, 14, 0, 0]",,,,,,,
401432554,2022,6,regular,2022-10-08T17:00:00.000Z,False,True,False,True,,5862,Butterfield Stadium,175,Ithaca,iii,Liberty League,56,"[14, 7, 21, 14]",,,,184,Rochester (NY),iii,Liberty League,10,"[0, 10, 0, 0]",,,,,,,
401439521,2022,6,regular,2022-10-08T17:00:00.000Z,False,True,False,True,,6120,Growney Stadium,374,St. John Fisher,iii,Empire 8,3,"[0, 0, 3, 0]",,,,3110,SUNY Morrisville,iii,Empire 8,10,"[3, 0, 7, 0]",,,,,,,
401432367,2022,6,regular,2022-10-08T17:00:00.000Z,False,True,False,True,,6065,Cliff Harris Stadium,2888,Ouachita Baptist,ii,Great American,63,"[14, 28, 21, 0]",,,,2927,Southwestern Oklahoma State,ii,Great American,24,"[10, 7, 7, 0]",,,,,,,
401430990,2022,6,regular,2022-10-08T17:00:00.000Z,False,True,False,False,,5802,Belhaven Bowl Stadium,2056,Belhaven,iii,USA South,24,"[7, 7, 10, 0]",,,,286,North Carolina Wesleyan,iii,USA South,0,"[0, 0, 0, 0]",,,,,,,
401429865,2022,6,regular,2022-10-08T17:00:00.000Z,False,True,False,True,,6032,Hovey Field,2676,Virginia Union,ii,CIAA,49,"[7, 21, 7, 14]",,,,2207,Elizabeth City State,ii,CIAA,0,"[0, 0, 0, 0]",,,,,,,
401432353,2022,6,regular,2022-10-08T17:00:00.000Z,False,True,False,True,,4749,McPherson Memorial Stadium,2119,Central State,ii,SIAC,17,"[7, 7, 3, 0]",,,,2232,Fort Valley State,ii,SIAC,32,"[2, 20, 3, 7]",,,,,,,
401431546,2022,6,regular,2022-10-08T17:00:00.000Z,False,True,False,True,,3927,Sherman Field,2392,Michigan Tech,ii,GLIAC,35,"[7, 7, 7, 14]",,,,131,Wayne State (MI),ii,GLIAC,34,"[10, 7, 7, 10]",,,,,,,
401432241,2022,6,regular,2022-10-08T17:00:00.000Z,False,True,False,True,,3623,Arthur J. Rooney Athletic Field,2184,Duquesne,fcs,NEC,21,"[7, 7, 7, 0]",0.0036871370393782854,,,2771,Merrimack,fcs,NEC,28,"[0, 14, 14, 0]",0.9963128629606217,,,6.046231888005561,,,
401450194,2022,6,regular,2022-10-08T17:00:00.000Z,False,True,False,True,,6150,Wightman Stadium,2970,William Paterson,iii,New Jersey,0,"[0, 0, 0, 0]",,,,2532,Salisbury,iii,New Jersey,23,"[13, 0, 7, 3]",,,,,,,
401438630,2022,6,regular,2022-10-08T17:00:00.000Z,False,True,False,True,,5822,Cadet Memorial Field,2557,Coast Guard,iii,NEWMAC,6,"[0, 0, 0, 6]",,,,81,Springfield,iii,NEWMAC,49,"[14, 21, 14, 0]",,,,,,,
401415199,2022,6,regular,2022-10-08T17:00:00.000Z,False,True,False,False,,3802,Lawrence A. Wien Stadium,171,Columbia,fcs,Ivy,28,"[0, 7, 14, 7]",,,,2681,Wagner,fcs,NEC,7,"[0, 0, 0, 7]",,,,,,,
401431818,2022,6,regular,2022-10-08T17:00:00.000Z,False,True,False,True,,3950,Superior Dome,128,Northern Michigan,ii,GLIAC,24,"[0, 3, 7, 14, 0]",,,,110254,Davenport,ii,GLIAC,27,"[14, 0, 7, 3, 3]",,,,,,,
401441257,2022,6,regular,2022-10-08T17:00:00.000Z,False,True,False,True,,6141,Corwin Stadium,336,Wesleyan (CT),iii,NESCAC,31,"[3, 28, 0, 0]",,,,33,Colby,iii,NESCAC,14,"[7, 0, 0, 7]",,,,,,,
401413207,2022,6,regular,2022-10-08T17:00:00.000Z,False,True,False,True,,3925,Seibert Stadium,2535,Samford,fcs,Southern,28,"[7, 7, 14, 0]",0.9853135347366333,,,2747,Wofford,fcs,Southern,14,"[0, 0, 7, 7]",0.0146864652633667,,,2.801625150860051,,,
401415189,2022,6,regular,2022-10-08T17:00:00.000Z,False,True,False,False,,3624,Arute Field,2115,Central Connecticut,fcs,NEC,20,"[6, 7, 0, 7]",0.13988853991031647,,,225,Brown,fcs,Ivy,27,"[7, 14, 3, 3]",0.8601114600896835,,,5.167065403560218,,,
401423414,2022,6,regular,2022-10-08T17:00:00.000Z,False,True,False,True,,4416,Spec Martin Municipal Stadium,56,Stetson,fcs,Pioneer,31,"[7, 7, 3, 14]",,,,2368,Marist,fcs,Pioneer,45,"[7, 10, 7, 21]",,,,,,,
401420781,2022,6,regular,2022-10-08T17:00:00.000Z,False,True,False,True,,3762,Hughes Stadium,2415,Morgan State,fcs,MEAC,21,"[0, 7, 0, 14]",0.693152129650116,,,2450,Norfolk State,fcs,MEAC,24,"[7, 10, 0, 7]",0.30684787034988403,,,5.130400670417742,,,
401435135,2022,6,regular,2022-10-08T17:00:00.000Z,False,True,False,True,,6202,Cardinal Stadium (DC),2108,Catholic,iii,NEWMAC,24,"[0, 3, 14, 7]",,,,2749,WPI,iii,NEWMAC,21,"[7, 14, 0, 0]",,,,,,,
401431827,2022,6,regular,2022-10-08T17:00:00.000Z,False,True,False,True,,6061,Younts Stadium,2822,North Greenville,ii,Gulf South,14,"[7, 7, 0, 0]",,,,2170,Delta State,ii,Gulf South,47,"[0, 21, 12, 14]",,,,,,,
401418839,2022,6,regular,2022-10-08T17:00:00.000Z,False,True,False,True,,3829,Memorial Stadium,282,Indiana State,fcs,MVFC,26,"[0, 13, 7, 6]",0.021758691134155166,,,2449,North Dakota State,fcs,MVFC,31,"[0, 10, 14, 7]",0.9782413088658448,,,7.2831670487,,,
401432416,2022,6,regular,2022-10-08T17:00:00.000Z,False,True,False,True,,3606,Scheels Field at Nemzek Stadium,2817,Minnesota St Moorhead,ii,Northern Sun,36,"[0, 13, 16, 7]",,,,568,Minot State,ii,Northern Sun,14,"[7, 0, 7, 0]",,,,,,,
401431139,2022,6,regular,2022-10-08T17:30:00.000Z,False,True,False,True,,6088,Schueler Field,2419,Mount St Joseph,iii,Heartland,55,"[21, 20, 0, 14]",,,,190,Defiance College,iii,Heartland,35,"[7, 0, 7, 21]",,,,,,,
401433133,2022,6,regular,2022-10-08T17:30:00.000Z,False,True,False,True,,6078,Pioneer Field (TN),2839,Tusculum,ii,South Atlantic,34,"[14, 7, 7, 6]",,,,2105,Carson Newman,ii,South Atlantic,6,"[0, 0, 0, 6]",,,,,,,
401431131,2022,6,regular,2022-10-08T17:30:00.000Z,False,True,False,True,,3614,Alumni Stadium (IN),2262,Hanover,iii,Heartland,63,"[28, 21, 7, 7]",,,,2074,Bluffton,iii,Heartland,21,"[7, 7, 7, 0]",,,,,,,
401432684,2022,6,regular,2022-10-08T17:30:00.000Z,False,True,False,True,,4856,Mount Union Stadium,426,Mount Union,iii,Ohio,28,"[7, 14, 0, 7]",,,,191,Heidelberg,iii,Ohio,6,"[6, 0, 0, 0]",,,,,,,
401422974,2022,6,regular,2022-10-08T17:30:00.000Z,False,True,False,True,,3597,Alumni Memorial Field,2678,VMI,fcs,Southern,21,"[7, 0, 7, 7]",,,,2193,East Tennessee State,fcs,Southern,44,"[14, 13, 7, 10]",,,,,,,
401431982,2022,6,regular,2022-10-08T17:30:00.000Z,False,True,False,True,,3612,Alumni Memorial Stadium (NC),2940,Livingstone,ii,CIAA,20,"[7, 7, 0, 6]",,,,2736,Winston-Salem State,ii,CIAA,17,"[0, 3, 7, 7]",,,,,,,
401431121,2022,6,regular,2022-10-08T17:30:00.000Z,False,True,False,True,,3716,"Stewart """"Red"""" Faught Stadium",2233,Franklin,iii,Heartland,54,"[14, 17, 17, 6]",,,,2023,Anderson (IN),iii,Heartland,14,"[0, 7, 0, 7]",,,,,,,
401432698,2022,6,regular,2022-10-08T17:30:00.000Z,False,True,False,True,,6090,Sherman Field at McConagha Stadium,332,Muskingum,iii,Ohio,41,"[7, 0, 14, 7, 7, 6]",,,,359,Otterbein,iii,Ohio,35,"[0, 7, 7, 14, 7, 0]",,,,,,,
401432674,2022,6,regular,2022-10-08T17:30:00.000Z,False,True,False,True,,5863,Don Shula Stadium at Wasmer Field,2302,John Carroll,iii,Ohio,45,"[14, 21, 7, 3]",,,,317,Marietta,iii,Ohio,10,"[0, 7, 3, 0]",,,,,,,
401435125,2022,6,regular,2022-10-08T17:30:00.000Z,False,True,False,True,,6131,Jessee/Miller Field,2977,Trinity (CT),iii,NESCAC,45,"[14, 10, 14, 7]",,,,348,Hamilton,iii,NESCAC,0,"[0, 0, 0, 0]",,,,,,,
401431088,2022,6,regular,2022-10-08T18:00:00.000Z,False,True,False,False,,5815,Schneider Stadium,32,Carroll (WI),iii,Midwest,0,"[0, 0, 0, 0]",,,,3071,North Central College,iii,CCIW,73,"[28, 28, 3, 14]",,,,,,,
401430954,2022,6,regular,2022-10-08T18:00:00.000Z,False,True,False,True,,5923,Legacy Field in Carlson Stadium,67,Luther,iii,American Rivers,10,"[10, 0, 0, 0]",,,,2141,Coe,iii,American Rivers,56,"[14, 14, 14, 14]",,,,,,,
401438596,2022,6,regular,2022-10-08T18:00:00.000Z,False,True,False,True,,4440,Sox Harrison Stadium,2205,Edinboro,ii,Pennsylvania State Athletic,17,"[0, 3, 7, 7]",,,,367,Gannon,ii,Pennsylvania State Athletic,35,"[0, 21, 14, 0]",,,,,,,
401432737,2022,6,regular,2022-10-08T18:00:00.000Z,False,True,False,True,,5892,Armfield Athletic Center,2258,Guilford,iii,Old Dominion,6,"[0, 6, 0, 0]",,,,2688,Washington and Lee,iii,Old Dominion,31,"[7, 7, 7, 10]",,,,,,,
401435210,2022,6,regular,2022-10-08T18:00:00.000Z,False,True,False,True,,5901,David Smith Stadium at Ramer Field,2723,Wisconsin River Falls,iii,Wisconsin,27,"[7, 10, 7, 3]",,,,271,Wisconsin Oshkosh,iii,Wisconsin,24,"[3, 8, 13, 0]",,,,,,,
401435217,2022,6,regular,2022-10-08T18:00:00.000Z,False,True,False,True,,5916,Carson Park,2738,Wisconsin Eau Claire,iii,Wisconsin,24,"[14, 3, 0, 7]",,,,2745,Wisconsin Whitewater,iii,Wisconsin,45,"[7, 17, 7, 14]",,,,,,,
401432839,2022,6,regular,2022-10-08T18:00:00.000Z,False,True,False,True,,3843,MLC Bowl,446,Martin Luther,iii,Upper Midwest,20,"[7, 7, 0, 6]",,,,509,Crown,iii,Upper Midwest,26,"[0, 0, 8, 18]",,,,,,,
401431269,2022,6,regular,2022-10-08T18:00:00.000Z,False,True,False,True,,5919,Ron Roberts Field at the Banta Bowl,268,Lawrence,iii,Midwest,7,"[7, 0, 0, 0]",,,,2155,Cornell (IA),iii,Midwest,27,"[7, 6, 0, 14]",,,,,,,
401432729,2022,6,regular,2022-10-08T18:00:00.000Z,False,True,False,True,,5800,Jopson Athletic Complex,2079,Bridgewater,iii,Old Dominion,23,"[0, 6, 3, 14]",,,,2828,Shenandoah,iii,Old Dominion,17,"[7, 7, 3, 0]",,,,,,,
401432857,2022,6,regular,2022-10-08T18:00:00.000Z,False,True,False,True,,5893,Hollingsworth Field,2968,Gustavus Adolphus,iii,Minnesota,77,"[21, 40, 6, 10]",,,,375,St. Scholastica,iii,Minnesota,7,"[0, 0, 7, 0]",,,,,,,
401431493,2022,6,regular,2022-10-08T18:00:00.000Z,False,True,False,True,,6047,Leemon Field,2816,McKendree,ii,Great Lakes,23,"[6, 0, 10, 7]",,,,2292,Indianapolis,ii,Great Lakes,38,"[3, 14, 14, 7]",,,,,,,
401433090,2022,6,regular,2022-10-08T18:00:00.000Z,False,True,False,True,,5883,Marv Kay Stadium at Campbell Field,2146,Colorado School of Mines,ii,Rocky Mountain,48,"[7, 24, 7, 10]",,,,11,Colorado Mesa,ii,Rocky Mountain,21,"[7, 14, 0, 0]",,,,,,,
401432344,2022,6,regular,2022-10-08T18:00:00.000Z,False,True,False,True,,5875,Charlie W. Johnson Stadium,490,Benedict,ii,SIAC,20,"[0, 20, 0, 0]",,,,2396,Miles,ii,SIAC,3,"[0, 0, 0, 3]",,,,,,,
401431237,2022,6,regular,2022-10-08T18:00:00.000Z,False,True,False,False,,5825,Jake Christiansen Stadium,2152,Concordia (MN),iii,Minnesota,36,"[14, 15, 0, 7]",,,,2359,Macalester,iii,Minnesota,7,"[7, 0, 0, 0]",,,,,,,
401423147,2022,6,regular,2022-10-08T18:00:00.000Z,False,True,False,True,,5116,O'Shaughnessy Stadium,2900,St. Thomas (MN),fcs,Pioneer,27,"[7, 14, 6, 0]",0.977779746055603,,,2166,Davidson,fcs,Pioneer,16,"[0, 3, 7, 6]",0.022220253944396973,,,5.392904738915645,,,
401432564,2022,6,regular,2022-10-08T18:00:00.000Z,False,True,False,True,,5827,Tomasini Stadium,409,Concordia (WI),iii,NACC,23,"[0, 6, 7, 10]",,,,101,Eureka,iii,NACC,20,"[6, 7, 0, 7]",,,,,,,
401433082,2022,6,regular,2022-10-08T18:00:00.000Z,False,True,False,True,,5944,Ray Dennison Memorial Field,2237,Fort Lewis,ii,Rocky Mountain,3,"[3, 0, 0, 0]",,,,2123,Chadron State,ii,Rocky Mountain,56,"[7, 21, 14, 14]",,,,,,,
401431001,2022,6,regular,2022-10-08T18:00:00.000Z,False,True,False,True,,5857,Gordon Wood Stadium,2758,Howard Payne,iii,American Southwest,30,"[3, 14, 0, 13]",,,,241,McMurry,iii,American Southwest,18,"[0, 0, 0, 18]",,,,,,,
401435109,2022,6,regular,2022-10-08T18:00:00.000Z,False,True,False,True,,5820,Amos Alonzo Stagg Field,80,Chicago,iii,Midwest,20,"[0, 7, 7, 6]",,,,2919,Monmouth (IL),iii,Midwest,23,"[7, 3, 0, 13]",,,,,,,
401423442,2022,6,regular,2022-10-08T18:00:00.000Z,False,True,False,True,,3809,Louis Crews Stadium,2010,Alabama A&M,fcs,SWAC,37,"[7, 0, 10, 7, 13, 0]",0.959753155708313,,,2755,Grambling,fcs,SWAC,31,"[3, 7, 0, 14, 7, 0]",0.04024684429168701,,,7.832451037539127,,,
401444125,2022,6,regular,2022-10-08T18:00:00.000Z,False,True,False,True,,5918,Taylor Field,6353,Lakeland,iii,NACC,14,"[0, 0, 14, 0]",,,,2283,Benedictine (IL),iii,NACC,23,"[3, 14, 0, 6]",,,,,,,
401432619,2022,6,regular,2022-10-08T18:00:00.000Z,False,True,False,True,,6099,Selby Stadium,2980,Ohio Wesleyan,iii,North Coast,41,"[14, 13, 7, 7]",,,,2171,Denison,iii,North Coast,7,"[0, 7, 0, 0]",,,,,,,
401433050,2022,6,regular,2022-10-08T18:00:00.000Z,False,True,False,True,,4427,John A. Farrell Stadium,223,West Chester,ii,Pennsylvania State Athletic,13,"[7, 6, 0, 0]",,,,2559,Shippensburg,ii,Pennsylvania State Athletic,20,"[0, 0, 6, 14]",,,,,,,
401438619,2022,6,regular,2022-10-08T18:00:00.000Z,False,True,False,True,,5897,Francis Field (MO),143,Washington St. Louis,iii,CCIW,59,"[21, 21, 0, 17]",,,,306,Illinois Wesleyan,iii,CCIW,14,"[0, 0, 14, 0]",,,,,,,
401435190,2022,6,regular,2022-10-08T18:00:00.000Z,False,True,False,True,,6132,Trinity University Stadium,386,Trinity (TX),iii,Southern Athletic,23,"[7, 3, 7, 6]",,,,3,Birmingham-Southern,iii,Southern Athletic,20,"[7, 3, 0, 10]",,,,,,,
401423915,2022,6,regular,2022-10-08T18:00:00.000Z,False,True,False,False,,3847,Cooper Field,46,Georgetown,fcs,Patriot,28,"[7, 7, 14, 0]",0.06448828891544411,,,219,Pennsylvania,fcs,Ivy,59,"[17, 7, 28, 7]",0.9355117110845559,,,1.8322068513,,,
401424950,2022,6,regular,2022-10-08T18:00:00.000Z,False,True,False,False,,3864,Oliver C. Dawson Stadium,2569,South Carolina State,fcs,MEAC,14,"[0, 0, 0, 14]",,,,50,Florida A&M,fcs,SWAC,20,"[7, 10, 3, 0]",,,,,,,
401431250,2022,6,regular,2022-10-08T18:00:00.000Z,False,True,False,True,,5804,Royal Stadium,2802,Bethel (MN),iii,Minnesota,49,"[14, 21, 14, 0]",,,,162,Hamline,iii,Minnesota,14,"[7, 0, 7, 0]",,,,,,,
401431209,2022,6,regular,2022-10-08T18:00:00.000Z,False,True,False,True,,6100,Cutler Field,354,Olivet,iii,Michigan,41,"[13, 21, 7, 0]",,,,126,Kalamazoo,iii,Michigan,17,"[10, 0, 7, 0]",,,,,,,
401431071,2022,6,regular,2022-10-08T18:00:00.000Z,False,True,False,True,,6093,Holmgren Athletic Complex,75,North Park,iii,CCIW,14,"[7, 7, 0, 0]",,,,2106,Carthage,iii,CCIW,33,"[14, 6, 0, 13]",,,,,,,
401431521,2022,6,regular,2022-10-08T18:00:00.000Z,False,True,False,False,,3723,QU Stadium,2825,Quincy,ii,Great Lakes,46,"[2, 7, 16, 21]",,,,2316,Kentucky Wesleyan,ii,Great Midwest Athletic,9,"[0, 0, 3, 6]",,,,,,,
401431920,2022,6,regular,2022-10-08T18:00:00.000Z,False,True,False,True,,5942,Francis G. Welch Stadium,2214,Emporia State,ii,Mid America,44,"[17, 7, 17, 3]",,,,2118,Central Missouri,ii,Mid America,27,"[0, 7, 7, 13]",,,,,,,
401431080,2022,6,regular,2022-10-08T18:00:00.000Z,False,True,False,True,,5115,McCully Stadium,396,Wheaton (IL),iii,CCIW,56,"[20, 19, 10, 7]",,,,72,Elmhurst,iii,CCIW,0,"[0, 0, 0, 0]",,,,,,,
401431147,2022,6,regular,2022-10-08T18:00:00.000Z,False,True,False,True,,6111,Cook Stadium,86,Rose Hulman,iii,Heartland,48,"[20, 21, 0, 7]",,,,2362,Manchester,iii,Heartland,14,"[0, 7, 7, 0]",,,,,,,
401424396,2022,6,regular,2022-10-08T18:00:00.000Z,False,True,False,True,,3894,Rhodes Stadium,2210,Elon,fcs,CAA,27,"[0, 14, 3, 10]",1,,,119,Towson,fcs,CAA,10,"[7, 0, 0, 3]",0,,,3.820342042015053,,,
401431562,2022,6,regular,2022-10-08T18:00:00.000Z,False,True,False,True,,3885,Harvey Randall Wickes Memorial Stadium,129,Saginaw Valley State,ii,GLIAC,28,"[7, 14, 7, 0]",,,,2222,Ferris State,ii,GLIAC,33,"[20, 0, 0, 13]",,,,,,,
401424432,2022,6,regular,2022-10-08T18:00:00.000Z,False,True,False,True,,3620,Armstrong Stadium,2261,Hampton,fcs,CAA,24,"[14, 0, 10, 0]",0.15727971494197845,,,311,Maine,fcs,CAA,31,"[7, 10, 0, 14]",0.8427202850580215,,,5.845185978990187,,,
401432890,2022,6,regular,2022-10-08T18:00:00.000Z,False,True,False,True,,5900,Don and Nona Williams Stadium,2744,Wisconsin Stout,iii,Wisconsin,21,"[0, 14, 0, 7]",,,,2740,Wisconsin La Crosse,iii,Wisconsin,42,"[7, 14, 14, 7]",,,,,,,
401426342,2022,6,regular,2022-10-08T18:00:00.000Z,False,True,False,True,20109,4246,Center Parc Stadium,2247,Georgia State,fbs,Sun Belt,41,"[13, 14, 7, 7]",1,1476,1483,290,Georgia Southern,fbs,Sun Belt,33,"[7, 10, 13, 3]",0,1403,1396,4.6453429679946385,,,
401431814,2022,6,regular,2022-10-08T18:00:00.000Z,False,True,False,True,,3878,Plaster Sports Complex,2586,Southwest Baptist,ii,Great Lakes,44,"[10, 17, 7, 10]",,,,2911,William Jewell,ii,Great Lakes,21,"[0, 7, 7, 7]",,,,,,,
401432813,2022,6,regular,2022-10-08T18:00:00.000Z,False,True,False,True,,6081,Harper Davis Field,2398,Millsaps,iii,Southern Athletic,34,"[7, 14, 7, 6]",,,,418,Hendrix,iii,Southern Athletic,28,"[0, 7, 7, 14]",,,,,,,
401432875,2022,6,regular,2022-10-08T18:00:00.000Z,False,True,False,True,,5807,Brevard Memorial Stadium,2913,Brevard,iii,USA South,22,"[10, 3, 6, 3]",,,,291,Methodist,iii,USA South,20,"[0, 0, 7, 13]",,,,,,,
401435100,2022,6,regular,2022-10-08T18:00:00.000Z,False,True,False,True,,7079,Laird Stadium,2101,Carleton,iii,Minnesota,26,"[7, 3, 9, 7]",,,,133,St. Olaf,iii,Minnesota,7,"[0, 7, 0, 0]",,,,,,,
401432956,2022,6,regular,2022-10-08T18:00:00.000Z,False,True,False,True,,6035,"Memorial Stadium (Wayne, NE)",2844,Wayne State (NE),ii,Northern Sun,41,"[10, 17, 7, 7]",,,,2364,Minnesota State,ii,Northern Sun,33,"[3, 10, 7, 13]",,,,,,,
401416616,2022,6,regular,2022-10-08T18:00:00.000Z,False,True,False,True,23108,3876,Peden Stadium,195,Ohio,fbs,Mid-American,55,"[14, 14, 20, 7]",1,1265,1285,2006,Akron,fbs,Mid-American,34,"[0, 13, 7, 14]",0,967,947,3.112361146339869,,,
401431220,2022,6,regular,2022-10-08T18:00:00.000Z,False,True,False,True,,5795,Edor Nelson Field,124,Augsburg,iii,Minnesota,0,"[0, 0, 0, 0]",,,,2600,Saint John's (MN),iii,Minnesota,45,"[21, 7, 14, 3]",,,,,,,
401431024,2022,6,regular,2022-10-08T18:00:00.000Z,False,True,False,True,,5798,Jerry E. Apple Stadium,2045,Austin,iii,American Southwest,15,"[7, 0, 8, 0]",,,,2639,Texas Lutheran,iii,American Southwest,37,"[0, 23, 7, 7]",,,,,,,
401431305,2022,6,regular,2022-10-08T18:00:00.000Z,False,True,False,True,,5913,Warrior Field at Raabe Stadium,2741,Wisconsin Lutheran,iii,NACC,0,"[0, 0, 0, 0]",,,,2832,St. Norbert,iii,NACC,7,"[0, 7, 0, 0]",,,,,,,
401431278,2022,6,regular,2022-10-08T18:00:00.000Z,False,True,False,True,,6109,Ingalls Field,2891,Ripon,iii,Midwest,56,"[21, 21, 7, 7]",,,,65,Grinnell,iii,Midwest,6,"[0, 0, 0, 6]",,,,,,,
401421097,2022,6,regular,2022-10-08T18:00:00.000Z,False,True,False,True,,3701,Drake Stadium,2181,Drake,fcs,Pioneer,10,"[0, 3, 0, 7]",0.1895366758108139,,,301,San Diego,fcs,Pioneer,22,"[7, 2, 6, 7]",0.8104633241891861,,,10.175349680059933,,,
401431555,2022,6,regular,2022-10-08T18:00:00.000Z,False,True,False,False,,3698,Donnell Stadium,2224,Findlay,ii,Great Midwest Athletic,34,"[7, 3, 7, 17]",,,,2886,Northwood,ii,Great Midwest Athletic,14,"[14, 0, 0, 0]",,,,,,,
401430711,2022,6,regular,2022-10-08T18:00:00.000Z,False,True,False,True,,3813,"Luther ""Nick"" Jeralds Stadium",2220,Fayetteville State,ii,CIAA,54,"[14, 23, 14, 3]",,,,395,St. Augustine's,ii,CIAA,0,"[0, 0, 0, 0]",,,,,,,
401431010,2022,6,regular,2022-10-08T18:00:00.000Z,False,True,False,True,,5114,Shelton Stadium,2810,Hardin Simmons,iii,American Southwest,70,"[14, 28, 7, 21]",,,,2834,Sul Ross State,iii,American Southwest,35,"[14, 7, 14, 0]",,,,,,,
401432527,2022,6,regular,2022-10-08T18:00:00.000Z,False,True,False,True,,5838,Ornelas Stadium,2194,East Texas Baptist,iii,American Southwest,7,"[0, 0, 0, 7]",,,,2371,Mary Hardin Baylor,iii,American Southwest,24,"[7, 14, 3, 0]",,,,,,,
401435062,2022,6,regular,2022-10-08T18:00:00.000Z,False,True,False,True,,6080,Frank M. Lindsay Field,74,Millikin,iii,CCIW,0,"[0, 0, 0, 0]",,,,2042,Augustana (IL),iii,CCIW,70,"[14, 14, 21, 21]",,,,,,,
401432962,2022,6,regular,2022-10-08T18:00:00.000Z,False,True,False,True,,6070,Bob Young Field,2894,Sioux Falls,ii,Northern Sun,35,"[28, 7, 0, 0]",,,,2587,Southwest Minnesota State,ii,Northern Sun,14,"[0, 7, 7, 0]",,,,,,,
401450149,2022,6,regular,2022-10-08T18:00:00.000Z,False,True,False,True,,6079,Alumni Stadium (VT),2394,Middlebury,iii,NESCAC,30,"[7, 7, 3, 13]",,,,2731,Williams,iii,NESCAC,7,"[0, 7, 0, 0]",,,,,,,
401421141,2022,6,regular,2022-10-08T18:00:00.000Z,False,True,False,True,,3782,Johnson Hagood Stadium,2643,The Citadel,fcs,Southern,10,"[0, 3, 7, 0]",,,,231,Furman,fcs,Southern,21,"[7, 0, 14, 0]",,,,,,,
401415633,2022,6,regular,2022-10-08T18:30:00.000Z,False,True,False,True,38577,3854,Nippert Stadium,2132,Cincinnati,fbs,American Athletic,28,"[7, 7, 7, 7]",0.4897131025791168,1797,1784,58,South Florida,fbs,American Athletic,24,"[10, 7, 0, 7]",0.5102868974208832,1167,1180,6.452286374119691,,,
401431845,2022,6,regular,2022-10-08T19:00:00.000Z,False,True,False,True,,6053,Robinson-Hale Stadium,2401,Mississippi College,ii,Gulf South,35,"[14, 14, 7, 0]",,,,2560,Shorter,ii,Gulf South,21,"[7, 7, 7, 0]",,,,,,,
401433064,2022,6,regular,2022-10-08T19:00:00.000Z,False,True,False,True,,5866,Rex Stadium,2001,Adams State,ii,Rocky Mountain,20,"[0, 7, 7, 6]",,,,2570,CSU Pueblo,ii,Rocky Mountain,52,"[14, 17, 14, 7]",,,,,,,
401423920,2022,6,regular,2022-10-08T19:00:00.000Z,False,True,False,True,,3740,Golden Lion Stadium,2029,Arkansas-Pine Bluff,fcs,SWAC,17,"[0, 3, 7, 7]",0.3065325617790222,,,2640,Texas Southern,fcs,SWAC,24,"[3, 7, 7, 7]",0.6934674382209778,,,6.337736218909567,,,
401435205,2022,6,regular,2022-10-08T19:00:00.000Z,False,True,False,True,,5903,Community Stadium at Goerke Park,2743,Wisconsin Stevens Point,iii,Wisconsin,3,"[0, 3, 0, 0]",,,,272,Wisconsin Platteville,iii,Wisconsin,31,"[14, 7, 10, 0]",,,,,,,
401431453,2022,6,regular,2022-10-08T19:00:00.000Z,False,True,False,True,,3934,Southern Nazarene University Football Stadium,200,Southern Nazarene,ii,Great American,28,"[7, 7, 0, 14]",,,,2264,Harding,ii,Great American,56,"[21, 14, 14, 7]",,,,,,,
401431513,2022,6,regular,2022-10-08T19:00:00.000Z,False,True,False,True,,6077,Stokes Stadium,2654,Truman State,ii,Great Lakes,36,"[17, 13, 3, 3]",,,,2402,Missouri S&T,ii,Great Lakes,14,"[0, 8, 0, 6]",,,,,,,
401431461,2022,6,regular,2022-10-08T19:00:00.000Z,False,True,False,True,,5936,Koi Ishto Stadium,2191,East Central,ii,Great American,31,"[3, 11, 0, 17]",,,,2271,Henderson State,ii,Great American,10,"[0, 7, 3, 0]",,,,,,,
401441334,2022,6,regular,2022-10-08T19:00:00.000Z,False,True,False,False,,3952,Ted Wright Stadium,2542,Savannah State,ii,SIAC,28,"[0, 7, 14, 7]",,,,2355,Virginia Lynchburg,,,14,"[7, 0, 0, 7]",,,,,,,
401430743,2022,6,regular,2022-10-08T19:00:00.000Z,False,True,False,True,,5871,Convoy Leslie Cotton Boll Stadium,2028,Arkansas Monticello,ii,Great American,23,"[6, 3, 0, 14]",,,,2823,Northwestern (OK),ii,Great American,26,"[13, 0, 13, 0]",,,,,,,
401433075,2022,6,regular,2022-10-08T19:00:00.000Z,False,True,False,True,,6059,Sanchez Family Stadium,2424,New Mexico Highlands,ii,Rocky Mountain,30,"[6, 14, 3, 7]",,,,2069,Black Hills State,ii,Rocky Mountain,28,"[7, 7, 0, 14]",,,,,,,
401431299,2022,6,regular,2022-10-08T19:00:00.000Z,False,True,False,True,,5915,Farwell Field,262,Lake Forest,iii,Midwest,40,"[7, 3, 10, 20]",,,,2286,Illinois College,iii,Midwest,7,"[0, 7, 0, 0]",,,,,,,
401431475,2022,6,regular,2022-10-08T19:00:00.000Z,False,True,False,True,,3875,Paul Laird Field,199,Southeastern Oklahoma State,ii,Great American,35,"[6, 8, 14, 7]",,,,2568,Southern Arkansas,ii,Great American,32,"[0, 7, 0, 25]",,,,,,,
401425453,2022,6,regular,2022-10-08T19:00:00.000Z,False,True,False,True,,7003,Houck Field,2546,Southeast Missouri State,fcs,OVC,34,"[10, 17, 7, 0]",0.9650196433067322,,,2635,Tennessee Tech,fcs,OVC,20,"[3, 10, 0, 7]",0.03498035669326782,,,3.9293745633821118,,,
401431940,2022,6,regular,2022-10-08T19:00:00.000Z,False,True,False,True,,6054,Fred G. Hughes Stadium,2403,Missouri Southern State,ii,Mid America,37,"[17, 14, 3, 3]",,,,2876,Lincoln (MO),ii,Mid America,14,"[7, 0, 0, 7]",,,,,,,
401418813,2022,6,regular,2022-10-08T19:00:00.000Z,False,True,False,False,,3858,O'Brien Stadium,2197,Eastern Illinois,fcs,OVC,35,"[21, 14, 0, 0]",1,,,2466,Northwestern State,fcs,Southland,27,"[7, 0, 7, 13]",0,,,2.567493676566853,,,
401420829,2022,6,regular,2022-10-08T19:00:00.000Z,False,True,False,True,,5237,Dana J. Dykhouse Stadium,2571,South Dakota State,fcs,MVFC,28,"[0, 14, 7, 7]",0.9902332425117493,,,233,South Dakota,fcs,MVFC,3,"[3, 0, 0, 0]",0.009766757488250732,,,3.248706961008074,,,
401432397,2022,6,regular,2022-10-08T19:00:00.000Z,False,True,False,True,,5874,Chet Anderson Stadium,132,Bemidji State,ii,Northern Sun,44,"[7, 6, 10, 21]",,,,3066,Concordia St. Paul,ii,Northern Sun,0,"[0, 0, 0, 0]",,,,,,,
401433104,2022,6,regular,2022-10-08T19:00:00.000Z,False,True,False,True,,5782,Mountaineer Bowl,2714,Western Colorado,ii,Rocky Mountain,10,"[10, 0, 0, 0]",,,,613,South Dakota Mines,ii,Rocky Mountain,38,"[14, 10, 7, 7]",,,,,,,
401420844,2022,6,regular,2022-10-08T19:00:00.000Z,False,True,False,True,,3909,Roy Stewart Stadium,93,Murray State,fcs,OVC,16,"[0, 9, 7, 0]",0.040475569665431976,,,2630,UT Martin,fcs,OVC,45,"[0, 14, 7, 24]",0.959524430334568,,,5.771601869170715,,,
401423452,2022,6,regular,2022-10-08T19:00:00.000Z,False,True,False,True,,4582,Hornet Stadium,2011,Alabama State,fcs,SWAC,12,"[6, 0, 0, 6]",0.396937757730484,,,2296,Jackson State,fcs,SWAC,26,"[0, 10, 7, 9]",0.603062242269516,,,5.395451200247728,,,
401450138,2022,6,regular,2022-10-08T19:00:00.000Z,False,True,False,True,,6044,Lane Field,2323,Lane College,ii,SIAC,26,"[0, 7, 13, 6]",,,,2310,Kentucky State,ii,SIAC,31,"[0, 21, 10, 0]",,,,,,,
401431968,2022,6,regular,2022-10-08T19:00:00.000Z,False,True,False,True,,6067,Carnie Smith Stadium,90,Pittsburg State,ii,Mid America,24,"[7, 14, 0, 3]",,,,138,Northwest Missouri State,ii,Mid America,22,"[0, 3, 7, 12]",,,,,,,
401432744,2022,6,regular,2022-10-08T19:00:00.000Z,False,True,False,False,,5849,Reeves Field (PA),2242,Geneva,iii,Presidents',35,"[7, 14, 0, 14]",,,,2018,Allegheny,iii,Presidents',21,"[7, 0, 7, 7]",,,,,,,
401420810,2022,6,regular,2022-10-08T19:00:00.000Z,False,True,False,True,,3878,Plaster Sports Complex,2623,Missouri State,fcs,MVFC,21,"[14, 0, 0, 7]",0.018977496773004532,,,79,Southern Illinois,fcs,MVFC,38,"[0, 17, 21, 0]",0.9810225032269955,,,4.292817710204175,,,
401431322,2022,6,regular,2022-10-08T19:15:00.000Z,False,True,False,True,,5826,Concordia Stadium,2151,Concordia Chicago,iii,NACC,37,"[14, 0, 14, 9]",,,,2524,Rockford,iii,NACC,13,"[0, 7, 0, 6]",,,,,,,
401411135,2022,6,regular,2022-10-08T19:30:00.000Z,False,True,False,True,54677,3752,Acrisure Stadium,221,Pittsburgh,fbs,ACC,45,"[7, 10, 14, 14]",0.9432095885276794,1650,1656,259,Virginia Tech,fbs,ACC,29,"[6, 10, 7, 6]",0.05679041147232056,1325,1319,5.775210138367437,,,
401404011,2022,6,regular,2022-10-08T19:30:00.000Z,False,True,False,True,42038,1056,Rose Bowl,26,UCLA,fbs,Pac-12,42,"[7, 7, 14, 14]",0.9884092211723328,1712,1742,254,Utah,fbs,Pac-12,32,"[0, 10, 8, 14]",0.011590778827667236,1886,1856,5.042747833857758,,,
401432434,2022,6,regular,2022-10-08T19:30:00.000Z,False,True,False,True,,3951,Swisher Field,425,Northern State,ii,Northern Sun,42,"[7, 7, 21, 7]",,,,2851,Winona State,ii,Northern Sun,21,"[7, 7, 0, 7]",,,,,,,
401415632,2022,6,regular,2022-10-08T19:30:00.000Z,False,True,False,True,,3852,Navy-Marine Corps Memorial Stadium,2426,Navy,fbs,American Athletic,53,"[10, 26, 10, 7]",0.985424816608429,1364,1471,202,Tulsa,fbs,American Athletic,21,"[7, 7, 0, 7]",0.014575183391571045,1506,1399,2.8964394878848765,,,
401424433,2022,6,regular,2022-10-08T19:30:00.000Z,False,True,False,True,,3688,Wildcat Stadium,160,New Hampshire,fcs,CAA,24,"[0, 10, 7, 7]",0.897944986820221,,,2619,Stony Brook,fcs,CAA,14,"[0, 7, 0, 7]",0.10205501317977905,,,3.262748426691463,,,
401432712,2022,6,regular,2022-10-08T19:30:00.000Z,False,True,False,True,,5843,W.B. Adams Stadium,366,Ferrum,iii,Old Dominion,16,"[0, 9, 0, 7]",,,,297,Hampden Sydney,iii,Old Dominion,35,"[14, 14, 7, 0]",,,,,,,
401403911,2022,6,regular,2022-10-08T19:30:00.000Z,False,True,False,True,92746,3917,Sanford Stadium,61,Georgia,fbs,SEC,42,"[0, 14, 7, 21]",0.970180094242096,2058,2087,2,Auburn,fbs,SEC,10,"[0, 0, 3, 7]",0.029819905757904053,1558,1529,2.53556046732217,,,
401415631,2022,6,regular,2022-10-08T19:30:00.000Z,False,True,False,True,14193,4729,Yulman Stadium,2655,Tulane,fbs,American Athletic,24,"[0, 14, 7, 3]",0.960949182510376,1497,1532,151,East Carolina,fbs,American Athletic,9,"[3, 6, 0, 0]",0.03905081748962402,1539,1504,4.568906124762369,,,
401404091,2022,6,regular,2022-10-08T19:30:00.000Z,False,True,False,True,55509,3646,Boone Pickens Stadium,197,Oklahoma State,fbs,Big 12,41,"[17, 3, 14, 7]",0.7791882157325745,1824,1821,2641,Texas Tech,fbs,Big 12,31,"[14, 10, 7, 0]",0.22081178426742554,1519,1522,8.581445099842886,,,
401404164,2022,6,regular,2022-10-08T19:30:00.000Z,False,True,False,True,11217,3985,Warren McGuirk Alumni Stadium,113,Massachusetts,fbs,FBS Independents,24,"[7, 3, 0, 14]",0.03213568404316902,888,908,2335,Liberty,fbs,FBS Independents,42,"[0, 21, 14, 7]",0.967864315956831,1582,1562,5.8184398842690666,,,
401416613,2022,6,regular,2022-10-08T19:30:00.000Z,False,True,False,True,22305,3786,Kelly/Shorts Stadium,2117,Central Michigan,fbs,Mid-American,16,"[10, 0, 6, 0]",0.460417240858078,1415,1408,2050,Ball State,fbs,Mid-American,17,"[0, 7, 7, 3]",0.539582759141922,1294,1301,6.868252348651656,,,
401424368,2022,6,regular,2022-10-08T19:30:00.000Z,False,True,False,True,,3998,Zable Stadium,2729,William & Mary,fcs,CAA,27,"[0, 17, 7, 3]",0.9873887300491333,,,48,Delaware,fcs,CAA,21,"[0, 7, 14, 0]",0.0126112699508667,,,5.298320020712621,,,
401426581,2022,6,regular,2022-10-08T19:30:00.000Z,False,True,False,True,23694,7221,Protective Stadium,5,UAB,fbs,Conference USA,41,"[21, 17, 3, 0]",0.9953934550285339,1542,1594,2393,Middle Tennessee,fbs,Conference USA,14,"[7, 0, 7, 0]",0.0046065449714660645,1384,1332,3.0140911901828096,,,
401405107,2022,6,regular,2022-10-08T19:30:00.000Z,False,True,False,True,32121,3911,Ryan Field,77,Northwestern,fbs,Big Ten,7,"[0, 0, 0, 7]",0.005456159822642803,1368,1308,275,Wisconsin,fbs,Big Ten,42,"[7, 21, 0, 14]",0.9945438401773572,1692,1752,2.3682057314258365,,,
401416615,2022,6,regular,2022-10-08T19:30:00.000Z,False,True,False,True,12682,3764,Huskie Stadium,2459,Northern Illinois,fbs,Mid-American,32,"[7, 0, 0, 25]",0.004851408302783966,1355,1323,2649,Toledo,fbs,Mid-American,52,"[21, 14, 10, 7]",0.995148591697216,1522,1554,3.6620246534527214,,,
401416618,2022,6,regular,2022-10-08T19:30:00.000Z,False,True,False,True,14366,3996,Yager Stadium,193,Miami (OH),fbs,Mid-American,27,"[17, 0, 10, 0]",0.9761859234887764,1452,1451,2309,Kent State,fbs,Mid-American,24,"[0, 7, 7, 10]",0.02381407651122358,1313,1314,5.7942140989,,,
401411133,2022,6,regular,2022-10-08T20:00:00.000Z,False,True,False,True,,3948,Hard Rock Stadium,2390,Miami,fbs,ACC,24,"[0, 17, 0, 7]",0.5907675623893738,1533,1534,153,North Carolina,fbs,ACC,27,"[7, 14, 3, 3]",0.4092324376106262,1622,1621,6.2205579918131395,,,
401428191,2022,6,regular,2022-10-08T20:00:00.000Z,False,True,False,True,,3629,Barker-Lane Stadium,2097,Campbell,fcs,Big South,34,"[14, 10, 7, 3]",0.9921004772186279,,,2127,Charleston Southern,fcs,Big South,28,"[7, 7, 7, 7]",0.00789952278137207,,,5.57944545496461,,,
401405110,2022,6,regular,2022-10-08T20:00:00.000Z,False,True,False,True,72809,3936,Spartan Stadium,127,Michigan State,fbs,Big Ten,20,"[7, 6, 0, 7]",0.02107343263924122,1580,1565,194,Ohio State,fbs,Big Ten,49,"[14, 21, 14, 0]",0.9789265673607588,2150,2165,3.7047478804045304,,,
401413261,2022,6,regular,2022-10-08T20:00:00.000Z,False,True,False,True,,3643,Bobcat Stadium,147,Montana State,fcs,Big Sky,37,"[14, 20, 0, 3]",0.9773195385932922,,,304,Idaho State,fcs,Big Sky,6,"[6, 0, 0, 0]",0.022680461406707764,,,3.0187368254657523,,,
401432640,2022,6,regular,2022-10-08T20:00:00.000Z,False,True,False,True,,6149,McCulloch Stadium,2930,Willamette,iii,Northwest,10,"[0, 0, 3, 7]",,,,415,George Fox,iii,Northwest,27,"[3, 14, 0, 10]",,,,,,,
401404009,2022,6,regular,2022-10-08T20:00:00.000Z,False,True,False,True,39244,3947,Mountain America Stadium,9,Arizona State,fbs,Pac-12,45,"[3, 21, 14, 7]",1,1505,1521,264,Washington,fbs,Pac-12,38,"[7, 10, 14, 7]",0,1616,1600,6.071560974258225,,,
401403915,2022,6,regular,2022-10-08T20:00:00.000Z,False,True,False,True,31567,3973,FirstBank Stadium,238,Vanderbilt,fbs,SEC,28,"[3, 17, 0, 8]",0.013502526096999645,1358,1338,145,Ole Miss,fbs,SEC,52,"[3, 14, 21, 14]",0.9864974739030004,1746,1766,4.9201688483212385,,,
401422980,2022,6,regular,2022-10-08T20:00:00.000Z,False,True,False,True,,3722,Fitton Field,107,Holy Cross,fcs,Patriot,57,"[21, 16, 13, 7]",,,,2083,Bucknell,fcs,Patriot,0,"[0, 0, 0, 0]",,,,,,,
401432870,2022,6,regular,2022-10-08T20:00:00.000Z,False,True,False,False,,5799,Daly Field at Frank R. Campbell Stadium,2047,Averett,iii,Old Dominion,7,"[0, 7, 0, 0]",,,,2516,Randolph Macon,iii,Old Dominion,55,"[21, 7, 6, 21]",,,,,,,
401435172,2022,6,regular,2022-10-08T20:00:00.000Z,False,True,False,True,,6104,Baker Stadium,2508,Puget Sound,iii,Northwest,21,"[7, 7, 0, 7]",,,,205,Pacific (OR),iii,Northwest,42,"[7, 14, 14, 7]",,,,,,,
401411132,2022,6,regular,2022-10-08T20:00:00.000Z,False,True,False,True,32041,721,Bobby Dodd Stadium,59,Georgia Tech,fbs,ACC,23,"[3, 7, 7, 3, 3]",0.8822832703590393,1280,1282,150,Duke,fbs,ACC,20,"[0, 3, 3, 14, 0]",0.1177167296409607,1336,1334,6.5044521258759085,,,
401433111,2022,6,regular,2022-10-08T20:00:00.000Z,False,True,False,False,,3926,Setzler Field,2444,Newberry,ii,South Atlantic,42,"[14, 21, 7, 0]",,,,122666,Barton,ii,South Atlantic,21,"[14, 0, 0, 7]",,,,,,,
401432951,2022,6,regular,2022-10-08T20:00:00.000Z,False,True,False,True,,6030,Harms-Eischeid Stadium,389,Upper Iowa,ii,Northern Sun,14,"[0, 7, 0, 7]",,,,2043,Augustana (SD),ii,Northern Sun,31,"[7, 7, 7, 10]",,,,,,,
401435177,2022,6,regular,2022-10-08T20:00:00.000Z,False,True,False,True,,6102,Sparks Stadium,2486,Pacific Lutheran,iii,Northwest,47,"[7, 7, 19, 14]",,,,2333,Lewis & Clark,iii,Northwest,21,"[0, 14, 0, 7]",,,,,,,
401422924,2022,6,regular,2022-10-08T20:00:00.000Z,False,True,False,True,,4417,Five Star Stadium at the Moye Complex,2382,Mercer,fcs,Southern,49,"[21, 21, 0, 7]",0.9938032031059265,,,2717,Western Carolina,fcs,Southern,6,"[0, 0, 6, 0]",0.006196796894073486,,,1.835419763232626,,,
401433000,2022,6,regular,2022-10-08T20:00:00.000Z,False,True,False,True,,3859,Offutt Field,611,Seton Hill,ii,Pennsylvania State Athletic,13,"[0, 6, 0, 7]",,,,2134,Clarion,ii,Pennsylvania State Athletic,40,"[14, 7, 10, 9]",,,,,,,
401431870,2022,6,regular,2022-10-08T20:00:00.000Z,False,True,False,False,,7076,J.W. Babb Stadium,101784,Erskine,ii,South Atlantic,13,"[0, 6, 0, 7]",,,,2369,Mars Hill,ii,South Atlantic,33,"[10, 14, 9, 0]",,,,,,,
401431582,2022,6,regular,2022-10-08T20:00:00.000Z,False,True,False,True,,3729,"Frank ""Muddy"" Waters Stadium",2273,Hillsdale,ii,Great Midwest Athletic,0,"[0, 0, 0, 0]",,,,2838,Tiffin,ii,Great Midwest Athletic,41,"[7, 14, 20, 0]",,,,,,,
401432826,2022,6,regular,2022-10-08T20:00:00.000Z,False,True,False,True,,5821,Fritz B. Burns Stadium,17,Claremont Mudd Scripps,iii,So. Cal.,28,"[7, 7, 0, 14]",,,,411,Chapman,iii,So. Cal.,6,"[0, 6, 0, 0]",,,,,,,
401429855,2022,6,regular,2022-10-08T20:00:00.000Z,False,True,False,True,,3904,Rogers Stadium (VA),330,Virginia State,ii,CIAA,14,"[0, 7, 0, 7]",,,,2075,Bowie State,ii,CIAA,41,"[24, 7, 10, 0]",,,,,,,
401413228,2022,6,regular,2022-10-08T20:00:00.000Z,False,True,False,True,,2023,Walkup Skydome,2464,Northern Arizona,fcs,Big Sky,31,"[14, 7, 7, 3]",0.7754070162773132,,,13,Cal Poly,fcs,Big Sky,29,"[6, 14, 0, 9]",0.22459298372268677,,,7.633764622986073,,,
401462220,2022,6,regular,2022-10-08T21:00:00.000Z,False,True,False,True,,3944,Strawberry Stadium,2545,SE Louisiana,fcs,Southland,28,"[0, 14, 7, 7]",0.03546701744198799,,,2837,East Texas A&M,fcs,Southland,31,"[7, 3, 14, 7]",0.964532982558012,,,6.797589797303919,,,
401423927,2022,6,regular,2022-10-08T21:00:00.000Z,False,True,False,True,,5238,Panther Stadium,2504,Prairie View A&M,fcs,SWAC,13,"[10, 3, 0, 0]",0.007756609469652176,,,2582,Southern,fcs,SWAC,45,"[7, 3, 14, 21]",0.9922433905303478,,,4.663249256844072,,,
401426670,2022,6,regular,2022-10-08T21:00:00.000Z,False,True,False,False,,3711,Estes Stadium,2110,Central Arkansas,fcs,Atlantic Sun,49,"[14, 14, 21, 0]",0.5755933523178101,,,2815,Lindenwood,fcs,OVC,52,"[14, 21, 14, 3]",0.42440664768218994,,,12.164985787247675,,,
401430964,2022,6,regular,2022-10-08T21:00:00.000Z,False,True,False,True,,5836,Chalmers Field,49,Dubuque,iii,American Rivers,66,"[35, 10, 14, 7]",,,,2564,Simpson (IA),iii,American Rivers,14,"[0, 7, 0, 7]",,,,,,,
401431955,2022,6,regular,2022-10-08T21:00:00.000Z,False,True,False,True,,6055,Craig Field at Spratt Memorial Stadium,137,Missouri Western,ii,Mid America,18,"[7, 0, 3, 8]",,,,2438,Nebraska Kearney,ii,Mid America,39,"[8, 10, 7, 14]",,,,,,,
401431182,2022,6,regular,2022-10-08T21:00:00.000Z,False,True,False,True,,5787,Docking Stadium,2003,Adrian,iii,Michigan,21,"[0, 7, 14, 0]",,,,2651,Trine,iii,Michigan,27,"[7, 10, 7, 3]",,,,,,,
401432238,2022,6,regular,2022-10-08T21:00:00.000Z,False,True,False,False,,4765,Hillsboro Stadium,2502,Portland State,fcs,Big Sky,48,"[7, 28, 13, 0]",0.9973118305206299,,,124179,Lincoln (CA),,,6,"[0, 0, 0, 6]",0.002688169479370117,,,2.7062107492070404,,,
401420859,2022,6,regular,2022-10-08T21:00:00.000Z,False,True,False,True,,3734,Gayle and Tom Benson Stadium,2916,Incarnate Word,fcs,Southland,56,"[35, 21, 0, 0]",0.983771562576294,,,2320,Lamar,fcs,Southland,17,"[0, 10, 0, 7]",0.016228437423706055,,,2.286628715422707,,,
401418831,2022,6,regular,2022-10-08T21:00:00.000Z,False,True,False,True,,3967,UNI-Dome,2460,Northern Iowa,fcs,MVFC,21,"[7, 7, 0, 7]",0.1749875843524933,,,2287,Illinois State,fcs,MVFC,23,"[10, 10, 3, 0]",0.8250124156475067,,,6.313067126563292,,,
401426582,2022,6,regular,2022-10-08T22:00:00.000Z,False,True,False,True,22328,3604,Alamodome,2636,UTSA,fbs,Conference USA,31,"[7, 10, 7, 7]",0.969396710395813,1518,1523,98,Western Kentucky,fbs,Conference USA,28,"[7, 7, 0, 14]",0.03060328960418701,1789,1784,5.564872799625967,,,
401432335,2022,6,regular,2022-10-08T22:00:00.000Z,False,True,False,True,,6217,W.C. Hawkins Stadium,2019,Allen,ii,SIAC,41,"[21, 7, 13, 0]",,,,2805,Clark Atlanta,ii,SIAC,42,"[14, 14, 0, 14]",,,,,,,
401418646,2022,6,regular,2022-10-08T22:00:00.000Z,False,True,False,False,,4899,Fifth Third Stadium,338,Kennesaw State,fcs,Atlantic Sun,40,"[7, 3, 7, 10, 7, 6]",0.7735011577606201,,,2453,North Alabama,fcs,Atlantic Sun,34,"[3, 3, 7, 14, 7, 0]",0.22649884223937988,,,9.899742836913289,,,
401433054,2022,6,regular,2022-10-08T22:00:00.000Z,False,True,False,True,,4430,Mihalik-Thompson Stadium,215,Slippery Rock,ii,Pennsylvania State Athletic,31,"[7, 10, 7, 7]",,,,2385,Mercyhurst,ii,Pennsylvania State Athletic,17,"[0, 3, 14, 0]",,,,,,,
401431861,2022,6,regular,2022-10-08T22:00:00.000Z,False,True,False,True,,5888,University Stadium (GA),2698,West Georgia,ii,Gulf South,28,"[7, 7, 7, 7]",,,,110242,West Florida,ii,Gulf South,42,"[7, 7, 14, 14]",,,,,,,
401424938,2022,6,regular,2022-10-08T22:00:00.000Z,False,True,False,False,,3810,Nissan Stadium,2634,Tennessee State,fcs,OVC,41,"[7, 24, 3, 7]",0.6772032976150513,,,2065,Bethune-Cookman,fcs,SWAC,17,"[3, 0, 7, 7]",0.32279670238494873,,,4.310128135805965,,,
401420817,2022,6,regular,2022-10-08T22:00:00.000Z,False,True,False,True,,844,Stambaugh Stadium,2754,Youngstown State,fcs,MVFC,30,"[3, 18, 3, 6]",0.4984503984451294,,,155,North Dakota,fcs,MVFC,35,"[14, 7, 0, 14]",0.5015496015548706,,,6.695399521637043,,,
401433153,2022,6,regular,2022-10-08T22:00:00.000Z,False,True,True,False,,,,124110,UFTL,,,0,[],,,,124180,Bluefield State,ii,Independent DII,0,[],,,,,,,
401432326,2022,6,regular,2022-10-08T22:00:00.000Z,False,True,False,True,,3705,Earl Kitchings Stadium,2206,Edward Waters,ii,SIAC,7,"[7, 0, 0, 0]",,,,2013,Albany State,ii,SIAC,55,"[20, 14, 14, 7]",,,,,,,
401433137,2022,6,regular,2022-10-08T22:00:00.000Z,False,True,False,True,,5781,Irwin Belk Stadium,351,Wingate,ii,South Atlantic,28,"[7, 7, 0, 14]",,,,2107,Catawba,ii,South Atlantic,0,"[0, 0, 0, 0]",,,,,,,
401441265,2022,6,regular,2022-10-08T22:00:00.000Z,False,True,False,True,,6085,Sprague Field,2818,Montclair State,iii,New Jersey,22,"[10, 6, 6, 0]",,,,2871,Kean,iii,New Jersey,23,"[0, 6, 3, 14]",,,,,,,
401445216,2022,6,regular,2022-10-08T22:30:00.000Z,False,True,False,True,,6133,Ellis Oval at Zimman Field,112,Tufts,iii,NESCAC,31,"[0, 21, 10, 0]",,,,340,Bowdoin,iii,NESCAC,13,"[0, 6, 0, 7]",,,,,,,
401424931,2022,6,regular,2022-10-08T23:00:00.000Z,False,True,False,True,,3896,Rice-Totten Field,2400,Mississippi Valley State,fcs,SWAC,7,"[0, 7, 0, 0]",,,,2016,Alcorn State,fcs,SWAC,30,"[7, 7, 0, 16]",,,,,,,
401415234,2022,6,regular,2022-10-08T23:00:00.000Z,False,True,False,True,14226,3971,University Stadium (NM),167,New Mexico,fbs,Mountain West,14,"[14, 0, 0, 0]",0.1157885417342186,1196,1183,2751,Wyoming,fbs,Mountain West,27,"[0, 7, 10, 10]",0.8842114582657814,1367,1380,4.738720275442578,,,
401431890,2022,6,regular,2022-10-08T23:00:00.000Z,False,True,False,True,,5869,LeGrand Stadium at 1st Community Credit Union Field,2025,Angelo State,ii,Lone Star,28,"[21, 0, 7, 0]",,,,2201,Eastern New Mexico,ii,Lone Star,9,"[6, 3, 0, 0]",,,,,,,
401431850,2022,6,regular,2022-10-08T23:00:00.000Z,False,True,False,True,,4851,Bazemore-Hyder Stadium,2673,Valdosta State,ii,Gulf South,31,"[14, 3, 7, 7]",,,,2695,West Alabama,ii,Gulf South,34,"[7, 13, 7, 7]",,,,,,,
401462517,2022,6,regular,2022-10-08T23:00:00.000Z,False,True,False,True,,3756,Homer Bryce Stadium,2617,Stephen F. Austin,fcs,Western Athletic,41,"[14, 10, 7, 10]",0.5340031385421753,,,2000,Abilene Christian,fcs,Western Athletic,38,"[0, 21, 10, 7]",0.4659968614578247,,,7.506558285697295,,,
401426343,2022,6,regular,2022-10-08T23:00:00.000Z,False,True,False,True,20083,3625,Centennial Bank Stadium,2032,Arkansas State,fbs,Sun Belt,20,"[0, 3, 10, 7]",0.0006478376600676261,1271,1239,256,James Madison,fbs,Sun Belt,42,"[0, 14, 7, 21]",0.9993521623399324,1496,1528,3.111529359,,,
401462219,2022,6,regular,2022-10-08T23:00:00.000Z,False,True,False,True,,4424,Husky Stadium,2277,Houston Christian,fcs,Southland,17,"[0, 0, 14, 3]",0.10895596444606781,,,2447,Nicholls,fcs,Southland,19,"[3, 3, 7, 6]",0.8910440355539322,,,10.170276890360263,,,
401431604,2022,6,regular,2022-10-08T23:00:00.000Z,False,True,False,False,,5917,Ratliff Stadium,110243,UT Permian Basin,ii,Lone Star,31,"[7, 14, 0, 3, 7]",,,,2829,Simon Fraser,ii,Lone Star,24,"[0, 9, 7, 8, 0]",,,,,,,
401426579,2022,6,regular,2022-10-08T23:00:00.000Z,False,True,False,False,,218,FIU Stadium,2229,Florida International,fbs,Conference USA,12,"[0, 0, 10, 2]",0,943,899,41,UConn,fbs,FBS Independents,33,"[7, 13, 6, 7]",1,1029,1073,3.4463959237807718,,,
401432797,2022,6,regular,2022-10-08T23:00:00.000Z,False,True,False,True,,4422,Valhalla Stadium,2757,Berry,iii,Southern Athletic,34,"[14, 7, 7, 6]",,,,2519,Rhodes,iii,Southern Athletic,0,"[0, 0, 0, 0]",,,,,,,
401426580,2022,6,regular,2022-10-08T23:00:00.000Z,False,True,False,True,16375,3776,Joe Aillet Stadium,2348,Louisiana Tech,fbs,Conference USA,41,"[20, 10, 0, 11]",1,1187,1214,2638,UTEP,fbs,Conference USA,31,"[3, 7, 0, 21]",0,1317,1290,3.3116474093140873,,,
401426346,2022,6,regular,2022-10-08T23:00:00.000Z,False,True,False,True,26017,3975,Veterans Memorial Stadium (AL),2653,Troy,fbs,Sun Belt,27,"[3, 7, 7, 10]",1,1427,1450,2572,Southern Miss,fbs,Sun Belt,10,"[0, 7, 3, 0]",0,1275,1252,4.456756637936563,,,
401415231,2022,6,regular,2022-10-08T23:00:00.000Z,False,True,False,True,19105,3905,Maverik Stadium,328,Utah State,fbs,Mountain West,34,"[10, 3, 7, 14]",0.9521238803863525,1414,1444,2005,Air Force,fbs,Mountain West,27,"[7, 7, 3, 10]",0.04787611961364746,1739,1709,5.526608159131398,,,
401426345,2022,6,regular,2022-10-08T23:00:00.000Z,False,True,False,True,25613,3644,Bobcat Stadium (TX),326,Texas State,fbs,Sun Belt,36,"[7, 17, 9, 3]",0.9880225658416748,1202,1263,2026,App State,fbs,Sun Belt,24,"[0, 3, 7, 14]",0.011977434158325195,1628,1567,2.638017267413003,,,
401430733,2022,6,regular,2022-10-08T23:00:00.000Z,False,True,False,True,,6064,Crain Family Stadium,319,Oklahoma Baptist,ii,Great American,13,"[0, 13, 0, 0]",,,,2033,Arkansas Tech,ii,Great American,34,"[14, 10, 3, 7]",,,,,,,
401404012,2022,6,regular,2022-10-08T23:30:00.000Z,False,True,False,True,63204,477,Los Angeles Memorial Coliseum,30,USC,fbs,Pac-12,30,"[10, 7, 7, 6]",0.9637287259101868,1708,1739,265,Washington State,fbs,Pac-12,14,"[0, 14, 0, 0]",0.03627127408981323,1674,1643,4.709762295615821,,,
401405106,2022,6,regular,2022-10-08T23:30:00.000Z,False,True,False,True,44910,3832,"Memorial Stadium (Champaign, IL)",356,Illinois,fbs,Big Ten,9,"[3, 3, 0, 3]",0.9584187269210815,1706,1707,2294,Iowa,fbs,Big Ten,6,"[3, 3, 0, 0]",0.04158127307891846,1701,1700,5.544399627736547,,,
401404088,2022,6,regular,2022-10-08T23:30:00.000Z,False,True,False,True,60561,3772,Jack Trice Stadium,66,Iowa State,fbs,Big 12,9,"[3, 3, 3, 0]",0.04902343824505806,1782,1776,2306,Kansas State,fbs,Big 12,10,"[7, 0, 0, 3]",0.9509765617549419,1680,1686,5.043917638738705,,,
401411131,2022,6,regular,2022-10-08T23:30:00.000Z,False,True,False,True,42138,3615,"Alumni Stadium (Chestnut Hill, MA)",103,Boston College,fbs,ACC,3,"[0, 3, 0, 0]",0.06442657858133316,1339,1317,228,Clemson,fbs,ACC,31,"[3, 7, 7, 14]",0.9355734214186668,1816,1838,4.1121570149549775,,,
401404138,2022,6,regular,2022-10-08T23:30:00.000Z,False,True,False,False,32524,3630,Allegacy Federal Credit Union Stadium,154,Wake Forest,fbs,ACC,45,"[14, 7, 17, 7]",0.9994871616363525,1679,1751,349,Army,fbs,FBS Independents,10,"[0, 0, 0, 10]",0.0005128383636474609,1476,1404,2.5315899660489536,,,
401403912,2022,6,regular,2022-10-08T23:30:00.000Z,False,True,False,True,61612,3683,Kroger Field,96,Kentucky,fbs,SEC,14,"[0, 7, 0, 7]",0.029825899749994278,1712,1675,2579,South Carolina,fbs,SEC,24,"[7, 0, 10, 7]",0.9701741002500057,1533,1570,5.4287843901029635,,,
401404127,2022,6,regular,2022-10-08T23:30:00.000Z,False,True,True,True,62742,6501,Allegiant Stadium,87,Notre Dame,fbs,FBS Independents,28,"[3, 15, 7, 3]",0.97029048204422,1790,1797,252,BYU,fbs,FBS Independents,20,"[6, 0, 7, 7]",0.02970951795578003,1636,1629,3.9855365621404064,,,
401432349,2022,6,regular,2022-10-09T00:00:00.000Z,False,True,True,True,,3803,Legion Field,60,Morehouse,ii,SIAC,14,"[0, 14, 0, 0]",,,,2657,Tuskegee,ii,SIAC,31,"[7, 7, 10, 7]",,,,,,,
401431904,2022,6,regular,2022-10-09T00:00:00.000Z,False,True,False,True,,6076,Javelina Stadium,2658,Texas A&M-Kingsville,ii,Lone Star,21,"[7, 7, 0, 7]",,,,2703,Western New Mexico,ii,Lone Star,17,"[14, 3, 0, 0]",,,,,,,
401403909,2022,6,regular,2022-10-09T00:00:00.000Z,False,True,False,True,100077,3657,Bryant-Denny Stadium,333,Alabama,fbs,SEC,24,"[0, 17, 7, 0]",0.9698603749275208,2190,2179,245,Texas A&M,fbs,SEC,20,"[0, 14, 3, 3]",0.030139625072479248,1658,1669,6.646669316735048,,,
401426344,2022,6,regular,2022-10-09T00:00:00.000Z,False,True,False,True,18448,3817,Malone Stadium,2433,UL Monroe,fbs,Sun Belt,21,"[7, 7, 7, 0]",0.3301374316215515,1090,1117,324,Coastal Carolina,fbs,Sun Belt,28,"[14, 14, 0, 0]",0.6698625683784485,1671,1644,6.3378387019368345,,,
401431931,2022,6,regular,2022-10-09T00:00:00.000Z,False,True,False,True,,5890,Lewis Field Stadium,2231,Fort Hays,ii,Mid America,14,"[0, 7, 7, 0]",,,,2687,Washburn,ii,Mid America,45,"[14, 10, 21, 0]",,,,,,,
401420879,2022,6,regular,2022-10-09T00:00:00.000Z,False,True,False,True,,3706,Eccles Coliseum,253,Southern Utah,fcs,Western Athletic,40,"[0, 10, 3, 27]",0.09780509769916534,,,2627,Tarleton State,fcs,Western Athletic,42,"[0, 14, 21, 7]",0.9021949023008347,,,4.8661252852699866,,,
401413238,2022,6,regular,2022-10-09T00:00:00.000Z,False,True,False,True,,3942,Stewart Stadium,2692,Weber State,fcs,Big Sky,45,"[14, 7, 10, 14]",1,,,331,Eastern Washington,fcs,Big Sky,21,"[7, 7, 7, 0]",0,,,10.22970904828482,,,
401411134,2022,6,regular,2022-10-09T00:00:00.000Z,False,True,False,True,56919,3670,Carter-Finley Stadium,152,NC State,fbs,ACC,19,"[3, 0, 10, 6]",0.6401042938232422,1652,1651,52,Florida State,fbs,ACC,17,"[0, 17, 0, 0]",0.3598957061767578,1564,1565,5.785908605257729,,,
401431897,2022,6,regular,2022-10-09T00:00:00.000Z,False,True,False,True,,6049,"Memorial Stadium (Wichita Falls, TX)",2395,Midwestern State,ii,Lone Star,26,"[10, 0, 13, 3]",,,,2704,West Texas,ii,Lone Star,38,"[14, 14, 7, 3]",,,,,,,
401415179,2022,6,regular,2022-10-09T01:00:00.000Z,False,True,False,True,,3757,Hornet Stadium,16,Sacramento State,fcs,Big Sky,55,"[7, 17, 21, 10]",0.9950507283210754,,,2458,Northern Colorado,fcs,Big Sky,7,"[0, 0, 7, 0]",0.0049492716789245605,,,2.8883101583987645,,,
401431595,2022,6,regular,2022-10-09T01:00:00.000Z,False,True,False,True,,5879,Tomlinson Stadium,2120,Central Washington,ii,Lone Star,14,"[0, 0, 7, 7]",,,,2848,Western Oregon,ii,Lone Star,16,"[0, 3, 0, 13]",,,,,,,
401404008,2022,6,regular,2022-10-09T01:00:00.000Z,False,True,False,True,50800,3619,Arizona Stadium,12,Arizona,fbs,Pac-12,22,"[3, 10, 3, 6]",0.02211885154247284,1361,1314,2483,Oregon,fbs,Pac-12,49,"[7, 21, 21, 0]",0.9778811484575272,1585,1632,3.397149506600032,,,
401415232,2022,6,regular,2022-10-09T01:45:00.000Z,False,True,False,True,37663,3653,Albertsons Stadium,68,Boise State,fbs,Mountain West,40,"[7, 13, 7, 13]",0.9953909516334534,1582,1619,278,Fresno State,fbs,Mountain West,20,"[7, 10, 3, 0]",0.004609048366546631,1487,1450,4.051365465529985,,,
401461255,2022,6,regular,2022-10-09T02:00:00.000Z,False,True,False,True,,6103,Merritt Field,2923,Pomona Pitzer,iii,So. Cal.,56,"[21, 14, 14, 7]",,,,2318,La Verne,iii,So. Cal.,7,"[7, 0, 0, 0]",,,,,,,
401432832,2022,6,regular,2022-10-09T02:00:00.000Z,False,True,False,True,,5811,William Rolland Stadium,2094,Cal Lutheran,iii,So. Cal.,14,"[0, 0, 7, 7]",,,,29,Redlands,iii,So. Cal.,35,"[14, 0, 7, 14]",,,,,,,
401415235,2022,6,regular,2022-10-09T02:30:00.000Z,False,True,False,True,33073,7311,Snapdragon Stadium,21,San Diego State,fbs,Mountain West,16,"[0, 3, 7, 6]",0.8673025780783628,1388,1385,62,Hawai'i,fbs,Mountain West,14,"[0, 0, 7, 7]",0.13269742192163725,1090,1093,4.1413785143,,,
401404010,2022,6,regular,2022-10-09T03:00:00.000Z,False,True,False,True,32482,3940,Stanford Stadium,24,Stanford,fbs,Pac-12,27,"[7, 10, 7, 3]",0.06105782464146614,1315,1325,204,Oregon State,fbs,Pac-12,28,"[0, 7, 3, 18]",0.9389421753585339,1559,1549,6.020558138822473,,,
401432378,2022,6,regular,2022-10-09T16:00:00.000Z,False,True,False,True,,3848,Multi-Sport Stadium,2038,Assumption,ii,Northeast 10,28,"[7, 7, 7, 7]",,,,112334,Franklin Pierce,ii,Northeast 10,14,"[0, 0, 0, 14]",,,,,,,
401426347,2022,7,regular,2022-10-12T23:30:00.000Z,False,True,False,True,19905,3775,Joan C. Edwards Stadium,276,Marshall,fbs,Sun Belt,13,"[0, 7, 0, 6]",0.3791927695274353,1539,1526,309,Louisiana,fbs,Sun Belt,23,"[3, 0, 13, 7]",0.6208072304725647,1631,1644,4.845963845836665,,,
401432150,2022,7,regular,2022-10-13T22:00:00.000Z,False,True,False,True,,6060,Grace P. Johnson Stadium,2882,UNC Pembroke,ii,Mountain East,45,"[14, 17, 7, 7]",,,,2707,West Virginia State,ii,Mountain East,24,"[7, 14, 3, 0]",,,,,,,
401432137,2022,7,regular,2022-10-13T23:00:00.000Z,False,True,False,True,,5943,Duvall-Rosier Field,2986,Fairmont State,ii,Mountain East,24,"[0, 0, 0, 21, 3]",,,,2699,West Liberty,ii,Mountain East,27,"[0, 0, 21, 0, 6]",,,,,,,
401415634,2022,7,regular,2022-10-13T23:00:00.000Z,False,True,False,True,41729,3652,FBC Mortgage Stadium,2116,UCF,fbs,American Athletic,70,"[14, 21, 21, 14]",0.9911304116249084,1672,1767,218,Temple,fbs,American Athletic,13,"[10, 3, 0, 0]",0.008869588375091553,1092,997,3.3534670900024115,,,
401404092,2022,7,regular,2022-10-13T23:00:00.000Z,False,True,False,True,45293,3842,Milan Puskar Stadium,277,West Virginia,fbs,Big 12,43,"[7, 10, 14, 12]",0.3849518597126007,1476,1481,239,Baylor,fbs,Big 12,40,"[3, 21, 7, 9]",0.6150481402873993,1733,1728,6.866542701473061,,,
401420782,2022,7,regular,2022-10-13T23:30:00.000Z,False,True,False,True,,3862,O'Kelly-Riddick Stadium,2428,North Carolina Central,fcs,MEAC,59,"[14, 28, 7, 10]",0.9911460876464844,,,2415,Morgan State,fcs,MEAC,20,"[7, 6, 0, 7]",0.008853912353515625,,,3.3959867439604148,,,
401446234,2022,7,regular,2022-10-14T22:00:00.000Z,False,True,False,True,,5835,Biddle Field,2175,Dickinson,iii,Centennial,26,"[7, 3, 13, 3]",,,,323,Moravian,iii,Centennial,7,"[0, 7, 0, 0]",,,,,,,
401455633,2022,7,regular,2022-10-14T23:00:00.000Z,False,True,False,True,,3881,Princeton University Stadium,163,Princeton,fcs,Ivy,35,"[7, 7, 14, 7]",,,,225,Brown,fcs,Ivy,19,"[3, 7, 0, 9]",,,,,,,
401456806,2022,7,regular,2022-10-14T23:00:00.000Z,False,True,True,False,,,,125974,Hilbert,iii,North Coast,0,"[0, 0, 0, 0]",,,,124179,Lincoln (CA),,,70,"[14, 35, 14, 7]",,,,,,,
401431034,2022,7,regular,2022-10-14T23:00:00.000Z,False,True,False,True,,5124,Homewood Field,118,Johns Hopkins,iii,Centennial,34,"[7, 20, 7, 0]",,,,2422,Muhlenberg,iii,Centennial,27,"[7, 7, 6, 7]",,,,,,,
401450142,2022,7,regular,2022-10-14T23:00:00.000Z,False,True,False,True,,6136,Patterson Field,2667,Ursinus,iii,Centennial,56,"[14, 21, 21, 0]",,,,2700,McDaniel,iii,Centennial,17,"[3, 7, 0, 7]",,,,,,,
401415635,2022,7,regular,2022-10-14T23:30:00.000Z,False,True,False,True,24583,3735,Gerald J. Ford Stadium,2567,SMU,fbs,American Athletic,40,"[10, 3, 20, 7]",0.9347970485687256,1574,1576,2426,Navy,fbs,American Athletic,34,"[0, 7, 7, 20]",0.06520295143127441,1471,1469,4.70193827672442,,,
401426584,2022,7,regular,2022-10-15T00:00:00.000Z,False,True,False,True,14122,218,FIU Stadium,2229,Florida International,fbs,Conference USA,10,"[0, 3, 0, 7]",0.003886427031829953,899,910,2636,UTSA,fbs,Conference USA,30,"[0, 17, 7, 6]",0.99611357296817,1523,1512,3.9914744528595367,,,
401435218,2022,7,regular,2022-10-15T00:00:00.000Z,False,True,False,True,,4854,Perkins Stadium,2745,Wisconsin Whitewater,iii,Wisconsin,24,"[7, 3, 7, 7]",,,,271,Wisconsin Oshkosh,iii,Wisconsin,3,"[0, 0, 0, 3]",,,,,,,
401433134,2022,7,regular,2022-10-15T16:00:00.000Z,False,True,False,True,,6033,Carl Smith Stadium,2842,UVA Wise,ii,South Atlantic,9,"[3, 3, 3, 0]",,,,2839,Tusculum,ii,South Atlantic,10,"[7, 0, 3, 0]",,,,,,,
401446230,2022,7,regular,2022-10-15T16:00:00.000Z,False,True,False,True,,3718,Tom Benson Hall of Fame Stadium,2682,Walsh,ii,Great Midwest Athletic,15,"[6, 9, 0, 0, 0]",,,,437,Lake Erie,ii,Great Midwest Athletic,22,"[7, 0, 0, 8, 7]",,,,,,,
401433034,2022,7,regular,2022-10-15T16:00:00.000Z,False,True,False,True,,5133,Ram Stadium (WV),2974,Shepherd,ii,Pennsylvania State Athletic,55,"[14, 7, 20, 14]",,,,210,Millersville,ii,Pennsylvania State Athletic,17,"[0, 17, 0, 0]",,,,,,,
401433402,2022,7,regular,2022-10-15T16:00:00.000Z,False,True,False,True,,6107,ECAV Stadium,2528,Rensselaer,iii,Liberty League,16,"[0, 2, 0, 14]",,,,174,Hobart,iii,Liberty League,13,"[0, 0, 6, 7]",,,,,,,
401435094,2022,7,regular,2022-10-15T16:00:00.000Z,False,True,False,True,,3717,Edwin Fauver Stadium,184,Rochester (NY),iii,Liberty League,12,"[3, 6, 3, 0]",,,,2085,Buffalo State,iii,Liberty League,6,"[0, 0, 0, 6]",,,,,,,
401443119,2022,7,regular,2022-10-15T16:00:00.000Z,False,True,False,True,,3920,Schmidt Stadium,398,Wilkes,iii,Mid Atlantic,28,"[7, 14, 7, 0]",,,,2969,Misericordia,iii,Mid Atlantic,0,"[0, 0, 0, 0]",,,,,,,
401441266,2022,7,regular,2022-10-15T16:00:00.000Z,False,True,False,True,,5824,Lions Stadium,2442,The College of New Jersey,iii,New Jersey,18,"[0, 7, 0, 11]",,,,2818,Montclair State,iii,New Jersey,15,"[0, 2, 6, 7]",,,,,,,
401405112,2022,7,regular,2022-10-15T16:00:00.000Z,False,True,False,True,45683,3832,"Memorial Stadium (Champaign, IL)",356,Illinois,fbs,Big Ten,26,"[7, 6, 7, 6]",0.9800713062286377,1707,1736,135,Minnesota,fbs,Big Ten,14,"[0, 7, 7, 0]",0.019928693771362305,1784,1755,3.7122508098674256,,,
401435145,2022,7,regular,2022-10-15T16:00:00.000Z,False,True,False,True,,5926,Henry G. Steinbrenner '27 Stadium,109,MIT,iii,NEWMAC,0,"[0, 0, 0, 0]",,,,2383,Merchant Marine,iii,NEWMAC,17,"[0, 0, 17, 0]",,,,,,,
401404094,2022,7,regular,2022-10-15T16:00:00.000Z,False,True,False,True,83874,3835,"Memorial Stadium (Norman, OK)",201,Oklahoma,fbs,Big 12,52,"[14, 21, 14, 3]",0.6592330467853718,1582,1584,2305,Kansas,fbs,Big 12,42,"[14, 7, 7, 14]",0.34076695321462824,1366,1364,4.9827436989,,,
401438617,2022,7,regular,2022-10-15T16:00:00.000Z,False,True,False,True,,6115,Toppa Field,2776,Salve Regina,iii,Commonwealth Coast,28,"[7, 7, 14, 0]",,,,2702,Western New England,iii,Commonwealth Coast,25,"[0, 10, 7, 8]",,,,,,,
401432884,2022,7,regular,2022-10-15T16:00:00.000Z,False,True,False,True,,6092,Bishop Stadium,286,North Carolina Wesleyan,iii,USA South,33,"[14, 13, 6, 0]",,,,291,Methodist,iii,USA South,34,"[10, 10, 7, 7]",,,,,,,
401441932,2022,7,regular,2022-10-15T16:00:00.000Z,False,True,False,True,,5851,Shirk Field at Musselman Stadium,2248,Gettysburg,iii,Centennial,7,"[7, 0, 0, 0]",,,,216,Susquehanna,iii,Centennial,41,"[14, 7, 6, 14]",,,,,,,
401429856,2022,7,regular,2022-10-15T16:00:00.000Z,False,True,False,True,,5873,Bulldogs Stadium,2075,Bowie State,ii,CIAA,14,[],,,,2676,Virginia Union,ii,CIAA,41,[],,,,,,,
401403920,2022,7,regular,2022-10-15T16:00:00.000Z,False,True,False,True,65243,3974,Vaught-Hemingway Stadium,145,Ole Miss,fbs,SEC,48,"[14, 14, 10, 10]",0.8644012808799744,1766,1775,2,Auburn,fbs,SEC,34,"[0, 17, 14, 3]",0.13559871912002563,1529,1520,4.0822972831720605,,,
401459909,2022,7,regular,2022-10-15T16:00:00.000Z,False,True,False,True,,5638,Dave Wolk Stadium,293,Vermont State Castleton,iii,ECFC,36,"[0, 7, 0, 29]",,,,2951,SUNY Maritime,iii,ECFC,33,"[0, 14, 6, 13]",,,,,,,
401422981,2022,7,regular,2022-10-15T16:00:00.000Z,False,True,False,False,,3997,Yale Bowl,43,Yale,fcs,Ivy,29,"[0, 7, 9, 13]",,,,2083,Bucknell,fcs,Patriot,9,"[3, 0, 6, 0]",,,,,,,
401433010,2022,7,regular,2022-10-15T16:00:00.000Z,False,True,False,True,,4440,Sox Harrison Stadium,2205,Edinboro,ii,Pennsylvania State Athletic,0,"[0, 0, 0, 0]",,,,2291,IU Pennsylvania,ii,Pennsylvania State Athletic,41,"[13, 22, 6, 0]",,,,,,,
401404139,2022,7,regular,2022-10-15T16:00:00.000Z,False,True,False,False,28896,3841,Michie Stadium,349,Army,fbs,FBS Independents,42,"[14, 14, 14, 0]",0.9896908402442932,1398,1398,2142,Colgate,fcs,Patriot,17,"[10, 7, 0, 0]",0.010309159755706787,,,3.3359862222861674,,,
401426348,2022,7,regular,2022-10-15T16:00:00.000Z,False,True,False,True,16814,3654,Brooks Stadium (SC),324,Coastal Carolina,fbs,Sun Belt,21,"[0, 7, 7, 7]",0,1644,1526,295,Old Dominion,fbs,Sun Belt,49,"[7, 7, 21, 14]",1,1351,1469,5.031168911189235,,,
401416622,2022,7,regular,2022-10-15T16:00:00.000Z,False,True,False,True,7841,3700,Doyt L. Perry Stadium,189,Bowling Green,fbs,Mid-American,17,"[0, 7, 3, 7]",0.9922307133674622,1092,1107,193,Miami (OH),fbs,Mid-American,13,"[3, 7, 3, 0]",0.007769286632537842,1451,1436,5.5823608476742725,,,
401431155,2022,7,regular,2022-10-15T16:00:00.000Z,False,True,False,True,,5925,David Person Field,2354,Lycoming,iii,Mid Atlantic,10,"[3, 0, 7, 0]",,,,471,Stevenson,iii,Mid Atlantic,24,"[0, 0, 14, 10]",,,,,,,
401404093,2022,7,regular,2022-10-15T16:00:00.000Z,False,True,False,True,100072,3910,DKR-Texas Memorial Stadium,251,Texas,fbs,Big 12,24,"[0, 14, 3, 7]",0.8687171339988708,1898,1897,66,Iowa State,fbs,Big 12,21,"[7, 0, 7, 7]",0.13128286600112915,1776,1777,5.7833144906435265,,,
401432585,2022,7,regular,2022-10-15T16:00:00.000Z,False,True,False,True,,5906,McBride Field,352,Kenyon,iii,North Coast,41,"[7, 14, 7, 13]",,,,2748,Wooster,iii,North Coast,42,"[21, 14, 0, 7]",,,,,,,
401433127,2022,7,regular,2022-10-15T16:00:00.000Z,False,True,False,True,,4750,The Reservation,2336,Limestone,ii,South Atlantic,21,"[0, 7, 7, 7, 0]",,,,351,Wingate,ii,South Atlantic,28,"[0, 0, 0, 21, 7]",,,,,,,
401431846,2022,7,regular,2022-10-15T16:00:00.000Z,False,True,False,False,,4015,Barron Stadium,2560,Shorter,ii,Gulf South,26,"[0, 3, 7, 16]",,,,110242,West Florida,ii,Gulf South,50,"[14, 3, 10, 23]",,,,,,,
401416619,2022,7,regular,2022-10-15T16:00:00.000Z,False,True,False,True,14814,3768,InfoCision Stadium,2006,Akron,fbs,Mid-American,21,"[7, 0, 7, 7]",0.006037510403887617,947,966,2117,Central Michigan,fbs,Mid-American,28,"[7, 7, 7, 7]",0.9939624895961123,1408,1389,6.1496615565,,,
401430991,2022,7,regular,2022-10-15T16:00:00.000Z,False,True,False,False,,5852,Jamieson Stadium,2256,Greensboro,iii,USA South,7,"[7, 0, 0, 0]",,,,2056,Belhaven,iii,USA South,59,"[21, 24, 14, 0]",,,,,,,
401435080,2022,7,regular,2022-10-15T16:00:00.000Z,False,True,False,True,,36,Leonidoff Field,2368,Marist,fcs,Pioneer,7,"[0, 0, 0, 7]",,,,2168,Dayton,fcs,Pioneer,24,"[0, 7, 3, 14]",,,,,,,
401460112,2022,7,regular,2022-10-15T16:00:00.000Z,False,True,False,True,,5127,Gene L. Shirk Stadium,2015,Albright,iii,Mid Atlantic,21,"[0, 0, 14, 7, 0]",,,,247,King's,iii,Mid Atlantic,27,"[7, 14, 0, 0, 6]",,,,,,,
401432547,2022,7,regular,2022-10-15T16:00:00.000Z,False,True,False,True,,5831,Dale Lippert Field,110438,Dean,iii,ECFC,23,"[9, 7, 7, 0]",,,,417,Gallaudet,iii,ECFC,26,"[0, 6, 6, 14]",,,,,,,
401431569,2022,7,regular,2022-10-15T16:00:00.000Z,False,True,False,True,,5934,Farmers Insurance Athletic Complex,110254,Davenport,ii,GLIAC,47,"[7, 14, 6, 20]",,,,131,Wayne State (MI),ii,GLIAC,43,"[7, 14, 7, 15]",,,,,,,
401432632,2022,7,regular,2022-10-15T16:00:00.000Z,False,True,False,True,,5905,Kean Alumni Stadium,2871,Kean,iii,New Jersey,13,"[3, 10, 0, 0]",,,,3112,Christopher Newport,iii,New Jersey,24,"[14, 7, 0, 3]",,,,,,,
401438626,2022,7,regular,2022-10-15T16:00:00.000Z,False,True,False,True,,5794,Caparso Field,15,Anna Maria College,iii,ECFC,39,"[7, 0, 18, 14]",,,,122774,Keystone,iii,ECFC,41,"[3, 17, 14, 7]",,,,,,,
401438654,2022,7,regular,2022-10-15T16:00:00.000Z,False,True,False,True,,5845,Elliot Field Athletic Complex,114,Fitchburg State,iii,MSCAC,7,"[0, 0, 0, 7]",,,,2972,Plymouth State,iii,MSCAC,42,"[7, 28, 0, 7]",,,,,,,
401438669,2022,7,regular,2022-10-15T16:00:00.000Z,False,True,False,True,,6119,Stagg Field,81,Springfield,iii,NEWMAC,69,"[24, 24, 14, 7]",,,,2467,Norwich,iii,NEWMAC,20,"[0, 6, 14, 0]",,,,,,,
401405115,2022,7,regular,2022-10-15T16:00:00.000Z,False,True,False,True,110812,3558,Michigan Stadium,130,Michigan,fbs,Big Ten,41,"[6, 10, 15, 10]",0.9980757832527161,1999,2037,213,Penn State,fbs,Big Ten,17,"[0, 14, 3, 0]",0.0019242167472839355,1804,1766,4.004786482546538,,,
401432891,2022,7,regular,2022-10-15T16:30:00.000Z,False,True,False,True,,5916,Carson Park,2738,Wisconsin Eau Claire,iii,Wisconsin,21,"[0, 7, 7, 7]",,,,2740,Wisconsin La Crosse,iii,Wisconsin,51,"[14, 13, 10, 14]",,,,,,,
401411140,2022,7,regular,2022-10-15T16:30:00.000Z,False,True,False,True,65632,3799,Lane Stadium,259,Virginia Tech,fbs,ACC,14,"[0, 0, 0, 14]",0.03227633982896805,1319,1323,2390,Miami,fbs,ACC,20,"[10, 7, 3, 0]",0.967723660171032,1534,1530,3.1868694038318663,,,
401431537,2022,7,regular,2022-10-15T17:00:00.000Z,False,True,False,True,,3960,Top Taggart Field,2222,Ferris State,ii,GLIAC,21,"[7, 7, 7, 0]",,,,125,Grand Valley State,ii,GLIAC,22,"[7, 3, 0, 12]",,,,,,,
401432846,2022,7,regular,2022-10-15T17:00:00.000Z,False,True,False,True,,3843,MLC Bowl,446,Martin Luther,iii,Upper Midwest,34,"[7, 0, 27, 0]",,,,109418,Finlandia University,iii,Upper Midwest,0,"[0, 0, 0, 0]",,,,,,,
401442045,2022,7,regular,2022-10-15T17:00:00.000Z,False,True,False,True,,3668,Campus Field,2529,Sacred Heart,fcs,NEC,40,"[3, 17, 14, 6]",0.9890381693840027,,,284,Stonehill,fcs,NEC,27,"[0, 7, 7, 13]",0.010961830615997314,,,8.305485040583996,,,
401414783,2022,7,regular,2022-10-15T17:00:00.000Z,False,True,False,False,13378,3985,Warren McGuirk Alumni Stadium,113,Massachusetts,fbs,FBS Independents,7,"[0, 7, 0, 0]",0.10330689698457718,908,896,2084,Buffalo,fbs,Mid-American,34,"[3, 21, 3, 7]",0.8966931030154228,1458,1470,3.0357152786916846,,,
401438688,2022,7,regular,2022-10-15T17:00:00.000Z,False,True,False,True,,6150,Wightman Stadium,2970,William Paterson,iii,New Jersey,9,"[0, 7, 0, 2]",,,,2827,Rowan,iii,New Jersey,14,"[7, 0, 7, 0]",,,,,,,
401435126,2022,7,regular,2022-10-15T17:00:00.000Z,False,True,False,True,,6079,Alumni Stadium (VT),2394,Middlebury,iii,NESCAC,21,"[0, 0, 7, 14]",,,,2977,Trinity (CT),iii,NESCAC,27,"[7, 7, 7, 6]",,,,,,,
401435191,2022,7,regular,2022-10-15T17:00:00.000Z,False,True,False,True,,6108,Crain Field,2519,Rhodes,iii,Southern Athletic,0,"[0, 0, 0, 0]",,,,386,Trinity (TX),iii,Southern Athletic,45,"[7, 17, 14, 7]",,,,,,,
401437001,2022,7,regular,2022-10-15T17:00:00.000Z,False,True,False,True,,5902,Knox Stadium,246,Juniata,iii,Centennial,13,"[6, 0, 0, 7]",,,,2234,Franklin & Marshall,iii,Centennial,38,"[14, 14, 7, 3]",,,,,,,
401431199,2022,7,regular,2022-10-15T17:00:00.000Z,False,True,False,True,,5790,Bahlke Field,2800,Alma,iii,Michigan,28,"[7, 7, 14, 0]",,,,2812,Hope,iii,Michigan,26,"[3, 14, 0, 9]",,,,,,,
401432792,2022,7,regular,2022-10-15T17:00:00.000Z,False,True,False,True,,6146,Memorial Field (PA),2849,Westminster (PA),iii,Presidents',41,"[7, 6, 21, 7]",,,,2644,Thiel,iii,Presidents',6,"[0, 0, 6, 0]",,,,,,,
401432754,2022,7,regular,2022-10-15T17:00:00.000Z,False,True,False,True,,6139,Cameron Stadium,2686,Washington & Jefferson,iii,Presidents',7,"[0, 7, 0, 0]",,,,2102,Carnegie Mellon,iii,Presidents',12,"[0, 0, 3, 9]",,,,,,,
401455578,2022,7,regular,2022-10-15T17:00:00.000Z,False,True,False,True,,3848,Multi-Sport Stadium,2038,Assumption,ii,Northeast 10,3,"[0, 0, 0, 3]",,,,2060,Bentley,ii,Northeast 10,10,"[0, 7, 3, 0]",,,,,,,
401432123,2022,7,regular,2022-10-15T17:00:00.000Z,False,True,False,True,,6212,Bishop Schmitt Field,112335,Wheeling,ii,Mountain East,31,[],,,,341,Frostburg State,ii,Mountain East,27,[],,,,,,,
401438645,2022,7,regular,2022-10-15T17:00:00.000Z,False,True,False,True,,3621,Arnold Field (PA),388,Lebanon Valley,iii,Mid Atlantic,10,"[3, 0, 7, 0]",,,,2808,Delaware Valley,iii,Mid Atlantic,34,"[14, 0, 14, 6]",,,,,,,
401441944,2022,7,regular,2022-10-15T17:00:00.000Z,False,True,False,True,,5125,Stadium Red Field,2782,SUNY Cortland,iii,Empire 8,69,"[21, 14, 14, 20]",,,,173,Hartwick,iii,Empire 8,7,"[0, 0, 0, 7]",,,,,,,
401431251,2022,7,regular,2022-10-15T17:00:00.000Z,False,True,False,True,,5933,Sea Foam Stadium,134,Minnesota Duluth,ii,Northern Sun,53,"[7, 12, 20, 14]",,,,3066,Concordia St. Paul,ii,Northern Sun,7,"[0, 0, 7, 0]",,,,,,,
401431836,2022,7,regular,2022-10-15T17:00:00.000Z,False,True,False,True,,6061,Younts Stadium,2822,North Greenville,ii,Gulf South,35,"[7, 14, 7, 7]",,,,2698,West Georgia,ii,Gulf South,38,"[7, 10, 14, 7]",,,,,,,
401432982,2022,7,regular,2022-10-15T17:00:00.000Z,False,True,False,True,,3760,Hubert Jack Stadium,209,Lock Haven,ii,Pennsylvania State Athletic,9,"[3, 0, 6, 0]",,,,2071,Bloomsburg,ii,Pennsylvania State Athletic,17,"[0, 10, 7, 0]",,,,,,,
401438665,2022,7,regular,2022-10-15T17:00:00.000Z,False,True,False,True,,6105,Day Field,2516,Randolph Macon,iii,Old Dominion,44,"[14, 10, 13, 7]",,,,2079,Bridgewater,iii,Old Dominion,7,"[0, 7, 0, 0]",,,,,,,
401431556,2022,7,regular,2022-10-15T17:00:00.000Z,False,True,False,False,,3747,Hantz Stadium,2886,Northwood,ii,Great Midwest Athletic,7,"[0, 7, 0, 0]",,,,2273,Hillsdale,ii,Great Midwest Athletic,41,"[6, 7, 14, 14]",,,,,,,
401432105,2022,7,regular,2022-10-15T17:00:00.000Z,False,True,False,True,,3667,Callaghan Stadium,2148,Concord,ii,Mountain East,68,"[14, 21, 6, 27]",,,,2128,Charleston (WV),ii,Mountain East,60,"[13, 20, 17, 10]",,,,,,,
401432620,2022,7,regular,2022-10-15T17:00:00.000Z,False,True,False,True,,5123,Little Giant Stadium,89,Wabash,iii,North Coast,41,"[6, 21, 14, 0]",,,,2980,Ohio Wesleyan,iii,North Coast,24,"[0, 10, 0, 14]",,,,,,,
401432798,2022,7,regular,2022-10-15T17:00:00.000Z,False,True,False,True,,5818,Farris Stadium,2121,Centre,iii,Southern Athletic,30,"[0, 10, 7, 7, 6]",,,,2757,Berry,iii,Southern Athletic,31,"[3, 0, 0, 21, 7]",,,,,,,
401432721,2022,7,regular,2022-10-15T17:00:00.000Z,False,True,False,False,,5896,Lewis C. Everett Stadium,297,Hampden Sydney,iii,Old Dominion,37,"[23, 7, 7, 0]",,,,2047,Averett,iii,Old Dominion,26,"[6, 9, 3, 8]",,,,,,,
401432398,2022,7,regular,2022-10-15T17:00:00.000Z,False,True,False,True,,3606,Scheels Field at Nemzek Stadium,2817,Minnesota St Moorhead,ii,Northern Sun,7,"[0, 7, 0, 0]",,,,132,Bemidji State,ii,Northern Sun,46,"[9, 20, 10, 7]",,,,,,,
401432786,2022,7,regular,2022-10-15T17:00:00.000Z,False,True,False,True,,5803,Bison Stadium,2062,Bethany (WV),iii,Presidents',17,"[3, 7, 7, 0]",,,,2845,Waynesburg,iii,Presidents',34,"[6, 14, 7, 7]",,,,,,,
401455637,2022,7,regular,2022-10-15T17:00:00.000Z,False,True,False,True,,4855,Leslie C. Quick Jr. Stadium,2725,Widener,iii,Mid Atlantic,16,"[0, 0, 9, 7]",,,,111674,Alvernia,iii,Mid Atlantic,19,"[0, 13, 6, 0]",,,,,,,
401418647,2022,7,regular,2022-10-15T17:00:00.000Z,False,True,False,True,,4899,Fifth Third Stadium,338,Kennesaw State,fcs,Atlantic Sun,24,"[7, 3, 7, 7]",0.02492992952466011,,,2110,Central Arkansas,fcs,Atlantic Sun,51,"[7, 20, 7, 17]",0.9750700704753399,,,4.027037593766839,,,
401433055,2022,7,regular,2022-10-15T17:00:00.000Z,False,True,False,True,,4430,Mihalik-Thompson Stadium,215,Slippery Rock,ii,Pennsylvania State Athletic,40,"[3, 14, 16, 7]",,,,367,Gannon,ii,Pennsylvania State Athletic,14,"[0, 0, 7, 7]",,,,,,,
401415200,2022,7,regular,2022-10-15T17:00:00.000Z,False,True,False,True,,3730,Franklin Field,219,Pennsylvania,fcs,Ivy,34,"[10, 14, 10, 0]",0.9937856197357178,,,171,Columbia,fcs,Ivy,14,"[0, 0, 7, 7]",0.0062143802642822266,,,3.6558935126899152,,,
401432840,2022,7,regular,2022-10-15T17:00:00.000Z,False,True,False,True,,5829,Old National Bank Stadium,509,Crown,iii,Upper Midwest,27,"[7, 7, 13, 0]",,,,2399,Minnesota Morris,iii,Upper Midwest,0,"[0, 0, 0, 0]",,,,,,,
401423148,2022,7,regular,2022-10-15T17:00:00.000Z,False,True,False,True,,3897,Richardson Stadium,2166,Davidson,fcs,Pioneer,28,"[7, 21, 0, 0]",0.6213964819908142,,,2413,Morehead State,fcs,Pioneer,26,"[7, 10, 3, 6]",0.3786035180091858,,,5.976117594125985,,,
401455636,2022,7,regular,2022-10-15T17:00:00.000Z,False,True,False,True,,6066,Pace Stadium,2487,Pace,ii,Northeast 10,45,"[7, 13, 3, 22]",,,,2022,American International,ii,Northeast 10,34,"[7, 7, 0, 20]",,,,,,,
401431046,2022,7,regular,2022-10-15T17:00:00.000Z,False,True,False,True,,5830,Walter M. Katz Field,40,Curry,iii,Commonwealth Coast,26,"[2, 10, 0, 14]",,,,2280,Husson,iii,Commonwealth Coast,38,"[7, 7, 10, 14]",,,,,,,
401431062,2022,7,regular,2022-10-15T17:00:00.000Z,False,True,False,True,,5637,Vendetti Field,2884,Nichols,iii,Commonwealth Coast,12,"[7, 0, 3, 2]",,,,111675,New England,iii,Commonwealth Coast,31,"[10, 7, 0, 14]",,,,,,,
401435203,2022,7,regular,2022-10-15T17:00:00.000Z,False,True,False,True,,6117,Knight Stadium,2896,Southern Virginia,iii,USA South,7,"[0, 0, 0, 7]",,,,2373,Maryville (TN),iii,USA South,45,"[13, 12, 13, 7]",,,,,,,
401423428,2022,7,regular,2022-10-15T17:00:00.000Z,False,True,False,True,,6043,Bethpage Federal Credit Union Stadium,2341,Long Island University,fcs,NEC,7,"[7, 0, 0, 0]",0.012908111326396465,,,2598,Saint Francis,fcs,NEC,57,"[7, 16, 17, 17]",0.9870918886736035,,,4.744967755866785,,,
401424407,2022,7,regular,2022-10-15T17:00:00.000Z,False,True,False,True,,3607,Alfond Stadium,311,Maine,fcs,CAA,38,"[7, 14, 14, 3]",0.8099736571311951,,,2405,Monmouth,fcs,CAA,28,"[7, 7, 6, 8]",0.19002634286880493,,,3.6240216492958526,,,
401432730,2022,7,regular,2022-10-15T17:00:00.000Z,False,True,False,True,,6116,Shentel Stadium,2828,Shenandoah,iii,Old Dominion,38,"[14, 14, 7, 3]",,,,2258,Guilford,iii,Old Dominion,35,"[14, 14, 0, 7]",,,,,,,
401424397,2022,7,regular,2022-10-15T17:00:00.000Z,False,True,False,True,,3824,Meade Stadium,227,Rhode Island,fcs,CAA,17,"[0, 3, 7, 7]",0.9529563784599304,,,2210,Elon,fcs,CAA,10,"[3, 7, 0, 0]",0.04704362154006958,,,4.74785350093607,,,
401435488,2022,7,regular,2022-10-15T17:00:00.000Z,False,True,False,False,,3603,Aggie Stadium,2448,North Carolina A&T,fcs,Big South,45,"[17, 14, 7, 7]",0.9746388792991638,,,2206,Edward Waters,ii,SIAC,7,"[0, 0, 7, 0]",0.02536112070083618,,,2.143245444717487,,,
401428192,2022,7,regular,2022-10-15T17:00:00.000Z,False,True,False,True,,3629,Barker-Lane Stadium,2097,Campbell,fcs,Big South,41,"[7, 27, 0, 7]",,,,2523,Robert Morris,fcs,Big South,10,"[10, 0, 0, 0]",,,,,,,
401431112,2022,7,regular,2022-10-15T17:00:00.000Z,False,True,False,True,,5788,Merrill Field at Yunevich Stadium,365,Alfred,iii,Empire 8,7,"[7, 0, 0, 0]",,,,374,St. John Fisher,iii,Empire 8,21,"[0, 0, 7, 14]",,,,,,,
401432555,2022,7,regular,2022-10-15T17:00:00.000Z,False,True,False,True,,5862,Butterfield Stadium,175,Ithaca,iii,Liberty League,40,"[6, 3, 24, 7]",,,,2779,St. Lawrence,iii,Liberty League,0,"[0, 0, 0, 0]",,,,,,,
401432768,2022,7,regular,2022-10-15T17:00:00.000Z,False,True,False,True,,3677,Chuck Noll Field,2614,Saint Vincent,iii,Presidents',41,"[7, 14, 6, 14]",,,,2242,Geneva,iii,Presidents',25,"[3, 14, 0, 8]",,,,,,,
401432130,2022,7,regular,2022-10-15T17:00:00.000Z,False,True,False,True,,5784,Cebe Ross Field,455,West Virginia Wesleyan,ii,Mountain East,9,"[6, 3, 0, 0]",,,,587,Notre Dame College,ii,Mountain East,41,"[10, 14, 14, 3]",,,,,,,
401430719,2022,7,regular,2022-10-15T17:00:00.000Z,False,True,False,True,,6068,George Williams Athletic Complex,395,St. Augustine's,ii,CIAA,28,"[14, 7, 7, 0]",,,,2304,Johnson C. Smith,ii,CIAA,25,"[6, 5, 0, 14]",,,,,,,
401429866,2022,7,regular,2022-10-15T17:00:00.000Z,False,True,False,True,,5941,Roebuck Stadium,2207,Elizabeth City State,ii,CIAA,21,"[0, 7, 8, 6]",,,,2339,Lincoln (PA),ii,CIAA,19,"[7, 3, 3, 6]",,,,,,,
401431260,2022,7,regular,2022-10-15T17:00:00.000Z,False,True,False,True,,6084,April Zorn Memorial Stadium,2919,Monmouth (IL),iii,Midwest,64,"[21, 21, 14, 8]",,,,266,Beloit,iii,Midwest,0,"[0, 0, 0, 0]",,,,,,,
401430699,2022,7,regular,2022-10-15T17:00:00.000Z,False,True,False,True,,5220,Garrison Stadium,2804,Chowan,ii,CIAA,43,"[14, 14, 0, 15]",,,,330,Virginia State,ii,CIAA,40,"[0, 12, 14, 14]",,,,,,,
401423434,2022,7,regular,2022-10-15T17:00:00.000Z,False,True,False,True,,6048,Duane Stadium,2771,Merrimack,fcs,NEC,54,"[0, 12, 21, 21]",0.9989636477754223,,,2681,Wagner,fcs,NEC,17,"[7, 7, 3, 0]",0.0010363522245776524,,,5.837672308,,,
401415408,2022,7,regular,2022-10-15T17:00:00.000Z,False,True,False,False,,3921,Schoellkopf Field,172,Cornell,fcs,Ivy,19,"[7, 3, 6, 3]",0.12185158580541611,,,2329,Lehigh,fcs,Patriot,15,"[6, 9, 0, 0]",0.8781484141945839,,,9.205799496722745,,,
401431213,2022,7,regular,2022-10-15T17:00:00.000Z,False,True,False,True,,6100,Cutler Field,354,Olivet,iii,Michigan,37,"[7, 7, 7, 3, 7, 6, 0]",,,,2651,Trine,iii,Michigan,39,"[6, 0, 8, 10, 7, 6, 2]",,,,,,,
401433017,2022,7,regular,2022-10-15T17:00:00.000Z,False,True,False,True,,4429,Seth Grove Stadium,2559,Shippensburg,ii,Pennsylvania State Athletic,10,"[7, 3, 0, 0]",,,,2315,Kutztown,ii,Pennsylvania State Athletic,29,"[7, 9, 6, 7]",,,,,,,
401437189,2022,7,regular,2022-10-15T17:00:00.000Z,False,True,False,False,,6058,Ralph F. DellaCamera Stadium,2441,New Haven,ii,Northeast 10,67,"[21, 20, 19, 7]",,,,126086,Post,ii,Independent DII,20,"[7, 7, 0, 6]",,,,,,,
401431547,2022,7,regular,2022-10-15T17:00:00.000Z,False,True,False,True,,3927,Sherman Field,2392,Michigan Tech,ii,GLIAC,21,"[0, 7, 7, 7]",,,,128,Northern Michigan,ii,GLIAC,7,"[0, 0, 0, 7]",,,,,,,
401444599,2022,7,regular,2022-10-15T17:00:00.000Z,False,True,False,True,,5689,Seaverns Field At Harold Alfond Stadium,33,Colby,iii,NESCAC,17,"[0, 0, 14, 3]",,,,7,Amherst,iii,NESCAC,12,"[0, 3, 0, 9]",,,,,,,
401435136,2022,7,regular,2022-10-15T17:30:00.000Z,False,True,False,True,,5822,Cadet Memorial Field,2557,Coast Guard,iii,NEWMAC,17,"[0, 14, 0, 3]",,,,2108,Catholic,iii,NEWMAC,24,"[7, 7, 10, 0]",,,,,,,
401421131,2022,7,regular,2022-10-15T17:30:00.000Z,False,True,False,True,,3720,Finley Stadium,236,Chattanooga,fcs,Southern,41,"[21, 10, 0, 10]",0.9932210445404053,,,2678,VMI,fcs,Southern,13,"[7, 0, 6, 0]",0.0067789554595947266,,,3.7983284834957445,,,
401418607,2022,7,regular,2022-10-15T17:30:00.000Z,False,True,False,False,,3826,Memorial Field,159,Dartmouth,fcs,Ivy,0,"[0, 0, 0, 0]",0,,,160,New Hampshire,fcs,CAA,14,"[7, 7, 0, 0]",1,,,12.390448035174648,,,
401432666,2022,7,regular,2022-10-15T17:30:00.000Z,False,True,False,True,,5801,George Finnie Stadium,188,Baldwin Wallace,iii,Ohio,35,"[7, 14, 14, 0]",,,,332,Muskingum,iii,Ohio,21,"[0, 7, 14, 0]",,,,,,,
401430712,2022,7,regular,2022-10-15T17:30:00.000Z,False,True,False,True,,3612,Alumni Memorial Stadium (NC),2940,Livingstone,ii,CIAA,7,"[0, 7, 0, 0]",,,,2220,Fayetteville State,ii,CIAA,44,"[14, 14, 3, 13]",,,,,,,
401431122,2022,7,regular,2022-10-15T17:30:00.000Z,False,True,False,True,,3716,"Stewart """"Red"""" Faught Stadium",2233,Franklin,iii,Heartland,48,"[6, 21, 7, 14]",,,,190,Defiance College,iii,Heartland,19,"[0, 6, 6, 7]",,,,,,,
401432675,2022,7,regular,2022-10-15T17:30:00.000Z,False,True,False,True,,6098,Dial-Roberson Stadium,427,Ohio Northern,iii,Ohio,7,"[0, 7, 0, 0]",,,,2302,John Carroll,iii,Ohio,24,"[7, 10, 7, 0]",,,,,,,
401413208,2022,7,regular,2022-10-15T17:30:00.000Z,False,True,False,True,,3737,Gibbs Stadium,2747,Wofford,fcs,Southern,31,"[7, 17, 7, 0]",0.9316260814666748,,,2643,The Citadel,fcs,Southern,16,"[0, 7, 0, 9]",0.0683739185333252,,,5.287945702039163,,,
401431132,2022,7,regular,2022-10-15T17:30:00.000Z,False,True,False,True,,5930,Carl W. Burt Memorial Stadium,2362,Manchester,iii,Heartland,20,"[7, 7, 0, 6]",,,,2262,Hanover,iii,Heartland,51,"[14, 14, 16, 7]",,,,,,,
401431140,2022,7,regular,2022-10-15T17:30:00.000Z,False,True,False,True,,5793,Macholtz Stadium,2023,Anderson (IN),iii,Heartland,3,"[0, 3, 0, 0]",,,,2419,Mount St Joseph,iii,Heartland,59,"[14, 21, 14, 10]",,,,,,,
401432685,2022,7,regular,2022-10-15T17:30:00.000Z,False,True,False,True,,5812,Bernlohr Stadium,424,Capital,iii,Ohio,14,"[0, 0, 7, 7]",,,,426,Mount Union,iii,Ohio,49,"[21, 14, 7, 7]",,,,,,,
401431148,2022,7,regular,2022-10-15T17:30:00.000Z,False,True,False,True,,5805,Alumni Field (OH),2074,Bluffton,iii,Heartland,20,"[7, 0, 7, 6]",,,,86,Rose Hulman,iii,Heartland,48,"[28, 7, 6, 7]",,,,,,,
401435185,2022,7,regular,2022-10-15T17:30:00.000Z,False,True,False,True,,5931,Don Drumm Stadium,317,Marietta,iii,Ohio,34,"[7, 7, 13, 7]",,,,2733,Wilmington (OH),iii,Ohio,0,"[0, 0, 0, 0]",,,,,,,
401455586,2022,7,regular,2022-10-15T17:30:00.000Z,False,True,False,True,,6151,Farley-Lamb Field,2731,Williams,iii,NESCAC,13,"[0, 6, 0, 7]",,,,348,Hamilton,iii,NESCAC,15,"[6, 0, 2, 7]",,,,,,,
401432096,2022,7,regular,2022-10-15T17:30:00.000Z,False,True,False,True,,5887,I.L. & Sue Morris Stadium,2249,Glenville State,ii,Mountain East,31,"[3, 14, 0, 14]",,,,2017,Alderson-Broaddus,ii,Mountain East,12,"[0, 0, 0, 12]",,,,,,,
401430675,2022,7,regular,2022-10-15T17:30:00.000Z,False,True,False,True,,3649,Bowman Gray Stadium,2736,Winston-Salem State,ii,CIAA,17,"[3, 7, 7, 0]",,,,2551,Shaw,ii,CIAA,10,"[0, 10, 0, 0]",,,,,,,
401428476,2022,7,regular,2022-10-15T17:30:00.000Z,False,True,False,False,,3864,Oliver C. Dawson Stadium,2569,South Carolina State,fcs,MEAC,36,"[21, 0, 8, 7]",,,,2355,Virginia Lynchburg,,,0,"[0, 0, 0, 0]",,,,,,,
401431514,2022,7,regular,2022-10-15T18:00:00.000Z,False,True,False,True,,4753,Greene Stadium,2911,William Jewell,ii,Great Lakes,14,"[0, 14, 0, 0]",,,,2402,Missouri S&T,ii,Great Lakes,41,"[21, 6, 7, 7]",,,,,,,
401433076,2022,7,regular,2022-10-15T18:00:00.000Z,False,True,False,True,,5877,Lyle Hare Stadium,2069,Black Hills State,ii,Rocky Mountain,27,"[7, 14, 0, 6]",,,,2714,Western Colorado,ii,Rocky Mountain,28,"[0, 8, 7, 13]",,,,,,,
401404153,2022,7,regular,2022-10-15T18:00:00.000Z,False,True,False,False,10006,3919,Scheumann Stadium,2050,Ball State,fbs,Mid-American,25,"[7, 3, 3, 12]",0.6510652303695679,1301,1297,41,UConn,fbs,FBS Independents,21,"[7, 14, 0, 0]",0.34893476963043213,1073,1077,6.312872429535248,,,
401432713,2022,7,regular,2022-10-15T18:00:00.000Z,False,True,False,True,,5843,W.B. Adams Stadium,366,Ferrum,iii,Old Dominion,7,"[7, 0, 0, 0]",,,,2688,Washington and Lee,iii,Old Dominion,17,"[0, 7, 7, 3]",,,,,,,
401420792,2022,7,regular,2022-10-15T18:00:00.000Z,False,True,False,True,,3991,"William Dick"""" Price Stadium""""",2450,Norfolk State,fcs,MEAC,7,"[0, 0, 0, 7]",0,,,2169,Delaware State,fcs,MEAC,28,"[7, 7, 7, 7]",1,,,4.292339762567141,,,
401431270,2022,7,regular,2022-10-15T18:00:00.000Z,False,True,False,True,,5858,England Stadium,2286,Illinois College,iii,Midwest,57,"[9, 28, 13, 7]",,,,268,Lawrence,iii,Midwest,0,"[0, 0, 0, 0]",,,,,,,
401433431,2022,7,regular,2022-10-15T18:00:00.000Z,False,True,False,True,,5798,Jerry E. Apple Stadium,2045,Austin,iii,American Southwest,21,"[0, 7, 7, 7]",,,,241,McMurry,iii,American Southwest,24,"[14, 7, 3, 0]",,,,,,,
401423155,2022,7,regular,2022-10-15T18:00:00.000Z,False,True,False,True,,5116,O'Shaughnessy Stadium,2900,St. Thomas (MN),fcs,Pioneer,26,"[7, 13, 0, 6]",1,,,2181,Drake,fcs,Pioneer,14,"[7, 7, 0, 0]",0,,,7.444506768892931,,,
401432952,2022,7,regular,2022-10-15T18:00:00.000Z,False,True,False,True,,5872,Kirkeby-Over Stadium,2043,Augustana (SD),ii,Northern Sun,31,"[10, 7, 7, 7]",,,,2844,Wayne State (NE),ii,Northern Sun,27,"[3, 6, 7, 11]",,,,,,,
401421160,2022,7,regular,2022-10-15T18:00:00.000Z,False,True,False,True,,3868,Paladin Stadium,231,Furman,fcs,Southern,47,"[14, 13, 17, 3]",0.4205808937549591,,,2717,Western Carolina,fcs,Southern,40,"[7, 13, 0, 20]",0.5794191062450409,,,4.059679420051072,,,
401431289,2022,7,regular,2022-10-15T18:00:00.000Z,False,True,False,True,,5908,Harley Knosher Bowl,255,Knox,iii,Midwest,28,"[14, 7, 0, 7]",,,,65,Grinnell,iii,Midwest,7,"[0, 7, 0, 0]",,,,,,,
401421113,2022,7,regular,2022-10-15T18:00:00.000Z,False,True,False,True,,3655,Brown Field,2674,Valparaiso,fcs,Pioneer,25,"[13, 0, 6, 6]",0.7939698100090027,,,2086,Butler,fcs,Pioneer,26,"[0, 0, 6, 20]",0.20603018999099731,,,4.3129927976531794,,,
401433065,2022,7,regular,2022-10-15T18:00:00.000Z,False,True,False,True,,5880,Elliott Field at Don Beebe Stadium,2123,Chadron State,ii,Rocky Mountain,29,"[6, 10, 3, 10]",,,,2001,Adams State,ii,Rocky Mountain,27,"[7, 6, 8, 6]",,,,,,,
401441335,2022,7,regular,2022-10-15T18:00:00.000Z,False,True,False,True,,5881,CAU Panther Stadium,2805,Clark Atlanta,ii,SIAC,21,"[0, 14, 0, 7]",,,,2542,Savannah State,ii,SIAC,12,"[0, 0, 6, 6]",,,,,,,
401431098,2022,7,regular,2022-10-15T18:00:00.000Z,False,True,False,True,,5859,Tucci Stadium,306,Illinois Wesleyan,iii,CCIW,0,[],,,,75,North Park,iii,CCIW,0,[],,,,,,,
401431279,2022,7,regular,2022-10-15T18:00:00.000Z,False,True,False,True,,5915,Farwell Field,262,Lake Forest,iii,Midwest,14,"[0, 14, 0, 0]",,,,2891,Ripon,iii,Midwest,16,"[0, 3, 0, 13]",,,,,,,
401432858,2022,7,regular,2022-10-15T18:00:00.000Z,False,True,False,True,,7079,Laird Stadium,2101,Carleton,iii,Minnesota,56,"[28, 21, 0, 7]",,,,375,St. Scholastica,iii,Minnesota,20,"[7, 0, 0, 13]",,,,,,,
401432957,2022,7,regular,2022-10-15T18:00:00.000Z,False,True,False,True,,3641,Blakeslee Stadium,2364,Minnesota State,ii,Northern Sun,43,"[12, 21, 7, 3]",,,,389,Upper Iowa,ii,Northern Sun,20,"[0, 7, 6, 7]",,,,,,,
401432327,2022,7,regular,2022-10-15T18:00:00.000Z,False,True,False,True,,5867,Albany State University Coliseum,2013,Albany State,ii,SIAC,20,"[0, 7, 7, 6]",,,,490,Benedict,ii,SIAC,24,"[7, 10, 7, 0]",,,,,,,
401432899,2022,7,regular,2022-10-15T18:00:00.000Z,False,True,False,True,,5903,Community Stadium at Goerke Park,2743,Wisconsin Stevens Point,iii,Wisconsin,0,"[0, 0, 0, 0]",,,,2744,Wisconsin Stout,iii,Wisconsin,55,"[7, 17, 17, 14]",,,,,,,
401430927,2022,7,regular,2022-10-15T18:00:00.000Z,False,True,False,True,,5809,J. Leslie Rollins Stadium,63,Buena Vista,iii,American Rivers,27,"[14, 0, 13, 0]",,,,2964,Central College,iii,American Rivers,52,"[14, 24, 0, 14]",,,,,,,
401432876,2022,7,regular,2022-10-15T18:00:00.000Z,False,True,False,True,,3915,Charles Lee Field at Samford Stadium,2938,Huntingdon,iii,USA South,38,"[7, 17, 7, 7]",,,,2913,Brevard,iii,USA South,14,"[0, 0, 0, 14]",,,,,,,
401424951,2022,7,regular,2022-10-15T18:00:00.000Z,False,True,False,True,,3902,Eddie Robinson Stadium,2755,Grambling,fcs,SWAC,16,"[0, 10, 0, 6]",0.09700340032577515,,,50,Florida A&M,fcs,SWAC,20,"[0, 3, 14, 3]",0.9029965996742249,,,6.008050409152625,,,
401435105,2022,7,regular,2022-10-15T18:00:00.000Z,False,True,False,True,,5813,Klein Field at Manitou,133,St. Olaf,iii,Minnesota,10,"[0, 3, 7, 0]",,,,2600,Saint John's (MN),iii,Minnesota,49,"[7, 14, 14, 14]",,,,,,,
401432866,2022,7,regular,2022-10-15T18:00:00.000Z,False,True,False,True,,5853,Francis Field (IL),2257,Greenville,iii,Upper Midwest,52,"[7, 14, 28, 3]",,,,433,Westminster (MO),iii,Upper Midwest,0,"[0, 0, 0, 0]",,,,,,,
401404014,2022,7,regular,2022-10-15T18:00:00.000Z,False,True,False,True,50471,3726,Folsom Field,38,Colorado,fbs,Pac-12,20,"[0, 3, 0, 10, 7]",0.7362708449363708,1147,1179,25,California,fbs,Pac-12,13,"[0, 0, 7, 6, 0]",0.26372915506362915,1503,1471,7.486846094345557,,,
401431025,2022,7,regular,2022-10-15T18:00:00.000Z,False,True,False,True,,6125,Bulldog Stadium (TX),2639,Texas Lutheran,iii,American Southwest,16,"[6, 0, 3, 7]",,,,2371,Mary Hardin Baylor,iii,American Southwest,45,"[28, 7, 3, 7]",,,,,,,
401432814,2022,7,regular,2022-10-15T18:00:00.000Z,False,True,False,True,,4423,Young-Wise Memorial Stadium,418,Hendrix,iii,Southern Athletic,48,"[21, 20, 0, 7]",,,,2553,Sewanee,iii,Southern Athletic,21,"[0, 0, 7, 14]",,,,,,,
401432516,2022,7,regular,2022-10-15T18:00:00.000Z,False,True,False,True,,3635,Bill Buxton Stadium,2564,Simpson (IA),iii,American Rivers,21,"[0, 7, 14, 0]",,,,263,Loras,iii,American Rivers,63,"[14, 15, 20, 14]",,,,,,,
401432522,2022,7,regular,2022-10-15T18:00:00.000Z,False,True,False,True,,5114,Shelton Stadium,2810,Hardin Simmons,iii,American Southwest,27,"[7, 3, 7, 10]",,,,2194,East Texas Baptist,iii,American Southwest,7,"[0, 7, 0, 0]",,,,,,,
401431306,2022,7,regular,2022-10-15T18:00:00.000Z,False,True,False,True,,6121,Donald J. Schneider Stadium,2832,St. Norbert,iii,NACC,21,"[0, 7, 0, 14, 0]",,,,409,Concordia (WI),iii,NACC,28,"[0, 10, 11, 0, 7]",,,,,,,
401431072,2022,7,regular,2022-10-15T18:00:00.000Z,False,True,False,True,,5816,Art Keller Field,2106,Carthage,iii,CCIW,24,"[0, 6, 6, 12]",,,,396,Wheaton (IL),iii,CCIW,59,"[14, 10, 21, 14]",,,,,,,
401430955,2022,7,regular,2022-10-15T18:00:00.000Z,False,True,False,True,,5823,Clark Field,2141,Coe,iii,American Rivers,14,"[0, 7, 7, 0]",,,,49,Dubuque,iii,American Rivers,15,"[0, 10, 0, 5]",,,,,,,
401432350,2022,7,regular,2022-10-15T18:00:00.000Z,False,True,False,True,,5945,Wildcat Stadium (GA),2232,Fort Valley State,ii,SIAC,56,"[14, 7, 21, 14]",,,,60,Morehouse,ii,SIAC,28,"[0, 14, 0, 14]",,,,,,,
401435206,2022,7,regular,2022-10-15T18:00:00.000Z,False,True,False,True,,5911,Ralph E. Davis Pioneer Stadium,272,Wisconsin Platteville,iii,Wisconsin,21,"[0, 14, 7, 0]",,,,2723,Wisconsin River Falls,iii,Wisconsin,14,"[7, 0, 0, 7]",,,,,,,
401431494,2022,7,regular,2022-10-15T18:00:00.000Z,False,True,False,False,,3885,Harvey Randall Wickes Memorial Stadium,129,Saginaw Valley State,ii,GLIAC,38,"[14, 10, 14, 0]",,,,2292,Indianapolis,ii,Great Lakes,14,"[7, 0, 0, 7]",,,,,,,
401432379,2022,7,regular,2022-10-15T18:00:00.000Z,False,True,False,True,,6071,Jess Dow Field,2583,Southern Connecticut State,ii,Northeast 10,37,"[17, 7, 3, 10]",,,,112334,Franklin Pierce,ii,Northeast 10,20,"[0, 6, 6, 8]",,,,,,,
401431221,2022,7,regular,2022-10-15T18:00:00.000Z,False,True,False,False,,5928,Macalester Stadium,2359,Macalester,iii,Minnesota,21,"[0, 7, 7, 7]",,,,124,Augsburg,iii,Minnesota,42,"[14, 14, 0, 14]",,,,,,,
401431089,2022,7,regular,2022-10-15T18:00:00.000Z,False,True,False,True,,980,Benedetti-Wehrli Stadium,3071,North Central College,iii,CCIW,65,"[21, 20, 14, 10]",,,,74,Millikin,iii,CCIW,0,"[0, 0, 0, 0]",,,,,,,
401433095,2022,7,regular,2022-10-15T18:00:00.000Z,False,True,False,True,,3860,O'Harra Stadium,613,South Dakota Mines,ii,Rocky Mountain,20,"[7, 7, 0, 6]",,,,2146,Colorado School of Mines,ii,Rocky Mountain,48,"[21, 13, 14, 0]",,,,,,,
401432336,2022,7,regular,2022-10-15T18:00:00.000Z,False,True,False,True,,6042,Alumni Stadium (KY),2310,Kentucky State,ii,SIAC,41,"[0, 20, 7, 14]",,,,2019,Allen,ii,SIAC,22,"[6, 0, 0, 16]",,,,,,,
401431891,2022,7,regular,2022-10-15T18:00:00.000Z,False,True,False,True,,3633,Ben Altamirano Field,2703,Western New Mexico,ii,Lone Star,13,"[6, 0, 0, 7]",,,,2025,Angelo State,ii,Lone Star,52,"[10, 28, 7, 7]",,,,,,,
401432968,2022,7,regular,2022-10-15T18:00:00.000Z,False,True,False,True,,6072,Schwan Regional Event Center,2587,Southwest Minnesota State,ii,Northern Sun,7,"[7, 0, 0, 0]",,,,2851,Winona State,ii,Northern Sun,43,"[0, 26, 3, 14]",,,,,,,
401418840,2022,7,regular,2022-10-15T18:00:00.000Z,False,True,False,True,,844,Stambaugh Stadium,2754,Youngstown State,fcs,MVFC,48,"[21, 14, 10, 3]",0.798778772354126,,,282,Indiana State,fcs,MVFC,42,"[14, 14, 14, 0]",0.20122122764587402,,,5.960625478110529,,,
401431244,2022,7,regular,2022-10-15T18:00:00.000Z,False,True,False,True,,5895,Klas Field,162,Hamline,iii,Minnesota,7,"[0, 7, 0, 0]",,,,2968,Gustavus Adolphus,iii,Minnesota,44,"[7, 13, 3, 21]",,,,,,,
401430744,2022,7,regular,2022-10-15T18:00:00.000Z,False,True,False,True,,6065,Cliff Harris Stadium,2888,Ouachita Baptist,ii,Great American,41,"[0, 21, 13, 7]",,,,2028,Arkansas Monticello,ii,Great American,7,"[7, 0, 0, 0]",,,,,,,
401460706,2022,7,regular,2022-10-15T18:00:00.000Z,False,True,False,True,,5804,Royal Stadium,2802,Bethel (MN),iii,Minnesota,45,"[3, 14, 14, 14]",,,,2152,Concordia (MN),iii,Minnesota,7,"[0, 7, 0, 0]",,,,,,,
401431956,2022,7,regular,2022-10-15T18:00:00.000Z,False,True,False,True,,6057,Ron & Carol Cope Stadium at Foster Field,2438,Nebraska Kearney,ii,Mid America,21,"[7, 7, 0, 7]",,,,2214,Emporia State,ii,Mid America,44,"[17, 7, 13, 7]",,,,,,,
401433059,2022,7,regular,2022-10-15T18:05:00.000Z,False,True,False,True,,4439,Eiler-Martin Stadium,2188,East Stroudsburg,ii,Pennsylvania State Athletic,21,"[7, 0, 0, 14]",,,,223,West Chester,ii,Pennsylvania State Athletic,24,"[0, 7, 3, 14]",,,,,,,
401431969,2022,7,regular,2022-10-15T18:30:00.000Z,False,True,False,True,,5134,Bearcat Stadium,138,Northwest Missouri State,ii,Mid America,32,"[9, 14, 0, 9]",,,,2687,Washburn,ii,Mid America,30,"[0, 10, 0, 20]",,,,,,,
401431921,2022,7,regular,2022-10-15T18:30:00.000Z,False,True,False,True,,4724,Audrey J. Walton Stadium at Vernon Kennedy Field,2118,Central Missouri,ii,Mid America,20,"[0, 10, 7, 3]",,,,2403,Missouri Southern State,ii,Mid America,17,"[0, 7, 3, 7]",,,,,,,
401430979,2022,7,regular,2022-10-15T18:30:00.000Z,False,True,False,True,,6137,Walston-Hoover Stadium,2685,Wartburg,iii,American Rivers,65,"[21, 20, 14, 10]",,,,6845,Nebraska Wesleyan,iii,American Rivers,0,"[0, 0, 0, 0]",,,,,,,
401432704,2022,7,regular,2022-10-15T18:30:00.000Z,False,True,False,False,,6046,Meares Stadium,2369,Mars Hill,ii,South Atlantic,49,[],,,,2213,Emory & Henry,ii,South Atlantic,14,[],,,,,,,
401431165,2022,7,regular,2022-10-15T18:30:00.000Z,False,True,False,True,,5898,John Coughlin Memorial Field,402,Worcester State,iii,MSCAC,17,"[3, 0, 0, 14]",,,,110,Mass Maritime,iii,MSCAC,25,"[16, 2, 0, 7]",,,,,,,
401431283,2022,7,regular,2022-10-15T19:00:00.000Z,False,True,False,True,,5820,Amos Alonzo Stagg Field,80,Chicago,iii,Midwest,45,"[21, 14, 7, 3]",,,,2155,Cornell (IA),iii,Midwest,7,"[0, 0, 7, 0]",,,,,,,
401413249,2022,7,regular,2022-10-15T19:00:00.000Z,False,True,False,True,,3987,Washington-Grizzly Stadium,149,Montana,fcs,Big Sky,23,"[6, 7, 3, 7]",0.2546306550502777,,,70,Idaho,fcs,Big Sky,30,"[3, 9, 10, 8]",0.7453693449497223,,,6.145621127125932,,,
401431941,2022,7,regular,2022-10-15T19:00:00.000Z,False,True,False,True,,6045,Dwight T. Reed Stadium,2876,Lincoln (MO),ii,Mid America,10,"[0, 3, 0, 7]",,,,90,Pittsburg State,ii,Mid America,49,"[14, 14, 14, 7]",,,,,,,
401413229,2022,7,regular,2022-10-15T19:00:00.000Z,False,True,False,True,,1930,Holt Arena,304,Idaho State,fcs,Big Sky,40,"[14, 10, 13, 3]",,,,13,Cal Poly,fcs,Big Sky,31,"[7, 0, 10, 14]",,,,,,,
401431476,2022,7,regular,2022-10-15T19:00:00.000Z,False,True,False,True,,4763,Ranger Field,2823,Northwestern (OK),ii,Great American,7,"[7, 0, 0, 0]",,,,199,Southeastern Oklahoma State,ii,Great American,44,"[7, 17, 6, 14]",,,,,,,
401425519,2022,7,regular,2022-10-15T19:00:00.000Z,False,True,False,True,,3913,Saluki Stadium,79,Southern Illinois,fcs,MVFC,30,"[14, 9, 7, 0]",0.9930024743080139,,,2710,Western Illinois,fcs,MVFC,7,"[0, 7, 0, 0]",0.006997525691986084,,,2.344370485757926,,,
401431454,2022,7,regular,2022-10-15T19:00:00.000Z,False,True,False,True,,5885,First Security Stadium,2264,Harding,ii,Great American,14,"[0, 7, 7, 0]",,,,2271,Henderson State,ii,Great American,15,"[3, 3, 0, 9]",,,,,,,
401431002,2022,7,regular,2022-10-15T19:00:00.000Z,False,True,False,True,,5857,Gordon Wood Stadium,2758,Howard Payne,iii,American Southwest,48,"[3, 24, 7, 14]",,,,2588,Southwestern U,iii,American Southwest,17,"[0, 7, 7, 3]",,,,,,,
401445796,2022,7,regular,2022-10-15T19:00:00.000Z,False,True,False,True,,6142,Westside Athletic Complex,2843,Western Connecticut State,iii,MSCAC,21,"[7, 0, 7, 7]",,,,2967,Framingham State,iii,MSCAC,15,"[0, 8, 0, 7]",,,,,,,
401431851,2022,7,regular,2022-10-15T19:00:00.000Z,False,True,False,True,,4851,Bazemore-Hyder Stadium,2673,Valdosta State,ii,Gulf South,40,"[10, 7, 7, 16]",,,,2401,Mississippi College,ii,Gulf South,49,"[7, 21, 14, 7]",,,,,,,
401413343,2022,7,regular,2022-10-15T19:00:00.000Z,False,True,False,True,,3856,Nottingham Field,2458,Northern Colorado,fcs,Big Sky,14,"[7, 7, 0, 0]",0,,,147,Montana State,fcs,Big Sky,37,"[3, 14, 13, 7]",1,,,4.685239832971798,,,
401432576,2022,7,regular,2022-10-15T19:00:00.000Z,False,True,False,True,,5834,Deeds Field-Piper Stadium,2171,Denison,iii,North Coast,41,"[14, 10, 0, 17]",,,,2274,Hiram,iii,North Coast,38,"[14, 7, 7, 10]",,,,,,,
401423453,2022,7,regular,2022-10-15T19:00:00.000Z,False,True,False,True,,4582,Hornet Stadium,2011,Alabama State,fcs,SWAC,24,"[7, 10, 0, 7]",,,,2400,Mississippi Valley State,fcs,SWAC,9,"[0, 3, 0, 6]",,,,,,,
401426256,2022,7,regular,2022-10-15T19:00:00.000Z,False,True,False,True,,3858,O'Brien Stadium,2197,Eastern Illinois,fcs,OVC,34,"[7, 3, 7, 7, 10]",,,,2815,Lindenwood,fcs,OVC,37,"[0, 14, 0, 10, 13]",,,,,,,
401432440,2022,7,regular,2022-10-15T19:00:00.000Z,False,True,False,True,,3638,MDU Resources Community Bowl,559,University of Mary,ii,Northern Sun,27,"[13, 7, 7, 0]",,,,2894,Sioux Falls,ii,Northern Sun,41,"[6, 7, 7, 21]",,,,,,,
401432435,2022,7,regular,2022-10-15T19:00:00.000Z,False,True,False,True,,6052,Herb Parker Stadium,568,Minot State,ii,Northern Sun,10,"[0, 3, 0, 7]",,,,425,Northern State,ii,Northern Sun,38,"[7, 7, 14, 10]",,,,,,,
401431932,2022,7,regular,2022-10-15T19:00:00.000Z,False,True,False,True,,5878,Wantland Stadium,2122,Central Oklahoma,ii,Mid America,35,"[0, 16, 6, 13]",,,,2231,Fort Hays,ii,Mid America,23,"[10, 0, 7, 6]",,,,,,,
401418832,2022,7,regular,2022-10-15T19:00:00.000Z,False,True,False,True,,3744,Hancock Stadium,2287,Illinois State,fcs,MVFC,12,"[3, 3, 6, 0]",0.22396004363187752,,,233,South Dakota,fcs,MVFC,10,"[0, 7, 3, 0]",0.7760399563681225,,,8.0079671141,,,
401430734,2022,7,regular,2022-10-15T19:00:00.000Z,False,True,False,True,,5870,Thone Stadium at Buerkle Field,2033,Arkansas Tech,ii,Great American,33,"[7, 3, 15, 8]",,,,2568,Southern Arkansas,ii,Great American,49,"[14, 21, 14, 0]",,,,,,,
401426352,2022,7,regular,2022-10-15T19:30:00.000Z,False,True,False,True,23480,3975,Veterans Memorial Stadium (AL),2653,Troy,fbs,Sun Belt,17,"[0, 10, 0, 7]",0.898383378982544,1450,1449,326,Texas State,fbs,Sun Belt,14,"[0, 7, 7, 0]",0.10161662101745605,1263,1264,4.797049042164722,,,
401416623,2022,7,regular,2022-10-15T19:30:00.000Z,False,True,False,True,20320,3980,Waldo Stadium,2711,Western Michigan,fbs,Mid-American,14,"[7, 7, 0, 0]",0.14073900878429413,1304,1255,195,Ohio,fbs,Mid-American,33,"[7, 13, 0, 13]",0.8592609912157059,1285,1334,5.312277974413089,,,
401416620,2022,7,regular,2022-10-15T19:30:00.000Z,False,True,False,True,15100,3912,Rynearson Stadium,2199,Eastern Michigan,fbs,Mid-American,10,"[7, 0, 3, 0]",0,1382,1293,2459,Northern Illinois,fbs,Mid-American,39,"[14, 6, 9, 10]",1,1323,1412,3.991165269867346,,,
401404095,2022,7,regular,2022-10-15T19:30:00.000Z,False,True,False,True,49594,3616,Amon G. Carter Stadium,2628,TCU,fbs,Big 12,43,"[7, 6, 3, 14, 7, 6]",0.757412314414978,1647,1650,197,Oklahoma State,fbs,Big 12,40,"[14, 10, 6, 0, 7, 3]",0.24258768558502197,1821,1818,7.060555641256308,,,
401411139,2022,7,regular,2022-10-15T19:30:00.000Z,False,True,False,True,49705,1964,JMA Wireless Dome,183,Syracuse,fbs,ACC,24,"[7, 3, 7, 7]",0.9948892593383789,1539,1581,152,NC State,fbs,ACC,9,"[3, 0, 3, 3]",0.005110740661621094,1651,1609,2.791077610274072,,,
401404162,2022,7,regular,2022-10-15T19:30:00.000Z,False,True,False,False,20924,3992,Williams Stadium (VA),2335,Liberty,fbs,FBS Independents,21,"[7, 7, 0, 7]",0.6991063356399536,1609,1609,2241,Gardner-Webb,fcs,Big South,20,"[0, 10, 7, 3]",0.3008936643600464,,,6.660975429359244,,,
401431323,2022,7,regular,2022-10-15T19:30:00.000Z,False,True,False,True,,5918,Taylor Field,6353,Lakeland,iii,NACC,43,"[9, 14, 7, 13]",,,,2151,Concordia Chicago,iii,NACC,23,"[6, 7, 3, 7]",,,,,,,
401405114,2022,7,regular,2022-10-15T19:30:00.000Z,False,True,False,True,41154,3830,"Memorial Stadium (Bloomington, IN)",84,Indiana,fbs,Big Ten,33,"[3, 14, 3, 13]",0.13434754312038422,1337,1349,120,Maryland,fbs,Big Ten,38,"[7, 7, 10, 14]",0.8656524568796158,1645,1633,8.325486309920716,,,
401403916,2022,7,regular,2022-10-15T19:30:00.000Z,False,True,False,False,63470,3801,LaVell Edwards Stadium,252,BYU,fbs,FBS Independents,35,"[13, 8, 14, 0]",0,1629,1585,8,Arkansas,fbs,SEC,52,"[7, 24, 14, 7]",1,1603,1647,6.874761304950564,,,
401426587,2022,7,regular,2022-10-15T19:30:00.000Z,False,True,False,True,14806,3725,"Johnny ""Red"" Floyd Stadium",2393,Middle Tennessee,fbs,Conference USA,17,"[7, 3, 0, 7]",0.19200120866298676,1332,1332,98,Western Kentucky,fbs,Conference USA,35,"[0, 14, 14, 7]",0.8079987913370132,1784,1784,4.672285286870616,,,
401426583,2022,7,regular,2022-10-15T19:30:00.000Z,False,True,False,True,22101,7221,Protective Stadium,5,UAB,fbs,Conference USA,34,"[7, 3, 9, 15]",0.9931545257568359,1594,1584,2429,Charlotte,fbs,Conference USA,20,"[14, 0, 0, 6]",0.0068454742431640625,1111,1121,5.403001273822427,,,
401416621,2022,7,regular,2022-10-15T19:30:00.000Z,False,True,False,True,19139,3739,Glass Bowl,2649,Toledo,fbs,Mid-American,52,"[7, 21, 10, 14]",0.9689176678657532,1554,1580,2309,Kent State,fbs,Mid-American,31,"[21, 10, 0, 0]",0.031082332134246826,1314,1288,6.099714644507519,,,
401420834,2022,7,regular,2022-10-15T19:30:00.000Z,False,True,False,True,,3714,Fargodome,2449,North Dakota State,fcs,MVFC,21,"[14, 7, 0, 0]",0.31716710329055786,,,2571,South Dakota State,fcs,MVFC,23,"[7, 0, 10, 6]",0.6828328967094421,,,3.6535332210317017,,,
401403918,2022,7,regular,2022-10-15T19:30:00.000Z,False,True,False,True,92746,3917,Sanford Stadium,61,Georgia,fbs,SEC,55,"[14, 14, 6, 21]",0.9920355081558228,2087,2154,238,Vanderbilt,fbs,SEC,0,"[0, 0, 0, 0]",0.007964491844177246,1338,1271,1.818572377544368,,,
401424434,2022,7,regular,2022-10-15T19:30:00.000Z,False,True,False,True,,4419,Bob Ford Field,399,UAlbany,fcs,CAA,37,"[7, 17, 0, 7, 6]",0.1513901948928833,,,2261,Hampton,fcs,CAA,38,"[7, 3, 7, 14, 7]",0.8486098051071167,,,4.91486403788174,,,
401424435,2022,7,regular,2022-10-15T19:30:00.000Z,False,True,False,True,,2068,E. Claiborne Robins Stadium,257,Richmond,fcs,CAA,20,"[0, 14, 0, 6]",0.9799906015396118,,,222,Villanova,fcs,CAA,10,"[7, 3, 0, 0]",0.020009398460388184,,,4.5527181127702185,,,
401403921,2022,7,regular,2022-10-15T19:30:00.000Z,False,True,False,True,101915,3853,Neyland Stadium,2633,Tennessee,fbs,SEC,52,"[21, 7, 6, 18]",0.34472736716270447,1881,1886,333,Alabama,fbs,SEC,49,"[7, 13, 15, 14]",0.6552726328372955,2179,2174,7.704624627020055,,,
401431174,2022,7,regular,2022-10-15T20:00:00.000Z,False,True,False,True,,5939,Cressy Field,379,UMass Dartmouth,iii,MSCAC,34,"[0, 7, 13, 14]",,,,2909,Westfield State,iii,MSCAC,7,"[0, 0, 0, 7]",,,,,,,
401424939,2022,7,regular,2022-10-15T20:00:00.000Z,False,True,False,True,,3850,Municipal Stadium,2065,Bethune-Cookman,fcs,SWAC,8,"[0, 0, 0, 8]",0.08290152251720428,,,2296,Jackson State,fcs,SWAC,48,"[21, 9, 9, 9]",0.9170984774827957,,,4.008607501706991,,,
401418634,2022,7,regular,2022-10-15T20:00:00.000Z,False,True,False,False,,3742,Governors Stadium,2046,Austin Peay,fcs,Atlantic Sun,52,"[21, 14, 10, 7]",0.9879216551780701,,,93,Murray State,fcs,OVC,17,"[3, 14, 0, 0]",0.012078344821929932,,,3.483272932699959,,,
401433101,2022,7,regular,2022-10-15T20:00:00.000Z,False,True,False,True,,4852,Neta and Eddie DeRose ThunderBowl,2570,CSU Pueblo,ii,Rocky Mountain,35,"[14, 0, 7, 14]",,,,2424,New Mexico Highlands,ii,Rocky Mountain,11,"[0, 3, 0, 8]",,,,,,,
401432827,2022,7,regular,2022-10-15T20:00:00.000Z,False,True,False,True,,5821,Fritz B. Burns Stadium,17,Claremont Mudd Scripps,iii,So. Cal.,41,"[0, 17, 7, 17]",,,,2094,Cal Lutheran,iii,So. Cal.,3,"[3, 0, 0, 0]",,,,,,,
401432658,2022,7,regular,2022-10-15T20:00:00.000Z,False,True,False,True,,6102,Sparks Stadium,2486,Pacific Lutheran,iii,Northwest,28,"[7, 14, 7, 0]",,,,2721,Whitworth,iii,Northwest,7,"[0, 7, 0, 0]",,,,,,,
401432650,2022,7,regular,2022-10-15T20:00:00.000Z,False,True,False,True,,6153,Hanson Stadium,205,Pacific (OR),iii,Northwest,21,"[0, 0, 0, 21]",,,,203,Linfield,iii,Northwest,42,"[0, 0, 0, 42]",,,,,,,
401420850,2022,7,regular,2022-10-15T20:00:00.000Z,False,True,False,True,,3779,Manning Field at John L. Guidry Stadium,2447,Nicholls,fcs,Southland,14,"[0, 7, 0, 7]",0.18056415021419525,,,2916,Incarnate Word,fcs,Southland,49,"[14, 7, 21, 7]",0.8194358497858047,,,3.1569056557597825,,,
401426349,2022,7,regular,2022-10-15T20:00:00.000Z,False,True,False,True,18738,3608,Allen E. Paulson Stadium,290,Georgia Southern,fbs,Sun Belt,45,"[0, 14, 17, 14]",0.908363401889801,1396,1413,256,James Madison,fbs,Sun Belt,38,"[7, 10, 7, 14]",0.09163659811019897,1528,1511,8.959122185586883,,,
401431504,2022,7,regular,2022-10-15T20:00:00.000Z,False,True,False,True,,6047,Leemon Field,2816,McKendree,ii,Great Lakes,62,"[28, 21, 0, 7, 6]",,,,2825,Quincy,ii,Great Lakes,63,"[14, 14, 21, 7, 7]",,,,,,,
401428197,2022,7,regular,2022-10-15T20:00:00.000Z,False,True,False,True,,3661,Bulldog Stadium,2803,Bryant,fcs,Big South,23,"[3, 10, 7, 3]",0.8042356967926025,,,2127,Charleston Southern,fcs,Big South,24,"[3, 7, 7, 7]",0.19576430320739746,,,7.034413717906128,,,
401405116,2022,7,regular,2022-10-15T20:00:00.000Z,False,True,False,True,72526,3936,Spartan Stadium,127,Michigan State,fbs,Big Ten,34,"[7, 0, 7, 7, 7, 6]",0.9120397567749023,1565,1582,275,Wisconsin,fbs,Big Ten,28,"[7, 7, 0, 7, 7, 0]",0.08796024322509766,1752,1735,7.838727850640613,,,
401415636,2022,7,regular,2022-10-15T20:00:00.000Z,False,True,False,True,31053,3886,Raymond James Stadium,58,South Florida,fbs,American Athletic,31,"[7, 7, 10, 7]",0.1817656308412552,1180,1180,2655,Tulane,fbs,American Athletic,45,"[3, 14, 14, 14]",0.8182343691587448,1532,1532,5.147652997168077,,,
401426586,2022,7,regular,2022-10-15T20:00:00.000Z,False,True,False,True,16590,3825,DATCU Stadium,249,North Texas,fbs,Conference USA,47,"[14, 13, 7, 13]",0.8557466864585876,1325,1360,2348,Louisiana Tech,fbs,Conference USA,27,"[3, 14, 10, 0]",0.14425331354141235,1214,1179,3.4411899865920583,,,
401418598,2022,7,regular,2022-10-15T20:00:00.000Z,False,True,True,False,,6274,Audi Field,47,Howard,fcs,MEAC,25,"[0, 17, 0, 8]",0.022470060735940933,,,108,Harvard,fcs,Ivy,41,"[10, 7, 14, 10]",0.9775299392640591,,,4.72605954381406,,,
401433112,2022,7,regular,2022-10-15T20:00:00.000Z,False,True,False,False,,7075,Electric Supply Company Field,122666,Barton,ii,South Atlantic,0,"[0, 0, 0, 0]",,,,2331,Lenoir Rhyne,ii,South Atlantic,34,"[0, 21, 6, 7]",,,,,,,
401432611,2022,7,regular,2022-10-15T20:00:00.000Z,False,True,False,True,,4757,Edwards-Maurer Field,2746,Wittenberg,iii,North Coast,62,"[21, 28, 6, 7]",,,,391,Oberlin,iii,North Coast,7,"[0, 0, 7, 0]",,,,,,,
401438620,2022,7,regular,2022-10-15T20:00:00.000Z,False,True,False,True,,5796,Charles D. Lindberg Stadium,2042,Augustana (IL),iii,CCIW,28,"[7, 14, 7, 0]",,,,143,Washington St. Louis,iii,CCIW,49,"[21, 7, 7, 14]",,,,,,,
401422925,2022,7,regular,2022-10-15T20:00:00.000Z,False,True,False,True,,4417,Five Star Stadium at the Moye Complex,2382,Mercer,fcs,Southern,55,"[14, 14, 7, 20]",0.9078789353370667,,,2193,East Tennessee State,fcs,Southern,33,"[3, 17, 6, 7]",0.09212106466293335,,,4.8774337380215345,,,
401431615,2022,7,regular,2022-10-15T20:05:00.000Z,False,True,False,False,,5783,McArthur Field,2848,Western Oregon,ii,Lone Star,27,"[7, 0, 3, 17]",,,,2704,West Texas,ii,Lone Star,13,"[0, 6, 7, 0]",,,,,,,
401432641,2022,7,regular,2022-10-15T20:30:00.000Z,False,True,False,True,,5850,Stoffer Family Stadium,415,George Fox,iii,Northwest,51,"[7, 21, 13, 10]",,,,2508,Puget Sound,iii,Northwest,7,"[7, 0, 0, 0]",,,,,,,
401418787,2022,7,regular,2022-10-15T20:30:00.000Z,False,True,False,True,,5440,Wildcat Stadium (TX),2000,Abilene Christian,fcs,Western Athletic,21,"[7, 7, 0, 7]",0.9953305125236511,,,253,Southern Utah,fcs,Western Athletic,18,"[0, 3, 7, 8]",0.004669487476348877,,,4.908592158291873,,,
401432359,2022,7,regular,2022-10-15T21:00:00.000Z,False,True,False,True,,6027,Albert J. H. Sloan - Alumni Stadium,2396,Miles,ii,SIAC,32,"[0, 9, 3, 20]",,,,2323,Lane College,ii,SIAC,35,"[14, 14, 0, 7]",,,,,,,
401421098,2022,7,regular,2022-10-15T21:00:00.000Z,False,True,False,True,,716,Torero Stadium,301,San Diego,fcs,Pioneer,28,"[7, 7, 7, 7]",,,,2506,Presbyterian,fcs,Pioneer,3,"[0, 0, 3, 0]",,,,,,,
401428190,2022,7,regular,2022-10-15T21:00:00.000Z,False,True,False,True,,4765,Hillsboro Stadium,2502,Portland State,fcs,Big Sky,7,"[0, 0, 0, 7]",0.0035732099786400795,,,2692,Weber State,fcs,Big Sky,42,"[14, 7, 14, 7]",0.9964267900213599,,,2.861927661080085,,,
401431963,2022,7,regular,2022-10-15T21:00:00.000Z,False,True,False,True,,6062,Gable Field at Doc Wadley Stadium,196,Northeastern State,ii,Mid America,16,"[0, 0, 9, 7]",,,,137,Missouri Western,ii,Mid America,23,"[3, 3, 0, 17]",,,,,,,
401438622,2022,7,regular,2022-10-15T21:00:00.000Z,False,True,False,True,,3871,General Charles C. Krulak Stadium,3,Birmingham-Southern,iii,Southern Athletic,28,"[14, 7, 0, 7]",,,,2398,Millsaps,iii,Southern Athletic,0,"[0, 0, 0, 0]",,,,,,,
401431587,2022,7,regular,2022-10-15T21:00:00.000Z,False,True,False,True,,5263,Steele Stadium,2316,Kentucky Wesleyan,ii,Great Midwest Athletic,7,"[7, 0, 0, 0]",,,,2224,Findlay,ii,Great Midwest Athletic,44,"[7, 3, 21, 13]",,,,,,,
401420860,2022,7,regular,2022-10-15T21:00:00.000Z,False,True,False,False,,3967,UNI-Dome,2460,Northern Iowa,fcs,MVFC,41,"[10, 24, 7, 0]",0.9653300046920776,,,3101,Utah Tech,fcs,Western Athletic,14,"[0, 7, 0, 7]",0.03466999530792236,,,2.335253171894047,,,
401431183,2022,7,regular,2022-10-15T21:00:00.000Z,False,True,False,True,,5787,Docking Stadium,2003,Adrian,iii,Michigan,42,"[21, 14, 7, 0]",,,,126,Kalamazoo,iii,Michigan,17,"[0, 3, 7, 7]",,,,,,,
401435068,2022,7,regular,2022-10-15T21:00:00.000Z,False,True,False,True,,3675,Charles A. Gaetano Stadium,390,Utica,iii,Empire 8,35,"[7, 14, 0, 14]",,,,2781,Brockport,iii,Empire 8,21,"[0, 7, 7, 7]",,,,,,,
401445217,2022,7,regular,2022-10-15T21:30:00.000Z,False,True,False,True,,3733,Garcelon Field,121,Bates,iii,NESCAC,21,"[7, 7, 7, 0]",,,,340,Bowdoin,iii,NESCAC,14,"[0, 0, 7, 7]",,,,,,,
401404013,2022,7,regular,2022-10-15T21:30:00.000Z,False,True,False,True,63189,3765,Husky Stadium,264,Washington,fbs,Pac-12,49,"[7, 14, 21, 7]",0.8503261804580688,1600,1598,12,Arizona,fbs,Pac-12,39,"[7, 7, 10, 15]",0.14967381954193115,1314,1316,5.231086157266027,,,
401438683,2022,7,regular,2022-10-15T21:30:00.000Z,False,True,False,True,,5920,Griswold Stadium,2333,Lewis & Clark,iii,Northwest,39,"[3, 15, 7, 14]",,,,2930,Willamette,iii,Northwest,17,"[13, 4, 0, 0]",,,,,,,
401433001,2022,7,regular,2022-10-15T22:00:00.000Z,False,True,False,True,,4428,Saxon Stadium,2385,Mercyhurst,ii,Pennsylvania State Athletic,21,"[14, 0, 7, 0]",,,,2134,Clarion,ii,Pennsylvania State Athletic,23,"[10, 10, 0, 3]",,,,,,,
401424436,2022,7,regular,2022-10-15T22:00:00.000Z,False,True,False,False,,150,Jack Coffey Field,2230,Fordham,fcs,Patriot,45,"[7, 24, 0, 14]",0.9372991919517517,,,2619,Stony Brook,fcs,CAA,14,"[0, 0, 0, 14]",0.06270080804824829,,,3.205681358523067,,,
401435057,2022,7,regular,2022-10-15T22:00:00.000Z,False,True,False,True,,5122,Shuford Stadium,2107,Catawba,ii,South Atlantic,27,"[0, 7, 6, 14]",,,,2444,Newberry,ii,South Atlantic,34,"[13, 7, 14, 0]",,,,,,,
401418639,2022,7,regular,2022-10-15T22:00:00.000Z,False,True,False,False,,3908,Roy Kidd Stadium,2198,Eastern Kentucky,fcs,Atlantic Sun,17,"[0, 10, 0, 7]",0.7327044010162354,,,2534,Sam Houston,fcs,Western Athletic,25,"[10, 0, 3, 12]",0.26729559898376465,,,6.69608525006619,,,
401432354,2022,7,regular,2022-10-15T22:00:00.000Z,False,True,True,True,,3689,Cramton Bowl,2657,Tuskegee,ii,SIAC,49,"[7, 14, 14, 14]",,,,2119,Central State,ii,SIAC,34,"[7, 0, 20, 7]",,,,,,,
401426585,2022,7,regular,2022-10-15T22:00:00.000Z,False,True,False,True,21465,3715,FAU Stadium,2226,Florida Atlantic,fbs,Conference USA,17,"[0, 7, 3, 7]",0.906947910785675,1372,1371,242,Rice,fbs,Conference USA,14,"[14, 0, 0, 0]",0.09305208921432495,1225,1226,5.303000689109655,,,
401431871,2022,7,regular,2022-10-15T22:00:00.000Z,False,True,False,False,,3663,Burke-Tarr Stadium,2105,Carson Newman,ii,South Atlantic,37,"[7, 6, 14, 10]",,,,101784,Erskine,ii,South Atlantic,0,"[0, 0, 0, 0]",,,,,,,
401432993,2022,7,regular,2022-10-15T22:00:00.000Z,False,True,False,True,,3859,Offutt Field,611,Seton Hill,ii,Pennsylvania State Athletic,14,"[0, 0, 0, 14]",,,,2858,California (PA),ii,Pennsylvania State Athletic,21,"[7, 7, 7, 0]",,,,,,,
401441258,2022,7,regular,2022-10-15T22:00:00.000Z,False,True,False,True,,6141,Corwin Stadium,336,Wesleyan (CT),iii,NESCAC,26,"[0, 13, 0, 13]",,,,112,Tufts,iii,NESCAC,22,"[0, 0, 14, 8]",,,,,,,
401431487,2022,7,regular,2022-10-15T22:30:00.000Z,False,True,False,True,,6073,Milam Stadium,2927,Southwestern Oklahoma State,ii,Great American,38,"[10, 0, 14, 14]",,,,200,Southern Nazarene,ii,Great American,45,"[7, 16, 7, 15]",,,,,,,
401431468,2022,7,regular,2022-10-15T23:00:00.000Z,False,True,False,True,,6064,Crain Family Stadium,319,Oklahoma Baptist,ii,Great American,20,"[0, 7, 6, 7]",,,,2191,East Central,ii,Great American,34,"[7, 17, 7, 3]",,,,,,,
401432745,2022,7,regular,2022-10-15T23:00:00.000Z,False,True,False,False,,5789,Frank B. Fuhrer Field,2018,Allegheny,iii,Presidents',17,"[3, 7, 7, 0]",,,,146,Grove City,iii,Presidents',44,"[7, 24, 7, 6]",,,,,,,
401420875,2022,7,regular,2022-10-15T23:00:00.000Z,False,True,False,True,,3756,Homer Bryce Stadium,2617,Stephen F. Austin,fcs,Western Athletic,41,"[7, 7, 10, 17]",0.9686140418052673,,,2627,Tarleton State,fcs,Western Athletic,24,"[0, 10, 7, 7]",0.031385958194732666,,,5.94235856786696,,,
401413239,2022,7,regular,2022-10-15T23:00:00.000Z,False,True,False,True,,3906,Roos Field,331,Eastern Washington,fcs,Big Sky,28,"[0, 21, 7, 0]",0,,,16,Sacramento State,fcs,Big Sky,52,"[21, 14, 10, 7]",1,,,3.916150053998889,,,
401425423,2022,7,regular,2022-10-15T23:00:00.000Z,False,True,False,True,,3962,Tucker Stadium,2635,Tennessee Tech,fcs,OVC,14,"[0, 0, 0, 14]",0.0005720773478969932,,,2634,Tennessee State,fcs,OVC,30,"[0, 16, 14, 0]",0.999427922652103,,,3.1485590170108737,,,
401431828,2022,7,regular,2022-10-15T23:00:00.000Z,False,True,False,True,,5935,Parker Field at McCool Stadium,2170,Delta State,ii,Gulf South,20,"[0, 10, 10, 0]",,,,2695,West Alabama,ii,Gulf South,7,"[0, 7, 0, 0]",,,,,,,
401415173,2022,7,regular,2022-10-15T23:00:00.000Z,False,True,False,True,,3602,Aggie Stadium,302,UC Davis,fcs,Big Sky,56,"[7, 28, 21, 0]",0.9911543130874634,,,2464,Northern Arizona,fcs,Big Sky,27,"[6, 0, 14, 7]",0.008845686912536621,,,3.4340929781502205,,,
401423928,2022,7,regular,2022-10-15T23:00:00.000Z,False,True,False,True,,3599,Ace W. Mumford Stadium,2582,Southern,fcs,SWAC,21,"[7, 14, 0, 0]",0.4100839023006288,,,2016,Alcorn State,fcs,SWAC,17,"[0, 14, 0, 3]",0.5899160976993711,,,3.9648989433,,,
401415238,2022,7,regular,2022-10-15T23:00:00.000Z,False,True,False,True,35009,5388,Canvas Stadium,36,Colorado State,fbs,Mountain West,13,"[3, 7, 0, 3]",0.17099681496620178,1265,1270,328,Utah State,fbs,Mountain West,17,"[7, 0, 10, 0]",0.8290031850337982,1444,1439,6.156739096805924,,,
401426351,2022,7,regular,2022-10-15T23:00:00.000Z,False,True,False,True,27042,3815,M. M. Roberts Stadium,2572,Southern Miss,fbs,Sun Belt,20,"[0, 7, 0, 13]",0.6818082332611084,1252,1252,2032,Arkansas State,fbs,Sun Belt,19,"[7, 3, 9, 0]",0.3181917667388916,1239,1239,5.894983041624204,,,
401426350,2022,7,regular,2022-10-15T23:00:00.000Z,False,True,False,True,15459,6526,Hancock Whitney Stadium,6,South Alabama,fbs,Sun Belt,41,"[10, 7, 17, 7]",0.937140703201294,1467,1458,2433,UL Monroe,fbs,Sun Belt,34,"[7, 13, 0, 14]",0.06285929679870605,1117,1126,5.234894644082099,,,
401431574,2022,7,regular,2022-10-15T23:00:00.000Z,False,True,False,True,,3770,Jack Miller Stadium,308,Ashland,ii,Great Midwest Athletic,14,"[0, 0, 7, 7]",,,,2477,Ohio Dominican,ii,Great Midwest Athletic,7,"[7, 0, 0, 0]",,,,,,,
401413219,2022,7,regular,2022-10-15T23:00:00.000Z,False,True,True,False,,7179,Toyota Field,2453,North Alabama,fcs,Atlantic Sun,31,"[0, 14, 14, 3]",0.027597473934292793,,,55,Jacksonville State,fcs,Atlantic Sun,47,"[21, 10, 10, 6]",0.9724025260657072,,,4.55866111527102,,,
401432568,2022,7,regular,2022-10-15T23:00:00.000Z,False,True,False,True,,5913,Warrior Field at Raabe Stadium,2741,Wisconsin Lutheran,iii,NACC,52,"[14, 21, 7, 10]",,,,2524,Rockford,iii,NACC,35,"[14, 6, 8, 7]",,,,,,,
401431529,2022,7,regular,2022-10-15T23:00:00.000Z,False,True,False,True,,6077,Stokes Stadium,2654,Truman State,ii,Great Lakes,25,"[3, 9, 6, 7]",,,,2586,Southwest Baptist,ii,Great Lakes,20,"[7, 7, 0, 6]",,,,,,,
401462221,2022,7,regular,2022-10-15T23:00:00.000Z,False,True,False,True,,4424,Husky Stadium,2277,Houston Christian,fcs,Southland,10,"[0, 0, 10, 0]",0.07130179554224014,,,2466,Northwestern State,fcs,Southland,37,"[24, 0, 0, 13]",0.9286982044577599,,,4.414670850577375,,,
401431081,2022,7,regular,2022-10-15T23:00:00.000Z,False,True,False,False,,5839,Langhorst Field,72,Elmhurst,iii,CCIW,28,"[0, 14, 0, 7, 7, 0]",,,,32,Carroll (WI),iii,Midwest,31,"[7, 7, 0, 7, 7, 3]",,,,,,,
401431314,2022,7,regular,2022-10-15T23:00:00.000Z,False,True,False,True,,5841,Pete FioRito Stadium at McKinzie Field,101,Eureka,iii,NACC,13,"[0, 0, 7, 6]",,,,2044,Aurora,iii,NACC,72,"[35, 14, 14, 9]",,,,,,,
401403917,2022,7,regular,2022-10-15T23:00:00.000Z,False,True,False,True,90585,3634,Ben Hill Griffin Stadium,57,Florida,fbs,SEC,35,"[14, 7, 0, 14]",0.16392432153224945,1572,1553,99,LSU,fbs,SEC,45,"[7, 21, 14, 3]",0.8360756784677505,1593,1612,5.4524103682380165,,,
401404016,2022,7,regular,2022-10-15T23:30:00.000Z,False,True,False,False,77622,3855,Notre Dame Stadium,87,Notre Dame,fbs,FBS Independents,14,"[0, 0, 7, 7]",0.18011853098869324,1797,1765,24,Stanford,fbs,Pac-12,16,"[7, 3, 3, 3]",0.8198814690113068,1325,1357,5.95085214157033,,,
401403919,2022,7,regular,2022-10-15T23:30:00.000Z,False,True,False,True,61451,3683,Kroger Field,96,Kentucky,fbs,SEC,27,"[0, 3, 10, 14]",0.995205283164978,1675,1696,344,Mississippi State,fbs,SEC,17,"[0, 3, 7, 7]",0.004794716835021973,1722,1701,4.954634029506994,,,
401411138,2022,7,regular,2022-10-15T23:30:00.000Z,False,True,False,True,71098,3697,Doak Campbell Stadium,52,Florida State,fbs,ACC,28,"[7, 7, 0, 14]",0.0525861419737339,1565,1573,228,Clemson,fbs,ACC,34,"[7, 17, 10, 0]",0.9474138580262661,1838,1830,4.450176145293999,,,
401415637,2022,7,regular,2022-10-15T23:30:00.000Z,False,True,False,True,38059,3699,Dowdy-Ficklen Stadium,151,East Carolina,fbs,American Athletic,47,"[0, 13, 7, 10, 7, 6, 2, 2]",0.7579657435417175,1504,1505,235,Memphis,fbs,American Athletic,45,"[7, 10, 3, 10, 7, 6, 2, 0]",0.24203425645828247,1505,1504,9.481921927283635,,,
401405113,2022,7,regular,2022-10-15T23:30:00.000Z,False,True,False,True,61320,3907,Ross-Ade Stadium,2509,Purdue,fbs,Big Ten,43,"[10, 17, 7, 9]",0.9343201518058777,1668,1668,158,Nebraska,fbs,Big Ten,37,"[0, 13, 17, 7]",0.06567984819412231,1528,1528,5.06969011506844,,,
401404017,2022,7,regular,2022-10-16T00:00:00.000Z,False,True,False,True,53609,587,Rice-Eccles Stadium,254,Utah,fbs,Pac-12,43,"[7, 14, 7, 15]",0.7723453044891357,1856,1853,30,USC,fbs,Pac-12,42,"[14, 14, 7, 7]",0.22765469551086426,1739,1742,7.44007538756347,,,
401433091,2022,7,regular,2022-10-16T00:00:00.000Z,False,True,False,True,,5882,Ralph Stocker Stadium,11,Colorado Mesa,ii,Rocky Mountain,70,"[28, 21, 0, 21]",,,,2237,Fort Lewis,ii,Rocky Mountain,10,"[0, 0, 3, 7]",,,,,,,
401409239,2022,7,regular,2022-10-16T00:00:00.000Z,False,True,False,False,,3601,Aggie Memorial Stadium,166,New Mexico State,fbs,FBS Independents,21,"[7, 0, 14, 0]",0.9892666339874268,1040,1075,167,New Mexico,fbs,Mountain West,9,"[3, 3, 0, 3]",0.010733366012573242,1183,1148,4.016470187414873,,,
401411137,2022,7,regular,2022-10-16T00:00:00.000Z,False,True,False,True,40004,3982,Wallace Wade Stadium,150,Duke,fbs,ACC,35,"[7, 14, 0, 14]",0.2841387093067169,1334,1346,153,North Carolina,fbs,ACC,38,"[10, 7, 14, 7]",0.7158612906932831,1621,1609,7.266685808905256,,,
401431905,2022,7,regular,2022-10-16T00:00:00.000Z,False,True,False,True,,6076,Javelina Stadium,2658,Texas A&M-Kingsville,ii,Lone Star,13,"[3, 0, 0, 10]",,,,110243,UT Permian Basin,ii,Lone Star,10,"[0, 7, 3, 0]",,,,,,,
401439556,2022,7,regular,2022-10-16T00:00:00.000Z,False,True,False,True,,5909,Ortmayer Stadium,2318,La Verne,iii,So. Cal.,43,"[16, 7, 7, 13]",,,,2850,Whittier,iii,So. Cal.,20,"[0, 7, 6, 7]",,,,,,,
401462222,2022,7,regular,2022-10-16T00:00:00.000Z,False,True,False,True,,3686,Cowboy Stadium,2377,McNeese,fcs,Southland,15,"[8, 7, 0, 0]",0.04870251193642616,,,2837,East Texas A&M,fcs,Southland,40,"[7, 10, 3, 20]",0.9512974880635738,,,6.198165245523613,,,
401431605,2022,7,regular,2022-10-16T00:00:00.000Z,False,True,False,False,,5938,Al Whitehead Field at Greyhound Stadium,2201,Eastern New Mexico,ii,Lone Star,42,"[14, 21, 0, 7]",,,,2829,Simon Fraser,ii,Lone Star,14,"[0, 6, 8, 0]",,,,,,,
401431596,2022,7,regular,2022-10-16T01:00:00.000Z,False,True,False,False,,5879,Tomlinson Stadium,2120,Central Washington,ii,Lone Star,17,"[7, 3, 7, 0]",,,,2395,Midwestern State,ii,Lone Star,10,"[0, 10, 0, 0]",,,,,,,
401404015,2022,7,regular,2022-10-16T01:00:00.000Z,False,True,False,True,53609,3893,Reser Stadium,204,Oregon State,fbs,Pac-12,24,"[7, 3, 7, 7]",0.9894905686378479,1549,1586,265,Washington State,fbs,Pac-12,10,"[0, 3, 7, 0]",0.0105094313621521,1643,1606,3.09475635037613,,,
401432833,2022,7,regular,2022-10-16T02:00:00.000Z,False,True,False,True,,5819,Ernie Chapman Stadium,411,Chapman,iii,So. Cal.,38,"[10, 7, 21, 0]",,,,29,Redlands,iii,So. Cal.,28,"[0, 14, 7, 7]",,,,,,,
401415237,2022,7,regular,2022-10-16T02:30:00.000Z,False,True,False,True,23847,6501,Allegiant Stadium,2439,UNLV,fbs,Mountain West,7,"[0, 7, 0, 0]",0.1550985872745514,1339,1285,2005,Air Force,fbs,Mountain West,42,"[14, 14, 14, 0]",0.8449014127254486,1709,1763,2.6233337439850817,,,
401415239,2022,7,regular,2022-10-16T02:45:00.000Z,False,True,False,True,41031,3660,Valley Children's Stadium,278,Fresno State,fbs,Mountain West,17,"[0, 7, 7, 3]",0.661076545715332,1450,1466,23,San José State,fbs,Mountain West,10,"[0, 10, 0, 0]",0.33892345428466797,1553,1537,5.682874229882569,,,
401415240,2022,7,regular,2022-10-16T03:59:00.000Z,False,True,False,True,9231,7220,Clarence T.C. Ching Athletics Complex,62,Hawai'i,fbs,Mountain West,31,"[14, 7, 0, 10]",1,1093,1160,2440,Nevada,fbs,Mountain West,16,"[7, 6, 3, 0]",0,1448,1381,3.5775118250189215,,,
401423443,2022,7,regular,2022-10-16T20:00:00.000Z,False,True,True,True,,3494,The Dome at America's Center,2029,Arkansas-Pine Bluff,fcs,SWAC,31,"[14, 3, 7, 7]",0.08902954731735833,,,2010,Alabama A&M,fcs,SWAC,34,"[10, 14, 7, 3]",0.9109704526826417,,,7.0710635781,,,
401426353,2022,8,regular,2022-10-19T23:30:00.000Z,False,True,False,True,31757,3792,Kidd Brewer Stadium,2026,App State,fbs,Sun Belt,42,"[0, 7, 21, 14]",0.9865931868553162,1567,1621,2247,Georgia State,fbs,Sun Belt,17,"[14, 0, 0, 3]",0.013406813144683838,1483,1429,4.258682737010781,,,
401431847,2022,8,regular,2022-10-20T23:00:00.000Z,False,True,False,True,,4015,Barron Stadium,2560,Shorter,ii,Gulf South,10,"[0, 0, 7, 3]",,,,2170,Delta State,ii,Gulf South,45,"[21, 14, 10, 0]",,,,,,,
401446232,2022,8,regular,2022-10-20T23:00:00.000Z,False,True,False,True,,3642,Bobcat Stadium (MD),341,Frostburg State,ii,Mountain East,16,"[7, 6, 3, 0]",,,,2986,Fairmont State,ii,Mountain East,14,"[7, 0, 0, 7]",,,,,,,
401411141,2022,8,regular,2022-10-20T23:30:00.000Z,False,True,False,True,29362,721,Bobby Dodd Stadium,59,Georgia Tech,fbs,ACC,9,"[6, 3, 0, 0]",0.1686311811208725,1282,1276,258,Virginia,fbs,ACC,16,"[7, 6, 3, 0]",0.8313688188791275,1382,1388,5.734669336485024,,,
401426354,2022,8,regular,2022-10-20T23:30:00.000Z,False,True,False,True,,6526,Hancock Whitney Stadium,6,South Alabama,fbs,Sun Belt,6,"[0, 3, 0, 3]",0.4600561857223511,1458,1451,2653,Troy,fbs,Sun Belt,10,"[0, 7, 0, 3]",0.5399438142776489,1449,1456,5.745235788299161,,,
401423435,2022,8,regular,2022-10-21T23:00:00.000Z,False,True,False,True,,3979,Wagner College Stadium,2681,Wagner,fcs,NEC,37,"[7, 17, 6, 7]",0.8909168243408203,,,2341,Long Island University,fcs,NEC,26,"[0, 16, 3, 7]",0.10908317565917969,,,4.9861483428708855,,,
401418599,2022,8,regular,2022-10-21T23:00:00.000Z,False,True,False,True,,3750,Harvard Stadium,108,Harvard,fcs,Ivy,10,"[3, 7, 0, 0]",0.008498262614011765,,,163,Princeton,fcs,Ivy,37,"[7, 7, 14, 9]",0.9915017373859882,,,4.051400181040707,,,
401415638,2022,8,regular,2022-10-21T23:30:00.000Z,False,True,False,True,13607,3806,Lincoln Financial Field,218,Temple,fbs,American Athletic,16,"[10, 0, 0, 6]",0.2585597634315491,997,1007,202,Tulsa,fbs,American Athletic,27,"[0, 14, 0, 13]",0.7414402365684509,1399,1389,5.4110515000806725,,,
401426592,2022,8,regular,2022-10-22T00:00:00.000Z,False,True,False,True,16334,3796,Houchens Industries-L.T. Smith Stadium,98,Western Kentucky,fbs,Conference USA,20,"[0, 10, 10, 0]",0.9282137155532837,1784,1782,5,UAB,fbs,Conference USA,17,"[7, 10, 0, 0]",0.07178628444671631,1584,1586,6.126143176079244,,,
401405119,2022,8,regular,2022-10-22T16:00:00.000Z,False,True,False,True,104848,3861,Ohio Stadium,194,Ohio State,fbs,Big Ten,54,"[16, 10, 14, 14]",0.9468698501586914,2165,2233,2294,Iowa,fbs,Big Ten,10,"[7, 3, 0, 0]",0.053130149841308594,1700,1632,2.6479226262118654,,,
401455574,2022,8,regular,2022-10-22T16:00:00.000Z,False,True,False,False,,5934,Farmers Insurance Athletic Complex,110254,Davenport,ii,GLIAC,58,"[17, 13, 7, 21]",,,,124179,Lincoln (CA),,,14,"[7, 7, 0, 0]",,,,,,,
401403926,2022,8,regular,2022-10-22T16:00:00.000Z,False,True,False,False,101915,3853,Neyland Stadium,2633,Tennessee,fbs,SEC,65,"[21, 31, 6, 7]",0.9916463494300842,1910,1910,2630,UT Martin,fcs,OVC,24,"[7, 0, 7, 10]",0.008353650569915771,,,3.7221496619752417,,,
401404140,2022,8,regular,2022-10-22T16:00:00.000Z,False,True,False,False,30132,3841,Michie Stadium,349,Army,fbs,FBS Independents,48,"[7, 7, 17, 17]",0.9959345459938049,1404,1434,2433,UL Monroe,fbs,Sun Belt,24,"[3, 14, 0, 7]",0.004065454006195068,1126,1096,4.4566576725251785,,,
401415641,2022,8,regular,2022-10-22T16:00:00.000Z,False,True,False,True,23566,3735,Gerald J. Ford Stadium,2567,SMU,fbs,American Athletic,27,"[0, 14, 0, 13]",0,1576,1584,2132,Cincinnati,fbs,American Athletic,29,"[10, 10, 9, 0]",1,1784,1776,5.078725720381719,,,
401405121,2022,8,regular,2022-10-22T16:00:00.000Z,False,True,False,True,43255,6577,SHI Stadium,164,Rutgers,fbs,Big Ten,24,"[0, 7, 10, 7]",0.9392220096342243,1337,1347,84,Indiana,fbs,Big Ten,17,"[14, 0, 0, 3]",0.06077799036577569,1349,1339,7.9406322575,,,
401416628,2022,8,regular,2022-10-22T16:00:00.000Z,False,True,False,True,20472,3696,Dix Stadium,2309,Kent State,fbs,Mid-American,33,"[0, 21, 9, 3]",0.9884682297706604,1288,1280,2006,Akron,fbs,Mid-American,27,"[7, 10, 7, 3]",0.0115317702293396,966,974,5.788769310693442,,,
401422982,2022,8,regular,2022-10-22T16:00:00.000Z,False,True,False,True,,3741,Goodman Stadium,2329,Lehigh,fcs,Patriot,17,"[0, 3, 7, 7]",0.449537992477417,,,2083,Bucknell,fcs,Patriot,19,"[0, 7, 0, 12]",0.550462007522583,,,9.802862043567682,,,
401444119,2022,8,regular,2022-10-22T16:00:00.000Z,False,True,False,True,,5881,CAU Panther Stadium,2805,Clark Atlanta,ii,SIAC,21,"[0, 7, 7, 7]",,,,2232,Fort Valley State,ii,SIAC,41,"[7, 7, 13, 14]",,,,,,,
401433002,2022,8,regular,2022-10-22T16:00:00.000Z,False,True,False,True,,4437,"Memorial Stadium (Clarion, PA)",2134,Clarion,ii,Pennsylvania State Athletic,17,"[0, 7, 3, 7]",,,,2205,Edinboro,ii,Pennsylvania State Athletic,47,"[10, 14, 17, 6]",,,,,,,
401432131,2022,8,regular,2022-10-22T16:00:00.000Z,False,True,False,True,,6063,Mueller Field,587,Notre Dame College,ii,Mountain East,38,"[7, 17, 14, 0]",,,,2249,Glenville State,ii,Mountain East,16,"[7, 7, 2, 0]",,,,,,,
401433046,2022,8,regular,2022-10-22T16:00:00.000Z,False,True,False,True,,4427,John A. Farrell Stadium,223,West Chester,ii,Pennsylvania State Athletic,14,"[7, 0, 7, 0]",,,,2974,Shepherd,ii,Pennsylvania State Athletic,47,"[0, 20, 14, 13]",,,,,,,
401438638,2022,8,regular,2022-10-22T16:00:00.000Z,False,True,False,True,,3851,Mustang Stadium,471,Stevenson,iii,Mid Atlantic,20,"[6, 7, 7, 0]",,,,2221,FDU Florham,iii,Mid Atlantic,7,"[0, 0, 0, 7]",,,,,,,
401438646,2022,8,regular,2022-10-22T16:00:00.000Z,False,True,False,True,,5907,McCarthy Stadium (Wilkes Barre),247,King's,iii,Mid Atlantic,34,"[0, 7, 20, 7]",,,,388,Lebanon Valley,iii,Mid Atlantic,24,"[7, 10, 0, 7]",,,,,,,
401404096,2022,8,regular,2022-10-22T16:00:00.000Z,False,True,False,True,45882,4727,McLane Stadium,239,Baylor,fbs,Big 12,35,"[14, 14, 0, 7]",1,1728,1724,2305,Kansas,fbs,Big 12,23,"[3, 0, 7, 13]",0,1364,1368,2.640102429230169,,,
401431404,2022,8,regular,2022-10-22T16:00:00.000Z,False,True,False,True,,3617,Andy Kerr Stadium,2142,Colgate,fcs,Patriot,34,"[3, 14, 10, 7]",,,,46,Georgetown,fcs,Patriot,24,"[3, 0, 14, 7]",,,,,,,
401411142,2022,8,regular,2022-10-22T16:00:00.000Z,False,True,False,True,81500,3836,"Memorial Stadium (Clemson, SC)",228,Clemson,fbs,ACC,27,"[7, 3, 0, 17]",0.7051915526390076,1830,1826,183,Syracuse,fbs,ACC,21,"[7, 14, 0, 0]",0.29480844736099243,1581,1585,6.143101065850277,,,
401431166,2022,8,regular,2022-10-22T16:00:00.000Z,False,True,False,True,,5940,Clean Harbors Stadium,110,Mass Maritime,iii,MSCAC,3,"[3, 0, 0, 0]",,,,2843,Western Connecticut State,iii,MSCAC,24,"[7, 14, 0, 3]",,,,,,,
401425427,2022,8,regular,2022-10-22T16:00:00.000Z,False,True,False,True,,3624,Arute Field,2115,Central Connecticut,fcs,NEC,6,"[0, 0, 6, 0]",,,,2184,Duquesne,fcs,NEC,30,"[3, 10, 0, 17]",,,,,,,
401415640,2022,8,regular,2022-10-22T16:00:00.000Z,False,True,False,True,32443,3852,Navy-Marine Corps Memorial Stadium,2426,Navy,fbs,American Athletic,20,"[0, 7, 7, 6]",0.04529966413974762,1469,1430,248,Houston,fbs,American Athletic,38,"[14, 7, 10, 7]",0.9547003358602524,1515,1554,3.4176455708525117,,,
401428459,2022,8,regular,2022-10-22T16:00:00.000Z,False,True,False,True,,3777,Joe Walton Stadium,2523,Robert Morris,fcs,Big South,14,"[0, 0, 7, 7]",0.001094428443670349,,,2448,North Carolina A&T,fcs,Big South,38,"[13, 17, 3, 5]",0.9989055715563296,,,1.0580197808,,,
401430691,2022,8,regular,2022-10-22T16:00:00.000Z,False,True,False,True,,3808,Lincoln University Stadium,2339,Lincoln (PA),ii,CIAA,20,"[0, 0, 13, 7]",,,,2676,Virginia Union,ii,CIAA,45,"[3, 14, 7, 21]",,,,,,,
401456809,2022,8,regular,2022-10-22T16:00:00.000Z,False,True,False,True,,5868,Ronald J. Abdow Field,2022,American International,ii,Northeast 10,7,"[0, 0, 7, 0]",,,,2038,Assumption,ii,Northeast 10,24,"[14, 3, 0, 7]",,,,,,,
401450148,2022,8,regular,2022-10-22T16:00:00.000Z,False,True,False,True,,5898,John Coughlin Memorial Field,402,Worcester State,iii,MSCAC,21,"[0, 0, 7, 14]",,,,2972,Plymouth State,iii,MSCAC,49,"[14, 21, 7, 7]",,,,,,,
401445808,2022,8,regular,2022-10-22T16:00:00.000Z,False,True,False,True,,5894,Steuben Field,348,Hamilton,iii,NESCAC,12,"[9, 3, 0, 0]",,,,33,Colby,iii,NESCAC,18,"[0, 3, 7, 8]",,,,,,,
401432106,2022,8,regular,2022-10-22T16:00:00.000Z,False,True,False,True,,5121,University of Charleston Stadium,2128,Charleston (WV),ii,Mountain East,70,"[21, 14, 21, 14]",,,,2882,UNC Pembroke,ii,Mountain East,21,"[0, 14, 7, 0]",,,,,,,
401438597,2022,8,regular,2022-10-22T16:00:00.000Z,False,True,False,True,,4441,McConnell Family Stadium,367,Gannon,ii,Pennsylvania State Athletic,49,"[14, 21, 7, 7]",,,,2385,Mercyhurst,ii,Pennsylvania State Athletic,14,"[7, 0, 0, 7]",,,,,,,
401437205,2022,8,regular,2022-10-22T16:00:00.000Z,False,True,False,True,,3877,Pioneer Stadium,3162,Alfred State,iii,ECFC,35,"[7, 14, 0, 7, 7]",,,,110438,Dean,iii,ECFC,36,"[14, 7, 0, 7, 8]",,,,,,,
401438670,2022,8,regular,2022-10-22T16:00:00.000Z,False,True,False,True,,6095,Sabine Field at Haynes Family Stadium,2467,Norwich,iii,NEWMAC,21,"[7, 7, 0, 7]",,,,109,MIT,iii,NEWMAC,11,"[3, 0, 8, 0]",,,,,,,
401435120,2022,8,regular,2022-10-22T16:00:00.000Z,False,True,False,True,,4757,Edwards-Maurer Field,2746,Wittenberg,iii,North Coast,10,"[0, 3, 0, 7]",,,,2171,Denison,iii,North Coast,28,"[7, 0, 7, 14]",,,,,,,
401441948,2022,8,regular,2022-10-22T16:00:00.000Z,False,True,False,True,,7082,Athletic Field Complex,122774,Keystone,iii,ECFC,20,"[0, 0, 6, 14]",,,,293,Vermont State Castleton,iii,ECFC,35,"[7, 14, 0, 14]",,,,,,,
401435095,2022,8,regular,2022-10-22T16:00:00.000Z,False,True,False,True,,6134,Frank Bailey Field,237,Union,iii,Liberty League,27,"[3, 10, 0, 14]",,,,184,Rochester (NY),iii,Liberty League,7,"[0, 0, 7, 0]",,,,,,,
401431113,2022,8,regular,2022-10-22T16:00:00.000Z,False,True,False,True,,6087,Drake Field (NY),3110,SUNY Morrisville,iii,Empire 8,36,"[13, 6, 10, 7]",,,,365,Alfred,iii,Empire 8,0,"[0, 0, 0, 0]",,,,,,,
401438612,2022,8,regular,2022-10-22T16:00:00.000Z,False,True,False,True,,6115,Toppa Field,2776,Salve Regina,iii,Commonwealth Coast,42,"[14, 14, 7, 7]",,,,2884,Nichols,iii,Commonwealth Coast,21,"[0, 7, 0, 14]",,,,,,,
401431175,2022,8,regular,2022-10-22T16:00:00.000Z,False,True,False,True,,5845,Elliot Field Athletic Complex,114,Fitchburg State,iii,MSCAC,0,"[0, 0, 0, 0]",,,,379,UMass Dartmouth,iii,MSCAC,49,"[21, 14, 14, 0]",,,,,,,
401443114,2022,8,regular,2022-10-22T16:00:00.000Z,False,True,False,True,,5902,Knox Stadium,246,Juniata,iii,Centennial,12,"[0, 6, 0, 6]",,,,2422,Muhlenberg,iii,Centennial,57,"[7, 28, 14, 8]",,,,,,,
401415191,2022,8,regular,2022-10-22T16:30:00.000Z,False,True,False,True,,3656,Brown Stadium,225,Brown,fcs,Ivy,21,"[0, 7, 7, 7]",0.24568602442741394,,,172,Cornell,fcs,Ivy,24,"[7, 10, 0, 7]",0.7543139755725861,,,4.148097626617747,,,
401411144,2022,8,regular,2022-10-22T16:30:00.000Z,False,True,False,True,57421,3948,Hard Rock Stadium,2390,Miami,fbs,ACC,21,"[7, 0, 14, 0]",0.025011738762259483,1530,1443,150,Duke,fbs,ACC,45,"[0, 17, 7, 21]",0.9749882612377405,1346,1433,5.1107757094956785,,,
401432970,2022,8,regular,2022-10-22T17:00:00.000Z,False,True,False,True,,6030,Harms-Eischeid Stadium,389,Upper Iowa,ii,Northern Sun,33,"[0, 20, 6, 7]",,,,568,Minot State,ii,Northern Sun,20,"[3, 7, 3, 7]",,,,,,,
401432746,2022,8,regular,2022-10-22T17:00:00.000Z,False,True,False,False,,5789,Frank B. Fuhrer Field,2018,Allegheny,iii,Presidents',35,"[13, 0, 8, 14]",,,,2614,Saint Vincent,iii,Presidents',52,"[7, 17, 21, 7]",,,,,,,
401432841,2022,8,regular,2022-10-22T17:00:00.000Z,False,True,True,True,,5844,McAfee Field,109418,Finlandia University,iii,Upper Midwest,14,"[7, 0, 0, 7]",,,,509,Crown,iii,Upper Midwest,40,"[6, 14, 8, 12]",,,,,,,
401416626,2022,8,regular,2022-10-22T17:00:00.000Z,False,True,False,True,14190,3965,UB Stadium,2084,Buffalo,fbs,Mid-American,34,"[0, 7, 3, 24]",0.7087422013282776,1470,1486,2649,Toledo,fbs,Mid-American,27,"[7, 13, 7, 0]",0.2912577986717224,1580,1564,5.563162713962564,,,
401431035,2022,8,regular,2022-10-22T17:00:00.000Z,False,True,False,True,,5124,Homewood Field,118,Johns Hopkins,iii,Centennial,60,"[14, 26, 6, 14]",,,,2248,Gettysburg,iii,Centennial,7,"[7, 0, 0, 0]",,,,,,,
401435198,2022,8,regular,2022-10-22T17:00:00.000Z,False,True,False,True,,5998,Monarch Stadium,291,Methodist,iii,USA South,35,"[14, 7, 7, 7]",,,,2938,Huntingdon,iii,USA South,38,"[7, 17, 14, 0]",,,,,,,
401435137,2022,8,regular,2022-10-22T17:00:00.000Z,False,True,False,True,,6202,Cardinal Stadium (DC),2108,Catholic,iii,NEWMAC,41,"[21, 6, 7, 7]",,,,2383,Merchant Marine,iii,NEWMAC,33,"[0, 8, 0, 25]",,,,,,,
401432577,2022,8,regular,2022-10-22T17:00:00.000Z,False,True,False,True,,5855,Charles A. Henry Field,2274,Hiram,iii,North Coast,34,"[7, 0, 20, 7]",,,,352,Kenyon,iii,North Coast,31,"[0, 17, 0, 14]",,,,,,,
401425516,2022,8,regular,2022-10-22T17:00:00.000Z,False,True,False,True,,3990,William H. Greene Stadium,47,Howard,fcs,MEAC,35,"[14, 0, 14, 7]",0.9832462072372437,,,2169,Delaware State,fcs,MEAC,17,"[3, 0, 0, 14]",0.016753792762756348,,,2.3377074740481314,,,
401432722,2022,8,regular,2022-10-22T17:00:00.000Z,False,True,False,True,,6138,Wilson Field,2688,Washington and Lee,iii,Old Dominion,43,"[7, 10, 0, 20, 6]",,,,297,Hampden Sydney,iii,Old Dominion,44,"[0, 17, 14, 6, 7]",,,,,,,
401431156,2022,8,regular,2022-10-22T17:00:00.000Z,False,True,False,True,,5925,David Person Field,2354,Lycoming,iii,Mid Atlantic,42,"[14, 7, 7, 14]",,,,111674,Alvernia,iii,Mid Atlantic,10,"[0, 3, 0, 7]",,,,,,,
401423140,2022,8,regular,2022-10-22T17:00:00.000Z,False,True,False,True,,3664,Butler Bowl,2086,Butler,fcs,Pioneer,31,"[0, 10, 7, 14]",0.998441755771637,,,2368,Marist,fcs,Pioneer,10,"[7, 3, 0, 0]",0.0015582442283630371,,,4.552649354704652,,,
401431588,2022,8,regular,2022-10-22T17:00:00.000Z,False,True,False,True,,3870,Panther Stadium (OH),2477,Ohio Dominican,ii,Great Midwest Athletic,49,"[14, 21, 0, 14]",,,,2316,Kentucky Wesleyan,ii,Great Midwest Athletic,7,"[0, 7, 0, 0]",,,,,,,
401435069,2022,8,regular,2022-10-22T17:00:00.000Z,False,True,False,True,,3675,Charles A. Gaetano Stadium,390,Utica,iii,Empire 8,21,"[0, 7, 7, 7]",,,,2782,SUNY Cortland,iii,Empire 8,48,"[7, 27, 14, 0]",,,,,,,
401423420,2022,8,regular,2022-10-22T17:00:00.000Z,False,True,False,True,,6048,Duane Stadium,2771,Merrimack,fcs,NEC,31,"[7, 7, 14, 3]",0.9982724461900601,,,2529,Sacred Heart,fcs,NEC,25,"[0, 6, 19, 0]",0.0017275538099399412,,,4.5152741971,,,
401431548,2022,8,regular,2022-10-22T17:00:00.000Z,False,True,False,True,,3960,Top Taggart Field,2222,Ferris State,ii,GLIAC,28,"[0, 7, 7, 14]",,,,2392,Michigan Tech,ii,GLIAC,20,"[10, 0, 0, 10]",,,,,,,
401432138,2022,8,regular,2022-10-22T17:00:00.000Z,False,True,False,True,,5886,West Family Stadium,2699,West Liberty,ii,Mountain East,21,"[11, 10, 0, 0]",,,,112335,Wheeling,ii,Mountain East,42,"[14, 7, 14, 7]",,,,,,,
401432337,2022,8,regular,2022-10-22T17:00:00.000Z,False,True,False,False,,6217,W.C. Hawkins Stadium,2019,Allen,ii,SIAC,50,"[30, 13, 7, 0]",,,,124180,Bluefield State,ii,Independent DII,14,"[0, 0, 0, 14]",,,,,,,
401429857,2022,8,regular,2022-10-22T17:00:00.000Z,False,True,False,True,,5873,Bulldogs Stadium,2075,Bowie State,ii,CIAA,15,"[0, 6, 3, 6]",,,,2804,Chowan,ii,CIAA,21,"[7, 0, 6, 8]",,,,,,,
401432633,2022,8,regular,2022-10-22T17:00:00.000Z,False,True,False,True,,3879,TowneBank Stadium,3112,Christopher Newport,iii,New Jersey,31,"[7, 7, 3, 14]",,,,2970,William Paterson,iii,New Jersey,7,"[0, 7, 0, 0]",,,,,,,
401430713,2022,8,regular,2022-10-22T17:00:00.000Z,False,True,False,True,,6041,Irwin Belk Complex,2304,Johnson C. Smith,ii,CIAA,13,"[0, 6, 7, 0]",,,,2220,Fayetteville State,ii,CIAA,21,"[7, 14, 0, 0]",,,,,,,
401424408,2022,8,regular,2022-10-22T17:00:00.000Z,False,True,False,True,,5389,Kessler Stadium,2405,Monmouth,fcs,CAA,46,"[14, 10, 3, 8, 7, 0, 2, 0, 0, 2, 0]",0.3239150047302246,,,227,Rhode Island,fcs,CAA,48,"[7, 14, 7, 7, 7, 0, 2, 0, 0, 2, 2]",0.6760849952697754,,,12.252913503842512,,,
401423916,2022,8,regular,2022-10-22T17:00:00.000Z,False,True,False,True,,3730,Franklin Field,219,Pennsylvania,fcs,Ivy,20,"[3, 7, 3, 7]",0.6672355532646179,,,43,Yale,fcs,Ivy,13,"[0, 10, 0, 3]",0.3327644467353821,,,5.499790441286619,,,
401441291,2022,8,regular,2022-10-22T17:00:00.000Z,False,True,False,True,,3694,DeGol Field,2598,Saint Francis,fcs,NEC,17,"[14, 0, 3, 0]",0.8085718750953674,,,284,Stonehill,fcs,NEC,13,"[3, 3, 7, 0]",0.19142812490463257,,,12.317852599297382,,,
401418833,2022,8,regular,2022-10-22T17:00:00.000Z,False,True,False,True,,3829,Memorial Stadium,282,Indiana State,fcs,MVFC,21,"[0, 7, 7, 7]",0.3659721314907074,,,2287,Illinois State,fcs,MVFC,27,"[20, 0, 0, 7]",0.6340278685092926,,,3.451764832918624,,,
401432621,2022,8,regular,2022-10-22T17:00:00.000Z,False,True,False,True,,6099,Selby Stadium,2980,Ohio Wesleyan,iii,North Coast,21,"[6, 13, 2, 0]",,,,83,DePauw,iii,North Coast,22,"[0, 0, 10, 12]",,,,,,,
401432355,2022,8,regular,2022-10-22T17:00:00.000Z,False,True,False,True,,4749,McPherson Memorial Stadium,2119,Central State,ii,SIAC,13,"[0, 0, 7, 6]",,,,2206,Edward Waters,ii,SIAC,45,"[19, 6, 7, 13]",,,,,,,
401432534,2022,8,regular,2022-10-22T17:00:00.000Z,False,True,False,True,,6136,Patterson Field,2667,Ursinus,iii,Centennial,44,"[21, 10, 7, 6]",,,,323,Moravian,iii,Centennial,17,"[3, 7, 0, 7]",,,,,,,
401432885,2022,8,regular,2022-10-22T17:00:00.000Z,False,True,False,True,,5932,Lloyd L. Thornton Stadium,2373,Maryville (TN),iii,USA South,61,"[14, 28, 10, 9]",,,,286,North Carolina Wesleyan,iii,USA South,7,"[0, 0, 0, 7]",,,,,,,
401431047,2022,8,regular,2022-10-22T17:00:00.000Z,False,True,False,True,,6143,Golden Bear Stadium,2702,Western New England,iii,Commonwealth Coast,31,"[3, 0, 7, 21]",,,,40,Curry,iii,Commonwealth Coast,8,"[0, 0, 0, 8]",,,,,,,
401437211,2022,8,regular,2022-10-22T17:00:00.000Z,False,True,False,True,,6113,Leckonby Stadium,2779,St. Lawrence,iii,Liberty League,10,"[0, 10, 0, 0]",,,,174,Hobart,iii,Liberty League,31,"[10, 7, 7, 7]",,,,,,,
401432731,2022,8,regular,2022-10-22T17:00:00.000Z,False,True,False,True,,6116,Shentel Stadium,2828,Shenandoah,iii,Old Dominion,21,"[0, 0, 7, 14]",,,,2516,Randolph Macon,iii,Old Dominion,35,"[7, 13, 0, 15]",,,,,,,
401432116,2022,8,regular,2022-10-22T17:00:00.000Z,False,True,False,True,,5785,Dickerson Stadium,2707,West Virginia State,ii,Mountain East,56,"[9, 10, 27, 10]",,,,2148,Concord,ii,Mountain East,38,"[14, 17, 7, 0]",,,,,,,
401432969,2022,8,regular,2022-10-22T17:00:00.000Z,False,True,False,True,,6035,"Memorial Stadium (Wayne, NE)",2844,Wayne State (NE),ii,Northern Sun,20,"[0, 14, 3, 3]",,,,2587,Southwest Minnesota State,ii,Northern Sun,14,"[0, 7, 0, 7]",,,,,,,
401432714,2022,8,regular,2022-10-22T17:00:00.000Z,False,True,False,True,,5892,Armfield Athletic Center,2258,Guilford,iii,Old Dominion,17,"[0, 7, 10, 0]",,,,366,Ferrum,iii,Old Dominion,31,"[0, 17, 0, 14]",,,,,,,
401432100,2022,8,regular,2022-10-22T17:00:00.000Z,False,True,False,True,,4421,Multi-Sport Performance Stadium,2017,Alderson-Broaddus,ii,Mountain East,30,"[3, 17, 3, 7]",,,,455,West Virginia Wesleyan,ii,Mountain East,31,"[7, 0, 14, 10]",,,,,,,
401416629,2022,8,regular,2022-10-22T17:00:00.000Z,False,True,False,True,14676,3786,Kelly/Shorts Stadium,2117,Central Michigan,fbs,Mid-American,18,"[3, 0, 7, 8]",0.009712033905088902,1389,1319,189,Bowling Green,fbs,Mid-American,34,"[7, 10, 0, 17]",0.9902879660949111,1107,1177,4.968172661854078,,,
401445804,2022,8,regular,2022-10-22T17:00:00.000Z,False,True,False,True,,3733,Garcelon Field,121,Bates,iii,NESCAC,28,"[7, 7, 14, 0]",,,,2394,Middlebury,iii,NESCAC,40,"[7, 19, 7, 7]",,,,,,,
401444601,2022,8,regular,2022-10-22T17:00:00.000Z,False,True,False,True,,6133,Ellis Oval at Zimman Field,112,Tufts,iii,NESCAC,17,"[7, 3, 7, 0]",,,,7,Amherst,iii,NESCAC,20,"[7, 0, 7, 6]",,,,,,,
401431307,2022,8,regular,2022-10-22T17:00:00.000Z,False,True,False,True,,5797,Vago Field,2044,Aurora,iii,NACC,28,"[0, 7, 7, 14]",,,,2832,St. Norbert,iii,NACC,6,"[6, 0, 0, 0]",,,,,,,
401428487,2022,8,regular,2022-10-22T17:00:00.000Z,False,True,False,True,,3627,Bailey Memorial Stadium,2506,Presbyterian,fcs,Pioneer,17,"[10, 7, 0, 0]",0.020914647728204727,,,2900,St. Thomas (MN),fcs,Pioneer,46,"[0, 14, 22, 10]",0.9790853522717953,,,3.663544625549793,,,
401432612,2022,8,regular,2022-10-22T17:00:00.000Z,False,True,False,True,,6096,Austin E. Knowlton Athletics Complex,391,Oberlin,iii,North Coast,20,"[0, 14, 6, 0]",,,,89,Wabash,iii,North Coast,66,"[21, 24, 21, 0]",,,,,,,
401431575,2022,8,regular,2022-10-22T17:00:00.000Z,False,True,False,True,,3770,Jack Miller Stadium,308,Ashland,ii,Great Midwest Athletic,28,"[0, 14, 7, 7]",,,,2838,Tiffin,ii,Great Midwest Athletic,20,"[0, 3, 10, 7]",,,,,,,
401432775,2022,8,regular,2022-10-22T17:00:00.000Z,False,True,False,True,,5864,Robert E. Thorn Field,146,Grove City,iii,Presidents',17,"[0, 7, 0, 10]",,,,2849,Westminster (PA),iii,Presidents',24,"[0, 17, 0, 7]",,,,,,,
401441933,2022,8,regular,2022-10-22T17:00:00.000Z,False,True,False,True,,3922,Kenneth R. Gill Stadium,2700,McDaniel,iii,Centennial,0,"[0, 0, 0, 0]",,,,216,Susquehanna,iii,Centennial,58,"[14, 24, 10, 10]",,,,,,,
401430676,2022,8,regular,2022-10-22T17:00:00.000Z,False,True,False,True,,6068,George Williams Athletic Complex,2551,Shaw,ii,CIAA,28,"[14, 7, 0, 7]",,,,2940,Livingstone,ii,CIAA,14,"[0, 0, 14, 0]",,,,,,,
401431280,2022,8,regular,2022-10-22T17:00:00.000Z,False,True,False,True,,6109,Ingalls Field,2891,Ripon,iii,Midwest,19,"[2, 14, 0, 3]",,,,80,Chicago,iii,Midwest,16,"[0, 0, 8, 8]",,,,,,,
401432853,2022,8,regular,2022-10-22T17:00:00.000Z,False,True,False,True,,6145,Blue Jay Stadium,433,Westminster (MO),iii,Upper Midwest,0,"[0, 0, 0, 0]",,,,583,Northwestern (MN),iii,Upper Midwest,36,"[13, 6, 10, 7]",,,,,,,
401438600,2022,8,regular,2022-10-22T17:00:00.000Z,False,True,False,True,,6046,Meares Stadium,2369,Mars Hill,ii,South Atlantic,44,"[16, 7, 7, 14]",,,,2105,Carson Newman,ii,South Atlantic,13,"[0, 0, 0, 13]",,,,,,,
401423415,2022,8,regular,2022-10-22T17:00:00.000Z,False,True,False,True,,3988,Welcome Stadium,2168,Dayton,fcs,Pioneer,23,"[0, 10, 3, 10]",0.8758350610733032,,,56,Stetson,fcs,Pioneer,20,"[0, 10, 10, 0]",0.12416493892669678,,,5.544377431448591,,,
401432556,2022,8,regular,2022-10-22T17:00:00.000Z,False,True,False,True,,5810,Coyer Field,2085,Buffalo State,iii,Liberty League,10,"[3, 0, 0, 7]",,,,175,Ithaca,iii,Liberty League,51,"[14, 17, 10, 10]",,,,,,,
401429867,2022,8,regular,2022-10-22T17:00:00.000Z,False,True,False,True,,5941,Roebuck Stadium,2207,Elizabeth City State,ii,CIAA,12,"[0, 6, 0, 6]",,,,330,Virginia State,ii,CIAA,34,"[13, 7, 7, 7]",,,,,,,
401430724,2022,8,regular,2022-10-22T17:00:00.000Z,False,True,False,True,,6068,George Williams Athletic Complex,395,St. Augustine's,ii,CIAA,14,"[0, 7, 7, 0]",,,,2736,Winston-Salem State,ii,CIAA,41,"[7, 6, 7, 21]",,,,,,,
401430992,2022,8,regular,2022-10-22T17:00:00.000Z,False,True,False,False,,5802,Belhaven Bowl Stadium,2056,Belhaven,iii,USA South,42,"[21, 14, 7, 0]",,,,2896,Southern Virginia,iii,USA South,6,"[0, 0, 0, 6]",,,,,,,
401431063,2022,8,regular,2022-10-22T17:00:00.000Z,False,True,False,True,,6135,Blue Storm Stadium,111675,New England,iii,Commonwealth Coast,0,"[0, 0, 0, 0]",,,,452,Endicott,iii,Commonwealth Coast,43,"[10, 23, 10, 0]",,,,,,,
401431191,2022,8,regular,2022-10-22T17:00:00.000Z,False,True,False,True,,6130,Fred Zollner Athletic Stadium,2651,Trine,iii,Michigan,19,[],,,,2790,Albion,iii,Michigan,20,[],,,,,,,
401437002,2022,8,regular,2022-10-22T17:00:00.000Z,False,True,False,True,,7077,Shadek Stadium,2234,Franklin & Marshall,iii,Centennial,28,"[7, 7, 7, 7]",,,,2175,Dickinson,iii,Centennial,17,"[7, 7, 3, 0]",,,,,,,
401432548,2022,8,regular,2022-10-22T17:00:00.000Z,False,True,False,True,,5848,Hotchkiss Field,417,Gallaudet,iii,ECFC,24,"[0, 0, 2, 22]",,,,2951,SUNY Maritime,iii,ECFC,26,"[6, 12, 0, 8]",,,,,,,
401435115,2022,8,regular,2022-10-22T17:00:00.000Z,False,True,False,False,,6127,John P. Papp Stadium,2748,Wooster,iii,North Coast,49,"[14, 21, 7, 7]",,,,125974,Hilbert,iii,North Coast,7,"[0, 0, 0, 7]",,,,,,,
401455638,2022,8,regular,2022-10-22T17:00:00.000Z,False,True,False,True,,4855,Leslie C. Quick Jr. Stadium,2725,Widener,iii,Mid Atlantic,34,"[7, 14, 3, 10]",,,,2015,Albright,iii,Mid Atlantic,28,"[0, 14, 0, 14]",,,,,,,
401441259,2022,8,regular,2022-10-22T17:00:00.000Z,False,True,False,True,,5806,Whittier Field,340,Bowdoin,iii,NESCAC,28,"[7, 14, 7, 0]",,,,336,Wesleyan (CT),iii,NESCAC,26,"[7, 7, 0, 12]",,,,,,,
401444123,2022,8,regular,2022-10-22T17:00:00.000Z,False,True,False,True,,5833,Robert A. Lipinski Field at James Work Memorial Stadium,2808,Delaware Valley,iii,Mid Atlantic,27,"[13, 7, 0, 7]",,,,398,Wilkes,iii,Mid Atlantic,14,"[0, 0, 7, 7]",,,,,,,
401450195,2022,8,regular,2022-10-22T17:00:00.000Z,False,True,False,True,,5824,Lions Stadium,2442,The College of New Jersey,iii,New Jersey,17,"[0, 3, 7, 7]",,,,2532,Salisbury,iii,New Jersey,70,"[21, 21, 21, 7]",,,,,,,
401432380,2022,8,regular,2022-10-22T17:00:00.000Z,False,True,True,True,,6211,Sodexo Field,112334,Franklin Pierce,ii,Northeast 10,7,"[7, 0, 0, 0]",,,,2487,Pace,ii,Northeast 10,50,"[7, 8, 21, 14]",,,,,,,
401424398,2022,8,regular,2022-10-22T17:00:00.000Z,False,True,False,True,,3688,Wildcat Stadium,160,New Hampshire,fcs,CAA,40,"[7, 16, 7, 10]",,,,2210,Elon,fcs,CAA,22,"[0, 7, 8, 7]",,,,,,,
401432705,2022,8,regular,2022-10-22T17:30:00.000Z,False,True,False,False,,6078,Pioneer Field (TN),2839,Tusculum,ii,South Atlantic,35,"[0, 7, 21, 7]",,,,2213,Emory & Henry,ii,South Atlantic,9,"[0, 3, 0, 6]",,,,,,,
401421132,2022,8,regular,2022-10-22T17:30:00.000Z,False,True,False,True,,3720,Finley Stadium,236,Chattanooga,fcs,Southern,41,"[17, 10, 7, 7]",0.9941579699516296,,,2382,Mercer,fcs,Southern,21,"[0, 14, 7, 0]",0.005842030048370361,,,2.6156049333763614,,,
401420802,2022,8,regular,2022-10-22T17:30:00.000Z,False,True,False,True,,3864,Oliver C. Dawson Stadium,2569,South Carolina State,fcs,MEAC,26,"[0, 20, 0, 6]",,,,2428,North Carolina Central,fcs,MEAC,24,"[7, 7, 10, 0]",,,,,,,
401444590,2022,8,regular,2022-10-22T17:30:00.000Z,False,True,False,True,,5832,Justin F. Coressel Stadium,190,Defiance College,iii,Heartland,32,"[0, 7, 19, 6]",,,,2023,Anderson (IN),iii,Heartland,22,"[0, 0, 16, 6]",,,,,,,
401432690,2022,8,regular,2022-10-22T17:30:00.000Z,False,True,False,True,,6098,Dial-Roberson Stadium,427,Ohio Northern,iii,Ohio,7,"[0, 7, 0, 0]",,,,332,Muskingum,iii,Ohio,23,"[7, 13, 0, 3]",,,,,,,
401432686,2022,8,regular,2022-10-22T17:30:00.000Z,False,True,False,True,,4856,Mount Union Stadium,426,Mount Union,iii,Ohio,63,"[21, 21, 14, 7]",,,,2733,Wilmington (OH),iii,Ohio,3,"[0, 0, 0, 3]",,,,,,,
401441938,2022,8,regular,2022-10-22T17:30:00.000Z,False,True,False,True,,5636,Wright Stadium,173,Hartwick,iii,Empire 8,14,"[0, 7, 0, 7]",,,,2781,Brockport,iii,Empire 8,35,"[7, 7, 7, 14]",,,,,,,
401433405,2022,8,regular,2022-10-22T17:30:00.000Z,False,True,False,True,,5930,Carl W. Burt Memorial Stadium,2362,Manchester,iii,Heartland,44,"[3, 14, 3, 10, 7, 7, 0, 0, 0]",,,,2074,Bluffton,iii,Heartland,46,"[3, 14, 0, 13, 7, 7, 0, 0, 2]",,,,,,,
401431123,2022,8,regular,2022-10-22T17:30:00.000Z,False,True,False,True,,6111,Cook Stadium,86,Rose Hulman,iii,Heartland,49,"[7, 21, 7, 14]",,,,2233,Franklin,iii,Heartland,0,"[0, 0, 0, 0]",,,,,,,
401415201,2022,8,regular,2022-10-22T17:30:00.000Z,False,True,False,True,,3802,Lawrence A. Wien Stadium,171,Columbia,fcs,Ivy,24,"[3, 6, 8, 7]",0.1726110428571701,,,159,Dartmouth,fcs,Ivy,27,"[7, 7, 10, 3]",0.8273889571428299,,,5.122150918928402,,,
401431133,2022,8,regular,2022-10-22T17:30:00.000Z,False,True,False,True,,3614,Alumni Stadium (IN),2262,Hanover,iii,Heartland,29,"[7, 7, 7, 8]",,,,2419,Mount St Joseph,iii,Heartland,44,"[3, 17, 3, 21]",,,,,,,
401432676,2022,8,regular,2022-10-22T17:30:00.000Z,False,True,False,True,,5863,Don Shula Stadium at Wasmer Field,2302,John Carroll,iii,Ohio,42,"[21, 14, 0, 7]",,,,424,Capital,iii,Ohio,10,"[3, 0, 7, 0]",,,,,,,
401421161,2022,8,regular,2022-10-22T17:30:00.000Z,False,True,False,True,,3597,Alumni Memorial Field,2678,VMI,fcs,Southern,3,"[0, 3, 0, 0]",,,,231,Furman,fcs,Southern,41,"[3, 21, 3, 14]",,,,,,,
401432983,2022,8,regular,2022-10-22T18:00:00.000Z,False,True,False,True,,4435,Robert B. Redman Stadium,2071,Bloomsburg,ii,Pennsylvania State Athletic,21,"[7, 0, 14, 0]",,,,2188,East Stroudsburg,ii,Pennsylvania State Athletic,27,"[7, 13, 7, 0]",,,,,,,
401413220,2022,8,regular,2022-10-22T18:00:00.000Z,False,True,False,False,,3662,AmFirst Stadium,55,Jacksonville State,fcs,Atlantic Sun,14,"[0, 14, 0, 0]",0.06047791242599487,,,2545,SE Louisiana,fcs,Southland,31,"[0, 13, 0, 18]",0.9395220875740051,,,5.582308798066959,,,
401432859,2022,8,regular,2022-10-22T18:00:00.000Z,False,True,False,True,,6122,Public Schools Stadium,375,St. Scholastica,iii,Minnesota,28,"[7, 0, 6, 15]",,,,133,St. Olaf,iii,Minnesota,33,"[0, 17, 7, 9]",,,,,,,
401431290,2022,8,regular,2022-10-22T18:00:00.000Z,False,True,False,True,,5915,Farwell Field,262,Lake Forest,iii,Midwest,49,"[14, 21, 14, 0]",,,,65,Grinnell,iii,Midwest,0,"[0, 0, 0, 0]",,,,,,,
401423149,2022,8,regular,2022-10-22T18:00:00.000Z,False,True,False,True,,3701,Drake Stadium,2181,Drake,fcs,Pioneer,14,"[7, 7, 0, 0]",0.00039266853876590286,,,2166,Davidson,fcs,Pioneer,48,"[7, 14, 7, 20]",0.9996073314612341,,,2.1199642675,,,
401421142,2022,8,regular,2022-10-22T18:00:00.000Z,False,True,False,True,,3704,E. J. Whitmire Stadium,2717,Western Carolina,fcs,Southern,21,"[0, 0, 7, 14]",0.16314102709293365,,,2643,The Citadel,fcs,Southern,34,"[7, 17, 7, 3]",0.8368589729070663,,,3.365040752335802,,,
401421107,2022,8,regular,2022-10-22T18:00:00.000Z,False,True,False,True,,3774,Jayne Stadium,2413,Morehead State,fcs,Pioneer,35,"[7, 14, 7, 7]",0.03961529955267906,,,2674,Valparaiso,fcs,Pioneer,40,"[14, 7, 7, 12]",0.9603847004473209,,,7.47659948528921,,,
401432565,2022,8,regular,2022-10-22T18:00:00.000Z,False,True,False,True,,5827,Tomasini Stadium,409,Concordia (WI),iii,NACC,30,"[7, 13, 3, 7]",,,,6353,Lakeland,iii,NACC,20,"[0, 7, 7, 6]",,,,,,,
401432953,2022,8,regular,2022-10-22T18:00:00.000Z,False,True,False,True,,5872,Kirkeby-Over Stadium,2043,Augustana (SD),ii,Northern Sun,14,"[0, 7, 0, 7]",,,,2364,Minnesota State,ii,Northern Sun,35,"[14, 7, 14, 0]",,,,,,,
401433105,2022,8,regular,2022-10-22T18:00:00.000Z,False,True,False,True,,5944,Ray Dennison Memorial Field,2237,Fort Lewis,ii,Rocky Mountain,20,"[7, 0, 0, 13]",,,,613,South Dakota Mines,ii,Rocky Mountain,65,"[21, 13, 31, 0]",,,,,,,
401418814,2022,8,regular,2022-10-22T18:00:00.000Z,False,True,False,False,,3963,Harry Turpin Stadium,2466,Northwestern State,fcs,Southland,16,"[3, 0, 13, 0]",0.00011528655886650085,,,2546,Southeast Missouri State,fcs,OVC,51,"[23, 14, 14, 0]",0.9998847134411335,,,3.3616731024509137,,,
401424438,2022,8,regular,2022-10-22T18:00:00.000Z,False,True,False,True,,3620,Armstrong Stadium,2261,Hampton,fcs,CAA,10,"[0, 10, 0, 0]",0,,,257,Richmond,fcs,CAA,41,"[10, 14, 7, 10]",1,,,2.7317544774822626,,,
401436995,2022,8,regular,2022-10-22T18:00:00.000Z,False,True,False,True,,5117,Clemens Stadium,2600,Saint John's (MN),iii,Minnesota,41,"[14, 10, 14, 3]",,,,2968,Gustavus Adolphus,iii,Minnesota,27,"[7, 14, 6, 0]",,,,,,,
401428477,2022,8,regular,2022-10-22T18:00:00.000Z,False,True,False,True,,3749,Hunter Stadium,2815,Lindenwood,fcs,OVC,33,"[0, 17, 7, 9]",,,,93,Murray State,fcs,OVC,18,"[12, 3, 3, 0]",,,,,,,
401432806,2022,8,regular,2022-10-22T18:00:00.000Z,False,True,False,True,,4423,Young-Wise Memorial Stadium,418,Hendrix,iii,Southern Athletic,42,"[7, 14, 7, 14]",,,,2121,Centre,iii,Southern Athletic,45,"[7, 17, 14, 7]",,,,,,,
401431026,2022,8,regular,2022-10-22T18:00:00.000Z,False,True,False,True,,5996,Wilford Moore Stadium,241,McMurry,iii,American Southwest,10,"[3, 0, 0, 7]",,,,2639,Texas Lutheran,iii,American Southwest,17,"[7, 0, 7, 3]",,,,,,,
401431104,2022,8,regular,2022-10-22T18:00:00.000Z,False,True,False,False,,5115,McCully Stadium,396,Wheaton (IL),iii,CCIW,61,"[20, 21, 14, 6]",,,,32,Carroll (WI),iii,Midwest,9,"[0, 0, 0, 9]",,,,,,,
401431099,2022,8,regular,2022-10-22T18:00:00.000Z,False,True,False,True,,6093,Holmgren Athletic Complex,75,North Park,iii,CCIW,34,"[0, 13, 14, 7]",,,,2042,Augustana (IL),iii,CCIW,56,"[14, 28, 7, 7]",,,,,,,
401432892,2022,8,regular,2022-10-22T18:00:00.000Z,False,True,False,True,,5914,Veterans Memorial Stadium (WI),2740,Wisconsin La Crosse,iii,Wisconsin,55,"[20, 14, 14, 7]",,,,2743,Wisconsin Stevens Point,iii,Wisconsin,13,"[0, 13, 0, 0]",,,,,,,
401433035,2022,8,regular,2022-10-22T18:00:00.000Z,False,True,False,True,,4431,Chryst Field at Biemesderfer Stadium,210,Millersville,ii,Pennsylvania State Athletic,17,"[7, 0, 7, 3]",,,,2559,Shippensburg,ii,Pennsylvania State Athletic,14,"[0, 7, 7, 0]",,,,,,,
401431261,2022,8,regular,2022-10-22T18:00:00.000Z,False,True,False,True,,3945,Strong Stadium,266,Beloit,iii,Midwest,56,"[14, 7, 14, 21]",,,,268,Lawrence,iii,Midwest,0,"[0, 0, 0, 0]",,,,,,,
401431296,2022,8,regular,2022-10-22T18:00:00.000Z,False,True,False,True,,5908,Harley Knosher Bowl,255,Knox,iii,Midwest,10,"[3, 0, 0, 7]",,,,2286,Illinois College,iii,Midwest,20,"[0, 17, 0, 3]",,,,,,,
401433120,2022,8,regular,2022-10-22T18:00:00.000Z,False,True,False,True,,6553,Helen and Leonard Moretz Stadium,2331,Lenoir Rhyne,ii,South Atlantic,24,"[0, 0, 7, 17]",,,,2444,Newberry,ii,South Atlantic,38,"[14, 3, 0, 21]",,,,,,,
401432847,2022,8,regular,2022-10-22T18:00:00.000Z,False,True,False,True,,6082,Big Cat Stadium,2399,Minnesota Morris,iii,Upper Midwest,47,"[0, 23, 14, 10]",,,,446,Martin Luther,iii,Upper Midwest,0,"[0, 0, 0, 0]",,,,,,,
401431583,2022,8,regular,2022-10-22T18:00:00.000Z,False,True,False,True,,3729,"Frank ""Muddy"" Waters Stadium",2273,Hillsdale,ii,Great Midwest Athletic,20,"[13, 0, 0, 7]",,,,2224,Findlay,ii,Great Midwest Athletic,41,"[10, 17, 14, 0]",,,,,,,
401431557,2022,8,regular,2022-10-22T18:00:00.000Z,False,True,False,False,,3769,Jack Britt Memorial Stadium,437,Lake Erie,ii,Great Midwest Athletic,14,"[14, 0, 0, 0]",,,,2886,Northwood,ii,Great Midwest Athletic,18,"[6, 9, 3, 0]",,,,,,,
401431200,2022,8,regular,2022-10-22T18:00:00.000Z,False,True,False,True,,5904,Angell Field,126,Kalamazoo,iii,Michigan,21,"[0, 0, 7, 14]",,,,2800,Alma,iii,Michigan,45,"[7, 21, 10, 7]",,,,,,,
401435112,2022,8,regular,2022-10-22T18:00:00.000Z,False,True,False,True,,6110,Sam Greeley Field,2524,Rockford,iii,NACC,27,"[0, 7, 7, 13]",,,,2283,Benedictine (IL),iii,NACC,70,"[21, 21, 14, 14]",,,,,,,
401433077,2022,8,regular,2022-10-22T18:00:00.000Z,False,True,False,True,,5883,Marv Kay Stadium at Campbell Field,2146,Colorado School of Mines,ii,Rocky Mountain,38,"[14, 17, 0, 7]",,,,2069,Black Hills State,ii,Rocky Mountain,0,"[0, 0, 0, 0]",,,,,,,
401431073,2022,8,regular,2022-10-22T18:00:00.000Z,False,True,False,True,,5859,Tucci Stadium,306,Illinois Wesleyan,iii,CCIW,55,"[10, 28, 14, 3]",,,,2106,Carthage,iii,CCIW,0,"[0, 0, 0, 0]",,,,,,,
401431977,2022,8,regular,2022-10-22T18:00:00.000Z,False,True,False,True,,6034,Yager Stadium at Moore Bowl,2687,Washburn,ii,Mid America,37,"[0, 9, 14, 14]",,,,2122,Central Oklahoma,ii,Mid America,9,"[0, 0, 0, 9]",,,,,,,
401432345,2022,8,regular,2022-10-22T18:00:00.000Z,False,True,False,True,,6056,B.T. Harvey Stadium,60,Morehouse,ii,SIAC,0,"[0, 0, 0, 0]",,,,490,Benedict,ii,SIAC,35,"[7, 7, 21, 0]",,,,,,,
401433011,2022,8,regular,2022-10-22T18:00:00.000Z,False,True,False,True,,4433,George P. Miller Stadium,2291,IU Pennsylvania,ii,Pennsylvania State Athletic,44,"[14, 9, 14, 7]",,,,611,Seton Hill,ii,Pennsylvania State Athletic,7,"[0, 0, 0, 7]",,,,,,,
401432399,2022,8,regular,2022-10-22T18:00:00.000Z,False,True,False,True,,5874,Chet Anderson Stadium,132,Bemidji State,ii,Northern Sun,41,"[0, 20, 14, 7]",,,,134,Minnesota Duluth,ii,Northern Sun,16,"[3, 0, 7, 6]",,,,,,,
401416624,2022,8,regular,2022-10-22T18:00:00.000Z,False,True,False,True,15698,3919,Scheumann Stadium,2050,Ball State,fbs,Mid-American,16,"[0, 7, 9, 0]",0.18625123798847198,1297,1290,2199,Eastern Michigan,fbs,Mid-American,20,"[0, 10, 0, 10]",0.813748762011528,1293,1300,7.209627643253442,,,
401432763,2022,8,regular,2022-10-22T18:00:00.000Z,False,True,False,True,,3671,Case Field,2963,Case Western Reserve,iii,Presidents',45,"[7, 10, 21, 7]",,,,2062,Bethany (WV),iii,Presidents',7,"[0, 0, 0, 7]",,,,,,,
401432513,2022,8,regular,2022-10-22T18:00:00.000Z,False,True,False,True,,5817,Ron and Joyce Schipper Stadium,2964,Central College,iii,American Rivers,49,"[14, 21, 14, 0]",,,,2564,Simpson (IA),iii,American Rivers,17,"[3, 7, 7, 0]",,,,,,,
401416625,2022,8,regular,2022-10-22T18:00:00.000Z,False,True,False,True,15922,3876,Peden Stadium,195,Ohio,fbs,Mid-American,24,"[7, 3, 7, 7]",0.9319502115249634,1334,1348,2459,Northern Illinois,fbs,Mid-American,17,"[0, 6, 11, 0]",0.06804978847503662,1412,1398,4.475146048217786,,,
401431922,2022,8,regular,2022-10-22T18:00:00.000Z,False,True,False,True,,5890,Lewis Field Stadium,2231,Fort Hays,ii,Mid America,27,"[0, 10, 7, 10]",,,,2118,Central Missouri,ii,Mid America,14,"[0, 7, 7, 0]",,,,,,,
401431019,2022,8,regular,2022-10-22T18:00:00.000Z,False,True,False,True,,6118,Birkelbach Field,2588,Southwestern U,iii,American Southwest,0,"[0, 0, 0, 0]",,,,2810,Hardin Simmons,iii,American Southwest,68,"[20, 13, 21, 14]",,,,,,,
401431222,2022,8,regular,2022-10-22T18:00:00.000Z,False,True,False,True,,5895,Klas Field,162,Hamline,iii,Minnesota,21,"[7, 0, 0, 14]",,,,124,Augsburg,iii,Minnesota,42,"[7, 14, 7, 14]",,,,,,,
401431082,2022,8,regular,2022-10-22T18:00:00.000Z,False,True,False,True,,6080,Frank M. Lindsay Field,74,Millikin,iii,CCIW,13,"[0, 6, 0, 7]",,,,72,Elmhurst,iii,CCIW,0,"[0, 0, 0, 0]",,,,,,,
401431011,2022,8,regular,2022-10-22T18:00:00.000Z,False,True,False,True,,4463,Crusader Stadium,2371,Mary Hardin Baylor,iii,American Southwest,45,"[10, 21, 7, 7]",,,,2834,Sul Ross State,iii,American Southwest,14,"[7, 0, 7, 0]",,,,,,,
401431505,2022,8,regular,2022-10-22T18:00:00.000Z,False,True,False,True,,3609,Allgood-Bailey Stadium,2402,Missouri S&T,ii,Great Lakes,35,"[7, 14, 14, 0]",,,,2816,McKendree,ii,Great Lakes,42,"[0, 7, 7, 28]",,,,,,,
401435189,2022,8,regular,2022-10-22T18:00:00.000Z,False,True,False,True,,5838,Ornelas Stadium,2194,East Texas Baptist,iii,American Southwest,10,"[0, 0, 3, 7]",,,,2045,Austin,iii,American Southwest,13,"[7, 0, 6, 0]",,,,,,,
401444116,2022,8,regular,2022-10-22T18:00:00.000Z,False,True,False,True,,6071,Jess Dow Field,2583,Southern Connecticut State,ii,Northeast 10,3,"[0, 3, 0, 0]",,,,2060,Bentley,ii,Northeast 10,24,"[7, 3, 0, 14]",,,,,,,
401435186,2022,8,regular,2022-10-22T18:00:00.000Z,False,True,False,True,,5854,Hoernemann Stadium,191,Heidelberg,iii,Ohio,29,"[3, 17, 3, 6]",,,,317,Marietta,iii,Ohio,21,"[21, 0, 0, 0]",,,,,,,
401432667,2022,8,regular,2022-10-22T18:00:00.000Z,False,True,False,True,,5801,George Finnie Stadium,188,Baldwin Wallace,iii,Ohio,35,"[14, 7, 7, 7]",,,,359,Otterbein,iii,Ohio,14,"[0, 0, 7, 7]",,,,,,,
401432799,2022,8,regular,2022-10-22T18:00:00.000Z,False,True,False,True,,6132,Trinity University Stadium,386,Trinity (TX),iii,Southern Athletic,21,"[7, 7, 7, 0]",,,,2757,Berry,iii,Southern Athletic,14,"[0, 7, 7, 0]",,,,,,,
401435211,2022,8,regular,2022-10-22T18:00:00.000Z,False,True,False,True,,5901,David Smith Stadium at Ramer Field,2723,Wisconsin River Falls,iii,Wisconsin,63,"[35, 21, 7, 0]",,,,2738,Wisconsin Eau Claire,iii,Wisconsin,6,"[0, 6, 0, 0]",,,,,,,
401432871,2022,8,regular,2022-10-22T18:00:00.000Z,False,True,False,False,,5800,Jopson Athletic Complex,2079,Bridgewater,iii,Old Dominion,23,"[7, 0, 0, 16]",,,,2047,Averett,iii,Old Dominion,16,"[0, 7, 2, 7]",,,,,,,
401431203,2022,8,regular,2022-10-22T18:00:00.000Z,False,True,False,True,,3755,Ray and Sue Smith Stadium,2812,Hope,iii,Michigan,23,"[7, 13, 3, 0]",,,,354,Olivet,iii,Michigan,0,"[0, 0, 0, 0]",,,,,,,
401435207,2022,8,regular,2022-10-22T18:00:00.000Z,False,True,False,True,,5911,Ralph E. Davis Pioneer Stadium,272,Wisconsin Platteville,iii,Wisconsin,17,"[7, 7, 0, 3]",,,,2745,Wisconsin Whitewater,iii,Wisconsin,13,"[7, 3, 3, 0]",,,,,,,
401438689,2022,8,regular,2022-10-22T18:00:00.000Z,False,True,False,True,,6112,Richard Wackar Stadium,2827,Rowan,iii,New Jersey,17,"[7, 10, 0, 0]",,,,2871,Kean,iii,New Jersey,10,"[0, 7, 0, 3]",,,,,,,
401430956,2022,8,regular,2022-10-22T18:00:00.000Z,False,True,False,True,,5921,Rock Bowl,263,Loras,iii,American Rivers,17,"[0, 3, 7, 7]",,,,2141,Coe,iii,American Rivers,27,"[13, 7, 7, 0]",,,,,,,
401431252,2022,8,regular,2022-10-22T18:00:00.000Z,False,True,False,False,,5928,Macalester Stadium,2359,Macalester,iii,Minnesota,13,"[0, 6, 0, 7]",,,,2802,Bethel (MN),iii,Minnesota,63,"[14, 21, 14, 14]",,,,,,,
401431238,2022,8,regular,2022-10-22T18:00:00.000Z,False,True,False,True,,5825,Jake Christiansen Stadium,2152,Concordia (MN),iii,Minnesota,20,"[3, 7, 3, 0, 7]",,,,2101,Carleton,iii,Minnesota,13,"[7, 0, 0, 6, 0]",,,,,,,
401441955,2022,8,regular,2022-10-22T18:00:00.000Z,False,True,False,True,,6144,"Alumni Field (Westfield, MA)",2909,Westfield State,iii,MSCAC,7,"[0, 0, 7, 0]",,,,18,Bridgewater State,iii,MSCAC,42,"[7, 21, 7, 7]",,,,,,,
401433106,2022,8,regular,2022-10-22T18:00:00.000Z,False,True,False,True,,6059,Sanchez Family Stadium,2424,New Mexico Highlands,ii,Rocky Mountain,13,"[7, 6, 0, 0]",,,,2714,Western Colorado,ii,Rocky Mountain,30,"[7, 13, 10, 0]",,,,,,,
401431090,2022,8,regular,2022-10-22T18:00:00.000Z,False,True,False,True,,5897,Francis Field (MO),143,Washington St. Louis,iii,CCIW,0,"[0, 0, 0, 0]",,,,3071,North Central College,iii,CCIW,31,"[14, 7, 7, 3]",,,,,,,
401435127,2022,8,regular,2022-10-22T18:30:00.000Z,False,True,False,True,,6131,Jessee/Miller Field,2977,Trinity (CT),iii,NESCAC,32,"[6, 10, 0, 16]",,,,2731,Williams,iii,NESCAC,13,"[0, 13, 0, 0]",,,,,,,
401432900,2022,8,regular,2022-10-22T18:30:00.000Z,False,True,False,True,,5120,J.J. Keller Field at Titan Stadium,271,Wisconsin Oshkosh,iii,Wisconsin,19,"[0, 0, 13, 6]",,,,2744,Wisconsin Stout,iii,Wisconsin,14,"[0, 7, 0, 7]",,,,,,,
401404128,2022,8,regular,2022-10-22T18:30:00.000Z,False,True,False,False,73165,3855,Notre Dame Stadium,87,Notre Dame,fbs,FBS Independents,44,"[23, 7, 0, 14]",1,1765,1773,2439,UNLV,fbs,Mountain West,21,"[7, 0, 7, 7]",0,1285,1277,2.5260728869574813,,,
401432417,2022,8,regular,2022-10-22T19:00:00.000Z,False,True,False,True,,3638,MDU Resources Community Bowl,559,University of Mary,ii,Northern Sun,38,"[0, 21, 10, 7]",,,,2817,Minnesota St Moorhead,ii,Northern Sun,40,"[10, 10, 8, 12]",,,,,,,
401424956,2022,8,regular,2022-10-22T19:00:00.000Z,False,True,False,False,,3976,Mississippi Veterans Memorial Stadium,2296,Jackson State,fcs,SWAC,22,"[3, 6, 6, 7]",0.9855906367301941,,,2097,Campbell,fcs,Big South,14,"[7, 0, 0, 7]",0.014409363269805908,,,10.36544451290614,,,
401420783,2022,8,regular,2022-10-22T19:00:00.000Z,False,True,False,False,,3695,Delaware Stadium,48,Delaware,fcs,CAA,38,"[14, 0, 7, 17]",0.9783565998077393,,,2415,Morgan State,fcs,MEAC,7,"[0, 7, 0, 0]",0.021643400192260742,,,2.465295086044847,,,
401432877,2022,8,regular,2022-10-22T19:00:00.000Z,False,True,False,True,,5807,Brevard Memorial Stadium,2913,Brevard,iii,USA South,24,"[7, 3, 0, 14]",,,,548,LaGrange,iii,USA South,10,"[3, 0, 7, 0]",,,,,,,
401432360,2022,8,regular,2022-10-22T19:00:00.000Z,False,True,False,True,,6027,Albert J. H. Sloan - Alumni Stadium,2396,Miles,ii,SIAC,7,"[0, 0, 0, 7]",,,,2310,Kentucky State,ii,SIAC,35,"[14, 7, 14, 0]",,,,,,,
401426590,2022,8,regular,2022-10-22T19:00:00.000Z,False,True,False,True,18300,3776,Joe Aillet Stadium,2348,Louisiana Tech,fbs,Conference USA,41,"[10, 0, 17, 8, 6]",0.13639949262142181,1179,1180,242,Rice,fbs,Conference USA,42,"[0, 7, 14, 14, 7]",0.8636005073785782,1226,1225,7.63717872654794,,,
401413262,2022,8,regular,2022-10-22T19:00:00.000Z,False,True,False,True,,1930,Holt Arena,304,Idaho State,fcs,Big Sky,10,"[0, 7, 0, 3]",,,,2464,Northern Arizona,fcs,Big Sky,24,"[3, 14, 7, 0]",,,,,,,
401431942,2022,8,regular,2022-10-22T19:00:00.000Z,False,True,False,True,,6045,Dwight T. Reed Stadium,2876,Lincoln (MO),ii,Mid America,17,"[0, 7, 0, 10]",,,,2438,Nebraska Kearney,ii,Mid America,66,"[21, 21, 17, 7]",,,,,,,
401431972,2022,8,regular,2022-10-22T19:00:00.000Z,False,True,False,True,,6067,Carnie Smith Stadium,90,Pittsburg State,ii,Mid America,28,"[0, 7, 21, 0]",,,,137,Missouri Western,ii,Mid America,16,"[0, 10, 0, 6]",,,,,,,
401404099,2022,8,regular,2022-10-22T19:00:00.000Z,False,True,False,True,56530,3784,Jones AT&T Stadium,2641,Texas Tech,fbs,Big 12,48,"[14, 3, 14, 17]",0.9843711853027344,1522,1626,277,West Virginia,fbs,Big 12,10,"[3, 0, 7, 0]",0.015628814697265625,1481,1377,2.81727546466184,,,
401432963,2022,8,regular,2022-10-22T19:00:00.000Z,False,True,False,True,,5780,Altra Federal Credit Union Stadium,2851,Winona State,ii,Northern Sun,20,"[0, 7, 3, 10]",,,,2894,Sioux Falls,ii,Northern Sun,17,"[7, 3, 7, 0]",,,,,,,
401431949,2022,8,regular,2022-10-22T19:00:00.000Z,False,True,False,True,,6054,Fred G. Hughes Stadium,2403,Missouri Southern State,ii,Mid America,21,"[7, 7, 7, 0]",,,,2214,Emporia State,ii,Mid America,24,"[0, 10, 7, 7]",,,,,,,
401430965,2022,8,regular,2022-10-22T19:00:00.000Z,False,True,False,True,,5836,Chalmers Field,49,Dubuque,iii,American Rivers,68,"[7, 14, 27, 20]",,,,67,Luther,iii,American Rivers,7,"[0, 7, 0, 0]",,,,,,,
401433018,2022,8,regular,2022-10-22T19:00:00.000Z,False,True,False,True,,4432,Andre Reed Stadium,2315,Kutztown,ii,Pennsylvania State Athletic,35,"[14, 14, 7, 0]",,,,209,Lock Haven,ii,Pennsylvania State Athletic,7,"[0, 0, 0, 7]",,,,,,,
401415180,2022,8,regular,2022-10-22T19:00:00.000Z,False,True,False,True,,3856,Nottingham Field,2458,Northern Colorado,fcs,Big Sky,10,"[3, 0, 0, 7]",0.12870143353939056,,,302,UC Davis,fcs,Big Sky,58,"[6, 21, 14, 17]",0.8712985664606094,,,2.3203626262210286,,,
401430735,2022,8,regular,2022-10-22T19:00:00.000Z,False,True,False,True,,5113,Ruggles Field at Carpenter-Haygood Stadium,2271,Henderson State,ii,Great American,35,"[0, 21, 14, 0]",,,,2033,Arkansas Tech,ii,Great American,19,"[3, 10, 0, 6]",,,,,,,
401431469,2022,8,regular,2022-10-22T19:00:00.000Z,False,True,False,True,,3875,Paul Laird Field,199,Southeastern Oklahoma State,ii,Great American,62,"[7, 35, 7, 13]",,,,319,Oklahoma Baptist,ii,Great American,14,"[0, 0, 0, 14]",,,,,,,
401413344,2022,8,regular,2022-10-22T19:00:00.000Z,False,True,False,True,,3643,Bobcat Stadium,147,Montana State,fcs,Big Sky,43,"[9, 18, 16, 0]",,,,2692,Weber State,fcs,Big Sky,38,"[17, 7, 8, 6]",,,,,,,
401432368,2022,8,regular,2022-10-22T19:00:00.000Z,False,True,False,True,,5936,Koi Ishto Stadium,2191,East Central,ii,Great American,42,"[7, 21, 14, 0]",,,,2927,Southwestern Oklahoma State,ii,Great American,28,"[7, 7, 7, 7]",,,,,,,
401431964,2022,8,regular,2022-10-22T19:00:00.000Z,False,True,False,True,,5134,Bearcat Stadium,138,Northwest Missouri State,ii,Mid America,36,"[10, 17, 3, 6]",,,,196,Northeastern State,ii,Mid America,3,"[0, 3, 0, 0]",,,,,,,
401430745,2022,8,regular,2022-10-22T19:00:00.000Z,False,True,False,True,,5871,Convoy Leslie Cotton Boll Stadium,2028,Arkansas Monticello,ii,Great American,43,"[7, 14, 7, 15]",,,,2264,Harding,ii,Great American,56,"[7, 21, 14, 14]",,,,,,,
401467155,2022,8,regular,2022-10-22T19:00:00.000Z,False,True,False,False,,3734,Gayle and Tom Benson Stadium,2916,Incarnate Word,fcs,Southland,70,"[35, 21, 7, 7]",,,,2219,Faulkner University,,,0,"[0, 0, 0, 0]",,,,,,,
401418648,2022,8,regular,2022-10-22T19:00:00.000Z,False,True,False,False,,4899,Fifth Third Stadium,338,Kennesaw State,fcs,Atlantic Sun,33,"[7, 10, 0, 10, 6]",0.7369719743728638,,,2635,Tennessee Tech,fcs,OVC,30,"[0, 10, 10, 7, 3]",0.26302802562713623,,,8.102535352279892,,,
401431482,2022,8,regular,2022-10-22T19:00:00.000Z,False,True,False,True,,5891,Wilkins Stadium,2568,Southern Arkansas,ii,Great American,31,"[14, 3, 14, 0]",,,,2888,Ouachita Baptist,ii,Great American,63,"[21, 14, 7, 21]",,,,,,,
401432365,2022,8,regular,2022-10-22T19:00:00.000Z,False,True,False,True,,6044,Lane Field,2323,Lane College,ii,SIAC,31,"[0, 17, 7, 7]",,,,2657,Tuskegee,ii,SIAC,35,"[7, 7, 7, 14]",,,,,,,
401431284,2022,8,regular,2022-10-22T19:00:00.000Z,False,True,False,True,,5828,Van Metre Field at Ash Park,2155,Cornell (IA),iii,Midwest,12,"[0, 0, 6, 6]",,,,2919,Monmouth (IL),iii,Midwest,56,"[7, 22, 14, 13]",,,,,,,
401413250,2022,8,regular,2022-10-22T19:00:00.000Z,False,True,False,True,,3791,Kibbie Dome,70,Idaho,fcs,Big Sky,56,"[14, 7, 14, 21]",0.9788524508476257,,,2502,Portland State,fcs,Big Sky,21,"[14, 7, 0, 0]",0.021147549152374268,,,5.439171680412879,,,
401418640,2022,8,regular,2022-10-22T19:00:00.000Z,False,True,False,False,,3908,Roy Kidd Stadium,2198,Eastern Kentucky,fcs,Atlantic Sun,56,"[7, 28, 7, 14]",0.8684600591659546,,,2453,North Alabama,fcs,Atlantic Sun,53,"[14, 7, 14, 18]",0.1315399408340454,,,7.310377282643693,,,
401425424,2022,8,regular,2022-10-22T19:00:00.000Z,False,True,False,True,,3810,Nissan Stadium,2634,Tennessee State,fcs,OVC,37,"[3, 24, 0, 10]",0.9683073163032532,,,2197,Eastern Illinois,fcs,OVC,17,"[0, 0, 14, 3]",0.031692683696746826,,,3.990449770544741,,,
401423921,2022,8,regular,2022-10-22T19:00:00.000Z,False,True,False,True,,3771,Jack Spinks Stadium,2016,Alcorn State,fcs,SWAC,27,"[6, 7, 7, 7]",0.1339637041091919,,,2640,Texas Southern,fcs,SWAC,34,"[7, 7, 10, 10]",0.8660362958908081,,,10.625377073978386,,,
401431538,2022,8,regular,2022-10-22T19:00:00.000Z,False,True,False,True,,3811,Lubbers Stadium,125,Grand Valley State,ii,GLIAC,56,"[14, 21, 7, 14]",,,,128,Northern Michigan,ii,GLIAC,3,"[3, 0, 0, 0]",,,,,,,
401462223,2022,8,regular,2022-10-22T19:00:00.000Z,False,True,False,True,,4762,Memorial Stadium (Commerce TX),2837,East Texas A&M,fcs,Southland,31,"[0, 7, 17, 7]",0.997978150844574,,,2277,Houston Christian,fcs,Southland,3,"[3, 0, 0, 0]",0.0020218491554260254,,,4.270725523576389,,,
401420874,2022,8,regular,2022-10-22T19:00:00.000Z,False,True,False,True,,3706,Eccles Coliseum,253,Southern Utah,fcs,Western Athletic,38,"[13, 9, 10, 6]",0.45477113127708435,,,2617,Stephen F. Austin,fcs,Western Athletic,41,"[7, 21, 3, 10]",0.5452288687229156,,,5.821230223104258,,,
401420830,2022,8,regular,2022-10-22T19:00:00.000Z,False,True,False,True,,1905,DakotaDome,233,South Dakota,fcs,MVFC,27,"[7, 3, 7, 10]",0.7822216153144836,,,79,Southern Illinois,fcs,MVFC,24,"[14, 7, 3, 0]",0.21777838468551636,,,6.305467129988796,,,
401422991,2022,8,regular,2022-10-22T19:30:00.000Z,False,True,False,True,,3721,Fisher Field,322,Lafayette,fcs,Patriot,21,"[0, 7, 7, 7]",0.35923290252685547,,,107,Holy Cross,fcs,Patriot,24,"[7, 10, 0, 7]",0.6407670974731445,,,6.221840916150523,,,
401424439,2022,8,regular,2022-10-22T19:30:00.000Z,False,True,False,True,,3788,Kenneth P. LaValle Stadium,2619,Stony Brook,fcs,CAA,28,"[7, 0, 14, 7]",0.976799488067627,,,311,Maine,fcs,CAA,27,"[3, 17, 7, 0]",0.023200511932373047,,,5.937372893835815,,,
401424437,2022,8,regular,2022-10-22T19:30:00.000Z,False,True,False,True,,717,Villanova Stadium,222,Villanova,fcs,CAA,31,"[7, 14, 0, 10]",0.6671488285064697,,,399,UAlbany,fcs,CAA,29,"[0, 7, 9, 13]",0.3328511714935303,,,5.372607296181625,,,
401411145,2022,8,regular,2022-10-22T19:30:00.000Z,False,True,False,True,28530,3630,Allegacy Federal Credit Union Stadium,154,Wake Forest,fbs,ACC,43,"[7, 14, 15, 7]",0.9947858452796936,1751,1776,103,Boston College,fbs,ACC,15,"[3, 6, 6, 0]",0.0052141547203063965,1317,1292,4.265262981804032,,,
401404163,2022,8,regular,2022-10-22T19:30:00.000Z,False,True,False,True,24012,3992,Williams Stadium (VA),2335,Liberty,fbs,FBS Independents,41,"[3, 17, 14, 7]",0.9985703825950623,1562,1635,252,BYU,fbs,FBS Independents,14,"[14, 0, 0, 0]",0.0014296174049377441,1585,1512,3.8206986798541274,,,
401404021,2022,8,regular,2022-10-22T19:30:00.000Z,False,True,False,True,59962,3626,Autzen Stadium,2483,Oregon,fbs,Pac-12,45,"[3, 28, 7, 7]",0.9524264335632324,1632,1674,26,UCLA,fbs,Pac-12,30,"[3, 10, 3, 14]",0.04757356643676758,1742,1700,3.3839802171165343,,,
401439541,2022,8,regular,2022-10-22T19:30:00.000Z,False,True,False,True,,6119,Stagg Field,81,Springfield,iii,NEWMAC,45,"[24, 7, 7, 7]",,,,2749,WPI,iii,NEWMAC,7,"[0, 0, 0, 7]",,,,,,,
401426355,2022,8,regular,2022-10-22T19:30:00.000Z,False,True,False,True,26159,3651,Bridgeforth Stadium,256,James Madison,fbs,Sun Belt,12,"[12, 0, 0, 0]",0.40315139293670654,1511,1480,276,Marshall,fbs,Sun Belt,26,"[2, 7, 10, 7]",0.5968486070632935,1526,1557,6.414301153647476,,,
401426588,2022,8,regular,2022-10-22T19:30:00.000Z,False,True,False,True,10576,4418,Jerry Richardson Stadium,2429,Charlotte,fbs,Conference USA,15,"[0, 0, 0, 15]",0,1121,1049,2229,Florida International,fbs,Conference USA,34,"[14, 13, 7, 0]",1,910,982,2.487546392364415,,,
401405117,2022,8,regular,2022-10-22T19:30:00.000Z,False,True,False,True,,347,Camp Randall Stadium,275,Wisconsin,fbs,Big Ten,35,"[21, 0, 14, 0]",0.9925995469093323,1735,1750,2509,Purdue,fbs,Big Ten,24,"[0, 3, 7, 14]",0.007400453090667725,1668,1653,2.150686147799602,,,
401403923,2022,8,regular,2022-10-22T19:30:00.000Z,False,True,False,True,100821,3958,Tiger Stadium (LA),99,LSU,fbs,SEC,45,"[3, 14, 7, 21]",0.9908092021942139,1612,1695,145,Ole Miss,fbs,SEC,20,"[14, 6, 0, 0]",0.009190797805786133,1775,1692,5.147260568172203,,,
401416627,2022,8,regular,2022-10-22T19:30:00.000Z,False,True,False,True,21618,3996,Yager Stadium,193,Miami (OH),fbs,Mid-American,10,"[3, 0, 0, 7]",0.19362282752990723,1436,1411,2711,Western Michigan,fbs,Mid-American,16,"[0, 6, 10, 0]",0.8063771724700928,1255,1280,3.731376869600989,,,
401432994,2022,8,regular,2022-10-22T19:30:00.000Z,False,True,False,True,,4436,Adamson Stadium,2858,California (PA),ii,Pennsylvania State Athletic,24,"[3, 7, 7, 7]",,,,215,Slippery Rock,ii,Pennsylvania State Athletic,42,"[14, 14, 14, 0]",,,,,,,
401422970,2022,8,regular,2022-10-22T19:30:00.000Z,False,True,False,True,,5400,William B. Greene Jr. Stadium,2193,East Tennessee State,fcs,Southern,45,"[10, 14, 7, 14]",0,,,2535,Samford,fcs,Southern,55,"[10, 24, 14, 7]",1,,,7.264326941214976,,,
401405118,2022,8,regular,2022-10-22T19:30:00.000Z,False,True,False,True,31418,3665,SECU Stadium,120,Maryland,fbs,Big Ten,31,"[0, 10, 14, 7]",0.841682493686676,1633,1625,77,Northwestern,fbs,Big Ten,24,"[7, 10, 0, 7]",0.15831750631332397,1308,1316,5.873539679965344,,,
401404098,2022,8,regular,2022-10-22T19:30:00.000Z,False,True,False,True,55509,3646,Boone Pickens Stadium,197,Oklahoma State,fbs,Big 12,41,"[10, 14, 3, 14]",0.8442836403846741,1818,1832,251,Texas,fbs,Big 12,34,"[14, 17, 3, 0]",0.15571635961532593,1897,1883,8.0427244155103,,,
401415639,2022,8,regular,2022-10-22T19:30:00.000Z,False,True,False,True,30100,4729,Yulman Stadium,2655,Tulane,fbs,American Athletic,38,"[21, 14, 0, 3]",0.9496819972991943,1532,1547,235,Memphis,fbs,American Athletic,28,"[0, 0, 14, 14]",0.050318002700805664,1504,1489,2.644463522811281,,,
401426356,2022,8,regular,2022-10-22T19:30:00.000Z,False,True,False,True,20162,3918,S.B. Ballard Stadium,295,Old Dominion,fbs,Sun Belt,23,"[3, 0, 13, 7]",0.19220799207687378,1469,1456,290,Georgia Southern,fbs,Sun Belt,28,"[7, 7, 7, 7]",0.8077920079231262,1413,1426,5.293824589768927,,,
401426591,2022,8,regular,2022-10-22T19:30:00.000Z,False,True,False,True,27122,3604,Alamodome,2636,UTSA,fbs,Conference USA,31,"[0, 3, 7, 21]",0.9028531312942505,1512,1511,249,North Texas,fbs,Conference USA,27,"[6, 0, 7, 14]",0.09714686870574951,1360,1361,7.9725674016724755,,,
401424940,2022,8,regular,2022-10-22T20:00:00.000Z,False,True,False,True,,3896,Rice-Totten Field,2400,Mississippi Valley State,fcs,SWAC,35,"[7, 0, 21, 7]",,,,2065,Bethune-Cookman,fcs,SWAC,45,"[6, 15, 17, 7]",,,,,,,
401420818,2022,8,regular,2022-10-22T20:00:00.000Z,False,True,False,True,,3605,Alerus Center,155,North Dakota,fcs,MVFC,35,"[14, 7, 0, 14]",0,,,2571,South Dakota State,fcs,MVFC,49,"[7, 7, 21, 14]",1,,,4.157886411657118,,,
401432642,2022,8,regular,2022-10-22T20:00:00.000Z,False,True,False,True,,6153,Hanson Stadium,205,Pacific (OR),iii,Northwest,7,"[0, 7, 0, 0]",,,,415,George Fox,iii,Northwest,21,"[7, 0, 7, 7]",,,,,,,
401415242,2022,8,regular,2022-10-22T20:00:00.000Z,False,True,False,True,22843,5388,Canvas Stadium,36,Colorado State,fbs,Mountain West,17,"[0, 3, 7, 7]",0.8158396482467651,1270,1270,62,Hawai'i,fbs,Mountain West,13,"[3, 10, 0, 0]",0.18416035175323486,1160,1160,5.3861133370935015,,,
401431488,2022,8,regular,2022-10-22T20:00:00.000Z,False,True,False,True,,3934,Southern Nazarene University Football Stadium,200,Southern Nazarene,ii,Great American,27,"[7, 0, 14, 6]",,,,2823,Northwestern (OK),ii,Great American,21,"[7, 7, 7, 0]",,,,,,,
401431530,2022,8,regular,2022-10-22T20:00:00.000Z,False,True,False,True,,4753,Greene Stadium,2911,William Jewell,ii,Great Lakes,7,"[0, 0, 7, 0]",,,,2654,Truman State,ii,Great Lakes,42,"[21, 14, 0, 7]",,,,,,,
401433083,2022,8,regular,2022-10-22T20:00:00.000Z,False,True,False,True,,4852,Neta and Eddie DeRose ThunderBowl,2570,CSU Pueblo,ii,Rocky Mountain,34,"[6, 0, 21, 7]",,,,2123,Chadron State,ii,Rocky Mountain,12,"[6, 0, 0, 6]",,,,,,,
401438555,2022,8,regular,2022-10-22T20:00:00.000Z,False,True,False,True,,6081,Harper Davis Field,2398,Millsaps,iii,Southern Athletic,7,"[0, 7, 0, 0]",,,,2519,Rhodes,iii,Southern Athletic,31,"[0, 10, 14, 7]",,,,,,,
401462224,2022,8,regular,2022-10-22T20:00:00.000Z,False,True,False,True,,3779,Manning Field at John L. Guidry Stadium,2447,Nicholls,fcs,Southland,40,"[7, 7, 20, 6]",0.9663451910018921,,,2377,McNeese,fcs,Southland,35,"[0, 22, 7, 6]",0.03365480899810791,,,8.740293990829173,,,
401403924,2022,8,regular,2022-10-22T20:00:00.000Z,False,True,False,True,60618,3838,Memorial Stadium,142,Missouri,fbs,SEC,17,"[7, 10, 0, 0]",0.8169988989830017,1440,1439,238,Vanderbilt,fbs,SEC,14,"[0, 0, 7, 7]",0.1830011010169983,1271,1272,4.074231755701864,,,
401431872,2022,8,regular,2022-10-22T20:00:00.000Z,False,True,False,False,,7076,J.W. Babb Stadium,101784,Erskine,ii,South Atlantic,13,"[10, 0, 3, 0]",,,,2842,UVA Wise,ii,South Atlantic,28,"[0, 8, 13, 7]",,,,,,,
401404018,2022,8,regular,2022-10-22T20:00:00.000Z,False,True,False,True,25061,3940,Stanford Stadium,24,Stanford,fbs,Pac-12,15,"[6, 0, 3, 6]",0.2425408661365509,1357,1362,9,Arizona State,fbs,Pac-12,14,"[7, 7, 0, 0]",0.7574591338634491,1521,1516,6.893423907459501,,,
401432659,2022,8,regular,2022-10-22T20:00:00.000Z,False,True,False,True,,6149,McCulloch Stadium,2930,Willamette,iii,Northwest,14,"[0, 0, 7, 7]",,,,2721,Whitworth,iii,Northwest,42,"[7, 7, 14, 14]",,,,,,,
401445812,2022,8,regular,2022-10-22T20:00:00.000Z,False,True,False,True,,6104,Baker Stadium,2508,Puget Sound,iii,Northwest,41,"[0, 13, 14, 14, 0]",,,,2333,Lewis & Clark,iii,Northwest,47,"[13, 3, 10, 15, 6]",,,,,,,
401420825,2022,8,regular,2022-10-22T20:00:00.000Z,False,True,False,True,,3746,Hanson Field,2710,Western Illinois,fcs,MVFC,27,"[0, 7, 6, 14]",0.9865012168884277,,,2754,Youngstown State,fcs,MVFC,28,"[3, 7, 0, 18]",0.013498783111572266,,,6.214911509278348,,,
401426589,2022,8,regular,2022-10-22T20:00:00.000Z,False,True,False,True,12796,3946,Sun Bowl,2638,UTEP,fbs,Conference USA,24,"[0, 6, 8, 10]",0.7925695776939392,1290,1292,2226,Florida Atlantic,fbs,Conference USA,21,"[0, 7, 7, 7]",0.2074304223060608,1371,1369,5.866499411193531,,,
401424369,2022,8,regular,2022-10-22T20:00:00.000Z,False,True,False,True,,3781,Johnny Unitas Stadium,119,Towson,fcs,CAA,24,"[3, 0, 7, 14]",0.029331617057323456,,,2729,William & Mary,fcs,CAA,44,"[14, 16, 7, 7]",0.9706683829426765,,,2.364420067649871,,,
401439557,2022,8,regular,2022-10-22T20:00:00.000Z,False,True,False,True,,6147,"Memorial Stadium (Whittier, CA)",2850,Whittier,iii,So. Cal.,7,"[0, 0, 0, 7]",,,,411,Chapman,iii,So. Cal.,50,"[13, 27, 3, 7]",,,,,,,
401431616,2022,8,regular,2022-10-22T20:05:00.000Z,False,True,False,False,,5783,McArthur Field,2848,Western Oregon,ii,Lone Star,46,"[7, 19, 20, 0]",,,,2201,Eastern New Mexico,ii,Lone Star,7,"[7, 0, 0, 0]",,,,,,,
401430928,2022,8,regular,2022-10-22T20:30:00.000Z,False,True,True,True,,6091,Abel Stadium,6845,Nebraska Wesleyan,iii,American Rivers,25,"[7, 7, 3, 8]",,,,63,Buena Vista,iii,American Rivers,42,"[0, 21, 0, 21]",,,,,,,
401432651,2022,8,regular,2022-10-22T20:30:00.000Z,False,True,False,True,,5119,Maxwell Field,203,Linfield,iii,Northwest,45,"[14, 24, 7, 0]",,,,2486,Pacific Lutheran,iii,Northwest,0,"[0, 0, 0, 0]",,,,,,,
401423929,2022,8,regular,2022-10-22T21:00:00.000Z,False,True,False,False,,3599,Ace W. Mumford Stadium,2582,Southern,fcs,SWAC,51,"[10, 14, 20, 7]",1,,,2355,Virginia Lynchburg,,,7,"[0, 7, 0, 0]",0,,,5.381830184346222,,,
401432328,2022,8,regular,2022-10-22T21:00:00.000Z,False,True,False,True,,3952,Ted Wright Stadium,2542,Savannah State,ii,SIAC,20,"[0, 7, 6, 7]",,,,2013,Albany State,ii,SIAC,31,"[7, 3, 7, 14]",,,,,,,
401426357,2022,8,regular,2022-10-22T21:00:00.000Z,False,True,False,True,15017,3666,Cajun Field,309,Louisiana,fbs,Sun Belt,38,"[10, 14, 14, 0]",0.9835959076881409,1644,1652,2032,Arkansas State,fbs,Sun Belt,18,"[0, 9, 3, 6]",0.01640409231185913,1239,1231,3.4833212049779547,,,
401420866,2022,8,regular,2022-10-22T21:00:00.000Z,False,True,False,False,,3882,Provost Umphrey Stadium,2320,Lamar,fcs,Southland,21,"[7, 14, 0, 0]",0.05964253842830658,,,2504,Prairie View A&M,fcs,SWAC,54,"[13, 21, 14, 6]",0.9403574615716934,,,4.227081709015421,,,
401431837,2022,8,regular,2022-10-22T21:00:00.000Z,False,True,False,True,,3957,Tiger Stadium (AL),2695,West Alabama,ii,Gulf South,33,"[0, 14, 7, 12]",,,,2822,North Greenville,ii,Gulf South,34,"[3, 9, 3, 19]",,,,,,,
401426358,2022,8,regular,2022-10-22T21:00:00.000Z,False,True,False,True,16318,3644,Bobcat Stadium (TX),326,Texas State,fbs,Sun Belt,14,"[0, 7, 0, 7]",0.07975254207849503,1264,1252,2572,Southern Miss,fbs,Sun Belt,20,"[3, 10, 0, 7]",0.920247457921505,1252,1264,6.086114447244224,,,
401420811,2022,8,regular,2022-10-22T21:00:00.000Z,False,True,False,True,,3967,UNI-Dome,2460,Northern Iowa,fcs,MVFC,41,"[14, 10, 7, 10]",0.9584766060941298,,,2623,Missouri State,fcs,MVFC,20,"[0, 7, 7, 6]",0.04152339390587023,,,3.4616417985,,,
401431862,2022,8,regular,2022-10-22T21:00:00.000Z,False,True,True,True,,6036,Blue Wahoos Stadium,110242,West Florida,ii,Gulf South,45,"[7, 14, 10, 14]",,,,2401,Mississippi College,ii,Gulf South,17,"[0, 10, 0, 7]",,,,,,,
401431563,2022,8,regular,2022-10-22T22:00:00.000Z,False,True,False,True,,3600,Tom Adams Field,131,Wayne State (MI),ii,GLIAC,14,"[0, 14, 0, 0]",,,,129,Saginaw Valley State,ii,GLIAC,21,"[0, 7, 0, 14]",,,,,,,
401431852,2022,8,regular,2022-10-22T22:00:00.000Z,False,True,False,True,,5888,University Stadium (GA),2698,West Georgia,ii,Gulf South,54,"[13, 14, 21, 6]",,,,2673,Valdosta State,ii,Gulf South,17,"[7, 10, 0, 0]",,,,,,,
401433113,2022,8,regular,2022-10-22T22:00:00.000Z,False,True,False,False,,5781,Irwin Belk Stadium,351,Wingate,ii,South Atlantic,28,"[14, 14, 0, 0]",,,,122666,Barton,ii,South Atlantic,3,"[3, 0, 0, 0]",,,,,,,
401428198,2022,8,regular,2022-10-22T22:00:00.000Z,False,True,False,True,,3658,Buccaneer Field,2127,Charleston Southern,fcs,Big South,14,"[7, 0, 7, 0]",0,,,2241,Gardner-Webb,fcs,Big South,28,"[3, 10, 15, 0]",1,,,4.096996392643076,,,
401438228,2022,8,regular,2022-10-22T22:00:00.000Z,False,True,True,False,,,,126086,Post,ii,Independent DII,20,"[7, 0, 6, 7]",,,,2830,Saint Anselm,ii,Northeast 10,24,"[7, 14, 3, 0]",,,,,,,
401431495,2022,8,regular,2022-10-22T22:00:00.000Z,False,True,False,True,,6040,Key Stadium,2292,Indianapolis,ii,Great Lakes,52,"[21, 21, 0, 10]",,,,2825,Quincy,ii,Great Lakes,38,"[3, 7, 7, 21]",,,,,,,
401433128,2022,8,regular,2022-10-22T22:00:00.000Z,False,True,False,True,,5122,Shuford Stadium,2107,Catawba,ii,South Atlantic,23,"[3, 13, 0, 7]",,,,2336,Limestone,ii,South Atlantic,48,"[7, 14, 14, 13]",,,,,,,
401415243,2022,8,regular,2022-10-22T22:30:00.000Z,False,True,False,True,14667,3971,University Stadium (NM),167,New Mexico,fbs,Mountain West,9,"[3, 3, 3, 0]",0.17545978724956512,1148,1097,278,Fresno State,fbs,Mountain West,41,"[10, 3, 14, 14]",0.8245402127504349,1466,1517,3.2325926535548146,,,
401432426,2022,8,regular,2022-10-22T23:00:00.000Z,False,True,False,True,,3951,Swisher Field,425,Northern State,ii,Northern Sun,49,"[14, 14, 7, 14]",,,,3066,Concordia St. Paul,ii,Northern Sun,20,"[0, 13, 0, 7]",,,,,,,
401403922,2022,8,regular,2022-10-22T23:00:00.000Z,False,True,False,True,100077,3657,Bryant-Denny Stadium,333,Alabama,fbs,SEC,30,"[7, 17, 0, 6]",0.9300018548965454,2174,2185,344,Mississippi State,fbs,SEC,6,"[0, 0, 0, 6]",0.06999814510345459,1701,1690,3.833151863048854,,,
401432820,2022,8,regular,2022-10-22T23:00:00.000Z,False,True,False,True,,3823,Hardee-McGee Field,2553,Sewanee,iii,Southern Athletic,3,"[3, 0, 0, 0]",,,,3,Birmingham-Southern,iii,Southern Athletic,47,"[7, 17, 20, 3]",,,,,,,
401431898,2022,8,regular,2022-10-22T23:00:00.000Z,False,True,False,True,,5917,Ratliff Stadium,110243,UT Permian Basin,ii,Lone Star,23,"[14, 6, 3, 0]",,,,2395,Midwestern State,ii,Lone Star,24,"[0, 7, 8, 9]",,,,,,,
401432755,2022,8,regular,2022-10-22T23:00:00.000Z,False,True,False,True,,5814,Gesling Stadium,2102,Carnegie Mellon,iii,Presidents',41,"[7, 27, 7, 0]",,,,2242,Geneva,iii,Presidents',0,"[0, 0, 0, 0]",,,,,,,
401431892,2022,8,regular,2022-10-22T23:00:00.000Z,False,True,False,True,,5869,LeGrand Stadium at 1st Community Credit Union Field,2025,Angelo State,ii,Lone Star,34,"[7, 13, 7, 7]",,,,2658,Texas A&M-Kingsville,ii,Lone Star,7,"[7, 0, 0, 0]",,,,,,,
401432787,2022,8,regular,2022-10-22T23:00:00.000Z,False,True,False,True,,6128,Alumni Stadium (PA),2644,Thiel,iii,Presidents',8,"[8, 0, 0, 0]",,,,2845,Waynesburg,iii,Presidents',34,"[7, 13, 7, 7]",,,,,,,
401415241,2022,8,regular,2022-10-22T23:00:00.000Z,False,True,False,True,25254,3713,Falcon Stadium,2005,Air Force,fbs,Mountain West,14,"[0, 7, 0, 7]",0.012522915378212929,1763,1744,68,Boise State,fbs,Mountain West,19,"[10, 9, 0, 0]",0.9874770846217871,1619,1638,3.557592801033148,,,
401432569,2022,8,regular,2022-10-22T23:00:00.000Z,False,True,False,True,,5841,Pete FioRito Stadium at McKinzie Field,101,Eureka,iii,NACC,35,"[14, 7, 0, 14]",,,,2741,Wisconsin Lutheran,iii,NACC,51,"[0, 14, 21, 16]",,,,,,,
401415642,2022,8,regular,2022-10-22T23:30:00.000Z,False,True,False,True,38245,3699,Dowdy-Ficklen Stadium,151,East Carolina,fbs,American Athletic,34,"[3, 14, 7, 10]",0.9630420207977295,1505,1585,2116,UCF,fbs,American Athletic,13,"[0, 3, 7, 3]",0.03695797920227051,1767,1687,3.2314423544445505,,,
401403925,2022,8,regular,2022-10-22T23:30:00.000Z,False,True,False,True,77837,3994,Williams-Brice Stadium,2579,South Carolina,fbs,SEC,30,"[17, 0, 7, 6]",1,1570,1582,245,Texas A&M,fbs,SEC,24,"[3, 11, 7, 3]",0,1669,1657,4.039487818171499,,,
401405120,2022,8,regular,2022-10-22T23:30:00.000Z,False,True,False,True,109813,3632,Beaver Stadium,213,Penn State,fbs,Big Ten,45,"[0, 17, 21, 7]",0.988696813583374,1766,1838,135,Minnesota,fbs,Big Ten,17,"[3, 7, 0, 7]",0.011303186416625977,1755,1683,3.850232841432186,,,
401431597,2022,8,regular,2022-10-23T00:00:00.000Z,False,True,False,False,,5884,Buffalo Stadium,2704,West Texas,ii,Lone Star,35,"[14, 14, 7, 0]",,,,2120,Central Washington,ii,Lone Star,16,"[0, 0, 3, 13]",,,,,,,
401411143,2022,8,regular,2022-10-23T00:00:00.000Z,False,True,False,True,41840,3873,L&N Federal Credit Union Stadium,97,Louisville,fbs,ACC,24,"[0, 7, 0, 17]",0.532082736492157,1592,1626,221,Pittsburgh,fbs,ACC,10,"[7, 0, 3, 0]",0.467917263507843,1656,1622,5.7580659559538185,,,
401404097,2022,8,regular,2022-10-23T00:00:00.000Z,False,True,False,True,47881,3616,Amon G. Carter Stadium,2628,TCU,fbs,Big 12,38,"[10, 7, 14, 7]",0.9007188677787781,1650,1670,2306,Kansas State,fbs,Big 12,28,"[7, 21, 0, 0]",0.09928113222122192,1686,1666,5.797091478087455,,,
401404020,2022,8,regular,2022-10-23T00:00:00.000Z,False,True,False,True,27679,3893,Reser Stadium,204,Oregon State,fbs,Pac-12,42,"[7, 14, 14, 7]",0.9943559765815735,1586,1628,38,Colorado,fbs,Pac-12,9,"[0, 3, 6, 0]",0.005644023418426514,1179,1137,2.2691434268576645,,,
401413230,2022,8,regular,2022-10-23T00:00:00.000Z,False,True,False,True,,1027,Alex G. Spanos Stadium,13,Cal Poly,fcs,Big Sky,10,"[7, 3, 0, 0]",0.3660440444946289,,,331,Eastern Washington,fcs,Big Sky,17,"[10, 0, 0, 7]",0.6339559555053711,,,5.955876070127266,,,
401473814,2022,8,regular,2022-10-23T00:00:00.000Z,False,True,False,False,,3827,"Memorial Stadium (Stephenville, TX)",2627,Tarleton State,fcs,Western Athletic,24,"[7, 3, 7, 7]",0.9988431334495544,,,2586,Southwest Baptist,ii,Great Lakes,10,"[7, 0, 0, 3]",0.0011568665504455566,,,3.3947612466394204,,,
401433066,2022,8,regular,2022-10-23T01:00:00.000Z,False,True,False,True,,5866,Rex Stadium,2001,Adams State,ii,Rocky Mountain,45,"[7, 10, 21, 7]",,,,11,Colorado Mesa,ii,Rocky Mountain,31,"[7, 10, 7, 7]",,,,,,,
401420871,2022,8,regular,2022-10-23T01:00:00.000Z,False,True,False,True,,3745,Greater Zion Stadium,3101,Utah Tech,fcs,Western Athletic,13,"[3, 0, 0, 10]",0.20067234337329865,,,2534,Sam Houston,fcs,Western Athletic,18,"[0, 3, 15, 0]",0.7993276566267014,,,7.910875146407412,,,
401431606,2022,8,regular,2022-10-23T01:00:00.000Z,False,True,True,False,,7365,Blaine High School,2829,Simon Fraser,ii,Lone Star,21,"[0, 6, 8, 7]",,,,2703,Western New Mexico,ii,Lone Star,38,"[21, 10, 7, 0]",,,,,,,
401415244,2022,8,regular,2022-10-23T01:45:00.000Z,False,True,False,True,21420,3984,War Memorial Stadium,2751,Wyoming,fbs,Mountain West,28,"[7, 10, 3, 8]",0.9947662353515625,1380,1414,328,Utah State,fbs,Mountain West,14,"[0, 7, 7, 0]",0.0052337646484375,1439,1405,3.839613338289258,,,
401432834,2022,8,regular,2022-10-23T02:00:00.000Z,False,True,False,True,,6106,Ted Runner Stadium,29,Redlands,iii,So. Cal.,36,"[3, 16, 14, 3]",,,,2318,La Verne,iii,So. Cal.,19,"[0, 5, 0, 14]",,,,,,,
401439551,2022,8,regular,2022-10-23T02:00:00.000Z,False,True,False,True,,5811,William Rolland Stadium,2094,Cal Lutheran,iii,So. Cal.,24,"[3, 0, 14, 7]",,,,2923,Pomona Pitzer,iii,So. Cal.,28,"[0, 14, 7, 7]",,,,,,,
401404019,2022,8,regular,2022-10-23T02:30:00.000Z,False,True,False,True,34601,3831,California Memorial Stadium,25,California,fbs,Pac-12,21,"[0, 0, 14, 7]",0.13066866993904114,1471,1467,264,Washington,fbs,Pac-12,28,"[6, 0, 8, 14]",0.8693313300609589,1598,1602,5.522353108091269,,,
401415245,2022,8,regular,2022-10-23T02:30:00.000Z,False,True,False,True,16363,3816,Mackay Stadium,2440,Nevada,fbs,Mountain West,7,"[0, 7, 0, 0]",0.004295832011848688,1381,1343,21,San Diego State,fbs,Mountain West,23,"[10, 3, 10, 0]",0.9957041679881513,1385,1423,4.238466089848785,,,
401413337,2022,8,regular,2022-10-23T03:00:00.000Z,False,True,False,True,,3757,Hornet Stadium,16,Sacramento State,fcs,Big Sky,31,"[0, 7, 0, 17, 7]",0.5684598088264465,,,149,Montana,fcs,Big Sky,24,"[7, 3, 7, 7, 0]",0.43154019117355347,,,7.930886019152662,,,
401444112,2022,9,regular,2022-10-27T23:00:00.000Z,False,True,False,True,,6065,Cliff Harris Stadium,2888,Ouachita Baptist,ii,Great American,28,"[7, 7, 0, 14]",,,,2191,East Central,ii,Great American,18,"[0, 6, 6, 6]",,,,,,,
401432361,2022,9,regular,2022-10-27T23:00:00.000Z,False,True,False,True,,6027,Albert J. H. Sloan - Alumni Stadium,2396,Miles,ii,SIAC,16,"[3, 0, 0, 13]",,,,2206,Edward Waters,ii,SIAC,22,"[6, 16, 0, 0]",,,,,,,
401411146,2022,9,regular,2022-10-27T23:30:00.000Z,False,True,False,True,56919,3670,Carter-Finley Stadium,152,NC State,fbs,ACC,22,"[0, 3, 7, 12]",0.4325368683082479,1609,1601,259,Virginia Tech,fbs,ACC,21,"[0, 0, 21, 0]",0.5674631316917521,1323,1331,7.6057577502,,,
401426359,2022,9,regular,2022-10-27T23:30:00.000Z,False,True,False,True,27332,3815,M. M. Roberts Stadium,2572,Southern Miss,fbs,Sun Belt,39,"[20, 9, 0, 10]",1,1264,1334,309,Louisiana,fbs,Sun Belt,24,"[5, 6, 6, 7]",0,1652,1582,3.238566906809264,,,
401404026,2022,9,regular,2022-10-28T02:00:00.000Z,False,True,False,True,21179,3820,Gesa Field,265,Washington State,fbs,Pac-12,17,"[0, 7, 0, 10]",0.09230661392211914,1606,1615,254,Utah,fbs,Pac-12,21,"[0, 14, 7, 0]",0.9076933860778809,1853,1844,5.755183510844072,,,
401415202,2022,9,regular,2022-10-28T22:30:00.000Z,False,True,False,True,,3802,Lawrence A. Wien Stadium,171,Columbia,fcs,Ivy,16,"[3, 13, 0, 0]",0.06625988334417343,,,43,Yale,fcs,Ivy,41,"[7, 17, 0, 17]",0.9337401166558266,,,5.483318884663521,,,
401426594,2022,9,regular,2022-10-29T00:00:00.000Z,False,True,False,True,12478,218,FIU Stadium,2229,Florida International,fbs,Conference USA,42,"[7, 14, 3, 3, 7, 8]",0.1375877410173416,982,1007,2348,Louisiana Tech,fbs,Conference USA,34,"[10, 7, 0, 10, 7, 0]",0.8624122589826584,1180,1155,7.960745787388814,,,
401415645,2022,9,regular,2022-10-29T00:00:00.000Z,False,True,False,False,55525,3801,LaVell Edwards Stadium,252,BYU,fbs,FBS Independents,24,"[3, 14, 7, 0]",0.09006563574075699,1512,1512,151,East Carolina,fbs,American Athletic,27,"[7, 10, 7, 3]",0.909934364259243,1585,1585,6.499414004043217,,,
401438662,2022,9,regular,2022-10-29T00:00:00.000Z,False,True,False,True,,5858,England Stadium,2286,Illinois College,iii,Midwest,28,"[14, 7, 0, 7]",,,,2155,Cornell (IA),iii,Midwest,14,"[0, 7, 7, 0]",,,,,,,
401404154,2022,9,regular,2022-10-29T16:00:00.000Z,False,True,False,False,25527,3892,Pratt & Whitney Stadium,41,UConn,fbs,FBS Independents,13,"[10, 0, 0, 3]",0.933329164981842,1077,1111,103,Boston College,fbs,ACC,3,"[0, 3, 0, 0]",0.06667083501815796,1292,1258,3.036701402081872,,,
401403927,2022,9,regular,2022-10-29T16:00:00.000Z,False,True,False,True,83792,3785,Jordan-Hare Stadium,2,Auburn,fbs,SEC,27,"[3, 10, 0, 14]",0.035798005759716034,1520,1500,8,Arkansas,fbs,SEC,41,"[7, 10, 14, 10]",0.964201994240284,1647,1667,5.403340702554578,,,
401431589,2022,9,regular,2022-10-29T16:00:00.000Z,False,True,False,True,,3718,Tom Benson Hall of Fame Stadium,2682,Walsh,ii,Great Midwest Athletic,35,"[14, 7, 7, 7]",,,,2316,Kentucky Wesleyan,ii,Great Midwest Athletic,10,"[0, 7, 3, 0]",,,,,,,
401432117,2022,9,regular,2022-10-29T16:00:00.000Z,False,True,False,True,,3667,Callaghan Stadium,2148,Concord,ii,Mountain East,62,"[21, 14, 14, 13]",,,,112335,Wheeling,ii,Mountain East,31,"[13, 3, 7, 8]",,,,,,,
401432995,2022,9,regular,2022-10-29T16:00:00.000Z,False,True,False,True,,4428,Saxon Stadium,2385,Mercyhurst,ii,Pennsylvania State Athletic,20,"[7, 6, 7, 0]",,,,2858,California (PA),ii,Pennsylvania State Athletic,44,"[13, 17, 0, 14]",,,,,,,
401433012,2022,9,regular,2022-10-29T16:00:00.000Z,False,True,False,True,,4441,McConnell Family Stadium,367,Gannon,ii,Pennsylvania State Athletic,43,"[7, 14, 15, 7]",,,,2291,IU Pennsylvania,ii,Pennsylvania State Athletic,36,"[10, 6, 13, 7]",,,,,,,
401433027,2022,9,regular,2022-10-29T16:00:00.000Z,False,True,False,True,,4427,John A. Farrell Stadium,223,West Chester,ii,Pennsylvania State Athletic,58,"[0, 17, 34, 7]",,,,209,Lock Haven,ii,Pennsylvania State Athletic,10,"[0, 3, 7, 0]",,,,,,,
401416631,2022,9,regular,2022-10-29T16:00:00.000Z,False,True,False,True,11749,3768,InfoCision Stadium,2006,Akron,fbs,Mid-American,9,"[0, 3, 0, 6]",0.07316700369119644,974,973,193,Miami (OH),fbs,Mid-American,27,"[7, 10, 0, 10]",0.9268329963088036,1411,1412,3.049076148526407,,,
401404100,2022,9,regular,2022-10-29T16:00:00.000Z,False,True,False,True,58716,3772,Jack Trice Stadium,66,Iowa State,fbs,Big 12,13,"[3, 3, 0, 7]",0.04574812203645706,1777,1725,201,Oklahoma,fbs,Big 12,27,"[3, 10, 7, 7]",0.9542518779635429,1584,1636,5.230608755141591,,,
401431184,2022,9,regular,2022-10-29T16:00:00.000Z,False,True,False,True,,5786,Sprankle-Sprandel Stadium,2790,Albion,iii,Michigan,37,"[0, 20, 10, 7]",,,,2003,Adrian,iii,Michigan,9,"[0, 9, 0, 0]",,,,,,,
401411147,2022,9,regular,2022-10-29T16:00:00.000Z,False,True,False,True,61007,3697,Doak Campbell Stadium,52,Florida State,fbs,ACC,41,"[7, 17, 7, 10]",0.9540784358978271,1573,1604,59,Georgia Tech,fbs,ACC,16,"[3, 0, 7, 6]",0.04592156410217285,1276,1245,3.205363129054969,,,
401439537,2022,9,regular,2022-10-29T16:00:00.000Z,False,True,False,True,,6083,Mangelsdorf Field,2969,Misericordia,iii,Mid Atlantic,7,"[0, 7, 0, 0]",,,,471,Stevenson,iii,Mid Atlantic,44,"[7, 16, 7, 14]",,,,,,,
401432242,2022,9,regular,2022-10-29T16:00:00.000Z,False,True,False,True,,3623,Arthur J. Rooney Athletic Field,2184,Duquesne,fcs,NEC,48,"[7, 7, 7, 14, 7, 6]",0.02584848925471306,,,2341,Long Island University,fcs,NEC,50,"[0, 7, 28, 0, 7, 8]",0.9741515107452869,,,7.1466485479249515,,,
401432984,2022,9,regular,2022-10-29T16:00:00.000Z,False,True,False,True,,5133,Ram Stadium (WV),2974,Shepherd,ii,Pennsylvania State Athletic,55,"[14, 13, 14, 14]",,,,2071,Bloomsburg,ii,Pennsylvania State Athletic,10,"[0, 3, 7, 0]",,,,,,,
401441939,2022,9,regular,2022-10-29T16:00:00.000Z,False,True,False,False,,6126,Bob Boozer Field,2781,Brockport,iii,Empire 8,54,"[20, 0, 21, 13]",,,,2085,Buffalo State,iii,Liberty League,2,"[0, 2, 0, 0]",,,,,,,
401432549,2022,9,regular,2022-10-29T16:00:00.000Z,False,True,False,True,,5848,Hotchkiss Field,417,Gallaudet,iii,ECFC,27,"[10, 2, 0, 15]",,,,15,Anna Maria College,iii,ECFC,13,"[0, 6, 0, 7]",,,,,,,
401432132,2022,9,regular,2022-10-29T16:00:00.000Z,False,True,False,True,,5943,Duvall-Rosier Field,2986,Fairmont State,ii,Mountain East,6,"[6, 0, 0, 0]",,,,587,Notre Dame College,ii,Mountain East,30,"[0, 14, 0, 16]",,,,,,,
401431176,2022,9,regular,2022-10-29T16:00:00.000Z,False,True,False,True,,5939,Cressy Field,379,UMass Dartmouth,iii,MSCAC,48,"[14, 21, 6, 7]",,,,18,Bridgewater State,iii,MSCAC,7,"[0, 0, 7, 0]",,,,,,,
401431167,2022,9,regular,2022-10-29T16:00:00.000Z,False,True,False,True,,3819,Bowditch Field,2967,Framingham State,iii,MSCAC,34,"[7, 13, 7, 7]",,,,110,Mass Maritime,iii,MSCAC,10,"[7, 3, 0, 0]",,,,,,,
401432389,2022,9,regular,2022-10-29T16:00:00.000Z,False,True,False,True,,6066,Pace Stadium,2487,Pace,ii,Northeast 10,17,"[14, 0, 3, 0]",,,,2830,Saint Anselm,ii,Northeast 10,14,"[0, 7, 0, 7]",,,,,,,
401405126,2022,9,regular,2022-10-29T16:00:00.000Z,False,True,False,True,108433,3632,Beaver Stadium,213,Penn State,fbs,Big Ten,31,"[0, 14, 0, 17]",0.010345942340791225,1838,1844,194,Ohio State,fbs,Big Ten,44,"[10, 3, 3, 28]",0.9896540576592088,2233,2227,7.311132828597035,,,
401433019,2022,9,regular,2022-10-29T16:00:00.000Z,False,True,False,True,,4431,Chryst Field at Biemesderfer Stadium,210,Millersville,ii,Pennsylvania State Athletic,13,"[6, 0, 0, 7]",,,,2315,Kutztown,ii,Pennsylvania State Athletic,20,"[6, 7, 0, 7]",,,,,,,
401431406,2022,9,regular,2022-10-29T16:00:00.000Z,False,True,False,True,,36,Leonidoff Field,2368,Marist,fcs,Pioneer,37,"[7, 13, 10, 7]",,,,2506,Presbyterian,fcs,Pioneer,7,"[0, 0, 0, 7]",,,,,,,
401404103,2022,9,regular,2022-10-29T16:00:00.000Z,False,True,False,True,50426,3842,Milan Puskar Stadium,277,West Virginia,fbs,Big 12,31,"[7, 14, 3, 7]",0.016887394711375237,1377,1380,2628,TCU,fbs,Big 12,41,"[7, 21, 0, 13]",0.9831126052886248,1670,1667,7.312797158825549,,,
401438605,2022,9,regular,2022-10-29T16:00:00.000Z,False,True,False,True,,6033,Carl Smith Stadium,2842,UVA Wise,ii,South Atlantic,16,"[0, 7, 3, 6]",,,,2369,Mars Hill,ii,South Atlantic,20,"[3, 7, 7, 3]",,,,,,,
401415643,2022,9,regular,2022-10-29T16:00:00.000Z,False,True,False,True,24228,4728,TDECU Stadium,248,Houston,fbs,American Athletic,42,"[14, 14, 7, 7]",0.9838414788246155,1554,1554,58,South Florida,fbs,American Athletic,27,"[14, 0, 7, 6]",0.01615852117538452,1180,1180,4.456004028255191,,,
401420784,2022,9,regular,2022-10-29T16:00:00.000Z,False,True,False,True,,3762,Hughes Stadium,2415,Morgan State,fcs,MEAC,41,"[7, 10, 0, 24]",1,,,2569,South Carolina State,fcs,MEAC,14,"[0, 14, 0, 0]",0,,,4.533934922463212,,,
401423436,2022,9,regular,2022-10-29T16:00:00.000Z,False,True,False,True,,3624,Arute Field,2115,Central Connecticut,fcs,NEC,34,"[7, 21, 0, 6]",,,,2681,Wagner,fcs,NEC,7,"[0, 7, 0, 0]",,,,,,,
401404129,2022,9,regular,2022-10-29T16:00:00.000Z,False,True,False,False,49861,1964,JMA Wireless Dome,183,Syracuse,fbs,ACC,24,"[7, 0, 10, 7]",0,1585,1563,87,Notre Dame,fbs,FBS Independents,41,"[7, 14, 3, 17]",1,1773,1795,5.660777720183154,,,
401441956,2022,9,regular,2022-10-29T16:00:00.000Z,False,True,False,True,,3690,Charles L. Currier Memorial Field,2972,Plymouth State,iii,MSCAC,31,"[14, 14, 0, 3]",,,,2909,Westfield State,iii,MSCAC,22,"[0, 13, 0, 9]",,,,,,,
401437206,2022,9,regular,2022-10-29T16:00:00.000Z,False,True,False,True,,5638,Dave Wolk Stadium,293,Vermont State Castleton,iii,ECFC,37,"[7, 7, 3, 20]",,,,3162,Alfred State,iii,ECFC,13,"[7, 0, 0, 6]",,,,,,,
401438639,2022,9,regular,2022-10-29T16:00:00.000Z,False,True,False,True,,5842,Robert T. Shields Field,2221,FDU Florham,iii,Mid Atlantic,10,"[0, 10, 0, 0]",,,,2015,Albright,iii,Mid Atlantic,2,"[0, 0, 2, 0]",,,,,,,
401423421,2022,9,regular,2022-10-29T16:00:00.000Z,False,True,False,True,,3668,Campus Field,2529,Sacred Heart,fcs,NEC,14,"[0, 7, 7, 0]",,,,2598,Saint Francis,fcs,NEC,44,"[13, 21, 0, 10]",,,,,,,
401432807,2022,9,regular,2022-10-29T16:00:00.000Z,False,True,False,True,,5818,Farris Stadium,2121,Centre,iii,Southern Athletic,21,"[14, 0, 7, 0]",,,,386,Trinity (TX),iii,Southern Athletic,41,"[0, 17, 14, 10]",,,,,,,
401433041,2022,9,regular,2022-10-29T16:00:00.000Z,False,True,False,True,,4440,Sox Harrison Stadium,2205,Edinboro,ii,Pennsylvania State Athletic,14,"[6, 8, 0, 0]",,,,611,Seton Hill,ii,Pennsylvania State Athletic,45,"[7, 7, 10, 21]",,,,,,,
401431056,2022,9,regular,2022-10-29T16:00:00.000Z,False,True,False,True,,3995,Dr. John W. Winkin Sports Complex,2280,Husson,iii,Commonwealth Coast,27,"[7, 0, 13, 7]",,,,2702,Western New England,iii,Commonwealth Coast,17,"[0, 7, 7, 3]",,,,,,,
401438671,2022,9,regular,2022-10-29T16:00:00.000Z,False,True,False,True,,5899,"Alumni Stadium (Worcester, MA)",2749,WPI,iii,NEWMAC,20,"[0, 7, 0, 13]",,,,2467,Norwich,iii,NEWMAC,15,"[6, 3, 0, 6]",,,,,,,
401456157,2022,9,regular,2022-10-29T16:00:00.000Z,False,True,False,True,,5791,Turf Field,111674,Alvernia,iii,Mid Atlantic,14,"[0, 0, 7, 7]",,,,247,King's,iii,Mid Atlantic,41,"[14, 14, 0, 13]",,,,,,,
401433003,2022,9,regular,2022-10-29T16:00:00.000Z,False,True,False,True,,4437,"Memorial Stadium (Clarion, PA)",2134,Clarion,ii,Pennsylvania State Athletic,0,"[0, 0, 0, 0]",,,,215,Slippery Rock,ii,Pennsylvania State Athletic,31,"[7, 7, 7, 10]",,,,,,,
401431986,2022,9,regular,2022-10-29T16:00:00.000Z,False,True,False,True,,3698,Donnell Stadium,2224,Findlay,ii,Great Midwest Athletic,42,"[0, 14, 21, 7]",,,,437,Lake Erie,ii,Great Midwest Athletic,17,"[7, 3, 7, 0]",,,,,,,
401431819,2022,9,regular,2022-10-29T16:00:00.000Z,False,True,False,True,,3950,Superior Dome,128,Northern Michigan,ii,GLIAC,20,"[0, 14, 6, 0]",,,,2222,Ferris State,ii,GLIAC,56,"[14, 28, 7, 7]",,,,,,,
401435090,2022,9,regular,2022-10-29T16:00:00.000Z,False,True,False,True,,6087,Drake Field (NY),3110,SUNY Morrisville,iii,Empire 8,17,"[0, 7, 7, 3]",,,,390,Utica,iii,Empire 8,20,"[0, 0, 7, 13]",,,,,,,
401423141,2022,9,regular,2022-10-29T16:00:00.000Z,False,True,False,True,,3664,Butler Bowl,2086,Butler,fcs,Pioneer,56,"[21, 21, 14, 0]",0.9841548800468445,,,2413,Morehead State,fcs,Pioneer,20,"[7, 0, 7, 6]",0.015845119953155518,,,2.5535264357647396,,,
401444117,2022,9,regular,2022-10-29T16:00:00.000Z,False,True,False,True,,5868,Ronald J. Abdow Field,2022,American International,ii,Northeast 10,22,"[7, 0, 9, 0, 6]",,,,2583,Southern Connecticut State,ii,Northeast 10,23,"[0, 7, 9, 0, 7]",,,,,,,
401431157,2022,9,regular,2022-10-29T16:00:00.000Z,False,True,False,True,,3920,Schmidt Stadium,398,Wilkes,iii,Mid Atlantic,24,"[14, 7, 3, 0]",,,,2354,Lycoming,iii,Mid Atlantic,7,"[0, 7, 0, 0]",,,,,,,
401416630,2022,9,regular,2022-10-29T16:00:00.000Z,False,True,False,True,14270,3912,Rynearson Stadium,2199,Eastern Michigan,fbs,Mid-American,24,"[7, 10, 7, 0]",0.7026916146278381,1300,1311,2649,Toledo,fbs,Mid-American,27,"[0, 10, 7, 10]",0.29730838537216187,1564,1553,6.045809474018639,,,
401435096,2022,9,regular,2022-10-29T16:00:00.000Z,False,True,False,True,,3717,Edwin Fauver Stadium,184,Rochester (NY),iii,Liberty League,31,"[6, 15, 7, 3]",,,,2779,St. Lawrence,iii,Liberty League,35,"[0, 13, 7, 15]",,,,,,,
401411150,2022,9,regular,2022-10-29T16:30:00.000Z,False,True,False,True,43714,3923,Scott Stadium,258,Virginia,fbs,ACC,12,"[0, 0, 3, 3, 3, 3, 0, 0]",0.3007046580314636,1388,1388,2390,Miami,fbs,ACC,14,"[0, 3, 0, 3, 3, 3, 0, 2]",0.6992953419685364,1443,1443,4.824086967777949,,,
401422992,2022,9,regular,2022-10-29T16:30:00.000Z,False,True,False,True,,3721,Fisher Field,322,Lafayette,fcs,Patriot,20,"[0, 7, 7, 6]",0.2628670930862427,,,46,Georgetown,fcs,Patriot,30,"[7, 10, 7, 6]",0.7371329069137573,,,4.436955311102556,,,
401415192,2022,9,regular,2022-10-29T16:30:00.000Z,False,True,False,True,,3656,Brown Stadium,225,Brown,fcs,Ivy,34,"[7, 17, 0, 10]",0.6696928143501282,,,219,Pennsylvania,fcs,Ivy,31,"[0, 7, 17, 7]",0.3303071856498718,,,14.587498217310507,,,
401432747,2022,9,regular,2022-10-29T17:00:00.000Z,False,True,False,False,,5789,Frank B. Fuhrer Field,2018,Allegheny,iii,Presidents',7,"[0, 7, 0, 0]",,,,2963,Case Western Reserve,iii,Presidents',54,"[16, 24, 7, 7]",,,,,,,
401431114,2022,9,regular,2022-10-29T17:00:00.000Z,False,True,False,True,,5788,Merrill Field at Yunevich Stadium,365,Alfred,iii,Empire 8,8,"[0, 0, 0, 8]",,,,2782,SUNY Cortland,iii,Empire 8,31,"[0, 14, 3, 14]",,,,,,,
401424440,2022,9,regular,2022-10-29T17:00:00.000Z,False,True,False,True,,4419,Bob Ford Field,399,UAlbany,fcs,CAA,59,"[21, 17, 21, 0]",0.9921594858169556,,,2619,Stony Brook,fcs,CAA,14,"[0, 0, 0, 14]",0.007840514183044434,,,1.8676702203732938,,,
401435077,2022,9,regular,2022-10-29T17:00:00.000Z,False,True,False,True,,6075,W.B. Mason Stadium,284,Stonehill,fcs,NEC,10,"[3, 7, 0, 0]",,,,2771,Merrimack,fcs,NEC,17,"[0, 3, 14, 0]",,,,,,,
401430993,2022,9,regular,2022-10-29T17:00:00.000Z,False,True,False,False,,5802,Belhaven Bowl Stadium,2056,Belhaven,iii,USA South,70,"[14, 35, 21, 0]",,,,548,LaGrange,iii,USA South,16,"[3, 0, 6, 7]",,,,,,,
401424441,2022,9,regular,2022-10-29T17:00:00.000Z,False,True,False,True,,717,Villanova Stadium,222,Villanova,fcs,CAA,24,"[7, 3, 7, 7]",0.9390360713005066,,,2261,Hampton,fcs,CAA,10,"[0, 3, 7, 0]",0.06096392869949341,,,2.6872841156795,,,
401424409,2022,9,regular,2022-10-29T17:00:00.000Z,False,True,False,True,,5389,Kessler Stadium,2405,Monmouth,fcs,CAA,48,"[14, 6, 6, 22]",0.1567467898130417,,,119,Towson,fcs,CAA,52,"[18, 10, 7, 17]",0.8432532101869583,,,6.428215433379063,,,
401418649,2022,9,regular,2022-10-29T17:00:00.000Z,False,True,False,False,,4899,Fifth Third Stadium,338,Kennesaw State,fcs,Atlantic Sun,30,"[3, 10, 7, 10]",0.8030126094818115,,,2127,Charleston Southern,fcs,Big South,20,"[0, 7, 7, 6]",0.19698739051818848,,,3.5671945319193625,,,
401421099,2022,9,regular,2022-10-29T17:00:00.000Z,False,True,False,True,,5116,O'Shaughnessy Stadium,2900,St. Thomas (MN),fcs,Pioneer,49,"[7, 14, 14, 14]",0.7887304425239563,,,301,San Diego,fcs,Pioneer,42,"[7, 14, 14, 7]",0.2112695574760437,,,13.898201668452685,,,
401424442,2022,9,regular,2022-10-29T17:00:00.000Z,False,True,False,True,,3607,Alfond Stadium,311,Maine,fcs,CAA,21,"[0, 7, 0, 14]",0.06474385410547256,,,257,Richmond,fcs,CAA,31,"[21, 0, 7, 3]",0.9352561458945274,,,3.8862600421102553,,,
401431036,2022,9,regular,2022-10-29T17:00:00.000Z,False,True,False,True,,6124,Amos Alonzo Stagg Field (PA),216,Susquehanna,iii,Centennial,26,"[7, 7, 9, 3]",,,,118,Johns Hopkins,iii,Centennial,24,"[0, 12, 6, 6]",,,,,,,
401431201,2022,9,regular,2022-10-29T17:00:00.000Z,False,True,False,True,,6100,Cutler Field,354,Olivet,iii,Michigan,35,"[0, 0, 14, 21]",,,,2800,Alma,iii,Michigan,49,"[28, 7, 7, 7]",,,,,,,
401437003,2022,9,regular,2022-10-29T17:00:00.000Z,False,True,False,True,,6089,Scotty Wood Stadium,2422,Muhlenberg,iii,Centennial,28,"[7, 0, 14, 7]",,,,2234,Franklin & Marshall,iii,Centennial,21,"[0, 14, 0, 7]",,,,,,,
401438647,2022,9,regular,2022-10-29T17:00:00.000Z,False,True,False,True,,3621,Arnold Field (PA),388,Lebanon Valley,iii,Mid Atlantic,20,"[0, 6, 2, 12]",,,,2725,Widener,iii,Mid Atlantic,26,"[7, 6, 6, 7]",,,,,,,
401439561,2022,9,regular,2022-10-29T17:00:00.000Z,False,True,False,True,,6117,Knight Stadium,2896,Southern Virginia,iii,USA South,23,"[7, 10, 6, 0]",,,,291,Methodist,iii,USA South,36,"[9, 13, 0, 14]",,,,,,,
401441260,2022,9,regular,2022-10-29T17:00:00.000Z,False,True,False,True,,5792,Pratt Field at Lehrman Stadium,7,Amherst,iii,NESCAC,7,"[0, 0, 0, 7, 0]",,,,336,Wesleyan (CT),iii,NESCAC,13,"[7, 0, 0, 0, 6]",,,,,,,
401430707,2022,9,regular,2022-10-29T17:00:00.000Z,False,True,False,True,,6032,Hovey Field,2676,Virginia Union,ii,CIAA,21,"[7, 0, 7, 7]",,,,2804,Chowan,ii,CIAA,26,"[7, 0, 6, 13]",,,,,,,
401425415,2022,9,regular,2022-10-29T17:00:00.000Z,False,True,False,True,,3722,Fitton Field,107,Holy Cross,fcs,Patriot,53,"[14, 7, 7, 17, 8]",0.6189637780189514,,,2230,Fordham,fcs,Patriot,52,"[10, 14, 7, 14, 7]",0.3810362219810486,,,13.726879022480643,,,
401435128,2022,9,regular,2022-10-29T17:00:00.000Z,False,True,False,True,,6131,Jessee/Miller Field,2977,Trinity (CT),iii,NESCAC,38,"[0, 21, 10, 7]",,,,340,Bowdoin,iii,NESCAC,3,"[0, 3, 0, 0]",,,,,,,
401429858,2022,9,regular,2022-10-29T17:00:00.000Z,False,True,False,True,,5941,Roebuck Stadium,2207,Elizabeth City State,ii,CIAA,29,"[0, 14, 7, 8]",,,,2075,Bowie State,ii,CIAA,36,"[7, 6, 7, 16]",,,,,,,
401431539,2022,9,regular,2022-10-29T17:00:00.000Z,False,True,False,True,,3927,Sherman Field,2392,Michigan Tech,ii,GLIAC,7,"[0, 7, 0, 0]",,,,125,Grand Valley State,ii,GLIAC,42,"[14, 7, 14, 7]",,,,,,,
401432427,2022,9,regular,2022-10-29T17:00:00.000Z,False,True,False,True,,5933,Sea Foam Stadium,3066,Concordia St. Paul,ii,Northern Sun,13,"[0, 0, 7, 6]",,,,559,University of Mary,ii,Northern Sun,23,"[3, 7, 7, 6]",,,,,,,
401438631,2022,9,regular,2022-10-29T17:00:00.000Z,False,True,False,True,,5926,Henry G. Steinbrenner '27 Stadium,109,MIT,iii,NEWMAC,24,"[7, 10, 0, 7]",,,,2557,Coast Guard,iii,NEWMAC,31,"[3, 0, 14, 14]",,,,,,,
401431564,2022,9,regular,2022-10-29T17:00:00.000Z,False,True,False,True,,3885,Harvey Randall Wickes Memorial Stadium,129,Saginaw Valley State,ii,GLIAC,28,"[7, 7, 7, 7]",,,,110254,Davenport,ii,GLIAC,29,"[3, 10, 10, 6]",,,,,,,
401432366,2022,9,regular,2022-10-29T17:00:00.000Z,False,True,False,True,,6042,Alumni Stadium (KY),2310,Kentucky State,ii,SIAC,7,"[0, 0, 7, 0]",,,,2657,Tuskegee,ii,SIAC,28,"[0, 7, 7, 14]",,,,,,,
401432535,2022,9,regular,2022-10-29T17:00:00.000Z,False,True,False,True,,6086,Rocco Calvo Field,323,Moravian,iii,Centennial,14,"[0, 0, 0, 14]",,,,2700,McDaniel,iii,Centennial,3,"[3, 0, 0, 0]",,,,,,,
401432557,2022,9,regular,2022-10-29T17:00:00.000Z,False,True,False,True,,5862,Butterfield Stadium,175,Ithaca,iii,Liberty League,13,"[0, 7, 3, 3]",,,,2528,Rensselaer,iii,Liberty League,10,"[0, 0, 3, 7]",,,,,,,
401432578,2022,9,regular,2022-10-29T17:00:00.000Z,False,True,False,True,,5123,Little Giant Stadium,89,Wabash,iii,North Coast,59,"[21, 21, 14, 3]",,,,2274,Hiram,iii,North Coast,23,"[3, 14, 0, 6]",,,,,,,
401432586,2022,9,regular,2022-10-29T17:00:00.000Z,False,True,False,True,,5906,McBride Field,352,Kenyon,iii,North Coast,35,"[0, 14, 0, 21]",,,,83,DePauw,iii,North Coast,58,"[14, 14, 24, 6]",,,,,,,
401415409,2022,9,regular,2022-10-29T17:00:00.000Z,False,True,False,True,,3881,Princeton University Stadium,163,Princeton,fcs,Ivy,35,"[0, 12, 9, 14]",0.9047597646713257,,,172,Cornell,fcs,Ivy,9,"[0, 3, 6, 0]",0.09524023532867432,,,3.715241536140605,,,
401437212,2022,9,regular,2022-10-29T17:00:00.000Z,False,True,False,True,,5856,Boswell Field at David J. Urick Stadium,174,Hobart,iii,Liberty League,23,"[3, 14, 0, 6]",,,,237,Union,iii,Liberty League,21,"[7, 14, 0, 0]",,,,,,,
401438690,2022,9,regular,2022-10-29T17:00:00.000Z,False,True,False,True,,6114,Sea Gull Stadium,2532,Salisbury,iii,New Jersey,28,"[14, 0, 7, 7]",,,,2827,Rowan,iii,New Jersey,23,"[7, 10, 0, 6]",,,,,,,
401432634,2022,9,regular,2022-10-29T17:00:00.000Z,False,True,False,True,,6085,Sprague Field,2818,Montclair State,iii,New Jersey,13,"[0, 7, 0, 6]",,,,3112,Christopher Newport,iii,New Jersey,14,"[7, 0, 0, 7]",,,,,,,
401424390,2022,9,regular,2022-10-29T17:00:00.000Z,False,True,False,True,,3998,Zable Stadium,2729,William & Mary,fcs,CAA,31,"[0, 14, 7, 10]",,,,227,Rhode Island,fcs,CAA,30,"[7, 7, 7, 9]",,,,,,,
401428193,2022,9,regular,2022-10-29T17:00:00.000Z,False,True,False,True,,3603,Aggie Stadium,2448,North Carolina A&T,fcs,Big South,45,"[10, 0, 20, 15]",,,,2097,Campbell,fcs,Big South,38,"[28, 0, 3, 7]",,,,,,,
401438227,2022,9,regular,2022-10-29T17:00:00.000Z,False,True,True,False,,,,126086,Post,ii,Independent DII,19,"[7, 6, 6, 0]",,,,112334,Franklin Pierce,ii,Northeast 10,42,"[14, 14, 7, 7]",,,,,,,
401430725,2022,9,regular,2022-10-29T17:00:00.000Z,False,True,False,True,,6068,George Williams Athletic Complex,395,St. Augustine's,ii,CIAA,7,"[0, 0, 7, 0]",,,,2940,Livingstone,ii,CIAA,12,"[6, 0, 0, 6]",,,,,,,
401432409,2022,9,regular,2022-10-29T17:00:00.000Z,False,True,False,True,,6051,James S. Malosky Stadium,134,Minnesota Duluth,ii,Northern Sun,51,"[15, 15, 7, 14]",,,,568,Minot State,ii,Northern Sun,7,"[0, 0, 7, 0]",,,,,,,
401432971,2022,9,regular,2022-10-29T17:00:00.000Z,False,True,False,True,,6035,"Memorial Stadium (Wayne, NE)",2844,Wayne State (NE),ii,Northern Sun,56,"[7, 28, 21, 0]",,,,389,Upper Iowa,ii,Northern Sun,14,"[0, 7, 0, 7]",,,,,,,
401446235,2022,9,regular,2022-10-29T17:00:00.000Z,False,True,False,True,,5835,Biddle Field,2175,Dickinson,iii,Centennial,45,"[7, 24, 14, 0]",,,,246,Juniata,iii,Centennial,7,"[7, 0, 0, 0]",,,,,,,
401450143,2022,9,regular,2022-10-29T17:00:00.000Z,False,True,False,True,,5851,Shirk Field at Musselman Stadium,2248,Gettysburg,iii,Centennial,16,"[0, 0, 2, 14]",,,,2667,Ursinus,iii,Centennial,51,"[14, 21, 16, 0]",,,,,,,
401456160,2022,9,regular,2022-10-29T17:00:00.000Z,False,True,False,True,,6133,Ellis Oval at Zimman Field,112,Tufts,iii,NESCAC,49,"[14, 14, 14, 7]",,,,348,Hamilton,iii,NESCAC,13,"[0, 7, 0, 6]",,,,,,,
401421108,2022,9,regular,2022-10-29T17:00:00.000Z,False,True,False,True,,3988,Welcome Stadium,2168,Dayton,fcs,Pioneer,31,"[14, 3, 7, 7]",0.9005415439605713,,,2674,Valparaiso,fcs,Pioneer,24,"[14, 0, 7, 3]",0.09945845603942871,,,5.881589374497189,,,
401423156,2022,9,regular,2022-10-29T17:00:00.000Z,False,True,False,True,,4416,Spec Martin Municipal Stadium,56,Stetson,fcs,Pioneer,17,"[10, 0, 0, 7]",0.014320512302219868,,,2181,Drake,fcs,Pioneer,24,"[7, 3, 6, 8]",0.9856794876977801,,,5.8315253853202185,,,
401422983,2022,9,regular,2022-10-29T17:00:00.000Z,False,True,False,True,,3676,Christy Mathewson-Memorial Stadium,2083,Bucknell,fcs,Patriot,7,"[0, 0, 0, 7]",0.05804658681154251,,,2142,Colgate,fcs,Patriot,13,"[0, 6, 7, 0]",0.9419534131884575,,,3.5557473237664645,,,
401430720,2022,9,regular,2022-10-29T17:00:00.000Z,False,True,False,True,,3649,Bowman Gray Stadium,2736,Winston-Salem State,ii,CIAA,28,"[0, 0, 14, 14]",,,,2304,Johnson C. Smith,ii,CIAA,7,"[0, 0, 0, 7]",,,,,,,
401432867,2022,9,regular,2022-10-29T17:00:00.000Z,False,True,True,True,,5844,McAfee Field,109418,Finlandia University,iii,Upper Midwest,12,"[0, 0, 6, 6]",,,,433,Westminster (MO),iii,Upper Midwest,16,"[0, 0, 0, 16]",,,,,,,
401435146,2022,9,regular,2022-10-29T17:00:00.000Z,False,True,False,True,,5997,Brooks Stadium (NY),2383,Merchant Marine,iii,NEWMAC,13,"[7, 3, 3, 0]",,,,81,Springfield,iii,NEWMAC,27,"[10, 0, 7, 10]",,,,,,,
401438184,2022,9,regular,2022-10-29T17:00:00.000Z,False,True,False,True,,5887,I.L. & Sue Morris Stadium,2249,Glenville State,ii,Mountain East,31,"[14, 3, 7, 7]",,,,2707,West Virginia State,ii,Mountain East,30,"[7, 7, 16, 0]",,,,,,,
401431048,2022,9,regular,2022-10-29T17:00:00.000Z,False,True,False,True,,5830,Walter M. Katz Field,40,Curry,iii,Commonwealth Coast,7,"[0, 7, 0, 0]",,,,452,Endicott,iii,Commonwealth Coast,48,"[7, 14, 20, 7]",,,,,,,
401430692,2022,9,regular,2022-10-29T17:00:00.000Z,False,True,False,True,,3808,Lincoln University Stadium,2339,Lincoln (PA),ii,CIAA,21,"[0, 7, 14, 0]",,,,330,Virginia State,ii,CIAA,42,"[0, 14, 13, 15]",,,,,,,
401431064,2022,9,regular,2022-10-29T17:00:00.000Z,False,True,False,True,,6135,Blue Storm Stadium,111675,New England,iii,Commonwealth Coast,30,"[3, 17, 3, 7]",,,,2776,Salve Regina,iii,Commonwealth Coast,12,"[0, 6, 0, 6]",,,,,,,
401431204,2022,9,regular,2022-10-29T17:00:00.000Z,False,True,False,True,,3755,Ray and Sue Smith Stadium,2812,Hope,iii,Michigan,66,"[14, 28, 10, 14]",,,,126,Kalamazoo,iii,Michigan,20,"[14, 0, 0, 6]",,,,,,,
401432097,2022,9,regular,2022-10-29T17:00:00.000Z,False,True,False,True,,3642,Bobcat Stadium (MD),341,Frostburg State,ii,Mountain East,58,"[10, 20, 7, 21]",,,,2017,Alderson-Broaddus,ii,Mountain East,7,"[0, 7, 0, 0]",,,,,,,
401431576,2022,9,regular,2022-10-29T17:00:00.000Z,False,True,False,True,,3729,"Frank ""Muddy"" Waters Stadium",2273,Hillsdale,ii,Great Midwest Athletic,36,"[7, 7, 8, 14]",,,,308,Ashland,ii,Great Midwest Athletic,20,"[7, 3, 10, 0]",,,,,,,
401437190,2022,9,regular,2022-10-29T17:00:00.000Z,False,True,False,True,,3848,Multi-Sport Stadium,2038,Assumption,ii,Northeast 10,14,"[7, 7, 0, 0]",,,,2441,New Haven,ii,Northeast 10,13,"[7, 6, 0, 0]",,,,,,,
401432723,2022,9,regular,2022-10-29T17:00:00.000Z,False,True,False,True,,5896,Lewis C. Everett Stadium,297,Hampden Sydney,iii,Old Dominion,28,"[7, 7, 7, 7]",,,,2258,Guilford,iii,Old Dominion,21,"[7, 0, 7, 7]",,,,,,,
401432732,2022,9,regular,2022-10-29T17:00:00.000Z,False,True,False,False,,5799,Daly Field at Frank R. Campbell Stadium,2047,Averett,iii,Old Dominion,0,"[0, 0, 0, 0]",,,,2828,Shenandoah,iii,Old Dominion,45,"[7, 21, 10, 7]",,,,,,,
401432756,2022,9,regular,2022-10-29T17:00:00.000Z,False,True,False,True,,5814,Gesling Stadium,2102,Carnegie Mellon,iii,Presidents',30,"[17, 3, 3, 7]",,,,2614,Saint Vincent,iii,Presidents',12,"[0, 6, 0, 6]",,,,,,,
401432784,2022,9,regular,2022-10-29T17:00:00.000Z,False,True,False,True,,6128,Alumni Stadium (PA),2644,Thiel,iii,Presidents',0,"[0, 0, 0, 0]",,,,2686,Washington & Jefferson,iii,Presidents',55,"[21, 20, 14, 0]",,,,,,,
401432788,2022,9,regular,2022-10-29T17:00:00.000Z,False,True,False,True,,6140,John F. Wiley Stadium,2845,Waynesburg,iii,Presidents',10,"[3, 0, 0, 7]",,,,2849,Westminster (PA),iii,Presidents',30,"[0, 13, 7, 10]",,,,,,,
401433121,2022,9,regular,2022-10-29T17:00:00.000Z,False,True,False,True,,6553,Helen and Leonard Moretz Stadium,2331,Lenoir Rhyne,ii,South Atlantic,21,"[0, 7, 7, 7]",,,,351,Wingate,ii,South Atlantic,24,"[7, 10, 0, 7]",,,,,,,
401433051,2022,9,regular,2022-10-29T17:00:00.000Z,False,True,False,True,,4429,Seth Grove Stadium,2559,Shippensburg,ii,Pennsylvania State Athletic,16,"[0, 0, 13, 3]",,,,2188,East Stroudsburg,ii,Pennsylvania State Athletic,23,"[0, 17, 0, 6]",,,,,,,
401432706,2022,9,regular,2022-10-29T17:00:00.000Z,False,True,False,False,,5840,Fred Selfe Stadium at Nicewonder Field,2213,Emory & Henry,ii,South Atlantic,7,"[7, 0, 0, 0]",,,,2105,Carson Newman,ii,South Atlantic,21,"[0, 7, 7, 7]",,,,,,,
401450199,2022,9,regular,2022-10-29T17:00:00.000Z,False,True,False,True,,6150,Wightman Stadium,2970,William Paterson,iii,New Jersey,2,"[2, 0, 0, 0]",,,,2442,The College of New Jersey,iii,New Jersey,33,"[16, 14, 3, 0]",,,,,,,
401445805,2022,9,regular,2022-10-29T17:00:00.000Z,False,True,False,True,,6151,Farley-Lamb Field,2731,Williams,iii,NESCAC,41,"[13, 14, 7, 7]",,,,121,Bates,iii,NESCAC,28,"[7, 7, 7, 7]",,,,,,,
401445809,2022,9,regular,2022-10-29T17:00:00.000Z,False,True,False,True,,6079,Alumni Stadium (VT),2394,Middlebury,iii,NESCAC,20,"[0, 3, 3, 14]",,,,33,Colby,iii,NESCAC,17,"[0, 10, 0, 7]",,,,,,,
401431141,2022,9,regular,2022-10-29T17:30:00.000Z,False,True,False,True,,6088,Schueler Field,2419,Mount St Joseph,iii,Heartland,70,"[35, 14, 14, 7]",,,,2074,Bluffton,iii,Heartland,21,"[0, 7, 14, 0]",,,,,,,
401431124,2022,9,regular,2022-10-29T17:30:00.000Z,False,True,False,True,,5930,Carl W. Burt Memorial Stadium,2362,Manchester,iii,Heartland,6,"[6, 0, 0, 0]",,,,2233,Franklin,iii,Heartland,24,"[7, 10, 7, 0]",,,,,,,
401431149,2022,9,regular,2022-10-29T17:30:00.000Z,False,True,False,True,,6111,Cook Stadium,86,Rose Hulman,iii,Heartland,76,"[28, 34, 7, 7]",,,,190,Defiance College,iii,Heartland,35,"[7, 7, 7, 14]",,,,,,,
401422926,2022,9,regular,2022-10-29T17:30:00.000Z,False,True,False,True,,3597,Alumni Memorial Field,2678,VMI,fcs,Southern,14,"[0, 0, 14, 0]",0,,,2382,Mercer,fcs,Southern,55,"[7, 24, 14, 10]",1,,,2.66488915329568,,,
401431134,2022,9,regular,2022-10-29T17:30:00.000Z,False,True,False,True,,5793,Macholtz Stadium,2023,Anderson (IN),iii,Heartland,3,"[3, 0, 0, 0]",,,,2262,Hanover,iii,Heartland,62,"[13, 21, 14, 14]",,,,,,,
401428220,2022,9,regular,2022-10-29T17:30:00.000Z,False,True,False,True,,3710,Ernest W. Spangler Stadium,2241,Gardner-Webb,fcs,Big South,48,"[14, 14, 14, 6]",0.9465992450714111,,,2803,Bryant,fcs,Big South,40,"[14, 9, 6, 11]",0.05340075492858887,,,5.731740489787188,,,
401432668,2022,9,regular,2022-10-29T17:30:00.000Z,False,True,False,True,,5812,Bernlohr Stadium,424,Capital,iii,Ohio,7,"[0, 0, 0, 7]",,,,188,Baldwin Wallace,iii,Ohio,48,"[14, 17, 14, 3]",,,,,,,
401432691,2022,9,regular,2022-10-29T17:30:00.000Z,False,True,False,True,,5931,Don Drumm Stadium,317,Marietta,iii,Ohio,27,"[7, 7, 7, 6]",,,,427,Ohio Northern,iii,Ohio,10,"[0, 3, 7, 0]",,,,,,,
401431873,2022,9,regular,2022-10-29T17:30:00.000Z,False,True,False,False,,6078,Pioneer Field (TN),2839,Tusculum,ii,South Atlantic,49,"[0, 21, 14, 14]",,,,101784,Erskine,ii,South Atlantic,14,"[7, 7, 0, 0]",,,,,,,
401435116,2022,9,regular,2022-10-29T17:30:00.000Z,False,True,False,True,,6127,John P. Papp Stadium,2748,Wooster,iii,North Coast,44,"[0, 7, 14, 23]",,,,2746,Wittenberg,iii,North Coast,43,"[21, 9, 10, 3]",,,,,,,
401413209,2022,9,regular,2022-10-29T17:30:00.000Z,False,True,False,True,,3737,Gibbs Stadium,2747,Wofford,fcs,Southern,48,"[7, 10, 10, 21]",0.9837668538093567,,,2193,East Tennessee State,fcs,Southern,41,"[3, 14, 10, 14]",0.01623314619064331,,,7.212136405950725,,,
401438676,2022,9,regular,2022-10-29T17:30:00.000Z,False,True,False,True,,6152,Wiliams Stadium (OH),2733,Wilmington (OH),iii,Ohio,7,"[7, 0, 0, 0]",,,,191,Heidelberg,iii,Ohio,57,"[21, 14, 13, 9]",,,,,,,
401432677,2022,9,regular,2022-10-29T17:30:00.000Z,False,True,False,True,,6090,Sherman Field at McConagha Stadium,332,Muskingum,iii,Ohio,14,"[0, 7, 7, 0]",,,,2302,John Carroll,iii,Ohio,49,"[10, 10, 8, 21]",,,,,,,
401418600,2022,9,regular,2022-10-29T17:30:00.000Z,False,True,False,True,,3826,Memorial Field,159,Dartmouth,fcs,Ivy,13,"[0, 13, 0, 0]",0.0036448389291763306,,,108,Harvard,fcs,Ivy,28,"[7, 7, 7, 7]",0.9963551610708237,,,5.015538424408614,,,
401432893,2022,9,regular,2022-10-29T18:00:00.000Z,False,True,False,True,,5120,J.J. Keller Field at Titan Stadium,271,Wisconsin Oshkosh,iii,Wisconsin,35,"[0, 10, 13, 12]",,,,2740,Wisconsin La Crosse,iii,Wisconsin,38,"[14, 14, 0, 10]",,,,,,,
401431300,2022,9,regular,2022-10-29T18:00:00.000Z,False,True,False,True,,5915,Farwell Field,262,Lake Forest,iii,Midwest,31,"[6, 3, 15, 7]",,,,2919,Monmouth (IL),iii,Midwest,14,"[7, 7, 0, 0]",,,,,,,
401431291,2022,9,regular,2022-10-29T18:00:00.000Z,False,True,False,True,,5820,Amos Alonzo Stagg Field,80,Chicago,iii,Midwest,58,"[13, 35, 7, 3]",,,,65,Grinnell,iii,Midwest,0,"[0, 0, 0, 0]",,,,,,,
401432687,2022,9,regular,2022-10-29T18:00:00.000Z,False,True,False,True,,6101,"Memorial Stadium (Westerville, OH)",359,Otterbein,iii,Ohio,0,"[0, 0, 0, 0]",,,,426,Mount Union,iii,Ohio,59,"[7, 35, 14, 3]",,,,,,,
401432418,2022,9,regular,2022-10-29T18:00:00.000Z,False,True,False,True,,3951,Swisher Field,425,Northern State,ii,Northern Sun,35,"[7, 7, 7, 14]",,,,2817,Minnesota St Moorhead,ii,Northern Sun,7,"[0, 0, 0, 7]",,,,,,,
401432400,2022,9,regular,2022-10-29T18:00:00.000Z,False,True,False,True,,6072,Schwan Regional Event Center,2587,Southwest Minnesota State,ii,Northern Sun,15,"[0, 0, 7, 8]",,,,132,Bemidji State,ii,Northern Sun,34,"[7, 3, 10, 14]",,,,,,,
401438658,2022,9,regular,2022-10-29T18:00:00.000Z,False,True,False,True,,5918,Taylor Field,6353,Lakeland,iii,NACC,26,"[13, 7, 0, 6]",,,,101,Eureka,iii,NACC,17,"[0, 10, 0, 7]",,,,,,,
401432815,2022,9,regular,2022-10-29T18:00:00.000Z,False,True,False,True,,3871,General Charles C. Krulak Stadium,3,Birmingham-Southern,iii,Southern Athletic,30,"[0, 0, 0, 30]",,,,418,Hendrix,iii,Southern Athletic,7,"[0, 0, 0, 7]",,,,,,,
401418641,2022,9,regular,2022-10-29T18:00:00.000Z,False,True,False,False,,7003,Houck Field,2546,Southeast Missouri State,fcs,OVC,23,"[10, 3, 3, 7]",0.29053473472595215,,,2198,Eastern Kentucky,fcs,Atlantic Sun,28,"[0, 0, 22, 6]",0.7094652652740479,,,5.411276790781313,,,
401435212,2022,9,regular,2022-10-29T18:00:00.000Z,False,True,False,True,,4854,Perkins Stadium,2745,Wisconsin Whitewater,iii,Wisconsin,30,"[10, 17, 0, 3]",,,,2723,Wisconsin River Falls,iii,Wisconsin,27,"[0, 6, 14, 7]",,,,,,,
401420826,2022,9,regular,2022-10-29T18:00:00.000Z,False,True,False,True,,844,Stambaugh Stadium,2754,Youngstown State,fcs,MVFC,45,"[10, 28, 7, 0]",0.9848657846450806,,,233,South Dakota,fcs,MVFC,24,"[7, 3, 7, 7]",0.015134215354919434,,,3.2920908752212448,,,
401433395,2022,9,regular,2022-10-29T18:00:00.000Z,False,True,False,False,,3749,Hunter Stadium,2815,Lindenwood,fcs,OVC,64,"[20, 13, 7, 24]",0.9919071197509766,,,2911,William Jewell,ii,Great Lakes,23,"[3, 20, 0, 0]",0.008092880249023438,,,3.2695256519631313,,,
401420793,2022,9,regular,2022-10-29T18:00:00.000Z,False,True,False,True,,3991,"William Dick"""" Price Stadium""""",2450,Norfolk State,fcs,MEAC,21,"[7, 0, 7, 7]",0.06138273701071739,,,47,Howard,fcs,MEAC,49,"[0, 14, 14, 21]",0.9386172629892826,,,7.301026617777786,,,
401420803,2022,9,regular,2022-10-29T18:00:00.000Z,False,True,False,True,,3613,Alumni Stadium,2169,Delaware State,fcs,MEAC,21,"[3, 6, 12, 0]",0.5267323851585388,,,2428,North Carolina Central,fcs,MEAC,28,"[7, 6, 7, 8]",0.4732676148414612,,,6.931127728540537,,,
401431308,2022,9,regular,2022-10-29T18:00:00.000Z,False,True,False,True,,6110,Sam Greeley Field,2524,Rockford,iii,NACC,14,"[7, 7, 0, 0]",,,,2832,St. Norbert,iii,NACC,52,"[21, 24, 7, 0]",,,,,,,
401421133,2022,9,regular,2022-10-29T18:00:00.000Z,False,True,False,True,,3868,Paladin Stadium,231,Furman,fcs,Southern,24,"[7, 10, 7, 0]",0.7730215191841125,,,236,Chattanooga,fcs,Southern,20,"[3, 7, 3, 7]",0.22697848081588745,,,4.461049685820381,,,
401426593,2022,9,regular,2022-10-29T18:00:00.000Z,False,True,False,True,18187,3895,Rice Stadium,242,Rice,fbs,Conference USA,23,"[14, 3, 0, 6]",0.011252118274569511,1225,1104,2429,Charlotte,fbs,Conference USA,56,"[7, 21, 21, 7]",0.9887478817254305,1049,1170,4.615020552009499,,,
401431522,2022,9,regular,2022-10-29T18:00:00.000Z,False,True,False,True,,3723,QU Stadium,2825,Quincy,ii,Great Lakes,32,"[10, 9, 7, 6]",,,,2654,Truman State,ii,Great Lakes,59,"[7, 17, 28, 7]",,,,,,,
401431506,2022,9,regular,2022-10-29T18:00:00.000Z,False,True,False,True,,6047,Leemon Field,2816,McKendree,ii,Great Lakes,31,"[7, 10, 7, 7]",,,,2586,Southwest Baptist,ii,Great Lakes,49,"[7, 21, 21, 0]",,,,,,,
401432954,2022,9,regular,2022-10-29T18:00:00.000Z,False,True,False,True,,5780,Altra Federal Credit Union Stadium,2851,Winona State,ii,Northern Sun,24,"[14, 0, 3, 7]",,,,2043,Augustana (SD),ii,Northern Sun,7,"[0, 0, 0, 7]",,,,,,,
401432107,2022,9,regular,2022-10-29T18:00:00.000Z,False,True,False,True,,5784,Cebe Ross Field,455,West Virginia Wesleyan,ii,Mountain East,0,"[0, 0, 0, 0]",,,,2128,Charleston (WV),ii,Mountain East,44,"[14, 7, 16, 7]",,,,,,,
401423950,2022,9,regular,2022-10-29T18:00:00.000Z,False,True,False,True,,3976,Mississippi Veterans Memorial Stadium,2296,Jackson State,fcs,SWAC,35,"[0, 22, 6, 7]",0.9464462995529175,,,2582,Southern,fcs,SWAC,0,"[0, 0, 0, 0]",0.05355370044708252,,,3.406236069317679,,,
401460110,2022,9,regular,2022-10-29T18:00:00.000Z,False,True,False,True,,3889,Reinhart Field,2951,SUNY Maritime,iii,ECFC,30,"[0, 0, 21, 9]",,,,110438,Dean,iii,ECFC,19,"[0, 13, 0, 6]",,,,,,,
401432715,2022,9,regular,2022-10-29T18:00:00.000Z,False,True,False,True,,5843,W.B. Adams Stadium,366,Ferrum,iii,Old Dominion,28,"[0, 0, 8, 20]",,,,2079,Bridgewater,iii,Old Dominion,52,"[14, 10, 21, 7]",,,,,,,
401431315,2022,9,regular,2022-10-29T18:00:00.000Z,False,True,False,True,,6284,Village of Lisle-Benedictine University Sports Complex,2283,Benedictine (IL),iii,NACC,13,"[7, 3, 3, 0]",,,,2044,Aurora,iii,NACC,20,"[0, 6, 6, 8]",,,,,,,
401432860,2022,9,regular,2022-10-29T18:00:00.000Z,False,True,False,True,,6122,Public Schools Stadium,375,St. Scholastica,iii,Minnesota,6,"[0, 0, 6, 0]",,,,2600,Saint John's (MN),iii,Minnesota,56,"[14, 21, 14, 7]",,,,,,,
401431020,2022,9,regular,2022-10-29T18:00:00.000Z,False,True,False,True,,5798,Jerry E. Apple Stadium,2045,Austin,iii,American Southwest,29,"[7, 0, 7, 15]",,,,2588,Southwestern U,iii,American Southwest,40,"[6, 14, 13, 7]",,,,,,,
401431083,2022,9,regular,2022-10-29T18:00:00.000Z,False,True,False,True,,5839,Langhorst Field,72,Elmhurst,iii,CCIW,6,"[0, 6, 0, 0]",,,,143,Washington St. Louis,iii,CCIW,49,"[7, 21, 14, 7]",,,,,,,
401431262,2022,9,regular,2022-10-29T18:00:00.000Z,False,True,False,True,,6109,Ingalls Field,2891,Ripon,iii,Midwest,55,"[14, 20, 14, 7]",,,,266,Beloit,iii,Midwest,14,"[7, 0, 7, 0]",,,,,,,
401431271,2022,9,regular,2022-10-29T18:00:00.000Z,False,True,False,True,,5919,Ron Roberts Field at the Banta Bowl,268,Lawrence,iii,Midwest,0,"[0, 0, 0, 0]",,,,255,Knox,iii,Midwest,35,"[14, 7, 7, 7]",,,,,,,
401431245,2022,9,regular,2022-10-29T18:00:00.000Z,False,True,False,False,,5895,Klas Field,162,Hamline,iii,Minnesota,20,"[0, 6, 0, 14]",,,,2359,Macalester,iii,Minnesota,33,"[0, 16, 17, 0]",,,,,,,
401430980,2022,9,regular,2022-10-29T18:00:00.000Z,False,True,False,True,,3635,Bill Buxton Stadium,2564,Simpson (IA),iii,American Rivers,74,"[24, 27, 13, 10]",,,,6845,Nebraska Wesleyan,iii,American Rivers,41,"[14, 6, 7, 14]",,,,,,,
401421143,2022,9,regular,2022-10-29T18:00:00.000Z,False,True,False,True,,3782,Johnson Hagood Stadium,2643,The Citadel,fcs,Southern,3,"[0, 3, 0, 0]",0.15287084877490997,,,2535,Samford,fcs,Southern,38,"[7, 14, 10, 7]",0.84712915122509,,,3.6609571984197524,,,
401441636,2022,9,regular,2022-10-29T18:00:00.000Z,False,True,False,True,,5796,Charles D. Lindberg Stadium,2042,Augustana (IL),iii,CCIW,24,"[0, 0, 10, 14]",,,,306,Illinois Wesleyan,iii,CCIW,21,"[3, 7, 3, 8]",,,,,,,
401432738,2022,9,regular,2022-10-29T18:00:00.000Z,False,True,False,True,,6138,Wilson Field,2688,Washington and Lee,iii,Old Dominion,21,"[7, 7, 0, 7]",,,,2516,Randolph Macon,iii,Old Dominion,35,"[7, 14, 7, 7]",,,,,,,
401435199,2022,9,regular,2022-10-29T18:00:00.000Z,False,True,False,True,,3915,Charles Lee Field at Samford Stadium,2938,Huntingdon,iii,USA South,42,"[21, 14, 0, 7]",,,,2256,Greensboro,iii,USA South,0,"[0, 0, 0, 0]",,,,,,,
401435101,2022,9,regular,2022-10-29T18:00:00.000Z,False,True,False,True,,5893,Hollingsworth Field,2968,Gustavus Adolphus,iii,Minnesota,28,"[9, 3, 9, 7]",,,,2101,Carleton,iii,Minnesota,9,"[3, 0, 0, 6]",,,,,,,
401433084,2022,9,regular,2022-10-29T18:00:00.000Z,False,True,False,True,,5880,Elliott Field at Don Beebe Stadium,2123,Chadron State,ii,Rocky Mountain,17,"[3, 7, 7, 0]",,,,2424,New Mexico Highlands,ii,Rocky Mountain,3,"[0, 3, 0, 0]",,,,,,,
401433078,2022,9,regular,2022-10-29T18:00:00.000Z,False,True,False,True,,5877,Lyle Hare Stadium,2069,Black Hills State,ii,Rocky Mountain,75,"[17, 20, 21, 17]",,,,2237,Fort Lewis,ii,Rocky Mountain,0,"[0, 0, 0, 0]",,,,,,,
401431027,2022,9,regular,2022-10-29T18:00:00.000Z,False,True,False,True,,6125,Bulldog Stadium (TX),2639,Texas Lutheran,iii,American Southwest,35,"[14, 7, 7, 7]",,,,2194,East Texas Baptist,iii,American Southwest,38,"[14, 10, 0, 14]",,,,,,,
401430972,2022,9,regular,2022-10-29T18:00:00.000Z,False,True,False,True,,5923,Legacy Field in Carlson Stadium,67,Luther,iii,American Rivers,21,"[7, 0, 0, 14]",,,,263,Loras,iii,American Rivers,40,"[14, 12, 7, 7]",,,,,,,
401432346,2022,9,regular,2022-10-29T18:00:00.000Z,False,True,False,True,,5875,Charlie W. Johnson Stadium,490,Benedict,ii,SIAC,49,"[7, 14, 14, 14]",,,,2805,Clark Atlanta,ii,SIAC,20,"[0, 0, 7, 13]",,,,,,,
401430957,2022,9,regular,2022-10-29T18:00:00.000Z,False,True,False,True,,5823,Clark Field,2141,Coe,iii,American Rivers,37,"[14, 6, 14, 3]",,,,2964,Central College,iii,American Rivers,31,"[7, 7, 14, 3]",,,,,,,
401430929,2022,9,regular,2022-10-29T18:00:00.000Z,False,True,False,True,,5809,J. Leslie Rollins Stadium,63,Buena Vista,iii,American Rivers,0,"[0, 0, 0, 0]",,,,2685,Wartburg,iii,American Rivers,65,"[13, 24, 14, 14]",,,,,,,
401431003,2022,9,regular,2022-10-29T18:00:00.000Z,False,True,False,True,,5114,Shelton Stadium,2810,Hardin Simmons,iii,American Southwest,28,"[0, 7, 14, 7]",,,,2758,Howard Payne,iii,American Southwest,19,"[7, 12, 0, 0]",,,,,,,
401431012,2022,9,regular,2022-10-29T18:00:00.000Z,False,True,False,True,,6123,Jackson Field,2834,Sul Ross State,iii,American Southwest,33,"[0, 0, 0, 33]",,,,241,McMurry,iii,American Southwest,27,"[0, 0, 0, 27]",,,,,,,
401432800,2022,9,regular,2022-10-29T18:00:00.000Z,False,True,False,True,,4422,Valhalla Stadium,2757,Berry,iii,Southern Athletic,56,"[14, 14, 21, 7]",,,,2398,Millsaps,iii,Southern Athletic,0,"[0, 0, 0, 0]",,,,,,,
401432329,2022,9,regular,2022-10-29T18:00:00.000Z,False,True,False,True,,5867,Albany State University Coliseum,2013,Albany State,ii,SIAC,31,"[7, 10, 0, 14]",,,,60,Morehouse,ii,SIAC,7,"[0, 0, 0, 7]",,,,,,,
401445797,2022,9,regular,2022-10-29T18:00:00.000Z,False,True,False,True,,6142,Westside Athletic Complex,2843,Western Connecticut State,iii,MSCAC,38,"[7, 6, 7, 18]",,,,402,Worcester State,iii,MSCAC,35,"[0, 16, 7, 12]",,,,,,,
401432878,2022,9,regular,2022-10-29T18:00:00.000Z,False,True,False,True,,5932,Lloyd L. Thornton Stadium,2373,Maryville (TN),iii,USA South,21,"[7, 0, 7, 7]",,,,2913,Brevard,iii,USA South,24,"[0, 7, 7, 10]",,,,,,,
401431105,2022,9,regular,2022-10-29T18:00:00.000Z,False,True,False,True,,5115,McCully Stadium,396,Wheaton (IL),iii,CCIW,69,"[7, 20, 22, 20]",,,,74,Millikin,iii,CCIW,3,"[3, 0, 0, 0]",,,,,,,
401433114,2022,9,regular,2022-10-29T18:00:00.000Z,False,True,False,False,,7075,Electric Supply Company Field,122666,Barton,ii,South Atlantic,38,"[10, 0, 7, 21]",,,,2107,Catawba,ii,South Atlantic,21,"[0, 0, 7, 14]",,,,,,,
401435214,2022,9,regular,2022-10-29T18:00:00.000Z,False,True,False,True,,5916,Carson Park,2738,Wisconsin Eau Claire,iii,Wisconsin,48,"[14, 13, 21, 0]",,,,2743,Wisconsin Stevens Point,iii,Wisconsin,26,"[6, 12, 8, 0]",,,,,,,
401432139,2022,9,regular,2022-10-29T18:00:00.000Z,False,True,False,True,,6060,Grace P. Johnson Stadium,2882,UNC Pembroke,ii,Mountain East,24,"[14, 3, 0, 7]",,,,2699,West Liberty,ii,Mountain East,3,"[0, 0, 3, 0]",,,,,,,
401439522,2022,9,regular,2022-10-29T18:00:00.000Z,False,True,False,True,,6120,Growney Stadium,374,St. John Fisher,iii,Empire 8,44,"[14, 14, 7, 9]",,,,173,Hartwick,iii,Empire 8,26,"[0, 10, 10, 6]",,,,,,,
401431324,2022,9,regular,2022-10-29T18:00:00.000Z,False,True,False,True,,5913,Warrior Field at Raabe Stadium,2741,Wisconsin Lutheran,iii,NACC,30,"[13, 7, 0, 10]",,,,2151,Concordia Chicago,iii,NACC,7,"[0, 7, 0, 0]",,,,,,,
401431950,2022,9,regular,2022-10-29T18:00:00.000Z,False,True,False,True,,6055,Craig Field at Spratt Memorial Stadium,137,Missouri Western,ii,Mid America,31,"[7, 14, 3, 7]",,,,2403,Missouri Southern State,ii,Mid America,27,"[13, 0, 8, 6]",,,,,,,
401431253,2022,9,regular,2022-10-29T18:00:00.000Z,False,True,False,True,,5804,Royal Stadium,2802,Bethel (MN),iii,Minnesota,38,"[0, 10, 7, 21]",,,,133,St. Olaf,iii,Minnesota,17,"[0, 0, 7, 10]",,,,,,,
401431913,2022,9,regular,2022-10-29T18:00:00.000Z,False,True,False,True,,3633,Ben Altamirano Field,2703,Western New Mexico,ii,Lone Star,41,"[7, 13, 14, 7]",,,,2704,West Texas,ii,Lone Star,37,"[3, 17, 7, 10]",,,,,,,
401431923,2022,9,regular,2022-10-29T18:00:00.000Z,False,True,False,True,,4724,Audrey J. Walton Stadium at Vernon Kennedy Field,2118,Central Missouri,ii,Mid America,61,"[19, 21, 7, 14]",,,,2876,Lincoln (MO),ii,Mid America,14,"[0, 7, 0, 7]",,,,,,,
401433067,2022,9,regular,2022-10-29T18:00:00.000Z,False,True,False,True,,3860,O'Harra Stadium,613,South Dakota Mines,ii,Rocky Mountain,23,"[3, 7, 7, 6]",,,,2001,Adams State,ii,Rocky Mountain,20,"[0, 3, 10, 7]",,,,,,,
401431223,2022,9,regular,2022-10-29T18:00:00.000Z,False,True,False,True,,5795,Edor Nelson Field,124,Augsburg,iii,Minnesota,38,"[14, 7, 7, 10]",,,,2152,Concordia (MN),iii,Minnesota,35,"[7, 21, 0, 7]",,,,,,,
401431091,2022,9,regular,2022-10-29T18:00:00.000Z,False,True,False,True,,980,Benedetti-Wehrli Stadium,3071,North Central College,iii,CCIW,59,"[21, 21, 10, 7]",,,,75,North Park,iii,CCIW,0,"[0, 0, 0, 0]",,,,,,,
401432958,2022,9,regular,2022-10-29T18:00:00.000Z,False,True,False,True,,6070,Bob Young Field,2894,Sioux Falls,ii,Northern Sun,24,"[7, 14, 3, 0]",,,,2364,Minnesota State,ii,Northern Sun,38,"[21, 10, 0, 7]",,,,,,,
401431074,2022,9,regular,2022-10-29T18:00:00.000Z,False,True,False,False,,5815,Schneider Stadium,32,Carroll (WI),iii,Midwest,59,"[14, 17, 14, 14]",,,,2106,Carthage,iii,CCIW,14,"[0, 0, 14, 0]",,,,,,,
401432901,2022,9,regular,2022-10-29T18:00:00.000Z,False,True,False,True,,5900,Don and Nona Williams Stadium,2744,Wisconsin Stout,iii,Wisconsin,24,"[3, 3, 7, 3, 3, 3, 2]",,,,272,Wisconsin Platteville,iii,Wisconsin,22,"[0, 7, 6, 3, 3, 3, 0]",,,,,,,
401405123,2022,9,regular,2022-10-29T18:30:00.000Z,False,True,False,True,49368,3953,Huntington Bank Stadium,135,Minnesota,fbs,Big Ten,31,"[0, 14, 0, 17]",0.9976087212562561,1683,1727,164,Rutgers,fbs,Big Ten,0,"[0, 0, 0, 0]",0.0023912787437438965,1347,1303,2.365880929722713,,,
401420851,2022,9,regular,2022-10-29T19:00:00.000Z,False,True,False,False,,4762,Memorial Stadium (Commerce TX),2837,East Texas A&M,fcs,Southland,7,"[0, 7, 0, 0]",0.022092461585998535,,,2916,Incarnate Word,fcs,Southland,35,"[0, 14, 7, 14]",0.9779075384140015,,,4.024792065999087,,,
401431965,2022,9,regular,2022-10-29T19:00:00.000Z,False,True,False,True,,6062,Gable Field at Doc Wadley Stadium,196,Northeastern State,ii,Mid America,17,"[7, 10, 0, 0]",,,,2687,Washburn,ii,Mid America,21,"[0, 6, 8, 7]",,,,,,,
401420861,2022,9,regular,2022-10-29T19:00:00.000Z,False,True,False,True,,3756,Homer Bryce Stadium,2617,Stephen F. Austin,fcs,Western Athletic,44,"[10, 10, 3, 21]",0.2752276360988617,,,3101,Utah Tech,fcs,Western Athletic,47,"[13, 10, 10, 14]",0.7247723639011383,,,8.360280999187715,,,
401432356,2022,9,regular,2022-10-29T19:00:00.000Z,False,True,False,True,,6044,Lane Field,2323,Lane College,ii,SIAC,42,"[7, 14, 14, 7]",,,,2119,Central State,ii,SIAC,31,"[3, 14, 7, 7]",,,,,,,
401431838,2022,9,regular,2022-10-29T19:00:00.000Z,False,True,False,True,,6061,Younts Stadium,2822,North Greenville,ii,Gulf South,37,"[14, 14, 9, 0]",,,,2673,Valdosta State,ii,Gulf South,58,"[7, 7, 22, 22]",,,,,,,
401431973,2022,9,regular,2022-10-29T19:00:00.000Z,False,True,False,True,,5878,Wantland Stadium,2122,Central Oklahoma,ii,Mid America,7,"[0, 0, 0, 7]",,,,90,Pittsburg State,ii,Mid America,38,"[7, 17, 7, 7]",,,,,,,
401433092,2022,9,regular,2022-10-29T19:00:00.000Z,False,True,False,True,,5882,Ralph Stocker Stadium,11,Colorado Mesa,ii,Rocky Mountain,28,"[7, 14, 7, 0]",,,,2570,CSU Pueblo,ii,Rocky Mountain,33,"[10, 14, 0, 9]",,,,,,,
401433096,2022,9,regular,2022-10-29T19:00:00.000Z,False,True,False,True,,5782,Mountaineer Bowl,2714,Western Colorado,ii,Rocky Mountain,20,"[0, 10, 10, 0]",,,,2146,Colorado School of Mines,ii,Rocky Mountain,30,"[3, 0, 7, 20]",,,,,,,
401418841,2022,9,regular,2022-10-29T19:00:00.000Z,False,True,False,True,,5237,Dana J. Dykhouse Stadium,2571,South Dakota State,fcs,MVFC,49,"[14, 21, 14, 0]",,,,282,Indiana State,fcs,MVFC,7,"[0, 7, 0, 0]",,,,,,,
401426257,2022,9,regular,2022-10-29T19:00:00.000Z,False,True,False,True,,3858,O'Brien Stadium,2197,Eastern Illinois,fcs,OVC,17,"[3, 14, 0, 0]",0.12876059114933014,,,2635,Tennessee Tech,fcs,OVC,20,"[0, 3, 10, 7]",0.8712394088506699,,,5.0250836533321985,,,
401424932,2022,9,regular,2022-10-29T19:00:00.000Z,False,True,False,True,,3902,Eddie Robinson Stadium,2755,Grambling,fcs,SWAC,35,"[14, 14, 0, 7]",,,,2016,Alcorn State,fcs,SWAC,6,"[0, 0, 6, 0]",,,,,,,
401418798,2022,9,regular,2022-10-29T19:00:00.000Z,False,True,False,False,,4424,Husky Stadium,2277,Houston Christian,fcs,Southland,28,"[7, 7, 7, 7]",0.11023198813199997,,,2630,UT Martin,fcs,OVC,52,"[10, 14, 21, 7]",0.889768011868,,,4.890748422118392,,,
401431462,2022,9,regular,2022-10-29T19:00:00.000Z,False,True,False,True,,3934,Southern Nazarene University Football Stadium,200,Southern Nazarene,ii,Great American,41,"[0, 20, 7, 8, 6]",,,,2271,Henderson State,ii,Great American,42,"[0, 7, 21, 7, 7]",,,,,,,
401430736,2022,9,regular,2022-10-29T19:00:00.000Z,False,True,False,True,,5870,Thone Stadium at Buerkle Field,2033,Arkansas Tech,ii,Great American,22,"[7, 3, 9, 3]",,,,2927,Southwestern Oklahoma State,ii,Great American,21,"[0, 14, 7, 0]",,,,,,,
401425520,2022,9,regular,2022-10-29T19:00:00.000Z,False,True,False,True,,3913,Saluki Stadium,79,Southern Illinois,fcs,MVFC,36,"[10, 7, 12, 7]",0.2842405438423157,,,2460,Northern Iowa,fcs,MVFC,37,"[7, 21, 3, 6]",0.7157594561576843,,,7.182211958636991,,,
401425425,2022,9,regular,2022-10-29T19:00:00.000Z,False,True,False,True,,3909,Roy Stewart Stadium,93,Murray State,fcs,OVC,19,"[0, 6, 6, 7]",1,,,2634,Tennessee State,fcs,OVC,3,"[0, 3, 0, 0]",0,,,4.403157322172371,,,
401424941,2022,9,regular,2022-10-29T19:00:00.000Z,False,True,False,True,,5238,Panther Stadium,2504,Prairie View A&M,fcs,SWAC,58,"[7, 17, 13, 21]",0.7594670653343201,,,2065,Bethune-Cookman,fcs,SWAC,48,"[21, 14, 7, 6]",0.24053293466567993,,,9.159098119111466,,,
401431957,2022,9,regular,2022-10-29T19:00:00.000Z,False,True,False,True,,6057,Ron & Carol Cope Stadium at Foster Field,2438,Nebraska Kearney,ii,Mid America,24,"[7, 10, 7, 0]",,,,138,Northwest Missouri State,ii,Mid America,28,"[7, 7, 0, 14]",,,,,,,
401431933,2022,9,regular,2022-10-29T19:00:00.000Z,False,True,False,True,,5942,Francis G. Welch Stadium,2214,Emporia State,ii,Mid America,42,"[21, 14, 7, 0]",,,,2231,Fort Hays,ii,Mid America,14,"[7, 0, 7, 0]",,,,,,,
401432821,2022,9,regular,2022-10-29T19:00:00.000Z,False,True,False,True,,6108,Crain Field,2519,Rhodes,iii,Southern Athletic,33,"[7, 7, 5, 14]",,,,2553,Sewanee,iii,Southern Athletic,6,"[6, 0, 0, 0]",,,,,,,
401431470,2022,9,regular,2022-10-29T19:00:00.000Z,False,True,False,True,,6064,Crain Family Stadium,319,Oklahoma Baptist,ii,Great American,20,"[6, 0, 7, 7]",,,,2568,Southern Arkansas,ii,Great American,52,"[3, 14, 14, 21]",,,,,,,
401426361,2022,9,regular,2022-10-29T19:00:00.000Z,False,True,False,True,16203,4246,Center Parc Stadium,2247,Georgia State,fbs,Sun Belt,31,"[7, 7, 14, 3]",1,1429,1460,295,Old Dominion,fbs,Sun Belt,17,"[7, 7, 0, 3]",0,1456,1425,4.618435538017209,,,
401420812,2022,9,regular,2022-10-29T19:00:00.000Z,False,True,False,True,,3878,Plaster Sports Complex,2623,Missouri State,fcs,MVFC,64,"[17, 28, 10, 9]",0.9931362867355347,,,2710,Western Illinois,fcs,MVFC,14,"[0, 7, 0, 7]",0.006863713264465332,,,2.558428349997735,,,
401423922,2022,9,regular,2022-10-29T19:00:00.000Z,False,True,True,False,,6177,Alexander Durley Sports Complex,2640,Texas Southern,fcs,SWAC,37,"[7, 10, 7, 13]",0.9492404460906982,,,124179,Lincoln (CA),,,2,"[2, 0, 0, 0]",0.05075955390930176,,,3.000413175171526,,,
401430746,2022,9,regular,2022-10-29T19:00:00.000Z,False,True,False,True,,5871,Convoy Leslie Cotton Boll Stadium,2028,Arkansas Monticello,ii,Great American,20,"[7, 0, 7, 6]",,,,199,Southeastern Oklahoma State,ii,Great American,48,"[14, 14, 13, 7]",,,,,,,
401413338,2022,9,regular,2022-10-29T19:00:00.000Z,False,True,False,True,,3942,Stewart Stadium,2692,Weber State,fcs,Big Sky,24,"[7, 3, 7, 7]",0.7303921580314636,,,149,Montana,fcs,Big Sky,21,"[3, 7, 3, 8]",0.2696078419685364,,,7.308364131317436,,,
401415646,2022,9,regular,2022-10-29T19:30:00.000Z,False,True,False,True,31141,3852,Navy-Marine Corps Memorial Stadium,2426,Navy,fbs,American Athletic,27,"[13, 0, 7, 0, 7]",0.9403347969055176,1430,1418,218,Temple,fbs,American Athletic,20,"[0, 3, 7, 10, 0]",0.05966520309448242,1007,1019,4.463282373232406,,,
401424399,2022,9,regular,2022-10-29T19:30:00.000Z,False,True,False,True,,3894,Rhodes Stadium,2210,Elon,fcs,CAA,27,"[3, 7, 14, 3]",0.9973389506340027,,,48,Delaware,fcs,CAA,7,"[7, 0, 0, 0]",0.0026610493659973145,,,3.3919565244348786,,,
401418834,2022,9,regular,2022-10-29T19:30:00.000Z,False,True,False,True,,3714,Fargodome,2449,North Dakota State,fcs,MVFC,24,"[7, 3, 7, 7]",0.9920641183853149,,,2287,Illinois State,fcs,MVFC,7,"[7, 0, 0, 0]",0.007935881614685059,,,4.490911060412584,,,
401415644,2022,9,regular,2022-10-29T19:30:00.000Z,False,True,False,True,44313,3652,FBC Mortgage Stadium,2116,UCF,fbs,American Athletic,25,"[10, 0, 2, 13]",0.9720955491065979,1687,1693,2132,Cincinnati,fbs,American Athletic,21,"[0, 6, 7, 8]",0.0279044508934021,1776,1770,5.79718655672126,,,
401411148,2022,9,regular,2022-10-29T19:30:00.000Z,False,True,False,True,39503,3873,L&N Federal Credit Union Stadium,97,Louisville,fbs,ACC,48,"[6, 7, 35, 0]",0.9926655888557434,1626,1715,154,Wake Forest,fbs,ACC,21,"[0, 14, 0, 7]",0.007334411144256592,1776,1687,5.257043747019776,,,
401415647,2022,9,regular,2022-10-29T19:30:00.000Z,False,True,False,True,22993,3674,Chapman Stadium,202,Tulsa,fbs,American Athletic,34,"[7, 0, 13, 14]",0.1498156487941742,1389,1382,2567,SMU,fbs,American Athletic,45,"[14, 10, 21, 0]",0.8501843512058258,1584,1591,4.69323453109726,,,
401405122,2022,9,regular,2022-10-29T19:30:00.000Z,False,True,False,True,69250,3793,Kinnick Stadium,2294,Iowa,fbs,Big Ten,33,"[10, 10, 3, 10]",0.9924783706665039,1632,1648,77,Northwestern,fbs,Big Ten,13,"[0, 0, 7, 6]",0.007521629333496094,1316,1300,2.464276451422937,,,
401404102,2022,9,regular,2022-10-29T19:30:00.000Z,False,True,False,True,51133,3636,Bill Snyder Family Stadium,2306,Kansas State,fbs,Big 12,48,"[14, 21, 3, 10]",0.988904595375061,1666,1841,197,Oklahoma State,fbs,Big 12,0,"[0, 0, 0, 0]",0.011095404624938965,1832,1657,2.5796106697735985,,,
401403928,2022,9,regular,2022-10-29T19:30:00.000Z,False,True,True,True,75868,3712,EverBank Stadium,61,Georgia,fbs,SEC,42,"[14, 14, 7, 7]",0.9545396566390991,2154,2155,57,Florida,fbs,SEC,20,"[0, 3, 17, 0]",0.04546034336090088,1553,1552,2.933072358258275,,,
401423444,2022,9,regular,2022-10-29T19:30:00.000Z,False,True,True,True,,3803,Legion Field,2011,Alabama State,fcs,SWAC,24,"[3, 0, 7, 14]",0.45877619396903824,,,2010,Alabama A&M,fcs,SWAC,17,"[0, 14, 0, 3]",0.5412238060309618,,,7.5691799224,,Magic City Classic,
401405124,2022,9,regular,2022-10-29T19:30:00.000Z,False,True,False,True,86691,3834,"Memorial Stadium (Lincoln, NE)",158,Nebraska,fbs,Big Ten,9,"[3, 6, 0, 0]",0.0014017082285135984,1528,1508,356,Illinois,fbs,Big Ten,26,"[6, 14, 3, 3]",0.9985982917714864,1736,1756,3.852531778944242,,,
401404024,2022,9,regular,2022-10-29T19:30:00.000Z,False,True,False,True,37077,3831,California Memorial Stadium,25,California,fbs,Pac-12,24,"[3, 7, 0, 14]",0.004638168960809708,1467,1444,2483,Oregon,fbs,Pac-12,42,"[0, 21, 7, 14]",0.9953618310391903,1674,1697,4.450259423118035,,,
401426360,2022,9,regular,2022-10-29T19:30:00.000Z,False,True,False,False,32501,3792,Kidd Brewer Stadium,2026,App State,fbs,Sun Belt,42,"[14, 7, 14, 7]",0.9921911954879761,1647,1647,2523,Robert Morris,fcs,Big South,3,"[3, 0, 0, 0]",0.007808804512023926,,,2.9454776295623635,,,
401426597,2022,9,regular,2022-10-29T19:30:00.000Z,False,True,False,True,17194,3796,Houchens Industries-L.T. Smith Stadium,98,Western Kentucky,fbs,Conference USA,13,"[7, 6, 0, 0]",0.00042150262743234634,1782,1648,249,North Texas,fbs,Conference USA,40,"[17, 3, 0, 20]",0.9995784973725677,1361,1495,4.840870601013488,,,
401409242,2022,9,regular,2022-10-29T19:30:00.000Z,False,True,False,True,9274,3985,Warren McGuirk Alumni Stadium,113,Massachusetts,fbs,FBS Independents,13,"[3, 10, 0, 0]",0.22034963965415955,896,890,166,New Mexico State,fbs,FBS Independents,23,"[0, 10, 6, 7]",0.7796503603458405,1075,1081,4.754914104653927,,,
401426363,2022,9,regular,2022-10-29T20:00:00.000Z,False,True,False,True,11714,3625,Centennial Bank Stadium,2032,Arkansas State,fbs,Sun Belt,3,"[3, 0, 0, 0]",0.1325625330209732,1231,1181,6,South Alabama,fbs,Sun Belt,31,"[14, 2, 8, 7]",0.8674374669790268,1451,1501,3.783224537290493,,,
401431455,2022,9,regular,2022-10-29T20:00:00.000Z,False,True,False,True,,5885,First Security Stadium,2264,Harding,ii,Great American,28,"[7, 7, 7, 7]",,,,2823,Northwestern (OK),ii,Great American,7,"[0, 0, 0, 7]",,,,,,,
401431909,2022,9,regular,2022-10-29T20:00:00.000Z,False,True,False,True,,5938,Al Whitehead Field at Greyhound Stadium,2201,Eastern New Mexico,ii,Lone Star,21,"[7, 7, 7, 0]",,,,110243,UT Permian Basin,ii,Lone Star,24,"[6, 10, 0, 8]",,,,,,,
401435178,2022,9,regular,2022-10-29T20:00:00.000Z,False,True,False,True,,6102,Sparks Stadium,2486,Pacific Lutheran,iii,Northwest,53,"[9, 20, 7, 17]",,,,2930,Willamette,iii,Northwest,0,"[0, 0, 0, 0]",,,,,,,
401420867,2022,9,regular,2022-10-29T20:00:00.000Z,False,True,False,True,,3882,Provost Umphrey Stadium,2320,Lamar,fcs,Southland,24,"[0, 14, 7, 3]",0.9941971302032471,,,2447,Nicholls,fcs,Southland,17,"[0, 3, 14, 0]",0.00580286979675293,,,3.465894214570629,,,
401418789,2022,9,regular,2022-10-29T20:00:00.000Z,False,True,False,False,,3605,Alerus Center,155,North Dakota,fcs,MVFC,34,"[3, 17, 7, 7]",0.8711361289024353,,,2000,Abilene Christian,fcs,Western Athletic,31,"[7, 7, 10, 7]",0.1288638710975647,,,5.5920773587733,,,
401432842,2022,9,regular,2022-10-29T20:00:00.000Z,False,True,False,True,,5829,Old National Bank Stadium,509,Crown,iii,Upper Midwest,6,"[0, 0, 6, 0]",,,,2257,Greenville,iii,Upper Midwest,48,"[13, 21, 0, 14]",,,,,,,
401403929,2022,9,regular,2022-10-29T20:00:00.000Z,False,True,False,True,77578,3994,Williams-Brice Stadium,2579,South Carolina,fbs,SEC,10,"[0, 7, 3, 0]",0.0019320652354508638,1582,1538,142,Missouri,fbs,SEC,23,"[7, 10, 3, 3]",0.9980679347645491,1439,1483,4.347418059625964,,,
401433129,2022,9,regular,2022-10-29T20:00:00.000Z,False,True,False,True,,3926,Setzler Field,2444,Newberry,ii,South Atlantic,37,"[7, 10, 14, 6]",,,,2336,Limestone,ii,South Atlantic,42,"[7, 16, 7, 12]",,,,,,,
401431558,2022,9,regular,2022-10-29T20:00:00.000Z,False,True,False,False,,3731,Frost-Kalnow Stadium,2838,Tiffin,ii,Great Midwest Athletic,48,"[14, 10, 17, 7]",,,,2886,Northwood,ii,Great Midwest Athletic,3,"[0, 0, 3, 0]",,,,,,,
401424944,2022,9,regular,2022-10-29T20:00:00.000Z,False,True,False,True,,3650,Bragg Memorial Stadium,50,Florida A&M,fcs,SWAC,27,"[0, 17, 7, 3]",0.981002688407898,,,2029,Arkansas-Pine Bluff,fcs,SWAC,6,"[0, 0, 0, 6]",0.01899731159210205,,,2.15171792189556,,,
401430677,2022,9,regular,2022-10-29T20:00:00.000Z,False,True,False,True,,3813,"Luther ""Nick"" Jeralds Stadium",2220,Fayetteville State,ii,CIAA,28,"[0, 14, 7, 7]",,,,2551,Shaw,ii,CIAA,20,"[0, 7, 7, 6]",,,,,,,
401413221,2022,9,regular,2022-10-29T20:00:00.000Z,False,True,False,True,,3742,Governors Stadium,2046,Austin Peay,fcs,Atlantic Sun,16,"[7, 9, 0, 0]",0.03318232670426369,,,55,Jacksonville State,fcs,Atlantic Sun,40,"[6, 10, 14, 10]",0.9668176732957363,,,5.739697925646461,,,
401435173,2022,9,regular,2022-10-29T20:00:00.000Z,False,True,False,True,,5920,Griswold Stadium,2333,Lewis & Clark,iii,Northwest,41,"[7, 7, 14, 13]",,,,205,Pacific (OR),iii,Northwest,56,"[0, 14, 28, 14]",,,,,,,
401432828,2022,9,regular,2022-10-29T20:00:00.000Z,False,True,False,True,,6147,"Memorial Stadium (Whittier, CA)",2850,Whittier,iii,So. Cal.,0,"[0, 0, 0, 0]",,,,17,Claremont Mudd Scripps,iii,So. Cal.,43,"[7, 20, 10, 6]",,,,,,,
401432835,2022,9,regular,2022-10-29T20:00:00.000Z,False,True,False,True,,6106,Ted Runner Stadium,29,Redlands,iii,So. Cal.,27,"[0, 0, 7, 14, 6]",,,,2923,Pomona Pitzer,iii,So. Cal.,24,"[7, 14, 0, 0, 3]",,,,,,,
401413240,2022,9,regular,2022-10-29T20:00:00.000Z,False,True,False,True,,3906,Roos Field,331,Eastern Washington,fcs,Big Sky,35,"[0, 7, 7, 21]",0,,,2502,Portland State,fcs,Big Sky,38,"[21, 14, 0, 3]",1,,,3.775571413264728,,,
401432660,2022,9,regular,2022-10-29T20:00:00.000Z,False,True,False,True,,6148,The Pine Bowl,2721,Whitworth,iii,Northwest,59,"[14, 21, 14, 10]",,,,2508,Puget Sound,iii,Northwest,0,"[0, 0, 0, 0]",,,,,,,
401432643,2022,9,regular,2022-10-29T20:35:00.000Z,False,True,False,True,,5850,Stoffer Family Stadium,415,George Fox,iii,Northwest,10,"[3, 7, 0, 0]",,,,203,Linfield,iii,Northwest,37,"[0, 20, 3, 14]",,,,,,,
401431858,2022,9,regular,2022-10-29T21:00:00.000Z,False,True,True,True,,6036,Blue Wahoos Stadium,110242,West Florida,ii,Gulf South,36,"[7, 9, 14, 6]",,,,2695,West Alabama,ii,Gulf South,24,"[7, 3, 7, 7]",,,,,,,
401418780,2022,9,regular,2022-10-29T21:00:00.000Z,False,True,False,False,,3711,Estes Stadium,2110,Central Arkansas,fcs,Atlantic Sun,64,"[12, 21, 21, 10]",0.9940392374992371,,,2453,North Alabama,fcs,Atlantic Sun,29,"[0, 7, 7, 15]",0.0059607625007629395,,,15.213063930893668,,,
401431496,2022,9,regular,2022-10-29T22:00:00.000Z,False,True,False,True,,6040,Key Stadium,2292,Indianapolis,ii,Great Lakes,42,"[0, 28, 7, 7]",,,,2402,Missouri S&T,ii,Great Lakes,16,"[0, 7, 0, 9]",,,,,,,
401431848,2022,9,regular,2022-10-29T22:00:00.000Z,False,True,False,True,,5888,University Stadium (GA),2698,West Georgia,ii,Gulf South,49,"[14, 14, 14, 7]",,,,2560,Shorter,ii,Gulf South,14,"[7, 0, 0, 7]",,,,,,,
401432854,2022,9,regular,2022-10-29T22:00:00.000Z,False,True,False,True,,6094,Reynolds Field,583,Northwestern (MN),iii,Upper Midwest,31,"[0, 0, 0, 31]",,,,2399,Minnesota Morris,iii,Upper Midwest,24,"[0, 0, 0, 24]",,,,,,,
401441336,2022,9,regular,2022-10-29T22:00:00.000Z,False,True,True,True,,4417,Five Star Stadium at the Moye Complex,2542,Savannah State,ii,SIAC,28,"[0, 7, 0, 21]",,,,2232,Fort Valley State,ii,SIAC,24,"[0, 7, 10, 7]",,,,,,Macon Central City HBCU Football Classic,
401426595,2022,9,regular,2022-10-29T23:00:00.000Z,False,True,False,True,16138,3715,FAU Stadium,2226,Florida Atlantic,fbs,Conference USA,24,"[10, 0, 14, 0]",0.6077708601951599,1369,1392,5,UAB,fbs,Conference USA,17,"[0, 14, 3, 0]",0.3922291398048401,1586,1563,4.721946466305363,,,
401415246,2022,9,regular,2022-10-29T23:00:00.000Z,False,True,False,True,33895,3653,Albertsons Stadium,68,Boise State,fbs,Mountain West,49,"[14, 14, 21, 0]",0.9926350116729736,1638,1702,36,Colorado State,fbs,Mountain West,10,"[3, 7, 0, 0]",0.007364988327026367,1270,1206,2.009263231023485,,,
401413231,2022,9,regular,2022-10-29T23:00:00.000Z,False,True,False,True,,3602,Aggie Stadium,302,UC Davis,fcs,Big Sky,59,"[14, 17, 14, 14]",,,,13,Cal Poly,fcs,Big Sky,17,"[0, 17, 0, 0]",,,,,,,
401426362,2022,9,regular,2022-10-29T23:00:00.000Z,False,True,False,True,24954,3775,Joan C. Edwards Stadium,276,Marshall,fbs,Sun Belt,13,"[0, 10, 3, 0]",0.13626412383702147,1557,1531,324,Coastal Carolina,fbs,Sun Belt,24,"[21, 0, 0, 3]",0.8637358761629785,1526,1552,4.569644802,,,
401432613,2022,9,regular,2022-10-29T23:00:00.000Z,False,True,False,True,,6099,Selby Stadium,2980,Ohio Wesleyan,iii,North Coast,77,"[21, 49, 0, 7]",,,,391,Oberlin,iii,North Coast,0,"[0, 0, 0, 0]",,,,,,,
401404022,2022,9,regular,2022-10-29T23:00:00.000Z,False,True,False,True,44006,3619,Arizona Stadium,12,Arizona,fbs,Pac-12,37,"[10, 3, 16, 8]",0.08625347912311554,1316,1332,30,USC,fbs,Pac-12,45,"[10, 7, 14, 14]",0.9137465208768845,1742,1726,6.698688040917574,,,
401432769,2022,9,regular,2022-10-29T23:00:00.000Z,False,True,False,True,,5849,Reeves Field (PA),2242,Geneva,iii,Presidents',34,"[7, 0, 13, 14]",,,,2062,Bethany (WV),iii,Presidents',6,"[0, 6, 0, 0]",,,,,,,
401431830,2022,9,regular,2022-10-29T23:00:00.000Z,False,True,False,True,,6053,Robinson-Hale Stadium,2401,Mississippi College,ii,Gulf South,38,"[14, 7, 17, 0]",,,,2170,Delta State,ii,Gulf South,52,"[10, 14, 14, 14]",,,,,,,
401403930,2022,9,regular,2022-10-29T23:00:00.000Z,False,True,False,True,101915,3853,Neyland Stadium,2633,Tennessee,fbs,SEC,44,"[7, 20, 10, 7]",0.9938032031059265,1886,1970,96,Kentucky,fbs,SEC,6,"[6, 0, 0, 0]",0.006196796894073486,1696,1612,2.1455720461183696,,,
401404101,2022,9,regular,2022-10-29T23:30:00.000Z,False,True,False,True,60705,3784,Jones AT&T Stadium,2641,Texas Tech,fbs,Big 12,17,"[0, 3, 14, 0]",0,1626,1561,239,Baylor,fbs,Big 12,45,"[3, 14, 7, 21]",1,1724,1789,4.828104221407682,,,
401403931,2022,9,regular,2022-10-29T23:30:00.000Z,False,True,False,True,101084,3795,Kyle Field,245,Texas A&M,fbs,SEC,28,"[14, 0, 0, 14]",0.09631209820508957,1657,1655,145,Ole Miss,fbs,SEC,31,"[7, 3, 14, 7]",0.9036879017949104,1692,1694,6.30600813978382,,,
401404023,2022,9,regular,2022-10-29T23:30:00.000Z,False,True,False,True,40334,3726,Folsom Field,38,Colorado,fbs,Pac-12,34,"[3, 14, 3, 14]",0.02252837084233761,1137,1150,9,Arizona State,fbs,Pac-12,42,"[14, 14, 7, 7]",0.9774716291576624,1516,1503,4.515994466354722,,,
401405125,2022,9,regular,2022-10-29T23:30:00.000Z,False,True,False,True,111083,3558,Michigan Stadium,130,Michigan,fbs,Big Ten,29,"[3, 10, 6, 10]",0.9852202534675598,2037,2045,127,Michigan State,fbs,Big Ten,7,"[7, 0, 0, 0]",0.014779746532440186,1582,1574,3.3387221974237025,,,
401431617,2022,9,regular,2022-10-30T00:00:00.000Z,False,True,False,False,,6049,"Memorial Stadium (Wichita Falls, TX)",2395,Midwestern State,ii,Lone Star,26,"[7, 10, 9, 0]",,,,2848,Western Oregon,ii,Lone Star,21,"[14, 0, 0, 7]",,,,,,,
401462225,2022,9,regular,2022-10-30T00:00:00.000Z,False,True,False,True,,3686,Cowboy Stadium,2377,McNeese,fcs,Southland,27,"[6, 14, 7, 0]",0.23125402629375458,,,2545,SE Louisiana,fcs,Southland,28,"[7, 7, 7, 7]",0.7687459737062454,,,7.8666264229398735,,,
401411149,2022,9,regular,2022-10-30T00:00:00.000Z,False,True,False,True,50500,3787,Kenan Stadium,153,North Carolina,fbs,ACC,42,"[7, 7, 7, 21]",0.9651762843132019,1609,1651,221,Pittsburgh,fbs,ACC,24,"[7, 10, 7, 0]",0.034823715686798096,1622,1580,5.632721878877618,,,
401462518,2022,9,regular,2022-10-30T00:00:00.000Z,False,True,False,True,,3827,"Memorial Stadium (Stephenville, TX)",2627,Tarleton State,fcs,Western Athletic,21,"[7, 0, 0, 14]",0.03627858683466911,,,2534,Sam Houston,fcs,Western Athletic,40,"[14, 6, 3, 17]",0.9637214131653309,,,4.194444298094076,,,
401413251,2022,9,regular,2022-10-30T01:00:00.000Z,False,True,False,True,,3757,Hornet Stadium,16,Sacramento State,fcs,Big Sky,31,"[7, 10, 7, 7]",0.905314564704895,,,70,Idaho,fcs,Big Sky,28,"[0, 7, 7, 14]",0.09468543529510498,,,4.9861386057242445,,,
401426596,2022,9,regular,2022-10-30T01:00:00.000Z,False,True,False,True,10727,3946,Sun Bowl,2638,UTEP,fbs,Conference USA,13,"[0, 10, 0, 3]",0.02717612497508526,1292,1272,2393,Middle Tennessee,fbs,Conference USA,24,"[10, 0, 7, 7]",0.9728238750249147,1332,1352,5.6501401411342815,,,
401431607,2022,9,regular,2022-10-30T01:00:00.000Z,False,True,True,False,,7365,Blaine High School,2829,Simon Fraser,ii,Lone Star,0,"[0, 0, 0, 0]",,,,2025,Angelo State,ii,Lone Star,24,"[14, 3, 7, 0]",,,,,,,
401431598,2022,9,regular,2022-10-30T01:00:00.000Z,False,True,False,False,,5879,Tomlinson Stadium,2120,Central Washington,ii,Lone Star,23,"[0, 7, 7, 9]",,,,2658,Texas A&M-Kingsville,ii,Lone Star,19,"[0, 13, 0, 6]",,,,,,,
401439552,2022,9,regular,2022-10-30T02:00:00.000Z,False,True,False,True,,5811,William Rolland Stadium,2094,Cal Lutheran,iii,So. Cal.,22,"[7, 7, 0, 8]",,,,2318,La Verne,iii,So. Cal.,29,"[0, 7, 7, 15]",,,,,,,
401404025,2022,9,regular,2022-10-30T02:30:00.000Z,False,True,False,True,43850,1056,Rose Bowl,26,UCLA,fbs,Pac-12,38,"[14, 10, 7, 7]",0.9925931096076965,1700,1727,24,Stanford,fbs,Pac-12,13,"[3, 3, 0, 7]",0.007406890392303467,1362,1335,3.158882626077537,,,
401415249,2022,9,regular,2022-10-30T02:30:00.000Z,False,True,False,True,17117,3935,CEFCU Stadium,23,San José State,fbs,Mountain West,35,"[0, 7, 14, 14]",0.9812664985656738,1537,1536,2440,Nevada,fbs,Mountain West,28,"[7, 7, 7, 7]",0.018733501434326172,1343,1344,6.897474264959891,,,
401415248,2022,9,regular,2022-10-30T02:30:00.000Z,False,True,False,True,37107,3660,Valley Children's Stadium,278,Fresno State,fbs,Mountain West,32,"[3, 7, 7, 15]",0.48589977622032166,1517,1517,21,San Diego State,fbs,Mountain West,28,"[7, 14, 7, 0]",0.5141002237796783,1423,1423,5.5915236789246,,,
401415247,2022,9,regular,2022-10-30T03:59:00.000Z,False,True,False,True,9346,7220,Clarence T.C. Ching Athletics Complex,62,Hawai'i,fbs,Mountain West,20,"[7, 3, 3, 7]",0.06138657405972481,1160,1166,2751,Wyoming,fbs,Mountain West,27,"[0, 10, 3, 14]",0.9386134259402752,1414,1408,5.328198450477231,,,
401416632,2022,10,regular,2022-11-01T23:00:00.000Z,False,True,False,True,6455,3696,Dix Stadium,2309,Kent State,fbs,Mid-American,20,"[13, 0, 0, 7]",0.23953093588352203,1280,1268,2050,Ball State,fbs,Mid-American,27,"[0, 17, 3, 7]",0.760469064116478,1290,1302,6.291993855714408,,,
401416633,2022,10,regular,2022-11-01T23:30:00.000Z,False,True,False,True,16401,3876,Peden Stadium,195,Ohio,fbs,Mid-American,45,"[17, 7, 7, 14]",0.9969789981842041,1348,1413,2084,Buffalo,fbs,Mid-American,24,"[0, 10, 14, 0]",0.0030210018157958984,1486,1421,3.23405741424918,,,
401416635,2022,10,regular,2022-11-02T23:00:00.000Z,False,True,False,True,7589,3700,Doyt L. Perry Stadium,189,Bowling Green,fbs,Mid-American,13,"[0, 6, 7, 0]",0.9047771096229553,1177,1183,2711,Western Michigan,fbs,Mid-American,9,"[0, 0, 6, 3]",0.09522289037704468,1280,1274,4.182506656345332,,,
401416634,2022,10,regular,2022-11-02T23:00:00.000Z,False,True,False,True,6055,3764,Huskie Stadium,2459,Northern Illinois,fbs,Mid-American,22,"[0, 0, 7, 15]",0.1613599807024002,1398,1361,2117,Central Michigan,fbs,Mid-American,35,"[14, 7, 7, 7]",0.8386400192975998,1319,1356,4.191782061765973,,,
401426601,2022,10,regular,2022-11-03T23:00:00.000Z,False,True,False,True,18326,3895,Rice Stadium,242,Rice,fbs,Conference USA,37,"[10, 10, 7, 10]",0.8300902247428894,1104,1124,2638,UTEP,fbs,Conference USA,30,"[7, 10, 3, 10]",0.1699097752571106,1272,1252,6.899605084630125,,,
401426364,2022,10,regular,2022-11-03T23:30:00.000Z,False,True,False,True,,3654,Brooks Stadium (SC),324,Coastal Carolina,fbs,Sun Belt,35,"[14, 7, 0, 14]",0.9919304251670837,1552,1566,2026,App State,fbs,Sun Belt,28,"[7, 7, 0, 14]",0.00806957483291626,1621,1607,3.6422885731489916,,,
401423445,2022,10,regular,2022-11-03T23:30:00.000Z,False,True,False,True,,3896,Rice-Totten Field,2400,Mississippi Valley State,fcs,SWAC,30,"[7, 10, 13, 0]",,,,2010,Alabama A&M,fcs,SWAC,20,"[0, 7, 7, 6]",,,,,,,
401411151,2022,10,regular,2022-11-04T23:00:00.000Z,False,True,False,True,34092,3615,"Alumni Stadium (Chestnut Hill, MA)",103,Boston College,fbs,ACC,31,"[7, 7, 7, 10]",0.05248431861400604,1258,1258,150,Duke,fbs,ACC,38,"[10, 14, 7, 7]",0.947515681385994,1433,1433,5.531776494780892,,,
401404155,2022,10,regular,2022-11-04T23:00:00.000Z,False,True,False,False,23430,3892,Pratt & Whitney Stadium,41,UConn,fbs,FBS Independents,27,"[7, 6, 7, 7]",0.9994472861289978,1111,1128,113,Massachusetts,fbs,FBS Independents,10,"[3, 7, 0, 0]",0.0005527138710021973,890,873,4.592352816221237,,,
401424933,2022,10,regular,2022-11-04T23:30:00.000Z,False,True,False,True,,5238,Panther Stadium,2504,Prairie View A&M,fcs,SWAC,16,"[0, 0, 13, 3, 0]",0.11089038103818893,,,2016,Alcorn State,fcs,SWAC,23,"[3, 6, 0, 7, 7]",0.8891096189618111,,,7.830468094317082,,,
401404031,2022,10,regular,2022-11-05T02:30:00.000Z,False,True,False,True,62142,3765,Husky Stadium,264,Washington,fbs,Pac-12,24,"[0, 7, 7, 10]",0.5875378251075745,1602,1603,204,Oregon State,fbs,Pac-12,21,"[7, 7, 7, 0]",0.41246217489242554,1628,1627,7.125737968522788,,,
401404141,2022,10,regular,2022-11-05T15:30:00.000Z,False,True,True,False,33912,4258,Dignity Health Sports Park,349,Army,fbs,FBS Independents,7,"[0, 7, 0, 0]",0.014086090959608555,1434,1447,2005,Air Force,fbs,Mountain West,13,"[3, 0, 7, 3]",0.9859139090403914,1744,1731,4.892009582408079,,,
401404108,2022,10,regular,2022-11-05T16:00:00.000Z,False,True,False,True,44760,3616,Amon G. Carter Stadium,2628,TCU,fbs,Big 12,34,"[7, 6, 0, 21]",0.9489656686782837,1667,1677,2641,Texas Tech,fbs,Big 12,24,"[10, 0, 7, 7]",0.05103433132171631,1561,1551,4.734136163985126,,,
401435097,2022,10,regular,2022-11-05T16:00:00.000Z,False,True,False,False,,3717,Edwin Fauver Stadium,184,Rochester (NY),iii,Liberty League,19,"[7, 2, 0, 10]",,,,173,Hartwick,iii,Empire 8,13,"[0, 13, 0, 0]",,,,,,,
401431168,2022,10,regular,2022-11-05T16:00:00.000Z,False,True,False,True,,5940,Clean Harbors Stadium,110,Mass Maritime,iii,MSCAC,7,"[0, 7, 0, 0]",,,,2972,Plymouth State,iii,MSCAC,21,"[0, 14, 0, 7]",,,,,,,
401431158,2022,10,regular,2022-11-05T16:00:00.000Z,False,True,False,True,,5925,David Person Field,2354,Lycoming,iii,Mid Atlantic,28,"[0, 14, 7, 7]",,,,2725,Widener,iii,Mid Atlantic,16,"[3, 7, 0, 6]",,,,,,,
401431057,2022,10,regular,2022-11-05T16:00:00.000Z,False,True,False,True,,3995,Dr. John W. Winkin Sports Complex,2280,Husson,iii,Commonwealth Coast,27,"[6, 15, 3, 3]",,,,2884,Nichols,iii,Commonwealth Coast,14,"[0, 7, 0, 7]",,,,,,,
401455579,2022,10,regular,2022-11-05T16:00:00.000Z,False,True,False,True,,5876,Bentley University Football Stadium,2060,Bentley,ii,Northeast 10,10,"[0, 0, 7, 3]",,,,2022,American International,ii,Northeast 10,18,"[3, 9, 0, 6]",,,,,,,
401433020,2022,10,regular,2022-11-05T16:00:00.000Z,False,True,False,True,,4432,Andre Reed Stadium,2315,Kutztown,ii,Pennsylvania State Athletic,9,"[0, 0, 7, 2]",,,,223,West Chester,ii,Pennsylvania State Athletic,28,"[7, 7, 7, 7]",,,,,,,
401423422,2022,10,regular,2022-11-05T16:00:00.000Z,False,True,False,True,,3623,Arthur J. Rooney Athletic Field,2184,Duquesne,fcs,NEC,35,"[7, 7, 7, 7, 7]",0.26926106214523315,,,2529,Sacred Heart,fcs,NEC,28,"[7, 7, 7, 7, 0]",0.7307389378547668,,,7.262668710818909,,,
401438655,2022,10,regular,2022-11-05T16:00:00.000Z,False,True,False,True,,6142,Westside Athletic Complex,2843,Western Connecticut State,iii,MSCAC,41,"[14, 13, 7, 7]",,,,114,Fitchburg State,iii,MSCAC,21,"[0, 7, 14, 0]",,,,,,,
401444594,2022,10,regular,2022-11-05T16:00:00.000Z,False,True,False,True,,5808,Edward C. Swenson Athletic Complex,18,Bridgewater State,iii,MSCAC,20,"[0, 13, 0, 7]",,,,2967,Framingham State,iii,MSCAC,19,"[7, 2, 7, 3]",,,,,,,
401428199,2022,10,regular,2022-11-05T16:00:00.000Z,False,True,False,True,,3658,Buccaneer Field,2127,Charleston Southern,fcs,Big South,34,"[10, 10, 7, 7]",0.9833316802978516,,,2523,Robert Morris,fcs,Big South,21,"[0, 7, 7, 7]",0.016668319702148438,,,3.7279194482874844,,,
401432390,2022,10,regular,2022-11-05T16:00:00.000Z,False,True,False,True,,6074,Grappone Stadium,2830,Saint Anselm,ii,Northeast 10,12,"[0, 6, 6, 0]",,,,2038,Assumption,ii,Northeast 10,21,"[0, 7, 7, 7]",,,,,,,
401433154,2022,10,regular,2022-11-05T16:00:00.000Z,False,True,False,False,,6221,Mitchell Stadium,124180,Bluefield State,ii,Independent DII,17,"[0, 0, 0, 17]",,,,124179,Lincoln (CA),,,20,"[0, 0, 0, 20]",,,,,,,
401405129,2022,10,regular,2022-11-05T16:00:00.000Z,False,True,False,True,42774,3911,Ryan Field,77,Northwestern,fbs,Big Ten,7,"[7, 0, 0, 0]",0.459177166223526,1300,1343,194,Ohio State,fbs,Big Ten,21,"[0, 7, 7, 7]",0.540822833776474,2227,2184,4.386165616910302,,,
401415193,2022,10,regular,2022-11-05T16:00:00.000Z,False,True,False,True,,3997,Yale Bowl,43,Yale,fcs,Ivy,69,"[17, 35, 14, 3]",0.9932807683944702,,,225,Brown,fcs,Ivy,17,"[0, 3, 7, 7]",0.006719231605529785,,,2.4675563861065632,,,
401461253,2022,10,regular,2022-11-05T16:00:00.000Z,False,True,False,True,,3709,Hempstead Stadium,452,Endicott,iii,Commonwealth Coast,42,"[7, 21, 7, 7]",,,,2776,Salve Regina,iii,Commonwealth Coast,10,"[3, 0, 0, 7]",,,,,,,
401415649,2022,10,regular,2022-11-05T16:00:00.000Z,False,True,False,True,15122,3674,Chapman Stadium,202,Tulsa,fbs,American Athletic,13,"[3, 7, 3, 0]",0.03428822010755539,1382,1366,2655,Tulane,fbs,American Athletic,27,"[10, 7, 7, 3]",0.9657117798924446,1547,1563,4.029126036016943,,,
401411156,2022,10,regular,2022-11-05T16:00:00.000Z,False,True,False,True,44156,3923,Scott Stadium,258,Virginia,fbs,ACC,28,"[7, 7, 7, 7]",0.19678041338920593,1388,1399,153,North Carolina,fbs,ACC,31,"[3, 7, 14, 7]",0.8032195866107941,1651,1640,6.453655798371358,,,
401405131,2022,10,regular,2022-11-05T16:00:00.000Z,False,True,False,True,74057,347,Camp Randall Stadium,275,Wisconsin,fbs,Big Ten,23,"[7, 10, 3, 3]",0.9691464304924011,1750,1765,120,Maryland,fbs,Big Ten,10,"[0, 0, 3, 7]",0.030853569507598877,1625,1610,2.9584406273310138,,,
401405128,2022,10,regular,2022-11-05T16:00:00.000Z,False,True,False,True,86284,3834,"Memorial Stadium (Lincoln, NE)",158,Nebraska,fbs,Big Ten,13,"[10, 0, 0, 3]",0.01632211171090603,1508,1511,135,Minnesota,fbs,Big Ten,20,"[0, 0, 10, 10]",0.983677888289094,1727,1724,4.1247105287776895,,,
401405130,2022,10,regular,2022-11-05T16:00:00.000Z,False,True,False,True,61320,3907,Ross-Ade Stadium,2509,Purdue,fbs,Big Ten,3,"[0, 3, 0, 0]",0.005394753068685532,1653,1599,2294,Iowa,fbs,Big Ten,24,"[0, 17, 7, 0]",0.9946052469313145,1648,1702,3.854628201725038,,,
401403937,2022,10,regular,2022-11-05T16:00:00.000Z,False,True,False,True,97797,3795,Kyle Field,245,Texas A&M,fbs,SEC,24,"[14, 10, 0, 0]",0.01812984235584736,1655,1603,57,Florida,fbs,SEC,41,"[17, 3, 14, 7]",0.9818701576441526,1552,1604,5.5912916495664575,,,
401403936,2022,10,regular,2022-11-05T16:00:00.000Z,False,True,False,True,61047,3838,Memorial Stadium,142,Missouri,fbs,SEC,17,"[3, 0, 0, 14]",0.022054802626371384,1483,1485,96,Kentucky,fbs,SEC,21,"[7, 0, 7, 7]",0.9779451973736286,1612,1610,5.675530904056807,,,
401441957,2022,10,regular,2022-11-05T16:00:00.000Z,False,True,False,True,,5898,John Coughlin Memorial Field,402,Worcester State,iii,MSCAC,18,"[0, 3, 8, 7]",,,,2909,Westfield State,iii,MSCAC,28,"[7, 14, 0, 7]",,,,,,,
401445232,2022,10,regular,2022-11-05T16:00:00.000Z,False,True,False,False,,4750,The Reservation,2336,Limestone,ii,South Atlantic,34,"[14, 7, 7, 6]",,,,122666,Barton,ii,South Atlantic,28,"[0, 14, 0, 14]",,,,,,,
401423002,2022,10,regular,2022-11-05T16:00:00.000Z,False,True,False,True,,3722,Fitton Field,107,Holy Cross,fcs,Patriot,42,"[7, 14, 14, 7]",1,,,2329,Lehigh,fcs,Patriot,14,"[0, 7, 7, 0]",0,,,4.401493518480519,,,
401441885,2022,10,regular,2022-11-05T16:00:00.000Z,False,True,False,True,,5943,Duvall-Rosier Field,2986,Fairmont State,ii,Mountain East,36,"[17, 7, 0, 12]",,,,2249,Glenville State,ii,Mountain East,38,"[14, 0, 7, 17]",,,,,,,
401431839,2022,10,regular,2022-11-05T16:00:00.000Z,False,True,False,True,,4015,Barron Stadium,2560,Shorter,ii,Gulf South,31,"[14, 7, 7, 3]",,,,2822,North Greenville,ii,Gulf South,14,"[0, 7, 0, 7]",,,,,,,
401432133,2022,10,regular,2022-11-05T16:00:00.000Z,False,True,False,True,,6063,Mueller Field,587,Notre Dame College,ii,Mountain East,27,"[7, 6, 7, 7]",,,,2882,UNC Pembroke,ii,Mountain East,0,"[0, 0, 0, 0]",,,,,,,
401450144,2022,10,regular,2022-11-05T16:00:00.000Z,False,True,False,True,,5902,Knox Stadium,246,Juniata,iii,Centennial,2,"[0, 2, 0, 0]",,,,2667,Ursinus,iii,Centennial,65,"[28, 16, 14, 7]",,,,,,,
401439540,2022,10,regular,2022-11-05T16:00:00.000Z,False,True,False,True,,6119,Stagg Field,81,Springfield,iii,NEWMAC,16,"[10, 3, 0, 3]",,,,109,MIT,iii,NEWMAC,14,"[7, 7, 0, 0]",,,,,,,
401438640,2022,10,regular,2022-11-05T16:00:00.000Z,False,True,False,True,,5833,Robert A. Lipinski Field at James Work Memorial Stadium,2808,Delaware Valley,iii,Mid Atlantic,42,"[14, 21, 7, 0]",,,,2221,FDU Florham,iii,Mid Atlantic,7,"[0, 7, 0, 0]",,,,,,,
401443120,2022,10,regular,2022-11-05T16:00:00.000Z,False,True,False,True,,5907,McCarthy Stadium (Wilkes Barre),247,King's,iii,Mid Atlantic,14,"[7, 0, 0, 7]",,,,2969,Misericordia,iii,Mid Atlantic,0,"[0, 0, 0, 0]",,,,,,,
401438632,2022,10,regular,2022-11-05T16:00:00.000Z,False,True,False,True,,5822,Cadet Memorial Field,2557,Coast Guard,iii,NEWMAC,24,"[0, 7, 3, 7, 7, 0]",,,,2749,WPI,iii,NEWMAC,30,"[3, 7, 0, 7, 7, 6]",,,,,,,
401435138,2022,10,regular,2022-11-05T16:00:00.000Z,False,True,False,True,,6095,Sabine Field at Haynes Family Stadium,2467,Norwich,iii,NEWMAC,14,"[14, 0, 0, 0]",,,,2108,Catholic,iii,NEWMAC,31,"[0, 14, 7, 10]",,,,,,,
401433403,2022,10,regular,2022-11-05T16:00:00.000Z,False,True,False,True,,6107,ECAV Stadium,2528,Rensselaer,iii,Liberty League,10,"[0, 0, 10, 0]",,,,2779,St. Lawrence,iii,Liberty League,6,"[6, 0, 0, 0]",,,,,,,
401432886,2022,10,regular,2022-11-05T16:00:00.000Z,False,True,False,True,,6092,Bishop Stadium,286,North Carolina Wesleyan,iii,USA South,17,"[7, 0, 3, 7]",,,,2938,Huntingdon,iii,USA South,35,"[14, 0, 7, 14]",,,,,,,
401426598,2022,10,regular,2022-11-05T16:00:00.000Z,False,True,False,True,10857,4418,Jerry Richardson Stadium,2429,Charlotte,fbs,Conference USA,7,"[0, 0, 7, 0]",0.0446975976228714,1170,1076,98,Western Kentucky,fbs,Conference USA,59,"[21, 14, 7, 17]",0.9553024023771286,1648,1742,2.3308409396550753,,,
401432996,2022,10,regular,2022-11-05T16:00:00.000Z,False,True,False,True,,4436,Adamson Stadium,2858,California (PA),ii,Pennsylvania State Athletic,13,"[0, 6, 7, 0]",,,,367,Gannon,ii,Pennsylvania State Athletic,25,"[3, 15, 0, 7]",,,,,,,
401420794,2022,10,regular,2022-11-05T16:00:00.000Z,False,True,False,False,,3603,Aggie Stadium,2448,North Carolina A&T,fcs,Big South,49,"[7, 21, 7, 14]",,,,2450,Norfolk State,fcs,MEAC,24,"[0, 14, 10, 0]",,,,,,,
401432550,2022,10,regular,2022-11-05T16:00:00.000Z,False,True,False,True,,3877,Pioneer Stadium,3162,Alfred State,iii,ECFC,22,"[7, 6, 0, 9]",,,,417,Gallaudet,iii,ECFC,36,"[15, 7, 0, 14]",,,,,,,
401432558,2022,10,regular,2022-11-05T16:00:00.000Z,False,True,False,True,,6134,Frank Bailey Field,237,Union,iii,Liberty League,28,"[7, 14, 0, 7]",,,,175,Ithaca,iii,Liberty League,31,"[7, 7, 14, 3]",,,,,,,
401430700,2022,10,regular,2022-11-05T16:00:00.000Z,False,True,False,True,,3904,Rogers Stadium (VA),330,Virginia State,ii,CIAA,21,"[0, 21, 0, 0]",,,,2676,Virginia Union,ii,CIAA,33,"[6, 17, 7, 3]",,,,,,,
401438627,2022,10,regular,2022-11-05T16:00:00.000Z,False,True,False,True,,5831,Dale Lippert Field,110438,Dean,iii,ECFC,22,"[9, 3, 3, 7]",,,,15,Anna Maria College,iii,ECFC,36,"[14, 0, 8, 14]",,,,,,,
401456158,2022,10,regular,2022-11-05T16:00:00.000Z,False,True,False,True,,5127,Gene L. Shirk Stadium,2015,Albright,iii,Mid Atlantic,14,"[7, 0, 7, 0]",,,,111674,Alvernia,iii,Mid Atlantic,21,"[0, 7, 14, 0]",,,,,,,
401432770,2022,10,regular,2022-11-05T16:00:00.000Z,False,True,False,True,,6128,Alumni Stadium (PA),2644,Thiel,iii,Presidents',20,"[0, 0, 13, 7]",,,,2242,Geneva,iii,Presidents',55,"[0, 34, 14, 7]",,,,,,,
401423430,2022,10,regular,2022-11-05T16:30:00.000Z,False,True,False,False,,3847,Cooper Field,46,Georgetown,fcs,Patriot,24,"[14, 7, 0, 3]",0,,,2598,Saint Francis,fcs,NEC,38,"[0, 14, 24, 0]",1,,,4.532464635992637,,,
401450190,2022,10,regular,2022-11-05T16:30:00.000Z,False,True,False,True,,6079,Alumni Stadium (VT),2394,Middlebury,iii,NESCAC,48,"[14, 14, 7, 13]",,,,348,Hamilton,iii,NESCAC,34,"[0, 7, 14, 13]",,,,,,,
401411157,2022,10,regular,2022-11-05T16:30:00.000Z,False,True,False,True,62843,3799,Lane Stadium,259,Virginia Tech,fbs,ACC,27,"[0, 20, 7, 0]",0.23322847485542297,1331,1326,59,Georgia Tech,fbs,ACC,28,"[10, 3, 3, 12]",0.766771525144577,1245,1250,11.391675236133377,,,
401415203,2022,10,regular,2022-11-05T17:00:00.000Z,False,True,False,True,,3750,Harvard Stadium,108,Harvard,fcs,Ivy,20,"[7, 10, 3, 0]",,,,171,Columbia,fcs,Ivy,21,"[0, 10, 3, 8]",,,,,,,
401418608,2022,10,regular,2022-11-05T17:00:00.000Z,False,True,False,True,,3881,Princeton University Stadium,163,Princeton,fcs,Ivy,17,"[14, 3, 0, 0]",0.5044280290603638,,,159,Dartmouth,fcs,Ivy,14,"[7, 0, 0, 7]",0.49557197093963623,,,3.272073584437458,,,
401420785,2022,10,regular,2022-11-05T17:00:00.000Z,False,True,False,False,,3788,Kenneth P. LaValle Stadium,2619,Stony Brook,fcs,CAA,24,"[0, 7, 14, 3]",0.7693535685539246,,,2415,Morgan State,fcs,MEAC,22,"[7, 3, 0, 12]",0.23064643144607544,,,8.379150286287484,,,
401422993,2022,10,regular,2022-11-05T17:00:00.000Z,False,True,False,True,,3617,Andy Kerr Stadium,2142,Colgate,fcs,Patriot,16,"[0, 10, 6, 0]",0.05480623617768288,,,322,Lafayette,fcs,Patriot,21,"[7, 14, 0, 0]",0.9451937638223171,,,5.002944749899412,,,
401432724,2022,10,regular,2022-11-05T17:00:00.000Z,False,True,False,True,,6116,Shentel Stadium,2828,Shenandoah,iii,Old Dominion,23,"[6, 7, 10, 0]",,,,297,Hampden Sydney,iii,Old Dominion,7,"[7, 0, 0, 0]",,,,,,,
401415410,2022,10,regular,2022-11-05T17:00:00.000Z,False,True,False,True,,3921,Schoellkopf Field,172,Cornell,fcs,Ivy,21,"[7, 0, 7, 7]",0.25127094984054565,,,219,Pennsylvania,fcs,Ivy,28,"[7, 14, 7, 0]",0.7487290501594543,,,4.425487502025056,,,
401432108,2022,10,regular,2022-11-05T17:00:00.000Z,False,True,False,True,,6212,Bishop Schmitt Field,112335,Wheeling,ii,Mountain East,19,"[7, 3, 3, 6]",,,,2128,Charleston (WV),ii,Mountain East,22,"[7, 0, 0, 15]",,,,,,,
401432125,2022,10,regular,2022-11-05T17:00:00.000Z,False,True,False,True,,5784,Cebe Ross Field,455,West Virginia Wesleyan,ii,Mountain East,0,"[0, 0, 0, 0]",,,,341,Frostburg State,ii,Mountain East,37,"[3, 14, 13, 7]",,,,,,,
401433056,2022,10,regular,2022-11-05T17:00:00.000Z,False,True,False,True,,4430,Mihalik-Thompson Stadium,215,Slippery Rock,ii,Pennsylvania State Athletic,28,"[7, 14, 0, 7]",,,,2205,Edinboro,ii,Pennsylvania State Athletic,21,"[7, 7, 7, 0]",,,,,,,
401433135,2022,10,regular,2022-11-05T17:00:00.000Z,False,True,False,True,,6046,Meares Stadium,2369,Mars Hill,ii,South Atlantic,34,"[14, 3, 14, 3]",,,,2839,Tusculum,ii,South Atlantic,27,"[6, 7, 7, 7]",,,,,,,
401442046,2022,10,regular,2022-11-05T17:00:00.000Z,False,True,False,True,,6075,W.B. Mason Stadium,284,Stonehill,fcs,NEC,50,"[14, 17, 7, 12]",,,,2681,Wagner,fcs,NEC,10,"[3, 7, 0, 0]",,,,,,,
401432381,2022,10,regular,2022-11-05T17:00:00.000Z,False,True,False,True,,6058,Ralph F. DellaCamera Stadium,2441,New Haven,ii,Northeast 10,50,"[2, 20, 21, 7]",,,,112334,Franklin Pierce,ii,Northeast 10,6,"[0, 0, 0, 6]",,,,,,,
401418650,2022,10,regular,2022-11-05T17:00:00.000Z,False,True,False,False,,3748,Graham Stadium,2630,UT Martin,fcs,OVC,27,"[0, 24, 3, 0]",0.012858903035521507,,,338,Kennesaw State,fcs,Atlantic Sun,44,"[10, 7, 7, 20]",0.9871410969644785,,,7.195777201567416,,,
401445810,2022,10,regular,2022-11-05T17:00:00.000Z,False,True,False,True,,5689,Seaverns Field At Harold Alfond Stadium,33,Colby,iii,NESCAC,7,"[0, 7, 0, 0]",,,,112,Tufts,iii,NESCAC,35,"[7, 7, 7, 14]",,,,,,,
401438691,2022,10,regular,2022-11-05T17:00:00.000Z,False,True,False,True,,6112,Richard Wackar Stadium,2827,Rowan,iii,New Jersey,27,"[14, 10, 0, 3]",,,,2818,Montclair State,iii,New Jersey,7,"[7, 0, 0, 0]",,,,,,,
401435117,2022,10,regular,2022-11-05T17:00:00.000Z,False,True,False,True,,6127,John P. Papp Stadium,2748,Wooster,iii,North Coast,14,"[7, 7, 0, 0]",,,,2171,Denison,iii,North Coast,28,"[7, 7, 7, 7]",,,,,,,
401445126,2022,10,regular,2022-11-05T17:00:00.000Z,False,True,False,True,,3922,Kenneth R. Gill Stadium,2700,McDaniel,iii,Centennial,19,"[6, 7, 0, 6]",,,,2248,Gettysburg,iii,Centennial,16,"[3, 6, 0, 7]",,,,,,,
401430985,2022,10,regular,2022-11-05T17:00:00.000Z,False,True,False,True,,6137,Walston-Hoover Stadium,2685,Wartburg,iii,American Rivers,81,"[27, 26, 21, 7]",,,,2564,Simpson (IA),iii,American Rivers,9,"[0, 2, 7, 0]",,,,,,,
401441949,2022,10,regular,2022-11-05T17:00:00.000Z,False,True,False,True,,7082,Athletic Field Complex,122774,Keystone,iii,ECFC,21,"[0, 3, 6, 12]",,,,2951,SUNY Maritime,iii,ECFC,20,"[14, 0, 0, 6]",,,,,,,
401431407,2022,10,regular,2022-11-05T17:00:00.000Z,False,True,False,True,,3627,Bailey Memorial Stadium,2506,Presbyterian,fcs,Pioneer,28,"[7, 7, 7, 7]",0,,,2168,Dayton,fcs,Pioneer,52,"[21, 14, 10, 7]",1,,,3.3336946030183734,,,
401430994,2022,10,regular,2022-11-05T17:00:00.000Z,False,True,False,False,,5807,Brevard Memorial Stadium,2913,Brevard,iii,USA South,7,"[0, 7, 0, 0]",,,,2056,Belhaven,iii,USA South,20,"[0, 13, 7, 0]",,,,,,,
401431115,2022,10,regular,2022-11-05T17:00:00.000Z,False,True,False,True,,3675,Charles A. Gaetano Stadium,390,Utica,iii,Empire 8,65,"[14, 17, 13, 21]",,,,365,Alfred,iii,Empire 8,16,"[6, 3, 7, 0]",,,,,,,
401431205,2022,10,regular,2022-11-05T17:00:00.000Z,False,True,False,True,,6130,Fred Zollner Athletic Stadium,2651,Trine,iii,Michigan,21,"[0, 14, 0, 7]",,,,2812,Hope,iii,Michigan,28,"[14, 7, 7, 0]",,,,,,,
401424410,2022,10,regular,2022-11-05T17:00:00.000Z,False,True,False,True,,3695,Delaware Stadium,48,Delaware,fcs,CAA,49,"[21, 21, 7, 0]",0.9885970950126648,,,2405,Monmouth,fcs,CAA,17,"[10, 0, 0, 7]",0.011402904987335205,,,3.5550246141782282,,,
401425428,2022,10,regular,2022-11-05T17:00:00.000Z,False,True,False,True,,6043,Bethpage Federal Credit Union Stadium,2341,Long Island University,fcs,NEC,29,"[13, 3, 6, 7]",0.9985907077789307,,,2115,Central Connecticut,fcs,NEC,20,"[7, 0, 0, 13]",0.001409292221069336,,,4.2009432015839065,,,
401444602,2022,10,regular,2022-11-05T17:00:00.000Z,False,True,False,True,,5792,Pratt Field at Lehrman Stadium,7,Amherst,iii,NESCAC,17,"[7, 0, 3, 7]",,,,340,Bowdoin,iii,NESCAC,14,"[0, 7, 7, 0]",,,,,,,
401422984,2022,10,regular,2022-11-05T17:00:00.000Z,False,True,False,True,,3676,Christy Mathewson-Memorial Stadium,2083,Bucknell,fcs,Patriot,17,"[3, 0, 7, 7]",0.22636188566684723,,,2230,Fordham,fcs,Patriot,59,"[0, 24, 7, 28]",0.7736381143331528,,,3.31645232703711,,,
401432622,2022,10,regular,2022-11-05T17:00:00.000Z,False,True,False,True,,4757,Edwards-Maurer Field,2746,Wittenberg,iii,North Coast,7,"[0, 0, 0, 7]",,,,2980,Ohio Wesleyan,iii,North Coast,14,"[0, 14, 0, 0]",,,,,,,
401444118,2022,10,regular,2022-11-05T17:00:00.000Z,False,True,False,False,,6071,Jess Dow Field,2583,Southern Connecticut State,ii,Northeast 10,44,"[6, 14, 3, 21]",,,,126086,Post,ii,Independent DII,7,"[0, 0, 7, 0]",,,,,,,
401450196,2022,10,regular,2022-11-05T17:00:00.000Z,False,True,False,True,,5905,Kean Alumni Stadium,2871,Kean,iii,New Jersey,17,"[7, 3, 7, 0]",,,,2532,Salisbury,iii,New Jersey,32,"[0, 10, 13, 9]",,,,,,,
401438553,2022,10,regular,2022-11-05T17:00:00.000Z,False,True,False,True,,5910,Callaway Stadium,548,LaGrange,iii,USA South,21,"[7, 0, 7, 7]",,,,2896,Southern Virginia,iii,USA South,35,"[7, 21, 0, 7]",,,,,,,
401432959,2022,10,regular,2022-11-05T17:00:00.000Z,False,True,False,True,,3641,Blakeslee Stadium,2364,Minnesota State,ii,Northern Sun,45,"[14, 14, 3, 14]",,,,2587,Southwest Minnesota State,ii,Northern Sun,24,"[10, 7, 0, 7]",,,,,,,
401431037,2022,10,regular,2022-11-05T17:00:00.000Z,False,True,False,True,,5835,Biddle Field,2175,Dickinson,iii,Centennial,13,"[10, 3, 0, 0]",,,,118,Johns Hopkins,iii,Centennial,35,"[7, 0, 14, 14]",,,,,,,
401439523,2022,10,regular,2022-11-05T17:00:00.000Z,False,True,False,True,,5125,Stadium Red Field,2782,SUNY Cortland,iii,Empire 8,56,"[7, 28, 14, 7]",,,,374,St. John Fisher,iii,Empire 8,14,"[0, 0, 7, 7]",,,,,,,
401432614,2022,10,regular,2022-11-05T17:00:00.000Z,False,True,False,True,,3640,Blackstock Stadium,83,DePauw,iii,North Coast,72,"[21, 16, 21, 14]",,,,391,Oberlin,iii,North Coast,0,"[0, 0, 0, 0]",,,,,,,
401432357,2022,10,regular,2022-11-05T17:00:00.000Z,False,True,False,True,,4749,McPherson Memorial Stadium,2119,Central State,ii,SIAC,31,"[14, 10, 0, 7]",,,,2310,Kentucky State,ii,SIAC,30,"[14, 7, 7, 2]",,,,,,,
401432536,2022,10,regular,2022-11-05T17:00:00.000Z,False,True,False,True,,7077,Shadek Stadium,2234,Franklin & Marshall,iii,Centennial,56,"[21, 14, 0, 21]",,,,323,Moravian,iii,Centennial,7,"[0, 0, 0, 7]",,,,,,,
401432776,2022,10,regular,2022-11-05T17:00:00.000Z,False,True,False,True,,6139,Cameron Stadium,2686,Washington & Jefferson,iii,Presidents',31,"[7, 10, 14, 0]",,,,146,Grove City,iii,Presidents',14,"[0, 7, 0, 7]",,,,,,,
401432872,2022,10,regular,2022-11-05T17:00:00.000Z,False,True,False,False,,5799,Daly Field at Frank R. Campbell Stadium,2047,Averett,iii,Old Dominion,0,"[0, 0, 0, 0]",,,,2258,Guilford,iii,Old Dominion,26,"[3, 10, 13, 0]",,,,,,,
401435193,2022,10,regular,2022-11-05T17:00:00.000Z,False,True,False,True,,5853,Francis Field (IL),2257,Greenville,iii,Upper Midwest,45,"[24, 14, 7, 0]",,,,109418,Finlandia University,iii,Upper Midwest,7,"[0, 7, 0, 0]",,,,,,,
401441934,2022,10,regular,2022-11-05T17:00:00.000Z,False,True,False,True,,6089,Scotty Wood Stadium,2422,Muhlenberg,iii,Centennial,24,"[3, 6, 15, 0]",,,,216,Susquehanna,iii,Centennial,28,"[0, 7, 7, 14]",,,,,,,
401432972,2022,10,regular,2022-11-05T17:00:00.000Z,False,True,False,True,,6030,Harms-Eischeid Stadium,389,Upper Iowa,ii,Northern Sun,7,"[7, 0, 0, 0]",,,,2851,Winona State,ii,Northern Sun,45,"[14, 14, 10, 7]",,,,,,,
401437213,2022,10,regular,2022-11-05T17:00:00.000Z,False,True,False,True,,5810,Coyer Field,2085,Buffalo State,iii,Liberty League,7,"[0, 0, 0, 7]",,,,174,Hobart,iii,Liberty League,63,"[14, 35, 7, 7]",,,,,,,
401432848,2022,10,regular,2022-11-05T17:00:00.000Z,False,True,False,True,,3843,MLC Bowl,446,Martin Luther,iii,Upper Midwest,10,"[0, 7, 0, 3]",,,,433,Westminster (MO),iii,Upper Midwest,7,"[7, 0, 0, 0]",,,,,,,
401439538,2022,10,regular,2022-11-05T17:00:00.000Z,False,True,False,True,,3851,Mustang Stadium,471,Stevenson,iii,Mid Atlantic,28,"[7, 7, 7, 7]",,,,398,Wilkes,iii,Mid Atlantic,0,"[0, 0, 0, 0]",,,,,,,
401430973,2022,10,regular,2022-11-05T17:00:00.000Z,False,True,False,True,,5817,Ron and Joyce Schipper Stadium,2964,Central College,iii,American Rivers,61,"[14, 33, 14, 0]",,,,67,Luther,iii,American Rivers,13,"[0, 13, 0, 0]",,,,,,,
401432652,2022,10,regular,2022-11-05T17:00:00.000Z,False,True,False,True,,5119,Maxwell Field,203,Linfield,iii,Northwest,65,"[28, 21, 10, 6]",,,,2930,Willamette,iii,Northwest,0,"[0, 0, 0, 0]",,,,,,,
401418842,2022,10,regular,2022-11-05T17:00:00.000Z,False,True,False,True,,3829,Memorial Stadium,282,Indiana State,fcs,MVFC,7,"[0, 7, 0, 0]",0.0009448334036925949,,,155,North Dakota,fcs,MVFC,42,"[7, 14, 14, 7]",0.9990551665963074,,,1.7377882466,,,
401433028,2022,10,regular,2022-11-05T17:00:00.000Z,False,True,False,True,,3760,Hubert Jack Stadium,209,Lock Haven,ii,Pennsylvania State Athletic,7,"[0, 0, 0, 7]",,,,2559,Shippensburg,ii,Pennsylvania State Athletic,44,"[14, 21, 6, 3]",,,,,,,
401431185,2022,10,regular,2022-11-05T17:00:00.000Z,False,True,False,True,,5790,Bahlke Field,2800,Alma,iii,Michigan,30,"[7, 10, 13, 0]",,,,2003,Adrian,iii,Michigan,10,"[0, 0, 0, 10]",,,,,,,
401431065,2022,10,regular,2022-11-05T17:00:00.000Z,False,True,False,True,,6143,Golden Bear Stadium,2702,Western New England,iii,Commonwealth Coast,33,"[6, 14, 7, 6]",,,,111675,New England,iii,Commonwealth Coast,0,"[0, 0, 0, 0]",,,,,,,
401432338,2022,10,regular,2022-11-05T17:00:00.000Z,False,True,False,True,,6217,W.C. Hawkins Stadium,2019,Allen,ii,SIAC,21,"[7, 0, 0, 14]",,,,490,Benedict,ii,SIAC,54,"[19, 7, 28, 0]",,,,,,,
401435192,2022,10,regular,2022-11-05T17:00:00.000Z,False,True,False,True,,6081,Harper Davis Field,2398,Millsaps,iii,Southern Athletic,7,"[0, 0, 0, 7]",,,,386,Trinity (TX),iii,Southern Athletic,53,"[7, 19, 13, 14]",,,,,,,
401431192,2022,10,regular,2022-11-05T17:00:00.000Z,False,True,False,True,,5786,Sprankle-Sprandel Stadium,2790,Albion,iii,Michigan,35,"[0, 7, 21, 7]",,,,354,Olivet,iii,Michigan,24,"[10, 7, 0, 7]",,,,,,,
401431309,2022,10,regular,2022-11-05T17:00:00.000Z,False,True,False,True,,6121,Donald J. Schneider Stadium,2832,St. Norbert,iii,NACC,20,"[13, 0, 0, 7]",,,,101,Eureka,iii,NACC,7,"[0, 7, 0, 0]",,,,,,,
401431565,2022,10,regular,2022-11-05T17:00:00.000Z,False,True,False,True,,3950,Superior Dome,128,Northern Michigan,ii,GLIAC,21,"[7, 0, 0, 14]",,,,129,Saginaw Valley State,ii,GLIAC,30,"[0, 6, 14, 10]",,,,,,,
401435052,2022,10,regular,2022-11-05T17:00:00.000Z,False,True,False,True,,3960,Top Taggart Field,2222,Ferris State,ii,GLIAC,28,"[7, 7, 14, 0]",,,,110254,Davenport,ii,GLIAC,7,"[0, 0, 7, 0]",,,,,,,
401432764,2022,10,regular,2022-11-05T17:00:00.000Z,False,True,False,True,,6146,Memorial Field (PA),2849,Westminster (PA),iii,Presidents',14,"[7, 7, 0, 0]",,,,2963,Case Western Reserve,iii,Presidents',13,"[3, 0, 7, 3]",,,,,,,
401424391,2022,10,regular,2022-11-05T17:00:00.000Z,False,True,False,True,,3620,Armstrong Stadium,2261,Hampton,fcs,CAA,14,"[0, 7, 7, 0]",0.8280729055404663,,,2729,William & Mary,fcs,CAA,20,"[7, 3, 7, 3]",0.1719270944595337,,,5.708413591321291,,,
401432789,2022,10,regular,2022-11-05T17:00:00.000Z,False,True,False,True,,3677,Chuck Noll Field,2614,Saint Vincent,iii,Presidents',53,"[19, 20, 0, 14]",,,,2845,Waynesburg,iii,Presidents',16,"[0, 10, 0, 6]",,,,,,,
401445231,2022,10,regular,2022-11-05T17:00:00.000Z,False,True,False,True,,5873,Bulldogs Stadium,2075,Bowie State,ii,CIAA,41,"[7, 13, 7, 14]",,,,2339,Lincoln (PA),ii,CIAA,24,"[7, 0, 10, 7]",,,,,,,
401423150,2022,10,regular,2022-11-05T17:00:00.000Z,False,True,False,True,,3897,Richardson Stadium,2166,Davidson,fcs,Pioneer,56,"[10, 7, 14, 10, 7, 8]",0.5900881886482239,,,56,Stetson,fcs,Pioneer,48,"[7, 13, 14, 7, 7, 0]",0.4099118113517761,,,7.577545789591286,,,
401431559,2022,10,regular,2022-11-05T17:00:00.000Z,False,True,False,False,,3747,Hantz Stadium,2886,Northwood,ii,Great Midwest Athletic,24,"[0, 10, 0, 14]",,,,2477,Ohio Dominican,ii,Great Midwest Athletic,35,"[0, 21, 7, 7]",,,,,,,
401424443,2022,10,regular,2022-11-05T17:00:00.000Z,False,True,False,True,,3824,Meade Stadium,227,Rhode Island,fcs,CAA,26,"[0, 7, 13, 6]",0.9724030568616023,,,311,Maine,fcs,CAA,22,"[3, 10, 6, 3]",0.027596943138397667,,,7.000671715,,,
401431507,2022,10,regular,2022-11-05T17:00:00.000Z,False,True,False,True,,6077,Stokes Stadium,2654,Truman State,ii,Great Lakes,52,"[24, 21, 0, 7]",,,,2816,McKendree,ii,Great Lakes,7,"[0, 0, 0, 7]",,,,,,,
401432635,2022,10,regular,2022-11-05T17:00:00.000Z,False,True,False,True,,3879,TowneBank Stadium,3112,Christopher Newport,iii,New Jersey,24,"[10, 7, 7, 0]",,,,2442,The College of New Jersey,iii,New Jersey,21,"[0, 0, 21, 0]",,,,,,,
401435129,2022,10,regular,2022-11-05T17:00:00.000Z,False,True,False,True,,3733,Garcelon Field,121,Bates,iii,NESCAC,14,"[0, 0, 7, 7]",,,,2977,Trinity (CT),iii,NESCAC,63,"[21, 7, 28, 7]",,,,,,,
401431549,2022,10,regular,2022-11-05T17:00:00.000Z,False,True,False,False,,3729,"Frank ""Muddy"" Waters Stadium",2273,Hillsdale,ii,Great Midwest Athletic,24,"[0, 10, 7, 7]",,,,2392,Michigan Tech,ii,GLIAC,28,"[7, 7, 0, 14]",,,,,,,
401432579,2022,10,regular,2022-11-05T17:00:00.000Z,False,True,False,False,,5855,Charles A. Henry Field,2274,Hiram,iii,North Coast,59,"[35, 14, 10]",,,,125974,Hilbert,iii,North Coast,27,"[0, 7, 20]",,,,,,,
401431958,2022,10,regular,2022-11-05T17:00:00.000Z,False,True,False,True,,6057,Ron & Carol Cope Stadium at Foster Field,2438,Nebraska Kearney,ii,Mid America,20,"[3, 14, 0, 3]",,,,2122,Central Oklahoma,ii,Mid America,18,"[0, 9, 3, 6]",,,,,,,
401432420,2022,10,regular,2022-11-05T17:00:00.000Z,False,True,False,True,,3606,Scheels Field at Nemzek Stadium,2817,Minnesota St Moorhead,ii,Northern Sun,21,"[0, 7, 14, 0]",,,,3066,Concordia St. Paul,ii,Northern Sun,20,"[0, 0, 14, 6]",,,,,,,
401432716,2022,10,regular,2022-11-05T17:00:00.000Z,False,True,False,True,,6105,Day Field,2516,Randolph Macon,iii,Old Dominion,52,"[7, 28, 7, 10]",,,,366,Ferrum,iii,Old Dominion,10,"[7, 0, 0, 3]",,,,,,,
401433047,2022,10,regular,2022-11-05T17:05:00.000Z,False,True,False,True,,4439,Eiler-Martin Stadium,2188,East Stroudsburg,ii,Pennsylvania State Athletic,14,"[7, 7, 0, 0]",,,,2974,Shepherd,ii,Pennsylvania State Athletic,37,"[0, 20, 7, 10]",,,,,,,
401435183,2022,10,regular,2022-11-05T17:30:00.000Z,False,True,False,True,,5931,Don Drumm Stadium,317,Marietta,iii,Ohio,50,"[16, 14, 14, 6]",,,,424,Capital,iii,Ohio,14,"[0, 7, 0, 7]",,,,,,,
401432669,2022,10,regular,2022-11-05T17:30:00.000Z,False,True,False,True,,5854,Hoernemann Stadium,191,Heidelberg,iii,Ohio,20,"[3, 10, 0, 0, 7]",,,,188,Baldwin Wallace,iii,Ohio,21,"[0, 0, 0, 13, 8]",,,,,,,
401432678,2022,10,regular,2022-11-05T17:30:00.000Z,False,True,False,True,,4856,Mount Union Stadium,426,Mount Union,iii,Ohio,34,"[7, 7, 13, 7]",,,,2302,John Carroll,iii,Ohio,28,"[0, 14, 0, 14]",,,,,,,
401433406,2022,10,regular,2022-11-05T17:30:00.000Z,False,True,False,True,,5805,Alumni Field (OH),2074,Bluffton,iii,Heartland,27,"[14, 10, 3, 0]",,,,2023,Anderson (IN),iii,Heartland,9,"[0, 0, 7, 2]",,,,,,,
401431125,2022,10,regular,2022-11-05T17:30:00.000Z,False,True,False,True,,3716,"Stewart """"Red"""" Faught Stadium",2233,Franklin,iii,Heartland,20,"[6, 0, 7, 7]",,,,2419,Mount St Joseph,iii,Heartland,27,"[6, 7, 7, 7]",,,,,,,
401439525,2022,10,regular,2022-11-05T17:30:00.000Z,False,True,False,True,,5832,Justin F. Coressel Stadium,190,Defiance College,iii,Heartland,24,"[7, 17, 0, 0]",,,,2362,Manchester,iii,Heartland,21,"[7, 0, 14, 0]",,,,,,,
401430721,2022,10,regular,2022-11-05T17:30:00.000Z,False,True,False,True,,3612,Alumni Memorial Stadium (NC),2940,Livingstone,ii,CIAA,26,"[6, 0, 14, 0, 6]",,,,2304,Johnson C. Smith,ii,CIAA,20,"[0, 7, 6, 7, 0]",,,,,,,
401432692,2022,10,regular,2022-11-05T17:30:00.000Z,False,True,False,True,,6101,"Memorial Stadium (Westerville, OH)",359,Otterbein,iii,Ohio,7,"[0, 0, 7, 0]",,,,427,Ohio Northern,iii,Ohio,42,"[7, 21, 0, 14]",,,,,,,
401438677,2022,10,regular,2022-11-05T17:30:00.000Z,False,True,False,True,,6152,Wiliams Stadium (OH),2733,Wilmington (OH),iii,Ohio,13,"[0, 6, 0, 7]",,,,332,Muskingum,iii,Ohio,27,"[13, 7, 7, 0]",,,,,,,
401425517,2022,10,regular,2022-11-05T17:30:00.000Z,False,True,False,True,,3864,Oliver C. Dawson Stadium,2569,South Carolina State,fcs,MEAC,24,"[0, 7, 7, 10, 0]",,,,2169,Delaware State,fcs,MEAC,27,"[7, 10, 7, 0, 3]",,,,,,,
401431934,2022,10,regular,2022-11-05T18:00:00.000Z,False,True,False,True,,5890,Lewis Field Stadium,2231,Fort Hays,ii,Mid America,27,"[0, 6, 14, 7]",,,,196,Northeastern State,ii,Mid America,14,"[0, 0, 0, 14]",,,,,,,
401432098,2022,10,regular,2022-11-05T18:00:00.000Z,False,True,False,True,,3667,Callaghan Stadium,2148,Concord,ii,Mountain East,50,"[17, 14, 19, 0]",,,,2017,Alderson-Broaddus,ii,Mountain East,13,"[0, 0, 7, 6]",,,,,,,
401421134,2022,10,regular,2022-11-05T18:00:00.000Z,False,True,False,True,,3782,Johnson Hagood Stadium,2643,The Citadel,fcs,Southern,21,"[7, 0, 0, 14]",0.2187049388885498,,,236,Chattanooga,fcs,Southern,31,"[3, 7, 14, 7]",0.7812950611114502,,,4.5096609969846595,,,
401424445,2022,10,regular,2022-11-05T18:00:00.000Z,False,True,False,True,,3781,Johnny Unitas Stadium,119,Towson,fcs,CAA,27,"[0, 10, 3, 14]",0.9939836263656616,,,222,Villanova,fcs,CAA,3,"[3, 0, 0, 0]",0.006016373634338379,,,3.0772996305190774,,,
401435208,2022,10,regular,2022-11-05T18:00:00.000Z,False,True,False,True,,5911,Ralph E. Davis Pioneer Stadium,272,Wisconsin Platteville,iii,Wisconsin,38,"[7, 0, 14, 17]",,,,2738,Wisconsin Eau Claire,iii,Wisconsin,14,"[0, 7, 7, 0]",,,,,,,
401413210,2022,10,regular,2022-11-05T18:00:00.000Z,False,True,False,True,,3704,E. J. Whitmire Stadium,2717,Western Carolina,fcs,Southern,36,"[3, 9, 14, 10]",1,,,2747,Wofford,fcs,Southern,29,"[7, 7, 7, 8]",0,,,6.7559893609044375,,,
401420813,2022,10,regular,2022-11-05T18:00:00.000Z,False,True,False,True,,1905,DakotaDome,233,South Dakota,fcs,MVFC,20,"[7, 6, 7, 0]",0.9989173412322998,,,2623,Missouri State,fcs,MVFC,13,"[3, 0, 0, 10]",0.0010826587677001953,,,3.651172006386629,,,
401415648,2022,10,regular,2022-11-05T18:00:00.000Z,False,True,False,True,13862,3806,Lincoln Financial Field,218,Temple,fbs,American Athletic,54,"[3, 13, 17, 21]",0.9918344616889954,1019,1105,58,South Florida,fbs,American Athletic,28,"[7, 7, 14, 0]",0.008165538311004639,1180,1094,5.126603003762446,,,
401431239,2022,10,regular,2022-11-05T18:00:00.000Z,False,True,False,True,,5825,Jake Christiansen Stadium,2152,Concordia (MN),iii,Minnesota,59,"[10, 28, 14, 7]",,,,162,Hamline,iii,Minnesota,0,"[0, 0, 0, 0]",,,,,,,
401433085,2022,10,regular,2022-11-05T18:00:00.000Z,False,True,False,True,,5880,Elliott Field at Don Beebe Stadium,2123,Chadron State,ii,Rocky Mountain,37,"[3, 21, 7, 0, 6]",,,,11,Colorado Mesa,ii,Rocky Mountain,38,"[3, 0, 14, 14, 7]",,,,,,,
401439516,2022,10,regular,2022-11-05T18:00:00.000Z,False,True,False,False,,3705,Earl Kitchings Stadium,2206,Edward Waters,ii,SIAC,71,"[0, 0, 0, 71]",,,,124110,UFTL,,,6,"[0, 0, 0, 6]",,,,,,,
401433004,2022,10,regular,2022-11-05T18:00:00.000Z,False,True,False,True,,4433,George P. Miller Stadium,2291,IU Pennsylvania,ii,Pennsylvania State Athletic,45,"[14, 14, 10, 7]",,,,2134,Clarion,ii,Pennsylvania State Athletic,0,"[0, 0, 0, 0]",,,,,,,
401432362,2022,10,regular,2022-11-05T18:00:00.000Z,False,True,False,True,,4747,Abbott Memorial Alumni Stadium,2657,Tuskegee,ii,SIAC,26,"[6, 0, 7, 0, 7, 6]",,,,2396,Miles,ii,SIAC,23,"[3, 10, 0, 0, 7, 3]",,,,,,,
401426366,2022,10,regular,2022-11-05T18:00:00.000Z,False,True,False,True,18327,3918,S.B. Ballard Stadium,295,Old Dominion,fbs,Sun Belt,0,"[0, 0, 0, 0]",0.12622392177581787,1425,1408,276,Marshall,fbs,Sun Belt,12,"[0, 6, 3, 3]",0.8737760782241821,1531,1548,4.90386497951923,,,
401420838,2022,10,regular,2022-11-05T18:00:00.000Z,False,True,False,True,,3746,Hanson Field,2710,Western Illinois,fcs,MVFC,17,"[0, 10, 0, 7]",0.0014137933030724525,,,2449,North Dakota State,fcs,MVFC,56,"[14, 14, 21, 7]",0.9985862066969275,,,2.0853524319446892,,,
401432351,2022,10,regular,2022-11-05T18:00:00.000Z,False,True,False,True,,6056,B.T. Harvey Stadium,60,Morehouse,ii,SIAC,20,"[0, 0, 0, 20]",,,,2805,Clark Atlanta,ii,SIAC,17,"[0, 0, 0, 17]",,,,,,,
401431974,2022,10,regular,2022-11-05T18:00:00.000Z,False,True,False,True,,6034,Yager Stadium at Moore Bowl,2687,Washburn,ii,Mid America,23,"[6, 7, 10, 0]",,,,90,Pittsburg State,ii,Mid America,37,"[16, 14, 0, 7]",,,,,,,
401431924,2022,10,regular,2022-11-05T18:00:00.000Z,False,True,False,True,,4724,Audrey J. Walton Stadium at Vernon Kennedy Field,2118,Central Missouri,ii,Mid America,40,"[3, 17, 0, 7, 7, 6]",,,,137,Missouri Western,ii,Mid America,37,"[7, 14, 3, 3, 7, 3]",,,,,,,
401432855,2022,10,regular,2022-11-05T18:00:00.000Z,False,True,False,True,,5829,Old National Bank Stadium,509,Crown,iii,Upper Midwest,14,"[0, 0, 0, 14]",,,,583,Northwestern (MN),iii,Upper Midwest,39,"[15, 21, 3, 0]",,,,,,,
401431263,2022,10,regular,2022-11-05T18:00:00.000Z,False,True,False,True,,3945,Strong Stadium,266,Beloit,iii,Midwest,3,"[3, 0, 0, 0]",,,,262,Lake Forest,iii,Midwest,36,"[14, 12, 10, 0]",,,,,,,
401431325,2022,10,regular,2022-11-05T18:00:00.000Z,False,True,False,True,,5826,Concordia Stadium,2151,Concordia Chicago,iii,NACC,34,"[20, 0, 7, 7]",,,,2283,Benedictine (IL),iii,NACC,26,"[0, 13, 13, 0]",,,,,,,
401432523,2022,10,regular,2022-11-05T18:00:00.000Z,False,True,False,True,,5114,Shelton Stadium,2810,Hardin Simmons,iii,American Southwest,31,"[7, 14, 0, 10]",,,,2045,Austin,iii,American Southwest,3,"[0, 3, 0, 0]",,,,,,,
401432739,2022,10,regular,2022-11-05T18:00:00.000Z,False,True,False,True,,5800,Jopson Athletic Complex,2079,Bridgewater,iii,Old Dominion,13,"[0, 6, 7, 0]",,,,2688,Washington and Lee,iii,Old Dominion,6,"[0, 6, 0, 0]",,,,,,,
401432861,2022,10,regular,2022-11-05T18:00:00.000Z,False,True,False,False,,5928,Macalester Stadium,2359,Macalester,iii,Minnesota,54,"[14, 21, 6, 13]",,,,375,St. Scholastica,iii,Minnesota,35,"[14, 7, 14, 0]",,,,,,,
401432894,2022,10,regular,2022-11-05T18:00:00.000Z,False,True,False,True,,5914,Veterans Memorial Stadium (WI),2740,Wisconsin La Crosse,iii,Wisconsin,24,"[7, 0, 10, 7]",,,,2723,Wisconsin River Falls,iii,Wisconsin,17,"[7, 0, 0, 10]",,,,,,,
401433042,2022,10,regular,2022-11-05T18:00:00.000Z,False,True,False,True,,3859,Offutt Field,611,Seton Hill,ii,Pennsylvania State Athletic,7,"[0, 7, 0, 0]",,,,2385,Mercyhurst,ii,Pennsylvania State Athletic,0,"[0, 0, 0, 0]",,,,,,,
401435215,2022,10,regular,2022-11-05T18:00:00.000Z,False,True,False,True,,5903,Community Stadium at Goerke Park,2743,Wisconsin Stevens Point,iii,Wisconsin,0,"[0, 0, 0, 0]",,,,271,Wisconsin Oshkosh,iii,Wisconsin,45,"[7, 7, 21, 10]",,,,,,,
401441940,2022,10,regular,2022-11-05T18:00:00.000Z,False,True,False,True,,6126,Bob Boozer Field,2781,Brockport,iii,Empire 8,17,"[3, 0, 0, 14]",,,,3110,SUNY Morrisville,iii,Empire 8,3,"[0, 0, 3, 0]",,,,,,,
401432401,2022,10,regular,2022-11-05T18:00:00.000Z,False,True,False,True,,5874,Chet Anderson Stadium,132,Bemidji State,ii,Northern Sun,24,"[7, 3, 14, 0]",,,,425,Northern State,ii,Northern Sun,14,"[0, 0, 0, 14]",,,,,,,
401431004,2022,10,regular,2022-11-05T18:00:00.000Z,False,True,False,True,,5857,Gordon Wood Stadium,2758,Howard Payne,iii,American Southwest,24,"[10, 3, 3, 8]",,,,2371,Mary Hardin Baylor,iii,American Southwest,27,"[7, 7, 3, 10]",,,,,,,
401432410,2022,10,regular,2022-11-05T18:00:00.000Z,False,True,False,True,,5872,Kirkeby-Over Stadium,2043,Augustana (SD),ii,Northern Sun,24,"[3, 3, 3, 15]",,,,134,Minnesota Duluth,ii,Northern Sun,34,"[7, 7, 7, 13]",,,,,,,
401430966,2022,10,regular,2022-11-05T18:00:00.000Z,False,True,False,True,,5921,Rock Bowl,263,Loras,iii,American Rivers,20,"[7, 7, 0, 6, 0]",,,,49,Dubuque,iii,American Rivers,27,"[7, 7, 0, 6, 7]",,,,,,,
401431092,2022,10,regular,2022-11-05T18:00:00.000Z,False,True,False,True,,5859,Tucci Stadium,306,Illinois Wesleyan,iii,CCIW,3,"[0, 3, 0, 0]",,,,3071,North Central College,iii,CCIW,68,"[14, 34, 14, 6]",,,,,,,
401436996,2022,10,regular,2022-11-05T18:00:00.000Z,False,True,False,True,,5813,Klein Field at Manitou,133,St. Olaf,iii,Minnesota,37,"[14, 6, 3, 14]",,,,2968,Gustavus Adolphus,iii,Minnesota,49,"[14, 9, 14, 12]",,,,,,,
401435102,2022,10,regular,2022-11-05T18:00:00.000Z,False,True,False,True,,5117,Clemens Stadium,2600,Saint John's (MN),iii,Minnesota,45,"[7, 21, 17, 0]",,,,2101,Carleton,iii,Minnesota,16,"[3, 6, 7, 0]",,,,,,,
401433107,2022,10,regular,2022-11-05T18:00:00.000Z,False,True,False,True,,5944,Ray Dennison Memorial Field,2237,Fort Lewis,ii,Rocky Mountain,14,"[0, 7, 7, 0]",,,,2714,Western Colorado,ii,Rocky Mountain,55,"[7, 31, 17, 0]",,,,,,,
401432808,2022,10,regular,2022-11-05T18:00:00.000Z,False,True,False,True,,3871,General Charles C. Krulak Stadium,3,Birmingham-Southern,iii,Southern Athletic,42,"[0, 21, 7, 14]",,,,2121,Centre,iii,Southern Athletic,21,"[0, 0, 0, 21]",,,,,,,
401431106,2022,10,regular,2022-11-05T18:00:00.000Z,False,True,False,True,,5897,Francis Field (MO),143,Washington St. Louis,iii,CCIW,35,"[7, 14, 0, 14]",,,,396,Wheaton (IL),iii,CCIW,42,"[7, 21, 7, 7]",,,,,,,
401431254,2022,10,regular,2022-11-05T18:00:00.000Z,False,True,False,True,,5795,Edor Nelson Field,124,Augsburg,iii,Minnesota,27,"[7, 7, 7, 6]",,,,2802,Bethel (MN),iii,Minnesota,30,"[7, 7, 14, 2]",,,,,,,
401424400,2022,10,regular,2022-11-05T18:00:00.000Z,False,True,False,True,,3894,Rhodes Stadium,2210,Elon,fcs,CAA,27,"[7, 17, 0, 3]",0.9947696924209595,,,399,UAlbany,fcs,CAA,3,"[3, 0, 0, 0]",0.005230307579040527,,,2.8272731878709676,,,
401432330,2022,10,regular,2022-11-05T18:00:00.000Z,False,True,True,True,,4110,A.J. McClung Stadium,2013,Albany State,ii,SIAC,21,"[0, 14, 0, 7]",,,,2232,Fort Valley State,ii,SIAC,31,"[7, 17, 0, 7]",,,,,,,
401432566,2022,10,regular,2022-11-05T18:00:00.000Z,False,True,False,True,,5827,Tomasini Stadium,409,Concordia (WI),iii,NACC,45,"[7, 10, 21, 7]",,,,2741,Wisconsin Lutheran,iii,NACC,21,"[0, 14, 7, 0]",,,,,,,
401432902,2022,10,regular,2022-11-05T18:00:00.000Z,False,True,False,True,,5900,Don and Nona Williams Stadium,2744,Wisconsin Stout,iii,Wisconsin,7,"[7, 0, 0, 0]",,,,2745,Wisconsin Whitewater,iii,Wisconsin,16,"[3, 7, 0, 6]",,,,,,,
401432541,2022,10,regular,2022-11-05T18:00:00.000Z,False,True,False,False,,6080,Frank M. Lindsay Field,74,Millikin,iii,CCIW,18,"[0, 6, 6, 6]",,,,32,Carroll (WI),iii,Midwest,26,"[14, 3, 7, 2]",,,,,,,
401430958,2022,10,regular,2022-11-05T18:00:00.000Z,False,True,True,True,,6091,Abel Stadium,6845,Nebraska Wesleyan,iii,American Rivers,14,"[0, 14, 0, 0]",,,,2141,Coe,iii,American Rivers,34,"[0, 0, 21, 13]",,,,,,,
401431286,2022,10,regular,2022-11-05T18:00:00.000Z,False,True,False,True,,5828,Van Metre Field at Ash Park,2155,Cornell (IA),iii,Midwest,27,"[14, 0, 7, 6]",,,,255,Knox,iii,Midwest,31,"[6, 11, 7, 7]",,,,,,,
401433138,2022,10,regular,2022-11-05T18:00:00.000Z,False,True,False,True,,5781,Irwin Belk Stadium,351,Wingate,ii,South Atlantic,15,"[3, 3, 3, 6]",,,,2444,Newberry,ii,South Atlantic,24,"[7, 10, 7, 0]",,,,,,,
401421114,2022,10,regular,2022-11-05T18:00:00.000Z,False,True,False,True,,3655,Brown Field,2674,Valparaiso,fcs,Pioneer,7,"[0, 0, 7, 0]",0.7948249578475952,,,2900,St. Thomas (MN),fcs,Pioneer,34,"[7, 7, 13, 7]",0.20517504215240479,,,2.9094987513323205,,,
401431523,2022,10,regular,2022-11-05T18:00:00.000Z,False,True,False,True,,3878,Plaster Sports Complex,2586,Southwest Baptist,ii,Great Lakes,42,"[0, 28, 14, 0]",,,,2825,Quincy,ii,Great Lakes,24,"[7, 3, 7, 7]",,,,,,,
401431497,2022,10,regular,2022-11-05T18:00:00.000Z,False,True,False,True,,4753,Greene Stadium,2911,William Jewell,ii,Great Lakes,14,"[7, 7, 0, 0]",,,,2292,Indianapolis,ii,Great Lakes,48,"[14, 6, 21, 7]",,,,,,,
401431272,2022,10,regular,2022-11-05T18:00:00.000Z,False,True,False,True,,5919,Ron Roberts Field at the Banta Bowl,268,Lawrence,iii,Midwest,0,"[0, 0, 0, 0]",,,,80,Chicago,iii,Midwest,60,"[14, 22, 14, 10]",,,,,,,
401428194,2022,10,regular,2022-11-05T18:00:00.000Z,False,True,False,True,,3661,Bulldog Stadium,2803,Bryant,fcs,Big South,43,"[13, 20, 3, 7]",,,,2097,Campbell,fcs,Big South,37,"[3, 7, 6, 21]",,,,,,,
401431013,2022,10,regular,2022-11-05T18:00:00.000Z,False,True,False,True,,5838,Ornelas Stadium,2194,East Texas Baptist,iii,American Southwest,17,"[3, 7, 7, 0]",,,,2834,Sul Ross State,iii,American Southwest,14,"[0, 0, 0, 14]",,,,,,,
401420804,2022,10,regular,2022-11-05T18:00:00.000Z,False,True,False,True,,3862,O'Kelly-Riddick Stadium,2428,North Carolina Central,fcs,MEAC,50,"[15, 7, 21, 7]",0.9957367181777954,,,47,Howard,fcs,MEAC,21,"[0, 7, 14, 0]",0.00426328182220459,,,10.111479885918499,,,
401431135,2022,10,regular,2022-11-05T18:00:00.000Z,False,True,False,True,,3614,Alumni Stadium (IN),2262,Hanover,iii,Heartland,17,"[7, 10, 0, 0]",,,,86,Rose Hulman,iii,Heartland,47,"[7, 17, 7, 16]",,,,,,,
401431316,2022,10,regular,2022-11-05T18:00:00.000Z,False,True,False,True,,5797,Vago Field,2044,Aurora,iii,NACC,68,"[13, 28, 14, 13]",,,,6353,Lakeland,iii,NACC,0,"[0, 0, 0, 0]",,,,,,,
401431021,2022,10,regular,2022-11-05T18:00:00.000Z,False,True,False,True,,6118,Birkelbach Field,2588,Southwestern U,iii,American Southwest,17,"[7, 0, 7, 3]",,,,2639,Texas Lutheran,iii,American Southwest,21,"[0, 7, 0, 14]",,,,,,,
401431075,2022,10,regular,2022-11-05T18:00:00.000Z,False,True,False,True,,5796,Charles D. Lindberg Stadium,2042,Augustana (IL),iii,CCIW,30,"[7, 6, 7, 10]",,,,2106,Carthage,iii,CCIW,37,"[0, 8, 15, 14]",,,,,,,
401431281,2022,10,regular,2022-11-05T18:00:00.000Z,False,True,False,True,,6084,April Zorn Memorial Stadium,2919,Monmouth (IL),iii,Midwest,39,"[12, 7, 13, 7]",,,,2891,Ripon,iii,Midwest,31,"[2, 21, 0, 8]",,,,,,,
401431084,2022,10,regular,2022-11-05T18:00:00.000Z,False,True,False,True,,6093,Holmgren Athletic Complex,75,North Park,iii,CCIW,23,"[0, 10, 6, 7]",,,,72,Elmhurst,iii,CCIW,20,"[0, 10, 10, 0]",,,,,,,
401433122,2022,10,regular,2022-11-05T18:00:00.000Z,False,True,False,True,,5122,Shuford Stadium,2107,Catawba,ii,South Atlantic,10,"[0, 3, 0, 7]",,,,2331,Lenoir Rhyne,ii,South Atlantic,62,"[14, 20, 14, 14]",,,,,,,
401432985,2022,10,regular,2022-11-05T18:00:00.000Z,False,True,False,True,,4435,Robert B. Redman Stadium,2071,Bloomsburg,ii,Pennsylvania State Athletic,17,"[0, 0, 7, 10]",,,,210,Millersville,ii,Pennsylvania State Athletic,25,"[6, 6, 6, 7]",,,,,,,
401432964,2022,10,regular,2022-11-05T18:00:00.000Z,False,True,False,True,,6070,Bob Young Field,2894,Sioux Falls,ii,Northern Sun,24,"[0, 14, 7, 3]",,,,2844,Wayne State (NE),ii,Northern Sun,31,"[7, 0, 10, 14]",,,,,,,
401433097,2022,10,regular,2022-11-05T18:00:00.000Z,False,True,False,True,,6059,Sanchez Family Stadium,2424,New Mexico Highlands,ii,Rocky Mountain,16,"[6, 0, 3, 7]",,,,2146,Colorado School of Mines,ii,Rocky Mountain,54,"[20, 14, 13, 7]",,,,,,,
401431951,2022,10,regular,2022-11-05T18:30:00.000Z,False,True,False,True,,5134,Bearcat Stadium,138,Northwest Missouri State,ii,Mid America,27,"[0, 7, 14, 6]",,,,2403,Missouri Southern State,ii,Mid America,5,"[2, 3, 0, 0]",,,,,,,
401432801,2022,10,regular,2022-11-05T18:30:00.000Z,False,True,False,True,,3823,Hardee-McGee Field,2553,Sewanee,iii,Southern Athletic,14,"[0, 7, 0, 7]",,,,2757,Berry,iii,Southern Athletic,63,"[14, 21, 14, 14]",,,,,,,
401428479,2022,10,regular,2022-11-05T18:30:00.000Z,False,True,False,True,,3962,Tucker Stadium,2635,Tennessee Tech,fcs,OVC,35,"[7, 7, 14, 7]",0.6067388653755188,,,2815,Lindenwood,fcs,OVC,34,"[0, 21, 7, 6]",0.3932611346244812,,,6.472512470846301,,,
401462227,2022,10,regular,2022-11-05T19:00:00.000Z,False,True,False,True,,4762,Memorial Stadium (Commerce TX),2837,East Texas A&M,fcs,Southland,14,"[0, 14, 0, 0]",0.21268217265605927,,,2466,Northwestern State,fcs,Southland,41,"[14, 7, 13, 7]",0.7873178273439407,,,4.862462232174243,,,
401404104,2022,10,regular,2022-11-05T19:00:00.000Z,False,True,False,True,83546,3835,"Memorial Stadium (Norman, OK)",201,Oklahoma,fbs,Big 12,35,"[14, 7, 7, 7]",0.1903543621301651,1636,1640,239,Baylor,fbs,Big 12,38,"[14, 10, 7, 7]",0.8096456378698349,1789,1785,5.8186068228872205,,,
401425457,2022,10,regular,2022-11-05T19:00:00.000Z,False,True,False,True,,3942,Stewart Stadium,2692,Weber State,fcs,Big Sky,30,"[7, 0, 7, 16]",0.6062365770339966,,,16,Sacramento State,fcs,Big Sky,33,"[7, 9, 7, 10]",0.3937634229660034,,,11.796816394412179,,,
401424945,2022,10,regular,2022-11-05T19:00:00.000Z,False,True,False,True,,3902,Eddie Robinson Stadium,2755,Grambling,fcs,SWAC,36,"[7, 0, 15, 14]",,,,2029,Arkansas-Pine Bluff,fcs,SWAC,10,"[0, 0, 10, 0]",,,,,,,
401433068,2022,10,regular,2022-11-05T19:00:00.000Z,False,True,False,True,,5866,Rex Stadium,2001,Adams State,ii,Rocky Mountain,7,"[0, 7, 0, 0]",,,,2069,Black Hills State,ii,Rocky Mountain,38,"[14, 14, 7, 3]",,,,,,,
401431943,2022,10,regular,2022-11-05T19:00:00.000Z,False,True,False,True,,6045,Dwight T. Reed Stadium,2876,Lincoln (MO),ii,Mid America,24,"[3, 7, 0, 14]",,,,2214,Emporia State,ii,Mid America,35,"[7, 14, 14, 0]",,,,,,,
401426369,2022,10,regular,2022-11-05T19:00:00.000Z,False,True,False,True,22128,3815,M. M. Roberts Stadium,2572,Southern Miss,fbs,Sun Belt,14,"[0, 0, 14, 0]",0,1334,1273,2247,Georgia State,fbs,Sun Belt,42,"[14, 14, 7, 7]",1,1460,1521,2.7954627011498663,,,
401413241,2022,10,regular,2022-11-05T19:00:00.000Z,False,True,False,True,,3791,Kibbie Dome,70,Idaho,fcs,Big Sky,48,"[7, 28, 3, 10]",0.8378520607948303,,,331,Eastern Washington,fcs,Big Sky,16,"[3, 7, 0, 6]",0.16214793920516968,,,2.983208239868555,,,
401426600,2022,10,regular,2022-11-05T19:00:00.000Z,False,True,False,True,14298,3776,Joe Aillet Stadium,2348,Louisiana Tech,fbs,Conference USA,40,"[14, 13, 13, 0]",0.9118145108222961,1155,1209,2393,Middle Tennessee,fbs,Conference USA,24,"[7, 14, 0, 3]",0.08818548917770386,1352,1298,5.196405145342167,,,
401462226,2022,10,regular,2022-11-05T19:00:00.000Z,False,True,False,True,,3734,Gayle and Tom Benson Stadium,2916,Incarnate Word,fcs,Southland,73,"[21, 49, 3, 0]",0.9847715497016907,,,2277,Houston Christian,fcs,Southland,20,"[3, 3, 14, 0]",0.015228450298309326,,,2.6734950119015624,,,
401431831,2022,10,regular,2022-11-05T19:00:00.000Z,False,True,False,True,,5935,Parker Field at McCool Stadium,2170,Delta State,ii,Gulf South,42,"[14, 14, 7, 7]",,,,2698,West Georgia,ii,Gulf South,52,"[7, 10, 7, 28]",,,,,,,
401430747,2022,10,regular,2022-11-05T19:00:00.000Z,False,True,False,True,,5936,Koi Ishto Stadium,2191,East Central,ii,Great American,16,"[0, 6, 3, 7]",,,,2028,Arkansas Monticello,ii,Great American,0,"[0, 0, 0, 0]",,,,,,,
401431540,2022,10,regular,2022-11-05T19:00:00.000Z,False,True,False,True,,3811,Lubbers Stadium,125,Grand Valley State,ii,GLIAC,42,"[7, 7, 21, 7]",,,,131,Wayne State (MI),ii,GLIAC,14,"[0, 0, 0, 14]",,,,,,,
401418835,2022,10,regular,2022-11-05T19:00:00.000Z,False,True,False,True,,3744,Hancock Stadium,2287,Illinois State,fcs,MVFC,17,"[10, 7, 0, 0]",0.8671930965501539,,,2754,Youngstown State,fcs,MVFC,19,"[7, 6, 0, 6]",0.13280690344984614,,,7.8987496344,,,
401422971,2022,10,regular,2022-11-05T19:00:00.000Z,False,True,False,True,,3925,Seibert Stadium,2535,Samford,fcs,Southern,34,"[0, 7, 13, 14]",0.9847257733345032,,,2678,VMI,fcs,Southern,15,"[6, 6, 3, 0]",0.015274226665496826,,,5.552507032229855,,,
401431859,2022,10,regular,2022-11-05T19:00:00.000Z,False,True,False,True,,3957,Tiger Stadium (AL),2695,West Alabama,ii,Gulf South,38,"[10, 7, 14, 7]",,,,2401,Mississippi College,ii,Gulf South,16,"[0, 6, 0, 10]",,,,,,,
401431987,2022,10,regular,2022-11-05T19:00:00.000Z,False,True,False,True,,3698,Donnell Stadium,2224,Findlay,ii,Great Midwest Athletic,20,"[3, 10, 7, 0]",,,,2682,Walsh,ii,Great Midwest Athletic,7,"[0, 0, 7, 0]",,,,,,,
401432441,2022,10,regular,2022-11-05T19:00:00.000Z,False,True,False,True,,6052,Herb Parker Stadium,568,Minot State,ii,Northern Sun,17,"[0, 7, 7, 3]",,,,559,University of Mary,ii,Northern Sun,10,"[0, 7, 0, 3]",,,,,,,
401431477,2022,10,regular,2022-11-05T19:00:00.000Z,False,True,False,True,,3875,Paul Laird Field,199,Southeastern Oklahoma State,ii,Great American,18,"[10, 8, 0, 0]",,,,2888,Ouachita Baptist,ii,Great American,40,"[0, 19, 14, 7]",,,,,,,
401438601,2022,10,regular,2022-11-05T19:00:00.000Z,False,True,False,True,,3663,Burke-Tarr Stadium,2105,Carson Newman,ii,South Atlantic,38,"[14, 17, 7, 0]",,,,2842,UVA Wise,ii,South Atlantic,22,"[0, 0, 15, 7]",,,,,,,
401431483,2022,10,regular,2022-11-05T19:00:00.000Z,False,True,False,True,,5891,Wilkins Stadium,2568,Southern Arkansas,ii,Great American,44,"[7, 17, 3, 17]",,,,200,Southern Nazarene,ii,Great American,49,"[14, 7, 7, 21]",,,,,,,
401431456,2022,10,regular,2022-11-05T19:00:00.000Z,False,True,False,True,,6073,Milam Stadium,2927,Southwestern Oklahoma State,ii,Great American,29,"[7, 3, 7, 12]",,,,2264,Harding,ii,Great American,37,"[14, 0, 7, 16]",,,,,,,
401431463,2022,10,regular,2022-11-05T19:00:00.000Z,False,True,False,True,,5113,Ruggles Field at Carpenter-Haygood Stadium,2271,Henderson State,ii,Great American,51,"[10, 14, 13, 14]",,,,319,Oklahoma Baptist,ii,Great American,24,"[0, 10, 7, 7]",,,,,,,
401404032,2022,10,regular,2022-11-05T19:30:00.000Z,False,True,False,True,26515,3940,Stanford Stadium,24,Stanford,fbs,Pac-12,14,"[7, 0, 7, 0]",0.04027533531188965,1335,1260,265,Washington State,fbs,Pac-12,52,"[21, 21, 3, 7]",0.9597246646881104,1615,1690,2.772851096962577,,,
401415252,2022,10,regular,2022-11-05T19:30:00.000Z,False,True,False,True,14154,3905,Maverik Stadium,328,Utah State,fbs,Mountain West,27,"[7, 0, 10, 10]",0.9464620351791382,1405,1415,167,New Mexico,fbs,Mountain West,10,"[3, 7, 0, 0]",0.053537964820861816,1097,1087,4.277980671834459,,,
401411155,2022,10,regular,2022-11-05T19:30:00.000Z,False,True,False,True,50888,3752,Acrisure Stadium,221,Pittsburgh,fbs,ACC,19,"[0, 10, 7, 2]",1,1580,1596,183,Syracuse,fbs,ACC,9,"[3, 3, 0, 3]",0,1563,1547,3.8274064984145064,,,
401424444,2022,10,regular,2022-11-05T19:30:00.000Z,False,True,False,True,,2068,E. Claiborne Robins Stadium,257,Richmond,fcs,CAA,40,"[7, 17, 13, 3]",0.9516228437423706,,,160,New Hampshire,fcs,CAA,34,"[0, 7, 20, 7]",0.048377156257629395,,,4.602124193334622,,,
401403933,2022,10,regular,2022-11-05T19:30:00.000Z,False,True,False,True,92746,3917,Sanford Stadium,61,Georgia,fbs,SEC,27,"[14, 10, 3, 0]",1,2155,2168,2633,Tennessee,fbs,SEC,13,"[3, 3, 0, 7]",0,1970,1957,2.8289506010904555,,,
401404105,2022,10,regular,2022-11-05T19:30:00.000Z,False,True,False,True,56109,3772,Jack Trice Stadium,66,Iowa State,fbs,Big 12,31,"[3, 7, 0, 21]",0.9821903705596924,1725,1731,277,West Virginia,fbs,Big 12,14,"[0, 7, 0, 7]",0.017809629440307617,1380,1374,3.604999160615364,,,
401415651,2022,10,regular,2022-11-05T19:30:00.000Z,False,True,False,True,28048,3805,Simmons Bank Liberty Stadium,235,Memphis,fbs,American Athletic,28,"[7, 7, 7, 7]",0.199074849486351,1489,1491,2116,UCF,fbs,American Athletic,35,"[7, 14, 0, 14]",0.800925150513649,1693,1691,6.351671906237515,,,
401405127,2022,10,regular,2022-11-05T19:30:00.000Z,False,True,False,True,56092,3832,"Memorial Stadium (Champaign, IL)",356,Illinois,fbs,Big Ten,15,"[7, 0, 0, 8]",0.2588006556034088,1756,1725,127,Michigan State,fbs,Big Ten,23,"[3, 6, 14, 0]",0.7411993443965912,1574,1605,5.409440401641529,,,
401405132,2022,10,regular,2022-11-05T19:30:00.000Z,False,True,False,True,45142,3830,"Memorial Stadium (Bloomington, IN)",84,Indiana,fbs,Big Ten,14,"[7, 0, 0, 7]",0,1339,1312,213,Penn State,fbs,Big Ten,45,"[7, 17, 7, 14]",1,1844,1871,4.590158380201219,,,
401426602,2022,10,regular,2022-11-05T19:30:00.000Z,False,True,False,True,17205,7221,Protective Stadium,5,UAB,fbs,Conference USA,38,"[0, 10, 7, 14, 7, 0]",0.6158104538917542,1563,1548,2636,UTSA,fbs,Conference USA,44,"[7, 9, 7, 8, 7, 6]",0.38418954610824585,1511,1526,6.789696055831204,,,
401404106,2022,10,regular,2022-11-05T19:30:00.000Z,False,True,False,True,43606,3833,Memorial Stadium,2305,Kansas,fbs,Big 12,37,"[10, 14, 7, 6]",0.9917553067207336,1368,1451,197,Oklahoma State,fbs,Big 12,16,"[0, 7, 3, 6]",0.008244693279266357,1657,1574,2.9815912339134214,,,
401404030,2022,10,regular,2022-11-05T19:30:00.000Z,False,True,False,True,42089,3726,Folsom Field,38,Colorado,fbs,Pac-12,10,"[0, 7, 3, 0]",0.00664400402456522,1150,1105,2483,Oregon,fbs,Pac-12,49,"[14, 14, 14, 7]",0.9933559959754348,1697,1742,2.916408306235712,,,
401432661,2022,10,regular,2022-11-05T20:00:00.000Z,False,True,False,True,,6153,Hanson Stadium,205,Pacific (OR),iii,Northwest,17,"[3, 0, 7, 7]",,,,2721,Whitworth,iii,Northwest,28,"[14, 0, 0, 14]",,,,,,,
401462228,2022,10,regular,2022-11-05T20:00:00.000Z,False,True,False,False,,3882,Provost Umphrey Stadium,2320,Lamar,fcs,Southland,31,"[0, 17, 7, 7]",0.06424249708652496,,,2545,SE Louisiana,fcs,Southland,47,"[14, 10, 10, 13]",0.935757502913475,,,5.880271895869821,,,
401413345,2022,10,regular,2022-11-05T20:00:00.000Z,False,True,False,True,,2023,Walkup Skydome,2464,Northern Arizona,fcs,Big Sky,38,"[7, 14, 7, 10]",0.2204192727804184,,,147,Montana State,fcs,Big Sky,41,"[17, 0, 7, 17]",0.7795807272195816,,,8.554700210602302,,,
401426599,2022,10,regular,2022-11-05T20:00:00.000Z,False,True,False,True,22308,3825,DATCU Stadium,249,North Texas,fbs,Conference USA,52,"[24, 21, 0, 7]",0.988822877407074,1495,1542,2229,Florida International,fbs,Conference USA,14,"[0, 14, 0, 0]",0.011177122592926025,1007,960,2.8233734375655897,,,
401426365,2022,10,regular,2022-11-05T20:00:00.000Z,False,True,False,True,17084,3608,Allen E. Paulson Stadium,290,Georgia Southern,fbs,Sun Belt,31,"[21, 3, 7, 0]",0.07763072848320007,1426,1419,6,South Alabama,fbs,Sun Belt,38,"[7, 10, 7, 14]",0.9223692715167999,1501,1508,5.253198803011402,,,
401431577,2022,10,regular,2022-11-05T20:00:00.000Z,False,True,False,True,,3769,Jack Britt Memorial Stadium,437,Lake Erie,ii,Great Midwest Athletic,23,"[7, 10, 6, 0]",,,,308,Ashland,ii,Great Midwest Athletic,31,"[3, 14, 7, 7]",,,,,,,
401433102,2022,10,regular,2022-11-05T20:00:00.000Z,False,True,False,True,,4852,Neta and Eddie DeRose ThunderBowl,2570,CSU Pueblo,ii,Rocky Mountain,45,"[14, 10, 7, 14]",,,,613,South Dakota Mines,ii,Rocky Mountain,20,"[0, 7, 0, 13]",,,,,,,
401435179,2022,10,regular,2022-11-05T20:00:00.000Z,False,True,False,True,,6104,Baker Stadium,2508,Puget Sound,iii,Northwest,10,"[3, 0, 7, 0]",,,,2486,Pacific Lutheran,iii,Northwest,35,"[0, 14, 7, 14]",,,,,,,
401415650,2022,10,regular,2022-11-05T20:00:00.000Z,False,True,False,True,38461,3854,Nippert Stadium,2132,Cincinnati,fbs,American Athletic,20,"[6, 7, 7, 0]",0.17670989514125343,1770,1764,2426,Navy,fbs,American Athletic,10,"[0, 3, 7, 0]",0.8232901048587465,1418,1424,2.2265525999,,,
401432829,2022,10,regular,2022-11-05T20:00:00.000Z,False,True,False,True,,5821,Fritz B. Burns Stadium,17,Claremont Mudd Scripps,iii,So. Cal.,42,"[14, 14, 7, 7]",,,,29,Redlands,iii,So. Cal.,0,"[0, 0, 0, 0]",,,,,,,
401431874,2022,10,regular,2022-11-05T20:00:00.000Z,False,True,False,False,,7076,J.W. Babb Stadium,101784,Erskine,ii,South Atlantic,0,"[0, 0, 0, 0]",,,,2213,Emory & Henry,ii,South Atlantic,32,"[10, 10, 12, 0]",,,,,,,
401430714,2022,10,regular,2022-11-05T20:00:00.000Z,False,True,False,True,,3649,Bowman Gray Stadium,2736,Winston-Salem State,ii,CIAA,6,"[6, 0, 0, 0]",,,,2220,Fayetteville State,ii,CIAA,14,"[0, 14, 0, 0]",,,,,,,
401423160,2022,10,regular,2022-11-05T20:00:00.000Z,False,True,False,True,,3774,Jayne Stadium,2413,Morehead State,fcs,Pioneer,21,"[0, 14, 0, 7]",0.06278104335069656,,,2368,Marist,fcs,Pioneer,31,"[0, 14, 7, 10]",0.9372189566493034,,,6.743038501628102,,,
401421100,2022,10,regular,2022-11-05T20:00:00.000Z,False,True,False,True,,716,Torero Stadium,301,San Diego,fcs,Pioneer,23,"[14, 6, 0, 3]",0.5102049708366394,,,2086,Butler,fcs,Pioneer,26,"[3, 10, 0, 13]",0.4897950291633606,,,6.121966277649653,,,
401423454,2022,10,regular,2022-11-05T20:00:00.000Z,False,True,False,True,,3850,Municipal Stadium,2065,Bethune-Cookman,fcs,SWAC,22,"[9, 7, 6, 0]",,,,2011,Alabama State,fcs,SWAC,37,"[7, 3, 17, 10]",,,,,,,
401403932,2022,10,regular,2022-11-05T20:00:00.000Z,False,True,False,False,70072,3887,Razorback Stadium,8,Arkansas,fbs,SEC,19,"[0, 3, 2, 14]",0.3030504584312439,1667,1662,2335,Liberty,fbs,FBS Independents,21,"[7, 14, 0, 0]",0.6969495415687561,1635,1640,5.7493255023605006,,,
401431608,2022,10,regular,2022-11-05T20:05:00.000Z,False,True,False,True,,5783,McArthur Field,2848,Western Oregon,ii,Lone Star,32,"[13, 13, 6, 0]",,,,2829,Simon Fraser,ii,Lone Star,7,"[0, 7, 0, 0]",,,,,,,
401418642,2022,10,regular,2022-11-05T21:00:00.000Z,False,True,False,True,,3908,Roy Kidd Stadium,2198,Eastern Kentucky,fcs,Atlantic Sun,42,"[7, 14, 7, 14]",0.9863942265510559,,,2110,Central Arkansas,fcs,Atlantic Sun,14,"[0, 7, 0, 7]",0.013605773448944092,,,3.057536642844673,,,
401431590,2022,10,regular,2022-11-05T21:00:00.000Z,False,True,False,True,,5263,Steele Stadium,2316,Kentucky Wesleyan,ii,Great Midwest Athletic,13,"[3, 7, 0, 3]",,,,2838,Tiffin,ii,Great Midwest Athletic,72,"[17, 38, 10, 7]",,,,,,,
401441337,2022,10,regular,2022-11-05T21:00:00.000Z,False,True,False,True,,3952,Ted Wright Stadium,2542,Savannah State,ii,SIAC,44,"[14, 10, 7, 13]",,,,2323,Lane College,ii,SIAC,38,"[7, 17, 14, 0]",,,,,,,
401430737,2022,10,regular,2022-11-05T21:00:00.000Z,False,True,False,True,,4763,Ranger Field,2823,Northwestern (OK),ii,Great American,20,"[14, 0, 6, 0]",,,,2033,Arkansas Tech,ii,Great American,45,"[14, 10, 7, 14]",,,,,,,
401426367,2022,10,regular,2022-11-05T21:00:00.000Z,False,True,False,True,7888,3666,Cajun Field,309,Louisiana,fbs,Sun Belt,17,"[0, 10, 7, 0]",0.49420952796936035,1582,1561,2653,Troy,fbs,Sun Belt,23,"[0, 0, 7, 16]",0.5057904720306396,1456,1477,4.573205619077638,,,
401415181,2022,10,regular,2022-11-05T21:00:00.000Z,False,True,False,True,,4765,Hillsboro Stadium,2502,Portland State,fcs,Big Sky,35,"[0, 28, 7, 0]",1,,,2458,Northern Colorado,fcs,Big Sky,21,"[14, 0, 0, 7]",0,,,3.9993894251821076,,,
401420835,2022,10,regular,2022-11-05T21:00:00.000Z,False,True,False,True,,3967,UNI-Dome,2460,Northern Iowa,fcs,MVFC,28,"[0, 14, 7, 7]",0.10573029518127441,,,2571,South Dakota State,fcs,MVFC,31,"[3, 17, 8, 3]",0.8942697048187256,,,6.801396489290826,,,
401426368,2022,10,regular,2022-11-05T21:00:00.000Z,False,True,False,True,11376,3817,Malone Stadium,2433,UL Monroe,fbs,Sun Belt,31,"[0, 17, 7, 7]",0.2093559354543686,1096,1101,326,Texas State,fbs,Sun Belt,30,"[21, 3, 3, 3]",0.7906440645456314,1252,1247,6.3354491543352305,,,
401418635,2022,10,regular,2022-11-05T21:00:00.000Z,False,True,False,False,,4133,Braly Municipal Stadium,2453,North Alabama,fcs,Atlantic Sun,35,"[14, 0, 7, 14]",0.2564675211906433,,,2046,Austin Peay,fcs,Atlantic Sun,38,"[7, 17, 7, 7]",0.7435324788093567,,,5.60681743107302,,,
401432140,2022,10,regular,2022-11-05T22:00:00.000Z,False,True,False,True,,5785,Dickerson Stadium,2699,West Liberty,ii,Mountain East,32,"[14, 10, 0, 8]",,,,2707,West Virginia State,ii,Mountain East,42,"[14, 14, 7, 7]",,,,,,,
401425426,2022,10,regular,2022-11-05T22:00:00.000Z,False,True,False,True,,3810,Nissan Stadium,2634,Tennessee State,fcs,OVC,0,"[0, 0, 0, 0]",0.007186331786215305,,,2546,Southeast Missouri State,fcs,OVC,42,"[7, 14, 7, 14]",0.9928136682137847,,,4.431138273302485,,,
401439560,2022,10,regular,2022-11-05T22:00:00.000Z,False,True,False,True,,5998,Monarch Stadium,291,Methodist,iii,USA South,48,"[0, 21, 13, 14]",,,,2256,Greensboro,iii,USA South,23,"[3, 7, 7, 6]",,,,,,,
401423951,2022,10,regular,2022-11-05T22:00:00.000Z,False,True,False,True,,3650,Bragg Memorial Stadium,50,Florida A&M,fcs,SWAC,30,"[7, 10, 10, 3]",0.8250791430473328,,,2582,Southern,fcs,SWAC,16,"[3, 6, 7, 0]",0.17492085695266724,,,6.585429370371951,,,
401415652,2022,10,regular,2022-11-05T23:00:00.000Z,False,True,False,True,23841,3735,Gerald J. Ford Stadium,2567,SMU,fbs,American Athletic,77,"[21, 35, 7, 14]",0.9297682046890259,1591,1616,248,Houston,fbs,American Athletic,63,"[14, 21, 14, 14]",0.07023179531097412,1554,1529,4.857378434138342,,,
401431853,2022,10,regular,2022-11-05T23:00:00.000Z,False,True,False,True,,4851,Bazemore-Hyder Stadium,2673,Valdosta State,ii,Gulf South,31,"[0, 14, 7, 3, 7]",,,,110242,West Florida,ii,Gulf South,32,"[0, 7, 14, 3, 8]",,,,,,,
401404107,2022,10,regular,2022-11-05T23:00:00.000Z,False,True,False,True,51216,3636,Bill Snyder Family Stadium,2306,Kansas State,fbs,Big 12,27,"[7, 3, 7, 10]",0.059691134840250015,1841,1831,251,Texas,fbs,Big 12,34,"[14, 17, 0, 3]",0.94030886515975,1883,1893,4.357198518670262,,,
401431910,2022,10,regular,2022-11-05T23:00:00.000Z,False,True,False,True,,5917,Ratliff Stadium,110243,UT Permian Basin,ii,Lone Star,37,"[0, 23, 14, 0]",,,,2703,Western New Mexico,ii,Lone Star,14,"[7, 7, 0, 0]",,,,,,,
401431914,2022,10,regular,2022-11-05T23:00:00.000Z,False,True,False,True,,5884,Buffalo Stadium,2704,West Texas,ii,Lone Star,21,"[0, 7, 7, 7]",,,,2201,Eastern New Mexico,ii,Lone Star,24,"[0, 3, 7, 14]",,,,,,,
401432816,2022,10,regular,2022-11-05T23:00:00.000Z,False,True,True,True,,3983,War Memorial Stadium (AR),418,Hendrix,iii,Southern Athletic,6,"[0, 6, 0, 0]",,,,2519,Rhodes,iii,Southern Athletic,0,"[0, 0, 0, 0]",,,,,,,
401423923,2022,10,regular,2022-11-05T23:00:00.000Z,False,True,False,True,,3631,BBVA Compass Stadium,2640,Texas Southern,fcs,SWAC,14,"[7, 0, 7, 0]",0.103751540184021,,,2296,Jackson State,fcs,SWAC,41,"[21, 0, 13, 7]",0.896248459815979,,,3.373277102176889,,,
401403934,2022,10,regular,2022-11-05T23:00:00.000Z,False,True,False,True,102321,3958,Tiger Stadium (LA),99,LSU,fbs,SEC,32,"[0, 7, 7, 10, 8]",0.4516454845839532,1695,1708,333,Alabama,fbs,SEC,31,"[0, 6, 3, 15, 7]",0.5483545154160467,2185,2172,9.2612098604,,,
401413263,2022,10,regular,2022-11-05T23:00:00.000Z,False,True,False,True,,3602,Aggie Stadium,302,UC Davis,fcs,Big Sky,43,"[9, 13, 14, 7]",0.9933518171310425,,,304,Idaho State,fcs,Big Sky,3,"[3, 0, 0, 0]",0.0066481828689575195,,,3.183654306677095,,,
401415250,2022,10,regular,2022-11-05T23:00:00.000Z,False,True,False,False,36461,3653,Albertsons Stadium,68,Boise State,fbs,Mountain West,28,"[7, 0, 7, 14]",0.23080545663833618,1702,1685,252,BYU,fbs,FBS Independents,31,"[7, 0, 10, 14]",0.7691945433616638,1512,1529,6.517574543913558,,,
401415254,2022,10,regular,2022-11-05T23:00:00.000Z,False,True,False,True,28854,7311,Snapdragon Stadium,21,San Diego State,fbs,Mountain West,14,"[0, 7, 7, 0]",0.6469756364822388,1423,1422,2439,UNLV,fbs,Mountain West,10,"[0, 0, 7, 3]",0.35302436351776123,1277,1278,3.7628273988301233,,,
401431599,2022,10,regular,2022-11-05T23:00:00.000Z,False,True,False,False,,5869,LeGrand Stadium at 1st Community Credit Union Field,2025,Angelo State,ii,Lone Star,22,"[0, 0, 15, 7]",,,,2120,Central Washington,ii,Lone Star,12,"[9, 0, 3, 0]",,,,,,,
401404027,2022,10,regular,2022-11-05T23:30:00.000Z,False,True,False,True,51919,587,Rice-Eccles Stadium,254,Utah,fbs,Pac-12,45,"[14, 14, 3, 14]",1,1844,1854,12,Arizona,fbs,Pac-12,20,"[7, 3, 0, 10]",0,1332,1322,3.321199191964538,,,
401403938,2022,10,regular,2022-11-05T23:30:00.000Z,False,True,False,True,28553,3973,FirstBank Stadium,238,Vanderbilt,fbs,SEC,27,"[7, 7, 7, 6]",0.17005716264247894,1272,1271,2579,South Carolina,fbs,SEC,38,"[17, 14, 7, 0]",0.8299428373575211,1538,1539,4.12739736716559,,,
401405133,2022,10,regular,2022-11-05T23:30:00.000Z,False,True,False,True,51117,6577,SHI Stadium,164,Rutgers,fbs,Big Ten,17,"[7, 10, 0, 0]",0,1303,1290,130,Michigan,fbs,Big Ten,52,"[14, 0, 28, 10]",1,2045,2058,4.337267955305161,,,
401404130,2022,10,regular,2022-11-05T23:30:00.000Z,False,True,False,False,77622,3855,Notre Dame Stadium,87,Notre Dame,fbs,FBS Independents,35,"[7, 7, 0, 21]",0.9919233322143555,1795,1848,228,Clemson,fbs,ACC,14,"[0, 0, 0, 14]",0.008076667785644531,1826,1773,2.668097180330814,,,
401411153,2022,10,regular,2022-11-05T23:30:00.000Z,False,True,False,True,66200,3948,Hard Rock Stadium,2390,Miami,fbs,ACC,3,"[3, 0, 0, 0]",0,1443,1339,52,Florida State,fbs,ACC,45,"[14, 17, 0, 14]",1,1604,1708,2.5380700270706384,,,
401403935,2022,10,regular,2022-11-05T23:30:00.000Z,False,True,False,True,54769,3693,Davis Wade Stadium,344,Mississippi State,fbs,SEC,39,"[10, 14, 0, 9, 6]",0.3767205476760864,1690,1688,2,Auburn,fbs,SEC,33,"[0, 6, 13, 14, 0]",0.6232794523239136,1500,1502,7.8638242622812395,,,
401411152,2022,10,regular,2022-11-05T23:30:00.000Z,False,True,False,False,42157,3873,L&N Federal Credit Union Stadium,97,Louisville,fbs,ACC,34,"[7, 3, 10, 14]",0.98862624168396,1715,1749,256,James Madison,fbs,Sun Belt,10,"[3, 7, 0, 0]",0.011373758316040039,1480,1446,3.7788542824497826,,,
401432644,2022,10,regular,2022-11-05T23:35:00.000Z,False,True,False,True,,5850,Stoffer Family Stadium,415,George Fox,iii,Northwest,41,"[13, 0, 21, 7]",,,,2333,Lewis & Clark,iii,Northwest,20,"[0, 7, 6, 7]",,,,,,,
401473448,2022,10,regular,2022-11-06T00:00:00.000Z,False,True,False,True,,3745,Greater Zion Stadium,3101,Utah Tech,fcs,Western Athletic,48,"[17, 10, 14, 7]",0.9975691121984854,,,253,Southern Utah,fcs,Western Athletic,36,"[3, 19, 7, 7]",0.0024308878015145696,,,5.9593848433,,,
401411154,2022,10,regular,2022-11-06T00:00:00.000Z,False,True,False,True,56919,3670,Carter-Finley Stadium,152,NC State,fbs,ACC,30,"[3, 14, 10, 3]",0.8747388124465942,1601,1621,154,Wake Forest,fbs,ACC,21,"[0, 14, 0, 7]",0.12526118755340576,1687,1667,4.964327458222871,,,
401418807,2022,10,regular,2022-11-06T00:00:00.000Z,False,True,False,False,,3686,Cowboy Stadium,2377,McNeese,fcs,Southland,29,"[10, 9, 7, 3]",0.9720850586891174,,,2197,Eastern Illinois,fcs,OVC,15,"[0, 7, 0, 8]",0.02791494131088257,,,4.524091591810617,,,
401413232,2022,10,regular,2022-11-06T00:00:00.000Z,False,True,False,True,,3987,Washington-Grizzly Stadium,149,Montana,fcs,Big Sky,57,"[14, 17, 13, 13]",0.9886810183525085,,,13,Cal Poly,fcs,Big Sky,0,"[0, 0, 0, 0]",0.011318981647491455,,,2.0370794827944065,,,
401431899,2022,10,regular,2022-11-06T00:00:00.000Z,False,True,False,True,,6076,Javelina Stadium,2658,Texas A&M-Kingsville,ii,Lone Star,37,"[13, 14, 3, 7]",,,,2395,Midwestern State,ii,Lone Star,41,"[14, 6, 14, 7]",,,,,,,
401462519,2022,10,regular,2022-11-06T00:00:00.000Z,False,True,False,True,,3827,"Memorial Stadium (Stephenville, TX)",2627,Tarleton State,fcs,Western Athletic,23,"[7, 3, 7, 6]",0.48318347334861755,,,2000,Abilene Christian,fcs,Western Athletic,28,"[7, 7, 0, 14]",0.5168165266513824,,,6.160178152541866,,,
401439553,2022,10,regular,2022-11-06T02:00:00.000Z,False,True,False,True,,5819,Ernie Chapman Stadium,411,Chapman,iii,So. Cal.,65,"[21, 31, 7, 6]",,,,2094,Cal Lutheran,iii,So. Cal.,26,"[0, 13, 6, 7]",,,,,,,
401439558,2022,10,regular,2022-11-06T02:00:00.000Z,False,True,False,True,,6103,Merritt Field,2923,Pomona Pitzer,iii,So. Cal.,43,"[7, 22, 14, 0]",,,,2850,Whittier,iii,So. Cal.,12,"[0, 6, 0, 6]",,,,,,,
401404029,2022,10,regular,2022-11-06T02:30:00.000Z,False,True,False,True,64916,477,Los Angeles Memorial Coliseum,30,USC,fbs,Pac-12,41,"[6, 14, 14, 7]",1,1726,1720,25,California,fbs,Pac-12,35,"[7, 0, 7, 21]",0,1444,1450,5.021343557554306,,,
401415251,2022,10,regular,2022-11-06T02:30:00.000Z,False,True,False,True,16382,3935,CEFCU Stadium,23,San José State,fbs,Mountain West,28,"[0, 7, 7, 14]",0.8551676273345947,1536,1534,36,Colorado State,fbs,Mountain West,16,"[7, 3, 0, 6]",0.14483237266540527,1206,1208,5.8287101112276165,,,
401415253,2022,10,regular,2022-11-06T02:30:00.000Z,False,True,False,True,39005,3660,Valley Children's Stadium,278,Fresno State,fbs,Mountain West,55,"[17, 14, 10, 14]",0.9773818254470825,1517,1593,62,Hawai'i,fbs,Mountain West,13,"[0, 0, 0, 13]",0.02261817455291748,1166,1090,2.3396017073326645,,,
401404028,2022,10,regular,2022-11-06T02:30:00.000Z,False,True,False,True,51265,3947,Mountain America Stadium,9,Arizona State,fbs,Pac-12,36,"[10, 0, 15, 11]",0.09705126285552979,1503,1492,26,UCLA,fbs,Pac-12,50,"[14, 14, 14, 8]",0.9029487371444702,1727,1738,4.639771349799378,,,
401416637,2022,11,regular,2022-11-09T00:00:00.000Z,False,True,False,True,12589,3768,InfoCision Stadium,2006,Akron,fbs,Mid-American,28,"[7, 7, 0, 14]",0.07386342652421042,973,985,2199,Eastern Michigan,fbs,Mid-American,34,"[10, 14, 7, 3]",0.9261365734757896,1311,1299,4.6694511804,,,
401416638,2022,11,regular,2022-11-09T00:30:00.000Z,False,True,False,True,15490,3996,Yager Stadium,193,Miami (OH),fbs,Mid-American,21,"[0, 7, 7, 7]",0,1412,1374,195,Ohio,fbs,Mid-American,37,"[7, 3, 14, 13]",1,1413,1451,4.878605215911248,,,
401416636,2022,11,regular,2022-11-09T01:00:00.000Z,False,True,False,True,14462,3739,Glass Bowl,2649,Toledo,fbs,Mid-American,28,"[7, 7, 7, 7]",0.8371625542640686,1553,1549,2050,Ball State,fbs,Mid-American,21,"[7, 7, 7, 0]",0.1628374457359314,1302,1306,6.760624055138663,,,
401416639,2022,11,regular,2022-11-10T00:00:00.000Z,False,True,False,True,,3980,Waldo Stadium,2711,Western Michigan,fbs,Mid-American,21,"[7, 7, 7, 0]",0.035277653485536575,1274,1275,2459,Northern Illinois,fbs,Mid-American,24,"[3, 7, 7, 7]",0.9647223465144634,1361,1360,7.036846242276035,,,
401416641,2022,11,regular,2022-11-10T00:00:00.000Z,False,True,False,True,7291,3700,Doyt L. Perry Stadium,189,Bowling Green,fbs,Mid-American,6,"[0, 0, 6, 0]",0.031011056154966354,1183,1096,2309,Kent State,fbs,Mid-American,40,"[0, 20, 3, 17]",0.9689889438450336,1268,1355,3.380454975888834,,,
401416640,2022,11,regular,2022-11-10T00:00:00.000Z,False,True,False,True,9103,3786,Kelly/Shorts Stadium,2117,Central Michigan,fbs,Mid-American,31,"[7, 0, 17, 7]",0.9613603949546814,1356,1361,2084,Buffalo,fbs,Mid-American,27,"[7, 17, 0, 3]",0.038639605045318604,1421,1416,5.992621634636337,,,
401415653,2022,11,regular,2022-11-11T00:30:00.000Z,False,True,False,True,23980,3805,Simmons Bank Liberty Stadium,235,Memphis,fbs,American Athletic,26,"[10, 10, 3, 3]",0.881925106048584,1491,1514,202,Tulsa,fbs,American Athletic,10,"[3, 0, 0, 7]",0.11807489395141602,1366,1343,2.4959394502126497,,,
401426370,2022,11,regular,2022-11-11T00:30:00.000Z,False,True,False,True,11512,3666,Cajun Field,309,Louisiana,fbs,Sun Belt,36,"[7, 20, 3, 6]",0.9141587615013123,1561,1590,290,Georgia Southern,fbs,Sun Belt,17,"[0, 7, 7, 3]",0.08584123849868774,1419,1390,2.862027085122747,,,
401450200,2022,11,regular,2022-11-12T00:00:00.000Z,False,True,False,True,,5824,Lions Stadium,2442,The College of New Jersey,iii,New Jersey,10,"[0, 7, 3, 0]",,,,2871,Kean,iii,New Jersey,17,"[3, 0, 14, 0]",,,,,,,
401431066,2022,11,regular,2022-11-12T00:00:00.000Z,False,True,False,False,,6112,Richard Wackar Stadium,2827,Rowan,iii,New Jersey,38,"[7, 3, 14, 14]",,,,111675,New England,iii,Commonwealth Coast,20,"[3, 7, 7, 3]",,,,,,,
401415654,2022,11,regular,2022-11-12T01:00:00.000Z,False,True,False,True,38199,3854,Nippert Stadium,2132,Cincinnati,fbs,American Athletic,27,"[7, 17, 0, 3]",0.6608723402023315,1764,1762,151,East Carolina,fbs,American Athletic,25,"[5, 7, 13, 0]",0.33912765979766846,1585,1587,6.804580836944766,,,
401425458,2022,11,regular,2022-11-12T02:00:00.000Z,False,True,False,True,,4765,Hillsboro Stadium,2502,Portland State,fcs,Big Sky,17,"[0, 0, 3, 14]",0.005469107069075108,,,16,Sacramento State,fcs,Big Sky,45,"[7, 17, 14, 7]",0.9945308929309249,,,2.874431251269908,,,
401404033,2022,11,regular,2022-11-12T02:30:00.000Z,False,True,False,True,61206,477,Los Angeles Memorial Coliseum,30,USC,fbs,Pac-12,55,"[2, 24, 15, 14]",0.9925447702407837,1720,1753,38,Colorado,fbs,Pac-12,17,"[3, 0, 7, 7]",0.007455229759216309,1105,1072,3.541335201226231,,,
401415259,2022,11,regular,2022-11-12T03:30:00.000Z,False,True,False,True,23146,6501,Allegiant Stadium,2439,UNLV,fbs,Mountain West,30,"[10, 6, 3, 11]",0.058853380382061005,1278,1288,278,Fresno State,fbs,Mountain West,37,"[7, 7, 10, 13]",0.941146619617939,1593,1583,7.050064237689568,,,
401437192,2022,11,regular,2022-11-12T17:00:00.000Z,False,True,False,True,,6071,Jess Dow Field,2583,Southern Connecticut State,ii,Northeast 10,14,"[7, 7, 0, 0]",,,,2441,New Haven,ii,Northeast 10,54,"[21, 7, 6, 20]",,,,,,,
401433048,2022,11,regular,2022-11-12T17:00:00.000Z,False,True,False,True,,4428,Saxon Stadium,2385,Mercyhurst,ii,Pennsylvania State Athletic,13,"[3, 0, 10, 0]",,,,2974,Shepherd,ii,Pennsylvania State Athletic,16,"[0, 3, 10, 3]",,,,,,,
401431824,2022,11,regular,2022-11-12T17:00:00.000Z,False,True,False,True,,3731,Frost-Kalnow Stadium,2838,Tiffin,ii,Great Midwest Athletic,25,"[0, 0, 16, 9]",,,,2224,Findlay,ii,Great Midwest Athletic,27,"[7, 14, 3, 3]",,,,,,,
401431820,2022,11,regular,2022-11-12T17:00:00.000Z,False,True,False,False,,3769,Jack Britt Memorial Stadium,437,Lake Erie,ii,Great Midwest Athletic,11,"[0, 3, 0, 8]",,,,128,Northern Michigan,ii,GLIAC,33,"[12, 0, 14, 7]",,,,,,,
401433052,2022,11,regular,2022-11-12T17:00:00.000Z,False,True,False,True,,4441,McConnell Family Stadium,367,Gannon,ii,Pennsylvania State Athletic,28,"[0, 14, 7, 7, 0]",,,,2559,Shippensburg,ii,Pennsylvania State Athletic,35,"[7, 7, 7, 7, 7]",,,,,,,
401438656,2022,11,regular,2022-11-12T17:00:00.000Z,False,True,False,True,,6144,"Alumni Field (Westfield, MA)",2909,Westfield State,iii,MSCAC,50,"[16, 13, 14, 7]",,,,114,Fitchburg State,iii,MSCAC,0,"[0, 0, 0, 0]",,,,,,,
401431049,2022,11,regular,2022-11-12T17:00:00.000Z,False,True,False,True,,5637,Vendetti Field,2884,Nichols,iii,Commonwealth Coast,49,"[3, 17, 15, 14]",,,,40,Curry,iii,Commonwealth Coast,28,"[14, 7, 0, 7]",,,,,,,
401405139,2022,11,regular,2022-11-12T17:00:00.000Z,False,True,False,True,103888,3861,Ohio Stadium,194,Ohio State,fbs,Big Ten,56,"[21, 7, 14, 14]",0.9967542290687561,2184,2201,84,Indiana,fbs,Big Ten,14,"[7, 0, 0, 7]",0.0032457709312438965,1312,1295,2.093777477603132,,,
401405138,2022,11,regular,2022-11-12T17:00:00.000Z,False,True,False,True,63267,3936,Spartan Stadium,127,Michigan State,fbs,Big Ten,27,"[7, 7, 7, 6]",0.3384353816509247,1605,1598,164,Rutgers,fbs,Big Ten,21,"[0, 7, 7, 7]",0.6615646183490753,1290,1297,4.969165980721706,,,
401404131,2022,11,regular,2022-11-12T17:00:00.000Z,False,True,True,False,62124,3814,M&T Bank Stadium,2426,Navy,fbs,American Athletic,32,"[6, 7, 3, 16]",0.5955753922462463,1424,1441,87,Notre Dame,fbs,FBS Independents,35,"[14, 21, 0, 0]",0.40442460775375366,1848,1831,4.043919712111697,,,
401456159,2022,11,regular,2022-11-12T17:00:00.000Z,False,True,False,True,,3819,Bowditch Field,2967,Framingham State,iii,MSCAC,21,"[0, 14, 0, 7]",,,,402,Worcester State,iii,MSCAC,16,"[9, 0, 0, 7]",,,,,,,
401411163,2022,11,regular,2022-11-12T17:00:00.000Z,False,True,False,True,36529,3923,Scott Stadium,258,Virginia,fbs,ACC,7,"[0, 0, 7, 0]",0,1399,1340,221,Pittsburgh,fbs,ACC,37,"[28, 0, 3, 6]",1,1596,1655,2.2497398350134024,,,
401455580,2022,11,regular,2022-11-12T17:00:00.000Z,False,True,False,True,,6066,Pace Stadium,2487,Pace,ii,Northeast 10,10,"[0, 0, 3, 7, 0, 0]",,,,2060,Bentley,ii,Northeast 10,18,"[0, 3, 0, 7, 0, 8]",,,,,,,
401404112,2022,11,regular,2022-11-12T17:00:00.000Z,False,True,False,True,50281,3842,Milan Puskar Stadium,277,West Virginia,fbs,Big 12,23,"[0, 6, 7, 10]",0.8959543108940125,1374,1379,201,Oklahoma,fbs,Big 12,20,"[0, 12, 8, 0]",0.10404568910598755,1640,1635,6.86694294005225,,,
401411159,2022,11,regular,2022-11-12T17:00:00.000Z,False,True,False,True,20857,3982,Wallace Wade Stadium,150,Duke,fbs,ACC,24,"[3, 7, 7, 7]",1,1433,1460,259,Virginia Tech,fbs,ACC,7,"[7, 0, 0, 0]",0,1326,1299,4.278075945469702,,,
401431541,2022,11,regular,2022-11-12T17:00:00.000Z,False,True,False,True,,5934,Farmers Insurance Athletic Complex,110254,Davenport,ii,GLIAC,7,"[0, 0, 7, 0]",,,,125,Grand Valley State,ii,GLIAC,49,"[21, 21, 7, 0]",,,,,,,
401443323,2022,11,regular,2022-11-12T17:00:00.000Z,False,True,False,False,,3722,Fitton Field,107,Holy Cross,fcs,Patriot,36,"[12, 10, 7, 7]",0.9840627420567566,,,2803,Bryant,fcs,Big South,29,"[0, 0, 12, 17]",0.01593725794324341,,,3.8506650031,,,
401439545,2022,11,regular,2022-11-12T17:00:00.000Z,False,True,False,True,,5899,"Alumni Stadium (Worcester, MA)",2749,WPI,iii,NEWMAC,14,"[0, 7, 0, 7]",,,,109,MIT,iii,NEWMAC,21,"[7, 7, 0, 7]",,,,,,,
401405134,2022,11,regular,2022-11-12T17:00:00.000Z,False,True,False,True,45574,3832,"Memorial Stadium (Champaign, IL)",356,Illinois,fbs,Big Ten,24,"[7, 7, 7, 3]",0.47450491786003113,1725,1702,2509,Purdue,fbs,Big Ten,31,"[0, 14, 7, 10]",0.5254950821399689,1599,1622,6.87379683005951,,,
401432997,2022,11,regular,2022-11-12T17:00:00.000Z,False,True,False,True,,4436,Adamson Stadium,2858,California (PA),ii,Pennsylvania State Athletic,31,"[14, 7, 7, 3]",,,,2188,East Stroudsburg,ii,Pennsylvania State Athletic,7,"[0, 7, 0, 0]",,,,,,,
401432707,2022,11,regular,2022-11-12T17:00:00.000Z,False,True,False,False,,4750,The Reservation,2336,Limestone,ii,South Atlantic,45,"[7, 17, 7, 14]",,,,2213,Emory & Henry,ii,South Atlantic,27,"[0, 0, 7, 20]",,,,,,,
401444124,2022,11,regular,2022-11-12T17:00:00.000Z,False,True,False,True,,3920,Schmidt Stadium,398,Wilkes,iii,Mid Atlantic,58,"[14, 24, 20, 0]",,,,247,King's,iii,Mid Atlantic,42,"[0, 14, 13, 15]",,,,,,,
401445806,2022,11,regular,2022-11-12T17:00:00.000Z,False,True,False,True,,5894,Steuben Field,348,Hamilton,iii,NESCAC,14,"[7, 7, 0, 0]",,,,121,Bates,iii,NESCAC,19,"[0, 12, 7, 0]",,,,,,,
401403945,2022,11,regular,2022-11-12T17:00:00.000Z,False,True,False,True,101915,3853,Neyland Stadium,2633,Tennessee,fbs,SEC,66,"[7, 21, 21, 17]",0.8625926375389099,1957,2018,142,Missouri,fbs,SEC,24,"[7, 10, 7, 0]",0.1374073624610901,1485,1424,3.5925035785285155,,,
401435147,2022,11,regular,2022-11-12T17:00:00.000Z,False,True,False,True,,5997,Brooks Stadium (NY),2383,Merchant Marine,iii,NEWMAC,41,"[7, 13, 7, 14]",,,,2557,Coast Guard,iii,NEWMAC,33,"[14, 16, 0, 3]",,,,,,,
401441950,2022,11,regular,2022-11-12T17:00:00.000Z,False,True,False,True,,5831,Dale Lippert Field,110438,Dean,iii,ECFC,44,"[9, 14, 7, 8, 6]",,,,122774,Keystone,iii,ECFC,45,"[7, 14, 7, 10, 7]",,,,,,,
401432109,2022,11,regular,2022-11-12T17:00:00.000Z,False,True,False,True,,5121,University of Charleston Stadium,2128,Charleston (WV),ii,Mountain East,35,"[7, 21, 7, 0]",,,,2707,West Virginia State,ii,Mountain East,42,"[14, 7, 14, 7]",,,,,,,
401431177,2022,11,regular,2022-11-12T17:00:00.000Z,False,True,False,True,,3690,Charles L. Currier Memorial Field,2972,Plymouth State,iii,MSCAC,21,"[0, 14, 0, 7]",,,,379,UMass Dartmouth,iii,MSCAC,46,"[12, 7, 20, 7]",,,,,,,
401403942,2022,11,regular,2022-11-12T17:00:00.000Z,False,True,False,True,57474,3683,Kroger Field,96,Kentucky,fbs,SEC,21,"[6, 0, 3, 12]",0.623006284236908,1610,1583,238,Vanderbilt,fbs,SEC,24,"[7, 0, 7, 10]",0.37699371576309204,1271,1298,6.092129465387157,,,
401431402,2022,11,regular,2022-11-12T17:00:00.000Z,False,True,False,True,,3997,Yale Bowl,43,Yale,fcs,Ivy,24,"[0, 7, 17, 0]",0.8680384159088135,,,163,Princeton,fcs,Ivy,20,"[0, 14, 0, 6]",0.13196158409118652,,,5.689474657972287,,,
401433005,2022,11,regular,2022-11-12T17:00:00.000Z,False,True,False,True,,4437,"Memorial Stadium (Clarion, PA)",2134,Clarion,ii,Pennsylvania State Athletic,27,"[6, 7, 7, 7]",,,,223,West Chester,ii,Pennsylvania State Athletic,36,"[7, 10, 10, 9]",,,,,,,
401433036,2022,11,regular,2022-11-12T17:00:00.000Z,False,True,False,True,,3859,Offutt Field,611,Seton Hill,ii,Pennsylvania State Athletic,10,"[7, 3, 0, 0]",,,,210,Millersville,ii,Pennsylvania State Athletic,14,"[7, 0, 7, 0]",,,,,,,
401431038,2022,11,regular,2022-11-12T17:00:00.000Z,False,True,False,True,,5124,Homewood Field,118,Johns Hopkins,iii,Centennial,44,"[0, 16, 14, 14]",,,,2700,McDaniel,iii,Centennial,7,"[0, 7, 0, 0]",,,,,,,
401433029,2022,11,regular,2022-11-12T17:00:00.000Z,False,True,False,True,,4440,Sox Harrison Stadium,2205,Edinboro,ii,Pennsylvania State Athletic,26,"[0, 6, 7, 13]",,,,209,Lock Haven,ii,Pennsylvania State Athletic,13,"[3, 3, 0, 7]",,,,,,,
401432887,2022,11,regular,2022-11-12T17:00:00.000Z,False,True,False,True,,5852,Jamieson Stadium,2256,Greensboro,iii,USA South,14,"[0, 7, 7, 0]",,,,286,North Carolina Wesleyan,iii,USA South,35,"[7, 7, 7, 14]",,,,,,,
401432391,2022,11,regular,2022-11-12T17:00:00.000Z,False,True,False,True,,5868,Ronald J. Abdow Field,2022,American International,ii,Northeast 10,20,"[0, 7, 6, 7]",,,,2830,Saint Anselm,ii,Northeast 10,27,"[7, 12, 0, 8]",,,,,,,
401431058,2022,11,regular,2022-11-12T17:00:00.000Z,False,True,False,True,,6115,Toppa Field,2776,Salve Regina,iii,Commonwealth Coast,24,"[7, 10, 0, 7]",,,,2280,Husson,iii,Commonwealth Coast,10,"[0, 7, 0, 3]",,,,,,,
401428200,2022,11,regular,2022-11-12T17:00:00.000Z,False,True,False,True,,3603,Aggie Stadium,2448,North Carolina A&T,fcs,Big South,20,"[0, 7, 13, 0]",,,,2127,Charleston Southern,fcs,Big South,10,"[0, 7, 3, 0]",,,,,,,
401424446,2022,11,regular,2022-11-12T17:00:00.000Z,False,True,False,True,,4419,Bob Ford Field,399,UAlbany,fcs,CAA,23,"[0, 10, 7, 6]",0.8004944324493408,,,311,Maine,fcs,CAA,21,"[7, 0, 7, 7]",0.19950556755065918,,,5.9151180764615034,,,
401421110,2022,11,regular,2022-11-12T17:00:00.000Z,False,True,False,True,,36,Leonidoff Field,2368,Marist,fcs,Pioneer,24,"[0, 3, 7, 14]",0.1040802076458931,,,2674,Valparaiso,fcs,Pioneer,45,"[7, 17, 7, 14]",0.8959197923541069,,,3.569141556650316,,,
401432537,2022,11,regular,2022-11-12T17:00:00.000Z,False,True,False,True,,6086,Rocco Calvo Field,323,Moravian,iii,Centennial,10,"[0, 3, 0, 7]",,,,2422,Muhlenberg,iii,Centennial,37,"[13, 3, 7, 14]",,,,,,,
401404156,2022,11,regular,2022-11-12T17:00:00.000Z,False,True,False,False,15107,3892,Pratt & Whitney Stadium,41,UConn,fbs,FBS Independents,36,"[14, 7, 0, 15]",0.7549888491630554,1128,1137,2335,Liberty,fbs,FBS Independents,33,"[3, 14, 10, 6]",0.24501115083694458,1640,1631,6.696602804012855,,,
401425429,2022,11,regular,2022-11-12T17:00:00.000Z,False,True,False,True,,3624,Arute Field,2115,Central Connecticut,fcs,NEC,14,"[7, 0, 0, 7]",,,,2771,Merrimack,fcs,NEC,20,"[7, 0, 0, 13]",,,,,,,
401415656,2022,11,regular,2022-11-12T17:00:00.000Z,False,True,False,True,24907,3886,Raymond James Stadium,58,South Florida,fbs,American Athletic,23,"[0, 17, 0, 6]",0.0054288990795612335,1094,1100,2567,SMU,fbs,American Athletic,41,"[10, 7, 21, 3]",0.9945711009204388,1616,1610,4.812915021706286,,,
401444603,2022,11,regular,2022-11-12T17:00:00.000Z,False,True,False,True,,6151,Farley-Lamb Field,2731,Williams,iii,NESCAC,20,"[7, 0, 7, 6]",,,,7,Amherst,iii,NESCAC,10,"[7, 3, 0, 0]",,,,,,,
401433404,2022,11,regular,2022-11-12T17:00:00.000Z,False,True,False,True,,6107,ECAV Stadium,2528,Rensselaer,iii,Liberty League,23,"[14, 3, 0, 6]",,,,237,Union,iii,Liberty League,13,"[0, 7, 6, 0]",,,,,,,
401432559,2022,11,regular,2022-11-12T17:00:00.000Z,False,True,True,False,,4102,Yankee Stadium,175,Ithaca,iii,Liberty League,34,"[10, 7, 3, 14]",,,,2782,SUNY Cortland,iii,Empire 8,17,"[7, 0, 7, 3]",,,,,,,
401435130,2022,11,regular,2022-11-12T17:00:00.000Z,False,True,False,True,,6131,Jessee/Miller Field,2977,Trinity (CT),iii,NESCAC,31,"[3, 7, 14, 7]",,,,336,Wesleyan (CT),iii,NESCAC,14,"[7, 7, 0, 0]",,,,,,,
401423431,2022,11,regular,2022-11-12T17:00:00.000Z,False,True,False,True,,3694,DeGol Field,2598,Saint Francis,fcs,NEC,51,"[16, 14, 14, 7]",0.9686304926872253,,,2184,Duquesne,fcs,NEC,14,"[0, 0, 14, 0]",0.03136950731277466,,,3.8530790090031473,,,
401423423,2022,11,regular,2022-11-12T17:00:00.000Z,False,True,False,True,,3979,Wagner College Stadium,2681,Wagner,fcs,NEC,28,"[7, 0, 6, 15]",0.16114047169685364,,,2529,Sacred Heart,fcs,NEC,38,"[3, 7, 7, 21]",0.8388595283031464,,,6.195986059331312,,,
401423003,2022,11,regular,2022-11-12T17:00:00.000Z,False,True,False,True,,3741,Goodman Stadium,2329,Lehigh,fcs,Patriot,36,"[7, 7, 7, 15]",0.7292426824569702,,,2142,Colgate,fcs,Patriot,33,"[14, 6, 6, 7]",0.2707573175430298,,,6.438634071421879,,,
401435139,2022,11,regular,2022-11-12T17:00:00.000Z,False,True,False,True,,6202,Cardinal Stadium (DC),2108,Catholic,iii,NEWMAC,21,"[7, 7, 7, 0]",,,,81,Springfield,iii,NEWMAC,35,"[7, 14, 7, 7]",,,,,,,
401431169,2022,11,regular,2022-11-12T17:00:00.000Z,False,True,False,True,,5808,Edward C. Swenson Athletic Complex,18,Bridgewater State,iii,MSCAC,10,"[0, 3, 0, 7]",,,,110,Mass Maritime,iii,MSCAC,0,"[0, 0, 0, 0]",,,,,,,
401431159,2022,11,regular,2022-11-12T17:00:00.000Z,False,True,False,True,,6083,Mangelsdorf Field,2969,Misericordia,iii,Mid Atlantic,21,"[0, 7, 7, 7]",,,,2354,Lycoming,iii,Mid Atlantic,14,"[0, 0, 0, 14]",,,,,,,
401415194,2022,11,regular,2022-11-12T17:00:00.000Z,False,True,False,True,,3656,Brown Stadium,225,Brown,fcs,Ivy,24,"[0, 7, 7, 10, 0]",0.35348373651504517,,,171,Columbia,fcs,Ivy,31,"[0, 21, 0, 3, 7]",0.6465162634849548,,,13.476983090058,,,
401432679,2022,11,regular,2022-11-12T17:00:00.000Z,False,True,False,True,,5863,Don Shula Stadium at Wasmer Field,2302,John Carroll,iii,Ohio,62,"[28, 14, 13, 7]",,,,359,Otterbein,iii,Ohio,7,"[0, 0, 7, 0]",,,,,,,
401437207,2022,11,regular,2022-11-12T17:00:00.000Z,False,True,False,True,,3889,Reinhart Field,2951,SUNY Maritime,iii,ECFC,21,"[0, 7, 7, 7]",,,,3162,Alfred State,iii,ECFC,48,"[14, 21, 7, 6]",,,,,,,
401403939,2022,11,regular,2022-11-12T17:00:00.000Z,False,True,False,True,73750,3887,Razorback Stadium,8,Arkansas,fbs,SEC,10,"[3, 0, 0, 7]",0.7393328547477722,1662,1660,99,LSU,fbs,SEC,13,"[0, 6, 7, 0]",0.2606671452522278,1708,1710,5.8816089575358825,,,
401438648,2022,11,regular,2022-11-12T17:00:00.000Z,False,True,False,True,,3621,Arnold Field (PA),388,Lebanon Valley,iii,Mid Atlantic,41,"[7, 20, 7, 7]",,,,2015,Albright,iii,Mid Atlantic,24,"[7, 10, 7, 0]",,,,,,,
401450191,2022,11,regular,2022-11-12T17:30:00.000Z,False,True,False,True,,6133,Ellis Oval at Zimman Field,112,Tufts,iii,NESCAC,65,"[21, 14, 20, 10]",,,,2394,Middlebury,iii,NESCAC,34,"[0, 20, 14, 0]",,,,,,,
401503090,2022,11,regular,2022-11-12T17:30:00.000Z,False,True,False,True,,6061,Younts Stadium,2822,North Greenville,ii,Gulf South,36,"[0, 22, 14, 0]",,,,2698,West Georgia,ii,Gulf South,43,"[6, 13, 14, 10]",,,,,,,
401422985,2022,11,regular,2022-11-12T17:30:00.000Z,False,True,False,True,,3847,Cooper Field,46,Georgetown,fcs,Patriot,21,"[7, 0, 14, 0, 0]",0.4467185139656067,,,2083,Bucknell,fcs,Patriot,24,"[0, 3, 7, 11, 3]",0.5532814860343933,,,4.202418271208537,,,
401431273,2022,11,regular,2022-11-12T18:00:00.000Z,False,True,False,True,,6109,Ingalls Field,2891,Ripon,iii,Midwest,82,"[21, 28, 13, 20]",,,,268,Lawrence,iii,Midwest,0,"[0, 0, 0, 0]",,,,,,,
401432588,2022,11,regular,2022-11-12T18:00:00.000Z,False,True,False,True,,5834,Deeds Field-Piper Stadium,2171,Denison,iii,North Coast,49,"[14, 7, 14, 14]",,,,352,Kenyon,iii,North Coast,12,"[6, 0, 6, 0]",,,,,,,
401432771,2022,11,regular,2022-11-12T18:00:00.000Z,False,True,False,True,,5849,Reeves Field (PA),2242,Geneva,iii,Presidents',0,"[0, 0, 0, 0]",,,,2849,Westminster (PA),iii,Presidents',49,"[14, 21, 14, 0]",,,,,,,
401432960,2022,11,regular,2022-11-12T18:00:00.000Z,False,True,False,True,,3641,Blakeslee Stadium,2364,Minnesota State,ii,Northern Sun,40,"[21, 10, 9, 0]",,,,2851,Winona State,ii,Northern Sun,13,"[0, 0, 13, 0]",,,,,,,
401432965,2022,11,regular,2022-11-12T18:00:00.000Z,False,True,False,True,,6030,Harms-Eischeid Stadium,389,Upper Iowa,ii,Northern Sun,6,"[0, 6, 0, 0]",,,,2894,Sioux Falls,ii,Northern Sun,50,"[3, 23, 14, 10]",,,,,,,
401435121,2022,11,regular,2022-11-12T18:00:00.000Z,False,True,False,False,,4757,Edwards-Maurer Field,2746,Wittenberg,iii,North Coast,56,"[13, 27, 9, 7]",,,,125974,Hilbert,iii,North Coast,8,"[0, 0, 0, 8]",,,,,,,
401441267,2022,11,regular,2022-11-12T18:00:00.000Z,False,True,False,True,,6085,Sprague Field,2818,Montclair State,iii,New Jersey,14,"[7, 7, 0, 0]",,,,2970,William Paterson,iii,New Jersey,17,"[7, 7, 3, 0]",,,,,,,
401445924,2022,11,regular,2022-11-12T18:00:00.000Z,False,True,False,True,,6143,Golden Bear Stadium,2702,Western New England,iii,Commonwealth Coast,21,"[14, 0, 0, 7]",,,,452,Endicott,iii,Commonwealth Coast,26,"[6, 13, 7, 0]",,,,,,,
401438674,2022,11,regular,2022-11-12T18:00:00.000Z,False,True,False,True,,5892,Armfield Athletic Center,2258,Guilford,iii,Old Dominion,22,"[0, 14, 0, 8]",,,,2079,Bridgewater,iii,Old Dominion,64,"[7, 29, 14, 14]",,,,,,,
401430974,2022,11,regular,2022-11-12T18:00:00.000Z,False,True,False,True,,5923,Legacy Field in Carlson Stadium,67,Luther,iii,American Rivers,35,"[14, 7, 6, 8]",,,,6845,Nebraska Wesleyan,iii,American Rivers,28,"[7, 7, 7, 7]",,,,,,,
401432843,2022,11,regular,2022-11-12T18:00:00.000Z,False,True,False,True,,6145,Blue Jay Stadium,433,Westminster (MO),iii,Upper Midwest,22,"[0, 0, 0, 22]",,,,509,Crown,iii,Upper Midwest,26,"[6, 0, 8, 12]",,,,,,,
401432627,2022,11,regular,2022-11-12T18:00:00.000Z,False,True,False,True,,3640,Blackstock Stadium,83,DePauw,iii,North Coast,49,"[7, 14, 14, 14]",,,,89,Wabash,iii,North Coast,14,"[0, 0, 7, 7]",,,,,,,
401432785,2022,11,regular,2022-11-12T18:00:00.000Z,False,True,False,True,,6140,John F. Wiley Stadium,2845,Waynesburg,iii,Presidents',0,"[0, 0, 0, 0]",,,,2686,Washington & Jefferson,iii,Presidents',56,"[21, 21, 7, 7]",,,,,,,
401441935,2022,11,regular,2022-11-12T18:00:00.000Z,False,True,False,True,,6124,Amos Alonzo Stagg Field (PA),216,Susquehanna,iii,Centennial,66,"[28, 21, 10, 7]",,,,246,Juniata,iii,Centennial,15,"[0, 0, 15, 0]",,,,,,,
401432725,2022,11,regular,2022-11-12T18:00:00.000Z,False,True,False,True,,5896,Lewis C. Everett Stadium,297,Hampden Sydney,iii,Old Dominion,17,"[7, 7, 3, 0]",,,,2516,Randolph Macon,iii,Old Dominion,38,"[7, 10, 7, 14]",,,,,,,
401415411,2022,11,regular,2022-11-12T18:00:00.000Z,False,True,False,True,,3921,Schoellkopf Field,172,Cornell,fcs,Ivy,17,"[0, 7, 7, 3]",0.9706821104119997,,,159,Dartmouth,fcs,Ivy,13,"[0, 6, 7, 0]",0.0293178895880003,,,8.2815939781,,,
401422994,2022,11,regular,2022-11-12T18:00:00.000Z,False,True,False,True,,150,Jack Coffey Field,2230,Fordham,fcs,Patriot,45,"[10, 14, 14, 7]",0.985928475856781,,,322,Lafayette,fcs,Patriot,10,"[0, 3, 7, 0]",0.014071524143218994,,,2.638708854726605,,,
401431287,2022,11,regular,2022-11-12T18:00:00.000Z,False,True,False,True,,5828,Van Metre Field at Ash Park,2155,Cornell (IA),iii,Midwest,45,"[3, 14, 21, 7]",,,,65,Grinnell,iii,Midwest,6,"[0, 0, 6, 0]",,,,,,,
401431584,2022,11,regular,2022-11-12T18:00:00.000Z,False,True,False,True,,3870,Panther Stadium (OH),2477,Ohio Dominican,ii,Great Midwest Athletic,20,"[0, 0, 7, 13]",,,,2273,Hillsdale,ii,Great Midwest Athletic,10,"[0, 3, 0, 7]",,,,,,,
401432809,2022,11,regular,2022-11-12T18:00:00.000Z,False,True,False,True,,5818,Farris Stadium,2121,Centre,iii,Southern Athletic,57,"[26, 17, 7, 7]",,,,2398,Millsaps,iii,Southern Athletic,3,"[0, 3, 0, 0]",,,,,,,
401445171,2022,11,regular,2022-11-12T18:00:00.000Z,False,True,False,True,,6113,Leckonby Stadium,2779,St. Lawrence,iii,Liberty League,31,"[7, 10, 0, 14]",,,,2085,Buffalo State,iii,Liberty League,7,"[0, 0, 7, 0]",,,,,,,
401446236,2022,11,regular,2022-11-12T18:00:00.000Z,False,True,False,True,,6136,Patterson Field,2667,Ursinus,iii,Centennial,38,"[7, 21, 3, 7]",,,,2175,Dickinson,iii,Centennial,14,"[0, 7, 0, 7]",,,,,,,
401422977,2022,11,regular,2022-11-12T18:00:00.000Z,False,True,False,True,,5400,William B. Greene Jr. Stadium,2193,East Tennessee State,fcs,Southern,17,"[7, 7, 0, 3]",0.38631927967071533,,,2717,Western Carolina,fcs,Southern,20,"[7, 3, 0, 10]",0.6136807203292847,,,6.5245703133711155,,,
401432615,2022,11,regular,2022-11-12T18:00:00.000Z,False,True,False,True,,6096,Austin E. Knowlton Athletics Complex,391,Oberlin,iii,North Coast,13,"[7, 6, 0, 0]",,,,2748,Wooster,iii,North Coast,56,"[14, 28, 0, 14]",,,,,,,
401432428,2022,11,regular,2022-11-12T18:00:00.000Z,False,True,False,True,,5933,Sea Foam Stadium,3066,Concordia St. Paul,ii,Northern Sun,19,"[0, 6, 13, 0]",,,,568,Minot State,ii,Northern Sun,11,"[0, 3, 0, 8]",,,,,,,
401438641,2022,11,regular,2022-11-12T18:00:00.000Z,False,True,False,True,,5791,Turf Field,111674,Alvernia,iii,Mid Atlantic,7,"[0, 0, 7, 0]",,,,2221,FDU Florham,iii,Mid Atlantic,31,"[0, 14, 14, 3]",,,,,,,
401420819,2022,11,regular,2022-11-12T18:00:00.000Z,False,True,False,True,,3605,Alerus Center,155,North Dakota,fcs,MVFC,28,"[7, 7, 14, 0]",0.9865643382072449,,,233,South Dakota,fcs,MVFC,19,"[6, 7, 0, 6]",0.013435661792755127,,,3.5708096915243637,,,
401431193,2022,11,regular,2022-11-12T18:00:00.000Z,False,True,False,True,,5790,Bahlke Field,2800,Alma,iii,Michigan,34,"[7, 7, 14, 6]",,,,2790,Albion,iii,Michigan,31,"[14, 7, 3, 7]",,,,,,,
401437004,2022,11,regular,2022-11-12T18:00:00.000Z,False,True,False,True,,5851,Shirk Field at Musselman Stadium,2248,Gettysburg,iii,Centennial,14,"[0, 7, 0, 7]",,,,2234,Franklin & Marshall,iii,Centennial,31,"[3, 14, 0, 14]",,,,,,,
401432419,2022,11,regular,2022-11-12T18:00:00.000Z,False,True,False,True,,6035,"Memorial Stadium (Wayne, NE)",2844,Wayne State (NE),ii,Northern Sun,10,"[7, 3, 0, 0]",,,,2817,Minnesota St Moorhead,ii,Northern Sun,7,"[0, 0, 7, 0]",,,,,,,
401430950,2022,11,regular,2022-11-12T18:00:00.000Z,False,True,False,True,,3635,Bill Buxton Stadium,2564,Simpson (IA),iii,American Rivers,21,"[7, 0, 7, 7]",,,,63,Buena Vista,iii,American Rivers,26,"[12, 7, 0, 7]",,,,,,,
401424392,2022,11,regular,2022-11-12T18:00:00.000Z,False,True,False,True,,3998,Zable Stadium,2729,William & Mary,fcs,CAA,45,"[14, 14, 10, 7]",0.9761314988136292,,,222,Villanova,fcs,CAA,12,"[3, 3, 0, 6]",0.02386850118637085,,,2.502394575300357,,,
401423416,2022,11,regular,2022-11-12T18:00:00.000Z,False,True,False,True,,5116,O'Shaughnessy Stadium,2900,St. Thomas (MN),fcs,Pioneer,23,"[7, 10, 6, 0]",0.9561386108398438,,,56,Stetson,fcs,Pioneer,0,"[0, 0, 0, 0]",0.04386138916015625,,,2.1386377610830873,,,
401418790,2022,11,regular,2022-11-12T18:00:00.000Z,False,True,False,True,,3647,Elliott T. Bowers Stadium,2534,Sam Houston,fcs,Western Athletic,28,"[7, 7, 8, 6]",0.05123817175626755,,,2000,Abilene Christian,fcs,Western Athletic,45,"[21, 17, 0, 7]",0.9487618282437325,,,4.488618401917948,,,
401435058,2022,11,regular,2022-11-12T18:00:00.000Z,False,True,False,True,,3926,Setzler Field,2444,Newberry,ii,South Atlantic,27,"[7, 6, 0, 14]",,,,2369,Mars Hill,ii,South Atlantic,24,"[0, 7, 10, 7]",,,,,,,
401438602,2022,11,regular,2022-11-12T18:00:00.000Z,False,True,False,True,,5122,Shuford Stadium,2107,Catawba,ii,South Atlantic,23,"[13, 3, 7, 0]",,,,2105,Carson Newman,ii,South Atlantic,61,"[7, 14, 27, 13]",,,,,,,
401433123,2022,11,regular,2022-11-12T18:00:00.000Z,False,True,False,True,,6553,Helen and Leonard Moretz Stadium,2331,Lenoir Rhyne,ii,South Atlantic,34,"[3, 17, 14, 0]",,,,2839,Tusculum,ii,South Atlantic,14,"[0, 0, 7, 7]",,,,,,,
401441886,2022,11,regular,2022-11-12T18:00:00.000Z,False,True,False,True,,5887,I.L. & Sue Morris Stadium,455,West Virginia Wesleyan,ii,Mountain East,14,"[0, 14, 0, 0]",,,,2249,Glenville State,ii,Mountain East,27,"[6, 14, 7, 0]",,,,,,,
401426372,2022,11,regular,2022-11-12T18:00:00.000Z,False,True,False,True,12241,4246,Center Parc Stadium,2247,Georgia State,fbs,Sun Belt,28,"[14, 7, 7, 0]",0.27455922961235046,1521,1488,2433,UL Monroe,fbs,Sun Belt,31,"[3, 17, 0, 11]",0.7254407703876495,1101,1134,6.6282064324966585,,,
401426374,2022,11,regular,2022-11-12T18:00:00.000Z,False,True,False,True,21934,3918,S.B. Ballard Stadium,295,Old Dominion,fbs,Sun Belt,3,"[0, 3, 0, 0]",0.03825105354189873,1408,1315,256,James Madison,fbs,Sun Belt,37,"[7, 10, 13, 7]",0.9617489464581013,1446,1539,2.3509259319025504,,,
401432580,2022,11,regular,2022-11-12T18:00:00.000Z,False,True,False,True,,6099,Selby Stadium,2980,Ohio Wesleyan,iii,North Coast,47,"[7, 20, 6, 14]",,,,2274,Hiram,iii,North Coast,21,"[0, 21, 0, 0]",,,,,,,
401432717,2022,11,regular,2022-11-12T18:00:00.000Z,False,True,False,False,,5843,W.B. Adams Stadium,366,Ferrum,iii,Old Dominion,20,"[7, 0, 13, 0]",,,,2047,Averett,iii,Old Dominion,24,"[0, 17, 0, 7]",,,,,,,
401430995,2022,11,regular,2022-11-12T18:00:00.000Z,False,True,False,False,,5802,Belhaven Bowl Stadium,2056,Belhaven,iii,USA South,22,"[14, 0, 0, 8]",,,,2373,Maryville (TN),iii,USA South,25,"[13, 6, 0, 6]",,,,,,,
401445174,2022,11,regular,2022-11-12T18:00:00.000Z,False,True,False,True,,4855,Leslie C. Quick Jr. Stadium,2725,Widener,iii,Mid Atlantic,7,"[0, 7, 0, 0]",,,,2808,Delaware Valley,iii,Mid Atlantic,34,"[7, 14, 6, 7]",,,,,,,
401445768,2022,11,regular,2022-11-12T18:00:00.000Z,False,True,False,True,,6087,Drake Field (NY),3110,SUNY Morrisville,iii,Empire 8,38,"[14, 7, 14, 3]",,,,173,Hartwick,iii,Empire 8,12,"[0, 6, 0, 6]",,,,,,,
401461021,2022,11,regular,2022-11-12T18:00:00.000Z,False,True,False,True,,3677,Chuck Noll Field,2614,Saint Vincent,iii,Presidents',36,"[14, 7, 9, 6]",,,,2062,Bethany (WV),iii,Presidents',7,"[0, 7, 0, 0]",,,,,,,
401424449,2022,11,regular,2022-11-12T18:00:00.000Z,False,True,False,True,,3788,Kenneth P. LaValle Stadium,2619,Stony Brook,fcs,CAA,17,"[7, 0, 7, 3]",0.6715264916419983,,,119,Towson,fcs,CAA,21,"[7, 0, 7, 7]",0.3284735083580017,,,7.512826605791953,,,
401431210,2022,11,regular,2022-11-12T18:00:00.000Z,False,True,False,True,,5904,Angell Field,126,Kalamazoo,iii,Michigan,19,"[0, 0, 0, 19]",,,,2651,Trine,iii,Michigan,42,"[14, 21, 0, 7]",,,,,,,
401424447,2022,11,regular,2022-11-12T18:00:00.000Z,False,True,False,True,,3695,Delaware Stadium,48,Delaware,fcs,CAA,13,"[0, 0, 0, 13]",0.5156195163726807,,,257,Richmond,fcs,CAA,21,"[3, 3, 3, 12]",0.48438048362731934,,,7.373286679239045,,,
401426254,2022,11,regular,2022-11-12T18:00:00.000Z,False,True,False,True,,3990,William H. Greene Stadium,47,Howard,fcs,MEAC,28,"[7, 14, 7, 0]",0.6790399551391602,,,2569,South Carolina State,fcs,MEAC,14,"[7, 0, 0, 7]",0.32096004486083984,,,7.072629969078188,,,
401433021,2022,11,regular,2022-11-12T18:00:00.000Z,False,True,False,True,,4430,Mihalik-Thompson Stadium,215,Slippery Rock,ii,Pennsylvania State Athletic,21,"[0, 7, 0, 14]",,,,2315,Kutztown,ii,Pennsylvania State Athletic,23,"[10, 7, 0, 6]",,,,,,,
401428195,2022,11,regular,2022-11-12T18:00:00.000Z,False,True,False,True,,3629,Barker-Lane Stadium,2097,Campbell,fcs,Big South,35,"[0, 14, 14, 7]",0.18535159528255463,,,2241,Gardner-Webb,fcs,Big South,42,"[14, 21, 7, 0]",0.8146484047174454,,,3.784173213033623,,,
401441992,2022,11,regular,2022-11-12T18:00:00.000Z,False,True,False,True,,6043,Bethpage Federal Credit Union Stadium,2341,Long Island University,fcs,NEC,34,"[14, 13, 0, 7]",0.916438102722168,,,284,Stonehill,fcs,NEC,28,"[0, 7, 7, 14]",0.08356189727783203,,,5.589879060092464,,,
401431578,2022,11,regular,2022-11-12T18:00:00.000Z,False,True,False,True,,3770,Jack Miller Stadium,308,Ashland,ii,Great Midwest Athletic,41,"[7, 14, 14, 6]",,,,2316,Kentucky Wesleyan,ii,Great Midwest Athletic,10,"[3, 0, 7, 0]",,,,,,,
401431116,2022,11,regular,2022-11-12T18:00:00.000Z,False,True,False,True,,5788,Merrill Field at Yunevich Stadium,365,Alfred,iii,Empire 8,7,"[0, 7, 0, 0]",,,,2781,Brockport,iii,Empire 8,16,"[7, 0, 0, 9]",,,,,,,
401423161,2022,11,regular,2022-11-12T18:00:00.000Z,False,True,False,True,,3988,Welcome Stadium,2168,Dayton,fcs,Pioneer,49,"[12, 9, 7, 21]",0.9556092023849487,,,2413,Morehead State,fcs,Pioneer,27,"[7, 10, 3, 7]",0.04439079761505127,,,4.250438224548041,,,
401418636,2022,11,regular,2022-11-12T18:00:00.000Z,False,True,False,True,,4899,Fifth Third Stadium,338,Kennesaw State,fcs,Atlantic Sun,14,"[7, 0, 0, 7]",0.08528880029916763,,,2046,Austin Peay,fcs,Atlantic Sun,31,"[0, 7, 14, 10]",0.9147111997008324,,,4.368396292701156,,,
401424448,2022,11,regular,2022-11-12T18:00:00.000Z,False,True,False,True,,3688,Wildcat Stadium,160,New Hampshire,fcs,CAA,31,"[0, 10, 11, 10]",0.7641242146492004,,,227,Rhode Island,fcs,CAA,28,"[0, 14, 7, 7]",0.23587578535079956,,,10.189706830583008,,,
401432099,2022,11,regular,2022-11-12T18:00:00.000Z,False,True,False,True,,4421,Multi-Sport Performance Stadium,2017,Alderson-Broaddus,ii,Mountain East,3,"[0, 3, 0, 0]",,,,587,Notre Dame College,ii,Mountain East,27,"[0, 3, 14, 10]",,,,,,,
401424401,2022,11,regular,2022-11-12T18:00:00.000Z,False,True,False,True,,3620,Armstrong Stadium,2261,Hampton,fcs,CAA,24,"[7, 10, 0, 7]",,,,2210,Elon,fcs,CAA,38,"[14, 7, 10, 7]",,,,,,,
401418601,2022,11,regular,2022-11-12T18:00:00.000Z,False,True,False,True,,3730,Franklin Field,219,Pennsylvania,fcs,Ivy,14,"[7, 0, 7, 0]",0.012275316752493382,,,108,Harvard,fcs,Ivy,37,"[7, 17, 10, 3]",0.9877246832475066,,,3.827835537635658,,,
401435091,2022,11,regular,2022-11-12T18:00:00.000Z,False,True,False,True,,6120,Growney Stadium,374,St. John Fisher,iii,Empire 8,21,"[0, 12, 0, 9]",,,,390,Utica,iii,Empire 8,35,"[14, 7, 7, 7]",,,,,,,
401431186,2022,11,regular,2022-11-12T18:00:00.000Z,False,True,False,True,,5787,Docking Stadium,2003,Adrian,iii,Michigan,28,"[15, 6, 0, 7]",,,,354,Olivet,iii,Michigan,0,"[0, 0, 0, 0]",,,,,,,
401432733,2022,11,regular,2022-11-12T18:00:00.000Z,False,True,False,True,,6138,Wilson Field,2688,Washington and Lee,iii,Old Dominion,14,"[0, 7, 7, 0, 0, 0, 0]",,,,2828,Shenandoah,iii,Old Dominion,16,"[0, 0, 0, 14, 0, 0, 2]",,,,,,,
401432542,2022,11,regular,2022-11-12T18:00:00.000Z,False,True,False,False,,5815,Schneider Stadium,32,Carroll (WI),iii,Midwest,7,"[7, 0, 0, 0]",,,,143,Washington St. Louis,iii,CCIW,37,"[10, 13, 7, 7]",,,,,,,
401432879,2022,11,regular,2022-11-12T18:00:00.000Z,False,True,False,True,,6117,Knight Stadium,2896,Southern Virginia,iii,USA South,27,"[13, 14, 0, 0]",,,,2913,Brevard,iii,USA South,41,"[7, 17, 7, 10]",,,,,,,
401431264,2022,11,regular,2022-11-12T18:00:00.000Z,False,True,False,True,,5858,England Stadium,2286,Illinois College,iii,Midwest,65,"[7, 28, 12, 18]",,,,266,Beloit,iii,Midwest,13,"[0, 0, 13, 0]",,,,,,,
401431297,2022,11,regular,2022-11-12T18:00:00.000Z,False,True,False,True,,5908,Harley Knosher Bowl,255,Knox,iii,Midwest,0,"[0, 0, 0, 0]",,,,2919,Monmouth (IL),iii,Midwest,56,"[28, 21, 7, 0]",,,,,,,
401431310,2022,11,regular,2022-11-12T18:00:00.000Z,False,True,False,True,,6121,Donald J. Schneider Stadium,2832,St. Norbert,iii,NACC,54,"[7, 16, 28, 3]",,,,2151,Concordia Chicago,iii,NACC,0,"[0, 0, 0, 0]",,,,,,,
401431550,2022,11,regular,2022-11-12T18:00:00.000Z,False,True,False,True,,3885,Harvey Randall Wickes Memorial Stadium,129,Saginaw Valley State,ii,GLIAC,35,"[0, 7, 14, 14]",,,,2392,Michigan Tech,ii,GLIAC,30,"[3, 6, 7, 14]",,,,,,,
401431560,2022,11,regular,2022-11-12T18:00:00.000Z,False,True,False,False,,3747,Hantz Stadium,2886,Northwood,ii,Great Midwest Athletic,34,"[7, 7, 14, 6]",,,,2682,Walsh,ii,Great Midwest Athletic,14,"[7, 7, 0, 0]",,,,,,,
401431570,2022,11,regular,2022-11-12T18:00:00.000Z,False,True,False,True,,3600,Tom Adams Field,131,Wayne State (MI),ii,GLIAC,14,"[7, 0, 7, 0]",,,,2222,Ferris State,ii,GLIAC,40,"[14, 16, 0, 10]",,,,,,,
401432126,2022,11,regular,2022-11-12T18:00:00.000Z,False,True,False,True,,5886,West Family Stadium,2699,West Liberty,ii,Mountain East,23,"[7, 3, 7, 6]",,,,341,Frostburg State,ii,Mountain East,28,"[14, 7, 7, 0]",,,,,,,
401432777,2022,11,regular,2022-11-12T18:00:00.000Z,False,True,False,True,,5864,Robert E. Thorn Field,146,Grove City,iii,Presidents',66,"[21, 28, 7, 10]",,,,2644,Thiel,iii,Presidents',6,"[0, 6, 0, 0]",,,,,,,
401432822,2022,11,regular,2022-11-12T18:00:00.000Z,False,True,False,True,,6132,Trinity University Stadium,386,Trinity (TX),iii,Southern Athletic,38,"[21, 10, 7, 0]",,,,2553,Sewanee,iii,Southern Athletic,0,"[0, 0, 0, 0]",,,,,,,
401435098,2022,11,regular,2022-11-12T18:00:00.000Z,False,True,False,True,,5856,Boswell Field at David J. Urick Stadium,174,Hobart,iii,Liberty League,27,"[7, 0, 7, 13]",,,,184,Rochester (NY),iii,Liberty League,7,"[7, 0, 0, 0]",,,,,,,
401435194,2022,11,regular,2022-11-12T18:00:00.000Z,False,True,False,True,,6082,Big Cat Stadium,2399,Minnesota Morris,iii,Upper Midwest,25,"[13, 0, 0, 12]",,,,2257,Greenville,iii,Upper Midwest,43,"[8, 7, 15, 13]",,,,,,,
401413211,2022,11,regular,2022-11-12T18:30:00.000Z,False,True,False,True,,3737,Gibbs Stadium,2747,Wofford,fcs,Southern,34,"[21, 3, 7, 3]",0.9716123342514038,,,2678,VMI,fcs,Southern,16,"[0, 10, 0, 6]",0.02838766574859619,,,2.615549367039875,,,
401433407,2022,11,regular,2022-11-12T18:30:00.000Z,False,True,False,True,,5805,Alumni Field (OH),2074,Bluffton,iii,Heartland,14,"[0, 0, 7, 7]",,,,190,Defiance College,iii,Heartland,17,"[7, 0, 7, 3]",,,,,,,
401435187,2022,11,regular,2022-11-12T18:30:00.000Z,False,True,False,True,,6090,Sherman Field at McConagha Stadium,332,Muskingum,iii,Ohio,23,"[6, 7, 0, 10]",,,,317,Marietta,iii,Ohio,38,"[7, 14, 3, 14]",,,,,,,
401431126,2022,11,regular,2022-11-12T18:30:00.000Z,False,True,False,True,,3716,"Stewart """"Red"""" Faught Stadium",2233,Franklin,iii,Heartland,3,"[0, 0, 3, 0]",,,,2262,Hanover,iii,Heartland,24,"[7, 10, 7, 0]",,,,,,,
401435184,2022,11,regular,2022-11-12T18:30:00.000Z,False,True,False,True,,5812,Bernlohr Stadium,424,Capital,iii,Ohio,30,"[7, 10, 6, 7]",,,,191,Heidelberg,iii,Ohio,44,"[2, 21, 14, 7]",,,,,,,
401431142,2022,11,regular,2022-11-12T18:30:00.000Z,False,True,False,True,,6088,Schueler Field,2419,Mount St Joseph,iii,Heartland,40,"[0, 20, 7, 13]",,,,86,Rose Hulman,iii,Heartland,31,"[6, 10, 7, 8]",,,,,,,
401432670,2022,11,regular,2022-11-12T18:30:00.000Z,False,True,False,True,,5801,George Finnie Stadium,188,Baldwin Wallace,iii,Ohio,21,"[0, 0, 0, 21]",,,,426,Mount Union,iii,Ohio,23,"[7, 10, 0, 6]",,,,,,,
401439526,2022,11,regular,2022-11-12T18:30:00.000Z,False,True,False,True,,5793,Macholtz Stadium,2023,Anderson (IN),iii,Heartland,19,"[0, 16, 0, 3]",,,,2362,Manchester,iii,Heartland,12,"[0, 6, 6, 0]",,,,,,,
401421135,2022,11,regular,2022-11-12T18:30:00.000Z,False,True,False,True,,3720,Finley Stadium,236,Chattanooga,fcs,Southern,24,"[7, 3, 14, 0]",0.28422585129737854,,,2535,Samford,fcs,Southern,35,"[7, 21, 7, 0]",0.7157741487026215,,,5.0689363667665495,,,
401433139,2022,11,regular,2022-11-12T18:30:00.000Z,False,True,False,True,,5781,Irwin Belk Stadium,351,Wingate,ii,South Atlantic,45,"[7, 3, 14, 21]",,,,2842,UVA Wise,ii,South Atlantic,7,"[0, 0, 7, 0]",,,,,,,
401431498,2022,11,regular,2022-11-12T19:00:00.000Z,False,True,False,True,,6040,Key Stadium,2292,Indianapolis,ii,Great Lakes,28,"[0, 0, 14, 14]",,,,2654,Truman State,ii,Great Lakes,14,"[7, 7, 0, 0]",,,,,,,
401433086,2022,11,regular,2022-11-12T19:00:00.000Z,False,True,False,True,,3860,O'Harra Stadium,613,South Dakota Mines,ii,Rocky Mountain,28,"[7, 7, 7, 7]",,,,2123,Chadron State,ii,Rocky Mountain,7,"[0, 7, 0, 0]",,,,,,,
401432411,2022,11,regular,2022-11-12T19:00:00.000Z,False,True,False,True,,3951,Swisher Field,425,Northern State,ii,Northern Sun,7,"[0, 0, 0, 7]",,,,134,Minnesota Duluth,ii,Northern Sun,28,"[7, 7, 0, 14]",,,,,,,
401432955,2022,11,regular,2022-11-12T19:00:00.000Z,False,True,False,True,,6072,Schwan Regional Event Center,2587,Southwest Minnesota State,ii,Northern Sun,0,"[0, 0, 0, 0]",,,,2043,Augustana (SD),ii,Northern Sun,49,"[14, 14, 7, 14]",,,,,,,
401433098,2022,11,regular,2022-11-12T19:00:00.000Z,False,True,False,True,,5883,Marv Kay Stadium at Campbell Field,2146,Colorado School of Mines,ii,Rocky Mountain,80,"[21, 28, 17, 14]",,,,2237,Fort Lewis,ii,Rocky Mountain,0,"[0, 0, 0, 0]",,,,,,,
401420839,2022,11,regular,2022-11-12T19:00:00.000Z,False,True,False,True,,3913,Saluki Stadium,79,Southern Illinois,fcs,MVFC,18,"[0, 3, 7, 8]",0.08827477693557739,,,2449,North Dakota State,fcs,MVFC,21,"[7, 0, 0, 14]",0.9117252230644226,,,8.026912641621188,,,
401426607,2022,11,regular,2022-11-12T19:00:00.000Z,False,True,False,True,10127,3796,Houchens Industries-L.T. Smith Stadium,98,Western Kentucky,fbs,Conference USA,45,"[7, 17, 7, 14]",0.9391748905181885,1742,1767,242,Rice,fbs,Conference USA,10,"[0, 7, 3, 0]",0.06082510948181152,1124,1099,2.1620148727478448,,,
401409241,2022,11,regular,2022-11-12T19:00:00.000Z,False,True,False,False,8367,3601,Aggie Memorial Stadium,166,New Mexico State,fbs,FBS Independents,51,"[17, 20, 14, 0]",0.9931564331054688,1100,1100,2320,Lamar,fcs,Southland,14,"[0, 0, 7, 7]",0.00684356689453125,,,1.857289183293818,,,
401431093,2022,11,regular,2022-11-12T19:00:00.000Z,False,True,False,True,,980,Benedetti-Wehrli Stadium,3071,North Central College,iii,CCIW,63,"[21, 21, 14, 7]",,,,2042,Augustana (IL),iii,CCIW,3,"[3, 0, 0, 0]",,,,,,,
401420786,2022,11,regular,2022-11-12T19:00:00.000Z,False,True,False,True,,3613,Alumni Stadium,2169,Delaware State,fcs,MEAC,7,"[0, 7, 0, 0]",0.22628897428512573,,,2415,Morgan State,fcs,MEAC,37,"[6, 10, 14, 7]",0.7737110257148743,,,11.734784841332827,,,
401432903,2022,11,regular,2022-11-12T19:00:00.000Z,False,True,False,True,,5901,David Smith Stadium at Ramer Field,2723,Wisconsin River Falls,iii,Wisconsin,35,"[0, 14, 7, 14]",,,,2744,Wisconsin Stout,iii,Wisconsin,34,"[3, 7, 11, 13]",,,,,,,
401428473,2022,11,regular,2022-11-12T19:00:00.000Z,False,True,False,False,,3909,Roy Stewart Stadium,93,Murray State,fcs,OVC,27,"[7, 0, 0, 20]",0.981805145740509,,,2523,Robert Morris,fcs,Big South,9,"[0, 0, 9, 0]",0.018194854259490967,,,4.405407498770359,,,
401423142,2022,11,regular,2022-11-12T19:00:00.000Z,False,True,False,True,,3701,Drake Stadium,2181,Drake,fcs,Pioneer,27,"[17, 7, 0, 3]",0.870714545249939,,,2086,Butler,fcs,Pioneer,24,"[7, 7, 7, 3]",0.12928545475006104,,,7.254755711343938,,,
401431005,2022,11,regular,2022-11-12T19:00:00.000Z,False,True,False,True,,5798,Jerry E. Apple Stadium,2045,Austin,iii,American Southwest,20,"[10, 7, 0, 3]",,,,2758,Howard Payne,iii,American Southwest,23,"[0, 7, 3, 13]",,,,,,,
401431014,2022,11,regular,2022-11-12T19:00:00.000Z,False,True,False,True,,6123,Jackson Field,2834,Sul Ross State,iii,American Southwest,44,"[10, 7, 14, 13]",,,,2588,Southwestern U,iii,American Southwest,41,"[0, 13, 7, 21]",,,,,,,
401431076,2022,11,regular,2022-11-12T19:00:00.000Z,False,True,False,True,,5816,Art Keller Field,2106,Carthage,iii,CCIW,6,"[0, 0, 0, 6]",,,,74,Millikin,iii,CCIW,17,"[0, 3, 14, 0]",,,,,,,
401421144,2022,11,regular,2022-11-12T19:00:00.000Z,False,True,False,False,,3782,Johnson Hagood Stadium,2643,The Citadel,fcs,Southern,66,"[17, 7, 21, 21]",0.8235528469085693,,,2355,Virginia Lynchburg,,,0,"[0, 0, 0, 0]",0.17644715309143066,,,3.7957322849777726,,,
401431317,2022,11,regular,2022-11-12T19:00:00.000Z,False,True,False,True,,5797,Vago Field,2044,Aurora,iii,NACC,42,"[7, 21, 14, 0]",,,,409,Concordia (WI),iii,NACC,0,"[0, 0, 0, 0]",,,,,,,
401432856,2022,11,regular,2022-11-12T19:00:00.000Z,False,True,False,True,,6094,Reynolds Field,583,Northwestern (MN),iii,Upper Midwest,31,"[7, 10, 7, 7]",,,,446,Martin Luther,iii,Upper Midwest,9,"[0, 6, 3, 0]",,,,,,,
401431028,2022,11,regular,2022-11-12T19:00:00.000Z,False,True,False,True,,6125,Bulldog Stadium (TX),2639,Texas Lutheran,iii,American Southwest,16,"[6, 7, 3, 0]",,,,2810,Hardin Simmons,iii,American Southwest,45,"[10, 14, 14, 7]",,,,,,,
401420795,2022,11,regular,2022-11-12T19:00:00.000Z,False,True,False,True,,3991,"William Dick"""" Price Stadium""""",2450,Norfolk State,fcs,MEAC,14,"[7, 0, 7, 0]",0.03857818990945816,,,2428,North Carolina Central,fcs,MEAC,48,"[0, 28, 6, 14]",0.9614218100905418,,,1.9149174241988607,,,
401432895,2022,11,regular,2022-11-12T19:00:00.000Z,False,True,False,True,,5914,Veterans Memorial Stadium (WI),2740,Wisconsin La Crosse,iii,Wisconsin,31,"[14, 3, 7, 7]",,,,272,Wisconsin Platteville,iii,Wisconsin,10,"[0, 0, 10, 0]",,,,,,,
401438623,2022,11,regular,2022-11-12T19:00:00.000Z,False,True,False,True,,6108,Crain Field,2519,Rhodes,iii,Southern Athletic,20,"[7, 3, 3, 7]",,,,3,Birmingham-Southern,iii,Southern Athletic,3,"[3, 0, 0, 0]",,,,,,,
401431508,2022,11,regular,2022-11-12T19:00:00.000Z,False,True,False,False,,3749,Hunter Stadium,2815,Lindenwood,fcs,OVC,63,"[14, 21, 14, 14]",0.9650576114654541,,,2816,McKendree,ii,Great Lakes,35,"[7, 7, 14, 7]",0.0349423885345459,,,6.6327378999881725,,,
401430967,2022,11,regular,2022-11-12T19:00:00.000Z,False,True,False,True,,5836,Chalmers Field,49,Dubuque,iii,American Rivers,21,"[0, 7, 14, 0]",,,,2964,Central College,iii,American Rivers,24,"[7, 10, 0, 7]",,,,,,,
401435216,2022,11,regular,2022-11-12T19:00:00.000Z,False,True,False,True,,4854,Perkins Stadium,2745,Wisconsin Whitewater,iii,Wisconsin,79,"[37, 28, 7, 7]",,,,2743,Wisconsin Stevens Point,iii,Wisconsin,10,"[3, 0, 7, 0]",,,,,,,
401435200,2022,11,regular,2022-11-12T19:00:00.000Z,False,True,False,True,,3915,Charles Lee Field at Samford Stadium,2938,Huntingdon,iii,USA South,55,"[21, 14, 13, 7]",,,,548,LaGrange,iii,USA South,7,"[0, 7, 0, 0]",,,,,,,
401439517,2022,11,regular,2022-11-12T19:00:00.000Z,False,True,False,False,,5838,Ornelas Stadium,2194,East Texas Baptist,iii,American Southwest,43,"[15, 14, 7, 7]",,,,123086,North American,,,6,"[0, 0, 0, 6]",,,,,,,
401415174,2022,11,regular,2022-11-12T19:00:00.000Z,False,True,False,True,,3856,Nottingham Field,2458,Northern Colorado,fcs,Big Sky,21,"[3, 0, 10, 8]",0.21061362326145172,,,2464,Northern Arizona,fcs,Big Sky,20,"[7, 3, 0, 10]",0.7893863767385483,,,9.16222451664572,,,
401433079,2022,11,regular,2022-11-12T19:00:00.000Z,False,True,False,True,,5877,Lyle Hare Stadium,2069,Black Hills State,ii,Rocky Mountain,0,"[0, 0, 0, 0]",,,,2570,CSU Pueblo,ii,Rocky Mountain,38,"[7, 14, 14, 3]",,,,,,,
401432528,2022,11,regular,2022-11-12T19:00:00.000Z,False,True,False,True,,4463,Crusader Stadium,2371,Mary Hardin Baylor,iii,American Southwest,62,"[10, 17, 21, 14]",,,,241,McMurry,iii,American Southwest,3,"[0, 0, 0, 3]",,,,,,,
401430959,2022,11,regular,2022-11-12T19:00:00.000Z,False,True,False,True,,5823,Clark Field,2141,Coe,iii,American Rivers,14,"[0, 7, 0, 7]",,,,2685,Wartburg,iii,American Rivers,19,"[3, 0, 13, 3]",,,,,,,
401418843,2022,11,regular,2022-11-12T19:00:00.000Z,False,True,False,True,,3746,Hanson Field,2710,Western Illinois,fcs,MVFC,0,"[0, 0, 0, 0]",0,,,282,Indiana State,fcs,MVFC,21,"[0, 14, 7, 0]",1,,,4.036549866661125,,,
401431893,2022,11,regular,2022-11-12T19:00:00.000Z,False,True,False,True,,6049,"Memorial Stadium (Wichita Falls, TX)",2395,Midwestern State,ii,Lone Star,19,"[3, 3, 0, 13]",,,,2025,Angelo State,ii,Lone Star,37,"[14, 3, 14, 6]",,,,,,,
401431085,2022,11,regular,2022-11-12T19:00:00.000Z,False,True,False,True,,5839,Langhorst Field,72,Elmhurst,iii,CCIW,17,"[14, 0, 0, 3]",,,,306,Illinois Wesleyan,iii,CCIW,21,"[0, 7, 7, 7]",,,,,,,
401432802,2022,11,regular,2022-11-12T19:00:00.000Z,False,True,False,True,,4422,Valhalla Stadium,2757,Berry,iii,Southern Athletic,55,"[21, 13, 14, 7]",,,,418,Hendrix,iii,Southern Athletic,8,"[0, 0, 0, 8]",,,,,,,
401431100,2022,11,regular,2022-11-12T19:00:00.000Z,False,True,False,True,,5115,McCully Stadium,396,Wheaton (IL),iii,CCIW,54,"[13, 27, 14, 0]",,,,75,North Park,iii,CCIW,14,"[0, 0, 0, 14]",,,,,,,
401413222,2022,11,regular,2022-11-12T19:00:00.000Z,False,True,False,True,,3662,AmFirst Stadium,55,Jacksonville State,fcs,Atlantic Sun,42,"[7, 14, 14, 7]",0.9801170825958252,,,2198,Eastern Kentucky,fcs,Atlantic Sun,17,"[0, 7, 10, 0]",0.019882917404174805,,,3.536530421532982,,,
401435347,2022,11,regular,2022-11-12T19:00:00.000Z,False,True,False,True,,5916,Carson Park,2738,Wisconsin Eau Claire,iii,Wisconsin,0,"[0, 0, 0, 0]",,,,271,Wisconsin Oshkosh,iii,Wisconsin,61,"[10, 10, 20, 21]",,,,,,,
401432570,2022,11,regular,2022-11-12T19:00:00.000Z,False,True,False,True,,6284,Village of Lisle-Benedictine University Sports Complex,2283,Benedictine (IL),iii,NACC,49,"[7, 14, 14, 14]",,,,2741,Wisconsin Lutheran,iii,NACC,35,"[7, 21, 7, 0]",,,,,,,
401431524,2022,11,regular,2022-11-12T19:00:00.000Z,False,True,False,True,,3723,QU Stadium,2825,Quincy,ii,Great Lakes,7,"[0, 0, 7, 0]",,,,2911,William Jewell,ii,Great Lakes,17,"[7, 7, 0, 3]",,,,,,,
401491900,2022,11,regular,2022-11-12T19:00:00.000Z,False,True,False,True,,5875,Charlie W. Johnson Stadium,490,Benedict,ii,SIAC,58,"[21, 21, 13, 3]",,,,2657,Tuskegee,ii,SIAC,21,"[7, 7, 0, 7]",,,,,,SIAC Championship Game,
401431970,2022,11,regular,2022-11-12T19:00:00.000Z,False,True,False,True,,5942,Francis G. Welch Stadium,2214,Emporia State,ii,Mid America,21,"[0, 7, 7, 7]",,,,138,Northwest Missouri State,ii,Mid America,27,"[6, 14, 7, 0]",,,,,,,
401431875,2022,11,regular,2022-11-12T19:00:00.000Z,False,True,False,True,,7075,Electric Supply Company Field,122666,Barton,ii,South Atlantic,51,"[13, 10, 21, 7]",,,,101784,Erskine,ii,South Atlantic,22,"[2, 13, 0, 7]",,,,,,,
401432155,2022,11,regular,2022-11-12T19:00:00.000Z,False,True,False,True,,6212,Bishop Schmitt Field,112335,Wheeling,ii,Mountain East,31,"[7, 7, 7, 7, 3]",,,,2986,Fairmont State,ii,Mountain East,28,"[3, 16, 0, 9, 0]",,,,,,,
401435113,2022,11,regular,2022-11-12T19:00:00.000Z,False,True,False,True,,5918,Taylor Field,6353,Lakeland,iii,NACC,70,"[14, 28, 7, 21]",,,,2524,Rockford,iii,NACC,21,"[7, 7, 7, 0]",,,,,,,
401431944,2022,11,regular,2022-11-12T19:00:00.000Z,False,True,False,True,,6055,Craig Field at Spratt Memorial Stadium,137,Missouri Western,ii,Mid America,41,"[7, 13, 7, 14]",,,,2876,Lincoln (MO),ii,Mid America,0,"[0, 0, 0, 0]",,,,,,,
401431515,2022,11,regular,2022-11-12T19:00:00.000Z,False,True,False,True,,3609,Allgood-Bailey Stadium,2402,Missouri S&T,ii,Great Lakes,17,"[3, 7, 0, 7]",,,,2586,Southwest Baptist,ii,Great Lakes,24,"[7, 10, 7, 0]",,,,,,,
401438628,2022,11,regular,2022-11-12T19:00:00.000Z,False,True,False,True,,5794,Caparso Field,15,Anna Maria College,iii,ECFC,27,"[0, 7, 0, 13, 7]",,,,293,Vermont State Castleton,iii,ECFC,26,"[7, 10, 0, 3, 6]",,,,,,,
401432693,2022,11,regular,2022-11-12T19:30:00.000Z,False,True,False,True,,6098,Dial-Roberson Stadium,427,Ohio Northern,iii,Ohio,21,"[7, 0, 7, 7]",,,,2733,Wilmington (OH),iii,Ohio,13,"[7, 0, 6, 0]",,,,,,,
401433069,2022,11,regular,2022-11-12T20:00:00.000Z,False,True,False,True,,5782,Mountaineer Bowl,2714,Western Colorado,ii,Rocky Mountain,52,"[7, 10, 14, 21]",,,,2001,Adams State,ii,Rocky Mountain,10,"[7, 3, 0, 0]",,,,,,,
401431959,2022,11,regular,2022-11-12T20:00:00.000Z,False,True,False,True,,6062,Gable Field at Doc Wadley Stadium,196,Northeastern State,ii,Mid America,0,"[0, 0, 0, 0]",,,,2438,Nebraska Kearney,ii,Mid America,42,"[0, 7, 14, 21]",,,,,,,
401413264,2022,11,regular,2022-11-12T20:00:00.000Z,False,True,False,True,,3942,Stewart Stadium,2692,Weber State,fcs,Big Sky,45,"[7, 14, 10, 14]",0.9937121710681981,,,304,Idaho State,fcs,Big Sky,7,"[0, 7, 0, 0]",0.006287828931801909,,,2.5424048507,,,
401462520,2022,11,regular,2022-11-12T20:00:00.000Z,False,True,False,True,,3745,Greater Zion Stadium,3101,Utah Tech,fcs,Western Athletic,34,"[7, 10, 14, 3]",0.9772900342941284,,,2627,Tarleton State,fcs,Western Athletic,28,"[7, 7, 0, 14]",0.022709965705871582,,,7.395183103409806,,,
401413242,2022,11,regular,2022-11-12T20:00:00.000Z,False,True,False,True,,3987,Washington-Grizzly Stadium,149,Montana,fcs,Big Sky,63,"[21, 21, 14, 7]",0.9921911954879761,,,331,Eastern Washington,fcs,Big Sky,7,"[0, 0, 7, 0]",0.007808804512023926,,,2.2278267666228584,,,
401432402,2022,11,regular,2022-11-12T20:00:00.000Z,False,True,False,True,,3638,MDU Resources Community Bowl,559,University of Mary,ii,Northern Sun,14,"[7, 7, 0, 0]",,,,132,Bemidji State,ii,Northern Sun,51,"[27, 7, 14, 3]",,,,,,,
401431952,2022,11,regular,2022-11-12T20:00:00.000Z,False,True,False,True,,6054,Fred G. Hughes Stadium,2403,Missouri Southern State,ii,Mid America,20,"[0, 7, 6, 7]",,,,2687,Washburn,ii,Mid America,37,"[7, 14, 9, 7]",,,,,,,
401424934,2022,11,regular,2022-11-12T20:00:00.000Z,False,True,False,True,,3771,Jack Spinks Stadium,2016,Alcorn State,fcs,SWAC,17,"[0, 10, 0, 7]",0.9233488390976357,,,2065,Bethune-Cookman,fcs,SWAC,14,"[0, 0, 7, 7]",0.07665116090236435,,,10.1707258077,,,
401423455,2022,11,regular,2022-11-12T20:00:00.000Z,False,True,False,True,,4582,Hornet Stadium,2011,Alabama State,fcs,SWAC,14,"[0, 7, 0, 7]",0.22839908301830292,,,50,Florida A&M,fcs,SWAC,21,"[7, 0, 2, 12]",0.7716009169816971,,,7.83637394021453,,,
401433093,2022,11,regular,2022-11-12T20:00:00.000Z,False,True,False,True,,5882,Ralph Stocker Stadium,11,Colorado Mesa,ii,Rocky Mountain,56,"[14, 21, 7, 14]",,,,2424,New Mexico Highlands,ii,Rocky Mountain,36,"[14, 14, 0, 8]",,,,,,,
401503093,2022,11,regular,2022-11-12T20:00:00.000Z,False,True,False,True,,4851,Bazemore-Hyder Stadium,2673,Valdosta State,ii,Gulf South,30,"[10, 7, 3, 10]",,,,2560,Shorter,ii,Gulf South,28,"[7, 7, 7, 7]",,,,,,,
401431925,2022,11,regular,2022-11-12T20:00:00.000Z,False,True,False,True,,5878,Wantland Stadium,2122,Central Oklahoma,ii,Mid America,13,"[7, 0, 6, 0]",,,,2118,Central Missouri,ii,Mid America,10,"[0, 3, 0, 7]",,,,,,,
401462229,2022,11,regular,2022-11-12T20:00:00.000Z,False,True,False,True,,4424,Husky Stadium,2277,Houston Christian,fcs,Southland,10,"[0, 7, 3, 0]",0.046142786741256714,,,2377,McNeese,fcs,Southland,21,"[0, 7, 7, 7]",0.9538572132587433,,,7.00633306689384,,,
401430748,2022,11,regular,2022-11-12T20:00:00.000Z,False,True,False,True,,5871,Convoy Leslie Cotton Boll Stadium,2028,Arkansas Monticello,ii,Great American,7,"[0, 7, 0, 0]",,,,2568,Southern Arkansas,ii,Great American,20,"[7, 0, 0, 13]",,,,,,,
401431478,2022,11,regular,2022-11-12T20:00:00.000Z,False,True,False,True,,5936,Koi Ishto Stadium,2191,East Central,ii,Great American,31,"[7, 7, 0, 17]",,,,199,Southeastern Oklahoma State,ii,Great American,10,"[0, 7, 3, 0]",,,,,,,
401414784,2022,11,regular,2022-11-12T20:00:00.000Z,False,True,False,False,14354,3625,Centennial Bank Stadium,2032,Arkansas State,fbs,Sun Belt,35,"[14, 0, 21, 0]",0.6752755045890808,1181,1177,113,Massachusetts,fbs,FBS Independents,33,"[3, 3, 13, 14]",0.3247244954109192,873,877,4.571221426641572,,,
401503091,2022,11,regular,2022-11-12T20:00:00.000Z,False,True,False,True,,6053,Robinson-Hale Stadium,2401,Mississippi College,ii,Gulf South,21,"[7, 7, 7, 0]",,,,110242,West Florida,ii,Gulf South,56,"[14, 21, 7, 14]",,,,,,,
401418836,2022,11,regular,2022-11-12T20:00:00.000Z,False,True,False,True,,5237,Dana J. Dykhouse Stadium,2571,South Dakota State,fcs,MVFC,31,"[0, 13, 15, 3]",0.9793292880058289,,,2287,Illinois State,fcs,MVFC,7,"[7, 0, 0, 0]",0.020670711994171143,,,3.8220398800140556,,,
401415655,2022,11,regular,2022-11-12T20:00:00.000Z,False,True,False,True,21731,4728,TDECU Stadium,248,Houston,fbs,American Athletic,43,"[0, 14, 14, 15]",0.8881397843360901,1529,1517,218,Temple,fbs,American Athletic,36,"[7, 12, 7, 10]",0.11186021566390991,1105,1117,7.203867323460653,,,
401503092,2022,11,regular,2022-11-12T20:00:00.000Z,False,True,False,True,,5935,Parker Field at McCool Stadium,2170,Delta State,ii,Gulf South,17,"[0, 7, 10, 0]",,,,2695,West Alabama,ii,Gulf South,7,"[0, 0, 7, 0]",,,,,,,
401431935,2022,11,regular,2022-11-12T20:00:00.000Z,False,True,False,True,,6067,Carnie Smith Stadium,90,Pittsburg State,ii,Mid America,35,"[7, 7, 14, 7]",,,,2231,Fort Hays,ii,Mid America,14,"[7, 0, 0, 7]",,,,,,,
401432986,2022,11,regular,2022-11-12T20:00:00.000Z,False,True,False,True,,4433,George P. Miller Stadium,2291,IU Pennsylvania,ii,Pennsylvania State Athletic,24,"[7, 3, 14, 0]",,,,2071,Bloomsburg,ii,Pennsylvania State Athletic,21,"[0, 7, 0, 14]",,,,,,,
401420814,2022,11,regular,2022-11-12T20:00:00.000Z,False,True,False,True,,3878,Plaster Sports Complex,2623,Missouri State,fcs,MVFC,25,"[0, 7, 7, 11]",0.8200816512107849,,,2754,Youngstown State,fcs,MVFC,22,"[3, 3, 10, 6]",0.1799183487892151,,,6.323350868009544,,,
401425454,2022,11,regular,2022-11-12T20:00:00.000Z,False,True,False,True,,3858,O'Brien Stadium,2197,Eastern Illinois,fcs,OVC,7,"[0, 7, 0, 0]",0,,,2546,Southeast Missouri State,fcs,OVC,31,"[0, 21, 3, 7]",1,,,3.8147310696250467,,,
401431464,2022,11,regular,2022-11-12T20:00:00.000Z,False,True,False,True,,5113,Ruggles Field at Carpenter-Haygood Stadium,2271,Henderson State,ii,Great American,37,"[7, 6, 7, 14, 3]",,,,2888,Ouachita Baptist,ii,Great American,40,"[7, 6, 7, 14, 6]",,,,,,,
401430738,2022,11,regular,2022-11-12T20:00:00.000Z,False,True,False,True,,5885,First Security Stadium,2264,Harding,ii,Great American,55,"[21, 14, 13, 7]",,,,2033,Arkansas Tech,ii,Great American,10,"[0, 3, 7, 0]",,,,,,,
401421162,2022,11,regular,2022-11-12T20:00:00.000Z,False,True,False,True,,4417,Five Star Stadium at the Moye Complex,2382,Mercer,fcs,Southern,13,"[0, 7, 0, 6]",0.03976735100150108,,,231,Furman,fcs,Southern,23,"[3, 7, 10, 3]",0.9602326489984989,,,4.739657831252104,,,
401423952,2022,11,regular,2022-11-12T20:00:00.000Z,False,True,False,True,,3599,Ace W. Mumford Stadium,2582,Southern,fcs,SWAC,27,"[7, 13, 7, 0]",0.9855747222900391,,,2400,Mississippi Valley State,fcs,SWAC,7,"[0, 0, 7, 0]",0.014425277709960938,,,6.447979992257183,,,
401424946,2022,11,regular,2022-11-12T20:00:00.000Z,False,True,False,True,,3740,Golden Lion Stadium,2029,Arkansas-Pine Bluff,fcs,SWAC,24,"[10, 7, 0, 7]",0.004698324948549271,,,2504,Prairie View A&M,fcs,SWAC,55,"[7, 21, 20, 7]",0.9953016750514507,,,3.6456325649089125,,,
401473449,2022,11,regular,2022-11-12T20:00:00.000Z,False,True,False,False,,3706,Eccles Coliseum,253,Southern Utah,fcs,Western Athletic,55,"[20, 14, 14, 7]",0.8313956260681152,,,124179,Lincoln (CA),,,0,"[0, 0, 0, 0]",0.16860437393188477,,,4.150065212625141,,,
401403943,2022,11,regular,2022-11-12T20:30:00.000Z,False,True,False,True,65923,3974,Vaught-Hemingway Stadium,145,Ole Miss,fbs,SEC,24,"[7, 10, 7, 0]",0.4696446657180786,1694,1715,333,Alabama,fbs,SEC,30,"[0, 14, 10, 6]",0.5303553342819214,2172,2151,6.27051499958194,,,
401415256,2022,11,regular,2022-11-12T20:30:00.000Z,False,True,False,True,20827,3713,Falcon Stadium,2005,Air Force,fbs,Mountain West,35,"[14, 0, 14, 7]",0.9914706945419312,1731,1746,167,New Mexico,fbs,Mountain West,3,"[0, 0, 3, 0]",0.008529305458068848,1087,1072,1.7466087772628731,,,
401405140,2022,11,regular,2022-11-12T20:30:00.000Z,False,True,False,True,108796,3632,Beaver Stadium,213,Penn State,fbs,Big Ten,30,"[14, 13, 3, 0]",0.9964824914932251,1871,1920,120,Maryland,fbs,Big Ten,0,"[0, 0, 0, 0]",0.0035175085067749023,1610,1561,1.9200733276382909,,,
401426373,2022,11,regular,2022-11-12T20:30:00.000Z,False,True,False,True,24312,3775,Joan C. Edwards Stadium,276,Marshall,fbs,Sun Belt,28,"[7, 7, 14, 0]",0.8660428524017334,1548,1561,2026,App State,fbs,Sun Belt,21,"[0, 7, 7, 7]",0.1339571475982666,1607,1594,4.2747732263741,,,
401405135,2022,11,regular,2022-11-12T20:30:00.000Z,False,True,False,True,69250,3793,Kinnick Stadium,2294,Iowa,fbs,Big Ten,24,"[0, 14, 0, 10]",1,1702,1736,275,Wisconsin,fbs,Big Ten,10,"[3, 7, 0, 0]",0,1765,1731,4.276620103282459,,,
401404142,2022,11,regular,2022-11-12T20:30:00.000Z,False,True,False,False,31010,3975,Veterans Memorial Stadium (AL),2653,Troy,fbs,Sun Belt,10,"[0, 0, 3, 7]",0.41432592272758484,1477,1477,349,Army,fbs,FBS Independents,9,"[0, 9, 0, 0]",0.5856740772724152,1447,1447,5.484770592545265,,,
401404110,2022,11,regular,2022-11-12T20:30:00.000Z,False,True,False,True,55509,3646,Boone Pickens Stadium,197,Oklahoma State,fbs,Big 12,20,"[0, 10, 0, 10]",0.9245964288711548,1574,1589,66,Iowa State,fbs,Big 12,14,"[0, 7, 7, 0]",0.07540357112884521,1731,1716,7.376704286519171,,,
401404035,2022,11,regular,2022-11-12T20:30:00.000Z,False,True,False,True,24039,3820,Gesa Field,265,Washington State,fbs,Pac-12,28,"[13, 15, 0, 0]",0.8752665519714355,1690,1693,9,Arizona State,fbs,Pac-12,18,"[0, 0, 6, 12]",0.12473344802856445,1492,1489,2.8351717368879106,,,
401411160,2022,11,regular,2022-11-12T20:30:00.000Z,False,True,False,True,33857,721,Bobby Dodd Stadium,59,Georgia Tech,fbs,ACC,14,"[0, 7, 0, 7]",0,1250,1206,2390,Miami,fbs,ACC,35,"[7, 7, 0, 21]",1,1339,1383,4.2626842113362,,,
401405137,2022,11,regular,2022-11-12T20:30:00.000Z,False,True,False,True,110192,3558,Michigan Stadium,130,Michigan,fbs,Big Ten,34,"[7, 10, 7, 10]",0.9984954183433392,2058,2080,158,Nebraska,fbs,Big Ten,3,"[0, 3, 0, 0]",0.0015045816566607861,1511,1489,1.4288442917,,,
401405136,2022,11,regular,2022-11-12T20:30:00.000Z,False,True,False,True,41686,3953,Huntington Bank Stadium,135,Minnesota,fbs,Big Ten,31,"[7, 7, 3, 14]",0.9796299934387207,1724,1755,77,Northwestern,fbs,Big Ten,3,"[0, 3, 0, 0]",0.020370006561279297,1343,1312,2.2546631475207057,,,
401432645,2022,11,regular,2022-11-12T20:30:00.000Z,False,True,False,True,,6148,The Pine Bowl,2721,Whitworth,iii,Northwest,14,"[0, 7, 0, 7]",,,,415,George Fox,iii,Northwest,28,"[0, 14, 7, 7]",,,,,,,
401415657,2022,11,regular,2022-11-12T20:30:00.000Z,False,True,False,True,27317,4729,Yulman Stadium,2655,Tulane,fbs,American Athletic,31,"[7, 7, 3, 14]",0.01346221286803484,1563,1560,2116,UCF,fbs,American Athletic,38,"[17, 7, 7, 7]",0.9865377871319652,1691,1694,5.71558052035002,,,
401426603,2022,11,regular,2022-11-12T20:30:00.000Z,False,True,False,True,9806,3725,"Johnny ""Red"" Floyd Stadium",2393,Middle Tennessee,fbs,Conference USA,24,"[0, 7, 7, 10]",0.9571599364280701,1298,1300,2429,Charlotte,fbs,Conference USA,14,"[0, 14, 0, 0]",0.04284006357192993,1076,1074,5.610615947579467,,,
401426606,2022,11,regular,2022-11-12T20:30:00.000Z,False,True,False,True,18504,7221,Protective Stadium,5,UAB,fbs,Conference USA,41,"[14, 3, 10, 14]",0.9596390724182129,1548,1594,249,North Texas,fbs,Conference USA,21,"[0, 21, 0, 0]",0.04036092758178711,1542,1496,5.0679579761866895,,,
401426605,2022,11,regular,2022-11-12T20:30:00.000Z,False,True,False,True,25409,3604,Alamodome,2636,UTSA,fbs,Conference USA,51,"[21, 13, 10, 7]",0.9777421355247498,1526,1613,2348,Louisiana Tech,fbs,Conference USA,7,"[7, 0, 0, 0]",0.022257864475250244,1209,1122,2.5002209372276387,,,
401411161,2022,11,regular,2022-11-12T20:30:00.000Z,False,True,False,True,56919,3670,Carter-Finley Stadium,152,NC State,fbs,ACC,20,"[14, 3, 3, 0]",0.49218282103538513,1621,1600,103,Boston College,fbs,ACC,21,"[7, 0, 7, 7]",0.5078171789646149,1258,1279,5.732846230948676,,,
401411158,2022,11,regular,2022-11-12T20:30:00.000Z,False,True,False,True,80176,3836,"Memorial Stadium (Clemson, SC)",228,Clemson,fbs,ACC,31,"[10, 7, 7, 7]",1,1773,1802,97,Louisville,fbs,ACC,16,"[0, 7, 3, 6]",0,1749,1720,3.6915262290074087,,,
401432836,2022,11,regular,2022-11-12T21:00:00.000Z,False,True,False,True,,6106,Ted Runner Stadium,29,Redlands,iii,So. Cal.,58,"[21, 10, 14, 13]",,,,2850,Whittier,iii,So. Cal.,14,"[0, 7, 0, 7]",,,,,,,
401462530,2022,11,regular,2022-11-12T21:00:00.000Z,False,True,False,True,,3779,Manning Field at John L. Guidry Stadium,2447,Nicholls,fcs,Southland,12,"[0, 3, 7, 2]",0.4162682592868805,,,2837,East Texas A&M,fcs,Southland,10,"[10, 0, 0, 0]",0.5837317407131195,,,6.939866138100743,,,
401432653,2022,11,regular,2022-11-12T21:00:00.000Z,False,True,False,True,,5920,Griswold Stadium,2333,Lewis & Clark,iii,Northwest,7,"[7, 0, 0, 0]",,,,203,Linfield,iii,Northwest,70,"[21, 14, 35, 0]",,,,,,,
401438684,2022,11,regular,2022-11-12T21:00:00.000Z,False,True,False,True,,6149,McCulloch Stadium,2930,Willamette,iii,Northwest,20,"[3, 0, 14, 3]",,,,2508,Puget Sound,iii,Northwest,26,"[7, 13, 0, 6]",,,,,,,
401432830,2022,11,regular,2022-11-12T21:00:00.000Z,False,True,False,True,,6103,Merritt Field,2923,Pomona Pitzer,iii,So. Cal.,28,"[0, 7, 7, 14]",,,,17,Claremont Mudd Scripps,iii,So. Cal.,14,"[0, 7, 0, 7]",,,,,,,
401435174,2022,11,regular,2022-11-12T21:00:00.000Z,False,True,False,True,,6102,Sparks Stadium,2486,Pacific Lutheran,iii,Northwest,7,"[0, 7, 0, 0]",,,,205,Pacific (OR),iii,Northwest,18,"[3, 3, 5, 7]",,,,,,,
401432369,2022,11,regular,2022-11-12T21:00:00.000Z,False,True,False,True,,6073,Milam Stadium,2927,Southwestern Oklahoma State,ii,Great American,41,"[20, 14, 0, 7]",,,,2823,Northwestern (OK),ii,Great American,28,"[7, 14, 0, 7]",,,,,,,
401431600,2022,11,regular,2022-11-12T21:00:00.000Z,False,True,False,False,,5879,Tomlinson Stadium,2120,Central Washington,ii,Lone Star,49,"[14, 28, 0, 7]",,,,110243,UT Permian Basin,ii,Lone Star,14,"[7, 0, 7, 0]",,,,,,,
401403941,2022,11,regular,2022-11-12T21:00:00.000Z,False,True,False,True,89454,3634,Ben Hill Griffin Stadium,57,Florida,fbs,SEC,38,"[21, 3, 7, 7]",1,1604,1683,2579,South Carolina,fbs,SEC,6,"[0, 6, 0, 0]",0,1539,1460,2.038415292937075,,,
401432118,2022,11,regular,2022-11-12T21:00:00.000Z,False,True,False,True,,6060,Grace P. Johnson Stadium,2882,UNC Pembroke,ii,Mountain East,56,"[0, 20, 6, 15, 7, 6, 0, 2, 0]",,,,2148,Concord,ii,Mountain East,58,"[7, 14, 13, 7, 7, 6, 0, 2, 2]",,,,,,,
401435053,2022,11,regular,2022-11-12T21:00:00.000Z,False,True,False,True,,5938,Al Whitehead Field at Greyhound Stadium,2201,Eastern New Mexico,ii,Lone Star,24,"[7, 0, 7, 10]",,,,2703,Western New Mexico,ii,Lone Star,38,"[14, 10, 0, 14]",,,,,,,
401461256,2022,11,regular,2022-11-12T21:00:00.000Z,False,True,False,True,,5909,Ortmayer Stadium,2318,La Verne,iii,So. Cal.,14,"[0, 0, 7, 7]",,,,411,Chapman,iii,So. Cal.,42,"[7, 14, 14, 7]",,,,,,,
401425470,2022,11,regular,2022-11-12T22:00:00.000Z,False,True,False,True,,3810,Nissan Stadium,2634,Tennessee State,fcs,OVC,3,"[0, 3, 0, 0]",0.4344528913497925,,,2630,UT Martin,fcs,OVC,20,"[14, 0, 0, 6]",0.5655471086502075,,,4.682177515058846,,,
401420876,2022,11,regular,2022-11-12T22:00:00.000Z,False,True,False,False,,3756,Homer Bryce Stadium,2617,Stephen F. Austin,fcs,Western Athletic,7,"[0, 0, 0, 7]",0.005509376525878906,,,2110,Central Arkansas,fcs,Atlantic Sun,34,"[7, 13, 14, 0]",0.9944906234741211,,,2.8210774917873813,,,
401423446,2022,11,regular,2022-11-12T22:00:00.000Z,False,True,True,True,,3797,Ladd Peebles Stadium,2296,Jackson State,fcs,SWAC,27,"[7, 14, 6, 0]",,,,2010,Alabama A&M,fcs,SWAC,13,"[10, 0, 0, 3]",,,,,,,
401418781,2022,11,regular,2022-11-12T22:00:00.000Z,False,True,False,False,,4133,Braly Municipal Stadium,2453,North Alabama,fcs,Atlantic Sun,27,"[0, 17, 7, 3]",0.011262372136116028,,,2635,Tennessee Tech,fcs,OVC,35,"[7, 14, 14, 0]",0.988737627863884,,,4.707683799088629,,,
401432636,2022,11,regular,2022-11-12T22:00:00.000Z,False,True,False,True,,6114,Sea Gull Stadium,2532,Salisbury,iii,New Jersey,36,"[0, 7, 14, 15]",,,,3112,Christopher Newport,iii,New Jersey,33,"[14, 0, 6, 13]",,,,,,,
401421101,2022,11,regular,2022-11-12T22:00:00.000Z,False,True,False,True,,716,Torero Stadium,301,San Diego,fcs,Pioneer,31,"[14, 10, 7, 0]",0.9854376912117004,,,2166,Davidson,fcs,Pioneer,14,"[7, 0, 0, 7]",0.01456230878829956,,,3.598835493264791,,,
401462531,2022,11,regular,2022-11-12T22:00:00.000Z,False,True,False,True,,3944,Strawberry Stadium,2545,SE Louisiana,fcs,Southland,23,"[7, 16, 0, 0]",0.8628492951393127,,,2466,Northwestern State,fcs,Southland,7,"[0, 0, 7, 0]",0.13715070486068726,,,4.550282385473652,,,
401426375,2022,11,regular,2022-11-12T22:00:00.000Z,False,True,False,True,14518,6526,Hancock Whitney Stadium,6,South Alabama,fbs,Sun Belt,38,"[10, 7, 7, 14]",0.9556601047515869,1508,1522,326,Texas State,fbs,Sun Belt,21,"[0, 0, 7, 14]",0.044339895248413086,1247,1233,2.6587089080248494,,,
401445218,2022,11,regular,2022-11-12T22:30:00.000Z,False,True,False,True,,5806,Whittier Field,340,Bowdoin,iii,NESCAC,21,"[14, 0, 0, 7]",,,,33,Colby,iii,NESCAC,14,"[14, 0, 0, 0]",,,,,,,
401432339,2022,11,regular,2022-11-12T23:00:00.000Z,False,True,False,True,,3705,Earl Kitchings Stadium,2206,Edward Waters,ii,SIAC,38,"[3, 14, 7, 14]",,,,2019,Allen,ii,SIAC,12,"[6, 0, 0, 6]",,,,,,,
401413252,2022,11,regular,2022-11-13T00:00:00.000Z,False,True,False,True,,3791,Kibbie Dome,70,Idaho,fcs,Big Sky,26,"[7, 0, 12, 7]",0.0027367286384105682,,,302,UC Davis,fcs,Big Sky,44,"[14, 17, 3, 10]",0.9972632713615894,,,6.279600765439301,,,
401432757,2022,11,regular,2022-11-13T00:00:00.000Z,False,True,False,True,,3671,Case Field,2963,Case Western Reserve,iii,Presidents',7,"[0, 0, 7, 0]",,,,2102,Carnegie Mellon,iii,Presidents',20,"[7, 7, 0, 6]",,,,,,,
401415258,2022,11,regular,2022-11-13T00:00:00.000Z,False,True,False,True,30300,5388,Canvas Stadium,36,Colorado State,fbs,Mountain West,13,"[7, 3, 0, 3]",0.5541389584541321,1208,1216,2751,Wyoming,fbs,Mountain West,14,"[0, 7, 0, 7]",0.4458610415458679,1408,1400,4.089825575575631,,,
401403944,2022,11,regular,2022-11-13T00:00:00.000Z,False,True,False,True,60352,3693,Davis Wade Stadium,344,Mississippi State,fbs,SEC,19,"[0, 12, 7, 0]",0.0159512460231781,1688,1672,61,Georgia,fbs,SEC,45,"[7, 10, 14, 14]",0.9840487539768219,2168,2184,3.8727744406690667,,,
401426604,2022,11,regular,2022-11-13T00:00:00.000Z,False,True,False,True,,218,FIU Stadium,2229,Florida International,fbs,Conference USA,7,"[0, 7, 0, 0]",0,960,882,2226,Florida Atlantic,fbs,Conference USA,52,"[21, 10, 14, 7]",1,1392,1470,5.573659253612268,,,
401431471,2022,11,regular,2022-11-13T00:00:00.000Z,False,True,False,True,,6064,Crain Family Stadium,319,Oklahoma Baptist,ii,Great American,21,"[0, 7, 7, 7]",,,,200,Southern Nazarene,ii,Great American,56,"[14, 14, 14, 14]",,,,,,,
401404111,2022,11,regular,2022-11-13T00:00:00.000Z,False,True,False,True,55613,3784,Jones AT&T Stadium,2641,Texas Tech,fbs,Big 12,43,"[17, 10, 0, 16]",0.9580448865890503,1551,1573,2305,Kansas,fbs,Big 12,28,"[7, 14, 0, 7]",0.04195511341094971,1451,1429,5.026678175669512,,,
401404037,2022,11,regular,2022-11-13T00:00:00.000Z,False,True,False,True,58756,3626,Autzen Stadium,2483,Oregon,fbs,Pac-12,34,"[3, 7, 21, 3]",0.6038363575935364,1742,1729,264,Washington,fbs,Pac-12,37,"[7, 6, 14, 10]",0.3961636424064636,1603,1616,7.615565015696023,,,
401423924,2022,11,regular,2022-11-13T00:00:00.000Z,False,True,False,True,,3631,BBVA Compass Stadium,2640,Texas Southern,fcs,SWAC,41,"[13, 8, 12, 8]",0.9676148295402527,,,2755,Grambling,fcs,SWAC,7,"[7, 0, 0, 0]",0.032385170459747314,,,2.6182531091514063,,,
401404109,2022,11,regular,2022-11-13T00:00:00.000Z,False,True,False,True,47686,4727,McLane Stadium,239,Baylor,fbs,Big 12,3,"[0, 3, 0, 0]",0.0037153700832277536,1785,1714,2306,Kansas State,fbs,Big 12,31,"[0, 17, 7, 7]",0.9962846299167722,1831,1902,2.8452644126116455,,,
401411164,2022,11,regular,2022-11-13T00:30:00.000Z,False,True,False,True,31346,3630,Allegacy Federal Credit Union Stadium,154,Wake Forest,fbs,ACC,34,"[7, 14, 13, 0]",0.3128625154495239,1667,1663,153,North Carolina,fbs,ACC,36,"[14, 13, 6, 3]",0.6871374845504761,1640,1644,7.676595485510266,,,
401403940,2022,11,regular,2022-11-13T00:30:00.000Z,False,True,False,True,87451,3785,Jordan-Hare Stadium,2,Auburn,fbs,SEC,13,"[7, 0, 3, 3]",1,1502,1504,245,Texas A&M,fbs,SEC,10,"[0, 0, 0, 10]",0,1603,1601,3.8866136810217635,,,
401404113,2022,11,regular,2022-11-13T00:30:00.000Z,False,True,False,True,104203,3910,DKR-Texas Memorial Stadium,251,Texas,fbs,Big 12,10,"[0, 0, 3, 7]",0.05890797823667526,1893,1862,2628,TCU,fbs,Big 12,17,"[0, 3, 7, 7]",0.9410920217633247,1677,1708,4.639655068944493,,,
401426371,2022,11,regular,2022-11-13T00:30:00.000Z,False,True,False,True,16203,3654,Brooks Stadium (SC),324,Coastal Carolina,fbs,Sun Belt,26,"[17, 0, 3, 6]",0.6398058533668518,1566,1563,2572,Southern Miss,fbs,Sun Belt,23,"[0, 17, 3, 3]",0.3601941466331482,1273,1276,5.919857635310966,,,
401411162,2022,11,regular,2022-11-13T01:00:00.000Z,False,True,False,True,45213,1964,JMA Wireless Dome,183,Syracuse,fbs,ACC,3,"[0, 3, 0, 0]",0.0019119358621537685,1547,1467,52,Florida State,fbs,ACC,38,"[14, 10, 14, 0]",0.9980880641378462,1708,1788,2.5245301816795322,,,
401413233,2022,11,regular,2022-11-13T01:00:00.000Z,False,True,False,True,,1027,Alex G. Spanos Stadium,13,Cal Poly,fcs,Big Sky,28,"[0, 14, 14, 0]",0.02546457014977932,,,147,Montana State,fcs,Big Sky,72,"[24, 27, 14, 7]",0.9745354298502207,,,2.77478471845058,,,
401431618,2022,11,regular,2022-11-13T01:00:00.000Z,False,True,False,False,,6076,Javelina Stadium,2658,Texas A&M-Kingsville,ii,Lone Star,37,"[14, 10, 10, 3]",,,,2848,Western Oregon,ii,Lone Star,48,"[13, 11, 10, 14]",,,,,,,
401404036,2022,11,regular,2022-11-13T02:00:00.000Z,False,True,False,True,28642,3893,Reser Stadium,204,Oregon State,fbs,Pac-12,38,"[14, 7, 10, 7]",1,1627,1680,25,California,fbs,Pac-12,10,"[0, 7, 0, 3]",0,1450,1397,2.434994181056462,,,
401431609,2022,11,regular,2022-11-13T02:00:00.000Z,False,True,True,False,,7365,Blaine High School,2829,Simon Fraser,ii,Lone Star,46,"[10, 22, 14, 0]",,,,2704,West Texas,ii,Lone Star,14,"[7, 0, 0, 7]",,,,,,,
401404038,2022,11,regular,2022-11-13T03:00:00.000Z,False,True,False,True,51951,587,Rice-Eccles Stadium,254,Utah,fbs,Pac-12,42,"[0, 14, 21, 7]",0.9932621717453003,1854,1881,24,Stanford,fbs,Pac-12,7,"[7, 0, 0, 0]",0.006737828254699707,1260,1233,3.4073487504671074,,,
401404034,2022,11,regular,2022-11-13T03:30:00.000Z,False,True,False,True,44430,1056,Rose Bowl,26,UCLA,fbs,Pac-12,28,"[0, 14, 7, 7]",0.008507930673658848,1738,1692,12,Arizona,fbs,Pac-12,34,"[14, 7, 0, 13]",0.9914920693263412,1322,1368,6.3633553003432715,,,
401415255,2022,11,regular,2022-11-13T03:30:00.000Z,False,True,False,True,14960,3816,Mackay Stadium,2440,Nevada,fbs,Mountain West,3,"[0, 3, 0, 0]",0.0029654139652848244,1344,1277,68,Boise State,fbs,Mountain West,41,"[14, 7, 17, 3]",0.9970345860347152,1685,1752,3.3501508930181436,,,
401415260,2022,11,regular,2022-11-13T03:30:00.000Z,False,True,False,True,28406,7311,Snapdragon Stadium,21,San Diego State,fbs,Mountain West,43,"[7, 17, 14, 5]",0.9955434203147888,1422,1467,23,San José State,fbs,Mountain West,27,"[14, 0, 6, 7]",0.004456579685211182,1534,1489,3.153435712633318,,,
401415257,2022,11,regular,2022-11-13T04:00:00.000Z,False,True,False,True,8862,7220,Clarence T.C. Ching Athletics Complex,62,Hawai'i,fbs,Mountain West,34,"[0, 10, 7, 17]",0.03539634123444557,1090,1100,328,Utah State,fbs,Mountain West,41,"[10, 14, 10, 7]",0.9646036587655544,1415,1405,5.650951909595597,,,
401416642,2022,12,regular,2022-11-16T00:00:00.000Z,False,True,False,True,20027,3739,Glass Bowl,2649,Toledo,fbs,Mid-American,35,"[0, 14, 0, 21]",0.316222608089447,1549,1496,189,Bowling Green,fbs,Mid-American,42,"[14, 7, 6, 15]",0.683777391910553,1096,1149,6.557533999035513,,,
401416643,2022,12,regular,2022-11-16T00:00:00.000Z,False,True,False,True,6722,3919,Scheumann Stadium,2050,Ball State,fbs,Mid-American,18,"[3, 0, 8, 7]",0.007501793093979359,1306,1288,195,Ohio,fbs,Mid-American,32,"[0, 17, 2, 13]",0.9924982069060206,1451,1469,4.729421129517697,,,
401416644,2022,12,regular,2022-11-16T23:00:00.000Z,False,True,False,True,3998,3696,Dix Stadium,2309,Kent State,fbs,Mid-American,24,"[7, 10, 0, 7]",0.16567782432272454,1355,1337,2199,Eastern Michigan,fbs,Mid-American,31,"[7, 0, 10, 14]",0.8343221756772754,1299,1317,6.0486682875,,,
401416646,2022,12,regular,2022-11-17T00:00:00.000Z,False,True,False,True,5187,3764,Huskie Stadium,2459,Northern Illinois,fbs,Mid-American,23,"[10, 0, 13, 0]",0.2742098569869995,1360,1350,193,Miami (OH),fbs,Mid-American,29,"[2, 14, 10, 3]",0.7257901430130005,1374,1384,5.973527214280696,,,
401416645,2022,12,regular,2022-11-17T01:00:00.000Z,False,True,False,True,10097,3786,Kelly/Shorts Stadium,2117,Central Michigan,fbs,Mid-American,10,"[7, 0, 3, 0]",0.34770065546035767,1361,1353,2711,Western Michigan,fbs,Mid-American,12,"[7, 0, 0, 5]",0.6522993445396423,1275,1283,6.194306961918896,,,
401462532,2022,12,regular,2022-11-18T00:00:00.000Z,False,True,False,True,,3779,Manning Field at John L. Guidry Stadium,2447,Nicholls,fcs,Southland,17,"[7, 10, 0, 0]",0.015126037411391735,,,2545,SE Louisiana,fcs,Southland,40,"[10, 20, 7, 3]",0.9848739625886083,,,4.35955523655082,,,
401415658,2022,12,regular,2022-11-18T00:30:00.000Z,False,True,False,True,20894,4729,Yulman Stadium,2655,Tulane,fbs,American Athletic,59,"[21, 7, 21, 10]",0.9949769377708435,1560,1665,2567,SMU,fbs,American Athletic,24,"[0, 7, 7, 10]",0.005023062229156494,1610,1505,2.8059243061645986,,,
401415659,2022,12,regular,2022-11-19T02:00:00.000Z,False,True,False,True,13819,3674,Chapman Stadium,202,Tulsa,fbs,American Athletic,48,"[7, 24, 7, 10]",0.9974341988563538,1343,1339,58,South Florida,fbs,American Athletic,42,"[10, 10, 15, 7]",0.0025658011436462402,1100,1104,6.321148858807047,,,
401415264,2022,12,regular,2022-11-19T02:45:00.000Z,False,True,False,True,14309,3971,University Stadium (NM),167,New Mexico,fbs,Mountain West,10,"[7, 3, 0, 0]",0.0029654139652848244,1072,1052,21,San Diego State,fbs,Mountain West,34,"[7, 14, 10, 3]",0.9970345860347152,1467,1487,3.501340797387757,,,
401415661,2022,12,regular,2022-11-19T16:00:00.000Z,False,True,False,True,44813,3652,FBC Mortgage Stadium,2116,UCF,fbs,American Athletic,14,"[0, 6, 8, 0]",0.07738366723060608,1694,1673,2426,Navy,fbs,American Athletic,17,"[7, 7, 3, 0]",0.9226163327693939,1441,1462,5.662359977832925,,,
401405142,2022,12,regular,2022-11-19T17:00:00.000Z,False,True,False,True,86068,3834,"Memorial Stadium (Lincoln, NE)",158,Nebraska,fbs,Big Ten,14,"[0, 7, 7, 0]",0.2486545294523239,1489,1499,275,Wisconsin,fbs,Big Ten,15,"[0, 0, 3, 12]",0.7513454705476761,1731,1721,4.773835044724653,,,
401504194,2022,12,regular,2022-11-19T17:00:00.000Z,False,True,False,False,,6124,Amos Alonzo Stagg Field (PA),216,Susquehanna,iii,Centennial,10,"[3, 0, 0, 7]",,,,390,Utica,iii,Empire 8,17,"[0, 3, 7, 7]",,,,,,Division III Championship - First Round,
401403946,2022,12,regular,2022-11-19T17:00:00.000Z,False,True,False,False,99639,3657,Bryant-Denny Stadium,333,Alabama,fbs,SEC,34,"[7, 10, 10, 7]",0.9868754744529724,2166,2166,2046,Austin Peay,fcs,Atlantic Sun,0,"[0, 0, 0, 0]",0.013124525547027588,,,3.112917066883353,,,
401420827,2022,12,regular,2022-11-19T17:00:00.000Z,False,True,False,True,,844,Stambaugh Stadium,2754,Youngstown State,fcs,MVFC,28,"[7, 0, 0, 21]",0.9657511115074158,,,79,Southern Illinois,fcs,MVFC,21,"[14, 0, 0, 7]",0.03424888849258423,,,6.185856249012652,,,
401418837,2022,12,regular,2022-11-19T17:00:00.000Z,False,True,False,True,,3744,Hancock Stadium,2287,Illinois State,fcs,MVFC,20,"[7, 6, 0, 0, 7]",0.49683457271241865,,,2710,Western Illinois,fcs,MVFC,13,"[0, 7, 3, 3, 0]",0.5031654272875814,,,8.9069162008,,,
401420787,2022,12,regular,2022-11-19T17:00:00.000Z,False,True,False,True,,3762,Hughes Stadium,2415,Morgan State,fcs,MEAC,6,"[0, 0, 0, 6]",0.02786881849169731,,,47,Howard,fcs,MEAC,35,"[7, 7, 7, 14]",0.9721311815083027,,,3.5877772721779384,,,
401413212,2022,12,regular,2022-11-19T17:00:00.000Z,False,True,False,True,,3868,Paladin Stadium,231,Furman,fcs,Southern,63,"[21, 21, 21, 0]",0.9936015009880066,,,2747,Wofford,fcs,Southern,28,"[14, 7, 0, 7]",0.006398499011993408,,,3.195702257424555,,,
401405146,2022,12,regular,2022-11-19T17:00:00.000Z,False,True,False,True,56136,3936,Spartan Stadium,127,Michigan State,fbs,Big Ten,31,"[3, 21, 7, 0, 0, 0]",0.19470158219337463,1598,1555,84,Indiana,fbs,Big Ten,39,"[7, 0, 17, 7, 0, 8]",0.8052984178066254,1295,1338,7.416732873576314,,,
401411169,2022,12,regular,2022-11-19T17:00:00.000Z,False,True,False,True,45362,3752,Acrisure Stadium,221,Pittsburgh,fbs,ACC,28,"[10, 10, 0, 8]",0.8977767825126648,1655,1653,150,Duke,fbs,ACC,26,"[7, 7, 0, 12]",0.1022232174873352,1460,1462,5.037850224765783,,,
401504175,2022,12,regular,2022-11-19T17:00:00.000Z,False,True,False,False,,3848,Multi-Sport Stadium,2038,Assumption,ii,Northeast 10,14,"[0, 7, 7, 0]",,,,215,Slippery Rock,ii,Pennsylvania State Athletic,17,"[7, 10, 0, 0]",,,,,,Division II Championship - First Round,
401504192,2022,12,regular,2022-11-19T17:00:00.000Z,False,True,False,False,,5862,Butterfield Stadium,175,Ithaca,iii,Liberty League,63,"[21, 21, 0, 21]",,,,379,UMass Dartmouth,iii,MSCAC,20,"[0, 0, 6, 14]",,,,,,Division III Championship - First Round,
401404165,2022,12,regular,2022-11-19T17:00:00.000Z,False,True,False,False,23055,3992,Williams Stadium (VA),2335,Liberty,fbs,FBS Independents,22,"[7, 10, 5, 0]",0.01840285025537014,1631,1612,259,Virginia Tech,fbs,ACC,23,"[7, 10, 0, 6]",0.9815971497446299,1299,1318,6.898209450640993,,,
401428221,2022,12,regular,2022-11-19T17:00:00.000Z,False,True,False,True,,3710,Ernest W. Spangler Stadium,2241,Gardner-Webb,fcs,Big South,38,"[3, 21, 7, 7]",0.9621233344078064,,,2448,North Carolina A&T,fcs,Big South,17,"[7, 7, 3, 0]",0.037876665592193604,,,5.694961080233442,,,
401404143,2022,12,regular,2022-11-19T17:00:00.000Z,False,True,False,False,31229,3841,Michie Stadium,349,Army,fbs,FBS Independents,34,"[7, 6, 14, 7]",0.9575457572937012,1447,1456,41,UConn,fbs,FBS Independents,17,"[3, 7, 7, 0]",0.04245424270629883,1137,1128,4.008399796834302,,,
401404114,2022,12,regular,2022-11-19T17:00:00.000Z,False,True,False,True,44393,4727,McLane Stadium,239,Baylor,fbs,Big 12,28,"[7, 7, 0, 14]",0.41826462745666504,1714,1713,2628,TCU,fbs,Big 12,29,"[7, 7, 6, 9]",0.581735372543335,1708,1709,6.636245909613604,,,
401424453,2022,12,regular,2022-11-19T17:00:00.000Z,False,True,False,True,,3607,Alfond Stadium,311,Maine,fcs,CAA,41,"[0, 14, 7, 14, 6]",,,,160,New Hampshire,fcs,CAA,42,"[7, 14, 7, 7, 7]",,,,,,,
401403951,2022,12,regular,2022-11-19T17:00:00.000Z,False,True,False,False,49117,3693,Davis Wade Stadium,344,Mississippi State,fbs,SEC,56,"[14, 21, 14, 7]",0.982629656791687,1644,1644,2193,East Tennessee State,fcs,Southern,7,"[0, 0, 0, 7]",0.01737034320831299,,,1.941123222111762,,,
401428474,2022,12,regular,2022-11-19T17:00:00.000Z,False,True,False,True,,3777,Joe Walton Stadium,2523,Robert Morris,fcs,Big South,6,"[0, 0, 0, 6]",0.028163043782114983,,,2803,Bryant,fcs,Big South,35,"[0, 14, 14, 7]",0.971836956217885,,,3.937366629411554,,,
401405145,2022,12,regular,2022-11-19T17:00:00.000Z,False,True,False,True,110433,3558,Michigan Stadium,130,Michigan,fbs,Big Ten,19,"[7, 0, 3, 9]",0.8539328575134277,2080,2075,356,Illinois,fbs,Big Ten,17,"[0, 3, 14, 0]",0.14606714248657227,1702,1707,6.01251291759101,,,
401423424,2022,12,regular,2022-11-19T17:00:00.000Z,False,True,False,True,,3668,Campus Field,2529,Sacred Heart,fcs,NEC,34,"[0, 10, 7, 17]",0.21841710805892944,,,2341,Long Island University,fcs,NEC,37,"[7, 14, 16, 0]",0.7815828919410706,,,7.050762946959757,,,
401424393,2022,12,regular,2022-11-19T17:00:00.000Z,False,True,False,True,,2068,E. Claiborne Robins Stadium,257,Richmond,fcs,CAA,26,"[6, 7, 7, 6]",0.062360797077417374,,,2729,William & Mary,fcs,CAA,37,"[7, 10, 14, 6]",0.9376392029225826,,,4.783834346884002,,,
401423143,2022,12,regular,2022-11-19T17:00:00.000Z,False,True,False,True,,3664,Butler Bowl,2086,Butler,fcs,Pioneer,13,"[0, 0, 7, 6]",0.027953382581472397,,,2900,St. Thomas (MN),fcs,Pioneer,27,"[14, 0, 3, 10]",0.9720466174185276,,,3.1389515804442696,,,
401421102,2022,12,regular,2022-11-19T17:00:00.000Z,False,True,False,True,,3774,Jayne Stadium,2413,Morehead State,fcs,Pioneer,9,"[0, 0, 9, 0]",0.3551486134529114,,,301,San Diego,fcs,Pioneer,14,"[7, 7, 0, 0]",0.6448513865470886,,,5.710213178128564,,,
401411166,2022,12,regular,2022-11-19T17:00:00.000Z,False,True,False,False,58597,3697,Doak Campbell Stadium,52,Florida State,fbs,ACC,49,"[21, 14, 14, 0]",0.9919674396514893,1788,1851,309,Louisiana,fbs,Sun Belt,17,"[0, 3, 0, 14]",0.008032560348510742,1590,1527,1.80031615189449,,,
401405143,2022,12,regular,2022-11-19T17:00:00.000Z,False,True,False,True,54016,3907,Ross-Ade Stadium,2509,Purdue,fbs,Big Ten,17,"[7, 7, 0, 3]",0.948303759098053,1622,1616,77,Northwestern,fbs,Big Ten,9,"[0, 3, 0, 6]",0.05169624090194702,1312,1318,3.3121868109618386,,,
401403954,2022,12,regular,2022-11-19T17:00:00.000Z,False,True,False,False,90177,3795,Kyle Field,245,Texas A&M,fbs,SEC,20,"[3, 7, 3, 7]",1,1601,1579,113,Massachusetts,fbs,FBS Independents,3,"[0, 3, 0, 0]",0,877,899,3.892276556992265,,,
401504196,2022,12,regular,2022-11-19T17:00:00.000Z,False,True,False,False,,5833,Robert A. Lipinski Field at James Work Memorial Stadium,2808,Delaware Valley,iii,Mid Atlantic,59,"[19, 6, 14, 20]",,,,417,Gallaudet,iii,ECFC,0,"[0, 0, 0, 0]",,,,,,Division III Championship - First Round,
401421145,2022,12,regular,2022-11-19T17:00:00.000Z,False,True,False,True,,3597,Alumni Memorial Field,2678,VMI,fcs,Southern,22,"[3, 0, 19, 0]",0.03749822825193405,,,2643,The Citadel,fcs,Southern,26,"[0, 14, 0, 12]",0.962501771748066,,,7.033238450446387,,,
401403955,2022,12,regular,2022-11-19T17:00:00.000Z,False,True,False,True,30136,3973,FirstBank Stadium,238,Vanderbilt,fbs,SEC,31,"[0, 14, 14, 3]",0.9300811886787415,1298,1332,57,Florida,fbs,SEC,24,"[3, 3, 6, 12]",0.06991881132125854,1683,1649,4.456958694485075,,,
401418602,2022,12,regular,2022-11-19T17:00:00.000Z,False,True,False,True,,3750,Harvard Stadium,108,Harvard,fcs,Ivy,14,"[0, 7, 0, 7]",0.040997058153152466,,,43,Yale,fcs,Ivy,19,"[7, 3, 3, 6]",0.9590029418468475,,,5.982538313037227,,,
401504195,2022,12,regular,2022-11-19T17:00:00.000Z,False,True,False,False,,6105,Day Field,2516,Randolph Macon,iii,Old Dominion,35,"[7, 14, 7, 7]",,,,2782,SUNY Cortland,iii,Empire 8,28,"[7, 21, 0, 0]",,,,,,Division III Championship - First Round,
401423432,2022,12,regular,2022-11-19T17:00:00.000Z,False,True,False,True,,6048,Duane Stadium,2771,Merrimack,fcs,NEC,23,"[0, 7, 0, 16]",,,,2598,Saint Francis,fcs,NEC,52,"[14, 24, 14, 0]",,,,0.8952685672,,,
401504174,2022,12,regular,2022-11-19T17:00:00.000Z,False,True,False,False,,5133,Ram Stadium (WV),2974,Shepherd,ii,Pennsylvania State Athletic,16,"[7, 0, 9, 0]",,,,2441,New Haven,ii,Northeast 10,13,"[6, 0, 0, 7]",,,,,,Division II Championship - First Round,
401504187,2022,12,regular,2022-11-19T17:00:00.000Z,False,True,False,False,,5790,Bahlke Field,2800,Alma,iii,Michigan,41,"[14, 7, 7, 13]",,,,2419,Mount St Joseph,iii,Heartland,21,"[6, 15, 0, 0]",,,,,,Division III Championship - First Round,
401504190,2022,12,regular,2022-11-19T17:00:00.000Z,False,True,False,False,,5814,Gesling Stadium,2102,Carnegie Mellon,iii,Presidents',45,"[14, 14, 0, 17]",,,,83,DePauw,iii,North Coast,14,"[7, 0, 7, 0]",,,,,,Division III Championship - First Round,
401504193,2022,12,regular,2022-11-19T17:00:00.000Z,False,True,False,False,,4856,Mount Union Stadium,426,Mount Union,iii,Ohio,51,"[7, 20, 7, 17]",,,,2532,Salisbury,iii,New Jersey,0,"[0, 0, 0, 0]",,,,,,Division III Championship - First Round,
401504191,2022,12,regular,2022-11-19T17:00:00.000Z,False,True,False,False,,3709,Hempstead Stadium,452,Endicott,iii,Commonwealth Coast,14,"[0, 0, 7, 7]",,,,81,Springfield,iii,NEWMAC,17,"[7, 0, 7, 3]",,,,,,Division III Championship - First Round,
401423438,2022,12,regular,2022-11-19T17:00:00.000Z,False,True,False,True,,3623,Arthur J. Rooney Athletic Field,2184,Duquesne,fcs,NEC,33,"[7, 17, 9, 0]",0.99483722448349,,,2681,Wagner,fcs,NEC,0,"[0, 0, 0, 0]",0.00516277551651001,,,2.923768748450429,,,
401424411,2022,12,regular,2022-11-19T17:00:00.000Z,False,True,False,True,,5389,Kessler Stadium,2405,Monmouth,fcs,CAA,24,"[14, 3, 0, 7]",0.6765416860580444,,,2619,Stony Brook,fcs,CAA,21,"[0, 7, 7, 7]",0.32345831394195557,,,3.851321003984257,,,
401422995,2022,12,regular,2022-11-19T17:30:00.000Z,False,True,False,True,,3721,Fisher Field,322,Lafayette,fcs,Patriot,14,"[14, 0, 0, 0]",0.7522003650665283,,,2329,Lehigh,fcs,Patriot,11,"[0, 3, 0, 8]",0.24779963493347168,,,3.3979875495121328,,,
401425417,2022,12,regular,2022-11-19T17:30:00.000Z,False,True,False,True,,3847,Cooper Field,46,Georgetown,fcs,Patriot,10,"[7, 3, 0, 0]",0.01053752563893795,,,107,Holy Cross,fcs,Patriot,47,"[14, 20, 7, 6]",0.989462474361062,,,3.6313954387285485,,,
401421115,2022,12,regular,2022-11-19T18:00:00.000Z,False,True,False,True,,3655,Brown Field,2674,Valparaiso,fcs,Pioneer,0,"[0, 0, 0, 0]",0.05887124687433243,,,2181,Drake,fcs,Pioneer,24,"[7, 10, 0, 7]",0.9411287531256676,,,3.4236961038586755,,,
401424450,2022,12,regular,2022-11-19T18:00:00.000Z,False,True,False,True,,3824,Meade Stadium,227,Rhode Island,fcs,CAA,35,"[0, 21, 7, 7]",0.8371114134788513,,,399,UAlbany,fcs,CAA,21,"[7, 0, 7, 7]",0.16288858652114868,,,4.196330486064389,,,
401423917,2022,12,regular,2022-11-19T18:00:00.000Z,False,True,False,True,,3881,Princeton University Stadium,163,Princeton,fcs,Ivy,19,"[6, 6, 7, 0]",0.543576180934906,,,219,Pennsylvania,fcs,Ivy,20,"[0, 7, 0, 13]",0.456423819065094,,,4.857737612613903,,,
401424451,2022,12,regular,2022-11-19T18:00:00.000Z,False,True,False,True,,717,Villanova Stadium,222,Villanova,fcs,CAA,29,"[7, 7, 7, 8]",0.9231747984886169,,,48,Delaware,fcs,CAA,26,"[7, 9, 7, 3]",0.07682520151138306,,,7.036803822202357,,,
401422927,2022,12,regular,2022-11-19T18:00:00.000Z,False,True,False,True,,3925,Seibert Stadium,2535,Samford,fcs,Southern,50,"[14, 6, 7, 10, 7, 6]",0.7723427414894104,,,2382,Mercer,fcs,Southern,44,"[17, 0, 3, 17, 7, 0]",0.2276572585105896,,,8.430907808600931,,,
401424452,2022,12,regular,2022-11-19T18:00:00.000Z,False,True,False,True,,3781,Johnny Unitas Stadium,119,Towson,fcs,CAA,27,"[7, 10, 3, 7]",0.9984931349754333,,,2261,Hampton,fcs,CAA,7,"[0, 7, 0, 0]",0.0015068650245666504,,,3.1807576740374146,,,
401418844,2022,12,regular,2022-11-19T18:00:00.000Z,False,True,False,True,,3829,Memorial Stadium,282,Indiana State,fcs,MVFC,7,"[0, 7, 0, 0]",0.057634320110082626,,,2623,Missouri State,fcs,MVFC,24,"[7, 3, 0, 14]",0.9423656798899174,,,3.1719538253565847,,,
401421136,2022,12,regular,2022-11-19T18:00:00.000Z,False,True,False,True,,3704,E. J. Whitmire Stadium,2717,Western Carolina,fcs,Southern,32,"[7, 7, 7, 11]",0.9186578989028931,,,236,Chattanooga,fcs,Southern,29,"[7, 7, 9, 6]",0.08134210109710693,,,10.906404639113713,,,
401423151,2022,12,regular,2022-11-19T18:00:00.000Z,False,True,False,True,,3897,Richardson Stadium,2166,Davidson,fcs,Pioneer,24,"[7, 3, 14, 0]",0.9564293026924133,,,2168,Dayton,fcs,Pioneer,23,"[7, 3, 7, 6]",0.04357069730758667,,,5.544670281265224,,,
401504189,2022,12,regular,2022-11-19T18:00:00.000Z,False,True,False,False,,980,Benedetti-Wehrli Stadium,3071,North Central College,iii,CCIW,50,"[14, 21, 8, 7]",,,,262,Lake Forest,iii,Midwest,0,"[0, 0, 0, 0]",,,,,,Division III Championship - First Round,
401504188,2022,12,regular,2022-11-19T18:00:00.000Z,False,True,False,False,,4854,Perkins Stadium,2745,Wisconsin Whitewater,iii,Wisconsin,28,"[7, 7, 0, 14]",,,,2044,Aurora,iii,NACC,33,"[7, 14, 6, 6]",,,,,,Division III Championship - First Round,
401441290,2022,12,regular,2022-11-19T18:00:00.000Z,False,True,False,True,,6075,W.B. Mason Stadium,284,Stonehill,fcs,NEC,14,"[7, 7, 0, 0]",,,,2115,Central Connecticut,fcs,NEC,39,"[6, 6, 20, 7]",,,,,,,
401428482,2022,12,regular,2022-11-19T18:00:00.000Z,False,True,False,True,,150,Jack Coffey Field,2230,Fordham,fcs,Patriot,52,"[14, 14, 10, 14]",0.847398042678833,,,2142,Colgate,fcs,Patriot,38,"[10, 14, 0, 14]",0.152601957321167,,,6.193573407423999,,,
401504199,2022,12,regular,2022-11-19T18:00:00.000Z,False,True,False,False,,5115,McCully Stadium,396,Wheaton (IL),iii,CCIW,32,"[0, 12, 7, 13]",,,,2802,Bethel (MN),iii,Minnesota,34,"[14, 0, 14, 6]",,,,,,Division III Championship - First Round,
401415204,2022,12,regular,2022-11-19T18:00:00.000Z,False,True,False,True,,3802,Lawrence A. Wien Stadium,171,Columbia,fcs,Ivy,45,"[7, 7, 14, 17]",0.99085533618927,,,172,Cornell,fcs,Ivy,22,"[0, 7, 0, 15]",0.00914466381072998,,,4.4805391242300345,,,
401504181,2022,12,regular,2022-11-19T18:00:00.000Z,False,True,True,False,,6036,Blue Wahoos Stadium,110242,West Florida,ii,Gulf South,45,"[7, 17, 7, 14]",,,,2336,Limestone,ii,South Atlantic,19,"[0, 6, 13, 0]",,,,,,Division II Championship - First Round,
401422986,2022,12,regular,2022-11-19T18:00:00.000Z,False,True,False,False,,3676,Christy Mathewson-Memorial Stadium,2083,Bucknell,fcs,Patriot,24,"[3, 0, 7, 14]",0.9963870644569397,,,2368,Marist,fcs,Pioneer,13,"[7, 6, 0, 0]",0.0036129355430603027,,,5.34585302324718,,,
401423417,2022,12,regular,2022-11-19T18:00:00.000Z,False,True,False,True,,4416,Spec Martin Municipal Stadium,56,Stetson,fcs,Pioneer,42,"[7, 7, 14, 14]",0.9649707078933716,,,2506,Presbyterian,fcs,Pioneer,21,"[0, 7, 7, 7]",0.03502929210662842,,,6.286632651892501,,,
401504173,2022,12,regular,2022-11-19T18:00:00.000Z,False,True,False,False,,3770,Jack Miller Stadium,308,Ashland,ii,Great Midwest Athletic,20,"[0, 10, 7, 3]",,,,587,Notre Dame College,ii,Mountain East,13,"[3, 0, 3, 7]",,,,,,Division II Championship - First Round,
401504179,2022,12,regular,2022-11-19T18:00:00.000Z,False,True,False,False,,6032,Hovey Field,2676,Virginia Union,ii,CIAA,7,"[0, 0, 7, 0]",,,,351,Wingate,ii,South Atlantic,32,"[7, 13, 9, 3]",,,,,,Division II Championship - First Round,
401504177,2022,12,regular,2022-11-19T18:00:00.000Z,False,True,False,True,,3960,Top Taggart Field,2222,Ferris State,ii,GLIAC,41,"[6, 14, 7, 14]",,,,110254,Davenport,ii,GLIAC,7,"[0, 7, 0, 0]",,,,,,Division II Championship - First Round,
401504185,2022,12,regular,2022-11-19T18:00:00.000Z,False,True,False,False,,5117,Clemens Stadium,2600,Saint John's (MN),iii,Minnesota,49,"[7, 28, 7, 7]",,,,583,Northwestern (MN),iii,Upper Midwest,0,"[0, 0, 0, 0]",,,,,,Division III Championship - First Round,
401504198,2022,12,regular,2022-11-19T18:00:00.000Z,False,True,False,False,,4463,Crusader Stadium,2371,Mary Hardin Baylor,iii,American Southwest,54,"[14, 7, 21, 12]",,,,2938,Huntingdon,iii,USA South,0,"[0, 0, 0, 0]",,,,,,Division III Championship - First Round,
401504197,2022,12,regular,2022-11-19T18:00:00.000Z,False,True,False,False,,6132,Trinity University Stadium,386,Trinity (TX),iii,Southern Athletic,14,"[0, 0, 7, 7]",,,,2810,Hardin Simmons,iii,American Southwest,7,"[0, 7, 0, 0]",,,,,,Division III Championship - First Round,
401420872,2022,12,regular,2022-11-19T18:00:00.000Z,False,True,False,True,,3647,Elliott T. Bowers Stadium,2534,Sam Houston,fcs,Western Athletic,7,"[0, 7, 0, 0]",0.631074070930481,,,253,Southern Utah,fcs,Western Athletic,17,"[10, 0, 7, 0]",0.36892592906951904,,,4.911053044696104,,,
401504186,2022,12,regular,2022-11-19T18:00:00.000Z,False,True,False,False,,6137,Walston-Hoover Stadium,2685,Wartburg,iii,American Rivers,14,"[7, 0, 7, 0]",,,,2740,Wisconsin La Crosse,iii,Wisconsin,6,"[0, 6, 0, 0]",,,,,,Division III Championship - First Round,
401504184,2022,12,regular,2022-11-19T18:00:00.000Z,False,True,False,True,,3641,Blakeslee Stadium,2364,Minnesota State,ii,Northern Sun,26,"[0, 3, 16, 7]",,,,2844,Wayne State (NE),ii,Northern Sun,9,"[0, 3, 0, 6]",,,,,,Division II Championship - First Round,
401426611,2022,12,regular,2022-11-19T18:00:00.000Z,False,True,False,True,18249,3895,Rice Stadium,242,Rice,fbs,Conference USA,7,"[0, 0, 0, 7]",0.023717554286122322,1099,1064,2636,UTSA,fbs,Conference USA,41,"[21, 7, 13, 0]",0.9762824457138777,1613,1648,2.5169831262906244,,,
401420796,2022,12,regular,2022-11-19T18:30:00.000Z,False,True,False,True,,3864,Oliver C. Dawson Stadium,2569,South Carolina State,fcs,MEAC,38,"[14, 14, 7, 3]",,,,2450,Norfolk State,fcs,MEAC,42,"[14, 14, 0, 14]",,,,,,,
401415195,2022,12,regular,2022-11-19T18:30:00.000Z,False,True,False,True,,3826,Memorial Field,159,Dartmouth,fcs,Ivy,30,"[7, 13, 0, 10]",,,,225,Brown,fcs,Ivy,7,"[0, 0, 0, 7]",,,,,,,
401425455,2022,12,regular,2022-11-19T19:00:00.000Z,False,True,False,True,,7003,Houck Field,2546,Southeast Missouri State,fcs,OVC,52,"[21, 10, 14, 7]",0.9944280385971069,,,93,Murray State,fcs,OVC,22,"[3, 6, 6, 7]",0.005571961402893066,,,2.203705726815747,,,
401425421,2022,12,regular,2022-11-19T19:00:00.000Z,False,True,False,True,,3896,Rice-Totten Field,2400,Mississippi Valley State,fcs,SWAC,27,"[0, 0, 17, 10]",,,,2504,Prairie View A&M,fcs,SWAC,7,"[7, 0, 0, 0]",,,,,,,
401504183,2022,12,regular,2022-11-19T19:00:00.000Z,False,True,False,True,,5883,Marv Kay Stadium at Campbell Field,2146,Colorado School of Mines,ii,Rocky Mountain,45,"[14, 10, 14, 7]",,,,2570,CSU Pueblo,ii,Rocky Mountain,24,"[3, 7, 7, 7]",,,,,,Division II Championship - First Round,
401504176,2022,12,regular,2022-11-19T19:00:00.000Z,False,True,False,False,,6065,Cliff Harris Stadium,2888,Ouachita Baptist,ii,Great American,17,"[3, 0, 0, 14]",,,,138,Northwest Missouri State,ii,Mid America,47,"[7, 16, 17, 7]",,,,,,Division II Championship - First Round,
401504182,2022,12,regular,2022-11-19T19:00:00.000Z,False,True,False,True,,5874,Chet Anderson Stadium,132,Bemidji State,ii,Northern Sun,31,"[0, 0, 24, 7]",,,,2851,Winona State,ii,Northern Sun,7,"[0, 0, 0, 7]",,,,,,Division II Championship - First Round,
401504178,2022,12,regular,2022-11-19T19:00:00.000Z,False,True,False,False,,6067,Carnie Smith Stadium,90,Pittsburg State,ii,Mid America,35,"[14, 14, 0, 7]",,,,2292,Indianapolis,ii,Great Lakes,0,"[0, 0, 0, 0]",,,,,,Division II Championship - First Round,
401504180,2022,12,regular,2022-11-19T19:00:00.000Z,False,True,False,False,,5935,Parker Field at McCool Stadium,2170,Delta State,ii,Gulf South,51,"[21, 17, 6, 7]",,,,2220,Fayetteville State,ii,CIAA,0,"[0, 0, 0, 0]",,,,,,Division II Championship - First Round,
401415660,2022,12,regular,2022-11-19T19:00:00.000Z,False,True,False,True,42475,3699,Dowdy-Ficklen Stadium,151,East Carolina,fbs,American Athletic,3,"[0, 0, 3, 0]",0.01872917264699936,1587,1459,248,Houston,fbs,American Athletic,42,"[7, 14, 14, 7]",0.9812708273530006,1517,1645,2.9866040136310437,,,
401426378,2022,12,regular,2022-11-19T19:00:00.000Z,False,True,False,True,20055,3651,Bridgeforth Stadium,256,James Madison,fbs,Sun Belt,42,"[7, 7, 21, 7]",0.6538992524147034,1539,1539,2247,Georgia State,fbs,Sun Belt,40,"[10, 24, 0, 6]",0.34610074758529663,1488,1488,5.818546783404318,,,
401413339,2022,12,regular,2022-11-19T19:00:00.000Z,False,True,False,True,,3643,Bobcat Stadium,147,Montana State,fcs,Big Sky,55,"[21, 10, 10, 14]",0.9901556968688965,,,149,Montana,fcs,Big Sky,21,"[7, 0, 0, 14]",0.009844303131103516,,,3.0632613778149858,,,
401404039,2022,12,regular,2022-11-19T19:00:00.000Z,False,True,False,True,40717,3619,Arizona Stadium,12,Arizona,fbs,Pac-12,20,"[0, 6, 0, 14]",0,1368,1372,265,Washington State,fbs,Pac-12,31,"[7, 14, 10, 0]",1,1693,1689,3.65744593040375,,,
401420854,2022,12,regular,2022-11-19T19:00:00.000Z,False,True,False,False,,3963,Harry Turpin Stadium,2466,Northwestern State,fcs,Southland,7,"[7, 0, 0, 0]",0.0006810801569372416,,,2916,Incarnate Word,fcs,Southland,66,"[14, 17, 21, 14]",0.9993189198430628,,,3.9981436733010227,,,
401415662,2022,12,regular,2022-11-19T19:00:00.000Z,False,True,False,False,24154,3805,Simmons Bank Liberty Stadium,235,Memphis,fbs,American Athletic,59,"[14, 24, 14, 7]",0.9855890870094299,1506,1506,2453,North Alabama,fcs,Atlantic Sun,0,"[0, 0, 0, 0]",0.014410912990570068,,,2.0506816044862175,,,
401404117,2022,12,regular,2022-11-19T19:00:00.000Z,False,True,False,True,37055,3842,Milan Puskar Stadium,277,West Virginia,fbs,Big 12,31,"[19, 6, 0, 6]",0,1379,1387,2306,Kansas State,fbs,Big 12,48,"[28, 13, 0, 7]",1,1902,1894,4.108491599412188,,,
401420831,2022,12,regular,2022-11-19T19:00:00.000Z,False,True,False,True,,1905,DakotaDome,233,South Dakota,fcs,MVFC,14,"[0, 7, 0, 7]",0,,,2460,Northern Iowa,fcs,MVFC,58,"[21, 28, 6, 3]",1,,,1.9209865327461535,,,
401425518,2022,12,regular,2022-11-19T19:00:00.000Z,False,True,False,False,,3613,Alumni Stadium,2169,Delaware State,fcs,MEAC,7,"[0, 0, 0, 7]",0.04075231775641441,,,2097,Campbell,fcs,Big South,34,"[10, 17, 7, 0]",0.9592476822435856,,,3.526493917879416,,,
401423447,2022,12,regular,2022-11-19T19:00:00.000Z,False,True,False,True,,3809,Louis Crews Stadium,2010,Alabama A&M,fcs,SWAC,24,"[0, 3, 0, 21]",0.7510719299316406,,,2640,Texas Southern,fcs,SWAC,20,"[0, 8, 6, 6]",0.24892807006835938,,,6.269387729872182,,,
401404040,2022,12,regular,2022-11-19T19:15:00.000Z,False,True,False,True,39551,3947,Mountain America Stadium,9,Arizona State,fbs,Pac-12,7,"[0, 7, 0, 0]",0,1489,1448,204,Oregon State,fbs,Pac-12,31,"[7, 7, 14, 3]",1,1680,1721,4.157728621347976,,,
401426376,2022,12,regular,2022-11-19T19:30:00.000Z,False,True,False,True,32096,3792,Kidd Brewer Stadium,2026,App State,fbs,Sun Belt,27,"[10, 14, 3, 0]",0.942491888999939,1594,1597,295,Old Dominion,fbs,Sun Belt,14,"[0, 0, 0, 14]",0.057508111000061035,1315,1312,2.485709215932702,,,
401404132,2022,12,regular,2022-11-19T19:30:00.000Z,False,True,False,False,73503,3855,Notre Dame Stadium,87,Notre Dame,fbs,FBS Independents,44,"[17, 20, 7, 0]",0.9933632612228394,1831,1889,103,Boston College,fbs,ACC,0,"[0, 0, 0, 0]",0.0066367387771606445,1279,1221,1.8285738354290662,,,
401420805,2022,12,regular,2022-11-19T19:30:00.000Z,False,True,False,False,,3962,Tucker Stadium,2635,Tennessee Tech,fcs,OVC,20,"[0, 7, 7, 6]",0.22962762415409088,,,2428,North Carolina Central,fcs,MEAC,22,"[10, 3, 0, 9]",0.7703723758459091,,,5.764784438209136,,,
401424942,2022,12,regular,2022-11-19T19:30:00.000Z,False,True,True,True,,4013,Camping World Stadium,50,Florida A&M,fcs,SWAC,41,"[13, 14, 0, 14]",,,,2065,Bethune-Cookman,fcs,SWAC,20,"[0, 7, 7, 6]",,,,,,,
401504200,2022,12,regular,2022-11-19T20:00:00.000Z,False,True,False,False,,5119,Maxwell Field,203,Linfield,iii,Northwest,51,"[10, 10, 7, 24]",,,,2923,Pomona Pitzer,iii,So. Cal.,24,"[7, 7, 10, 0]",,,,,,Division III Championship - First Round,
401420845,2022,12,regular,2022-11-19T20:00:00.000Z,False,True,False,True,,3748,Graham Stadium,2630,UT Martin,fcs,OVC,34,"[14, 7, 6, 7]",1,,,2197,Eastern Illinois,fcs,OVC,31,"[17, 0, 7, 7]",0,,,5.669492836848147,,,
401424935,2022,12,regular,2022-11-19T20:00:00.000Z,False,True,False,True,,3771,Jack Spinks Stadium,2016,Alcorn State,fcs,SWAC,13,"[0, 7, 3, 3]",0.4864548146724701,,,2296,Jackson State,fcs,SWAC,24,"[3, 14, 0, 7]",0.5135451853275299,,,5.375606398842773,,,
401415175,2022,12,regular,2022-11-19T20:00:00.000Z,False,True,False,True,,2023,Walkup Skydome,2464,Northern Arizona,fcs,Big Sky,31,"[0, 21, 0, 10]",0.6912316679954529,,,2692,Weber State,fcs,Big Sky,33,"[14, 7, 6, 6]",0.3087683320045471,,,6.841492326174597,,,
401418801,2022,12,regular,2022-11-19T20:00:00.000Z,False,True,False,False,,3827,"Memorial Stadium (Stephenville, TX)",2627,Tarleton State,fcs,Western Athletic,49,"[28, 7, 14, 0]",0.9918441772460938,,,2277,Houston Christian,fcs,Southland,7,"[0, 7, 0, 0]",0.00815582275390625,,,2.3859643543747344,,,
401418643,2022,12,regular,2022-11-19T20:00:00.000Z,False,True,False,True,,3908,Roy Kidd Stadium,2198,Eastern Kentucky,fcs,Atlantic Sun,45,"[9, 14, 15, 7]",0.8165985345840454,,,338,Kennesaw State,fcs,Atlantic Sun,38,"[14, 0, 10, 14]",0.1834014654159546,,,4.399082963300758,,,
401413253,2022,12,regular,2022-11-19T20:00:00.000Z,False,True,False,True,,1930,Holt Arena,304,Idaho State,fcs,Big Sky,7,"[7, 0, 0, 0]",,,,70,Idaho,fcs,Big Sky,38,"[7, 17, 7, 7]",,,,,,,
401421127,2022,12,regular,2022-11-19T20:00:00.000Z,False,True,False,False,,4762,Memorial Stadium (Commerce TX),2837,East Texas A&M,fcs,Southland,14,"[7, 0, 7, 0]",0.38348478078842163,,,2634,Tennessee State,fcs,OVC,22,"[7, 12, 3, 0]",0.6165152192115784,,,4.482278490694869,,,
401411165,2022,12,regular,2022-11-19T20:30:00.000Z,False,True,False,True,81340,3836,"Memorial Stadium (Clemson, SC)",228,Clemson,fbs,ACC,40,"[14, 10, 2, 14]",1,1802,1834,2390,Miami,fbs,ACC,10,"[0, 0, 3, 7]",0,1383,1351,1.9302606272711142,,,
401404116,2022,12,regular,2022-11-19T20:30:00.000Z,False,True,False,True,38246,3833,Memorial Stadium,2305,Kansas,fbs,Big 12,14,"[0, 0, 7, 7]",0.06252466142177582,1429,1364,251,Texas,fbs,Big 12,55,"[14, 17, 10, 14]",0.9374753385782242,1862,1927,2.136811953022644,,,
401405144,2022,12,regular,2022-11-19T20:30:00.000Z,False,True,False,True,41969,3665,SECU Stadium,120,Maryland,fbs,Big Ten,30,"[6, 7, 0, 17]",0.7267472743988037,1561,1585,194,Ohio State,fbs,Big Ten,43,"[7, 3, 17, 16]",0.2732527256011963,2201,2177,6.734181766847116,,,
401405147,2022,12,regular,2022-11-19T20:30:00.000Z,False,True,False,True,55676,6577,SHI Stadium,164,Rutgers,fbs,Big Ten,10,"[10, 0, 0, 0]",0.0011992982813152715,1297,1243,213,Penn State,fbs,Big Ten,55,"[14, 14, 20, 7]",0.9988007017186847,1920,1974,1.7927192538,,,
401426610,2022,12,regular,2022-11-19T20:30:00.000Z,False,True,False,True,9958,3725,"Johnny ""Red"" Floyd Stadium",2393,Middle Tennessee,fbs,Conference USA,49,"[14, 14, 14, 7]",0.9232072234153748,1300,1395,2226,Florida Atlantic,fbs,Conference USA,21,"[7, 7, 7, 0]",0.07679277658462524,1470,1375,3.9542755541259087,,,
401411167,2022,12,regular,2022-11-19T20:30:00.000Z,False,True,False,True,38974,3873,L&N Federal Credit Union Stadium,97,Louisville,fbs,ACC,25,"[0, 13, 0, 12]",1,1720,1741,152,NC State,fbs,ACC,10,"[0, 3, 7, 0]",0,1600,1579,3.9197145115638445,,,
401420820,2022,12,regular,2022-11-19T20:30:00.000Z,False,True,False,True,,3714,Fargodome,2449,North Dakota State,fcs,MVFC,42,"[14, 14, 14, 0]",0.9888028502464294,,,155,North Dakota,fcs,MVFC,21,"[0, 14, 7, 0]",0.011197149753570557,,,2.1953264069832064,,,
401426381,2022,12,regular,2022-11-19T20:30:00.000Z,False,True,False,True,23864,3975,Veterans Memorial Stadium (AL),2653,Troy,fbs,Sun Belt,34,"[3, 17, 7, 7]",1,1477,1486,2433,UL Monroe,fbs,Sun Belt,16,"[0, 3, 7, 6]",0,1134,1125,2.775821619136784,,,
401420863,2022,12,regular,2022-11-19T20:30:00.000Z,False,True,False,False,56069,3801,LaVell Edwards Stadium,252,BYU,fbs,FBS Independents,52,"[0, 28, 7, 17]",0.9904914498329163,1525,1525,3101,Utah Tech,fcs,Western Athletic,26,"[6, 14, 0, 6]",0.00950855016708374,,,4.921606414347689,,,
401426608,2022,12,regular,2022-11-19T20:30:00.000Z,False,True,False,True,7905,4418,Jerry Richardson Stadium,2429,Charlotte,fbs,Conference USA,26,"[0, 13, 6, 7]",0.9586771726608276,1074,1081,2348,Louisiana Tech,fbs,Conference USA,21,"[0, 7, 0, 14]",0.04132282733917236,1122,1115,5.464195226211957,,,
401426379,2022,12,regular,2022-11-19T20:30:00.000Z,False,True,False,True,24032,3815,M. M. Roberts Stadium,2572,Southern Miss,fbs,Sun Belt,20,"[7, 3, 7, 3]",0.1595291942358017,1276,1281,6,South Alabama,fbs,Sun Belt,27,"[3, 10, 0, 14]",0.8404708057641983,1522,1517,5.71193109849711,,,
401403949,2022,12,regular,2022-11-19T20:30:00.000Z,False,True,False,True,61022,3683,Kroger Field,96,Kentucky,fbs,SEC,6,"[0, 0, 0, 6]",0,1583,1608,61,Georgia,fbs,SEC,16,"[3, 6, 7, 0]",1,2184,2159,2.821791068982117,,,
401418791,2022,12,regular,2022-11-19T20:30:00.000Z,False,True,False,True,,5440,Wildcat Stadium (TX),2000,Abilene Christian,fcs,Western Athletic,21,"[7, 0, 14, 0]",0.16561713814735413,,,2617,Stephen F. Austin,fcs,Western Athletic,24,"[0, 7, 6, 11]",0.8343828618526459,,,6.177601650364645,,,
401405141,2022,12,regular,2022-11-19T21:00:00.000Z,False,True,False,True,45816,3953,Huntington Bank Stadium,135,Minnesota,fbs,Big Ten,10,"[0, 7, 3, 0]",0.21772532165050507,1755,1749,2294,Iowa,fbs,Big Ten,13,"[10, 0, 0, 3]",0.7822746783494949,1736,1742,4.577891850471125,,,
401426613,2022,12,regular,2022-11-19T21:00:00.000Z,False,True,False,False,81824,3785,Jordan-Hare Stadium,2,Auburn,fbs,SEC,41,"[10, 7, 10, 14]",0.9861803650856018,1504,1596,98,Western Kentucky,fbs,Conference USA,17,"[0, 17, 0, 0]",0.013819634914398193,1767,1675,4.436971253017919,,,
401426609,2022,12,regular,2022-11-19T21:00:00.000Z,False,True,False,True,10758,3946,Sun Bowl,2638,UTEP,fbs,Conference USA,40,"[14, 24, 0, 2]",0.9937936067581177,1252,1301,2229,Florida International,fbs,Conference USA,6,"[0, 0, 0, 6]",0.006206393241882324,882,833,3.3533889245245088,,,
401413243,2022,12,regular,2022-11-19T21:00:00.000Z,False,True,False,True,,3906,Roos Field,331,Eastern Washington,fcs,Big Sky,45,"[7, 14, 14, 10]",0.983547568321228,,,2458,Northern Colorado,fcs,Big Sky,21,"[0, 14, 7, 0]",0.016452431678771973,,,4.113864142760771,,,
401415663,2022,12,regular,2022-11-19T21:00:00.000Z,False,True,False,True,14673,3806,Lincoln Financial Field,218,Temple,fbs,American Athletic,3,"[0, 3, 0, 0]",0.005300492979586124,1117,1130,2132,Cincinnati,fbs,American Athletic,23,"[7, 10, 3, 3]",0.9946995070204139,1762,1749,5.117492095573947,,,
401426380,2022,12,regular,2022-11-19T22:00:00.000Z,False,True,False,True,13287,3644,Bobcat Stadium (TX),326,Texas State,fbs,Sun Belt,16,"[3, 0, 0, 13]",0.7146098613739014,1233,1233,2032,Arkansas State,fbs,Sun Belt,13,"[0, 7, 3, 3]",0.28539013862609863,1177,1177,5.6414850540230645,,,
401415185,2022,12,regular,2022-11-19T22:00:00.000Z,False,True,False,True,,3757,Hornet Stadium,16,Sacramento State,fcs,Big Sky,27,"[10, 7, 0, 10]",0.99009108543396,,,302,UC Davis,fcs,Big Sky,21,"[3, 7, 3, 8]",0.009908914566040039,,,4.342322251349608,,,
401413223,2022,12,regular,2022-11-19T22:00:00.000Z,False,True,False,True,,3711,Estes Stadium,2110,Central Arkansas,fcs,Atlantic Sun,17,"[0, 10, 7, 0]",0.049809228628873825,,,55,Jacksonville State,fcs,Atlantic Sun,40,"[16, 10, 7, 7]",0.9501907713711262,,,3.698417399678272,,,
401404041,2022,12,regular,2022-11-19T22:30:00.000Z,False,True,False,True,51892,3831,California Memorial Stadium,25,California,fbs,Pac-12,27,"[6, 0, 0, 21]",0.8225793242454529,1397,1398,24,Stanford,fbs,Pac-12,20,"[10, 0, 7, 3]",0.17742067575454712,1233,1232,6.016024553388779,,,
401411168,2022,12,regular,2022-11-19T22:30:00.000Z,False,True,False,True,44940,3787,Kenan Stadium,153,North Carolina,fbs,ACC,17,"[7, 10, 0, 0]",0.48919934034347534,1644,1605,59,Georgia Tech,fbs,ACC,21,"[0, 7, 7, 7]",0.5108006596565247,1206,1245,4.9583160945419,,,
401426377,2022,12,regular,2022-11-19T23:00:00.000Z,False,True,False,True,16153,3608,Allen E. Paulson Stadium,290,Georgia Southern,fbs,Sun Belt,10,"[3, 7, 0, 0]",0.013424810953438282,1390,1377,276,Marshall,fbs,Sun Belt,23,"[6, 14, 3, 0]",0.9865751890465617,1561,1574,4.128932650094126,,,
401404115,2022,12,regular,2022-11-20T00:00:00.000Z,False,True,False,True,52676,3772,Jack Trice Stadium,66,Iowa State,fbs,Big 12,10,"[0, 3, 0, 7]",0.15829810500144958,1716,1700,2641,Texas Tech,fbs,Big 12,14,"[0, 7, 0, 7]",0.8417018949985504,1573,1589,4.789970560546848,,,
401403953,2022,12,regular,2022-11-20T00:00:00.000Z,False,True,False,True,79041,3994,Williams-Brice Stadium,2579,South Carolina,fbs,SEC,63,"[21, 14, 7, 21]",1,1460,1599,2633,Tennessee,fbs,SEC,38,"[7, 17, 7, 7]",0,2018,1879,4.054391638510753,,,
401415261,2022,12,regular,2022-11-20T00:00:00.000Z,False,True,False,True,17345,3984,War Memorial Stadium,2751,Wyoming,fbs,Mountain West,17,"[7, 3, 7, 0]",0.473181813955307,1400,1415,68,Boise State,fbs,Mountain West,20,"[0, 6, 7, 7]",0.526818186044693,1752,1737,5.669827340904019,,,
401403947,2022,12,regular,2022-11-20T00:30:00.000Z,False,True,False,True,71365,3887,Razorback Stadium,8,Arkansas,fbs,SEC,42,"[14, 21, 7, 0]",0.9781983494758606,1660,1696,145,Ole Miss,fbs,SEC,27,"[3, 3, 0, 21]",0.021801650524139404,1715,1679,2.9672948551835625,,,
401404118,2022,12,regular,2022-11-20T00:30:00.000Z,False,True,False,True,84132,3835,"Memorial Stadium (Norman, OK)",201,Oklahoma,fbs,Big 12,28,"[28, 0, 0, 0]",0.9198924899101257,1635,1662,197,Oklahoma State,fbs,Big 12,13,"[0, 3, 7, 3]",0.08010751008987427,1589,1562,2.6271108213880257,,,
401403952,2022,12,regular,2022-11-20T00:30:00.000Z,False,True,False,False,45231,3838,Memorial Stadium,142,Missouri,fbs,SEC,45,"[7, 14, 14, 10]",0.9943665862083435,1424,1467,166,New Mexico State,fbs,FBS Independents,14,"[0, 0, 7, 7]",0.005633413791656494,1081,1038,2.5607688184244535,,,
401404044,2022,12,regular,2022-11-20T01:00:00.000Z,False,True,False,True,70865,1056,Rose Bowl,26,UCLA,fbs,Pac-12,45,"[14, 7, 10, 14]",0.10403165966272354,1692,1691,30,USC,fbs,Pac-12,48,"[0, 20, 14, 14]",0.8959683403372765,1753,1754,8.526957082797146,,,
401413234,2022,12,regular,2022-11-20T01:00:00.000Z,False,True,False,True,,1027,Alex G. Spanos Stadium,13,Cal Poly,fcs,Big Sky,49,"[0, 28, 7, 14]",,,,2502,Portland State,fcs,Big Sky,42,"[14, 7, 0, 21]",,,,,,,
401420868,2022,12,regular,2022-11-20T01:00:00.000Z,False,True,False,True,,3686,Cowboy Stadium,2377,McNeese,fcs,Southland,24,"[0, 21, 0, 3]",0.6614780426025391,,,2320,Lamar,fcs,Southland,20,"[0, 17, 3, 0]",0.33852195739746094,,,9.285696359993283,,,
401411171,2022,12,regular,2022-11-20T01:00:00.000Z,False,True,False,True,26164,3630,Allegacy Federal Credit Union Stadium,154,Wake Forest,fbs,ACC,45,"[3, 21, 7, 14]",0.7051032781600952,1663,1667,183,Syracuse,fbs,ACC,35,"[7, 14, 0, 14]",0.2948967218399048,1467,1463,5.921797194238359,,,
401426612,2022,12,regular,2022-11-20T02:00:00.000Z,False,True,False,False,97367,3958,Tiger Stadium (LA),99,LSU,fbs,SEC,41,"[14, 14, 6, 7]",0.9876797199249268,1710,1779,5,UAB,fbs,Conference USA,10,"[7, 3, 0, 0]",0.012320280075073242,1594,1525,2.8884030831557124,,,
401415262,2022,12,regular,2022-11-20T02:00:00.000Z,False,True,False,True,20121,3713,Falcon Stadium,2005,Air Force,fbs,Mountain West,24,"[7, 10, 7, 0]",1,1746,1731,36,Colorado State,fbs,Mountain West,12,"[0, 0, 6, 6]",0,1216,1231,1.881330743523287,,,
401404042,2022,12,regular,2022-11-20T02:00:00.000Z,False,True,False,True,67969,3765,Husky Stadium,264,Washington,fbs,Pac-12,54,"[14, 19, 14, 7]",0.9838293194770813,1616,1684,38,Colorado,fbs,Pac-12,7,"[0, 0, 7, 0]",0.0161706805229187,1072,1004,2.126168954820748,,,
401415265,2022,12,regular,2022-11-20T02:45:00.000Z,False,True,False,True,13677,3905,Maverik Stadium,328,Utah State,fbs,Mountain West,35,"[7, 14, 7, 7]",0.8303760886192322,1405,1411,23,San José State,fbs,Mountain West,31,"[6, 7, 10, 8]",0.16962391138076782,1489,1483,6.1870548392246,,,
401404043,2022,12,regular,2022-11-20T03:30:00.000Z,False,True,False,True,57009,3626,Autzen Stadium,2483,Oregon,fbs,Pac-12,20,"[7, 10, 0, 3]",0.8685383796691895,1729,1732,254,Utah,fbs,Pac-12,17,"[3, 0, 14, 0]",0.13146162033081055,1881,1878,4.037799127985185,,,
401415263,2022,12,regular,2022-11-20T03:30:00.000Z,False,True,False,True,12501,3816,Mackay Stadium,2440,Nevada,fbs,Mountain West,14,"[0, 0, 7, 7]",0.11892959475517273,1277,1240,278,Fresno State,fbs,Mountain West,41,"[17, 7, 3, 14]",0.8810704052448273,1583,1620,2.639175366842657,,,
401415266,2022,12,regular,2022-11-20T04:00:00.000Z,False,True,False,True,9346,7220,Clarence T.C. Ching Athletics Complex,62,Hawai'i,fbs,Mountain West,31,"[7, 0, 14, 10]",0.8639985918998718,1100,1117,2439,UNLV,fbs,Mountain West,25,"[6, 7, 3, 9]",0.13600140810012817,1288,1271,6.217714475462255,,,
401416649,2022,13,regular,2022-11-23T00:00:00.000Z,False,True,False,True,11693,3876,Peden Stadium,195,Ohio,fbs,Mid-American,38,"[0, 28, 3, 7]",0.993723452091217,1469,1495,189,Bowling Green,fbs,Mid-American,14,"[7, 0, 0, 7]",0.006276547908782959,1149,1123,3.5883364343723736,,,
401416648,2022,13,regular,2022-11-23T00:00:00.000Z,False,True,False,True,14021,3996,Yager Stadium,193,Miami (OH),fbs,Mid-American,18,"[0, 3, 3, 12]",0.8513154983520508,1384,1382,2050,Ball State,fbs,Mid-American,17,"[7, 7, 3, 0]",0.14868450164794922,1288,1290,4.93926250642043,,,
401423456,2022,13,regular,2022-11-24T20:00:00.000Z,False,True,False,True,,4582,Hornet Stadium,2011,Alabama State,fcs,SWAC,14,"[0, 0, 14, 0]",0.6354981064796448,,,2029,Arkansas-Pine Bluff,fcs,SWAC,19,"[7, 6, 0, 6]",0.3645018935203552,,,7.220883874175153,,,
401403956,2022,13,regular,2022-11-25T00:00:00.000Z,False,True,False,True,62487,3974,Vaught-Hemingway Stadium,145,Ole Miss,fbs,SEC,22,"[6, 10, 0, 6]",0.5372408032417297,1679,1676,344,Mississippi State,fbs,SEC,24,"[7, 7, 0, 10]",0.46275919675827026,1672,1675,7.00141460010745,,,
401416651,2022,13,regular,2022-11-25T17:00:00.000Z,False,True,False,True,8645,3980,Waldo Stadium,2711,Western Michigan,fbs,Mid-American,20,"[0, 10, 10, 0]",0.8713318705558777,1283,1301,2649,Toledo,fbs,Mid-American,14,"[0, 7, 0, 7]",0.12866812944412231,1496,1478,5.494283502758059,,,
401415269,2022,13,regular,2022-11-25T17:00:00.000Z,False,True,False,True,31402,3653,Albertsons Stadium,68,Boise State,fbs,Mountain West,42,"[0, 21, 7, 14]",1,1737,1750,328,Utah State,fbs,Mountain West,23,"[0, 7, 10, 6]",0,1411,1398,4.2790793932500995,,,
401415665,2022,13,regular,2022-11-25T17:00:00.000Z,False,True,False,True,37989,3854,Nippert Stadium,2132,Cincinnati,fbs,American Athletic,24,"[0, 10, 7, 7]",0.3066440522670746,1749,1739,2655,Tulane,fbs,American Athletic,27,"[3, 10, 7, 7]",0.6933559477329254,1665,1675,6.512786147492397,,,
401416650,2022,13,regular,2022-11-25T17:00:00.000Z,False,True,False,True,14213,3912,Rynearson Stadium,2199,Eastern Michigan,fbs,Mid-American,38,"[14, 0, 14, 10]",0.9829736351966858,1317,1364,2117,Central Michigan,fbs,Mid-American,19,"[7, 6, 0, 6]",0.01702636480331421,1353,1306,4.354632323182322,,,
401404119,2022,13,regular,2022-11-25T17:00:00.000Z,False,True,False,True,94076,3910,DKR-Texas Memorial Stadium,251,Texas,fbs,Big 12,38,"[14, 3, 7, 14]",0.9959493279457092,1927,1931,239,Baylor,fbs,Big 12,27,"[9, 10, 0, 8]",0.0040506720542907715,1713,1709,5.798021825662384,,,
401404045,2022,13,regular,2022-11-25T20:00:00.000Z,False,True,False,True,49865,3619,Arizona Stadium,12,Arizona,fbs,Pac-12,38,"[7, 3, 21, 7]",0.8966389298439026,1372,1374,9,Arizona State,fbs,Pac-12,35,"[0, 14, 14, 7]",0.10336107015609741,1448,1446,8.205822638747277,,,
401403961,2022,13,regular,2022-11-25T20:30:00.000Z,False,True,False,True,55710,3838,Memorial Stadium,142,Missouri,fbs,SEC,29,"[10, 10, 9, 0]",0.9958110451698303,1467,1470,8,Arkansas,fbs,SEC,27,"[7, 14, 3, 3]",0.004188954830169678,1696,1693,6.166836243121122,,,
401415268,2022,13,regular,2022-11-25T20:30:00.000Z,False,True,False,True,20107,5388,Canvas Stadium,36,Colorado State,fbs,Mountain West,17,"[0, 7, 3, 7]",1,1231,1252,167,New Mexico,fbs,Mountain West,0,"[0, 0, 0, 0]",0,1052,1031,3.320515018194011,,,
401411172,2022,13,regular,2022-11-25T20:30:00.000Z,False,True,False,True,50500,3787,Kenan Stadium,153,North Carolina,fbs,ACC,27,"[3, 7, 0, 14, 3, 0]",0.13865850865840912,1605,1599,152,NC State,fbs,ACC,30,"[7, 10, 0, 7, 3, 3]",0.8613414913415909,1579,1585,9.286663638560563,,,
401405148,2022,13,regular,2022-11-25T21:00:00.000Z,False,True,False,True,69250,3793,Kinnick Stadium,2294,Iowa,fbs,Big Ten,17,"[0, 0, 7, 10]",0.034785158932209015,1742,1709,158,Nebraska,fbs,Big Ten,24,"[10, 7, 7, 0]",0.965214841067791,1499,1532,4.22771372208969,,,
401404046,2022,13,regular,2022-11-25T21:30:00.000Z,False,True,False,True,36221,3831,California Memorial Stadium,25,California,fbs,Pac-12,28,"[7, 14, 0, 7]",0.5273739099502563,1398,1406,26,UCLA,fbs,Pac-12,35,"[7, 10, 7, 11]",0.47262609004974365,1691,1683,6.41943968259914,,,
401403958,2022,13,regular,2022-11-26T00:30:00.000Z,False,True,False,False,79560,3697,Doak Campbell Stadium,52,Florida State,fbs,ACC,45,"[14, 7, 17, 7]",0.9868140816688538,1851,1850,57,Florida,fbs,SEC,38,"[14, 10, 0, 14]",0.01318591833114624,1649,1650,7.716581493240062,,,
401415270,2022,13,regular,2022-11-26T03:00:00.000Z,False,True,False,True,40214,3660,Valley Children's Stadium,278,Fresno State,fbs,Mountain West,30,"[14, 9, 7, 0]",0.9878085851669312,1620,1676,2751,Wyoming,fbs,Mountain West,0,"[0, 0, 0, 0]",0.012191414833068848,1415,1359,2.2751903460857577,,,
401426390,2022,13,regular,2022-11-26T17:00:00.000Z,False,True,False,True,17427,3775,Joan C. Edwards Stadium,276,Marshall,fbs,Sun Belt,28,"[0, 14, 0, 14]",0.9774025082588196,1574,1576,2247,Georgia State,fbs,Sun Belt,23,"[7, 3, 7, 6]",0.02259749174118042,1488,1486,5.834818430403248,,,
401426389,2022,13,regular,2022-11-26T17:00:00.000Z,False,True,False,True,11407,6526,Hancock Whitney Stadium,6,South Alabama,fbs,Sun Belt,27,"[7, 6, 7, 7]",0.7993247509002686,1517,1515,295,Old Dominion,fbs,Sun Belt,20,"[10, 10, 0, 0]",0.20067524909973145,1312,1314,4.566156439021735,,,
401405153,2022,13,regular,2022-11-26T17:00:00.000Z,False,True,False,True,106787,3861,Ohio Stadium,194,Ohio State,fbs,Big Ten,23,"[10, 10, 0, 3]",0.10133223980665207,2177,2108,130,Michigan,fbs,Big Ten,45,"[3, 14, 7, 21]",0.8986677601933479,2075,2144,5.17852554808482,,,
401505358,2022,13,regular,2022-11-26T17:00:00.000Z,False,True,False,False,,4856,Mount Union Stadium,426,Mount Union,iii,Ohio,45,"[14, 10, 14, 7]",,,,390,Utica,iii,Empire 8,7,"[0, 0, 0, 7]",,,,,,Division III Championship - Second Round,
401404123,2022,13,regular,2022-11-26T17:00:00.000Z,False,True,False,True,52353,3646,Boone Pickens Stadium,197,Oklahoma State,fbs,Big 12,19,"[0, 10, 9, 0]",0.24183206260204315,1562,1541,277,West Virginia,fbs,Big 12,24,"[7, 0, 14, 3]",0.7581679373979568,1387,1408,6.888158329970542,,,
401505355,2022,13,regular,2022-11-26T17:00:00.000Z,False,True,False,False,,5790,Bahlke Field,2800,Alma,iii,Michigan,26,"[6, 0, 6, 14]",,,,2044,Aurora,iii,NACC,48,"[7, 27, 7, 7]",,,,,,Division III Championship - Second Round,
401505350,2022,13,regular,2022-11-26T17:00:00.000Z,False,True,False,True,,5133,Ram Stadium (WV),2974,Shepherd,ii,Pennsylvania State Athletic,37,"[14, 6, 7, 10]",,,,215,Slippery Rock,ii,Pennsylvania State Athletic,27,"[7, 13, 0, 7]",,,,,,Division II Championship - Second Round,
401505352,2022,13,regular,2022-11-26T17:00:00.000Z,False,True,False,False,,5862,Butterfield Stadium,175,Ithaca,iii,Liberty League,31,"[7, 14, 7, 3]",,,,81,Springfield,iii,NEWMAC,20,"[10, 10, 0, 0]",,,,,,Division III Championship - Second Round,
401404166,2022,13,regular,2022-11-26T17:00:00.000Z,False,True,False,True,18837,3992,Williams Stadium (VA),2335,Liberty,fbs,FBS Independents,14,"[7, 0, 0, 7]",0,1612,1414,166,New Mexico State,fbs,FBS Independents,49,"[7, 21, 14, 7]",1,1038,1236,4.372191458204432,,,
401505356,2022,13,regular,2022-11-26T17:00:00.000Z,False,True,False,False,,5117,Clemens Stadium,2600,Saint John's (MN),iii,Minnesota,20,"[3, 3, 14, 0]",,,,2685,Wartburg,iii,American Rivers,23,"[9, 7, 7, 0]",,,,,,Division III Championship - Second Round,
401505357,2022,13,regular,2022-11-26T17:00:00.000Z,False,True,False,False,,5833,Robert A. Lipinski Field at James Work Memorial Stadium,2808,Delaware Valley,iii,Mid Atlantic,39,"[8, 10, 0, 21]",,,,2516,Randolph Macon,iii,Old Dominion,32,"[0, 18, 14, 0]",,,,,,Division III Championship - Second Round,
401403962,2022,13,regular,2022-11-26T17:00:00.000Z,False,True,False,False,81500,3836,"Memorial Stadium (Clemson, SC)",228,Clemson,fbs,ACC,30,"[14, 9, 7, 0]",0.37378114461898804,1834,1821,2579,South Carolina,fbs,SEC,31,"[0, 14, 14, 3]",0.626218855381012,1599,1612,5.891695453924142,,,
401405152,2022,13,regular,2022-11-26T17:00:00.000Z,False,True,False,True,21974,3665,SECU Stadium,120,Maryland,fbs,Big Ten,37,"[0, 17, 13, 7]",0.9714495539665222,1585,1646,164,Rutgers,fbs,Big Ten,0,"[0, 0, 0, 0]",0.028550446033477783,1243,1182,2.6761874470208014,,,
401403959,2022,13,regular,2022-11-26T17:00:00.000Z,False,True,False,False,92746,3917,Sanford Stadium,61,Georgia,fbs,SEC,37,"[3, 7, 13, 14]",0.9948174357414246,2159,2132,59,Georgia Tech,fbs,ACC,14,"[7, 0, 0, 7]",0.0051825642585754395,1245,1272,3.1908986303345968,,,
401426615,2022,13,regular,2022-11-26T17:00:00.000Z,False,True,False,True,18376,3715,FAU Stadium,2226,Florida Atlantic,fbs,Conference USA,31,"[0, 7, 10, 7, 7]",0.7628164887428284,1375,1387,98,Western Kentucky,fbs,Conference USA,32,"[0, 7, 10, 7, 8]",0.23718351125717163,1675,1663,9.429132595260006,,,
401404144,2022,13,regular,2022-11-26T17:00:00.000Z,False,True,False,True,10119,3985,Warren McGuirk Alumni Stadium,113,Massachusetts,fbs,FBS Independents,7,"[7, 0, 0, 0]",0.020124809816479683,899,861,349,Army,fbs,FBS Independents,44,"[7, 21, 0, 16]",0.9798751901835203,1456,1494,2.9937134261083207,,,
401505436,2022,13,regular,2022-11-26T17:00:00.000Z,False,True,False,False,,3868,Paladin Stadium,231,Furman,fcs,Southern,31,"[7, 7, 3, 14]",0.9938187003135681,,,2210,Elon,fcs,CAA,6,"[3, 0, 0, 3]",0.006181299686431885,,,2.627762045094859,,FCS Championship - First Round,
401426383,2022,13,regular,2022-11-26T17:00:00.000Z,False,True,False,True,19393,3651,Bridgeforth Stadium,256,James Madison,fbs,Sun Belt,47,"[3, 17, 20, 7]",0.989890456199646,1539,1659,324,Coastal Carolina,fbs,Sun Belt,7,"[7, 0, 0, 0]",0.010109543800354004,1563,1443,3.8883067314374413,,,
401416653,2022,13,regular,2022-11-26T18:00:00.000Z,False,True,False,True,12302,3965,UB Stadium,2084,Buffalo,fbs,Mid-American,27,"[3, 7, 14, 0, 3]",0.3907656669616699,1397,1389,2309,Kent State,fbs,Mid-American,30,"[3, 7, 0, 14, 6]",0.6092343330383301,1337,1345,8.563861312407859,,,
401505354,2022,13,regular,2022-11-26T18:00:00.000Z,False,True,False,False,,5875,Charlie W. Johnson Stadium,490,Benedict,ii,SIAC,6,"[0, 0, 6, 0]",,,,351,Wingate,ii,South Atlantic,23,"[7, 9, 0, 7]",,,,,,Division II Championship - Second Round,
401505351,2022,13,regular,2022-11-26T18:00:00.000Z,False,True,False,False,,980,Benedetti-Wehrli Stadium,3071,North Central College,iii,CCIW,28,"[0, 14, 0, 14]",,,,2102,Carnegie Mellon,iii,Presidents',7,"[7, 0, 0, 0]",,,,,,Division III Championship - Second Round,
401505359,2022,13,regular,2022-11-26T18:00:00.000Z,False,True,False,False,,4433,George P. Miller Stadium,2291,IU Pennsylvania,ii,Pennsylvania State Athletic,19,"[6, 6, 7, 0]",,,,308,Ashland,ii,Great Midwest Athletic,13,"[7, 0, 0, 6]",,,,,,Division II Championship - Second Round,
401505360,2022,13,regular,2022-11-26T18:00:00.000Z,False,True,False,False,,3811,Lubbers Stadium,125,Grand Valley State,ii,GLIAC,13,"[7, 0, 0, 6]",,,,138,Northwest Missouri State,ii,Mid America,8,"[0, 0, 5, 3]",,,,,,Division II Championship - Second Round,
401505361,2022,13,regular,2022-11-26T18:00:00.000Z,False,True,False,False,,3960,Top Taggart Field,2222,Ferris State,ii,GLIAC,17,"[14, 0, 0, 3]",,,,90,Pittsburg State,ii,Mid America,14,"[0, 7, 7, 0]",,,,,,Division II Championship - Second Round,
401415664,2022,13,regular,2022-11-26T18:00:00.000Z,False,True,False,True,13037,3806,Lincoln Financial Field,218,Temple,fbs,American Athletic,46,"[3, 21, 15, 7]",0.059588782489299774,1130,1144,151,East Carolina,fbs,American Athletic,49,"[7, 21, 14, 7]",0.9404112175107002,1459,1445,8.062865959676756,,,
401505353,2022,13,regular,2022-11-26T18:00:00.000Z,False,True,False,False,,6132,Trinity University Stadium,386,Trinity (TX),iii,Southern Athletic,17,"[0, 0, 10, 7]",,,,2371,Mary Hardin Baylor,iii,American Southwest,24,"[7, 3, 14, 0]",,,,,,Division III Championship - Second Round,
401416652,2022,13,regular,2022-11-26T18:30:00.000Z,False,True,False,True,6288,3764,Huskie Stadium,2459,Northern Illinois,fbs,Mid-American,12,"[6, 0, 3, 3]",0.016011644154787064,1350,1207,2006,Akron,fbs,Mid-American,44,"[0, 20, 7, 17]",0.9839883558452129,1004,1147,4.311052207420836,,,
401505437,2022,13,regular,2022-11-26T19:00:00.000Z,False,True,False,False,,2068,E. Claiborne Robins Stadium,257,Richmond,fcs,CAA,41,"[10, 17, 7, 7]",0.9923619627952576,,,2166,Davidson,fcs,Pioneer,0,"[0, 0, 0, 0]",0.007638037204742432,,,1.905981069727764,,FCS Championship - First Round,
401423953,2022,13,regular,2022-11-26T19:00:00.000Z,False,True,True,True,,3493,Caesars Superdome,2582,Southern,fcs,SWAC,34,"[0, 14, 0, 20]",0.7732243537902832,,,2755,Grambling,fcs,SWAC,17,"[7, 3, 7, 0]",0.2267756462097168,,,6.429510127684402,,,
401505431,2022,13,regular,2022-11-26T19:00:00.000Z,False,True,False,False,,3688,Wildcat Stadium,160,New Hampshire,fcs,CAA,52,"[21, 7, 14, 10]",0.8960806131362915,,,2230,Fordham,fcs,Patriot,42,"[7, 14, 7, 14]",0.1039193868637085,,,5.381601961706113,,FCS Championship - First Round,
401426617,2022,13,regular,2022-11-26T19:00:00.000Z,False,True,False,True,15688,3825,DATCU Stadium,249,North Texas,fbs,Conference USA,21,"[7, 7, 0, 7]",0.7964063286781311,1496,1487,242,Rice,fbs,Conference USA,17,"[0, 14, 0, 3]",0.2035936713218689,1064,1073,5.632496857265861,,,
401505362,2022,13,regular,2022-11-26T19:00:00.000Z,False,True,False,False,,5869,LeGrand Stadium at 1st Community Credit Union Field,2025,Angelo State,ii,Lone Star,33,"[0, 13, 0, 20]",,,,132,Bemidji State,ii,Northern Sun,7,"[7, 0, 0, 0]",,,,,,Division II Championship - Second Round,
401505364,2022,13,regular,2022-11-26T19:00:00.000Z,False,True,False,False,,5883,Marv Kay Stadium at Campbell Field,2146,Colorado School of Mines,ii,Rocky Mountain,48,"[7, 21, 10, 10]",,,,2364,Minnesota State,ii,Northern Sun,45,"[21, 7, 3, 14]",,,,,,Division II Championship - Second Round,
401505430,2022,13,regular,2022-11-26T19:00:00.000Z,False,True,False,False,,3695,Delaware Stadium,48,Delaware,fcs,CAA,56,"[14, 14, 7, 21]",,,,2598,Saint Francis,fcs,NEC,17,"[3, 0, 7, 7]",,,,,,FCS Championship - First Round,
401505363,2022,13,regular,2022-11-26T19:30:00.000Z,False,True,False,True,,5935,Parker Field at McCool Stadium,2170,Delta State,ii,Gulf South,27,"[10, 7, 7, 3]",,,,110242,West Florida,ii,Gulf South,38,"[3, 7, 0, 28]",,,,,,Division II Championship - Second Round,
401403960,2022,13,regular,2022-11-26T20:00:00.000Z,False,True,False,False,58727,3683,Kroger Field,96,Kentucky,fbs,SEC,26,"[7, 6, 10, 3]",0.9840259552001953,1608,1645,97,Louisville,fbs,ACC,13,"[0, 7, 0, 6]",0.015974044799804688,1741,1704,3.1633037988420614,,,
401505390,2022,13,regular,2022-11-26T20:00:00.000Z,False,True,False,False,,5119,Maxwell Field,203,Linfield,iii,Northwest,13,"[3, 10, 0, 0]",,,,2802,Bethel (MN),iii,Minnesota,30,"[7, 10, 7, 6]",,,,,,Division III Championship - Second Round,
401426616,2022,13,regular,2022-11-26T20:30:00.000Z,False,True,False,True,10342,3776,Joe Aillet Stadium,2348,Louisiana Tech,fbs,Conference USA,27,"[3, 3, 14, 7]",0,1115,1127,5,UAB,fbs,Conference USA,37,"[0, 17, 20, 0]",1,1525,1513,4.910146208516758,,,
401403957,2022,13,regular,2022-11-26T20:30:00.000Z,False,True,False,True,100077,3657,Bryant-Denny Stadium,333,Alabama,fbs,SEC,49,"[14, 21, 7, 7]",1,2151,2151,2,Auburn,fbs,SEC,27,"[7, 7, 7, 6]",0,1596,1596,3.756072456000134,,,
401415666,2022,13,regular,2022-11-26T20:30:00.000Z,False,True,False,True,15759,3735,Gerald J. Ford Stadium,2567,SMU,fbs,American Athletic,34,"[0, 14, 10, 10]",0.9396854043006897,1505,1506,235,Memphis,fbs,American Athletic,31,"[7, 10, 6, 8]",0.0603145956993103,1514,1513,6.310747633157773,,,
401411174,2022,13,regular,2022-11-26T20:30:00.000Z,False,True,False,True,17492,3982,Wallace Wade Stadium,150,Duke,fbs,ACC,34,"[3, 17, 7, 7]",0.9147911667823792,1462,1466,154,Wake Forest,fbs,ACC,31,"[7, 10, 7, 7]",0.08520883321762085,1667,1663,6.35650546658939,,,
401405150,2022,13,regular,2022-11-26T20:30:00.000Z,False,True,False,True,75728,347,Camp Randall Stadium,275,Wisconsin,fbs,Big Ten,16,"[3, 3, 10, 0]",0.38466188311576843,1721,1710,135,Minnesota,fbs,Big Ten,23,"[7, 3, 3, 10]",0.6153381168842316,1749,1760,5.658890945816653,,,
401426384,2022,13,regular,2022-11-26T20:30:00.000Z,False,True,False,True,9376,3625,Centennial Bank Stadium,2032,Arkansas State,fbs,Sun Belt,19,"[3, 10, 6, 0]",0.010191467590630054,1177,1134,2653,Troy,fbs,Sun Belt,48,"[7, 0, 7, 34]",0.98980853240937,1486,1529,5.599521900413403,,,
401426618,2022,13,regular,2022-11-26T20:30:00.000Z,False,True,False,True,26061,3604,Alamodome,2636,UTSA,fbs,Conference USA,34,"[0, 14, 17, 3]",0.6017206907272339,1648,1645,2638,UTEP,fbs,Conference USA,31,"[14, 10, 7, 0]",0.3982793092727661,1301,1304,5.174874113408358,,,
401415271,2022,13,regular,2022-11-26T20:30:00.000Z,False,True,False,True,15012,3935,CEFCU Stadium,23,San José State,fbs,Mountain West,27,"[7, 7, 7, 6]",0.9954289793968201,1483,1480,62,Hawai'i,fbs,Mountain West,14,"[0, 6, 0, 8]",0.004571020603179932,1117,1120,3.497843497132153,,,
401405151,2022,13,regular,2022-11-26T20:30:00.000Z,False,True,False,True,51148,3830,"Memorial Stadium (Bloomington, IN)",84,Indiana,fbs,Big Ten,16,"[7, 0, 0, 9]",0.075346440076828,1338,1332,2509,Purdue,fbs,Big Ten,30,"[3, 0, 14, 13]",0.924653559923172,1616,1622,4.251473505673584,,,
401404047,2022,13,regular,2022-11-26T20:30:00.000Z,False,True,False,True,28840,3893,Reser Stadium,204,Oregon State,fbs,Pac-12,38,"[10, 0, 7, 21]",0.5099247097969055,1721,1724,2483,Oregon,fbs,Pac-12,34,"[7, 7, 17, 3]",0.4900752902030945,1732,1729,5.725299405386042,,,
401405149,2022,13,regular,2022-11-26T20:30:00.000Z,False,True,False,True,25744,3911,Ryan Field,77,Northwestern,fbs,Big Ten,3,"[0, 0, 0, 3]",0,1318,1257,356,Illinois,fbs,Big Ten,41,"[7, 10, 17, 7]",1,1707,1768,2.739303540354727,,,
401404120,2022,13,regular,2022-11-26T21:00:00.000Z,False,True,False,True,44846,3616,Amon G. Carter Stadium,2628,TCU,fbs,Big 12,62,"[24, 10, 21, 7]",0.9952601194381714,1709,1855,66,Iowa State,fbs,Big 12,14,"[0, 7, 0, 7]",0.004739880561828613,1700,1554,1.989009240940513,,,
401405154,2022,13,regular,2022-11-26T21:00:00.000Z,False,True,False,True,105154,3632,Beaver Stadium,213,Penn State,fbs,Big Ten,35,"[7, 7, 7, 14]",0.9978300929069519,1974,1979,127,Michigan State,fbs,Big Ten,16,"[0, 3, 7, 6]",0.0021699070930480957,1555,1550,4.045745481308358,,,
401505433,2022,13,regular,2022-11-26T21:00:00.000Z,False,True,False,False,,3942,Stewart Stadium,2692,Weber State,fcs,Big Sky,38,"[7, 24, 7, 0]",0.993366003036499,,,155,North Dakota,fcs,MVFC,31,"[0, 14, 3, 14]",0.0066339969635009766,,,2.6925539049738987,,FCS Championship - First Round,
401404048,2022,13,regular,2022-11-26T21:00:00.000Z,False,True,False,True,33474,3726,Folsom Field,38,Colorado,fbs,Pac-12,21,"[0, 0, 14, 7]",0.0010843155905604362,1004,986,254,Utah,fbs,Pac-12,63,"[14, 28, 14, 7]",0.9989156844094396,1878,1896,3.460651838591525,,,
401505432,2022,13,regular,2022-11-26T22:00:00.000Z,False,True,False,False,,3908,Roy Kidd Stadium,2198,Eastern Kentucky,fcs,Atlantic Sun,41,"[14, 13, 0, 14]",0.005422893911600113,,,2241,Gardner-Webb,fcs,Big South,52,"[21, 10, 21, 0]",0.9945771060883999,,,5.357448136082354,,FCS Championship - First Round,
401426386,2022,13,regular,2022-11-26T22:00:00.000Z,False,True,False,True,,3644,Bobcat Stadium (TX),326,Texas State,fbs,Sun Belt,13,"[3, 3, 7, 0]",0.001506890170276165,1233,1191,309,Louisiana,fbs,Sun Belt,41,"[7, 13, 7, 14]",0.9984931098297238,1527,1569,4.318012852769273,,,
401426385,2022,13,regular,2022-11-26T22:00:00.000Z,False,True,False,True,4465,3817,Malone Stadium,2433,UL Monroe,fbs,Sun Belt,10,"[0, 7, 3, 0]",0.01045218575745821,1125,1117,2572,Southern Miss,fbs,Sun Belt,20,"[10, 0, 0, 10]",0.9895478142425418,1281,1289,5.3177942515365135,,,
401415272,2022,13,regular,2022-11-26T23:00:00.000Z,False,True,False,True,24873,6501,Allegiant Stadium,2439,UNLV,fbs,Mountain West,27,"[7, 10, 0, 10]",0.6264843940734863,1271,1275,2440,Nevada,fbs,Mountain West,22,"[13, 0, 3, 6]",0.37351560592651367,1240,1236,6.084395296123078,,,
401426382,2022,13,regular,2022-11-26T23:00:00.000Z,False,True,False,True,18683,3608,Allen E. Paulson Stadium,290,Georgia Southern,fbs,Sun Belt,51,"[7, 10, 14, 7, 7, 6]",0.061440203338861465,1377,1381,2026,App State,fbs,Sun Belt,48,"[6, 14, 11, 7, 7, 3]",0.9385597966611385,1597,1593,9.692668942504133,,,
401426614,2022,13,regular,2022-11-26T23:00:00.000Z,False,True,False,True,14768,218,FIU Stadium,2229,Florida International,fbs,Conference USA,28,"[0, 7, 14, 7]",0.020937426015734673,833,859,2393,Middle Tennessee,fbs,Conference USA,33,"[6, 14, 7, 6]",0.9790625739842653,1395,1369,6.326165877648087,,,
401403963,2022,13,regular,2022-11-27T00:00:00.000Z,False,True,False,True,93578,3795,Kyle Field,245,Texas A&M,fbs,SEC,38,"[7, 10, 7, 14]",0.9043120741844177,1579,1629,99,LSU,fbs,SEC,23,"[0, 10, 7, 6]",0.09568792581558228,1779,1729,4.291569507971237,,,
401505435,2022,13,regular,2022-11-27T00:00:00.000Z,False,True,False,False,,3944,Strawberry Stadium,2545,SE Louisiana,fcs,Southland,45,"[7, 10, 7, 21]",,,,70,Idaho,fcs,Big Sky,42,"[7, 14, 0, 21]",,,,,,FCS Championship - First Round,
401415667,2022,13,regular,2022-11-27T00:00:00.000Z,False,True,False,True,32217,3886,Raymond James Stadium,58,South Florida,fbs,American Athletic,39,"[0, 7, 22, 10]",0.4782188832759857,1104,1130,2116,UCF,fbs,American Athletic,46,"[14, 14, 3, 15]",0.5217811167240143,1673,1647,5.319623108615032,,,
401411173,2022,13,regular,2022-11-27T00:30:00.000Z,False,True,False,True,30113,3615,"Alumni Stadium (Chestnut Hill, MA)",103,Boston College,fbs,ACC,23,"[10, 0, 0, 13]",0.7516225576400757,1221,1222,183,Syracuse,fbs,ACC,32,"[0, 3, 3, 26]",0.24837744235992432,1463,1462,4.838866136398941,,,
401404122,2022,13,regular,2022-11-27T00:30:00.000Z,False,True,False,True,51126,3784,Jones AT&T Stadium,2641,Texas Tech,fbs,Big 12,51,"[0, 23, 15, 10, 3]",0.6437110304832458,1589,1591,201,Oklahoma,fbs,Big 12,48,"[14, 10, 7, 17, 0]",0.35628896951675415,1662,1660,12.33104979912749,,,
401403964,2022,13,regular,2022-11-27T00:30:00.000Z,False,True,False,True,40350,3973,FirstBank Stadium,238,Vanderbilt,fbs,SEC,0,"[0, 0, 0, 0]",0.0006093615666031837,1332,1234,2633,Tennessee,fbs,SEC,56,"[14, 7, 21, 14]",0.9993906384333968,1879,1977,2.443515948560276,,,
401415668,2022,13,regular,2022-11-27T00:30:00.000Z,False,True,False,True,21785,4728,TDECU Stadium,248,Houston,fbs,American Athletic,30,"[14, 10, 3, 3]",0.2070310264825821,1645,1606,202,Tulsa,fbs,American Athletic,37,"[3, 17, 7, 10]",0.7929689735174179,1339,1378,6.003789034333655,,,
401404133,2022,13,regular,2022-11-27T00:30:00.000Z,False,True,False,False,72613,477,Los Angeles Memorial Coliseum,30,USC,fbs,Pac-12,38,"[10, 7, 7, 14]",0.788865327835083,1754,1785,87,Notre Dame,fbs,FBS Independents,27,"[0, 7, 7, 13]",0.211134672164917,1889,1858,3.098158245808732,,,
401411175,2022,13,regular,2022-11-27T01:00:00.000Z,False,True,False,True,46428,3948,Hard Rock Stadium,2390,Miami,fbs,ACC,16,"[0, 0, 3, 13]",0,1351,1316,221,Pittsburgh,fbs,ACC,42,"[14, 14, 7, 7]",1,1653,1688,3.557450284019335,,,
401404121,2022,13,regular,2022-11-27T01:00:00.000Z,False,True,False,True,51861,3636,Bill Snyder Family Stadium,2306,Kansas State,fbs,Big 12,47,"[23, 7, 7, 10]",1,1894,1892,2305,Kansas,fbs,Big 12,27,"[7, 14, 0, 6]",0,1364,1366,3.81991066018941,,,
401415267,2022,13,regular,2022-11-27T02:00:00.000Z,False,True,False,True,25223,7311,Snapdragon Stadium,21,San Diego State,fbs,Mountain West,3,"[0, 0, 3, 0]",0.03199060261249542,1487,1487,2005,Air Force,fbs,Mountain West,13,"[7, 0, 3, 3]",0.9680093973875046,1731,1731,4.062615802586822,,,
401505434,2022,13,regular,2022-11-27T03:00:00.000Z,False,True,False,False,,3987,Washington-Grizzly Stadium,149,Montana,fcs,Big Sky,34,"[0, 3, 21, 10]",0.32974424958229065,,,2546,Southeast Missouri State,fcs,OVC,24,"[7, 10, 7, 0]",0.6702557504177094,,,6.02891133147098,,FCS Championship - First Round,
401404051,2022,13,regular,2022-11-27T03:30:00.000Z,False,True,False,True,33152,3820,Gesa Field,265,Washington State,fbs,Pac-12,33,"[10, 17, 6, 0]",0.02542640082538128,1689,1644,264,Washington,fbs,Pac-12,51,"[7, 21, 7, 16]",0.9745735991746187,1684,1729,8.38076704213648,,,
401404049,2022,13,regular,2022-11-27T04:00:00.000Z,False,True,False,False,25094,3940,Stanford Stadium,24,Stanford,fbs,Pac-12,26,"[3, 9, 0, 14]",0.10189758241176605,1232,1237,252,BYU,fbs,FBS Independents,35,"[14, 14, 0, 7]",0.898102417588234,1529,1524,3.329288352244696,,,
401506450,2022,14,regular,2022-12-02T18:00:00.000Z,False,True,False,True,12247,3965,UB Stadium,2084,Buffalo,fbs,Mid-American,23,"[0, 10, 7, 6]",0.5943481854028421,1389,1382,2006,Akron,fbs,Mid-American,22,"[9, 7, 0, 6]",0.40565181459715793,1147,1154,8.4559833844,,,
401437032,2022,14,regular,2022-12-03T00:30:00.000Z,False,True,False,True,41412,3604,Alamodome,2636,UTSA,fbs,Conference USA,48,"[7, 17, 10, 14]",0.9953567981719971,1645,1679,249,North Texas,fbs,Conference USA,27,"[7, 3, 10, 7]",0.00464320182800293,1487,1453,4.007571505420898,,Conference USA Championship,
401437035,2022,14,regular,2022-12-03T01:00:00.000Z,False,True,True,True,61195,6501,Allegiant Stadium,30,USC,fbs,Pac-12,24,"[14, 3, 0, 7]",0.01219994854182005,1785,1745,254,Utah,fbs,Pac-12,47,"[3, 14, 7, 23]",0.98780005145818,1896,1936,4.731693217674232,,Pac-12 Championship Game,
401437033,2022,14,regular,2022-12-03T17:00:00.000Z,False,True,True,True,15550,3727,Ford Field,195,Ohio,fbs,Mid-American,7,"[0, 7, 0, 0]",0.006022261455655098,1495,1479,2649,Toledo,fbs,Mid-American,17,"[7, 3, 0, 7]",0.9939777385443449,1478,1494,4.366108441866279,,MAC Championship,
401506610,2022,14,regular,2022-12-03T17:00:00.000Z,False,True,False,False,,3722,Fitton Field,107,Holy Cross,fcs,Patriot,35,"[7, 0, 14, 14]",0.8869906067848206,,,160,New Hampshire,fcs,CAA,19,"[2, 3, 6, 8]",0.11300939321517944,,,5.080634184925251,,FCS Championship - Second Round,
401437030,2022,14,regular,2022-12-03T17:00:00.000Z,False,True,True,True,69335,3687,AT&T Stadium,2628,TCU,fbs,Big 12,28,"[7, 3, 7, 11, 0]",0.12434539198875427,1855,1856,2306,Kansas State,fbs,Big 12,31,"[7, 7, 7, 7, 3]",0.8756546080112457,1892,1891,8.5236270818944,,Dr Pepper Big 12 Championship,
401506576,2022,14,regular,2022-12-03T17:00:00.000Z,False,True,False,False,,4856,Mount Union Stadium,426,Mount Union,iii,Ohio,22,"[7, 7, 6, 2]",,,,2808,Delaware Valley,iii,Mid Atlantic,6,"[0, 0, 6, 0]",,,,,,Division III Championship - Quarterfinal,
401506572,2022,14,regular,2022-12-03T18:00:00.000Z,False,True,False,True,,4433,George P. Miller Stadium,2291,IU Pennsylvania,ii,Pennsylvania State Athletic,13,"[7, 0, 0, 6]",,,,2974,Shepherd,ii,Pennsylvania State Athletic,48,"[7, 14, 21, 6]",,,,,,Division II Championship - Quarterfinal,
401506573,2022,14,regular,2022-12-03T18:00:00.000Z,False,True,False,True,,3811,Lubbers Stadium,125,Grand Valley State,ii,GLIAC,21,"[0, 14, 0, 7]",,,,2222,Ferris State,ii,GLIAC,24,"[7, 0, 7, 10]",,,,,,Division II Championship - Quarterfinal,
401506575,2022,14,regular,2022-12-03T18:00:00.000Z,False,True,False,False,,980,Benedetti-Wehrli Stadium,3071,North Central College,iii,CCIW,48,"[14, 7, 20, 7]",,,,175,Ithaca,iii,Liberty League,7,"[0, 7, 0, 0]",,,,,,Division III Championship - Quarterfinal,
401506613,2022,14,regular,2022-12-03T18:00:00.000Z,False,True,False,False,,4463,Crusader Stadium,2371,Mary Hardin Baylor,iii,American Southwest,41,"[0, 14, 3, 24]",,,,2802,Bethel (MN),iii,Minnesota,28,"[7, 7, 7, 7]",,,,,,Division III Championship - Quarterfinal,
401506574,2022,14,regular,2022-12-03T18:00:00.000Z,False,True,False,False,,6137,Walston-Hoover Stadium,2685,Wartburg,iii,American Rivers,45,"[0, 21, 7, 17]",,,,2044,Aurora,iii,NACC,17,"[10, 0, 7, 0]",,,,,,Division III Championship - Quarterfinal,
401506612,2022,14,regular,2022-12-03T18:00:00.000Z,False,True,True,False,,6036,Blue Wahoos Stadium,110242,West Florida,ii,Gulf South,45,"[0, 24, 21, 0]",,,,351,Wingate,ii,South Atlantic,14,"[7, 0, 0, 7]",,,,,,Division II Championship - Quarterfinal,
401506571,2022,14,regular,2022-12-03T19:00:00.000Z,False,True,False,False,,3734,Gayle and Tom Benson Stadium,2916,Incarnate Word,fcs,Southland,41,"[14, 14, 3, 10]",0.6712167263031006,,,231,Furman,fcs,Southern,38,"[17, 0, 7, 14]",0.3287832736968994,,,7.211958698763271,,FCS Championship - Second Round,
401506579,2022,14,regular,2022-12-03T19:00:00.000Z,False,True,False,False,,5869,LeGrand Stadium at 1st Community Credit Union Field,2025,Angelo State,ii,Lone Star,24,"[7, 3, 14, 0]",,,,2146,Colorado School of Mines,ii,Rocky Mountain,42,"[14, 7, 14, 7]",,,,,,Division II Championship - Quarterfinal,
401506630,2022,14,regular,2022-12-03T19:00:00.000Z,False,True,False,False,,3998,Zable Stadium,2729,William & Mary,fcs,CAA,54,"[7, 27, 13, 7]",0.9982123970985413,,,2241,Gardner-Webb,fcs,Big South,14,"[0, 0, 7, 7]",0.0017876029014587402,,,2.4981711107872933,,FCS Championship - Second Round,
401506655,2022,14,regular,2022-12-03T20:00:00.000Z,False,True,False,False,,3925,Seibert Stadium,2535,Samford,fcs,Southern,48,"[14, 7, 7, 14, 6]",0.19130830466747284,,,2545,SE Louisiana,fcs,Southland,42,"[14, 0, 14, 14, 0]",0.8086916953325272,,,8.426893098130119,,FCS Championship - Second Round,
401507088,2022,14,regular,2022-12-03T20:00:00.000Z,False,True,False,False,14784,3601,Aggie Memorial Stadium,166,New Mexico State,fbs,FBS Independents,65,"[21, 14, 17, 13]",0.9791773557662964,,,2674,Valparaiso,fcs,Pioneer,3,"[0, 3, 0, 0]",0.020822644233703613,,,2.491189822513964,,,
401506611,2022,14,regular,2022-12-03T20:00:00.000Z,False,True,False,True,,3643,Bobcat Stadium,147,Montana State,fcs,Big Sky,33,"[7, 9, 10, 7]",,,,2692,Weber State,fcs,Big Sky,25,"[3, 7, 0, 15]",,,,,,FCS Championship - Second Round,
401506578,2022,14,regular,2022-12-03T20:00:00.000Z,False,True,False,False,,5237,Dana J. Dykhouse Stadium,2571,South Dakota State,fcs,MVFC,42,"[7, 14, 21, 0]",,,,48,Delaware,fcs,CAA,6,"[3, 3, 0, 0]",,,,,,FCS Championship - Second Round,
401506690,2022,14,regular,2022-12-03T20:30:00.000Z,False,True,False,False,,3714,Fargodome,2449,North Dakota State,fcs,MVFC,49,"[14, 7, 14, 14]",0.9988585114479065,,,149,Montana,fcs,Big Sky,26,"[7, 6, 7, 6]",0.0011414885520935059,,,3.41499841609761,,FCS Championship - Second Round,
401437037,2022,14,regular,2022-12-03T20:30:00.000Z,False,True,False,True,21554,3975,Veterans Memorial Stadium (AL),2653,Troy,fbs,Sun Belt,45,"[17, 14, 14, 0]",0.9424201250076294,1529,1564,324,Coastal Carolina,fbs,Sun Belt,26,"[0, 7, 6, 13]",0.057579874992370605,1443,1408,2.2166752845995523,,Sun Belt Championship,
401437036,2022,14,regular,2022-12-03T21:00:00.000Z,False,True,True,True,74810,5348,Mercedes-Benz Stadium,61,Georgia,fbs,SEC,50,"[14, 21, 7, 8]",0.9844166040420532,2132,2146,99,LSU,fbs,SEC,30,"[7, 3, 13, 7]",0.015583395957946777,1729,1715,3.0440657265131987,,SEC Championship Game,
401437034,2022,14,regular,2022-12-03T21:00:00.000Z,False,True,False,True,24037,3653,Albertsons Stadium,68,Boise State,fbs,Mountain West,16,"[0, 6, 3, 7]",0.006178650073707104,1750,1717,278,Fresno State,fbs,Mountain West,28,"[0, 14, 0, 14]",0.9938213499262929,1676,1709,5.016624126491604,,Mountain West Championship Game,
401437008,2022,14,regular,2022-12-03T21:00:00.000Z,False,True,False,True,30118,4729,Yulman Stadium,2655,Tulane,fbs,American Athletic,45,"[10, 7, 7, 21]",0.99772709608078,1675,1710,2116,UCF,fbs,American Athletic,28,"[0, 7, 7, 14]",0.0022729039192199707,1647,1612,4.602452110483098,,American Athletic Championship,
401437132,2022,14,regular,2022-12-03T21:00:00.000Z,False,True,False,True,,3976,Mississippi Veterans Memorial Stadium,2296,Jackson State,fcs,SWAC,43,"[26, 7, 10, 0]",0.9600874781608582,,,2582,Southern,fcs,SWAC,24,"[0, 10, 14, 0]",0.039912521839141846,,,3.088401547816709,,SWAC Championship Game,
401506577,2022,14,regular,2022-12-03T22:00:00.000Z,False,True,False,False,,3757,Hornet Stadium,16,Sacramento State,fcs,Big Sky,38,"[7, 10, 7, 14]",,,,257,Richmond,fcs,CAA,31,"[14, 7, 10, 0]",,,,,,FCS Championship - Second Round,
401437009,2022,14,regular,2022-12-04T01:00:00.000Z,False,True,True,True,64115,3628,Bank of America Stadium,153,North Carolina,fbs,ACC,10,"[7, 3, 0, 0]",0.02893529087305069,1599,1554,228,Clemson,fbs,ACC,39,"[14, 10, 15, 0]",0.9710647091269493,1821,1866,3.446141265565088,,Subway ACC Championship,
401437031,2022,14,regular,2022-12-04T01:00:00.000Z,False,True,True,True,67107,3812,Lucas Oil Stadium,130,Michigan,fbs,Big Ten,43,"[7, 7, 14, 15]",0.9904118180274963,2144,2150,2509,Purdue,fbs,Big Ten,22,"[7, 6, 3, 6]",0.009588181972503662,1622,1616,4.434797382510035,,Big Ten Championship Game,
401507650,2022,15,regular,2022-12-10T00:00:00.000Z,False,True,False,False,,3714,Fargodome,2449,North Dakota State,fcs,MVFC,24,"[0, 10, 14, 0]",1,,,2535,Samford,fcs,Southern,3,"[0, 0, 0, 3]",0,,,2.4630135302421405,,FCS Championship - Quarterfinals,
401507670,2022,15,regular,2022-12-10T03:15:00.000Z,False,True,False,False,,3643,Bobcat Stadium,147,Montana State,fcs,Big Sky,55,"[10, 17, 28, 0]",0.9980347752571106,,,2729,William & Mary,fcs,CAA,0,"[0, 0, 0, 0]",0.0019652247428894043,,,1.823912879101925,,FCS Championship - Quarterfinals,
401507652,2022,15,regular,2022-12-10T03:30:00.000Z,False,True,False,False,,3757,Hornet Stadium,16,Sacramento State,fcs,Big Sky,63,"[14, 3, 17, 29]",0.1471373289823532,,,2916,Incarnate Word,fcs,Southland,66,"[7, 21, 10, 28]",0.8528626710176468,,,10.325031409642582,,FCS Championship - Quarterfinals,
401507552,2022,15,regular,2022-12-10T17:00:00.000Z,False,True,False,False,,4856,Mount Union Stadium,426,Mount Union,iii,Ohio,34,"[14, 0, 7, 13]",,,,2685,Wartburg,iii,American Rivers,31,"[7, 7, 0, 17]",,,,,,Division III Championship - Semifinal,
401507610,2022,15,regular,2022-12-10T17:00:00.000Z,False,True,False,False,,3960,Top Taggart Field,2222,Ferris State,ii,GLIAC,38,"[14, 3, 7, 14]",,,,110242,West Florida,ii,Gulf South,17,"[3, 14, 0, 0]",,,,,,Division II Championship - Semifinal,
401507651,2022,15,regular,2022-12-10T17:00:00.000Z,False,True,False,False,,5237,Dana J. Dykhouse Stadium,2571,South Dakota State,fcs,MVFC,41,"[6, 15, 0, 20]",0.9899706244468689,,,107,Holy Cross,fcs,Patriot,21,"[7, 7, 7, 0]",0.010029375553131104,,,4.803287819396447,,FCS Championship - Quarterfinals,
401404145,2022,15,regular,2022-12-10T20:00:00.000Z,False,True,True,False,69117,3806,Lincoln Financial Field,349,Army,fbs,FBS Independents,20,"[0, 7, 0, 3, 7, 3]",0.747624933719635,1494,1499,2426,Navy,fbs,American Athletic,17,"[0, 3, 7, 0, 7, 0]",0.252375066280365,1462,1457,7.391923338708446,,,
401507611,2022,15,regular,2022-12-10T20:30:00.000Z,False,True,False,False,,5883,Marv Kay Stadium at Campbell Field,2146,Colorado School of Mines,ii,Rocky Mountain,44,"[3, 14, 21, 6]",,,,2974,Shepherd,ii,Pennsylvania State Athletic,13,"[0, 3, 0, 10]",,,,,,Division II Championship - Semifinal,
401507553,2022,15,regular,2022-12-10T20:30:00.000Z,False,True,False,False,,980,Benedetti-Wehrli Stadium,3071,North Central College,iii,CCIW,49,"[14, 7, 14, 14]",,,,2371,Mary Hardin Baylor,iii,American Southwest,14,"[7, 7, 0, 0]",,,,,,Division III Championship - Semifinal,
