id,season,week,seasonType,startDate,startTimeTBD,completed,neutralSite,conferenceGame,attendance,venueId,venue,homeId,homeTeam,homeClassification,homeConference,homePoints,homeLineScores,homePostgameWinProbability,homePregameElo,homePostgameElo,awayId,awayTeam,awayClassification,awayConference,awayPoints,awayLineScores,awayPostgameWinProbability,awayPregameElo,awayPostgameElo,excitementIndex,highlights,notes,playoff
401282714,2021,1,regular,2021-08-28T17:20:00.000Z,False,True,False,True,41064,3832,"Memorial Stadium (Champaign, IL)",356,Illinois,fbs,Big Ten,30,"[2, 14, 14, 0]",0.7141324877738953,1392,1411,158,Nebraska,fbs,Big Ten,22,"[0, 9, 7, 6]",0.28586751222610474,1503,1484,3.815672981765169,,,
401286187,2021,1,regular,2021-08-28T18:00:00.000Z,False,True,False,False,26043,3660,Valley Children's Stadium,278,Fresno State,fbs,Mountain West,45,"[7, 24, 7, 7]",0.9899201989173889,1465,1566,41,UConn,fbs,FBS Independents,0,"[0, 0, 0, 0]",0.010079801082611084,1223,1122,2.4612123467383187,,,
401329133,2021,1,regular,2021-08-28T19:00:00.000Z,False,True,True,True,,3861,Ohio Stadium,2119,Central State,ii,SIAC,6,"[0, 0, 0, 6]",,,,2310,Kentucky State,ii,SIAC,20,"[6, 7, 0, 7]",,,,,,,
401309833,2021,1,regular,2021-08-28T19:30:00.000Z,False,True,False,False,32982,1056,Rose Bowl,26,UCLA,fbs,Pac-12,44,"[24, 7, 13, 0]",0.9941574335098267,1517,1605,62,Hawai'i,fbs,Mountain West,10,"[3, 0, 7, 0]",0.00584256649017334,1466,1378,2.6594396450205195,,,
401328337,2021,1,regular,2021-08-28T22:00:00.000Z,False,True,False,False,,3829,Memorial Stadium,282,Indiana State,fcs,MVFC,26,"[7, 3, 7, 9]",,,,2197,Eastern Illinois,fcs,OVC,21,"[0, 7, 7, 7]",,,,,,,
401327539,2021,1,regular,2021-08-28T23:00:00.000Z,False,True,True,False,,4246,Center Parc Stadium,2428,North Carolina Central,fcs,MEAC,23,"[0, 7, 6, 10]",,,,2016,Alcorn State,fcs,SWAC,14,"[7, 0, 7, 0]",,,,,,Cricket MEAC/SWAC Challenge,
401282049,2021,1,regular,2021-08-29T01:30:00.000Z,False,True,False,False,19034,3601,Aggie Memorial Stadium,166,New Mexico State,fbs,FBS Independents,3,"[0, 3, 0, 0]",0.015330485999584198,1261,1182,2638,UTEP,fbs,Conference USA,30,"[17, 3, 10, 0]",0.9846695140004158,1222,1301,3.0678294831774076,,,
401310693,2021,1,regular,2021-08-29T02:00:00.000Z,False,True,False,False,16204,3935,CEFCU Stadium,23,San José State,fbs,Mountain West,45,"[21, 17, 7, 0]",0.9844918251037598,,,253,Southern Utah,fcs,Big Sky,14,"[0, 14, 0, 0]",0.015508174896240234,,,2.251917913228514,,,
401282050,2021,1,regular,2021-09-01T23:30:00.000Z,False,True,True,False,9122,3689,Cramton Bowl,55,Jacksonville State,fcs,AWC,0,"[0, 0, 0, 0]",0.007298274897038937,,,5,UAB,fbs,Conference USA,31,"[0, 10, 14, 7]",0.9927017251029611,,,3.2476810297848244,,Montgomery Kickoff,
401328204,2021,1,regular,2021-09-02T22:00:00.000Z,False,True,False,True,,3788,Kenneth P. LaValle Stadium,2619,Stony Brook,fcs,CAA,21,"[0, 0, 14, 7]",,,,160,New Hampshire,fcs,CAA,27,"[6, 14, 7, 0]",,,,,,,
401328989,2021,1,regular,2021-09-02T22:00:00.000Z,False,True,False,False,,3600,Tom Adams Field,131,Wayne State (MI),ii,GLIAC,21,"[6, 8, 7, 0]",,,,215,Slippery Rock,ii,Pennsylvania State Athletic,24,"[7, 3, 14, 0]",,,,,,,
401328215,2021,1,regular,2021-09-02T22:00:00.000Z,False,True,False,False,,5781,Irwin Belk Stadium,351,Wingate,ii,South Atlantic,30,"[14, 7, 3, 6]",,,,2551,Shaw,ii,CIAA,7,"[0, 0, 0, 7]",,,,,,,
401329056,2021,1,regular,2021-09-02T23:00:00.000Z,False,True,False,False,,3663,Burke-Tarr Stadium,2105,Carson Newman,ii,South Atlantic,7,"[7, 0, 0, 0]",,,,2698,West Georgia,ii,Gulf South,45,"[14, 14, 10, 7]",,,,,,,
401328276,2021,1,regular,2021-09-02T23:00:00.000Z,False,True,False,True,,5870,Thone Stadium at Buerkle Field,2033,Arkansas Tech,ii,Great American,20,"[7, 0, 6, 7]",,,,199,Southeastern Oklahoma State,ii,Great American,38,"[7, 17, 7, 7]",,,,,,,
401334786,2021,1,regular,2021-09-02T23:00:00.000Z,False,True,False,True,,6035,"Memorial Stadium (Wayne, NE)",2844,Wayne State (NE),ii,Northern Sun,34,"[10, 7, 10, 7]",,,,559,University of Mary,ii,Northern Sun,27,"[0, 0, 14, 13]",,,,,,,
401329015,2021,1,regular,2021-09-02T23:00:00.000Z,False,True,False,False,,5935,Parker Field at McCool Stadium,2170,Delta State,ii,Gulf South,48,[],,,,2064,Bethel University Tennessee,,,14,[],,,,,,,
401300995,2021,1,regular,2021-09-02T23:00:00.000Z,False,True,False,False,43928,3652,FBC Mortgage Stadium,2116,UCF,fbs,American Athletic,36,"[0, 14, 14, 8]",0.6877216100692749,1648,1651,68,Boise State,fbs,Mountain West,31,"[14, 10, 0, 7]",0.3122783899307251,1602,1599,6.460374628113913,,,
401329270,2021,1,regular,2021-09-02T23:00:00.000Z,False,True,False,False,,3859,Offutt Field,611,Seton Hill,ii,Pennsylvania State Athletic,16,"[0, 6, 10, 0]",,,,112335,Wheeling,ii,Mountain East,14,"[0, 7, 7, 0]",,,,,,,
401337471,2021,1,regular,2021-09-02T23:00:00.000Z,False,True,False,False,,5886,West Family Stadium,2699,West Liberty,ii,Mountain East,6,"[0, 0, 0, 6]",,,,2682,Walsh,ii,Great Midwest Athletic,27,"[3, 14, 3, 7]",,,,,,,
401329443,2021,1,regular,2021-09-02T23:00:00.000Z,False,True,False,True,,6045,Dwight T. Reed Stadium,2876,Lincoln (MO),ii,Mid America,12,"[6, 6, 0, 0]",,,,2687,Washburn,ii,Mid America,76,"[21, 17, 21, 17]",,,,,,,
401329651,2021,1,regular,2021-09-02T23:00:00.000Z,False,True,False,False,,6046,Meares Stadium,2369,Mars Hill,ii,South Atlantic,24,"[0, 7, 7, 10, 0]",,,,2804,Chowan,ii,CIAA,30,"[14, 3, 7, 0, 6]",,,,,,,
401329020,2021,1,regular,2021-09-02T23:00:00.000Z,False,True,False,False,,6053,Robinson-Hale Stadium,2401,Mississippi College,ii,Gulf South,0,"[0, 0, 0, 0]",,,,2013,Albany State,ii,SIAC,24,"[7, 7, 3, 7]",,,,,,,
401329425,2021,1,regular,2021-09-02T23:00:00.000Z,False,True,False,False,,4431,Chryst Field at Biemesderfer Stadium,210,Millersville,ii,Pennsylvania State Athletic,9,"[2, 0, 0, 7]",,,,2022,American International,ii,Northeast 10,14,"[7, 7, 0, 0]",,,,,,,
401328545,2021,1,regular,2021-09-02T23:00:00.000Z,False,True,False,False,16236,3654,Brooks Stadium (SC),324,Coastal Carolina,fbs,Sun Belt,52,"[7, 24, 14, 7]",0.9989646936333476,,,2643,The Citadel,fcs,Southern,14,"[0, 0, 7, 7]",0.0010353063666523887,,,1.189259394,,,
401329357,2021,1,regular,2021-09-02T23:00:00.000Z,False,True,False,False,,3870,Panther Stadium (OH),2477,Ohio Dominican,ii,Great Midwest Athletic,30,"[7, 3, 10, 10]",,,,2974,Shepherd,ii,Pennsylvania State Athletic,35,"[7, 7, 7, 14]",,,,,,,
401329689,2021,1,regular,2021-09-02T23:00:00.000Z,False,True,False,True,,6030,Harms-Eischeid Stadium,389,Upper Iowa,ii,Northern Sun,14,"[0, 7, 0, 7]",,,,134,Minnesota Duluth,ii,Northern Sun,41,"[7, 27, 0, 7]",,,,,,,
401309542,2021,1,regular,2021-09-02T23:00:00.000Z,False,True,False,False,17521,3965,UB Stadium,2084,Buffalo,fbs,Mid-American,69,"[14, 24, 21, 10]",0.9983755574946217,,,2681,Wagner,fcs,NEC,7,"[0, 0, 0, 7]",0.0016244425053782985,,,1.0306190592,,,
401328605,2021,1,regular,2021-09-02T23:00:00.000Z,False,True,False,False,,3749,Hunter Stadium,2815,Lindenwood,ii,Great Lakes Valley,20,"[7, 7, 0, 6]",,,,2025,Angelo State,ii,Lone Star,40,"[16, 7, 14, 3]",,,,,,,
401334787,2021,1,regular,2021-09-02T23:00:00.000Z,False,True,False,False,,5943,Duvall-Rosier Field,2986,Fairmont State,ii,Mountain East,14,"[0, 0, 14, 0]",,,,2858,California (PA),ii,Pennsylvania State Athletic,23,"[10, 3, 7, 3]",,,,,,,
401328432,2021,1,regular,2021-09-02T23:00:00.000Z,False,True,False,True,,4763,Ranger Field,2823,Northwestern (OK),ii,Great American,13,"[3, 0, 3, 7]",,,,2568,Southern Arkansas,ii,Great American,32,"[6, 6, 7, 13]",,,,,,,
401334756,2021,1,regular,2021-09-02T23:00:00.000Z,False,True,False,False,,5263,Steele Stadium,2316,Kentucky Wesleyan,ii,Great Midwest Athletic,13,"[0, 3, 3, 7]",,,,341,Frostburg State,ii,Mountain East,20,"[7, 6, 7, 0]",,,,,,,
401328397,2021,1,regular,2021-09-02T23:00:00.000Z,False,True,False,True,,6073,Milam Stadium,2927,Southwestern Oklahoma State,ii,Great American,13,"[0, 0, 13, 0]",,,,2271,Henderson State,ii,Great American,31,"[7, 7, 7, 10]",,,,,,,
401329503,2021,1,regular,2021-09-02T23:00:00.000Z,False,True,False,True,,6070,Bob Young Field,2894,Sioux Falls,ii,Northern Sun,16,"[0, 0, 9, 7]",,,,132,Bemidji State,ii,Northern Sun,24,"[0, 10, 14, 0]",,,,,,,
401328466,2021,1,regular,2021-09-02T23:00:00.000Z,False,True,False,True,,6065,Cliff Harris Stadium,2888,Ouachita Baptist,ii,Great American,38,"[14, 3, 7, 14]",,,,319,Oklahoma Baptist,ii,Great American,31,"[0, 16, 7, 8]",,,,,,,
401328309,2021,1,regular,2021-09-02T23:00:00.000Z,False,True,False,True,,5871,Convoy Leslie Cotton Boll Stadium,2028,Arkansas Monticello,ii,Great American,30,"[7, 23, 0, 0]",,,,200,Southern Nazarene,ii,Great American,23,"[0, 7, 8, 8]",,,,,,,
401309540,2021,1,regular,2021-09-02T23:00:00.000Z,False,True,False,False,13149,3919,Scheumann Stadium,2050,Ball State,fbs,Mid-American,31,"[7, 0, 14, 10]",0.9390513896942139,,,2710,Western Illinois,fcs,MVFC,21,"[0, 7, 7, 7]",0.06094861030578613,,,4.79218047739303,,,
401328973,2021,1,regular,2021-09-02T23:00:00.000Z,False,True,False,False,,3747,Hantz Stadium,2886,Northwood,ii,GLIAC,21,"[3, 3, 0, 15, 0]",,,,367,Gannon,ii,Pennsylvania State Athletic,28,"[7, 0, 7, 7, 7]",,,,,,,
401329491,2021,1,regular,2021-09-02T23:00:00.000Z,False,True,False,True,,3641,Blakeslee Stadium,2364,Minnesota State,ii,Northern Sun,40,"[7, 10, 0, 17, 6]",,,,425,Northern State,ii,Northern Sun,34,"[7, 10, 10, 7, 0]",,,,,,,
401332315,2021,1,regular,2021-09-02T23:00:00.000Z,False,True,False,False,,3701,Drake Stadium,2181,Drake,fcs,Pioneer,45,"[21, 14, 10, 0]",,,,455,West Virginia Wesleyan,ii,Mountain East,3,"[0, 0, 0, 3]",,,,,,,
401328175,2021,1,regular,2021-09-02T23:00:00.000Z,False,True,False,True,,3607,Alfond Stadium,311,Maine,fcs,CAA,24,"[0, 24, 0, 0]",,,,48,Delaware,fcs,CAA,34,"[7, 10, 10, 7]",,,,,,,
401328388,2021,1,regular,2021-09-02T23:00:00.000Z,False,True,False,False,,844,Stambaugh Stadium,2754,Youngstown State,fcs,MVFC,44,"[14, 10, 7, 10, 3]",,,,2916,Incarnate Word,fcs,Southland,41,"[7, 14, 13, 7, 0]",,,,,,,
401357797,2021,1,regular,2021-09-02T23:00:00.000Z,False,True,False,False,,4417,Five Star Stadium at the Moye Complex,2382,Mercer,fcs,Southern,69,"[14, 28, 14, 13]",,,,3179,Point University,,,0,"[0, 0, 0, 0]",,,,,,,
401328458,2021,1,regular,2021-09-02T23:00:00.000Z,False,True,False,False,,3925,Seibert Stadium,2535,Samford,fcs,Southern,52,"[14, 3, 21, 14]",,,,2635,Tennessee Tech,fcs,OVC,14,"[0, 7, 7, 0]",,,,,,,
401329660,2021,1,regular,2021-09-02T23:05:00.000Z,False,True,False,False,,4439,Eiler-Martin Stadium,2188,East Stroudsburg,ii,Pennsylvania State Athletic,35,"[21, 7, 0, 7]",,,,2487,Pace,ii,Northeast 10,14,"[0, 7, 7, 0]",,,,,,,
401282607,2021,1,regular,2021-09-02T23:30:00.000Z,False,True,False,False,52633,3670,Carter-Finley Stadium,152,NC State,fbs,ACC,45,"[10, 14, 14, 7]",0.9905123114585876,1460,1565,58,South Florida,fbs,American Athletic,0,"[0, 0, 0, 0]",0.009487688541412354,1251,1146,2.1752946239535724,,,
401309834,2021,1,regular,2021-09-02T23:30:00.000Z,False,True,False,False,51511,587,Rice-Eccles Stadium,254,Utah,fbs,Pac-12,40,"[13, 6, 7, 14]",0.9994500875473022,,,2692,Weber State,fcs,Big Sky,17,"[7, 0, 3, 7]",0.0005499124526977539,,,3.9771845319846517,,,
401328768,2021,1,regular,2021-09-02T23:30:00.000Z,False,True,False,False,,3960,Top Taggart Field,2222,Ferris State,ii,GLIAC,54,"[20, 20, 14, 0]",,,,2224,Findlay,ii,Great Midwest Athletic,14,"[7, 7, 0, 0]",,,,,,,
401300993,2021,1,regular,2021-09-02T23:30:00.000Z,False,True,False,False,36752,3792,Kidd Brewer Stadium,2026,App State,fbs,Sun Belt,33,"[14, 6, 7, 6]",1,1659,1666,151,East Carolina,fbs,American Athletic,19,"[6, 0, 3, 10]",0,1403,1396,2.5359539267719096,,,
401328383,2021,1,regular,2021-09-02T23:30:00.000Z,False,True,False,False,,7003,Houck Field,2546,Southeast Missouri State,fcs,OVC,21,"[7, 0, 7, 7]",,,,79,Southern Illinois,fcs,MVFC,47,"[14, 14, 10, 9]",,,,,,,
401328404,2021,1,regular,2021-09-02T23:30:00.000Z,False,True,False,False,,3720,Finley Stadium,236,Chattanooga,fcs,Southern,20,"[7, 7, 6, 0]",,,,2046,Austin Peay,fcs,OVC,30,"[6, 10, 7, 7]",,,,,,,
401300994,2021,1,regular,2021-09-02T23:30:00.000Z,False,True,False,False,15085,3674,Chapman Stadium,202,Tulsa,fbs,American Athletic,17,"[3, 7, 7, 0]",0.7725239396095276,,,302,UC Davis,fcs,Big Sky,19,"[7, 3, 3, 6]",0.2274760603904724,,,6.073387461665971,,,
401328420,2021,1,regular,2021-09-03T00:00:00.000Z,False,True,False,False,,3909,Roy Stewart Stadium,93,Murray State,fcs,OVC,35,"[14, 7, 7, 7]",,,,2400,Mississippi Valley State,fcs,SWAC,0,"[0, 0, 0, 0]",,,,,,,
401328138,2021,1,regular,2021-09-03T00:00:00.000Z,False,True,False,False,,4899,Fifth Third Stadium,338,Kennesaw State,fcs,Big South,35,"[14, 7, 7, 7]",,,,2890,Reinhardt,,,25,"[7, 0, 12, 6]",,,,,,,
401282180,2021,1,regular,2021-09-03T00:00:00.000Z,False,True,False,False,16236,3796,Houchens Industries-L.T. Smith Stadium,98,Western Kentucky,fbs,Conference USA,59,"[7, 21, 17, 14]",0.9923319220542908,,,2630,UT Martin,fcs,OVC,21,"[7, 7, 0, 7]",0.0076680779457092285,,,3.4488639157241248,,,
401329037,2021,1,regular,2021-09-03T00:00:00.000Z,False,True,False,True,,6072,Schwan Regional Event Center,2587,Southwest Minnesota State,ii,Northern Sun,21,"[0, 7, 7, 7]",,,,2817,Minnesota St Moorhead,ii,Northern Sun,33,"[7, 7, 13, 6]",,,,,,,
401330245,2021,1,regular,2021-09-03T00:00:00.000Z,False,True,False,False,,5938,Al Whitehead Field at Greyhound Stadium,2201,Eastern New Mexico,ii,Lone Star,24,"[7, 10, 7, 0]",,,,2120,Central Washington,ii,Great Northwest,66,"[21, 14, 17, 14]",,,,,,,
401328681,2021,1,regular,2021-09-03T00:00:00.000Z,False,True,False,False,,3860,O'Harra Stadium,613,South Dakota Mines,ii,Rocky Mountain,34,"[14, 7, 10, 3]",,,,2402,Missouri S&T,ii,Great Lakes,31,"[0, 3, 7, 21]",,,,,,,
401310696,2021,1,regular,2021-09-03T00:00:00.000Z,False,True,False,False,15908,3971,University Stadium (NM),167,New Mexico,fbs,Mountain West,27,"[14, 7, 3, 3]",0.9700928934278247,,,2277,Houston Christian,fcs,Southland,17,"[0, 10, 0, 7]",0.029907106572175324,,,2.230787703,,,
401329153,2021,1,regular,2021-09-03T00:00:00.000Z,False,True,False,False,,4852,Neta and Eddie DeRose ThunderBowl,2570,CSU Pueblo,ii,Rocky Mountain,6,"[3, 3, 0, 0]",,,,2837,East Texas A&M,ii,Lone Star,12,"[0, 6, 6, 0]",,,,,,,
401281952,2021,1,regular,2021-09-03T00:00:00.000Z,False,True,False,False,84314,3853,Neyland Stadium,2633,Tennessee,fbs,SEC,38,"[14, 0, 14, 10]",1,1489,1524,189,Bowling Green,fbs,Mid-American,6,"[0, 6, 0, 0]",0,1041,1006,2.294760520401764,,,
401282789,2021,1,regular,2021-09-03T00:00:00.000Z,False,True,False,True,50805,3953,Huntington Bank Stadium,135,Minnesota,fbs,Big Ten,31,"[0, 14, 7, 10]",0.09800956398248672,1585,1582,194,Ohio State,fbs,Big Ten,45,"[7, 3, 21, 14]",0.9019904360175133,1905,1908,5.477862790789624,,,
401329058,2021,1,regular,2021-09-03T00:00:00.000Z,False,True,False,True,,5780,Altra Federal Credit Union Stadium,2851,Winona State,ii,Northern Sun,47,"[7, 23, 10, 7]",,,,3066,Concordia St. Paul,ii,Northern Sun,6,"[0, 3, 3, 0]",,,,,,,
401329340,2021,1,regular,2021-09-03T00:00:00.000Z,False,True,False,True,,4724,Audrey J. Walton Stadium at Vernon Kennedy Field,2118,Central Missouri,ii,Mid America,16,"[0, 3, 6, 7]",,,,90,Pittsburg State,ii,Mid America,35,"[7, 14, 7, 7]",,,,,,,
401329048,2021,1,regular,2021-09-03T00:00:00.000Z,False,True,False,False,,5883,Marv Kay Stadium at Campbell Field,2146,Colorado School of Mines,ii,Rocky Mountain,42,"[14, 21, 7, 0]",,,,2848,Western Oregon,ii,Great Northwest,3,"[0, 3, 0, 0]",,,,,,,
401329374,2021,1,regular,2021-09-03T00:00:00.000Z,False,True,False,True,,5878,Wantland Stadium,2122,Central Oklahoma,ii,Mid America,24,"[10, 14, 0, 0]",,,,137,Missouri Western,ii,Mid America,20,"[0, 7, 7, 6]",,,,,,,
401329312,2021,1,regular,2021-09-03T00:00:00.000Z,False,True,False,False,,5882,Ralph Stocker Stadium,11,Colorado Mesa,ii,Rocky Mountain,40,"[0, 13, 13, 14]",,,,2911,William Jewell,ii,Great Lakes,3,"[3, 0, 0, 0]",,,,,,,
401329404,2021,1,regular,2021-09-03T00:00:00.000Z,False,True,False,True,,5890,Lewis Field Stadium,2231,Fort Hays,ii,Mid America,7,"[0, 0, 7, 0]",,,,138,Northwest Missouri State,ii,Mid America,15,"[2, 7, 0, 6]",,,,,,,
401329456,2021,1,regular,2021-09-03T00:00:00.000Z,False,True,False,True,,6057,Ron & Carol Cope Stadium at Foster Field,2438,Nebraska Kearney,ii,Mid America,38,"[0, 14, 3, 21]",,,,2403,Missouri Southern State,ii,Mid America,0,"[0, 0, 0, 0]",,,,,,,
401282051,2021,1,regular,2021-09-03T00:05:00.000Z,False,True,False,False,0,218,FIU Stadium,2229,Florida International,fbs,Conference USA,48,"[21, 7, 10, 10]",,,,2341,Long Island University,fcs,NEC,10,"[0, 10, 0, 0]",,,,1.825485544,,,
401329450,2021,1,regular,2021-09-03T01:00:00.000Z,False,True,False,False,,5884,Buffalo Stadium,2704,West Texas,ii,Lone Star,73,"[28, 24, 14, 7]",,,,2637,Texas College,,,0,"[0, 0, 0, 0]",,,,,,,
401328011,2021,1,regular,2021-09-03T01:00:00.000Z,False,True,False,False,,2023,Walkup Skydome,2464,Northern Arizona,fcs,Big Sky,16,"[0, 7, 9, 0]",,,,2534,Sam Houston,fcs,AWC,42,"[7, 14, 14, 7]",,,,,,,
401310694,2021,1,regular,2021-09-03T02:00:00.000Z,False,True,False,False,21970,6501,Allegiant Stadium,2439,UNLV,fbs,Mountain West,33,"[0, 6, 0, 14, 7, 6]",0.07179342211021605,,,331,Eastern Washington,fcs,Big Sky,35,"[0, 3, 17, 0, 7, 8]",0.9282065778897839,,,6.630977027,,,
401309835,2021,1,regular,2021-09-03T02:30:00.000Z,False,True,False,False,44456,3947,Mountain America Stadium,9,Arizona State,fbs,Pac-12,41,"[13, 15, 6, 7]",0.9961479306221008,,,253,Southern Utah,fcs,Big Sky,14,"[7, 0, 7, 0]",0.00385206937789917,,,2.5825416273038413,,,
401309937,2021,1,regular,2021-09-03T22:00:00.000Z,False,True,False,True,65632,3799,Lane Stadium,259,Virginia Tech,fbs,ACC,17,"[7, 7, 0, 3]",0.9903338551521301,1535,1556,153,North Carolina,fbs,ACC,10,"[0, 0, 7, 3]",0.009666144847869873,1725,1704,2.7733280571205685,,,
401344437,2021,1,regular,2021-09-03T22:00:00.000Z,False,True,False,False,,5876,Bentley University Football Stadium,2060,Bentley,ii,Northeast 10,41,"[14, 13, 7, 7]",,,,223,West Chester,ii,Pennsylvania State Athletic,17,"[0, 3, 0, 14]",,,,,,,
401335299,2021,1,regular,2021-09-03T22:00:00.000Z,False,True,False,False,,3624,Arute Field,2115,Central Connecticut,fcs,NEC,21,"[7, 7, 0, 7]",,,,2583,Southern Connecticut State,ii,Northeast 10,28,"[0, 14, 0, 14]",,,,,,,
401282052,2021,1,regular,2021-09-03T23:00:00.000Z,False,True,False,False,14125,4418,Jerry Richardson Stadium,2429,Charlotte,fbs,Conference USA,31,"[7, 3, 7, 14]",0.7257195711135864,1366,1366,150,Duke,fbs,ACC,28,"[0, 14, 0, 14]",0.2742804288864136,1295,1295,7.496248518302861,,,
401282608,2021,1,regular,2021-09-03T23:00:00.000Z,False,True,False,False,25673,3630,Allegacy Federal Credit Union Stadium,154,Wake Forest,fbs,ACC,42,"[14, 14, 7, 7]",0.9911959171295166,1519,1580,295,Old Dominion,fbs,Conference USA,10,"[3, 0, 0, 7]",0.008804082870483398,1303,1242,2.3806229651126034,,,
401309541,2021,1,regular,2021-09-03T23:00:00.000Z,False,True,False,False,16461,3912,Rynearson Stadium,2199,Eastern Michigan,fbs,Mid-American,35,"[14, 14, 7, 0]",0.9856200622735365,,,2598,Saint Francis,fcs,NEC,15,"[0, 7, 0, 8]",0.01437993772646351,,,1.3276499065,,,
401287888,2021,1,regular,2021-09-04T00:00:00.000Z,False,True,False,False,26103,3833,Memorial Stadium,2305,Kansas,fbs,Big 12,17,"[0, 7, 3, 7]",0.889825701713562,,,233,South Dakota,fcs,MVFC,14,"[0, 0, 7, 7]",0.11017429828643799,,,6.222030440444172,,,
401282782,2021,1,regular,2021-09-04T01:00:00.000Z,False,True,False,True,34248,3911,Ryan Field,77,Northwestern,fbs,Big Ten,21,"[0, 7, 0, 14]",0.03067609667778015,1639,1574,127,Michigan State,fbs,Big Ten,38,"[14, 7, 7, 10]",0.9693239033222198,1424,1489,3.129880083297679,,,
401310695,2021,1,regular,2021-09-04T01:00:00.000Z,False,True,False,False,32327,5388,Canvas Stadium,36,Colorado State,fbs,Mountain West,23,"[0, 10, 0, 13]",0.017900748178362846,,,2571,South Dakota State,fcs,MVFC,42,"[7, 14, 14, 7]",0.9820992518216372,,,4.274528786722065,,,
401309836,2021,1,regular,2021-09-04T01:00:00.000Z,False,True,False,False,44153,3726,Folsom Field,38,Colorado,fbs,Pac-12,35,"[0, 14, 7, 14]",0.9940341114997864,,,2458,Northern Colorado,fcs,Big Sky,7,"[0, 0, 7, 0]",0.005965888500213623,,,2.26236284724015,,,
401328706,2021,1,regular,2021-09-04T16:00:00.000Z,False,True,False,False,,5934,Farmers Insurance Athletic Complex,110254,Davenport,ii,GLIAC,14,"[0, 7, 7, 0]",,,,2654,Truman State,ii,Great Lakes,31,"[7, 7, 7, 10]",,,,,,,
401327913,2021,1,regular,2021-09-04T16:00:00.000Z,False,True,False,False,85938,3834,"Memorial Stadium (Lincoln, NE)",158,Nebraska,fbs,Big Ten,52,"[7, 17, 14, 14]",0.9670659303665161,,,2230,Fordham,fcs,Patriot,7,"[0, 7, 0, 0]",0.03293406963348389,,,4.393220703178948,,,
401328713,2021,1,regular,2021-09-04T16:00:00.000Z,False,True,False,False,,6063,Mueller Field,587,Notre Dame College,ii,Mountain East,42,"[0, 14, 14, 7, 7]",,,,308,Ashland,ii,Great Midwest Athletic,35,"[7, 7, 14, 7, 0]",,,,,,,
401281947,2021,1,regular,2021-09-04T16:00:00.000Z,False,True,False,False,47693,3683,Kroger Field,96,Kentucky,fbs,SEC,45,"[14, 14, 3, 14]",0.9882475733757019,1550,1593,2433,UL Monroe,fbs,Sun Belt,10,"[7, 0, 0, 3]",0.011752426624298096,1101,1058,3.0198836771605118,,,
401282815,2021,1,regular,2021-09-04T16:00:00.000Z,False,True,False,True,76832,347,Camp Randall Stadium,275,Wisconsin,fbs,Big Ten,10,"[0, 0, 7, 3]",0.29977816343307495,1745,1728,213,Penn State,fbs,Big Ten,16,"[0, 0, 7, 9]",0.700221836566925,1668,1685,6.098828973931181,,,
401309601,2021,1,regular,2021-09-04T16:00:00.000Z,False,True,False,False,18280,4246,Center Parc Stadium,2247,Georgia State,fbs,Sun Belt,10,"[0, 7, 3, 0]",0.027129225432872772,1410,1334,349,Army,fbs,FBS Independents,43,"[14, 13, 6, 10]",0.9728707745671272,1549,1625,2.2460658355283263,,,
401287889,2021,1,regular,2021-09-04T16:00:00.000Z,False,True,True,False,28668,3687,AT&T Stadium,2306,Kansas State,fbs,Big 12,24,"[7, 7, 0, 10]",0.9948632121086121,1447,1497,24,Stanford,fbs,Pac-12,7,"[0, 0, 0, 7]",0.0051367878913879395,1491,1441,2.1956336524053146,,,
401282772,2021,1,regular,2021-09-04T16:00:00.000Z,False,True,False,False,109295,3558,Michigan Stadium,130,Michigan,fbs,Big Ten,47,"[10, 17, 6, 14]",0.9986865417930266,1591,1672,2711,Western Michigan,fbs,Mid-American,14,"[7, 0, 0, 7]",0.0013134582069733725,1510,1429,2.3235980123,,,
401329633,2021,1,regular,2021-09-04T16:00:00.000Z,False,True,False,False,,6033,Carl Smith Stadium,2842,UVA Wise,ii,South Atlantic,54,"[23, 14, 10, 7]",,,,2355,Virginia Lynchburg,,,0,"[0, 0, 0, 0]",,,,,,,
401328990,2021,1,regular,2021-09-04T16:00:00.000Z,False,True,False,False,,4015,Barron Stadium,2560,Shorter,ii,Gulf South,38,"[7, 10, 14, 7]",,,,2913,Brevard,iii,USA South,14,"[0, 0, 7, 7]",,,,,,,
401286188,2021,1,regular,2021-09-04T16:00:00.000Z,False,True,False,False,18782,3892,Pratt & Whitney Stadium,41,UConn,fbs,FBS Independents,28,"[14, 7, 7, 0]",0.05654682219028473,,,107,Holy Cross,fcs,Patriot,38,"[7, 17, 7, 7]",0.9434531778097153,,,5.0237871459362555,,,
401328233,2021,1,regular,2021-09-04T16:00:00.000Z,False,True,False,False,,3741,Goodman Stadium,2329,Lehigh,fcs,Patriot,3,"[0, 3, 0, 0]",,,,222,Villanova,fcs,CAA,47,"[6, 14, 24, 3]",,,,,,,
401332385,2021,1,regular,2021-09-04T16:00:00.000Z,False,True,False,False,,6221,Mitchell Stadium,124180,Bluefield State,ii,Independent DII,14,"[7, 0, 7, 0]",,,,102071,Lawrence Tech,,,21,"[7, 0, 7, 7]",,,,,,,
401282822,2021,1,regular,2021-09-04T16:00:00.000Z,False,True,False,False,52519,6577,SHI Stadium,164,Rutgers,fbs,Big Ten,61,"[12, 14, 14, 21]",0.9959211945533752,1393,1523,218,Temple,fbs,American Athletic,14,"[0, 7, 7, 0]",0.004078805446624756,1304,1174,2.9472315197037955,,,
401282609,2021,1,regular,2021-09-04T16:00:00.000Z,False,True,False,False,28991,3615,"Alumni Stadium (Chestnut Hill, MA)",103,Boston College,fbs,ACC,51,"[7, 20, 3, 21]",0.9971348643302917,,,2142,Colgate,fcs,Patriot,0,"[0, 0, 0, 0]",0.002865135669708252,,,1.6102584753761335,,,
401363390,2021,1,regular,2021-09-04T16:00:00.000Z,False,True,False,False,,3878,Plaster Sports Complex,2586,Southwest Baptist,ii,Great Lakes,16,"[0, 0, 9, 7]",,,,110243,UT Permian Basin,ii,Lone Star,24,"[7, 7, 3, 7]",,,,,,,
401287894,2021,1,regular,2021-09-04T16:00:00.000Z,False,True,False,False,42206,3835,"Memorial Stadium (Norman, OK)",201,Oklahoma,fbs,Big 12,40,"[14, 23, 3, 0]",0.5274852514266968,1875,1869,2655,Tulane,fbs,American Athletic,35,"[14, 0, 8, 13]",0.4725147485733032,1597,1603,3.8291469065617183,,,
401329210,2021,1,regular,2021-09-04T16:05:00.000Z,False,True,False,False,,4432,Andre Reed Stadium,2315,Kutztown,ii,Pennsylvania State Athletic,19,"[0, 9, 7, 3]",,,,2038,Assumption,ii,Northeast 10,0,"[0, 0, 0, 0]",,,,,,,
401331758,2021,1,regular,2021-09-04T17:00:00.000Z,False,True,False,False,,5122,Shuford Stadium,2107,Catawba,ii,South Atlantic,37,"[10, 7, 7, 13]",,,,101784,Erskine,ii,Independent DII,27,"[0, 10, 14, 3]",,,,,,,
401329325,2021,1,regular,2021-09-04T17:00:00.000Z,False,True,False,False,,6048,Duane Stadium,2771,Merrimack,fcs,NEC,55,"[0, 14, 14, 27]",,,,2830,Saint Anselm,ii,Northeast 10,23,"[0, 9, 7, 7]",,,,,,,
401334669,2021,1,regular,2021-09-04T17:00:00.000Z,False,True,False,False,,4429,Seth Grove Stadium,2559,Shippensburg,ii,Pennsylvania State Athletic,25,"[0, 6, 7, 12]",,,,2707,West Virginia State,ii,Mountain East,17,"[7, 3, 0, 7]",,,,,,,
401359753,2021,1,regular,2021-09-04T17:00:00.000Z,False,True,False,False,,3731,Frost-Kalnow Stadium,121696,MARIAN (IN,,,10,"[0, 10, 0, 0]",,,,2838,Tiffin,ii,Great Midwest Athletic,34,"[0, 20, 0, 14]",,,,,,,
401328924,2021,1,regular,2021-09-04T17:00:00.000Z,False,True,False,True,,6058,Ralph F. DellaCamera Stadium,2441,New Haven,ii,Northeast 10,30,"[13, 7, 7, 3]",,,,112334,Franklin Pierce,ii,Northeast 10,14,"[0, 7, 7, 0]",,,,,,,
401328169,2021,1,regular,2021-09-04T17:00:00.000Z,False,True,False,False,,6068,George Williams Athletic Complex,395,St. Augustine's,ii,CIAA,14,"[0, 0, 7, 7]",,,,2839,Tusculum,ii,South Atlantic,58,"[7, 17, 20, 14]",,,,,,,
401328585,2021,1,regular,2021-09-04T17:00:00.000Z,False,True,False,False,,3686,Cowboy Stadium,2377,McNeese,fcs,Southland,36,"[7, 9, 6, 14]",,,,110242,West Florida,ii,Gulf South,42,"[7, 14, 7, 14]",,,,,,,
401328566,2021,1,regular,2021-09-04T17:30:00.000Z,False,True,False,False,,3597,Alumni Memorial Field,2678,VMI,fcs,Southern,45,"[14, 10, 7, 14]",,,,2166,Davidson,fcs,Pioneer,24,"[0, 10, 0, 14]",,,,,,,
401328954,2021,1,regular,2021-09-04T18:00:00.000Z,False,True,False,False,,3927,Sherman Field,2392,Michigan Tech,ii,GLIAC,14,"[0, 0, 0, 14]",,,,2273,Hillsdale,ii,Great Midwest Athletic,10,"[0, 0, 3, 7]",,,,,,,
401328183,2021,1,regular,2021-09-04T18:00:00.000Z,False,True,False,False,,3894,Rhodes Stadium,2210,Elon,fcs,CAA,22,"[3, 10, 9, 0]",,,,2747,Wofford,fcs,Southern,24,"[0, 21, 0, 3]",,,,,,,
401329106,2021,1,regular,2021-09-04T18:00:00.000Z,False,True,False,False,,3723,QU Stadium,2825,Quincy,ii,Great Lakes,27,"[13, 7, 7, 0]",,,,2395,Midwestern State,ii,Lone Star,48,"[14, 7, 14, 13]",,,,,,,
401348214,2021,1,regular,2021-09-04T18:00:00.000Z,False,True,False,False,,7075,Electric Supply Company Field,122666,Barton,ii,Independent DII,7,"[0, 7, 0, 0]",,,,2444,Newberry,ii,South Atlantic,31,"[13, 8, 3, 7]",,,,,,,
401329143,2021,1,regular,2021-09-04T18:00:00.000Z,False,True,False,True,,5872,Kirkeby-Over Stadium,2043,Augustana (SD),ii,Northern Sun,49,"[0, 21, 14, 14]",,,,568,Minot State,ii,Northern Sun,0,"[0, 0, 0, 0]",,,,,,,
401329337,2021,1,regular,2021-09-04T18:00:00.000Z,False,True,False,True,,5944,Ray Dennison Memorial Field,2237,Fort Lewis,ii,Rocky Mountain,7,"[0, 0, 7, 0]",,,,2424,New Mexico Highlands,ii,Rocky Mountain,44,"[27, 7, 7, 3]",,,,,,,
401328150,2021,1,regular,2021-09-04T18:00:00.000Z,False,True,False,False,,3868,Paladin Stadium,231,Furman,fcs,Southern,29,"[7, 3, 13, 6]",,,,2448,North Carolina A&T,fcs,Big South,18,"[3, 0, 7, 8]",,,,,,,
401328647,2021,1,regular,2021-09-04T18:00:00.000Z,False,True,False,False,,6047,Leemon Field,2816,McKendree,ii,Great Lakes,20,"[0, 0, 13, 7]",,,,128,Northern Michigan,ii,GLIAC,27,"[7, 6, 0, 14]",,,,,,,
401309838,2021,1,regular,2021-09-04T18:00:00.000Z,False,True,False,False,43276,3626,Autzen Stadium,2483,Oregon,fbs,Pac-12,31,"[14, 7, 0, 10]",0.9036715030670166,1698,1700,278,Fresno State,fbs,Mountain West,24,"[0, 13, 8, 3]",0.0963284969329834,1566,1564,5.8910889528578,,,
401281943,2021,1,regular,2021-09-04T18:00:00.000Z,False,True,False,False,64065,3887,Razorback Stadium,8,Arkansas,fbs,SEC,38,"[7, 0, 10, 21]",0.9906022601032428,1417,1470,242,Rice,fbs,Conference USA,17,"[0, 10, 7, 0]",0.009397739896757185,1447,1394,2.100219017,,,
401328220,2021,1,regular,2021-09-04T18:00:00.000Z,False,True,False,False,,2068,E. Claiborne Robins Stadium,257,Richmond,fcs,CAA,38,"[13, 10, 15, 0]",,,,47,Howard,fcs,MEAC,14,"[0, 14, 0, 0]",,,,,,,
401310861,2021,1,regular,2021-09-04T18:00:00.000Z,False,True,False,False,30012,3713,Falcon Stadium,2005,Air Force,fbs,Mountain West,35,"[14, 14, 0, 7]",0.9974328875541687,,,322,Lafayette,fcs,Patriot,14,"[0, 7, 7, 0]",0.002567112445831299,,,2.2530840535659586,,,
401329179,2021,1,regular,2021-09-04T18:30:00.000Z,False,True,False,False,,6075,W.B. Mason Stadium,284,Stonehill,ii,Northeast 10,35,"[14, 0, 14, 7]",,,,2071,Bloomsburg,ii,Pennsylvania State Athletic,13,"[3, 0, 3, 7]",,,,,,,
401329305,2021,1,regular,2021-09-04T19:00:00.000Z,False,True,False,True,,5782,Mountaineer Bowl,2714,Western Colorado,ii,Rocky Mountain,23,"[3, 17, 3, 0]",,,,2123,Chadron State,ii,Rocky Mountain,10,"[7, 3, 0, 0]",,,,,,,
401328057,2021,1,regular,2021-09-04T19:00:00.000Z,False,True,False,False,,1930,Holt Arena,304,Idaho State,fcs,Big Sky,14,"[0, 7, 0, 7]",,,,155,North Dakota,fcs,MVFC,35,"[7, 3, 14, 11]",,,,,,,
401300996,2021,1,regular,2021-09-04T19:30:00.000Z,False,True,False,False,37978,3854,Nippert Stadium,2132,Cincinnati,fbs,American Athletic,49,"[21, 14, 0, 14]",0.9878895282745361,1784,1837,193,Miami (OH),fbs,Mid-American,14,"[0, 0, 0, 14]",0.012110471725463867,1426,1373,1.8564851949946661,,,
401328159,2021,1,regular,2021-09-04T19:30:00.000Z,False,True,False,False,,3714,Fargodome,2449,North Dakota State,fcs,MVFC,28,"[7, 7, 7, 7]",,,,399,UAlbany,fcs,CAA,6,"[0, 6, 0, 0]",,,,,,,
401282723,2021,1,regular,2021-09-04T19:30:00.000Z,False,True,False,True,68166,3793,Kinnick Stadium,2294,Iowa,fbs,Big Ten,34,"[14, 17, 0, 3]",1,1805,1860,84,Indiana,fbs,Big Ten,6,"[3, 0, 3, 0]",0,1650,1595,1.9642174572909612,,,
401281942,2021,1,regular,2021-09-04T19:30:00.000Z,False,True,True,False,71829,5348,Mercedes-Benz Stadium,2390,Miami,fbs,ACC,13,"[0, 3, 10, 0]",0.030625443905591965,1607,1585,333,Alabama,fbs,SEC,44,"[10, 17, 14, 3]",0.969374556094408,2099,2121,2.396895593342712,,,
401282764,2021,1,regular,2021-09-04T19:30:00.000Z,False,True,False,False,43811,3665,SECU Stadium,120,Maryland,fbs,Big Ten,30,"[17, 3, 0, 10]",0.8327641487121582,1380,1396,277,West Virginia,fbs,Big 12,24,"[14, 7, 0, 3]",0.1672358512878418,1549,1533,7.262745499367038,,,
401282174,2021,1,regular,2021-09-04T19:30:00.000Z,False,True,False,False,30131,3852,Navy-Marine Corps Memorial Stadium,2426,Navy,fbs,American Athletic,7,"[0, 0, 0, 7]",0.010904180817306042,1380,1275,276,Marshall,fbs,Conference USA,49,"[14, 7, 7, 21]",0.989095819182694,1535,1640,2.809413929304519,,,
401327924,2021,1,regular,2021-09-04T20:00:00.000Z,False,True,False,True,,7080,Rocky Mount Athletic Complex,2207,Elizabeth City State,ii,CIAA,6,"[0, 0, 6, 0]",,,,2220,Fayetteville State,ii,CIAA,47,"[15, 13, 9, 10]",,,,,,,
401281950,2021,1,regular,2021-09-04T20:00:00.000Z,False,True,False,False,46237,3838,Memorial Stadium,142,Missouri,fbs,SEC,34,"[7, 10, 7, 10]",0.4070395231246948,1503,1515,2117,Central Michigan,fbs,Mid-American,24,"[7, 7, 0, 10]",0.5929604768753052,1438,1426,6.573887748164912,,,
401327914,2021,1,regular,2021-09-04T20:00:00.000Z,False,True,False,False,,3613,Alumni Stadium,2169,Delaware State,fcs,MEAC,32,"[19, 7, 6, 0]",,,,2075,Bowie State,ii,CIAA,24,"[0, 3, 14, 7]",,,,,,,
401281949,2021,1,regular,2021-09-04T20:00:00.000Z,False,True,False,False,44669,3693,Davis Wade Stadium,344,Mississippi State,fbs,SEC,35,"[14, 0, 0, 21]",0.7886652946472168,1513,1508,2348,Louisiana Tech,fbs,Conference USA,34,"[7, 14, 10, 3]",0.2113347053527832,1337,1342,6.472330865168355,,,
401348514,2021,1,regular,2021-09-04T20:00:00.000Z,False,True,False,False,,3791,Kibbie Dome,70,Idaho,fcs,Big Sky,68,"[21, 19, 21, 7]",,,,2829,Simon Fraser,ii,Great Northwest,0,"[0, 0, 0, 0]",,,,,,,
401328028,2021,1,regular,2021-09-04T20:00:00.000Z,False,True,False,False,,716,Torero Stadium,301,San Diego,fcs,Pioneer,17,"[7, 0, 3, 7]",,,,13,Cal Poly,fcs,Big Sky,28,"[7, 7, 0, 14]",,,,,,,
401282612,2021,1,regular,2021-09-04T20:00:00.000Z,False,True,False,False,41486,3752,Acrisure Stadium,221,Pittsburgh,fbs,ACC,51,"[13, 10, 14, 14]",0.9897003769874573,1543,1609,113,Massachusetts,fbs,FBS Independents,7,"[0, 0, 0, 7]",0.010299623012542725,1061,995,1.2532948851585386,,,
401328230,2021,1,regular,2021-09-04T20:00:00.000Z,False,True,False,False,,3762,Hughes Stadium,2415,Morgan State,fcs,MEAC,0,"[0, 0, 0, 0]",,,,119,Towson,fcs,CAA,31,"[6, 11, 7, 7]",,,,,,,
401337368,2021,1,regular,2021-09-04T20:00:00.000Z,False,True,False,False,,3627,Bailey Memorial Stadium,2506,Presbyterian,fcs,Pioneer,84,"[28, 28, 14, 14]",,,,111610,St. Andrews,,,43,"[14, 15, 14, 0]",,,,,,,
401310697,2021,1,regular,2021-09-04T20:00:00.000Z,False,True,False,False,27007,3984,War Memorial Stadium,2751,Wyoming,fbs,Mountain West,19,"[0, 3, 0, 16]",0.8382484912872314,,,147,Montana State,fcs,Big Sky,16,"[7, 0, 0, 9]",0.16175150871276855,,,8.338571772189633,,,
401287887,2021,1,regular,2021-09-04T20:30:00.000Z,False,True,False,False,61500,3772,Jack Trice Stadium,66,Iowa State,fbs,Big 12,16,"[3, 10, 0, 3]",0.8366526961326599,,,2460,Northern Iowa,fcs,MVFC,10,"[7, 3, 0, 0]",0.1633473038673401,,,4.8163938600711145,,,
401287892,2021,1,regular,2021-09-04T20:30:00.000Z,False,True,False,False,91113,3910,DKR-Texas Memorial Stadium,251,Texas,fbs,Big 12,38,"[7, 7, 14, 10]",0.9950394630432129,1767,1801,309,Louisiana,fbs,Sun Belt,18,"[3, 3, 6, 6]",0.004960536956787109,1645,1611,3.753469843420719,,,
401309842,2021,1,regular,2021-09-04T21:00:00.000Z,False,True,False,False,54398,477,Los Angeles Memorial Coliseum,30,USC,fbs,Pac-12,30,"[10, 3, 0, 17]",0.9805272817611694,1628,1672,23,San José State,fbs,Mountain West,7,"[0, 0, 7, 0]",0.019472718238830566,1513,1469,3.586651748272372,,,
401328616,2021,1,regular,2021-09-04T22:00:00.000Z,False,True,False,False,,4582,Hornet Stadium,2011,Alabama State,fcs,SWAC,14,"[7, 0, 0, 0, 7]",,,,2396,Miles,ii,SIAC,13,"[0, 0, 0, 7, 6]",,,,,,,
401328015,2021,1,regular,2021-09-04T22:00:00.000Z,False,True,False,False,,3620,Armstrong Stadium,2261,Hampton,fcs,Big South,42,"[13, 0, 8, 21]",,,,2676,Virginia Union,ii,CIAA,28,"[0, 14, 7, 7]",,,,,,,
401327953,2021,1,regular,2021-09-04T22:00:00.000Z,False,True,False,False,,3808,Lincoln University Stadium,2339,Lincoln (PA),ii,CIAA,0,"[0, 0, 0, 0]",,,,209,Lock Haven,ii,Pennsylvania State Athletic,20,"[7, 6, 0, 7]",,,,,,,
401286294,2021,1,regular,2021-09-04T22:00:00.000Z,False,True,False,False,15834,3992,Williams Stadium (VA),2335,Liberty,fbs,FBS Independents,48,"[14, 6, 14, 14]",0.9905969500541687,,,2097,Campbell,fcs,Big South,7,"[0, 7, 0, 0]",0.009403049945831299,,,2.7883285248552117,,,
401328192,2021,1,regular,2021-09-04T22:00:00.000Z,False,True,False,False,,3651,Bridgeforth Stadium,256,James Madison,fcs,CAA,68,"[7, 10, 28, 23]",,,,2413,Morehead State,fcs,Pioneer,10,"[3, 0, 7, 0]",,,,,,,
401328210,2021,1,regular,2021-09-04T22:00:00.000Z,False,True,False,False,,3824,Meade Stadium,227,Rhode Island,fcs,CAA,45,"[7, 24, 7, 7]",,,,2803,Bryant,fcs,NEC,21,"[7, 7, 7, 0]",,,,,,,
401332299,2021,1,regular,2021-09-04T22:00:00.000Z,False,True,False,False,,3668,Campus Field,2529,Sacred Heart,fcs,NEC,21,"[0, 7, 7, 7]",,,,2083,Bucknell,fcs,Patriot,0,"[0, 0, 0, 0]",,,,,,,
401357798,2021,1,regular,2021-09-04T22:00:00.000Z,False,True,False,False,,4416,Spec Martin Municipal Stadium,56,Stetson,fcs,Pioneer,54,"[10, 20, 17, 7]",,,,2683,Warner,,,14,"[0, 7, 0, 7]",,,,,,,
401329092,2021,1,regular,2021-09-04T22:00:00.000Z,False,True,False,False,,3612,Alumni Memorial Stadium (NC),2940,Livingstone,ii,CIAA,10,[],,,,2805,Clark Atlanta,ii,SIAC,13,[],,,,,,,
401309600,2021,1,regular,2021-09-04T22:00:00.000Z,False,True,False,False,15089,3608,Allen E. Paulson Stadium,290,Georgia Southern,fbs,Sun Belt,30,"[3, 17, 0, 10]",0.9840057645094854,,,2241,Gardner-Webb,fcs,Big South,25,"[6, 0, 6, 13]",0.015994235490514597,,,6.2367293608,,,
401328527,2021,1,regular,2021-09-04T22:00:00.000Z,False,True,False,False,,,,111756,Indiana Wesleyan,,,28,"[21, 7, 0, 0]",,,,2674,Valparaiso,fcs,Pioneer,10,"[0, 3, 7, 0]",,,,,,,
401329085,2021,1,regular,2021-09-04T22:00:00.000Z,False,True,False,True,,5875,Charlie W. Johnson Stadium,490,Benedict,ii,SIAC,45,"[7, 14, 14, 10]",,,,2019,Allen,ii,SIAC,12,"[0, 6, 6, 0]",,,,,,,
401329190,2021,1,regular,2021-09-04T22:00:00.000Z,False,True,False,False,,4437,"Memorial Stadium (Clarion, PA)",2134,Clarion,ii,Pennsylvania State Athletic,26,"[0, 7, 13, 6]",,,,437,Lake Erie,ii,Great Midwest Athletic,31,"[0, 21, 7, 3]",,,,,,,
401327988,2021,1,regular,2021-09-04T22:00:00.000Z,False,True,False,False,,3704,E. J. Whitmire Stadium,2717,Western Carolina,fcs,Southern,28,"[6, 7, 7, 8]",,,,2198,Eastern Kentucky,fcs,AWC,31,"[7, 7, 14, 3]",,,,,,,
401327961,2021,1,regular,2021-09-04T22:00:00.000Z,False,True,False,False,,3904,Rogers Stadium (VA),330,Virginia State,ii,CIAA,7,"[0, 7, 0, 0]",,,,2331,Lenoir Rhyne,ii,South Atlantic,48,"[10, 21, 0, 17]",,,,,,,
401332022,2021,1,regular,2021-09-04T22:00:00.000Z,False,True,False,False,,4428,Saxon Stadium,2385,Mercyhurst,ii,Pennsylvania State Athletic,18,"[0, 8, 7, 3]",,,,2017,Alderson-Broaddus,ii,Mountain East,3,"[0, 0, 3, 0]",,,,,,,
401282173,2021,1,regular,2021-09-04T23:00:00.000Z,False,True,False,False,15017,3725,"Johnny ""Red"" Floyd Stadium",2393,Middle Tennessee,fbs,Conference USA,50,"[0, 21, 7, 22]",0.9851493835449219,,,2405,Monmouth,fcs,Big South,15,"[0, 7, 8, 0]",0.014850616455078125,,,3.6185022853778617,,,
401287890,2021,1,regular,2021-09-04T23:00:00.000Z,False,True,False,False,50807,3646,Boone Pickens Stadium,197,Oklahoma State,fbs,Big 12,23,"[6, 14, 0, 3]",0.9621832966804504,,,2623,Missouri State,fcs,MVFC,16,"[0, 3, 6, 7]",0.03781670331954956,,,3.8643293230024027,,,
401328345,2021,1,regular,2021-09-04T23:00:00.000Z,False,True,False,True,,5885,First Security Stadium,2264,Harding,ii,Great American,28,"[21, 0, 7, 0]",,,,2191,East Central,ii,Great American,0,"[0, 0, 0, 0]",,,,,,,
401328944,2021,1,regular,2021-09-04T23:00:00.000Z,False,True,False,False,,4851,Bazemore-Hyder Stadium,2673,Valdosta State,ii,Gulf South,53,"[13, 17, 14, 9]",,,,2542,Savannah State,ii,SIAC,7,"[0, 0, 0, 7]",,,,,,,
401329000,2021,1,regular,2021-09-04T23:00:00.000Z,False,True,False,False,,3957,Tiger Stadium (AL),2695,West Alabama,ii,Gulf South,48,"[7, 24, 14, 3]",,,,60,Morehouse,ii,SIAC,7,"[0, 0, 7, 0]",,,,,,,
401328977,2021,1,regular,2021-09-04T23:00:00.000Z,False,True,False,False,,3885,Harvey Randall Wickes Memorial Stadium,129,Saginaw Valley State,ii,GLIAC,13,"[0, 7, 0, 6]",,,,2658,Texas A&M-Kingsville,ii,Lone Star,9,"[0, 9, 0, 0]",,,,,,,
401309598,2021,1,regular,2021-09-04T23:00:00.000Z,False,True,False,False,15662,3625,Centennial Bank Stadium,2032,Arkansas State,fbs,Sun Belt,40,"[3, 3, 14, 20]",0.9980010986328125,,,2110,Central Arkansas,fcs,AWC,21,"[7, 0, 7, 7]",0.0019989013671875,,,6.0025813980520315,,,
401309543,2021,1,regular,2021-09-04T23:00:00.000Z,False,True,False,False,21783,3739,Glass Bowl,2649,Toledo,fbs,Mid-American,49,"[14, 14, 14, 7]",0.9834089875221252,,,2450,Norfolk State,fcs,MEAC,10,"[7, 0, 0, 3]",0.016591012477874756,,,1.653662276631363,,,
401300997,2021,1,regular,2021-09-04T23:00:00.000Z,False,True,False,False,30263,3805,Simmons Bank Liberty Stadium,235,Memphis,fbs,American Athletic,42,"[10, 19, 6, 7]",0.9934972524642944,,,2447,Nicholls,fcs,Southland,17,"[7, 0, 7, 3]",0.006502747535705566,,,2.8359229066683445,,,
401281944,2021,1,regular,2021-09-04T23:00:00.000Z,False,True,False,False,83821,3785,Jordan-Hare Stadium,2,Auburn,fbs,SEC,60,"[13, 24, 16, 7]",0.9946691989898682,1665,1740,2006,Akron,fbs,Mid-American,10,"[0, 0, 0, 10]",0.005330801010131836,1103,1028,2.2321424313819764,,,
401287886,2021,1,regular,2021-09-04T23:00:00.000Z,False,True,True,False,43478,3891,NRG Stadium,248,Houston,fbs,American Athletic,21,"[14, 7, 0, 0]",0.008427472785115242,1495,1457,2641,Texas Tech,fbs,Big 12,38,"[0, 7, 17, 14]",0.9915725272148848,1455,1493,4.540295539955657,,,
401287893,2021,1,regular,2021-09-04T23:00:00.000Z,False,True,False,False,26573,3644,Bobcat Stadium (TX),326,Texas State,fbs,Sun Belt,20,"[3, 7, 3, 7]",0.0044317711144685745,1269,1271,239,Baylor,fbs,Big 12,29,"[7, 7, 10, 5]",0.9955682288855314,1525,1523,5.011460298409117,,,
401328144,2021,1,regular,2021-09-04T23:00:00.000Z,False,True,False,False,,4133,Braly Municipal Stadium,2453,North Alabama,fcs,Big South,28,"[0, 14, 7, 7]",,,,2545,SE Louisiana,fcs,Southland,49,"[7, 7, 13, 22]",,,,,,,
401281951,2021,1,regular,2021-09-04T23:00:00.000Z,False,True,False,False,64868,3994,Williams-Brice Stadium,2579,South Carolina,fbs,SEC,46,"[15, 14, 3, 14]",0.9938032031059265,,,2197,Eastern Illinois,fcs,OVC,0,"[0, 0, 0, 0]",0.006196796894073486,,,2.4133477777887404,,,
401329707,2021,1,regular,2021-09-04T23:00:00.000Z,False,True,False,False,,6210,Bruce R. Deaton Memorial Field,2615,Saint Xavier,,,10,"[7, 3, 0, 0]",,,,2292,Indianapolis,ii,Great Lakes,34,"[0, 10, 14, 10]",,,,,,,
401300998,2021,1,regular,2021-09-04T23:00:00.000Z,False,True,False,False,23373,3735,Gerald J. Ford Stadium,2567,SMU,fbs,American Athletic,56,"[7, 28, 14, 7]",0.9889106154441833,,,2000,Abilene Christian,fcs,Western Athletic,9,"[0, 3, 6, 0]",0.01108938455581665,,,2.293249411696958,,,
401309602,2021,1,regular,2021-09-04T23:00:00.000Z,False,True,False,False,22399,3975,Veterans Memorial Stadium (AL),2653,Troy,fbs,Sun Belt,55,"[14, 20, 14, 7]",0.9923451542854309,,,2582,Southern,fcs,SWAC,3,"[0, 3, 0, 0]",0.007654845714569092,,,2.397748706101107,,,
401329023,2021,1,regular,2021-09-04T23:00:00.000Z,False,True,False,False,,5866,Rex Stadium,2001,Adams State,ii,Rocky Mountain,17,"[7, 0, 2, 8]",,,,2703,Western New Mexico,ii,Lone Star,35,"[14, 7, 0, 14]",,,,,,,
401328323,2021,1,regular,2021-09-04T23:00:00.000Z,False,True,False,False,,3809,Louis Crews Stadium,2010,Alabama A&M,fcs,SWAC,42,"[14, 7, 14, 7]",,,,2569,South Carolina State,fcs,MEAC,41,"[7, 17, 14, 3]",,,,,,,
401329008,2021,1,regular,2021-09-04T23:00:00.000Z,False,True,False,False,,6061,Younts Stadium,2822,North Greenville,ii,Gulf South,37,"[14, 7, 9, 7]",,,,2336,Limestone,ii,South Atlantic,16,"[3, 0, 7, 6]",,,,,,,
401282611,2021,1,regular,2021-09-04T23:00:00.000Z,False,True,False,False,23904,3876,Peden Stadium,195,Ohio,fbs,Mid-American,9,"[0, 6, 0, 3]",0,1564,1489,183,Syracuse,fbs,ACC,29,"[9, 3, 10, 7]",1,1358,1433,3.5677739505712784,,,
401282819,2021,1,regular,2021-09-04T23:00:00.000Z,False,True,False,False,53656,3907,Ross-Ade Stadium,2509,Purdue,fbs,Big Ten,30,"[7, 6, 3, 14]",0.9961960911750793,1470,1483,204,Oregon State,fbs,Pac-12,21,"[7, 0, 0, 14]",0.0038039088249206543,1449,1436,6.140468576868769,,,
401329394,2021,1,regular,2021-09-04T23:00:00.000Z,False,True,False,True,,6062,Gable Field at Doc Wadley Stadium,196,Northeastern State,ii,Mid America,7,"[0, 0, 0, 7]",,,,2214,Emporia State,ii,Mid America,38,"[14, 14, 3, 7]",,,,,,,
401328022,2021,1,regular,2021-09-04T23:00:00.000Z,False,True,False,True,,3756,Homer Bryce Stadium,2617,Stephen F. Austin,fcs,Western Athletic,20,"[0, 7, 3, 10]",,,,2627,Tarleton State,fcs,Western Athletic,10,"[7, 3, 0, 0]",,,,,,,
401328634,2021,1,regular,2021-09-04T23:00:00.000Z,False,True,False,False,,3740,Golden Lion Stadium,2029,Arkansas-Pine Bluff,fcs,SWAC,34,"[14, 10, 3, 7]",,,,2323,Lane College,ii,SIAC,16,"[0, 16, 0, 0]",,,,,,,
401282610,2021,1,regular,2021-09-04T23:30:00.000Z,False,True,False,False,33651,721,Bobby Dodd Stadium,59,Georgia Tech,fbs,ACC,21,"[0, 7, 0, 14]",0.24565750360488892,1370,1366,2459,Northern Illinois,fbs,Mid-American,22,"[7, 7, 0, 8]",0.7543424963951111,1304,1308,5.880829567877172,,,
401282179,2021,1,regular,2021-09-04T23:30:00.000Z,False,True,False,False,33906,3832,"Memorial Stadium (Champaign, IL)",356,Illinois,fbs,Big Ten,30,"[0, 14, 3, 13]",0.07725225121139008,1411,1400,2636,UTSA,fbs,Conference USA,37,"[7, 13, 3, 14]",0.9227477487886099,1445,1456,6.8133547384,,,
401328327,2021,1,regular,2021-09-04T23:30:00.000Z,False,True,False,False,,3744,Hancock Stadium,2287,Illinois State,fcs,MVFC,49,"[7, 14, 21, 7]",,,,2086,Butler,fcs,Pioneer,7,"[0, 7, 0, 0]",,,,,,,
401281946,2021,1,regular,2021-09-04T23:30:00.000Z,False,True,True,False,74187,3628,Bank of America Stadium,228,Clemson,fbs,ACC,3,"[0, 0, 0, 3]",0.1754070669412613,1942,1924,61,Georgia,fbs,SEC,10,"[0, 7, 3, 0]",0.8245929330587387,1800,1818,4.485090584945466,,,
401282175,2021,1,regular,2021-09-04T23:30:00.000Z,False,True,False,False,18716,3825,DATCU Stadium,249,North Texas,fbs,Conference USA,44,"[7, 17, 17, 3]",0.9949985146522522,,,2466,Northwestern State,fcs,Southland,14,"[0, 14, 0, 0]",0.005001485347747803,,,4.5524079897726875,,,
401281945,2021,1,regular,2021-09-04T23:30:00.000Z,False,True,False,False,86840,3634,Ben Hill Griffin Stadium,57,Florida,fbs,SEC,35,"[14, 0, 7, 14]",0.9720608592033386,1700,1730,2226,Florida Atlantic,fbs,Conference USA,14,"[0, 0, 0, 14]",0.027939140796661377,1505,1475,2.6972401662320946,,,
401282613,2021,1,regular,2021-09-04T23:30:00.000Z,False,True,False,False,42982,3923,Scott Stadium,258,Virginia,fbs,ACC,43,"[3, 14, 12, 14]",0.9918588995933533,,,2729,William & Mary,fcs,CAA,0,"[0, 0, 0, 0]",0.008141100406646729,,,3.0861525710406976,,,
401309839,2021,1,regular,2021-09-05T00:00:00.000Z,False,True,False,False,64053,3765,Husky Stadium,264,Washington,fbs,Pac-12,7,"[7, 0, 0, 0]",0.07956656068563461,,,149,Montana,fcs,Big Sky,13,"[3, 0, 0, 10]",0.9204334393143654,,,5.148364078789795,,,
401287891,2021,1,regular,2021-09-05T00:00:00.000Z,False,True,False,False,35377,3616,Amon G. Carter Stadium,2628,TCU,fbs,Big 12,45,"[21, 14, 3, 7]",0.9989678282960271,,,2184,Duquesne,fcs,NEC,3,"[0, 0, 3, 0]",0.0010321717039728506,,,1.0543226137,,,
401328678,2021,1,regular,2021-09-05T00:00:00.000Z,False,True,False,True,,3631,BBVA Compass Stadium,2640,Texas Southern,fcs,SWAC,17,"[3, 0, 7, 7]",,,,2504,Prairie View A&M,fcs,SWAC,40,"[6, 14, 10, 10]",,,,,,,
401282177,2021,1,regular,2021-09-05T00:00:00.000Z,False,True,False,False,20156,6526,Hancock Whitney Stadium,6,South Alabama,fbs,Sun Belt,31,"[0, 14, 10, 7]",0.8320919275283813,1266,1337,2572,Southern Miss,fbs,Conference USA,7,"[7, 0, 0, 0]",0.16790807247161865,1360,1289,21.5355699358,,,
401282053,2021,1,regular,2021-09-05T00:00:00.000Z,False,True,False,False,97339,3795,Kyle Field,245,Texas A&M,fbs,SEC,41,"[10, 0, 17, 14]",0.8716515898704529,1745,1792,2309,Kent State,fbs,Mid-American,10,"[3, 0, 0, 7]",0.12834841012954712,1441,1394,3.2104958308841245,,,
401282054,2021,1,regular,2021-09-05T00:00:00.000Z,False,True,False,False,22029,3973,FirstBank Stadium,238,Vanderbilt,fbs,SEC,3,"[3, 0, 0, 0]",0.00904837902635336,,,2193,East Tennessee State,fcs,Southern,23,"[0, 10, 3, 10]",0.9909516209736466,,,3.531814318862481,,,
401281948,2021,1,regular,2021-09-05T00:30:00.000Z,False,True,False,False,68123,1056,Rose Bowl,26,UCLA,fbs,Pac-12,38,"[0, 14, 10, 14]",0.9477595686912537,1605,1630,99,LSU,fbs,SEC,27,"[0, 10, 10, 7]",0.05224043130874634,1671,1646,4.972530823711199,,,
401327977,2021,1,regular,2021-09-05T01:00:00.000Z,False,True,False,False,,3745,Greater Zion Stadium,3101,Utah Tech,fcs,Western Athletic,7,"[0, 7, 0, 0]",,,,16,Sacramento State,fcs,Big Sky,19,"[5, 7, 7, 0]",,,,,,,
401282178,2021,1,regular,2021-09-05T01:00:00.000Z,False,True,False,False,14554,3946,Sun Bowl,2638,UTEP,fbs,Conference USA,38,"[10, 0, 7, 21]",0.9708432634648745,,,2065,Bethune-Cookman,fcs,SWAC,28,"[0, 0, 14, 14]",0.029156736535125516,,,3.874066424,,,
401309837,2021,1,regular,2021-09-05T02:30:00.000Z,False,True,False,False,35117,3831,California Memorial Stadium,25,California,fbs,Pac-12,17,"[14, 0, 0, 3]",0.07520213723182678,1461,1454,2440,Nevada,fbs,Mountain West,22,"[0, 13, 9, 0]",0.9247978627681732,1488,1495,5.617530331704218,,,
401309841,2021,1,regular,2021-09-05T02:30:00.000Z,False,True,True,False,54541,6501,Allegiant Stadium,12,Arizona,fbs,Pac-12,16,"[0, 3, 10, 3]",0.10644733905792236,1278,1304,252,BYU,fbs,FBS Independents,24,"[0, 14, 7, 3]",0.8935526609420776,1837,1811,4.241152664258548,,,
401310699,2021,1,regular,2021-09-05T02:30:00.000Z,False,True,False,False,10116,3932,Qualcomm Stadium,21,San Diego State,fbs,Mountain West,28,"[0, 0, 21, 7]",0.9506216485313049,1578,1582,166,New Mexico State,fbs,FBS Independents,10,"[3, 7, 0, 0]",0.04937835146869507,1182,1178,1.553380121,,,
401309840,2021,1,regular,2021-09-05T03:00:00.000Z,False,True,False,False,24944,3820,Gesa Field,265,Washington State,fbs,Pac-12,23,"[0, 6, 14, 3]",0.4648120403289795,1511,1494,328,Utah State,fbs,Mountain West,26,"[3, 2, 6, 15]",0.5351879596710205,1319,1336,6.4202333491023325,,,
401310698,2021,1,regular,2021-09-05T03:59:00.000Z,False,True,False,False,0,7220,Clarence T.C. Ching Athletics Complex,62,Hawai'i,fbs,Mountain West,49,"[28, 7, 7, 7]",1,,,2502,Portland State,fcs,Big Sky,35,"[0, 7, 21, 7]",0,,,2.5028806402467363,,,
401328657,2021,1,regular,2021-09-05T19:00:00.000Z,False,True,False,True,,3948,Hard Rock Stadium,50,Florida A&M,fcs,SWAC,6,"[3, 3, 0, 0]",,,,2296,Jackson State,fcs,SWAC,7,"[0, 7, 0, 0]",,,,,,Denny's Orange Blossom Classic,
401328426,2021,1,regular,2021-09-05T20:00:00.000Z,False,True,False,False,,3718,Tom Benson Hall of Fame Stadium,2755,Grambling,fcs,SWAC,16,"[0, 7, 6, 3]",,,,2634,Tennessee State,fcs,OVC,10,"[3, 0, 7, 0]",,,,,,,
401329118,2021,1,regular,2021-09-05T23:00:00.000Z,False,True,False,True,,,,2657,Tuskegee,ii,SIAC,0,"[0, 0, 0, 0]",,,,2232,Fort Valley State,ii,SIAC,30,"[0, 6, 21, 3]",,,,,,Boeing Red Tails Classic,
401282614,2021,1,regular,2021-09-05T23:30:00.000Z,False,True,False,True,68316,3697,Doak Campbell Stadium,52,Florida State,fbs,ACC,38,"[7, 7, 6, 18, 0]",0.17231470346450806,1355,1374,87,Notre Dame,fbs,FBS Independents,41,"[7, 10, 21, 0, 3]",0.8276852965354919,1783,1764,8.889110510418366,,,
401282055,2021,1,regular,2021-09-07T00:00:00.000Z,False,True,True,False,30709,5348,Mercedes-Benz Stadium,145,Ole Miss,fbs,SEC,43,"[9, 17, 3, 14]",1,1576,1626,97,Louisville,fbs,ACC,24,"[0, 0, 10, 14]",0,1559,1509,2.410165973806598,,,
401329652,2021,2,regular,2021-09-09T23:00:00.000Z,False,True,False,False,,6046,Meares Stadium,2369,Mars Hill,ii,South Atlantic,50,"[8, 8, 16, 18]",,,,2355,Virginia Lynchburg,,,14,"[0, 0, 7, 7]",,,,,,,
401329412,2021,2,regular,2021-09-09T23:00:00.000Z,False,True,False,True,,6212,Bishop Schmitt Field,112335,Wheeling,ii,Mountain East,15,"[0, 0, 7, 8]",,,,587,Notre Dame College,ii,Mountain East,31,"[7, 10, 7, 7]",,,,,,,
401329341,2021,2,regular,2021-09-09T23:00:00.000Z,False,True,False,True,,6034,Yager Stadium at Moore Bowl,2687,Washburn,ii,Mid America,29,"[6, 10, 7, 6]",,,,2118,Central Missouri,ii,Mid America,10,"[3, 7, 0, 0]",,,,,,,
401329384,2021,2,regular,2021-09-09T23:00:00.000Z,False,True,False,True,,5887,I.L. & Sue Morris Stadium,2249,Glenville State,ii,Mountain East,17,"[0, 7, 3, 7]",,,,2148,Concord,ii,Mountain East,10,"[0, 3, 0, 7]",,,,,,,
401341940,2021,2,regular,2021-09-09T23:00:00.000Z,False,True,False,True,,5121,University of Charleston Stadium,2128,Charleston (WV),ii,Mountain East,27,"[0, 13, 7, 7]",,,,2986,Fairmont State,ii,Mountain East,6,"[3, 0, 0, 3]",,,,,,,
401329086,2021,2,regular,2021-09-09T23:30:00.000Z,False,True,False,False,,5875,Charlie W. Johnson Stadium,490,Benedict,ii,SIAC,44,"[14, 7, 7, 16]",,,,2206,Edward Waters,ii,SIAC,3,"[3, 0, 0, 0]",,,,,,,
401329405,2021,2,regular,2021-09-10T00:00:00.000Z,False,True,False,True,,6055,Craig Field at Spratt Memorial Stadium,137,Missouri Western,ii,Mid America,38,"[10, 7, 21, 0]",,,,2231,Fort Hays,ii,Mid America,31,"[7, 3, 14, 7]",,,,,,,
401347693,2021,2,regular,2021-09-10T23:00:00.000Z,False,True,False,True,,6066,Pace Stadium,2487,Pace,ii,Northeast 10,33,"[5, 7, 14, 7]",,,,2022,American International,ii,Northeast 10,40,"[6, 0, 6, 28]",,,,,,,
401287896,2021,2,regular,2021-09-10T23:30:00.000Z,False,True,False,False,17697,3654,Brooks Stadium (SC),324,Coastal Carolina,fbs,Sun Belt,49,"[7, 21, 7, 14]",0.9917499423027039,1636,1655,2305,Kansas,fbs,Big 12,22,"[9, 6, 7, 0]",0.008250057697296143,1161,1142,3.914765164937815,,,
401282616,2021,2,regular,2021-09-11T00:00:00.000Z,False,True,False,False,18091,3982,Wallace Wade Stadium,150,Duke,fbs,ACC,45,"[0, 21, 21, 3]",1,,,2448,North Carolina A&T,fcs,Big South,17,"[7, 7, 3, 0]",0,,,4.558477775626316,,,
401282191,2021,2,regular,2021-09-11T01:30:00.000Z,False,True,False,False,35518,3653,Albertsons Stadium,68,Boise State,fbs,Mountain West,54,"[10, 31, 10, 3]",0.9846087694168091,1599,1679,2638,UTEP,fbs,Conference USA,13,"[3, 10, 0, 0]",0.015391230583190918,1301,1221,2.707109719222527,,,
401310701,2021,2,regular,2021-09-11T02:20:00.000Z,False,True,False,False,18124,3905,Maverik Stadium,328,Utah State,fbs,Mountain West,48,"[7, 13, 7, 21]",0.9585834741592407,,,155,North Dakota,fcs,MVFC,24,"[21, 0, 3, 0]",0.04141652584075928,,,6.769084528202982,,,
401282624,2021,2,regular,2021-09-11T15:00:00.000Z,False,True,False,False,36036,3923,Scott Stadium,258,Virginia,fbs,ACC,42,"[14, 7, 14, 7]",0.9849898815155029,1509,1569,356,Illinois,fbs,Big Ten,14,"[0, 7, 7, 0]",0.01501011848449707,1400,1340,3.135228115316247,,,
401282193,2021,2,regular,2021-09-11T15:30:00.000Z,False,True,False,False,25989,3841,Michie Stadium,349,Army,fbs,FBS Independents,38,"[0, 21, 7, 10]",0.977781355381012,1625,1623,98,Western Kentucky,fbs,Conference USA,35,"[0, 14, 0, 21]",0.022218644618988037,1399,1401,4.065313765424711,,,
401309545,2021,2,regular,2021-09-11T15:30:00.000Z,False,True,False,False,16785,3696,Dix Stadium,2309,Kent State,fbs,Mid-American,60,"[22, 17, 14, 7]",0.9921887516975403,,,2678,VMI,fcs,Southern,10,"[0, 0, 3, 7]",0.007811248302459717,,,2.2978190861187158,,,
401282809,2021,2,regular,2021-09-11T16:00:00.000Z,False,True,False,False,100482,3861,Ohio Stadium,194,Ohio State,fbs,Big Ten,28,"[0, 7, 7, 14]",0.26656585931777954,1908,1878,2483,Oregon,fbs,Pac-12,35,"[0, 14, 14, 7]",0.7334341406822205,1700,1730,5.8623214824063234,,,
401282625,2021,2,regular,2021-09-11T16:00:00.000Z,False,True,False,False,21896,3630,Allegacy Federal Credit Union Stadium,154,Wake Forest,fbs,ACC,41,"[7, 17, 17, 0]",0.9847996830940247,,,2450,Norfolk State,fcs,MEAC,16,"[3, 6, 0, 7]",0.015200316905975342,,,2.7407736325415124,,,
401282790,2021,2,regular,2021-09-11T16:00:00.000Z,False,True,False,False,43372,3953,Huntington Bank Stadium,135,Minnesota,fbs,Big Ten,31,"[7, 14, 0, 10]",0.9867231845855713,1582,1579,193,Miami (OH),fbs,Mid-American,26,"[0, 3, 10, 13]",0.013276815414428711,1373,1376,4.135984503178776,,,
401282804,2021,2,regular,2021-09-11T16:00:00.000Z,False,True,False,False,26181,3911,Ryan Field,77,Northwestern,fbs,Big Ten,24,"[14, 0, 3, 7]",1,,,282,Indiana State,fcs,MVFC,6,"[0, 0, 0, 6]",0,,,2.0869391912818616,,,
401329366,2021,2,regular,2021-09-11T16:00:00.000Z,False,True,False,True,,4440,Sox Harrison Stadium,2205,Edinboro,ii,Pennsylvania State Athletic,9,"[0, 6, 0, 3]",,,,2559,Shippensburg,ii,Pennsylvania State Athletic,30,"[13, 7, 10, 0]",,,,,,,
401287899,2021,2,regular,2021-09-11T16:00:00.000Z,False,True,False,False,52127,3646,Boone Pickens Stadium,197,Oklahoma State,fbs,Big 12,28,"[0, 7, 0, 21]",0.24334540455091583,1661,1661,202,Tulsa,fbs,American Athletic,23,"[0, 7, 7, 9]",0.7566545954490842,1525,1525,7.4554893227,,,
401282783,2021,2,regular,2021-09-11T16:00:00.000Z,False,True,False,False,70103,3936,Spartan Stadium,127,Michigan State,fbs,Big Ten,42,"[14, 21, 7, 0]",0.9940789341926575,,,2754,Youngstown State,fcs,MVFC,14,"[0, 7, 7, 0]",0.005921065807342529,,,2.785049499265225,,,
401329419,2021,2,regular,2021-09-11T16:00:00.000Z,False,True,False,True,,4428,Saxon Stadium,2385,Mercyhurst,ii,Pennsylvania State Athletic,10,"[7, 3, 0, 0]",,,,223,West Chester,ii,Pennsylvania State Athletic,56,"[0, 28, 7, 21]",,,,,,,
401282065,2021,2,regular,2021-09-11T16:00:00.000Z,False,True,False,False,40816,3699,Dowdy-Ficklen Stadium,151,East Carolina,fbs,American Athletic,17,"[7, 7, 0, 3]",0.3083703815937042,1396,1391,2579,South Carolina,fbs,SEC,20,"[0, 7, 7, 6]",0.6916296184062958,1390,1395,4.243254220937977,,,
401282066,2021,2,regular,2021-09-11T16:00:00.000Z,False,True,False,False,82203,3853,Neyland Stadium,2633,Tennessee,fbs,SEC,34,"[10, 10, 7, 7]",0.0961083248257637,1524,1517,221,Pittsburgh,fbs,ACC,41,"[0, 27, 7, 7]",0.9038916751742363,1609,1616,7.008362719104246,,,
401282618,2021,2,regular,2021-09-11T16:00:00.000Z,False,True,False,False,35195,721,Bobby Dodd Stadium,59,Georgia Tech,fbs,ACC,45,"[14, 10, 7, 14]",0.9915831685066223,,,338,Kennesaw State,fcs,Big South,17,"[0, 3, 0, 14]",0.008416831493377686,,,2.7091180827864276,,,
401282058,2021,2,regular,2021-09-11T16:00:00.000Z,False,True,False,False,82745,3785,Jordan-Hare Stadium,2,Auburn,fbs,SEC,62,"[6, 14, 35, 7]",0.9839659929275513,,,2011,Alabama State,fcs,SWAC,0,"[0, 0, 0, 0]",0.01603400707244873,,,2.27978355171505,,,
401329358,2021,2,regular,2021-09-11T16:00:00.000Z,False,True,False,True,,4441,McConnell Family Stadium,367,Gannon,ii,Pennsylvania State Athletic,26,"[6, 3, 10, 7]",,,,2974,Shepherd,ii,Pennsylvania State Athletic,56,"[21, 14, 7, 14]",,,,,,,
401328707,2021,2,regular,2021-09-11T17:00:00.000Z,False,True,False,False,,3600,Tom Adams Field,131,Wayne State (MI),ii,GLIAC,9,"[0, 3, 6, 0]",,,,2654,Truman State,ii,Great Lakes,27,"[13, 7, 7, 0]",,,,,,,
401301000,2021,2,regular,2021-09-11T17:00:00.000Z,False,True,False,False,2100,3803,Legion Field,2655,Tulane,fbs,American Athletic,69,"[17, 35, 7, 10]",0.9989713520341198,,,2415,Morgan State,fcs,MEAC,20,"[0, 7, 7, 6]",0.0010286479658802028,,,1.026608413,,"Game moved to Birmingham, AL",
401328968,2021,2,regular,2021-09-11T17:00:00.000Z,False,True,False,False,,3950,Superior Dome,128,Northern Michigan,ii,GLIAC,10,"[0, 3, 7, 0]",,,,271,Wisconsin Oshkosh,iii,Wisconsin,28,"[7, 14, 0, 7]",,,,,,,
401341491,2021,2,regular,2021-09-11T17:00:00.000Z,False,True,False,True,,7076,J.W. Babb Stadium,101784,Erskine,ii,Independent DII,25,[],,,,122666,Barton,ii,Independent DII,38,[],,,,,,,
401329152,2021,2,regular,2021-09-11T17:00:00.000Z,False,True,False,True,,5933,Sea Foam Stadium,3066,Concordia St. Paul,ii,Northern Sun,24,"[0, 14, 3, 7]",,,,389,Upper Iowa,ii,Northern Sun,6,"[0, 0, 0, 6]",,,,,,,
401327915,2021,2,regular,2021-09-11T17:00:00.000Z,False,True,False,False,,5873,Bulldogs Stadium,2075,Bowie State,ii,CIAA,28,"[0, 14, 0, 14]",,,,129,Saginaw Valley State,ii,GLIAC,19,"[10, 0, 7, 2]",,,,,,,
401329191,2021,2,regular,2021-09-11T17:00:00.000Z,False,True,False,True,,4437,"Memorial Stadium (Clarion, PA)",2134,Clarion,ii,Pennsylvania State Athletic,17,[],,,,210,Millersville,ii,Pennsylvania State Athletic,21,[],,,,,,,
401334788,2021,2,regular,2021-09-11T17:00:00.000Z,False,True,False,True,,4436,Adamson Stadium,2858,California (PA),ii,Pennsylvania State Athletic,59,"[21, 24, 7, 7]",,,,209,Lock Haven,ii,Pennsylvania State Athletic,0,"[0, 0, 0, 0]",,,,,,,
401344438,2021,2,regular,2021-09-11T17:00:00.000Z,False,True,False,True,,3848,Multi-Sport Stadium,2038,Assumption,ii,Northeast 10,28,"[7, 7, 7, 7]",,,,2060,Bentley,ii,Northeast 10,40,"[7, 7, 20, 6]",,,,,,,
401332383,2021,2,regular,2021-09-11T17:00:00.000Z,False,True,False,False,,6078,Pioneer Field (TN),2839,Tusculum,ii,South Atlantic,38,"[7, 17, 0, 7, 7]",,,,2804,Chowan,ii,CIAA,46,"[7, 10, 0, 14, 15]",,,,,,,
401328974,2021,2,regular,2021-09-11T17:00:00.000Z,False,True,False,False,,3731,Frost-Kalnow Stadium,2838,Tiffin,ii,Great Midwest Athletic,40,"[14, 21, 5, 0]",,,,2886,Northwood,ii,GLIAC,6,"[6, 0, 0, 0]",,,,,,,
401332023,2021,2,regular,2021-09-11T17:00:00.000Z,False,True,False,True,,4421,Multi-Sport Performance Stadium,2017,Alderson-Broaddus,ii,Mountain East,0,"[0, 0, 0, 0]",,,,2699,West Liberty,ii,Mountain East,24,"[7, 14, 3, 0]",,,,,,,
401329038,2021,2,regular,2021-09-11T17:00:00.000Z,False,True,False,True,,3606,Scheels Field at Nemzek Stadium,2817,Minnesota St Moorhead,ii,Northern Sun,13,"[0, 7, 6, 0]",,,,2851,Winona State,ii,Northern Sun,27,"[0, 0, 10, 17]",,,,,,,
401282059,2021,2,regular,2021-09-11T17:00:00.000Z,False,True,False,False,64692,3886,Raymond James Stadium,58,South Florida,fbs,American Athletic,20,"[3, 0, 10, 7]",0.05942206457257271,1146,1149,57,Florida,fbs,SEC,42,"[14, 21, 0, 7]",0.9405779354274273,1730,1727,3.3324836784110783,,,
401348193,2021,2,regular,2021-09-11T17:00:00.000Z,False,True,False,False,,3870,Panther Stadium (OH),2477,Ohio Dominican,ii,Great Midwest Athletic,10,"[3, 7, 0, 0]",,,,330,Virginia State,ii,CIAA,7,"[0, 0, 0, 7]",,,,,,,
401329474,2021,2,regular,2021-09-11T17:00:00.000Z,False,True,False,False,,6211,Sodexo Field,112334,Franklin Pierce,ii,Northeast 10,20,"[13, 0, 7, 0]",,,,437,Lake Erie,ii,Great Midwest Athletic,31,"[10, 14, 7, 0]",,,,,,,
401327954,2021,2,regular,2021-09-11T17:00:00.000Z,False,True,False,False,,3808,Lincoln University Stadium,2339,Lincoln (PA),ii,CIAA,7,"[0, 7, 0, 0]",,,,2119,Central State,ii,SIAC,19,"[13, 0, 0, 6]",,,,,,,
401334757,2021,2,regular,2021-09-11T17:00:00.000Z,False,True,False,False,,6042,Alumni Stadium (KY),2310,Kentucky State,ii,SIAC,25,"[7, 10, 2, 6]",,,,2316,Kentucky Wesleyan,ii,Great Midwest Athletic,26,"[7, 0, 7, 12]",,,,,,,
401328413,2021,2,regular,2021-09-11T17:00:00.000Z,False,True,False,False,,3988,Welcome Stadium,2168,Dayton,fcs,Pioneer,17,"[0, 0, 17, 0]",,,,2197,Eastern Illinois,fcs,OVC,10,"[0, 3, 0, 7]",,,,,,,
401328226,2021,2,regular,2021-09-11T17:00:00.000Z,False,True,False,False,,3617,Andy Kerr Stadium,2142,Colgate,fcs,Patriot,3,"[3, 0, 0, 0]",,,,2619,Stony Brook,fcs,CAA,24,"[0, 10, 7, 7]",,,,,,,
401328955,2021,2,regular,2021-09-11T17:10:00.000Z,False,True,False,False,,3927,Sherman Field,2392,Michigan Tech,ii,GLIAC,9,"[6, 3, 0, 0]",,,,2900,St. Thomas (MN),fcs,Pioneer,12,"[0, 3, 0, 9]",,,,,,,
401327925,2021,2,regular,2021-09-11T17:30:00.000Z,False,True,False,False,,5941,Roebuck Stadium,2207,Elizabeth City State,ii,CIAA,27,"[21, 0, 6, 0]",,,,124180,Bluefield State,ii,Independent DII,35,"[0, 21, 0, 14]",,,,,,,
401309547,2021,2,regular,2021-09-11T17:30:00.000Z,False,True,False,False,11334,3764,Huskie Stadium,2459,Northern Illinois,fbs,Mid-American,43,"[3, 7, 12, 21]",0,1308,1313,2751,Wyoming,fbs,Mountain West,50,"[14, 14, 14, 8]",1,1556,1551,6.184763609765745,,,
401341944,2021,2,regular,2021-09-11T18:00:00.000Z,False,True,False,True,,5785,Dickerson Stadium,2707,West Virginia State,ii,Mountain East,21,"[0, 7, 0, 14]",,,,341,Frostburg State,ii,Mountain East,34,"[7, 14, 7, 6]",,,,,,,
401329201,2021,2,regular,2021-09-11T18:00:00.000Z,False,True,False,True,,4433,George P. Miller Stadium,2291,IU Pennsylvania,ii,Pennsylvania State Athletic,29,"[0, 7, 0, 22]",,,,2315,Kutztown,ii,Pennsylvania State Athletic,26,"[7, 0, 6, 13]",,,,,,,
401282186,2021,2,regular,2021-09-11T18:00:00.000Z,False,True,False,False,53680,3799,Lane Stadium,259,Virginia Tech,fbs,ACC,35,"[7, 7, 14, 7]",0.9845645427703857,1556,1581,2393,Middle Tennessee,fbs,Conference USA,14,"[0, 7, 0, 7]",0.015435457229614258,1315,1290,3.9884998763314927,,,
401332007,2021,2,regular,2021-09-11T18:00:00.000Z,False,True,False,False,,3723,QU Stadium,2825,Quincy,ii,Great Lakes,59,"[21, 21, 14, 3]",,,,2295,Iowa Wesleyan,,,27,"[12, 9, 6, 0]",,,,,,,
401282622,2021,2,regular,2021-09-11T18:00:00.000Z,False,True,False,False,31941,1964,JMA Wireless Dome,183,Syracuse,fbs,ACC,7,"[0, 0, 7, 0]",0.117934949696064,1433,1420,164,Rutgers,fbs,Big Ten,17,"[0, 0, 14, 3]",0.882065050303936,1523,1536,5.356153609601778,,,
401309753,2021,2,regular,2021-09-11T18:00:00.000Z,False,True,False,False,19411,3876,Peden Stadium,195,Ohio,fbs,Mid-American,26,"[13, 0, 0, 13]",0.15885248417645007,,,2184,Duquesne,fcs,NEC,28,"[8, 3, 7, 10]",0.84114751582355,,,4.6146237525,,,
401329319,2021,2,regular,2021-09-11T18:00:00.000Z,False,True,False,True,,5883,Marv Kay Stadium at Campbell Field,2146,Colorado School of Mines,ii,Rocky Mountain,31,"[7, 10, 0, 14]",,,,2424,New Mexico Highlands,ii,Rocky Mountain,21,"[7, 7, 0, 7]",,,,,,,
401328532,2021,2,regular,2021-09-11T18:00:00.000Z,False,True,False,True,,3934,Southern Nazarene University Football Stadium,200,Southern Nazarene,ii,Great American,3,"[0, 3, 0, 0]",,,,2888,Ouachita Baptist,ii,Great American,41,"[6, 7, 21, 7]",,,,,,,
401329001,2021,2,regular,2021-09-11T18:00:00.000Z,False,True,False,False,,4747,Abbott Memorial Alumni Stadium,2657,Tuskegee,ii,SIAC,7,"[0, 0, 0, 7]",,,,2695,West Alabama,ii,Gulf South,33,"[10, 10, 3, 10]",,,,,,,
401329462,2021,2,regular,2021-09-11T18:00:00.000Z,False,True,False,False,,3633,Ben Altamirano Field,2703,Western New Mexico,ii,Lone Star,14,[],,,,2714,Western Colorado,ii,Rocky Mountain,49,[],,,,,,,
401328521,2021,2,regular,2021-09-11T18:00:00.000Z,False,True,False,False,,3774,Jayne Stadium,2413,Morehead State,fcs,Pioneer,62,"[21, 17, 21, 3]",,,,3179,Point University,,,9,"[0, 0, 0, 9]",,,,,,,
401328119,2021,2,regular,2021-09-11T18:00:00.000Z,False,True,False,False,,3782,Johnson Hagood Stadium,2643,The Citadel,fcs,Southern,21,"[0, 14, 7, 0]",,,,2127,Charleston Southern,fcs,Big South,38,"[21, 3, 7, 7]",,,,,,,
401328485,2021,2,regular,2021-09-11T18:00:00.000Z,False,True,False,False,,3722,Fitton Field,107,Holy Cross,fcs,Patriot,21,"[7, 0, 7, 7]",,,,2771,Merrimack,fcs,NEC,35,"[0, 21, 7, 7]",,,,,,,
401328287,2021,2,regular,2021-09-11T18:00:00.000Z,False,True,False,False,,3613,Alumni Stadium,2169,Delaware State,fcs,MEAC,14,"[0, 14, 0, 0, 0]",,,,46,Georgetown,fcs,Patriot,20,"[0, 7, 7, 0, 6]",,,,,,,
401328221,2021,2,regular,2021-09-11T18:00:00.000Z,False,True,False,False,,2068,E. Claiborne Robins Stadium,257,Richmond,fcs,CAA,31,"[0, 28, 3, 0]",,,,2329,Lehigh,fcs,Patriot,3,"[3, 0, 0, 0]",,,,,,,
401328075,2021,2,regular,2021-09-11T18:00:00.000Z,False,True,False,False,,1905,DakotaDome,233,South Dakota,fcs,MVFC,34,"[17, 10, 7, 0]",,,,2464,Northern Arizona,fcs,Big Sky,7,"[0, 0, 7, 0]",,,,,,,
401328459,2021,2,regular,2021-09-11T18:30:00.000Z,False,True,False,False,,3962,Tucker Stadium,2635,Tennessee Tech,fcs,OVC,0,"[0, 0, 0, 0]",,,,231,Furman,fcs,Southern,26,"[10, 6, 0, 10]",,,,,,,
401282705,2021,2,regular,2021-09-11T18:30:00.000Z,False,True,False,False,62009,3855,Notre Dame Stadium,87,Notre Dame,fbs,FBS Independents,32,"[7, 7, 0, 18]",0.7971721887588501,1764,1761,2649,Toledo,fbs,Mid-American,29,"[6, 10, 0, 13]",0.2028278112411499,1443,1446,7.502910755939788,,,
401309548,2021,2,regular,2021-09-11T19:00:00.000Z,False,True,False,False,16128,3786,Kelly/Shorts Stadium,2117,Central Michigan,fbs,Mid-American,45,"[7, 21, 14, 3]",0.9926179647445679,,,2523,Robert Morris,fcs,Big South,0,"[0, 0, 0, 0]",0.007382035255432129,,,6.603193509760098,,,
401332310,2021,2,regular,2021-09-11T19:00:00.000Z,False,True,False,True,,3979,Wagner College Stadium,2681,Wagner,fcs,NEC,19,"[7, 3, 3, 6]",,,,2115,Central Connecticut,fcs,NEC,21,"[0, 7, 7, 7]",,,,,,,
401282820,2021,2,regular,2021-09-11T19:00:00.000Z,False,True,False,False,14187,3892,Pratt & Whitney Stadium,41,UConn,fbs,FBS Independents,0,"[0, 0, 0, 0]",0.024541232734918594,1122,1022,2509,Purdue,fbs,Big Ten,49,"[7, 28, 14, 0]",0.9754587672650814,1483,1583,2.7211980761687613,,,
401333045,2021,2,regular,2021-09-11T19:00:00.000Z,False,True,False,True,,5874,Chet Anderson Stadium,132,Bemidji State,ii,Northern Sun,38,"[7, 14, 14, 3]",,,,2844,Wayne State (NE),ii,Northern Sun,28,"[7, 7, 0, 14]",,,,,,,
401329126,2021,2,regular,2021-09-11T19:00:00.000Z,False,True,False,True,,3638,MDU Resources Community Bowl,559,University of Mary,ii,Northern Sun,20,"[7, 0, 6, 7]",,,,2043,Augustana (SD),ii,Northern Sun,43,"[14, 16, 3, 10]",,,,,,,
401359754,2021,2,regular,2021-09-11T19:00:00.000Z,False,True,False,False,,3609,Allgood-Bailey Stadium,2402,Missouri S&T,ii,Great Lakes,71,"[28, 7, 22, 14]",,,,124386,Arkansas Baptist,,,0,"[0, 0, 0, 0]",,,,,,,
401329457,2021,2,regular,2021-09-11T19:00:00.000Z,False,True,False,True,,6054,Fred G. Hughes Stadium,2403,Missouri Southern State,ii,Mid America,17,"[0, 17, 0, 0]",,,,196,Northeastern State,ii,Mid America,21,"[0, 14, 0, 7]",,,,,,,
401359755,2021,2,regular,2021-09-11T19:00:00.000Z,False,True,False,False,,5880,Elliott Field at Don Beebe Stadium,2123,Chadron State,ii,Rocky Mountain,24,"[14, 10, 0, 0]",,,,2025,Angelo State,ii,Lone Star,28,"[0, 7, 14, 7]",,,,,,,
401282797,2021,2,regular,2021-09-11T19:30:00.000Z,False,True,False,False,85663,3834,"Memorial Stadium (Lincoln, NE)",158,Nebraska,fbs,Big Ten,28,"[0, 14, 0, 14]",0.9863311052322388,1484,1567,2084,Buffalo,fbs,Mid-American,3,"[0, 0, 3, 0]",0.01366889476776123,1645,1562,3.2439883550931023,,,
401300999,2021,2,regular,2021-09-11T19:30:00.000Z,False,True,False,False,14474,3768,InfoCision Stadium,2006,Akron,fbs,Mid-American,24,"[14, 3, 0, 7]",0,1028,991,218,Temple,fbs,American Athletic,45,"[7, 17, 14, 7]",1,1174,1211,4.8510655348286775,,,
401282816,2021,2,regular,2021-09-11T19:30:00.000Z,False,True,False,False,105323,3632,Beaver Stadium,213,Penn State,fbs,Big Ten,44,"[14, 10, 10, 10]",0.9915308356285095,1685,1753,2050,Ball State,fbs,Mid-American,13,"[0, 6, 0, 7]",0.008469164371490479,1559,1491,2.971691371310474,,,
401301004,2021,2,regular,2021-09-11T19:30:00.000Z,False,True,False,False,36997,3852,Navy-Marine Corps Memorial Stadium,2426,Navy,fbs,American Athletic,3,"[0, 3, 0, 0]",0.11057934910058975,1275,1260,2005,Air Force,fbs,Mountain West,23,"[0, 7, 7, 9]",0.8894206508994102,1617,1632,3.924411020566475,,,
401282067,2021,2,regular,2021-09-11T19:30:00.000Z,False,True,True,False,61203,3937,Sports Authority Field at Mile High,38,Colorado,fbs,Pac-12,7,"[7, 0, 0, 0]",0.36721092462539673,1446,1460,245,Texas A&M,fbs,SEC,10,"[0, 3, 0, 7]",0.6327890753746033,1792,1778,4.317762930165778,,,
401282623,2021,2,regular,2021-09-11T19:30:00.000Z,False,True,False,False,12118,3985,Warren McGuirk Alumni Stadium,113,Massachusetts,fbs,FBS Independents,28,"[0, 0, 21, 7]",0.01544471550732851,995,1002,103,Boston College,fbs,ACC,45,"[14, 0, 21, 10]",0.9845552844926715,1503,1496,3.462519224402593,,,
401328367,2021,2,regular,2021-09-11T19:30:00.000Z,False,True,False,False,,3714,Fargodome,2449,North Dakota State,fcs,MVFC,64,"[22, 21, 14, 7]",,,,2674,Valparaiso,fcs,Pioneer,0,"[0, 0, 0, 0]",,,,,,,
401287900,2021,2,regular,2021-09-11T19:30:00.000Z,False,True,False,False,38631,3616,Amon G. Carter Stadium,2628,TCU,fbs,Big 12,34,"[0, 14, 7, 13]",0.6920354962348938,1646,1644,25,California,fbs,Pac-12,32,"[6, 13, 0, 13]",0.3079645037651062,1454,1456,6.875151531954074,,,
401301002,2021,2,regular,2021-09-11T19:30:00.000Z,False,True,False,False,33498,3854,Nippert Stadium,2132,Cincinnati,fbs,American Athletic,42,"[0, 7, 14, 21]",0.9922709465026855,,,93,Murray State,fcs,OVC,7,"[0, 7, 0, 0]",0.007729053497314453,,,4.214180384765399,,,
401282060,2021,2,regular,2021-09-11T19:30:00.000Z,False,True,False,False,92746,3917,Sanford Stadium,61,Georgia,fbs,SEC,56,"[21, 14, 14, 7]",0.999957263469696,1818,1925,5,UAB,fbs,Conference USA,7,"[0, 0, 0, 7]",4.273653030395508e-05,1521,1414,1.7971079683311575,,,
401282183,2021,2,regular,2021-09-11T19:30:00.000Z,False,True,False,False,17736,3715,FAU Stadium,2226,Florida Atlantic,fbs,Conference USA,38,"[0, 10, 21, 7]",0.9915601015090942,1475,1575,290,Georgia Southern,fbs,Sun Belt,6,"[6, 0, 0, 0]",0.008439898490905762,1570,1470,10.639612233294272,,,
401329713,2021,2,regular,2021-09-11T20:00:00.000Z,False,True,False,False,,5119,Maxwell Field,203,Linfield,iii,Northwest,56,"[10, 15, 31, 0]",,,,2829,Simon Fraser,ii,Great Northwest,20,"[0, 7, 0, 13]",,,,,,,
401328193,2021,2,regular,2021-09-11T20:00:00.000Z,False,True,False,True,,3651,Bridgeforth Stadium,256,James Madison,fcs,CAA,55,"[10, 14, 17, 14]",,,,311,Maine,fcs,CAA,7,"[0, 0, 7, 0]",,,,,,,
401309546,2021,2,regular,2021-09-11T20:00:00.000Z,False,True,False,False,15105,3700,Doyt L. Perry Stadium,189,Bowling Green,fbs,Mid-American,19,"[8, 0, 11, 0]",0.11221523582935333,1006,1020,6,South Alabama,fbs,Sun Belt,22,"[0, 6, 6, 10]",0.8877847641706467,1337,1323,9.583663484344187,,,
401328038,2021,2,regular,2021-09-11T20:00:00.000Z,False,True,False,False,,3906,Roos Field,331,Eastern Washington,fcs,Big Sky,63,"[18, 28, 10, 7]",,,,2120,Central Washington,ii,Great Northwest,14,"[7, 0, 0, 7]",,,,,,,
401356953,2021,2,regular,2021-09-11T20:00:00.000Z,False,True,False,False,,3627,Bailey Memorial Stadium,2506,Presbyterian,fcs,Pioneer,68,"[22, 18, 7, 21]",,,,124110,UFTL,,,3,"[3, 0, 0, 0]",,,,,,,
401328099,2021,2,regular,2021-09-11T20:00:00.000Z,False,True,False,False,,716,Torero Stadium,301,San Diego,fcs,Pioneer,7,"[0, 0, 7, 0]",,,,302,UC Davis,fcs,Big Sky,53,"[16, 6, 14, 17]",,,,,,,
401282056,2021,2,regular,2021-09-11T20:00:00.000Z,False,True,False,False,95396,3657,Bryant-Denny Stadium,333,Alabama,fbs,SEC,48,"[14, 17, 14, 3]",0.9575651288032532,,,2382,Mercer,fcs,Southern,14,"[0, 0, 7, 7]",0.042434871196746826,,,2.622960419944605,,,
401329113,2021,2,regular,2021-09-11T20:00:00.000Z,False,True,False,True,,5881,CAU Panther Stadium,2805,Clark Atlanta,ii,SIAC,26,"[0, 7, 6, 13]",,,,2323,Lane College,ii,SIAC,35,"[21, 7, 0, 7]",,,,,,,
401282754,2021,2,regular,2021-09-11T20:30:00.000Z,False,True,False,False,61500,3772,Jack Trice Stadium,66,Iowa State,fbs,Big 12,17,"[3, 7, 0, 7]",0.20130328834056854,1791,1776,2294,Iowa,fbs,Big Ten,27,"[0, 14, 10, 3]",0.7986967116594315,1860,1875,4.335318371407774,,,
401287902,2021,2,regular,2021-09-11T21:00:00.000Z,False,True,False,False,50911,3842,Milan Puskar Stadium,277,West Virginia,fbs,Big 12,66,"[21, 17, 21, 7]",0.9930822253227234,,,2341,Long Island University,fcs,NEC,0,"[0, 0, 0, 0]",0.006917774677276611,,,2.3465191253246,,,
401309544,2021,2,regular,2021-09-11T21:00:00.000Z,False,True,False,False,18122,3980,Waldo Stadium,2711,Western Michigan,fbs,Mid-American,28,"[7, 7, 14, 0]",0.9983890056610107,,,2287,Illinois State,fcs,MVFC,0,"[0, 0, 0, 0]",0.0016109943389892578,,,1.8684213226058468,,,
401282615,2021,2,regular,2021-09-11T21:00:00.000Z,False,True,False,False,78609,3836,"Memorial Stadium (Clemson, SC)",228,Clemson,fbs,ACC,49,"[28, 7, 14, 0]",0.9950092434883118,,,2569,South Carolina State,fcs,MEAC,3,"[0, 3, 0, 0]",0.004990756511688232,,,1.7809457941316955,,,
401328016,2021,2,regular,2021-09-11T21:00:00.000Z,False,True,False,False,,6032,Hovey Field,2676,Virginia Union,ii,CIAA,7,"[0, 0, 0, 7]",,,,2673,Valdosta State,ii,Gulf South,51,"[14, 13, 10, 14]",,,,,,,
401328658,2021,2,regular,2021-09-11T22:00:00.000Z,False,True,False,False,,3650,Bragg Memorial Stadium,50,Florida A&M,fcs,SWAC,34,"[7, 0, 14, 13]",,,,2232,Fort Valley State,ii,SIAC,7,"[0, 7, 0, 0]",,,,,,,
401329372,2021,2,regular,2021-09-11T22:00:00.000Z,False,True,False,True,,4430,Mihalik-Thompson Stadium,215,Slippery Rock,ii,Pennsylvania State Athletic,22,"[0, 9, 6, 7]",,,,2188,East Stroudsburg,ii,Pennsylvania State Athletic,7,"[0, 0, 0, 7]",,,,,,,
401328108,2021,2,regular,2021-09-11T22:00:00.000Z,False,True,False,False,,3629,Barker-Lane Stadium,2097,Campbell,fcs,Big South,23,"[7, 3, 7, 6]",,,,2210,Elon,fcs,CAA,24,"[7, 0, 7, 10]",,,,,,,
401328497,2021,2,regular,2021-09-11T22:00:00.000Z,False,True,False,False,,3664,Butler Bowl,2086,Butler,fcs,Pioneer,49,"[14, 14, 14, 7]",,,,83,DePauw,iii,North Coast,24,"[0, 7, 7, 10]",,,,,,,
401328176,2021,2,regular,2021-09-11T22:00:00.000Z,False,True,False,False,,3695,Delaware Stadium,48,Delaware,fcs,CAA,27,"[3, 10, 7, 7]",,,,2598,Saint Francis,fcs,NEC,10,"[0, 3, 7, 0]",,,,,,,
401357799,2021,2,regular,2021-09-11T22:00:00.000Z,False,True,False,False,,4416,Spec Martin Municipal Stadium,56,Stetson,fcs,Pioneer,49,"[14, 14, 14, 7]",,,,3178,Ave Maria University,,,16,"[6, 0, 0, 10]",,,,,,,
401366015,2021,2,regular,2021-09-11T22:00:00.000Z,False,True,False,False,,3698,Donnell Stadium,2224,Findlay,ii,Great Midwest Athletic,34,"[0, 14, 14, 0, 6]",,,,2882,UNC Pembroke,ii,Mountain East,28,"[7, 7, 14, 0, 0]",,,,,,,
401329180,2021,2,regular,2021-09-11T22:00:00.000Z,False,True,False,True,,3859,Offutt Field,611,Seton Hill,ii,Pennsylvania State Athletic,13,"[0, 7, 3, 3]",,,,2071,Bloomsburg,ii,Pennsylvania State Athletic,7,"[0, 7, 0, 0]",,,,,,,
401332050,2021,2,regular,2021-09-11T22:00:00.000Z,False,True,False,False,,150,Jack Coffey Field,2230,Fordham,fcs,Patriot,23,"[0, 10, 6, 7]",,,,2405,Monmouth,fcs,Big South,26,"[0, 14, 9, 3]",,,,,,,
401328236,2021,2,regular,2021-09-11T22:00:00.000Z,False,True,False,False,,3998,Zable Stadium,2729,William & Mary,fcs,CAA,24,"[0, 3, 14, 7]",,,,322,Lafayette,fcs,Patriot,3,"[0, 0, 0, 3]",,,,,,,
401328085,2021,2,regular,2021-09-11T22:00:00.000Z,False,True,False,False,,5781,Irwin Belk Stadium,351,Wingate,ii,South Atlantic,40,"[14, 16, 7, 3]",,,,2220,Fayetteville State,ii,CIAA,21,"[0, 7, 7, 7]",,,,,,,
401329057,2021,2,regular,2021-09-11T22:00:00.000Z,False,True,False,False,,5888,University Stadium (GA),2698,West Georgia,ii,Gulf South,47,"[16, 21, 3, 7]",,,,60,Morehouse,ii,SIAC,0,"[0, 0, 0, 0]",,,,,,,
401328102,2021,2,regular,2021-09-11T22:00:00.000Z,False,True,False,False,,6041,Irwin Belk Complex,2304,Johnson C. Smith,ii,CIAA,19,"[7, 0, 0, 12]",,,,2019,Allen,ii,SIAC,20,"[0, 0, 6, 14]",,,,,,,
401282192,2021,2,regular,2021-09-11T22:00:00.000Z,False,True,False,False,16229,3604,Alamodome,2636,UTSA,fbs,Conference USA,54,"[13, 21, 10, 10]",0.9987679721335753,,,2320,Lamar,fcs,Western Athletic,0,"[0, 0, 0, 0]",0.0012320278664247342,,,1.0809029117,,,
401347701,2021,2,regular,2021-09-11T22:00:00.000Z,False,True,False,True,,6075,W.B. Mason Stadium,284,Stonehill,ii,Northeast 10,54,"[14, 13, 13, 14]",,,,2583,Southern Connecticut State,ii,Northeast 10,21,"[0, 14, 7, 0]",,,,,,,
401309845,2021,2,regular,2021-09-11T22:00:00.000Z,False,True,False,False,22651,3820,Gesa Field,265,Washington State,fbs,Pac-12,44,"[7, 23, 7, 7]",0.9881191253662109,,,2502,Portland State,fcs,Big Sky,24,"[0, 10, 0, 14]",0.011880874633789062,,,3.078813876528927,,,
401328205,2021,2,regular,2021-09-11T22:00:00.000Z,False,True,False,True,,3688,Wildcat Stadium,160,New Hampshire,fcs,CAA,26,"[6, 14, 0, 6]",,,,119,Towson,fcs,CAA,14,"[0, 7, 0, 7]",,,,,,,
401282181,2021,2,regular,2021-09-11T22:00:00.000Z,False,True,False,False,12274,4418,Jerry Richardson Stadium,2429,Charlotte,fbs,Conference USA,38,"[14, 14, 7, 3]",0.986316442489624,,,2241,Gardner-Webb,fcs,Big South,10,"[3, 7, 0, 0]",0.013683557510375977,,,6.536146422918478,,,
401329009,2021,2,regular,2021-09-11T22:00:00.000Z,False,True,False,False,,3926,Setzler Field,2444,Newberry,ii,South Atlantic,14,[],,,,2822,North Greenville,ii,Gulf South,24,[],,,,,,,
401328945,2021,2,regular,2021-09-11T22:00:00.000Z,False,True,False,False,,3952,Ted Wright Stadium,2542,Savannah State,ii,SIAC,50,"[0, 30, 7, 13]",,,,2940,Livingstone,ii,CIAA,6,"[0, 0, 0, 6]",,,,,,,
401328234,2021,2,regular,2021-09-11T22:00:00.000Z,False,True,False,False,,717,Villanova Stadium,222,Villanova,fcs,CAA,55,"[21, 24, 7, 3]",,,,2083,Bucknell,fcs,Patriot,3,"[0, 0, 0, 3]",,,,,,,
401301001,2021,2,regular,2021-09-11T22:30:00.000Z,False,True,False,False,38443,3652,FBC Mortgage Stadium,2116,UCF,fbs,American Athletic,63,"[14, 21, 21, 7]",0.9852887988090515,,,2065,Bethune-Cookman,fcs,SWAC,14,"[7, 0, 7, 0]",0.014711201190948486,,,3.2285793668660263,,,
401282189,2021,2,regular,2021-09-11T22:30:00.000Z,False,True,False,False,26253,3895,Rice Stadium,242,Rice,fbs,Conference USA,7,"[0, 7, 0, 0]",0.013599350117146969,1394,1293,248,Houston,fbs,American Athletic,44,"[17, 0, 14, 13]",0.986400649882853,1457,1558,2.986905212713956,,,
401282185,2021,2,regular,2021-09-11T22:30:00.000Z,False,True,False,False,24521,3775,Joan C. Edwards Stadium,276,Marshall,fbs,Conference USA,44,"[6, 24, 7, 7]",0.9989288317312901,,,2428,North Carolina Central,fcs,MEAC,10,"[0, 7, 0, 3]",0.001071168268709899,,,1.1339690495,,,
401328145,2021,2,regular,2021-09-11T23:00:00.000Z,False,True,False,False,,4133,Braly Municipal Stadium,2453,North Alabama,fcs,Big South,0,"[0, 0, 0, 0]",,,,236,Chattanooga,fcs,Southern,20,"[3, 14, 0, 3]",,,,,,,
401287898,2021,2,regular,2021-09-11T23:00:00.000Z,False,True,False,False,83538,3835,"Memorial Stadium (Norman, OK)",201,Oklahoma,fbs,Big 12,76,"[17, 28, 17, 14]",0.9897788166999817,,,2717,Western Carolina,fcs,Southern,0,"[0, 0, 0, 0]",0.01022118330001831,,,2.2809678916932468,,,
401309603,2021,2,regular,2021-09-11T23:00:00.000Z,False,True,False,False,25417,3666,Cajun Field,309,Louisiana,fbs,Sun Belt,27,"[10, 7, 7, 3]",0.19792954623699188,,,2447,Nicholls,fcs,Southland,24,"[7, 3, 0, 14]",0.8020704537630081,,,4.958377761409978,,,
401286295,2021,2,regular,2021-09-11T23:00:00.000Z,False,True,False,False,24714,3975,Veterans Memorial Stadium (AL),2653,Troy,fbs,Sun Belt,13,"[7, 0, 0, 6]",0.10461734980344772,1461,1454,2335,Liberty,fbs,FBS Independents,21,"[7, 7, 0, 7]",0.8953826501965523,1563,1570,3.851153499794183,,,
401287897,2021,2,regular,2021-09-11T23:00:00.000Z,False,True,False,False,47628,3636,Bill Snyder Family Stadium,2306,Kansas State,fbs,Big 12,31,"[14, 7, 3, 7]",0.9136130809783936,,,79,Southern Illinois,fcs,MVFC,23,"[0, 23, 0, 0]",0.08638691902160645,,,5.562026397723576,,,
401282187,2021,2,regular,2021-09-11T23:00:00.000Z,False,True,False,False,29121,3735,Gerald J. Ford Stadium,2567,SMU,fbs,American Athletic,35,"[0, 7, 14, 14]",0.982081413269043,1521,1553,249,North Texas,fbs,Conference USA,12,"[3, 3, 6, 0]",0.01791858673095703,1295,1263,5.337475175744159,,,
401328606,2021,2,regular,2021-09-11T23:00:00.000Z,False,True,False,False,,5237,Dana J. Dykhouse Stadium,2571,South Dakota State,fcs,MVFC,52,"[21, 24, 7, 0]",,,,2815,Lindenwood,ii,Great Lakes Valley,7,"[0, 0, 0, 7]",,,,,,,
401310700,2021,2,regular,2021-09-11T23:00:00.000Z,False,True,False,False,28470,3971,University Stadium (NM),167,New Mexico,fbs,Mountain West,34,"[14, 10, 3, 7]",1,1309,1315,166,New Mexico State,fbs,FBS Independents,25,"[3, 17, 2, 3]",0,1178,1172,6.108316136226217,,,
401282188,2021,2,regular,2021-09-11T23:00:00.000Z,False,True,False,False,18363,3918,S.B. Ballard Stadium,295,Old Dominion,fbs,Conference USA,47,"[10, 24, 7, 6]",0.9932125806808472,,,2261,Hampton,fcs,Big South,7,"[0, 0, 7, 0]",0.006787419319152832,,,2.3779995400153613,,,
401282190,2021,2,regular,2021-09-11T23:00:00.000Z,False,True,False,False,25235,3815,M. M. Roberts Stadium,2572,Southern Miss,fbs,Conference USA,37,"[7, 3, 10, 17]",0.9974781274795532,,,2755,Grambling,fcs,SWAC,0,"[0, 0, 0, 0]",0.0025218725204467773,,,2.8986446267713846,,,
401328427,2021,2,regular,2021-09-11T23:00:00.000Z,False,True,False,False,,3805,Simmons Bank Liberty Stadium,2296,Jackson State,fcs,SWAC,38,"[7, 3, 14, 14]",,,,2634,Tennessee State,fcs,OVC,16,"[0, 7, 0, 9]",,,,,,,
401328599,2021,2,regular,2021-09-11T23:00:00.000Z,False,True,False,False,,3771,Jack Spinks Stadium,2016,Alcorn State,fcs,SWAC,13,"[3, 0, 0, 10]",,,,2466,Northwestern State,fcs,Southland,10,"[7, 0, 3, 0]",,,,,,,
401328463,2021,2,regular,2021-09-11T23:00:00.000Z,False,True,False,False,,3748,Graham Stadium,2630,UT Martin,fcs,OVC,33,"[0, 24, 7, 2]",,,,2535,Samford,fcs,Southern,27,"[17, 3, 0, 7]",,,,,,,
401282184,2021,2,regular,2021-09-11T23:00:00.000Z,False,True,False,False,15328,3776,Joe Aillet Stadium,2348,Louisiana Tech,fbs,Conference USA,45,"[14, 10, 14, 7]",0.6302589774131775,,,2545,SE Louisiana,fcs,Southland,42,"[7, 14, 14, 7]",0.3697410225868225,,,9.664964159226681,,,
401328690,2021,2,regular,2021-09-11T23:00:00.000Z,False,True,False,False,,3599,Ace W. Mumford Stadium,2582,Southern,fcs,SWAC,41,"[6, 7, 14, 14]",,,,2396,Miles,ii,SIAC,24,"[7, 10, 7, 0]",,,,,,,
401282057,2021,2,regular,2021-09-11T23:00:00.000Z,False,True,False,False,74531,3887,Razorback Stadium,8,Arkansas,fbs,SEC,40,"[3, 13, 17, 7]",0.9894846081733704,1470,1550,251,Texas,fbs,Big 12,21,"[0, 0, 7, 14]",0.010515391826629639,1801,1721,2.628875431193062,,,
401282064,2021,2,regular,2021-09-11T23:00:00.000Z,False,True,False,False,45834,3693,Davis Wade Stadium,344,Mississippi State,fbs,SEC,24,"[7, 7, 7, 3]",0.9708942770957947,1508,1541,152,NC State,fbs,ACC,10,"[0, 3, 0, 7]",0.029105722904205322,1565,1532,3.477714748607289,,,
401332300,2021,2,regular,2021-09-11T23:00:00.000Z,False,True,False,True,,3661,Bulldog Stadium,2803,Bryant,fcs,NEC,17,"[0, 14, 0, 3]",,,,2529,Sacred Heart,fcs,NEC,6,"[3, 0, 0, 3]",,,,,,,
401282619,2021,2,regular,2021-09-11T23:00:00.000Z,False,True,False,False,39673,3873,L&N Federal Credit Union Stadium,97,Louisville,fbs,ACC,30,"[7, 13, 7, 3]",0.9792569875717163,,,2198,Eastern Kentucky,fcs,AWC,3,"[0, 3, 0, 0]",0.02074301242828369,,,2.5522559457939606,,,
401328703,2021,2,regular,2021-09-11T23:00:00.000Z,False,True,False,False,,5440,Wildcat Stadium (TX),2000,Abilene Christian,fcs,Western Athletic,62,"[27, 14, 7, 14]",,,,2347,Louisiana Christian,,,7,"[0, 7, 0, 0]",,,,,,,
401328080,2021,2,regular,2021-09-11T23:00:00.000Z,False,True,False,False,,4424,Husky Stadium,2277,Houston Christian,fcs,Southland,13,"[0, 6, 7, 0]",,,,2458,Northern Colorado,fcs,Big Sky,45,"[14, 7, 17, 7]",,,,,,,
401282182,2021,2,regular,2021-09-11T23:00:00.000Z,False,True,False,False,0,218,FIU Stadium,2229,Florida International,fbs,Conference USA,17,"[0, 7, 10, 0, 0]",0.34556347272529353,1375,1356,326,Texas State,fbs,Sun Belt,23,"[7, 3, 0, 7, 6]",0.6544365272747065,1271,1290,8.9715160123,,,
401282620,2021,2,regular,2021-09-11T23:00:00.000Z,False,True,False,False,45877,3948,Hard Rock Stadium,2390,Miami,fbs,ACC,25,"[9, 3, 7, 6]",0.830805242061615,1585,1587,2026,App State,fbs,Sun Belt,23,"[7, 7, 3, 6]",0.169194757938385,1666,1664,6.960534939362402,,,
401328160,2021,2,regular,2021-09-11T23:00:00.000Z,False,True,False,True,,4419,Bob Ford Field,399,UAlbany,fcs,CAA,14,"[7, 0, 7, 0]",,,,227,Rhode Island,fcs,CAA,16,"[6, 7, 0, 3]",,,,,,,
401328023,2021,2,regular,2021-09-11T23:00:00.000Z,False,True,False,False,,3827,"Memorial Stadium (Stephenville, TX)",2627,Tarleton State,fcs,Western Athletic,54,"[7, 23, 14, 10]",,,,2237,Fort Lewis,ii,Rocky Mountain,7,"[7, 0, 0, 0]",,,,,,,
401282825,2021,2,regular,2021-09-11T23:00:00.000Z,False,True,False,False,70967,347,Camp Randall Stadium,275,Wisconsin,fbs,Big Ten,34,"[7, 17, 3, 7]",0.9941401481628418,1728,1763,2199,Eastern Michigan,fbs,Mid-American,7,"[0, 0, 0, 7]",0.005859851837158203,1421,1386,2.7816854756975755,,,
401328012,2021,2,regular,2021-09-11T23:00:00.000Z,False,True,False,False,,3647,Elliott T. Bowers Stadium,2534,Sam Houston,fcs,AWC,52,"[7, 24, 14, 7]",,,,2546,Southeast Missouri State,fcs,OVC,14,"[7, 7, 0, 0]",,,,,,,
401328216,2021,2,regular,2021-09-11T23:00:00.000Z,False,True,False,False,,3897,Richardson Stadium,2166,Davidson,fcs,Pioneer,28,"[14, 0, 14, 0]",,,,2551,Shaw,ii,CIAA,26,"[0, 7, 6, 13]",,,,,,,
401287901,2021,2,regular,2021-09-11T23:00:00.000Z,False,True,False,False,55271,3784,Jones AT&T Stadium,2641,Texas Tech,fbs,Big 12,28,"[7, 0, 14, 7]",0.9719123840332031,,,2617,Stephen F. Austin,fcs,Western Athletic,22,"[7, 6, 0, 9]",0.028087615966796875,,,5.987815071836626,,,
401287895,2021,2,regular,2021-09-11T23:00:00.000Z,False,True,False,False,42461,4727,McLane Stadium,239,Baylor,fbs,Big 12,66,"[21, 21, 10, 14]",0.9946147799491882,,,2640,Texas Southern,fcs,SWAC,7,"[0, 0, 0, 7]",0.005385220050811768,,,2.0814959655972203,,,
401301003,2021,2,regular,2021-09-11T23:00:00.000Z,False,True,False,False,19501,3625,Centennial Bank Stadium,2032,Arkansas State,fbs,Sun Belt,50,"[10, 13, 7, 20]",0.04411071293996945,1370,1374,235,Memphis,fbs,American Athletic,55,"[20, 14, 7, 14]",0.9558892870600305,1555,1551,5.0877763648,,,
401328398,2021,2,regular,2021-09-11T23:00:00.000Z,False,True,False,True,,5113,Ruggles Field at Carpenter-Haygood Stadium,2271,Henderson State,ii,Great American,55,"[14, 3, 21, 17]",,,,2823,Northwestern (OK),ii,Great American,7,"[7, 0, 0, 0]",,,,,,,
401329351,2021,2,regular,2021-09-11T23:00:00.000Z,False,True,False,False,,3860,O'Harra Stadium,613,South Dakota Mines,ii,Rocky Mountain,52,"[30, 15, 0, 7]",,,,561,Mayville State,,,7,"[0, 0, 0, 7]",,,,,,,
401328277,2021,2,regular,2021-09-11T23:00:00.000Z,False,True,False,True,,5936,Koi Ishto Stadium,2191,East Central,ii,Great American,13,"[3, 3, 7, 0]",,,,2033,Arkansas Tech,ii,Great American,10,"[0, 3, 0, 7]",,,,,,,
401328258,2021,2,regular,2021-09-11T23:00:00.000Z,False,True,False,False,,5122,Shuford Stadium,2107,Catawba,ii,South Atlantic,28,"[7, 7, 7, 7]",,,,2736,Winston-Salem State,ii,CIAA,6,"[3, 3, 0, 0]",,,,,,,
401329451,2021,2,regular,2021-09-11T23:00:00.000Z,False,True,False,True,,5917,Ratliff Stadium,110243,UT Permian Basin,ii,Lone Star,42,"[14, 7, 21, 0]",,,,2704,West Texas,ii,Lone Star,31,"[7, 10, 7, 7]",,,,,,,
401328535,2021,2,regular,2021-09-11T23:00:00.000Z,False,True,False,True,,5891,Wilkins Stadium,2568,Southern Arkansas,ii,Great American,42,"[7, 7, 7, 21]",,,,2927,Southwestern Oklahoma State,ii,Great American,27,"[6, 14, 7, 0]",,,,,,,
401328389,2021,2,regular,2021-09-11T23:00:00.000Z,False,True,False,True,,3875,Paul Laird Field,199,Southeastern Oklahoma State,ii,Great American,32,"[7, 10, 7, 8]",,,,2264,Harding,ii,Great American,31,"[3, 7, 7, 14]",,,,,,,
401328310,2021,2,regular,2021-09-11T23:00:00.000Z,False,True,False,True,,6064,Crain Family Stadium,319,Oklahoma Baptist,ii,Great American,45,"[21, 14, 0, 10]",,,,2028,Arkansas Monticello,ii,Great American,20,"[0, 0, 14, 6]",,,,,,,
401328991,2021,2,regular,2021-09-11T23:00:00.000Z,False,True,False,False,,5867,Albany State University Coliseum,2013,Albany State,ii,SIAC,28,"[7, 7, 7, 7]",,,,2560,Shorter,ii,Gulf South,12,"[0, 6, 0, 6]",,,,,,,
401329069,2021,2,regular,2021-09-11T23:00:00.000Z,False,True,False,True,,3951,Swisher Field,425,Northern State,ii,Northern Sun,30,"[7, 0, 13, 10]",,,,2587,Southwest Minnesota State,ii,Northern Sun,13,"[6, 0, 7, 0]",,,,,,,
401330018,2021,2,regular,2021-09-11T23:00:00.000Z,False,True,False,True,,4258,Dignity Health Sports Park,2837,East Texas A&M,ii,Lone Star,30,"[14, 9, 7, 0]",,,,2395,Midwestern State,ii,Lone Star,31,"[0, 10, 7, 14]",,,,,,,
401328648,2021,2,regular,2021-09-11T23:00:00.000Z,False,True,False,False,,5935,Parker Field at McCool Stadium,2170,Delta State,ii,Gulf South,45,"[7, 14, 10, 14]",,,,2816,McKendree,ii,Great Lakes,17,"[10, 7, 0, 0]",,,,,,,
401329708,2021,2,regular,2021-09-11T23:00:00.000Z,False,True,False,False,,3729,"Frank ""Muddy"" Waters Stadium",2273,Hillsdale,ii,Great Midwest Athletic,31,"[0, 10, 7, 14]",,,,2292,Indianapolis,ii,Great Lakes,35,"[14, 7, 7, 7]",,,,,,,
401329492,2021,2,regular,2021-09-11T23:00:00.000Z,False,True,False,True,,6051,James S. Malosky Stadium,134,Minnesota Duluth,ii,Northern Sun,30,"[14, 10, 6, 0]",,,,2364,Minnesota State,ii,Northern Sun,10,"[3, 7, 0, 0]",,,,,,,
401328696,2021,2,regular,2021-09-11T23:00:00.000Z,False,True,False,False,,6036,Blue Wahoos Stadium,110242,West Florida,ii,Gulf South,63,"[14, 28, 14, 7]",,,,2586,Southwest Baptist,ii,Great Lakes,14,"[7, 0, 0, 7]",,,,,,,
401328936,2021,2,regular,2021-09-11T23:00:00.000Z,False,True,False,False,,3811,Lubbers Stadium,125,Grand Valley State,ii,GLIAC,34,"[21, 7, 0, 6]",,,,2570,CSU Pueblo,ii,Rocky Mountain,14,"[0, 7, 7, 0]",,,,,,,
401328714,2021,2,regular,2021-09-11T23:00:00.000Z,False,True,False,False,,3770,Jack Miller Stadium,308,Ashland,ii,Great Midwest Athletic,19,"[0, 3, 8, 8]",,,,2222,Ferris State,ii,GLIAC,45,"[14, 3, 21, 7]",,,,,,,
401282621,2021,2,regular,2021-09-11T23:30:00.000Z,False,True,False,False,50500,3787,Kenan Stadium,153,North Carolina,fbs,ACC,59,"[14, 10, 21, 14]",0.9919071197509766,1704,1778,2247,Georgia State,fbs,Sun Belt,17,"[3, 7, 0, 7]",0.008092880249023438,1334,1260,2.7412686414395298,,,
401282724,2021,2,regular,2021-09-11T23:30:00.000Z,False,True,False,False,47417,3830,"Memorial Stadium (Bloomington, IN)",84,Indiana,fbs,Big Ten,56,"[21, 14, 7, 14]",1,,,70,Idaho,fcs,Big Sky,14,"[0, 7, 7, 0]",0,,,2.042666780913603,,,
401282061,2021,2,regular,2021-09-11T23:30:00.000Z,False,True,False,True,58437,3683,Kroger Field,96,Kentucky,fbs,SEC,35,"[14, 7, 7, 7]",0.8419424891471863,1593,1598,142,Missouri,fbs,SEC,28,"[7, 7, 7, 7]",0.15805751085281372,1515,1510,4.319444483313481,,,
401282063,2021,2,regular,2021-09-11T23:30:00.000Z,False,True,False,False,47848,3974,Vaught-Hemingway Stadium,145,Ole Miss,fbs,SEC,54,"[14, 23, 14, 3]",0.9875286817550659,,,2046,Austin Peay,fcs,OVC,17,"[0, 7, 3, 7]",0.012471318244934082,,,3.005612823380715,,,
401328694,2021,2,regular,2021-09-11T23:30:00.000Z,False,True,False,False,,5400,William B. Greene Jr. Stadium,2193,East Tennessee State,fcs,Southern,45,"[14, 17, 7, 7]",,,,2842,UVA Wise,ii,South Atlantic,14,"[0, 6, 8, 0]",,,,,,,
401286207,2021,2,regular,2021-09-11T23:30:00.000Z,False,True,False,False,31612,3665,SECU Stadium,120,Maryland,fbs,Big Ten,62,"[14, 24, 14, 10]",0.9893914461135864,,,47,Howard,fcs,MEAC,0,"[0, 0, 0, 0]",0.010608553886413574,,,2.0644511367290455,,,
401329024,2021,2,regular,2021-09-12T00:00:00.000Z,False,True,False,False,,5938,Al Whitehead Field at Greyhound Stadium,2201,Eastern New Mexico,ii,Lone Star,42,"[0, 21, 7, 14]",,,,2001,Adams State,ii,Rocky Mountain,14,"[7, 0, 0, 7]",,,,,,,
401282617,2021,2,regular,2021-09-12T00:00:00.000Z,False,True,False,False,60198,3697,Doak Campbell Stadium,52,Florida State,fbs,ACC,17,"[0, 14, 3, 0]",0.5619112849235535,,,55,Jacksonville State,fcs,AWC,20,"[0, 7, 0, 13]",0.43808871507644653,,,6.071829964224447,,,
401282773,2021,2,regular,2021-09-12T00:00:00.000Z,False,True,False,False,108345,3558,Michigan Stadium,130,Michigan,fbs,Big Ten,31,"[3, 7, 7, 14]",0.9931784272193909,1672,1719,264,Washington,fbs,Pac-12,10,"[0, 0, 3, 7]",0.006821572780609131,1649,1602,3.440573971818052,,,
401328064,2021,2,regular,2021-09-12T00:00:00.000Z,False,True,False,False,,3643,Bobcat Stadium,147,Montana State,fcs,Big Sky,45,"[9, 15, 7, 14]",,,,2181,Drake,fcs,Pioneer,7,"[0, 7, 0, 0]",,,,,,,
401329487,2021,2,regular,2021-09-12T00:00:00.000Z,False,True,False,True,,6067,Carnie Smith Stadium,90,Pittsburg State,ii,Mid America,17,"[0, 17, 0, 0]",,,,2438,Nebraska Kearney,ii,Mid America,28,"[7, 0, 7, 14]",,,,,,,
401327967,2021,2,regular,2021-09-12T00:00:00.000Z,False,True,False,False,,3878,Plaster Sports Complex,2623,Missouri State,fcs,MVFC,43,"[7, 10, 6, 20]",,,,2110,Central Arkansas,fcs,AWC,34,"[0, 14, 0, 20]",,,,,,,
401329395,2021,2,regular,2021-09-12T00:00:00.000Z,False,True,False,True,,5942,Francis G. Welch Stadium,2214,Emporia State,ii,Mid America,31,"[7, 7, 7, 10]",,,,2122,Central Oklahoma,ii,Mid America,21,"[7, 0, 7, 7]",,,,,,,
401328070,2021,2,regular,2021-09-12T00:00:00.000Z,False,True,False,False,,3987,Washington-Grizzly Stadium,149,Montana,fcs,Big Sky,42,"[7, 14, 14, 7]",,,,2710,Western Illinois,fcs,MVFC,7,"[0, 7, 0, 0]",,,,,,,
401282062,2021,2,regular,2021-09-12T00:00:00.000Z,False,True,False,False,94220,3958,Tiger Stadium (LA),99,LSU,fbs,SEC,34,"[7, 10, 7, 10]",0.9771784543991089,,,2377,McNeese,fcs,Southland,7,"[0, 0, 0, 7]",0.022821545600891113,,,2.591354377863734,,,
401330250,2021,2,regular,2021-09-12T00:00:00.000Z,False,True,False,False,,6076,Javelina Stadium,2658,Texas A&M-Kingsville,ii,Lone Star,24,"[3, 7, 7, 7]",,,,2848,Western Oregon,ii,Great Northwest,10,"[0, 3, 0, 7]",,,,,,,
401328679,2021,2,regular,2021-09-12T00:00:00.000Z,False,True,False,False,,3734,Gayle and Tom Benson Stadium,2916,Incarnate Word,fcs,Southland,40,"[17, 13, 10, 0]",,,,2504,Prairie View A&M,fcs,SWAC,9,"[0, 0, 0, 9]",,,,,,,
401328095,2021,2,regular,2021-09-12T01:00:00.000Z,False,True,False,False,,3757,Hornet Stadium,16,Sacramento State,fcs,Big Sky,16,"[3, 6, 0, 7]",,,,2460,Northern Iowa,fcs,MVFC,34,"[7, 0, 27, 0]",,,,,,,
401310702,2021,2,regular,2021-09-12T02:00:00.000Z,False,True,False,False,30119,3660,Valley Children's Stadium,278,Fresno State,fbs,Mountain West,63,"[7, 28, 21, 7]",0.9916983842849731,,,13,Cal Poly,fcs,Big Sky,10,"[0, 10, 0, 0]",0.008301615715026855,,,2.5692936368497152,,,
401282068,2021,2,regular,2021-09-12T02:00:00.000Z,False,True,False,False,27233,5388,Canvas Stadium,36,Colorado State,fbs,Mountain West,21,"[7, 7, 0, 7]",0.6516972780227661,1396,1381,238,Vanderbilt,fbs,SEC,24,"[0, 7, 14, 3]",0.3483027219772339,1225,1240,5.9624447109688505,,,
401327978,2021,2,regular,2021-09-12T02:00:00.000Z,False,True,False,False,,3745,Greater Zion Stadium,3101,Utah Tech,fcs,Western Athletic,3,"[3, 0, 0, 0]",,,,2692,Weber State,fcs,Big Sky,41,"[7, 7, 13, 14]",,,,,,,
401309846,2021,2,regular,2021-09-12T02:00:00.000Z,False,True,False,False,39097,3619,Arizona Stadium,12,Arizona,fbs,Pac-12,14,"[7, 0, 0, 7]",0,1304,1272,21,San Diego State,fbs,Mountain West,38,"[21, 14, 3, 0]",1,1582,1614,2.7193003705306182,,,
401309848,2021,2,regular,2021-09-12T02:15:00.000Z,False,True,False,False,63470,3801,LaVell Edwards Stadium,252,BYU,fbs,FBS Independents,26,"[3, 13, 7, 3]",0.9854463934898376,1811,1814,254,Utah,fbs,Pac-12,17,"[0, 7, 0, 10]",0.014553606510162354,1639,1636,3.426970498009316,,,
401309843,2021,2,regular,2021-09-12T02:30:00.000Z,False,True,False,True,56945,477,Los Angeles Memorial Coliseum,30,USC,fbs,Pac-12,28,"[0, 10, 3, 15]",0.009713439887453743,1672,1616,24,Stanford,fbs,Pac-12,42,"[7, 14, 14, 7]",0.9902865601125462,1441,1497,3.501533379,,,
401310703,2021,2,regular,2021-09-12T02:30:00.000Z,False,True,False,False,23965,3816,Mackay Stadium,2440,Nevada,fbs,Mountain West,49,"[14, 7, 7, 21]",0.8961992263793945,,,304,Idaho State,fcs,Big Sky,10,"[7, 0, 3, 0]",0.10380077362060547,,,3.7267363634620714,,,
401309847,2021,2,regular,2021-09-12T02:30:00.000Z,False,True,False,False,42918,3947,Mountain America Stadium,9,Arizona State,fbs,Pac-12,37,"[0, 14, 7, 16]",0.9814861416816711,1643,1670,2439,UNLV,fbs,Mountain West,10,"[3, 7, 0, 0]",0.018513858318328857,1256,1229,4.270448865044736,,,
401309844,2021,2,regular,2021-09-12T03:00:00.000Z,False,True,False,False,27701,3893,Reser Stadium,204,Oregon State,fbs,Pac-12,45,"[21, 3, 7, 14]",0.9790586829185486,1436,1471,62,Hawai'i,fbs,Mountain West,27,"[0, 7, 13, 7]",0.020941317081451416,1378,1343,3.040893774757546,,,
401341945,2021,3,regular,2021-09-16T17:00:00.000Z,False,True,False,True,,3642,Bobcat Stadium (MD),341,Frostburg State,ii,Mountain East,30,"[0, 3, 7, 7, 7, 6]",,,,2128,Charleston (WV),ii,Mountain East,24,"[7, 0, 7, 3, 7, 0]",,,,,,,
401328641,2021,3,regular,2021-09-16T23:30:00.000Z,False,True,False,True,,3850,Municipal Stadium,2065,Bethune-Cookman,fcs,SWAC,27,"[0, 13, 8, 6]",,,,2010,Alabama A&M,fcs,SWAC,30,"[10, 17, 0, 3]",,,,,,,
401309606,2021,3,regular,2021-09-17T00:00:00.000Z,False,True,False,False,17709,3666,Cajun Field,309,Louisiana,fbs,Sun Belt,49,"[7, 14, 7, 21]",0.9888331890106201,1611,1693,195,Ohio,fbs,Mid-American,14,"[0, 7, 7, 0]",0.011166810989379883,1489,1407,2.512953667759525,,,
401347702,2021,3,regular,2021-09-17T23:00:00.000Z,False,True,False,True,,6071,Jess Dow Field,2583,Southern Connecticut State,ii,Northeast 10,34,"[14, 7, 3, 10]",,,,2830,Saint Anselm,ii,Northeast 10,31,"[10, 7, 0, 14]",,,,,,,
401282626,2021,3,regular,2021-09-17T23:30:00.000Z,False,True,False,False,39022,3873,L&N Federal Credit Union Stadium,97,Louisville,fbs,ACC,42,"[7, 14, 7, 14]",0.34063321352005005,1509,1527,2116,UCF,fbs,American Athletic,35,"[7, 7, 7, 14]",0.65936678647995,1651,1633,7.785218921961424,,,
401282715,2021,3,regular,2021-09-18T01:00:00.000Z,False,True,False,True,37168,3832,"Memorial Stadium (Champaign, IL)",356,Illinois,fbs,Big Ten,17,"[0, 3, 7, 7]",0.20808998344600016,1340,1339,120,Maryland,fbs,Big Ten,20,"[0, 3, 7, 10]",0.7919100165539998,1396,1397,7.0158796456,,,
401328992,2021,3,regular,2021-09-18T16:00:00.000Z,False,True,False,False,,5881,CAU Panther Stadium,2805,Clark Atlanta,ii,SIAC,17,"[0, 3, 7, 7]",,,,2560,Shorter,ii,Gulf South,38,"[7, 21, 3, 7]",,,,,,,
401282632,2021,3,regular,2021-09-18T16:00:00.000Z,False,True,False,False,40581,3752,Acrisure Stadium,221,Pittsburgh,fbs,ACC,41,"[7, 20, 7, 7]",0,1616,1600,2711,Western Michigan,fbs,Mid-American,44,"[14, 13, 7, 10]",1,1429,1445,9.975971640083243,,,
401282079,2021,3,regular,2021-09-18T16:00:00.000Z,False,True,False,False,84748,3795,Kyle Field,245,Texas A&M,fbs,SEC,34,"[14, 10, 10, 0]",0.9779608845710754,1778,1817,167,New Mexico,fbs,Mountain West,0,"[0, 0, 0, 0]",0.02203911542892456,1315,1276,2.06625670663161,,,
401282725,2021,3,regular,2021-09-18T16:00:00.000Z,False,True,False,False,52656,3830,"Memorial Stadium (Bloomington, IN)",84,Indiana,fbs,Big Ten,24,"[7, 7, 10, 0]",0.13901245594024658,1595,1586,2132,Cincinnati,fbs,American Athletic,38,"[0, 10, 13, 15]",0.8609875440597534,1837,1846,6.7221726802302,,,
401282798,2021,3,regular,2021-09-18T16:00:00.000Z,False,True,False,False,84659,3835,"Memorial Stadium (Norman, OK)",201,Oklahoma,fbs,Big 12,23,"[7, 0, 9, 7]",0.8784641027450562,1869,1863,158,Nebraska,fbs,Big Ten,16,"[3, 0, 6, 7]",0.12153589725494385,1567,1573,4.0830120200941415,,,
401282629,2021,3,regular,2021-09-18T16:00:00.000Z,False,True,False,False,46427,3948,Hard Rock Stadium,2390,Miami,fbs,ACC,17,"[0, 7, 7, 3]",0.03384312614798546,1587,1522,127,Michigan State,fbs,Big Ten,38,"[0, 10, 7, 21]",0.9661568738520145,1489,1554,5.8916402346323125,,,
401339818,2021,3,regular,2021-09-18T16:00:00.000Z,False,True,False,False,,3741,Goodman Stadium,2329,Lehigh,fcs,Patriot,0,"[0, 0, 0, 0]",,,,163,Princeton,fcs,Ivy,32,"[13, 3, 16, 0]",,,,,,,
401282774,2021,3,regular,2021-09-18T16:00:00.000Z,False,True,False,False,106263,3558,Michigan Stadium,130,Michigan,fbs,Big Ten,63,"[14, 21, 28, 0]",0.9973110556602478,1719,1824,2459,Northern Illinois,fbs,Mid-American,10,"[3, 0, 0, 7]",0.0026889443397521973,1313,1208,1.9366560636653125,,,
401286189,2021,3,regular,2021-09-18T16:00:00.000Z,False,True,False,False,25030,3841,Michie Stadium,349,Army,fbs,FBS Independents,52,"[14, 28, 7, 3]",0.9944940805435181,1623,1639,41,UConn,fbs,FBS Independents,21,"[0, 0, 14, 7]",0.005505919456481934,1022,1006,1.4431079723242255,,,
401328199,2021,3,regular,2021-09-18T16:00:00.000Z,False,True,False,False,,3607,Alfond Stadium,311,Maine,fcs,CAA,31,"[10, 12, 9, 0]",,,,2771,Merrimack,fcs,NEC,26,"[0, 20, 6, 0]",,,,,,,
401329420,2021,3,regular,2021-09-18T16:00:00.000Z,False,True,False,True,,4427,John A. Farrell Stadium,223,West Chester,ii,Pennsylvania State Athletic,41,"[13, 19, 0, 9]",,,,2205,Edinboro,ii,Pennsylvania State Athletic,37,"[14, 7, 3, 13]",,,,,,,
401332306,2021,3,regular,2021-09-18T16:00:00.000Z,False,True,False,True,,3694,DeGol Field,2598,Saint Francis,fcs,NEC,39,"[0, 6, 19, 14]",,,,2681,Wagner,fcs,NEC,24,"[0, 14, 7, 3]",,,,,,,
401328132,2021,3,regular,2021-09-18T16:00:00.000Z,False,True,True,False,,6274,Audi Field,47,Howard,fcs,MEAC,32,"[7, 10, 0, 15]",,,,2261,Hampton,fcs,Big South,48,"[7, 14, 21, 6]",,,,,,,
401328603,2021,3,regular,2021-09-18T16:00:00.000Z,False,True,False,False,,3624,Arute Field,2115,Central Connecticut,fcs,NEC,10,"[3, 0, 7, 0]",,,,2545,SE Louisiana,fcs,Southland,56,"[7, 21, 14, 14]",,,,,,,
401328486,2021,3,regular,2021-09-18T16:00:00.000Z,False,True,False,False,,3997,Yale Bowl,43,Yale,fcs,Ivy,17,"[0, 14, 0, 3]",,,,107,Holy Cross,fcs,Patriot,20,"[0, 10, 7, 3]",,,,,,,
401282634,2021,3,regular,2021-09-18T16:00:00.000Z,False,True,False,False,25290,3806,Lincoln Financial Field,218,Temple,fbs,American Athletic,3,"[0, 0, 0, 3]",0.006760033778846264,1211,1177,103,Boston College,fbs,ACC,28,"[14, 7, 0, 7]",0.9932399662211537,1496,1530,2.672253531815154,,,
401282073,2021,3,regular,2021-09-18T16:00:00.000Z,False,True,False,False,55214,3683,Kroger Field,96,Kentucky,fbs,SEC,28,"[7, 7, 0, 14]",0.28788191080093384,,,236,Chattanooga,fcs,Southern,23,"[7, 3, 3, 10]",0.7121180891990662,,,5.99135619653702,,,
401282633,2021,3,regular,2021-09-18T16:00:00.000Z,False,True,False,False,30156,1964,JMA Wireless Dome,183,Syracuse,fbs,ACC,62,"[21, 24, 10, 7]",0.9989650869352081,,,399,UAlbany,fcs,CAA,24,"[10, 0, 0, 14]",0.0010349130647918647,,,1.4271645067,,,
401309552,2021,3,regular,2021-09-18T16:00:00.000Z,False,True,False,False,16739,3965,UB Stadium,2084,Buffalo,fbs,Mid-American,25,"[14, 0, 3, 8]",0.4134328443139034,1562,1563,324,Coastal Carolina,fbs,Sun Belt,28,"[7, 7, 7, 7]",0.5865671556860965,1655,1654,3.7731121888,,,
401282077,2021,3,regular,2021-09-18T16:00:00.000Z,False,True,False,False,46598,3838,Memorial Stadium,142,Missouri,fbs,SEC,59,"[21, 17, 14, 7]",1,,,2546,Southeast Missouri State,fcs,OVC,28,"[0, 0, 7, 21]",0,,,1.8801769553955576,,,
401282078,2021,3,regular,2021-09-18T16:00:00.000Z,False,True,False,False,80053,3853,Neyland Stadium,2633,Tennessee,fbs,SEC,56,"[14, 14, 21, 7]",0.9922066926956177,,,2635,Tennessee Tech,fcs,OVC,0,"[0, 0, 0, 0]",0.007793307304382324,,,2.1754204743500436,,,
401282636,2021,3,regular,2021-09-18T16:00:00.000Z,False,True,False,False,60022,3842,Milan Puskar Stadium,277,West Virginia,fbs,Big 12,27,"[14, 10, 3, 0]",0.5062881708145142,1533,1543,259,Virginia Tech,fbs,ACC,21,"[7, 0, 7, 7]",0.49371182918548584,1581,1571,4.422013369778332,,,
401329211,2021,3,regular,2021-09-18T16:05:00.000Z,False,True,False,True,,4432,Andre Reed Stadium,2315,Kutztown,ii,Pennsylvania State Athletic,14,"[0, 7, 7, 0]",,,,611,Seton Hill,ii,Pennsylvania State Athletic,3,"[0, 3, 0, 0]",,,,,,,
401328206,2021,3,regular,2021-09-18T16:30:00.000Z,False,True,False,False,,3721,Fisher Field,322,Lafayette,fcs,Patriot,13,"[7, 0, 3, 3]",,,,160,New Hampshire,fcs,CAA,19,"[0, 6, 6, 7]",,,,,,,
401328211,2021,3,regular,2021-09-18T16:30:00.000Z,False,True,False,False,,3656,Brown Stadium,225,Brown,fcs,Ivy,24,"[7, 7, 0, 10]",,,,227,Rhode Island,fcs,CAA,45,"[17, 0, 21, 7]",,,,,,,
401328479,2021,3,regular,2021-09-18T16:30:00.000Z,False,True,False,False,,3847,Cooper Field,46,Georgetown,fcs,Patriot,9,"[9, 0, 0, 0]",,,,108,Harvard,fcs,Ivy,44,"[20, 10, 7, 7]",,,,,,,
401333034,2021,3,regular,2021-09-18T17:00:00.000Z,False,True,False,False,,5220,Garrison Stadium,2804,Chowan,ii,CIAA,49,"[7, 14, 28, 0]",,,,101784,Erskine,ii,Independent DII,19,"[6, 6, 0, 7]",,,,,,,
401331759,2021,3,regular,2021-09-18T17:00:00.000Z,False,True,False,False,,5122,Shuford Stadium,2107,Catawba,ii,South Atlantic,17,"[0, 0, 10, 7]",,,,122666,Barton,ii,Independent DII,10,"[0, 3, 0, 7]",,,,,,,
401328297,2021,3,regular,2021-09-18T17:00:00.000Z,False,True,False,False,,3668,Campus Field,2529,Sacred Heart,fcs,NEC,21,"[7, 7, 7, 0]",,,,2415,Morgan State,fcs,MEAC,7,"[7, 0, 0, 0]",,,,,,,
401341941,2021,3,regular,2021-09-18T17:00:00.000Z,False,True,False,True,,5943,Duvall-Rosier Field,2986,Fairmont State,ii,Mountain East,23,"[0, 3, 7, 13]",,,,2707,West Virginia State,ii,Mountain East,30,"[14, 9, 0, 7]",,,,,,,
401329643,2021,3,regular,2021-09-18T17:00:00.000Z,False,True,False,True,,3663,Burke-Tarr Stadium,2105,Carson Newman,ii,South Atlantic,3,"[3, 0, 0, 0]",,,,351,Wingate,ii,South Atlantic,25,"[6, 6, 7, 6]",,,,,,,
401329634,2021,3,regular,2021-09-18T17:00:00.000Z,False,True,False,True,,6046,Meares Stadium,2369,Mars Hill,ii,South Atlantic,44,"[9, 21, 7, 7]",,,,2842,UVA Wise,ii,South Atlantic,9,"[6, 3, 0, 0]",,,,,,,
401332010,2021,3,regular,2021-09-18T17:00:00.000Z,False,True,False,False,,4753,Greene Stadium,2911,William Jewell,ii,Great Lakes,25,"[10, 7, 0, 8]",,,,2477,Ohio Dominican,ii,Great Midwest Athletic,35,"[28, 7, 0, 0]",,,,,,,
401347698,2021,3,regular,2021-09-18T17:00:00.000Z,False,True,False,True,,3848,Multi-Sport Stadium,2038,Assumption,ii,Northeast 10,32,"[7, 12, 6, 7]",,,,2487,Pace,ii,Northeast 10,21,"[0, 21, 0, 0]",,,,,,,
401328238,2021,3,regular,2021-09-18T17:00:00.000Z,False,True,False,False,,3802,Lawrence A. Wien Stadium,171,Columbia,fcs,Ivy,37,"[7, 17, 10, 3]",,,,2368,Marist,fcs,Pioneer,14,"[14, 0, 0, 0]",,,,,,,
401328237,2021,3,regular,2021-09-18T17:00:00.000Z,False,True,False,False,,3617,Andy Kerr Stadium,2142,Colgate,fcs,Patriot,7,"[0, 0, 0, 7]",,,,2729,William & Mary,fcs,CAA,27,"[14, 7, 3, 3]",,,,,,,
401332024,2021,3,regular,2021-09-18T17:00:00.000Z,False,True,False,True,,6212,Bishop Schmitt Field,112335,Wheeling,ii,Mountain East,28,"[7, 7, 14, 0]",,,,2017,Alderson-Broaddus,ii,Mountain East,6,"[0, 0, 0, 6]",,,,,,,
401282791,2021,3,regular,2021-09-18T17:00:00.000Z,False,True,False,False,47482,3726,Folsom Field,38,Colorado,fbs,Pac-12,0,"[0, 0, 0, 0]",0.006067940033972263,1460,1391,135,Minnesota,fbs,Big Ten,30,"[0, 13, 7, 10]",0.9939320599660277,1579,1648,3.2888202463270266,,,
401328217,2021,3,regular,2021-09-18T17:00:00.000Z,False,True,False,False,,6068,George Williams Athletic Complex,2551,Shaw,ii,CIAA,52,"[14, 14, 17, 7]",,,,2119,Central State,ii,SIAC,0,"[0, 0, 0, 0]",,,,,,,
401328708,2021,3,regular,2021-09-18T17:00:00.000Z,False,True,False,False,,6077,Stokes Stadium,2654,Truman State,ii,Great Lakes,38,"[21, 10, 7, 0]",,,,2273,Hillsdale,ii,Great Midwest Athletic,24,"[3, 0, 0, 21]",,,,,,,
401329192,2021,3,regular,2021-09-18T17:00:00.000Z,False,True,False,True,,4437,"Memorial Stadium (Clarion, PA)",2134,Clarion,ii,Pennsylvania State Athletic,33,"[14, 0, 12, 7]",,,,2559,Shippensburg,ii,Pennsylvania State Athletic,62,"[24, 14, 21, 3]",,,,,,,
401328724,2021,3,regular,2021-09-18T17:00:00.000Z,False,True,False,True,,3950,Superior Dome,128,Northern Michigan,ii,GLIAC,20,"[13, 0, 7, 0]",,,,110254,Davenport,ii,GLIAC,14,"[14, 0, 0, 0]",,,,,,,
401329426,2021,3,regular,2021-09-18T17:00:00.000Z,False,True,False,True,,4436,Adamson Stadium,2858,California (PA),ii,Pennsylvania State Athletic,30,"[14, 10, 0, 6]",,,,210,Millersville,ii,Pennsylvania State Athletic,0,"[0, 0, 0, 0]",,,,,,,
401327916,2021,3,regular,2021-09-18T17:00:00.000Z,False,True,False,False,,6058,Ralph F. DellaCamera Stadium,2441,New Haven,ii,Northeast 10,13,"[0, 0, 7, 6]",,,,2075,Bowie State,ii,CIAA,27,"[0, 6, 8, 13]",,,,,,,
401329661,2021,3,regular,2021-09-18T17:05:00.000Z,False,True,False,True,,4439,Eiler-Martin Stadium,2188,East Stroudsburg,ii,Pennsylvania State Athletic,17,"[7, 10, 0, 0]",,,,2385,Mercyhurst,ii,Pennsylvania State Athletic,7,"[0, 0, 0, 7]",,,,,,,
401329313,2021,3,regular,2021-09-18T18:00:00.000Z,False,True,False,True,,6059,Sanchez Family Stadium,2424,New Mexico Highlands,ii,Rocky Mountain,37,"[13, 17, 0, 7]",,,,11,Colorado Mesa,ii,Rocky Mountain,56,"[14, 14, 14, 14]",,,,,,,
401329433,2021,3,regular,2021-09-18T18:00:00.000Z,False,True,False,True,,5886,West Family Stadium,2699,West Liberty,ii,Mountain East,10,"[3, 0, 7, 0]",,,,587,Notre Dame College,ii,Mountain East,51,"[13, 21, 7, 10]",,,,,,,
401329320,2021,3,regular,2021-09-18T18:00:00.000Z,False,True,False,True,,5944,Ray Dennison Memorial Field,2237,Fort Lewis,ii,Rocky Mountain,0,"[0, 0, 0, 0]",,,,2146,Colorado School of Mines,ii,Rocky Mountain,76,"[13, 35, 14, 14]",,,,,,,
401328960,2021,3,regular,2021-09-18T18:00:00.000Z,False,True,False,True,,6056,B.T. Harvey Stadium,60,Morehouse,ii,SIAC,14,"[7, 7, 0, 0]",,,,2396,Miles,ii,SIAC,37,"[6, 7, 14, 10]",,,,,,,
401330246,2021,3,regular,2021-09-18T18:00:00.000Z,False,True,False,True,,5938,Al Whitehead Field at Greyhound Stadium,2201,Eastern New Mexico,ii,Lone Star,10,"[7, 3, 0, 0]",,,,2658,Texas A&M-Kingsville,ii,Lone Star,36,"[6, 7, 16, 7]",,,,,,,
401328697,2021,3,regular,2021-09-18T18:00:00.000Z,False,True,False,False,,3878,Plaster Sports Complex,2586,Southwest Baptist,ii,Great Lakes,41,"[7, 7, 13, 14]",,,,2224,Findlay,ii,Great Midwest Athletic,62,"[14, 14, 21, 13]",,,,,,,
401329342,2021,3,regular,2021-09-18T18:00:00.000Z,False,True,False,True,,4724,Audrey J. Walton Stadium at Vernon Kennedy Field,2118,Central Missouri,ii,Mid America,7,"[0, 0, 7, 0]",,,,138,Northwest Missouri State,ii,Mid America,47,"[21, 12, 14, 0]",,,,,,,
401329173,2021,3,regular,2021-09-18T18:00:00.000Z,False,True,False,True,,6070,Bob Young Field,2894,Sioux Falls,ii,Northern Sun,50,"[17, 14, 10, 9]",,,,3066,Concordia St. Paul,ii,Northern Sun,14,"[0, 7, 7, 0]",,,,,,,
401329181,2021,3,regular,2021-09-18T18:00:00.000Z,False,True,False,True,,4435,Robert B. Redman Stadium,2071,Bloomsburg,ii,Pennsylvania State Athletic,31,"[7, 7, 3, 14]",,,,367,Gannon,ii,Pennsylvania State Athletic,27,"[0, 7, 7, 13]",,,,,,,
401329059,2021,3,regular,2021-09-18T18:00:00.000Z,False,True,False,True,,5780,Altra Federal Credit Union Stadium,2851,Winona State,ii,Northern Sun,23,"[3, 0, 7, 13]",,,,134,Minnesota Duluth,ii,Northern Sun,29,"[10, 16, 0, 3]",,,,,,,
401328248,2021,3,regular,2021-09-18T18:00:00.000Z,False,True,False,False,,3921,Schoellkopf Field,172,Cornell,fcs,Ivy,21,"[0, 14, 7, 0]",,,,2678,VMI,fcs,Southern,31,"[7, 10, 7, 7]",,,,,,,
401344439,2021,3,regular,2021-09-18T18:00:00.000Z,False,True,False,True,,5876,Bentley University Football Stadium,2060,Bentley,ii,Northeast 10,24,"[3, 14, 0, 7]",,,,284,Stonehill,ii,Northeast 10,14,"[7, 0, 0, 7]",,,,,,,
401328682,2021,3,regular,2021-09-18T18:00:00.000Z,False,True,False,False,,3609,Allgood-Bailey Stadium,2402,Missouri S&T,ii,Great Lakes,51,"[14, 7, 14, 10, 6]",,,,131,Wayne State (MI),ii,GLIAC,45,"[21, 3, 7, 14, 0]",,,,,,,
401329039,2021,3,regular,2021-09-18T18:00:00.000Z,False,True,False,True,,5872,Kirkeby-Over Stadium,2043,Augustana (SD),ii,Northern Sun,43,"[17, 7, 6, 13]",,,,2817,Minnesota St Moorhead,ii,Northern Sun,17,"[7, 10, 0, 0]",,,,,,,
401359793,2021,3,regular,2021-09-18T18:00:00.000Z,False,True,False,False,,4747,Abbott Memorial Alumni Stadium,2657,Tuskegee,ii,SIAC,23,"[7, 10, 6, 0]",,,,2206,Edward Waters,ii,SIAC,6,"[0, 0, 0, 6]",,,,,,,
401329202,2021,3,regular,2021-09-18T18:00:00.000Z,False,True,False,True,,4433,George P. Miller Stadium,2291,IU Pennsylvania,ii,Pennsylvania State Athletic,21,"[3, 3, 7, 8]",,,,2974,Shepherd,ii,Pennsylvania State Athletic,37,"[3, 7, 20, 7]",,,,,,,
401332008,2021,3,regular,2021-09-18T18:00:00.000Z,False,True,False,False,,3723,QU Stadium,2825,Quincy,ii,Great Lakes,38,"[7, 14, 3, 14]",,,,2682,Walsh,ii,Great Midwest Athletic,17,"[0, 7, 3, 7]",,,,,,,
401328649,2021,3,regular,2021-09-18T18:00:00.000Z,False,True,False,False,,6047,Leemon Field,2816,McKendree,ii,Great Lakes,10,"[0, 3, 7, 0]",,,,437,Lake Erie,ii,Great Midwest Athletic,17,"[3, 14, 0, 0]",,,,,,,
401329488,2021,3,regular,2021-09-18T18:00:00.000Z,False,True,False,True,,6057,Ron & Carol Cope Stadium at Foster Field,2438,Nebraska Kearney,ii,Mid America,28,"[7, 7, 0, 14]",,,,2687,Washburn,ii,Mid America,24,"[7, 7, 0, 10]",,,,,,,
401334760,2021,3,regular,2021-09-18T18:00:00.000Z,False,True,False,True,,3667,Callaghan Stadium,2148,Concord,ii,Mountain East,28,"[14, 14, 0, 0]",,,,455,West Virginia Wesleyan,ii,Mountain East,25,"[6, 6, 6, 7]",,,,,,,
401328262,2021,3,regular,2021-09-18T18:00:00.000Z,False,True,False,False,,3655,Brown Field,2674,Valparaiso,fcs,Pioneer,18,"[5, 3, 10, 0]",,,,159,Dartmouth,fcs,Ivy,28,"[7, 7, 7, 7]",,,,,,,
401329119,2021,3,regular,2021-09-18T18:00:00.000Z,False,True,False,True,,5945,Wildcat Stadium (GA),2232,Fort Valley State,ii,SIAC,24,"[9, 8, 7, 0]",,,,2323,Lane College,ii,SIAC,27,"[7, 7, 0, 13]",,,,,,,
401287905,2021,3,regular,2021-09-18T18:00:00.000Z,False,True,False,False,48768,3636,Bill Snyder Family Stadium,2306,Kansas State,fbs,Big 12,38,"[7, 10, 0, 21]",0.9948325753211975,1497,1547,2440,Nevada,fbs,Mountain West,17,"[7, 0, 10, 0]",0.00516742467880249,1495,1445,3.890738999736723,,,
401282706,2021,3,regular,2021-09-18T18:30:00.000Z,False,True,False,False,74341,3855,Notre Dame Stadium,87,Notre Dame,fbs,FBS Independents,27,"[0, 10, 7, 10]",0.9601534605026245,1761,1774,2509,Purdue,fbs,Big Ten,13,"[3, 0, 10, 0]",0.03984653949737549,1583,1570,4.200824252216013,,,
401328561,2021,3,regular,2021-09-18T18:30:00.000Z,False,True,False,True,,3704,E. J. Whitmire Stadium,2717,Western Carolina,fcs,Southern,37,"[0, 10, 21, 6]",,,,2535,Samford,fcs,Southern,42,"[14, 7, 7, 14]",,,,,,,
401359751,2021,3,regular,2021-09-18T19:00:00.000Z,False,True,False,False,,6053,Robinson-Hale Stadium,2401,Mississippi College,ii,Gulf South,63,"[35, 14, 7, 7]",,,,124110,UFTL,,,0,"[0, 0, 0, 0]",,,,,,,
401328405,2021,3,regular,2021-09-18T19:00:00.000Z,False,True,False,False,,3742,Governors Stadium,2046,Austin Peay,fcs,OVC,59,"[8, 20, 7, 24]",,,,2413,Morehead State,fcs,Pioneer,35,"[6, 0, 9, 20]",,,,,,,
401328428,2021,3,regular,2021-09-18T19:00:00.000Z,False,True,False,False,,3810,Nissan Stadium,2634,Tennessee State,fcs,OVC,41,"[10, 21, 3, 7]",,,,2310,Kentucky State,ii,SIAC,7,"[0, 0, 0, 7]",,,,,,,
401328065,2021,3,regular,2021-09-18T19:00:00.000Z,False,True,False,False,,3643,Bobcat Stadium,147,Montana State,fcs,Big Sky,52,"[21, 14, 10, 7]",,,,301,San Diego,fcs,Pioneer,10,"[0, 0, 7, 3]",,,,,,,
401331754,2021,3,regular,2021-09-18T19:00:00.000Z,False,True,False,True,,6078,Pioneer Field (TN),2839,Tusculum,ii,South Atlantic,24,"[0, 3, 18, 3]",,,,2336,Limestone,ii,South Atlantic,21,"[7, 0, 14, 0]",,,,,,,
401328937,2021,3,regular,2021-09-18T19:00:00.000Z,False,True,False,False,,3811,Lubbers Stadium,125,Grand Valley State,ii,GLIAC,45,"[7, 14, 7, 17]",,,,2740,Wisconsin La Crosse,iii,Wisconsin,24,"[14, 3, 0, 7]",,,,,,,
401329297,2021,3,regular,2021-09-18T19:00:00.000Z,False,True,False,True,,4852,Neta and Eddie DeRose ThunderBowl,2570,CSU Pueblo,ii,Rocky Mountain,19,"[0, 10, 6, 3]",,,,2069,Black Hills State,ii,Rocky Mountain,16,"[0, 0, 0, 16]",,,,,,,
401308843,2021,3,regular,2021-09-18T19:30:00.000Z,False,True,False,False,12036,3996,Yager Stadium,193,Miami (OH),fbs,Mid-American,42,"[7, 14, 14, 7]",0.9989458765649915,,,2341,Long Island University,fcs,NEC,7,"[0, 7, 0, 0]",0.001054123435008547,,,3.6461537147,,,
401282823,2021,3,regular,2021-09-18T19:30:00.000Z,False,True,False,False,40129,6577,SHI Stadium,164,Rutgers,fbs,Big Ten,45,"[7, 28, 3, 7]",0.9566060304641724,,,48,Delaware,fcs,CAA,13,"[0, 10, 3, 0]",0.04339396953582764,,,3.3107203370694984,,,
401309550,2021,3,regular,2021-09-18T19:30:00.000Z,False,True,False,False,8779,3768,InfoCision Stadium,2006,Akron,fbs,Mid-American,35,"[7, 7, 0, 21]",0.9940140247344971,,,2803,Bryant,fcs,NEC,14,"[0, 7, 7, 0]",0.00598597526550293,,,3.3163464334009585,,,
401309604,2021,3,regular,2021-09-18T19:30:00.000Z,False,True,False,False,30224,3792,Kidd Brewer Stadium,2026,App State,fbs,Sun Belt,44,"[7, 6, 14, 17]",0.9922709465026855,,,2210,Elon,fcs,CAA,10,"[3, 0, 7, 0]",0.007729053497314453,,,3.045046656424871,,,
401309851,2021,3,regular,2021-09-18T19:30:00.000Z,False,True,False,False,26797,3893,Reser Stadium,204,Oregon State,fbs,Pac-12,42,"[14, 14, 14, 0]",0.994583010673523,,,70,Idaho,fcs,Big Sky,0,"[0, 0, 0, 0]",0.005416989326477051,,,2.019397334777088,,,
401282199,2021,3,regular,2021-09-18T19:30:00.000Z,False,True,False,False,15326,3776,Joe Aillet Stadium,2348,Louisiana Tech,fbs,Conference USA,37,"[7, 7, 14, 9]",0.05243222415447235,1342,1350,2567,SMU,fbs,American Athletic,39,"[7, 9, 17, 6]",0.9475677758455276,1553,1545,7.717048170103746,,,
401282635,2021,3,regular,2021-09-18T19:30:00.000Z,False,True,False,True,29564,3630,Allegacy Federal Credit Union Stadium,154,Wake Forest,fbs,ACC,35,"[14, 13, 8, 0]",0.9292699098587036,1580,1609,52,Florida State,fbs,ACC,14,"[7, 7, 0, 0]",0.07073009014129639,1374,1345,2.7853109567492953,,,
401282627,2021,3,regular,2021-09-18T19:30:00.000Z,False,True,False,True,81500,3836,"Memorial Stadium (Clemson, SC)",228,Clemson,fbs,ACC,14,"[7, 0, 0, 7]",0.7563668489456177,1924,1907,59,Georgia Tech,fbs,ACC,8,"[0, 3, 0, 5]",0.24363315105438232,1366,1383,3.7541482587231867,,,
401286300,2021,3,regular,2021-09-18T19:30:00.000Z,False,True,False,False,7012,3985,Warren McGuirk Alumni Stadium,113,Massachusetts,fbs,FBS Independents,28,"[0, 7, 7, 14]",0.019611919298768044,1002,1005,2199,Eastern Michigan,fbs,Mid-American,42,"[14, 7, 7, 14]",0.980388080701232,1386,1383,2.883469066020502,,,
401282810,2021,3,regular,2021-09-18T19:30:00.000Z,False,True,False,False,76540,3861,Ohio Stadium,194,Ohio State,fbs,Big Ten,41,"[3, 10, 14, 14]",0.9932148456573486,1878,1893,202,Tulsa,fbs,American Athletic,20,"[3, 3, 7, 7]",0.006785154342651367,1525,1510,3.980296110774102,,,
401328222,2021,3,regular,2021-09-18T19:30:00.000Z,False,True,False,True,,717,Villanova Stadium,222,Villanova,fcs,CAA,34,"[3, 10, 0, 21]",,,,257,Richmond,fcs,CAA,27,"[0, 0, 24, 3]",,,,,,,
401282071,2021,3,regular,2021-09-18T19:30:00.000Z,False,True,False,True,90887,3634,Ben Hill Griffin Stadium,57,Florida,fbs,SEC,29,"[3, 6, 14, 6]",0.5034713745117188,1727,1744,333,Alabama,fbs,SEC,31,"[21, 0, 7, 3]",0.49652862548828125,2121,2104,6.102875966958864,,,
401309852,2021,3,regular,2021-09-18T19:30:00.000Z,False,True,False,True,24714,3820,Gesa Field,265,Washington State,fbs,Pac-12,14,"[7, 7, 0, 0]",0.31881648302078247,1494,1422,30,USC,fbs,Pac-12,45,"[0, 7, 28, 10]",0.6811835169792175,1616,1688,4.092034911837738,,,
401287904,2021,3,regular,2021-09-18T19:30:00.000Z,False,True,False,True,23218,3833,Memorial Stadium,2305,Kansas,fbs,Big 12,7,"[0, 7, 0, 0]",0,1142,1080,239,Baylor,fbs,Big 12,45,"[7, 7, 14, 17]",1,1523,1585,3.139113978375937,,,
401282755,2021,3,regular,2021-09-18T19:30:00.000Z,False,True,False,False,61932,3793,Kinnick Stadium,2294,Iowa,fbs,Big Ten,30,"[9, 7, 7, 7]",0.9795780777931213,1875,1883,2309,Kent State,fbs,Mid-American,7,"[7, 0, 0, 0]",0.020421922206878662,1394,1386,3.655177274380536,,,
401328039,2021,3,regular,2021-09-18T20:00:00.000Z,False,True,False,False,,3746,Hanson Field,2710,Western Illinois,fcs,MVFC,56,"[21, 0, 14, 21]",,,,331,Eastern Washington,fcs,Big Sky,62,"[28, 27, 7, 0]",,,,,,,
401309553,2021,3,regular,2021-09-18T20:00:00.000Z,False,True,False,False,21365,3739,Glass Bowl,2649,Toledo,fbs,Mid-American,6,"[0, 3, 3, 0]",0.04694050922989845,1446,1401,36,Colorado State,fbs,Mountain West,22,"[3, 0, 10, 9]",0.9530594907701015,1381,1426,6.258243058286573,,,
401328005,2021,3,regular,2021-09-18T20:00:00.000Z,False,True,False,False,,3856,Nottingham Field,2458,Northern Colorado,fcs,Big Sky,10,"[0, 7, 0, 3, 0]",,,,2320,Lamar,fcs,Western Athletic,17,"[0, 7, 0, 3, 7]",,,,,,,
401309549,2021,3,regular,2021-09-18T20:00:00.000Z,False,True,False,False,23467,3984,War Memorial Stadium,2751,Wyoming,fbs,Mountain West,45,"[10, 21, 0, 14]",0.9870392084121704,1551,1634,2050,Ball State,fbs,Mid-American,12,"[0, 0, 6, 6]",0.01296079158782959,1491,1408,2.7085903861307616,,,
401282076,2021,3,regular,2021-09-18T20:00:00.000Z,False,True,False,False,43461,3805,Simmons Bank Liberty Stadium,235,Memphis,fbs,American Athletic,31,"[7, 0, 7, 17]",0.3999474048614502,1551,1552,344,Mississippi State,fbs,SEC,29,"[3, 14, 0, 12]",0.6000525951385498,1541,1540,7.511869001193241,,,
401282628,2021,3,regular,2021-09-18T20:00:00.000Z,False,True,False,False,12323,3982,Wallace Wade Stadium,150,Duke,fbs,ACC,30,"[21, 9, 0, 0]",0.9025517702102661,1295,1322,77,Northwestern,fbs,Big Ten,23,"[0, 7, 13, 3]",0.09744822978973389,1574,1547,3.0975740947249597,,,
401282069,2021,3,regular,2021-09-18T20:00:00.000Z,False,True,False,False,66311,3887,Razorback Stadium,8,Arkansas,fbs,SEC,45,"[14, 10, 14, 7]",0.9671581387519836,1550,1638,290,Georgia Southern,fbs,Sun Belt,10,"[0, 10, 0, 0]",0.03284186124801636,1470,1382,2.232235261037365,,,
401309849,2021,3,regular,2021-09-18T20:00:00.000Z,False,True,False,False,31982,3831,California Memorial Stadium,25,California,fbs,Pac-12,42,"[14, 7, 14, 7]",0.649036705493927,,,16,Sacramento State,fcs,Big Sky,30,"[6, 0, 14, 10]",0.350963294506073,,,3.1818536666342987,,,
401309605,2021,3,regular,2021-09-18T20:15:00.000Z,False,True,False,False,58772,3765,Husky Stadium,264,Washington,fbs,Pac-12,52,"[14, 14, 7, 17]",0.9858822226524353,1602,1719,2032,Arkansas State,fbs,Sun Belt,3,"[0, 0, 3, 0]",0.014117777347564697,1374,1257,2.7921487880613327,,,
401328372,2021,3,regular,2021-09-18T21:00:00.000Z,False,True,False,False,,3967,UNI-Dome,2460,Northern Iowa,fcs,MVFC,44,"[10, 7, 6, 21]",,,,2900,St. Thomas (MN),fcs,Pioneer,3,"[0, 3, 0, 0]",,,,,,,
401328360,2021,3,regular,2021-09-18T21:00:00.000Z,False,True,False,False,,3605,Alerus Center,155,North Dakota,fcs,MVFC,38,"[14, 10, 7, 7]",,,,2181,Drake,fcs,Pioneer,0,"[0, 0, 0, 0]",,,,,,,
401328091,2021,3,regular,2021-09-18T21:00:00.000Z,False,True,False,False,,4765,Hillsboro Stadium,2502,Portland State,fcs,Big Sky,21,"[7, 0, 14, 0]",,,,2848,Western Oregon,ii,Great Northwest,7,"[0, 0, 0, 7]",,,,,,,
401309551,2021,3,regular,2021-09-18T21:00:00.000Z,False,True,False,False,20097,3700,Doyt L. Perry Stadium,189,Bowling Green,fbs,Mid-American,27,"[7, 3, 10, 7]",1,,,93,Murray State,fcs,OVC,10,"[0, 10, 0, 0]",0,,,8.247576770376595,,,
401329493,2021,3,regular,2021-09-18T21:00:00.000Z,False,True,False,True,,3641,Blakeslee Stadium,2364,Minnesota State,ii,Northern Sun,45,"[10, 14, 7, 14]",,,,132,Bemidji State,ii,Northern Sun,24,"[10, 7, 7, 0]",,,,,,,
401329413,2021,3,regular,2021-09-18T22:00:00.000Z,False,True,False,True,,4430,Mihalik-Thompson Stadium,215,Slippery Rock,ii,Pennsylvania State Athletic,57,"[20, 10, 27, 0]",,,,209,Lock Haven,ii,Pennsylvania State Athletic,7,"[0, 0, 0, 7]",,,,,,,
401334780,2021,3,regular,2021-09-18T22:00:00.000Z,False,True,False,True,,6211,Sodexo Field,112334,Franklin Pierce,ii,Northeast 10,19,"[7, 6, 0, 6]",,,,2022,American International,ii,Northeast 10,38,"[7, 14, 14, 3]",,,,,,,
401328017,2021,3,regular,2021-09-18T22:00:00.000Z,False,True,False,False,,6032,Hovey Field,2676,Virginia Union,ii,CIAA,49,"[7, 28, 7, 7]",,,,2355,Virginia Lynchburg,,,7,"[0, 0, 0, 7]",,,,,,,
401329692,2021,3,regular,2021-09-18T22:00:00.000Z,False,True,False,True,,3926,Setzler Field,2444,Newberry,ii,South Atlantic,28,"[7, 7, 14, 0]",,,,2331,Lenoir Rhyne,ii,South Atlantic,21,"[7, 7, 0, 7]",,,,,,,
401282198,2021,3,regular,2021-09-18T22:00:00.000Z,False,True,False,False,17132,3715,FAU Stadium,2226,Florida Atlantic,fbs,Conference USA,45,"[7, 7, 14, 17]",0.9879465699195862,,,2230,Fordham,fcs,Patriot,14,"[0, 7, 0, 7]",0.012053430080413818,,,3.9421648223992514,,,
401328946,2021,3,regular,2021-09-18T22:00:00.000Z,False,True,False,True,,3952,Ted Wright Stadium,2542,Savannah State,ii,SIAC,41,"[17, 10, 7, 7]",,,,490,Benedict,ii,SIAC,34,"[7, 6, 14, 7]",,,,,,,
401329016,2021,3,regular,2021-09-18T22:00:00.000Z,False,True,False,True,,5888,University Stadium (GA),2698,West Georgia,ii,Gulf South,27,"[3, 14, 3, 7]",,,,2170,Delta State,ii,Gulf South,26,"[3, 3, 14, 6]",,,,,,,
401348513,2021,3,regular,2021-09-18T22:00:00.000Z,False,True,False,False,,6041,Irwin Belk Complex,2304,Johnson C. Smith,ii,CIAA,12,"[0, 6, 6, 0]",,,,124180,Bluefield State,ii,Independent DII,20,"[6, 7, 7, 0]",,,,,,,
401329481,2021,3,regular,2021-09-18T22:00:00.000Z,False,True,False,False,,6040,Key Stadium,2292,Indianapolis,ii,Great Lakes,17,"[7, 3, 7, 0]",,,,2838,Tiffin,ii,Great Midwest Athletic,20,"[7, 0, 6, 7]",,,,,,,
401379550,2021,3,regular,2021-09-18T22:00:00.000Z,False,True,False,False,,6217,W.C. Hawkins Stadium,2019,Allen,ii,SIAC,34,"[8, 6, 12, 8]",,,,2940,Livingstone,ii,CIAA,32,"[13, 0, 13, 6]",,,,,,,
401329385,2021,3,regular,2021-09-18T22:00:00.000Z,False,True,False,True,,6060,Grace P. Johnson Stadium,2882,UNC Pembroke,ii,Mountain East,36,"[14, 10, 3, 9]",,,,2249,Glenville State,ii,Mountain East,22,"[14, 0, 0, 8]",,,,,,,
401282194,2021,3,regular,2021-09-18T22:00:00.000Z,False,True,False,True,16202,3604,Alamodome,2636,UTSA,fbs,Conference USA,27,"[7, 3, 7, 10]",0.9662418365478516,1456,1470,2393,Middle Tennessee,fbs,Conference USA,13,"[0, 0, 0, 13]",0.03375816345214844,1290,1276,3.789390926037638,,,
401328269,2021,3,regular,2021-09-18T22:00:00.000Z,False,True,False,False,,3676,Christy Mathewson-Memorial Stadium,2083,Bucknell,fcs,Patriot,6,"[6, 0, 0, 0]",,,,219,Pennsylvania,fcs,Ivy,30,"[3, 13, 14, 0]",,,,,,,
401328546,2021,3,regular,2021-09-18T22:00:00.000Z,False,True,False,False,,3782,Johnson Hagood Stadium,2643,The Citadel,fcs,Southern,45,"[14, 14, 7, 10]",,,,2822,North Greenville,ii,Gulf South,13,"[3, 3, 0, 7]",,,,,,,
401328120,2021,3,regular,2021-09-18T22:00:00.000Z,False,True,False,True,,3658,Buccaneer Field,2127,Charleston Southern,fcs,Big South,14,"[0, 7, 7, 0]",,,,2405,Monmouth,fcs,Big South,41,"[14, 17, 7, 3]",,,,,,,
401328109,2021,3,regular,2021-09-18T22:00:00.000Z,False,True,False,False,,3629,Barker-Lane Stadium,2097,Campbell,fcs,Big South,72,"[21, 28, 9, 14]",,,,2506,Presbyterian,fcs,Pioneer,0,"[0, 0, 0, 0]",,,,,,,
401282201,2021,3,regular,2021-09-18T22:00:00.000Z,False,True,False,False,18471,3992,Williams Stadium (VA),2335,Liberty,fbs,FBS Independents,45,"[14, 14, 14, 3]",0.9868233799934387,1570,1606,295,Old Dominion,fbs,Conference USA,17,"[3, 14, 0, 0]",0.01317662000656128,1242,1206,2.7964078869969407,,,
401327955,2021,3,regular,2021-09-18T22:00:00.000Z,False,True,False,False,,3710,Ernest W. Spangler Stadium,2241,Gardner-Webb,fcs,Big South,56,"[18, 28, 10, 0]",,,,2339,Lincoln (PA),ii,CIAA,0,"[0, 0, 0, 0]",,,,,,,
401282200,2021,3,regular,2021-09-18T22:00:00.000Z,False,True,False,False,24833,3775,Joan C. Edwards Stadium,276,Marshall,fbs,Conference USA,38,"[10, 14, 14, 0]",0.724416196346283,1640,1616,151,East Carolina,fbs,American Athletic,42,"[7, 14, 0, 21]",0.27558380365371704,1391,1415,6.423767617766192,,,
401328139,2021,3,regular,2021-09-18T22:00:00.000Z,False,True,False,False,,3737,Gibbs Stadium,2747,Wofford,fcs,Southern,10,"[0, 0, 3, 7]",,,,338,Kennesaw State,fcs,Big South,31,"[0, 10, 7, 14]",,,,,,,
401327926,2021,3,regular,2021-09-18T22:00:00.000Z,False,True,False,False,,3991,"William Dick"""" Price Stadium""""",2450,Norfolk State,fcs,MEAC,63,"[21, 14, 14, 14]",,,,2207,Elizabeth City State,ii,CIAA,26,"[7, 0, 0, 19]",,,,,,,
401328259,2021,3,regular,2021-09-18T22:00:00.000Z,False,True,False,False,,3862,O'Kelly-Riddick Stadium,2428,North Carolina Central,fcs,MEAC,20,"[3, 0, 3, 14]",,,,2736,Winston-Salem State,ii,CIAA,13,"[0, 6, 7, 0]",,,,,,,
401328231,2021,3,regular,2021-09-18T22:00:00.000Z,False,True,False,False,,3781,Johnny Unitas Stadium,119,Towson,fcs,CAA,7,"[0, 0, 0, 7]",,,,2449,North Dakota State,fcs,MVFC,35,"[6, 15, 7, 7]",,,,,,,
401327989,2021,3,regular,2021-09-18T23:00:00.000Z,False,True,False,False,,3908,Roy Kidd Stadium,2198,Eastern Kentucky,fcs,AWC,21,"[7, 7, 0, 7]",,,,282,Indiana State,fcs,MVFC,23,"[7, 7, 3, 6]",,,,,,,
401282196,2021,3,regular,2021-09-18T23:00:00.000Z,False,True,False,False,12978,4246,Center Parc Stadium,2247,Georgia State,fbs,Sun Belt,20,"[0, 7, 6, 7]",0.9937252402305603,1260,1288,2429,Charlotte,fbs,Conference USA,9,"[0, 7, 2, 0]",0.006274759769439697,1366,1338,5.910114937899169,,,
401328384,2021,3,regular,2021-09-18T23:00:00.000Z,False,True,False,False,,3913,Saluki Stadium,79,Southern Illinois,fcs,MVFC,55,"[10, 28, 10, 7]",,,,2168,Dayton,fcs,Pioneer,3,"[0, 0, 3, 0]",,,,,,,
401328673,2021,3,regular,2021-09-18T23:00:00.000Z,False,True,False,False,,3756,Homer Bryce Stadium,2617,Stephen F. Austin,fcs,Western Athletic,58,"[17, 21, 17, 3]",,,,2400,Mississippi Valley State,fcs,SWAC,13,"[3, 10, 0, 0]",,,,,,,
401328464,2021,3,regular,2021-09-18T23:00:00.000Z,False,True,False,False,,3963,Harry Turpin Stadium,2466,Northwestern State,fcs,Southland,10,"[0, 3, 7, 0]",,,,2630,UT Martin,fcs,OVC,35,"[14, 7, 7, 7]",,,,,,,
401282072,2021,3,regular,2021-09-18T23:00:00.000Z,False,True,False,True,92746,3917,Sanford Stadium,61,Georgia,fbs,SEC,40,"[14, 12, 14, 0]",0.981583297252655,1925,1938,2579,South Carolina,fbs,SEC,13,"[6, 0, 0, 7]",0.01841670274734497,1395,1382,2.6187482976688363,,,
401328498,2021,3,regular,2021-09-18T23:00:00.000Z,False,True,False,False,,5083,New Turner Stadium,620,Taylor,,,24,"[17, 7, 0, 0]",,,,2086,Butler,fcs,Pioneer,77,"[14, 35, 14, 14]",,,,,,,
401328704,2021,3,regular,2021-09-18T23:00:00.000Z,False,True,False,False,,5440,Wildcat Stadium (TX),2000,Abilene Christian,fcs,Western Athletic,34,"[0, 27, 0, 7]",,,,110243,UT Permian Basin,ii,Lone Star,9,"[3, 0, 0, 6]",,,,,,,
401328586,2021,3,regular,2021-09-18T23:00:00.000Z,False,True,False,False,,3599,Ace W. Mumford Stadium,2582,Southern,fcs,SWAC,24,"[14, 7, 0, 3]",,,,2377,McNeese,fcs,Southland,31,"[7, 3, 10, 11]",,,,,,,
401327997,2021,3,regular,2021-09-18T23:00:00.000Z,False,True,False,False,,3662,AmFirst Stadium,55,Jacksonville State,fcs,AWC,27,"[3, 10, 7, 7]",,,,2453,North Alabama,fcs,Big South,24,"[3, 7, 7, 7]",,,,,,,
401282203,2021,3,regular,2021-09-18T23:00:00.000Z,False,True,False,False,24242,3815,M. M. Roberts Stadium,2572,Southern Miss,fbs,Conference USA,9,"[3, 0, 0, 6]",0.05990362912416458,1289,1278,2653,Troy,fbs,Sun Belt,21,"[0, 0, 14, 7]",0.9400963708758354,1454,1465,5.033759961834446,,,
401328328,2021,3,regular,2021-09-18T23:00:00.000Z,False,True,False,False,,3858,O'Brien Stadium,2197,Eastern Illinois,fcs,OVC,24,"[0, 7, 10, 7]",,,,2287,Illinois State,fcs,MVFC,31,"[7, 3, 14, 7]",,,,,,,
401327968,2021,3,regular,2021-09-18T23:00:00.000Z,False,True,False,False,,3711,Estes Stadium,2110,Central Arkansas,fcs,AWC,45,"[14, 14, 3, 14]",,,,2029,Arkansas-Pine Bluff,fcs,SWAC,23,"[0, 9, 14, 0]",,,,,,,
401282197,2021,3,regular,2021-09-18T23:00:00.000Z,False,True,False,False,50118,3784,Jones AT&T Stadium,2641,Texas Tech,fbs,Big 12,54,"[7, 28, 9, 10]",0.9989492630252097,1493,1566,2229,Florida International,fbs,Conference USA,21,"[7, 7, 7, 0]",0.0010507369747903006,1356,1283,2.5410941775,,,
401309856,2021,3,regular,2021-09-18T23:00:00.000Z,False,True,False,False,11090,3932,Qualcomm Stadium,21,San Diego State,fbs,Mountain West,33,"[3, 7, 14, 0, 7, 0, 2]",0.7913902401924133,1614,1615,254,Utah,fbs,Pac-12,31,"[7, 3, 0, 14, 7, 0, 0]",0.20860975980758667,1636,1635,5.889984059142665,,,
401328576,2021,3,regular,2021-09-18T23:00:00.000Z,False,True,False,False,,5238,Panther Stadium,2504,Prairie View A&M,fcs,SWAC,37,"[20, 3, 7, 7]",,,,2277,Houston Christian,fcs,Southland,27,"[21, 3, 3, 0]",,,,,,,
401328024,2021,3,regular,2021-09-18T23:00:00.000Z,False,True,False,False,,4258,Dignity Health Sports Park,2627,Tarleton State,fcs,Western Athletic,35,"[7, 21, 0, 7]",,,,253,Southern Utah,fcs,Big Sky,40,"[14, 14, 6, 6]",,,,,,,
401329127,2021,3,regular,2021-09-18T23:00:00.000Z,False,True,False,True,,6072,Schwan Regional Event Center,2587,Southwest Minnesota State,ii,Northern Sun,23,"[0, 3, 6, 14]",,,,559,University of Mary,ii,Northern Sun,45,"[7, 10, 21, 7]",,,,,,,
401329499,2021,3,regular,2021-09-18T23:00:00.000Z,False,True,False,True,,6062,Gable Field at Doc Wadley Stadium,196,Northeastern State,ii,Mid America,13,"[0, 6, 0, 7]",,,,90,Pittsburg State,ii,Mid America,48,"[13, 7, 21, 7]",,,,,,,
401328769,2021,3,regular,2021-09-18T23:00:00.000Z,False,True,False,True,,3960,Top Taggart Field,2222,Ferris State,ii,GLIAC,47,"[6, 14, 12, 15]",,,,129,Saginaw Valley State,ii,GLIAC,45,"[5, 10, 10, 20]",,,,,,,
401301005,2021,3,regular,2021-09-18T23:00:00.000Z,False,True,False,False,22998,4728,TDECU Stadium,248,Houston,fbs,American Athletic,45,"[7, 14, 21, 3]",0.9934048056602478,,,2755,Grambling,fcs,SWAC,0,"[0, 0, 0, 0]",0.006595194339752197,,,2.1366616283779787,,,
401301006,2021,3,regular,2021-09-18T23:00:00.000Z,False,True,False,False,29475,3886,Raymond James Stadium,58,South Florida,fbs,American Athletic,38,"[10, 14, 7, 7]",1,,,50,Florida A&M,fcs,SWAC,17,"[3, 0, 7, 7]",0,,,3.4775510358266923,,,
401328346,2021,3,regular,2021-09-18T23:00:00.000Z,False,True,False,True,,5936,Koi Ishto Stadium,2191,East Central,ii,Great American,40,"[7, 19, 14, 0]",,,,200,Southern Nazarene,ii,Great American,13,"[0, 6, 0, 7]",,,,,,,
401329070,2021,3,regular,2021-09-18T23:00:00.000Z,False,True,False,True,,6030,Harms-Eischeid Stadium,389,Upper Iowa,ii,Northern Sun,22,"[9, 7, 0, 6]",,,,425,Northern State,ii,Northern Sun,40,"[0, 14, 12, 14]",,,,,,,
401329093,2021,3,regular,2021-09-18T23:00:00.000Z,False,True,False,True,,5869,LeGrand Stadium at 1st Community Credit Union Field,2025,Angelo State,ii,Lone Star,17,"[7, 10, 0, 0]",,,,2395,Midwestern State,ii,Lone Star,35,"[14, 0, 14, 7]",,,,,,,
401348213,2021,3,regular,2021-09-18T23:00:00.000Z,False,True,False,True,,6035,"Memorial Stadium (Wayne, NE)",2844,Wayne State (NE),ii,Northern Sun,48,"[10, 17, 7, 14]",,,,568,Minot State,ii,Northern Sun,0,"[0, 0, 0, 0]",,,,,,,
401328278,2021,3,regular,2021-09-18T23:00:00.000Z,False,True,False,True,,6065,Cliff Harris Stadium,2888,Ouachita Baptist,ii,Great American,38,"[14, 10, 7, 7]",,,,2033,Arkansas Tech,ii,Great American,24,"[7, 0, 7, 10]",,,,,,,
401329396,2021,3,regular,2021-09-18T23:00:00.000Z,False,True,False,True,,6055,Craig Field at Spratt Memorial Stadium,137,Missouri Western,ii,Mid America,38,"[7, 0, 13, 18]",,,,2214,Emporia State,ii,Mid America,37,"[14, 14, 3, 6]",,,,,,,
401328453,2021,3,regular,2021-09-18T23:00:00.000Z,False,True,False,True,,6064,Crain Family Stadium,319,Oklahoma Baptist,ii,Great American,56,"[7, 28, 14, 7]",,,,2823,Northwestern (OK),ii,Great American,42,"[7, 14, 6, 15]",,,,,,,
401328493,2021,3,regular,2021-09-18T23:00:00.000Z,False,True,False,True,,3875,Paul Laird Field,199,Southeastern Oklahoma State,ii,Great American,37,"[14, 14, 0, 9]",,,,2927,Southwestern Oklahoma State,ii,Great American,28,"[7, 13, 0, 8]",,,,,,,
401309609,2021,3,regular,2021-09-18T23:00:00.000Z,False,True,False,False,16107,3644,Bobcat Stadium (TX),326,Texas State,fbs,Sun Belt,34,"[7, 10, 7, 10]",0.14475835859775543,,,2916,Incarnate Word,fcs,Southland,42,"[14, 0, 14, 14]",0.8552416414022446,,,7.768980808961905,,,
401328390,2021,3,regular,2021-09-18T23:00:00.000Z,False,True,False,True,,5891,Wilkins Stadium,2568,Southern Arkansas,ii,Great American,6,"[0, 6, 0, 0]",,,,2264,Harding,ii,Great American,37,"[10, 10, 10, 7]",,,,,,,
401328981,2021,3,regular,2021-09-18T23:00:00.000Z,False,True,False,False,,4851,Bazemore-Hyder Stadium,2673,Valdosta State,ii,Gulf South,21,"[7, 0, 7, 7]",,,,2013,Albany State,ii,SIAC,3,"[0, 3, 0, 0]",,,,,,,
401328311,2021,3,regular,2021-09-18T23:00:00.000Z,False,True,False,True,,5871,Convoy Leslie Cotton Boll Stadium,2028,Arkansas Monticello,ii,Great American,18,"[0, 6, 6, 6]",,,,2271,Henderson State,ii,Great American,58,"[14, 16, 14, 14]",,,,,,,
401329034,2021,3,regular,2021-09-18T23:00:00.000Z,False,True,False,False,,4762,Memorial Stadium (Commerce TX),2837,East Texas A&M,ii,Lone Star,17,"[14, 3, 0, 0]",,,,110242,West Florida,ii,Gulf South,35,"[7, 7, 7, 14]",,,,,,,
401282630,2021,3,regular,2021-09-18T23:30:00.000Z,False,True,False,False,56919,3670,Carter-Finley Stadium,152,NC State,fbs,ACC,45,"[10, 28, 7, 0]",0.9885954856872559,,,231,Furman,fcs,Southern,7,"[0, 0, 7, 0]",0.01140451431274414,,,2.359731322695085,,,
401309850,2021,3,regular,2021-09-18T23:30:00.000Z,False,True,False,False,42782,3626,Autzen Stadium,2483,Oregon,fbs,Pac-12,48,"[10, 7, 14, 17]",0.9820699095726013,,,2619,Stony Brook,fcs,CAA,7,"[7, 0, 0, 0]",0.01793009042739868,,,2.8247477633131393,,,
401282631,2021,3,regular,2021-09-18T23:30:00.000Z,False,True,False,True,50500,3787,Kenan Stadium,153,North Carolina,fbs,ACC,59,"[21, 3, 21, 14]",0.9313146471977234,1778,1804,258,Virginia,fbs,ACC,39,"[7, 21, 3, 8]",0.06868535280227661,1569,1543,4.840580724934762,,,
401282074,2021,3,regular,2021-09-18T23:30:00.000Z,False,True,False,False,92547,3958,Tiger Stadium (LA),99,LSU,fbs,SEC,49,"[21, 14, 7, 7]",0.9678676724433899,1646,1694,2117,Central Michigan,fbs,Mid-American,21,"[7, 0, 7, 7]",0.03213232755661011,1426,1378,2.1119531041865236,,,
401282070,2021,3,regular,2021-09-18T23:30:00.000Z,False,True,False,False,109958,3632,Beaver Stadium,213,Penn State,fbs,Big Ten,28,"[7, 7, 7, 7]",0.7280185222625732,1753,1764,2,Auburn,fbs,SEC,20,"[3, 7, 7, 3]",0.27198147773742676,1740,1729,5.11116768724217,,,
401310704,2021,3,regular,2021-09-18T23:30:00.000Z,False,True,False,True,20264,3713,Falcon Stadium,2005,Air Force,fbs,Mountain West,45,"[10, 14, 14, 7]",0.6847099661827087,1632,1604,328,Utah State,fbs,Mountain West,49,"[7, 6, 21, 15]",0.31529003381729126,1336,1364,7.166294507858023,,,
401282195,2021,3,regular,2021-09-18T23:30:00.000Z,False,True,False,True,17731,3825,DATCU Stadium,249,North Texas,fbs,Conference USA,6,"[0, 0, 0, 6]",0.007033464498817921,1263,1185,5,UAB,fbs,Conference USA,40,"[17, 13, 3, 7]",0.9929665355011821,1414,1492,2.911600721684601,,,
401328288,2021,3,regular,2021-09-18T23:30:00.000Z,False,True,False,False,,5400,William B. Greene Jr. Stadium,2193,East Tennessee State,fcs,Southern,38,"[10, 14, 7, 7]",,,,2169,Delaware State,fcs,MEAC,6,"[0, 6, 0, 0]",,,,,,,
401282080,2021,3,regular,2021-09-19T00:00:00.000Z,False,True,False,False,21124,3973,FirstBank Stadium,238,Vanderbilt,fbs,SEC,23,"[7, 7, 3, 6]",0.009553718380630016,1240,1222,24,Stanford,fbs,Pac-12,41,"[14, 13, 7, 7]",0.99044628161937,1497,1515,4.927740943761852,,,
401282075,2021,3,regular,2021-09-19T00:00:00.000Z,False,True,False,False,54198,3974,Vaught-Hemingway Stadium,145,Ole Miss,fbs,SEC,61,"[19, 21, 21, 0]",0.9977260828018188,1626,1739,2655,Tulane,fbs,American Athletic,21,"[7, 14, 0, 0]",0.0022739171981811523,1603,1490,3.623665197696429,,,
401328029,2021,3,regular,2021-09-19T00:00:00.000Z,False,True,False,False,,1027,Alex G. Spanos Stadium,13,Cal Poly,fcs,Big Sky,14,"[7, 0, 0, 7]",,,,233,South Dakota,fcs,MVFC,48,"[21, 20, 0, 7]",,,,,,,
401328101,2021,3,regular,2021-09-19T00:00:00.000Z,False,True,False,False,,3942,Stewart Stadium,2692,Weber State,fcs,Big Sky,24,"[3, 0, 7, 14]",,,,256,James Madison,fcs,CAA,37,"[10, 7, 10, 10]",,,,,,,
401282202,2021,3,regular,2021-09-19T00:00:00.000Z,False,True,False,False,91979,3910,DKR-Texas Memorial Stadium,251,Texas,fbs,Big 12,58,"[16, 28, 14, 0]",0.9989601962987479,1721,1840,242,Rice,fbs,Conference USA,0,"[0, 0, 0, 0]",0.0010398037012521177,1293,1174,1.2588635656,,,
401309607,2021,3,regular,2021-09-19T00:00:00.000Z,False,True,False,False,21720,3817,Malone Stadium,2433,UL Monroe,fbs,Sun Belt,12,"[3, 0, 3, 6]",0.6699304224637153,,,2296,Jackson State,fcs,SWAC,7,"[0, 7, 0, 0]",0.33006957753628474,,,7.9911902847,,,
401329452,2021,3,regular,2021-09-19T00:00:00.000Z,False,True,False,True,,5884,Buffalo Stadium,2704,West Texas,ii,Lone Star,42,"[14, 7, 0, 21]",,,,2703,Western New Mexico,ii,Lone Star,14,"[0, 0, 0, 14]",,,,,,,
401319455,2021,3,regular,2021-09-19T00:00:00.000Z,False,True,False,False,11823,3601,Aggie Memorial Stadium,166,New Mexico State,fbs,FBS Independents,43,"[15, 21, 7, 0]",0.9922531843185425,,,2569,South Carolina State,fcs,MEAC,35,"[0, 13, 7, 15]",0.0077468156814575195,,,2.854556788749985,,,
401309608,2021,3,regular,2021-09-19T00:00:00.000Z,False,True,False,False,15204,6526,Hancock Whitney Stadium,6,South Alabama,fbs,Sun Belt,28,"[7, 0, 21, 0]",0.9587263464927673,,,2016,Alcorn State,fcs,SWAC,21,"[0, 14, 0, 7]",0.041273653507232666,,,5.059044510388754,,,
401328607,2021,3,regular,2021-09-19T00:00:00.000Z,False,True,False,False,,3749,Hunter Stadium,2815,Lindenwood,ii,Great Lakes Valley,56,"[14, 14, 14, 14]",,,,2316,Kentucky Wesleyan,ii,Great Midwest Athletic,34,"[7, 7, 13, 7]",,,,,,,
401329406,2021,3,regular,2021-09-19T00:00:00.000Z,False,True,False,True,,5890,Lewis Field Stadium,2231,Fort Hays,ii,Mid America,72,"[7, 30, 21, 14]",,,,2876,Lincoln (MO),ii,Mid America,0,"[0, 0, 0, 0]",,,,,,,
401329376,2021,3,regular,2021-09-19T00:00:00.000Z,False,True,False,True,,5878,Wantland Stadium,2122,Central Oklahoma,ii,Mid America,10,"[0, 10, 0, 0]",,,,2403,Missouri Southern State,ii,Mid America,14,"[7, 0, 0, 7]",,,,,,,
401329306,2021,3,regular,2021-09-19T00:30:00.000Z,False,True,False,True,,5880,Elliott Field at Don Beebe Stadium,2123,Chadron State,ii,Rocky Mountain,31,"[7, 10, 7, 7]",,,,613,South Dakota Mines,ii,Rocky Mountain,20,"[0, 13, 0, 7]",,,,,,,
401329025,2021,3,regular,2021-09-19T01:00:00.000Z,False,True,False,True,,5866,Rex Stadium,2001,Adams State,ii,Rocky Mountain,10,"[7, 3, 0, 0]",,,,2714,Western Colorado,ii,Rocky Mountain,24,"[7, 10, 0, 7]",,,,,,,
401332019,2021,3,regular,2021-09-19T01:00:00.000Z,False,True,False,True,,3728,Terry Fox Field,2829,Simon Fraser,ii,Great Northwest,14,"[7, 7, 0, 0]",,,,2120,Central Washington,ii,Great Northwest,36,"[8, 7, 7, 14]",,,,,,,
401287903,2021,3,regular,2021-09-19T01:00:00.000Z,False,True,False,False,36702,3653,Albertsons Stadium,68,Boise State,fbs,Mountain West,20,"[10, 10, 0, 0]",0.1415814608335495,1679,1677,197,Oklahoma State,fbs,Big 12,21,"[7, 14, 0, 0]",0.8584185391664505,1661,1663,5.260957726603136,,,
401327979,2021,3,regular,2021-09-19T02:00:00.000Z,False,True,False,False,,3602,Aggie Stadium,302,UC Davis,fcs,Big Sky,60,"[15, 21, 3, 21]",,,,3101,Utah Tech,fcs,Western Athletic,27,"[7, 6, 14, 0]",,,,,,,
401309853,2021,3,regular,2021-09-19T02:00:00.000Z,False,True,False,False,33481,3619,Arizona Stadium,12,Arizona,fbs,Pac-12,19,"[10, 3, 0, 6]",0.38475579023361206,,,2464,Northern Arizona,fcs,Big Sky,21,"[0, 7, 7, 7]",0.6152442097663879,,,5.0589498827191575,,,
401309854,2021,3,regular,2021-09-19T02:15:00.000Z,False,True,False,False,61570,3801,LaVell Edwards Stadium,252,BYU,fbs,FBS Independents,27,"[7, 14, 0, 6]",0.5816260576248169,1814,1821,9,Arizona State,fbs,Pac-12,17,"[7, 0, 10, 0]",0.4183739423751831,1670,1663,4.4741136256877825,,,
401287906,2021,3,regular,2021-09-19T02:30:00.000Z,False,True,False,False,35193,6501,Allegiant Stadium,2439,UNLV,fbs,Mountain West,3,"[0, 0, 3, 0]",0.005004494916647673,1229,1166,66,Iowa State,fbs,Big 12,48,"[7, 17, 14, 10]",0.9949955050833523,1776,1839,2.0900948963352035,,,
401309855,2021,3,regular,2021-09-19T02:45:00.000Z,False,True,False,False,50698,1056,Rose Bowl,26,UCLA,fbs,Pac-12,37,"[7, 3, 7, 20]",0.55039381980896,1630,1621,278,Fresno State,fbs,Mountain West,40,"[6, 17, 3, 14]",0.44960618019104004,1564,1573,8.465962172831427,,,
401310705,2021,3,regular,2021-09-19T04:30:00.000Z,False,True,False,True,0,3610,Aloha Stadium,62,Hawai'i,fbs,Mountain West,13,"[7, 0, 6, 0]",0.7099155187606812,1343,1345,23,San José State,fbs,Mountain West,17,"[0, 14, 0, 3]",0.29008448123931885,1469,1467,6.692199153514273,,,
401282208,2021,4,regular,2021-09-23T23:30:00.000Z,False,True,False,False,28377,3792,Kidd Brewer Stadium,2026,App State,fbs,Sun Belt,31,"[7, 14, 0, 10]",0.3792229890823364,1664,1663,276,Marshall,fbs,Conference USA,30,"[6, 14, 10, 0]",0.6207770109176636,1616,1617,7.019752390497451,,,
401328626,2021,4,regular,2021-09-23T23:30:00.000Z,False,True,False,True,,3740,Golden Lion Stadium,2029,Arkansas-Pine Bluff,fcs,SWAC,38,"[23, 3, 6, 6]",,,,2016,Alcorn State,fcs,SWAC,39,"[7, 0, 19, 13]",,,,,,,
401282204,2021,4,regular,2021-09-24T22:30:00.000Z,False,True,False,True,11076,4418,Jerry Richardson Stadium,2429,Charlotte,fbs,Conference USA,42,"[14, 0, 14, 14]",0.9394171190407301,1338,1338,2393,Middle Tennessee,fbs,Conference USA,39,"[7, 10, 7, 15]",0.06058288095926989,1276,1276,7.6733507814,,,
401282638,2021,4,regular,2021-09-24T23:00:00.000Z,False,True,False,True,38699,3923,Scott Stadium,258,Virginia,fbs,ACC,17,"[0, 3, 14, 0]",0,1543,1500,154,Wake Forest,fbs,ACC,37,"[10, 10, 14, 3]",1,1609,1652,4.401093148436345,,,
401344143,2021,4,regular,2021-09-24T23:00:00.000Z,False,True,False,True,,3750,Harvard Stadium,108,Harvard,fcs,Ivy,49,"[7, 35, 7, 0]",,,,225,Brown,fcs,Ivy,17,"[0, 0, 3, 14]",,,,,,,
401282637,2021,4,regular,2021-09-25T00:00:00.000Z,False,True,False,False,29942,1964,JMA Wireless Dome,183,Syracuse,fbs,ACC,24,"[0, 14, 7, 3]",0.513002336025238,1420,1424,2335,Liberty,fbs,FBS Independents,21,"[0, 7, 7, 7]",0.48699766397476196,1606,1602,4.764061323648545,,,
401310707,2021,4,regular,2021-09-25T02:00:00.000Z,False,True,False,True,35093,3660,Valley Children's Stadium,278,Fresno State,fbs,Mountain West,38,"[0, 9, 13, 16]",0.9803592562675476,1573,1562,2439,UNLV,fbs,Mountain West,30,"[14, 0, 7, 9]",0.019640743732452393,1166,1177,5.819349588192564,,,
401329635,2021,4,regular,2021-09-25T16:00:00.000Z,False,True,False,True,,6033,Carl Smith Stadium,2842,UVA Wise,ii,South Atlantic,33,"[14, 7, 6, 6]",,,,2105,Carson Newman,ii,South Atlantic,7,"[0, 0, 7, 0]",,,,,,,
401282792,2021,4,regular,2021-09-25T16:00:00.000Z,False,True,False,False,46236,3953,Huntington Bank Stadium,135,Minnesota,fbs,Big Ten,10,"[3, 0, 7, 0]",0.8693893551826477,1648,1592,189,Bowling Green,fbs,Mid-American,14,"[0, 7, 7, 0]",0.1306106448173523,1020,1076,5.985729504947827,,,
401344440,2021,4,regular,2021-09-25T16:00:00.000Z,False,True,False,True,,5868,Ronald J. Abdow Field,2022,American International,ii,Northeast 10,27,"[7, 7, 0, 13]",,,,2060,Bentley,ii,Northeast 10,35,"[0, 14, 14, 7]",,,,,,,
401310706,2021,4,regular,2021-09-25T16:00:00.000Z,False,True,False,True,23715,3905,Maverik Stadium,328,Utah State,fbs,Mountain West,3,"[0, 0, 0, 3]",0.06156604364514351,1364,1336,68,Boise State,fbs,Mountain West,27,"[10, 0, 7, 10]",0.9384339563548565,1677,1705,4.053373670115333,,,
401282088,2021,4,regular,2021-09-25T16:00:00.000Z,False,True,False,True,32178,3973,FirstBank Stadium,238,Vanderbilt,fbs,SEC,0,"[0, 0, 0, 0]",0.0049030412919819355,1222,1127,61,Georgia,fbs,SEC,62,"[35, 3, 17, 7]",0.9950969587080181,1938,2033,2.5633720992295324,,,
401287911,2021,4,regular,2021-09-25T16:00:00.000Z,False,True,False,True,98349,3910,DKR-Texas Memorial Stadium,251,Texas,fbs,Big 12,70,"[14, 28, 21, 7]",0.9982383251190186,1840,1903,2641,Texas Tech,fbs,Big 12,35,"[0, 14, 14, 7]",0.0017616748809814453,1566,1503,3.0226649763427487,,,
401282086,2021,4,regular,2021-09-25T16:00:00.000Z,False,True,False,False,44500,3615,"Alumni Stadium (Chestnut Hill, MA)",103,Boston College,fbs,ACC,41,"[7, 10, 10, 7, 7]",0.7673340439796448,1530,1538,142,Missouri,fbs,SEC,34,"[14, 3, 0, 17, 0]",0.23266595602035522,1510,1502,8.879270030476956,,,
401331762,2021,4,regular,2021-09-25T16:00:00.000Z,False,True,False,True,,4440,Sox Harrison Stadium,2205,Edinboro,ii,Pennsylvania State Athletic,12,"[0, 0, 6, 6]",,,,2858,California (PA),ii,Pennsylvania State Athletic,20,"[0, 11, 9, 0]",,,,,,,
401329212,2021,4,regular,2021-09-25T16:00:00.000Z,False,True,False,True,,5133,Ram Stadium (WV),2974,Shepherd,ii,Pennsylvania State Athletic,29,"[7, 7, 7, 8]",,,,2315,Kutztown,ii,Pennsylvania State Athletic,37,"[10, 14, 7, 6]",,,,,,,
401328608,2021,4,regular,2021-09-25T16:00:00.000Z,False,True,False,False,,3698,Donnell Stadium,2224,Findlay,ii,Great Midwest Athletic,16,"[3, 0, 0, 13]",,,,2815,Lindenwood,ii,Great Lakes Valley,28,"[0, 0, 14, 14]",,,,,,,
401332011,2021,4,regular,2021-09-25T16:00:00.000Z,False,True,False,False,,5263,Steele Stadium,2316,Kentucky Wesleyan,ii,Great Midwest Athletic,41,"[14, 0, 21, 6]",,,,2911,William Jewell,ii,Great Lakes,21,"[0, 0, 21, 0]",,,,,,,
401329434,2021,4,regular,2021-09-25T16:00:00.000Z,False,True,False,True,,6063,Mueller Field,587,Notre Dame College,ii,Mountain East,38,"[3, 7, 14, 14]",,,,2707,West Virginia State,ii,Mountain East,14,"[0, 7, 7, 0]",,,,,,,
401282707,2021,4,regular,2021-09-25T16:00:00.000Z,False,True,True,False,59571,3933,Soldier Field,275,Wisconsin,fbs,Big Ten,13,"[3, 0, 7, 3]",0.10479681193828583,1763,1696,87,Notre Dame,fbs,FBS Independents,41,"[0, 10, 0, 31]",0.8952031880617142,1774,1841,5.994969032071364,,,
401287910,2021,4,regular,2021-09-25T16:00:00.000Z,False,True,False,False,46672,3616,Amon G. Carter Stadium,2628,TCU,fbs,Big 12,34,"[14, 7, 6, 7]",0.541076123714447,1644,1620,2567,SMU,fbs,American Athletic,42,"[14, 7, 14, 7]",0.458923876285553,1545,1569,6.209326869278215,,,
401282805,2021,4,regular,2021-09-25T16:00:00.000Z,False,True,False,False,27129,3911,Ryan Field,77,Northwestern,fbs,Big Ten,35,"[14, 3, 0, 18]",0.9981052875518799,1547,1607,195,Ohio,fbs,Mid-American,6,"[0, 0, 0, 6]",0.0018947124481201172,1407,1347,2.6560420732955707,,,
401329386,2021,4,regular,2021-09-25T16:00:00.000Z,False,True,False,True,,5887,I.L. & Sue Morris Stadium,2249,Glenville State,ii,Mountain East,10,"[0, 3, 0, 7]",,,,112335,Wheeling,ii,Mountain East,27,"[0, 10, 0, 17]",,,,,,,
401282206,2021,4,regular,2021-09-25T16:00:00.000Z,False,True,False,False,18382,3786,Kelly/Shorts Stadium,2117,Central Michigan,fbs,Mid-American,31,"[0, 10, 0, 21]",0.6956149935722351,1378,1378,2229,Florida International,fbs,Conference USA,27,"[0, 14, 13, 0]",0.3043850064277649,1283,1283,7.595723608347036,,,
401282085,2021,4,regular,2021-09-25T16:00:00.000Z,False,True,False,True,50298,3693,Davis Wade Stadium,344,Mississippi State,fbs,SEC,25,"[0, 3, 7, 15]",0.22551627457141876,1540,1545,99,LSU,fbs,SEC,28,"[7, 0, 14, 7]",0.7744837254285812,1694,1689,5.2759389582217775,,,
401328304,2021,4,regular,2021-09-25T16:00:00.000Z,False,True,False,False,,3694,DeGol Field,2598,Saint Francis,fcs,NEC,16,"[10, 0, 0, 6]",,,,2450,Norfolk State,fcs,MEAC,28,"[7, 0, 14, 7]",,,,,,,
401282645,2021,4,regular,2021-09-25T16:00:00.000Z,False,True,False,False,53174,3799,Lane Stadium,259,Virginia Tech,fbs,ACC,21,"[7, 7, 7, 0]",0.3462632894515991,,,257,Richmond,fcs,CAA,10,"[0, 7, 3, 0]",0.6537367105484009,,,3.348041078164483,,,
401328249,2021,4,regular,2021-09-25T16:00:00.000Z,False,True,False,True,,3997,Yale Bowl,43,Yale,fcs,Ivy,23,"[6, 3, 7, 7]",,,,172,Cornell,fcs,Ivy,17,"[0, 3, 0, 14]",,,,,,,
401334821,2021,4,regular,2021-09-25T16:00:00.000Z,False,True,False,True,,3897,Richardson Stadium,2166,Davidson,fcs,Pioneer,28,"[0, 7, 7, 14]",,,,301,San Diego,fcs,Pioneer,16,"[7, 2, 0, 7]",,,,,,,
401328157,2021,4,regular,2021-09-25T16:00:00.000Z,False,True,False,False,,3777,Joe Walton Stadium,2523,Robert Morris,fcs,Big South,22,"[0, 14, 0, 8]",,,,47,Howard,fcs,MEAC,16,"[0, 7, 6, 3]",,,,,,,
401328587,2021,4,regular,2021-09-25T16:00:00.000Z,False,True,False,True,,3734,Gayle and Tom Benson Stadium,2916,Incarnate Word,fcs,Southland,31,"[14, 7, 7, 3]",,,,2377,McNeese,fcs,Southland,0,"[0, 0, 0, 0]",,,,,,,
401308834,2021,4,regular,2021-09-25T16:00:00.000Z,False,True,False,False,24045,3841,Michie Stadium,349,Army,fbs,FBS Independents,23,"[7, 10, 0, 6]",0.9935384392738342,1639,1651,193,Miami (OH),fbs,Mid-American,10,"[0, 3, 0, 7]",0.0064615607261657715,1376,1364,2.2152306590209054,,,
401282644,2021,4,regular,2021-09-25T16:00:00.000Z,False,True,False,False,41048,3752,Acrisure Stadium,221,Pittsburgh,fbs,ACC,77,"[28, 21, 21, 7]",0.9880452752113342,,,160,New Hampshire,fcs,CAA,7,"[0, 7, 0, 0]",0.011954724788665771,,,2.3471453606342503,,,
401282817,2021,4,regular,2021-09-25T16:00:00.000Z,False,True,False,False,105790,3632,Beaver Stadium,213,Penn State,fbs,Big Ten,38,"[7, 10, 14, 7]",0.9997571110725403,,,222,Villanova,fcs,CAA,17,"[3, 0, 0, 14]",0.0002428889274597168,,,3.0622877491269653,,,
401301010,2021,4,regular,2021-09-25T16:00:00.000Z,False,True,False,False,20179,3806,Lincoln Financial Field,218,Temple,fbs,American Athletic,41,"[0, 17, 17, 7]",0.9922716021537781,,,2681,Wagner,fcs,NEC,7,"[7, 0, 0, 0]",0.007728397846221924,,,3.105834380347276,,,
401282642,2021,4,regular,2021-09-25T16:30:00.000Z,False,True,False,False,44019,3948,Hard Rock Stadium,2390,Miami,fbs,ACC,69,"[21, 28, 13, 7]",0.9924238920211792,,,2115,Central Connecticut,fcs,NEC,0,"[0, 0, 0, 0]",0.007576107978820801,,,1.5594749617787957,,,
401328338,2021,4,regular,2021-09-25T17:00:00.000Z,False,True,False,True,,3829,Memorial Stadium,282,Indiana State,fcs,MVFC,0,"[0, 0, 0, 0]",,,,2571,South Dakota State,fcs,MVFC,44,"[17, 17, 3, 7]",,,,,,,
401328171,2021,4,regular,2021-09-25T17:00:00.000Z,False,True,False,True,,6068,George Williams Athletic Complex,395,St. Augustine's,ii,CIAA,12,"[12, 0, 0, 0]",,,,2804,Chowan,ii,CIAA,59,"[14, 21, 21, 3]",,,,,,,
401328507,2021,4,regular,2021-09-25T17:00:00.000Z,False,True,False,True,,3988,Welcome Stadium,2168,Dayton,fcs,Pioneer,63,"[7, 28, 28, 0]",,,,2506,Presbyterian,fcs,Pioneer,43,"[23, 0, 7, 13]",,,,,,,
401328487,2021,4,regular,2021-09-25T17:00:00.000Z,False,True,False,False,,5389,Kessler Stadium,2405,Monmouth,fcs,Big South,15,"[0, 0, 8, 7]",,,,107,Holy Cross,fcs,Patriot,45,"[14, 14, 3, 14]",,,,,,,
401328239,2021,4,regular,2021-09-25T17:00:00.000Z,False,True,False,False,,3802,Lawrence A. Wien Stadium,171,Columbia,fcs,Ivy,35,"[14, 7, 7, 7]",,,,46,Georgetown,fcs,Patriot,24,"[0, 17, 7, 0]",,,,,,,
401344330,2021,4,regular,2021-09-25T17:00:00.000Z,False,True,False,False,,3881,Princeton University Stadium,163,Princeton,fcs,Ivy,63,"[10, 25, 14, 14]",,,,56,Stetson,fcs,Pioneer,0,"[0, 0, 0, 0]",,,,,,,
401328499,2021,4,regular,2021-09-25T17:00:00.000Z,False,True,False,True,,5116,O'Shaughnessy Stadium,2900,St. Thomas (MN),fcs,Pioneer,36,"[7, 15, 7, 7]",,,,2086,Butler,fcs,Pioneer,0,"[0, 0, 0, 0]",,,,,,,
401332052,2021,4,regular,2021-09-25T17:00:00.000Z,False,True,False,False,,3623,Arthur J. Rooney Athletic Field,2184,Duquesne,fcs,NEC,56,"[17, 21, 8, 10]",,,,2355,Virginia Lynchburg,,,7,"[0, 0, 0, 7]",,,,,,,
401328471,2021,4,regular,2021-09-25T17:00:00.000Z,False,True,False,True,,3617,Andy Kerr Stadium,2142,Colgate,fcs,Patriot,30,"[14, 10, 3, 3]",,,,2329,Lehigh,fcs,Patriot,3,"[0, 3, 0, 0]",,,,,,,
401328528,2021,4,regular,2021-09-25T17:00:00.000Z,False,True,False,True,,3701,Drake Stadium,2181,Drake,fcs,Pioneer,21,"[7, 7, 0, 7]",,,,2674,Valparaiso,fcs,Pioneer,24,"[14, 0, 3, 7]",,,,,,,
401328925,2021,4,regular,2021-09-25T17:00:00.000Z,False,True,False,True,,6058,Ralph F. DellaCamera Stadium,2441,New Haven,ii,Northeast 10,38,"[7, 3, 14, 14]",,,,2583,Southern Connecticut State,ii,Northeast 10,9,"[6, 0, 3, 0]",,,,,,,
401332025,2021,4,regular,2021-09-25T17:00:00.000Z,False,True,False,True,,4421,Multi-Sport Performance Stadium,2017,Alderson-Broaddus,ii,Mountain East,7,"[0, 0, 7, 0]",,,,2128,Charleston (WV),ii,Mountain East,69,"[14, 28, 14, 13]",,,,,,,
401328993,2021,4,regular,2021-09-25T17:00:00.000Z,False,True,False,True,,4015,Barron Stadium,2560,Shorter,ii,Gulf South,0,"[0, 0, 0, 0]",,,,2698,West Georgia,ii,Gulf South,56,"[14, 14, 28, 0]",,,,,,,
401327956,2021,4,regular,2021-09-25T17:00:00.000Z,False,True,False,True,,3808,Lincoln University Stadium,2339,Lincoln (PA),ii,CIAA,6,[],,,,2551,Shaw,ii,CIAA,41,[],,,,,,,
401329174,2021,4,regular,2021-09-25T17:00:00.000Z,False,True,False,True,,5933,Sea Foam Stadium,3066,Concordia St. Paul,ii,Northern Sun,24,"[3, 14, 0, 7]",,,,2587,Southwest Minnesota State,ii,Northern Sun,34,"[7, 3, 10, 14]",,,,,,,
401328018,2021,4,regular,2021-09-25T17:00:00.000Z,False,True,False,True,,6041,Irwin Belk Complex,2304,Johnson C. Smith,ii,CIAA,7,"[0, 7, 0, 0]",,,,2676,Virginia Union,ii,CIAA,43,"[19, 14, 0, 10]",,,,,,,
401329010,2021,4,regular,2021-09-25T17:00:00.000Z,False,True,False,False,,7076,J.W. Babb Stadium,101784,Erskine,ii,Independent DII,7,"[7, 0, 0, 0]",,,,2822,North Greenville,ii,Gulf South,38,"[7, 14, 7, 10]",,,,,,,
401329203,2021,4,regular,2021-09-25T17:00:00.000Z,False,True,False,True,,4428,Saxon Stadium,2385,Mercyhurst,ii,Pennsylvania State Athletic,13,"[7, 6, 0, 0]",,,,2291,IU Pennsylvania,ii,Pennsylvania State Athletic,48,"[21, 14, 7, 6]",,,,,,,
401334769,2021,4,regular,2021-09-25T17:00:00.000Z,False,True,False,True,,6060,Grace P. Johnson Stadium,2882,UNC Pembroke,ii,Mountain East,27,"[7, 7, 6, 7]",,,,2986,Fairmont State,ii,Mountain East,30,"[0, 3, 14, 13]",,,,,,,
401329193,2021,4,regular,2021-09-25T17:00:00.000Z,False,True,False,True,,4441,McConnell Family Stadium,367,Gannon,ii,Pennsylvania State Athletic,56,"[21, 21, 7, 7]",,,,2134,Clarion,ii,Pennsylvania State Athletic,21,"[0, 14, 7, 0]",,,,,,,
401330257,2021,4,regular,2021-09-25T17:00:00.000Z,False,True,False,True,,6074,Grappone Stadium,2830,Saint Anselm,ii,Northeast 10,42,"[14, 0, 28, 0]",,,,112334,Franklin Pierce,ii,Northeast 10,7,"[0, 0, 0, 7]",,,,,,,
401329182,2021,4,regular,2021-09-25T17:00:00.000Z,False,True,False,True,,4429,Seth Grove Stadium,2559,Shippensburg,ii,Pennsylvania State Athletic,51,"[0, 24, 14, 13]",,,,2071,Bloomsburg,ii,Pennsylvania State Athletic,7,"[0, 0, 7, 0]",,,,,,,
401328938,2021,4,regular,2021-09-25T17:00:00.000Z,False,True,False,True,,3927,Sherman Field,2392,Michigan Tech,ii,GLIAC,21,"[0, 0, 14, 7]",,,,125,Grand Valley State,ii,GLIAC,44,"[7, 23, 7, 7]",,,,,,,
401328715,2021,4,regular,2021-09-25T17:00:00.000Z,False,True,False,False,,3770,Jack Miller Stadium,308,Ashland,ii,Great Midwest Athletic,63,"[14, 21, 14, 14]",,,,2825,Quincy,ii,Great Lakes,23,"[3, 13, 7, 0]",,,,,,,
401286301,2021,4,regular,2021-09-25T17:00:00.000Z,False,True,False,False,15261,3654,Brooks Stadium (SC),324,Coastal Carolina,fbs,Sun Belt,53,"[13, 23, 14, 3]",0.9989683453651663,1654,1718,113,Massachusetts,fbs,FBS Independents,3,"[0, 0, 0, 3]",0.0010316546348336786,1005,941,1.050490396,,,
401329040,2021,4,regular,2021-09-25T17:00:00.000Z,False,True,False,True,,3606,Scheels Field at Nemzek Stadium,2817,Minnesota St Moorhead,ii,Northern Sun,33,"[3, 7, 0, 23]",,,,389,Upper Iowa,ii,Northern Sun,28,"[7, 7, 7, 7]",,,,,,,
401328969,2021,4,regular,2021-09-25T17:00:00.000Z,False,True,False,True,,3747,Hantz Stadium,2886,Northwood,ii,GLIAC,37,"[3, 0, 13, 21]",,,,128,Northern Michigan,ii,GLIAC,20,"[10, 3, 0, 7]",,,,,,,
401334761,2021,4,regular,2021-09-25T17:00:00.000Z,False,True,False,True,,3667,Callaghan Stadium,2148,Concord,ii,Mountain East,23,"[6, 7, 0, 10]",,,,341,Frostburg State,ii,Mountain East,42,"[28, 7, 7, 0]",,,,,,,
401329709,2021,4,regular,2021-09-25T17:00:00.000Z,False,True,False,False,,6040,Key Stadium,2292,Indianapolis,ii,Great Lakes,16,"[3, 6, 0, 7, 0]",,,,2477,Ohio Dominican,ii,Great Midwest Athletic,19,"[0, 7, 9, 0, 3]",,,,,,,
401334775,2021,4,regular,2021-09-25T17:00:00.000Z,False,True,False,True,,5784,Cebe Ross Field,455,West Virginia Wesleyan,ii,Mountain East,0,"[0, 0, 0, 0]",,,,2699,West Liberty,ii,Mountain East,31,"[7, 7, 10, 7]",,,,,,,
401327927,2021,4,regular,2021-09-25T17:30:00.000Z,False,True,False,True,,3649,Bowman Gray Stadium,2736,Winston-Salem State,ii,CIAA,14,"[0, 0, 7, 7]",,,,2207,Elizabeth City State,ii,CIAA,19,"[7, 6, 0, 6]",,,,,,,
401332329,2021,4,regular,2021-09-25T17:30:00.000Z,False,True,False,True,,6078,Pioneer Field (TN),2839,Tusculum,ii,South Atlantic,19,"[0, 0, 6, 13]",,,,2444,Newberry,ii,South Atlantic,24,"[7, 7, 7, 3]",,,,,,,
401328263,2021,4,regular,2021-09-25T17:30:00.000Z,False,True,False,False,,3826,Memorial Field,159,Dartmouth,fcs,Ivy,41,"[6, 14, 7, 14]",,,,2529,Sacred Heart,fcs,NEC,3,"[0, 3, 0, 0]",,,,,,,
401328567,2021,4,regular,2021-09-25T17:30:00.000Z,False,True,False,True,,3597,Alumni Memorial Field,2678,VMI,fcs,Southern,31,"[7, 7, 14, 3]",,,,2747,Wofford,fcs,Southern,23,"[7, 7, 3, 6]",,,,,,,
401328184,2021,4,regular,2021-09-25T18:00:00.000Z,False,True,False,True,,3894,Rhodes Stadium,2210,Elon,fcs,CAA,31,"[0, 14, 0, 17]",,,,2729,William & Mary,fcs,CAA,34,"[14, 7, 6, 7]",,,,,,,
401328289,2021,4,regular,2021-09-25T18:00:00.000Z,False,True,False,False,,3613,Alumni Stadium,2169,Delaware State,fcs,MEAC,10,"[3, 7, 0, 0]",,,,2771,Merrimack,fcs,NEC,47,"[0, 14, 20, 13]",,,,,,,
401329468,2021,4,regular,2021-09-25T18:00:00.000Z,False,True,False,True,,6034,Yager Stadium at Moore Bowl,2687,Washburn,ii,Mid America,47,"[14, 6, 21, 6]",,,,137,Missouri Western,ii,Mid America,41,"[7, 13, 14, 7]",,,,,,,
401329445,2021,4,regular,2021-09-25T18:00:00.000Z,False,True,False,True,,6045,Dwight T. Reed Stadium,2876,Lincoln (MO),ii,Mid America,48,"[7, 6, 22, 7, 6]",,,,196,Northeastern State,ii,Mid America,49,"[7, 0, 28, 7, 7]",,,,,,,
401309554,2021,4,regular,2021-09-25T18:00:00.000Z,False,True,False,False,12317,3980,Waldo Stadium,2711,Western Michigan,fbs,Mid-American,23,"[13, 7, 0, 3]",1,1445,1494,23,San José State,fbs,Mountain West,3,"[3, 0, 0, 0]",0,1467,1418,2.619792662651298,,,
401328555,2021,4,regular,2021-09-25T18:00:00.000Z,False,True,False,True,,3868,Paladin Stadium,231,Furman,fcs,Southern,3,"[3, 0, 0, 0]",,,,2382,Mercer,fcs,Southern,24,"[7, 14, 3, 0]",,,,,,,
401309557,2021,4,regular,2021-09-25T18:00:00.000Z,False,True,False,False,14253,3912,Rynearson Stadium,2199,Eastern Michigan,fbs,Mid-American,59,"[14, 14, 10, 21]",1,1383,1479,326,Texas State,fbs,Sun Belt,21,"[7, 7, 7, 0]",0,1290,1194,3.582472490416003,,,
401309555,2021,4,regular,2021-09-25T18:00:00.000Z,False,True,False,True,14902,3919,Scheumann Stadium,2050,Ball State,fbs,Mid-American,12,"[6, 3, 0, 3]",0.09929764270782471,1408,1387,2649,Toledo,fbs,Mid-American,22,"[7, 7, 0, 8]",0.9007023572921753,1401,1422,5.576798217839938,,,
401329343,2021,4,regular,2021-09-25T18:00:00.000Z,False,True,False,True,,4724,Audrey J. Walton Stadium at Vernon Kennedy Field,2118,Central Missouri,ii,Mid America,28,"[14, 7, 0, 7]",,,,2438,Nebraska Kearney,ii,Mid America,31,"[13, 0, 3, 15]",,,,,,,
401329377,2021,4,regular,2021-09-25T18:30:00.000Z,False,True,False,True,,5134,Bearcat Stadium,138,Northwest Missouri State,ii,Mid America,38,"[0, 14, 10, 14]",,,,2122,Central Oklahoma,ii,Mid America,0,"[0, 0, 0, 0]",,,,,,,
401328414,2021,4,regular,2021-09-25T18:30:00.000Z,False,True,False,True,,3962,Tucker Stadium,2635,Tennessee Tech,fcs,OVC,14,"[7, 0, 7, 0]",,,,2197,Eastern Illinois,fcs,OVC,28,"[0, 14, 7, 7]",,,,,,,
401309861,2021,4,regular,2021-09-25T18:30:00.000Z,False,True,False,True,51483,587,Rice-Eccles Stadium,254,Utah,fbs,Pac-12,24,"[0, 7, 3, 14]",0.9906033873558044,1635,1639,265,Washington State,fbs,Pac-12,13,"[0, 6, 7, 0]",0.009396612644195557,1422,1418,6.696880208773035,,,
401309556,2021,4,regular,2021-09-25T18:30:00.000Z,False,True,False,False,10076,3764,Huskie Stadium,2459,Northern Illinois,fbs,Mid-American,41,"[7, 14, 3, 17]",0.9820166230201721,,,311,Maine,fcs,CAA,14,"[7, 7, 0, 0]",0.01798337697982788,,,3.5669626541916823,,,
401328429,2021,4,regular,2021-09-25T19:00:00.000Z,False,True,False,True,,7003,Houck Field,2546,Southeast Missouri State,fcs,OVC,47,"[3, 13, 17, 14]",,,,2634,Tennessee State,fcs,OVC,14,"[0, 0, 6, 8]",,,,,,,
401329060,2021,4,regular,2021-09-25T19:00:00.000Z,False,True,False,True,,3638,MDU Resources Community Bowl,559,University of Mary,ii,Northern Sun,38,"[10, 14, 7, 7]",,,,2851,Winona State,ii,Northern Sun,48,"[14, 3, 14, 17]",,,,,,,
401328562,2021,4,regular,2021-09-25T19:00:00.000Z,False,True,False,True,,3925,Seibert Stadium,2535,Samford,fcs,Southern,48,"[3, 10, 13, 22, 0]",,,,2193,East Tennessee State,fcs,Southern,55,"[14, 3, 7, 24, 7]",,,,,,,
401329307,2021,4,regular,2021-09-25T19:00:00.000Z,False,True,False,True,,5882,Ralph Stocker Stadium,11,Colorado Mesa,ii,Rocky Mountain,24,"[0, 10, 14, 0]",,,,2123,Chadron State,ii,Rocky Mountain,17,"[3, 0, 7, 7]",,,,,,,
401328667,2021,4,regular,2021-09-25T19:00:00.000Z,False,True,False,False,,3976,Mississippi Veterans Memorial Stadium,2296,Jackson State,fcs,SWAC,24,"[10, 7, 7, 0]",,,,2170,Delta State,ii,Gulf South,17,"[0, 0, 14, 3]",,,,,,,
401329407,2021,4,regular,2021-09-25T19:00:00.000Z,False,True,False,True,,6054,Fred G. Hughes Stadium,2403,Missouri Southern State,ii,Mid America,21,"[7, 0, 0, 14]",,,,2231,Fort Hays,ii,Mid America,42,"[14, 21, 0, 7]",,,,,,,
401328709,2021,4,regular,2021-09-25T19:00:00.000Z,False,True,False,False,,3731,Frost-Kalnow Stadium,2838,Tiffin,ii,Great Midwest Athletic,35,"[7, 21, 7, 0]",,,,2654,Truman State,ii,Great Lakes,38,"[7, 10, 7, 14]",,,,,,,
401329144,2021,4,regular,2021-09-25T19:00:00.000Z,False,True,False,True,,5874,Chet Anderson Stadium,132,Bemidji State,ii,Northern Sun,24,"[0, 10, 0, 14]",,,,2043,Augustana (SD),ii,Northern Sun,52,"[7, 14, 17, 14]",,,,,,,
401328329,2021,4,regular,2021-09-25T19:00:00.000Z,False,True,False,True,,3913,Saluki Stadium,79,Southern Illinois,fcs,MVFC,35,"[0, 0, 14, 21]",,,,2287,Illinois State,fcs,MVFC,17,"[0, 10, 7, 0]",,,,,,,
401328076,2021,4,regular,2021-09-25T19:00:00.000Z,False,True,False,True,,3856,Nottingham Field,2458,Northern Colorado,fcs,Big Sky,17,"[0, 3, 7, 0, 7]",,,,2464,Northern Arizona,fcs,Big Sky,10,"[0, 7, 0, 3, 0]",,,,,,,
401327990,2021,4,regular,2021-09-25T19:00:00.000Z,False,True,False,False,,3908,Roy Kidd Stadium,2198,Eastern Kentucky,fcs,AWC,35,"[7, 7, 14, 7]",,,,2046,Austin Peay,fcs,OVC,27,"[3, 14, 3, 7]",,,,,,,
401329338,2021,4,regular,2021-09-25T19:00:00.000Z,False,True,False,True,,5782,Mountaineer Bowl,2714,Western Colorado,ii,Rocky Mountain,42,"[7, 21, 14, 0]",,,,2237,Fort Lewis,ii,Rocky Mountain,0,"[0, 0, 0, 0]",,,,,,,
401329026,2021,4,regular,2021-09-25T19:00:00.000Z,False,True,False,True,,5877,Lyle Hare Stadium,2069,Black Hills State,ii,Rocky Mountain,51,"[3, 0, 14, 21, 13]",,,,2001,Adams State,ii,Rocky Mountain,48,"[17, 7, 7, 7, 10]",,,,,,,
401328725,2021,4,regular,2021-09-25T19:00:00.000Z,False,True,False,True,,3960,Top Taggart Field,2222,Ferris State,ii,GLIAC,38,"[0, 14, 7, 17]",,,,110254,Davenport,ii,GLIAC,0,"[0, 0, 0, 0]",,,,,,,
401328494,2021,4,regular,2021-09-25T19:00:00.000Z,False,True,False,True,,3934,Southern Nazarene University Football Stadium,200,Southern Nazarene,ii,Great American,10,"[0, 3, 7, 0]",,,,199,Southeastern Oklahoma State,ii,Great American,31,"[7, 17, 7, 0]",,,,,,,
401329087,2021,4,regular,2021-09-25T19:00:00.000Z,False,True,False,True,,3812,Lucas Oil Stadium,2310,Kentucky State,ii,SIAC,34,"[14, 3, 7, 10]",,,,490,Benedict,ii,SIAC,28,"[7, 21, 0, 0]",,,,,,,
401328058,2021,4,regular,2021-09-25T19:00:00.000Z,False,True,False,True,,1930,Holt Arena,304,Idaho State,fcs,Big Sky,21,"[7, 14, 0, 0]",,,,16,Sacramento State,fcs,Big Sky,23,"[7, 7, 6, 3]",,,,,,,
401328030,2021,4,regular,2021-09-25T19:00:00.000Z,False,True,False,True,,3987,Washington-Grizzly Stadium,149,Montana,fcs,Big Sky,39,"[15, 3, 21, 0]",,,,13,Cal Poly,fcs,Big Sky,7,"[0, 0, 0, 7]",,,,,,,
401328270,2021,4,regular,2021-09-25T19:30:00.000Z,False,True,False,False,,3721,Fisher Field,322,Lafayette,fcs,Patriot,24,"[0, 10, 14, 0]",,,,219,Pennsylvania,fcs,Ivy,14,"[0, 7, 7, 0]",,,,,,,
401282082,2021,4,regular,2021-09-25T19:30:00.000Z,False,True,True,True,57992,3687,AT&T Stadium,8,Arkansas,fbs,SEC,20,"[10, 7, 0, 3]",0.959143340587616,1638,1677,245,Texas A&M,fbs,SEC,10,"[0, 3, 7, 0]",0.04085665941238403,1817,1778,2.919541597512384,,,
401282756,2021,4,regular,2021-09-25T19:30:00.000Z,False,True,False,False,65456,3793,Kinnick Stadium,2294,Iowa,fbs,Big Ten,24,"[0, 7, 14, 3]",0.8019399642944336,1883,1870,36,Colorado State,fbs,Mountain West,14,"[0, 14, 0, 0]",0.1980600357055664,1426,1439,5.76574385845396,,,
401286190,2021,4,regular,2021-09-25T19:30:00.000Z,False,True,False,False,12538,3892,Pratt & Whitney Stadium,41,UConn,fbs,FBS Independents,22,"[10, 3, 0, 9]",0.020043255761265755,1006,1033,2751,Wyoming,fbs,Mountain West,24,"[0, 3, 7, 14]",0.9799567442387342,1634,1607,4.984847772925179,,,
401282640,2021,4,regular,2021-09-25T19:30:00.000Z,False,True,False,True,50964,3697,Doak Campbell Stadium,52,Florida State,fbs,ACC,23,"[0, 13, 7, 3]",0.04663829505443573,1345,1344,97,Louisville,fbs,ACC,31,"[17, 14, 0, 0]",0.9533617049455643,1527,1528,4.822697753302973,,,
401282765,2021,4,regular,2021-09-25T19:30:00.000Z,False,True,False,False,30117,3665,SECU Stadium,120,Maryland,fbs,Big Ten,37,"[7, 17, 13, 0]",0.981545627117157,1397,1446,2309,Kent State,fbs,Mid-American,16,"[6, 3, 0, 7]",0.018454372882843018,1386,1337,3.4331374914517174,,,
401282213,2021,4,regular,2021-09-25T19:30:00.000Z,False,True,False,False,29264,3805,Simmons Bank Liberty Stadium,235,Memphis,fbs,American Athletic,28,"[21, 0, 7, 0]",0.4311213493347168,1552,1542,2636,UTSA,fbs,Conference USA,31,"[0, 7, 7, 17]",0.5688786506652832,1470,1480,5.612515214891128,,,
401282775,2021,4,regular,2021-09-25T19:30:00.000Z,False,True,False,True,106943,3558,Michigan Stadium,130,Michigan,fbs,Big Ten,20,"[7, 13, 0, 0]",1,1824,1818,164,Rutgers,fbs,Big Ten,13,"[3, 0, 7, 3]",0,1536,1542,3.2028082925657366,,,
401282643,2021,4,regular,2021-09-25T19:30:00.000Z,False,True,False,True,56919,3670,Carter-Finley Stadium,152,NC State,fbs,ACC,27,"[7, 0, 7, 0, 7, 6]",0.9025352597236633,1532,1560,228,Clemson,fbs,ACC,21,"[7, 0, 0, 7, 7, 0]",0.09746474027633667,1907,1879,8.491995286989763,,,
401287907,2021,4,regular,2021-09-25T19:30:00.000Z,False,True,False,True,42539,4727,McLane Stadium,239,Baylor,fbs,Big 12,31,"[7, 14, 7, 3]",0.706059992313385,1585,1589,66,Iowa State,fbs,Big 12,29,"[7, 6, 10, 6]",0.293940007686615,1839,1835,6.156616819900773,,,
401282716,2021,4,regular,2021-09-25T19:30:00.000Z,False,True,False,True,52840,3907,Ross-Ade Stadium,2509,Purdue,fbs,Big Ten,13,"[6, 0, 0, 7]",0.5785006284713745,1570,1566,356,Illinois,fbs,Big Ten,9,"[0, 3, 3, 3]",0.4214993715286255,1339,1343,5.598778468196925,,,
401310709,2021,4,regular,2021-09-25T19:30:00.000Z,False,True,False,False,7619,538,StubHub Center,21,San Diego State,fbs,Mountain West,48,"[7, 14, 24, 3]",0.9654004573822021,,,119,Towson,fcs,CAA,21,"[7, 7, 0, 7]",0.03459954261779785,,,4.196799937650711,,,
401282083,2021,4,regular,2021-09-25T20:00:00.000Z,False,True,False,False,86650,3785,Jordan-Hare Stadium,2,Auburn,fbs,SEC,34,"[6, 6, 7, 15]",0.7453088760375977,1729,1717,2247,Georgia State,fbs,Sun Belt,24,"[3, 21, 0, 0]",0.25469112396240234,1288,1300,6.926616906176043,,,
401328683,2021,4,regular,2021-09-25T20:00:00.000Z,False,True,False,False,,3729,"Frank ""Muddy"" Waters Stadium",2273,Hillsdale,ii,Great Midwest Athletic,38,"[7, 10, 7, 14]",,,,2402,Missouri S&T,ii,Great Lakes,31,"[10, 14, 7, 0]",,,,,,,
401282639,2021,4,regular,2021-09-25T20:00:00.000Z,False,True,False,False,19128,3982,Wallace Wade Stadium,150,Duke,fbs,ACC,52,"[7, 14, 21, 10]",0.9442391395568848,1322,1342,2305,Kansas,fbs,Big 12,33,"[3, 21, 3, 6]",0.055760860443115234,1080,1060,5.58991567899916,,,
401328146,2021,4,regular,2021-09-25T20:00:00.000Z,False,True,False,False,,3779,Manning Field at John L. Guidry Stadium,2447,Nicholls,fcs,Southland,31,"[0, 3, 14, 14]",,,,2453,North Alabama,fcs,Big South,14,"[7, 7, 0, 0]",,,,,,,
401327998,2021,4,regular,2021-09-25T20:00:00.000Z,False,True,False,False,,3662,AmFirst Stadium,55,Jacksonville State,fcs,AWC,31,"[14, 3, 7, 7]",,,,2630,UT Martin,fcs,OVC,34,"[3, 7, 10, 14]",,,,,,,
401329421,2021,4,regular,2021-09-25T20:00:00.000Z,False,True,False,True,,4431,Chryst Field at Biemesderfer Stadium,210,Millersville,ii,Pennsylvania State Athletic,14,"[0, 7, 7, 0]",,,,223,West Chester,ii,Pennsylvania State Athletic,42,"[7, 14, 7, 14]",,,,,,,
401327917,2021,4,regular,2021-09-25T20:00:00.000Z,False,True,False,True,,3612,Alumni Memorial Stadium (NC),2940,Livingstone,ii,CIAA,0,"[0, 0, 0, 0]",,,,2075,Bowie State,ii,CIAA,49,"[20, 13, 0, 16]",,,,,,,
401328227,2021,4,regular,2021-09-25T20:05:00.000Z,False,True,False,False,,3788,Kenneth P. LaValle Stadium,2619,Stony Brook,fcs,CAA,14,"[7, 0, 0, 7]",,,,2230,Fordham,fcs,Patriot,31,"[7, 7, 14, 3]",,,,,,,
401346619,2021,4,regular,2021-09-25T21:00:00.000Z,False,True,False,False,,3797,Ladd Peebles Stadium,2010,Alabama A&M,fcs,SWAC,45,"[10, 7, 14, 14]",,,,2657,Tuskegee,ii,SIAC,35,"[0, 7, 14, 14]",,,,,,,
401328066,2021,4,regular,2021-09-25T21:00:00.000Z,False,True,False,True,,4765,Hillsboro Stadium,2502,Portland State,fcs,Big Sky,17,"[10, 0, 7, 0]",,,,147,Montana State,fcs,Big Sky,30,"[3, 6, 14, 7]",,,,,,,
401301011,2021,4,regular,2021-09-25T21:00:00.000Z,False,True,False,False,14881,3674,Chapman Stadium,202,Tulsa,fbs,American Athletic,41,"[7, 17, 14, 3]",0.9987132814921362,1510,1506,2032,Arkansas State,fbs,Sun Belt,34,"[14, 0, 17, 3]",0.001286718507863771,1257,1261,4.4930064604,,,
401328663,2021,4,regular,2021-09-25T21:00:00.000Z,False,True,False,True,,499,Cotton Bowl,2504,Prairie View A&M,fcs,SWAC,24,"[7, 3, 7, 7]",,,,2755,Grambling,fcs,SWAC,10,"[0, 7, 3, 0]",,,,,,,
401327969,2021,4,regular,2021-09-25T21:00:00.000Z,False,True,False,True,,3711,Estes Stadium,2110,Central Arkansas,fcs,AWC,35,"[7, 7, 14, 7]",,,,2534,Sam Houston,fcs,AWC,45,"[14, 17, 0, 14]",,,,,,,
401329271,2021,4,regular,2021-09-25T22:00:00.000Z,False,True,False,True,,3859,Offutt Field,611,Seton Hill,ii,Pennsylvania State Athletic,17,"[10, 0, 0, 7]",,,,215,Slippery Rock,ii,Pennsylvania State Athletic,41,"[14, 13, 14, 0]",,,,,,,
401309858,2021,4,regular,2021-09-25T22:00:00.000Z,False,True,False,True,47236,3940,Stanford Stadium,24,Stanford,fbs,Pac-12,24,"[0, 7, 7, 10]",0.061677289505365225,1515,1501,26,UCLA,fbs,Pac-12,35,"[14, 7, 0, 14]",0.9383227104946348,1621,1635,4.6617783538,,,
401328126,2021,4,regular,2021-09-25T22:00:00.000Z,False,True,False,False,,3710,Ernest W. Spangler Stadium,2241,Gardner-Webb,fcs,Big South,52,"[10, 7, 28, 7]",,,,2717,Western Carolina,fcs,Southern,34,"[3, 17, 14, 0]",,,,,,,
401309610,2021,4,regular,2021-09-25T22:00:00.000Z,False,True,False,True,17522,3608,Allen E. Paulson Stadium,290,Georgia Southern,fbs,Sun Belt,20,"[7, 6, 0, 7]",0.6262696981430054,1382,1390,309,Louisiana,fbs,Sun Belt,28,"[0, 14, 14, 0]",0.37373030185699463,1693,1685,5.512452507737965,,,
401328698,2021,4,regular,2021-09-25T22:00:00.000Z,False,True,False,False,,3769,Jack Britt Memorial Stadium,437,Lake Erie,ii,Great Midwest Athletic,20,"[14, 6, 0, 0]",,,,2586,Southwest Baptist,ii,Great Lakes,28,"[7, 7, 14, 0]",,,,,,,
401329653,2021,4,regular,2021-09-25T22:00:00.000Z,False,True,False,True,,6553,Helen and Leonard Moretz Stadium,2331,Lenoir Rhyne,ii,South Atlantic,31,"[0, 17, 7, 7]",,,,2369,Mars Hill,ii,South Atlantic,16,"[0, 0, 8, 8]",,,,,,,
401328514,2021,4,regular,2021-09-25T22:00:00.000Z,False,True,False,False,,36,Leonidoff Field,2368,Marist,fcs,Pioneer,17,"[0, 7, 10, 0]",,,,2803,Bryant,fcs,NEC,34,"[14, 3, 7, 10]",,,,,,,
401328978,2021,4,regular,2021-09-25T22:00:00.000Z,False,True,False,True,,3600,Tom Adams Field,131,Wayne State (MI),ii,GLIAC,21,"[0, 0, 0, 21]",,,,129,Saginaw Valley State,ii,GLIAC,41,"[0, 17, 10, 14]",,,,,,,
401329120,2021,4,regular,2021-09-25T22:00:00.000Z,False,True,False,True,,6217,W.C. Hawkins Stadium,2019,Allen,ii,SIAC,20,"[0, 20, 0, 0]",,,,2232,Fort Valley State,ii,SIAC,56,"[6, 20, 15, 15]",,,,,,,
401328152,2021,4,regular,2021-09-25T22:00:00.000Z,False,True,False,False,,3603,Aggie Stadium,2448,North Carolina A&T,fcs,Big South,37,"[10, 17, 3, 7]",,,,2428,North Carolina Central,fcs,MEAC,14,"[3, 0, 0, 11]",,,,,,,
401282209,2021,4,regular,2021-09-25T22:00:00.000Z,False,True,False,False,18197,3918,S.B. Ballard Stadium,295,Old Dominion,fbs,Conference USA,34,"[7, 0, 14, 13]",0.4165046513080597,1206,1221,2084,Buffalo,fbs,Mid-American,35,"[7, 28, 0, 0]",0.5834953486919403,1563,1548,5.031330545404385,,,
401329333,2021,4,regular,2021-09-25T22:00:00.000Z,False,True,False,True,,3860,O'Harra Stadium,613,South Dakota Mines,ii,Rocky Mountain,7,"[0, 7, 0, 0]",,,,2570,CSU Pueblo,ii,Rocky Mountain,49,"[14, 7, 21, 7]",,,,,,,
401328947,2021,4,regular,2021-09-25T22:00:00.000Z,False,True,False,True,,3952,Ted Wright Stadium,2542,Savannah State,ii,SIAC,29,"[20, 7, 0, 2]",,,,60,Morehouse,ii,SIAC,10,"[0, 0, 2, 8]",,,,,,,
401329139,2021,4,regular,2021-09-25T22:00:00.000Z,False,True,False,False,,3705,Earl Kitchings Stadium,2206,Edward Waters,ii,SIAC,35,"[5, 12, 3, 15]",,,,2323,Lane College,ii,SIAC,45,"[7, 17, 7, 14]",,,,,,,
401328387,2021,4,regular,2021-09-25T22:00:00.000Z,False,True,False,True,,844,Stambaugh Stadium,2754,Youngstown State,fcs,MVFC,35,"[14, 21, 0, 0]",,,,2710,Western Illinois,fcs,MVFC,38,"[7, 7, 21, 3]",,,,,,,
401328617,2021,4,regular,2021-09-25T22:00:00.000Z,False,True,False,True,,4582,Hornet Stadium,2011,Alabama State,fcs,SWAC,38,"[14, 14, 7, 3]",,,,2065,Bethune-Cookman,fcs,SWAC,24,"[7, 10, 0, 7]",,,,,,,
401301007,2021,4,regular,2021-09-25T22:00:00.000Z,False,True,False,False,39218,3699,Dowdy-Ficklen Stadium,151,East Carolina,fbs,American Athletic,31,"[0, 24, 7, 0]",0.5229820013046265,,,2127,Charleston Southern,fcs,Big South,28,"[14, 0, 0, 14]",0.47701799869537354,,,4.711350026931695,,,
401329662,2021,4,regular,2021-09-25T22:00:00.000Z,False,True,False,True,,3760,Hubert Jack Stadium,209,Lock Haven,ii,Pennsylvania State Athletic,21,"[7, 14, 0, 0]",,,,2188,East Stroudsburg,ii,Pennsylvania State Athletic,45,"[21, 10, 0, 14]",,,,,,,
401347706,2021,4,regular,2021-09-25T22:00:00.000Z,False,True,False,True,,6075,W.B. Mason Stadium,284,Stonehill,ii,Northeast 10,27,"[7, 7, 0, 13]",,,,2038,Assumption,ii,Northeast 10,26,"[14, 3, 3, 6]",,,,,,,
401282210,2021,4,regular,2021-09-25T22:30:00.000Z,False,True,False,False,18326,3895,Rice Stadium,242,Rice,fbs,Conference USA,48,"[14, 6, 14, 14]",1,,,2640,Texas Southern,fcs,SWAC,34,"[0, 6, 7, 21]",0,,,2.4238096532363667,,,
401328961,2021,4,regular,2021-09-25T23:00:00.000Z,False,True,False,True,,6027,Albert J. H. Sloan - Alumni Stadium,2396,Miles,ii,SIAC,55,"[14, 20, 21, 0]",,,,2119,Central State,ii,SIAC,4,"[0, 2, 2, 0]",,,,,,,
401327963,2021,4,regular,2021-09-25T23:00:00.000Z,False,True,False,True,,3813,"Luther ""Nick"" Jeralds Stadium",2220,Fayetteville State,ii,CIAA,28,"[0, 15, 3, 10]",,,,330,Virginia State,ii,CIAA,14,"[7, 0, 7, 0]",,,,,,,
401328399,2021,4,regular,2021-09-25T23:00:00.000Z,False,True,False,True,,5113,Ruggles Field at Carpenter-Haygood Stadium,2271,Henderson State,ii,Great American,56,"[0, 35, 14, 7]",,,,2568,Southern Arkansas,ii,Great American,49,"[28, 0, 7, 14]",,,,,,,
401329071,2021,4,regular,2021-09-25T23:00:00.000Z,False,True,False,True,,3951,Swisher Field,425,Northern State,ii,Northern Sun,41,"[21, 10, 7, 3]",,,,2894,Sioux Falls,ii,Northern Sun,10,"[0, 3, 7, 0]",,,,,,,
401329080,2021,4,regular,2021-09-25T23:00:00.000Z,False,True,False,True,,5867,Albany State University Coliseum,2013,Albany State,ii,SIAC,49,"[14, 21, 0, 14]",,,,2805,Clark Atlanta,ii,SIAC,0,"[0, 0, 0, 0]",,,,,,,
401331755,2021,4,regular,2021-09-25T23:00:00.000Z,False,True,False,False,,4750,The Reservation,2336,Limestone,ii,South Atlantic,7,"[0, 0, 0, 7]",,,,122666,Barton,ii,Independent DII,45,"[10, 21, 14, 0]",,,,,,,
401333047,2021,4,regular,2021-09-25T23:00:00.000Z,False,True,False,True,,6051,James S. Malosky Stadium,134,Minnesota Duluth,ii,Northern Sun,28,"[7, 14, 0, 7]",,,,2844,Wayne State (NE),ii,Northern Sun,31,"[0, 28, 0, 3]",,,,,,,
401328391,2021,4,regular,2021-09-25T23:00:00.000Z,False,True,False,True,,5885,First Security Stadium,2264,Harding,ii,Great American,38,"[14, 10, 0, 14]",,,,2888,Ouachita Baptist,ii,Great American,21,"[7, 0, 7, 7]",,,,,,,
401328467,2021,4,regular,2021-09-25T23:00:00.000Z,False,True,False,True,,6073,Milam Stadium,2927,Southwestern Oklahoma State,ii,Great American,27,"[7, 13, 7, 0]",,,,319,Oklahoma Baptist,ii,Great American,31,"[14, 7, 10, 0]",,,,,,,
401329094,2021,4,regular,2021-09-25T23:00:00.000Z,False,True,False,False,,5879,Tomlinson Stadium,2120,Central Washington,ii,Great Northwest,9,"[0, 3, 3, 3]",,,,2025,Angelo State,ii,Lone Star,14,"[0, 7, 0, 7]",,,,,,,
401329494,2021,4,regular,2021-09-25T23:00:00.000Z,False,True,False,True,,6052,Herb Parker Stadium,568,Minot State,ii,Northern Sun,10,"[3, 0, 0, 7]",,,,2364,Minnesota State,ii,Northern Sun,68,"[21, 19, 7, 21]",,,,,,,
401328279,2021,4,regular,2021-09-25T23:00:00.000Z,False,True,False,True,,5870,Thone Stadium at Buerkle Field,2033,Arkansas Tech,ii,Great American,20,"[0, 10, 3, 7]",,,,2028,Arkansas Monticello,ii,Great American,27,"[7, 0, 6, 14]",,,,,,,
401328347,2021,4,regular,2021-09-25T23:00:00.000Z,False,True,False,True,,4763,Ranger Field,2823,Northwestern (OK),ii,Great American,17,"[0, 7, 0, 7, 3]",,,,2191,East Central,ii,Great American,20,"[7, 0, 0, 7, 6]",,,,,,,
401333439,2021,4,regular,2021-09-25T23:00:00.000Z,False,True,False,False,,3756,Homer Bryce Stadium,2617,Stephen F. Austin,fcs,Western Athletic,61,"[24, 14, 7, 16]",,,,124179,Lincoln (CA),,,13,"[0, 6, 0, 7]",,,,,,,
401328006,2021,4,regular,2021-09-25T23:00:00.000Z,False,True,False,True,,3882,Provost Umphrey Stadium,2320,Lamar,fcs,Western Athletic,0,"[0, 0, 0, 0]",,,,2000,Abilene Christian,fcs,Western Athletic,56,"[14, 14, 21, 7]",,,,,,,
401328025,2021,4,regular,2021-09-25T23:00:00.000Z,False,True,False,False,,3827,"Memorial Stadium (Stephenville, TX)",2627,Tarleton State,fcs,Western Athletic,40,"[23, 7, 7, 3]",,,,2424,New Mexico Highlands,ii,Rocky Mountain,21,"[0, 14, 0, 7]",,,,,,,
401282784,2021,4,regular,2021-09-25T23:00:00.000Z,False,True,False,True,70332,3936,Spartan Stadium,127,Michigan State,fbs,Big Ten,23,"[0, 13, 0, 7, 3]",0.5602991580963135,1554,1555,158,Nebraska,fbs,Big Ten,20,"[0, 10, 3, 7, 0]",0.4397008419036865,1573,1572,6.568055788307866,,,
401282084,2021,4,regular,2021-09-25T23:00:00.000Z,False,True,False,True,88478,3634,Ben Hill Griffin Stadium,57,Florida,fbs,SEC,38,"[10, 7, 14, 7]",1,1744,1779,2633,Tennessee,fbs,SEC,14,"[7, 7, 0, 0]",0,1517,1482,4.499267607749175,,,
401282205,2021,4,regular,2021-09-25T23:00:00.000Z,False,True,False,True,15488,3776,Joe Aillet Stadium,2348,Louisiana Tech,fbs,Conference USA,24,"[14, 10, 0, 0]",1,1350,1351,249,North Texas,fbs,Conference USA,17,"[0, 7, 0, 10]",0,1185,1184,2.808222802056738,,,
401301008,2021,4,regular,2021-09-25T23:00:00.000Z,False,True,False,True,25054,4728,TDECU Stadium,248,Houston,fbs,American Athletic,28,"[7, 0, 7, 14]",0.9980470538139343,1558,1553,2426,Navy,fbs,American Athletic,20,"[7, 10, 0, 3]",0.0019529461860656738,1260,1265,4.705596900001431,,,
401282087,2021,4,regular,2021-09-25T23:00:00.000Z,False,True,False,True,77559,3994,Williams-Brice Stadium,2579,South Carolina,fbs,SEC,10,"[0, 0, 7, 3]",0.1861615777015686,1382,1387,96,Kentucky,fbs,SEC,16,"[7, 3, 3, 3]",0.8138384222984314,1598,1593,4.949914017775569,,,
401287909,2021,4,regular,2021-09-25T23:00:00.000Z,False,True,False,True,51444,3646,Boone Pickens Stadium,197,Oklahoma State,fbs,Big 12,31,"[21, 10, 0, 0]",0.9720150828361511,1663,1674,2306,Kansas State,fbs,Big 12,20,"[10, 3, 7, 0]",0.027984917163848877,1547,1536,3.0374337660544484,,,
401282641,2021,4,regular,2021-09-25T23:30:00.000Z,False,True,True,True,37450,5348,Mercedes-Benz Stadium,59,Georgia Tech,fbs,ACC,45,"[0, 13, 14, 18]",1,1383,1503,153,North Carolina,fbs,ACC,22,"[7, 0, 7, 8]",0,1804,1684,4.229955878165115,,,
401282081,2021,4,regular,2021-09-25T23:30:00.000Z,False,True,False,False,100077,3657,Bryant-Denny Stadium,333,Alabama,fbs,SEC,63,"[21, 21, 7, 14]",0.9960084557533264,2104,2145,2572,Southern Miss,fbs,Conference USA,14,"[0, 7, 0, 7]",0.003991544246673584,1278,1237,1.80722172163553,,,
401282811,2021,4,regular,2021-09-25T23:30:00.000Z,False,True,False,False,95178,3861,Ohio Stadium,194,Ohio State,fbs,Big Ten,59,"[14, 24, 14, 7]",0.9851008653640747,1893,1934,2006,Akron,fbs,Mid-American,7,"[7, 0, 0, 0]",0.014899134635925293,991,950,3.5655789068721484,,,
401287908,2021,4,regular,2021-09-25T23:30:00.000Z,False,True,False,True,84353,3835,"Memorial Stadium (Norman, OK)",201,Oklahoma,fbs,Big 12,16,"[7, 0, 3, 6]",0.7274698615074158,1863,1860,277,West Virginia,fbs,Big 12,13,"[7, 3, 3, 0]",0.27253013849258423,1543,1546,5.87871219672933,,,
401309611,2021,4,regular,2021-09-26T00:00:00.000Z,False,True,False,True,12766,3817,Malone Stadium,2433,UL Monroe,fbs,Sun Belt,29,"[7, 3, 10, 9]",0.9559217095375061,1058,1122,2653,Troy,fbs,Sun Belt,16,"[0, 3, 7, 6]",0.044078290462493896,1465,1401,3.0870771080971,,,
401328354,2021,4,regular,2021-09-26T00:00:00.000Z,False,True,False,True,,3878,Plaster Sports Complex,2623,Missouri State,fcs,MVFC,31,"[7, 7, 3, 14]",,,,233,South Dakota,fcs,MVFC,23,"[14, 9, 0, 0]",,,,,,,
401282211,2021,4,regular,2021-09-26T00:00:00.000Z,False,True,False,False,16023,4729,Yulman Stadium,2655,Tulane,fbs,American Athletic,21,"[0, 14, 0, 7]",0.006795130670070648,1490,1477,5,UAB,fbs,Conference USA,28,"[7, 14, 7, 0]",0.9932048693299294,1492,1505,4.184731000623921,,,
401328040,2021,4,regular,2021-09-26T00:00:00.000Z,False,True,False,True,,3706,Eccles Coliseum,253,Southern Utah,fcs,Big Sky,21,"[7, 7, 7, 0]",,,,331,Eastern Washington,fcs,Big Sky,50,"[9, 21, 13, 7]",,,,,,,
401328100,2021,4,regular,2021-09-26T00:00:00.000Z,False,True,False,True,,3942,Stewart Stadium,2692,Weber State,fcs,Big Sky,14,"[0, 7, 7, 0]",,,,302,UC Davis,fcs,Big Sky,17,"[0, 7, 3, 7]",,,,,,,
401282207,2021,4,regular,2021-09-26T00:00:00.000Z,False,True,False,False,19763,3713,Falcon Stadium,2005,Air Force,fbs,Mountain West,31,"[14, 10, 7, 0]",0.9978662133216858,1604,1660,2226,Florida Atlantic,fbs,Conference USA,7,"[0, 7, 0, 0]",0.002133786678314209,1575,1519,1.8770496330148783,,,
401282214,2021,4,regular,2021-09-26T00:00:00.000Z,False,True,False,False,25171,3796,Houchens Industries-L.T. Smith Stadium,98,Western Kentucky,fbs,Conference USA,31,"[0, 14, 10, 7]",0.5604697465896606,1401,1408,84,Indiana,fbs,Big Ten,33,"[14, 9, 3, 7]",0.43953025341033936,1586,1579,6.176150893942768,,,
401310708,2021,4,regular,2021-09-26T00:00:00.000Z,False,True,False,False,13932,3601,Aggie Memorial Stadium,166,New Mexico State,fbs,FBS Independents,21,"[3, 10, 0, 8]",0.0042155347764492035,1172,1140,62,Hawai'i,fbs,Mountain West,41,"[10, 7, 7, 17]",0.9957844652235508,1345,1377,6.410557675776439,,,
401329321,2021,4,regular,2021-09-26T00:00:00.000Z,False,True,False,False,,5884,Buffalo Stadium,2704,West Texas,ii,Lone Star,13,"[10, 3, 0, 0]",,,,2146,Colorado School of Mines,ii,Rocky Mountain,21,"[0, 0, 14, 7]",,,,,,,
401329463,2021,4,regular,2021-09-26T00:00:00.000Z,False,True,False,True,,3633,Ben Altamirano Field,2703,Western New Mexico,ii,Lone Star,19,"[3, 0, 3, 13]",,,,110243,UT Permian Basin,ii,Lone Star,27,"[7, 3, 7, 10]",,,,,,,
401329154,2021,4,regular,2021-09-26T00:00:00.000Z,False,True,False,True,,6076,Javelina Stadium,2658,Texas A&M-Kingsville,ii,Lone Star,10,"[0, 3, 7, 0]",,,,2837,East Texas A&M,ii,Lone Star,35,"[14, 7, 7, 7]",,,,,,,
401329002,2021,4,regular,2021-09-26T00:00:00.000Z,False,True,False,True,,6053,Robinson-Hale Stadium,2401,Mississippi College,ii,Gulf South,28,"[0, 14, 7, 7]",,,,2695,West Alabama,ii,Gulf South,31,"[7, 7, 0, 17]",,,,,,,
401329397,2021,4,regular,2021-09-26T00:00:00.000Z,False,True,False,True,,6067,Carnie Smith Stadium,90,Pittsburg State,ii,Mid America,30,"[14, 7, 6, 3]",,,,2214,Emporia State,ii,Mid America,28,"[7, 7, 7, 7]",,,,,,,
401329107,2021,4,regular,2021-09-26T00:00:00.000Z,False,True,False,True,,6049,"Memorial Stadium (Wichita Falls, TX)",2395,Midwestern State,ii,Lone Star,31,"[17, 0, 0, 7, 7]",,,,2201,Eastern New Mexico,ii,Lone Star,24,"[0, 0, 3, 21, 0]",,,,,,,
401329050,2021,4,regular,2021-09-26T01:00:00.000Z,False,True,False,True,,3728,Terry Fox Field,2829,Simon Fraser,ii,Great Northwest,7,"[0, 0, 7, 0]",,,,2848,Western Oregon,ii,Great Northwest,24,"[0, 7, 7, 10]",,,,,,,
401282212,2021,4,regular,2021-09-26T01:00:00.000Z,False,True,False,False,15069,3946,Sun Bowl,2638,UTEP,fbs,Conference USA,20,"[0, 3, 14, 3]",0.9139948487281799,1221,1234,167,New Mexico,fbs,Mountain West,13,"[7, 6, 0, 0]",0.08600515127182007,1276,1263,4.722031084737151,,,
401309857,2021,4,regular,2021-09-26T01:30:00.000Z,False,True,False,True,60104,3765,Husky Stadium,264,Washington,fbs,Pac-12,31,"[7, 14, 3, 0, 7]",0.6124690175056458,1719,1714,25,California,fbs,Pac-12,24,"[7, 3, 7, 7, 0]",0.38753098249435425,1456,1461,5.966520596852121,,,
401301009,2021,4,regular,2021-09-26T02:15:00.000Z,False,True,False,False,60217,3801,LaVell Edwards Stadium,252,BYU,fbs,FBS Independents,35,"[21, 7, 7, 0]",0.9780120849609375,1821,1797,58,South Florida,fbs,American Athletic,27,"[0, 6, 14, 7]",0.0219879150390625,1149,1173,1.8900972732630712,,,
401309859,2021,4,regular,2021-09-26T02:30:00.000Z,False,True,False,True,50024,3626,Autzen Stadium,2483,Oregon,fbs,Pac-12,41,"[17, 7, 0, 17]",0.9945515990257263,1730,1738,12,Arizona,fbs,Pac-12,19,"[7, 3, 9, 0]",0.005448400974273682,1272,1264,3.872257345045719,,,
401309860,2021,4,regular,2021-09-26T02:30:00.000Z,False,True,False,True,51564,477,Los Angeles Memorial Coliseum,30,USC,fbs,Pac-12,27,"[7, 10, 0, 10]",0.010917704552412033,1688,1619,204,Oregon State,fbs,Pac-12,45,"[7, 14, 14, 10]",0.989082295447588,1471,1540,5.811973673752435,,,
401309862,2021,4,regular,2021-09-26T02:30:00.000Z,False,True,False,True,44803,3947,Mountain America Stadium,9,Arizona State,fbs,Pac-12,35,"[7, 7, 7, 14]",0.9977307555891679,1663,1688,38,Colorado,fbs,Pac-12,13,"[0, 3, 7, 3]",0.002269244410832094,1391,1366,2.9006721867,,,
401328674,2021,5,regular,2021-09-26T19:00:00.000Z,False,True,True,True,,3976,Mississippi Veterans Memorial Stadium,2400,Mississippi Valley State,fcs,SWAC,25,"[6, 0, 13, 6]",,,,2582,Southern,fcs,SWAC,38,"[3, 21, 14, 0]",,,,,,,
401328716,2021,5,regular,2021-09-30T23:00:00.000Z,False,True,False,True,,3718,Tom Benson Hall of Fame Stadium,2682,Walsh,ii,Great Midwest Athletic,10,"[0, 3, 0, 7]",,,,308,Ashland,ii,Great Midwest Athletic,35,"[14, 7, 14, 0]",,,,,,,
401282646,2021,5,regular,2021-09-30T23:30:00.000Z,False,True,False,True,37269,3948,Hard Rock Stadium,2390,Miami,fbs,ACC,28,"[0, 7, 14, 7]",0.6919751167297363,1522,1518,258,Virginia,fbs,ACC,30,"[9, 7, 11, 3]",0.30802488327026367,1500,1504,6.5391008272659334,,,
401328635,2021,5,regular,2021-09-30T23:30:00.000Z,False,True,False,True,,5238,Panther Stadium,2504,Prairie View A&M,fcs,SWAC,27,"[14, 7, 6, 0]",,,,2029,Arkansas-Pine Bluff,fcs,SWAC,17,"[3, 6, 0, 8]",,,,,,,
401347703,2021,5,regular,2021-10-01T23:00:00.000Z,False,True,False,True,,6071,Jess Dow Field,2583,Southern Connecticut State,ii,Northeast 10,23,"[0, 10, 6, 7]",,,,2022,American International,ii,Northeast 10,7,"[7, 0, 0, 0]",,,,,,,
401328264,2021,5,regular,2021-10-01T23:00:00.000Z,False,True,False,True,,3730,Franklin Field,219,Pennsylvania,fcs,Ivy,7,"[7, 0, 0, 0]",,,,159,Dartmouth,fcs,Ivy,31,"[7, 17, 0, 7]",,,,,,,
401301012,2021,5,regular,2021-10-01T23:30:00.000Z,False,True,False,True,15890,3674,Chapman Stadium,202,Tulsa,fbs,American Athletic,10,"[0, 3, 0, 7]",0.0032408263068646193,1506,1410,248,Houston,fbs,American Athletic,45,"[14, 14, 7, 10]",0.9967591736931354,1553,1649,3.0885914587528704,,,
401282759,2021,5,regular,2021-10-02T00:00:00.000Z,False,True,False,True,45527,3665,SECU Stadium,120,Maryland,fbs,Big Ten,14,"[7, 0, 7, 0]",0.024550842121243477,1446,1392,2294,Iowa,fbs,Big Ten,51,"[3, 31, 10, 7]",0.9754491578787565,1870,1924,3.373758090729742,,,
401309912,2021,5,regular,2021-10-02T01:00:00.000Z,False,True,False,False,25240,3905,Maverik Stadium,328,Utah State,fbs,Mountain West,20,"[3, 10, 0, 7]",0.017604537308216095,1336,1345,252,BYU,fbs,FBS Independents,34,"[10, 14, 0, 10]",0.9823954626917839,1797,1788,4.17533455318814,,,
401282650,2021,5,regular,2021-10-02T16:00:00.000Z,False,True,False,True,45812,3787,Kenan Stadium,153,North Carolina,fbs,ACC,38,"[7, 17, 0, 14]",0.9221514463424683,1684,1727,150,Duke,fbs,ACC,7,"[0, 0, 7, 0]",0.07784855365753174,1342,1299,2.8045308946703615,,,
401282649,2021,5,regular,2021-10-02T16:00:00.000Z,False,True,False,True,36383,721,Bobby Dodd Stadium,59,Georgia Tech,fbs,ACC,21,"[7, 7, 7, 0]",0.014136905781924725,1503,1428,221,Pittsburgh,fbs,ACC,52,"[21, 21, 7, 3]",0.9858630942180753,1600,1675,3.3831256405340815,,,
401328212,2021,5,regular,2021-10-02T16:00:00.000Z,False,True,False,True,,3824,Meade Stadium,227,Rhode Island,fcs,CAA,27,"[0, 10, 3, 7, 7]",,,,2619,Stony Brook,fcs,CAA,20,"[7, 0, 6, 7, 0]",,,,,,,
401282793,2021,5,regular,2021-10-02T16:00:00.000Z,False,True,False,True,51111,3907,Ross-Ade Stadium,2509,Purdue,fbs,Big Ten,13,"[3, 10, 0, 0]",0.0498960018157959,1566,1555,135,Minnesota,fbs,Big Ten,20,"[7, 3, 7, 3]",0.9501039981842041,1592,1603,5.706476472890103,,,
401328500,2021,5,regular,2021-10-02T16:00:00.000Z,False,True,False,True,,3664,Butler Bowl,2086,Butler,fcs,Pioneer,3,"[0, 3, 0, 0]",,,,2181,Drake,fcs,Pioneer,6,"[0, 0, 6, 0]",,,,,,,
401309561,2021,5,regular,2021-10-02T16:00:00.000Z,False,True,False,True,17344,3965,UB Stadium,2084,Buffalo,fbs,Mid-American,17,"[7, 0, 3, 7]",0.0952180027961731,1548,1531,2711,Western Michigan,fbs,Mid-American,24,"[7, 0, 0, 17]",0.9047819972038269,1494,1511,5.397331786624729,,,
401329359,2021,5,regular,2021-10-02T16:00:00.000Z,False,True,False,True,,5133,Ram Stadium (WV),2974,Shepherd,ii,Pennsylvania State Athletic,59,"[21, 14, 21, 3]",,,,2559,Shippensburg,ii,Pennsylvania State Athletic,27,"[7, 7, 0, 13]",,,,,,,
401329435,2021,5,regular,2021-10-02T16:00:00.000Z,False,True,False,True,,5121,University of Charleston Stadium,2128,Charleston (WV),ii,Mountain East,38,"[3, 14, 7, 14]",,,,587,Notre Dame College,ii,Mountain East,28,"[7, 7, 7, 7]",,,,,,,
401282090,2021,5,regular,2021-10-02T16:00:00.000Z,False,True,False,True,92746,3917,Sanford Stadium,61,Georgia,fbs,SEC,37,"[21, 3, 3, 10]",0.9967981788460936,2033,2093,8,Arkansas,fbs,SEC,0,"[0, 0, 0, 0]",0.0032018211539064367,1677,1617,1.4536321771,,,
401328298,2021,5,regular,2021-10-02T16:00:00.000Z,False,True,False,False,,3762,Hughes Stadium,2415,Morgan State,fcs,MEAC,14,"[0, 7, 0, 7]",,,,2598,Saint Francis,fcs,NEC,27,"[0, 7, 17, 3]",,,,,,,
401286302,2021,5,regular,2021-10-02T16:00:00.000Z,False,True,False,False,9456,3985,Warren McGuirk Alumni Stadium,113,Massachusetts,fbs,FBS Independents,7,"[0, 0, 0, 7]",0.010098212398588657,941,891,2649,Toledo,fbs,Mid-American,45,"[7, 24, 7, 7]",0.9899017876014113,1422,1472,3.5234069729378024,,,
401301015,2021,5,regular,2021-10-02T16:00:00.000Z,False,True,False,True,28573,3806,Lincoln Financial Field,218,Temple,fbs,American Athletic,34,"[0, 17, 7, 10]",0.7814165949821472,1177,1183,235,Memphis,fbs,American Athletic,31,"[3, 14, 6, 8]",0.21858340501785278,1542,1536,5.893969753465575,,,
401282776,2021,5,regular,2021-10-02T16:00:00.000Z,False,True,False,True,74855,347,Camp Randall Stadium,275,Wisconsin,fbs,Big Ten,17,"[0, 10, 0, 7]",0,1696,1656,130,Michigan,fbs,Big Ten,38,"[7, 6, 7, 18]",1,1818,1858,4.008210733844665,,,
401329427,2021,5,regular,2021-10-02T16:00:00.000Z,False,True,False,True,,4431,Chryst Field at Biemesderfer Stadium,210,Millersville,ii,Pennsylvania State Athletic,31,"[7, 7, 11, 6]",,,,209,Lock Haven,ii,Pennsylvania State Athletic,29,"[7, 16, 0, 6]",,,,,,,
401328926,2021,5,regular,2021-10-02T16:00:00.000Z,False,True,False,True,,6066,Pace Stadium,2487,Pace,ii,Northeast 10,14,"[7, 7, 0, 0]",,,,2441,New Haven,ii,Northeast 10,28,"[0, 14, 0, 14]",,,,,,,
401339819,2021,5,regular,2021-10-02T16:00:00.000Z,False,True,False,False,,3741,Goodman Stadium,2329,Lehigh,fcs,Patriot,0,"[0, 0, 0, 0]",,,,43,Yale,fcs,Ivy,34,"[7, 14, 7, 6]",,,,,,,
401287915,2021,5,regular,2021-10-02T16:00:00.000Z,False,True,False,True,43337,3616,Amon G. Carter Stadium,2628,TCU,fbs,Big 12,27,"[14, 3, 3, 7]",0.5470786094665527,1620,1630,251,Texas,fbs,Big 12,32,"[13, 10, 3, 6]",0.45292139053344727,1903,1893,6.5750622079594505,,,
401282093,2021,5,regular,2021-10-02T16:00:00.000Z,False,True,False,True,45655,3838,Memorial Stadium,142,Missouri,fbs,SEC,24,"[3, 7, 7, 7]",0.0027594342827796936,1502,1386,2633,Tennessee,fbs,SEC,62,"[28, 17, 10, 7]",0.9972405657172203,1482,1598,3.0925286521415387,,,
401282219,2021,5,regular,2021-10-02T16:00:00.000Z,False,True,False,False,30559,3832,"Memorial Stadium (Champaign, IL)",356,Illinois,fbs,Big Ten,24,"[3, 7, 14, 0]",0.9703368544578552,1343,1360,2429,Charlotte,fbs,Conference USA,14,"[7, 7, 0, 0]",0.029663145542144775,1338,1321,4.406535411258381,,,
401329233,2021,5,regular,2021-10-02T16:05:00.000Z,False,True,False,True,,4432,Andre Reed Stadium,2315,Kutztown,ii,Pennsylvania State Athletic,21,"[14, 0, 0, 7]",,,,2188,East Stroudsburg,ii,Pennsylvania State Athletic,14,"[0, 7, 0, 7]",,,,,,,
401282651,2021,5,regular,2021-10-02T16:30:00.000Z,False,True,False,True,29077,3630,Allegacy Federal Credit Union Stadium,154,Wake Forest,fbs,ACC,37,"[10, 10, 7, 10]",0.1341511309146881,1652,1651,97,Louisville,fbs,ACC,34,"[10, 7, 0, 17]",0.8658488690853119,1528,1529,6.9812762330224984,,,
401328472,2021,5,regular,2021-10-02T16:30:00.000Z,False,True,False,True,,3847,Cooper Field,46,Georgetown,fcs,Patriot,21,"[0, 14, 7, 0]",,,,2142,Colgate,fcs,Patriot,28,"[14, 7, 0, 7]",,,,,,,
401329326,2021,5,regular,2021-10-02T17:00:00.000Z,False,True,False,True,,6048,Duane Stadium,2771,Merrimack,fcs,NEC,14,"[7, 7, 0, 0]",,,,2184,Duquesne,fcs,NEC,37,"[0, 17, 13, 7]",,,,,,,
401329041,2021,5,regular,2021-10-02T17:00:00.000Z,False,True,False,True,,3606,Scheels Field at Nemzek Stadium,2817,Minnesota St Moorhead,ii,Northern Sun,21,"[0, 7, 7, 7]",,,,134,Minnesota Duluth,ii,Northern Sun,26,"[0, 0, 14, 12]",,,,,,,
401328726,2021,5,regular,2021-10-02T17:00:00.000Z,False,True,False,True,,3927,Sherman Field,2392,Michigan Tech,ii,GLIAC,31,"[14, 14, 0, 3]",,,,110254,Davenport,ii,GLIAC,7,"[0, 7, 0, 0]",,,,,,,
401329387,2021,5,regular,2021-10-02T17:00:00.000Z,False,True,False,True,,5886,West Family Stadium,2699,West Liberty,ii,Mountain East,20,"[14, 6, 0, 0]",,,,2249,Glenville State,ii,Mountain East,19,"[3, 7, 9, 0]",,,,,,,
401328127,2021,5,regular,2021-10-02T17:00:00.000Z,False,True,False,True,,5389,Kessler Stadium,2405,Monmouth,fcs,Big South,54,"[20, 13, 14, 7]",,,,2241,Gardner-Webb,fcs,Big South,17,"[0, 7, 7, 3]",,,,,,,
401332301,2021,5,regular,2021-10-02T17:00:00.000Z,False,True,False,False,,3990,William H. Greene Stadium,47,Howard,fcs,MEAC,22,"[3, 6, 0, 13]",,,,2529,Sacred Heart,fcs,NEC,17,"[14, 3, 0, 0]",,,,,,,
401328454,2021,5,regular,2021-10-02T17:00:00.000Z,False,True,False,True,,6065,Cliff Harris Stadium,2888,Ouachita Baptist,ii,Great American,64,"[19, 24, 7, 14]",,,,2823,Northwestern (OK),ii,Great American,17,"[3, 7, 7, 0]",,,,,,,
401328948,2021,5,regular,2021-10-02T17:00:00.000Z,False,True,False,True,,6042,Alumni Stadium (KY),2310,Kentucky State,ii,SIAC,17,"[7, 3, 0, 7]",,,,2542,Savannah State,ii,SIAC,21,"[14, 7, 0, 0]",,,,,,,
401328019,2021,5,regular,2021-10-02T17:00:00.000Z,False,True,False,True,,6032,Hovey Field,2676,Virginia Union,ii,CIAA,7,"[0, 0, 7, 0]",,,,2551,Shaw,ii,CIAA,27,"[10, 7, 3, 7]",,,,,,,
401337825,2021,5,regular,2021-10-02T17:00:00.000Z,False,True,False,True,,4416,Spec Martin Municipal Stadium,56,Stetson,fcs,Pioneer,28,"[14, 7, 0, 7]",,,,2166,Davidson,fcs,Pioneer,35,"[7, 7, 14, 7]",,,,,,,
401328515,2021,5,regular,2021-10-02T17:00:00.000Z,False,True,False,True,,3655,Brown Field,2674,Valparaiso,fcs,Pioneer,24,"[7, 0, 0, 14, 3]",,,,2368,Marist,fcs,Pioneer,27,"[7, 6, 8, 0, 6]",,,,,,,
401328588,2021,5,regular,2021-10-02T17:00:00.000Z,False,True,False,True,,3686,Cowboy Stadium,2377,McNeese,fcs,Southland,35,"[7, 0, 14, 14]",,,,2545,SE Louisiana,fcs,Southland,38,"[14, 10, 7, 7]",,,,,,,
401328153,2021,5,regular,2021-10-02T17:00:00.000Z,False,True,False,True,,3603,Aggie Stadium,2448,North Carolina A&T,fcs,Big South,41,"[10, 10, 7, 14]",,,,2523,Robert Morris,fcs,Big South,14,"[0, 7, 7, 0]",,,,,,,
401334758,2021,5,regular,2021-10-02T17:00:00.000Z,False,True,False,True,,5263,Steele Stadium,2316,Kentucky Wesleyan,ii,Great Midwest Athletic,30,"[0, 10, 7, 13]",,,,2477,Ohio Dominican,ii,Great Midwest Athletic,32,"[7, 13, 0, 12]",,,,,,,
401328240,2021,5,regular,2021-10-02T17:00:00.000Z,False,True,False,True,,3881,Princeton University Stadium,163,Princeton,fcs,Ivy,24,"[3, 7, 0, 14]",,,,171,Columbia,fcs,Ivy,7,"[0, 0, 7, 0]",,,,,,,
401328770,2021,5,regular,2021-10-02T17:00:00.000Z,False,True,False,True,,3747,Hantz Stadium,2886,Northwood,ii,GLIAC,25,"[3, 14, 0, 8]",,,,2222,Ferris State,ii,GLIAC,67,"[12, 27, 14, 14]",,,,,,,
401329654,2021,5,regular,2021-10-02T17:00:00.000Z,False,True,False,True,,6046,Meares Stadium,2369,Mars Hill,ii,South Atlantic,28,"[0, 8, 14, 0, 6]",,,,2444,Newberry,ii,South Atlantic,22,"[0, 7, 0, 15, 0]",,,,,,,
401329134,2021,5,regular,2021-10-02T17:00:00.000Z,False,True,False,True,,4749,McPherson Memorial Stadium,2119,Central State,ii,SIAC,34,"[26, 2, 6, 0]",,,,2019,Allen,ii,SIAC,46,"[22, 18, 0, 6]",,,,,,,
401334781,2021,5,regular,2021-10-02T17:00:00.000Z,False,True,False,True,,6211,Sodexo Field,112334,Franklin Pierce,ii,Northeast 10,28,"[0, 13, 7, 8, 0]",,,,2038,Assumption,ii,Northeast 10,35,"[7, 7, 7, 7, 7]",,,,,,,
401334770,2021,5,regular,2021-10-02T17:00:00.000Z,False,True,False,True,,3642,Bobcat Stadium (MD),341,Frostburg State,ii,Mountain East,51,"[14, 14, 2, 21]",,,,2882,UNC Pembroke,ii,Mountain East,21,"[7, 7, 0, 7]",,,,,,,
401328488,2021,5,regular,2021-10-02T17:30:00.000Z,False,True,False,False,,3722,Fitton Field,107,Holy Cross,fcs,Patriot,13,"[0, 0, 13, 0]",,,,108,Harvard,fcs,Ivy,38,"[7, 17, 0, 14]",,,,,,,
401328324,2021,5,regular,2021-10-02T17:30:00.000Z,False,True,False,False,,3864,Oliver C. Dawson Stadium,2569,South Carolina State,fcs,MEAC,42,"[14, 14, 14, 0]",,,,2065,Bethune-Cookman,fcs,SWAC,35,"[7, 0, 0, 28]",,,,,,,
401328537,2021,5,regular,2021-10-02T17:30:00.000Z,False,True,False,True,,3720,Finley Stadium,236,Chattanooga,fcs,Southern,45,"[21, 3, 7, 14]",,,,2717,Western Carolina,fcs,Southern,17,"[3, 7, 0, 7]",,,,,,,
401328508,2021,5,regular,2021-10-02T18:00:00.000Z,False,True,False,True,,3774,Jayne Stadium,2413,Morehead State,fcs,Pioneer,45,"[3, 14, 14, 7, 7]",,,,2168,Dayton,fcs,Pioneer,38,"[0, 21, 7, 10, 0]",,,,,,,
401328547,2021,5,regular,2021-10-02T18:00:00.000Z,False,True,False,True,,3782,Johnson Hagood Stadium,2643,The Citadel,fcs,Southern,35,"[7, 14, 7, 7]",,,,2678,VMI,fcs,Southern,24,"[0, 10, 7, 7]",,,,,,,
401309612,2021,5,regular,2021-10-02T18:00:00.000Z,False,True,False,True,14258,4246,Center Parc Stadium,2247,Georgia State,fbs,Sun Belt,16,"[0, 6, 3, 7]",0.0034158104099333286,1300,1263,2026,App State,fbs,Sun Belt,45,"[7, 7, 17, 14]",0.9965841895900667,1663,1700,3.9694566285668005,,,
401328185,2021,5,regular,2021-10-02T18:00:00.000Z,False,True,False,True,,2068,E. Claiborne Robins Stadium,257,Richmond,fcs,CAA,7,"[7, 0, 0, 0]",,,,2210,Elon,fcs,CAA,20,"[0, 10, 10, 0]",,,,,,,
401328330,2021,5,regular,2021-10-02T18:00:00.000Z,False,True,False,True,,3744,Hancock Stadium,2287,Illinois State,fcs,MVFC,20,"[13, 7, 0, 0]",,,,2623,Missouri State,fcs,MVFC,41,"[7, 14, 13, 7]",,,,,,,
401328133,2021,5,regular,2021-10-02T18:00:00.000Z,False,True,False,False,,3620,Armstrong Stadium,2261,Hampton,fcs,Big South,44,"[10, 17, 0, 14, 3]",,,,2450,Norfolk State,fcs,MEAC,47,"[0, 17, 14, 10, 6]",,,,,,,
401309867,2021,5,regular,2021-10-02T18:00:00.000Z,False,True,False,True,48197,3726,Folsom Field,38,Colorado,fbs,Pac-12,14,"[0, 7, 7, 0]",0.03243047371506691,1366,1334,30,USC,fbs,Pac-12,37,"[10, 10, 10, 7]",0.9675695262849331,1619,1651,2.7328844706543727,,,
401329322,2021,5,regular,2021-10-02T18:00:00.000Z,False,True,False,True,,5883,Marv Kay Stadium at Campbell Field,2146,Colorado School of Mines,ii,Rocky Mountain,20,"[7, 0, 7, 0, 6]",,,,2714,Western Colorado,ii,Rocky Mountain,14,"[7, 0, 0, 7, 0]",,,,,,,
401334776,2021,5,regular,2021-10-02T18:00:00.000Z,False,True,False,True,,6212,Bishop Schmitt Field,112335,Wheeling,ii,Mountain East,38,"[14, 0, 17, 7]",,,,455,West Virginia Wesleyan,ii,Mountain East,0,"[0, 0, 0, 0]",,,,,,,
401329123,2021,5,regular,2021-10-02T18:00:00.000Z,False,True,False,False,,6056,B.T. Harvey Stadium,60,Morehouse,ii,SIAC,13,"[6, 0, 7, 0]",,,,2206,Edward Waters,ii,SIAC,37,"[7, 3, 13, 14]",,,,,,,
401341492,2021,5,regular,2021-10-02T18:00:00.000Z,False,True,False,False,,7076,J.W. Babb Stadium,101784,Erskine,ii,Independent DII,59,"[3, 21, 14, 21]",,,,2355,Virginia Lynchburg,,,13,"[7, 0, 0, 6]",,,,,,,
401334762,2021,5,regular,2021-10-02T18:00:00.000Z,False,True,False,True,,5943,Duvall-Rosier Field,2986,Fairmont State,ii,Mountain East,31,"[0, 17, 7, 7]",,,,2148,Concord,ii,Mountain East,27,"[7, 13, 0, 7]",,,,,,,
401328939,2021,5,regular,2021-10-02T18:00:00.000Z,False,True,False,True,,3885,Harvey Randall Wickes Memorial Stadium,129,Saginaw Valley State,ii,GLIAC,17,"[3, 7, 0, 7]",,,,125,Grand Valley State,ii,GLIAC,49,"[14, 14, 7, 14]",,,,,,,
401329145,2021,5,regular,2021-10-02T18:00:00.000Z,False,True,False,True,,6070,Bob Young Field,2894,Sioux Falls,ii,Northern Sun,28,"[7, 14, 0, 7]",,,,2043,Augustana (SD),ii,Northern Sun,26,"[7, 7, 7, 5]",,,,,,,
401329061,2021,5,regular,2021-10-02T18:00:00.000Z,False,True,False,True,,6035,"Memorial Stadium (Wayne, NE)",2844,Wayne State (NE),ii,Northern Sun,38,"[0, 28, 3, 7]",,,,2851,Winona State,ii,Northern Sun,21,"[7, 14, 0, 0]",,,,,,,
401329636,2021,5,regular,2021-10-02T18:00:00.000Z,False,True,False,True,,6033,Carl Smith Stadium,2842,UVA Wise,ii,South Atlantic,35,"[14, 7, 7, 7]",,,,2331,Lenoir Rhyne,ii,South Atlantic,28,"[7, 3, 7, 11]",,,,,,,
401328280,2021,5,regular,2021-10-02T18:00:00.000Z,False,True,False,True,,3934,Southern Nazarene University Football Stadium,200,Southern Nazarene,ii,Great American,41,"[14, 7, 6, 14]",,,,2033,Arkansas Tech,ii,Great American,51,"[7, 37, 7, 0]",,,,,,,
401329183,2021,5,regular,2021-10-02T18:00:00.000Z,False,True,False,True,,4427,John A. Farrell Stadium,223,West Chester,ii,Pennsylvania State Athletic,21,"[7, 7, 0, 7]",,,,2071,Bloomsburg,ii,Pennsylvania State Athletic,20,"[0, 13, 0, 7]",,,,,,,
401328684,2021,5,regular,2021-10-02T18:00:00.000Z,False,True,False,True,,3723,QU Stadium,2825,Quincy,ii,Great Lakes,31,"[7, 10, 7, 7]",,,,2402,Missouri S&T,ii,Great Lakes,28,"[7, 14, 7, 0]",,,,,,,
401329088,2021,5,regular,2021-10-02T18:00:00.000Z,False,True,False,True,,5875,Charlie W. Johnson Stadium,490,Benedict,ii,SIAC,14,"[0, 7, 0, 7]",,,,2232,Fort Valley State,ii,SIAC,24,"[7, 7, 7, 3]",,,,,,,
401329114,2021,5,regular,2021-10-02T18:00:00.000Z,False,True,False,True,,4747,Abbott Memorial Alumni Stadium,2657,Tuskegee,ii,SIAC,21,"[0, 7, 7, 7]",,,,2805,Clark Atlanta,ii,SIAC,0,"[0, 0, 0, 0]",,,,,,,
401327918,2021,5,regular,2021-10-02T18:00:00.000Z,False,True,False,True,,5873,Bulldogs Stadium,2075,Bowie State,ii,CIAA,44,"[14, 13, 0, 17]",,,,2304,Johnson C. Smith,ii,CIAA,7,"[0, 7, 0, 0]",,,,,,,
401328699,2021,5,regular,2021-10-02T18:00:00.000Z,False,True,False,True,,3878,Plaster Sports Complex,2586,Southwest Baptist,ii,Great Lakes,10,"[3, 0, 7, 0]",,,,2292,Indianapolis,ii,Great Lakes,77,"[42, 14, 14, 7]",,,,,,,
401329398,2021,5,regular,2021-10-02T18:00:00.000Z,False,True,False,True,,5942,Francis G. Welch Stadium,2214,Emporia State,ii,Mid America,35,"[7, 14, 7, 7]",,,,2687,Washburn,ii,Mid America,30,"[10, 0, 0, 20]",,,,,,,
401329298,2021,5,regular,2021-10-02T18:00:00.000Z,False,True,False,True,,5944,Ray Dennison Memorial Field,2237,Fort Lewis,ii,Rocky Mountain,17,"[7, 3, 0, 7]",,,,2069,Black Hills State,ii,Rocky Mountain,45,"[7, 10, 14, 14]",,,,,,,
401329308,2021,5,regular,2021-10-02T18:00:00.000Z,False,True,False,True,,6059,Sanchez Family Stadium,2424,New Mexico Highlands,ii,Rocky Mountain,16,"[0, 0, 14, 2]",,,,2123,Chadron State,ii,Rocky Mountain,46,"[29, 10, 0, 7]",,,,,,,
401329204,2021,5,regular,2021-10-02T18:00:00.000Z,False,True,False,True,,4433,George P. Miller Stadium,2291,IU Pennsylvania,ii,Pennsylvania State Athletic,28,"[14, 0, 7, 7]",,,,367,Gannon,ii,Pennsylvania State Athletic,23,"[0, 7, 3, 13]",,,,,,,
401329644,2021,5,regular,2021-10-02T18:00:00.000Z,False,True,False,False,,7075,Electric Supply Company Field,122666,Barton,ii,Independent DII,31,"[14, 3, 0, 14]",,,,2105,Carson Newman,ii,South Atlantic,17,"[0, 10, 0, 7]",,,,,,,
401327928,2021,5,regular,2021-10-02T18:30:00.000Z,False,True,False,True,,5941,Roebuck Stadium,2207,Elizabeth City State,ii,CIAA,19,"[6, 13, 0, 0]",,,,2940,Livingstone,ii,CIAA,13,"[0, 2, 0, 11]",,,,,,,
401309558,2021,5,regular,2021-10-02T18:30:00.000Z,False,True,False,True,10034,3764,Huskie Stadium,2459,Northern Illinois,fbs,Mid-American,27,"[10, 7, 7, 3]",0.8149216771125793,1208,1234,2199,Eastern Michigan,fbs,Mid-American,20,"[0, 3, 14, 3]",0.18507832288742065,1479,1453,3.5060153011034285,,,
401309614,2021,5,regular,2021-10-02T18:30:00.000Z,False,True,False,True,18674,3654,Brooks Stadium (SC),324,Coastal Carolina,fbs,Sun Belt,59,"[14, 24, 0, 21]",0.9918212890625,1718,1798,2433,UL Monroe,fbs,Sun Belt,6,"[3, 0, 3, 0]",0.0081787109375,1122,1042,2.5055492176102,,,
401328460,2021,5,regular,2021-10-02T18:30:00.000Z,False,True,False,True,,3962,Tucker Stadium,2635,Tennessee Tech,fcs,OVC,28,"[0, 0, 14, 14]",,,,2546,Southeast Missouri State,fcs,OVC,17,"[0, 10, 0, 7]",,,,,,,
401282708,2021,5,regular,2021-10-02T18:30:00.000Z,False,True,False,False,77622,3855,Notre Dame Stadium,87,Notre Dame,fbs,FBS Independents,13,"[0, 0, 7, 6]",0.008437310345470905,1841,1818,2132,Cincinnati,fbs,American Athletic,24,"[0, 17, 0, 7]",0.9915626896545291,1846,1869,4.652250438099277,,,
401328339,2021,5,regular,2021-10-02T19:00:00.000Z,False,True,False,True,,1905,DakotaDome,233,South Dakota,fcs,MVFC,38,"[3, 21, 0, 14]",,,,282,Indiana State,fcs,MVFC,10,"[0, 3, 7, 0]",,,,,,,
401327991,2021,5,regular,2021-10-02T19:00:00.000Z,False,True,False,True,,3908,Roy Kidd Stadium,2198,Eastern Kentucky,fcs,AWC,20,"[7, 3, 3, 7]",,,,2627,Tarleton State,fcs,Western Athletic,3,"[3, 0, 0, 0]",,,,,,,
401328361,2021,5,regular,2021-10-02T19:00:00.000Z,False,True,False,True,,3605,Alerus Center,155,North Dakota,fcs,MVFC,10,"[7, 0, 0, 3]",,,,2449,North Dakota State,fcs,MVFC,16,"[3, 3, 3, 7]",,,,,,,
401328067,2021,5,regular,2021-10-02T19:00:00.000Z,False,True,False,True,,3643,Bobcat Stadium,147,Montana State,fcs,Big Sky,40,"[17, 10, 13, 0]",,,,2458,Northern Colorado,fcs,Big Sky,7,"[0, 7, 0, 0]",,,,,,,
401327999,2021,5,regular,2021-10-02T19:00:00.000Z,False,True,False,False,,4899,Fifth Third Stadium,338,Kennesaw State,fcs,Big South,31,"[14, 3, 7, 7]",,,,55,Jacksonville State,fcs,AWC,6,"[0, 0, 6, 0]",,,,,,,
401328161,2021,5,regular,2021-10-02T19:00:00.000Z,False,True,False,True,,3695,Delaware Stadium,48,Delaware,fcs,CAA,20,"[3, 7, 3, 7]",,,,399,UAlbany,fcs,CAA,15,"[6, 0, 0, 9]",,,,,,,
401328664,2021,5,regular,2021-10-02T19:00:00.000Z,False,True,False,True,,3902,Eddie Robinson Stadium,2755,Grambling,fcs,SWAC,37,"[0, 24, 7, 6]",,,,2010,Alabama A&M,fcs,SWAC,28,"[7, 7, 0, 14]",,,,,,,
401332326,2021,5,regular,2021-10-02T19:00:00.000Z,False,True,False,True,,5874,Chet Anderson Stadium,132,Bemidji State,ii,Northern Sun,49,"[22, 7, 14, 6]",,,,568,Minot State,ii,Northern Sun,35,"[7, 14, 7, 7]",,,,,,,
401329175,2021,5,regular,2021-10-02T19:00:00.000Z,False,True,False,True,,3641,Blakeslee Stadium,2364,Minnesota State,ii,Northern Sun,58,"[17, 21, 20, 0]",,,,3066,Concordia St. Paul,ii,Northern Sun,10,"[0, 0, 3, 7]",,,,,,,
401329011,2021,5,regular,2021-10-02T19:00:00.000Z,False,True,False,True,,6061,Younts Stadium,2822,North Greenville,ii,Gulf South,21,"[7, 7, 0, 7]",,,,2401,Mississippi College,ii,Gulf South,42,"[7, 14, 7, 14]",,,,,,,
401328348,2021,5,regular,2021-10-02T19:00:00.000Z,False,True,False,True,,5936,Koi Ishto Stadium,2191,East Central,ii,Great American,38,"[7, 14, 7, 10]",,,,2568,Southern Arkansas,ii,Great American,17,"[3, 3, 3, 8]",,,,,,,
401329378,2021,5,regular,2021-10-02T19:00:00.000Z,False,True,False,True,,5878,Wantland Stadium,2122,Central Oklahoma,ii,Mid America,69,"[21, 13, 28, 7]",,,,2876,Lincoln (MO),ii,Mid America,28,"[6, 8, 6, 8]",,,,,,,
401334789,2021,5,regular,2021-10-02T19:00:00.000Z,False,True,False,True,,4436,Adamson Stadium,2858,California (PA),ii,Pennsylvania State Athletic,37,"[3, 21, 6, 7]",,,,2385,Mercyhurst,ii,Pennsylvania State Athletic,0,"[0, 0, 0, 0]",,,,,,,
401329140,2021,5,regular,2021-10-02T19:00:00.000Z,False,True,False,False,,6044,Lane Field,2323,Lane College,ii,SIAC,71,"[14, 20, 21, 16]",,,,2637,Texas College,,,0,"[0, 0, 0, 0]",,,,,,,
401329072,2021,5,regular,2021-10-02T19:00:00.000Z,False,True,False,True,,3951,Swisher Field,425,Northern State,ii,Northern Sun,42,"[0, 21, 21, 0]",,,,559,University of Mary,ii,Northern Sun,49,"[28, 14, 7, 0]",,,,,,,
401328312,2021,5,regular,2021-10-02T19:00:00.000Z,False,True,False,True,,5871,Convoy Leslie Cotton Boll Stadium,2028,Arkansas Monticello,ii,Great American,18,"[0, 12, 6, 0]",,,,2927,Southwestern Oklahoma State,ii,Great American,16,"[8, 0, 2, 6]",,,,,,,
401329344,2021,5,regular,2021-10-02T19:00:00.000Z,False,True,False,True,,6062,Gable Field at Doc Wadley Stadium,196,Northeastern State,ii,Mid America,10,"[7, 3, 0, 0]",,,,2118,Central Missouri,ii,Mid America,41,"[13, 7, 14, 7]",,,,,,,
401328400,2021,5,regular,2021-10-02T19:00:00.000Z,False,True,False,True,,3875,Paul Laird Field,199,Southeastern Oklahoma State,ii,Great American,24,"[7, 7, 7, 3]",,,,2271,Henderson State,ii,Great American,27,"[0, 21, 3, 3]",,,,,,,
401328392,2021,5,regular,2021-10-02T19:00:00.000Z,False,True,False,True,,6064,Crain Family Stadium,319,Oklahoma Baptist,ii,Great American,7,"[7, 0, 0, 0]",,,,2264,Harding,ii,Great American,31,"[0, 24, 0, 7]",,,,,,,
401329458,2021,5,regular,2021-10-02T19:00:00.000Z,False,True,False,True,,6054,Fred G. Hughes Stadium,2403,Missouri Southern State,ii,Mid America,16,"[3, 3, 3, 7]",,,,90,Pittsburg State,ii,Mid America,20,"[0, 7, 3, 10]",,,,,,,
401329027,2021,5,regular,2021-10-02T19:00:00.000Z,False,True,False,True,,5866,Rex Stadium,2001,Adams State,ii,Rocky Mountain,42,"[14, 21, 0, 7]",,,,613,South Dakota Mines,ii,Rocky Mountain,45,"[17, 6, 15, 7]",,,,,,,
401329475,2021,5,regular,2021-10-02T19:00:00.000Z,False,True,False,True,,3769,Jack Britt Memorial Stadium,437,Lake Erie,ii,Great Midwest Athletic,10,"[3, 7, 0, 0]",,,,2224,Findlay,ii,Great Midwest Athletic,37,"[7, 16, 14, 0]",,,,,,,
401282215,2021,5,regular,2021-10-02T19:30:00.000Z,False,True,False,True,24726,3715,FAU Stadium,2226,Florida Atlantic,fbs,Conference USA,58,"[7, 27, 10, 14]",0.9921409487724304,1519,1593,2229,Florida International,fbs,Conference USA,21,"[7, 14, 0, 0]",0.00785905122756958,1283,1209,3.5812656454512886,,,
401330258,2021,5,regular,2021-10-02T19:30:00.000Z,False,True,False,True,,6074,Grappone Stadium,2830,Saint Anselm,ii,Northeast 10,21,"[0, 0, 14, 7]",,,,2060,Bentley,ii,Northeast 10,34,"[6, 14, 7, 7]",,,,,,,
401282089,2021,5,regular,2021-10-02T19:30:00.000Z,False,True,False,True,100077,3657,Bryant-Denny Stadium,333,Alabama,fbs,SEC,42,"[7, 21, 7, 7]",0.9938032031059265,2145,2155,145,Ole Miss,fbs,SEC,21,"[0, 0, 7, 14]",0.006196796894073486,1739,1729,2.0907173927255798,,,
401310711,2021,5,regular,2021-10-02T19:30:00.000Z,False,True,False,True,37426,3653,Albertsons Stadium,68,Boise State,fbs,Mountain West,31,"[14, 7, 3, 7]",0.22243468463420868,1705,1660,2440,Nevada,fbs,Mountain West,41,"[10, 10, 18, 3]",0.7775653153657913,1445,1490,6.923548504800152,,,
401309560,2021,5,regular,2021-10-02T19:30:00.000Z,False,True,False,True,12616,3768,InfoCision Stadium,2006,Akron,fbs,Mid-American,17,"[0, 10, 7, 0]",0.04441637545824051,950,925,195,Ohio,fbs,Mid-American,34,"[3, 7, 7, 17]",0.9555836245417595,1347,1372,8.661386960112784,,,
401308835,2021,5,regular,2021-10-02T19:30:00.000Z,False,True,False,True,15065,3996,Yager Stadium,193,Miami (OH),fbs,Mid-American,28,"[14, 0, 0, 14]",0.9864682244224011,1371,1391,2117,Central Michigan,fbs,Mid-American,17,"[0, 7, 3, 7]",0.013531775577598881,1378,1358,7.7067243306,,,
401282648,2021,5,regular,2021-10-02T19:30:00.000Z,False,True,False,True,56609,3697,Doak Campbell Stadium,52,Florida State,fbs,ACC,33,"[3, 13, 7, 10]",0.6438421607017517,1344,1346,183,Syracuse,fbs,ACC,30,"[0, 13, 7, 10]",0.3561578392982483,1424,1422,6.982840914968506,,,
401335300,2021,5,regular,2021-10-02T19:30:00.000Z,False,True,False,True,,3721,Fisher Field,322,Lafayette,fcs,Patriot,41,"[7, 14, 14, 6]",,,,2230,Fordham,fcs,Patriot,42,"[21, 0, 5, 16]",,,,,,,
401287916,2021,5,regular,2021-10-02T19:30:00.000Z,False,True,False,True,54090,3842,Milan Puskar Stadium,277,West Virginia,fbs,Big 12,20,"[0, 0, 17, 3]",0.6970955729484558,1546,1539,2641,Texas Tech,fbs,Big 12,23,"[14, 3, 0, 6]",0.3029044270515442,1503,1510,4.715875437911092,,,
401309562,2021,5,regular,2021-10-02T19:30:00.000Z,False,True,False,True,20537,3696,Dix Stadium,2309,Kent State,fbs,Mid-American,27,"[10, 3, 7, 7]",0.984591543674469,1337,1333,189,Bowling Green,fbs,Mid-American,20,"[3, 3, 14, 0]",0.015408456325531006,1076,1080,6.100971067043505,,,
401287913,2021,5,regular,2021-10-02T19:30:00.000Z,False,True,False,True,47690,3636,Bill Snyder Family Stadium,2306,Kansas State,fbs,Big 12,31,"[7, 3, 7, 14]",0.023268844932317734,1536,1548,201,Oklahoma,fbs,Big 12,37,"[3, 10, 14, 10]",0.9767311550676823,1860,1848,4.248821254988353,,,
401301013,2021,5,regular,2021-10-02T19:30:00.000Z,False,True,False,True,30871,3852,Navy-Marine Corps Memorial Stadium,2426,Navy,fbs,American Athletic,34,"[7, 10, 0, 17]",0.6148289442062378,1265,1280,2116,UCF,fbs,American Athletic,30,"[13, 10, 7, 0]",0.3851710557937622,1633,1618,5.845628669324199,,,
401301014,2021,5,regular,2021-10-02T19:30:00.000Z,False,True,False,True,33475,3699,Dowdy-Ficklen Stadium,151,East Carolina,fbs,American Athletic,52,"[17, 14, 0, 21]",0.9880566596984863,1415,1479,2655,Tulane,fbs,American Athletic,29,"[0, 7, 16, 6]",0.011943340301513672,1477,1413,2.8452497742511236,,,
401328574,2021,5,regular,2021-10-02T19:30:00.000Z,False,True,False,True,,5400,William B. Greene Jr. Stadium,2193,East Tennessee State,fcs,Southern,27,"[10, 7, 3, 7]",,,,2747,Wofford,fcs,Southern,21,"[0, 14, 7, 0]",,,,,,,
401282094,2021,5,regular,2021-10-02T19:30:00.000Z,False,True,False,False,60866,3994,Williams-Brice Stadium,2579,South Carolina,fbs,SEC,23,"[3, 14, 3, 3]",0.8884419798851013,1387,1402,2653,Troy,fbs,Sun Belt,14,"[0, 7, 7, 0]",0.11155802011489868,1401,1386,4.654088559869282,,,
401309864,2021,5,regular,2021-10-02T19:30:00.000Z,False,True,False,True,31610,3940,Stanford Stadium,24,Stanford,fbs,Pac-12,31,"[10, 7, 0, 7, 7]",0.33095553517341614,1501,1525,2483,Oregon,fbs,Pac-12,24,"[0, 7, 10, 7, 0]",0.6690444648265839,1738,1714,7.616003496586627,,,
401282813,2021,5,regular,2021-10-02T19:30:00.000Z,False,True,False,True,51006,6577,SHI Stadium,164,Rutgers,fbs,Big Ten,13,"[6, 0, 0, 7]",0.017752312123775482,1542,1478,194,Ohio State,fbs,Big Ten,52,"[24, 21, 7, 0]",0.9822476878762245,1934,1998,2.904576268846435,,,
401328194,2021,5,regular,2021-10-02T19:30:00.000Z,False,True,False,True,,3688,Wildcat Stadium,160,New Hampshire,fcs,CAA,21,"[0, 7, 14, 0]",,,,256,James Madison,fcs,CAA,23,"[7, 10, 0, 6]",,,,,,,
401328250,2021,5,regular,2021-10-02T19:30:00.000Z,False,True,False,False,,3676,Christy Mathewson-Memorial Stadium,2083,Bucknell,fcs,Patriot,21,"[0, 7, 0, 14]",,,,172,Cornell,fcs,Ivy,10,"[0, 7, 3, 0]",,,,,,,
401328319,2021,5,regular,2021-10-02T20:00:00.000Z,False,True,False,False,,3896,Rice-Totten Field,2400,Mississippi Valley State,fcs,SWAC,17,"[0, 10, 0, 7]",,,,2428,North Carolina Central,fcs,MEAC,16,"[10, 0, 0, 6]",,,,,,,
401309613,2021,5,regular,2021-10-02T20:00:00.000Z,False,True,False,True,16377,3608,Allen E. Paulson Stadium,290,Georgia Southern,fbs,Sun Belt,59,"[10, 21, 14, 14]",1,1390,1442,2032,Arkansas State,fbs,Sun Belt,33,"[3, 16, 0, 14]",0,1261,1209,5.464160337134768,,,
401328577,2021,5,regular,2021-10-02T20:00:00.000Z,False,True,False,True,,3779,Manning Field at John L. Guidry Stadium,2447,Nicholls,fcs,Southland,48,"[21, 14, 10, 3]",,,,2277,Houston Christian,fcs,Southland,17,"[0, 14, 0, 3]",,,,,,,
401339816,2021,5,regular,2021-10-02T20:00:00.000Z,False,True,False,False,,3661,Bulldog Stadium,2803,Bryant,fcs,NEC,36,"[7, 19, 7, 3]",,,,225,Brown,fcs,Ivy,29,"[0, 0, 0, 29]",,,,,,,
401328059,2021,5,regular,2021-10-02T20:00:00.000Z,False,True,False,True,,2023,Walkup Skydome,2464,Northern Arizona,fcs,Big Sky,48,"[3, 20, 15, 10]",,,,304,Idaho State,fcs,Big Sky,17,"[7, 0, 3, 7]",,,,,,,
401332321,2021,5,regular,2021-10-02T20:00:00.000Z,False,True,False,True,,716,Torero Stadium,301,San Diego,fcs,Pioneer,27,"[7, 7, 10, 3]",,,,2900,St. Thomas (MN),fcs,Pioneer,24,"[7, 7, 10, 0]",,,,,,,
401328385,2021,5,regular,2021-10-02T20:00:00.000Z,False,True,False,True,,3746,Hanson Field,2710,Western Illinois,fcs,MVFC,30,"[0, 10, 0, 14, 6]",,,,79,Southern Illinois,fcs,MVFC,31,"[14, 7, 3, 0, 7]",,,,,,,
401301016,2021,5,regular,2021-10-02T20:00:00.000Z,False,True,False,True,23355,3735,Gerald J. Ford Stadium,2567,SMU,fbs,American Athletic,41,"[10, 7, 10, 14]",0.7216699562827772,1569,1587,58,South Florida,fbs,American Athletic,17,"[0, 3, 14, 0]",0.2783300437172228,1173,1155,2.0083850669,,,
401329686,2021,5,regular,2021-10-02T20:00:00.000Z,False,True,False,True,,6030,Harms-Eischeid Stadium,389,Upper Iowa,ii,Northern Sun,14,"[7, 7, 0, 0]",,,,2587,Southwest Minnesota State,ii,Northern Sun,20,"[0, 7, 0, 13]",,,,,,,
401328970,2021,5,regular,2021-10-02T20:00:00.000Z,False,True,False,True,,3950,Superior Dome,128,Northern Michigan,ii,GLIAC,26,"[0, 0, 8, 18]",,,,131,Wayne State (MI),ii,GLIAC,19,"[7, 6, 6, 0]",,,,,,,
401329482,2021,5,regular,2021-10-02T20:00:00.000Z,False,True,False,True,,3731,Frost-Kalnow Stadium,2838,Tiffin,ii,Great Midwest Athletic,21,"[0, 7, 0, 14]",,,,2273,Hillsdale,ii,Great Midwest Athletic,24,"[3, 7, 14, 0]",,,,,,,
401329314,2021,5,regular,2021-10-02T20:00:00.000Z,False,True,False,True,,4852,Neta and Eddie DeRose ThunderBowl,2570,CSU Pueblo,ii,Rocky Mountain,19,"[3, 0, 0, 7, 9]",,,,11,Colorado Mesa,ii,Rocky Mountain,13,"[0, 10, 0, 0, 3]",,,,,,,
401329272,2021,5,regular,2021-10-02T20:00:00.000Z,False,True,False,True,,3859,Offutt Field,611,Seton Hill,ii,Pennsylvania State Athletic,7,"[0, 0, 7, 0]",,,,2205,Edinboro,ii,Pennsylvania State Athletic,17,"[7, 0, 3, 7]",,,,,,,
401329051,2021,5,regular,2021-10-02T20:05:00.000Z,False,True,False,False,,5783,McArthur Field,2848,Western Oregon,ii,Great Northwest,41,"[7, 14, 0, 20]",,,,2704,West Texas,ii,Lone Star,38,"[10, 7, 7, 14]",,,,,,,
401328290,2021,5,regular,2021-10-02T21:00:00.000Z,False,True,False,False,,3979,Wagner College Stadium,2681,Wagner,fcs,NEC,27,"[7, 13, 0, 7, 0]",,,,2169,Delaware State,fcs,MEAC,33,"[0, 7, 6, 14, 6]",,,,,,,
401328021,2021,5,regular,2021-10-02T21:00:00.000Z,False,True,False,True,,3891,NRG Stadium,2617,Stephen F. Austin,fcs,Western Athletic,20,"[10, 3, 7, 0]",,,,2534,Sam Houston,fcs,AWC,21,"[0, 6, 0, 15]",,,,,,,
401328415,2021,5,regular,2021-10-02T21:00:00.000Z,False,True,False,True,,3909,Roy Stewart Stadium,93,Murray State,fcs,OVC,22,"[3, 10, 6, 3]",,,,2197,Eastern Illinois,fcs,OVC,6,"[0, 0, 0, 6]",,,,,,,
401328373,2021,5,regular,2021-10-02T21:00:00.000Z,False,True,False,True,,3967,UNI-Dome,2460,Northern Iowa,fcs,MVFC,34,"[10, 21, 3, 0]",,,,2754,Youngstown State,fcs,MVFC,7,"[0, 0, 0, 7]",,,,,,,
401309559,2021,5,regular,2021-10-02T21:00:00.000Z,False,True,False,False,13713,3919,Scheumann Stadium,2050,Ball State,fbs,Mid-American,28,"[21, 0, 0, 7]",0.7645657062530518,1387,1432,349,Army,fbs,FBS Independents,16,"[0, 14, 0, 2]",0.23543429374694824,1644,1599,3.350754023139888,,,
401309863,2021,5,regular,2021-10-02T21:30:00.000Z,False,True,False,True,40286,3831,California Memorial Stadium,25,California,fbs,Pac-12,6,"[6, 0, 0, 0]",0.12059413641691208,1461,1422,265,Washington State,fbs,Pac-12,21,"[14, 0, 7, 0]",0.8794058635830879,1418,1457,4.0387164640082105,,,
401282091,2021,5,regular,2021-10-02T22:00:00.000Z,False,True,False,True,61632,3683,Kroger Field,96,Kentucky,fbs,SEC,20,"[7, 0, 6, 7]",0.4020591378211975,1593,1614,57,Florida,fbs,SEC,13,"[7, 3, 0, 3]",0.5979408621788025,1779,1758,4.759949970862686,,,
401328618,2021,5,regular,2021-10-02T22:00:00.000Z,False,True,False,True,,3650,Bragg Memorial Stadium,50,Florida A&M,fcs,SWAC,28,"[7, 14, 0, 7]",,,,2011,Alabama State,fcs,SWAC,0,"[0, 0, 0, 0]",,,,,,,
401328563,2021,5,regular,2021-10-02T22:00:00.000Z,False,True,False,True,,4417,Five Star Stadium at the Moye Complex,2382,Mercer,fcs,Southern,45,"[3, 7, 21, 14]",,,,2535,Samford,fcs,Southern,42,"[7, 7, 14, 14]",,,,,,,
401329194,2021,5,regular,2021-10-02T22:00:00.000Z,False,True,False,True,,4430,Mihalik-Thompson Stadium,215,Slippery Rock,ii,Pennsylvania State Athletic,75,"[20, 35, 13, 7]",,,,2134,Clarion,ii,Pennsylvania State Athletic,0,"[0, 0, 0, 0]",,,,,,,
401282222,2021,5,regular,2021-10-02T22:00:00.000Z,False,True,False,False,20154,3604,Alamodome,2636,UTSA,fbs,Conference USA,24,"[7, 10, 7, 0]",1,1480,1474,2439,UNLV,fbs,Mountain West,17,"[7, 3, 0, 7]",0,1177,1183,4.244878069167649,,,
401329003,2021,5,regular,2021-10-02T22:00:00.000Z,False,True,False,True,,5888,University Stadium (GA),2698,West Georgia,ii,Gulf South,20,"[14, 3, 3, 0]",,,,2695,West Alabama,ii,Gulf South,38,"[7, 17, 14, 0]",,,,,,,
401331750,2021,5,regular,2021-10-02T22:00:00.000Z,False,True,False,True,,5781,Irwin Belk Stadium,351,Wingate,ii,South Atlantic,43,"[10, 17, 7, 9]",,,,2839,Tusculum,ii,South Atlantic,35,"[7, 14, 7, 7]",,,,,,,
401327964,2021,5,regular,2021-10-02T22:00:00.000Z,False,True,False,True,,3904,Rogers Stadium (VA),330,Virginia State,ii,CIAA,33,"[6, 10, 0, 17]",,,,395,St. Augustine's,ii,CIAA,9,"[2, 7, 0, 0]",,,,,,,
401328260,2021,5,regular,2021-10-02T22:00:00.000Z,False,True,False,True,,5220,Garrison Stadium,2804,Chowan,ii,CIAA,73,"[28, 21, 17, 7]",,,,2736,Winston-Salem State,ii,CIAA,7,"[0, 0, 0, 7]",,,,,,,
401282220,2021,5,regular,2021-10-02T22:00:00.000Z,False,True,False,False,51064,3670,Carter-Finley Stadium,152,NC State,fbs,ACC,34,"[7, 6, 14, 7]",0.8596886992454529,1560,1558,2348,Louisiana Tech,fbs,Conference USA,27,"[0, 10, 3, 14]",0.14031130075454712,1351,1353,5.222148895194387,,,
401282218,2021,5,regular,2021-10-02T22:30:00.000Z,False,True,False,True,16031,3895,Rice Stadium,242,Rice,fbs,Conference USA,24,"[7, 3, 14, 0]",0.8480093479156494,1174,1182,2572,Southern Miss,fbs,Conference USA,19,"[7, 0, 7, 5]",0.15199065208435059,1237,1229,3.8292955684912755,,,
401310710,2021,5,regular,2021-10-02T22:30:00.000Z,False,True,False,True,13158,3971,University Stadium (NM),167,New Mexico,fbs,Mountain West,10,"[0, 0, 7, 3]",0,1263,1233,2005,Air Force,fbs,Mountain West,38,"[7, 17, 7, 7]",1,1660,1690,2.5287978978651817,,,
401287912,2021,5,regular,2021-10-02T23:00:00.000Z,False,True,False,True,60446,3772,Jack Trice Stadium,66,Iowa State,fbs,Big 12,59,"[28, 10, 14, 7]",0.9896026253700256,1835,1890,2305,Kansas,fbs,Big 12,7,"[0, 0, 7, 0]",0.010397374629974365,1060,1005,1.583726498906468,,,
401328110,2021,5,regular,2021-10-02T23:00:00.000Z,False,True,False,True,,4133,Braly Municipal Stadium,2453,North Alabama,fcs,Big South,31,"[7, 17, 0, 7]",,,,2097,Campbell,fcs,Big South,48,"[7, 7, 20, 14]",,,,,,,
401287914,2021,5,regular,2021-10-02T23:00:00.000Z,False,True,False,True,52144,3646,Boone Pickens Stadium,197,Oklahoma State,fbs,Big 12,24,"[7, 7, 0, 10]",0.9115240573883057,1674,1685,239,Baylor,fbs,Big 12,14,"[0, 0, 7, 7]",0.08847594261169434,1589,1578,3.9412306686890117,,,
401282095,2021,5,regular,2021-10-02T23:00:00.000Z,False,True,False,True,87973,3795,Kyle Field,245,Texas A&M,fbs,SEC,22,"[7, 6, 6, 3]",0.11656820774078369,1778,1755,344,Mississippi State,fbs,SEC,26,"[10, 7, 7, 2]",0.8834317922592163,1545,1568,5.831789528075907,,,
401327980,2021,5,regular,2021-10-02T23:00:00.000Z,False,True,False,False,,5237,Dana J. Dykhouse Stadium,2571,South Dakota State,fcs,MVFC,55,"[0, 35, 7, 13]",,,,3101,Utah Tech,fcs,Western Athletic,7,"[0, 0, 0, 7]",,,,,,,
401328601,2021,5,regular,2021-10-02T23:00:00.000Z,False,True,False,True,,3963,Harry Turpin Stadium,2466,Northwestern State,fcs,Southland,27,"[0, 13, 7, 7]",,,,2916,Incarnate Word,fcs,Southland,38,"[14, 14, 7, 3]",,,,,,,
401327970,2021,5,regular,2021-10-02T23:00:00.000Z,False,True,False,True,,5440,Wildcat Stadium (TX),2000,Abilene Christian,fcs,Western Athletic,21,"[7, 14, 0, 0]",,,,2110,Central Arkansas,fcs,AWC,42,"[0, 14, 14, 14]",,,,,,,
401332026,2021,5,regular,2021-10-02T23:00:00.000Z,False,True,False,True,,5785,Dickerson Stadium,2707,West Virginia State,ii,Mountain East,45,"[14, 10, 21, 0]",,,,2017,Alderson-Broaddus,ii,Mountain East,13,"[0, 7, 0, 6]",,,,,,,
401329469,2021,5,regular,2021-10-02T23:00:00.000Z,False,True,False,True,,6055,Craig Field at Spratt Memorial Stadium,137,Missouri Western,ii,Mid America,7,"[7, 0, 0, 0]",,,,138,Northwest Missouri State,ii,Mid America,30,"[10, 13, 0, 7]",,,,,,,
401282216,2021,5,regular,2021-10-02T23:00:00.000Z,False,True,False,True,15806,3725,"Johnny ""Red"" Floyd Stadium",2393,Middle Tennessee,fbs,Conference USA,34,"[7, 21, 6, 0]",0.8624752759933472,1276,1302,276,Marshall,fbs,Conference USA,28,"[0, 14, 0, 14]",0.13752472400665283,1617,1591,4.249249784340826,,,
401329017,2021,5,regular,2021-10-02T23:00:00.000Z,False,True,False,True,,5935,Parker Field at McCool Stadium,2170,Delta State,ii,Gulf South,33,"[14, 16, 3, 0]",,,,110242,West Florida,ii,Gulf South,39,"[7, 3, 14, 15]",,,,,,,
401282221,2021,5,regular,2021-10-02T23:00:00.000Z,False,True,False,False,37167,3803,Legion Field,5,UAB,fbs,Conference USA,12,"[3, 0, 0, 9]",0.007554169744253159,1505,1443,2335,Liberty,fbs,FBS Independents,36,"[0, 3, 21, 12]",0.9924458302557468,1602,1664,3.913611335684677,,,
401328962,2021,5,regular,2021-10-02T23:00:00.000Z,False,True,False,True,,6027,Albert J. H. Sloan - Alumni Stadium,2396,Miles,ii,SIAC,3,"[3, 0, 0, 0]",,,,2013,Albany State,ii,SIAC,31,"[0, 14, 7, 10]",,,,,,,
401328982,2021,5,regular,2021-10-02T23:00:00.000Z,False,True,False,True,,4851,Bazemore-Hyder Stadium,2673,Valdosta State,ii,Gulf South,49,"[14, 0, 14, 21]",,,,2560,Shorter,ii,Gulf South,13,"[0, 13, 0, 0]",,,,,,,
401329095,2021,5,regular,2021-10-02T23:00:00.000Z,False,True,False,True,,5869,LeGrand Stadium at 1st Community Credit Union Field,2025,Angelo State,ii,Lone Star,62,"[14, 24, 24, 0]",,,,2703,Western New Mexico,ii,Lone Star,3,"[0, 0, 0, 3]",,,,,,,
401328609,2021,5,regular,2021-10-02T23:00:00.000Z,False,True,False,True,,6077,Stokes Stadium,2654,Truman State,ii,Great Lakes,21,"[14, 0, 0, 7]",,,,2815,Lindenwood,ii,Great Lakes Valley,31,"[0, 17, 7, 7]",,,,,,,
401327957,2021,5,regular,2021-10-02T23:00:00.000Z,False,True,False,True,,3813,"Luther ""Nick"" Jeralds Stadium",2220,Fayetteville State,ii,CIAA,46,"[3, 17, 13, 13]",,,,2339,Lincoln (PA),ii,CIAA,9,"[0, 0, 0, 9]",,,,,,,
401329155,2021,5,regular,2021-10-02T23:00:00.000Z,False,True,False,False,,4762,Memorial Stadium (Commerce TX),2837,East Texas A&M,ii,Lone Star,72,"[21, 31, 13, 7]",,,,124110,UFTL,,,6,"[0, 6, 0, 0]",,,,,,,
401282647,2021,5,regular,2021-10-02T23:30:00.000Z,False,True,False,True,79159,3836,"Memorial Stadium (Clemson, SC)",228,Clemson,fbs,ACC,19,"[7, 6, 3, 3]",0.8734171390533447,1879,1871,103,Boston College,fbs,ACC,13,"[3, 3, 7, 0]",0.12658286094665527,1538,1546,5.180905166474817,,,
401282800,2021,5,regular,2021-10-02T23:30:00.000Z,False,True,False,True,87364,3834,"Memorial Stadium (Lincoln, NE)",158,Nebraska,fbs,Big Ten,56,"[21, 14, 14, 7]",0.9952332377433777,1572,1729,77,Northwestern,fbs,Big Ten,7,"[7, 0, 0, 0]",0.0047667622566223145,1607,1450,1.9822567344788415,,,
401282223,2021,5,regular,2021-10-02T23:30:00.000Z,False,True,False,False,70075,3936,Spartan Stadium,127,Michigan State,fbs,Big Ten,48,"[21, 21, 3, 3]",0.9959781169891357,1555,1579,98,Western Kentucky,fbs,Conference USA,31,"[10, 6, 0, 15]",0.004021883010864258,1408,1384,2.8631501085857862,,,
401282096,2021,5,regular,2021-10-02T23:30:00.000Z,False,True,False,False,21218,3973,FirstBank Stadium,238,Vanderbilt,fbs,SEC,30,"[3, 14, 0, 13]",0.5740585923194885,1127,1126,41,UConn,fbs,FBS Independents,28,"[6, 10, 0, 12]",0.4259414076805115,1033,1034,6.328346246953514,,,
401282729,2021,5,regular,2021-10-02T23:30:00.000Z,False,True,False,True,105951,3632,Beaver Stadium,213,Penn State,fbs,Big Ten,24,"[7, 7, 7, 3]",0.8400415182113647,1764,1804,84,Indiana,fbs,Big Ten,0,"[0, 0, 0, 0]",0.15995848178863525,1579,1539,2.600612616212702,,,
401309615,2021,5,regular,2021-10-03T00:00:00.000Z,False,True,False,True,16764,6526,Hancock Whitney Stadium,6,South Alabama,fbs,Sun Belt,18,"[0, 6, 6, 6]",0.39277878403663635,1323,1339,309,Louisiana,fbs,Sun Belt,20,"[14, 6, 0, 0]",0.6072212159633636,1685,1669,4.0140947666184115,,,
401328092,2021,5,regular,2021-10-03T00:00:00.000Z,False,True,False,True,,3706,Eccles Coliseum,253,Southern Utah,fcs,Big Sky,13,"[3, 7, 3, 0]",,,,2502,Portland State,fcs,Big Sky,20,"[0, 10, 3, 7]",,,,,,,
401328406,2021,5,regular,2021-10-03T00:00:00.000Z,False,True,False,True,,3742,Governors Stadium,2046,Austin Peay,fcs,OVC,22,"[0, 0, 10, 12]",,,,2634,Tennessee State,fcs,OVC,24,"[0, 3, 14, 7]",,,,,,,
401330247,2021,5,regular,2021-10-03T00:00:00.000Z,False,True,False,False,,5938,Al Whitehead Field at Greyhound Stadium,2201,Eastern New Mexico,ii,Lone Star,52,"[10, 14, 14, 14]",,,,124179,Lincoln (CA),,,6,"[0, 6, 0, 0]",,,,,,,
401329408,2021,5,regular,2021-10-03T00:00:00.000Z,False,True,False,True,,5890,Lewis Field Stadium,2231,Fort Hays,ii,Mid America,42,"[0, 0, 21, 21]",,,,2438,Nebraska Kearney,ii,Mid America,35,"[7, 14, 14, 0]",,,,,,,
401328031,2021,5,regular,2021-10-03T00:30:00.000Z,False,True,False,True,,1027,Alex G. Spanos Stadium,13,Cal Poly,fcs,Big Sky,7,"[7, 0, 0, 0]",,,,2692,Weber State,fcs,Big Sky,38,"[7, 21, 10, 0]",,,,,,,
401282092,2021,5,regular,2021-10-03T01:00:00.000Z,False,True,False,True,97717,3958,Tiger Stadium (LA),99,LSU,fbs,SEC,19,"[7, 6, 6, 0]",0.1583421528339386,1689,1682,2,Auburn,fbs,SEC,24,"[0, 10, 0, 14]",0.8416578471660614,1717,1724,5.099539100226461,,,
401309865,2021,5,regular,2021-10-03T01:00:00.000Z,False,True,False,True,33733,3893,Reser Stadium,204,Oregon State,fbs,Pac-12,27,"[0, 14, 3, 10]",0.8505238890647888,1540,1543,264,Washington,fbs,Pac-12,24,"[7, 3, 0, 14]",0.14947611093521118,1714,1711,5.518557032839313,,,
401329108,2021,5,regular,2021-10-03T01:00:00.000Z,False,True,False,False,,5879,Tomlinson Stadium,2120,Central Washington,ii,Great Northwest,30,"[7, 7, 3, 13]",,,,2395,Midwestern State,ii,Lone Star,20,"[10, 7, 3, 0]",,,,,,,
401282217,2021,5,regular,2021-10-03T01:00:00.000Z,False,True,False,True,11025,3946,Sun Bowl,2638,UTEP,fbs,Conference USA,28,"[3, 14, 3, 8]",1,1234,1243,295,Old Dominion,fbs,Conference USA,21,"[0, 7, 14, 0]",0,1221,1212,10.288452408669878,,,
401328050,2021,5,regular,2021-10-03T02:00:00.000Z,False,True,False,True,,3602,Aggie Stadium,302,UC Davis,fcs,Big Sky,27,"[3, 10, 0, 14]",,,,70,Idaho,fcs,Big Sky,20,"[6, 7, 7, 0]",,,,,,,
401309866,2021,5,regular,2021-10-03T02:30:00.000Z,False,True,False,True,40522,1056,Rose Bowl,26,UCLA,fbs,Pac-12,23,"[3, 20, 0, 0]",0,1635,1594,9,Arizona State,fbs,Pac-12,42,"[3, 21, 8, 10]",1,1688,1729,5.211418935508228,,,
401328041,2021,5,regular,2021-10-03T02:30:00.000Z,False,True,False,True,,3906,Roos Field,331,Eastern Washington,fcs,Big Sky,34,"[7, 3, 0, 24]",,,,149,Montana,fcs,Big Sky,28,"[7, 7, 7, 7]",,,,,,,
401310713,2021,5,regular,2021-10-03T02:30:00.000Z,False,True,False,False,15803,3935,CEFCU Stadium,23,San José State,fbs,Mountain West,37,"[7, 17, 6, 7]",1,1418,1412,166,New Mexico State,fbs,FBS Independents,31,"[0, 14, 7, 10]",0,1140,1146,5.1389239832336235,,,
401310712,2021,5,regular,2021-10-03T03:00:00.000Z,False,True,False,True,0,3610,Aloha Stadium,62,Hawai'i,fbs,Mountain West,27,"[10, 0, 0, 17]",0.7242692112922668,1377,1381,278,Fresno State,fbs,Mountain West,24,"[7, 7, 10, 0]",0.27573078870773315,1562,1558,6.260028281667773,,,
401309616,2021,6,regular,2021-10-07T23:30:00.000Z,False,True,False,True,12086,3625,Centennial Bank Stadium,2032,Arkansas State,fbs,Sun Belt,20,"[0, 0, 14, 6]",0.0048139505088329315,1209,1188,324,Coastal Carolina,fbs,Sun Belt,52,"[10, 14, 14, 14]",0.9951860494911671,1798,1819,3.205736918493545,,,
401301017,2021,6,regular,2021-10-07T23:30:00.000Z,False,True,False,True,15026,4729,Yulman Stadium,2655,Tulane,fbs,American Athletic,22,"[0, 15, 7, 0]",0.006591775920242071,1413,1393,248,Houston,fbs,American Athletic,40,"[14, 3, 9, 14]",0.9934082240797579,1649,1669,6.732787790547412,,,
401329500,2021,6,regular,2021-10-08T00:00:00.000Z,False,True,False,True,,6062,Gable Field at Doc Wadley Stadium,196,Northeastern State,ii,Mid America,9,"[3, 6, 0, 0]",,,,2122,Central Oklahoma,ii,Mid America,49,"[7, 21, 14, 7]",,,,,,,
401301018,2021,6,regular,2021-10-08T23:00:00.000Z,False,True,False,True,37978,3854,Nippert Stadium,2132,Cincinnati,fbs,American Athletic,52,"[10, 7, 28, 7]",0.9878727197647095,1869,1926,218,Temple,fbs,American Athletic,3,"[0, 3, 0, 0]",0.012127280235290527,1183,1126,2.431632847046461,,,
401282224,2021,6,regular,2021-10-08T23:00:00.000Z,False,True,False,True,0,218,FIU Stadium,2229,Florida International,fbs,Conference USA,33,"[3, 3, 7, 20]",0.5387741923332214,1209,1193,2429,Charlotte,fbs,Conference USA,45,"[7, 10, 14, 14]",0.46122580766677856,1321,1337,4.880213561624627,,,
401347913,2021,6,regular,2021-10-08T23:00:00.000Z,False,True,False,True,,3848,Multi-Sport Stadium,2038,Assumption,ii,Northeast 10,26,"[17, 9, 0, 0]",,,,2583,Southern Connecticut State,ii,Northeast 10,0,"[0, 0, 0, 0]",,,,,,,
401328299,2021,6,regular,2021-10-09T00:00:00.000Z,False,True,False,True,,3990,William H. Greene Stadium,47,Howard,fcs,MEAC,27,"[0, 3, 7, 17]",,,,2415,Morgan State,fcs,MEAC,0,"[0, 0, 0, 0]",,,,,,,
401309868,2021,6,regular,2021-10-09T02:30:00.000Z,False,True,False,True,46192,3947,Mountain America Stadium,9,Arizona State,fbs,Pac-12,28,"[14, 7, 7, 0]",0.9481622576713562,1729,1750,24,Stanford,fbs,Pac-12,10,"[7, 0, 3, 0]",0.0518377423286438,1525,1504,3.381349426291057,,,
401309566,2021,6,regular,2021-10-09T16:00:00.000Z,False,True,False,True,17797,3700,Doyt L. Perry Stadium,189,Bowling Green,fbs,Mid-American,20,"[10, 3, 0, 7]",0.09239397197961807,1080,1031,2006,Akron,fbs,Mid-American,35,"[0, 7, 21, 7]",0.9076060280203819,948,997,3.695379040074056,,,
401329436,2021,6,regular,2021-10-09T16:00:00.000Z,False,True,False,True,,6063,Mueller Field,587,Notre Dame College,ii,Mountain East,23,"[0, 20, 0, 3]",,,,341,Frostburg State,ii,Mountain East,21,"[7, 0, 7, 7]",,,,,,,
401282788,2021,6,regular,2021-10-09T16:00:00.000Z,False,True,False,True,41117,6577,SHI Stadium,164,Rutgers,fbs,Big Ten,13,"[7, 6, 0, 0]",0.0947553813457489,1478,1445,127,Michigan State,fbs,Big Ten,31,"[7, 14, 7, 3]",0.9052446186542511,1579,1612,6.481506953085287,,,
401328727,2021,6,regular,2021-10-09T16:00:00.000Z,False,True,False,True,,5934,Farmers Insurance Athletic Complex,110254,Davenport,ii,GLIAC,18,"[10, 3, 3, 2]",,,,128,Northern Michigan,ii,GLIAC,13,"[0, 7, 0, 6]",,,,,,,
401329637,2021,6,regular,2021-10-09T16:00:00.000Z,False,True,False,True,,6033,Carl Smith Stadium,2842,UVA Wise,ii,South Atlantic,14,"[0, 7, 7, 0]",,,,2444,Newberry,ii,South Atlantic,37,"[14, 9, 14, 0]",,,,,,,
401282098,2021,6,regular,2021-10-09T16:00:00.000Z,False,True,False,True,86258,3634,Ben Hill Griffin Stadium,57,Florida,fbs,SEC,42,"[14, 7, 21, 0]",0.9889724850654602,1758,1801,238,Vanderbilt,fbs,SEC,0,"[0, 0, 0, 0]",0.011027514934539795,1126,1083,2.336610577658037,,,
401287918,2021,6,regular,2021-10-09T16:00:00.000Z,False,True,True,True,92100,499,Cotton Bowl,251,Texas,fbs,Big 12,48,"[28, 10, 3, 7]",0.32244235277175903,1893,1882,201,Oklahoma,fbs,Big 12,55,"[7, 13, 10, 25]",0.677557647228241,1848,1859,5.30270208885192,,,
401328516,2021,6,regular,2021-10-09T16:00:00.000Z,False,True,False,True,,36,Leonidoff Field,2368,Marist,fcs,Pioneer,34,"[17, 7, 7, 3]",,,,56,Stetson,fcs,Pioneer,3,"[0, 3, 0, 0]",,,,,,,
401347695,2021,6,regular,2021-10-09T16:00:00.000Z,False,True,False,True,,5868,Ronald J. Abdow Field,2022,American International,ii,Northeast 10,0,"[0, 0, 0, 0]",,,,284,Stonehill,ii,Northeast 10,25,"[6, 3, 13, 3]",,,,,,,
401282100,2021,6,regular,2021-10-09T16:00:00.000Z,False,True,False,True,60256,3974,Vaught-Hemingway Stadium,145,Ole Miss,fbs,SEC,52,"[0, 21, 10, 21]",0.7322954535484314,1729,1726,8,Arkansas,fbs,SEC,51,"[7, 7, 17, 20]",0.2677045464515686,1617,1620,9.38448686455236,,,
401332293,2021,6,regular,2021-10-09T16:00:00.000Z,False,True,False,True,,3623,Arthur J. Rooney Athletic Field,2184,Duquesne,fcs,NEC,39,"[7, 14, 9, 9]",,,,2803,Bryant,fcs,NEC,34,"[14, 0, 7, 13]",,,,,,,
401309564,2021,6,regular,2021-10-09T16:00:00.000Z,False,True,False,True,21284,3739,Glass Bowl,2649,Toledo,fbs,Mid-American,20,"[0, 14, 0, 6]",0,1472,1455,2459,Northern Illinois,fbs,Mid-American,22,"[3, 13, 0, 6]",1,1234,1251,7.354177863050964,,,
401328501,2021,6,regular,2021-10-09T16:00:00.000Z,False,True,False,True,,3664,Butler Bowl,2086,Butler,fcs,Pioneer,21,"[14, 0, 0, 7]",,,,301,San Diego,fcs,Pioneer,52,"[7, 7, 17, 21]",,,,,,,
401334790,2021,6,regular,2021-10-09T16:00:00.000Z,False,True,False,True,,4441,McConnell Family Stadium,367,Gannon,ii,Pennsylvania State Athletic,17,"[3, 7, 0, 7]",,,,2858,California (PA),ii,Pennsylvania State Athletic,38,"[14, 17, 7, 0]",,,,,,,
401282769,2021,6,regular,2021-10-09T16:00:00.000Z,False,True,False,True,99277,3861,Ohio Stadium,194,Ohio State,fbs,Big Ten,66,"[14, 21, 21, 10]",0.9865632057189941,1998,2064,120,Maryland,fbs,Big Ten,17,"[3, 7, 7, 0]",0.01343679428100586,1392,1326,2.8058661611498024,,,
401287917,2021,6,regular,2021-10-09T16:00:00.000Z,False,True,False,True,43569,4727,McLane Stadium,239,Baylor,fbs,Big 12,45,"[21, 7, 14, 3]",0.9836505055427551,1578,1637,277,West Virginia,fbs,Big 12,20,"[7, 3, 3, 7]",0.016349494457244873,1539,1480,3.028100442968153,,,
401334771,2021,6,regular,2021-10-09T16:00:00.000Z,False,True,False,True,,6060,Grace P. Johnson Stadium,2882,UNC Pembroke,ii,Mountain East,34,"[3, 21, 0, 10]",,,,112335,Wheeling,ii,Mountain East,28,"[0, 9, 12, 7]",,,,,,,
401329353,2021,6,regular,2021-10-09T16:00:00.000Z,False,True,False,True,,4428,Saxon Stadium,2385,Mercyhurst,ii,Pennsylvania State Athletic,17,"[14, 0, 0, 3]",,,,611,Seton Hill,ii,Pennsylvania State Athletic,19,"[0, 19, 0, 0]",,,,,,,
401328186,2021,6,regular,2021-10-09T16:00:00.000Z,False,True,False,True,,3607,Alfond Stadium,311,Maine,fcs,CAA,23,"[3, 7, 13, 0]",,,,2210,Elon,fcs,CAA,33,"[13, 6, 7, 7]",,,,,,,
401282102,2021,6,regular,2021-10-09T16:00:00.000Z,False,True,False,True,89437,3853,Neyland Stadium,2633,Tennessee,fbs,SEC,45,"[28, 10, 0, 7]",0.9915475845336914,1598,1639,2579,South Carolina,fbs,SEC,20,"[0, 7, 7, 6]",0.008452415466308594,1402,1361,2.313325567934286,,,
401328473,2021,6,regular,2021-10-09T16:30:00.000Z,False,True,False,False,,3656,Brown Stadium,225,Brown,fcs,Ivy,31,"[10, 7, 7, 7]",,,,2142,Colgate,fcs,Patriot,10,"[0, 0, 3, 7]",,,,,,,
401282652,2021,6,regular,2021-10-09T16:30:00.000Z,False,True,False,True,11849,3982,Wallace Wade Stadium,150,Duke,fbs,ACC,27,"[7, 7, 3, 10]",0.6948156952857971,1299,1301,59,Georgia Tech,fbs,ACC,31,"[14, 3, 7, 7]",0.3051843047142029,1428,1426,7.005342335830625,,,
401335301,2021,6,regular,2021-10-09T16:30:00.000Z,False,True,False,True,,3721,Fisher Field,322,Lafayette,fcs,Patriot,27,"[7, 14, 3, 3]",,,,2083,Bucknell,fcs,Patriot,0,"[0, 0, 0, 0]",,,,,,,
401328594,2021,6,regular,2021-10-09T17:00:00.000Z,False,True,False,True,,3779,Manning Field at John L. Guidry Stadium,2447,Nicholls,fcs,Southland,48,"[7, 7, 21, 13]",,,,2545,SE Louisiana,fcs,Southland,58,"[7, 24, 14, 13]",,,,,,,
401327958,2021,6,regular,2021-10-09T17:00:00.000Z,False,True,False,True,,6032,Hovey Field,2676,Virginia Union,ii,CIAA,32,"[16, 0, 3, 13]",,,,2339,Lincoln (PA),ii,CIAA,0,"[0, 0, 0, 0]",,,,,,,
401328241,2021,6,regular,2021-10-09T17:00:00.000Z,False,True,False,False,,3624,Arute Field,2115,Central Connecticut,fcs,NEC,20,"[0, 7, 0, 13]",,,,171,Columbia,fcs,Ivy,22,"[7, 3, 2, 10]",,,,,,,
401332051,2021,6,regular,2021-10-09T17:00:00.000Z,False,True,False,False,,5389,Kessler Stadium,2405,Monmouth,fcs,Big South,28,"[7, 7, 7, 7]",,,,163,Princeton,fcs,Ivy,31,"[3, 3, 8, 17]",,,,,,,
401328177,2021,6,regular,2021-10-09T17:00:00.000Z,False,True,False,True,,3824,Meade Stadium,227,Rhode Island,fcs,CAA,22,"[3, 9, 0, 10]",,,,48,Delaware,fcs,CAA,15,"[0, 0, 7, 8]",,,,,,,
401328509,2021,6,regular,2021-10-09T17:00:00.000Z,False,True,False,True,,3701,Drake Stadium,2181,Drake,fcs,Pioneer,10,"[0, 0, 0, 10]",,,,2168,Dayton,fcs,Pioneer,28,"[0, 14, 7, 7]",,,,,,,
401328271,2021,6,regular,2021-10-09T17:00:00.000Z,False,True,False,False,,3730,Franklin Field,219,Pennsylvania,fcs,Ivy,20,"[0, 0, 3, 17]",,,,2329,Lehigh,fcs,Patriot,0,"[0, 0, 0, 0]",,,,,,,
401332307,2021,6,regular,2021-10-09T17:00:00.000Z,False,True,False,True,,3694,DeGol Field,2598,Saint Francis,fcs,NEC,55,"[7, 20, 14, 14]",,,,2341,Long Island University,fcs,NEC,10,"[3, 0, 0, 7]",,,,,,,
401328340,2021,6,regular,2021-10-09T17:00:00.000Z,False,True,False,True,,3829,Memorial Stadium,282,Indiana State,fcs,MVFC,37,"[10, 14, 10, 3]",,,,2710,Western Illinois,fcs,MVFC,27,"[0, 7, 14, 6]",,,,,,,
401328522,2021,6,regular,2021-10-09T17:00:00.000Z,False,True,False,True,,3627,Bailey Memorial Stadium,2506,Presbyterian,fcs,Pioneer,30,"[0, 6, 8, 16]",,,,2413,Morehead State,fcs,Pioneer,38,"[17, 7, 0, 14]",,,,,,,
401332311,2021,6,regular,2021-10-09T17:00:00.000Z,False,True,False,False,,150,Jack Coffey Field,2230,Fordham,fcs,Patriot,56,"[14, 28, 14, 0]",,,,2681,Wagner,fcs,NEC,7,"[0, 7, 0, 0]",,,,,,,
401328147,2021,6,regular,2021-10-09T17:00:00.000Z,False,True,False,True,,3603,Aggie Stadium,2448,North Carolina A&T,fcs,Big South,38,"[10, 14, 7, 7]",,,,2453,North Alabama,fcs,Big South,34,"[7, 0, 21, 6]",,,,,,,
401327919,2021,6,regular,2021-10-09T17:00:00.000Z,False,True,False,True,,5220,Garrison Stadium,2804,Chowan,ii,CIAA,3,"[3, 0, 0, 0]",,,,2075,Bowie State,ii,CIAA,14,"[7, 0, 0, 7]",,,,,,,
401328251,2021,6,regular,2021-10-09T17:00:00.000Z,False,True,False,True,,3750,Harvard Stadium,108,Harvard,fcs,Ivy,24,"[0, 3, 14, 7]",,,,172,Cornell,fcs,Ivy,10,"[0, 7, 3, 0]",,,,,,,
401332386,2021,6,regular,2021-10-09T17:00:00.000Z,False,True,False,False,,6221,Mitchell Stadium,124180,Bluefield State,ii,Independent DII,23,"[7, 7, 2, 7]",,,,124110,UFTL,,,9,"[3, 0, 6, 0]",,,,,,,
401329360,2021,6,regular,2021-10-09T17:00:00.000Z,False,True,False,True,,3760,Hubert Jack Stadium,209,Lock Haven,ii,Pennsylvania State Athletic,21,"[0, 7, 7, 7]",,,,2974,Shepherd,ii,Pennsylvania State Athletic,75,"[17, 31, 21, 6]",,,,,,,
401344441,2021,6,regular,2021-10-09T17:00:00.000Z,False,True,False,True,,5876,Bentley University Football Stadium,2060,Bentley,ii,Northeast 10,26,"[0, 12, 7, 7]",,,,2487,Pace,ii,Northeast 10,0,"[0, 0, 0, 0]",,,,,,,
401329645,2021,6,regular,2021-10-09T17:00:00.000Z,False,True,False,True,,5122,Shuford Stadium,2107,Catawba,ii,South Atlantic,33,"[7, 6, 7, 13]",,,,2105,Carson Newman,ii,South Atlantic,27,"[7, 0, 14, 6]",,,,,,,
401334763,2021,6,regular,2021-10-09T17:00:00.000Z,False,True,False,True,,3667,Callaghan Stadium,2148,Concord,ii,Mountain East,20,"[0, 8, 7, 5]",,,,2699,West Liberty,ii,Mountain East,16,"[7, 3, 0, 6]",,,,,,,
401329388,2021,6,regular,2021-10-09T17:00:00.000Z,False,True,False,True,,5887,I.L. & Sue Morris Stadium,2249,Glenville State,ii,Mountain East,9,"[0, 6, 3, 0]",,,,2128,Charleston (WV),ii,Mountain East,20,"[0, 7, 7, 6]",,,,,,,
401328104,2021,6,regular,2021-10-09T17:00:00.000Z,False,True,False,True,,6041,Irwin Belk Complex,2304,Johnson C. Smith,ii,CIAA,12,"[0, 0, 0, 12]",,,,2736,Winston-Salem State,ii,CIAA,26,"[13, 3, 3, 7]",,,,,,,
401329693,2021,6,regular,2021-10-09T17:00:00.000Z,False,True,False,True,,6553,Helen and Leonard Moretz Stadium,2331,Lenoir Rhyne,ii,South Atlantic,38,"[7, 7, 14, 10]",,,,2839,Tusculum,ii,South Atlantic,31,"[14, 3, 7, 7]",,,,,,,
401331751,2021,6,regular,2021-10-09T17:00:00.000Z,False,True,False,True,,4750,The Reservation,2336,Limestone,ii,South Atlantic,17,"[14, 0, 3, 0]",,,,351,Wingate,ii,South Atlantic,35,"[0, 28, 0, 7]",,,,,,,
401328927,2021,6,regular,2021-10-09T17:00:00.000Z,False,True,False,True,,6058,Ralph F. DellaCamera Stadium,2441,New Haven,ii,Northeast 10,56,"[7, 14, 28, 7]",,,,2830,Saint Anselm,ii,Northeast 10,7,"[0, 7, 0, 0]",,,,,,,
401328086,2021,6,regular,2021-10-09T17:00:00.000Z,False,True,False,True,,6068,George Williams Athletic Complex,2551,Shaw,ii,CIAA,12,"[9, 3, 0, 0]",,,,2220,Fayetteville State,ii,CIAA,15,"[6, 0, 6, 3]",,,,,,,
401329367,2021,6,regular,2021-10-09T17:00:00.000Z,False,True,False,True,,4429,Seth Grove Stadium,2559,Shippensburg,ii,Pennsylvania State Athletic,34,"[10, 7, 6, 11]",,,,223,West Chester,ii,Pennsylvania State Athletic,18,"[3, 3, 6, 6]",,,,,,,
401328994,2021,6,regular,2021-10-09T17:00:00.000Z,False,True,False,True,,4015,Barron Stadium,2560,Shorter,ii,Gulf South,7,"[0, 0, 7, 0]",,,,2695,West Alabama,ii,Gulf South,44,"[0, 14, 20, 10]",,,,,,,
401329176,2021,6,regular,2021-10-09T17:00:00.000Z,False,True,False,True,,5933,Sea Foam Stadium,3066,Concordia St. Paul,ii,Northern Sun,14,"[7, 0, 7, 0]",,,,132,Bemidji State,ii,Northern Sun,42,"[7, 14, 14, 7]",,,,,,,
401334777,2021,6,regular,2021-10-09T17:30:00.000Z,False,True,False,True,,5784,Cebe Ross Field,455,West Virginia Wesleyan,ii,Mountain East,3,"[3, 0, 0, 0]",,,,2707,West Virginia State,ii,Mountain East,38,"[7, 10, 14, 7]",,,,,,,
401328172,2021,6,regular,2021-10-09T17:30:00.000Z,False,True,False,True,,3612,Alumni Memorial Stadium (NC),2940,Livingstone,ii,CIAA,21,"[21, 0, 0, 0]",,,,395,St. Augustine's,ii,CIAA,7,"[0, 0, 0, 7]",,,,,,,
401329655,2021,6,regular,2021-10-09T17:30:00.000Z,False,True,False,False,,6046,Meares Stadium,2369,Mars Hill,ii,South Atlantic,40,"[0, 20, 7, 13]",,,,122666,Barton,ii,Independent DII,32,"[3, 16, 6, 7]",,,,,,,
401328265,2021,6,regular,2021-10-09T17:30:00.000Z,False,True,False,True,,3826,Memorial Field,159,Dartmouth,fcs,Ivy,24,"[7, 7, 0, 3, 7]",,,,43,Yale,fcs,Ivy,17,"[3, 7, 0, 7, 0]",,,,,,,
401328538,2021,6,regular,2021-10-09T17:30:00.000Z,False,True,False,True,,3597,Alumni Memorial Field,2678,VMI,fcs,Southern,37,"[3, 6, 7, 18, 3]",,,,236,Chattanooga,fcs,Southern,34,"[0, 7, 10, 17, 0]",,,,,,,
401328556,2021,6,regular,2021-10-09T17:30:00.000Z,False,True,False,True,,3737,Gibbs Stadium,2747,Wofford,fcs,Southern,20,"[10, 7, 3, 0]",,,,231,Furman,fcs,Southern,42,"[0, 21, 7, 14]",,,,,,,
401328355,2021,6,regular,2021-10-09T18:00:00.000Z,False,True,False,True,,844,Stambaugh Stadium,2754,Youngstown State,fcs,MVFC,41,"[6, 11, 3, 21]",,,,2623,Missouri State,fcs,MVFC,33,"[0, 3, 7, 23]",,,,,,,
401328320,2021,6,regular,2021-10-09T18:00:00.000Z,False,True,False,False,,3862,O'Kelly-Riddick Stadium,2428,North Carolina Central,fcs,MEAC,16,"[3, 0, 0, 13]",,,,2635,Tennessee Tech,fcs,OVC,27,"[7, 14, 0, 6]",,,,,,,
401328529,2021,6,regular,2021-10-09T18:00:00.000Z,False,True,False,True,,5116,O'Shaughnessy Stadium,2900,St. Thomas (MN),fcs,Pioneer,20,"[0, 7, 13, 0]",,,,2674,Valparaiso,fcs,Pioneer,13,"[3, 0, 0, 10]",,,,,,,
401328134,2021,6,regular,2021-10-09T18:00:00.000Z,False,True,False,True,,3620,Armstrong Stadium,2261,Hampton,fcs,Big South,15,"[0, 6, 3, 6]",,,,338,Kennesaw State,fcs,Big South,34,"[3, 17, 7, 7]",,,,,,,
401328195,2021,6,regular,2021-10-09T18:00:00.000Z,False,True,False,True,,3651,Bridgeforth Stadium,256,James Madison,fcs,CAA,27,"[10, 17, 0, 0]",,,,222,Villanova,fcs,CAA,28,"[13, 3, 12, 0]",,,,,,,
401328291,2021,6,regular,2021-10-09T18:00:00.000Z,False,True,False,False,,3613,Alumni Stadium,2169,Delaware State,fcs,MEAC,56,"[0, 42, 7, 7]",,,,2355,Virginia Lynchburg,,,6,"[0, 0, 6, 0]",,,,,,,
401282226,2021,6,regular,2021-10-09T18:00:00.000Z,False,True,False,True,24172,3775,Joan C. Edwards Stadium,276,Marshall,fbs,Conference USA,20,"[3, 3, 0, 7, 7]",0.620317280292511,1591,1581,295,Old Dominion,fbs,Conference USA,13,"[7, 3, 0, 3, 0]",0.379682719707489,1212,1222,11.501172103259536,,,
401328368,2021,6,regular,2021-10-09T18:00:00.000Z,False,True,False,True,,3714,Fargodome,2449,North Dakota State,fcs,MVFC,34,"[10, 3, 14, 7]",,,,2460,Northern Iowa,fcs,MVFC,20,"[0, 10, 7, 3]",,,,,,,
401329327,2021,6,regular,2021-10-09T18:00:00.000Z,False,True,False,True,,3668,Campus Field,2529,Sacred Heart,fcs,NEC,20,"[7, 3, 7, 3]",,,,2771,Merrimack,fcs,NEC,10,"[0, 3, 7, 0]",,,,,,,
401328685,2021,6,regular,2021-10-09T18:00:00.000Z,False,True,False,True,,3609,Allgood-Bailey Stadium,2402,Missouri S&T,ii,Great Lakes,21,"[7, 0, 0, 14]",,,,2654,Truman State,ii,Great Lakes,38,"[21, 3, 14, 0]",,,,,,,
401329115,2021,6,regular,2021-10-09T18:00:00.000Z,False,True,False,True,,5881,CAU Panther Stadium,2805,Clark Atlanta,ii,SIAC,21,"[7, 7, 7, 0]",,,,2019,Allen,ii,SIAC,12,"[0, 6, 6, 0]",,,,,,,
401329121,2021,6,regular,2021-10-09T18:00:00.000Z,False,True,False,True,,5945,Wildcat Stadium (GA),2232,Fort Valley State,ii,SIAC,35,"[14, 14, 0, 7]",,,,2119,Central State,ii,SIAC,14,"[0, 0, 7, 7]",,,,,,,
401329141,2021,6,regular,2021-10-09T18:00:00.000Z,False,True,False,True,,6042,Alumni Stadium (KY),2310,Kentucky State,ii,SIAC,49,[],,,,2323,Lane College,ii,SIAC,14,[],,,,,,,
401329081,2021,6,regular,2021-10-09T18:00:00.000Z,False,True,False,False,,5867,Albany State University Coliseum,2013,Albany State,ii,SIAC,30,"[7, 9, 14, 0]",,,,2206,Edward Waters,ii,SIAC,0,"[0, 0, 0, 0]",,,,,,,
401329339,2021,6,regular,2021-10-09T18:00:00.000Z,False,True,False,True,,3860,O'Harra Stadium,613,South Dakota Mines,ii,Rocky Mountain,42,"[14, 0, 14, 14]",,,,2237,Fort Lewis,ii,Rocky Mountain,7,"[0, 7, 0, 0]",,,,,,,
401329184,2021,6,regular,2021-10-09T18:00:00.000Z,False,True,False,True,,4435,Robert B. Redman Stadium,2071,Bloomsburg,ii,Pennsylvania State Athletic,7,"[7, 0, 0, 0]",,,,2315,Kutztown,ii,Pennsylvania State Athletic,34,"[14, 7, 6, 7]",,,,,,,
401332027,2021,6,regular,2021-10-09T18:00:00.000Z,False,True,False,True,,5943,Duvall-Rosier Field,2986,Fairmont State,ii,Mountain East,44,[],,,,2017,Alderson-Broaddus,ii,Mountain East,10,[],,,,,,,
401329345,2021,6,regular,2021-10-09T18:00:00.000Z,False,True,False,True,,4724,Audrey J. Walton Stadium at Vernon Kennedy Field,2118,Central Missouri,ii,Mid America,45,"[14, 7, 17, 7]",,,,2214,Emporia State,ii,Mid America,38,"[0, 21, 7, 10]",,,,,,,
401329146,2021,6,regular,2021-10-09T18:00:00.000Z,False,True,False,True,,5872,Kirkeby-Over Stadium,2043,Augustana (SD),ii,Northern Sun,37,"[7, 17, 7, 6]",,,,389,Upper Iowa,ii,Northern Sun,20,"[6, 0, 7, 7]",,,,,,,
401329195,2021,6,regular,2021-10-09T18:00:00.000Z,False,True,False,True,,4437,"Memorial Stadium (Clarion, PA)",2134,Clarion,ii,Pennsylvania State Athletic,21,"[0, 7, 0, 14]",,,,2291,IU Pennsylvania,ii,Pennsylvania State Athletic,58,"[9, 28, 14, 7]",,,,,,,
401329495,2021,6,regular,2021-10-09T18:00:00.000Z,False,True,False,True,,3641,Blakeslee Stadium,2364,Minnesota State,ii,Northern Sun,24,"[0, 10, 14, 0]",,,,2844,Wayne State (NE),ii,Northern Sun,35,"[0, 7, 0, 28]",,,,,,,
401332016,2021,6,regular,2021-10-09T18:00:00.000Z,False,True,False,True,,3729,"Frank ""Muddy"" Waters Stadium",2273,Hillsdale,ii,Great Midwest Athletic,20,"[0, 7, 6, 7]",,,,2682,Walsh,ii,Great Midwest Athletic,3,"[3, 0, 0, 0]",,,,,,,
401329409,2021,6,regular,2021-10-09T18:00:00.000Z,False,True,False,True,,6034,Yager Stadium at Moore Bowl,2687,Washburn,ii,Mid America,23,"[0, 0, 10, 7, 6]",,,,2231,Fort Hays,ii,Mid America,20,"[7, 0, 7, 3, 3]",,,,,,,
401329414,2021,6,regular,2021-10-09T18:00:00.000Z,False,True,False,True,,4440,Sox Harrison Stadium,2205,Edinboro,ii,Pennsylvania State Athletic,13,"[3, 7, 3, 0]",,,,215,Slippery Rock,ii,Pennsylvania State Athletic,49,"[8, 14, 14, 13]",,,,,,,
401328610,2021,6,regular,2021-10-09T18:00:00.000Z,False,True,False,True,,3749,Hunter Stadium,2815,Lindenwood,ii,Great Lakes Valley,33,"[7, 14, 0, 12]",,,,2825,Quincy,ii,Great Lakes,28,"[7, 7, 7, 7]",,,,,,,
401329428,2021,6,regular,2021-10-09T18:05:00.000Z,False,True,False,True,,4439,Eiler-Martin Stadium,2188,East Stroudsburg,ii,Pennsylvania State Athletic,27,"[3, 10, 7, 7]",,,,210,Millersville,ii,Pennsylvania State Athletic,7,"[0, 0, 0, 7]",,,,,,,
401329511,2021,6,regular,2021-10-09T18:30:00.000Z,False,True,False,True,,5134,Bearcat Stadium,138,Northwest Missouri State,ii,Mid America,20,"[0, 0, 14, 6]",,,,90,Pittsburg State,ii,Mid America,19,"[7, 6, 6, 0]",,,,,,,
401329446,2021,6,regular,2021-10-09T19:00:00.000Z,False,True,False,True,,6045,Dwight T. Reed Stadium,2876,Lincoln (MO),ii,Mid America,32,"[0, 12, 8, 12]",,,,2403,Missouri Southern State,ii,Mid America,52,"[17, 21, 7, 7]",,,,,,,
401329042,2021,6,regular,2021-10-09T19:00:00.000Z,False,True,False,True,,6052,Herb Parker Stadium,568,Minot State,ii,Northern Sun,17,"[3, 0, 0, 14]",,,,2817,Minnesota St Moorhead,ii,Northern Sun,29,"[14, 15, 0, 0]",,,,,,,
401329470,2021,6,regular,2021-10-09T19:00:00.000Z,False,True,False,True,,6057,Ron & Carol Cope Stadium at Foster Field,2438,Nebraska Kearney,ii,Mid America,35,"[0, 7, 14, 14]",,,,137,Missouri Western,ii,Mid America,14,"[0, 0, 7, 7]",,,,,,,
401328349,2021,6,regular,2021-10-09T19:00:00.000Z,False,True,False,True,,5113,Ruggles Field at Carpenter-Haygood Stadium,2271,Henderson State,ii,Great American,59,"[21, 14, 17, 7]",,,,2191,East Central,ii,Great American,24,"[0, 7, 14, 3]",,,,,,,
401328393,2021,6,regular,2021-10-09T19:00:00.000Z,False,True,False,True,,5885,First Security Stadium,2264,Harding,ii,Great American,49,"[14, 14, 14, 7]",,,,200,Southern Nazarene,ii,Great American,10,"[0, 3, 7, 0]",,,,,,,
401329476,2021,6,regular,2021-10-09T19:00:00.000Z,False,True,False,True,,3769,Jack Britt Memorial Stadium,437,Lake Erie,ii,Great Midwest Athletic,17,"[0, 7, 3, 7]",,,,2838,Tiffin,ii,Great Midwest Athletic,35,"[7, 7, 14, 7]",,,,,,,
401329128,2021,6,regular,2021-10-09T19:00:00.000Z,False,True,False,True,,3638,MDU Resources Community Bowl,559,University of Mary,ii,Northern Sun,27,"[0, 14, 6, 7]",,,,134,Minnesota Duluth,ii,Northern Sun,31,"[7, 17, 0, 7]",,,,,,,
401328281,2021,6,regular,2021-10-09T19:00:00.000Z,False,True,False,True,,5870,Thone Stadium at Buerkle Field,2033,Arkansas Tech,ii,Great American,38,"[3, 14, 7, 14]",,,,319,Oklahoma Baptist,ii,Great American,35,"[14, 7, 0, 14]",,,,,,,
401328533,2021,6,regular,2021-10-09T19:00:00.000Z,False,True,False,True,,6073,Milam Stadium,2927,Southwestern Oklahoma State,ii,Great American,10,"[0, 10, 0, 0]",,,,2888,Ouachita Baptist,ii,Great American,30,"[7, 7, 9, 7]",,,,,,,
401330264,2021,6,regular,2021-10-09T19:00:00.000Z,False,True,False,True,,5782,Mountaineer Bowl,2714,Western Colorado,ii,Rocky Mountain,45,"[3, 7, 14, 21]",,,,2424,New Mexico Highlands,ii,Rocky Mountain,38,"[14, 0, 10, 14]",,,,,,,
401329021,2021,6,regular,2021-10-09T19:00:00.000Z,False,True,False,True,,6053,Robinson-Hale Stadium,2401,Mississippi College,ii,Gulf South,21,"[7, 0, 7, 7]",,,,2698,West Georgia,ii,Gulf South,40,"[10, 17, 0, 13]",,,,,,,
401329299,2021,6,regular,2021-10-09T19:00:00.000Z,False,True,False,True,,5877,Lyle Hare Stadium,2069,Black Hills State,ii,Rocky Mountain,20,"[0, 14, 0, 6]",,,,2146,Colorado School of Mines,ii,Rocky Mountain,41,"[10, 10, 14, 7]",,,,,,,
401329062,2021,6,regular,2021-10-09T19:00:00.000Z,False,True,False,True,,5780,Altra Federal Credit Union Stadium,2851,Winona State,ii,Northern Sun,49,"[0, 14, 14, 21]",,,,425,Northern State,ii,Northern Sun,52,"[7, 28, 14, 3]",,,,,,,
401329309,2021,6,regular,2021-10-09T19:00:00.000Z,False,True,False,True,,5880,Elliott Field at Don Beebe Stadium,2123,Chadron State,ii,Rocky Mountain,17,"[3, 7, 0, 7]",,,,2570,CSU Pueblo,ii,Rocky Mountain,42,"[0, 14, 28, 0]",,,,,,,
401282653,2021,6,regular,2021-10-09T19:00:00.000Z,False,True,False,True,40320,3873,L&N Federal Credit Union Stadium,97,Louisville,fbs,ACC,33,"[10, 0, 20, 3]",0.9928069114685059,1529,1527,258,Virginia,fbs,ACC,34,"[10, 3, 0, 21]",0.007193088531494141,1504,1506,7.816130315192738,,,
401328421,2021,6,regular,2021-10-09T19:00:00.000Z,False,True,False,True,,3748,Graham Stadium,2630,UT Martin,fcs,OVC,48,"[13, 21, 7, 7]",,,,93,Murray State,fcs,OVC,24,"[3, 0, 14, 7]",,,,,,,
401328668,2021,6,regular,2021-10-09T19:00:00.000Z,False,True,False,True,,3809,Louis Crews Stadium,2010,Alabama A&M,fcs,SWAC,15,"[0, 7, 0, 8]",,,,2296,Jackson State,fcs,SWAC,61,"[20, 13, 21, 7]",,,,,,,
401327981,2021,6,regular,2021-10-09T19:00:00.000Z,False,True,False,False,,3987,Washington-Grizzly Stadium,149,Montana,fcs,Big Sky,31,"[0, 3, 14, 14]",,,,3101,Utah Tech,fcs,Western Athletic,14,"[0, 0, 0, 14]",,,,,,,
401328060,2021,6,regular,2021-10-09T19:00:00.000Z,False,True,False,True,,1930,Holt Arena,304,Idaho State,fcs,Big Sky,27,"[14, 10, 0, 3]",,,,302,UC Davis,fcs,Big Sky,17,"[0, 3, 0, 14]",,,,,,,
401328007,2021,6,regular,2021-10-09T19:00:00.000Z,False,True,False,True,,3647,Elliott T. Bowers Stadium,2534,Sam Houston,fcs,AWC,41,"[14, 6, 7, 14]",,,,2320,Lamar,fcs,Western Athletic,7,"[0, 7, 0, 0]",,,,,,,
401328627,2021,6,regular,2021-10-09T19:00:00.000Z,False,True,False,True,,3771,Jack Spinks Stadium,2016,Alcorn State,fcs,SWAC,24,"[14, 7, 3, 0]",,,,2755,Grambling,fcs,SWAC,20,"[3, 3, 7, 7]",,,,,,,
401328380,2021,6,regular,2021-10-09T19:00:00.000Z,False,True,False,True,,5237,Dana J. Dykhouse Stadium,2571,South Dakota State,fcs,MVFC,41,"[7, 13, 8, 7, 6]",,,,79,Southern Illinois,fcs,MVFC,42,"[0, 14, 0, 21, 7]",,,,,,,
401328362,2021,6,regular,2021-10-09T19:00:00.000Z,False,True,False,True,,1905,DakotaDome,233,South Dakota,fcs,MVFC,20,"[10, 0, 7, 3]",,,,155,North Dakota,fcs,MVFC,13,"[7, 0, 3, 3]",,,,,,,
401328121,2021,6,regular,2021-10-09T19:00:00.000Z,False,True,False,True,,3777,Joe Walton Stadium,2523,Robert Morris,fcs,Big South,31,"[7, 6, 0, 18]",,,,2127,Charleston Southern,fcs,Big South,24,"[0, 14, 0, 10]",,,,,,,
401328619,2021,6,regular,2021-10-09T19:00:00.000Z,False,True,False,True,,4582,Hornet Stadium,2011,Alabama State,fcs,SWAC,35,"[7, 7, 7, 14]",,,,2029,Arkansas-Pine Bluff,fcs,SWAC,15,"[0, 0, 3, 12]",,,,,,,
401328042,2021,6,regular,2021-10-09T19:00:00.000Z,False,True,False,True,,3856,Nottingham Field,2458,Northern Colorado,fcs,Big Sky,17,"[3, 7, 7, 0]",,,,331,Eastern Washington,fcs,Big Sky,63,"[22, 21, 10, 10]",,,,,,,
401282718,2021,6,regular,2021-10-09T19:30:00.000Z,False,True,False,True,40168,3832,"Memorial Stadium (Champaign, IL)",356,Illinois,fbs,Big Ten,0,"[0, 0, 0, 0]",0,1360,1330,275,Wisconsin,fbs,Big Ten,24,"[3, 7, 14, 0]",1,1656,1686,2.611843037006649,,,
401282229,2021,6,regular,2021-10-09T19:30:00.000Z,False,True,False,False,19935,3992,Williams Stadium (VA),2335,Liberty,fbs,FBS Independents,41,"[14, 10, 10, 7]",0.9510554671287537,1654,1688,2393,Middle Tennessee,fbs,Conference USA,13,"[0, 7, 6, 0]",0.04894453287124634,1302,1268,2.6997868054083476,,,
401310715,2021,6,regular,2021-10-09T19:30:00.000Z,False,True,False,True,34780,5388,Canvas Stadium,36,Colorado State,fbs,Mountain West,32,"[10, 6, 10, 6]",0.9642606973648071,1439,1477,23,San José State,fbs,Mountain West,14,"[0, 7, 0, 7]",0.03573930263519287,1412,1374,2.717368750812874,,,
401282225,2021,6,regular,2021-10-09T19:30:00.000Z,False,True,False,True,25191,3803,Legion Field,5,UAB,fbs,Conference USA,31,"[14, 10, 7, 0]",0.9642314910888672,1453,1504,2226,Florida Atlantic,fbs,Conference USA,14,"[7, 7, 0, 0]",0.03576850891113281,1593,1542,3.770768714689598,,,
401282654,2021,6,regular,2021-10-09T19:30:00.000Z,False,True,False,True,44805,3787,Kenan Stadium,153,North Carolina,fbs,ACC,25,"[10, 0, 7, 8]",0.03360419347882271,1727,1669,52,Florida State,fbs,ACC,35,"[0, 21, 14, 0]",0.9663958065211773,1346,1404,4.071394221631198,,,
401286191,2021,6,regular,2021-10-09T19:30:00.000Z,False,True,False,False,12765,3985,Warren McGuirk Alumni Stadium,113,Massachusetts,fbs,FBS Independents,27,"[7, 0, 3, 17]",0.9579690098762512,891,932,41,UConn,fbs,FBS Independents,13,"[10, 0, 0, 3]",0.04203099012374878,1034,993,4.839773613080834,,,
401309913,2021,6,regular,2021-10-09T19:30:00.000Z,False,True,False,False,63470,3801,LaVell Edwards Stadium,252,BYU,fbs,FBS Independents,17,"[10, 0, 0, 7]",0.042789116501808167,1788,1759,68,Boise State,fbs,Mountain West,26,"[3, 17, 3, 3]",0.9572108834981918,1660,1689,3.679794735507199,,,
401301021,2021,6,regular,2021-10-09T19:30:00.000Z,False,True,False,True,28563,3852,Navy-Marine Corps Memorial Stadium,2426,Navy,fbs,American Athletic,24,"[7, 14, 3, 0]",0.03662152215838432,1280,1289,2567,SMU,fbs,American Athletic,31,"[7, 14, 3, 7]",0.9633784778416157,1587,1578,5.460399815427503,,,
401282655,2021,6,regular,2021-10-09T19:30:00.000Z,False,True,False,True,38554,1964,JMA Wireless Dome,183,Syracuse,fbs,ACC,37,"[7, 14, 6, 7, 3]",0.3454491198062897,1422,1431,154,Wake Forest,fbs,ACC,40,"[3, 14, 9, 8, 6]",0.6545508801937103,1651,1642,7.464984617778469,,,
401309567,2021,6,regular,2021-10-09T19:30:00.000Z,False,True,False,True,20928,3876,Peden Stadium,195,Ohio,fbs,Mid-American,27,"[3, 7, 9, 8]",0.4492526948451996,1349,1345,2117,Central Michigan,fbs,Mid-American,30,"[7, 6, 7, 10]",0.5507473051548004,1358,1362,6.048841701088649,,,
401308836,2021,6,regular,2021-10-09T19:30:00.000Z,False,True,False,True,15664,3912,Rynearson Stadium,2199,Eastern Michigan,fbs,Mid-American,13,"[0, 10, 3, 0]",0.5846415758132935,1453,1452,193,Miami (OH),fbs,Mid-American,12,"[6, 0, 3, 3]",0.41535842418670654,1391,1392,4.966361274037908,,,
401282097,2021,6,regular,2021-10-09T19:30:00.000Z,False,True,False,True,87451,3785,Jordan-Hare Stadium,2,Auburn,fbs,SEC,10,"[3, 0, 7, 0]",0.0001408485695719719,1724,1702,61,Georgia,fbs,SEC,34,"[3, 14, 7, 10]",0.999859151430428,2093,2115,3.3961879033624545,,,
401309563,2021,6,regular,2021-10-09T19:30:00.000Z,False,True,False,True,11403,3980,Waldo Stadium,2711,Western Michigan,fbs,Mid-American,20,"[14, 3, 3, 0]",0.006522593554109335,1511,1434,2050,Ball State,fbs,Mid-American,45,"[7, 10, 7, 21]",0.9934774064458907,1432,1509,5.4301427542777505,,,
401328571,2021,6,regular,2021-10-09T19:30:00.000Z,False,True,False,True,,3704,E. J. Whitmire Stadium,2717,Western Carolina,fcs,Southern,24,"[0, 7, 14, 3]",,,,2382,Mercer,fcs,Southern,34,"[7, 14, 3, 10]",,,,,,,
401328162,2021,6,regular,2021-10-09T19:30:00.000Z,False,True,False,True,,3998,Zable Stadium,2729,William & Mary,fcs,CAA,31,"[3, 0, 14, 14]",,,,399,UAlbany,fcs,CAA,24,"[7, 14, 0, 3]",,,,,,,
401328495,2021,6,regular,2021-10-09T19:30:00.000Z,False,True,False,True,,5891,Wilkins Stadium,2568,Southern Arkansas,ii,Great American,24,"[3, 6, 7, 8]",,,,199,Southeastern Oklahoma State,ii,Great American,38,"[7, 10, 7, 14]",,,,,,,
401328700,2021,6,regular,2021-10-09T20:00:00.000Z,False,True,False,True,,4753,Greene Stadium,2911,William Jewell,ii,Great Lakes,10,"[0, 7, 3, 0]",,,,2586,Southwest Baptist,ii,Great Lakes,55,"[15, 17, 17, 6]",,,,,,,
401332012,2021,6,regular,2021-10-09T20:00:00.000Z,False,True,False,True,,3698,Donnell Stadium,2224,Findlay,ii,Great Midwest Athletic,31,"[0, 14, 7, 10]",,,,2316,Kentucky Wesleyan,ii,Great Midwest Athletic,19,"[0, 0, 7, 12]",,,,,,,
401328228,2021,6,regular,2021-10-09T20:00:00.000Z,False,True,False,True,,3781,Johnny Unitas Stadium,119,Towson,fcs,CAA,21,"[7, 7, 7, 0]",,,,2619,Stony Brook,fcs,CAA,14,"[0, 7, 0, 7]",,,,,,,
401309869,2021,6,regular,2021-10-09T20:00:00.000Z,False,True,False,True,24157,3820,Gesa Field,265,Washington State,fbs,Pac-12,31,"[0, 3, 14, 14]",0.9233936667442322,1457,1472,204,Oregon State,fbs,Pac-12,24,"[0, 10, 7, 7]",0.07660633325576782,1543,1528,6.688496026024745,,,
401328000,2021,6,regular,2021-10-09T20:00:00.000Z,False,True,False,True,,3662,AmFirst Stadium,55,Jacksonville State,fcs,AWC,28,"[14, 7, 0, 7]",,,,2617,Stephen F. Austin,fcs,Western Athletic,24,"[7, 0, 7, 10]",,,,,,,
401328642,2021,6,regular,2021-10-09T20:00:00.000Z,False,True,False,True,,3850,Municipal Stadium,2065,Bethune-Cookman,fcs,SWAC,14,"[6, 8, 0, 0]",,,,2400,Mississippi Valley State,fcs,SWAC,20,"[7, 0, 0, 13]",,,,,,,
401282101,2021,6,regular,2021-10-09T20:00:00.000Z,False,True,False,False,46985,3838,Memorial Stadium,142,Missouri,fbs,SEC,48,"[14, 17, 0, 17]",0.27316561505275616,1386,1395,249,North Texas,fbs,Conference USA,35,"[0, 7, 7, 21]",0.7268343849472438,1184,1175,2.041524156,,,
401328032,2021,6,regular,2021-10-09T20:00:00.000Z,False,True,False,True,,3643,Bobcat Stadium,147,Montana State,fcs,Big Sky,45,"[7, 28, 7, 3]",,,,13,Cal Poly,fcs,Big Sky,7,"[0, 0, 7, 0]",,,,,,,
401328407,2021,6,regular,2021-10-09T20:00:00.000Z,False,True,False,True,,3742,Governors Stadium,2046,Austin Peay,fcs,OVC,14,"[8, 0, 6, 0]",,,,2546,Southeast Missouri State,fcs,OVC,30,"[9, 7, 14, 0]",,,,,,,
401282758,2021,6,regular,2021-10-09T20:00:00.000Z,False,True,False,True,69250,3793,Kinnick Stadium,2294,Iowa,fbs,Big Ten,23,"[3, 7, 3, 10]",0.9669857621192932,1924,1923,213,Penn State,fbs,Big Ten,20,"[14, 3, 3, 0]",0.03301423788070679,1804,1805,5.677953063255466,,,
401329052,2021,6,regular,2021-10-09T20:05:00.000Z,False,True,False,True,,5783,McArthur Field,2848,Western Oregon,ii,Great Northwest,14,"[7, 0, 0, 7]",,,,2120,Central Washington,ii,Great Northwest,45,"[7, 14, 21, 3]",,,,,,,
401328548,2021,6,regular,2021-10-09T20:30:00.000Z,False,True,False,True,,5400,William B. Greene Jr. Stadium,2193,East Tennessee State,fcs,Southern,48,"[3, 17, 21, 7]",,,,2643,The Citadel,fcs,Southern,21,"[7, 7, 7, 0]",,,,,,,
401328963,2021,6,regular,2021-10-09T21:00:00.000Z,False,True,False,True,,6027,Albert J. H. Sloan - Alumni Stadium,2396,Miles,ii,SIAC,21,"[0, 0, 7, 14]",,,,490,Benedict,ii,SIAC,24,"[7, 7, 3, 7]",,,,,,,
401328691,2021,6,regular,2021-10-09T21:00:00.000Z,False,True,False,True,,4258,Dignity Health Sports Park,2582,Southern,fcs,SWAC,31,"[7, 3, 14, 7]",,,,2640,Texas Southern,fcs,SWAC,35,"[7, 7, 14, 7]",,,,,,,
401328979,2021,6,regular,2021-10-09T21:00:00.000Z,False,True,False,False,,4762,Memorial Stadium (Commerce TX),2837,East Texas A&M,ii,Lone Star,17,"[0, 3, 0, 11, 3]",,,,129,Saginaw Valley State,ii,GLIAC,20,"[7, 0, 7, 0, 6]",,,,,,,
401328051,2021,6,regular,2021-10-09T21:00:00.000Z,False,True,False,True,,3791,Kibbie Dome,70,Idaho,fcs,Big Sky,42,"[21, 14, 0, 7]",,,,2502,Portland State,fcs,Big Sky,35,"[7, 7, 0, 21]",,,,,,,
401328313,2021,6,regular,2021-10-09T21:00:00.000Z,False,True,False,True,,4763,Ranger Field,2823,Northwestern (OK),ii,Great American,23,"[17, 0, 6, 0]",,,,2028,Arkansas Monticello,ii,Great American,42,"[7, 21, 14, 0]",,,,,,,
401328111,2021,6,regular,2021-10-09T22:00:00.000Z,False,True,False,True,,3710,Ernest W. Spangler Stadium,2241,Gardner-Webb,fcs,Big South,28,"[7, 14, 7, 0]",,,,2097,Campbell,fcs,Big South,42,"[7, 14, 7, 14]",,,,,,,
401327929,2021,6,regular,2021-10-09T22:00:00.000Z,False,True,False,True,,3904,Rogers Stadium (VA),330,Virginia State,ii,CIAA,35,"[0, 7, 14, 14]",,,,2207,Elizabeth City State,ii,CIAA,7,"[0, 7, 0, 0]",,,,,,,
401328949,2021,6,regular,2021-10-09T22:00:00.000Z,False,True,False,False,,3952,Ted Wright Stadium,2542,Savannah State,ii,SIAC,39,"[6, 14, 9, 10]",,,,101784,Erskine,ii,Independent DII,6,"[0, 0, 6, 0]",,,,,,,
401328325,2021,6,regular,2021-10-09T22:00:00.000Z,False,True,False,False,,3650,Bragg Memorial Stadium,50,Florida A&M,fcs,SWAC,30,"[0, 20, 7, 3]",,,,2569,South Carolina State,fcs,MEAC,7,"[0, 0, 0, 7]",,,,,,,
401328652,2021,6,regular,2021-10-09T22:00:00.000Z,False,True,False,True,,6040,Key Stadium,2292,Indianapolis,ii,Great Lakes,57,"[23, 7, 20, 7]",,,,2816,McKendree,ii,Great Lakes,28,"[12, 3, 7, 6]",,,,,,,
401301019,2021,6,regular,2021-10-09T22:00:00.000Z,False,True,False,True,41649,3652,FBC Mortgage Stadium,2116,UCF,fbs,American Athletic,20,"[0, 3, 7, 10]",0.46506866812705994,1618,1617,151,East Carolina,fbs,American Athletic,16,"[0, 3, 10, 3]",0.5349313318729401,1479,1480,6.560427205055729,,,
401328956,2021,6,regular,2021-10-09T22:00:00.000Z,False,True,False,True,,3600,Tom Adams Field,131,Wayne State (MI),ii,GLIAC,27,"[3, 17, 7, 0]",,,,2392,Michigan Tech,ii,GLIAC,30,"[7, 6, 14, 3]",,,,,,,
401329505,2021,6,regular,2021-10-09T22:00:00.000Z,False,True,False,True,,6072,Schwan Regional Event Center,2587,Southwest Minnesota State,ii,Northern Sun,7,"[0, 0, 7, 0]",,,,2894,Sioux Falls,ii,Northern Sun,35,"[0, 0, 14, 21]",,,,,,,
401327992,2021,6,regular,2021-10-09T22:00:00.000Z,False,True,False,True,,3908,Roy Kidd Stadium,2198,Eastern Kentucky,fcs,AWC,30,"[10, 17, 3, 0]",,,,2000,Abilene Christian,fcs,Western Athletic,15,"[0, 7, 0, 8]",,,,,,,
401309565,2021,6,regular,2021-10-09T23:00:00.000Z,False,True,False,True,12105,3696,Dix Stadium,2309,Kent State,fbs,Mid-American,48,"[14, 17, 3, 14]",1,1333,1365,2084,Buffalo,fbs,Mid-American,38,"[0, 10, 28, 0]",0,1531,1499,5.783527374585114,,,
401282227,2021,6,regular,2021-10-09T23:00:00.000Z,False,True,False,True,26049,3815,M. M. Roberts Stadium,2572,Southern Miss,fbs,Conference USA,13,"[7, 0, 0, 6]",0.20258072018623352,1229,1201,2638,UTEP,fbs,Conference USA,26,"[7, 7, 7, 5]",0.7974192798137665,1243,1271,4.2926625791072,,,
401287919,2021,6,regular,2021-10-09T23:00:00.000Z,False,True,False,True,55821,3784,Jones AT&T Stadium,2641,Texas Tech,fbs,Big 12,31,"[7, 3, 14, 7]",0.002619112143293023,1510,1470,2628,TCU,fbs,Big 12,52,"[14, 21, 10, 7]",0.997380887856707,1630,1670,2.95309319682094,,,
401328717,2021,6,regular,2021-10-09T23:00:00.000Z,False,True,False,True,,3770,Jack Miller Stadium,308,Ashland,ii,Great Midwest Athletic,24,"[7, 7, 7, 3]",,,,2477,Ohio Dominican,ii,Great Midwest Athletic,34,"[10, 7, 0, 17]",,,,,,,
401309617,2021,6,regular,2021-10-09T23:00:00.000Z,False,True,False,True,25424,3975,Veterans Memorial Stadium (AL),2653,Troy,fbs,Sun Belt,27,"[10, 7, 7, 3]",0.9053365588188171,1386,1388,290,Georgia Southern,fbs,Sun Belt,24,"[0, 3, 15, 6]",0.09466344118118286,1442,1440,5.951065311843663,,,
401328940,2021,6,regular,2021-10-09T23:00:00.000Z,False,True,False,True,,3811,Lubbers Stadium,125,Grand Valley State,ii,GLIAC,70,"[14, 35, 14, 7]",,,,2886,Northwood,ii,GLIAC,9,"[6, 0, 3, 0]",,,,,,,
401328983,2021,6,regular,2021-10-09T23:00:00.000Z,False,True,False,True,,4851,Bazemore-Hyder Stadium,2673,Valdosta State,ii,Gulf South,55,"[21, 14, 14, 6]",,,,2170,Delta State,ii,Gulf South,0,"[0, 0, 0, 0]",,,,,,,
401309619,2021,6,regular,2021-10-09T23:00:00.000Z,False,True,False,True,16223,3644,Bobcat Stadium (TX),326,Texas State,fbs,Sun Belt,33,"[7, 0, 3, 14, 7, 0, 0, 2]",0.12124069551071395,1194,1196,6,South Alabama,fbs,Sun Belt,31,"[0, 17, 0, 7, 7, 0, 0, 0]",0.8787593044892861,1339,1337,6.510622158,,,
401282228,2021,6,regular,2021-10-09T23:00:00.000Z,False,True,False,True,15243,3796,Houchens Industries-L.T. Smith Stadium,98,Western Kentucky,fbs,Conference USA,46,"[10, 14, 13, 9]",0.07191437482833862,1384,1380,2636,UTSA,fbs,Conference USA,52,"[14, 14, 14, 10]",0.9280856251716614,1474,1478,8.390565969922262,,,
401328578,2021,6,regular,2021-10-09T23:00:00.000Z,False,True,False,True,,4424,Husky Stadium,2277,Houston Christian,fcs,Southland,17,"[10, 0, 0, 7]",,,,2466,Northwestern State,fcs,Southland,21,"[0, 7, 0, 14]",,,,,,,
401310714,2021,6,regular,2021-10-09T23:00:00.000Z,False,True,False,True,24832,3713,Falcon Stadium,2005,Air Force,fbs,Mountain West,24,"[7, 7, 7, 3]",1,1690,1701,2751,Wyoming,fbs,Mountain West,14,"[0, 14, 0, 0]",0,1607,1596,3.5306056444116396,,,
401329012,2021,6,regular,2021-10-09T23:00:00.000Z,False,True,False,True,,6061,Younts Stadium,2822,North Greenville,ii,Gulf South,10,"[10, 0, 0, 0]",,,,110242,West Florida,ii,Gulf South,52,"[21, 7, 10, 14]",,,,,,,
401330254,2021,6,regular,2021-10-09T23:00:00.000Z,False,True,False,False,,5917,Ratliff Stadium,110243,UT Permian Basin,ii,Lone Star,75,"[23, 7, 24, 21]",,,,124179,Lincoln (CA),,,0,"[0, 0, 0, 0]",,,,,,,
401282778,2021,6,regular,2021-10-09T23:30:00.000Z,False,True,False,True,87380,3834,"Memorial Stadium (Lincoln, NE)",158,Nebraska,fbs,Big Ten,29,"[0, 0, 22, 7]",0.20925553143024445,1729,1732,130,Michigan,fbs,Big Ten,32,"[0, 13, 6, 13]",0.7907444685697556,1858,1855,7.072645412303543,,,
401282099,2021,6,regular,2021-10-09T23:30:00.000Z,False,True,False,True,61690,3683,Kroger Field,96,Kentucky,fbs,SEC,42,"[7, 7, 14, 14]",0.3756642938710676,1614,1671,99,LSU,fbs,SEC,21,"[0, 0, 7, 14]",0.6243357061289324,1682,1625,3.1627484081,,,
401282656,2021,6,regular,2021-10-09T23:30:00.000Z,False,True,False,True,65632,3799,Lane Stadium,259,Virginia Tech,fbs,ACC,29,"[7, 6, 9, 7]",0.1523182988166809,1571,1581,87,Notre Dame,fbs,FBS Independents,32,"[0, 14, 7, 11]",0.8476817011833191,1818,1808,6.852112237853527,,,
401309871,2021,6,regular,2021-10-10T00:00:00.000Z,False,True,False,True,54088,477,Los Angeles Memorial Coliseum,30,USC,fbs,Pac-12,26,"[3, 7, 0, 16]",0,1651,1612,254,Utah,fbs,Pac-12,42,"[7, 14, 14, 7]",1,1639,1678,4.411357849529338,,,
401282103,2021,6,regular,2021-10-10T00:00:00.000Z,False,True,False,True,106815,3795,Kyle Field,245,Texas A&M,fbs,SEC,41,"[17, 7, 7, 10]",0.9284989237785339,1755,1762,333,Alabama,fbs,SEC,38,"[7, 3, 14, 14]",0.07150107622146606,2155,2148,6.625810617467178,,,
401329096,2021,6,regular,2021-10-10T00:00:00.000Z,False,True,False,True,,5884,Buffalo Stadium,2704,West Texas,ii,Lone Star,31,"[7, 10, 7, 7]",,,,2025,Angelo State,ii,Lone Star,15,"[3, 0, 6, 6]",,,,,,,
401309618,2021,6,regular,2021-10-10T00:00:00.000Z,False,True,False,True,9913,3817,Malone Stadium,2433,UL Monroe,fbs,Sun Belt,21,"[7, 0, 7, 7]",0.005563100799918175,1042,973,2247,Georgia State,fbs,Sun Belt,55,"[7, 21, 14, 13]",0.9944368992000818,1263,1332,3.7634260086690383,,,
401329028,2021,6,regular,2021-10-10T00:00:00.000Z,False,True,False,True,,5882,Ralph Stocker Stadium,11,Colorado Mesa,ii,Rocky Mountain,49,"[28, 14, 7, 0]",,,,2001,Adams State,ii,Rocky Mountain,14,"[7, 0, 0, 7]",,,,,,,
401329464,2021,6,regular,2021-10-10T00:00:00.000Z,False,True,False,True,,3633,Ben Altamirano Field,2703,Western New Mexico,ii,Lone Star,47,[],,,,2201,Eastern New Mexico,ii,Lone Star,50,[],,,,,,,
401329124,2021,6,regular,2021-10-10T00:00:00.000Z,False,True,False,True,,3803,Legion Field,2657,Tuskegee,ii,SIAC,15,"[2, 7, 0, 6]",,,,60,Morehouse,ii,SIAC,31,"[7, 3, 7, 14]",,,,,,,
401329109,2021,6,regular,2021-10-10T00:00:00.000Z,False,True,False,True,,6049,"Memorial Stadium (Wichita Falls, TX)",2395,Midwestern State,ii,Lone Star,30,"[0, 7, 13, 10]",,,,2658,Texas A&M-Kingsville,ii,Lone Star,13,"[0, 13, 0, 0]",,,,,,,
401301020,2021,6,regular,2021-10-10T01:00:00.000Z,False,True,False,True,17593,3674,Chapman Stadium,202,Tulsa,fbs,American Athletic,35,"[7, 7, 7, 14]",0.9484239816665649,1410,1424,235,Memphis,fbs,American Athletic,29,"[0, 13, 0, 16]",0.05157601833343506,1536,1522,6.970869690842307,,,
401328096,2021,6,regular,2021-10-10T01:00:00.000Z,False,True,False,True,,3757,Hornet Stadium,16,Sacramento State,fcs,Big Sky,41,"[17, 7, 7, 10]",,,,253,Southern Utah,fcs,Big Sky,20,"[0, 7, 6, 7]",,,,,,,
401310716,2021,6,regular,2021-10-10T01:00:00.000Z,False,True,False,True,8387,3932,Qualcomm Stadium,21,San Diego State,fbs,Mountain West,31,"[7, 10, 7, 7]",0.9963431358337402,1615,1635,167,New Mexico,fbs,Mountain West,7,"[0, 0, 7, 0]",0.0036568641662597656,1233,1213,2.6239941641244013,,,
401310717,2021,6,regular,2021-10-10T02:30:00.000Z,False,True,False,False,21448,3816,Mackay Stadium,2440,Nevada,fbs,Mountain West,55,"[3, 28, 21, 3]",0.9901279807090759,1490,1522,166,New Mexico State,fbs,FBS Independents,28,"[7, 0, 0, 21]",0.009872019290924072,1146,1114,3.833235447493515,,,
401309870,2021,6,regular,2021-10-10T02:30:00.000Z,False,True,False,True,43258,3619,Arizona Stadium,12,Arizona,fbs,Pac-12,16,"[3, 10, 3, 0]",0.01654835045337677,1264,1253,26,UCLA,fbs,Pac-12,34,"[7, 7, 10, 10]",0.9834516495466232,1594,1605,5.491710633229416,,,
401309620,2021,7,regular,2021-10-12T23:30:00.000Z,False,True,False,True,20066,3666,Cajun Field,309,Louisiana,fbs,Sun Belt,41,"[20, 0, 7, 14]",0.9701871275901794,1669,1746,2026,App State,fbs,Sun Belt,13,"[3, 3, 7, 0]",0.029812872409820557,1700,1623,2.360891908044406,,,
401328554,2021,7,regular,2021-10-14T23:00:00.000Z,False,True,False,True,,3934,Southern Nazarene University Football Stadium,200,Southern Nazarene,ii,Great American,30,"[14, 7, 0, 9]",,,,2927,Southwestern Oklahoma State,ii,Great American,22,"[7, 12, 3, 0]",,,,,,,
401309621,2021,7,regular,2021-10-14T23:30:00.000Z,False,True,False,True,16089,6526,Hancock Whitney Stadium,6,South Alabama,fbs,Sun Belt,41,"[10, 21, 7, 3]",0.9876339435577393,1337,1420,290,Georgia Southern,fbs,Sun Belt,14,"[0, 8, 3, 3]",0.012366056442260742,1440,1357,1.9503750472800012,,,
401301022,2021,7,regular,2021-10-14T23:30:00.000Z,False,True,False,True,30042,3805,Simmons Bank Liberty Stadium,235,Memphis,fbs,American Athletic,35,"[14, 14, 7, 0]",0.9992684125900269,1522,1540,2426,Navy,fbs,American Athletic,17,"[7, 3, 7, 0]",0.0007315874099731445,1289,1271,2.8850109801674715,,,
401282657,2021,7,regular,2021-10-15T23:00:00.000Z,False,True,False,True,36670,1964,JMA Wireless Dome,183,Syracuse,fbs,ACC,14,"[0, 7, 0, 7]",0.2437461018562317,1431,1451,228,Clemson,fbs,ACC,17,"[0, 14, 0, 3]",0.7562538981437683,1871,1851,6.153136967539042,,,
401328252,2021,7,regular,2021-10-15T23:00:00.000Z,False,True,False,False,,3921,Schoellkopf Field,172,Cornell,fcs,Ivy,34,"[7, 21, 6, 0]",,,,2142,Colgate,fcs,Patriot,20,"[7, 7, 0, 6]",,,,,,,
401282231,2021,7,regular,2021-10-15T23:00:00.000Z,False,True,False,True,13123,3825,DATCU Stadium,249,North Texas,fbs,Conference USA,21,"[0, 7, 0, 14]",0,1175,1146,276,Marshall,fbs,Conference USA,49,"[14, 28, 0, 7]",1,1581,1610,2.78976746066227,,,
401328068,2021,7,regular,2021-10-16T02:00:00.000Z,False,True,False,True,,3942,Stewart Stadium,2692,Weber State,fcs,Big Sky,7,"[7, 0, 0, 0]",,,,147,Montana State,fcs,Big Sky,13,"[7, 0, 6, 0]",,,,,,,
401310723,2021,7,regular,2021-10-16T02:30:00.000Z,False,True,False,True,17177,3935,CEFCU Stadium,23,San José State,fbs,Mountain West,13,"[0, 3, 0, 3, 7, 0]",0.620246171951294,1374,1382,21,San Diego State,fbs,Mountain West,19,"[0, 6, 0, 0, 7, 6]",0.37975382804870605,1635,1627,6.211036713676649,,,
401309872,2021,7,regular,2021-10-16T02:30:00.000Z,False,True,False,True,50008,3626,Autzen Stadium,2483,Oregon,fbs,Pac-12,24,"[3, 7, 0, 14]",0.9221039414405823,1714,1708,25,California,fbs,Pac-12,17,"[7, 0, 3, 7]",0.07789605855941772,1422,1428,6.800936431789567,,,
401328200,2021,7,regular,2021-10-16T16:00:00.000Z,False,True,False,True,,3607,Alfond Stadium,311,Maine,fcs,CAA,27,"[7, 10, 7, 3]",,,,2729,William & Mary,fcs,CAA,16,"[0, 0, 8, 8]",,,,,,,
401328957,2021,7,regular,2021-10-16T16:00:00.000Z,False,True,False,True,,3950,Superior Dome,128,Northern Michigan,ii,GLIAC,14,"[7, 0, 7, 0]",,,,2392,Michigan Tech,ii,GLIAC,21,"[7, 0, 0, 14]",,,,,,,
401286192,2021,7,regular,2021-10-16T16:00:00.000Z,False,True,False,False,18596,3892,Pratt & Whitney Stadium,41,UConn,fbs,FBS Independents,21,"[0, 14, 7, 0]",0.8798007965087891,839,,43,Yale,fcs,Ivy,15,"[0, 0, 9, 6]",0.12019920349121094,1789,,5.06692945262099,,,
401328928,2021,7,regular,2021-10-16T16:00:00.000Z,False,True,False,True,,5868,Ronald J. Abdow Field,2022,American International,ii,Northeast 10,14,"[0, 7, 7, 0]",,,,2441,New Haven,ii,Northeast 10,30,"[3, 10, 7, 10]",,,,,,,
401282108,2021,7,regular,2021-10-16T16:00:00.000Z,False,True,False,True,48139,3838,Memorial Stadium,142,Missouri,fbs,SEC,14,"[0, 7, 7, 0]",0,1395,1380,245,Texas A&M,fbs,SEC,35,"[21, 7, 7, 0]",1,1762,1777,3.435236495937284,,,
401329328,2021,7,regular,2021-10-16T16:00:00.000Z,False,True,False,True,,6043,Bethpage Federal Credit Union Stadium,2341,Long Island University,fcs,NEC,5,"[0, 5, 0, 0]",,,,2771,Merrimack,fcs,NEC,43,"[7, 14, 8, 14]",,,,,,,
401282796,2021,7,regular,2021-10-16T16:00:00.000Z,False,True,False,True,45436,3953,Huntington Bank Stadium,135,Minnesota,fbs,Big Ten,30,"[7, 14, 0, 9]",0.74921053647995,1603,1620,158,Nebraska,fbs,Big Ten,23,"[3, 6, 7, 7]",0.25078946352005005,1732,1715,3.8271339197901635,,,
401309571,2021,7,regular,2021-10-16T16:00:00.000Z,False,True,False,True,12909,3965,UB Stadium,2084,Buffalo,fbs,Mid-American,27,"[0, 10, 0, 17]",0.5446860790252686,1499,1495,195,Ohio,fbs,Mid-American,26,"[21, 0, 5, 0]",0.45531392097473145,1345,1349,5.356507402267385,,,
401301024,2021,7,regular,2021-10-16T16:00:00.000Z,False,True,False,True,21767,3886,Raymond James Stadium,58,South Florida,fbs,American Athletic,31,"[3, 21, 7, 0]",0.021385032683610916,1155,1166,202,Tulsa,fbs,American Athletic,32,"[3, 17, 0, 12]",0.9786149673163891,1424,1413,5.818753933665336,,,
401332308,2021,7,regular,2021-10-16T16:00:00.000Z,False,True,False,True,,3661,Bulldog Stadium,2803,Bryant,fcs,NEC,18,"[3, 0, 0, 15]",,,,2598,Saint Francis,fcs,NEC,17,"[0, 0, 14, 3]",,,,,,,
401282731,2021,7,regular,2021-10-16T16:00:00.000Z,False,True,False,True,50571,3830,"Memorial Stadium (Bloomington, IN)",84,Indiana,fbs,Big Ten,15,"[3, 6, 0, 6]",0.13986915349960327,1539,1536,127,Michigan State,fbs,Big Ten,20,"[7, 0, 10, 3]",0.8601308465003967,1612,1615,5.909875751253271,,,
401334764,2021,7,regular,2021-10-16T16:00:00.000Z,False,True,False,True,,5121,University of Charleston Stadium,2128,Charleston (WV),ii,Mountain East,48,"[14, 14, 20, 0]",,,,2148,Concord,ii,Mountain East,3,"[0, 3, 0, 0]",,,,,,,
401301023,2021,7,regular,2021-10-16T16:00:00.000Z,False,True,False,True,37978,3854,Nippert Stadium,2132,Cincinnati,fbs,American Athletic,56,"[14, 21, 7, 14]",0.9956607222557068,1926,1985,2116,UCF,fbs,American Athletic,21,"[0, 7, 7, 7]",0.004339277744293213,1617,1558,2.2282874677417444,,,
401328595,2021,7,regular,2021-10-16T16:00:00.000Z,False,True,False,True,,3734,Gayle and Tom Benson Stadium,2916,Incarnate Word,fcs,Southland,38,"[0, 14, 7, 17]",,,,2447,Nicholls,fcs,Southland,21,"[7, 14, 0, 0]",,,,,,,
401328728,2021,7,regular,2021-10-16T16:00:00.000Z,False,True,False,True,,5934,Farmers Insurance Athletic Complex,110254,Davenport,ii,GLIAC,3,"[3, 0, 0, 0]",,,,131,Wayne State (MI),ii,GLIAC,16,"[0, 7, 3, 6]",,,,,,,
401329422,2021,7,regular,2021-10-16T16:00:00.000Z,False,True,False,True,,4427,John A. Farrell Stadium,223,West Chester,ii,Pennsylvania State Athletic,42,"[7, 21, 14, 0]",,,,2188,East Stroudsburg,ii,Pennsylvania State Athletic,24,"[0, 10, 0, 14]",,,,,,,
401282104,2021,7,regular,2021-10-16T16:00:00.000Z,False,True,False,True,73370,3887,Razorback Stadium,8,Arkansas,fbs,SEC,23,"[3, 7, 13, 0]",0.03941720351576805,1620,1593,2,Auburn,fbs,SEC,38,"[7, 7, 14, 10]",0.960582796484232,1702,1729,5.839296354788078,,,
401282106,2021,7,regular,2021-10-16T16:00:00.000Z,False,True,False,True,96012,3958,Tiger Stadium (LA),99,LSU,fbs,SEC,49,"[0, 21, 14, 14]",0.9957795143127441,1625,1645,57,Florida,fbs,SEC,42,"[6, 7, 22, 7]",0.004220485687255859,1801,1781,6.264043771350922,,,
401287924,2021,7,regular,2021-10-16T16:00:00.000Z,False,True,False,True,99916,3910,DKR-Texas Memorial Stadium,251,Texas,fbs,Big 12,24,"[10, 7, 7, 0]",0,1882,1849,197,Oklahoma State,fbs,Big 12,32,"[3, 10, 3, 16]",1,1685,1718,5.054154515164063,,,
401331763,2021,7,regular,2021-10-16T16:00:00.000Z,False,True,False,True,,4440,Sox Harrison Stadium,2205,Edinboro,ii,Pennsylvania State Athletic,20,"[6, 8, 0, 6, 0]",,,,2385,Mercyhurst,ii,Pennsylvania State Athletic,27,"[7, 7, 0, 6, 7]",,,,,,,
401282807,2021,7,regular,2021-10-16T16:00:00.000Z,False,True,False,True,30218,3911,Ryan Field,77,Northwestern,fbs,Big Ten,21,"[7, 7, 0, 7]",0.9341790676116943,1450,1478,164,Rutgers,fbs,Big Ten,7,"[0, 7, 0, 0]",0.06582093238830566,1445,1417,4.215525842529457,,,
401328510,2021,7,regular,2021-10-16T16:00:00.000Z,False,True,False,True,,3988,Welcome Stadium,2168,Dayton,fcs,Pioneer,17,"[3, 7, 0, 7]",,,,2368,Marist,fcs,Pioneer,20,"[3, 14, 3, 0]",,,,,,,
401332013,2021,7,regular,2021-10-16T16:00:00.000Z,False,True,False,True,,3870,Panther Stadium (OH),2477,Ohio Dominican,ii,Great Midwest Athletic,14,"[3, 3, 8, 0, 0]",,,,2224,Findlay,ii,Great Midwest Athletic,21,"[0, 7, 7, 0, 7]",,,,,,,
401282660,2021,7,regular,2021-10-16T16:30:00.000Z,False,True,False,True,38489,3923,Scott Stadium,258,Virginia,fbs,ACC,48,"[10, 24, 7, 7]",0.9729267358779907,1506,1622,150,Duke,fbs,ACC,0,"[0, 0, 0, 0]",0.027073264122009277,1301,1185,2.89707417427464,,,
401344144,2021,7,regular,2021-10-16T16:30:00.000Z,False,True,False,True,,3656,Brown Stadium,225,Brown,fcs,Ivy,42,"[0, 21, 7, 14]",,,,163,Princeton,fcs,Ivy,56,"[14, 14, 21, 7]",,,,,,,
401329496,2021,7,regular,2021-10-16T17:00:00.000Z,False,True,False,True,,6030,Harms-Eischeid Stadium,389,Upper Iowa,ii,Northern Sun,0,"[0, 0, 0, 0]",,,,2364,Minnesota State,ii,Northern Sun,58,"[20, 14, 14, 10]",,,,,,,
401328020,2021,7,regular,2021-10-16T17:00:00.000Z,False,True,False,True,,5220,Garrison Stadium,2804,Chowan,ii,CIAA,31,"[14, 7, 0, 10]",,,,2676,Virginia Union,ii,CIAA,38,"[10, 14, 7, 7]",,,,,,,
401328381,2021,7,regular,2021-10-16T17:00:00.000Z,False,True,False,True,,3746,Hanson Field,2710,Western Illinois,fcs,MVFC,17,"[7, 3, 7, 0]",,,,2571,South Dakota State,fcs,MVFC,41,"[7, 6, 21, 7]",,,,,,,
401329477,2021,7,regular,2021-10-16T17:00:00.000Z,False,True,False,True,,3729,"Frank ""Muddy"" Waters Stadium",2273,Hillsdale,ii,Great Midwest Athletic,14,"[14, 0, 0, 0]",,,,437,Lake Erie,ii,Great Midwest Athletic,33,"[6, 14, 0, 13]",,,,,,,
401332322,2021,7,regular,2021-10-16T17:00:00.000Z,False,True,False,True,,4416,Spec Martin Municipal Stadium,56,Stetson,fcs,Pioneer,7,"[0, 0, 7, 0]",,,,2900,St. Thomas (MN),fcs,Pioneer,38,"[21, 10, 7, 0]",,,,,,,
401332380,2021,7,regular,2021-10-16T17:00:00.000Z,False,True,False,False,,3705,Earl Kitchings Stadium,2206,Edward Waters,ii,SIAC,36,"[2, 7, 20, 7]",,,,2310,Kentucky State,ii,SIAC,76,"[20, 14, 21, 21]",,,,,,,
401337472,2021,7,regular,2021-10-16T17:00:00.000Z,False,True,False,True,,5886,West Family Stadium,2699,West Liberty,ii,Mountain East,52,"[7, 0, 21, 24]",,,,2986,Fairmont State,ii,Mountain East,31,"[3, 14, 7, 7]",,,,,,,
401334759,2021,7,regular,2021-10-16T17:00:00.000Z,False,True,False,True,,3718,Tom Benson Hall of Fame Stadium,2682,Walsh,ii,Great Midwest Athletic,13,"[3, 3, 0, 7]",,,,2316,Kentucky Wesleyan,ii,Great Midwest Athletic,23,"[6, 0, 3, 14]",,,,,,,
401335302,2021,7,regular,2021-10-16T17:00:00.000Z,False,True,False,False,,3750,Harvard Stadium,108,Harvard,fcs,Ivy,30,"[10, 10, 10, 0]",,,,322,Lafayette,fcs,Patriot,3,"[0, 3, 0, 0]",,,,,,,
401329389,2021,7,regular,2021-10-16T17:00:00.000Z,False,True,False,True,,4421,Multi-Sport Performance Stadium,2017,Alderson-Broaddus,ii,Mountain East,21,"[7, 0, 0, 14]",,,,2249,Glenville State,ii,Mountain East,35,"[7, 14, 14, 0]",,,,,,,
401327930,2021,7,regular,2021-10-16T17:00:00.000Z,False,True,False,True,,3808,Lincoln University Stadium,2339,Lincoln (PA),ii,CIAA,17,"[7, 3, 7, 0]",,,,2207,Elizabeth City State,ii,CIAA,14,"[0, 7, 7, 0]",,,,,,,
401328718,2021,7,regular,2021-10-16T17:00:00.000Z,False,True,False,True,,3731,Frost-Kalnow Stadium,2838,Tiffin,ii,Great Midwest Athletic,27,"[13, 7, 7, 0]",,,,308,Ashland,ii,Great Midwest Athletic,21,"[0, 7, 7, 7]",,,,,,,
401330259,2021,7,regular,2021-10-16T17:00:00.000Z,False,True,False,True,,6075,W.B. Mason Stadium,284,Stonehill,ii,Northeast 10,31,"[7, 3, 21, 0]",,,,2830,Saint Anselm,ii,Northeast 10,22,"[10, 5, 7, 0]",,,,,,,
401328207,2021,7,regular,2021-10-16T17:00:00.000Z,False,True,False,False,,3688,Wildcat Stadium,160,New Hampshire,fcs,CAA,21,"[0, 7, 14, 0]",,,,159,Dartmouth,fcs,Ivy,38,"[7, 17, 7, 7]",,,,,,,
401328643,2021,7,regular,2021-10-16T17:00:00.000Z,False,True,False,True,,3850,Municipal Stadium,2065,Bethune-Cookman,fcs,SWAC,29,"[0, 8, 7, 14]",,,,2504,Prairie View A&M,fcs,SWAC,35,"[7, 7, 7, 14]",,,,,,,
401328995,2021,7,regular,2021-10-16T17:00:00.000Z,False,True,False,True,,4015,Barron Stadium,2560,Shorter,ii,Gulf South,7,"[7, 0, 0, 0]",,,,2401,Mississippi College,ii,Gulf South,20,"[0, 7, 13, 0]",,,,,,,
401328218,2021,7,regular,2021-10-16T17:00:00.000Z,False,True,False,True,,3612,Alumni Memorial Stadium (NC),2940,Livingstone,ii,CIAA,9,"[3, 0, 0, 6]",,,,2551,Shaw,ii,CIAA,20,"[0, 7, 7, 6]",,,,,,,
401327920,2021,7,regular,2021-10-16T17:00:00.000Z,False,True,False,True,,5873,Bulldogs Stadium,2075,Bowie State,ii,CIAA,51,"[14, 7, 16, 14]",,,,330,Virginia State,ii,CIAA,44,"[0, 3, 20, 21]",,,,,,,
401329135,2021,7,regular,2021-10-16T17:00:00.000Z,False,True,False,True,,4749,McPherson Memorial Stadium,2119,Central State,ii,SIAC,0,"[0, 0, 0, 0]",,,,2657,Tuskegee,ii,SIAC,29,"[14, 6, 0, 9]",,,,,,,
401332302,2021,7,regular,2021-10-16T17:00:00.000Z,False,True,False,True,,3668,Campus Field,2529,Sacred Heart,fcs,NEC,27,"[0, 3, 10, 14]",,,,2115,Central Connecticut,fcs,NEC,17,"[0, 7, 3, 7]",,,,,,,
401328112,2021,7,regular,2021-10-16T17:00:00.000Z,False,True,False,True,,3629,Barker-Lane Stadium,2097,Campbell,fcs,Big South,17,"[7, 3, 0, 7]",,,,2405,Monmouth,fcs,Big South,34,"[10, 14, 3, 7]",,,,,,,
401334782,2021,7,regular,2021-10-16T17:00:00.000Z,False,True,False,True,,6066,Pace Stadium,2487,Pace,ii,Northeast 10,39,"[7, 7, 7, 3, 15]",,,,112334,Franklin Pierce,ii,Northeast 10,31,"[7, 7, 7, 3, 7]",,,,,,,
401329646,2021,7,regular,2021-10-16T17:00:00.000Z,False,True,False,True,,3663,Burke-Tarr Stadium,2105,Carson Newman,ii,South Atlantic,0,"[0, 0, 0, 0]",,,,2331,Lenoir Rhyne,ii,South Atlantic,59,"[28, 7, 14, 10]",,,,,,,
401329205,2021,7,regular,2021-10-16T17:00:00.000Z,False,True,False,True,,4430,Mihalik-Thompson Stadium,215,Slippery Rock,ii,Pennsylvania State Athletic,21,"[0, 7, 7, 7]",,,,2291,IU Pennsylvania,ii,Pennsylvania State Athletic,48,"[3, 21, 17, 7]",,,,,,,
401329437,2021,7,regular,2021-10-16T17:00:00.000Z,False,True,False,True,,6063,Mueller Field,587,Notre Dame College,ii,Mountain East,52,"[28, 3, 0, 21]",,,,455,West Virginia Wesleyan,ii,Mountain East,14,"[0, 7, 0, 7]",,,,,,,
401336485,2021,7,regular,2021-10-16T17:00:00.000Z,False,True,False,True,,150,Jack Coffey Field,2230,Fordham,fcs,Patriot,66,"[21, 24, 7, 14]",,,,2083,Bucknell,fcs,Patriot,21,"[7, 7, 0, 7]",,,,,,,
401329177,2021,7,regular,2021-10-16T17:05:00.000Z,False,True,False,True,,6051,James S. Malosky Stadium,134,Minnesota Duluth,ii,Northern Sun,33,"[0, 3, 9, 21]",,,,3066,Concordia St. Paul,ii,Northern Sun,13,"[0, 0, 0, 13]",,,,,,,
401328564,2021,7,regular,2021-10-16T17:30:00.000Z,False,True,False,True,,3737,Gibbs Stadium,2747,Wofford,fcs,Southern,24,"[7, 0, 7, 10]",,,,2535,Samford,fcs,Southern,27,"[7, 17, 0, 3]",,,,,,,
401328480,2021,7,regular,2021-10-16T17:30:00.000Z,False,True,False,True,,3722,Fitton Field,107,Holy Cross,fcs,Patriot,48,"[7, 21, 13, 7]",,,,46,Georgetown,fcs,Patriot,14,"[0, 0, 7, 7]",,,,,,,
401328242,2021,7,regular,2021-10-16T17:30:00.000Z,False,True,False,True,,3802,Lawrence A. Wien Stadium,171,Columbia,fcs,Ivy,23,"[3, 14, 3, 3]",,,,219,Pennsylvania,fcs,Ivy,14,"[0, 14, 0, 0]",,,,,,,
401328539,2021,7,regular,2021-10-16T17:30:00.000Z,False,True,False,True,,3720,Finley Stadium,236,Chattanooga,fcs,Southern,21,"[0, 7, 7, 7]",,,,2193,East Tennessee State,fcs,Southern,16,"[0, 0, 10, 6]",,,,,,,
401329638,2021,7,regular,2021-10-16T17:30:00.000Z,False,True,False,True,,6078,Pioneer Field (TN),2839,Tusculum,ii,South Atlantic,37,"[0, 20, 3, 14]",,,,2842,UVA Wise,ii,South Atlantic,21,"[7, 7, 7, 0]",,,,,,,
401328173,2021,7,regular,2021-10-16T17:30:00.000Z,False,True,False,True,,3649,Bowman Gray Stadium,2736,Winston-Salem State,ii,CIAA,41,"[14, 10, 14, 3]",,,,395,St. Augustine's,ii,CIAA,0,"[0, 0, 0, 0]",,,,,,,
401328196,2021,7,regular,2021-10-16T18:00:00.000Z,False,True,False,True,,2068,E. Claiborne Robins Stadium,257,Richmond,fcs,CAA,3,"[0, 3, 0, 0]",,,,256,James Madison,fcs,CAA,19,"[10, 3, 6, 0]",,,,,,,
401329122,2021,7,regular,2021-10-16T18:00:00.000Z,False,True,False,True,,6056,B.T. Harvey Stadium,60,Morehouse,ii,SIAC,51,"[23, 21, 7, 0]",,,,2232,Fort Valley State,ii,SIAC,3,"[0, 0, 3, 0]",,,,,,,
401309568,2021,7,regular,2021-10-16T18:00:00.000Z,False,True,False,True,15258,3912,Rynearson Stadium,2199,Eastern Michigan,fbs,Mid-American,31,"[0, 14, 3, 14]",0,1452,1443,2050,Ball State,fbs,Mid-American,38,"[14, 3, 7, 14]",1,1509,1518,5.111414836287334,,,
401328686,2021,7,regular,2021-10-16T18:00:00.000Z,False,True,False,True,,3609,Allgood-Bailey Stadium,2402,Missouri S&T,ii,Great Lakes,37,"[14, 16, 0, 7]",,,,2911,William Jewell,ii,Great Lakes,16,"[6, 3, 0, 7]",,,,,,,
401329512,2021,7,regular,2021-10-16T18:00:00.000Z,False,True,False,True,,6034,Yager Stadium at Moore Bowl,2687,Washburn,ii,Mid America,17,"[0, 3, 7, 7]",,,,138,Northwest Missouri State,ii,Mid America,16,"[0, 0, 7, 9]",,,,,,,
401329147,2021,7,regular,2021-10-16T18:00:00.000Z,False,True,False,True,,6035,"Memorial Stadium (Wayne, NE)",2844,Wayne State (NE),ii,Northern Sun,24,"[3, 7, 7, 7]",,,,2043,Augustana (SD),ii,Northern Sun,32,"[7, 10, 9, 6]",,,,,,,
401329323,2021,7,regular,2021-10-16T18:00:00.000Z,False,True,False,True,,5883,Marv Kay Stadium at Campbell Field,2146,Colorado School of Mines,ii,Rocky Mountain,44,"[7, 24, 6, 7]",,,,613,South Dakota Mines,ii,Rocky Mountain,24,"[3, 7, 7, 7]",,,,,,,
401328975,2021,7,regular,2021-10-16T18:00:00.000Z,False,True,False,True,,3885,Harvey Randall Wickes Memorial Stadium,129,Saginaw Valley State,ii,GLIAC,31,"[10, 14, 0, 7]",,,,2886,Northwood,ii,GLIAC,13,"[0, 3, 10, 0]",,,,,,,
401329043,2021,7,regular,2021-10-16T18:00:00.000Z,False,True,False,True,,5874,Chet Anderson Stadium,132,Bemidji State,ii,Northern Sun,22,"[0, 0, 14, 8]",,,,2817,Minnesota St Moorhead,ii,Northern Sun,19,"[9, 10, 0, 0]",,,,,,,
401335304,2021,7,regular,2021-10-16T18:00:00.000Z,False,True,False,True,,3642,Bobcat Stadium (MD),341,Frostburg State,ii,Mountain East,41,"[7, 17, 14, 3]",,,,112335,Wheeling,ii,Mountain East,17,"[7, 3, 0, 7]",,,,,,,
401328659,2021,7,regular,2021-10-16T18:00:00.000Z,False,True,False,True,,3809,Louis Crews Stadium,2010,Alabama A&M,fcs,SWAC,31,"[7, 7, 14, 3]",,,,50,Florida A&M,fcs,SWAC,35,"[7, 3, 6, 19]",,,,,,,
401329129,2021,7,regular,2021-10-16T18:00:00.000Z,False,True,False,True,,6070,Bob Young Field,2894,Sioux Falls,ii,Northern Sun,34,"[0, 20, 7, 7]",,,,559,University of Mary,ii,Northern Sun,14,"[0, 7, 0, 7]",,,,,,,
401328701,2021,7,regular,2021-10-16T18:00:00.000Z,False,True,False,True,,3878,Plaster Sports Complex,2586,Southwest Baptist,ii,Great Lakes,27,"[7, 10, 7, 3]",,,,2654,Truman State,ii,Great Lakes,21,"[7, 0, 14, 0]",,,,,,,
401328984,2021,7,regular,2021-10-16T18:00:00.000Z,False,True,False,True,,3957,Tiger Stadium (AL),2695,West Alabama,ii,Gulf South,17,"[14, 3, 0, 0]",,,,2673,Valdosta State,ii,Gulf South,42,"[14, 14, 14, 0]",,,,,,,
401344442,2021,7,regular,2021-10-16T18:00:00.000Z,False,True,False,True,,6071,Jess Dow Field,2583,Southern Connecticut State,ii,Northeast 10,20,"[0, 6, 7, 7]",,,,2060,Bentley,ii,Northeast 10,34,"[6, 14, 7, 7]",,,,,,,
401329361,2021,7,regular,2021-10-16T18:00:00.000Z,False,True,False,True,,4431,Chryst Field at Biemesderfer Stadium,210,Millersville,ii,Pennsylvania State Athletic,13,"[7, 0, 0, 6]",,,,2974,Shepherd,ii,Pennsylvania State Athletic,38,"[0, 17, 7, 14]",,,,,,,
401329185,2021,7,regular,2021-10-16T18:00:00.000Z,False,True,False,True,,4435,Robert B. Redman Stadium,2071,Bloomsburg,ii,Pennsylvania State Athletic,44,"[7, 7, 17, 13]",,,,209,Lock Haven,ii,Pennsylvania State Athletic,0,"[0, 0, 0, 0]",,,,,,,
401329082,2021,7,regular,2021-10-16T18:00:00.000Z,False,True,False,True,,5875,Charlie W. Johnson Stadium,490,Benedict,ii,SIAC,6,"[6, 0, 0, 0]",,,,2013,Albany State,ii,SIAC,28,"[7, 0, 14, 7]",,,,,,,
401329315,2021,7,regular,2021-10-16T18:00:00.000Z,False,True,False,True,,5944,Ray Dennison Memorial Field,2237,Fort Lewis,ii,Rocky Mountain,3,"[3, 0, 0, 0]",,,,11,Colorado Mesa,ii,Rocky Mountain,55,"[14, 20, 7, 14]",,,,,,,
401328305,2021,7,regular,2021-10-16T18:00:00.000Z,False,True,False,False,,3991,"William Dick"""" Price Stadium""""",2450,Norfolk State,fcs,MEAC,42,"[28, 7, 7, 0]",,,,2355,Virginia Lynchburg,,,14,"[0, 14, 0, 0]",,,,,,,
401328087,2021,7,regular,2021-10-16T18:00:00.000Z,False,True,False,True,,3813,"Luther ""Nick"" Jeralds Stadium",2220,Fayetteville State,ii,CIAA,55,"[12, 20, 20, 3]",,,,2304,Johnson C. Smith,ii,CIAA,12,"[6, 6, 0, 0]",,,,,,,
401329447,2021,7,regular,2021-10-16T18:00:00.000Z,False,True,False,True,,6067,Carnie Smith Stadium,90,Pittsburg State,ii,Mid America,59,"[21, 10, 14, 14]",,,,2876,Lincoln (MO),ii,Mid America,7,"[0, 7, 0, 0]",,,,,,,
401329399,2021,7,regular,2021-10-16T18:00:00.000Z,False,True,False,True,,5942,Francis G. Welch Stadium,2214,Emporia State,ii,Mid America,35,"[14, 7, 0, 14]",,,,2438,Nebraska Kearney,ii,Mid America,42,"[0, 21, 7, 14]",,,,,,,
401329063,2021,7,regular,2021-10-16T18:00:00.000Z,False,True,False,True,,5780,Altra Federal Credit Union Stadium,2851,Winona State,ii,Northern Sun,26,"[3, 10, 13, 0]",,,,2587,Southwest Minnesota State,ii,Northern Sun,14,"[0, 0, 14, 0]",,,,,,,
401328043,2021,7,regular,2021-10-16T18:30:00.000Z,False,True,False,True,,3906,Roos Field,331,Eastern Washington,fcs,Big Sky,71,"[29, 14, 14, 14]",,,,70,Idaho,fcs,Big Sky,21,"[7, 7, 0, 7]",,,,,,,
401308837,2021,7,regular,2021-10-16T18:30:00.000Z,False,True,False,True,11042,3996,Yager Stadium,193,Miami (OH),fbs,Mid-American,34,"[14, 7, 13, 0]",0.9929795861244202,1392,1387,2006,Akron,fbs,Mid-American,21,"[0, 7, 0, 14]",0.007020413875579834,997,1002,2.647091822209134,,,
401329300,2021,7,regular,2021-10-16T19:00:00.000Z,False,True,False,True,,5782,Mountaineer Bowl,2714,Western Colorado,ii,Rocky Mountain,44,"[10, 10, 17, 7]",,,,2069,Black Hills State,ii,Rocky Mountain,28,"[0, 7, 7, 14]",,,,,,,
401328964,2021,7,regular,2021-10-16T19:00:00.000Z,False,True,False,True,,6044,Lane Field,2323,Lane College,ii,SIAC,31,"[2, 13, 0, 16]",,,,2396,Miles,ii,SIAC,34,"[7, 17, 0, 10]",,,,,,,
401329013,2021,7,regular,2021-10-16T19:00:00.000Z,False,True,False,True,,5935,Parker Field at McCool Stadium,2170,Delta State,ii,Gulf South,34,"[7, 7, 10, 3, 7]",,,,2822,North Greenville,ii,Gulf South,42,"[7, 6, 0, 14, 15]",,,,,,,
401309622,2021,7,regular,2021-10-16T19:00:00.000Z,False,True,False,True,15083,3644,Bobcat Stadium (TX),326,Texas State,fbs,Sun Belt,28,"[7, 7, 14, 0]",0.019641555845737457,1196,1203,2653,Troy,fbs,Sun Belt,31,"[10, 7, 7, 7]",0.9803584441542625,1388,1381,6.303658729057667,,,
401328502,2021,7,regular,2021-10-16T19:00:00.000Z,False,True,False,True,,3774,Jayne Stadium,2413,Morehead State,fcs,Pioneer,31,"[0, 10, 14, 7]",,,,2086,Butler,fcs,Pioneer,8,"[0, 0, 0, 8]",,,,,,,
401329334,2021,7,regular,2021-10-16T19:00:00.000Z,False,True,False,True,,6059,Sanchez Family Stadium,2424,New Mexico Highlands,ii,Rocky Mountain,28,"[7, 14, 0, 7]",,,,2570,CSU Pueblo,ii,Rocky Mountain,21,"[3, 7, 0, 11]",,,,,,,
401328620,2021,7,regular,2021-10-16T19:00:00.000Z,False,True,False,True,,3976,Mississippi Veterans Memorial Stadium,2296,Jackson State,fcs,SWAC,28,"[7, 0, 14, 7]",,,,2011,Alabama State,fcs,SWAC,7,"[0, 7, 0, 0]",,,,,,,
401328282,2021,7,regular,2021-10-16T19:00:00.000Z,False,True,False,True,,7185,"Memorial Stadium (El Dorado, AR)",2568,Southern Arkansas,ii,Great American,34,"[7, 7, 17, 3]",,,,2033,Arkansas Tech,ii,Great American,17,"[14, 0, 0, 3]",,,,,,,
401328331,2021,7,regular,2021-10-16T19:00:00.000Z,False,True,False,True,,3744,Hancock Stadium,2287,Illinois State,fcs,MVFC,0,"[0, 0, 0, 0]",,,,2449,North Dakota State,fcs,MVFC,20,"[7, 3, 0, 10]",,,,,,,
401328665,2021,7,regular,2021-10-16T19:00:00.000Z,False,True,False,True,,3902,Eddie Robinson Stadium,2755,Grambling,fcs,SWAC,34,"[7, 3, 7, 17]",,,,2640,Texas Southern,fcs,SWAC,20,"[6, 0, 7, 7]",,,,,,,
401328394,2021,7,regular,2021-10-16T19:00:00.000Z,False,True,False,True,,5113,Ruggles Field at Carpenter-Haygood Stadium,2271,Henderson State,ii,Great American,21,"[7, 0, 7, 7]",,,,2264,Harding,ii,Great American,46,"[9, 13, 21, 3]",,,,,,,
401328422,2021,7,regular,2021-10-16T19:00:00.000Z,False,True,False,True,,7003,Houck Field,2546,Southeast Missouri State,fcs,OVC,31,"[10, 0, 21, 0]",,,,93,Murray State,fcs,OVC,32,"[7, 9, 0, 16]",,,,,,,
401328950,2021,7,regular,2021-10-16T19:00:00.000Z,False,True,False,True,,3952,Ted Wright Stadium,2542,Savannah State,ii,SIAC,49,"[14, 7, 0, 28]",,,,2805,Clark Atlanta,ii,SIAC,14,"[0, 7, 7, 0]",,,,,,,
401329029,2021,7,regular,2021-10-16T19:00:00.000Z,False,True,False,True,,5866,Rex Stadium,2001,Adams State,ii,Rocky Mountain,35,"[0, 14, 7, 14]",,,,2123,Chadron State,ii,Rocky Mountain,45,"[15, 21, 9, 0]",,,,,,,
401348541,2021,7,regular,2021-10-16T19:00:00.000Z,False,True,False,False,,,,124390,MONTANASTN,,,3,"[3, 0, 0, 0]",,,,2829,Simon Fraser,ii,Great Northwest,30,"[6, 17, 0, 7]",,,,,,,
401328363,2021,7,regular,2021-10-16T19:00:00.000Z,False,True,False,True,,3913,Saluki Stadium,79,Southern Illinois,fcs,MVFC,31,"[14, 7, 7, 3]",,,,155,North Dakota,fcs,MVFC,28,"[7, 14, 0, 7]",,,,,,,
401328455,2021,7,regular,2021-10-16T19:00:00.000Z,False,True,False,True,,3875,Paul Laird Field,199,Southeastern Oklahoma State,ii,Great American,43,"[16, 6, 7, 14]",,,,2823,Northwestern (OK),ii,Great American,10,"[0, 3, 0, 7]",,,,,,,
401328416,2021,7,regular,2021-10-16T19:00:00.000Z,False,True,False,True,,3858,O'Brien Stadium,2197,Eastern Illinois,fcs,OVC,17,"[3, 14, 0, 0]",,,,2630,UT Martin,fcs,OVC,28,"[7, 7, 0, 14]",,,,,,,
401328430,2021,7,regular,2021-10-16T19:00:00.000Z,False,True,False,True,,3810,Nissan Stadium,2634,Tennessee State,fcs,OVC,20,"[0, 3, 0, 10, 7]",,,,2635,Tennessee Tech,fcs,OVC,13,"[0, 6, 0, 7, 0]",,,,,,,
401328314,2021,7,regular,2021-10-16T19:00:00.000Z,False,True,False,True,,5871,Convoy Leslie Cotton Boll Stadium,2028,Arkansas Monticello,ii,Great American,0,"[0, 0, 0, 0]",,,,2888,Ouachita Baptist,ii,Great American,34,"[14, 17, 0, 3]",,,,,,,
401328636,2021,7,regular,2021-10-16T19:00:00.000Z,False,True,False,True,,3740,Golden Lion Stadium,2029,Arkansas-Pine Bluff,fcs,SWAC,7,"[0, 0, 0, 7]",,,,2582,Southern,fcs,SWAC,34,"[7, 14, 10, 3]",,,,,,,
401328071,2021,7,regular,2021-10-16T19:00:00.000Z,False,True,False,True,,3987,Washington-Grizzly Stadium,149,Montana,fcs,Big Sky,21,"[0, 6, 15, 0]",,,,16,Sacramento State,fcs,Big Sky,28,"[7, 7, 14, 0]",,,,,,,
401328341,2021,7,regular,2021-10-16T19:00:00.000Z,False,True,False,True,,3878,Plaster Sports Complex,2623,Missouri State,fcs,MVFC,37,"[3, 21, 10, 3]",,,,282,Indiana State,fcs,MVFC,7,"[0, 0, 0, 7]",,,,,,,
401309569,2021,7,regular,2021-10-16T19:30:00.000Z,False,True,False,True,20112,3786,Kelly/Shorts Stadium,2117,Central Michigan,fbs,Mid-American,26,"[7, 10, 3, 3, 3]",0.7084998488426208,1362,1364,2649,Toledo,fbs,Mid-American,23,"[0, 3, 7, 13, 0]",0.29150015115737915,1455,1453,4.568753631466009,,,
401328178,2021,7,regular,2021-10-16T19:30:00.000Z,False,True,False,True,,3788,Kenneth P. LaValle Stadium,2619,Stony Brook,fcs,CAA,34,"[7, 6, 7, 14]",,,,48,Delaware,fcs,CAA,17,"[0, 10, 7, 0]",,,,,,,
401282232,2021,7,regular,2021-10-16T19:30:00.000Z,False,True,False,True,16418,3918,S.B. Ballard Stadium,295,Old Dominion,fbs,Conference USA,20,"[0, 3, 3, 14]",0.1817222386598587,1222,1180,98,Western Kentucky,fbs,Conference USA,43,"[14, 16, 3, 10]",0.8182777613401413,1380,1422,2.9738104342969613,,,
401282661,2021,7,regular,2021-10-16T19:30:00.000Z,False,True,False,True,58314,3799,Lane Stadium,259,Virginia Tech,fbs,ACC,7,"[0, 0, 7, 0]",0.021087821573019028,1581,1538,221,Pittsburgh,fbs,ACC,28,"[7, 14, 7, 0]",0.978912178426981,1675,1718,3.2872730543392614,,,
401282105,2021,7,regular,2021-10-16T19:30:00.000Z,False,True,False,True,92746,3917,Sanford Stadium,61,Georgia,fbs,SEC,30,"[0, 14, 10, 6]",0.9986784656131316,2115,2114,96,Kentucky,fbs,SEC,13,"[0, 7, 0, 6]",0.0013215343868684393,1671,1672,2.0607480725,,,
401328300,2021,7,regular,2021-10-16T19:30:00.000Z,False,True,False,True,,3864,Oliver C. Dawson Stadium,2569,South Carolina State,fcs,MEAC,37,"[7, 14, 10, 6]",,,,2415,Morgan State,fcs,MEAC,14,"[0, 7, 7, 0]",,,,,,,
401282760,2021,7,regular,2021-10-16T19:30:00.000Z,False,True,False,True,69250,3793,Kinnick Stadium,2294,Iowa,fbs,Big Ten,7,"[0, 7, 0, 0]",0.06134410947561264,1923,1839,2509,Purdue,fbs,Big Ten,24,"[7, 7, 3, 7]",0.9386558905243874,1555,1639,4.641174288885004,,,
401309875,2021,7,regular,2021-10-16T19:30:00.000Z,False,True,False,True,49806,3726,Folsom Field,38,Colorado,fbs,Pac-12,34,"[3, 3, 21, 7]",0.9281487464904785,1334,1418,12,Arizona,fbs,Pac-12,0,"[0, 0, 0, 0]",0.07185125350952148,1253,1169,3.4899913005984664,,,
401328163,2021,7,regular,2021-10-16T19:30:00.000Z,False,True,False,True,,4419,Bob Ford Field,399,UAlbany,fcs,CAA,10,"[7, 0, 3, 0]",,,,222,Villanova,fcs,CAA,17,"[7, 10, 0, 0]",,,,,,,
401309570,2021,7,regular,2021-10-16T19:30:00.000Z,False,True,False,True,7854,3764,Huskie Stadium,2459,Northern Illinois,fbs,Mid-American,34,"[0, 21, 10, 3]",0.647021472454071,1251,1250,189,Bowling Green,fbs,Mid-American,26,"[7, 6, 3, 10]",0.35297852754592896,1031,1032,3.5534344291673907,,,
401310721,2021,7,regular,2021-10-16T19:30:00.000Z,False,True,False,True,20002,3984,War Memorial Stadium,2751,Wyoming,fbs,Mountain West,0,"[0, 0, 0, 0]",0.034580670297145844,1596,1551,278,Fresno State,fbs,Mountain West,17,"[7, 0, 7, 3]",0.9654193297028542,1558,1603,3.4481348153903446,,,
401282659,2021,7,regular,2021-10-16T19:30:00.000Z,False,True,False,True,50500,3787,Kenan Stadium,153,North Carolina,fbs,ACC,45,"[14, 17, 7, 7]",0.8698864579200745,1669,1668,2390,Miami,fbs,ACC,42,"[10, 7, 17, 8]",0.13011354207992554,1518,1519,5.522506510130352,,,
401287920,2021,7,regular,2021-10-16T19:30:00.000Z,False,True,False,False,48016,4727,McLane Stadium,239,Baylor,fbs,Big 12,38,"[3, 14, 14, 7]",0.8497503995895386,1637,1676,252,BYU,fbs,FBS Independents,24,"[0, 7, 7, 10]",0.15024960041046143,1759,1720,3.7057646330895926,,,
401309572,2021,7,regular,2021-10-16T19:30:00.000Z,False,True,False,True,18716,3980,Waldo Stadium,2711,Western Michigan,fbs,Mid-American,64,"[17, 6, 27, 14]",1,1434,1516,2309,Kent State,fbs,Mid-American,31,"[7, 10, 6, 8]",0,1365,1283,3.8805218732076114,,,
401282234,2021,7,regular,2021-10-16T19:30:00.000Z,False,True,False,True,21514,3815,M. M. Roberts Stadium,2572,Southern Miss,fbs,Conference USA,0,"[0, 0, 0, 0]",0.006935775279998779,1201,1142,5,UAB,fbs,Conference USA,34,"[3, 28, 3, 0]",0.9930642247200012,1504,1563,2.434211238378041,,,
401328077,2021,7,regular,2021-10-16T20:00:00.000Z,False,True,False,True,,2023,Walkup Skydome,2464,Northern Arizona,fcs,Big Sky,59,"[17, 14, 14, 14]",,,,253,Southern Utah,fcs,Big Sky,35,"[0, 14, 14, 7]",,,,,,,
401328213,2021,7,regular,2021-10-16T20:00:00.000Z,False,True,False,True,,3781,Johnny Unitas Stadium,119,Towson,fcs,CAA,28,"[14, 0, 7, 7]",,,,227,Rhode Island,fcs,CAA,7,"[7, 0, 0, 0]",,,,,,,
401329354,2021,7,regular,2021-10-16T20:00:00.000Z,False,True,False,True,,3859,Offutt Field,611,Seton Hill,ii,Pennsylvania State Athletic,10,"[0, 0, 10, 0]",,,,367,Gannon,ii,Pennsylvania State Athletic,14,"[0, 7, 7, 0]",,,,,,,
401328008,2021,7,regular,2021-10-16T20:00:00.000Z,False,True,False,True,,5440,Wildcat Stadium (TX),2000,Abilene Christian,fcs,Western Athletic,24,"[7, 7, 7, 3]",,,,2320,Lamar,fcs,Western Athletic,17,"[0, 17, 0, 0]",,,,,,,
401287921,2021,7,regular,2021-10-16T20:00:00.000Z,False,True,False,True,25106,3833,Memorial Stadium,2305,Kansas,fbs,Big 12,14,"[0, 0, 0, 14]",0.008683262392878532,1005,984,2641,Texas Tech,fbs,Big 12,41,"[7, 17, 14, 3]",0.9913167376071215,1470,1491,2.594852948690685,,,
401329656,2021,7,regular,2021-10-16T20:00:00.000Z,False,True,False,True,,4750,The Reservation,2336,Limestone,ii,South Atlantic,3,"[0, 0, 0, 3]",,,,2369,Mars Hill,ii,South Atlantic,32,"[7, 13, 6, 6]",,,,,,,
401328568,2021,7,regular,2021-10-16T20:00:00.000Z,False,True,False,True,,4417,Five Star Stadium at the Moye Complex,2382,Mercer,fcs,Southern,7,"[0, 0, 0, 7]",,,,2678,VMI,fcs,Southern,45,"[14, 10, 14, 7]",,,,,,,
401328628,2021,7,regular,2021-10-16T20:00:00.000Z,False,True,False,True,,3896,Rice-Totten Field,2400,Mississippi Valley State,fcs,SWAC,12,"[0, 6, 3, 3]",,,,2016,Alcorn State,fcs,SWAC,24,"[7, 7, 3, 7]",,,,,,,
401328589,2021,7,regular,2021-10-16T20:00:00.000Z,False,True,False,True,,3963,Harry Turpin Stadium,2466,Northwestern State,fcs,Southland,17,"[3, 0, 7, 7]",,,,2377,McNeese,fcs,Southland,35,"[0, 21, 7, 7]",,,,,,,
401282109,2021,7,regular,2021-10-16T20:00:00.000Z,False,True,False,True,64695,3994,Williams-Brice Stadium,2579,South Carolina,fbs,SEC,21,"[14, 0, 0, 7]",0.9521074295043945,1361,1353,238,Vanderbilt,fbs,SEC,20,"[3, 7, 7, 3]",0.04789257049560547,1083,1091,5.881663972406484,,,
401328653,2021,7,regular,2021-10-16T20:00:00.000Z,False,True,False,True,,3723,QU Stadium,2825,Quincy,ii,Great Lakes,48,"[3, 21, 10, 14]",,,,2816,McKendree,ii,Great Lakes,51,"[7, 0, 14, 30]",,,,,,,
401332387,2021,7,regular,2021-10-16T20:00:00.000Z,False,True,False,True,,7076,J.W. Babb Stadium,101784,Erskine,ii,Independent DII,24,"[3, 7, 0, 14]",,,,124180,Bluefield State,ii,Independent DII,19,"[0, 6, 7, 6]",,,,,,,
401329036,2021,7,regular,2021-10-16T21:00:00.000Z,False,True,False,True,,6036,Blue Wahoos Stadium,110242,West Florida,ii,Gulf South,26,"[0, 9, 14, 3]",,,,2698,West Georgia,ii,Gulf South,30,"[7, 10, 7, 6]",,,,,,,
401328579,2021,7,regular,2021-10-16T21:00:00.000Z,False,True,False,True,,3944,Strawberry Stadium,2545,SE Louisiana,fcs,Southland,61,"[13, 21, 10, 17]",,,,2277,Houston Christian,fcs,Southland,24,"[10, 7, 7, 0]",,,,,,,
401329156,2021,7,regular,2021-10-16T21:00:00.000Z,False,True,False,True,,4762,Memorial Stadium (Commerce TX),2837,East Texas A&M,ii,Lone Star,58,"[21, 14, 13, 10]",,,,2703,Western New Mexico,ii,Lone Star,0,"[0, 0, 0, 0]",,,,,,,
401329471,2021,7,regular,2021-10-16T21:00:00.000Z,False,True,False,True,,6055,Craig Field at Spratt Memorial Stadium,137,Missouri Western,ii,Mid America,57,"[7, 16, 34, 0]",,,,196,Northeastern State,ii,Mid America,24,"[0, 7, 10, 7]",,,,,,,
401328374,2021,7,regular,2021-10-16T21:00:00.000Z,False,True,False,True,,3967,UNI-Dome,2460,Northern Iowa,fcs,MVFC,21,"[0, 0, 14, 7]",,,,233,South Dakota,fcs,MVFC,34,"[14, 10, 10, 0]",,,,,,,
401332316,2021,7,regular,2021-10-16T21:00:00.000Z,False,True,False,True,,716,Torero Stadium,301,San Diego,fcs,Pioneer,13,"[0, 0, 10, 3]",,,,2181,Drake,fcs,Pioneer,10,"[3, 0, 7, 0]",,,,,,,
401328061,2021,7,regular,2021-10-16T21:00:00.000Z,False,True,False,True,,4765,Hillsboro Stadium,2502,Portland State,fcs,Big Sky,31,"[17, 7, 7, 0]",,,,304,Idaho State,fcs,Big Sky,10,"[0, 7, 0, 3]",,,,,,,
401328140,2021,7,regular,2021-10-16T21:00:00.000Z,False,True,False,True,,4899,Fifth Third Stadium,338,Kennesaw State,fcs,Big South,14,"[0, 7, 7, 0]",,,,2448,North Carolina A&T,fcs,Big South,0,"[0, 0, 0, 0]",,,,,,,
401329346,2021,7,regular,2021-10-16T21:00:00.000Z,False,True,False,True,,6054,Fred G. Hughes Stadium,2403,Missouri Southern State,ii,Mid America,30,"[17, 3, 0, 10]",,,,2118,Central Missouri,ii,Mid America,28,"[14, 0, 7, 7]",,,,,,,
401331760,2021,7,regular,2021-10-16T21:00:00.000Z,False,True,False,True,,3926,Setzler Field,2444,Newberry,ii,South Atlantic,14,"[0, 7, 0, 7]",,,,2107,Catawba,ii,South Atlantic,7,"[7, 0, 0, 0]",,,,,,,
401327971,2021,7,regular,2021-10-16T21:00:00.000Z,False,True,False,True,,3711,Estes Stadium,2110,Central Arkansas,fcs,AWC,35,"[7, 21, 7, 0]",,,,2198,Eastern Kentucky,fcs,AWC,38,"[0, 10, 14, 14]",,,,,,,
401329234,2021,7,regular,2021-10-16T21:05:00.000Z,False,True,False,True,,4432,Andre Reed Stadium,2315,Kutztown,ii,Pennsylvania State Athletic,20,"[0, 13, 7, 0]",,,,2559,Shippensburg,ii,Pennsylvania State Athletic,3,"[3, 0, 0, 0]",,,,,,,
401328611,2021,7,regular,2021-10-16T22:00:00.000Z,False,True,False,True,,6040,Key Stadium,2292,Indianapolis,ii,Great Lakes,20,"[10, 10, 0, 0]",,,,2815,Lindenwood,ii,Great Lakes Valley,28,"[0, 7, 7, 14]",,,,,,,
401328549,2021,7,regular,2021-10-16T22:00:00.000Z,False,True,False,True,,3868,Paladin Stadium,231,Furman,fcs,Southern,24,"[14, 3, 0, 7]",,,,2643,The Citadel,fcs,Southern,14,"[7, 0, 0, 7]",,,,,,,
401328122,2021,7,regular,2021-10-16T22:00:00.000Z,False,True,False,True,,3658,Buccaneer Field,2127,Charleston Southern,fcs,Big South,35,"[7, 7, 21, 0]",,,,2261,Hampton,fcs,Big South,5,"[0, 3, 0, 2]",,,,,,,
401334772,2021,7,regular,2021-10-16T22:00:00.000Z,False,True,False,True,,5785,Dickerson Stadium,2707,West Virginia State,ii,Mountain East,13,"[0, 3, 0, 10]",,,,2882,UNC Pembroke,ii,Mountain East,14,"[7, 7, 0, 0]",,,,,,,
401331752,2021,7,regular,2021-10-16T22:00:00.000Z,False,True,False,False,,7075,Electric Supply Company Field,122666,Barton,ii,Independent DII,26,"[0, 6, 14, 0, 6]",,,,351,Wingate,ii,South Atlantic,20,"[0, 7, 7, 6, 0]",,,,,,,
401282233,2021,7,regular,2021-10-16T22:00:00.000Z,False,True,False,True,27515,3604,Alamodome,2636,UTSA,fbs,Conference USA,45,"[17, 14, 14, 0]",0.9925881624221802,1478,1571,242,Rice,fbs,Conference USA,0,"[0, 0, 0, 0]",0.007411837577819824,1182,1089,1.8334890144252347,,,
401310720,2021,7,regular,2021-10-16T23:00:00.000Z,False,True,False,True,21322,6501,Allegiant Stadium,2439,UNLV,fbs,Mountain West,24,"[17, 0, 7, 0]",0.20523321628570557,1183,1187,328,Utah State,fbs,Mountain West,28,"[7, 7, 7, 7]",0.7947667837142944,1345,1341,7.199492525916677,,,
401337369,2021,7,regular,2021-10-16T23:00:00.000Z,False,True,False,True,,3897,Richardson Stadium,2166,Davidson,fcs,Pioneer,70,"[7, 28, 21, 14]",,,,2506,Presbyterian,fcs,Pioneer,35,"[8, 14, 0, 13]",,,,,,,
401329097,2021,7,regular,2021-10-16T23:00:00.000Z,False,True,False,True,,5869,LeGrand Stadium at 1st Community Credit Union Field,2025,Angelo State,ii,Lone Star,34,"[13, 7, 14, 0]",,,,110243,UT Permian Basin,ii,Lone Star,14,"[7, 0, 0, 7]",,,,,,,
401329073,2021,7,regular,2021-10-16T23:00:00.000Z,False,True,False,True,,3951,Swisher Field,425,Northern State,ii,Northern Sun,36,"[10, 13, 0, 13]",,,,568,Minot State,ii,Northern Sun,35,"[7, 21, 7, 0]",,,,,,,
401286296,2021,7,regular,2021-10-16T23:00:00.000Z,False,True,False,False,11546,3817,Malone Stadium,2433,UL Monroe,fbs,Sun Belt,31,"[0, 0, 28, 3]",0.4842410087585449,973,985,2335,Liberty,fbs,FBS Independents,28,"[0, 14, 0, 14]",0.5157589912414551,1688,1676,6.677474861158576,,,
401282107,2021,7,regular,2021-10-16T23:00:00.000Z,False,True,False,True,53796,3693,Davis Wade Stadium,344,Mississippi State,fbs,SEC,9,"[3, 3, 3, 0]",0.01566266268491745,1568,1524,333,Alabama,fbs,SEC,49,"[14, 7, 14, 14]",0.9843373373150826,2148,2192,3.221373374683194,,,
401328148,2021,7,regular,2021-10-16T23:00:00.000Z,False,True,False,True,,4133,Braly Municipal Stadium,2453,North Alabama,fcs,Big South,42,"[7, 28, 0, 7]",,,,2523,Robert Morris,fcs,Big South,31,"[7, 3, 14, 7]",,,,,,,
401328350,2021,7,regular,2021-10-16T23:00:00.000Z,False,True,False,True,,5936,Koi Ishto Stadium,2191,East Central,ii,Great American,20,"[10, 3, 0, 7]",,,,319,Oklahoma Baptist,ii,Great American,47,"[6, 21, 13, 7]",,,,,,,
401310719,2021,7,regular,2021-10-16T23:00:00.000Z,False,True,False,True,15403,3971,University Stadium (NM),167,New Mexico,fbs,Mountain West,7,"[0, 7, 0, 0]",0,1213,1165,36,Colorado State,fbs,Mountain West,36,"[7, 6, 10, 13]",1,1477,1525,3.7118469596471124,,,
401328771,2021,7,regular,2021-10-16T23:00:00.000Z,False,True,False,True,,3811,Lubbers Stadium,125,Grand Valley State,ii,GLIAC,28,"[7, 0, 14, 7]",,,,2222,Ferris State,ii,GLIAC,35,"[7, 14, 7, 7]",,,,,,,
401282658,2021,7,regular,2021-10-16T23:30:00.000Z,False,True,False,True,40349,3615,"Alumni Stadium (Chestnut Hill, MA)",103,Boston College,fbs,ACC,7,"[7, 0, 0, 0]",0.01727917231619358,1546,1477,152,NC State,fbs,ACC,33,"[7, 3, 21, 2]",0.9827208276838064,1558,1627,3.870242390943178,,,
401287922,2021,7,regular,2021-10-16T23:30:00.000Z,False,True,False,True,48363,3636,Bill Snyder Family Stadium,2306,Kansas State,fbs,Big 12,20,"[7, 0, 0, 13]",0.19160199165344238,1548,1549,66,Iowa State,fbs,Big 12,33,"[10, 10, 7, 6]",0.8083980083465576,1890,1889,3.7718848966678475,,,
401309873,2021,7,regular,2021-10-16T23:30:00.000Z,False,True,False,True,26171,3820,Gesa Field,265,Washington State,fbs,Pac-12,34,"[0, 20, 7, 7]",0.8518602848052979,1472,1473,24,Stanford,fbs,Pac-12,31,"[13, 3, 0, 15]",0.14813971519470215,1504,1503,6.739182497858492,,,
401287923,2021,7,regular,2021-10-16T23:30:00.000Z,False,True,False,True,84391,3835,"Memorial Stadium (Norman, OK)",201,Oklahoma,fbs,Big 12,52,"[14, 10, 21, 7]",0.8608482480049133,1859,1889,2628,TCU,fbs,Big 12,31,"[7, 7, 10, 7]",0.13915175199508667,1670,1640,3.7648956107753477,,,
401282110,2021,7,regular,2021-10-16T23:30:00.000Z,False,True,False,True,102455,3853,Neyland Stadium,2633,Tennessee,fbs,SEC,26,"[9, 3, 7, 7]",0.29022812843322754,1639,1636,145,Ole Miss,fbs,SEC,31,"[10, 14, 7, 0]",0.7097718715667725,1726,1729,7.129944658636153,,,
401329453,2021,7,regular,2021-10-17T00:00:00.000Z,False,True,False,True,,5938,Al Whitehead Field at Greyhound Stadium,2201,Eastern New Mexico,ii,Lone Star,24,"[7, 3, 0, 14]",,,,2704,West Texas,ii,Lone Star,44,"[10, 17, 14, 3]",,,,,,,
401282826,2021,7,regular,2021-10-17T00:00:00.000Z,False,True,False,False,76314,347,Camp Randall Stadium,275,Wisconsin,fbs,Big Ten,20,"[0, 13, 0, 7]",0.6019602850022837,1686,1689,349,Army,fbs,FBS Independents,14,"[0, 0, 0, 14]",0.3980397149977163,1599,1596,3.0416957142,,,
401329380,2021,7,regular,2021-10-17T00:00:00.000Z,False,True,False,True,,5890,Lewis Field Stadium,2231,Fort Hays,ii,Mid America,14,"[7, 7, 0, 0]",,,,2122,Central Oklahoma,ii,Mid America,24,"[7, 3, 7, 7]",,,,,,,
401328081,2021,7,regular,2021-10-17T00:00:00.000Z,False,True,False,True,,3602,Aggie Stadium,302,UC Davis,fcs,Big Sky,32,"[0, 11, 7, 14]",,,,2458,Northern Colorado,fcs,Big Sky,3,"[0, 0, 0, 3]",,,,,,,
401330251,2021,7,regular,2021-10-17T00:00:00.000Z,False,True,False,False,,6076,Javelina Stadium,2658,Texas A&M-Kingsville,ii,Lone Star,51,"[19, 7, 13, 12]",,,,124179,Lincoln (CA),,,21,"[0, 7, 7, 7]",,,,,,,
401309874,2021,7,regular,2021-10-17T00:30:00.000Z,False,True,False,True,62266,3765,Husky Stadium,264,Washington,fbs,Pac-12,17,"[3, 7, 7, 0]",0.04294449836015701,1711,1689,26,UCLA,fbs,Pac-12,24,"[7, 10, 0, 7]",0.957055501639843,1605,1627,5.455384949743541,,,
401327982,2021,7,regular,2021-10-17T01:00:00.000Z,False,True,False,True,,3745,Greater Zion Stadium,3101,Utah Tech,fcs,Western Athletic,20,"[10, 3, 0, 7]",,,,2627,Tarleton State,fcs,Western Athletic,41,"[14, 17, 0, 10]",,,,,,,
401310718,2021,7,regular,2021-10-17T01:00:00.000Z,False,True,False,True,34446,3653,Albertsons Stadium,68,Boise State,fbs,Mountain West,17,"[7, 7, 0, 3]",0.10847465693950653,1689,1677,2005,Air Force,fbs,Mountain West,24,"[7, 14, 0, 3]",0.8915253430604935,1701,1713,5.402063801092739,,,
401282230,2021,7,regular,2021-10-17T01:00:00.000Z,False,True,False,True,18468,3946,Sun Bowl,2638,UTEP,fbs,Conference USA,19,"[14, 2, 3, 0]",0.9535694718360901,1271,1313,2348,Louisiana Tech,fbs,Conference USA,3,"[0, 3, 0, 0]",0.04643052816390991,1353,1311,2.618320418833951,,,
401309876,2021,7,regular,2021-10-17T02:00:00.000Z,False,True,False,True,51724,587,Rice-Eccles Stadium,254,Utah,fbs,Pac-12,35,"[7, 0, 14, 14]",0.8173395395278931,1678,1713,9,Arizona State,fbs,Pac-12,21,"[7, 14, 0, 0]",0.18266046047210693,1750,1715,5.644700249819693,,,
401310722,2021,7,regular,2021-10-17T02:30:00.000Z,False,True,False,True,22098,3816,Mackay Stadium,2440,Nevada,fbs,Mountain West,34,"[3, 17, 14, 0]",0.9885627627372742,1522,1546,62,Hawai'i,fbs,Mountain West,17,"[7, 10, 0, 0]",0.01143723726272583,1381,1357,4.979161926620162,,,
401309623,2021,8,regular,2021-10-20T23:30:00.000Z,False,True,False,True,31061,3792,Kidd Brewer Stadium,2026,App State,fbs,Sun Belt,30,"[0, 14, 13, 3]",0.42525219917297363,1623,1627,324,Coastal Carolina,fbs,Sun Belt,27,"[14, 6, 7, 0]",0.5747478008270264,1819,1815,5.792524209236504,,,
401309624,2021,8,regular,2021-10-21T23:30:00.000Z,False,True,False,True,7138,3625,Centennial Bank Stadium,2032,Arkansas State,fbs,Sun Belt,27,"[0, 10, 17, 0]",0.3961390256881714,1188,1211,309,Louisiana,fbs,Sun Belt,28,"[0, 14, 14, 0]",0.6038609743118286,1746,1723,6.5141460661065285,,,
401282235,2021,8,regular,2021-10-21T23:30:00.000Z,False,True,False,True,13017,4418,Jerry Richardson Stadium,2429,Charlotte,fbs,Conference USA,9,"[3, 6, 0, 0]",0.003471621312201023,1337,1282,2226,Florida Atlantic,fbs,Conference USA,38,"[0, 7, 21, 10]",0.996528378687799,1542,1597,4.992666422355423,,,
401301025,2021,8,regular,2021-10-21T23:30:00.000Z,False,True,False,True,22843,3735,Gerald J. Ford Stadium,2567,SMU,fbs,American Athletic,55,"[17, 14, 7, 17]",0.9925737380981445,1578,1633,2655,Tulane,fbs,American Athletic,26,"[7, 0, 12, 7]",0.007426261901855469,1393,1338,3.2114160431794514,,,
401310729,2021,8,regular,2021-10-22T03:00:00.000Z,False,True,False,True,19318,6501,Allegiant Stadium,2439,UNLV,fbs,Mountain West,20,"[7, 10, 3, 0]",0.7046671509742737,1187,1188,23,San José State,fbs,Mountain West,27,"[3, 10, 0, 14]",0.2953328490257263,1382,1381,5.449932913987225,,,
401328243,2021,8,regular,2021-10-22T22:00:00.000Z,False,True,False,True,,3826,Memorial Field,159,Dartmouth,fcs,Ivy,0,"[0, 0, 0, 0]",,,,171,Columbia,fcs,Ivy,19,"[3, 10, 6, 0]",,,,,,,
401282239,2021,8,regular,2021-10-22T22:00:00.000Z,False,True,False,False,10698,3892,Pratt & Whitney Stadium,41,UConn,fbs,FBS Independents,13,"[0, 13, 0, 0]",0.007173330523073673,993,940,2393,Middle Tennessee,fbs,Conference USA,44,"[3, 21, 10, 10]",0.9928266694769263,1268,1321,4.258947723233292,,,
401301026,2021,8,regular,2021-10-22T23:00:00.000Z,False,True,False,True,39328,3652,FBC Mortgage Stadium,2116,UCF,fbs,American Athletic,24,"[14, 0, 7, 3]",0.9985050559043884,1558,1594,235,Memphis,fbs,American Athletic,7,"[0, 7, 0, 0]",0.0014949440956115723,1540,1504,2.855227420365633,,,
401310725,2021,8,regular,2021-10-23T01:30:00.000Z,False,True,False,True,21423,3905,Maverik Stadium,328,Utah State,fbs,Mountain West,26,"[0, 20, 3, 3]",0.21604250371456146,1341,1344,36,Colorado State,fbs,Mountain West,24,"[0, 14, 0, 10]",0.7839574962854385,1525,1522,7.147736409548543,,,
401309877,2021,8,regular,2021-10-23T02:30:00.000Z,False,True,False,True,30880,3619,Arizona Stadium,12,Arizona,fbs,Pac-12,16,"[3, 10, 3, 0]",0.17536062002182007,1169,1193,264,Washington,fbs,Pac-12,21,"[0, 0, 7, 14]",0.8246393799781799,1689,1665,4.620058239881134,,,
401332312,2021,8,regular,2021-10-23T16:00:00.000Z,False,True,False,True,,3979,Wagner College Stadium,2681,Wagner,fcs,NEC,10,"[3, 7, 0, 0]",,,,2803,Bryant,fcs,NEC,31,"[3, 14, 7, 7]",,,,,,,
401331764,2021,8,regular,2021-10-23T16:00:00.000Z,False,True,False,True,,4441,McConnell Family Stadium,367,Gannon,ii,Pennsylvania State Athletic,21,"[0, 7, 0, 14]",,,,2205,Edinboro,ii,Pennsylvania State Athletic,18,"[3, 0, 7, 8]",,,,,,,
401309574,2021,8,regular,2021-10-23T16:00:00.000Z,False,True,False,True,10875,3700,Doyt L. Perry Stadium,189,Bowling Green,fbs,Mid-American,24,"[3, 7, 7, 7]",0.10808265746263532,1032,995,2199,Eastern Michigan,fbs,Mid-American,55,"[0, 24, 21, 10]",0.8919173425373647,1443,1480,4.3215701316,,,
401282662,2021,8,regular,2021-10-23T16:00:00.000Z,False,True,False,False,38019,3841,Michie Stadium,349,Army,fbs,FBS Independents,56,"[7, 14, 14, 21]",0.14869508147239685,1596,1568,154,Wake Forest,fbs,ACC,70,"[14, 14, 21, 21]",0.8513049185276031,1642,1670,6.896970135629018,,,
401301027,2021,8,regular,2021-10-23T16:00:00.000Z,False,True,False,True,32004,3852,Navy-Marine Corps Memorial Stadium,2426,Navy,fbs,American Athletic,20,"[7, 3, 0, 10]",0.10085491836071014,1271,1305,2132,Cincinnati,fbs,American Athletic,27,"[7, 6, 14, 0]",0.8991450816392899,1985,1951,5.631362700464159,,,
401333440,2021,8,regular,2021-10-23T16:00:00.000Z,False,True,False,True,,3624,Arute Field,2115,Central Connecticut,fcs,NEC,13,"[3, 3, 0, 7]",,,,2341,Long Island University,fcs,NEC,30,"[3, 10, 10, 7]",,,,,,,
401332294,2021,8,regular,2021-10-23T16:00:00.000Z,False,True,False,True,,3668,Campus Field,2529,Sacred Heart,fcs,NEC,31,"[7, 0, 14, 10]",,,,2184,Duquesne,fcs,NEC,13,"[10, 3, 0, 0]",,,,,,,
401282779,2021,8,regular,2021-10-23T16:00:00.000Z,False,True,False,True,109449,3558,Michigan Stadium,130,Michigan,fbs,Big Ten,33,"[0, 10, 17, 6]",0.9994195699691772,1855,1881,77,Northwestern,fbs,Big Ten,7,"[0, 7, 0, 0]",0.0005804300308227539,1478,1452,3.199875013297567,,,
401329362,2021,8,regular,2021-10-23T16:00:00.000Z,False,True,False,True,,5133,Ram Stadium (WV),2974,Shepherd,ii,Pennsylvania State Athletic,42,"[14, 7, 14, 7]",,,,223,West Chester,ii,Pennsylvania State Athletic,38,"[7, 10, 21, 0]",,,,,,,
401287928,2021,8,regular,2021-10-23T16:00:00.000Z,False,True,False,True,52874,3784,Jones AT&T Stadium,2641,Texas Tech,fbs,Big 12,24,"[14, 10, 0, 0]",0.019978290423750877,1491,1493,2306,Kansas State,fbs,Big 12,25,"[0, 10, 9, 6]",0.9800217095762491,1549,1547,4.395913274247964,,,
401341489,2021,8,regular,2021-10-23T16:00:00.000Z,False,True,False,True,,3870,Panther Stadium (OH),2477,Ohio Dominican,ii,Great Midwest Athletic,56,"[21, 14, 14, 7]",,,,2682,Walsh,ii,Great Midwest Athletic,17,"[0, 3, 7, 7]",,,,,,,
401328517,2021,8,regular,2021-10-23T16:00:00.000Z,False,True,False,True,,36,Leonidoff Field,2368,Marist,fcs,Pioneer,24,"[7, 3, 7, 7]",,,,2413,Morehead State,fcs,Pioneer,27,"[6, 7, 0, 14]",,,,,,,
401329690,2021,8,regular,2021-10-23T16:00:00.000Z,False,True,False,True,,6052,Herb Parker Stadium,568,Minot State,ii,Northern Sun,17,"[0, 14, 3, 0]",,,,389,Upper Iowa,ii,Northern Sun,14,"[7, 0, 7, 0]",,,,,,,
401328272,2021,8,regular,2021-10-23T16:00:00.000Z,False,True,False,True,,3997,Yale Bowl,43,Yale,fcs,Ivy,42,"[7, 21, 14, 0]",,,,219,Pennsylvania,fcs,Ivy,28,"[7, 7, 7, 7]",,,,,,,
401329197,2021,8,regular,2021-10-23T16:00:00.000Z,False,True,False,True,,4437,"Memorial Stadium (Clarion, PA)",2134,Clarion,ii,Pennsylvania State Athletic,0,"[0, 0, 0, 0]",,,,611,Seton Hill,ii,Pennsylvania State Athletic,49,"[7, 14, 14, 14]",,,,,,,
401282663,2021,8,regular,2021-10-23T16:00:00.000Z,False,True,False,False,51915,3697,Doak Campbell Stadium,52,Florida State,fbs,ACC,59,"[10, 28, 14, 7]",1,1404,1510,113,Massachusetts,fbs,FBS Independents,3,"[3, 0, 0, 0]",0,932,826,3.283578386096678,,,
401329639,2021,8,regular,2021-10-23T16:00:00.000Z,False,True,False,True,,6033,Carl Smith Stadium,2842,UVA Wise,ii,South Atlantic,21,"[13, 0, 0, 8]",,,,351,Wingate,ii,South Atlantic,48,"[17, 14, 10, 7]",,,,,,,
401329483,2021,8,regular,2021-10-23T16:00:00.000Z,False,True,False,True,,5263,Steele Stadium,2316,Kentucky Wesleyan,ii,Great Midwest Athletic,28,"[7, 14, 0, 7, 0]",,,,2838,Tiffin,ii,Great Midwest Athletic,34,"[0, 7, 7, 14, 6]",,,,,,,
401282717,2021,8,regular,2021-10-23T16:00:00.000Z,False,True,False,True,105001,3632,Beaver Stadium,213,Penn State,fbs,Big Ten,18,"[7, 3, 0, 0, 3, 3, 0, 0, 0, 0, 0, 2, 0]",0.30362293124198914,1805,1773,356,Illinois,fbs,Big Ten,20,"[0, 7, 0, 3, 3, 3, 0, 0, 0, 0, 0, 2, 2]",0.6963770687580109,1330,1362,8.768579004601676,,,
401309577,2021,8,regular,2021-10-23T16:00:00.000Z,False,True,False,True,15232,3786,Kelly/Shorts Stadium,2117,Central Michigan,fbs,Mid-American,38,"[14, 14, 7, 3]",0.26027071475982666,1364,1357,2459,Northern Illinois,fbs,Mid-American,39,"[7, 11, 11, 10]",0.7397292852401733,1250,1257,5.83420637208186,,,
401332014,2021,8,regular,2021-10-23T16:00:00.000Z,False,True,False,True,,3698,Donnell Stadium,2224,Findlay,ii,Great Midwest Athletic,29,"[7, 3, 3, 16]",,,,2273,Hillsdale,ii,Great Midwest Athletic,34,"[7, 7, 7, 13]",,,,,,,
401282112,2021,8,regular,2021-10-23T16:00:00.000Z,False,True,False,False,42576,3983,War Memorial Stadium (AR),8,Arkansas,fbs,SEC,45,"[17, 28, 0, 0]",0.9905608296394348,1487,,2029,Arkansas-Pine Bluff,fcs,SWAC,3,"[0, 0, 0, 3]",0.009439170360565186,,,2.489755291797159,,,
401287926,2021,8,regular,2021-10-23T16:00:00.000Z,False,True,False,True,26321,3833,Memorial Stadium,2305,Kansas,fbs,Big 12,23,"[7, 3, 7, 6]",0.14577968418598175,984,1027,201,Oklahoma,fbs,Big 12,35,"[0, 0, 14, 21]",0.8542203158140182,1889,1846,5.048694401722993,,,
401329415,2021,8,regular,2021-10-23T16:00:00.000Z,False,True,False,True,,4428,Saxon Stadium,2385,Mercyhurst,ii,Pennsylvania State Athletic,17,"[7, 7, 0, 3]",,,,215,Slippery Rock,ii,Pennsylvania State Athletic,20,"[0, 10, 7, 3]",,,,,,,
401282668,2021,8,regular,2021-10-23T16:30:00.000Z,False,True,False,True,57941,3799,Lane Stadium,259,Virginia Tech,fbs,ACC,36,"[7, 12, 7, 10]",0.3056894838809967,1538,1523,183,Syracuse,fbs,ACC,41,"[7, 6, 7, 21]",0.6943105161190033,1451,1466,7.5361245475820064,,,
401328481,2021,8,regular,2021-10-23T17:00:00.000Z,False,True,False,True,,3676,Christy Mathewson-Memorial Stadium,2083,Bucknell,fcs,Patriot,21,"[7, 7, 7, 0]",,,,46,Georgetown,fcs,Patriot,29,"[7, 6, 3, 13]",,,,,,,
401335305,2021,8,regular,2021-10-23T17:00:00.000Z,False,True,False,True,,6212,Bishop Schmitt Field,112335,Wheeling,ii,Mountain East,26,"[0, 7, 0, 13, 6]",,,,2699,West Liberty,ii,Mountain East,20,"[0, 13, 7, 0, 0]",,,,,,,
401334783,2021,8,regular,2021-10-23T17:00:00.000Z,False,True,False,True,,6211,Sodexo Field,112334,Franklin Pierce,ii,Northeast 10,24,"[7, 3, 7, 7]",,,,2583,Southern Connecticut State,ii,Northeast 10,43,"[7, 17, 6, 13]",,,,,,,
401328503,2021,8,regular,2021-10-23T17:00:00.000Z,False,True,False,True,,3664,Butler Bowl,2086,Butler,fcs,Pioneer,35,"[14, 7, 0, 14]",,,,2166,Davidson,fcs,Pioneer,49,"[7, 21, 21, 0]",,,,,,,
401329074,2021,8,regular,2021-10-23T17:00:00.000Z,False,True,False,True,,5933,Sea Foam Stadium,3066,Concordia St. Paul,ii,Northern Sun,17,"[7, 10, 0, 0]",,,,425,Northern State,ii,Northern Sun,38,"[3, 7, 21, 7]",,,,,,,
401341942,2021,8,regular,2021-10-23T17:00:00.000Z,False,True,False,True,,5943,Duvall-Rosier Field,2986,Fairmont State,ii,Mountain East,14,"[7, 0, 7, 0]",,,,341,Frostburg State,ii,Mountain East,49,"[14, 7, 14, 14]",,,,,,,
401328088,2021,8,regular,2021-10-23T17:00:00.000Z,False,True,False,True,,6068,George Williams Athletic Complex,395,St. Augustine's,ii,CIAA,12,"[6, 6, 0, 0]",,,,2220,Fayetteville State,ii,CIAA,40,"[10, 14, 10, 6]",,,,,,,
401328729,2021,8,regular,2021-10-23T17:00:00.000Z,False,True,False,True,,3747,Hantz Stadium,2886,Northwood,ii,GLIAC,14,"[0, 7, 0, 7]",,,,110254,Davenport,ii,GLIAC,21,"[14, 0, 7, 0]",,,,,,,
401328306,2021,8,regular,2021-10-23T17:00:00.000Z,False,True,False,True,,3990,William H. Greene Stadium,47,Howard,fcs,MEAC,31,"[0, 3, 7, 21]",,,,2450,Norfolk State,fcs,MEAC,45,"[7, 7, 14, 17]",,,,,,,
401329044,2021,8,regular,2021-10-23T17:00:00.000Z,False,True,False,True,,3606,Scheels Field at Nemzek Stadium,2817,Minnesota St Moorhead,ii,Northern Sun,35,"[14, 0, 7, 14]",,,,559,University of Mary,ii,Northern Sun,31,"[7, 7, 10, 7]",,,,,,,
401328261,2021,8,regular,2021-10-23T17:00:00.000Z,False,True,False,True,,3649,Bowman Gray Stadium,2736,Winston-Salem State,ii,CIAA,21,"[7, 14, 0, 0]",,,,2940,Livingstone,ii,CIAA,0,"[0, 0, 0, 0]",,,,,,,
401334765,2021,8,regular,2021-10-23T17:00:00.000Z,False,True,False,True,,3667,Callaghan Stadium,2148,Concord,ii,Mountain East,32,"[10, 10, 0, 12]",,,,2707,West Virginia State,ii,Mountain East,34,"[0, 14, 0, 20]",,,,,,,
401327921,2021,8,regular,2021-10-23T17:00:00.000Z,False,True,False,True,,6032,Hovey Field,2676,Virginia Union,ii,CIAA,7,"[7, 0, 0, 0]",,,,2075,Bowie State,ii,CIAA,27,"[14, 3, 3, 7]",,,,,,,
401328511,2021,8,regular,2021-10-23T17:00:00.000Z,False,True,False,True,,3655,Brown Field,2674,Valparaiso,fcs,Pioneer,45,"[14, 0, 17, 14]",,,,2168,Dayton,fcs,Pioneer,28,"[3, 17, 0, 8]",,,,,,,
401347696,2021,8,regular,2021-10-23T17:00:00.000Z,False,True,False,True,,3848,Multi-Sport Stadium,2038,Assumption,ii,Northeast 10,42,"[14, 14, 7, 7]",,,,2022,American International,ii,Northeast 10,21,"[0, 7, 7, 7]",,,,,,,
401328941,2021,8,regular,2021-10-23T17:00:00.000Z,False,True,False,True,,3950,Superior Dome,128,Northern Michigan,ii,GLIAC,24,"[3, 10, 0, 11]",,,,125,Grand Valley State,ii,GLIAC,28,"[7, 7, 7, 7]",,,,,,,
401332317,2021,8,regular,2021-10-23T17:00:00.000Z,False,True,False,True,,3701,Drake Stadium,2181,Drake,fcs,Pioneer,0,[0],,,,56,Stetson,fcs,Pioneer,1,[1],,,,,,Drake unable to play due to COVID-19,
401344316,2021,8,regular,2021-10-23T17:00:00.000Z,False,True,False,True,,3881,Princeton University Stadium,163,Princeton,fcs,Ivy,18,"[3, 3, 7, 0, 3, 0, 0, 0, 2]",,,,108,Harvard,fcs,Ivy,16,"[3, 3, 0, 7, 3, 0, 0, 0, 0]",,,,,,,
401328253,2021,8,regular,2021-10-23T17:00:00.000Z,False,True,False,True,,3921,Schoellkopf Field,172,Cornell,fcs,Ivy,45,"[16, 7, 7, 15]",,,,225,Brown,fcs,Ivy,49,"[7, 14, 7, 21]",,,,,,,
401329368,2021,8,regular,2021-10-23T17:00:00.000Z,False,True,False,True,,4429,Seth Grove Stadium,2559,Shippensburg,ii,Pennsylvania State Athletic,38,"[14, 14, 7, 3]",,,,210,Millersville,ii,Pennsylvania State Athletic,7,"[0, 0, 0, 7]",,,,,,,
401328105,2021,8,regular,2021-10-23T17:00:00.000Z,False,True,False,True,,6068,George Williams Athletic Complex,2551,Shaw,ii,CIAA,20,"[7, 10, 0, 3]",,,,2304,Johnson C. Smith,ii,CIAA,14,"[0, 0, 7, 7]",,,,,,,
401309576,2021,8,regular,2021-10-23T17:00:00.000Z,False,True,False,True,15854,3876,Peden Stadium,195,Ohio,fbs,Mid-American,27,"[0, 7, 10, 10]",0.32125571370124817,1349,1331,2309,Kent State,fbs,Mid-American,34,"[10, 7, 14, 3]",0.6787442862987518,1283,1301,5.0873665423122265,,,
401328540,2021,8,regular,2021-10-23T17:00:00.000Z,False,True,False,True,,3925,Seibert Stadium,2535,Samford,fcs,Southern,13,"[3, 0, 10, 0]",,,,236,Chattanooga,fcs,Southern,55,"[14, 17, 10, 14]",,,,,,,
401334822,2021,8,regular,2021-10-23T17:00:00.000Z,False,True,False,True,,3627,Bailey Memorial Stadium,2506,Presbyterian,fcs,Pioneer,28,"[0, 14, 7, 7]",,,,301,San Diego,fcs,Pioneer,69,"[9, 26, 27, 7]",,,,,,,
401328187,2021,8,regular,2021-10-23T17:00:00.000Z,False,True,False,True,,3894,Rhodes Stadium,2210,Elon,fcs,CAA,24,"[7, 7, 10, 0]",,,,160,New Hampshire,fcs,CAA,10,"[7, 3, 0, 0]",,,,,,,
401328301,2021,8,regular,2021-10-23T17:00:00.000Z,False,True,False,True,,3762,Hughes Stadium,2415,Morgan State,fcs,MEAC,17,"[7, 3, 7, 0]",,,,2428,North Carolina Central,fcs,MEAC,28,"[7, 0, 14, 7]",,,,,,,
401328590,2021,8,regular,2021-10-23T17:00:00.000Z,False,True,False,True,,3686,Cowboy Stadium,2377,McNeese,fcs,Southland,28,"[14, 7, 0, 7]",,,,2916,Incarnate Word,fcs,Southland,20,"[0, 6, 6, 8]",,,,,,,
401329657,2021,8,regular,2021-10-23T17:00:00.000Z,False,True,False,True,,6046,Meares Stadium,2369,Mars Hill,ii,South Atlantic,31,"[14, 0, 14, 3]",,,,2107,Catawba,ii,South Atlantic,14,"[0, 0, 14, 0]",,,,,,,
401328342,2021,8,regular,2021-10-23T17:00:00.000Z,False,True,False,True,,3829,Memorial Stadium,282,Indiana State,fcs,MVFC,28,"[7, 7, 0, 14]",,,,2754,Youngstown State,fcs,MVFC,17,"[7, 7, 3, 0]",,,,,,,
401328929,2021,8,regular,2021-10-23T17:00:00.000Z,False,True,False,True,,6075,W.B. Mason Stadium,284,Stonehill,ii,Northeast 10,20,"[0, 0, 6, 14]",,,,2441,New Haven,ii,Northeast 10,42,"[21, 0, 21, 0]",,,,,,,
401336487,2021,8,regular,2021-10-23T17:00:00.000Z,False,True,False,True,,150,Jack Coffey Field,2230,Fordham,fcs,Patriot,35,"[7, 7, 0, 21]",,,,2329,Lehigh,fcs,Patriot,28,"[14, 0, 7, 7]",,,,,,,
401328719,2021,8,regular,2021-10-23T17:00:00.000Z,False,True,False,True,,3770,Jack Miller Stadium,308,Ashland,ii,Great Midwest Athletic,42,"[14, 14, 0, 14]",,,,437,Lake Erie,ii,Great Midwest Athletic,41,"[7, 21, 7, 6]",,,,,,,
401328965,2021,8,regular,2021-10-23T17:00:00.000Z,False,True,False,True,,6042,Alumni Stadium (KY),2310,Kentucky State,ii,SIAC,21,"[0, 14, 0, 7]",,,,2396,Miles,ii,SIAC,28,"[14, 7, 7, 0]",,,,,,,
401332028,2021,8,regular,2021-10-23T17:00:00.000Z,False,True,False,True,,5784,Cebe Ross Field,455,West Virginia Wesleyan,ii,Mountain East,20,"[0, 14, 0, 6]",,,,2017,Alderson-Broaddus,ii,Mountain East,49,"[14, 0, 28, 7]",,,,,,,
401328164,2021,8,regular,2021-10-23T17:00:00.000Z,False,True,False,True,,4419,Bob Ford Field,399,UAlbany,fcs,CAA,16,"[0, 3, 0, 13]",,,,311,Maine,fcs,CAA,19,"[10, 3, 0, 6]",,,,,,,
401328772,2021,8,regular,2021-10-23T17:00:00.000Z,False,True,False,True,,3927,Sherman Field,2392,Michigan Tech,ii,GLIAC,10,"[0, 7, 0, 3]",,,,2222,Ferris State,ii,GLIAC,38,"[14, 14, 10, 0]",,,,,,,
401329186,2021,8,regular,2021-10-23T17:05:00.000Z,False,True,False,True,,4439,Eiler-Martin Stadium,2188,East Stroudsburg,ii,Pennsylvania State Athletic,35,"[10, 18, 7, 0]",,,,2071,Bloomsburg,ii,Pennsylvania State Athletic,14,"[7, 0, 0, 7]",,,,,,,
401328128,2021,8,regular,2021-10-23T17:30:00.000Z,False,True,False,True,,3710,Ernest W. Spangler Stadium,2241,Gardner-Webb,fcs,Big South,28,"[14, 7, 7, 0]",,,,2523,Robert Morris,fcs,Big South,17,"[0, 7, 3, 7]",,,,,,,
401327931,2021,8,regular,2021-10-23T17:30:00.000Z,False,True,False,True,,5941,Roebuck Stadium,2207,Elizabeth City State,ii,CIAA,32,"[18, 0, 7, 7]",,,,2804,Chowan,ii,CIAA,28,"[14, 7, 7, 0]",,,,,,,
401329390,2021,8,regular,2021-10-23T17:30:00.000Z,False,True,False,True,,5887,I.L. & Sue Morris Stadium,2249,Glenville State,ii,Mountain East,14,"[0, 7, 0, 7]",,,,587,Notre Dame College,ii,Mountain East,34,"[7, 17, 10, 0]",,,,,,,
401330260,2021,8,regular,2021-10-23T18:00:00.000Z,False,True,False,True,,6074,Grappone Stadium,2830,Saint Anselm,ii,Northeast 10,24,"[10, 14, 0, 0]",,,,2487,Pace,ii,Northeast 10,16,"[0, 6, 0, 10]",,,,,,,
401328557,2021,8,regular,2021-10-23T18:00:00.000Z,False,True,False,True,,3868,Paladin Stadium,231,Furman,fcs,Southern,13,"[3, 3, 7, 0]",,,,2193,East Tennessee State,fcs,Southern,17,"[0, 3, 7, 7]",,,,,,,
401329694,2021,8,regular,2021-10-23T18:00:00.000Z,False,True,False,True,,6553,Helen and Leonard Moretz Stadium,2331,Lenoir Rhyne,ii,South Atlantic,45,"[10, 14, 21, 0]",,,,2336,Limestone,ii,South Atlantic,3,"[0, 0, 3, 0]",,,,,,,
401329206,2021,8,regular,2021-10-23T18:00:00.000Z,False,True,False,True,,4433,George P. Miller Stadium,2291,IU Pennsylvania,ii,Pennsylvania State Athletic,34,"[7, 16, 0, 11]",,,,2858,California (PA),ii,Pennsylvania State Athletic,38,"[3, 7, 7, 21]",,,,,,,
401332384,2021,8,regular,2021-10-23T18:00:00.000Z,False,True,False,False,,6078,Pioneer Field (TN),2839,Tusculum,ii,South Atlantic,41,"[13, 14, 7, 7]",,,,122666,Barton,ii,Independent DII,17,"[0, 3, 14, 0]",,,,,,,
401329116,2021,8,regular,2021-10-23T18:00:00.000Z,False,True,False,True,,5945,Wildcat Stadium (GA),2232,Fort Valley State,ii,SIAC,40,"[0, 21, 13, 6]",,,,2805,Clark Atlanta,ii,SIAC,7,"[7, 0, 0, 0]",,,,,,,
401329501,2021,8,regular,2021-10-23T18:00:00.000Z,False,True,False,True,,6062,Gable Field at Doc Wadley Stadium,196,Northeastern State,ii,Mid America,7,"[0, 7, 0, 0]",,,,138,Northwest Missouri State,ii,Mid America,59,"[14, 14, 21, 10]",,,,,,,
401328332,2021,8,regular,2021-10-23T18:00:00.000Z,False,True,False,True,,1905,DakotaDome,233,South Dakota,fcs,MVFC,14,"[0, 7, 0, 7]",,,,2287,Illinois State,fcs,MVFC,20,"[3, 10, 7, 0]",,,,,,,
401328550,2021,8,regular,2021-10-23T18:00:00.000Z,False,True,False,True,,3782,Johnson Hagood Stadium,2643,The Citadel,fcs,Southern,31,"[3, 7, 14, 7]",,,,2717,Western Carolina,fcs,Southern,45,"[7, 24, 0, 14]",,,,,,,
401328534,2021,8,regular,2021-10-23T18:00:00.000Z,False,True,False,True,,6065,Cliff Harris Stadium,2888,Ouachita Baptist,ii,Great American,42,"[7, 21, 14, 0]",,,,2568,Southern Arkansas,ii,Great American,7,"[0, 7, 0, 0]",,,,,,,
401329352,2021,8,regular,2021-10-23T18:00:00.000Z,False,True,False,True,,3860,O'Harra Stadium,613,South Dakota Mines,ii,Rocky Mountain,21,"[21, 0, 0, 0]",,,,2714,Western Colorado,ii,Rocky Mountain,42,"[14, 14, 7, 7]",,,,,,,
401329235,2021,8,regular,2021-10-23T18:00:00.000Z,False,True,False,True,,3760,Hubert Jack Stadium,209,Lock Haven,ii,Pennsylvania State Athletic,15,"[0, 7, 0, 8]",,,,2315,Kutztown,ii,Pennsylvania State Athletic,32,"[6, 13, 6, 7]",,,,,,,
401329064,2021,8,regular,2021-10-23T18:00:00.000Z,False,True,False,True,,6070,Bob Young Field,2894,Sioux Falls,ii,Northern Sun,10,"[0, 0, 0, 10]",,,,2851,Winona State,ii,Northern Sun,14,"[0, 0, 7, 7]",,,,,,,
401328292,2021,8,regular,2021-10-23T18:00:00.000Z,False,True,False,True,,3613,Alumni Stadium,2169,Delaware State,fcs,MEAC,7,"[0, 0, 7, 0]",,,,2569,South Carolina State,fcs,MEAC,13,"[3, 10, 0, 0]",,,,,,,
401309625,2021,8,regular,2021-10-23T18:00:00.000Z,False,True,False,True,16779,4246,Center Parc Stadium,2247,Georgia State,fbs,Sun Belt,28,"[7, 7, 7, 7]",0.9754834175109863,1332,1344,326,Texas State,fbs,Sun Belt,16,"[6, 7, 3, 0]",0.024516582489013672,1203,1191,4.90986708790032,,,
401329142,2021,8,regular,2021-10-23T18:00:00.000Z,False,True,False,True,,4747,Abbott Memorial Alumni Stadium,2657,Tuskegee,ii,SIAC,17,"[7, 0, 7, 3]",,,,2323,Lane College,ii,SIAC,21,"[7, 0, 14, 0]",,,,,,,
401329465,2021,8,regular,2021-10-23T18:00:00.000Z,False,True,False,True,,3633,Ben Altamirano Field,2703,Western New Mexico,ii,Lone Star,19,"[0, 7, 0, 12]",,,,2658,Texas A&M-Kingsville,ii,Lone Star,28,"[7, 14, 7, 0]",,,,,,,
401328951,2021,8,regular,2021-10-23T18:00:00.000Z,False,True,False,True,,5867,Albany State University Coliseum,2013,Albany State,ii,SIAC,30,"[3, 13, 7, 7]",,,,2542,Savannah State,ii,SIAC,0,"[0, 0, 0, 0]",,,,,,,
401329136,2021,8,regular,2021-10-23T18:00:00.000Z,False,True,False,False,,3705,Earl Kitchings Stadium,2206,Edward Waters,ii,SIAC,56,"[7, 28, 14, 7]",,,,2119,Central State,ii,SIAC,19,"[13, 0, 0, 6]",,,,,,,
401329710,2021,8,regular,2021-10-23T18:00:00.000Z,False,True,False,True,,3723,QU Stadium,2825,Quincy,ii,Great Lakes,21,"[7, 7, 7, 0]",,,,2292,Indianapolis,ii,Great Lakes,70,"[0, 28, 21, 21]",,,,,,,
401329310,2021,8,regular,2021-10-23T18:00:00.000Z,False,True,False,True,,5880,Elliott Field at Don Beebe Stadium,2123,Chadron State,ii,Rocky Mountain,60,"[8, 35, 7, 10]",,,,2237,Fort Lewis,ii,Rocky Mountain,7,"[0, 0, 7, 0]",,,,,,,
401329148,2021,8,regular,2021-10-23T18:00:00.000Z,False,True,False,True,,3641,Blakeslee Stadium,2364,Minnesota State,ii,Northern Sun,35,"[0, 14, 14, 7]",,,,2043,Augustana (SD),ii,Northern Sun,45,"[7, 14, 14, 10]",,,,,,,
401328612,2021,8,regular,2021-10-23T18:00:00.000Z,False,True,False,True,,3749,Hunter Stadium,2815,Lindenwood,ii,Great Lakes Valley,48,"[3, 35, 7, 3]",,,,2586,Southwest Baptist,ii,Great Lakes,24,"[14, 3, 0, 7]",,,,,,,
401328654,2021,8,regular,2021-10-23T18:00:00.000Z,False,True,False,True,,6047,Leemon Field,2816,McKendree,ii,Great Lakes,31,"[0, 24, 7, 0]",,,,2402,Missouri S&T,ii,Great Lakes,37,"[14, 7, 10, 6]",,,,,,,
401328644,2021,8,regular,2021-10-23T18:00:00.000Z,False,True,False,True,,3976,Mississippi Veterans Memorial Stadium,2296,Jackson State,fcs,SWAC,42,"[0, 21, 14, 7]",,,,2065,Bethune-Cookman,fcs,SWAC,12,"[6, 3, 3, 0]",,,,,,,
401327959,2021,8,regular,2021-10-23T18:00:00.000Z,False,True,False,True,,3904,Rogers Stadium (VA),330,Virginia State,ii,CIAA,23,"[3, 10, 3, 7]",,,,2339,Lincoln (PA),ii,CIAA,3,"[3, 0, 0, 0]",,,,,,,
401334773,2021,8,regular,2021-10-23T18:00:00.000Z,False,True,False,True,,6060,Grace P. Johnson Stadium,2882,UNC Pembroke,ii,Mountain East,21,"[14, 0, 7, 0]",,,,2128,Charleston (WV),ii,Mountain East,14,"[5, 3, 6, 0]",,,,,,,
401329089,2021,8,regular,2021-10-23T18:00:00.000Z,False,True,False,True,,5875,Charlie W. Johnson Stadium,490,Benedict,ii,SIAC,5,"[3, 2, 0, 0]",,,,60,Morehouse,ii,SIAC,20,"[0, 10, 10, 0]",,,,,,,
401328135,2021,8,regular,2021-10-23T18:00:00.000Z,False,True,False,True,,3620,Armstrong Stadium,2261,Hampton,fcs,Big South,30,"[7, 6, 7, 10]",,,,2448,North Carolina A&T,fcs,Big South,9,"[9, 0, 0, 0]",,,,,,,
401329347,2021,8,regular,2021-10-23T18:30:00.000Z,False,True,False,True,,4724,Audrey J. Walton Stadium at Vernon Kennedy Field,2118,Central Missouri,ii,Mid America,17,"[0, 0, 7, 10]",,,,2231,Fort Hays,ii,Mid America,21,"[14, 0, 0, 7]",,,,,,,
401328461,2021,8,regular,2021-10-23T18:30:00.000Z,False,True,False,False,,3962,Tucker Stadium,2635,Tennessee Tech,fcs,OVC,56,"[21, 21, 7, 7]",,,,2355,Virginia Lynchburg,,,13,"[0, 0, 7, 6]",,,,,,,
401328123,2021,8,regular,2021-10-23T19:00:00.000Z,False,True,False,True,,4133,Braly Municipal Stadium,2453,North Alabama,fcs,Big South,45,"[14, 0, 3, 28]",,,,2127,Charleston Southern,fcs,Big South,22,"[0, 0, 0, 22]",,,,,,,
401328465,2021,8,regular,2021-10-23T19:00:00.000Z,False,True,False,True,,3748,Graham Stadium,2630,UT Martin,fcs,OVC,38,"[0, 17, 14, 7]",,,,2546,Southeast Missouri State,fcs,OVC,30,"[3, 7, 10, 10]",,,,,,,
401329400,2021,8,regular,2021-10-23T19:00:00.000Z,False,True,False,True,,5942,Francis G. Welch Stadium,2214,Emporia State,ii,Mid America,24,"[10, 0, 0, 14]",,,,2403,Missouri Southern State,ii,Mid America,21,"[0, 3, 3, 15]",,,,,,,
401328283,2021,8,regular,2021-10-23T19:00:00.000Z,False,True,False,True,,5870,Thone Stadium at Buerkle Field,2033,Arkansas Tech,ii,Great American,38,"[7, 7, 0, 21, 3]",,,,2271,Henderson State,ii,Great American,41,"[10, 3, 7, 15, 6]",,,,,,,
401328980,2021,8,regular,2021-10-23T19:00:00.000Z,False,True,False,True,,3885,Harvey Randall Wickes Memorial Stadium,129,Saginaw Valley State,ii,GLIAC,41,"[0, 17, 7, 17]",,,,131,Wayne State (MI),ii,GLIAC,25,"[10, 0, 0, 15]",,,,,,,
401328710,2021,8,regular,2021-10-23T19:00:00.000Z,False,True,False,True,,6077,Stokes Stadium,2654,Truman State,ii,Great Lakes,52,"[14, 28, 10, 0]",,,,2911,William Jewell,ii,Great Lakes,0,"[0, 0, 0, 0]",,,,,,,
401328408,2021,8,regular,2021-10-23T19:00:00.000Z,False,True,False,True,,3909,Roy Stewart Stadium,93,Murray State,fcs,OVC,6,"[0, 6, 0, 0]",,,,2046,Austin Peay,fcs,OVC,47,"[12, 7, 14, 14]",,,,,,,
401328985,2021,8,regular,2021-10-23T19:00:00.000Z,False,True,False,True,,6053,Robinson-Hale Stadium,2401,Mississippi College,ii,Gulf South,14,"[0, 0, 0, 14]",,,,2673,Valdosta State,ii,Gulf South,41,"[3, 10, 14, 14]",,,,,,,
401329381,2021,8,regular,2021-10-23T19:00:00.000Z,False,True,False,True,,5878,Wantland Stadium,2122,Central Oklahoma,ii,Mid America,17,"[7, 0, 0, 10]",,,,2687,Washburn,ii,Mid America,29,"[0, 9, 7, 13]",,,,,,,
401328351,2021,8,regular,2021-10-23T19:00:00.000Z,False,True,False,True,,6073,Milam Stadium,2927,Southwestern Oklahoma State,ii,Great American,34,"[7, 7, 12, 8]",,,,2191,East Central,ii,Great American,44,"[14, 17, 6, 7]",,,,,,,
401328179,2021,8,regular,2021-10-23T19:00:00.000Z,False,True,False,True,,3695,Delaware Stadium,48,Delaware,fcs,CAA,10,"[3, 7, 0, 0]",,,,256,James Madison,fcs,CAA,22,"[6, 3, 10, 3]",,,,,,,
401329316,2021,8,regular,2021-10-23T19:00:00.000Z,False,True,False,True,,5882,Ralph Stocker Stadium,11,Colorado Mesa,ii,Rocky Mountain,26,"[7, 9, 3, 7]",,,,2146,Colorado School of Mines,ii,Rocky Mountain,21,"[7, 14, 0, 0]",,,,,,,
401329301,2021,8,regular,2021-10-23T19:00:00.000Z,False,True,False,True,,5877,Lyle Hare Stadium,2069,Black Hills State,ii,Rocky Mountain,10,"[3, 0, 7, 0]",,,,2424,New Mexico Highlands,ii,Rocky Mountain,24,"[7, 3, 7, 7]",,,,,,,
401328375,2021,8,regular,2021-10-23T19:00:00.000Z,False,True,False,True,,5237,Dana J. Dykhouse Stadium,2571,South Dakota State,fcs,MVFC,17,"[7, 3, 0, 7]",,,,2460,Northern Iowa,fcs,MVFC,26,"[10, 10, 3, 3]",,,,,,,
401328417,2021,8,regular,2021-10-23T19:00:00.000Z,False,True,False,True,,3858,O'Brien Stadium,2197,Eastern Illinois,fcs,OVC,0,"[0, 0, 0, 0]",,,,2634,Tennessee State,fcs,OVC,28,"[0, 7, 7, 14]",,,,,,,
401328001,2021,8,regular,2021-10-23T19:00:00.000Z,False,True,False,True,,3647,Elliott T. Bowers Stadium,2534,Sam Houston,fcs,AWC,42,"[7, 14, 21, 0]",,,,55,Jacksonville State,fcs,AWC,7,"[7, 0, 0, 0]",,,,,,,
401328364,2021,8,regular,2021-10-23T19:00:00.000Z,False,True,False,True,,3605,Alerus Center,155,North Dakota,fcs,MVFC,34,"[10, 7, 14, 3]",,,,2710,Western Illinois,fcs,MVFC,10,"[7, 3, 0, 0]",,,,,,,
401328062,2021,8,regular,2021-10-23T19:00:00.000Z,False,True,False,True,,3643,Bobcat Stadium,147,Montana State,fcs,Big Sky,27,"[0, 10, 3, 14]",,,,304,Idaho State,fcs,Big Sky,9,"[3, 0, 3, 3]",,,,,,,
401282821,2021,8,regular,2021-10-23T19:00:00.000Z,False,True,False,True,61320,3907,Ross-Ade Stadium,2509,Purdue,fbs,Big Ten,13,"[0, 13, 0, 0]",0,1639,1603,275,Wisconsin,fbs,Big Ten,30,"[7, 6, 7, 10]",1,1689,1725,5.623048916936611,,,
401333046,2021,8,regular,2021-10-23T19:05:00.000Z,False,True,False,True,,6051,James S. Malosky Stadium,134,Minnesota Duluth,ii,Northern Sun,35,"[7, 14, 14, 0]",,,,132,Bemidji State,ii,Northern Sun,42,"[7, 7, 7, 21]",,,,,,,
401328232,2021,8,regular,2021-10-23T19:30:00.000Z,False,True,False,True,,3998,Zable Stadium,2729,William & Mary,fcs,CAA,40,"[21, 6, 7, 6]",,,,119,Towson,fcs,CAA,14,"[7, 7, 0, 0]",,,,,,,
401309575,2021,8,regular,2021-10-23T19:30:00.000Z,False,True,False,True,8635,3768,InfoCision Stadium,2006,Akron,fbs,Mid-American,10,"[0, 10, 0, 0]",0.0191657617688179,1002,962,2084,Buffalo,fbs,Mid-American,45,"[3, 21, 21, 0]",0.9808342382311821,1495,1535,5.185282203225784,,,
401328214,2021,8,regular,2021-10-23T19:30:00.000Z,False,True,False,True,,717,Villanova Stadium,222,Villanova,fcs,CAA,44,"[14, 10, 7, 13]",,,,227,Rhode Island,fcs,CAA,0,"[0, 0, 0, 0]",,,,,,,
401309573,2021,8,regular,2021-10-23T19:30:00.000Z,False,True,False,True,19906,3739,Glass Bowl,2649,Toledo,fbs,Mid-American,34,"[3, 10, 21, 0]",0.9606059193611145,1453,1503,2711,Western Michigan,fbs,Mid-American,15,"[0, 15, 0, 0]",0.0393940806388855,1516,1466,5.242647625632659,,,
401328356,2021,8,regular,2021-10-23T19:30:00.000Z,False,True,False,True,,3714,Fargodome,2449,North Dakota State,fcs,MVFC,27,"[0, 10, 3, 14]",,,,2623,Missouri State,fcs,MVFC,20,"[10, 3, 7, 0]",,,,,,,
401282113,2021,8,regular,2021-10-23T19:30:00.000Z,False,True,False,True,64523,3974,Vaught-Hemingway Stadium,145,Ole Miss,fbs,SEC,31,"[0, 17, 14, 0]",0.9876816272735596,1729,1750,99,LSU,fbs,SEC,17,"[7, 0, 0, 10]",0.01231837272644043,1645,1624,3.9313413706832354,,,
401282767,2021,8,regular,2021-10-23T19:30:00.000Z,False,True,False,True,41011,3953,Huntington Bank Stadium,135,Minnesota,fbs,Big Ten,34,"[3, 14, 14, 3]",0.9934418797492981,1620,1633,120,Maryland,fbs,Big Ten,16,"[3, 7, 0, 6]",0.006558120250701904,1326,1313,3.346274774065268,,,
401328223,2021,8,regular,2021-10-23T19:30:00.000Z,False,True,False,True,,3788,Kenneth P. LaValle Stadium,2619,Stony Brook,fcs,CAA,27,"[10, 10, 0, 7]",,,,257,Richmond,fcs,CAA,14,"[0, 0, 7, 7]",,,,,,,
401309878,2021,8,regular,2021-10-23T19:30:00.000Z,False,True,False,True,36264,3831,California Memorial Stadium,25,California,fbs,Pac-12,26,"[10, 13, 0, 3]",0.9899625778198242,1428,1483,38,Colorado,fbs,Pac-12,3,"[0, 3, 0, 0]",0.010037422180175781,1418,1363,2.789016637771065,,,
401309879,2021,8,regular,2021-10-23T19:30:00.000Z,False,True,False,True,55675,1056,Rose Bowl,26,UCLA,fbs,Pac-12,31,"[14, 3, 0, 14]",0.571086585521698,1627,1627,2483,Oregon,fbs,Pac-12,34,"[0, 14, 13, 7]",0.428913414478302,1708,1708,6.202284062272409,,,
401309881,2021,8,regular,2021-10-23T19:30:00.000Z,False,True,False,False,22541,3820,Gesa Field,265,Washington State,fbs,Pac-12,19,"[7, 0, 6, 6]",0.22368115186691284,1473,1483,252,BYU,fbs,FBS Independents,21,"[7, 0, 7, 7]",0.7763188481330872,1720,1710,5.179695571160512,,,
401308838,2021,8,regular,2021-10-23T19:30:00.000Z,False,True,False,True,15703,3919,Scheumann Stadium,2050,Ball State,fbs,Mid-American,17,"[7, 3, 7, 0]",0.2052524834871292,1518,1494,193,Miami (OH),fbs,Mid-American,24,"[10, 6, 0, 8]",0.7947475165128708,1387,1411,6.108199570309461,,,
401310726,2021,8,regular,2021-10-23T19:30:00.000Z,False,True,False,True,20133,3984,War Memorial Stadium,2751,Wyoming,fbs,Mountain West,3,"[0, 3, 0, 0]",0.029899541288614273,1551,1488,167,New Mexico,fbs,Mountain West,14,"[7, 7, 0, 0]",0.9701004587113857,1165,1228,3.5313298338994534,,,
401287925,2021,8,regular,2021-10-23T19:30:00.000Z,False,True,False,True,61500,3772,Jack Trice Stadium,66,Iowa State,fbs,Big 12,24,"[0, 7, 10, 7]",0.2477215826511383,1889,1888,197,Oklahoma State,fbs,Big 12,21,"[7, 7, 0, 7]",0.7522784173488617,1718,1719,5.75109748144559,,,
401282238,2021,8,regular,2021-10-23T19:30:00.000Z,False,True,False,True,24845,3803,Legion Field,5,UAB,fbs,Conference USA,24,"[14, 0, 7, 3]",0.016393624246120453,1563,1512,242,Rice,fbs,Conference USA,30,"[13, 7, 7, 3]",0.9836063757538795,1089,1140,5.781536530776262,,,
401282666,2021,8,regular,2021-10-23T19:30:00.000Z,False,True,False,True,60594,3752,Acrisure Stadium,221,Pittsburgh,fbs,ACC,27,"[0, 14, 10, 3]",0.91115802526474,1718,1745,228,Clemson,fbs,ACC,17,"[7, 0, 3, 7]",0.08884197473526001,1851,1824,3.9214095988426894,,,
401328044,2021,8,regular,2021-10-23T20:00:00.000Z,False,True,False,True,,3906,Roos Field,331,Eastern Washington,fcs,Big Sky,34,"[7, 7, 7, 13]",,,,2692,Weber State,fcs,Big Sky,35,"[0, 13, 7, 15]",,,,,,,
401328113,2021,8,regular,2021-10-23T20:00:00.000Z,False,True,False,True,,3629,Barker-Lane Stadium,2097,Campbell,fcs,Big South,7,"[0, 7, 0, 0]",,,,338,Kennesaw State,fcs,Big South,30,"[0, 7, 10, 13]",,,,,,,
401328315,2021,8,regular,2021-10-23T20:00:00.000Z,False,True,False,True,,5885,First Security Stadium,2264,Harding,ii,Great American,64,"[14, 23, 14, 13]",,,,2028,Arkansas Monticello,ii,Great American,7,"[7, 0, 0, 0]",,,,,,,
401328660,2021,8,regular,2021-10-23T20:00:00.000Z,False,True,False,True,,3896,Rice-Totten Field,2400,Mississippi Valley State,fcs,SWAC,28,"[0, 0, 14, 14]",,,,50,Florida A&M,fcs,SWAC,31,"[3, 7, 14, 7]",,,,,,,
401282240,2021,8,regular,2021-10-23T20:00:00.000Z,False,True,False,False,13454,3825,DATCU Stadium,249,North Texas,fbs,Conference USA,26,"[7, 13, 6, 0]",0.8948625326156616,1146,1168,2335,Liberty,fbs,FBS Independents,35,"[0, 14, 14, 7]",0.10513746738433838,1676,1654,5.692196051347671,,,
401301028,2021,8,regular,2021-10-23T20:00:00.000Z,False,True,False,True,22925,4728,TDECU Stadium,248,Houston,fbs,American Athletic,31,"[17, 7, 0, 0, 7]",0.8640035390853882,1669,1668,151,East Carolina,fbs,American Athletic,24,"[10, 0, 0, 14, 0]",0.13599646091461182,1480,1481,6.450189853307558,,,
401282115,2021,8,regular,2021-10-23T20:00:00.000Z,False,True,False,True,22036,3973,FirstBank Stadium,238,Vanderbilt,fbs,SEC,6,"[0, 3, 3, 0]",0.07534022629261017,1091,1032,344,Mississippi State,fbs,SEC,45,"[10, 14, 7, 14]",0.9246597737073898,1524,1583,2.8584978894706747,,,
401329647,2021,8,regular,2021-10-23T20:00:00.000Z,False,True,False,True,,3926,Setzler Field,2444,Newberry,ii,South Atlantic,34,"[14, 3, 3, 14]",,,,2105,Carson Newman,ii,South Atlantic,3,"[3, 0, 0, 0]",,,,,,,
401328602,2021,8,regular,2021-10-23T20:00:00.000Z,False,True,False,True,,3963,Harry Turpin Stadium,2466,Northwestern State,fcs,Southland,14,"[7, 0, 0, 7]",,,,2545,SE Louisiana,fcs,Southland,51,"[7, 14, 10, 20]",,,,,,,
401329030,2021,8,regular,2021-10-23T20:00:00.000Z,False,True,False,True,,4852,Neta and Eddie DeRose ThunderBowl,2570,CSU Pueblo,ii,Rocky Mountain,35,"[7, 14, 14, 0]",,,,2001,Adams State,ii,Rocky Mountain,28,"[7, 7, 7, 7]",,,,,,,
401282664,2021,8,regular,2021-10-23T20:00:00.000Z,False,True,False,True,38202,3873,L&N Federal Credit Union Stadium,97,Louisville,fbs,ACC,28,"[7, 14, 0, 7]",0.9952327013015747,1527,1551,103,Boston College,fbs,ACC,14,"[7, 0, 0, 7]",0.004767298698425293,1477,1453,3.61114648553872,,,
401341493,2021,8,regular,2021-10-23T20:00:00.000Z,False,True,False,False,,7076,J.W. Babb Stadium,101784,Erskine,ii,Independent DII,47,"[7, 14, 17, 9]",,,,2019,Allen,ii,SIAC,40,"[12, 14, 6, 8]",,,,,,,
401329004,2021,8,regular,2021-10-23T21:00:00.000Z,False,True,False,True,,3957,Tiger Stadium (AL),2695,West Alabama,ii,Gulf South,30,"[3, 14, 6, 7]",,,,2170,Delta State,ii,Gulf South,35,"[14, 7, 14, 0]",,,,,,,
401329472,2021,8,regular,2021-10-23T21:00:00.000Z,False,True,False,True,,6055,Craig Field at Spratt Memorial Stadium,137,Missouri Western,ii,Mid America,14,"[0, 0, 7, 7]",,,,90,Pittsburg State,ii,Mid America,34,"[7, 17, 3, 7]",,,,,,,
401328474,2021,8,regular,2021-10-23T21:00:00.000Z,False,True,False,True,,7225,Polar Park,107,Holy Cross,fcs,Patriot,42,"[14, 7, 14, 7]",,,,2142,Colgate,fcs,Patriot,10,"[0, 10, 0, 0]",,,,,,,
401328575,2021,8,regular,2021-10-23T22:00:00.000Z,False,True,False,True,,4417,Five Star Stadium at the Moye Complex,2382,Mercer,fcs,Southern,45,"[14, 10, 7, 14]",,,,2747,Wofford,fcs,Southern,14,"[7, 7, 0, 0]",,,,,,,
401329687,2021,8,regular,2021-10-23T22:00:00.000Z,False,True,False,True,,6072,Schwan Regional Event Center,2587,Southwest Minnesota State,ii,Northern Sun,16,"[3, 0, 7, 6]",,,,2844,Wayne State (NE),ii,Northern Sun,38,"[14, 17, 7, 0]",,,,,,,
401329014,2021,8,regular,2021-10-23T22:00:00.000Z,False,True,False,True,,5888,University Stadium (GA),2698,West Georgia,ii,Gulf South,34,"[10, 10, 14, 0]",,,,2822,North Greenville,ii,Gulf South,12,"[3, 3, 0, 6]",,,,,,,
401328468,2021,8,regular,2021-10-23T23:00:00.000Z,False,True,False,True,,6064,Crain Family Stadium,319,Oklahoma Baptist,ii,Great American,43,"[3, 14, 14, 6, 6]",,,,199,Southeastern Oklahoma State,ii,Great American,37,"[6, 8, 7, 16, 0]",,,,,,,
401282237,2021,8,regular,2021-10-23T23:00:00.000Z,False,True,False,True,18314,3776,Joe Aillet Stadium,2348,Louisiana Tech,fbs,Conference USA,16,"[10, 0, 0, 6]",0.03908894583582878,1311,1262,2636,UTSA,fbs,Conference USA,45,"[7, 14, 7, 17]",0.9609110541641712,1571,1620,5.891754160806371,,,
401328580,2021,8,regular,2021-10-23T23:00:00.000Z,False,True,False,True,,4424,Husky Stadium,2277,Houston Christian,fcs,Southland,14,"[7, 7, 0, 0]",,,,2447,Nicholls,fcs,Southland,44,"[27, 3, 7, 7]",,,,,,,
401329098,2021,8,regular,2021-10-23T23:00:00.000Z,False,True,False,False,,5869,LeGrand Stadium at 1st Community Credit Union Field,2025,Angelo State,ii,Lone Star,51,"[15, 8, 14, 14]",,,,2829,Simon Fraser,ii,Great Northwest,10,"[0, 3, 7, 0]",,,,,,,
401328680,2021,8,regular,2021-10-23T23:00:00.000Z,False,True,False,True,,3599,Ace W. Mumford Stadium,2582,Southern,fcs,SWAC,21,"[0, 7, 7, 7]",,,,2504,Prairie View A&M,fcs,SWAC,48,"[7, 7, 17, 17]",,,,,,,
401282236,2021,8,regular,2021-10-23T23:00:00.000Z,False,True,False,True,,218,FIU Stadium,2229,Florida International,fbs,Conference USA,19,"[6, 6, 0, 7]",0.006508560910879603,1193,1180,98,Western Kentucky,fbs,Conference USA,34,"[0, 17, 7, 10]",0.9934914390891204,1422,1435,2.9601173491,,,
401282111,2021,8,regular,2021-10-23T23:00:00.000Z,False,True,False,True,100077,3657,Bryant-Denny Stadium,333,Alabama,fbs,SEC,52,"[7, 14, 3, 28]",0.9860982298851013,2192,2205,2633,Tennessee,fbs,SEC,24,"[14, 0, 3, 7]",0.013901770114898682,1636,1623,4.951091949416542,,,
401310724,2021,8,regular,2021-10-23T23:00:00.000Z,False,True,False,True,23887,3713,Falcon Stadium,2005,Air Force,fbs,Mountain West,14,"[0, 0, 7, 7]",0,1713,1696,21,San Diego State,fbs,Mountain West,20,"[3, 10, 7, 0]",1,1627,1644,3.4629162286335884,,,
401328026,2021,8,regular,2021-10-23T23:00:00.000Z,False,True,False,False,,3827,"Memorial Stadium (Stephenville, TX)",2627,Tarleton State,fcs,Western Athletic,17,"[0, 7, 0, 10]",,,,2395,Midwestern State,ii,Lone Star,14,"[0, 7, 0, 7]",,,,,,,
401329157,2021,8,regular,2021-10-23T23:00:00.000Z,False,True,False,True,,5884,Buffalo Stadium,2704,West Texas,ii,Lone Star,3,"[0, 0, 3, 0]",,,,2837,East Texas A&M,ii,Lone Star,15,"[5, 0, 10, 0]",,,,,,,
401310727,2021,8,regular,2021-10-23T23:00:00.000Z,False,True,False,True,33012,3660,Valley Children's Stadium,278,Fresno State,fbs,Mountain West,34,"[7, 7, 14, 6]",0.35291364789009094,1603,1603,2440,Nevada,fbs,Mountain West,32,"[3, 7, 6, 16]",0.6470863521099091,1546,1546,5.650559908428515,,,
401301029,2021,8,regular,2021-10-23T23:00:00.000Z,False,True,False,True,25430,3886,Raymond James Stadium,58,South Florida,fbs,American Athletic,34,"[0, 17, 10, 7]",1,1166,1209,218,Temple,fbs,American Athletic,14,"[0, 7, 7, 0]",0,1126,1083,3.754994563199627,,,
401327972,2021,8,regular,2021-10-23T23:00:00.000Z,False,True,False,True,,3882,Provost Umphrey Stadium,2320,Lamar,fcs,Western Athletic,38,"[7, 0, 16, 15]",,,,2110,Central Arkansas,fcs,AWC,49,"[21, 14, 14, 0]",,,,,,,
401309626,2021,8,regular,2021-10-23T23:00:00.000Z,False,True,False,True,11723,3817,Malone Stadium,2433,UL Monroe,fbs,Sun Belt,41,"[7, 17, 14, 3]",0.9915730357170105,985,1038,6,South Alabama,fbs,Sun Belt,31,"[7, 10, 14, 0]",0.008426964282989502,1420,1367,5.5380640541554405,,,
401330248,2021,8,regular,2021-10-23T23:00:00.000Z,False,True,False,True,,5917,Ratliff Stadium,110243,UT Permian Basin,ii,Lone Star,44,"[7, 10, 6, 21]",,,,2201,Eastern New Mexico,ii,Lone Star,21,"[0, 21, 0, 0]",,,,,,,
401282667,2021,8,regular,2021-10-23T23:30:00.000Z,False,True,False,True,45837,3923,Scott Stadium,258,Virginia,fbs,ACC,48,"[7, 17, 17, 7]",0.8680263161659241,1622,1622,59,Georgia Tech,fbs,ACC,40,"[13, 3, 8, 16]",0.13197368383407593,1426,1426,4.651559104670063,,,
401282665,2021,8,regular,2021-10-23T23:30:00.000Z,False,True,False,True,43293,3948,Hard Rock Stadium,2390,Miami,fbs,ACC,31,"[7, 7, 10, 7]",0.870055615901947,1519,1523,152,NC State,fbs,ACC,30,"[3, 14, 3, 10]",0.12994438409805298,1627,1623,6.681645214097043,,,
401287927,2021,8,regular,2021-10-23T23:30:00.000Z,False,True,False,True,37288,3616,Amon G. Carter Stadium,2628,TCU,fbs,Big 12,17,"[7, 10, 0, 0]",0.06903497874736786,1640,1598,277,West Virginia,fbs,Big 12,29,"[10, 10, 3, 6]",0.9309650212526321,1480,1522,5.284184195601835,,,
401328052,2021,8,regular,2021-10-23T23:30:00.000Z,False,True,False,True,,3791,Kibbie Dome,70,Idaho,fcs,Big Sky,14,"[7, 0, 0, 7]",,,,149,Montana,fcs,Big Sky,34,"[7, 13, 7, 7]",,,,,,,
401282730,2021,8,regular,2021-10-23T23:30:00.000Z,False,True,False,True,52656,3830,"Memorial Stadium (Bloomington, IN)",84,Indiana,fbs,Big Ten,7,"[7, 0, 0, 0]",0.0034576987382024527,1536,1464,194,Ohio State,fbs,Big Ten,54,"[14, 30, 7, 3]",0.9965423012617975,2064,2136,2.9543817161100994,,,
401282709,2021,8,regular,2021-10-23T23:30:00.000Z,False,True,False,False,77622,3855,Notre Dame Stadium,87,Notre Dame,fbs,FBS Independents,31,"[7, 10, 7, 7]",0.9238286018371582,1808,1822,30,USC,fbs,Pac-12,16,"[0, 3, 0, 13]",0.0761713981628418,1612,1598,2.9645641230911006,,,
401309880,2021,8,regular,2021-10-23T23:30:00.000Z,False,True,False,True,30203,3893,Reser Stadium,204,Oregon State,fbs,Pac-12,42,"[7, 7, 21, 7]",0.9550470113754272,1528,1552,254,Utah,fbs,Pac-12,34,"[14, 10, 7, 3]",0.044952988624572754,1713,1689,5.946440290519519,,,
401282114,2021,8,regular,2021-10-23T23:30:00.000Z,False,True,False,True,103889,3795,Kyle Field,245,Texas A&M,fbs,SEC,44,"[14, 17, 10, 3]",0.9924936294555664,1777,1809,2579,South Carolina,fbs,SEC,14,"[0, 0, 0, 14]",0.007506370544433594,1353,1321,2.5601123199637774,,,
401328033,2021,8,regular,2021-10-24T00:00:00.000Z,False,True,False,True,,1027,Alex G. Spanos Stadium,13,Cal Poly,fcs,Big Sky,13,"[0, 7, 6, 0]",,,,302,UC Davis,fcs,Big Sky,24,"[0, 10, 14, 0]",,,,,,,
401328629,2021,8,regular,2021-10-24T00:00:00.000Z,False,True,False,True,,3631,BBVA Compass Stadium,2640,Texas Southern,fcs,SWAC,27,"[7, 10, 3, 7]",,,,2016,Alcorn State,fcs,SWAC,44,"[13, 7, 7, 17]",,,,,,,
401328082,2021,8,regular,2021-10-24T00:00:00.000Z,False,True,False,True,,3706,Eccles Coliseum,253,Southern Utah,fcs,Big Sky,9,"[3, 0, 3, 3]",,,,2458,Northern Colorado,fcs,Big Sky,17,"[7, 3, 0, 7]",,,,,,,
401328078,2021,8,regular,2021-10-24T01:00:00.000Z,False,True,False,True,,3757,Hornet Stadium,16,Sacramento State,fcs,Big Sky,44,"[3, 34, 0, 7]",,,,2464,Northern Arizona,fcs,Big Sky,0,"[0, 0, 0, 0]",,,,,,,
401327983,2021,8,regular,2021-10-24T01:00:00.000Z,False,True,False,True,,3745,Greater Zion Stadium,3101,Utah Tech,fcs,Western Athletic,20,"[0, 3, 7, 10]",,,,2617,Stephen F. Austin,fcs,Western Athletic,37,"[7, 13, 7, 10]",,,,,,,
401329053,2021,8,regular,2021-10-24T01:00:00.000Z,False,True,False,True,,5879,Tomlinson Stadium,2120,Central Washington,ii,Great Northwest,53,"[3, 8, 14, 28]",,,,2848,Western Oregon,ii,Great Northwest,21,"[7, 0, 0, 14]",,,,,,,
401310728,2021,8,regular,2021-10-24T03:59:00.000Z,False,True,False,False,1000,3610,Aloha Stadium,62,Hawai'i,fbs,Mountain West,48,"[10, 14, 10, 14]",0.991405189037323,1357,1365,166,New Mexico State,fbs,FBS Independents,34,"[3, 10, 14, 7]",0.008594810962677002,1114,1106,4.300877561562857,,,
401334778,2021,9,regular,2021-10-28T23:00:00.000Z,False,True,False,True,,5121,University of Charleston Stadium,2128,Charleston (WV),ii,Mountain East,45,"[21, 3, 14, 7]",,,,455,West Virginia Wesleyan,ii,Mountain East,6,"[0, 0, 0, 6]",,,,,,,
401301033,2021,9,regular,2021-10-28T23:30:00.000Z,False,True,False,True,32015,3699,Dowdy-Ficklen Stadium,151,East Carolina,fbs,American Athletic,29,"[0, 6, 13, 10]",0.9693949818611145,1481,1489,58,South Florida,fbs,American Athletic,14,"[0, 14, 0, 0]",0.030605018138885498,1209,1201,4.647576529163018,,,
401309627,2021,9,regular,2021-10-28T23:30:00.000Z,False,True,False,True,11689,3654,Brooks Stadium (SC),324,Coastal Carolina,fbs,Sun Belt,35,"[7, 14, 7, 7]",0.9485071301460266,1815,1802,2653,Troy,fbs,Sun Belt,28,"[7, 7, 7, 7]",0.05149286985397339,1381,1394,4.268357929490516,,,
401328254,2021,9,regular,2021-10-29T23:00:00.000Z,False,True,False,True,,3921,Schoellkopf Field,172,Cornell,fcs,Ivy,16,"[0, 10, 0, 6]",,,,163,Princeton,fcs,Ivy,34,"[14, 13, 7, 0]",,,,,,,
401301030,2021,9,regular,2021-10-29T23:30:00.000Z,False,True,False,True,16279,3674,Chapman Stadium,202,Tulsa,fbs,American Athletic,17,"[0, 3, 7, 7]",0.20045948028564453,1413,1402,2426,Navy,fbs,American Athletic,20,"[0, 3, 7, 10]",0.7995405197143555,1305,1316,5.592650551335084,,,
401310734,2021,9,regular,2021-10-30T02:00:00.000Z,False,True,False,True,28960,3816,Mackay Stadium,2440,Nevada,fbs,Mountain West,51,"[10, 10, 21, 10]",0.9944214224815369,1546,1587,2439,UNLV,fbs,Mountain West,20,"[0, 0, 7, 13]",0.005578577518463135,1188,1147,1.6975672455722133,,,
401328730,2021,9,regular,2021-10-30T16:00:00.000Z,False,True,False,True,,5934,Farmers Insurance Athletic Complex,110254,Davenport,ii,GLIAC,3,"[3, 0, 0, 0]",,,,129,Saginaw Valley State,ii,GLIAC,24,"[0, 17, 7, 0]",,,,,,,
401329198,2021,9,regular,2021-10-30T16:00:00.000Z,False,True,False,True,,4437,"Memorial Stadium (Clarion, PA)",2134,Clarion,ii,Pennsylvania State Athletic,20,"[0, 14, 0, 6]",,,,2385,Mercyhurst,ii,Pennsylvania State Athletic,38,"[0, 21, 10, 7]",,,,,,,
401328136,2021,9,regular,2021-10-30T16:00:00.000Z,False,True,False,True,,3777,Joe Walton Stadium,2523,Robert Morris,fcs,Big South,38,"[7, 6, 7, 18]",,,,2261,Hampton,fcs,Big South,35,"[7, 14, 7, 7]",,,,,,,
401301031,2021,9,regular,2021-10-30T16:00:00.000Z,False,True,False,True,19595,3806,Lincoln Financial Field,218,Temple,fbs,American Athletic,7,"[0, 0, 0, 7]",0.0030495275277644396,1083,1025,2116,UCF,fbs,American Athletic,49,"[7, 14, 21, 7]",0.9969504724722356,1594,1652,3.704466927824194,,,
401334766,2021,9,regular,2021-10-30T16:00:00.000Z,False,True,False,True,,6212,Bishop Schmitt Field,112335,Wheeling,ii,Mountain East,15,"[9, 0, 0, 6]",,,,2148,Concord,ii,Mountain East,14,"[0, 14, 0, 0]",,,,,,,
401309578,2021,9,regular,2021-10-30T16:00:00.000Z,False,True,False,True,13163,3965,UB Stadium,2084,Buffalo,fbs,Mid-American,44,"[0, 10, 13, 21]",0.022423161193728447,1535,1450,189,Bowling Green,fbs,Mid-American,56,"[14, 14, 0, 28]",0.9775768388062716,995,1080,10.59894763193481,,,
401282719,2021,9,regular,2021-10-30T16:00:00.000Z,False,True,False,True,36942,3832,"Memorial Stadium (Champaign, IL)",356,Illinois,fbs,Big Ten,14,"[0, 14, 0, 0]",0.8190875585359639,1362,1355,164,Rutgers,fbs,Big Ten,20,"[7, 3, 0, 10]",0.18091244146403607,1417,1424,6.3118475972,,,
401328244,2021,9,regular,2021-10-30T16:00:00.000Z,False,True,False,True,,3997,Yale Bowl,43,Yale,fcs,Ivy,37,"[6, 8, 16, 7]",,,,171,Columbia,fcs,Ivy,30,"[7, 13, 3, 7]",,,,,,,
401287929,2021,9,regular,2021-10-30T16:00:00.000Z,False,True,False,True,45834,4727,McLane Stadium,239,Baylor,fbs,Big 12,31,"[10, 0, 7, 14]",0.8215550184249878,1676,1696,251,Texas,fbs,Big 12,24,"[14, 0, 7, 3]",0.1784449815750122,1849,1829,7.471754321120702,,,
401282777,2021,9,regular,2021-10-30T16:00:00.000Z,False,True,False,True,76549,3936,Spartan Stadium,127,Michigan State,fbs,Big Ten,37,"[0, 14, 8, 15]",0.5188539624214172,1615,1626,130,Michigan,fbs,Big Ten,33,"[10, 13, 7, 3]",0.48114603757858276,1881,1870,8.044866192088275,,,
401301032,2021,9,regular,2021-10-30T16:00:00.000Z,False,True,False,True,17012,4729,Yulman Stadium,2655,Tulane,fbs,American Athletic,12,"[0, 12, 0, 0]",0.05317463353276253,1338,1350,2132,Cincinnati,fbs,American Athletic,31,"[7, 7, 7, 10]",0.9468253664672375,1951,1939,4.212864802090111,,,
401329005,2021,9,regular,2021-10-30T16:00:00.000Z,False,True,False,True,,6061,Younts Stadium,2822,North Greenville,ii,Gulf South,14,"[0, 0, 7, 7]",,,,2695,West Alabama,ii,Gulf South,31,"[3, 21, 7, 0]",,,,,,,
401282763,2021,9,regular,2021-10-30T16:00:00.000Z,False,True,False,True,74209,347,Camp Randall Stadium,275,Wisconsin,fbs,Big Ten,27,"[7, 13, 0, 7]",1,1725,1784,2294,Iowa,fbs,Big Ten,7,"[0, 0, 7, 0]",0,1839,1780,2.495619123378253,,,
401282726,2021,9,regular,2021-10-30T16:00:00.000Z,False,True,False,True,32308,3665,SECU Stadium,120,Maryland,fbs,Big Ten,38,"[14, 0, 14, 10]",0.489163339138031,1313,1316,84,Indiana,fbs,Big Ten,35,"[0, 10, 7, 18]",0.510836660861969,1464,1461,5.552109455852431,,,
401329416,2021,9,regular,2021-10-30T16:00:00.000Z,False,True,False,True,,4441,McConnell Family Stadium,367,Gannon,ii,Pennsylvania State Athletic,21,"[0, 14, 7, 0]",,,,215,Slippery Rock,ii,Pennsylvania State Athletic,63,"[21, 14, 14, 14]",,,,,,,
401286297,2021,9,regular,2021-10-30T16:00:00.000Z,False,True,False,False,16577,3992,Williams Stadium (VA),2335,Liberty,fbs,FBS Independents,62,"[21, 20, 7, 14]",0.989964485168457,1654,1684,113,Massachusetts,fbs,FBS Independents,17,"[3, 0, 7, 7]",0.010035514831542969,826,796,2.430539731456801,,,
401309631,2021,9,regular,2021-10-30T16:00:00.000Z,False,True,False,True,28794,3666,Cajun Field,309,Louisiana,fbs,Sun Belt,45,"[0, 17, 18, 10]",0.9893006086349487,1723,1786,326,Texas State,fbs,Sun Belt,0,"[0, 0, 0, 0]",0.01069939136505127,1191,1128,2.883070643077169,,,
401328266,2021,9,regular,2021-10-30T16:00:00.000Z,False,True,False,True,,3750,Harvard Stadium,108,Harvard,fcs,Ivy,17,"[0, 7, 7, 3]",,,,159,Dartmouth,fcs,Ivy,20,"[0, 10, 7, 3]",,,,,,,
401329438,2021,9,regular,2021-10-30T16:00:00.000Z,False,True,False,True,,6063,Mueller Field,587,Notre Dame College,ii,Mountain East,45,"[14, 10, 14, 7]",,,,2986,Fairmont State,ii,Mountain East,0,"[0, 0, 0, 0]",,,,,,,
401282671,2021,9,regular,2021-10-30T16:00:00.000Z,False,True,False,True,35543,721,Bobby Dodd Stadium,59,Georgia Tech,fbs,ACC,17,"[7, 0, 10, 0]",0.013739733956754208,1426,1416,259,Virginia Tech,fbs,ACC,26,"[14, 6, 3, 3]",0.9862602660432458,1523,1533,5.070685772784474,,,
401332015,2021,9,regular,2021-10-30T16:00:00.000Z,False,True,False,True,,3718,Tom Benson Hall of Fame Stadium,2682,Walsh,ii,Great Midwest Athletic,0,"[0, 0, 0, 0]",,,,2224,Findlay,ii,Great Midwest Athletic,49,"[7, 14, 7, 21]",,,,,,,
401328489,2021,9,regular,2021-10-30T16:00:00.000Z,False,True,False,True,,3741,Goodman Stadium,2329,Lehigh,fcs,Patriot,12,"[3, 0, 9, 0]",,,,107,Holy Cross,fcs,Patriot,31,"[0, 14, 0, 17]",,,,,,,
401334774,2021,9,regular,2021-10-30T16:00:00.000Z,False,True,False,True,,5886,West Family Stadium,2699,West Liberty,ii,Mountain East,17,"[0, 10, 7, 0]",,,,2882,UNC Pembroke,ii,Mountain East,27,"[7, 7, 0, 13]",,,,,,,
401282674,2021,9,regular,2021-10-30T16:00:00.000Z,False,True,False,True,46977,3752,Acrisure Stadium,221,Pittsburgh,fbs,ACC,34,"[10, 7, 14, 3]",0.5327795147895813,1745,1723,2390,Miami,fbs,ACC,38,"[21, 10, 7, 0]",0.4672204852104187,1523,1545,7.351178687496485,,,
401347699,2021,9,regular,2021-10-30T16:00:00.000Z,False,True,False,True,,6066,Pace Stadium,2487,Pace,ii,Northeast 10,8,"[0, 0, 8, 0]",,,,284,Stonehill,ii,Northeast 10,19,"[9, 0, 7, 3]",,,,,,,
401328482,2021,9,regular,2021-10-30T16:30:00.000Z,False,True,False,True,,3847,Cooper Field,46,Georgetown,fcs,Patriot,23,"[17, 3, 3, 0]",,,,322,Lafayette,fcs,Patriot,24,"[7, 7, 7, 3]",,,,,,,
401328235,2021,9,regular,2021-10-30T17:00:00.000Z,False,True,False,True,,717,Villanova Stadium,222,Villanova,fcs,CAA,18,"[3, 0, 0, 15]",,,,2729,William & Mary,fcs,CAA,31,"[7, 10, 7, 7]",,,,,,,
401330261,2021,9,regular,2021-10-30T17:00:00.000Z,False,True,False,True,,6074,Grappone Stadium,2830,Saint Anselm,ii,Northeast 10,21,"[7, 7, 7, 0]",,,,2022,American International,ii,Northeast 10,16,"[10, 0, 0, 6]",,,,,,,
401328219,2021,9,regular,2021-10-30T17:00:00.000Z,False,True,False,True,,6068,George Williams Athletic Complex,2551,Shaw,ii,CIAA,38,"[0, 10, 7, 21]",,,,2736,Winston-Salem State,ii,CIAA,14,"[0, 14, 0, 0]",,,,,,,
401334784,2021,9,regular,2021-10-30T17:00:00.000Z,False,True,False,True,,5876,Bentley University Football Stadium,2060,Bentley,ii,Northeast 10,24,"[3, 7, 7, 7]",,,,112334,Franklin Pierce,ii,Northeast 10,14,"[0, 7, 0, 7]",,,,,,,
401328933,2021,9,regular,2021-10-30T17:00:00.000Z,False,True,False,True,,3960,Top Taggart Field,2222,Ferris State,ii,GLIAC,44,"[7, 13, 10, 14]",,,,128,Northern Michigan,ii,GLIAC,24,"[3, 0, 7, 14]",,,,,,,
401329691,2021,9,regular,2021-10-30T17:00:00.000Z,False,True,False,True,,6030,Harms-Eischeid Stadium,389,Upper Iowa,ii,Northern Sun,42,"[7, 21, 7, 0, 7]",,,,2844,Wayne State (NE),ii,Northern Sun,41,"[7, 7, 14, 7, 6]",,,,,,,
401329391,2021,9,regular,2021-10-30T17:00:00.000Z,False,True,False,True,,5785,Dickerson Stadium,2707,West Virginia State,ii,Mountain East,38,"[10, 7, 0, 21]",,,,2249,Glenville State,ii,Mountain East,27,"[7, 3, 10, 7]",,,,,,,
401329137,2021,9,regular,2021-10-30T17:00:00.000Z,False,True,False,True,,4749,McPherson Memorial Stadium,2119,Central State,ii,SIAC,14,"[6, 8, 0, 0]",,,,2323,Lane College,ii,SIAC,16,"[0, 0, 3, 13]",,,,,,,
401337370,2021,9,regular,2021-10-30T17:00:00.000Z,False,True,False,True,,3627,Bailey Memorial Stadium,2506,Presbyterian,fcs,Pioneer,14,"[0, 0, 14, 0]",,,,56,Stetson,fcs,Pioneer,56,"[14, 14, 21, 7]",,,,,,,
401328273,2021,9,regular,2021-10-30T17:00:00.000Z,False,True,False,True,,3730,Franklin Field,219,Pennsylvania,fcs,Ivy,45,"[14, 17, 7, 7]",,,,225,Brown,fcs,Ivy,17,"[7, 3, 0, 7]",,,,,,,
401329329,2021,9,regular,2021-10-30T17:00:00.000Z,False,True,False,True,,6048,Duane Stadium,2771,Merrimack,fcs,NEC,21,"[0, 7, 7, 7]",,,,2115,Central Connecticut,fcs,NEC,49,"[14, 28, 7, 0]",,,,,,,
401328208,2021,9,regular,2021-10-30T17:00:00.000Z,False,True,False,True,,3688,Wildcat Stadium,160,New Hampshire,fcs,CAA,21,"[0, 14, 7, 0]",,,,257,Richmond,fcs,CAA,35,"[7, 10, 0, 18]",,,,,,,
401327984,2021,9,regular,2021-10-30T17:00:00.000Z,False,True,False,False,,3695,Delaware Stadium,48,Delaware,fcs,CAA,17,"[7, 10, 0, 0]",,,,3101,Utah Tech,fcs,Western Athletic,10,"[0, 7, 3, 0]",,,,,,,
401329045,2021,9,regular,2021-10-30T17:00:00.000Z,False,True,False,True,,3606,Scheels Field at Nemzek Stadium,2817,Minnesota St Moorhead,ii,Northern Sun,27,"[0, 10, 6, 11]",,,,425,Northern State,ii,Northern Sun,33,"[7, 3, 17, 6]",,,,,,,
401328475,2021,9,regular,2021-10-30T17:00:00.000Z,False,True,False,True,,3617,Andy Kerr Stadium,2142,Colgate,fcs,Patriot,33,"[0, 7, 13, 13]",,,,2083,Bucknell,fcs,Patriot,10,"[0, 3, 0, 7]",,,,,,,
401332313,2021,9,regular,2021-10-30T17:00:00.000Z,False,True,False,True,,6043,Bethpage Federal Credit Union Stadium,2341,Long Island University,fcs,NEC,28,"[7, 7, 7, 7]",,,,2681,Wagner,fcs,NEC,14,"[7, 7, 0, 0]",,,,,,,
401331761,2021,9,regular,2021-10-30T17:00:00.000Z,False,True,False,True,,5122,Shuford Stadium,2107,Catawba,ii,South Atlantic,31,"[21, 10, 0, 0]",,,,2839,Tusculum,ii,South Atlantic,28,"[7, 0, 7, 14]",,,,,,,
401328596,2021,9,regular,2021-10-30T17:00:00.000Z,False,True,False,True,,3779,Manning Field at John L. Guidry Stadium,2447,Nicholls,fcs,Southland,42,"[7, 21, 14, 0]",,,,2466,Northwestern State,fcs,Southland,21,"[0, 14, 0, 7]",,,,,,,
401332029,2021,9,regular,2021-10-30T17:00:00.000Z,False,True,False,True,,4421,Multi-Sport Performance Stadium,2017,Alderson-Broaddus,ii,Mountain East,7,"[7, 0, 0, 0]",,,,341,Frostburg State,ii,Mountain East,45,"[7, 17, 7, 14]",,,,,,,
401328114,2021,9,regular,2021-10-30T17:00:00.000Z,False,True,False,True,,3658,Buccaneer Field,2127,Charleston Southern,fcs,Big South,27,"[10, 3, 7, 7]",,,,2097,Campbell,fcs,Big South,14,"[0, 0, 0, 14]",,,,,,,
401328930,2021,9,regular,2021-10-30T17:00:00.000Z,False,True,False,True,,6058,Ralph F. DellaCamera Stadium,2441,New Haven,ii,Northeast 10,16,"[7, 0, 7, 2]",,,,2038,Assumption,ii,Northeast 10,10,"[3, 0, 7, 0]",,,,,,,
401328720,2021,9,regular,2021-10-30T17:00:00.000Z,False,True,False,True,,3770,Jack Miller Stadium,308,Ashland,ii,Great Midwest Athletic,28,"[12, 10, 3, 3]",,,,2273,Hillsdale,ii,Great Midwest Athletic,17,"[0, 0, 7, 10]",,,,,,,
401328154,2021,9,regular,2021-10-30T17:00:00.000Z,False,True,False,True,,3603,Aggie Stadium,2448,North Carolina A&T,fcs,Big South,16,"[0, 16, 0, 0]",,,,2405,Monmouth,fcs,Big South,35,"[14, 7, 7, 7]",,,,,,,
401328711,2021,9,regular,2021-10-30T17:00:00.000Z,False,True,False,True,,6077,Stokes Stadium,2654,Truman State,ii,Great Lakes,49,"[14, 14, 14, 7]",,,,2825,Quincy,ii,Great Lakes,28,"[0, 0, 14, 14]",,,,,,,
401328129,2021,9,regular,2021-10-30T17:00:00.000Z,False,True,False,True,,4899,Fifth Third Stadium,338,Kennesaw State,fcs,Big South,34,"[0, 10, 14, 10]",,,,2241,Gardner-Webb,fcs,Big South,30,"[3, 7, 7, 13]",,,,,,,
401348194,2021,9,regular,2021-10-30T17:00:00.000Z,False,True,False,False,,7076,J.W. Babb Stadium,101784,Erskine,ii,Independent DII,10,"[0, 3, 0, 7]",,,,2444,Newberry,ii,South Atlantic,48,"[6, 14, 21, 7]",,,,,,,
401328504,2021,9,regular,2021-10-30T17:00:00.000Z,False,True,False,True,,3988,Welcome Stadium,2168,Dayton,fcs,Pioneer,38,"[7, 17, 14, 0]",,,,2086,Butler,fcs,Pioneer,31,"[7, 0, 17, 7]",,,,,,,
401328201,2021,9,regular,2021-10-30T17:00:00.000Z,False,True,False,True,,3824,Meade Stadium,227,Rhode Island,fcs,CAA,24,"[3, 0, 14, 7]",,,,311,Maine,fcs,CAA,45,"[14, 10, 7, 14]",,,,,,,
401327922,2021,9,regular,2021-10-30T17:00:00.000Z,False,True,False,True,,3808,Lincoln University Stadium,2339,Lincoln (PA),ii,CIAA,7,"[0, 0, 7, 0]",,,,2075,Bowie State,ii,CIAA,31,"[14, 7, 7, 3]",,,,,,,
401327932,2021,9,regular,2021-10-30T17:00:00.000Z,False,True,False,True,,5941,Roebuck Stadium,2207,Elizabeth City State,ii,CIAA,14,"[0, 0, 7, 7]",,,,2676,Virginia Union,ii,CIAA,44,"[13, 21, 3, 7]",,,,,,,
401328106,2021,9,regular,2021-10-30T17:00:00.000Z,False,True,False,True,,6041,Irwin Belk Complex,2304,Johnson C. Smith,ii,CIAA,34,"[7, 7, 14, 6]",,,,395,St. Augustine's,ii,CIAA,13,"[0, 7, 0, 6]",,,,,,,
401329369,2021,9,regular,2021-10-30T17:05:00.000Z,False,True,False,True,,4439,Eiler-Martin Stadium,2188,East Stroudsburg,ii,Pennsylvania State Athletic,23,"[10, 13, 0, 0]",,,,2559,Shippensburg,ii,Pennsylvania State Athletic,24,"[7, 7, 0, 10]",,,,,,,
401328565,2021,9,regular,2021-10-30T17:30:00.000Z,False,True,False,True,,3597,Alumni Memorial Field,2678,VMI,fcs,Southern,46,"[7, 13, 14, 12]",,,,2535,Samford,fcs,Southern,45,"[10, 28, 7, 0]",,,,,,,
401328541,2021,9,regular,2021-10-30T17:30:00.000Z,False,True,False,True,,3720,Finley Stadium,236,Chattanooga,fcs,Southern,13,"[7, 0, 3, 3]",,,,231,Furman,fcs,Southern,3,"[0, 0, 3, 0]",,,,,,,
401328572,2021,9,regular,2021-10-30T17:30:00.000Z,False,True,False,True,,3737,Gibbs Stadium,2747,Wofford,fcs,Southern,21,"[0, 7, 0, 14]",,,,2717,Western Carolina,fcs,Southern,41,"[10, 24, 7, 0]",,,,,,,
401329382,2021,9,regular,2021-10-30T18:00:00.000Z,False,True,False,True,,6067,Carnie Smith Stadium,90,Pittsburg State,ii,Mid America,26,"[10, 13, 3, 0]",,,,2122,Central Oklahoma,ii,Mid America,20,"[7, 0, 0, 13]",,,,,,,
401329311,2021,9,regular,2021-10-30T18:00:00.000Z,False,True,False,True,,5883,Marv Kay Stadium at Campbell Field,2146,Colorado School of Mines,ii,Rocky Mountain,34,"[14, 13, 7, 0]",,,,2123,Chadron State,ii,Rocky Mountain,7,"[0, 0, 0, 7]",,,,,,,
401329401,2021,9,regular,2021-10-30T18:00:00.000Z,False,True,False,True,,5890,Lewis Field Stadium,2231,Fort Hays,ii,Mid America,12,"[0, 3, 3, 6]",,,,2214,Emporia State,ii,Mid America,15,"[0, 0, 0, 15]",,,,,,,
401329502,2021,9,regular,2021-10-30T18:00:00.000Z,False,True,False,True,,6034,Yager Stadium at Moore Bowl,2687,Washburn,ii,Mid America,35,"[7, 7, 14, 7]",,,,196,Northeastern State,ii,Mid America,0,"[0, 0, 0, 0]",,,,,,,
401328687,2021,9,regular,2021-10-30T18:00:00.000Z,False,True,False,True,,3609,Allgood-Bailey Stadium,2402,Missouri S&T,ii,Great Lakes,31,"[0, 7, 7, 17]",,,,2292,Indianapolis,ii,Great Lakes,28,"[0, 14, 14, 0]",,,,,,,
401287933,2021,9,regular,2021-10-30T18:00:00.000Z,False,True,False,True,45613,3842,Milan Puskar Stadium,277,West Virginia,fbs,Big 12,38,"[14, 3, 7, 14]",0.4533877670764923,1522,1554,66,Iowa State,fbs,Big 12,31,"[14, 3, 14, 0]",0.5466122329235077,1888,1856,6.3245471615882245,,,
401328952,2021,9,regular,2021-10-30T18:00:00.000Z,False,True,False,True,,5945,Wildcat Stadium (GA),2232,Fort Valley State,ii,SIAC,6,"[0, 0, 6, 0]",,,,2542,Savannah State,ii,SIAC,24,"[7, 14, 3, 0]",,,,,,,
401282246,2021,9,regular,2021-10-30T18:00:00.000Z,False,True,False,True,17354,3895,Rice Stadium,242,Rice,fbs,Conference USA,24,"[0, 3, 7, 14, 0]",0.48643551652443234,1140,1131,249,North Texas,fbs,Conference USA,30,"[3, 7, 7, 7, 6]",0.5135644834755677,1168,1177,7.5481047701,,,
401329065,2021,9,regular,2021-10-30T18:00:00.000Z,False,True,False,True,,5872,Kirkeby-Over Stadium,2043,Augustana (SD),ii,Northern Sun,38,"[7, 10, 21, 0]",,,,2851,Winona State,ii,Northern Sun,20,"[0, 14, 0, 6]",,,,,,,
401329187,2021,9,regular,2021-10-30T18:00:00.000Z,False,True,False,True,,4435,Robert B. Redman Stadium,2071,Bloomsburg,ii,Pennsylvania State Athletic,18,"[6, 10, 2, 0]",,,,2974,Shepherd,ii,Pennsylvania State Athletic,62,"[14, 7, 13, 28]",,,,,,,
401332381,2021,9,regular,2021-10-30T18:00:00.000Z,False,True,False,True,,4747,Abbott Memorial Alumni Stadium,2657,Tuskegee,ii,SIAC,35,"[7, 14, 0, 14]",,,,2310,Kentucky State,ii,SIAC,42,"[7, 17, 7, 11]",,,,,,,
401328089,2021,9,regular,2021-10-30T18:00:00.000Z,False,True,False,True,,3813,"Luther ""Nick"" Jeralds Stadium",2220,Fayetteville State,ii,CIAA,34,"[6, 8, 7, 13]",,,,2940,Livingstone,ii,CIAA,0,"[0, 0, 0, 0]",,,,,,,
401329335,2021,9,regular,2021-10-30T18:00:00.000Z,False,True,False,True,,5944,Ray Dennison Memorial Field,2237,Fort Lewis,ii,Rocky Mountain,0,"[0, 0, 0, 0]",,,,2570,CSU Pueblo,ii,Rocky Mountain,73,"[13, 40, 13, 7]",,,,,,,
401329497,2021,9,regular,2021-10-30T18:00:00.000Z,False,True,False,True,,3641,Blakeslee Stadium,2364,Minnesota State,ii,Northern Sun,35,"[7, 0, 21, 7]",,,,2894,Sioux Falls,ii,Northern Sun,45,"[7, 24, 7, 7]",,,,,,,
401329688,2021,9,regular,2021-10-30T18:00:00.000Z,False,True,False,True,,5874,Chet Anderson Stadium,132,Bemidji State,ii,Northern Sun,48,"[14, 13, 21, 0]",,,,2587,Southwest Minnesota State,ii,Northern Sun,14,"[0, 7, 0, 7]",,,,,,,
401327965,2021,9,regular,2021-10-30T18:00:00.000Z,False,True,False,True,,3904,Rogers Stadium (VA),330,Virginia State,ii,CIAA,30,"[14, 6, 3, 7]",,,,2804,Chowan,ii,CIAA,38,"[7, 24, 7, 0]",,,,,,,
401332327,2021,9,regular,2021-10-30T18:00:00.000Z,False,True,False,True,,6052,Herb Parker Stadium,568,Minot State,ii,Northern Sun,21,"[0, 7, 0, 14]",,,,134,Minnesota Duluth,ii,Northern Sun,34,"[0, 7, 17, 10]",,,,,,,
401328613,2021,9,regular,2021-10-30T18:00:00.000Z,False,True,False,True,,4753,Greene Stadium,2911,William Jewell,ii,Great Lakes,10,"[0, 10, 0, 0]",,,,2815,Lindenwood,ii,Great Lakes Valley,53,"[20, 14, 13, 6]",,,,,,,
401328655,2021,9,regular,2021-10-30T18:00:00.000Z,False,True,False,True,,3878,Plaster Sports Complex,2586,Southwest Baptist,ii,Great Lakes,42,"[14, 7, 14, 7]",,,,2816,McKendree,ii,Great Lakes,45,"[3, 14, 6, 22]",,,,,,,
401327973,2021,9,regular,2021-10-30T18:00:00.000Z,False,True,False,True,,3662,AmFirst Stadium,55,Jacksonville State,fcs,AWC,14,"[0, 7, 7, 0]",,,,2110,Central Arkansas,fcs,AWC,38,"[14, 7, 0, 17]",,,,,,,
401327993,2021,9,regular,2021-10-30T18:00:00.000Z,False,True,False,True,,3908,Roy Kidd Stadium,2198,Eastern Kentucky,fcs,AWC,42,"[21, 21, 0, 0]",,,,2320,Lamar,fcs,Western Athletic,10,"[0, 7, 3, 0]",,,,,,,
401329207,2021,9,regular,2021-10-30T18:00:00.000Z,False,True,False,True,,4433,George P. Miller Stadium,2291,IU Pennsylvania,ii,Pennsylvania State Athletic,17,"[0, 6, 8, 3]",,,,2205,Edinboro,ii,Pennsylvania State Athletic,21,"[7, 0, 7, 7]",,,,,,,
401329083,2021,9,regular,2021-10-30T18:00:00.000Z,False,True,False,True,,6056,B.T. Harvey Stadium,60,Morehouse,ii,SIAC,10,[],,,,2013,Albany State,ii,SIAC,14,[],,,,,,,
401332388,2021,9,regular,2021-10-30T18:00:00.000Z,False,True,False,True,,7075,Electric Supply Company Field,122666,Barton,ii,Independent DII,62,"[3, 24, 28, 7]",,,,124180,Bluefield State,ii,Independent DII,7,"[0, 7, 0, 0]",,,,,,,
401329090,2021,9,regular,2021-10-30T18:00:00.000Z,False,True,False,True,,5881,CAU Panther Stadium,2805,Clark Atlanta,ii,SIAC,21,"[0, 7, 7, 7]",,,,490,Benedict,ii,SIAC,24,"[0, 7, 14, 3]",,,,,,,
401328418,2021,9,regular,2021-10-30T18:00:00.000Z,False,True,False,True,,7003,Houck Field,2546,Southeast Missouri State,fcs,OVC,38,"[0, 7, 17, 14]",,,,2197,Eastern Illinois,fcs,OVC,15,"[6, 3, 0, 6]",,,,,,,
401328523,2021,9,regular,2021-10-30T18:00:00.000Z,False,True,False,True,,3774,Jayne Stadium,2413,Morehead State,fcs,Pioneer,22,"[3, 5, 7, 7]",,,,2166,Davidson,fcs,Pioneer,29,"[0, 13, 3, 13]",,,,,,,
401328321,2021,9,regular,2021-10-30T18:00:00.000Z,False,True,False,True,,3862,O'Kelly-Riddick Stadium,2428,North Carolina Central,fcs,MEAC,24,"[7, 6, 3, 8]",,,,2569,South Carolina State,fcs,MEAC,27,"[7, 7, 13, 0]",,,,,,,
401328302,2021,9,regular,2021-10-30T18:00:00.000Z,False,True,False,True,,3991,"William Dick"""" Price Stadium""""",2450,Norfolk State,fcs,MEAC,31,"[0, 17, 7, 7]",,,,2415,Morgan State,fcs,MEAC,20,"[7, 6, 7, 0]",,,,,,,
401328165,2021,9,regular,2021-10-30T18:00:00.000Z,False,True,False,True,,3781,Johnny Unitas Stadium,119,Towson,fcs,CAA,38,"[3, 21, 7, 7]",,,,399,UAlbany,fcs,CAA,24,"[0, 0, 10, 14]",,,,,,,
401328518,2021,9,regular,2021-10-30T18:00:00.000Z,False,True,False,True,,5116,O'Shaughnessy Stadium,2900,St. Thomas (MN),fcs,Pioneer,27,"[13, 0, 7, 7]",,,,2368,Marist,fcs,Pioneer,7,"[0, 7, 0, 0]",,,,,,,
401328293,2021,9,regular,2021-10-30T18:00:00.000Z,False,True,False,True,,3613,Alumni Stadium,2169,Delaware State,fcs,MEAC,30,"[7, 13, 0, 10]",,,,47,Howard,fcs,MEAC,23,"[7, 3, 7, 6]",,,,,,,
401328072,2021,9,regular,2021-10-30T18:00:00.000Z,False,True,False,True,,3987,Washington-Grizzly Stadium,149,Montana,fcs,Big Sky,20,"[0, 10, 7, 3]",,,,253,Southern Utah,fcs,Big Sky,19,"[3, 13, 3, 0]",,,,,,,
401328188,2021,9,regular,2021-10-30T18:00:00.000Z,False,True,False,True,,3651,Bridgeforth Stadium,256,James Madison,fcs,CAA,45,"[7, 28, 10, 0]",,,,2210,Elon,fcs,CAA,21,"[7, 7, 0, 7]",,,,,,,
401328382,2021,9,regular,2021-10-30T18:00:00.000Z,False,True,False,True,,844,Stambaugh Stadium,2754,Youngstown State,fcs,MVFC,16,"[3, 0, 6, 7]",,,,2571,South Dakota State,fcs,MVFC,47,"[14, 3, 16, 14]",,,,,,,
401328551,2021,9,regular,2021-10-30T18:00:00.000Z,False,True,False,True,,3782,Johnson Hagood Stadium,2643,The Citadel,fcs,Southern,7,"[7, 0, 0, 0]",,,,2382,Mercer,fcs,Southern,34,"[0, 14, 3, 17]",,,,,,,
401329236,2021,9,regular,2021-10-30T18:05:00.000Z,False,True,False,True,,4432,Andre Reed Stadium,2315,Kutztown,ii,Pennsylvania State Athletic,30,"[9, 7, 7, 7]",,,,210,Millersville,ii,Pennsylvania State Athletic,7,"[0, 0, 0, 7]",,,,,,,
401329022,2021,9,regular,2021-10-30T19:00:00.000Z,False,True,False,True,,6053,Robinson-Hale Stadium,2401,Mississippi College,ii,Gulf South,28,[],,,,110242,West Florida,ii,Gulf South,63,[],,,,,,,
401328316,2021,9,regular,2021-10-30T19:00:00.000Z,False,True,False,True,,3875,Paul Laird Field,199,Southeastern Oklahoma State,ii,Great American,34,"[3, 14, 14, 3]",,,,2028,Arkansas Monticello,ii,Great American,14,"[0, 7, 0, 7]",,,,,,,
401329648,2021,9,regular,2021-10-30T19:00:00.000Z,False,True,False,True,,3663,Burke-Tarr Stadium,2105,Carson Newman,ii,South Atlantic,23,"[7, 10, 0, 6]",,,,2369,Mars Hill,ii,South Atlantic,49,"[7, 28, 7, 7]",,,,,,,
401309885,2021,9,regular,2021-10-30T19:00:00.000Z,False,True,False,True,46136,3947,Mountain America Stadium,9,Arizona State,fbs,Pac-12,21,"[0, 7, 0, 14]",0.8708311319351196,1715,1662,265,Washington State,fbs,Pac-12,34,"[14, 14, 0, 6]",0.12916886806488037,1483,1536,3.1581044826262117,,,
401329478,2021,9,regular,2021-10-30T19:00:00.000Z,False,True,False,True,,3769,Jack Britt Memorial Stadium,437,Lake Erie,ii,Great Midwest Athletic,38,"[7, 7, 14, 10]",,,,2316,Kentucky Wesleyan,ii,Great Midwest Athletic,28,"[14, 14, 0, 0]",,,,,,,
401310731,2021,9,regular,2021-10-30T19:00:00.000Z,False,True,False,True,19219,3905,Maverik Stadium,328,Utah State,fbs,Mountain West,51,"[14, 6, 21, 10]",0.9907729029655457,1344,1393,62,Hawai'i,fbs,Mountain West,31,"[0, 10, 15, 6]",0.009227097034454346,1365,1316,3.209649471724513,,,
401329348,2021,9,regular,2021-10-30T19:00:00.000Z,False,True,False,True,,6045,Dwight T. Reed Stadium,2876,Lincoln (MO),ii,Mid America,35,"[14, 0, 7, 14]",,,,2118,Central Missouri,ii,Mid America,77,"[28, 35, 7, 7]",,,,,,,
401329302,2021,9,regular,2021-10-30T19:00:00.000Z,False,True,False,True,,5877,Lyle Hare Stadium,2069,Black Hills State,ii,Rocky Mountain,10,"[0, 7, 3, 0]",,,,613,South Dakota Mines,ii,Rocky Mountain,13,"[0, 7, 0, 6]",,,,,,,
401328395,2021,9,regular,2021-10-30T19:00:00.000Z,False,True,False,True,,4763,Ranger Field,2823,Northwestern (OK),ii,Great American,14,"[0, 0, 7, 7]",,,,2264,Harding,ii,Great American,73,"[21, 24, 14, 14]",,,,,,,
401329130,2021,9,regular,2021-10-30T19:00:00.000Z,False,True,False,True,,3638,MDU Resources Community Bowl,559,University of Mary,ii,Northern Sun,42,"[7, 14, 14, 7]",,,,3066,Concordia St. Paul,ii,Northern Sun,17,"[0, 10, 0, 7]",,,,,,,
401329317,2021,9,regular,2021-10-30T19:00:00.000Z,False,True,False,True,,5782,Mountaineer Bowl,2714,Western Colorado,ii,Rocky Mountain,23,"[7, 7, 0, 9]",,,,11,Colorado Mesa,ii,Rocky Mountain,9,"[0, 3, 0, 6]",,,,,,,
401329459,2021,9,regular,2021-10-30T19:00:00.000Z,False,True,False,True,,6054,Fred G. Hughes Stadium,2403,Missouri Southern State,ii,Mid America,28,"[3, 11, 7, 7]",,,,137,Missouri Western,ii,Mid America,45,"[14, 3, 14, 14]",,,,,,,
401329031,2021,9,regular,2021-10-30T19:00:00.000Z,False,True,False,True,,6059,Sanchez Family Stadium,2424,New Mexico Highlands,ii,Rocky Mountain,58,"[14, 14, 20, 10]",,,,2001,Adams State,ii,Rocky Mountain,28,"[14, 7, 7, 0]",,,,,,,
401328401,2021,9,regular,2021-10-30T19:00:00.000Z,False,True,False,True,,5113,Ruggles Field at Carpenter-Haygood Stadium,2271,Henderson State,ii,Great American,34,"[10, 14, 10, 0]",,,,200,Southern Nazarene,ii,Great American,3,"[0, 3, 0, 0]",,,,,,,
401328942,2021,9,regular,2021-10-30T19:00:00.000Z,False,True,False,True,,3811,Lubbers Stadium,125,Grand Valley State,ii,GLIAC,14,"[7, 7, 0, 0]",,,,2392,Michigan Tech,ii,GLIAC,9,"[0, 0, 3, 6]",,,,,,,
401328997,2021,9,regular,2021-10-30T19:00:00.000Z,False,True,False,True,,5935,Parker Field at McCool Stadium,2170,Delta State,ii,Gulf South,14,"[0, 7, 0, 7]",,,,2560,Shorter,ii,Gulf South,13,"[13, 0, 0, 0]",,,,,,,
401282119,2021,9,regular,2021-10-30T19:00:00.000Z,False,True,False,True,19821,3973,FirstBank Stadium,238,Vanderbilt,fbs,SEC,28,"[7, 7, 7, 7]",0.007892520166933537,1032,1041,142,Missouri,fbs,SEC,37,"[10, 7, 7, 13]",0.9921074798330665,1380,1371,6.285214289502207,,,
401328352,2021,9,regular,2021-10-30T19:00:00.000Z,False,True,False,True,,5936,Koi Ishto Stadium,2191,East Central,ii,Great American,28,"[14, 7, 7, 0]",,,,2888,Ouachita Baptist,ii,Great American,43,"[0, 10, 13, 20]",,,,,,,
401329489,2021,9,regular,2021-10-30T19:00:00.000Z,False,True,False,True,,5134,Bearcat Stadium,138,Northwest Missouri State,ii,Mid America,66,"[18, 30, 6, 12]",,,,2438,Nebraska Kearney,ii,Mid America,13,"[7, 0, 6, 0]",,,,,,,
401328469,2021,9,regular,2021-10-30T19:00:00.000Z,False,True,False,True,,5891,Wilkins Stadium,2568,Southern Arkansas,ii,Great American,40,"[14, 10, 10, 6]",,,,319,Oklahoma Baptist,ii,Great American,44,"[7, 14, 3, 20]",,,,,,,
401328409,2021,9,regular,2021-10-30T19:00:00.000Z,False,True,False,True,,3748,Graham Stadium,2630,UT Martin,fcs,OVC,17,"[0, 0, 7, 10]",,,,2046,Austin Peay,fcs,OVC,16,"[6, 10, 0, 0]",,,,,,,
401328063,2021,9,regular,2021-10-30T19:00:00.000Z,False,True,False,True,,1930,Holt Arena,304,Idaho State,fcs,Big Sky,17,"[0, 10, 7, 0]",,,,2692,Weber State,fcs,Big Sky,40,"[10, 7, 10, 13]",,,,,,,
401332295,2021,9,regular,2021-10-30T19:00:00.000Z,False,True,False,True,,3623,Arthur J. Rooney Athletic Field,2184,Duquesne,fcs,NEC,10,"[7, 0, 0, 3]",,,,2598,Saint Francis,fcs,NEC,17,"[0, 0, 7, 10]",,,,,,,
401328637,2021,9,regular,2021-10-30T19:00:00.000Z,False,True,False,True,,3631,BBVA Compass Stadium,2640,Texas Southern,fcs,SWAC,59,"[14, 14, 10, 21]",,,,2029,Arkansas-Pine Bluff,fcs,SWAC,17,"[3, 0, 14, 0]",,,,,,,
401328083,2021,9,regular,2021-10-30T19:00:00.000Z,False,True,False,True,,3856,Nottingham Field,2458,Northern Colorado,fcs,Big Sky,24,"[0, 7, 10, 7]",,,,16,Sacramento State,fcs,Big Sky,27,"[10, 7, 3, 7]",,,,,,,
401328357,2021,9,regular,2021-10-30T19:00:00.000Z,False,True,False,True,,3878,Plaster Sports Complex,2623,Missouri State,fcs,MVFC,32,"[7, 3, 7, 15]",,,,155,North Dakota,fcs,MVFC,28,"[0, 7, 14, 7]",,,,,,,
401328621,2021,9,regular,2021-10-30T19:30:00.000Z,False,True,False,True,,3803,Legion Field,2010,Alabama A&M,fcs,SWAC,42,"[7, 14, 14, 7]",,,,2011,Alabama State,fcs,SWAC,28,"[0, 14, 7, 7]",,,,,,,
401328343,2021,9,regular,2021-10-30T19:30:00.000Z,False,True,False,True,,3714,Fargodome,2449,North Dakota State,fcs,MVFC,44,"[16, 14, 7, 7]",,,,282,Indiana State,fcs,MVFC,2,"[0, 0, 0, 2]",,,,,,,
401287931,2021,9,regular,2021-10-30T19:30:00.000Z,False,True,False,True,82732,3835,"Memorial Stadium (Norman, OK)",201,Oklahoma,fbs,Big 12,52,"[14, 14, 10, 14]",0.9015293121337891,1846,1888,2641,Texas Tech,fbs,Big 12,21,"[7, 0, 7, 7]",0.09847068786621094,1493,1451,3.231011095027742,,,
401282675,2021,9,regular,2021-10-30T19:30:00.000Z,False,True,False,True,32022,1964,JMA Wireless Dome,183,Syracuse,fbs,ACC,21,"[0, 0, 21, 0]",0.7343232035636902,1466,1496,103,Boston College,fbs,ACC,6,"[0, 3, 3, 0]",0.2656767964363098,1453,1423,4.473389981634797,,,
401282242,2021,9,regular,2021-10-30T19:30:00.000Z,False,True,False,True,18466,3775,Joan C. Edwards Stadium,276,Marshall,fbs,Conference USA,38,"[3, 21, 7, 7]",0.9938032031059265,1610,1664,2229,Florida International,fbs,Conference USA,0,"[0, 0, 0, 0]",0.006196796894073486,1180,1126,7.959012796392974,,,
401282245,2021,9,regular,2021-10-30T19:30:00.000Z,False,True,False,True,10721,3725,"Johnny ""Red"" Floyd Stadium",2393,Middle Tennessee,fbs,Conference USA,35,"[14, 7, 14, 0]",0.9640638828277588,1321,1364,2572,Southern Miss,fbs,Conference USA,10,"[7, 0, 3, 0]",0.03593611717224121,1142,1099,4.7826359728192145,,,
401282670,2021,9,regular,2021-10-30T19:30:00.000Z,False,True,False,True,79097,3836,"Memorial Stadium (Clemson, SC)",228,Clemson,fbs,ACC,30,"[3, 14, 0, 13]",0.8936799764633179,1824,1820,52,Florida State,fbs,ACC,20,"[6, 7, 0, 7]",0.10632002353668213,1510,1514,7.074296335590851,,,
401309628,2021,9,regular,2021-10-30T19:30:00.000Z,False,True,False,True,29321,3792,Kidd Brewer Stadium,2026,App State,fbs,Sun Belt,59,"[21, 28, 3, 7]",0.9876875281333923,1627,1645,2433,UL Monroe,fbs,Sun Belt,28,"[0, 7, 14, 7]",0.012312471866607666,1038,1020,2.644745030328252,,,
401282801,2021,9,regular,2021-10-30T19:30:00.000Z,False,True,False,True,85902,3834,"Memorial Stadium (Lincoln, NE)",158,Nebraska,fbs,Big Ten,23,"[7, 10, 0, 6]",0.05962764471769333,1715,1698,2509,Purdue,fbs,Big Ten,28,"[0, 14, 7, 7]",0.9403723552823067,1603,1620,5.6544501577577595,,,
401282244,2021,9,regular,2021-10-30T19:30:00.000Z,False,True,False,True,13309,3918,S.B. Ballard Stadium,295,Old Dominion,fbs,Conference USA,23,"[0, 10, 7, 6]",0.3983205258846283,1180,1182,2348,Louisiana Tech,fbs,Conference USA,20,"[0, 10, 3, 7]",0.6016794741153717,1262,1260,6.4232556152751,,,
401282117,2021,9,regular,2021-10-30T19:30:00.000Z,False,True,True,True,76141,3712,EverBank Stadium,57,Florida,fbs,SEC,7,"[0, 0, 0, 7]",0.02079680934548378,1781,1753,61,Georgia,fbs,SEC,34,"[0, 24, 3, 7]",0.9792031906545162,2114,2142,3.3181287975105316,,,
401287930,2021,9,regular,2021-10-30T19:30:00.000Z,False,True,False,True,44339,3636,Bill Snyder Family Stadium,2306,Kansas State,fbs,Big 12,31,"[7, 14, 0, 10]",0.8365688920021057,1547,1596,2628,TCU,fbs,Big 12,12,"[0, 5, 0, 7]",0.1634311079978943,1598,1549,6.78389812938559,,,
401309884,2021,9,regular,2021-10-30T19:30:00.000Z,False,True,False,True,51449,3626,Autzen Stadium,2483,Oregon,fbs,Pac-12,52,"[14, 17, 14, 7]",0.6478659510612488,1708,1729,38,Colorado,fbs,Pac-12,29,"[0, 14, 0, 15]",0.3521340489387512,1363,1342,2.2275172978889617,,,
401282795,2021,9,regular,2021-10-30T19:30:00.000Z,False,True,False,True,28158,3911,Ryan Field,77,Northwestern,fbs,Big Ten,14,"[0, 7, 0, 7]",0.003586641512811184,1452,1400,135,Minnesota,fbs,Big Ten,41,"[13, 7, 0, 21]",0.9964133584871888,1633,1685,2.7867800543073895,,,
401329054,2021,9,regular,2021-10-30T20:00:00.000Z,False,True,False,True,,5783,McArthur Field,2848,Western Oregon,ii,Great Northwest,42,"[7, 20, 15, 0]",,,,2829,Simon Fraser,ii,Great Northwest,3,"[0, 3, 0, 0]",,,,,,,
401310732,2021,9,regular,2021-10-30T20:00:00.000Z,False,True,False,True,13042,3935,CEFCU Stadium,23,San José State,fbs,Mountain West,27,"[0, 17, 10, 0]",0.9899566769599915,1381,1394,2751,Wyoming,fbs,Mountain West,21,"[0, 7, 7, 7]",0.010043323040008545,1488,1475,3.6330044412367535,,,
401329640,2021,9,regular,2021-10-30T20:00:00.000Z,False,True,False,True,,4750,The Reservation,2336,Limestone,ii,South Atlantic,24,"[3, 7, 7, 7]",,,,2842,UVA Wise,ii,South Atlantic,28,"[7, 0, 7, 14]",,,,,,,
401329484,2021,9,regular,2021-10-30T20:00:00.000Z,False,True,False,True,,3731,Frost-Kalnow Stadium,2838,Tiffin,ii,Great Midwest Athletic,34,"[3, 7, 14, 10]",,,,2477,Ohio Dominican,ii,Great Midwest Athletic,21,"[0, 7, 7, 7]",,,,,,,
401282676,2021,9,regular,2021-10-30T20:00:00.000Z,False,True,False,True,31613,3630,Allegacy Federal Credit Union Stadium,154,Wake Forest,fbs,ACC,45,"[14, 14, 10, 7]",0.9949489235877991,1670,1718,150,Duke,fbs,ACC,7,"[0, 0, 0, 7]",0.005051076412200928,1185,1137,2.087569225195334,,,
401282241,2021,9,regular,2021-10-30T20:00:00.000Z,False,True,False,True,16763,3796,Houchens Industries-L.T. Smith Stadium,98,Western Kentucky,fbs,Conference USA,45,"[14, 14, 7, 10]",1,1435,1503,2429,Charlotte,fbs,Conference USA,13,"[3, 10, 0, 0]",0,1282,1214,2.772280867471409,,,
401329355,2021,9,regular,2021-10-30T20:00:00.000Z,False,True,False,True,,4436,Adamson Stadium,2858,California (PA),ii,Pennsylvania State Athletic,42,"[28, 7, 7, 0]",,,,611,Seton Hill,ii,Pennsylvania State Athletic,14,"[0, 7, 0, 7]",,,,,,,
401329423,2021,9,regular,2021-10-30T20:00:00.000Z,False,True,False,True,,3760,Hubert Jack Stadium,209,Lock Haven,ii,Pennsylvania State Athletic,13,"[7, 6, 0, 0]",,,,223,West Chester,ii,Pennsylvania State Athletic,35,"[7, 14, 0, 14]",,,,,,,
401328661,2021,9,regular,2021-10-30T20:00:00.000Z,False,True,False,True,,3650,Bragg Memorial Stadium,50,Florida A&M,fcs,SWAC,26,"[7, 14, 2, 3]",,,,2755,Grambling,fcs,SWAC,3,"[0, 0, 3, 0]",,,,,,,
401328053,2021,9,regular,2021-10-30T20:00:00.000Z,False,True,False,True,,3791,Kibbie Dome,70,Idaho,fcs,Big Sky,31,"[7, 14, 0, 10]",,,,2464,Northern Arizona,fcs,Big Sky,38,"[14, 3, 14, 7]",,,,,,,
401328333,2021,9,regular,2021-10-30T20:00:00.000Z,False,True,False,True,,3746,Hanson Field,2710,Western Illinois,fcs,MVFC,38,"[6, 7, 15, 10]",,,,2287,Illinois State,fcs,MVFC,31,"[7, 14, 7, 3]",,,,,,,
401328581,2021,9,regular,2021-10-30T20:00:00.000Z,False,True,False,True,,3734,Gayle and Tom Benson Stadium,2916,Incarnate Word,fcs,Southland,49,"[14, 14, 14, 7]",,,,2277,Houston Christian,fcs,Southland,21,"[0, 7, 7, 7]",,,,,,,
401328669,2021,9,regular,2021-10-30T20:00:00.000Z,False,True,False,True,,3896,Rice-Totten Field,2400,Mississippi Valley State,fcs,SWAC,19,"[3, 3, 6, 7]",,,,2296,Jackson State,fcs,SWAC,28,"[7, 0, 14, 7]",,,,,,,
401328530,2021,9,regular,2021-10-30T20:00:00.000Z,False,True,False,True,,716,Torero Stadium,301,San Diego,fcs,Pioneer,21,"[0, 13, 0, 8]",,,,2674,Valparaiso,fcs,Pioneer,14,"[14, 0, 0, 0]",,,,,,,
401328034,2021,9,regular,2021-10-30T21:00:00.000Z,False,True,False,True,,4765,Hillsboro Stadium,2502,Portland State,fcs,Big Sky,42,"[14, 0, 7, 21]",,,,13,Cal Poly,fcs,Big Sky,21,"[6, 0, 8, 7]",,,,,,,
401328705,2021,9,regular,2021-10-30T21:00:00.000Z,False,True,False,True,,3756,Homer Bryce Stadium,2617,Stephen F. Austin,fcs,Western Athletic,41,"[3, 17, 14, 7]",,,,2000,Abilene Christian,fcs,Western Athletic,27,"[3, 3, 7, 14]",,,,,,,
401328376,2021,9,regular,2021-10-30T21:00:00.000Z,False,True,False,True,,3967,UNI-Dome,2460,Northern Iowa,fcs,MVFC,23,"[3, 3, 14, 3]",,,,79,Southern Illinois,fcs,MVFC,16,"[3, 10, 3, 0]",,,,,,,
401309629,2021,9,regular,2021-10-30T21:00:00.000Z,False,True,False,True,15043,6526,Hancock Whitney Stadium,6,South Alabama,fbs,Sun Belt,31,"[14, 14, 0, 3]",0.9404849410057068,1367,1392,2032,Arkansas State,fbs,Sun Belt,13,"[0, 7, 3, 3]",0.05951505899429321,1211,1186,2.0866777155302896,,,
401329158,2021,9,regular,2021-10-30T21:00:00.000Z,False,True,False,True,,4762,Memorial Stadium (Commerce TX),2837,East Texas A&M,ii,Lone Star,41,"[0, 21, 20, 0]",,,,110243,UT Permian Basin,ii,Lone Star,0,"[0, 0, 0, 0]",,,,,,,
401329695,2021,9,regular,2021-10-30T22:00:00.000Z,False,True,False,True,,5781,Irwin Belk Stadium,351,Wingate,ii,South Atlantic,6,"[0, 3, 3, 0]",,,,2331,Lenoir Rhyne,ii,South Atlantic,31,"[14, 0, 7, 10]",,,,,,,
401328976,2021,9,regular,2021-10-30T22:00:00.000Z,False,True,False,True,,3600,Tom Adams Field,131,Wayne State (MI),ii,GLIAC,56,"[14, 21, 14, 7]",,,,2886,Northwood,ii,GLIAC,21,"[7, 7, 0, 7]",,,,,,,
401309630,2021,9,regular,2021-10-30T22:00:00.000Z,False,True,False,True,17843,3608,Allen E. Paulson Stadium,290,Georgia Southern,fbs,Sun Belt,14,"[0, 7, 0, 7]",0.37513232812149255,1357,1343,2247,Georgia State,fbs,Sun Belt,21,"[0, 0, 7, 14]",0.6248676718785074,1344,1358,7.3126667436,,,
401282243,2021,9,regular,2021-10-30T22:00:00.000Z,False,True,False,True,16432,3715,FAU Stadium,2226,Florida Atlantic,fbs,Conference USA,28,"[7, 7, 7, 7]",1,1597,1594,2638,UTEP,fbs,Conference USA,25,"[3, 7, 0, 15]",0,1313,1316,4.059486150741433,,,
401328966,2021,9,regular,2021-10-30T22:00:00.000Z,False,True,False,False,,3705,Earl Kitchings Stadium,2206,Edward Waters,ii,SIAC,9,"[3, 6, 0, 0]",,,,2396,Miles,ii,SIAC,16,"[0, 7, 6, 3]",,,,,,,
401328423,2021,9,regular,2021-10-30T22:00:00.000Z,False,True,False,True,,3810,Nissan Stadium,2634,Tennessee State,fcs,OVC,27,"[0, 7, 14, 6]",,,,93,Murray State,fcs,OVC,21,"[0, 0, 7, 14]",,,,,,,
401328284,2021,9,regular,2021-10-30T22:30:00.000Z,False,True,False,True,,6073,Milam Stadium,2927,Southwestern Oklahoma State,ii,Great American,14,"[7, 0, 7, 0]",,,,2033,Arkansas Tech,ii,Great American,15,"[0, 3, 3, 9]",,,,,,,
401328630,2021,9,regular,2021-10-30T23:00:00.000Z,False,True,False,True,,3599,Ace W. Mumford Stadium,2582,Southern,fcs,SWAC,38,"[7, 7, 7, 17]",,,,2016,Alcorn State,fcs,SWAC,35,"[0, 14, 7, 14]",,,,,,,
401310730,2021,9,regular,2021-10-30T23:00:00.000Z,False,True,False,True,25221,5388,Canvas Stadium,36,Colorado State,fbs,Mountain West,19,"[13, 3, 3, 0]",0.21022383868694305,1522,1517,68,Boise State,fbs,Mountain West,28,"[0, 7, 14, 7]",0.789776161313057,1677,1682,5.0871448253381955,,,
401309886,2021,9,regular,2021-10-30T23:00:00.000Z,False,True,False,True,52435,477,Los Angeles Memorial Coliseum,30,USC,fbs,Pac-12,41,"[14, 21, 3, 3]",0.5156561860596481,1598,1587,12,Arizona,fbs,Pac-12,34,"[7, 7, 7, 13]",0.48434381394035186,1193,1204,3.1725935566,,,
401282116,2021,9,regular,2021-10-30T23:00:00.000Z,False,True,False,True,87451,3785,Jordan-Hare Stadium,2,Auburn,fbs,SEC,31,"[14, 14, 0, 3]",0.9924926161766052,1729,1750,145,Ole Miss,fbs,SEC,20,"[3, 14, 3, 0]",0.007507383823394775,1750,1729,3.2216504597970808,,,
401328986,2021,9,regular,2021-10-30T23:00:00.000Z,False,True,False,True,,4851,Bazemore-Hyder Stadium,2673,Valdosta State,ii,Gulf South,36,"[14, 13, 6, 3]",,,,2698,West Georgia,ii,Gulf South,34,"[3, 10, 14, 7]",,,,,,,
401287932,2021,9,regular,2021-10-30T23:00:00.000Z,False,True,False,True,55026,3646,Boone Pickens Stadium,197,Oklahoma State,fbs,Big 12,55,"[17, 21, 7, 10]",0.9885396361351013,1719,1784,2305,Kansas,fbs,Big 12,3,"[0, 0, 3, 0]",0.011460363864898682,1027,962,2.4333804466423983,,,
401309882,2021,9,regular,2021-10-30T23:00:00.000Z,False,True,False,True,38572,3831,California Memorial Stadium,25,California,fbs,Pac-12,39,"[10, 7, 14, 8]",0.9598874449729919,1483,1517,204,Oregon State,fbs,Pac-12,25,"[0, 10, 7, 8]",0.04011255502700806,1552,1518,3.4286127448106423,,,
401301034,2021,9,regular,2021-10-30T23:00:00.000Z,False,True,False,True,25676,4728,TDECU Stadium,248,Houston,fbs,American Athletic,44,"[17, 6, 7, 14]",0.7882640361785889,1668,1676,2567,SMU,fbs,American Athletic,37,"[7, 13, 14, 3]",0.21173596382141113,1633,1625,6.977415045468163,,,
401282118,2021,9,regular,2021-10-30T23:00:00.000Z,False,True,False,True,49487,3693,Davis Wade Stadium,344,Mississippi State,fbs,SEC,31,"[0, 14, 17, 0]",0.9827691316604614,1583,1619,96,Kentucky,fbs,SEC,17,"[7, 3, 0, 7]",0.017230868339538574,1672,1636,3.6110927794787058,,,
401328591,2021,9,regular,2021-10-30T23:00:00.000Z,False,True,False,True,,3944,Strawberry Stadium,2545,SE Louisiana,fcs,Southland,23,"[3, 0, 7, 13]",,,,2377,McNeese,fcs,Southland,20,"[7, 0, 0, 13]",,,,,,,
401328013,2021,9,regular,2021-10-30T23:00:00.000Z,False,True,False,True,,3827,"Memorial Stadium (Stephenville, TX)",2627,Tarleton State,fcs,Western Athletic,27,"[14, 0, 0, 13]",,,,2534,Sam Houston,fcs,AWC,45,"[14, 14, 17, 0]",,,,,,,
401282672,2021,9,regular,2021-10-30T23:30:00.000Z,False,True,False,True,53123,3670,Carter-Finley Stadium,152,NC State,fbs,ACC,28,"[7, 0, 0, 21]",0.9892049431800842,1623,1648,97,Louisville,fbs,ACC,13,"[7, 0, 3, 3]",0.010795056819915771,1551,1526,5.760073431836093,,,
401282814,2021,9,regular,2021-10-30T23:30:00.000Z,False,True,False,True,102951,3861,Ohio Stadium,194,Ohio State,fbs,Big Ten,33,"[3, 14, 10, 6]",0.8945848941802979,2136,2128,213,Penn State,fbs,Big Ten,24,"[7, 3, 14, 0]",0.10541510581970215,1773,1781,7.219061829658703,,,
401282673,2021,9,regular,2021-10-30T23:30:00.000Z,False,True,False,True,71018,3855,Notre Dame Stadium,87,Notre Dame,fbs,FBS Independents,44,"[7, 10, 14, 13]",1,1822,1828,153,North Carolina,fbs,ACC,34,"[0, 13, 14, 7]",0,1668,1662,5.033248447156641,,,
401329099,2021,9,regular,2021-10-31T00:00:00.000Z,False,True,False,True,,5938,Al Whitehead Field at Greyhound Stadium,2201,Eastern New Mexico,ii,Lone Star,7,"[0, 0, 7, 0]",,,,2025,Angelo State,ii,Lone Star,59,"[3, 28, 14, 14]",,,,,,,
401329454,2021,9,regular,2021-10-31T00:00:00.000Z,False,True,False,True,,6076,Javelina Stadium,2658,Texas A&M-Kingsville,ii,Lone Star,23,"[2, 3, 10, 8]",,,,2704,West Texas,ii,Lone Star,35,"[14, 7, 0, 14]",,,,,,,
401329110,2021,9,regular,2021-10-31T00:00:00.000Z,False,True,False,True,,6049,"Memorial Stadium (Wichita Falls, TX)",2395,Midwestern State,ii,Lone Star,52,"[21, 7, 24, 0]",,,,2703,Western New Mexico,ii,Lone Star,10,"[0, 0, 0, 10]",,,,,,,
401332020,2021,9,regular,2021-10-31T01:00:00.000Z,False,True,False,False,,5879,Tomlinson Stadium,2120,Central Washington,ii,Great Northwest,92,"[21, 37, 28, 6]",,,,124179,Lincoln (CA),,,0,"[0, 0, 0, 0]",,,,,,,
401309887,2021,9,regular,2021-10-31T02:00:00.000Z,False,True,False,True,51922,587,Rice-Eccles Stadium,254,Utah,fbs,Pac-12,44,"[7, 21, 0, 16]",0.9792890548706055,1689,1729,26,UCLA,fbs,Pac-12,24,"[3, 7, 7, 7]",0.02071094512939453,1627,1587,3.580684320016818,,,
401282669,2021,9,regular,2021-10-31T02:15:00.000Z,False,True,False,False,57685,3801,LaVell Edwards Stadium,252,BYU,fbs,FBS Independents,66,"[21, 17, 7, 21]",1,1710,1739,258,Virginia,fbs,ACC,49,"[7, 35, 7, 0]",0,1622,1593,6.409486264581228,,,
401310733,2021,9,regular,2021-10-31T02:30:00.000Z,False,True,False,True,11034,3932,Qualcomm Stadium,21,San Diego State,fbs,Mountain West,20,"[0, 7, 6, 7]",0.07808681577444077,1644,1620,278,Fresno State,fbs,Mountain West,30,"[7, 13, 3, 7]",0.9219131842255592,1603,1627,5.002713553939754,,,
401309883,2021,9,regular,2021-10-31T02:30:00.000Z,False,True,False,True,28014,3940,Stanford Stadium,24,Stanford,fbs,Pac-12,13,"[3, 0, 0, 10]",0.07503102719783783,1503,1502,264,Washington,fbs,Pac-12,20,"[0, 9, 3, 8]",0.9249689728021622,1665,1666,5.5002978304338965,,,
401309579,2021,10,regular,2021-11-02T23:00:00.000Z,False,True,False,True,7683,3768,InfoCision Stadium,2006,Akron,fbs,Mid-American,25,"[3, 7, 0, 15]",0.255580872297287,962,986,2050,Ball State,fbs,Mid-American,31,"[7, 14, 7, 3]",0.744419127702713,1494,1470,7.415115837178956,,,
401309580,2021,10,regular,2021-11-02T23:30:00.000Z,False,True,False,True,14997,3739,Glass Bowl,2649,Toledo,fbs,Mid-American,49,"[14, 14, 8, 13]",0.3627522885799408,1503,1497,2199,Eastern Michigan,fbs,Mid-American,52,"[14, 10, 21, 7]",0.6372477114200592,1480,1486,7.530519751055444,,,
401308839,2021,10,regular,2021-11-02T23:30:00.000Z,False,True,False,True,15940,3876,Peden Stadium,195,Ohio,fbs,Mid-American,35,"[7, 7, 14, 7]",0.8195162415504456,1331,1333,193,Miami (OH),fbs,Mid-American,33,"[0, 0, 13, 20]",0.18048375844955444,1411,1409,4.9207793463481835,,,
401309582,2021,10,regular,2021-11-03T23:00:00.000Z,False,True,False,True,6076,3696,Dix Stadium,2309,Kent State,fbs,Mid-American,52,"[0, 31, 14, 7]",0.7467958095127297,1301,1304,2459,Northern Illinois,fbs,Mid-American,47,"[7, 14, 6, 20]",0.2532041904872703,1257,1254,6.7358126342,,,
401309581,2021,10,regular,2021-11-03T23:00:00.000Z,False,True,False,True,13137,3980,Waldo Stadium,2711,Western Michigan,fbs,Mid-American,30,"[7, 7, 10, 6]",0.004956671968102455,1466,1429,2117,Central Michigan,fbs,Mid-American,42,"[0, 21, 7, 14]",0.9950433280318975,1357,1394,6.426159171326723,,,
401328294,2021,10,regular,2021-11-04T23:30:00.000Z,False,True,False,True,,3762,Hughes Stadium,2415,Morgan State,fcs,MEAC,20,"[13, 0, 7, 0]",,,,2169,Delaware State,fcs,MEAC,14,"[7, 0, 0, 7]",,,,,,,
401309632,2021,10,regular,2021-11-04T23:30:00.000Z,False,True,False,True,16007,3666,Cajun Field,309,Louisiana,fbs,Sun Belt,21,"[0, 0, 7, 14]",0.7008325457572937,1786,1777,2247,Georgia State,fbs,Sun Belt,17,"[3, 0, 7, 7]",0.2991674542427063,1358,1367,6.68921776722967,,,
401328267,2021,10,regular,2021-11-05T22:00:00.000Z,False,True,False,True,,3826,Memorial Field,159,Dartmouth,fcs,Ivy,31,"[14, 3, 14, 0]",,,,163,Princeton,fcs,Ivy,7,"[0, 7, 0, 0]",,,,,,,
401282677,2021,10,regular,2021-11-05T23:30:00.000Z,False,True,False,True,35637,3615,"Alumni Stadium (Chestnut Hill, MA)",103,Boston College,fbs,ACC,17,"[7, 3, 7, 0]",0.9352967739105225,1423,1461,259,Virginia Tech,fbs,ACC,3,"[0, 0, 3, 0]",0.06470322608947754,1533,1495,1.8988243466296464,,,
401309888,2021,10,regular,2021-11-06T02:30:00.000Z,False,True,False,True,26410,3940,Stanford Stadium,24,Stanford,fbs,Pac-12,7,"[0, 0, 7, 0]",0.006799525581300259,1502,1396,254,Utah,fbs,Pac-12,52,"[14, 24, 0, 14]",0.9932004744186997,1729,1835,2.0970468430177793,,,
401310253,2021,10,regular,2021-11-06T15:30:00.000Z,False,True,True,False,32537,4258,Dignity Health Sports Park,2005,Air Force,fbs,Mountain West,14,"[0, 0, 3, 11, 0]",0.07351993024349213,1696,1679,349,Army,fbs,FBS Independents,21,"[0, 0, 14, 0, 7]",0.9264800697565079,1568,1585,6.274958994999823,,,
401282799,2021,10,regular,2021-11-06T16:00:00.000Z,False,True,False,True,84426,3834,"Memorial Stadium (Lincoln, NE)",158,Nebraska,fbs,Big Ten,17,"[0, 10, 7, 0]",0.2416291981935501,1698,1713,194,Ohio State,fbs,Big Ten,26,"[0, 17, 6, 3]",0.7583708018064499,2128,2113,6.520722714044425,,,
401329199,2021,10,regular,2021-11-06T16:00:00.000Z,False,True,False,True,,4440,Sox Harrison Stadium,2205,Edinboro,ii,Pennsylvania State Athletic,17,"[0, 10, 0, 7]",,,,2134,Clarion,ii,Pennsylvania State Athletic,10,"[3, 0, 7, 0]",,,,,,,
401332296,2021,10,regular,2021-11-06T16:00:00.000Z,False,True,False,True,,6043,Bethpage Federal Credit Union Stadium,2341,Long Island University,fcs,NEC,28,"[14, 0, 7, 7]",,,,2184,Duquesne,fcs,NEC,34,"[3, 14, 14, 3]",,,,,,,
401329208,2021,10,regular,2021-11-06T16:00:00.000Z,False,True,False,True,,3859,Offutt Field,611,Seton Hill,ii,Pennsylvania State Athletic,3,"[0, 3, 0, 0]",,,,2291,IU Pennsylvania,ii,Pennsylvania State Athletic,38,"[14, 7, 7, 10]",,,,,,,
401328721,2021,10,regular,2021-11-06T16:00:00.000Z,False,True,False,True,,3698,Donnell Stadium,2224,Findlay,ii,Great Midwest Athletic,20,"[0, 3, 7, 10]",,,,308,Ashland,ii,Great Midwest Athletic,17,"[3, 7, 7, 0]",,,,,,,
401329485,2021,10,regular,2021-11-06T16:00:00.000Z,False,True,False,True,,3718,Tom Benson Hall of Fame Stadium,2682,Walsh,ii,Great Midwest Athletic,16,"[3, 0, 6, 7]",,,,2838,Tiffin,ii,Great Midwest Athletic,56,"[28, 14, 7, 7]",,,,,,,
401329330,2021,10,regular,2021-11-06T16:00:00.000Z,False,True,False,True,,3979,Wagner College Stadium,2681,Wagner,fcs,NEC,26,"[13, 0, 7, 6]",,,,2771,Merrimack,fcs,NEC,35,"[7, 14, 7, 7]",,,,,,,
401333441,2021,10,regular,2021-11-06T16:00:00.000Z,False,True,False,True,,3624,Arute Field,2115,Central Connecticut,fcs,NEC,30,"[6, 7, 7, 10]",,,,2803,Bryant,fcs,NEC,15,"[0, 7, 0, 8]",,,,,,,
401335306,2021,10,regular,2021-11-06T16:00:00.000Z,False,True,False,True,,5121,University of Charleston Stadium,2128,Charleston (WV),ii,Mountain East,38,"[3, 21, 14, 0]",,,,112335,Wheeling,ii,Mountain East,20,"[0, 0, 7, 13]",,,,,,,
401328202,2021,10,regular,2021-11-06T16:00:00.000Z,False,True,False,True,,3607,Alfond Stadium,311,Maine,fcs,CAA,17,"[0, 7, 3, 7]",,,,2619,Stony Brook,fcs,CAA,22,"[6, 10, 0, 6]",,,,,,,
401329439,2021,10,regular,2021-11-06T16:00:00.000Z,False,True,False,True,,6060,Grace P. Johnson Stadium,2882,UNC Pembroke,ii,Mountain East,7,"[7, 0, 0, 0]",,,,587,Notre Dame College,ii,Mountain East,45,"[0, 21, 17, 7]",,,,,,,
401301039,2021,10,regular,2021-11-06T16:00:00.000Z,False,True,False,True,30191,3805,Simmons Bank Liberty Stadium,235,Memphis,fbs,American Athletic,28,"[0, 7, 14, 7]",0.5814194679260254,1504,1507,2567,SMU,fbs,American Athletic,25,"[0, 10, 0, 15]",0.4185805320739746,1625,1622,6.3202055033396585,,,
401282720,2021,10,regular,2021-11-06T16:00:00.000Z,False,True,False,True,46382,3953,Huntington Bank Stadium,135,Minnesota,fbs,Big Ten,6,"[0, 0, 0, 6]",0.04770136624574661,1685,1640,356,Illinois,fbs,Big Ten,14,"[7, 7, 0, 0]",0.9522986337542534,1355,1400,3.4131110317906628,,,
401287935,2021,10,regular,2021-11-06T16:00:00.000Z,False,True,False,True,30611,3833,Memorial Stadium,2305,Kansas,fbs,Big 12,10,"[3, 0, 7, 0]",0.10573284327983856,962,963,2306,Kansas State,fbs,Big 12,35,"[14, 7, 7, 7]",0.8942671567201614,1596,1595,2.712025408454503,,,
401282124,2021,10,regular,2021-11-06T16:00:00.000Z,False,True,False,False,53235,3974,Vaught-Hemingway Stadium,145,Ole Miss,fbs,SEC,27,"[10, 14, 3, 0]",0.9633749723434448,1729,1751,2335,Liberty,fbs,FBS Independents,14,"[0, 0, 14, 0]",0.036625027656555176,1684,1662,2.8915232493020016,,,
401329363,2021,10,regular,2021-11-06T16:00:00.000Z,False,True,False,True,,5133,Ram Stadium (WV),2974,Shepherd,ii,Pennsylvania State Athletic,55,"[7, 17, 24, 7]",,,,2188,East Stroudsburg,ii,Pennsylvania State Athletic,7,"[0, 0, 7, 0]",,,,,,,
401282678,2021,10,regular,2021-11-06T16:00:00.000Z,False,True,False,True,20693,3982,Wallace Wade Stadium,150,Duke,fbs,ACC,29,"[12, 7, 3, 7]",0.035720374435186386,1137,1133,221,Pittsburgh,fbs,ACC,54,"[7, 23, 14, 10]",0.9642796255648136,1723,1727,6.228378562384071,,,
401344145,2021,10,regular,2021-11-06T16:00:00.000Z,False,True,False,True,,3656,Brown Stadium,225,Brown,fcs,Ivy,38,"[14, 14, 7, 3]",,,,43,Yale,fcs,Ivy,63,"[14, 21, 14, 14]",,,,,,,
401329237,2021,10,regular,2021-11-06T16:00:00.000Z,False,True,False,True,,4427,John A. Farrell Stadium,223,West Chester,ii,Pennsylvania State Athletic,14,"[14, 0, 0, 0]",,,,2315,Kutztown,ii,Pennsylvania State Athletic,21,"[0, 7, 7, 7]",,,,,,,
401282682,2021,10,regular,2021-11-06T16:00:00.000Z,False,True,False,True,50500,3787,Kenan Stadium,153,North Carolina,fbs,ACC,58,"[14, 10, 10, 24]",0.9947359561920166,1662,1664,154,Wake Forest,fbs,ACC,55,"[10, 21, 17, 7]",0.0052640438079833984,1718,1716,8.735014443129664,,,
401332303,2021,10,regular,2021-11-06T16:00:00.000Z,False,True,False,True,,3694,DeGol Field,2598,Saint Francis,fcs,NEC,13,"[7, 3, 3, 0]",,,,2529,Sacred Heart,fcs,NEC,14,"[0, 14, 0, 0]",,,,,,,
401328731,2021,10,regular,2021-11-06T16:00:00.000Z,False,True,False,True,,5934,Farmers Insurance Athletic Complex,110254,Davenport,ii,GLIAC,14,"[0, 14, 0, 0]",,,,2222,Ferris State,ii,GLIAC,50,"[20, 13, 14, 3]",,,,,,,
401328519,2021,10,regular,2021-11-06T16:00:00.000Z,False,True,False,True,,36,Leonidoff Field,2368,Marist,fcs,Pioneer,7,"[0, 0, 7, 0]",,,,2181,Drake,fcs,Pioneer,0,"[0, 0, 0, 0]",,,,,,,
401329479,2021,10,regular,2021-11-06T16:00:00.000Z,False,True,False,True,,3870,Panther Stadium (OH),2477,Ohio Dominican,ii,Great Midwest Athletic,31,"[0, 3, 14, 14]",,,,437,Lake Erie,ii,Great Midwest Athletic,0,"[0, 0, 0, 0]",,,,,,,
401329188,2021,10,regular,2021-11-06T16:00:00.000Z,False,True,False,True,,4431,Chryst Field at Biemesderfer Stadium,210,Millersville,ii,Pennsylvania State Athletic,35,"[0, 14, 13, 8]",,,,2071,Bloomsburg,ii,Pennsylvania State Athletic,38,"[7, 31, 0, 0]",,,,,,,
401328141,2021,10,regular,2021-11-06T16:00:00.000Z,False,True,False,True,,3777,Joe Walton Stadium,2523,Robert Morris,fcs,Big South,21,"[0, 7, 7, 7]",,,,338,Kennesaw State,fcs,Big South,45,"[14, 7, 21, 3]",,,,,,,
401282250,2021,10,regular,2021-11-06T16:00:00.000Z,False,True,False,True,21261,7221,Protective Stadium,5,UAB,fbs,Conference USA,52,"[7, 17, 7, 21]",0.9625585079193115,1512,1519,2348,Louisiana Tech,fbs,Conference USA,38,"[7, 14, 0, 17]",0.03744149208068848,1260,1253,5.801123170017349,,,
401341495,2021,10,regular,2021-11-06T16:00:00.000Z,False,True,False,True,,4428,Saxon Stadium,2385,Mercyhurst,ii,Pennsylvania State Athletic,24,"[7, 7, 3, 7]",,,,367,Gannon,ii,Pennsylvania State Athletic,13,"[6, 0, 7, 0]",,,,,,,
401282122,2021,10,regular,2021-11-06T16:00:00.000Z,False,True,False,True,92746,3917,Sanford Stadium,61,Georgia,fbs,SEC,43,"[7, 19, 14, 3]",0.9974786043167114,2142,2157,142,Missouri,fbs,SEC,6,"[3, 0, 0, 3]",0.0025213956832885742,1371,1356,3.0367589685872765,,,
401328631,2021,10,regular,2021-11-06T16:00:00.000Z,False,True,False,True,,3850,Municipal Stadium,2065,Bethune-Cookman,fcs,SWAC,35,"[7, 0, 21, 7]",,,,2016,Alcorn State,fcs,SWAC,31,"[3, 14, 14, 0]",,,,,,,
401347700,2021,10,regular,2021-11-06T16:00:00.000Z,False,True,False,True,,6066,Pace Stadium,2487,Pace,ii,Northeast 10,18,"[0, 0, 15, 3]",,,,2583,Southern Connecticut State,ii,Northeast 10,16,"[3, 6, 0, 7]",,,,,,,
401282681,2021,10,regular,2021-11-06T16:30:00.000Z,False,True,False,True,48161,3948,Hard Rock Stadium,2390,Miami,fbs,ACC,33,"[14, 3, 7, 9]",1,1545,1544,59,Georgia Tech,fbs,ACC,30,"[7, 14, 7, 2]",0,1416,1417,7.558010022009853,,,
401328483,2021,10,regular,2021-11-06T16:30:00.000Z,False,True,False,True,,3847,Cooper Field,46,Georgetown,fcs,Patriot,20,"[6, 0, 0, 14]",,,,2230,Fordham,fcs,Patriot,41,"[6, 14, 14, 7]",,,,,,,
401328490,2021,10,regular,2021-11-06T16:30:00.000Z,False,True,False,True,,3722,Fitton Field,107,Holy Cross,fcs,Patriot,35,"[7, 7, 14, 7]",,,,322,Lafayette,fcs,Patriot,10,"[0, 7, 0, 3]",,,,,,,
401328180,2021,10,regular,2021-11-06T17:00:00.000Z,False,True,False,True,,3695,Delaware Stadium,48,Delaware,fcs,CAA,24,"[7, 7, 3, 7]",,,,2729,William & Mary,fcs,CAA,3,"[3, 0, 0, 0]",,,,,,,
401329138,2021,10,regular,2021-11-06T17:00:00.000Z,False,True,False,True,,6042,Alumni Stadium (KY),2310,Kentucky State,ii,SIAC,63,"[7, 21, 28, 7]",,,,2119,Central State,ii,SIAC,0,"[0, 0, 0, 0]",,,,,,,
401328378,2021,10,regular,2021-11-06T17:00:00.000Z,False,True,False,True,,3746,Hanson Field,2710,Western Illinois,fcs,MVFC,21,"[7, 7, 0, 7]",,,,233,South Dakota,fcs,MVFC,42,"[7, 21, 0, 14]",,,,,,,
401328334,2021,10,regular,2021-11-06T17:00:00.000Z,False,True,False,True,,3744,Hancock Stadium,2287,Illinois State,fcs,MVFC,17,"[7, 3, 0, 0, 7]",,,,2460,Northern Iowa,fcs,MVFC,10,"[0, 0, 0, 10, 0]",,,,,,,
401328166,2021,10,regular,2021-11-06T17:00:00.000Z,False,True,False,True,,4419,Bob Ford Field,399,UAlbany,fcs,CAA,20,"[0, 10, 3, 7]",,,,160,New Hampshire,fcs,CAA,7,"[0, 0, 0, 7]",,,,,,,
401328998,2021,10,regular,2021-11-06T17:00:00.000Z,False,True,False,False,,4015,Barron Stadium,2560,Shorter,ii,Gulf South,38,"[10, 14, 7, 7]",,,,101784,Erskine,ii,Independent DII,7,"[0, 0, 7, 0]",,,,,,,
401329046,2021,10,regular,2021-11-06T17:00:00.000Z,False,True,False,True,,5933,Sea Foam Stadium,3066,Concordia St. Paul,ii,Northern Sun,3,"[0, 0, 3, 0]",,,,2817,Minnesota St Moorhead,ii,Northern Sun,24,"[0, 14, 3, 7]",,,,,,,
401329370,2021,10,regular,2021-11-06T17:00:00.000Z,False,True,False,True,,4429,Seth Grove Stadium,2559,Shippensburg,ii,Pennsylvania State Athletic,52,"[17, 21, 7, 7]",,,,209,Lock Haven,ii,Pennsylvania State Athletic,14,"[0, 7, 0, 7]",,,,,,,
401329658,2021,10,regular,2021-11-06T17:00:00.000Z,False,True,False,True,,6046,Meares Stadium,2369,Mars Hill,ii,South Atlantic,20,"[8, 10, 0, 2]",,,,2839,Tusculum,ii,South Atlantic,7,"[0, 0, 0, 7]",,,,,,,
401328358,2021,10,regular,2021-11-06T17:00:00.000Z,False,True,False,True,,3913,Saluki Stadium,79,Southern Illinois,fcs,MVFC,28,"[7, 6, 0, 15]",,,,2623,Missouri State,fcs,MVFC,38,"[10, 0, 7, 21]",,,,,,,
401328365,2021,10,regular,2021-11-06T17:00:00.000Z,False,True,False,True,,3605,Alerus Center,155,North Dakota,fcs,MVFC,24,"[7, 0, 3, 14]",,,,2754,Youngstown State,fcs,MVFC,21,"[14, 0, 0, 7]",,,,,,,
401334779,2021,10,regular,2021-11-06T17:00:00.000Z,False,True,False,True,,3642,Bobcat Stadium (MD),341,Frostburg State,ii,Mountain East,55,"[3, 24, 7, 21]",,,,455,West Virginia Wesleyan,ii,Mountain East,14,"[7, 7, 0, 0]",,,,,,,
401329641,2021,10,regular,2021-11-06T17:00:00.000Z,False,True,False,True,,5122,Shuford Stadium,2107,Catawba,ii,South Atlantic,7,"[0, 0, 7, 0]",,,,2842,UVA Wise,ii,South Atlantic,30,"[14, 3, 6, 7]",,,,,,,
401328255,2021,10,regular,2021-11-06T17:00:00.000Z,False,True,False,True,,3730,Franklin Field,219,Pennsylvania,fcs,Ivy,12,"[0, 6, 6, 0]",,,,172,Cornell,fcs,Ivy,15,"[0, 7, 8, 0]",,,,,,,
401329649,2021,10,regular,2021-11-06T17:00:00.000Z,False,True,False,True,,3663,Burke-Tarr Stadium,2105,Carson Newman,ii,South Atlantic,27,"[20, 0, 7, 0]",,,,2336,Limestone,ii,South Atlantic,21,"[14, 7, 0, 0]",,,,,,,
401328149,2021,10,regular,2021-11-06T17:00:00.000Z,False,True,False,True,,5389,Kessler Stadium,2405,Monmouth,fcs,Big South,45,"[14, 17, 14, 0]",,,,2453,North Alabama,fcs,Big South,33,"[7, 14, 6, 6]",,,,,,,
401334785,2021,10,regular,2021-11-06T17:00:00.000Z,False,True,False,True,,6075,W.B. Mason Stadium,284,Stonehill,ii,Northeast 10,34,"[10, 14, 10, 0]",,,,112334,Franklin Pierce,ii,Northeast 10,7,"[0, 0, 7, 0]",,,,,,,
401329392,2021,10,regular,2021-11-06T17:00:00.000Z,False,True,False,True,,5887,I.L. & Sue Morris Stadium,2249,Glenville State,ii,Mountain East,14,"[0, 0, 14, 0]",,,,2986,Fairmont State,ii,Mountain East,24,"[3, 7, 14, 0]",,,,,,,
401329417,2021,10,regular,2021-11-06T17:00:00.000Z,False,True,False,True,,4430,Mihalik-Thompson Stadium,215,Slippery Rock,ii,Pennsylvania State Athletic,38,"[21, 0, 17, 0]",,,,2858,California (PA),ii,Pennsylvania State Athletic,26,"[7, 3, 3, 13]",,,,,,,
401332017,2021,10,regular,2021-11-06T17:00:00.000Z,False,True,False,True,,3729,"Frank ""Muddy"" Waters Stadium",2273,Hillsdale,ii,Great Midwest Athletic,31,"[14, 7, 7, 3]",,,,2316,Kentucky Wesleyan,ii,Great Midwest Athletic,12,"[0, 6, 0, 6]",,,,,,,
401328245,2021,10,regular,2021-11-06T17:00:00.000Z,False,True,False,True,,3802,Lawrence A. Wien Stadium,171,Columbia,fcs,Ivy,21,"[0, 0, 7, 14]",,,,108,Harvard,fcs,Ivy,49,"[14, 21, 7, 7]",,,,,,,
401328130,2021,10,regular,2021-11-06T17:00:00.000Z,False,True,False,True,,3620,Armstrong Stadium,2261,Hampton,fcs,Big South,27,"[7, 14, 0, 0, 6]",,,,2241,Gardner-Webb,fcs,Big South,21,"[14, 0, 7, 0, 0]",,,,,,,
401330262,2021,10,regular,2021-11-06T17:00:00.000Z,False,True,False,True,,3848,Multi-Sport Stadium,2038,Assumption,ii,Northeast 10,44,"[3, 14, 13, 14]",,,,2830,Saint Anselm,ii,Northeast 10,35,"[7, 7, 14, 7]",,,,,,,
401328971,2021,10,regular,2021-11-06T17:00:00.000Z,False,True,False,True,,3885,Harvey Randall Wickes Memorial Stadium,129,Saginaw Valley State,ii,GLIAC,33,"[3, 10, 13, 7]",,,,128,Northern Michigan,ii,GLIAC,21,"[0, 21, 0, 0]",,,,,,,
401328958,2021,10,regular,2021-11-06T17:00:00.000Z,False,True,False,True,,3747,Hantz Stadium,2886,Northwood,ii,GLIAC,0,"[0, 0, 0, 0]",,,,2392,Michigan Tech,ii,GLIAC,34,"[7, 6, 14, 7]",,,,,,,
401328931,2021,10,regular,2021-11-06T17:00:00.000Z,False,True,False,True,,6058,Ralph F. DellaCamera Stadium,2441,New Haven,ii,Northeast 10,31,"[7, 10, 7, 7]",,,,2060,Bentley,ii,Northeast 10,14,"[0, 0, 7, 7]",,,,,,,
401327985,2021,10,regular,2021-11-06T17:00:00.000Z,False,True,False,True,,3647,Elliott T. Bowers Stadium,2534,Sam Houston,fcs,AWC,59,"[28, 17, 7, 7]",,,,3101,Utah Tech,fcs,Western Athletic,10,"[0, 0, 3, 7]",,,,,,,
401328943,2021,10,regular,2021-11-06T17:00:00.000Z,False,True,False,True,,3600,Tom Adams Field,131,Wayne State (MI),ii,GLIAC,13,"[10, 3, 0, 0]",,,,125,Grand Valley State,ii,GLIAC,62,"[7, 27, 14, 14]",,,,,,,
401328124,2021,10,regular,2021-11-06T17:00:00.000Z,False,True,False,True,,3658,Buccaneer Field,2127,Charleston Southern,fcs,Big South,18,"[0, 3, 0, 15]",,,,2448,North Carolina A&T,fcs,Big South,21,"[14, 0, 7, 0]",,,,,,,
401331753,2021,10,regular,2021-11-06T17:00:00.000Z,False,True,False,True,,3926,Setzler Field,2444,Newberry,ii,South Atlantic,41,"[7, 21, 7, 0, 6]",,,,351,Wingate,ii,South Atlantic,35,"[0, 14, 3, 18, 0]",,,,,,,
401328592,2021,10,regular,2021-11-06T17:00:00.000Z,False,True,False,True,,3686,Cowboy Stadium,2377,McNeese,fcs,Southland,14,"[7, 0, 7, 0]",,,,2447,Nicholls,fcs,Southland,24,"[0, 7, 7, 10]",,,,,,,
401328569,2021,10,regular,2021-11-06T17:00:00.000Z,False,True,False,True,,5400,William B. Greene Jr. Stadium,2193,East Tennessee State,fcs,Southern,27,"[14, 7, 0, 6]",,,,2678,VMI,fcs,Southern,20,"[0, 3, 7, 10]",,,,,,,
401332323,2021,10,regular,2021-11-06T17:00:00.000Z,False,True,False,True,,3897,Richardson Stadium,2166,Davidson,fcs,Pioneer,42,"[14, 7, 7, 14]",,,,2900,St. Thomas (MN),fcs,Pioneer,15,"[0, 7, 8, 0]",,,,,,,
401336486,2021,10,regular,2021-11-06T17:00:00.000Z,False,True,False,True,,3676,Christy Mathewson-Memorial Stadium,2083,Bucknell,fcs,Patriot,6,"[0, 6, 0, 0]",,,,2329,Lehigh,fcs,Patriot,38,"[0, 21, 3, 14]",,,,,,,
401327923,2021,10,regular,2021-11-06T17:00:00.000Z,False,True,False,True,,5873,Bulldogs Stadium,2075,Bowie State,ii,CIAA,79,"[21, 20, 17, 21]",,,,2207,Elizabeth City State,ii,CIAA,6,"[0, 6, 0, 0]",,,,,,,
401328174,2021,10,regular,2021-11-06T17:00:00.000Z,False,True,False,True,,6068,George Williams Athletic Complex,395,St. Augustine's,ii,CIAA,21,"[0, 7, 14, 0]",,,,2551,Shaw,ii,CIAA,17,"[7, 3, 0, 7]",,,,,,,
401327960,2021,10,regular,2021-11-06T17:00:00.000Z,False,True,False,True,,5220,Garrison Stadium,2804,Chowan,ii,CIAA,28,"[0, 14, 7, 7]",,,,2339,Lincoln (PA),ii,CIAA,12,"[3, 6, 0, 3]",,,,,,,
401328512,2021,10,regular,2021-11-06T17:00:00.000Z,False,True,False,True,,4416,Spec Martin Municipal Stadium,56,Stetson,fcs,Pioneer,13,"[0, 13, 0, 0]",,,,2168,Dayton,fcs,Pioneer,41,"[14, 7, 7, 13]",,,,,,,
401328542,2021,10,regular,2021-11-06T17:30:00.000Z,False,True,False,True,,3737,Gibbs Stadium,2747,Wofford,fcs,Southern,10,"[0, 3, 7, 0]",,,,236,Chattanooga,fcs,Southern,35,"[0, 21, 14, 0]",,,,,,,
401328073,2021,10,regular,2021-11-06T18:00:00.000Z,False,True,False,True,,3856,Nottingham Field,2458,Northern Colorado,fcs,Big Sky,0,"[0, 0, 0, 0]",,,,149,Montana,fcs,Big Sky,35,"[14, 7, 14, 0]",,,,,,,
401328224,2021,10,regular,2021-11-06T18:00:00.000Z,False,True,False,True,,2068,E. Claiborne Robins Stadium,257,Richmond,fcs,CAA,28,"[0, 21, 0, 7]",,,,119,Towson,fcs,CAA,17,"[10, 0, 7, 0]",,,,,,,
401328326,2021,10,regular,2021-11-06T18:00:00.000Z,False,True,False,True,,3864,Oliver C. Dawson Stadium,2569,South Carolina State,fcs,MEAC,15,"[9, 3, 3, 0]",,,,47,Howard,fcs,MEAC,12,"[3, 7, 2, 0]",,,,,,,
401328675,2021,10,regular,2021-11-06T18:00:00.000Z,False,True,False,True,,3809,Louis Crews Stadium,2010,Alabama A&M,fcs,SWAC,42,"[7, 21, 7, 7]",,,,2400,Mississippi Valley State,fcs,SWAC,14,"[7, 0, 0, 7]",,,,,,,
401328189,2021,10,regular,2021-11-06T18:00:00.000Z,False,True,False,True,,3894,Rhodes Stadium,2210,Elon,fcs,CAA,0,"[0, 0, 0, 0]",,,,222,Villanova,fcs,CAA,35,"[7, 14, 7, 7]",,,,,,,
401328424,2021,10,regular,2021-11-06T18:00:00.000Z,False,True,False,True,,3909,Roy Stewart Stadium,93,Murray State,fcs,OVC,32,"[10, 17, 0, 5]",,,,2635,Tennessee Tech,fcs,OVC,27,"[7, 0, 7, 13]",,,,,,,
401328531,2021,10,regular,2021-11-06T18:00:00.000Z,False,True,False,True,,3655,Brown Field,2674,Valparaiso,fcs,Pioneer,65,"[28, 10, 7, 20]",,,,2506,Presbyterian,fcs,Pioneer,55,"[8, 20, 6, 21]",,,,,,,
401328002,2021,10,regular,2021-11-06T18:00:00.000Z,False,True,False,True,,3662,AmFirst Stadium,55,Jacksonville State,fcs,AWC,40,"[14, 6, 7, 13]",,,,2000,Abilene Christian,fcs,Western Athletic,25,"[0, 10, 7, 8]",,,,,,,
401328307,2021,10,regular,2021-11-06T18:00:00.000Z,False,True,False,True,,3862,O'Kelly-Riddick Stadium,2428,North Carolina Central,fcs,MEAC,38,"[0, 17, 7, 0, 14]",,,,2450,Norfolk State,fcs,MEAC,36,"[14, 7, 0, 3, 12]",,,,,,,
401328558,2021,10,regular,2021-11-06T18:00:00.000Z,False,True,False,True,,3704,E. J. Whitmire Stadium,2717,Western Carolina,fcs,Southern,43,"[10, 14, 7, 12]",,,,231,Furman,fcs,Southern,42,"[7, 21, 14, 0]",,,,,,,
401328670,2021,10,regular,2021-11-06T18:00:00.000Z,False,True,False,True,,3976,Mississippi Veterans Memorial Stadium,2296,Jackson State,fcs,SWAC,41,"[7, 14, 0, 20]",,,,2640,Texas Southern,fcs,SWAC,21,"[7, 7, 7, 0]",,,,,,,
401329498,2021,10,regular,2021-11-06T18:00:00.000Z,False,True,False,True,,6072,Schwan Regional Event Center,2587,Southwest Minnesota State,ii,Northern Sun,0,"[0, 0, 0, 0]",,,,2364,Minnesota State,ii,Northern Sun,52,"[14, 17, 7, 14]",,,,,,,
401329534,2021,10,regular,2021-11-06T18:00:00.000Z,False,True,False,True,,6067,Carnie Smith Stadium,90,Pittsburg State,ii,Mid America,26,"[7, 10, 0, 9]",,,,2687,Washburn,ii,Mid America,28,"[7, 14, 0, 7]",,,,,,,
401328496,2021,10,regular,2021-11-06T18:00:00.000Z,False,True,False,True,,6065,Cliff Harris Stadium,2888,Ouachita Baptist,ii,Great American,21,"[0, 7, 0, 14]",,,,199,Southeastern Oklahoma State,ii,Great American,35,"[7, 21, 7, 0]",,,,,,,
401329084,2021,10,regular,2021-11-06T18:00:00.000Z,False,True,False,True,,5945,Wildcat Stadium (GA),2232,Fort Valley State,ii,SIAC,0,"[0, 0, 0, 0]",,,,2013,Albany State,ii,SIAC,57,"[24, 14, 10, 9]",,,,,,,
401329402,2021,10,regular,2021-11-06T18:00:00.000Z,False,True,False,True,,5942,Francis G. Welch Stadium,2214,Emporia State,ii,Mid America,56,"[21, 14, 21, 0]",,,,2876,Lincoln (MO),ii,Mid America,21,"[0, 0, 7, 14]",,,,,,,
401328090,2021,10,regular,2021-11-06T18:00:00.000Z,False,True,False,True,,3813,"Luther ""Nick"" Jeralds Stadium",2220,Fayetteville State,ii,CIAA,10,"[0, 10, 0, 0]",,,,2736,Winston-Salem State,ii,CIAA,3,"[0, 0, 0, 3]",,,,,,,
401329349,2021,10,regular,2021-11-06T18:00:00.000Z,False,True,False,True,,6055,Craig Field at Spratt Memorial Stadium,137,Missouri Western,ii,Mid America,59,"[14, 7, 10, 28]",,,,2118,Central Missouri,ii,Mid America,28,"[7, 14, 7, 0]",,,,,,,
401332030,2021,10,regular,2021-11-06T18:00:00.000Z,False,True,False,True,,4421,Multi-Sport Performance Stadium,2017,Alderson-Broaddus,ii,Mountain East,10,"[3, 0, 0, 7]",,,,2148,Concord,ii,Mountain East,23,"[10, 10, 0, 3]",,,,,,,
401329066,2021,10,regular,2021-11-06T18:00:00.000Z,False,True,False,True,,5780,Altra Federal Credit Union Stadium,2851,Winona State,ii,Northern Sun,40,"[0, 20, 5, 15]",,,,389,Upper Iowa,ii,Northern Sun,12,"[6, 0, 6, 0]",,,,,,,
401328702,2021,10,regular,2021-11-06T18:00:00.000Z,False,True,False,True,,3723,QU Stadium,2825,Quincy,ii,Great Lakes,31,"[7, 7, 3, 14]",,,,2586,Southwest Baptist,ii,Great Lakes,47,"[10, 16, 7, 14]",,,,,,,
401329006,2021,10,regular,2021-11-06T18:00:00.000Z,False,True,False,True,,3957,Tiger Stadium (AL),2695,West Alabama,ii,Gulf South,7,"[0, 0, 0, 7]",,,,110242,West Florida,ii,Gulf South,47,"[9, 21, 10, 7]",,,,,,,
401328967,2021,10,regular,2021-11-06T18:00:00.000Z,False,True,False,True,,6027,Albert J. H. Sloan - Alumni Stadium,2396,Miles,ii,SIAC,52,"[13, 8, 10, 21]",,,,2657,Tuskegee,ii,SIAC,23,"[7, 10, 0, 6]",,,,,,,
401329117,2021,10,regular,2021-11-06T18:00:00.000Z,False,True,False,True,,5881,CAU Panther Stadium,2805,Clark Atlanta,ii,SIAC,26,"[0, 7, 13, 6]",,,,60,Morehouse,ii,SIAC,35,"[8, 20, 0, 7]",,,,,,,
401329075,2021,10,regular,2021-11-06T18:00:00.000Z,False,True,False,True,,3951,Swisher Field,425,Northern State,ii,Northern Sun,34,"[7, 14, 7, 6]",,,,132,Bemidji State,ii,Northern Sun,36,"[15, 7, 0, 14]",,,,,,,
401329410,2021,10,regular,2021-11-06T18:00:00.000Z,False,True,False,True,,6062,Gable Field at Doc Wadley Stadium,196,Northeastern State,ii,Mid America,6,"[0, 0, 0, 6]",,,,2231,Fort Hays,ii,Mid America,64,"[6, 21, 23, 14]",,,,,,,
401328614,2021,10,regular,2021-11-06T18:00:00.000Z,False,True,False,True,,3609,Allgood-Bailey Stadium,2402,Missouri S&T,ii,Great Lakes,16,"[0, 0, 10, 6]",,,,2815,Lindenwood,ii,Great Lakes Valley,43,"[19, 14, 3, 7]",,,,,,,
401329506,2021,10,regular,2021-11-06T18:00:00.000Z,False,True,False,True,,6035,"Memorial Stadium (Wayne, NE)",2844,Wayne State (NE),ii,Northern Sun,17,"[0, 10, 0, 7]",,,,2894,Sioux Falls,ii,Northern Sun,38,"[7, 7, 3, 21]",,,,,,,
401329373,2021,10,regular,2021-11-06T18:00:00.000Z,False,True,False,True,,6059,Sanchez Family Stadium,2424,New Mexico Highlands,ii,Rocky Mountain,17,"[3, 7, 0, 7]",,,,613,South Dakota Mines,ii,Rocky Mountain,40,"[14, 23, 3, 0]",,,,,,,
401337873,2021,10,regular,2021-11-06T18:00:00.000Z,False,True,False,True,,5886,West Family Stadium,2699,West Liberty,ii,Mountain East,28,"[7, 7, 0, 14]",,,,2707,West Virginia State,ii,Mountain East,33,"[6, 14, 7, 6]",,,,,,,
401328656,2021,10,regular,2021-11-06T18:00:00.000Z,False,True,False,True,,6047,Leemon Field,2816,McKendree,ii,Great Lakes,13,"[0, 13, 0, 0]",,,,2654,Truman State,ii,Great Lakes,44,"[7, 20, 7, 10]",,,,,,,
401309633,2021,10,regular,2021-11-06T18:00:00.000Z,False,True,False,True,9762,3625,Centennial Bank Stadium,2032,Arkansas State,fbs,Sun Belt,14,"[0, 14, 0, 0]",0,1186,1145,2026,App State,fbs,Sun Belt,48,"[14, 10, 14, 10]",1,1645,1686,3.5224686754407495,,,
401329055,2021,10,regular,2021-11-06T18:00:00.000Z,False,True,False,False,,5880,Elliott Field at Don Beebe Stadium,2123,Chadron State,ii,Rocky Mountain,45,"[7, 0, 17, 21]",,,,2848,Western Oregon,ii,Great Northwest,7,"[0, 0, 0, 7]",,,,,,,
401329466,2021,10,regular,2021-11-06T18:00:00.000Z,False,True,False,False,,3633,Ben Altamirano Field,2703,Western New Mexico,ii,Lone Star,29,"[0, 6, 10, 13]",,,,2120,Central Washington,ii,Great Northwest,54,"[6, 14, 17, 17]",,,,,,,
401328536,2021,10,regular,2021-11-06T18:00:00.000Z,False,True,False,True,,3934,Southern Nazarene University Football Stadium,200,Southern Nazarene,ii,Great American,10,"[7, 3, 0, 0]",,,,2568,Southern Arkansas,ii,Great American,31,"[7, 10, 7, 7]",,,,,,,
401329091,2021,10,regular,2021-11-06T18:00:00.000Z,False,True,False,True,,5875,Charlie W. Johnson Stadium,490,Benedict,ii,SIAC,34,"[14, 3, 7, 10]",,,,2323,Lane College,ii,SIAC,30,"[7, 3, 14, 6]",,,,,,,
401327966,2021,10,regular,2021-11-06T18:00:00.000Z,False,True,False,True,,6032,Hovey Field,2676,Virginia Union,ii,CIAA,20,"[0, 3, 2, 15]",,,,330,Virginia State,ii,CIAA,13,"[7, 0, 6, 0]",,,,,,,
401329711,2021,10,regular,2021-11-06T18:00:00.000Z,False,True,False,True,,6040,Key Stadium,2292,Indianapolis,ii,Great Lakes,45,"[17, 14, 14, 0]",,,,2911,William Jewell,ii,Great Lakes,14,"[0, 7, 0, 7]",,,,,,,
401329149,2021,10,regular,2021-11-06T18:05:00.000Z,False,True,False,True,,6051,James S. Malosky Stadium,134,Minnesota Duluth,ii,Northern Sun,41,"[20, 14, 7, 0]",,,,2043,Augustana (SD),ii,Northern Sun,15,"[7, 0, 0, 8]",,,,,,,
401329032,2021,10,regular,2021-11-06T19:00:00.000Z,False,True,False,True,,5866,Rex Stadium,2001,Adams State,ii,Rocky Mountain,37,"[7, 17, 7, 6]",,,,2237,Fort Lewis,ii,Rocky Mountain,14,"[0, 0, 7, 7]",,,,,,,
401328987,2021,10,regular,2021-11-06T19:00:00.000Z,False,True,False,True,,4851,Bazemore-Hyder Stadium,2673,Valdosta State,ii,Gulf South,31,"[0, 21, 7, 3]",,,,2822,North Greenville,ii,Gulf South,21,"[7, 7, 0, 7]",,,,,,,
401329131,2021,10,regular,2021-11-06T19:00:00.000Z,False,True,False,True,,3638,MDU Resources Community Bowl,559,University of Mary,ii,Northern Sun,49,"[7, 14, 14, 14]",,,,568,Minot State,ii,Northern Sun,31,"[0, 10, 7, 14]",,,,,,,
401329383,2021,10,regular,2021-11-06T19:00:00.000Z,False,True,False,True,,5878,Wantland Stadium,2122,Central Oklahoma,ii,Mid America,22,"[3, 10, 6, 3]",,,,2438,Nebraska Kearney,ii,Mid America,37,"[14, 9, 7, 7]",,,,,,,
401330255,2021,10,regular,2021-11-06T19:00:00.000Z,False,True,False,True,,5917,Ratliff Stadium,110243,UT Permian Basin,ii,Lone Star,22,"[0, 6, 7, 9]",,,,2658,Texas A&M-Kingsville,ii,Lone Star,29,"[6, 17, 3, 3]",,,,,,,
401309635,2021,10,regular,2021-11-06T19:00:00.000Z,False,True,False,True,16237,3644,Bobcat Stadium (TX),326,Texas State,fbs,Sun Belt,27,"[10, 10, 0, 7]",0.9786873459815979,1128,1133,2433,UL Monroe,fbs,Sun Belt,19,"[6, 10, 3, 0]",0.0213126540184021,1020,1015,5.791082614637854,,,
401328402,2021,10,regular,2021-11-06T19:00:00.000Z,False,True,False,True,,6064,Crain Family Stadium,319,Oklahoma Baptist,ii,Great American,34,"[7, 7, 7, 13]",,,,2271,Henderson State,ii,Great American,36,"[6, 3, 17, 10]",,,,,,,
401328317,2021,10,regular,2021-11-06T19:00:00.000Z,False,True,False,True,,5871,Convoy Leslie Cotton Boll Stadium,2028,Arkansas Monticello,ii,Great American,10,"[0, 0, 10, 0]",,,,2191,East Central,ii,Great American,35,"[7, 14, 0, 14]",,,,,,,
401301035,2021,10,regular,2021-11-06T19:00:00.000Z,False,True,False,True,32817,3699,Dowdy-Ficklen Stadium,151,East Carolina,fbs,American Athletic,45,"[7, 14, 14, 10]",0.9967740178108215,1489,1551,218,Temple,fbs,American Athletic,3,"[0, 0, 0, 3]",0.003225982189178467,1025,963,2.7807684758060502,,,
401329303,2021,10,regular,2021-11-06T19:00:00.000Z,False,True,False,True,,5882,Ralph Stocker Stadium,11,Colorado Mesa,ii,Rocky Mountain,52,"[21, 17, 0, 14]",,,,2069,Black Hills State,ii,Rocky Mountain,9,"[0, 0, 3, 6]",,,,,,,
401328396,2021,10,regular,2021-11-06T19:00:00.000Z,False,True,False,True,,5885,First Security Stadium,2264,Harding,ii,Great American,55,"[20, 21, 7, 7]",,,,2927,Southwestern Oklahoma State,ii,Great American,7,"[0, 0, 7, 0]",,,,,,,
401282252,2021,10,regular,2021-11-06T19:00:00.000Z,False,True,False,True,22478,3815,M. M. Roberts Stadium,2572,Southern Miss,fbs,Conference USA,14,"[14, 0, 0, 0]",0.027248194441199303,1099,1045,249,North Texas,fbs,Conference USA,38,"[0, 7, 21, 10]",0.9727518055588007,1177,1231,3.8145264677452553,,,
401329018,2021,10,regular,2021-11-06T19:00:00.000Z,False,True,False,True,,5935,Parker Field at McCool Stadium,2170,Delta State,ii,Gulf South,24,"[0, 7, 7, 7, 3]",,,,2401,Mississippi College,ii,Gulf South,21,"[7, 7, 0, 7, 0]",,,,,,,
401329460,2021,10,regular,2021-11-06T19:00:00.000Z,False,True,False,True,,6054,Fred G. Hughes Stadium,2403,Missouri Southern State,ii,Mid America,7,"[0, 0, 7, 0]",,,,138,Northwest Missouri State,ii,Mid America,49,"[7, 28, 0, 14]",,,,,,,
401328285,2021,10,regular,2021-11-06T19:00:00.000Z,False,True,False,True,,5870,Thone Stadium at Buerkle Field,2033,Arkansas Tech,ii,Great American,56,"[14, 21, 14, 7]",,,,2823,Northwestern (OK),ii,Great American,21,"[0, 0, 7, 14]",,,,,,,
401330265,2021,10,regular,2021-11-06T19:00:00.000Z,False,True,False,False,,5782,Mountaineer Bowl,2714,Western Colorado,ii,Rocky Mountain,72,"[13, 28, 24, 7]",,,,124179,Lincoln (CA),,,6,"[6, 0, 0, 0]",,,,,,,
401309889,2021,10,regular,2021-11-06T19:00:00.000Z,False,True,False,True,30677,3619,Arizona Stadium,12,Arizona,fbs,Pac-12,10,"[0, 0, 3, 7]",0.9678276181221008,1204,1233,25,California,fbs,Pac-12,3,"[0, 0, 3, 0]",0.03217238187789917,1517,1488,5.4749021338799855,,,
401328552,2021,10,regular,2021-11-06T19:00:00.000Z,False,True,False,True,,3925,Seibert Stadium,2535,Samford,fcs,Southern,35,"[7, 14, 14, 0]",,,,2643,The Citadel,fcs,Southern,14,"[0, 7, 0, 7]",,,,,,,
401328369,2021,10,regular,2021-11-06T19:00:00.000Z,False,True,False,True,,5237,Dana J. Dykhouse Stadium,2571,South Dakota State,fcs,MVFC,27,"[14, 10, 3, 0]",,,,2449,North Dakota State,fcs,MVFC,19,"[7, 0, 7, 5]",,,,,,,
401328622,2021,10,regular,2021-11-06T19:00:00.000Z,False,True,False,True,,5238,Panther Stadium,2504,Prairie View A&M,fcs,SWAC,24,"[7, 3, 0, 14]",,,,2011,Alabama State,fcs,SWAC,20,"[10, 10, 0, 0]",,,,,,,
401328604,2021,10,regular,2021-11-06T19:00:00.000Z,False,True,False,True,,3734,Gayle and Tom Benson Stadium,2916,Incarnate Word,fcs,Southland,55,"[7, 21, 14, 13]",,,,2545,SE Louisiana,fcs,Southland,52,"[7, 10, 21, 14]",,,,,,,
401328093,2021,10,regular,2021-11-06T19:00:00.000Z,False,True,False,True,,3942,Stewart Stadium,2692,Weber State,fcs,Big Sky,18,"[7, 0, 3, 8]",,,,2502,Portland State,fcs,Big Sky,30,"[0, 10, 7, 13]",,,,,,,
401328431,2021,10,regular,2021-11-06T19:00:00.000Z,False,True,False,True,,3748,Graham Stadium,2630,UT Martin,fcs,OVC,41,"[0, 21, 0, 20]",,,,2634,Tennessee State,fcs,OVC,20,"[0, 3, 3, 14]",,,,,,,
401328638,2021,10,regular,2021-11-06T19:00:00.000Z,False,True,False,True,,3740,Golden Lion Stadium,2029,Arkansas-Pine Bluff,fcs,SWAC,33,"[3, 14, 7, 9]",,,,2755,Grambling,fcs,SWAC,26,"[2, 7, 7, 10]",,,,,,,
401328410,2021,10,regular,2021-11-06T19:00:00.000Z,False,True,False,True,,3742,Governors Stadium,2046,Austin Peay,fcs,OVC,42,"[7, 21, 7, 7]",,,,2197,Eastern Illinois,fcs,OVC,26,"[13, 7, 0, 6]",,,,,,,
401286303,2021,10,regular,2021-11-06T19:30:00.000Z,False,True,False,False,7284,3985,Warren McGuirk Alumni Stadium,113,Massachusetts,fbs,FBS Independents,22,"[6, 10, 0, 6]",0.024720150977373123,528,,227,Rhode Island,fcs,CAA,35,"[7, 14, 14, 0]",0.9752798490226269,,,4.612224998238866,,,
401328115,2021,10,regular,2021-11-06T19:30:00.000Z,False,True,False,False,,3651,Bridgeforth Stadium,256,James Madison,fcs,CAA,51,"[10, 17, 10, 14]",,,,2097,Campbell,fcs,Big South,14,"[7, 0, 7, 0]",,,,,,,
401309914,2021,10,regular,2021-11-06T19:30:00.000Z,False,True,False,False,63470,3801,LaVell Edwards Stadium,252,BYU,fbs,FBS Independents,59,"[21, 21, 7, 10]",0.9755420684814453,1863,,304,Idaho State,fcs,Big Sky,14,"[0, 7, 7, 0]",0.024457931518554688,1003,,2.039415611280742,,,
401282824,2021,10,regular,2021-11-06T19:30:00.000Z,False,True,False,True,40280,6577,SHI Stadium,164,Rutgers,fbs,Big Ten,3,"[3, 0, 0, 0]",0,1424,1323,275,Wisconsin,fbs,Big Ten,52,"[7, 24, 21, 0]",1,1784,1885,3.7289306637224864,,,
401287937,2021,10,regular,2021-11-06T19:30:00.000Z,False,True,False,True,50109,3842,Milan Puskar Stadium,277,West Virginia,fbs,Big 12,3,"[3, 0, 0, 0]",0.05272833630442619,1554,1525,197,Oklahoma State,fbs,Big 12,24,"[0, 10, 7, 7]",0.9472716636955738,1784,1813,3.6780271710408696,,,
401282247,2021,10,regular,2021-11-06T19:30:00.000Z,False,True,False,True,16050,4418,Jerry Richardson Stadium,2429,Charlotte,fbs,Conference USA,31,"[7, 7, 0, 10, 7]",0.5492691993713379,1214,1219,242,Rice,fbs,Conference USA,24,"[0, 7, 10, 7, 0]",0.4507308006286621,1131,1126,5.4509835229703665,,,
401282126,2021,10,regular,2021-11-06T19:30:00.000Z,False,True,False,True,109835,3795,Kyle Field,245,Texas A&M,fbs,SEC,20,"[3, 0, 3, 14]",0.8814953565597534,1809,1841,2,Auburn,fbs,SEC,3,"[3, 0, 0, 0]",0.11850464344024658,1750,1718,3.8012772582251753,,,
401282787,2021,10,regular,2021-11-06T19:30:00.000Z,False,True,False,True,57748,3907,Ross-Ade Stadium,2509,Purdue,fbs,Big Ten,40,"[7, 14, 10, 9]",0.9554100632667542,1620,1640,127,Michigan State,fbs,Big Ten,29,"[7, 7, 7, 8]",0.04458993673324585,1626,1606,4.564331491677628,,,
401287936,2021,10,regular,2021-11-06T19:30:00.000Z,False,True,False,True,40338,3616,Amon G. Carter Stadium,2628,TCU,fbs,Big 12,30,"[7, 9, 7, 7]",0.940302312374115,1549,1551,239,Baylor,fbs,Big 12,28,"[7, 7, 7, 7]",0.05969768762588501,1696,1694,7.507219064834842,,,
401309636,2021,10,regular,2021-11-06T19:30:00.000Z,False,True,False,True,26211,3975,Veterans Memorial Stadium (AL),2653,Troy,fbs,Sun Belt,31,"[10, 21, 0, 0]",0.9821416139602661,1394,1403,6,South Alabama,fbs,Sun Belt,24,"[7, 7, 7, 3]",0.017858386039733887,1392,1383,2.998967371351367,,,
401282768,2021,10,regular,2021-11-06T19:30:00.000Z,False,True,False,True,46924,3665,SECU Stadium,120,Maryland,fbs,Big Ten,14,"[0, 6, 0, 8]",0.09527565538883209,1316,1319,213,Penn State,fbs,Big Ten,31,"[7, 0, 7, 17]",0.9047243446111679,1781,1778,6.226575571956617,,,
401282251,2021,10,regular,2021-11-06T19:30:00.000Z,False,True,False,True,15022,3796,Houchens Industries-L.T. Smith Stadium,98,Western Kentucky,fbs,Conference USA,48,"[21, 10, 17, 0]",0.8576526641845703,1503,1557,2393,Middle Tennessee,fbs,Conference USA,21,"[7, 7, 0, 7]",0.1423473358154297,1364,1310,3.3304106136246787,,,
401282710,2021,10,regular,2021-11-06T19:30:00.000Z,False,True,False,False,77096,3855,Notre Dame Stadium,87,Notre Dame,fbs,FBS Independents,34,"[0, 17, 0, 17]",0.9741895794868469,1828,1845,2426,Navy,fbs,American Athletic,6,"[3, 0, 3, 0]",0.025810420513153076,1316,1299,3.7991004949714724,,,
401310736,2021,10,regular,2021-11-06T19:30:00.000Z,False,True,False,True,24926,3984,War Memorial Stadium,2751,Wyoming,fbs,Mountain West,31,"[7, 10, 7, 7]",0.7871448993682861,1475,1507,36,Colorado State,fbs,Mountain West,17,"[7, 3, 0, 7]",0.21285510063171387,1517,1485,3.564138186945148,,,
401301037,2021,10,regular,2021-11-06T19:30:00.000Z,False,True,False,True,37978,3854,Nippert Stadium,2132,Cincinnati,fbs,American Athletic,28,"[14, 0, 14, 0]",0.526213526725769,1939,1921,202,Tulsa,fbs,American Athletic,20,"[0, 12, 0, 8]",0.47378647327423096,1402,1420,4.0000571176921325,,,
401310738,2021,10,regular,2021-11-06T20:00:00.000Z,False,True,False,False,7802,3601,Aggie Memorial Stadium,166,New Mexico State,fbs,FBS Independents,13,"[10, 3, 0, 0]",0.06195012852549553,1106,1081,328,Utah State,fbs,Mountain West,35,"[0, 7, 21, 7]",0.9380498714745045,1393,1418,3.821772671850081,,,
401329696,2021,10,regular,2021-11-06T20:00:00.000Z,False,True,False,False,,7075,Electric Supply Company Field,122666,Barton,ii,Independent DII,20,"[10, 3, 0, 7]",,,,2331,Lenoir Rhyne,ii,South Atlantic,56,"[7, 14, 14, 21]",,,,,,,
401282121,2021,10,regular,2021-11-06T20:00:00.000Z,False,True,False,True,68818,3887,Razorback Stadium,8,Arkansas,fbs,SEC,31,"[10, 3, 3, 15]",0.8752366900444031,1593,1594,344,Mississippi State,fbs,SEC,28,"[0, 7, 7, 14]",0.12476330995559692,1619,1618,6.651133609738058,,,
401329324,2021,10,regular,2021-11-06T20:00:00.000Z,False,True,False,True,,4852,Neta and Eddie DeRose ThunderBowl,2570,CSU Pueblo,ii,Rocky Mountain,12,"[3, 3, 0, 6]",,,,2146,Colorado School of Mines,ii,Rocky Mountain,28,"[0, 7, 7, 14]",,,,,,,
401328524,2021,10,regular,2021-11-06T20:00:00.000Z,False,True,False,True,,716,Torero Stadium,301,San Diego,fcs,Pioneer,10,"[0, 3, 7, 0]",,,,2413,Morehead State,fcs,Pioneer,3,"[3, 0, 0, 0]",,,,,,,
401328582,2021,10,regular,2021-11-06T20:00:00.000Z,False,True,False,True,,3963,Harry Turpin Stadium,2466,Northwestern State,fcs,Southland,28,"[0, 6, 0, 22]",,,,2277,Houston Christian,fcs,Southland,24,"[17, 0, 0, 7]",,,,,,,
401282679,2021,10,regular,2021-11-06T20:00:00.000Z,False,True,False,True,50835,3697,Doak Campbell Stadium,52,Florida State,fbs,ACC,14,"[0, 0, 14, 0]",0,1514,1495,152,NC State,fbs,ACC,28,"[7, 7, 7, 7]",1,1648,1667,4.752809930105325,,,
401301036,2021,10,regular,2021-11-06T20:00:00.000Z,False,True,False,True,41030,3652,FBC Mortgage Stadium,2116,UCF,fbs,American Athletic,14,"[7, 0, 0, 7]",0.551811158657074,1652,1646,2655,Tulane,fbs,American Athletic,10,"[0, 0, 10, 0]",0.448188841342926,1350,1356,5.889613102939047,,,
401328079,2021,10,regular,2021-11-06T20:00:00.000Z,False,True,False,True,,2023,Walkup Skydome,2464,Northern Arizona,fcs,Big Sky,24,"[14, 3, 0, 7]",,,,302,UC Davis,fcs,Big Sky,40,"[8, 12, 17, 3]",,,,,,,
401328045,2021,10,regular,2021-11-06T20:00:00.000Z,False,True,False,True,,3906,Roos Field,331,Eastern Washington,fcs,Big Sky,20,"[13, 0, 0, 7]",,,,147,Montana State,fcs,Big Sky,23,"[7, 9, 0, 7]",,,,,,,
401328054,2021,10,regular,2021-11-06T20:00:00.000Z,False,True,False,True,,3791,Kibbie Dome,70,Idaho,fcs,Big Sky,42,"[14, 14, 7, 7]",,,,253,Southern Utah,fcs,Big Sky,24,"[7, 3, 7, 7]",,,,,,,
401329100,2021,10,regular,2021-11-06T21:00:00.000Z,False,True,False,True,,5869,LeGrand Stadium at 1st Community Credit Union Field,2025,Angelo State,ii,Lone Star,30,"[0, 17, 13, 0]",,,,2837,East Texas A&M,ii,Lone Star,3,"[0, 0, 0, 3]",,,,,,,
401328953,2021,10,regular,2021-11-06T21:00:00.000Z,False,True,False,False,,3952,Ted Wright Stadium,2542,Savannah State,ii,SIAC,24,"[7, 3, 0, 14]",,,,2206,Edward Waters,ii,SIAC,0,"[0, 0, 0, 0]",,,,,,,
401327994,2021,10,regular,2021-11-06T21:00:00.000Z,False,True,False,True,,3756,Homer Bryce Stadium,2617,Stephen F. Austin,fcs,Western Athletic,31,"[7, 10, 7, 7]",,,,2198,Eastern Kentucky,fcs,AWC,17,"[0, 10, 0, 7]",,,,,,,
401327974,2021,10,regular,2021-11-06T21:00:00.000Z,False,True,False,False,,3711,Estes Stadium,2110,Central Arkansas,fcs,AWC,63,"[21, 28, 14, 0]",,,,102626,Texas Wesleyan,,,3,"[0, 0, 0, 3]",,,,,,,
401282249,2021,10,regular,2021-11-06T22:00:00.000Z,False,True,False,True,21803,3715,FAU Stadium,2226,Florida Atlantic,fbs,Conference USA,13,"[10, 3, 0, 0]",0.4992768466472626,1594,1566,276,Marshall,fbs,Conference USA,28,"[7, 14, 7, 0]",0.5007231533527374,1664,1692,11.139504181512134,,,
401309634,2021,10,regular,2021-11-06T22:00:00.000Z,False,True,False,True,12875,3608,Allen E. Paulson Stadium,290,Georgia Southern,fbs,Sun Belt,8,"[0, 0, 0, 8]",0.0282023623585701,1343,1339,324,Coastal Carolina,fbs,Sun Belt,28,"[0, 21, 7, 0]",0.9717976376414299,1802,1806,4.396674885908265,,,
401282123,2021,10,regular,2021-11-06T23:00:00.000Z,False,True,False,True,61690,3683,Kroger Field,96,Kentucky,fbs,SEC,42,"[7, 14, 14, 7]",0.09850450605154037,1636,1631,2633,Tennessee,fbs,SEC,45,"[14, 10, 14, 7]",0.9014954939484596,1623,1628,9.512597635947527,,,
401309891,2021,10,regular,2021-11-06T23:00:00.000Z,False,True,False,True,47984,3726,Folsom Field,38,Colorado,fbs,Pac-12,37,"[10, 3, 7, 7, 10]",0.9714718461036682,1342,1345,204,Oregon State,fbs,Pac-12,34,"[0, 10, 7, 10, 7]",0.028528153896331787,1518,1515,7.804819589094047,,,
401328662,2021,10,regular,2021-11-06T23:00:00.000Z,False,True,False,True,,3599,Ace W. Mumford Stadium,2582,Southern,fcs,SWAC,17,"[14, 3, 0, 0]",,,,50,Florida A&M,fcs,SWAC,29,"[7, 13, 3, 6]",,,,,,,
401282757,2021,10,regular,2021-11-06T23:00:00.000Z,False,True,False,True,38141,3911,Ryan Field,77,Northwestern,fbs,Big Ten,12,"[0, 3, 3, 6]",0.04273536056280136,1400,1416,2294,Iowa,fbs,Big Ten,17,"[7, 7, 3, 0]",0.9572646394371986,1780,1764,4.23820654145557,,,
401282248,2021,10,regular,2021-11-06T23:00:00.000Z,False,True,False,True,,218,FIU Stadium,2229,Florida International,fbs,Conference USA,24,"[10, 0, 7, 7]",0.038848891854286194,1126,1072,295,Old Dominion,fbs,Conference USA,47,"[24, 0, 6, 17]",0.9611511081457138,1182,1236,4.471076772332571,,,
401310737,2021,10,regular,2021-11-06T23:00:00.000Z,False,True,False,True,14007,3971,University Stadium (NM),167,New Mexico,fbs,Mountain West,17,"[7, 10, 0, 0]",0.11076661944389343,1228,1188,2439,UNLV,fbs,Mountain West,31,"[7, 14, 3, 7]",0.8892333805561066,1147,1187,4.582718276228791,,,
401310735,2021,10,regular,2021-11-06T23:00:00.000Z,False,True,False,True,41031,3660,Valley Children's Stadium,278,Fresno State,fbs,Mountain West,14,"[0, 7, 0, 7]",0.011719964444637299,1627,1563,68,Boise State,fbs,Mountain West,40,"[10, 6, 7, 17]",0.9882800355553627,1682,1746,4.150989181464974,,,
401328009,2021,10,regular,2021-11-06T23:00:00.000Z,False,True,False,True,,3827,"Memorial Stadium (Stephenville, TX)",2627,Tarleton State,fcs,Western Athletic,42,"[7, 14, 7, 14]",,,,2320,Lamar,fcs,Western Athletic,21,"[7, 7, 0, 7]",,,,,,,
401282120,2021,10,regular,2021-11-06T23:00:00.000Z,False,True,False,True,100077,3657,Bryant-Denny Stadium,333,Alabama,fbs,SEC,20,"[0, 14, 6, 0]",0.9829197525978088,2205,2187,99,LSU,fbs,SEC,14,"[7, 0, 7, 0]",0.017080247402191162,1624,1642,5.830416676426499,,,
401329111,2021,10,regular,2021-11-06T23:00:00.000Z,False,True,False,True,,5884,Buffalo Stadium,2704,West Texas,ii,Lone Star,15,"[0, 0, 15, 0]",,,,2395,Midwestern State,ii,Lone Star,12,"[0, 12, 0, 0]",,,,,,,
401309890,2021,10,regular,2021-11-06T23:30:00.000Z,False,True,False,True,63193,3765,Husky Stadium,264,Washington,fbs,Pac-12,16,"[9, 0, 0, 7]",0.1259971559047699,1666,1651,2483,Oregon,fbs,Pac-12,26,"[3, 7, 7, 9]",0.8740028440952301,1729,1744,4.772858307148877,,,
401287934,2021,10,regular,2021-11-06T23:30:00.000Z,False,True,False,True,61500,3772,Jack Trice Stadium,66,Iowa State,fbs,Big 12,30,"[3, 0, 21, 6]",0.9742076992988586,1856,1909,251,Texas,fbs,Big 12,7,"[0, 7, 0, 0]",0.025792300701141357,1829,1776,4.03724577084716,,,
401282680,2021,10,regular,2021-11-06T23:30:00.000Z,False,True,False,True,51729,3873,L&N Federal Credit Union Stadium,97,Louisville,fbs,ACC,24,"[14, 3, 7, 0]",0.24639621376991272,1526,1536,228,Clemson,fbs,ACC,30,"[7, 10, 0, 13]",0.7536037862300873,1820,1810,6.524650430135862,,,
401301038,2021,10,regular,2021-11-06T23:30:00.000Z,False,True,False,True,28667,3886,Raymond James Stadium,58,South Florida,fbs,American Athletic,42,"[14, 14, 7, 7]",0.052489787340164185,1201,1215,248,Houston,fbs,American Athletic,54,"[9, 17, 21, 7]",0.9475102126598358,1676,1662,6.993766420036894,,,
401282727,2021,10,regular,2021-11-06T23:30:00.000Z,False,True,False,True,109890,3558,Michigan Stadium,130,Michigan,fbs,Big Ten,29,"[3, 14, 6, 6]",0.9835936427116394,1870,1882,84,Indiana,fbs,Big Ten,7,"[0, 7, 0, 0]",0.016406357288360596,1461,1449,3.2052110127218407,,,
401282125,2021,10,regular,2021-11-06T23:30:00.000Z,False,True,False,True,70131,3994,Williams-Brice Stadium,2579,South Carolina,fbs,SEC,40,"[10, 20, 10, 0]",1,1321,1432,57,Florida,fbs,SEC,17,"[7, 3, 0, 7]",0,1753,1642,3.5025018020354612,,,
401328035,2021,10,regular,2021-11-07T01:00:00.000Z,False,True,False,True,,3757,Hornet Stadium,16,Sacramento State,fcs,Big Sky,41,"[14, 10, 10, 7]",,,,13,Cal Poly,fcs,Big Sky,9,"[0, 9, 0, 0]",,,,,,,
401310740,2021,10,regular,2021-11-07T02:00:00.000Z,False,True,False,True,17770,3816,Mackay Stadium,2440,Nevada,fbs,Mountain West,27,"[7, 0, 10, 10]",0.2572839856147766,1587,1586,23,San José State,fbs,Mountain West,24,"[7, 0, 7, 10]",0.7427160143852234,1394,1395,7.692403803073358,,,
401282253,2021,10,regular,2021-11-07T02:15:00.000Z,False,True,False,True,31658,3946,Sun Bowl,2638,UTEP,fbs,Conference USA,23,"[6, 3, 7, 7]",0.18300224840641022,1316,1295,2636,UTSA,fbs,Conference USA,44,"[16, 14, 7, 7]",0.8169977515935898,1620,1641,3.118289994083806,,,
401309892,2021,10,regular,2021-11-07T02:30:00.000Z,False,True,False,True,53926,3947,Mountain America Stadium,9,Arizona State,fbs,Pac-12,31,"[7, 7, 3, 14]",0.9612120389938354,1662,1687,30,USC,fbs,Pac-12,16,"[0, 10, 6, 0]",0.03878796100616455,1587,1562,4.705496416929404,,,
401310739,2021,10,regular,2021-11-07T03:00:00.000Z,False,True,False,True,6239,7220,Clarence T.C. Ching Athletics Complex,62,Hawai'i,fbs,Mountain West,10,"[7, 0, 0, 3]",0,1316,1325,21,San Diego State,fbs,Mountain West,17,"[7, 7, 0, 3]",1,1620,1611,5.012121093976124,,,
401308840,2021,11,regular,2021-11-10T00:00:00.000Z,False,True,False,True,10069,3996,Yager Stadium,193,Miami (OH),fbs,Mid-American,45,"[10, 14, 14, 7]",0.9956027865409851,1409,1484,2084,Buffalo,fbs,Mid-American,18,"[7, 3, 0, 8]",0.004397213459014893,1450,1375,3.7241644706547885,,,
401309584,2021,11,regular,2021-11-10T00:00:00.000Z,False,True,False,True,8443,3980,Waldo Stadium,2711,Western Michigan,fbs,Mid-American,45,"[7, 17, 7, 14]",0.9979770912588009,1429,1418,2006,Akron,fbs,Mid-American,40,"[7, 7, 10, 16]",0.0020229087411991475,986,997,4.498832763,,,
401309583,2021,11,regular,2021-11-10T01:00:00.000Z,False,True,False,True,13636,3912,Rynearson Stadium,2199,Eastern Michigan,fbs,Mid-American,26,"[7, 6, 7, 6]",0.03537674993276596,1486,1457,195,Ohio,fbs,Mid-American,34,"[14, 6, 7, 7]",0.964623250067234,1333,1362,5.150001747633108,,,
401309587,2021,11,regular,2021-11-11T00:00:00.000Z,False,True,False,True,7894,3764,Huskie Stadium,2459,Northern Illinois,fbs,Mid-American,30,"[0, 17, 3, 10]",0.7240268588066101,1254,1261,2050,Ball State,fbs,Mid-American,29,"[10, 7, 9, 3]",0.2759731411933899,1470,1463,6.951000615044609,,,
401309585,2021,11,regular,2021-11-11T00:00:00.000Z,False,True,False,True,18349,3700,Doyt L. Perry Stadium,189,Bowling Green,fbs,Mid-American,17,"[7, 3, 0, 7]",0.0015075283590704203,1080,1040,2649,Toledo,fbs,Mid-American,49,"[14, 21, 7, 7]",0.9984924716409296,1497,1537,3.6979378547397768,,,
401309586,2021,11,regular,2021-11-11T01:00:00.000Z,False,True,False,True,9213,3786,Kelly/Shorts Stadium,2117,Central Michigan,fbs,Mid-American,54,"[0, 26, 14, 14]",0.9632850289344788,1394,1444,2309,Kent State,fbs,Mid-American,30,"[14, 3, 13, 0]",0.03671497106552124,1304,1254,4.963663443028272,,,
401282683,2021,11,regular,2021-11-12T00:30:00.000Z,False,True,False,True,41687,3752,Acrisure Stadium,221,Pittsburgh,fbs,ACC,30,"[17, 6, 0, 0, 7]",0.828497588634491,1727,1733,153,North Carolina,fbs,ACC,23,"[0, 7, 6, 10, 0]",0.17150241136550903,1664,1658,4.729836501663724,,,
401301040,2021,11,regular,2021-11-12T23:00:00.000Z,False,True,False,True,30780,3886,Raymond James Stadium,58,South Florida,fbs,American Athletic,28,"[7, 0, 14, 7]",0.07261313498020172,1215,1238,2132,Cincinnati,fbs,American Athletic,45,"[7, 17, 7, 14]",0.9273868650197983,1921,1898,4.397337354006763,,,
401341943,2021,11,regular,2021-11-13T00:00:00.000Z,False,True,False,True,,5943,Duvall-Rosier Field,2986,Fairmont State,ii,Mountain East,29,"[3, 12, 14, 0]",,,,112335,Wheeling,ii,Mountain East,14,"[7, 0, 7, 0]",,,,,,,
401310742,2021,11,regular,2021-11-13T02:00:00.000Z,False,True,False,True,35454,3653,Albertsons Stadium,68,Boise State,fbs,Mountain West,23,"[7, 3, 3, 10]",0.8166273236274719,1746,1747,2751,Wyoming,fbs,Mountain West,13,"[0, 7, 0, 6]",0.18337267637252808,1507,1506,3.4726570180897065,,,
401301042,2021,11,regular,2021-11-13T17:00:00.000Z,False,True,False,True,28431,3805,Simmons Bank Liberty Stadium,235,Memphis,fbs,American Athletic,29,"[7, 6, 7, 3, 6]",0.6602899432182312,1507,1508,151,East Carolina,fbs,American Athletic,30,"[7, 9, 0, 7, 7]",0.3397100567817688,1551,1550,7.218895739634329,,,
401328505,2021,11,regular,2021-11-13T17:00:00.000Z,False,True,False,True,,3664,Butler Bowl,2086,Butler,fcs,Pioneer,3,"[3, 0, 0, 0]",,,,2674,Valparaiso,fcs,Pioneer,47,"[10, 20, 10, 7]",,,,,,,
401329178,2021,11,regular,2021-11-13T17:00:00.000Z,False,True,False,True,,6052,Herb Parker Stadium,568,Minot State,ii,Northern Sun,28,"[7, 14, 0, 7]",,,,3066,Concordia St. Paul,ii,Northern Sun,20,"[0, 13, 7, 0]",,,,,,,
401332297,2021,11,regular,2021-11-13T17:00:00.000Z,False,True,False,True,,3623,Arthur J. Rooney Athletic Field,2184,Duquesne,fcs,NEC,31,"[3, 7, 7, 14]",,,,2115,Central Connecticut,fcs,NEC,27,"[0, 17, 3, 7]",,,,,,,
401328999,2021,11,regular,2021-11-13T17:00:00.000Z,False,True,False,True,,6061,Younts Stadium,2822,North Greenville,ii,Gulf South,56,"[21, 14, 14, 7]",,,,2560,Shorter,ii,Gulf South,0,"[0, 0, 0, 0]",,,,,,,
401282128,2021,11,regular,2021-11-13T17:00:00.000Z,False,True,False,True,87451,3785,Jordan-Hare Stadium,2,Auburn,fbs,SEC,34,"[14, 14, 0, 6]",0.11253149062395096,1718,1691,344,Mississippi State,fbs,SEC,43,"[3, 7, 13, 20]",0.887468509376049,1618,1645,5.631625340338542,,,
401329209,2021,11,regular,2021-11-13T17:00:00.000Z,False,True,False,True,,4427,John A. Farrell Stadium,223,West Chester,ii,Pennsylvania State Athletic,24,"[0, 17, 0, 7]",,,,2291,IU Pennsylvania,ii,Pennsylvania State Athletic,31,"[0, 3, 0, 28]",,,,,,,
401328274,2021,11,regular,2021-11-13T17:00:00.000Z,False,True,False,True,,3750,Harvard Stadium,108,Harvard,fcs,Ivy,23,"[7, 6, 3, 7]",,,,219,Pennsylvania,fcs,Ivy,7,"[0, 7, 0, 0]",,,,,,,
401282780,2021,11,regular,2021-11-13T17:00:00.000Z,False,True,False,True,109534,3632,Beaver Stadium,213,Penn State,fbs,Big Ten,17,"[3, 3, 0, 11]",0.15066981315612793,1778,1778,130,Michigan,fbs,Big Ten,21,"[0, 7, 7, 7]",0.8493301868438721,1882,1882,6.758735168509564,,,
401329440,2021,11,regular,2021-11-13T17:00:00.000Z,False,True,False,True,,6063,Mueller Field,587,Notre Dame College,ii,Mountain East,72,"[28, 21, 16, 7]",,,,2017,Alderson-Broaddus,ii,Mountain East,7,"[0, 0, 0, 7]",,,,,,,
401282684,2021,11,regular,2021-11-13T17:00:00.000Z,False,True,False,False,77522,3836,"Memorial Stadium (Clemson, SC)",228,Clemson,fbs,ACC,44,"[10, 20, 7, 7]",0.9769669771194458,1810,1815,41,UConn,fbs,FBS Independents,7,"[7, 0, 0, 0]",0.0230330228805542,940,935,3.7032719387661377,,,
401328484,2021,11,regular,2021-11-13T17:00:00.000Z,False,True,False,True,,3741,Goodman Stadium,2329,Lehigh,fcs,Patriot,23,"[0, 10, 3, 10]",,,,46,Georgetown,fcs,Patriot,9,"[0, 0, 7, 2]",,,,,,,
401329189,2021,11,regular,2021-11-13T17:00:00.000Z,False,True,False,True,,4435,Robert B. Redman Stadium,2071,Bloomsburg,ii,Pennsylvania State Athletic,9,"[0, 0, 0, 9]",,,,2858,California (PA),ii,Pennsylvania State Athletic,24,"[7, 3, 7, 7]",,,,,,,
401337826,2021,11,regular,2021-11-13T17:00:00.000Z,False,True,False,True,,3988,Welcome Stadium,2168,Dayton,fcs,Pioneer,38,"[10, 7, 7, 14]",,,,2166,Davidson,fcs,Pioneer,29,"[6, 10, 0, 13]",,,,,,,
401329331,2021,11,regular,2021-11-13T17:00:00.000Z,False,True,False,True,,3694,DeGol Field,2598,Saint Francis,fcs,NEC,22,"[13, 6, 0, 3]",,,,2771,Merrimack,fcs,NEC,6,"[0, 0, 6, 0]",,,,,,,
401301043,2021,11,regular,2021-11-13T17:00:00.000Z,False,True,False,True,18440,3806,Lincoln Financial Field,218,Temple,fbs,American Athletic,8,"[0, 0, 0, 8]",0,963,961,248,Houston,fbs,American Athletic,37,"[7, 3, 14, 13]",1,1662,1664,3.195293308833646,,,
401328370,2021,11,regular,2021-11-13T17:00:00.000Z,False,True,False,True,,844,Stambaugh Stadium,2754,Youngstown State,fcs,MVFC,17,"[0, 3, 7, 7]",,,,2449,North Dakota State,fcs,MVFC,49,"[7, 14, 14, 14]",,,,,,,
401282806,2021,11,regular,2021-11-13T17:00:00.000Z,False,True,False,True,73194,347,Camp Randall Stadium,275,Wisconsin,fbs,Big Ten,35,"[0, 21, 14, 0]",0.9926139116287231,1885,1907,77,Northwestern,fbs,Big Ten,7,"[0, 0, 0, 7]",0.0073860883712768555,1416,1394,2.4373457141587798,,,
401332304,2021,11,regular,2021-11-13T17:00:00.000Z,False,True,False,True,,3668,Campus Field,2529,Sacred Heart,fcs,NEC,27,"[3, 14, 10, 0]",,,,2681,Wagner,fcs,NEC,0,"[0, 0, 0, 0]",,,,,,,
401282127,2021,11,regular,2021-11-13T17:00:00.000Z,False,True,False,False,97011,3657,Bryant-Denny Stadium,333,Alabama,fbs,SEC,59,"[14, 35, 0, 10]",0.9917270541191101,2187,2216,166,New Mexico State,fbs,FBS Independents,3,"[3, 0, 0, 0]",0.008272945880889893,1081,1052,2.2620826111879104,,,
401328645,2021,11,regular,2021-11-13T17:00:00.000Z,False,True,False,True,,3902,Eddie Robinson Stadium,2755,Grambling,fcs,SWAC,14,"[0, 7, 0, 7]",,,,2065,Bethune-Cookman,fcs,SWAC,31,"[14, 10, 0, 7]",,,,,,,
401287939,2021,11,regular,2021-11-13T17:00:00.000Z,False,True,False,True,43932,3636,Bill Snyder Family Stadium,2306,Kansas State,fbs,Big 12,34,"[14, 3, 7, 10]",0.9944409728050232,1595,1626,277,West Virginia,fbs,Big 12,17,"[0, 3, 7, 7]",0.005559027194976807,1525,1494,2.588874156348813,,,
401282687,2021,11,regular,2021-11-13T17:00:00.000Z,False,True,False,True,43797,3873,L&N Federal Credit Union Stadium,97,Louisville,fbs,ACC,41,"[14, 21, 3, 3]",0.992982804775238,1536,1640,183,Syracuse,fbs,ACC,3,"[3, 0, 0, 0]",0.007017195224761963,1496,1392,2.208891544589331,,,
401328158,2021,11,regular,2021-11-13T17:00:00.000Z,False,True,False,True,,5389,Kessler Stadium,2405,Monmouth,fcs,Big South,44,"[14, 24, 0, 6]",,,,2523,Robert Morris,fcs,Big South,7,"[7, 0, 0, 0]",,,,,,,
401387494,2021,11,regular,2021-11-13T17:00:00.000Z,False,True,False,True,,5133,Ram Stadium (WV),2974,Shepherd,ii,Pennsylvania State Athletic,55,"[7, 17, 18, 13]",,,,2134,Clarion,ii,Pennsylvania State Athletic,0,"[0, 0, 0, 0]",,,,,,,
401301041,2021,11,regular,2021-11-13T17:00:00.000Z,False,True,False,True,23175,3735,Gerald J. Ford Stadium,2567,SMU,fbs,American Athletic,55,"[21, 17, 7, 10]",0.9863168597221375,1622,1695,2116,UCF,fbs,American Athletic,28,"[14, 0, 7, 7]",0.013683140277862549,1646,1573,3.873918870740435,,,
401282728,2021,11,regular,2021-11-13T17:00:00.000Z,False,True,False,True,40171,3830,"Memorial Stadium (Bloomington, IN)",84,Indiana,fbs,Big Ten,3,"[0, 3, 0, 0]",0.015133149921894073,1449,1328,164,Rutgers,fbs,Big Ten,38,"[14, 3, 14, 7]",0.9848668500781059,1323,1444,3.6516935686322283,,,
401329429,2021,11,regular,2021-11-13T17:00:00.000Z,False,True,False,True,,4431,Chryst Field at Biemesderfer Stadium,210,Millersville,ii,Pennsylvania State Athletic,21,"[0, 7, 7, 7]",,,,2205,Edinboro,ii,Pennsylvania State Athletic,42,"[7, 28, 0, 7]",,,,,,,
401287938,2021,11,regular,2021-11-13T17:00:00.000Z,False,True,False,True,46782,4727,McLane Stadium,239,Baylor,fbs,Big 12,27,"[0, 7, 3, 17]",0.9334504008293152,1694,1737,201,Oklahoma,fbs,Big 12,14,"[0, 7, 0, 7]",0.06654959917068481,1888,1845,6.893019796120175,,,
401329486,2021,11,regular,2021-11-13T17:00:00.000Z,False,True,False,True,,3698,Donnell Stadium,2224,Findlay,ii,Great Midwest Athletic,26,"[14, 9, 0, 3]",,,,2838,Tiffin,ii,Great Midwest Athletic,21,"[7, 7, 0, 7]",,,,,,,
401329455,2021,11,regular,2021-11-13T17:00:00.000Z,False,True,False,False,,5884,Buffalo Stadium,2704,West Texas,ii,Lone Star,52,"[10, 21, 14, 7]",,,,121754,Bethel Col,,,9,"[9, 0, 0, 0]",,,,,,,
401286304,2021,11,regular,2021-11-13T17:00:00.000Z,False,True,False,False,5331,3985,Warren McGuirk Alumni Stadium,113,Massachusetts,fbs,FBS Independents,10,"[10, 0, 0, 0]",0,528,,311,Maine,fcs,CAA,35,"[0, 14, 7, 14]",1,1441,,3.881521380526876,,,
401282129,2021,11,regular,2021-11-13T17:00:00.000Z,False,True,False,False,70098,3634,Ben Hill Griffin Stadium,57,Florida,fbs,SEC,70,"[14, 21, 21, 14]",0.9818193316459656,1775,,2535,Samford,fcs,Southern,52,"[21, 21, 0, 10]",0.018180668354034424,1066,,7.155585712983897,,,
401387493,2021,11,regular,2021-11-13T17:00:00.000Z,False,True,False,True,,4432,Andre Reed Stadium,2315,Kutztown,ii,Pennsylvania State Athletic,38,"[7, 17, 0, 14]",,,,215,Slippery Rock,ii,Pennsylvania State Athletic,32,"[10, 7, 3, 12]",,,,,,,
401310254,2021,11,regular,2021-11-13T17:00:00.000Z,False,True,False,False,26887,3841,Michie Stadium,349,Army,fbs,FBS Independents,63,"[21, 21, 7, 14]",0.9912005066871643,1659,,2083,Bucknell,fcs,Patriot,10,"[0, 0, 10, 0]",0.008799493312835693,969,,1.6919868172300396,,,
401341946,2021,11,regular,2021-11-13T17:00:00.000Z,False,True,False,True,,5785,Dickerson Stadium,2707,West Virginia State,ii,Mountain East,13,"[6, 7, 0, 0]",,,,2128,Charleston (WV),ii,Mountain East,38,"[3, 10, 10, 15]",,,,,,,
401347697,2021,11,regular,2021-11-13T17:00:00.000Z,False,True,False,True,,5868,Ronald J. Abdow Field,2022,American International,ii,Northeast 10,14,"[0, 7, 7, 0]",,,,2487,Pace,ii,Northeast 10,7,"[0, 7, 0, 0]",,,,,,,
401344443,2021,11,regular,2021-11-13T17:00:00.000Z,False,True,False,True,,5876,Bentley University Football Stadium,2060,Bentley,ii,Northeast 10,48,"[0, 21, 20, 7]",,,,2038,Assumption,ii,Northeast 10,23,"[3, 7, 0, 13]",,,,,,,
401328476,2021,11,regular,2021-11-13T17:30:00.000Z,False,True,False,True,,3721,Fisher Field,322,Lafayette,fcs,Patriot,13,"[6, 7, 0, 0]",,,,2142,Colgate,fcs,Patriot,20,"[7, 3, 3, 7]",,,,,,,
401334767,2021,11,regular,2021-11-13T18:00:00.000Z,False,True,False,True,,3667,Callaghan Stadium,2148,Concord,ii,Mountain East,28,"[14, 0, 14, 0]",,,,2882,UNC Pembroke,ii,Mountain East,25,"[7, 7, 3, 8]",,,,,,,
401327995,2021,11,regular,2021-11-13T18:00:00.000Z,False,True,False,True,,3647,Elliott T. Bowers Stadium,2534,Sam Houston,fcs,AWC,42,"[7, 14, 14, 7]",,,,2198,Eastern Kentucky,fcs,AWC,28,"[0, 0, 14, 14]",,,,,,,
401328932,2021,11,regular,2021-11-13T18:00:00.000Z,False,True,False,True,,6211,Sodexo Field,112334,Franklin Pierce,ii,Northeast 10,20,"[3, 3, 14, 0]",,,,2441,New Haven,ii,Northeast 10,34,"[10, 10, 14, 0]",,,,,,,
401328167,2021,11,regular,2021-11-13T18:00:00.000Z,False,True,False,False,,4419,Bob Ford Field,399,UAlbany,fcs,CAA,41,"[14, 20, 0, 7]",,,,2415,Morgan State,fcs,MEAC,14,"[0, 0, 7, 7]",,,,,,,
401337874,2021,11,regular,2021-11-13T18:00:00.000Z,False,True,False,True,,3642,Bobcat Stadium (MD),341,Frostburg State,ii,Mountain East,56,"[7, 28, 21, 0]",,,,2699,West Liberty,ii,Mountain East,3,"[3, 0, 0, 0]",,,,,,,
401341494,2021,11,regular,2021-11-13T18:00:00.000Z,False,True,False,False,,7076,J.W. Babb Stadium,101784,Erskine,ii,Independent DII,17,"[7, 0, 3, 7]",,,,2310,Kentucky State,ii,SIAC,41,"[14, 3, 10, 14]",,,,,,,
401328520,2021,11,regular,2021-11-13T18:00:00.000Z,False,True,False,True,,3627,Bailey Memorial Stadium,2506,Presbyterian,fcs,Pioneer,32,"[14, 0, 0, 18]",,,,2368,Marist,fcs,Pioneer,57,"[13, 20, 17, 7]",,,,,,,
401328116,2021,11,regular,2021-11-13T18:00:00.000Z,False,True,False,True,,3629,Barker-Lane Stadium,2097,Campbell,fcs,Big South,21,"[7, 7, 0, 7]",,,,2261,Hampton,fcs,Big South,28,"[7, 0, 10, 11]",,,,,,,
401329371,2021,11,regular,2021-11-13T18:00:00.000Z,False,True,False,True,,4429,Seth Grove Stadium,2559,Shippensburg,ii,Pennsylvania State Athletic,17,"[3, 7, 0, 7]",,,,2385,Mercyhurst,ii,Pennsylvania State Athletic,13,"[0, 13, 0, 0]",,,,,,,
401329480,2021,11,regular,2021-11-13T18:00:00.000Z,False,True,False,True,,3769,Jack Britt Memorial Stadium,437,Lake Erie,ii,Great Midwest Athletic,7,"[7, 0, 0, 0]",,,,2682,Walsh,ii,Great Midwest Athletic,24,"[3, 7, 7, 7]",,,,,,,
401329356,2021,11,regular,2021-11-13T18:00:00.000Z,False,True,False,True,,3760,Hubert Jack Stadium,209,Lock Haven,ii,Pennsylvania State Athletic,7,"[0, 7, 0, 0]",,,,611,Seton Hill,ii,Pennsylvania State Athletic,59,"[23, 26, 3, 7]",,,,,,,
401329393,2021,11,regular,2021-11-13T18:00:00.000Z,False,True,False,True,,5784,Cebe Ross Field,455,West Virginia Wesleyan,ii,Mountain East,13,"[7, 6, 0, 0]",,,,2249,Glenville State,ii,Mountain East,43,"[3, 24, 7, 9]",,,,,,,
401328246,2021,11,regular,2021-11-13T18:00:00.000Z,False,True,False,True,,3802,Lawrence A. Wien Stadium,171,Columbia,fcs,Ivy,23,"[0, 0, 14, 9]",,,,225,Brown,fcs,Ivy,17,"[0, 7, 7, 3]",,,,,,,
401328722,2021,11,regular,2021-11-13T18:00:00.000Z,False,True,False,True,,5263,Steele Stadium,2316,Kentucky Wesleyan,ii,Great Midwest Athletic,0,"[0, 0, 0, 0]",,,,308,Ashland,ii,Great Midwest Athletic,17,"[7, 3, 7, 0]",,,,,,,
401344146,2021,11,regular,2021-11-13T18:00:00.000Z,False,True,False,True,,3881,Princeton University Stadium,163,Princeton,fcs,Ivy,35,"[7, 14, 14, 0]",,,,43,Yale,fcs,Ivy,20,"[0, 17, 3, 0]",,,,,,,
401329697,2021,11,regular,2021-11-13T18:00:00.000Z,False,True,False,True,,6553,Helen and Leonard Moretz Stadium,2331,Lenoir Rhyne,ii,South Atlantic,56,"[21, 21, 7, 7]",,,,2107,Catawba,ii,South Atlantic,3,"[0, 3, 0, 0]",,,,,,,
401347705,2021,11,regular,2021-11-13T18:00:00.000Z,False,True,False,True,,6071,Jess Dow Field,2583,Southern Connecticut State,ii,Northeast 10,6,"[0, 0, 6, 0]",,,,284,Stonehill,ii,Northeast 10,42,"[21, 7, 14, 0]",,,,,,,
401388831,2021,11,regular,2021-11-13T18:00:00.000Z,False,True,False,True,,5873,Bulldogs Stadium,2075,Bowie State,ii,CIAA,17,"[14, 0, 0, 3]",,,,2220,Fayetteville State,ii,CIAA,7,"[0, 0, 7, 0]",,,,,,,
401328491,2021,11,regular,2021-11-13T18:00:00.000Z,False,True,False,True,,150,Jack Coffey Field,2230,Fordham,fcs,Patriot,24,"[7, 17, 0, 0]",,,,107,Holy Cross,fcs,Patriot,52,"[10, 14, 14, 14]",,,,,,,
401328229,2021,11,regular,2021-11-13T18:00:00.000Z,False,True,False,True,,717,Villanova Stadium,222,Villanova,fcs,CAA,33,"[7, 7, 6, 13]",,,,2619,Stony Brook,fcs,CAA,14,"[0, 7, 0, 7]",,,,,,,
401328322,2021,11,regular,2021-11-13T18:00:00.000Z,False,True,False,True,,3990,William H. Greene Stadium,47,Howard,fcs,MEAC,27,"[14, 0, 6, 7]",,,,2428,North Carolina Central,fcs,MEAC,45,"[7, 17, 14, 7]",,,,,,,
401329047,2021,11,regular,2021-11-13T18:00:00.000Z,False,True,False,True,,3606,Scheels Field at Nemzek Stadium,2817,Minnesota St Moorhead,ii,Northern Sun,21,"[7, 0, 0, 14]",,,,2844,Wayne State (NE),ii,Northern Sun,24,"[0, 14, 10, 0]",,,,,,,
401328344,2021,11,regular,2021-11-13T18:00:00.000Z,False,True,False,True,,3829,Memorial Stadium,282,Indiana State,fcs,MVFC,21,"[0, 7, 7, 7]",,,,79,Southern Illinois,fcs,MVFC,47,"[10, 9, 21, 7]",,,,,,,
401328209,2021,11,regular,2021-11-13T18:00:00.000Z,False,True,False,True,,3824,Meade Stadium,227,Rhode Island,fcs,CAA,28,"[7, 7, 7, 7]",,,,160,New Hampshire,fcs,CAA,3,"[3, 0, 0, 0]",,,,,,,
401339817,2021,11,regular,2021-11-13T18:00:00.000Z,False,True,False,True,,3661,Bulldog Stadium,2803,Bryant,fcs,NEC,52,"[14, 14, 14, 10]",,,,2341,Long Island University,fcs,NEC,7,"[7, 0, 0, 0]",,,,,,,
401332018,2021,11,regular,2021-11-13T18:00:00.000Z,False,True,False,True,,3729,"Frank ""Muddy"" Waters Stadium",2273,Hillsdale,ii,Great Midwest Athletic,21,"[0, 7, 0, 14]",,,,2477,Ohio Dominican,ii,Great Midwest Athletic,17,"[10, 0, 7, 0]",,,,,,,
401328959,2021,11,regular,2021-11-13T18:00:00.000Z,False,True,False,True,,3927,Sherman Field,2392,Michigan Tech,ii,GLIAC,21,"[7, 7, 7, 0]",,,,129,Saginaw Valley State,ii,GLIAC,20,"[3, 7, 7, 3]",,,,,,,
401332318,2021,11,regular,2021-11-13T18:00:00.000Z,False,True,False,True,,3701,Drake Stadium,2181,Drake,fcs,Pioneer,14,"[0, 0, 7, 7]",,,,2900,St. Thomas (MN),fcs,Pioneer,21,"[0, 14, 7, 0]",,,,,,,
401328525,2021,11,regular,2021-11-13T18:00:00.000Z,False,True,False,True,,3774,Jayne Stadium,2413,Morehead State,fcs,Pioneer,36,"[10, 14, 0, 12]",,,,56,Stetson,fcs,Pioneer,35,"[14, 7, 7, 7]",,,,,,,
401328972,2021,11,regular,2021-11-13T18:00:00.000Z,False,True,False,True,,3950,Superior Dome,128,Northern Michigan,ii,GLIAC,34,"[0, 17, 0, 17]",,,,2886,Northwood,ii,GLIAC,26,"[14, 6, 0, 6]",,,,,,,
401328712,2021,11,regular,2021-11-13T18:00:00.000Z,False,True,False,True,,6077,Stokes Stadium,2654,Truman State,ii,Great Lakes,10,"[0, 7, 3, 0]",,,,2292,Indianapolis,ii,Great Lakes,13,"[0, 0, 3, 10]",,,,,,,
401328295,2021,11,regular,2021-11-13T18:00:00.000Z,False,True,False,True,,3613,Alumni Stadium,2169,Delaware State,fcs,MEAC,28,"[0, 0, 7, 21]",,,,2450,Norfolk State,fcs,MEAC,26,"[6, 20, 0, 0]",,,,,,,
401328732,2021,11,regular,2021-11-13T18:00:00.000Z,False,True,False,True,,3811,Lubbers Stadium,125,Grand Valley State,ii,GLIAC,42,"[21, 0, 7, 14]",,,,110254,Davenport,ii,GLIAC,0,"[0, 0, 0, 0]",,,,,,,
401329019,2021,11,regular,2021-11-13T18:00:00.000Z,False,True,False,True,,5888,University Stadium (GA),2698,West Georgia,ii,Gulf South,44,"[13, 21, 10, 0]",,,,2170,Delta State,ii,Gulf South,7,"[0, 0, 7, 0]",,,,,,,
401329007,2021,11,regular,2021-11-13T18:00:00.000Z,False,True,False,True,,3957,Tiger Stadium (AL),2695,West Alabama,ii,Gulf South,24,"[0, 17, 0, 7]",,,,2401,Mississippi College,ii,Gulf South,28,"[7, 14, 0, 7]",,,,,,,
401329490,2021,11,regular,2021-11-13T18:00:00.000Z,False,True,False,True,,6057,Ron & Carol Cope Stadium at Foster Field,2438,Nebraska Kearney,ii,Mid America,56,"[21, 21, 7, 7]",,,,196,Northeastern State,ii,Mid America,10,"[0, 0, 3, 7]",,,,,,,
401328934,2021,11,regular,2021-11-13T18:00:00.000Z,False,True,False,True,,3960,Top Taggart Field,2222,Ferris State,ii,GLIAC,35,"[0, 7, 14, 14]",,,,131,Wayne State (MI),ii,GLIAC,13,"[0, 6, 0, 7]",,,,,,,
401329663,2021,11,regular,2021-11-13T18:05:00.000Z,False,True,False,True,,4439,Eiler-Martin Stadium,2188,East Stroudsburg,ii,Pennsylvania State Athletic,10,"[0, 10, 0, 0]",,,,367,Gannon,ii,Pennsylvania State Athletic,13,"[3, 0, 7, 3]",,,,,,,
401328125,2021,11,regular,2021-11-13T18:30:00.000Z,False,True,False,True,,3710,Ernest W. Spangler Stadium,2241,Gardner-Webb,fcs,Big South,24,"[14, 0, 0, 7, 3]",,,,2127,Charleston Southern,fcs,Big South,32,"[0, 21, 0, 0, 11]",,,,,,,
401386511,2021,11,regular,2021-11-13T18:30:00.000Z,False,True,False,False,,6217,W.C. Hawkins Stadium,2019,Allen,ii,SIAC,34,[],,,,2206,Edward Waters,ii,SIAC,51,[],,,,,,,
401329650,2021,11,regular,2021-11-13T18:30:00.000Z,False,True,False,True,,6078,Pioneer Field (TN),2839,Tusculum,ii,South Atlantic,48,"[7, 14, 13, 14]",,,,2105,Carson Newman,ii,South Atlantic,13,"[0, 7, 0, 6]",,,,,,,
401328155,2021,11,regular,2021-11-13T18:30:00.000Z,False,True,False,False,,3864,Oliver C. Dawson Stadium,2569,South Carolina State,fcs,MEAC,17,"[0, 10, 7, 0]",,,,2448,North Carolina A&T,fcs,Big South,27,"[0, 7, 13, 7]",,,,,,,
401328256,2021,11,regular,2021-11-13T18:30:00.000Z,False,True,False,True,,3826,Memorial Field,159,Dartmouth,fcs,Ivy,41,"[7, 21, 7, 6]",,,,172,Cornell,fcs,Ivy,7,"[0, 0, 7, 0]",,,,,,,
401328559,2021,11,regular,2021-11-13T19:00:00.000Z,False,True,False,True,,3868,Paladin Stadium,231,Furman,fcs,Southern,37,"[10, 7, 13, 7]",,,,2678,VMI,fcs,Southern,31,"[0, 14, 14, 3]",,,,,,,
401328573,2021,11,regular,2021-11-13T19:00:00.000Z,False,True,False,True,,3704,E. J. Whitmire Stadium,2717,Western Carolina,fcs,Southern,35,"[21, 14, 0, 0]",,,,2193,East Tennessee State,fcs,Southern,56,"[21, 14, 7, 14]",,,,,,,
401328553,2021,11,regular,2021-11-13T19:00:00.000Z,False,True,False,True,,3782,Johnson Hagood Stadium,2643,The Citadel,fcs,Southern,45,"[3, 14, 6, 15, 7]",,,,2747,Wofford,fcs,Southern,44,"[14, 14, 0, 10, 6]",,,,,,,
401328027,2021,11,regular,2021-11-13T19:00:00.000Z,False,True,False,True,,5440,Wildcat Stadium (TX),2000,Abilene Christian,fcs,Western Athletic,29,"[3, 10, 0, 16]",,,,2627,Tarleton State,fcs,Western Athletic,3,"[3, 0, 0, 0]",,,,,,,
401328181,2021,11,regular,2021-11-13T19:00:00.000Z,False,True,False,True,,2068,E. Claiborne Robins Stadium,257,Richmond,fcs,CAA,51,"[14, 10, 13, 14]",,,,48,Delaware,fcs,CAA,27,"[0, 14, 13, 0]",,,,,,,
401328190,2021,11,regular,2021-11-13T19:00:00.000Z,False,True,False,True,,3781,Johnny Unitas Stadium,119,Towson,fcs,CAA,14,"[0, 7, 7, 0]",,,,2210,Elon,fcs,CAA,37,"[10, 10, 10, 7]",,,,,,,
401328425,2021,11,regular,2021-11-13T19:00:00.000Z,False,True,False,True,,3909,Roy Stewart Stadium,93,Murray State,fcs,OVC,28,"[14, 14, 0, 0]",,,,2546,Southeast Missouri State,fcs,OVC,10,"[3, 7, 0, 0]",,,,,,,
401328623,2021,11,regular,2021-11-13T19:00:00.000Z,False,True,False,True,,3896,Rice-Totten Field,2400,Mississippi Valley State,fcs,SWAC,44,"[14, 3, 14, 13]",,,,2011,Alabama State,fcs,SWAC,31,"[7, 10, 7, 7]",,,,,,,
401328379,2021,11,regular,2021-11-13T19:00:00.000Z,False,True,False,True,,1905,DakotaDome,233,South Dakota,fcs,MVFC,23,"[0, 7, 7, 9]",,,,2571,South Dakota State,fcs,MVFC,20,"[3, 7, 3, 7]",,,,,,,
401329461,2021,11,regular,2021-11-13T19:00:00.000Z,False,True,False,True,,6034,Yager Stadium at Moore Bowl,2687,Washburn,ii,Mid America,38,"[10, 14, 14, 0]",,,,2403,Missouri Southern State,ii,Mid America,28,"[7, 0, 7, 14]",,,,,,,
401329350,2021,11,regular,2021-11-13T19:00:00.000Z,False,True,False,True,,4724,Audrey J. Walton Stadium at Vernon Kennedy Field,2118,Central Missouri,ii,Mid America,30,"[7, 13, 0, 10]",,,,2122,Central Oklahoma,ii,Mid America,29,"[7, 0, 14, 8]",,,,,,,
401309896,2021,11,regular,2021-11-13T19:00:00.000Z,False,True,False,True,32008,3619,Arizona Stadium,12,Arizona,fbs,Pac-12,29,"[14, 3, 3, 9]",0.014985141344368458,1233,1259,254,Utah,fbs,Pac-12,38,"[7, 14, 10, 7]",0.9850148586556315,1835,1809,5.659652600935837,,,
401329411,2021,11,regular,2021-11-13T19:00:00.000Z,False,True,False,True,,5890,Lewis Field Stadium,2231,Fort Hays,ii,Mid America,24,"[14, 0, 3, 7]",,,,90,Pittsburg State,ii,Mid America,34,"[14, 10, 3, 7]",,,,,,,
401329033,2021,11,regular,2021-11-13T19:00:00.000Z,False,True,False,True,,5883,Marv Kay Stadium at Campbell Field,2146,Colorado School of Mines,ii,Rocky Mountain,63,"[14, 14, 21, 14]",,,,2001,Adams State,ii,Rocky Mountain,0,"[0, 0, 0, 0]",,,,,,,
401332009,2021,11,regular,2021-11-13T19:00:00.000Z,False,True,False,True,,4753,Greene Stadium,2911,William Jewell,ii,Great Lakes,17,"[3, 14, 0, 0]",,,,2825,Quincy,ii,Great Lakes,51,"[7, 24, 10, 10]",,,,,,,
401329067,2021,11,regular,2021-11-13T19:00:00.000Z,False,True,False,True,,5780,Altra Federal Credit Union Stadium,2851,Winona State,ii,Northern Sun,18,"[12, 0, 3, 3]",,,,2364,Minnesota State,ii,Northern Sun,16,"[3, 10, 3, 0]",,,,,,,
401329318,2021,11,regular,2021-11-13T19:00:00.000Z,False,True,False,True,,3860,O'Harra Stadium,613,South Dakota Mines,ii,Rocky Mountain,10,"[0, 3, 7, 0]",,,,11,Colorado Mesa,ii,Rocky Mountain,13,"[3, 7, 0, 3]",,,,,,,
401329112,2021,11,regular,2021-11-13T19:00:00.000Z,False,True,False,True,,6049,"Memorial Stadium (Wichita Falls, TX)",2395,Midwestern State,ii,Lone Star,36,"[10, 9, 17, 0]",,,,110243,UT Permian Basin,ii,Lone Star,30,"[14, 7, 0, 9]",,,,,,,
401328688,2021,11,regular,2021-11-13T19:00:00.000Z,False,True,False,True,,3878,Plaster Sports Complex,2586,Southwest Baptist,ii,Great Lakes,41,"[20, 14, 7, 0]",,,,2402,Missouri S&T,ii,Great Lakes,42,"[0, 14, 14, 14]",,,,,,,
401329507,2021,11,regular,2021-11-13T19:00:00.000Z,False,True,False,True,,6070,Bob Young Field,2894,Sioux Falls,ii,Northern Sun,42,"[7, 7, 21, 7]",,,,389,Upper Iowa,ii,Northern Sun,21,"[7, 0, 7, 7]",,,,,,,
401329449,2021,11,regular,2021-11-13T19:00:00.000Z,False,True,False,True,,6045,Dwight T. Reed Stadium,2876,Lincoln (MO),ii,Mid America,12,"[2, 0, 3, 7]",,,,137,Missouri Western,ii,Mid America,41,"[7, 13, 7, 14]",,,,,,,
401309639,2021,11,regular,2021-11-13T19:00:00.000Z,False,True,False,True,16744,3654,Brooks Stadium (SC),324,Coastal Carolina,fbs,Sun Belt,40,"[14, 9, 3, 14]",0.07383382320404053,1806,1776,2247,Georgia State,fbs,Sun Belt,42,"[14, 14, 0, 14]",0.9261661767959595,1367,1397,6.8946821187186575,,,
401328403,2021,11,regular,2021-11-13T19:00:00.000Z,False,True,False,True,,6065,Cliff Harris Stadium,2888,Ouachita Baptist,ii,Great American,31,"[14, 0, 14, 3]",,,,2271,Henderson State,ii,Great American,28,"[0, 14, 7, 7]",,,,,,,
401329132,2021,11,regular,2021-11-13T19:00:00.000Z,False,True,False,True,,5874,Chet Anderson Stadium,132,Bemidji State,ii,Northern Sun,62,"[13, 14, 14, 21]",,,,559,University of Mary,ii,Northern Sun,40,"[7, 7, 6, 20]",,,,,,,
401329150,2021,11,regular,2021-11-13T19:00:00.000Z,False,True,False,True,,5872,Kirkeby-Over Stadium,2043,Augustana (SD),ii,Northern Sun,55,"[28, 14, 13, 0]",,,,2587,Southwest Minnesota State,ii,Northern Sun,0,"[0, 0, 0, 0]",,,,,,,
401328615,2021,11,regular,2021-11-13T19:00:00.000Z,False,True,False,True,,3749,Hunter Stadium,2815,Lindenwood,ii,Great Lakes Valley,45,"[7, 17, 7, 14]",,,,2816,McKendree,ii,Great Lakes,30,"[0, 9, 14, 7]",,,,,,,
401282259,2021,11,regular,2021-11-13T19:00:00.000Z,False,True,False,True,17883,3895,Rice Stadium,242,Rice,fbs,Conference USA,21,"[0, 0, 7, 14]",0.010098663158714771,1126,1117,98,Western Kentucky,fbs,Conference USA,42,"[7, 21, 0, 14]",0.9899013368412852,1557,1566,6.4185637409447605,,,
401329642,2021,11,regular,2021-11-13T19:00:00.000Z,False,True,False,False,,6033,Carl Smith Stadium,2842,UVA Wise,ii,South Atlantic,24,"[7, 3, 14, 0]",,,,122666,Barton,ii,Independent DII,36,"[21, 6, 9, 0]",,,,,,,
401329076,2021,11,regular,2021-11-13T19:05:00.000Z,False,True,False,True,,6051,James S. Malosky Stadium,134,Minnesota Duluth,ii,Northern Sun,49,"[13, 15, 14, 7]",,,,425,Northern State,ii,Northern Sun,35,"[7, 21, 7, 0]",,,,,,,
401309637,2021,11,regular,2021-11-13T19:30:00.000Z,False,True,False,True,29348,3792,Kidd Brewer Stadium,2026,App State,fbs,Sun Belt,31,"[14, 0, 3, 14]",1,1686,1714,6,South Alabama,fbs,Sun Belt,7,"[0, 7, 0, 0]",0,1383,1355,3.2552428186588465,,,
401329403,2021,11,regular,2021-11-13T19:30:00.000Z,False,True,False,True,,5134,Bearcat Stadium,138,Northwest Missouri State,ii,Mid America,35,"[7, 14, 7, 7]",,,,2214,Emporia State,ii,Mid America,7,"[0, 0, 0, 7]",,,,,,,
401328462,2021,11,regular,2021-11-13T19:30:00.000Z,False,True,False,True,,3962,Tucker Stadium,2635,Tennessee Tech,fcs,OVC,3,"[0, 3, 0, 0]",,,,2630,UT Martin,fcs,OVC,42,"[14, 21, 0, 7]",,,,,,,
401328583,2021,11,regular,2021-11-13T20:00:00.000Z,False,True,False,True,,4424,Husky Stadium,2277,Houston Christian,fcs,Southland,3,"[3, 0, 0, 0]",,,,2377,McNeese,fcs,Southland,44,"[14, 14, 3, 13]",,,,,,,
401329659,2021,11,regular,2021-11-13T20:00:00.000Z,False,True,False,True,,5781,Irwin Belk Stadium,351,Wingate,ii,South Atlantic,26,"[9, 14, 3, 0]",,,,2369,Mars Hill,ii,South Atlantic,19,"[12, 0, 0, 7]",,,,,,,
401329336,2021,11,regular,2021-11-13T20:00:00.000Z,False,True,False,True,,5782,Mountaineer Bowl,2714,Western Colorado,ii,Rocky Mountain,14,"[0, 14, 0, 0]",,,,2570,CSU Pueblo,ii,Rocky Mountain,7,"[0, 0, 7, 0]",,,,,,,
401329304,2021,11,regular,2021-11-13T20:00:00.000Z,False,True,False,True,,5877,Lyle Hare Stadium,2069,Black Hills State,ii,Rocky Mountain,6,"[6, 0, 0, 0]",,,,2123,Chadron State,ii,Rocky Mountain,57,"[9, 21, 13, 14]",,,,,,,
401328411,2021,11,regular,2021-11-13T20:00:00.000Z,False,True,False,True,,3810,Nissan Stadium,2634,Tennessee State,fcs,OVC,7,"[0, 0, 0, 7]",,,,2046,Austin Peay,fcs,OVC,36,"[7, 10, 9, 10]",,,,,,,
401328359,2021,11,regular,2021-11-13T20:00:00.000Z,False,True,False,True,,3878,Plaster Sports Complex,2623,Missouri State,fcs,MVFC,34,"[6, 7, 7, 14]",,,,2460,Northern Iowa,fcs,MVFC,27,"[3, 3, 7, 14]",,,,,,,
401328470,2021,11,regular,2021-11-13T20:00:00.000Z,False,True,False,True,,3934,Southern Nazarene University Football Stadium,200,Southern Nazarene,ii,Great American,14,"[0, 0, 14, 0]",,,,319,Oklahoma Baptist,ii,Great American,42,"[14, 14, 7, 7]",,,,,,,
401328353,2021,11,regular,2021-11-13T20:00:00.000Z,False,True,False,True,,3875,Paul Laird Field,199,Southeastern Oklahoma State,ii,Great American,28,"[7, 7, 0, 14]",,,,2191,East Central,ii,Great American,30,"[14, 3, 7, 6]",,,,,,,
401328335,2021,11,regular,2021-11-13T20:00:00.000Z,False,True,False,True,,3605,Alerus Center,155,North Dakota,fcs,MVFC,14,"[0, 7, 0, 7]",,,,2287,Illinois State,fcs,MVFC,7,"[0, 0, 0, 7]",,,,,,,
401328055,2021,11,regular,2021-11-13T20:00:00.000Z,False,True,False,True,,3643,Bobcat Stadium,147,Montana State,fcs,Big Sky,20,"[7, 6, 0, 7]",,,,70,Idaho,fcs,Big Sky,13,"[0, 10, 3, 0]",,,,,,,
401328074,2021,11,regular,2021-11-13T20:00:00.000Z,False,True,False,True,,2023,Walkup Skydome,2464,Northern Arizona,fcs,Big Sky,3,"[0, 0, 3, 0]",,,,149,Montana,fcs,Big Sky,30,"[0, 13, 7, 10]",,,,,,,
401328142,2021,11,regular,2021-11-13T20:00:00.000Z,False,True,False,True,,4133,Braly Municipal Stadium,2453,North Alabama,fcs,Big South,24,"[7, 7, 0, 10]",,,,338,Kennesaw State,fcs,Big South,28,"[0, 14, 7, 7]",,,,,,,
401328543,2021,11,regular,2021-11-13T20:00:00.000Z,False,True,False,True,,4417,Five Star Stadium at the Moye Complex,2382,Mercer,fcs,Southern,10,"[0, 7, 0, 3]",,,,236,Chattanooga,fcs,Southern,6,"[0, 6, 0, 0]",,,,,,,
401328693,2021,11,regular,2021-11-13T20:00:00.000Z,False,True,False,True,,3631,BBVA Compass Stadium,2640,Texas Southern,fcs,SWAC,49,"[14, 7, 21, 7]",,,,2010,Alabama A&M,fcs,SWAC,52,"[10, 7, 21, 14]",,,,,,,
401328632,2021,11,regular,2021-11-13T20:00:00.000Z,False,True,False,True,,3771,Jack Spinks Stadium,2016,Alcorn State,fcs,SWAC,31,"[0, 24, 7, 0]",,,,2504,Prairie View A&M,fcs,SWAC,29,"[6, 3, 7, 13]",,,,,,,
401328286,2021,11,regular,2021-11-13T20:00:00.000Z,False,True,False,True,,5870,Thone Stadium at Buerkle Field,2033,Arkansas Tech,ii,Great American,0,"[0, 0, 0, 0]",,,,2264,Harding,ii,Great American,31,"[7, 0, 10, 14]",,,,,,,
401328318,2021,11,regular,2021-11-13T20:00:00.000Z,False,True,False,True,,5891,Wilkins Stadium,2568,Southern Arkansas,ii,Great American,37,"[7, 10, 0, 20]",,,,2028,Arkansas Monticello,ii,Great American,73,"[0, 21, 31, 21]",,,,,,,
401328639,2021,11,regular,2021-11-13T20:00:00.000Z,False,True,False,True,,3740,Golden Lion Stadium,2029,Arkansas-Pine Bluff,fcs,SWAC,7,"[0, 7, 0, 0]",,,,50,Florida A&M,fcs,SWAC,37,"[6, 21, 10, 0]",,,,,,,
401309640,2021,11,regular,2021-11-13T20:00:00.000Z,False,True,False,True,15896,3644,Bobcat Stadium (TX),326,Texas State,fbs,Sun Belt,30,"[0, 17, 7, 6]",0.07354065030813217,1133,1133,290,Georgia Southern,fbs,Sun Belt,38,"[3, 14, 14, 7]",0.9264593496918678,1339,1339,6.819576052799745,,,
401282257,2021,11,regular,2021-11-13T20:30:00.000Z,False,True,False,True,19329,3775,Joan C. Edwards Stadium,276,Marshall,fbs,Conference USA,14,"[0, 7, 7, 0]",0.02047532983124256,1692,1665,5,UAB,fbs,Conference USA,21,"[14, 0, 7, 0]",0.9795246701687574,1519,1546,5.320264496266862,,,
401282256,2021,11,regular,2021-11-13T20:30:00.000Z,False,True,False,True,13634,3918,S.B. Ballard Stadium,295,Old Dominion,fbs,Conference USA,30,"[2, 9, 6, 13]",0.917828381061554,1236,1296,2226,Florida Atlantic,fbs,Conference USA,16,"[3, 0, 7, 6]",0.08217161893844604,1566,1506,5.412045262985594,,,
401282686,2021,11,regular,2021-11-13T20:30:00.000Z,False,True,False,True,31511,721,Bobby Dodd Stadium,59,Georgia Tech,fbs,ACC,30,"[14, 7, 3, 6]",0.028798934072256088,1417,1397,103,Boston College,fbs,ACC,41,"[7, 21, 0, 13]",0.9712010659277439,1461,1481,5.66569621231378,,,
401309641,2021,11,regular,2021-11-13T20:30:00.000Z,False,True,False,True,24738,3975,Veterans Memorial Stadium (AL),2653,Troy,fbs,Sun Belt,21,"[10, 3, 0, 8]",0.36095476150512695,1403,1405,309,Louisiana,fbs,Sun Belt,35,"[14, 0, 14, 7]",0.639045238494873,1777,1775,5.842528586028723,,,
401282689,2021,11,regular,2021-11-13T20:30:00.000Z,False,True,False,True,56730,3799,Lane Stadium,259,Virginia Tech,fbs,ACC,48,"[7, 10, 10, 21]",0.9922021627426147,1495,1536,150,Duke,fbs,ACC,17,"[0, 3, 7, 7]",0.007797837257385254,1133,1092,3.0331222244999196,,,
401282812,2021,11,regular,2021-11-13T20:30:00.000Z,False,True,False,True,101009,3861,Ohio Stadium,194,Ohio State,fbs,Big Ten,59,"[21, 24, 7, 7]",0.9524154663085938,2113,2134,2509,Purdue,fbs,Big Ten,31,"[7, 10, 14, 0]",0.04758453369140625,1640,1619,2.8280110180486546,,,
401282254,2021,11,regular,2021-11-13T20:30:00.000Z,False,True,False,True,14068,3776,Joe Aillet Stadium,2348,Louisiana Tech,fbs,Conference USA,42,"[7, 7, 14, 14]",0.8393425941467285,1253,1268,2429,Charlotte,fbs,Conference USA,32,"[0, 7, 10, 15]",0.16065740585327148,1219,1204,4.170542665318897,,,
401282255,2021,11,regular,2021-11-13T20:30:00.000Z,False,True,False,True,10606,3725,"Johnny ""Red"" Floyd Stadium",2393,Middle Tennessee,fbs,Conference USA,50,"[7, 27, 9, 7]",0.9983117954703544,1310,1394,2229,Florida International,fbs,Conference USA,10,"[3, 0, 0, 7]",0.001688204529645576,1072,988,2.0124593381,,,
401287942,2021,11,regular,2021-11-13T20:30:00.000Z,False,True,False,True,47158,3784,Jones AT&T Stadium,2641,Texas Tech,fbs,Big 12,41,"[14, 17, 0, 10]",0.8326563835144043,1451,1459,66,Iowa State,fbs,Big 12,38,"[7, 7, 7, 17]",0.1673436164855957,1909,1901,5.38318279970788,,,
401282685,2021,11,regular,2021-11-13T20:30:00.000Z,False,True,False,True,71917,3697,Doak Campbell Stadium,52,Florida State,fbs,ACC,31,"[14, 6, 0, 11]",0.8432913422584534,1495,1497,2390,Miami,fbs,ACC,28,"[0, 7, 7, 14]",0.15670865774154663,1544,1542,5.787790839385197,,,
401282762,2021,11,regular,2021-11-13T20:30:00.000Z,False,True,False,True,69250,3793,Kinnick Stadium,2294,Iowa,fbs,Big Ten,27,"[3, 7, 7, 10]",0.844882071018219,1764,1764,135,Minnesota,fbs,Big Ten,22,"[3, 10, 3, 6]",0.155117928981781,1640,1640,5.603198331151785,,,
401282133,2021,11,regular,2021-11-13T20:30:00.000Z,False,True,False,True,100074,3853,Neyland Stadium,2633,Tennessee,fbs,SEC,17,"[10, 0, 0, 7]",0.01974518597126007,1628,1621,61,Georgia,fbs,SEC,41,"[7, 17, 3, 14]",0.9802548140287399,2157,2164,3.9231246965805364,,,
401328197,2021,11,regular,2021-11-13T20:30:00.000Z,False,True,False,True,,3998,Zable Stadium,2729,William & Mary,fcs,CAA,22,"[0, 0, 7, 15]",,,,256,James Madison,fcs,CAA,32,"[3, 10, 10, 9]",,,,,,,
401282260,2021,11,regular,2021-11-13T20:30:00.000Z,False,True,False,True,30105,3604,Alamodome,2636,UTSA,fbs,Conference USA,27,"[0, 10, 7, 10]",0.5685579180717468,1641,1620,2572,Southern Miss,fbs,Conference USA,17,"[0, 10, 7, 0]",0.4314420819282532,1045,1066,5.709941655358778,,,
401328457,2021,11,regular,2021-11-13T21:00:00.000Z,False,True,False,True,,4763,Ranger Field,2823,Northwestern (OK),ii,Great American,31,"[14, 7, 7, 3]",,,,2927,Southwestern Oklahoma State,ii,Great American,28,"[0, 14, 7, 7]",,,,,,,
401331757,2021,11,regular,2021-11-13T21:00:00.000Z,False,True,False,True,,4750,The Reservation,2336,Limestone,ii,South Atlantic,7,"[0, 0, 7, 0]",,,,2444,Newberry,ii,South Atlantic,42,"[7, 28, 7, 0]",,,,,,,
401301044,2021,11,regular,2021-11-13T21:00:00.000Z,False,True,False,True,22784,4729,Yulman Stadium,2655,Tulane,fbs,American Athletic,13,"[0, 3, 0, 10, 0]",0.6710584759712219,1356,1348,202,Tulsa,fbs,American Athletic,20,"[10, 3, 0, 0, 7]",0.3289415240287781,1420,1428,5.848752183254053,,,
401328597,2021,11,regular,2021-11-13T21:00:00.000Z,False,True,False,True,,3779,Manning Field at John L. Guidry Stadium,2447,Nicholls,fcs,Southland,23,"[10, 10, 0, 3]",,,,2916,Incarnate Word,fcs,Southland,27,"[0, 13, 14, 0]",,,,,,,
401282132,2021,11,regular,2021-11-13T21:00:00.000Z,False,True,False,True,44092,3838,Memorial Stadium,142,Missouri,fbs,SEC,31,"[0, 17, 7, 7]",0.6962832808494568,1356,1358,2579,South Carolina,fbs,SEC,28,"[7, 7, 0, 14]",0.3037167191505432,1432,1430,5.256637635812313,,,
401328098,2021,11,regular,2021-11-13T21:00:00.000Z,False,True,False,True,,3706,Eccles Coliseum,253,Southern Utah,fcs,Big Sky,0,"[0, 0, 0, 0]",,,,2692,Weber State,fcs,Big Sky,62,"[14, 31, 7, 10]",,,,,,,
401332021,2021,11,regular,2021-11-13T21:00:00.000Z,False,True,False,True,,5879,Tomlinson Stadium,2120,Central Washington,ii,Great Northwest,70,"[28, 28, 7, 7]",,,,2829,Simon Fraser,ii,Great Northwest,0,"[0, 0, 0, 0]",,,,,,,
401282258,2021,11,regular,2021-11-13T21:00:00.000Z,False,True,False,True,20056,3825,DATCU Stadium,249,North Texas,fbs,Conference USA,20,"[0, 3, 14, 3]",0.714531421661377,1231,1233,2638,UTEP,fbs,Conference USA,17,"[0, 7, 0, 10]",0.28546857833862305,1295,1293,5.547544324452775,,,
401310745,2021,11,regular,2021-11-13T21:00:00.000Z,False,True,False,True,19623,6501,Allegiant Stadium,2439,UNLV,fbs,Mountain West,27,"[7, 3, 10, 7]",0.8099921941757202,1187,1228,62,Hawai'i,fbs,Mountain West,13,"[10, 0, 0, 3]",0.19000780582427979,1325,1284,4.56302609211426,,,
401282771,2021,11,regular,2021-11-13T21:00:00.000Z,False,True,False,True,67437,3936,Spartan Stadium,127,Michigan State,fbs,Big Ten,40,"[13, 14, 7, 6]",0.9840332269668579,1606,1622,120,Maryland,fbs,Big Ten,21,"[7, 7, 7, 0]",0.01596677303314209,1319,1303,3.5805063638512826,,,
401368010,2021,11,regular,2021-11-13T21:05:00.000Z,False,True,False,False,,5783,McArthur Field,2848,Western Oregon,ii,Great Northwest,55,"[14, 20, 7, 14]",,,,124179,Lincoln (CA),,,16,"[0, 9, 7, 0]",,,,,,,
401328003,2021,11,regular,2021-11-13T22:00:00.000Z,False,True,False,True,,3882,Provost Umphrey Stadium,2320,Lamar,fcs,Western Athletic,7,"[7, 0, 0, 0]",,,,55,Jacksonville State,fcs,AWC,38,"[0, 10, 7, 21]",,,,,,,
401328988,2021,11,regular,2021-11-13T22:00:00.000Z,False,True,False,True,,6036,Blue Wahoos Stadium,110242,West Florida,ii,Gulf South,61,"[7, 17, 21, 16]",,,,2673,Valdosta State,ii,Gulf South,42,"[0, 21, 14, 7]",,,,,,,
401309638,2021,11,regular,2021-11-13T22:00:00.000Z,False,True,False,True,12010,3817,Malone Stadium,2433,UL Monroe,fbs,Sun Belt,24,"[0, 7, 17, 0]",0.7458394765853882,1015,1018,2032,Arkansas State,fbs,Sun Belt,27,"[7, 3, 7, 10]",0.2541605234146118,1145,1142,6.771571182096639,,,
401329159,2021,11,regular,2021-11-13T22:00:00.000Z,False,True,False,True,,4762,Memorial Stadium (Commerce TX),2837,East Texas A&M,ii,Lone Star,30,"[0, 17, 13, 0]",,,,2201,Eastern New Mexico,ii,Lone Star,10,"[0, 3, 0, 7]",,,,,,,
401327975,2021,11,regular,2021-11-13T22:00:00.000Z,False,True,False,True,,3711,Estes Stadium,2110,Central Arkansas,fcs,AWC,14,"[7, 7, 0, 0]",,,,2617,Stephen F. Austin,fcs,Western Athletic,27,"[7, 10, 7, 3]",,,,,,,
401309894,2021,11,regular,2021-11-13T22:30:00.000Z,False,True,False,True,35129,3893,Reser Stadium,204,Oregon State,fbs,Pac-12,35,"[7, 7, 14, 7]",0.9906949400901794,1515,1552,24,Stanford,fbs,Pac-12,14,"[0, 0, 7, 7]",0.009305059909820557,1396,1359,1.9153661279468712,,,
401310743,2021,11,regular,2021-11-14T00:00:00.000Z,False,True,False,True,35020,3660,Valley Children's Stadium,278,Fresno State,fbs,Mountain West,34,"[7, 17, 10, 0]",0.9935966730117798,1563,1591,167,New Mexico,fbs,Mountain West,7,"[0, 0, 7, 0]",0.006403326988220215,1188,1160,1.9834363216462676,,,
401282131,2021,11,regular,2021-11-14T00:00:00.000Z,False,True,False,True,64425,3974,Vaught-Hemingway Stadium,145,Ole Miss,fbs,SEC,29,"[10, 5, 0, 14]",0.9997894763946533,1751,1775,245,Texas A&M,fbs,SEC,19,"[0, 0, 10, 9]",0.0002105236053466797,1841,1817,4.359841943687781,,,
401328671,2021,11,regular,2021-11-14T00:00:00.000Z,False,True,False,True,,3599,Ace W. Mumford Stadium,2582,Southern,fcs,SWAC,17,"[7, 7, 3, 0]",,,,2296,Jackson State,fcs,SWAC,21,"[0, 7, 0, 14]",,,,,,,
401310741,2021,11,regular,2021-11-14T00:00:00.000Z,False,True,False,True,25550,5388,Canvas Stadium,36,Colorado State,fbs,Mountain West,21,"[7, 7, 7, 0]",0.2088930606842041,1485,1471,2005,Air Force,fbs,Mountain West,35,"[21, 0, 14, 0]",0.7911069393157959,1679,1693,4.005430122329485,,,
401328600,2021,11,regular,2021-11-14T00:00:00.000Z,False,True,False,True,,3944,Strawberry Stadium,2545,SE Louisiana,fcs,Southland,56,"[14, 21, 14, 7]",,,,2466,Northwestern State,fcs,Southland,28,"[0, 7, 14, 7]",,,,,,,
401282134,2021,11,regular,2021-11-14T00:00:00.000Z,False,True,False,True,25798,3973,FirstBank Stadium,238,Vanderbilt,fbs,SEC,17,"[3, 0, 8, 6]",0,1041,1055,96,Kentucky,fbs,SEC,34,"[7, 24, 0, 3]",1,1631,1617,2.8291977662461982,,,
401309897,2021,11,regular,2021-11-14T00:00:00.000Z,False,True,False,True,57858,3765,Husky Stadium,264,Washington,fbs,Pac-12,30,"[14, 3, 7, 6]",0.1075340285897255,1651,1645,9,Arizona State,fbs,Pac-12,35,"[0, 7, 7, 21]",0.8924659714102745,1687,1693,4.668627041758386,,,
401282130,2021,11,regular,2021-11-14T00:30:00.000Z,False,True,False,True,98772,3958,Tiger Stadium (LA),99,LSU,fbs,SEC,13,"[3, 7, 0, 3, 0]",0.38094833493232727,1642,1635,8,Arkansas,fbs,SEC,16,"[3, 0, 10, 0, 3]",0.6190516650676727,1594,1601,5.319897263245899,,,
401287941,2021,11,regular,2021-11-14T00:30:00.000Z,False,True,False,True,95202,3910,DKR-Texas Memorial Stadium,251,Texas,fbs,Big 12,56,"[0, 14, 21, 14, 7]",0.9358081817626953,1776,1725,2305,Kansas,fbs,Big 12,57,"[14, 21, 7, 7, 8]",0.06419181823730469,963,1014,6.632681134082384,,,
401282688,2021,11,regular,2021-11-14T00:30:00.000Z,False,True,False,True,48584,3923,Scott Stadium,258,Virginia,fbs,ACC,3,"[0, 0, 0, 3]",0.00536467507481575,1593,1555,87,Notre Dame,fbs,FBS Independents,28,"[7, 14, 7, 0]",0.9946353249251842,1845,1883,2.837054890416666,,,
401282690,2021,11,regular,2021-11-14T00:30:00.000Z,False,True,False,True,34503,3630,Allegacy Federal Credit Union Stadium,154,Wake Forest,fbs,ACC,45,"[7, 17, 7, 14]",0.645646333694458,1716,1716,152,NC State,fbs,ACC,42,"[6, 14, 7, 15]",0.354353666305542,1667,1667,6.877695842478994,,,
401287940,2021,11,regular,2021-11-14T01:00:00.000Z,False,True,False,True,54549,3646,Boone Pickens Stadium,197,Oklahoma State,fbs,Big 12,63,"[7, 21, 14, 21]",0.9989097250319154,1813,1914,2628,TCU,fbs,Big 12,17,"[3, 0, 0, 14]",0.0010902749680845591,1551,1450,2.4802551326,,,
401329101,2021,11,regular,2021-11-14T01:00:00.000Z,False,True,False,True,,6076,Javelina Stadium,2658,Texas A&M-Kingsville,ii,Lone Star,19,"[10, 0, 0, 9]",,,,2025,Angelo State,ii,Lone Star,58,"[29, 13, 14, 2]",,,,,,,
401328046,2021,11,regular,2021-11-14T01:00:00.000Z,False,True,False,True,,3602,Aggie Stadium,302,UC Davis,fcs,Big Sky,20,"[7, 3, 7, 3]",,,,331,Eastern Washington,fcs,Big Sky,38,"[0, 14, 10, 14]",,,,,,,
401328036,2021,11,regular,2021-11-14T01:05:00.000Z,False,True,False,True,,1027,Alex G. Spanos Stadium,13,Cal Poly,fcs,Big Sky,32,"[7, 7, 12, 6]",,,,304,Idaho State,fcs,Big Sky,29,"[7, 7, 0, 15]",,,,,,,
401328094,2021,11,regular,2021-11-14T02:00:00.000Z,False,True,False,True,,3757,Hornet Stadium,16,Sacramento State,fcs,Big Sky,49,"[3, 18, 14, 14]",,,,2502,Portland State,fcs,Big Sky,20,"[0, 7, 7, 6]",,,,,,,
401309898,2021,11,regular,2021-11-14T02:00:00.000Z,False,True,False,True,36573,1056,Rose Bowl,26,UCLA,fbs,Pac-12,44,"[0, 10, 20, 14]",0.9776813387870789,1587,1621,38,Colorado,fbs,Pac-12,20,"[7, 13, 0, 0]",0.022318661212921143,1345,1311,5.231103789362368,,,
401327986,2021,11,regular,2021-11-14T02:00:00.000Z,False,True,False,False,,3745,Greater Zion Stadium,3101,Utah Tech,fcs,Western Athletic,62,"[14, 35, 10, 3]",,,,2237,Fort Lewis,ii,Rocky Mountain,21,"[7, 0, 7, 7]",,,,,,,
401310746,2021,11,regular,2021-11-14T03:30:00.000Z,False,True,False,True,11821,538,StubHub Center,21,San Diego State,fbs,Mountain West,23,"[7, 3, 7, 6]",0.7250577211380005,1611,1611,2440,Nevada,fbs,Mountain West,21,"[0, 7, 7, 7]",0.2749422788619995,1586,1586,6.348703260224099,,,
401309895,2021,11,regular,2021-11-14T03:30:00.000Z,False,True,False,True,52327,3626,Autzen Stadium,2483,Oregon,fbs,Pac-12,38,"[14, 0, 10, 14]",0.985174298286438,1744,1755,265,Washington State,fbs,Pac-12,24,"[0, 14, 0, 10]",0.014825701713562012,1536,1525,3.5947710863886635,,,
401310744,2021,11,regular,2021-11-14T03:30:00.000Z,False,True,False,True,15135,3935,CEFCU Stadium,23,San José State,fbs,Mountain West,17,"[7, 7, 3, 0]",0.021881984546780586,1395,1310,328,Utah State,fbs,Mountain West,48,"[0, 24, 7, 17]",0.9781180154532194,1418,1503,4.544927338147371,,,
401309589,2021,12,regular,2021-11-17T00:00:00.000Z,False,True,False,True,9716,3876,Peden Stadium,195,Ohio,fbs,Mid-American,23,"[0, 6, 3, 14]",0.04172299802303314,1362,1351,2649,Toledo,fbs,Mid-American,35,"[0, 14, 14, 7]",0.9582770019769669,1537,1548,5.448959217160935,,,
401309588,2021,12,regular,2021-11-17T00:30:00.000Z,False,True,False,True,15272,3912,Rynearson Stadium,2199,Eastern Michigan,fbs,Mid-American,22,"[0, 6, 10, 6]",0.6133794784545898,1457,1457,2711,Western Michigan,fbs,Mid-American,21,"[0, 7, 14, 0]",0.38662052154541016,1418,1418,6.29745725656391,,,
401308841,2021,12,regular,2021-11-17T01:00:00.000Z,False,True,False,True,10269,3996,Yager Stadium,193,Miami (OH),fbs,Mid-American,34,"[6, 14, 14, 0]",0.9883719682693481,1484,1506,189,Bowling Green,fbs,Mid-American,7,"[7, 0, 0, 0]",0.011628031730651855,1040,1018,3.686385298044576,,,
401309590,2021,12,regular,2021-11-18T00:00:00.000Z,False,True,False,True,13097,3965,UB Stadium,2084,Buffalo,fbs,Mid-American,27,"[3, 7, 7, 10, 0]",0.3356138693665142,1375,1355,2459,Northern Illinois,fbs,Mid-American,33,"[0, 10, 14, 3, 6]",0.6643861306334857,1261,1281,7.641153381,,,
401309591,2021,12,regular,2021-11-18T00:00:00.000Z,False,True,False,True,5602,3919,Scheumann Stadium,2050,Ball State,fbs,Mid-American,17,"[7, 10, 0, 0]",0.012299694120883942,1463,1410,2117,Central Michigan,fbs,Mid-American,37,"[7, 21, 6, 3]",0.9877003058791161,1444,1497,6.924610561108208,,,
401328598,2021,12,regular,2021-11-19T00:00:00.000Z,False,True,False,True,,3944,Strawberry Stadium,2545,SE Louisiana,fcs,Southland,42,"[14, 14, 0, 14]",,,,2447,Nicholls,fcs,Southland,45,"[21, 0, 17, 7]",,,,,,,
401282691,2021,12,regular,2021-11-19T00:30:00.000Z,False,True,False,True,8493,3982,Wallace Wade Stadium,150,Duke,fbs,ACC,22,"[3, 6, 7, 6]",0.018179677426815033,1092,1044,97,Louisville,fbs,ACC,62,"[14, 21, 13, 14]",0.981820322573185,1640,1688,3.052749027383685,,,
401282264,2021,12,regular,2021-11-20T01:00:00.000Z,False,True,False,True,10410,3776,Joe Aillet Stadium,2348,Louisiana Tech,fbs,Conference USA,19,"[3, 6, 0, 10]",0.12659810483455658,1268,1208,2572,Southern Miss,fbs,Conference USA,35,"[7, 14, 0, 14]",0.8734018951654434,1066,1126,3.352414660216141,,,
401301045,2021,12,regular,2021-11-20T02:00:00.000Z,False,True,False,True,28712,4728,TDECU Stadium,248,Houston,fbs,American Athletic,31,"[0, 21, 0, 10]",0.9841183423995972,1664,1689,235,Memphis,fbs,American Athletic,13,"[0, 3, 7, 3]",0.015881657600402832,1508,1483,3.688239492193057,,,
401309899,2021,12,regular,2021-11-20T02:00:00.000Z,False,True,False,True,22541,3820,Gesa Field,265,Washington State,fbs,Pac-12,44,"[7, 14, 16, 7]",0.9951371550559998,1525,1562,12,Arizona,fbs,Pac-12,18,"[0, 7, 3, 8]",0.004862844944000244,1259,1222,3.0969672640387405,,,
401310747,2021,12,regular,2021-11-20T02:00:00.000Z,False,True,False,True,15206,3816,Mackay Stadium,2440,Nevada,fbs,Mountain West,39,"[3, 0, 7, 14, 7, 8, 0]",0.06080658361315727,1586,1589,2005,Air Force,fbs,Mountain West,41,"[0, 17, 7, 0, 7, 8, 2]",0.9391934163868427,1693,1690,6.3456983805786855,,,
401310751,2021,12,regular,2021-11-20T04:30:00.000Z,False,True,False,True,16713,6501,Allegiant Stadium,2439,UNLV,fbs,Mountain West,20,"[3, 7, 10, 0]",0.030661936849355698,1228,1241,21,San Diego State,fbs,Mountain West,28,"[7, 14, 0, 7]",0.9693380631506443,1611,1598,5.422379635395413,,,
401282137,2021,12,regular,2021-11-20T17:00:00.000Z,False,True,False,False,47749,3683,Kroger Field,96,Kentucky,fbs,SEC,56,"[21, 14, 14, 7]",0.9931016564369202,1617,1662,166,New Mexico State,fbs,FBS Independents,16,"[7, 9, 0, 0]",0.006898343563079834,1052,1007,3.4265327153634266,,,
401332309,2021,12,regular,2021-11-20T17:00:00.000Z,False,True,False,True,,3624,Arute Field,2115,Central Connecticut,fcs,NEC,24,"[3, 7, 3, 11]",,,,2598,Saint Francis,fcs,NEC,21,"[7, 7, 0, 7]",,,,,,,
401282818,2021,12,regular,2021-11-20T17:00:00.000Z,False,True,False,True,106038,3632,Beaver Stadium,213,Penn State,fbs,Big Ten,28,"[0, 7, 14, 7]",1,1778,1813,164,Rutgers,fbs,Big Ten,0,"[0, 0, 0, 0]",0,1444,1409,3.8014613191914837,,,
401328117,2021,12,regular,2021-11-20T17:00:00.000Z,False,True,False,True,,3777,Joe Walton Stadium,2523,Robert Morris,fcs,Big South,20,"[10, 0, 7, 0, 3]",,,,2097,Campbell,fcs,Big South,17,"[0, 10, 0, 7, 0]",,,,,,,
401332298,2021,12,regular,2021-11-20T17:00:00.000Z,False,True,False,True,,3979,Wagner College Stadium,2681,Wagner,fcs,NEC,0,"[0, 0, 0, 0]",,,,2184,Duquesne,fcs,NEC,44,"[0, 30, 7, 7]",,,,,,,
401282693,2021,12,regular,2021-11-20T17:00:00.000Z,False,True,False,True,81048,3836,"Memorial Stadium (Clemson, SC)",228,Clemson,fbs,ACC,48,"[10, 7, 21, 10]",0.9949294328689575,1815,1855,154,Wake Forest,fbs,ACC,27,"[0, 10, 3, 14]",0.0050705671310424805,1716,1676,3.5088853401109796,,,
401309592,2021,12,regular,2021-11-20T17:00:00.000Z,False,True,False,True,8879,3768,InfoCision Stadium,2006,Akron,fbs,Mid-American,0,"[0, 0, 0, 0]",0,997,919,2309,Kent State,fbs,Mid-American,38,"[7, 22, 3, 6]",1,1254,1332,2.436341658966769,,,
401287947,2021,12,regular,2021-11-20T17:00:00.000Z,False,True,False,True,48755,3842,Milan Puskar Stadium,277,West Virginia,fbs,Big 12,31,"[7, 14, 7, 3]",0.9234976768493652,1494,1521,251,Texas,fbs,Big 12,23,"[0, 10, 7, 6]",0.07650232315063477,1725,1698,3.32660865714656,,,
401344147,2021,12,regular,2021-11-20T17:00:00.000Z,False,True,False,True,,3997,Yale Bowl,43,Yale,fcs,Ivy,31,"[7, 10, 7, 7]",,,,108,Harvard,fcs,Ivy,34,"[10, 10, 7, 7]",,,,,,,
401282786,2021,12,regular,2021-11-20T17:00:00.000Z,False,True,False,True,101858,3861,Ohio Stadium,194,Ohio State,fbs,Big Ten,56,"[21, 28, 0, 7]",0.9819503426551819,2134,2212,127,Michigan State,fbs,Big Ten,7,"[0, 0, 0, 7]",0.018049657344818115,1622,1544,1.980251417552212,,,
401332305,2021,12,regular,2021-11-20T17:00:00.000Z,False,True,False,True,,6043,Bethpage Federal Credit Union Stadium,2341,Long Island University,fcs,NEC,14,"[7, 0, 0, 7]",,,,2529,Sacred Heart,fcs,NEC,38,"[7, 17, 14, 0]",,,,,,,
401282263,2021,12,regular,2021-11-20T17:00:00.000Z,False,True,False,True,10477,3796,Houchens Industries-L.T. Smith Stadium,98,Western Kentucky,fbs,Conference USA,52,"[14, 17, 7, 14]",0.998173177242279,1566,1656,2226,Florida Atlantic,fbs,Conference USA,17,"[3, 7, 7, 0]",0.0018268227577209473,1506,1416,2.406352219325472,,,
401328506,2021,12,regular,2021-11-20T17:00:00.000Z,False,True,False,True,,36,Leonidoff Field,2368,Marist,fcs,Pioneer,21,"[7, 7, 0, 7]",,,,2086,Butler,fcs,Pioneer,28,"[0, 14, 0, 14]",,,,,,,
401387856,2021,12,regular,2021-11-20T17:00:00.000Z,False,True,False,False,,6063,Mueller Field,587,Notre Dame College,ii,Mountain East,33,"[9, 21, 3, 0]",,,,215,Slippery Rock,ii,Pennsylvania State Athletic,25,"[7, 3, 15, 0]",,,,,,Division II Championship - First Round,
401282808,2021,12,regular,2021-11-20T17:00:00.000Z,False,True,True,True,31500,4250,Wrigley Field,77,Northwestern,fbs,Big Ten,14,"[0, 7, 7, 0]",0,1394,1380,2509,Purdue,fbs,Big Ten,32,"[0, 13, 13, 6]",1,1619,1633,4.759003960037107,,,
401328268,2021,12,regular,2021-11-20T17:00:00.000Z,False,True,False,True,,3656,Brown Stadium,225,Brown,fcs,Ivy,31,"[7, 10, 0, 14]",,,,159,Dartmouth,fcs,Ivy,52,"[7, 17, 14, 14]",,,,,,,
401328477,2021,12,regular,2021-11-20T17:00:00.000Z,False,True,False,True,,3617,Andy Kerr Stadium,2142,Colgate,fcs,Patriot,45,"[7, 16, 8, 14]",,,,2230,Fordham,fcs,Patriot,31,"[14, 7, 3, 7]",,,,,,,
401387854,2021,12,regular,2021-11-20T17:00:00.000Z,False,True,False,False,,5133,Ram Stadium (WV),2974,Shepherd,ii,Pennsylvania State Athletic,38,"[0, 14, 10, 14]",,,,2224,Findlay,ii,Great Midwest Athletic,31,"[0, 14, 7, 10]",,,,,,Division II Championship - First Round,
401301048,2021,12,regular,2021-11-20T17:00:00.000Z,False,True,False,True,14496,4729,Yulman Stadium,2655,Tulane,fbs,American Athletic,45,"[28, 7, 7, 3]",0.9894322156906128,1348,1418,58,South Florida,fbs,American Athletic,14,"[7, 0, 0, 7]",0.010567784309387207,1238,1168,2.773731764558718,,,
401328303,2021,12,regular,2021-11-20T17:00:00.000Z,False,True,False,False,,3762,Hughes Stadium,2415,Morgan State,fcs,MEAC,28,"[0, 13, 0, 15]",,,,46,Georgetown,fcs,Patriot,21,"[8, 6, 0, 7]",,,,,,,
401282692,2021,12,regular,2021-11-20T17:00:00.000Z,False,True,False,True,33363,3615,"Alumni Stadium (Chestnut Hill, MA)",103,Boston College,fbs,ACC,23,"[0, 3, 7, 13]",0.2081654965877533,1481,1477,52,Florida State,fbs,ACC,26,"[7, 12, 7, 0]",0.7918345034122467,1497,1501,4.908271720017538,,,
401286305,2021,12,regular,2021-11-20T17:00:00.000Z,False,True,False,False,23610,3841,Michie Stadium,349,Army,fbs,FBS Independents,33,"[8, 11, 0, 14]",0.8531534075737,1585,1557,113,Massachusetts,fbs,FBS Independents,17,"[3, 7, 0, 7]",0.14684659242630005,796,824,3.4643307339661806,,,
401287944,2021,12,regular,2021-11-20T17:00:00.000Z,False,True,False,True,82685,3835,"Memorial Stadium (Norman, OK)",201,Oklahoma,fbs,Big 12,28,"[7, 7, 7, 7]",0.9502975940704346,1845,1858,66,Iowa State,fbs,Big 12,21,"[7, 0, 0, 14]",0.04970240592956543,1901,1888,8.759740098717725,,,
401335303,2021,12,regular,2021-11-20T17:00:00.000Z,False,True,False,True,,3741,Goodman Stadium,2329,Lehigh,fcs,Patriot,17,"[7, 7, 0, 3]",,,,322,Lafayette,fcs,Patriot,10,"[0, 10, 0, 0]",,,,,,,
401282136,2021,12,regular,2021-11-20T17:00:00.000Z,False,True,False,False,92746,3917,Sanford Stadium,61,Georgia,fbs,SEC,56,"[28, 21, 7, 0]",0.9935417771339417,2415,,2127,Charleston Southern,fcs,Big South,7,"[0, 0, 7, 0]",0.00645822286605835,,,2.913674109303816,,,
401282696,2021,12,regular,2021-11-20T17:00:00.000Z,False,True,False,False,43011,3787,Kenan Stadium,153,North Carolina,fbs,ACC,34,"[10, 10, 14, 0]",0.8998373746871948,1736,,2747,Wofford,fcs,Southern,14,"[0, 7, 0, 7]",0.10016262531280518,933,,2.602900327745911,,,
401282140,2021,12,regular,2021-11-20T17:00:00.000Z,False,True,False,False,46770,3693,Davis Wade Stadium,344,Mississippi State,fbs,SEC,55,"[21, 14, 14, 6]",0.980708658695221,1624,,2634,Tennessee State,fcs,OVC,10,"[0, 0, 0, 10]",0.019291341304779053,1654,,1.9418672352648607,,,
401282144,2021,12,regular,2021-11-20T17:00:00.000Z,False,True,False,False,98251,3795,Kyle Field,245,Texas A&M,fbs,SEC,52,"[21, 17, 7, 7]",0.9922637343406677,1931,,2504,Prairie View A&M,fcs,SWAC,3,"[0, 0, 3, 0]",0.007736265659332275,1170,,1.6247444416584416,,,
401328570,2021,12,regular,2021-11-20T17:30:00.000Z,False,True,False,True,,3597,Alumni Memorial Field,2678,VMI,fcs,Southern,24,"[14, 7, 0, 3]",,,,2717,Western Carolina,fcs,Southern,52,"[21, 7, 7, 17]",,,,,,,
401328593,2021,12,regular,2021-11-20T18:00:00.000Z,False,True,False,True,,3686,Cowboy Stadium,2377,McNeese,fcs,Southland,20,"[7, 0, 7, 6]",,,,2466,Northwestern State,fcs,Southland,24,"[17, 0, 0, 7]",,,,,,,
401334823,2021,12,regular,2021-11-20T18:00:00.000Z,False,True,False,True,,4416,Spec Martin Municipal Stadium,56,Stetson,fcs,Pioneer,16,"[0, 0, 6, 10]",,,,301,San Diego,fcs,Pioneer,41,"[13, 14, 7, 7]",,,,,,,
401329332,2021,12,regular,2021-11-20T18:00:00.000Z,False,True,False,True,,6048,Duane Stadium,2771,Merrimack,fcs,NEC,14,"[0, 7, 0, 7]",,,,2803,Bryant,fcs,NEC,58,"[7, 28, 14, 9]",,,,,,,
401328695,2021,12,regular,2021-11-20T18:00:00.000Z,False,True,False,True,,5400,William B. Greene Jr. Stadium,2193,East Tennessee State,fcs,Southern,38,"[7, 14, 0, 17]",,,,2382,Mercer,fcs,Southern,35,"[3, 7, 18, 7]",,,,,,,
401387851,2021,12,regular,2021-11-20T18:00:00.000Z,False,True,False,True,,5872,Kirkeby-Over Stadium,2043,Augustana (SD),ii,Northern Sun,24,"[10, 0, 14, 0]",,,,132,Bemidji State,ii,Northern Sun,28,"[14, 7, 0, 7]",,,,,,Division II Championship - First Round,
401387859,2021,12,regular,2021-11-20T18:00:00.000Z,False,True,False,False,,5867,Albany State University Coliseum,2013,Albany State,ii,SIAC,7,"[0, 0, 0, 7]",,,,2698,West Georgia,ii,Gulf South,23,"[14, 6, 3, 0]",,,,,,Division II Championship - First Round,
401328336,2021,12,regular,2021-11-20T18:00:00.000Z,False,True,False,True,,3744,Hancock Stadium,2287,Illinois State,fcs,MVFC,10,"[7, 3, 0, 0]",,,,282,Indiana State,fcs,MVFC,15,"[0, 0, 8, 7]",,,,,,,
401328143,2021,12,regular,2021-11-20T18:00:00.000Z,False,True,False,True,,4899,Fifth Third Stadium,338,Kennesaw State,fcs,Big South,49,"[14, 14, 14, 7]",,,,2405,Monmouth,fcs,Big South,17,"[0, 10, 0, 7]",,,,,,,
401387861,2021,12,regular,2021-11-20T18:00:00.000Z,False,True,False,False,,6036,Blue Wahoos Stadium,110242,West Florida,ii,Gulf South,30,"[3, 7, 14, 3, 3]",,,,2444,Newberry,ii,South Atlantic,33,"[14, 0, 0, 13, 6]",,,,,,Division II Championship - First Round,
401387850,2021,12,regular,2021-11-20T18:00:00.000Z,False,True,False,False,,3811,Lubbers Stadium,125,Grand Valley State,ii,GLIAC,20,"[10, 0, 3, 7]",,,,2815,Lindenwood,ii,Great Lakes Valley,3,"[0, 0, 3, 0]",,,,,,Division II Championship - First Round,
401328247,2021,12,regular,2021-11-20T18:00:00.000Z,False,True,False,True,,3921,Schoellkopf Field,172,Cornell,fcs,Ivy,26,"[10, 3, 6, 7]",,,,171,Columbia,fcs,Ivy,34,"[0, 13, 7, 14]",,,,,,,
401328492,2021,12,regular,2021-11-20T18:00:00.000Z,False,True,False,True,,3676,Christy Mathewson-Memorial Stadium,2083,Bucknell,fcs,Patriot,6,"[0, 0, 6, 0]",,,,107,Holy Cross,fcs,Patriot,45,"[14, 17, 7, 7]",,,,,,,
401332319,2021,12,regular,2021-11-20T18:00:00.000Z,False,True,False,True,,3897,Richardson Stadium,2166,Davidson,fcs,Pioneer,45,"[21, 3, 7, 14]",,,,2181,Drake,fcs,Pioneer,14,"[0, 7, 7, 0]",,,,,,,
401309644,2021,12,regular,2021-11-20T18:00:00.000Z,False,True,False,True,10386,3654,Brooks Stadium (SC),324,Coastal Carolina,fbs,Sun Belt,35,"[7, 7, 14, 7]",0.9899380207061768,1776,1756,326,Texas State,fbs,Sun Belt,21,"[0, 14, 7, 0]",0.010061979293823242,1133,1153,4.3075455436627434,,,
401387860,2021,12,regular,2021-11-20T18:00:00.000Z,False,True,False,False,,5873,Bulldogs Stadium,2075,Bowie State,ii,CIAA,31,"[7, 10, 7, 7]",,,,2331,Lenoir Rhyne,ii,South Atlantic,10,"[0, 3, 7, 0]",,,,,,Division II Championship - First Round,
401328419,2021,12,regular,2021-11-20T18:00:00.000Z,False,True,False,True,,3858,O'Brien Stadium,2197,Eastern Illinois,fcs,OVC,13,"[7, 6, 0, 0]",,,,93,Murray State,fcs,OVC,20,"[6, 7, 7, 0]",,,,,,,
401328203,2021,12,regular,2021-11-20T18:00:00.000Z,False,True,False,True,,3688,Wildcat Stadium,160,New Hampshire,fcs,CAA,20,"[7, 13, 0, 0]",,,,311,Maine,fcs,CAA,33,"[0, 20, 10, 3]",,,,,,,
401387852,2021,12,regular,2021-11-20T18:00:00.000Z,False,True,False,True,,6058,Ralph F. DellaCamera Stadium,2441,New Haven,ii,Northeast 10,38,"[3, 14, 7, 14]",,,,2060,Bentley,ii,Northeast 10,13,"[0, 6, 0, 7]",,,,,,Division II Championship - First Round,
401328560,2021,12,regular,2021-11-20T18:00:00.000Z,False,True,False,True,,3925,Seibert Stadium,2535,Samford,fcs,Southern,34,"[7, 3, 10, 14]",,,,231,Furman,fcs,Southern,41,"[14, 14, 7, 6]",,,,,,,
401328275,2021,12,regular,2021-11-20T18:00:00.000Z,False,True,False,True,,3730,Franklin Field,219,Pennsylvania,fcs,Ivy,14,"[7, 0, 0, 7]",,,,163,Princeton,fcs,Ivy,34,"[3, 28, 0, 3]",,,,,,,
401341488,2021,12,regular,2021-11-20T18:00:00.000Z,False,True,False,False,,3990,William H. Greene Stadium,47,Howard,fcs,MEAC,56,"[28, 28, 0, 0]",,,,2355,Virginia Lynchburg,,,6,"[0, 6, 0, 0]",,,,,,,
401328168,2021,12,regular,2021-11-20T18:00:00.000Z,False,True,False,True,,3788,Kenneth P. LaValle Stadium,2619,Stony Brook,fcs,CAA,36,"[10, 9, 7, 10]",,,,399,UAlbany,fcs,CAA,14,"[0, 0, 7, 7]",,,,,,,
401328386,2021,12,regular,2021-11-20T18:00:00.000Z,False,True,False,True,,3913,Saluki Stadium,79,Southern Illinois,fcs,MVFC,18,"[3, 15, 0, 0]",,,,2754,Youngstown State,fcs,MVFC,35,"[14, 14, 7, 0]",,,,,,,
401328182,2021,12,regular,2021-11-20T18:00:00.000Z,False,True,False,True,,3695,Delaware Stadium,48,Delaware,fcs,CAA,13,"[3, 7, 0, 3]",,,,222,Villanova,fcs,CAA,21,"[7, 0, 0, 14]",,,,,,,
401328137,2021,12,regular,2021-11-20T18:00:00.000Z,False,True,False,True,,3620,Armstrong Stadium,2261,Hampton,fcs,Big South,27,"[7, 7, 0, 13]",,,,2453,North Alabama,fcs,Big South,35,"[14, 14, 0, 7]",,,,,,,
401328131,2021,12,regular,2021-11-20T18:00:00.000Z,False,True,False,True,,3603,Aggie Stadium,2448,North Carolina A&T,fcs,Big South,27,"[3, 7, 3, 14]",,,,2241,Gardner-Webb,fcs,Big South,35,"[0, 7, 0, 28]",,,,,,,
401328544,2021,12,regular,2021-11-20T18:30:00.000Z,False,True,False,True,,3720,Finley Stadium,236,Chattanooga,fcs,Southern,21,"[7, 14, 0, 0]",,,,2643,The Citadel,fcs,Southern,24,"[7, 7, 3, 7]",,,,,,,
401332324,2021,12,regular,2021-11-20T19:00:00.000Z,False,True,False,True,,5116,O'Shaughnessy Stadium,2900,St. Thomas (MN),fcs,Pioneer,54,"[7, 28, 13, 6]",,,,2506,Presbyterian,fcs,Pioneer,15,"[8, 7, 0, 0]",,,,,,,
401328296,2021,12,regular,2021-11-20T19:00:00.000Z,False,True,False,True,,3862,O'Kelly-Riddick Stadium,2428,North Carolina Central,fcs,MEAC,34,"[7, 7, 0, 14, 6]",,,,2169,Delaware State,fcs,MEAC,28,"[7, 0, 14, 7, 0]",,,,,,,
401328526,2021,12,regular,2021-11-20T19:00:00.000Z,False,True,False,True,,3655,Brown Field,2674,Valparaiso,fcs,Pioneer,38,"[3, 7, 7, 21]",,,,2413,Morehead State,fcs,Pioneer,51,"[14, 7, 13, 17]",,,,,,,
401328014,2021,12,regular,2021-11-20T19:00:00.000Z,False,True,False,True,,5440,Wildcat Stadium (TX),2000,Abilene Christian,fcs,Western Athletic,9,"[0, 3, 6, 0]",,,,2534,Sam Houston,fcs,AWC,35,"[14, 14, 7, 0]",,,,,,,
401329467,2021,12,regular,2021-11-20T19:00:00.000Z,False,True,False,False,,3633,Ben Altamirano Field,2703,Western New Mexico,ii,Lone Star,28,"[7, 14, 7, 0, 0]",,,,2424,New Mexico Highlands,ii,Rocky Mountain,31,"[7, 7, 7, 7, 3]",,,,,,,
401328198,2021,12,regular,2021-11-20T19:00:00.000Z,False,True,False,True,,3651,Bridgeforth Stadium,256,James Madison,fcs,CAA,56,"[14, 28, 14, 0]",,,,119,Towson,fcs,CAA,10,"[7, 0, 0, 3]",,,,,,,
401387857,2021,12,regular,2021-11-20T19:00:00.000Z,False,True,False,False,,5134,Bearcat Stadium,138,Northwest Missouri State,ii,Mid America,50,"[13, 14, 14, 9]",,,,2120,Central Washington,ii,Great Northwest,21,"[0, 7, 0, 14]",,,,,,Division II Championship - First Round,
401387853,2021,12,regular,2021-11-20T19:00:00.000Z,False,True,False,False,,5885,First Security Stadium,2264,Harding,ii,Great American,30,"[7, 13, 7, 3]",,,,2687,Washburn,ii,Mid America,14,"[0, 7, 0, 7]",,,,,,Division II Championship - First Round,
401328308,2021,12,regular,2021-11-20T19:00:00.000Z,False,True,False,True,,3991,"William Dick"""" Price Stadium""""",2450,Norfolk State,fcs,MEAC,21,"[0, 7, 7, 7]",,,,2569,South Carolina State,fcs,MEAC,31,"[0, 10, 0, 21]",,,,,,,
401328069,2021,12,regular,2021-11-20T19:00:00.000Z,False,True,False,True,,3987,Washington-Grizzly Stadium,149,Montana,fcs,Big Sky,29,"[10, 6, 10, 3]",,,,147,Montana State,fcs,Big Sky,10,"[3, 0, 0, 7]",,,,,,,
401328191,2021,12,regular,2021-11-20T19:00:00.000Z,False,True,False,True,,3894,Rhodes Stadium,2210,Elon,fcs,CAA,43,"[14, 13, 3, 13]",,,,227,Rhode Island,fcs,CAA,28,"[7, 3, 7, 11]",,,,,,,
401328377,2021,12,regular,2021-11-20T19:00:00.000Z,False,True,False,True,,3967,UNI-Dome,2460,Northern Iowa,fcs,MVFC,41,"[3, 7, 21, 10]",,,,2710,Western Illinois,fcs,MVFC,3,"[0, 3, 0, 0]",,,,,,,
401327996,2021,12,regular,2021-11-20T19:00:00.000Z,False,True,False,True,,3908,Roy Kidd Stadium,2198,Eastern Kentucky,fcs,AWC,39,"[0, 14, 3, 7, 15]",,,,55,Jacksonville State,fcs,AWC,31,"[3, 7, 7, 7, 7]",,,,,,,
401328640,2021,12,regular,2021-11-20T19:00:00.000Z,False,True,False,True,,3809,Louis Crews Stadium,2010,Alabama A&M,fcs,SWAC,52,"[14, 21, 14, 3]",,,,2029,Arkansas-Pine Bluff,fcs,SWAC,24,"[0, 17, 7, 0]",,,,,,,
401328633,2021,12,regular,2021-11-20T19:00:00.000Z,False,True,False,True,,3976,Mississippi Veterans Memorial Stadium,2296,Jackson State,fcs,SWAC,24,"[0, 7, 10, 7]",,,,2016,Alcorn State,fcs,SWAC,10,"[0, 3, 7, 0]",,,,,,,
401387855,2021,12,regular,2021-11-20T19:00:00.000Z,False,True,False,False,,5869,LeGrand Stadium at 1st Community Credit Union Field,2025,Angelo State,ii,Lone Star,48,"[21, 20, 0, 7]",,,,134,Minnesota Duluth,ii,Northern Sun,14,"[0, 0, 0, 14]",,,,,,Division II Championship - First Round,
401309643,2021,12,regular,2021-11-20T19:00:00.000Z,False,True,False,True,14273,4246,Center Parc Stadium,2247,Georgia State,fbs,Sun Belt,28,"[7, 7, 0, 14]",0.9988976755108503,1397,1394,2032,Arkansas State,fbs,Sun Belt,20,"[3, 10, 0, 7]",0.0011023244891497086,1142,1145,5.772662204,,,
401332314,2021,12,regular,2021-11-20T19:00:00.000Z,False,True,False,True,,7003,Houck Field,2546,Southeast Missouri State,fcs,OVC,31,"[0, 14, 7, 10]",,,,2630,UT Martin,fcs,OVC,14,"[0, 14, 0, 0]",,,,,,,
401282721,2021,12,regular,2021-11-20T19:00:00.000Z,False,True,False,True,64132,3793,Kinnick Stadium,2294,Iowa,fbs,Big Ten,33,"[7, 10, 3, 13]",0.9668797850608826,1764,1757,356,Illinois,fbs,Big Ten,23,"[10, 3, 3, 7]",0.03312021493911743,1400,1407,4.4428873966128615,,,
401282697,2021,12,regular,2021-11-20T19:30:00.000Z,False,True,False,True,70011,3855,Notre Dame Stadium,87,Notre Dame,fbs,FBS Independents,55,"[24, 21, 10, 0]",0.9989677324080912,1883,1984,59,Georgia Tech,fbs,ACC,0,"[0, 0, 0, 0]",0.0010322675919087754,1397,1296,1.4554111747,,,
401387858,2021,12,regular,2021-11-20T20:00:00.000Z,False,True,False,False,,5782,Mountaineer Bowl,2714,Western Colorado,ii,Rocky Mountain,24,"[3, 0, 7, 14]",,,,2438,Nebraska Kearney,ii,Mid America,31,"[3, 7, 14, 7]",,,,,,Division II Championship - First Round,
401328084,2021,12,regular,2021-11-20T20:00:00.000Z,False,True,False,True,,3942,Stewart Stadium,2692,Weber State,fcs,Big Sky,48,"[3, 21, 24, 0]",,,,2458,Northern Colorado,fcs,Big Sky,17,"[3, 14, 0, 0]",,,,,,,
401328412,2021,12,regular,2021-11-20T20:00:00.000Z,False,True,False,True,,3742,Governors Stadium,2046,Austin Peay,fcs,OVC,48,"[3, 21, 7, 17]",,,,2635,Tennessee Tech,fcs,OVC,20,"[0, 13, 0, 7]",,,,,,,
401328624,2021,12,regular,2021-11-20T20:00:00.000Z,False,True,False,True,,4582,Hornet Stadium,2011,Alabama State,fcs,SWAC,24,"[7, 0, 10, 7]",,,,2640,Texas Southern,fcs,SWAC,21,"[7, 0, 7, 7]",,,,,,,
401328056,2021,12,regular,2021-11-20T20:00:00.000Z,False,True,False,True,,1930,Holt Arena,304,Idaho State,fcs,Big Sky,0,"[0, 0, 0, 0]",,,,70,Idaho,fcs,Big Sky,14,"[14, 0, 0, 0]",,,,,,,
401328366,2021,12,regular,2021-11-20T20:00:00.000Z,False,True,False,True,,5237,Dana J. Dykhouse Stadium,2571,South Dakota State,fcs,MVFC,24,"[0, 14, 7, 3]",,,,155,North Dakota,fcs,MVFC,21,"[0, 7, 7, 7]",,,,,,,
401328584,2021,12,regular,2021-11-20T20:00:00.000Z,False,True,False,True,,4424,Husky Stadium,2277,Houston Christian,fcs,Southland,14,"[0, 14, 0, 0]",,,,2916,Incarnate Word,fcs,Southland,55,"[35, 7, 10, 3]",,,,,,,
401309903,2021,12,regular,2021-11-20T20:00:00.000Z,False,True,False,True,41284,3726,Folsom Field,38,Colorado,fbs,Pac-12,20,"[10, 0, 0, 10]",0.7540216445922852,1311,1317,264,Washington,fbs,Pac-12,17,"[0, 10, 0, 7]",0.24597835540771484,1645,1639,5.5133720391600445,,,
401282135,2021,12,regular,2021-11-20T20:30:00.000Z,False,True,False,True,98323,3657,Bryant-Denny Stadium,333,Alabama,fbs,SEC,42,"[3, 21, 10, 8]",0.8818047046661377,2216,2195,8,Arkansas,fbs,SEC,35,"[0, 14, 7, 14]",0.1181952953338623,1601,1622,5.094136219940495,,,
401328225,2021,12,regular,2021-11-20T20:30:00.000Z,False,True,False,True,,3998,Zable Stadium,2729,William & Mary,fcs,CAA,17,"[0, 3, 7, 7]",,,,257,Richmond,fcs,CAA,20,"[0, 10, 3, 7]",,,,,,,
401328646,2021,12,regular,2021-11-20T20:30:00.000Z,False,True,False,True,,4013,Camping World Stadium,50,Florida A&M,fcs,SWAC,46,"[13, 0, 30, 3]",,,,2065,Bethune-Cookman,fcs,SWAC,21,"[7, 0, 0, 14]",,,,,,Florida Classic,
401282770,2021,12,regular,2021-11-20T20:30:00.000Z,False,True,False,True,36181,3665,SECU Stadium,120,Maryland,fbs,Big Ten,18,"[0, 3, 15, 0]",0.007035155780613422,1303,1256,130,Michigan,fbs,Big Ten,59,"[14, 10, 28, 7]",0.9929648442193866,1882,1929,3.0831452415339884,,,
401282265,2021,12,regular,2021-11-20T20:30:00.000Z,False,True,False,True,9606,3725,"Johnny ""Red"" Floyd Stadium",2393,Middle Tennessee,fbs,Conference USA,17,"[7, 3, 0, 7]",0.26782578229904175,1394,1373,295,Old Dominion,fbs,Conference USA,24,"[7, 3, 0, 14]",0.7321742177009583,1296,1317,5.024907912783928,,,
401301046,2021,12,regular,2021-11-20T20:30:00.000Z,False,True,False,True,37978,3854,Nippert Stadium,2132,Cincinnati,fbs,American Athletic,48,"[14, 13, 14, 7]",0.9868219494819641,1898,1967,2567,SMU,fbs,American Athletic,14,"[0, 0, 0, 14]",0.013178050518035889,1695,1626,1.9443362498824257,,,
401282732,2021,12,regular,2021-11-20T20:30:00.000Z,False,True,False,True,38079,3830,"Memorial Stadium (Bloomington, IN)",84,Indiana,fbs,Big Ten,14,"[7, 0, 0, 7]",0.0035288911312818527,1328,1308,135,Minnesota,fbs,Big Ten,35,"[0, 21, 7, 7]",0.9964711088687181,1640,1660,2.837591175193805,,,
401301047,2021,12,regular,2021-11-20T20:30:00.000Z,False,True,False,True,28001,3852,Navy-Marine Corps Memorial Stadium,2426,Navy,fbs,American Athletic,35,"[7, 14, 0, 14]",0.36835673451423645,1299,1309,151,East Carolina,fbs,American Athletic,38,"[14, 10, 0, 14]",0.6316432654857635,1550,1540,6.315095631524393,,,
401282261,2021,12,regular,2021-11-20T20:30:00.000Z,False,True,False,True,13211,4418,Jerry Richardson Stadium,2429,Charlotte,fbs,Conference USA,28,"[7, 7, 0, 14]",0.0026433051098138094,1204,1198,276,Marshall,fbs,Conference USA,49,"[7, 14, 21, 7]",0.9973566948901862,1665,1671,4.196947040120877,,,
401328371,2021,12,regular,2021-11-20T20:30:00.000Z,False,True,False,True,,3714,Fargodome,2449,North Dakota State,fcs,MVFC,52,"[21, 7, 10, 14]",,,,233,South Dakota,fcs,MVFC,24,"[0, 3, 14, 7]",,,,,,,
401309642,2021,12,regular,2021-11-20T20:30:00.000Z,False,True,False,True,18523,3975,Veterans Memorial Stadium (AL),2653,Troy,fbs,Sun Belt,7,"[7, 0, 0, 0]",0.0034711339976638556,1405,1334,2026,App State,fbs,Sun Belt,45,"[3, 7, 21, 14]",0.9965288660023361,1714,1785,3.122853518698958,,,
401282803,2021,12,regular,2021-11-20T20:30:00.000Z,False,True,False,True,67888,347,Camp Randall Stadium,275,Wisconsin,fbs,Big Ten,35,"[14, 0, 14, 7]",0.9667778015136719,1907,1906,158,Nebraska,fbs,Big Ten,28,"[7, 7, 7, 7]",0.033222198486328125,1713,1714,5.983846144166333,,,
401282698,2021,12,regular,2021-11-20T20:30:00.000Z,False,True,False,True,45183,3752,Acrisure Stadium,221,Pittsburgh,fbs,ACC,48,"[0, 24, 10, 14]",0.7205047011375427,1733,1738,258,Virginia,fbs,ACC,38,"[7, 14, 10, 7]",0.2794952988624573,1555,1550,7.30632650745905,,,
401282267,2021,12,regular,2021-11-20T20:30:00.000Z,False,True,False,True,35147,3604,Alamodome,2636,UTSA,fbs,Conference USA,34,"[7, 10, 10, 7]",0.1851469725370407,1620,1620,5,UAB,fbs,Conference USA,31,"[14, 10, 0, 7]",0.8148530274629593,1546,1546,8.378710369970978,,,
401309904,2021,12,regular,2021-11-20T21:00:00.000Z,False,True,False,True,68152,477,Los Angeles Memorial Coliseum,30,USC,fbs,Pac-12,33,"[10, 7, 9, 7]",0,1562,1489,26,UCLA,fbs,Pac-12,62,"[7, 21, 14, 20]",1,1621,1694,4.731846414539005,,,
401282266,2021,12,regular,2021-11-20T21:00:00.000Z,False,True,False,True,10097,3946,Sun Bowl,2638,UTEP,fbs,Conference USA,38,"[7, 7, 10, 14]",0.9877612590789795,1293,1298,242,Rice,fbs,Conference USA,28,"[0, 21, 0, 7]",0.012238740921020508,1117,1112,5.858416481017736,,,
401282141,2021,12,regular,2021-11-20T21:00:00.000Z,False,True,False,True,47818,3838,Memorial Stadium,142,Missouri,fbs,SEC,24,"[3, 6, 0, 7, 8]",0.24475131364735478,1358,1366,57,Florida,fbs,SEC,23,"[3, 3, 7, 3, 7]",0.7552486863526452,1642,1634,7.7351866518,,,
401301049,2021,12,regular,2021-11-20T21:00:00.000Z,False,True,False,True,16731,3674,Chapman Stadium,202,Tulsa,fbs,American Athletic,44,"[10, 17, 7, 10]",0.9857465624809265,1428,1466,218,Temple,fbs,American Athletic,10,"[0, 0, 10, 0]",0.014253437519073486,961,923,2.8102543854454454,,,
401287945,2021,12,regular,2021-11-20T21:00:00.000Z,False,True,False,True,35061,3616,Amon G. Carter Stadium,2628,TCU,fbs,Big 12,31,"[7, 0, 14, 10]",0.8098275661468506,1450,1446,2305,Kansas,fbs,Big 12,28,"[7, 7, 0, 14]",0.19017243385314941,1014,1018,5.652782751691039,,,
401286298,2021,12,regular,2021-11-20T21:00:00.000Z,False,True,False,False,15564,3992,Williams Stadium (VA),2335,Liberty,fbs,FBS Independents,14,"[0, 7, 7, 0]",0.042095642536878586,1662,1599,309,Louisiana,fbs,Sun Belt,42,"[7, 14, 7, 14]",0.9579043574631214,1775,1838,5.948425864065725,,,
401286293,2021,12,regular,2021-11-20T21:00:00.000Z,False,True,False,False,37454,3652,FBC Mortgage Stadium,2116,UCF,fbs,American Athletic,49,"[21, 14, 0, 14]",0.9924783706665039,1573,1588,41,UConn,fbs,FBS Independents,17,"[0, 14, 0, 3]",0.007521629333496094,935,920,2.283266236076418,,,
401328097,2021,12,regular,2021-11-20T21:00:00.000Z,False,True,False,True,,3602,Aggie Stadium,302,UC Davis,fcs,Big Sky,7,"[0, 0, 0, 7]",,,,16,Sacramento State,fcs,Big Sky,27,"[7, 17, 3, 0]",,,,,,,
401282695,2021,12,regular,2021-11-20T21:00:00.000Z,False,True,False,True,54083,3670,Carter-Finley Stadium,152,NC State,fbs,ACC,41,"[0, 28, 10, 3]",0.9999529123306274,1667,1697,183,Syracuse,fbs,ACC,17,"[0, 7, 3, 7]",4.7087669372558594e-05,1392,1362,3.320992530002604,,,
401309645,2021,12,regular,2021-11-20T21:00:00.000Z,False,True,False,False,20862,3608,Allen E. Paulson Stadium,290,Georgia Southern,fbs,Sun Belt,17,"[3, 14, 0, 0]",0.04035371541976929,1339,1337,252,BYU,fbs,FBS Independents,34,"[7, 13, 7, 7]",0.9596462845802307,1739,1741,4.066290328208119,,,
401328010,2021,12,regular,2021-11-20T22:00:00.000Z,False,True,False,True,,3882,Provost Umphrey Stadium,2320,Lamar,fcs,Western Athletic,6,"[0, 6, 0, 0]",,,,2617,Stephen F. Austin,fcs,Western Athletic,42,"[14, 14, 7, 7]",,,,,,,
401328047,2021,12,regular,2021-11-20T22:05:00.000Z,False,True,False,True,,4765,Hillsboro Stadium,2502,Portland State,fcs,Big Sky,28,"[7, 7, 7, 7]",,,,331,Eastern Washington,fcs,Big Sky,42,"[7, 7, 21, 7]",,,,,,,
401287943,2021,12,regular,2021-11-20T22:30:00.000Z,False,True,False,True,43857,3636,Bill Snyder Family Stadium,2306,Kansas State,fbs,Big 12,10,"[0, 7, 3, 0]",0.09647195786237717,1626,1615,239,Baylor,fbs,Big 12,20,"[7, 10, 0, 3]",0.9035280421376228,1737,1748,4.3614117001512795,,,
401282142,2021,12,regular,2021-11-21T00:00:00.000Z,False,True,False,True,70299,3994,Williams-Brice Stadium,2579,South Carolina,fbs,SEC,21,"[0, 14, 7, 0]",0.927436888217926,1430,1441,2,Auburn,fbs,SEC,17,"[14, 0, 3, 0]",0.07256311178207397,1691,1680,4.917832033044904,,,
401327976,2021,12,regular,2021-11-21T00:00:00.000Z,False,True,False,True,,3827,"Memorial Stadium (Stephenville, TX)",2627,Tarleton State,fcs,Western Athletic,24,"[0, 10, 7, 7]",,,,2110,Central Arkansas,fcs,AWC,3,"[0, 3, 0, 0]",,,,,,,
401282262,2021,12,regular,2021-11-21T00:00:00.000Z,False,True,False,True,,218,FIU Stadium,2229,Florida International,fbs,Conference USA,7,"[0, 0, 7, 0]",0.01168685220181942,988,895,249,North Texas,fbs,Conference USA,49,"[7, 28, 14, 0]",0.9883131477981806,1233,1326,4.911875154619117,,,
401309900,2021,12,regular,2021-11-21T00:00:00.000Z,False,True,False,True,49265,3940,Stanford Stadium,24,Stanford,fbs,Pac-12,11,"[0, 3, 0, 8]",0.07236909866333008,1359,1291,25,California,fbs,Pac-12,41,"[0, 14, 13, 14]",0.9276309013366699,1488,1556,3.157364488926361,,,
401282139,2021,12,regular,2021-11-21T00:30:00.000Z,False,True,False,True,50819,3974,Vaught-Hemingway Stadium,145,Ole Miss,fbs,SEC,31,"[10, 14, 0, 7]",0.9852136969566345,1775,1750,238,Vanderbilt,fbs,SEC,17,"[3, 6, 0, 8]",0.014786303043365479,1055,1080,2.712820249454637,,,
401309901,2021,12,regular,2021-11-21T00:30:00.000Z,False,True,False,True,52724,587,Rice-Eccles Stadium,254,Utah,fbs,Pac-12,38,"[7, 21, 7, 3]",0.9800751805305481,1809,1886,2483,Oregon,fbs,Pac-12,7,"[0, 0, 7, 0]",0.019924819469451904,1755,1678,2.713793722045423,,,
401282694,2021,12,regular,2021-11-21T00:30:00.000Z,False,True,False,True,40839,3948,Hard Rock Stadium,2390,Miami,fbs,ACC,38,"[14, 14, 3, 7]",0.6225100519705646,1542,1564,259,Virginia Tech,fbs,ACC,26,"[3, 10, 13, 0]",0.37748994802943536,1536,1514,4.414136346,,,
401282143,2021,12,regular,2021-11-21T00:30:00.000Z,False,True,False,False,75203,3853,Neyland Stadium,2633,Tennessee,fbs,SEC,60,"[14, 21, 14, 11]",0.9939804077148438,1621,1722,6,South Alabama,fbs,Sun Belt,14,"[0, 7, 0, 7]",0.00601959228515625,1355,1254,2.336053296315973,,,
401287946,2021,12,regular,2021-11-21T01:00:00.000Z,False,True,False,True,53169,3784,Jones AT&T Stadium,2641,Texas Tech,fbs,Big 12,0,"[0, 0, 0, 0]",0.006218171678483486,1459,1448,197,Oklahoma State,fbs,Big 12,23,"[3, 10, 3, 7]",0.9937818283215165,1914,1925,3.5969505555692693,,,
401310750,2021,12,regular,2021-11-21T01:00:00.000Z,False,True,False,True,20547,3905,Maverik Stadium,328,Utah State,fbs,Mountain West,17,"[14, 3, 0, 0]",0.00929769966751337,1503,1430,2751,Wyoming,fbs,Mountain West,44,"[14, 10, 17, 3]",0.9907023003324866,1506,1579,4.523061419907415,,,
401328037,2021,12,regular,2021-11-21T01:05:00.000Z,False,True,False,True,,1027,Alex G. Spanos Stadium,13,Cal Poly,fcs,Big Sky,21,"[7, 7, 0, 7]",,,,2464,Northern Arizona,fcs,Big Sky,45,"[7, 31, 7, 0]",,,,,,,
401310748,2021,12,regular,2021-11-21T02:00:00.000Z,False,True,False,True,28542,3653,Albertsons Stadium,68,Boise State,fbs,Mountain West,37,"[10, 14, 6, 7]",0.949509859085083,1747,1781,167,New Mexico,fbs,Mountain West,0,"[0, 0, 0, 0]",0.05049014091491699,1160,1126,1.734351133442302,,,
401282138,2021,12,regular,2021-11-21T02:00:00.000Z,False,True,False,False,92790,3958,Tiger Stadium (LA),99,LSU,fbs,SEC,27,"[7, 10, 7, 3]",0.7580521702766418,1635,1615,2433,UL Monroe,fbs,Sun Belt,14,"[0, 7, 0, 7]",0.24194782972335815,1018,1038,2.710105544654645,,,
401327987,2021,12,regular,2021-11-21T02:00:00.000Z,False,True,False,False,,3745,Greater Zion Stadium,3101,Utah Tech,fcs,Western Athletic,24,"[3, 0, 7, 14]",,,,2623,Missouri State,fcs,MVFC,55,"[3, 24, 14, 14]",,,,,,,
401309902,2021,12,regular,2021-11-21T03:30:00.000Z,False,True,False,True,29579,3893,Reser Stadium,204,Oregon State,fbs,Pac-12,24,"[3, 14, 0, 7]",0.9447944164276123,1552,1593,9,Arizona State,fbs,Pac-12,10,"[0, 0, 3, 7]",0.055205583572387695,1693,1652,2.413499599176503,,,
401310749,2021,12,regular,2021-11-21T04:00:00.000Z,False,True,False,True,6575,7220,Clarence T.C. Ching Athletics Complex,62,Hawai'i,fbs,Mountain West,50,"[9, 20, 7, 14]",0.9313099980354309,1284,1297,36,Colorado State,fbs,Mountain West,45,"[7, 3, 7, 28]",0.06869000196456909,1471,1458,5.124375356507443,,,
401309593,2021,13,regular,2021-11-24T00:00:00.000Z,False,True,False,True,6112,3919,Scheumann Stadium,2050,Ball State,fbs,Mid-American,20,"[14, 3, 3, 0]",0.8846134543418884,1410,1442,2084,Buffalo,fbs,Mid-American,3,"[0, 3, 0, 0]",0.11538654565811157,1355,1323,2.9874664330200384,,,
401309594,2021,13,regular,2021-11-24T00:00:00.000Z,False,True,False,True,7156,3764,Huskie Stadium,2459,Northern Illinois,fbs,Mid-American,21,"[0, 7, 0, 14]",0.12058419734239578,1281,1243,2711,Western Michigan,fbs,Mid-American,42,"[7, 21, 7, 7]",0.8794158026576042,1418,1456,3.3304651636726645,,,
401328625,2021,13,regular,2021-11-25T20:00:00.000Z,False,True,False,False,,4582,Hornet Stadium,2011,Alabama State,fcs,SWAC,43,"[14, 6, 0, 23]",,,,2657,Tuskegee,ii,SIAC,9,"[0, 2, 7, 0]",,,,,,,
401310757,2021,13,regular,2021-11-25T20:30:00.000Z,False,True,False,True,15323,3935,CEFCU Stadium,23,San José State,fbs,Mountain West,9,"[3, 6, 0, 0]",0.007263856008648872,1310,1258,278,Fresno State,fbs,Mountain West,40,"[7, 16, 10, 7]",0.9927361439913511,1591,1643,3.7209074748911184,,,
401282151,2021,13,regular,2021-11-26T00:30:00.000Z,False,True,False,True,55601,3693,Davis Wade Stadium,344,Mississippi State,fbs,SEC,21,"[6, 0, 0, 15]",0.5257070660591125,1645,1633,145,Ole Miss,fbs,SEC,31,"[3, 7, 7, 14]",0.47429293394088745,1750,1762,4.8568881014999326,,,
401309595,2021,13,regular,2021-11-26T17:00:00.000Z,False,True,False,True,7708,3786,Kelly/Shorts Stadium,2117,Central Michigan,fbs,Mid-American,31,"[7, 3, 7, 14]",1,1497,1543,2199,Eastern Michigan,fbs,Mid-American,10,"[0, 3, 7, 0]",0,1457,1411,3.3374381017078227,,,
401310753,2021,13,regular,2021-11-26T17:00:00.000Z,False,True,False,True,11886,538,StubHub Center,21,San Diego State,fbs,Mountain West,27,"[3, 10, 14, 0]",0.9821943044662476,1598,1633,68,Boise State,fbs,Mountain West,16,"[7, 9, 0, 0]",0.01780569553375244,1781,1746,5.244314236532985,,,
401309596,2021,13,regular,2021-11-26T17:00:00.000Z,False,True,False,True,9339,3700,Doyt L. Perry Stadium,189,Bowling Green,fbs,Mid-American,21,"[3, 7, 3, 8]",1,1018,1066,195,Ohio,fbs,Mid-American,10,"[0, 10, 0, 0]",0,1351,1303,4.408913485182074,,,
401287952,2021,13,regular,2021-11-26T17:00:00.000Z,False,True,False,True,75072,3910,DKR-Texas Memorial Stadium,251,Texas,fbs,Big 12,22,"[7, 9, 3, 3]",0.9980252981185913,1698,1700,2306,Kansas State,fbs,Big 12,17,"[7, 10, 0, 0]",0.0019747018814086914,1615,1613,4.72082695115861,,,
401310755,2021,13,regular,2021-11-26T18:00:00.000Z,False,True,False,True,11046,3971,University Stadium (NM),167,New Mexico,fbs,Mountain West,10,"[0, 0, 3, 7]",0.06954308599233627,1126,1094,328,Utah State,fbs,Mountain West,35,"[7, 21, 7, 0]",0.9304569140076637,1430,1462,3.027660970902353,,,
401282761,2021,13,regular,2021-11-26T18:30:00.000Z,False,True,False,True,86541,3834,"Memorial Stadium (Lincoln, NE)",158,Nebraska,fbs,Big Ten,21,"[7, 7, 7, 0]",0.5599241852760315,1714,1704,2294,Iowa,fbs,Big Ten,28,"[0, 6, 3, 19]",0.4400758147239685,1757,1767,5.971349980690825,,,
401282274,2021,13,regular,2021-11-26T19:00:00.000Z,False,True,False,True,19683,7221,Protective Stadium,5,UAB,fbs,Conference USA,42,"[7, 7, 14, 14]",0.9209327697753906,1546,1561,2638,UTEP,fbs,Conference USA,25,"[7, 10, 8, 0]",0.07906723022460938,1298,1283,5.438883204603293,,,
401301051,2021,13,regular,2021-11-26T20:30:00.000Z,False,True,False,True,38014,3699,Dowdy-Ficklen Stadium,151,East Carolina,fbs,American Athletic,13,"[3, 0, 3, 7]",0,1540,1528,2132,Cincinnati,fbs,American Athletic,35,"[0, 21, 0, 14]",1,1967,1979,4.075099891443281,,,
401301050,2021,13,regular,2021-11-26T20:30:00.000Z,False,True,False,True,41157,3652,FBC Mortgage Stadium,2116,UCF,fbs,American Athletic,17,"[7, 7, 0, 3]",0.18708310773900527,1588,1580,58,South Florida,fbs,American Athletic,13,"[7, 0, 6, 0]",0.8129168922609947,1168,1176,6.052207462,,,
401309648,2021,13,regular,2021-11-26T20:30:00.000Z,False,True,False,True,13242,6526,Hancock Whitney Stadium,6,South Alabama,fbs,Sun Belt,21,"[7, 3, 0, 11, 0]",0.15309154987335205,1254,1277,324,Coastal Carolina,fbs,Sun Belt,27,"[0, 0, 7, 14, 6]",0.846908450126648,1756,1733,6.137340142293443,,,
401282145,2021,13,regular,2021-11-26T20:30:00.000Z,False,True,False,True,67320,3983,War Memorial Stadium (AR),8,Arkansas,fbs,SEC,34,"[3, 7, 14, 10]",0.9946281313896179,1622,1636,142,Missouri,fbs,SEC,17,"[0, 6, 3, 8]",0.00537186861038208,1366,1352,4.689839772034318,,,
401310752,2021,13,regular,2021-11-26T20:30:00.000Z,False,True,False,True,18226,3713,Falcon Stadium,2005,Air Force,fbs,Mountain West,48,"[14, 10, 17, 7]",,1690,1730,2439,UNLV,fbs,Mountain West,14,"[0, 0, 7, 7]",,1241,1201,1.6187969336,,,
401309906,2021,13,regular,2021-11-26T21:00:00.000Z,False,True,False,True,51538,587,Rice-Eccles Stadium,254,Utah,fbs,Pac-12,28,"[0, 14, 14, 0]",0.9901204109191895,1886,1872,38,Colorado,fbs,Pac-12,13,"[3, 3, 7, 0]",0.009879589080810547,1317,1331,3.2397695840267753,,,
401287949,2021,13,regular,2021-11-26T21:30:00.000Z,False,True,False,True,57775,3772,Jack Trice Stadium,66,Iowa State,fbs,Big 12,48,"[3, 14, 10, 21]",0.9787537455558777,1888,1929,2628,TCU,fbs,Big 12,14,"[0, 7, 0, 7]",0.021246254444122314,1446,1405,2.3466266975366543,,,
401282699,2021,13,regular,2021-11-27T00:00:00.000Z,False,True,False,True,56919,3670,Carter-Finley Stadium,152,NC State,fbs,ACC,34,"[14, 0, 7, 13]",0.6465491652488708,1697,1699,153,North Carolina,fbs,ACC,30,"[0, 10, 14, 6]",0.35345083475112915,1658,1656,5.464625671222013,,,
401309905,2021,13,regular,2021-11-27T01:00:00.000Z,False,True,False,True,68077,3765,Husky Stadium,264,Washington,fbs,Pac-12,13,"[0, 7, 0, 6]",0.012404405511915684,1639,1555,265,Washington State,fbs,Pac-12,40,"[10, 3, 10, 17]",0.9875955944880843,1562,1646,3.696575735111654,,,
401282766,2021,13,regular,2021-11-27T17:00:00.000Z,False,True,False,True,42729,6577,SHI Stadium,164,Rutgers,fbs,Big Ten,16,"[2, 0, 14, 0]",0.03561238572001457,1409,1326,120,Maryland,fbs,Big Ten,40,"[13, 7, 6, 14]",0.9643876142799854,1256,1339,3.1939528857823025,,,
401287948,2021,13,regular,2021-11-27T17:00:00.000Z,False,True,False,True,43901,4727,McLane Stadium,239,Baylor,fbs,Big 12,27,"[10, 7, 0, 10]",0.432119756937027,1748,1745,2641,Texas Tech,fbs,Big 12,24,"[3, 7, 0, 14]",0.567880243062973,1448,1451,4.501595771914046,,,
401282148,2021,13,regular,2021-11-27T17:00:00.000Z,False,True,False,False,52806,721,Bobby Dodd Stadium,59,Georgia Tech,fbs,ACC,0,"[0, 0, 0, 0]",0.00379160069860518,1296,1270,61,Georgia,fbs,SEC,45,"[10, 14, 14, 7]",0.9962083993013948,2164,2190,1.8159141100053116,,,
401309597,2021,13,regular,2021-11-27T17:00:00.000Z,False,True,False,True,11282,3739,Glass Bowl,2649,Toledo,fbs,Mid-American,49,"[7, 14, 14, 14]",0.9983633756637573,1548,1572,2006,Akron,fbs,Mid-American,14,"[0, 7, 0, 7]",0.0016366243362426758,919,895,2.9333673649943,,,
401282781,2021,13,regular,2021-11-27T17:00:00.000Z,False,True,False,True,111156,3558,Michigan Stadium,130,Michigan,fbs,Big Ten,42,"[7, 7, 14, 14]",0.9206859469413757,1929,1988,194,Ohio State,fbs,Big Ten,27,"[3, 10, 0, 14]",0.07931405305862427,2212,2153,3.770693516392464,,,
401308842,2021,13,regular,2021-11-27T17:00:00.000Z,False,True,False,True,8387,3696,Dix Stadium,2309,Kent State,fbs,Mid-American,48,"[7, 10, 14, 10, 7]",0.8682800531387329,1332,1338,193,Miami (OH),fbs,Mid-American,47,"[6, 10, 7, 18, 6]",0.1317199468612671,1506,1500,8.290827497622866,,,
401282700,2021,13,regular,2021-11-27T17:00:00.000Z,False,True,False,True,25854,3615,"Alumni Stadium (Chestnut Hill, MA)",103,Boston College,fbs,ACC,10,"[7, 3, 0, 0]",0.030178137123584747,1477,1415,154,Wake Forest,fbs,ACC,41,"[14, 10, 10, 7]",0.9698218628764153,1676,1738,2.9815617515898465,,,
401301054,2021,13,regular,2021-11-27T17:00:00.000Z,False,True,False,True,16708,3806,Lincoln Financial Field,218,Temple,fbs,American Athletic,14,"[0, 7, 7, 0]",0.007820446765355905,923,902,2426,Navy,fbs,American Athletic,38,"[7, 10, 7, 14]",0.9921795532346441,1309,1330,2.5156756585,,,
401301052,2021,13,regular,2021-11-27T17:00:00.000Z,False,True,False,False,12685,3892,Pratt & Whitney Stadium,41,UConn,fbs,FBS Independents,17,"[0, 10, 0, 7]",0.011638207361102104,920,926,248,Houston,fbs,American Athletic,45,"[7, 14, 17, 7]",0.9883617926388979,1689,1683,4.096282882918093,,,
401286299,2021,13,regular,2021-11-27T17:00:00.000Z,False,True,False,False,19269,3992,Williams Stadium (VA),2335,Liberty,fbs,FBS Independents,16,"[0, 3, 13, 0]",0,1599,1560,349,Army,fbs,FBS Independents,31,"[10, 14, 7, 0]",1,1557,1596,4.22950185721995,,,
401389032,2021,13,regular,2021-11-27T17:00:00.000Z,False,True,False,False,,3722,Fitton Field,107,Holy Cross,fcs,Patriot,13,"[0, 3, 0, 10]",,,,2529,Sacred Heart,fcs,NEC,10,"[7, 0, 0, 3]",,,,,,FCS Championship - First Round,
401282147,2021,13,regular,2021-11-27T17:00:00.000Z,False,True,False,False,88491,3634,Ben Hill Griffin Stadium,57,Florida,fbs,SEC,24,"[7, 0, 10, 7]",0.9394040107727051,1634,1633,52,Florida State,fbs,ACC,21,"[0, 7, 0, 14]",0.06059598922729492,1501,1502,5.2200172469338515,,,
401282701,2021,13,regular,2021-11-27T17:30:00.000Z,False,True,False,True,17391,3982,Wallace Wade Stadium,150,Duke,fbs,ACC,10,"[10, 0, 0, 0]",0.01885778270661831,1044,1002,2390,Miami,fbs,ACC,47,"[10, 20, 17, 0]",0.9811422172933817,1564,1606,4.298150961761104,,,
401282271,2021,13,regular,2021-11-27T18:00:00.000Z,False,True,False,True,15832,3895,Rice Stadium,242,Rice,fbs,Conference USA,35,"[7, 7, 7, 14]",0.8620424270629883,1112,1118,2348,Louisiana Tech,fbs,Conference USA,31,"[10, 0, 14, 7]",0.13795757293701172,1208,1202,8.75314572237363,,,
401388893,2021,13,regular,2021-11-27T18:00:00.000Z,False,True,False,False,,5873,Bulldogs Stadium,2075,Bowie State,ii,CIAA,13,"[0, 0, 7, 6]",,,,2444,Newberry,ii,South Atlantic,10,"[0, 0, 7, 3]",,,,,,Division II Championship - Second Round,
401388890,2021,13,regular,2021-11-27T18:00:00.000Z,False,True,False,False,,4432,Andre Reed Stadium,2315,Kutztown,ii,Pennsylvania State Athletic,10,"[0, 0, 3, 7]",,,,2441,New Haven,ii,Northeast 10,7,"[0, 0, 0, 7]",,,,,,Division II Championship - Second Round,
401388892,2021,13,regular,2021-11-27T18:00:00.000Z,False,True,False,False,,5133,Ram Stadium (WV),2974,Shepherd,ii,Pennsylvania State Athletic,38,"[7, 14, 3, 14]",,,,587,Notre Dame College,ii,Mountain East,34,"[7, 7, 10, 10]",,,,,,Division II Championship - Second Round,
401388894,2021,13,regular,2021-11-27T18:00:00.000Z,False,True,False,True,,3960,Top Taggart Field,2222,Ferris State,ii,GLIAC,54,"[14, 19, 7, 14]",,,,125,Grand Valley State,ii,GLIAC,20,"[7, 0, 6, 7]",,,,,,Division II Championship - Second Round,
401388891,2021,13,regular,2021-11-27T18:00:00.000Z,False,True,False,True,,4851,Bazemore-Hyder Stadium,2673,Valdosta State,ii,Gulf South,66,"[14, 21, 17, 14]",,,,2698,West Georgia,ii,Gulf South,35,"[7, 14, 14, 0]",,,,,,Division II Championship - Second Round,
401388896,2021,13,regular,2021-11-27T19:00:00.000Z,False,True,False,False,,5885,First Security Stadium,2264,Harding,ii,Great American,9,"[6, 3, 0, 0]",,,,138,Northwest Missouri State,ii,Mid America,28,"[7, 7, 7, 7]",,,,,,Division II Championship - Second Round,
401282268,2021,13,regular,2021-11-27T19:00:00.000Z,False,True,False,True,15874,3918,S.B. Ballard Stadium,295,Old Dominion,fbs,Conference USA,56,"[14, 14, 7, 21]",0.9901683330535889,1317,1357,2429,Charlotte,fbs,Conference USA,34,"[0, 14, 14, 6]",0.009831666946411133,1198,1158,4.829295467830632,,,
401309649,2021,13,regular,2021-11-27T19:00:00.000Z,False,True,False,True,13875,4246,Center Parc Stadium,2247,Georgia State,fbs,Sun Belt,37,"[7, 10, 13, 7]",0.9946879744529724,1394,1457,2653,Troy,fbs,Sun Belt,10,"[0, 3, 0, 7]",0.005312025547027588,1334,1271,2.787521980426296,,,
401282273,2021,13,regular,2021-11-27T19:00:00.000Z,False,True,False,True,16933,3825,DATCU Stadium,249,North Texas,fbs,Conference USA,45,"[17, 14, 14, 0]",0.9900568127632141,1326,1414,2636,UTSA,fbs,Conference USA,23,"[3, 10, 0, 10]",0.009943187236785889,1620,1532,3.0722148443906176,,,
401309647,2021,13,regular,2021-11-27T19:00:00.000Z,False,True,False,True,3116,3625,Centennial Bank Stadium,2032,Arkansas State,fbs,Sun Belt,22,"[7, 3, 3, 9]",0.9143057480443916,1145,1143,326,Texas State,fbs,Sun Belt,24,"[14, 3, 7, 0]",0.08569425195560842,1153,1155,7.6002947691,,,
401389036,2021,13,regular,2021-11-27T19:00:00.000Z,False,True,False,False,,4899,Fifth Third Stadium,338,Kennesaw State,fcs,Big South,48,"[20, 21, 7, 0]",,,,2166,Davidson,fcs,Pioneer,21,"[7, 7, 7, 0]",,,,,,FCS Championship - First Round,
401388897,2021,13,regular,2021-11-27T19:00:00.000Z,False,True,False,False,,5869,LeGrand Stadium at 1st Community Credit Union Field,2025,Angelo State,ii,Lone Star,20,"[0, 13, 7, 0]",,,,2438,Nebraska Kearney,ii,Mid America,7,"[0, 0, 7, 0]",,,,,,Division II Championship - Second Round,
401309646,2021,13,regular,2021-11-27T19:30:00.000Z,False,True,False,True,28005,3792,Kidd Brewer Stadium,2026,App State,fbs,Sun Belt,27,"[7, 0, 10, 10]",0.9894084930419922,1785,1799,290,Georgia Southern,fbs,Sun Belt,3,"[0, 0, 3, 0]",0.010591506958007812,1337,1323,3.339059838037676,,,
401310756,2021,13,regular,2021-11-27T20:00:00.000Z,False,True,False,True,14213,3984,War Memorial Stadium,2751,Wyoming,fbs,Mountain West,14,"[0, 7, 7, 0]",0.005668738856911659,1579,1478,62,Hawai'i,fbs,Mountain West,38,"[14, 17, 0, 7]",0.9943312611430883,1297,1398,3.341781369444149,,,
401328676,2021,13,regular,2021-11-27T20:00:00.000Z,False,True,False,True,,5238,Panther Stadium,2504,Prairie View A&M,fcs,SWAC,19,"[0, 7, 6, 6]",,,,2400,Mississippi Valley State,fcs,SWAC,24,"[14, 7, 0, 3]",,,,,,,
401389033,2021,13,regular,2021-11-27T20:00:00.000Z,False,True,False,False,,5237,Dana J. Dykhouse Stadium,2571,South Dakota State,fcs,MVFC,56,"[7, 21, 14, 14]",,,,302,UC Davis,fcs,Big Sky,24,"[3, 14, 0, 7]",,,,,,FCS Championship - First Round,
401388895,2021,13,regular,2021-11-27T20:00:00.000Z,False,True,False,False,,5883,Marv Kay Stadium at Campbell Field,2146,Colorado School of Mines,ii,Rocky Mountain,55,"[6, 7, 35, 7]",,,,132,Bemidji State,ii,Northern Sun,6,"[0, 0, 6, 0]",,,,,,Division II Championship - Second Round,
401389030,2021,13,regular,2021-11-27T20:00:00.000Z,False,True,False,False,,3734,Gayle and Tom Benson Stadium,2916,Incarnate Word,fcs,Southland,35,"[7, 7, 7, 7, 7]",,,,2617,Stephen F. Austin,fcs,Western Athletic,28,"[0, 14, 0, 14, 0]",,,,,,FCS Championship - First Round,
401286306,2021,13,regular,2021-11-27T20:00:00.000Z,False,True,False,False,6632,3601,Aggie Memorial Stadium,166,New Mexico State,fbs,FBS Independents,44,"[7, 20, 7, 10]",0.7924126982688904,1007,1027,113,Massachusetts,fbs,FBS Independents,27,"[0, 13, 14, 0]",0.20758730173110962,824,804,3.455395972058097,,,
401282269,2021,13,regular,2021-11-27T20:00:00.000Z,False,True,False,True,20041,3815,M. M. Roberts Stadium,2572,Southern Miss,fbs,Conference USA,37,"[21, 0, 3, 13]",0.9962197542190552,1126,1150,2229,Florida International,fbs,Conference USA,17,"[7, 7, 3, 0]",0.0037802457809448242,895,871,2.57589627273063,,,
401282785,2021,13,regular,2021-11-27T20:30:00.000Z,False,True,False,True,66312,3936,Spartan Stadium,127,Michigan State,fbs,Big Ten,30,"[14, 3, 6, 7]",0.6247025728225708,1544,1549,213,Penn State,fbs,Big Ten,27,"[7, 7, 6, 7]",0.3752974271774292,1813,1808,4.8757049567126485,,,
401282722,2021,13,regular,2021-11-27T20:30:00.000Z,False,True,False,True,27624,3832,"Memorial Stadium (Champaign, IL)",356,Illinois,fbs,Big Ten,47,"[14, 23, 3, 7]",0.9925447702407837,1407,1495,77,Northwestern,fbs,Big Ten,14,"[0, 7, 0, 7]",0.007455229759216309,1380,1292,2.653721360151926,,,
401282753,2021,13,regular,2021-11-27T20:30:00.000Z,False,True,False,True,61320,3907,Ross-Ade Stadium,2509,Purdue,fbs,Big Ten,44,"[7, 10, 14, 13]",0.979154109954834,1633,1696,84,Indiana,fbs,Big Ten,7,"[7, 0, 0, 0]",0.020845890045166016,1308,1245,2.82839809944335,,,
401282272,2021,13,regular,2021-11-27T20:30:00.000Z,False,True,False,True,19134,3775,Joan C. Edwards Stadium,276,Marshall,fbs,Conference USA,21,"[7, 7, 0, 7]",0.218968003988266,1671,1578,98,Western Kentucky,fbs,Conference USA,53,"[0, 6, 23, 24]",0.781031996011734,1656,1749,3.8754476568759855,,,
401309908,2021,13,regular,2021-11-27T20:30:00.000Z,False,True,False,True,56408,3626,Autzen Stadium,2483,Oregon,fbs,Pac-12,38,"[14, 10, 0, 14]",0.9934080976466638,1678,1687,204,Oregon State,fbs,Pac-12,29,"[3, 0, 6, 20]",0.0065919023533361765,1593,1584,2.5637623432,,,
401282146,2021,13,regular,2021-11-27T20:30:00.000Z,False,True,False,True,87451,3785,Jordan-Hare Stadium,2,Auburn,fbs,SEC,22,"[0, 7, 3, 0, 7, 3, 2, 0]",0.7277751564979553,1680,1702,333,Alabama,fbs,SEC,24,"[0, 0, 0, 10, 7, 3, 2, 2]",0.2722248435020447,2195,2173,8.647222018154936,,,
401282153,2021,13,regular,2021-11-27T20:45:00.000Z,False,True,False,True,77349,3853,Neyland Stadium,2633,Tennessee,fbs,SEC,45,"[7, 17, 14, 7]",0.9821206331253052,1722,1718,238,Vanderbilt,fbs,SEC,21,"[0, 7, 6, 8]",0.017879366874694824,1080,1084,2.431684672328514,,,
401282703,2021,13,regular,2021-11-27T20:45:00.000Z,False,True,False,True,46445,3923,Scott Stadium,258,Virginia,fbs,ACC,24,"[14, 7, 3, 0]",0.08061440289020538,1550,1539,259,Virginia Tech,fbs,ACC,29,"[7, 10, 7, 5]",0.9193855971097946,1514,1525,6.009199996090371,,,
401282794,2021,13,regular,2021-11-27T21:00:00.000Z,False,True,False,True,49736,3953,Huntington Bank Stadium,135,Minnesota,fbs,Big Ten,23,"[3, 3, 14, 3]",1,1660,1696,275,Wisconsin,fbs,Big Ten,13,"[0, 10, 3, 0]",0,1906,1870,4.085595885175032,,,
401309650,2021,13,regular,2021-11-27T21:00:00.000Z,False,True,False,True,18447,3666,Cajun Field,309,Louisiana,fbs,Sun Belt,21,"[14, 0, 7, 0]",0.9813544154167175,1838,1815,2433,UL Monroe,fbs,Sun Belt,16,"[3, 7, 0, 6]",0.01864558458328247,1038,1061,4.2724944839662875,,,
401389035,2021,13,regular,2021-11-27T21:00:00.000Z,False,True,False,False,,3906,Roos Field,331,Eastern Washington,fcs,Big Sky,19,"[6, 3, 7, 3]",,,,2460,Northern Iowa,fcs,MVFC,9,"[0, 7, 0, 2]",,,,,,FCS Championship - First Round,
401301055,2021,13,regular,2021-11-27T21:00:00.000Z,False,True,False,True,17158,3735,Gerald J. Ford Stadium,2567,SMU,fbs,American Athletic,31,"[10, 7, 0, 14]",0.44301921129226685,1626,1611,202,Tulsa,fbs,American Athletic,34,"[0, 14, 14, 6]",0.5569807887077332,1466,1481,6.036869299680627,,,
401389031,2021,13,regular,2021-11-27T21:00:00.000Z,False,True,False,False,,3878,Plaster Sports Complex,2623,Missouri State,fcs,MVFC,31,"[7, 10, 14, 0]",,,,2630,UT Martin,fcs,OVC,32,"[3, 16, 7, 6]",,,,,,FCS Championship - First Round,
401309909,2021,13,regular,2021-11-27T21:00:00.000Z,False,True,False,True,52305,3947,Mountain America Stadium,9,Arizona State,fbs,Pac-12,38,"[7, 7, 17, 7]",0.9970427751541138,1652,1665,12,Arizona,fbs,Pac-12,15,"[3, 6, 6, 0]",0.0029572248458862305,1222,1209,4.637263623960684,,,
401328666,2021,13,regular,2021-11-27T22:00:00.000Z,False,True,True,True,,3493,Caesars Superdome,2755,Grambling,fcs,SWAC,29,"[7, 9, 3, 10]",,,,2582,Southern,fcs,SWAC,26,"[10, 3, 0, 13]",,,,,,,
401389037,2021,13,regular,2021-11-27T23:00:00.000Z,False,True,False,True,,1905,DakotaDome,233,South Dakota,fcs,MVFC,10,"[0, 0, 3, 7]",,,,79,Southern Illinois,fcs,MVFC,22,"[3, 10, 3, 6]",,,,,,FCS Championship - First Round,
401287950,2021,13,regular,2021-11-28T00:00:00.000Z,False,True,False,True,23117,3833,Memorial Stadium,2305,Kansas,fbs,Big 12,28,"[6, 7, 8, 7]",0.05537045747041702,1018,1041,277,West Virginia,fbs,Big 12,34,"[7, 14, 10, 3]",0.944629542529583,1521,1498,6.24338993744554,,,
401389034,2021,13,regular,2021-11-28T00:00:00.000Z,False,True,False,False,,3944,Strawberry Stadium,2545,SE Louisiana,fcs,Southland,38,"[7, 17, 7, 7]",,,,50,Florida A&M,fcs,SWAC,14,"[0, 0, 0, 14]",,,,,,FCS Championship - First Round,
401282150,2021,13,regular,2021-11-28T00:00:00.000Z,False,True,False,True,91595,3958,Tiger Stadium (LA),99,LSU,fbs,SEC,27,"[3, 14, 3, 7]",0.417819870610484,1615,1619,245,Texas A&M,fbs,SEC,24,"[0, 7, 3, 14]",0.582180129389516,1817,1813,7.70562312,,,
401282270,2021,13,regular,2021-11-28T00:00:00.000Z,False,True,False,True,15127,3715,FAU Stadium,2226,Florida Atlantic,fbs,Conference USA,17,"[7, 7, 3, 0]",0.3292233943939209,1416,1391,2393,Middle Tennessee,fbs,Conference USA,27,"[0, 3, 7, 17]",0.6707766056060791,1373,1398,7.31101135746342,,,
401287951,2021,13,regular,2021-11-28T00:30:00.000Z,False,True,False,True,54990,3646,Boone Pickens Stadium,197,Oklahoma State,fbs,Big 12,37,"[14, 10, 0, 13]",0.8186100125312805,1925,1926,201,Oklahoma,fbs,Big 12,33,"[7, 17, 9, 0]",0.18138998746871948,1858,1857,7.624007774832169,,,
401282152,2021,13,regular,2021-11-28T00:30:00.000Z,False,True,False,False,79897,3994,Williams-Brice Stadium,2579,South Carolina,fbs,SEC,0,"[0, 0, 0, 0]",0,1441,1407,228,Clemson,fbs,ACC,30,"[10, 7, 3, 10]",1,1855,1889,2.7188348871349053,,,
401282702,2021,13,regular,2021-11-28T00:30:00.000Z,False,True,False,True,27939,1964,JMA Wireless Dome,183,Syracuse,fbs,ACC,14,"[7, 0, 7, 0]",0.07000628113746643,1362,1358,221,Pittsburgh,fbs,ACC,31,"[0, 14, 14, 3]",0.9299937188625336,1738,1742,3.6831835488168694,,,
401282149,2021,13,regular,2021-11-28T00:30:00.000Z,False,True,False,False,55018,3873,L&N Federal Credit Union Stadium,97,Louisville,fbs,ACC,21,"[7, 0, 0, 14]",0,1688,1597,96,Kentucky,fbs,SEC,52,"[14, 10, 14, 14]",1,1662,1753,3.13409814166477,,,
401301053,2021,13,regular,2021-11-28T00:30:00.000Z,False,True,False,True,27416,3805,Simmons Bank Liberty Stadium,235,Memphis,fbs,American Athletic,33,"[7, 7, 6, 13]",0.728233277797699,1483,1485,2655,Tulane,fbs,American Athletic,28,"[7, 7, 7, 7]",0.271766722202301,1418,1416,6.198627260050714,,,
401282711,2021,13,regular,2021-11-28T01:00:00.000Z,False,True,False,False,31571,3940,Stanford Stadium,24,Stanford,fbs,Pac-12,14,"[0, 0, 7, 7]",0.1040797233581543,1291,1283,87,Notre Dame,fbs,FBS Independents,45,"[7, 17, 7, 14]",0.8959202766418457,1984,1992,2.388339130214,,,
401310754,2021,13,regular,2021-11-28T02:00:00.000Z,False,True,False,True,17465,5388,Canvas Stadium,36,Colorado State,fbs,Mountain West,10,"[0, 0, 7, 3]",0.009486744180321693,1458,1349,2440,Nevada,fbs,Mountain West,52,"[14, 17, 7, 14]",0.9905132558196783,1589,1698,2.7433237822754197,,,
401309907,2021,13,regular,2021-11-28T03:30:00.000Z,False,True,False,True,36156,1056,Rose Bowl,26,UCLA,fbs,Pac-12,42,"[3, 14, 10, 15]",1,1694,1751,25,California,fbs,Pac-12,14,"[0, 14, 0, 0]",0,1556,1499,3.9968976627567496,,,
401309910,2021,13,regular,2021-11-28T03:30:00.000Z,False,True,False,False,55926,477,Los Angeles Memorial Coliseum,30,USC,fbs,Pac-12,31,"[3, 10, 10, 8]",0.5942845940589905,1489,1498,252,BYU,fbs,FBS Independents,35,"[7, 14, 7, 7]",0.4057154059410095,1741,1732,6.807936517033994,,,
401389821,2021,14,regular,2021-12-04T00:00:00.000Z,False,True,False,False,,717,Villanova Stadium,222,Villanova,fcs,CAA,21,"[0, 14, 7, 0]",,,,107,Holy Cross,fcs,Patriot,16,"[0, 0, 10, 6]",,,,,,FCS Championship - Second Round,
401282156,2021,14,regular,2021-12-04T00:00:00.000Z,False,True,False,True,41148,3604,Alamodome,2636,UTSA,fbs,Conference USA,49,"[14, 14, 14, 7]",0.9844005703926086,1532,1558,98,Western Kentucky,fbs,Conference USA,41,"[10, 3, 13, 15]",0.015599429607391357,1749,1723,3.8183264050881025,,,
401331159,2021,14,regular,2021-12-04T01:00:00.000Z,False,True,True,True,56511,6501,Allegiant Stadium,254,Utah,fbs,Pac-12,38,"[14, 9, 8, 7]",0.995627224445343,1872,1931,2483,Oregon,fbs,Pac-12,10,"[0, 0, 3, 7]",0.004372775554656982,1687,1628,1.8017077394778962,,,
401389822,2021,14,regular,2021-12-04T02:00:00.000Z,False,True,False,True,,3987,Washington-Grizzly Stadium,149,Montana,fcs,Big Sky,57,"[10, 10, 24, 13]",,,,331,Eastern Washington,fcs,Big Sky,41,"[14, 7, 7, 13]",,,,,,FCS Championship - Second Round,
401287953,2021,14,regular,2021-12-04T17:00:00.000Z,False,True,True,True,65771,3687,AT&T Stadium,197,Oklahoma State,fbs,Big 12,16,"[3, 3, 7, 3]",0.09686611592769623,1926,1911,239,Baylor,fbs,Big 12,21,"[7, 14, 0, 0]",0.9031338840723038,1745,1760,5.1822892242207645,,,
401331160,2021,14,regular,2021-12-04T17:00:00.000Z,False,True,True,True,10317,3727,Ford Field,2459,Northern Illinois,fbs,Mid-American,41,"[10, 7, 7, 17]",0.9899792075157166,1243,1302,2309,Kent State,fbs,Mid-American,23,"[0, 0, 10, 13]",0.010020792484283447,1338,1279,2.6694163765735475,,,
401389824,2021,14,regular,2021-12-04T17:05:00.000Z,False,True,False,True,,4432,Andre Reed Stadium,2315,Kutztown,ii,Pennsylvania State Athletic,28,"[0, 7, 7, 14]",,,,2974,Shepherd,ii,Pennsylvania State Athletic,30,"[7, 14, 0, 9]",,,,,,Division II Championship - Quarterfinal,
401389826,2021,14,regular,2021-12-04T18:00:00.000Z,False,True,False,False,,3960,Top Taggart Field,2222,Ferris State,ii,GLIAC,41,"[14, 13, 7, 7]",,,,138,Northwest Missouri State,ii,Mid America,20,"[6, 7, 0, 7]",,,,,,Division II Championship - Quarterfinal,
401389825,2021,14,regular,2021-12-04T18:00:00.000Z,False,True,False,False,,4851,Bazemore-Hyder Stadium,2673,Valdosta State,ii,Gulf South,41,"[14, 14, 10, 3]",,,,2075,Bowie State,ii,CIAA,17,"[0, 10, 0, 7]",,,,,,Division II Championship - Quarterfinal,
401389820,2021,14,regular,2021-12-04T19:00:00.000Z,False,True,False,False,,5400,William B. Greene Jr. Stadium,2193,East Tennessee State,fcs,Southern,32,"[0, 10, 7, 15]",,,,338,Kennesaw State,fcs,Big South,31,"[0, 7, 14, 10]",,,,,,FCS Championship - Second Round,
401389827,2021,14,regular,2021-12-04T19:05:00.000Z,False,True,False,False,,5883,Marv Kay Stadium at Campbell Field,2146,Colorado School of Mines,ii,Rocky Mountain,34,"[0, 20, 7, 7]",,,,2025,Angelo State,ii,Lone Star,26,"[3, 0, 7, 16]",,,,,,Division II Championship - Quarterfinal,
401389818,2021,14,regular,2021-12-04T20:00:00.000Z,False,True,False,False,,3647,Elliott T. Bowers Stadium,2534,Sam Houston,fcs,AWC,49,"[10, 21, 3, 15]",,,,2916,Incarnate Word,fcs,Southland,42,"[7, 14, 7, 14]",,,,,,FCS Championship - Second Round,
401310676,2021,14,regular,2021-12-04T20:00:00.000Z,False,True,False,True,13445,538,StubHub Center,21,San Diego State,fbs,Mountain West,13,"[0, 3, 3, 7]",0.10645918548107147,1633,1513,328,Utah State,fbs,Mountain West,46,"[0, 14, 15, 17]",0.8935408145189285,1462,1582,3.897659324623016,,,
401389850,2021,14,regular,2021-12-04T20:30:00.000Z,False,True,False,True,,3714,Fargodome,2449,North Dakota State,fcs,MVFC,38,"[10, 14, 7, 7]",,,,79,Southern Illinois,fcs,MVFC,7,"[0, 7, 0, 0]",,,,,,FCS Championship - Second Round,
401331161,2021,14,regular,2021-12-04T20:30:00.000Z,False,True,False,True,31014,3666,Cajun Field,309,Louisiana,fbs,Sun Belt,24,"[7, 10, 0, 7]",0.5377630591392517,1815,1826,2026,App State,fbs,Sun Belt,16,"[0, 7, 3, 6]",0.4622369408607483,1799,1788,3.455780409474853,,,
401389819,2021,14,regular,2021-12-04T21:00:00.000Z,False,True,False,False,,3643,Bobcat Stadium,147,Montana State,fcs,Big Sky,26,"[0, 10, 3, 13]",,,,2630,UT Martin,fcs,OVC,7,"[0, 7, 0, 0]",,,,,,FCS Championship - Second Round,
401331162,2021,14,regular,2021-12-04T21:00:00.000Z,False,True,False,True,37978,3854,Nippert Stadium,2132,Cincinnati,fbs,American Athletic,35,"[14, 0, 21, 0]",0.9974732995033264,1979,1985,248,Houston,fbs,American Athletic,20,"[10, 3, 0, 7]",0.002526700496673584,1683,1677,4.054079169333072,,,
401282154,2021,14,regular,2021-12-04T21:00:00.000Z,False,True,True,True,78030,5348,Mercedes-Benz Stadium,333,Alabama,fbs,SEC,41,"[0, 24, 7, 10]",0.9886289238929749,2173,2220,61,Georgia,fbs,SEC,24,"[3, 14, 0, 7]",0.011371076107025146,2190,2143,4.56320839487174,,,
401388990,2021,14,regular,2021-12-04T21:10:00.000Z,False,True,False,True,,3976,Mississippi Veterans Memorial Stadium,2296,Jackson State,fcs,SWAC,27,"[7, 6, 14, 0]",,,,2504,Prairie View A&M,fcs,SWAC,10,"[7, 3, 0, 0]",,,,,,SWAC Championship Game,
401331163,2021,14,regular,2021-12-05T01:00:00.000Z,False,True,True,True,57856,3628,Bank of America Stadium,154,Wake Forest,fbs,ACC,21,"[21, 0, 0, 0]",0.047414880245923996,1738,1683,221,Pittsburgh,fbs,ACC,45,"[14, 10, 7, 14]",0.952585119754076,1742,1797,6.128011361473278,,,
401331447,2021,14,regular,2021-12-05T01:00:00.000Z,False,True,True,True,67183,3812,Lucas Oil Stadium,2294,Iowa,fbs,Big Ten,3,"[3, 0, 0, 0]",0.07292864471673965,1767,1690,130,Michigan,fbs,Big Ten,42,"[14, 0, 7, 21]",0.9270713552832603,1988,2065,2.8114373210620647,,,
401389823,2021,14,regular,2021-12-05T02:00:00.000Z,False,True,False,False,,3757,Hornet Stadium,16,Sacramento State,fcs,Big Sky,19,"[0, 3, 7, 9]",,,,2571,South Dakota State,fcs,MVFC,24,"[10, 14, 0, 0]",,,,,,FCS Championship - Second Round,
401387250,2021,14,regular,2021-12-05T04:00:00.000Z,False,True,False,True,42076,3831,California Memorial Stadium,25,California,fbs,Pac-12,24,"[3, 14, 0, 7]",0.6009686589241028,1499,1516,30,USC,fbs,Pac-12,14,"[0, 7, 0, 7]",0.3990313410758972,1498,1481,4.908971156516113,,,
401391050,2021,15,regular,2021-12-11T17:00:00.000Z,False,True,False,False,,4851,Bazemore-Hyder Stadium,2673,Valdosta State,ii,Gulf South,34,"[10, 14, 10, 0]",,,,2146,Colorado School of Mines,ii,Rocky Mountain,31,"[3, 14, 0, 14]",,,,,,Division II Championship - Semifinal,
401391131,2021,15,regular,2021-12-11T17:00:00.000Z,False,True,False,False,,3714,Fargodome,2449,North Dakota State,fcs,MVFC,27,"[0, 13, 7, 7]",,,,2193,East Tennessee State,fcs,Southern,3,"[0, 0, 3, 0]",,,,,,FCS Championship - Quarterfinals,
401391133,2021,15,regular,2021-12-11T19:00:00.000Z,False,True,False,False,,717,Villanova Stadium,222,Villanova,fcs,CAA,21,"[7, 14, 0, 0]",,,,2571,South Dakota State,fcs,MVFC,35,"[7, 7, 14, 7]",,,,,,FCS Championship - Quarterfinals,
401301056,2021,15,regular,2021-12-11T20:00:00.000Z,False,True,False,False,82282,3839,MetLife Stadium,349,Army,fbs,FBS Independents,13,"[10, 3, 0, 0]",0.0048364757378505045,1596,1571,2426,Navy,fbs,American Athletic,17,"[7, 0, 7, 3]",0.9951635242621495,1330,1355,6.7996656896,,,
401391051,2021,15,regular,2021-12-11T20:30:00.000Z,False,True,False,False,,3960,Top Taggart Field,2222,Ferris State,ii,GLIAC,55,"[21, 14, 13, 7]",,,,2974,Shepherd,ii,Pennsylvania State Athletic,7,"[7, 0, 0, 0]",,,,,,Division II Championship - Semifinal,
401391132,2021,15,regular,2021-12-12T01:30:00.000Z,False,True,False,False,,3647,Elliott T. Bowers Stadium,2534,Sam Houston,fcs,AWC,19,"[0, 6, 6, 7]",,,,147,Montana State,fcs,Big Sky,42,"[14, 14, 7, 7]",,,,,,FCS Championship - Quarterfinals,
