id,season,week,seasonType,startDate,startTimeTBD,completed,neutralSite,conferenceGame,attendance,venueId,venue,homeId,homeTeam,homeClassification,homeConference,homePoints,homeLineScores,homePostgameWinProbability,homePregameElo,homePostgameElo,awayId,awayTeam,awayClassification,awayConference,awayPoints,awayLineScores,awayPostgameWinProbability,awayPregameElo,awayPostgameElo,excitementIndex,highlights,notes,playoff
401128622,2019,1,regular,2019-08-24T16:00:00.000Z,False,True,False,False,,3617,Andy Kerr Stadium,2142,Colgate,fcs,Patriot,14,"[0, 0, 7, 7]",,,,222,Villanova,fcs,CAA,34,"[0, 27, 0, 7]",,,,,,,
401127303,2019,1,regular,2019-08-24T19:00:00.000Z,False,True,True,False,,3689,Cramton Bowl,2535,Samford,fcs,Southern,22,"[7, 0, 0, 15]",,,,2754,Youngstown State,fcs,MVFC,45,"[14, 10, 0, 21]",,,,,,GUARDIAN CREDIT UNION FCS KICKOFF,
401110723,2019,1,regular,2019-08-24T23:00:00.000Z,False,True,True,False,66543,4013,Camping World Stadium,57,Florida,fbs,SEC,24,"[7, 0, 10, 7]",0.887974202632904,1683,1688,2390,Miami,fbs,ACC,20,"[3, 10, 0, 7]",0.11202579736709595,1611,1606,7.006734472961002,https://www.youtube.com/watch?v=WeJi4p0jqXA,CAMPING WORLD KICKOFF,
401114164,2019,1,regular,2019-08-25T02:30:00.000Z,False,True,False,False,22396,3610,Aloha Stadium,62,Hawai'i,fbs,Mountain West,45,"[14, 14, 7, 10]",0.4611932933330536,1281,1302,12,Arizona,fbs,Pac-12,38,"[0, 21, 14, 3]",0.5388067066669464,1467,1446,5.204835707125823,https://www.youtube.com/watch?v=eJI8vkRqz0o,,
401128597,2019,1,regular,2019-08-29T22:00:00.000Z,False,True,False,False,,3774,Jayne Stadium,2413,Morehead State,fcs,Pioneer,44,"[7, 16, 14, 7]",,,,2841,Union College,,,7,"[0, 0, 0, 7]",,,,,,,
401128490,2019,1,regular,2019-08-29T23:00:00.000Z,False,True,False,False,,3720,Finley Stadium,236,Chattanooga,fcs,Southern,24,"[7, 10, 7, 0]",,,,2197,Eastern Illinois,fcs,OVC,10,"[3, 7, 0, 0]",,,,,,,
401128354,2019,1,regular,2019-08-29T23:00:00.000Z,False,True,False,False,,3908,Roy Kidd Stadium,2198,Eastern Kentucky,fcs,OVC,53,"[15, 17, 7, 14]",,,,2674,Valparaiso,fcs,Pioneer,7,"[0, 0, 7, 0]",,,,,,,
401119254,2019,1,regular,2019-08-29T23:00:00.000Z,False,True,False,False,17620,3700,Doyt L. Perry Stadium,189,Bowling Green,fbs,Mid-American,46,"[13, 17, 7, 9]",0.9931877851486206,,,2415,Morgan State,fcs,MEAC,3,"[0, 3, 0, 0]",0.0068122148513793945,,,1.8676735228118924,,,
401127043,2019,1,regular,2019-08-29T23:00:00.000Z,False,True,False,False,,3788,Kenneth P. LaValle Stadium,2619,Stony Brook,fcs,CAA,35,"[7, 7, 14, 7]",,,,2803,Bryant,fcs,NEC,10,"[0, 3, 0, 7]",,,,,,,
401127042,2019,1,regular,2019-08-29T23:00:00.000Z,False,True,False,False,,2068,E. Claiborne Robins Stadium,257,Richmond,fcs,CAA,38,"[14, 17, 7, 0]",,,,294,Jacksonville,fcs,Pioneer,19,"[0, 6, 0, 13]",,,,,,,
401127039,2019,1,regular,2019-08-29T23:00:00.000Z,False,True,False,False,,3695,Delaware Stadium,48,Delaware,fcs,CAA,31,"[3, 13, 9, 6]",,,,2169,Delaware State,fcs,MEAC,13,"[3, 3, 0, 7]",,,,,,,
401128370,2019,1,regular,2019-08-29T23:00:00.000Z,False,True,False,False,,3909,Roy Stewart Stadium,93,Murray State,fcs,OVC,59,"[17, 14, 14, 14]",,,,95,Pikeville,,,20,"[3, 14, 3, 0]",,,,,,,
401117854,2019,1,regular,2019-08-29T23:00:00.000Z,False,True,False,False,38032,3854,Nippert Stadium,2132,Cincinnati,fbs,American Athletic,24,"[7, 3, 7, 7]",1,1625,1629,26,UCLA,fbs,Pac-12,14,"[0, 7, 7, 0]",0,1431,1427,4.358324379402883,https://www.youtube.com/watch?v=Y9XAYpeOi0I,,
401117855,2019,1,regular,2019-08-29T23:00:00.000Z,False,True,False,False,19648,3892,Pratt & Whitney Stadium,41,UConn,fbs,American Athletic,24,"[7, 3, 14, 0]",0.7060733437538147,,,2681,Wagner,fcs,NEC,21,"[0, 0, 14, 7]",0.2939266562461853,,,4.475760880767404,https://www.youtube.com/watch?v=qkIibi3TYF8,,
401119255,2019,1,regular,2019-08-29T23:00:00.000Z,False,True,False,False,18412,3965,UB Stadium,2084,Buffalo,fbs,Mid-American,38,"[21, 7, 10, 0]",0.9997880630567496,,,2523,Robert Morris,fcs,NEC,10,"[7, 3, 0, 0]",0.00021193694325039036,,,0.1185875019,,,
401135910,2019,1,regular,2019-08-29T23:30:00.000Z,False,True,False,False,16119,4418,Jerry Richardson Stadium,2429,Charlotte,fbs,Conference USA,49,"[7, 28, 7, 7]",0.988440215587616,,,2241,Gardner-Webb,fcs,Big South,28,"[0, 14, 7, 7]",0.011559784412384033,,,2.611372071376774,,,
401117853,2019,1,regular,2019-08-29T23:30:00.000Z,False,True,False,False,44073,3652,FBC Mortgage Stadium,2116,UCF,fbs,American Athletic,62,"[17, 31, 7, 7]",0.9999957343184567,,,50,Florida A&M,fcs,MEAC,0,"[0, 0, 0, 0]",4.265681543325073e-06,,,0.0275892598999993,https://www.youtube.com/watch?v=JMjct2NYZSc,,
401114246,2019,1,regular,2019-08-29T23:30:00.000Z,False,True,False,False,17120,3796,Houchens Industries-L.T. Smith Stadium,98,Western Kentucky,fbs,Conference USA,28,"[14, 7, 7, 0]",0.04422406852245331,,,2110,Central Arkansas,fcs,Southland,35,"[0, 14, 0, 21]",0.9557759314775467,,,4.093749713566655,https://www.youtube.com/watch?v=dgeUCVz-0hA,,
401127297,2019,1,regular,2019-08-29T23:30:00.000Z,False,True,False,False,,3758,Houck Stadium,2546,Southeast Missouri State,fcs,OVC,44,"[0, 20, 17, 7]",,,,79,Southern Illinois,fcs,MVFC,26,"[7, 7, 0, 12]",,,,,,,
401128724,2019,1,regular,2019-08-29T23:30:00.000Z,False,True,False,False,,3748,Graham Stadium,2630,UT Martin,fcs,OVC,42,"[14, 0, 14, 14]",,,,2466,Northwestern State,fcs,Southland,20,"[7, 13, 0, 0]",,,,,,,
401127029,2019,1,regular,2019-08-30T00:00:00.000Z,False,True,False,False,,4133,Braly Municipal Stadium,2453,North Alabama,fcs,Big South,26,"[6, 13, 7, 0]",,,,2710,Western Illinois,fcs,MVFC,17,"[0, 14, 3, 0]",,,,,,,
401128709,2019,1,regular,2019-08-30T00:00:00.000Z,False,True,False,False,,3882,Provost Umphrey Stadium,2320,Lamar,fcs,Southland,65,"[14, 27, 17, 7]",,,,2064,Bethel University Tennessee,,,16,"[3, 10, 0, 3]",,,,,,,
401127240,2019,1,regular,2019-08-30T00:00:00.000Z,False,True,False,False,,3742,Governors Stadium,2046,Austin Peay,fcs,OVC,41,"[7, 24, 3, 7]",,,,2428,North Carolina Central,fcs,MEAC,10,"[3, 0, 0, 7]",,,,,,,
401128362,2019,1,regular,2019-08-30T00:00:00.000Z,False,True,False,False,,3944,Strawberry Stadium,2545,SE Louisiana,fcs,Southland,35,"[14, 7, 7, 7]",,,,55,Jacksonville State,fcs,OVC,14,"[0, 7, 0, 7]",,,,,,,
401114237,2019,1,regular,2019-08-30T00:00:00.000Z,False,True,False,False,39165,3803,Legion Field,5,UAB,fbs,Conference USA,24,"[14, 10, 0, 0]",0.963371992111206,,,2011,Alabama State,fcs,SWAC,19,"[13, 0, 6, 0]",0.036628007888793945,,,4.377158268453847,https://www.youtube.com/watch?v=euB43slXeBY,,
401111653,2019,1,regular,2019-08-30T00:00:00.000Z,False,True,False,True,79118,3836,"Memorial Stadium (Clemson, SC)",228,Clemson,fbs,ACC,52,"[14, 14, 14, 10]",1,2092,2136,59,Georgia Tech,fbs,ACC,14,"[0, 0, 7, 7]",0,1571,1527,2.3701214060201714,https://www.youtube.com/watch?v=c7Ih452df30,,
401114236,2019,1,regular,2019-08-30T00:00:00.000Z,False,True,False,False,16361,4729,Yulman Stadium,2655,Tulane,fbs,American Athletic,42,"[7, 21, 14, 0]",0.9952877759933472,1451,1527,2229,Florida International,fbs,Conference USA,14,"[0, 7, 7, 0]",0.004712224006652832,1471,1395,2.1260335647894144,https://www.youtube.com/watch?v=VIvyR9Zwhfk,,
401110731,2019,1,regular,2019-08-30T00:30:00.000Z,False,True,False,False,98016,3795,Kyle Field,245,Texas A&M,fbs,SEC,41,"[14, 14, 3, 10]",1,1739,1771,326,Texas State,fbs,Sun Belt,7,"[0, 0, 0, 7]",0,1217,1185,2.575580913839186,https://www.youtube.com/watch?v=b-rp1D8Q-j0,,
401119253,2019,1,regular,2019-08-30T00:50:00.000Z,False,True,False,False,12207,3786,Kelly/Shorts Stadium,2117,Central Michigan,fbs,Mid-American,38,"[7, 17, 7, 7]",0.9706994295120239,,,399,UAlbany,fcs,CAA,21,"[0, 7, 7, 7]",0.029300570487976074,,,3.317939655705033,https://www.youtube.com/watch?v=BXYJc8LTxAk,,
401112229,2019,1,regular,2019-08-30T01:00:00.000Z,False,True,False,False,49112,3953,Huntington Bank Stadium,135,Minnesota,fbs,Big Ten,28,"[0, 13, 7, 8]",0.876155436038971,,,2571,South Dakota State,fcs,MVFC,21,"[0, 7, 14, 0]",0.12384456396102905,,,5.055928776922746,https://www.youtube.com/watch?v=sS3pH7mygOE,,
401126954,2019,1,regular,2019-08-30T01:00:00.000Z,False,True,False,False,,2023,Walkup Skydome,2464,Northern Arizona,fcs,Big Sky,37,"[3, 17, 14, 3]",,,,2623,Missouri State,fcs,MVFC,23,"[3, 3, 10, 7]",,,,,,,
401114153,2019,1,regular,2019-08-30T02:00:00.000Z,False,True,False,False,47413,3947,Mountain America Stadium,9,Arizona State,fbs,Pac-12,30,"[10, 0, 17, 3]",0.9960353374481201,1597,1610,2309,Kent State,fbs,Mid-American,7,"[0, 0, 0, 7]",0.003964662551879883,1165,1152,2.2954582383426474,https://www.youtube.com/watch?v=QEzWhRSQr94,,
401117493,2019,1,regular,2019-08-30T02:00:00.000Z,False,True,False,False,13480,3935,CEFCU Stadium,23,San José State,fbs,Mountain West,35,"[14, 7, 7, 7]",0.9895569086074829,,,2458,Northern Colorado,fcs,Big Sky,18,"[3, 3, 9, 3]",0.01044309139251709,,,3.3046538601790423,,,
401114223,2019,1,regular,2019-08-30T02:15:00.000Z,False,True,False,False,61626,3801,LaVell Edwards Stadium,252,BYU,fbs,FBS Independents,12,"[0, 6, 0, 6]",0,1553,1520,254,Utah,fbs,Pac-12,30,"[3, 6, 7, 14]",1,1657,1690,3.8032344008980985,https://www.youtube.com/watch?v=II3mkORMyGM,,
401114238,2019,1,regular,2019-08-30T22:00:00.000Z,False,True,False,False,23238,3841,Michie Stadium,349,Army,fbs,FBS Independents,14,"[0, 7, 0, 7]",0.5628140568733215,1745,1727,242,Rice,fbs,Conference USA,7,"[0, 7, 0, 0]",0.43718594312667847,1185,1203,4.307558611790304,https://www.youtube.com/watch?v=kZEGnkMiT3c,,
401127040,2019,1,regular,2019-08-30T22:00:00.000Z,False,True,False,False,,3607,Alfond Stadium,311,Maine,fcs,CAA,42,"[21, 21, 0, 0]",,,,2529,Sacred Heart,fcs,NEC,14,"[7, 0, 0, 7]",,,,,,,
401112212,2019,1,regular,2019-08-30T23:00:00.000Z,False,True,False,False,72005,3936,Spartan Stadium,127,Michigan State,fbs,Big Ten,28,"[7, 18, 3, 0]",0.96159428358078,1615,1641,202,Tulsa,fbs,American Athletic,7,"[0, 7, 0, 0]",0.03840571641921997,1379,1353,2.707025437870092,https://www.youtube.com/watch?v=MF3k-m5a-1U,,
401112264,2019,1,regular,2019-08-30T23:15:00.000Z,False,True,False,False,40515,3754,High Point Solutions Stadium,164,Rutgers,fbs,Big Ten,48,"[7, 31, 3, 7]",0.9923669695854187,1265,1334,113,Massachusetts,fbs,FBS Independents,21,"[21, 0, 0, 0]",0.007633030414581299,1261,1192,3.3643841535765353,https://www.youtube.com/watch?v=aAvPwRBg2eg,,
401117856,2019,1,regular,2019-08-30T23:55:00.000Z,False,True,False,False,46704,3886,Raymond James Stadium,58,South Florida,fbs,American Athletic,0,"[0, 0, 0, 0]",0,1423,1307,275,Wisconsin,fbs,Big Ten,49,"[7, 21, 14, 7]",1,1676,1792,2.7846767550526024,https://www.youtube.com/watch?v=Ufn9cqb7Mes,,
401112430,2019,1,regular,2019-08-31T00:00:00.000Z,False,True,False,False,29027,3630,Allegacy Federal Credit Union Stadium,154,Wake Forest,fbs,ACC,38,"[10, 7, 14, 7]",0.5967123508453369,1579,1582,328,Utah State,fbs,Mountain West,35,"[7, 14, 7, 7]",0.4032876491546631,1731,1728,9.419395787523227,https://www.youtube.com/watch?v=ds1IiI9JHro,,
401112262,2019,1,regular,2019-08-31T01:30:00.000Z,False,True,False,False,20144,3816,Mackay Stadium,2440,Nevada,fbs,Mountain West,34,"[0, 7, 10, 17]",0.8566290736198425,1462,1464,2509,Purdue,fbs,Big Ten,31,"[10, 14, 7, 0]",0.14337092638015747,1507,1505,6.0856865109854175,https://www.youtube.com/watch?v=qShnihr1-Ww,,
401114184,2019,1,regular,2019-08-31T02:00:00.000Z,False,True,True,False,66997,3937,Sports Authority Field at Mile High,38,Colorado,fbs,Pac-12,52,"[7, 17, 14, 14]",0.9919353723526001,1449,1492,36,Colorado State,fbs,Mountain West,31,"[7, 14, 3, 7]",0.008064627647399902,1307,1264,6.080483568118426,https://www.youtube.com/watch?v=Df6TPyUJTSc,,
401112122,2019,1,regular,2019-08-31T02:30:00.000Z,False,True,False,False,31681,3893,Reser Stadium,204,Oregon State,fbs,Pac-12,36,"[10, 6, 7, 13]",0.022810885682702065,1207,1210,197,Oklahoma State,fbs,Big 12,52,"[7, 24, 14, 7]",0.9771891143172979,1637,1634,4.498958023110746,https://www.youtube.com/watch?v=dd69_p7NtzI,,
401112085,2019,1,regular,2019-08-31T16:00:00.000Z,False,True,False,False,61500,3772,Jack Trice Stadium,66,Iowa State,fbs,Big 12,29,"[3, 0, 7, 3, 3, 7, 6]",0.9204028844833374,,,2460,Northern Iowa,fcs,MVFC,26,"[0, 0, 13, 0, 3, 7, 3]",0.0795971155166626,,,10.3073214162086,https://www.youtube.com/watch?v=MIk1mFZ5Wy4,,
401112201,2019,1,regular,2019-08-31T16:00:00.000Z,False,True,False,False,32761,3665,SECU Stadium,120,Maryland,fbs,Big Ten,79,"[28, 28, 16, 7]",0.9877471923828125,,,47,Howard,fcs,MEAC,0,"[0, 0, 0, 0]",0.0122528076171875,,,2.200541980563432,https://www.youtube.com/watch?v=Zl67Acvjf5A,,
401112238,2019,1,regular,2019-08-31T16:00:00.000Z,False,True,False,False,89502,3834,"Memorial Stadium (Lincoln, NE)",158,Nebraska,fbs,Big Ten,35,"[7, 7, 14, 7]",0.8894155621528625,1475,1478,6,South Alabama,fbs,Sun Belt,21,"[7, 0, 14, 0]",0.11058443784713745,1168,1165,4.626168028216985,https://www.youtube.com/watch?v=LnhY4vAXjiI,,
401112096,2019,1,regular,2019-08-31T16:00:00.000Z,False,True,False,False,32611,3833,Memorial Stadium,2305,Kansas,fbs,Big 12,24,"[7, 3, 6, 8]",0.8550325632095337,,,282,Indiana State,fcs,MVFC,17,"[0, 3, 0, 14]",0.1449674367904663,,,4.2725734767129175,https://www.youtube.com/watch?v=Vp6VHgO0tJs,,
401112431,2019,1,regular,2019-08-31T16:00:00.000Z,False,True,False,False,50917,3697,Doak Campbell Stadium,52,Florida State,fbs,ACC,31,"[21, 10, 0, 0]",0.48476120829582214,1442,1451,68,Boise State,fbs,Mountain West,36,"[6, 13, 7, 10]",0.5152387917041779,1703,1694,5.404461111427615,https://www.youtube.com/watch?v=xV6tfTwOx7Y,,
401112157,2019,1,regular,2019-08-31T16:00:00.000Z,False,True,True,False,21437,3812,Lucas Oil Stadium,2050,Ball State,fbs,Mid-American,24,"[3, 7, 7, 7]",0.13223250210285187,1195,1204,84,Indiana,fbs,Big Ten,34,"[10, 6, 7, 11]",0.8677674978971481,1509,1500,6.036814972493971,,,
401110724,2019,1,regular,2019-08-31T16:00:00.000Z,False,True,False,False,54610,3683,Kroger Field,96,Kentucky,fbs,SEC,38,"[0, 14, 10, 14]",0.8925431370735168,1615,1636,2649,Toledo,fbs,Mid-American,24,"[7, 7, 3, 7]",0.10745686292648315,1533,1512,5.495201102434559,https://www.youtube.com/watch?v=WyJPGht2LfM,,
401110727,2019,1,regular,2019-08-31T16:00:00.000Z,False,True,True,False,22440,3493,Caesars Superdome,309,Louisiana,fbs,Sun Belt,28,"[7, 7, 0, 14]",0.01455777045339346,1361,1378,344,Mississippi State,fbs,SEC,38,"[7, 14, 7, 10]",0.9854422295466065,1791,1774,5.365965142371506,https://www.youtube.com/watch?v=XMQ8ntuDosA,,
401112432,2019,1,regular,2019-08-31T16:00:00.000Z,False,True,False,False,57633,3670,Carter-Finley Stadium,152,NC State,fbs,ACC,34,"[7, 10, 7, 10]",0.9863954782485962,1612,1641,151,East Carolina,fbs,American Athletic,6,"[3, 0, 0, 3]",0.013604521751403809,1217,1188,3.192109366670287,https://www.youtube.com/watch?v=Sh7DT9PfyM8,,
401112145,2019,1,regular,2019-08-31T16:00:00.000Z,False,True,False,False,30654,3832,"Memorial Stadium (Champaign, IL)",356,Illinois,fbs,Big Ten,42,"[14, 14, 14, 0]",0.9941574335098267,1263,1376,2006,Akron,fbs,Mid-American,3,"[3, 0, 0, 0]",0.00584256649017334,1261,1148,2.111250600874395,https://www.youtube.com/watch?v=Kl7PArb7sNs,,
401112251,2019,1,regular,2019-08-31T16:00:00.000Z,False,True,False,False,103228,3861,Ohio Stadium,194,Ohio State,fbs,Big Ten,45,"[28, 0, 7, 10]",0.9927988052368164,1847,1872,2226,Florida Atlantic,fbs,Conference USA,21,"[0, 3, 3, 15]",0.007201194763183594,1520,1495,2.344498297791621,https://www.youtube.com/watch?v=LXmySwb5080,,
401110726,2019,1,regular,2019-08-31T16:00:00.000Z,False,True,False,False,44107,3805,Simmons Bank Liberty Stadium,235,Memphis,fbs,American Athletic,15,"[7, 6, 0, 2]",0.8116186261177063,1622,1621,145,Ole Miss,fbs,SEC,10,"[0, 0, 3, 7]",0.1883813738822937,1477,1478,3.3643647317585557,https://www.youtube.com/watch?v=yQbjA_IX3io,,
401128648,2019,1,regular,2019-08-31T16:30:00.000Z,False,True,False,False,,3741,Goodman Stadium,2329,Lehigh,fcs,Patriot,13,"[10, 3, 0, 0]",,,,2598,Saint Francis,fcs,NEC,14,"[0, 0, 7, 7]",,,,,,,
401128564,2019,1,regular,2019-08-31T17:00:00.000Z,False,True,False,False,,3897,Richardson Stadium,2166,Davidson,fcs,Pioneer,27,"[7, 13, 0, 7]",,,,46,Georgetown,fcs,Patriot,20,"[0, 0, 20, 0]",,,,,,,
401126996,2019,1,regular,2019-08-31T17:00:00.000Z,False,True,False,False,,3868,Paladin Stadium,231,Furman,fcs,Southern,46,"[14, 10, 8, 14]",,,,2127,Charleston Southern,fcs,Big South,13,"[0, 6, 7, 0]",,,,,,,
401119259,2019,1,regular,2019-08-31T18:00:00.000Z,False,True,False,False,16665,3876,Peden Stadium,195,Ohio,fbs,Mid-American,41,"[7, 10, 17, 7]",0.9955962896347046,,,227,Rhode Island,fcs,CAA,20,"[0, 6, 7, 7]",0.00440371036529541,,,2.5364671255520816,,,
401112143,2019,1,regular,2019-08-31T18:00:00.000Z,False,True,False,False,61891,3842,Milan Puskar Stadium,277,West Virginia,fbs,Big 12,20,"[0, 3, 7, 10]",0.8264225125312805,1692,1690,256,James Madison,fcs,CAA,13,"[7, 0, 3, 3]",0.17357748746871948,1477,1479,5.008704841479295,https://www.youtube.com/watch?v=lO2sQGBE_u4,,
401126937,2019,1,regular,2019-08-31T19:00:00.000Z,False,True,False,False,,1905,DakotaDome,233,South Dakota,fcs,MVFC,17,"[0, 10, 7, 0]",,,,149,Montana,fcs,Big Sky,31,"[0, 17, 14, 0]",,,,,,,
401117859,2019,1,regular,2019-08-31T19:00:00.000Z,False,True,False,False,26378,3806,Lincoln Financial Field,218,Temple,fbs,American Athletic,56,"[21, 14, 7, 14]",0.9789217114448547,,,2083,Bucknell,fcs,Patriot,12,"[0, 9, 3, 0]",0.021078288555145264,,,2.451516283560229,https://www.youtube.com/watch?v=qN4Bqdr4O7g,,
401114233,2019,1,regular,2019-08-31T19:00:00.000Z,False,True,False,False,65709,3765,Husky Stadium,264,Washington,fbs,Pac-12,47,"[21, 7, 14, 5]",0.9893288016319275,,,331,Eastern Washington,fcs,Big Sky,14,"[0, 7, 0, 7]",0.01067119836807251,,,2.5574322552013244,https://www.youtube.com/watch?v=9iFSsZ_G6M8,,
401127044,2019,1,regular,2019-08-31T19:00:00.000Z,False,True,False,False,,3782,Johnson Hagood Stadium,2643,The Citadel,fcs,Southern,21,"[0, 14, 0, 7]",,,,119,Towson,fcs,CAA,28,"[7, 10, 0, 11]",,,,,,,
401136278,2019,1,regular,2019-08-31T19:00:00.000Z,False,True,False,False,,6048,Duane Stadium,2771,Merrimack,fcs,NEC,45,"[17, 14, 0, 14]",,,,2355,Virginia Lynchburg,,,14,"[7, 0, 7, 0]",,,,,,,
401117857,2019,1,regular,2019-08-31T19:30:00.000Z,False,True,False,False,28531,3852,Navy-Marine Corps Memorial Stadium,2426,Navy,fbs,American Athletic,45,"[10, 14, 14, 7]",0.9944730997085571,,,107,Holy Cross,fcs,Patriot,7,"[0, 7, 0, 0]",0.005526900291442871,,,2.059861329986072,https://www.youtube.com/watch?v=ejgJ4oZib8w,,
401110730,2019,1,regular,2019-08-31T19:30:00.000Z,False,True,False,False,85503,3853,Neyland Stadium,2633,Tennessee,fbs,SEC,30,"[14, 3, 3, 10]",0,1399,1372,2247,Georgia State,fbs,Sun Belt,38,"[7, 7, 7, 17]",1,1265,1292,7.185158463330575,https://www.youtube.com/watch?v=OSwuWNJJYB4,,
401121934,2019,1,regular,2019-08-31T19:30:00.000Z,False,True,False,False,25147,3792,Kidd Brewer Stadium,2026,App State,fbs,Sun Belt,42,"[7, 7, 14, 14]",0.9918131232261658,,,2193,East Tennessee State,fcs,Southern,7,"[0, 0, 7, 0]",0.008186876773834229,,,3.2466771653212296,,,
401117494,2019,1,regular,2019-08-31T19:30:00.000Z,False,True,False,False,33101,3713,Falcon Stadium,2005,Air Force,fbs,Mountain West,48,"[7, 28, 13, 0]",0.9999713354400592,,,2142,Colgate,fcs,Patriot,7,"[0, 0, 7, 0]",2.8664559940771994e-05,,,0.317942011499999,https://www.youtube.com/watch?v=uKMbaKUwghc,,
401110720,2019,1,regular,2019-08-31T19:30:00.000Z,False,True,True,False,71916,5348,Mercedes-Benz Stadium,333,Alabama,fbs,SEC,42,"[0, 14, 21, 7]",1,2005,2064,150,Duke,fbs,ACC,3,"[0, 3, 0, 0]",0,1526,1467,2.8661591080532114,https://www.youtube.com/watch?v=fK1UnQg95kI,,
401119256,2019,1,regular,2019-08-31T19:30:00.000Z,False,True,False,False,14237,3654,Brooks Stadium (SC),324,Coastal Carolina,fbs,Sun Belt,23,"[10, 3, 0, 10]",0.0008377794874832034,1256,1259,2199,Eastern Michigan,fbs,Mid-American,30,"[0, 7, 16, 7]",0.9991622205125168,1466,1463,5.247559596977524,,,
401112257,2019,1,regular,2019-08-31T19:30:00.000Z,False,True,False,False,104527,3632,Beaver Stadium,213,Penn State,fbs,Big Ten,79,"[20, 24, 14, 21]",0.9920830726623535,,,70,Idaho,fcs,Big Sky,7,"[0, 0, 0, 7]",0.007916927337646484,,,2.4421816791171977,https://www.youtube.com/watch?v=Ql0X_D8EzIQ,,
401110729,2019,1,regular,2019-08-31T19:30:00.000Z,False,True,True,False,52183,3628,Bank of America Stadium,153,North Carolina,fbs,ACC,24,"[3, 3, 3, 15]",0.8522135019302368,1409,1424,2579,South Carolina,fbs,SEC,20,"[10, 3, 7, 0]",0.14778649806976318,1532,1517,6.683641897233108,https://www.youtube.com/watch?v=2o-5QGRy_R0,,
401112245,2019,1,regular,2019-08-31T20:00:00.000Z,False,True,False,False,37179,3940,Stanford Stadium,24,Stanford,fbs,Pac-12,17,"[0, 10, 0, 7]",0.8176254034042358,1638,1653,77,Northwestern,fbs,Big Ten,7,"[0, 0, 0, 7]",0.18237459659576416,1612,1597,4.245221530365801,https://www.youtube.com/watch?v=QQCMtx77hQs,,
401110721,2019,1,regular,2019-08-31T20:00:00.000Z,False,True,False,False,61055,3887,Razorback Stadium,8,Arkansas,fbs,SEC,20,"[10, 0, 7, 3]",1,,,2502,Portland State,fcs,Big Sky,13,"[3, 3, 0, 7]",0,,,3.9081493493706203,https://www.youtube.com/watch?v=CmS-tcvje4c,,
401112139,2019,1,regular,2019-08-31T20:00:00.000Z,False,True,False,False,54183,3784,Jones AT&T Stadium,2641,Texas Tech,fbs,Big 12,45,"[14, 14, 3, 14]",0.9005777835845947,,,147,Montana State,fcs,Big Sky,10,"[0, 7, 0, 3]",0.09942221641540527,,,2.6023830772956025,https://www.youtube.com/watch?v=3KICMULZ-NQ,,
401127277,2019,1,regular,2019-08-31T20:00:00.000Z,False,True,False,False,,4221,Target Field,2449,North Dakota State,fcs,MVFC,57,"[15, 21, 14, 7]",,,,2086,Butler,fcs,Pioneer,10,"[0, 0, 10, 0]",,,,,,,
401112435,2019,1,regular,2019-08-31T20:00:00.000Z,False,True,False,True,35213,3615,"Alumni Stadium (Chestnut Hill, MA)",103,Boston College,fbs,ACC,35,"[7, 21, 0, 7]",0.964262843132019,1591,1597,259,Virginia Tech,fbs,ACC,28,"[7, 7, 7, 7]",0.03573715686798096,1520,1514,5.449704704032474,https://www.youtube.com/watch?v=OeF24HMVPKI,,
401126901,2019,1,regular,2019-08-31T21:00:00.000Z,False,True,False,False,,1027,Alex G. Spanos Stadium,13,Cal Poly,fcs,Big Sky,52,"[14, 24, 14, 0]",,,,301,San Diego,fcs,Pioneer,34,"[14, 0, 7, 13]",,,,,,,
401127201,2019,1,regular,2019-08-31T21:00:00.000Z,False,True,False,False,,3605,Alerus Center,155,North Dakota,fcs,FCS Independents,47,"[10, 2, 21, 14]",,,,2181,Drake,fcs,Pioneer,7,"[0, 0, 7, 0]",,,,,,,
401127045,2019,1,regular,2019-08-31T22:00:00.000Z,False,True,False,False,,3998,Zable Stadium,2729,William & Mary,fcs,CAA,30,"[6, 0, 24, 0]",,,,322,Lafayette,fcs,Patriot,17,"[7, 3, 0, 7]",,,,,,,
401128520,2019,1,regular,2019-08-31T22:00:00.000Z,False,True,False,True,,3704,E. J. Whitmire Stadium,2717,Western Carolina,fcs,Southern,27,"[7, 7, 7, 6]",,,,2382,Mercer,fcs,Southern,49,"[14, 28, 7, 0]",,,,,,,
401127034,2019,1,regular,2019-08-31T22:00:00.000Z,False,True,False,False,,3620,Armstrong Stadium,2261,Hampton,fcs,Big South,65,"[20, 24, 14, 7]",,,,2207,Elizabeth City State,ii,CIAA,7,"[0, 0, 7, 0]",,,,,,,
401127245,2019,1,regular,2019-08-31T22:00:00.000Z,False,True,False,False,,3864,Oliver C. Dawson Stadium,2569,South Carolina State,fcs,MEAC,28,"[7, 7, 7, 7]",,,,2747,Wofford,fcs,Southern,13,"[3, 0, 3, 7]",,,,,,,
401117495,2019,1,regular,2019-08-31T22:00:00.000Z,False,True,False,False,13749,3971,University Stadium (NM),167,New Mexico,fbs,Mountain West,39,"[13, 9, 10, 7]",0.7884045839309692,,,2534,Sam Houston,fcs,Southland,31,"[0, 16, 7, 8]",0.21159541606903076,,,6.1371034132355415,https://www.youtube.com/watch?v=jYECLRXipF0,,
401112434,2019,1,regular,2019-08-31T22:00:00.000Z,False,True,False,False,21671,3992,Williams Stadium (VA),2335,Liberty,fbs,FBS Independents,0,"[0, 0, 0, 0]",0.02833673171699047,1311,1283,183,Syracuse,fbs,ACC,24,"[3, 7, 7, 7]",0.9716632682830095,1629,1657,3.9293179571168384,https://www.youtube.com/watch?v=tXL0djZXLuY,,
401121935,2019,1,regular,2019-08-31T22:00:00.000Z,False,True,False,False,23172,3975,Veterans Memorial Stadium (AL),2653,Troy,fbs,Sun Belt,43,"[17, 3, 16, 7]",0.9936751127243042,,,2097,Campbell,fcs,Big South,14,"[7, 0, 0, 7]",0.006324887275695801,,,2.7431279365104193,https://www.youtube.com/watch?v=M9faCX0f4Gc,,
401130355,2019,1,regular,2019-08-31T22:00:00.000Z,False,True,False,False,,3681,Coffey Field,2230,Fordham,fcs,Patriot,23,"[0, 6, 10, 7]",,,,2115,Central Connecticut,fcs,NEC,26,"[8, 7, 0, 11]",,,,,,,
401127041,2019,1,regular,2019-08-31T22:00:00.000Z,False,True,False,False,,3603,Aggie Stadium,2448,North Carolina A&T,fcs,MEAC,24,"[0, 14, 7, 3]",,,,2210,Elon,fcs,CAA,21,"[7, 0, 14, 0]",,,,,,,
401114245,2019,1,regular,2019-08-31T22:00:00.000Z,False,True,False,False,26787,3604,Alamodome,2636,UTSA,fbs,Conference USA,35,"[7, 14, 7, 7]",0.9910544753074646,,,2916,Incarnate Word,fcs,Southland,7,"[0, 7, 0, 0]",0.0089455246925354,,,2.6731829016421673,https://www.youtube.com/watch?v=kH5NAjaHVjY,,
401128942,2019,1,regular,2019-08-31T22:00:00.000Z,False,True,False,False,,4899,Fifth Third Stadium,338,Kennesaw State,fcs,Big South,59,"[28, 14, 14, 3]",,,,3179,Point University,,,0,"[0, 0, 0, 0]",,,,,,,
401128481,2019,1,regular,2019-08-31T22:30:00.000Z,False,True,False,True,,3631,BBVA Compass Stadium,2640,Texas Southern,fcs,SWAC,23,"[13, 0, 10, 0]",,,,2504,Prairie View A&M,fcs,SWAC,44,"[6, 17, 14, 7]",,,,,,,
401114174,2019,1,regular,2019-08-31T22:30:00.000Z,False,True,False,False,44168,3831,California Memorial Stadium,25,California,fbs,Pac-12,27,"[0, 13, 7, 7]",0.8243145942687988,,,302,UC Davis,fcs,Big Sky,13,"[10, 0, 3, 0]",0.17568540573120117,,,4.740117038147298,https://www.youtube.com/watch?v=-zhwpJR94Uk,,
401114240,2019,1,regular,2019-08-31T22:30:00.000Z,False,True,False,False,23875,3775,Joan C. Edwards Stadium,276,Marshall,fbs,Conference USA,56,"[14, 21, 14, 7]",0.9875553846359253,,,2678,VMI,fcs,Southern,17,"[0, 7, 0, 10]",0.012444615364074707,,,2.3442569064987926,https://www.youtube.com/watch?v=GDI2TFBnNQs,,
401128382,2019,1,regular,2019-08-31T23:00:00.000Z,False,True,False,False,,3810,Nissan Stadium,2634,Tennessee State,fcs,OVC,26,"[7, 3, 10, 6]",,,,2400,Mississippi Valley State,fcs,SWAC,20,"[0, 6, 7, 7]",,,,,,,
401128486,2019,1,regular,2019-08-31T23:00:00.000Z,False,True,False,False,,3686,Cowboy Stadium,2377,McNeese,fcs,Southland,34,"[7, 10, 7, 10]",,,,2582,Southern,fcs,SWAC,28,"[7, 7, 0, 14]",,,,,,,
401119257,2019,1,regular,2019-08-31T23:00:00.000Z,False,True,False,False,14568,3764,Huskie Stadium,2459,Northern Illinois,fbs,Mid-American,24,"[3, 0, 7, 14]",0.7562159299850464,,,2287,Illinois State,fcs,MVFC,10,"[0, 3, 0, 7]",0.2437840700149536,,,5.5528427790909145,,,
401128388,2019,1,regular,2019-08-31T23:00:00.000Z,False,True,False,False,,3962,Tucker Stadium,2635,Tennessee Tech,fcs,OVC,59,"[12, 0, 10, 22, 15]",,,,2535,Samford,fcs,Southern,58,"[7, 17, 14, 6, 14]",,,,,,,
401114242,2019,1,regular,2019-08-31T23:00:00.000Z,False,True,False,False,21944,3918,S.B. Ballard Stadium,295,Old Dominion,fbs,Conference USA,24,"[14, 0, 3, 7]",0.9703383445739746,,,2450,Norfolk State,fcs,MEAC,21,"[0, 6, 0, 15]",0.02966165542602539,,,4.353958566692111,https://www.youtube.com/watch?v=5EQOPpM-HsE,,
401119258,2019,1,regular,2019-08-31T23:00:00.000Z,False,True,False,False,15021,3980,Waldo Stadium,2711,Western Michigan,fbs,Mid-American,48,"[21, 10, 14, 3]",0.9958797097206116,,,2405,Monmouth,fcs,Big South,13,"[0, 7, 6, 0]",0.004120290279388428,,,2.2618061373246716,,,
401112106,2019,1,regular,2019-08-31T23:00:00.000Z,False,True,False,False,51189,3636,Bill Snyder Family Stadium,2306,Kansas State,fbs,Big 12,49,"[14, 14, 0, 21]",0.9920711517333984,,,2447,Nicholls,fcs,Southland,14,"[0, 0, 7, 7]",0.007928848266601562,,,1.4918678557352085,https://www.youtube.com/watch?v=woc8bQLjS48,,
401112073,2019,1,regular,2019-08-31T23:00:00.000Z,False,True,False,False,43013,4727,McLane Stadium,239,Baylor,fbs,Big 12,56,"[14, 21, 14, 7]",0.9755281209945679,,,2617,Stephen F. Austin,fcs,Southland,17,"[7, 0, 0, 10]",0.02447187900543213,,,2.69613930497806,https://www.youtube.com/watch?v=cie-Ue9sekA,,
401117858,2019,1,regular,2019-08-31T23:00:00.000Z,False,True,False,False,22076,3625,Centennial Bank Stadium,2032,Arkansas State,fbs,Sun Belt,30,"[7, 2, 14, 7]",0.21464313566684723,1525,1502,2567,SMU,fbs,American Athletic,37,"[3, 13, 14, 7]",0.7853568643331528,1402,1425,6.344956743675639,https://www.youtube.com/watch?v=fxI5FRv-AJ0,,
401114243,2019,1,regular,2019-08-31T23:00:00.000Z,False,True,False,False,31076,3815,M. M. Roberts Stadium,2572,Southern Miss,fbs,Conference USA,38,"[10, 3, 15, 10]",1,,,2016,Alcorn State,fcs,SWAC,10,"[0, 0, 10, 0]",0,,,2.3649075824844616,https://www.youtube.com/watch?v=jKQjtPOEp8U,,
401112191,2019,1,regular,2019-08-31T23:30:00.000Z,False,True,False,False,69250,3793,Kinnick Stadium,2294,Iowa,fbs,Big Ten,38,"[3, 7, 14, 14]",0.9924046993255615,1792,1816,193,Miami (OH),fbs,Mid-American,14,"[0, 7, 0, 7]",0.0075953006744384766,1458,1434,3.2247337191633694,https://www.youtube.com/watch?v=0TmNLx4vcJc,,
401112222,2019,1,regular,2019-08-31T23:30:00.000Z,False,True,False,False,110811,3558,Michigan Stadium,130,Michigan,fbs,Big Ten,40,"[10, 17, 6, 7]",0.9846238493919373,1744,1760,2393,Middle Tennessee,fbs,Conference USA,21,"[7, 7, 0, 7]",0.015376150608062744,1461,1445,3.5894005545824963,https://www.youtube.com/watch?v=2RQfvFtyYQM,,
401112433,2019,1,regular,2019-08-31T23:30:00.000Z,False,True,False,True,47144,3752,Acrisure Stadium,221,Pittsburgh,fbs,ACC,14,"[0, 14, 0, 0]",0.009181134402751923,1563,1529,258,Virginia,fbs,ACC,30,"[10, 3, 10, 7]",0.9908188655972481,1602,1636,5.109818452602918,https://www.youtube.com/watch?v=50G9GyZqx6s,,
401110725,2019,1,regular,2019-08-31T23:30:00.000Z,False,True,False,False,97420,3958,Tiger Stadium (LA),99,LSU,fbs,SEC,55,"[21, 21, 10, 3]",0.9884186387062073,1733,1857,290,Georgia Southern,fbs,Sun Belt,3,"[0, 3, 0, 0]",0.011581361293792725,1485,1361,1.626761449069767,https://www.youtube.com/watch?v=fdrl8mZ4-9E,,
401114241,2019,1,regular,2019-08-31T23:30:00.000Z,False,True,False,False,23057,3825,DATCU Stadium,249,North Texas,fbs,Conference USA,51,"[17, 21, 10, 3]",0.9896194934844971,,,2000,Abilene Christian,fcs,Southland,31,"[0, 10, 7, 14]",0.01038050651550293,,,1.614016931778454,https://www.youtube.com/watch?v=7izQ6X_2H-Q,,
401110722,2019,1,regular,2019-08-31T23:30:00.000Z,False,True,True,False,60662,3687,AT&T Stadium,2,Auburn,fbs,SEC,27,"[3, 3, 7, 14]",0.7323658466339111,1805,1805,2483,Oregon,fbs,Pac-12,21,"[14, 0, 7, 0]",0.26763415336608887,1593,1593,7.404218318055847,https://www.youtube.com/watch?v=N4Li6jkRKjU,,
401110732,2019,1,regular,2019-08-31T23:30:00.000Z,False,True,False,True,40350,3973,FirstBank Stadium,238,Vanderbilt,fbs,SEC,6,"[0, 6, 0, 0]",0,1534,1505,61,Georgia,fbs,SEC,30,"[14, 7, 3, 6]",1,1837,1866,2.963670042991555,https://www.youtube.com/watch?v=tlwawmckogY,,
401110728,2019,1,regular,2019-08-31T23:30:00.000Z,False,True,False,False,26037,3984,War Memorial Stadium,2751,Wyoming,fbs,Mountain West,37,"[0, 27, 7, 3]",0.8365150094032288,1493,1513,142,Missouri,fbs,SEC,31,"[14, 3, 0, 14]",0.16348499059677124,1734,1714,5.039488476111074,https://www.youtube.com/watch?v=G_vcntObtDM,,
401112135,2019,1,regular,2019-09-01T00:00:00.000Z,False,True,False,False,93418,3910,DKR-Texas Memorial Stadium,251,Texas,fbs,Big 12,45,"[7, 17, 14, 7]",0.963735044002533,1681,1734,2348,Louisiana Tech,fbs,Conference USA,14,"[0, 0, 0, 14]",0.03626495599746704,1423,1370,2.630048262045371,https://www.youtube.com/watch?v=cH9X2wCWDjk,,
401114244,2019,1,regular,2019-09-01T00:00:00.000Z,False,True,False,False,34646,3946,Sun Bowl,2638,UTEP,fbs,Conference USA,36,"[3, 17, 13, 3]",0.49159637157605607,,,2277,Houston Christian,fcs,Southland,34,"[0, 17, 11, 6]",0.5084036284239439,,,6.3825229555,https://www.youtube.com/watch?v=why0vWLNTGA,,
401128468,2019,1,regular,2019-09-01T00:00:00.000Z,False,True,False,False,28327,3817,Malone Stadium,2433,UL Monroe,fbs,Sun Belt,31,"[7, 10, 7, 7]",0.8833073973655701,,,2755,Grambling,fcs,SWAC,9,"[6, 3, 0, 0]",0.11669260263442993,,,3.099196183096164,https://www.youtube.com/watch?v=5bKmfyJOjko,,
401112129,2019,1,regular,2019-09-01T00:00:00.000Z,False,True,False,False,40422,3616,Amon G. Carter Stadium,2628,TCU,fbs,Big 12,39,"[10, 6, 13, 10]",0.9698103070259094,,,2029,Arkansas-Pine Bluff,fcs,SWAC,7,"[0, 0, 7, 0]",0.030189692974090576,,,2.584979303252524,https://www.youtube.com/watch?v=EBnpfvYikAQ,,
401117496,2019,1,regular,2019-09-01T01:00:00.000Z,False,True,False,False,40222,3932,Qualcomm Stadium,21,San Diego State,fbs,Mountain West,6,"[0, 3, 0, 3]",0.9794337153434753,,,2692,Weber State,fcs,Big Sky,0,"[0, 0, 0, 0]",0.020566284656524658,,,5.2158171902442465,https://www.youtube.com/watch?v=sVn70g_Sqz0,,
401126970,2019,1,regular,2019-09-01T01:00:00.000Z,False,True,False,False,,3757,Hornet Stadium,16,Sacramento State,fcs,Big Sky,77,"[21, 28, 14, 14]",,,,2584,Southern Oregon,,,19,"[10, 3, 6, 0]",,,,,,,
401117497,2019,1,regular,2019-09-01T02:00:00.000Z,False,True,False,False,17421,3914,Sam Boyd Stadium,2439,UNLV,fbs,Mountain West,56,"[7, 28, 21, 0]",0.9935519099235535,,,253,Southern Utah,fcs,Big Sky,23,"[0, 7, 0, 16]",0.006448090076446533,,,3.4318683270360792,https://www.youtube.com/watch?v=-RGmBrwF2L8,,
401114228,2019,1,regular,2019-09-01T02:00:00.000Z,False,True,False,False,27228,3820,Gesa Field,265,Washington State,fbs,Pac-12,58,"[14, 21, 13, 10]",0.9718844294548035,1689,1772,166,New Mexico State,fbs,FBS Independents,7,"[7, 0, 0, 0]",0.028115570545196533,1169,1086,2.687051219378879,https://www.youtube.com/watch?v=q27cNxEtO8o,,
401114218,2019,1,regular,2019-09-01T02:30:00.000Z,False,True,False,False,57329,477,Los Angeles Memorial Coliseum,30,USC,fbs,Pac-12,31,"[14, 3, 14, 0]",0.4948873817920685,1571,1591,278,Fresno State,fbs,Mountain West,23,"[3, 7, 3, 10]",0.5051126182079315,1695,1675,3.8988968503703663,https://www.youtube.com/watch?v=zHNUTfiwW9A,,
401127204,2019,1,regular,2019-09-01T19:00:00.000Z,False,True,False,False,,4246,Center Parc Stadium,2296,Jackson State,fcs,SWAC,15,"[3, 0, 12, 0]",,,,2065,Bethune-Cookman,fcs,MEAC,36,"[0, 0, 22, 14]",,,,,,MEAC/SWAC CHALLENGE,
401128433,2019,1,regular,2019-09-01T19:30:00.000Z,False,True,False,False,,3718,Tom Benson Hall of Fame Stadium,2010,Alabama A&M,fcs,SWAC,35,"[7, 7, 14, 7]",,,,60,Morehouse,ii,SIAC,30,"[0, 10, 7, 13]",,,,,,,
401112114,2019,1,regular,2019-09-01T23:30:00.000Z,False,True,False,False,84534,3835,"Memorial Stadium (Norman, OK)",201,Oklahoma,fbs,Big 12,49,"[7, 14, 21, 7]",0.9940564632415771,1849,1854,248,Houston,fbs,American Athletic,31,"[0, 10, 7, 14]",0.0059435367584228516,1460,1455,2.5461645715540744,https://www.youtube.com/watch?v=fkhfSzrJSDA,,
401112436,2019,1,regular,2019-09-03T00:00:00.000Z,False,True,False,False,58187,3873,L&N Federal Credit Union Stadium,97,Louisville,fbs,ACC,17,"[14, 0, 0, 3]",0,1223,1232,87,Notre Dame,fbs,FBS Independents,35,"[14, 7, 7, 7]",1,1775,1766,5.219061004585272,https://www.youtube.com/watch?v=Am19Ppsmq4M,,
401126929,2019,2,regular,2019-09-06T00:35:00.000Z,False,True,False,False,,1930,Holt Arena,304,Idaho State,fcs,Big Sky,38,"[7, 7, 10, 14]",,,,2714,Western Colorado,ii,Rocky Mountain,13,"[0, 3, 3, 7]",,,,,,,
401112447,2019,2,regular,2019-09-07T00:00:00.000Z,False,True,False,False,17567,3895,Rice Stadium,242,Rice,fbs,Conference USA,21,"[14, 0, 0, 7]",0.012745264917612076,1203,1192,154,Wake Forest,fbs,ACC,41,"[14, 10, 10, 7]",0.9872547350823879,1582,1593,3.5802158365551704,https://www.youtube.com/watch?v=w5obip_UWS4,,
401112437,2019,2,regular,2019-09-07T00:00:00.000Z,False,True,False,False,45250,3923,Scott Stadium,258,Virginia,fbs,ACC,52,"[21, 14, 7, 10]",0.8624606728553772,,,2729,William & Mary,fcs,CAA,17,"[0, 3, 7, 7]",0.1375393271446228,,,1.7542767270395445,https://www.youtube.com/watch?v=Nz0HxcutwvI,,
401114251,2019,2,regular,2019-09-07T01:00:00.000Z,False,True,False,False,31951,3653,Albertsons Stadium,68,Boise State,fbs,Mountain West,14,"[0, 7, 7, 0]",0.888253390789032,1694,1694,276,Marshall,fbs,Conference USA,7,"[7, 0, 0, 0]",0.11174660921096802,1511,1511,3.443724286778112,https://www.youtube.com/watch?v=P7Jg7cmBT6s,,
401114154,2019,2,regular,2019-09-07T02:00:00.000Z,False,True,False,False,42286,3947,Mountain America Stadium,9,Arizona State,fbs,Pac-12,19,"[0, 3, 6, 10]",1,,,16,Sacramento State,fcs,Big Sky,7,"[0, 0, 0, 7]",0,,,4.713599389217683,https://www.youtube.com/watch?v=DSPchPPYCgA,,
401112445,2019,2,regular,2019-09-07T15:00:00.000Z,False,True,False,False,42168,3752,Acrisure Stadium,221,Pittsburgh,fbs,ACC,20,"[3, 14, 3, 0]",0.8632831573486328,1529,1561,195,Ohio,fbs,Mid-American,10,"[0, 3, 7, 0]",0.1367168426513672,1719,1687,2.6621188096725463,https://www.youtube.com/watch?v=WanB32WIoVA,,
401112446,2019,2,regular,2019-09-07T16:00:00.000Z,False,True,False,False,57282,3799,Lane Stadium,259,Virginia Tech,fbs,ACC,31,"[10, 7, 7, 7]",1,1514,1519,295,Old Dominion,fbs,Conference USA,17,"[3, 0, 7, 7]",0,1226,1221,3.6325385810751856,https://www.youtube.com/watch?v=j1XQWyc_9Ew,,
401112107,2019,2,regular,2019-09-07T16:00:00.000Z,False,True,False,False,46075,3636,Bill Snyder Family Stadium,2306,Kansas State,fbs,Big 12,52,"[17, 21, 7, 7]",0.9941526055335999,1562,1670,189,Bowling Green,fbs,Mid-American,0,"[0, 0, 0, 0]",0.0058473944664001465,1203,1095,1.8234595807188432,https://www.youtube.com/watch?v=NhiLQ6tmBLs,,
401112252,2019,2,regular,2019-09-07T16:00:00.000Z,False,True,False,False,104089,3861,Ohio Stadium,194,Ohio State,fbs,Big Ten,42,"[7, 21, 7, 7]",0.9920971989631653,1872,1962,2132,Cincinnati,fbs,American Athletic,0,"[0, 0, 0, 0]",0.007902801036834717,1629,1539,2.446105453955577,https://www.youtube.com/watch?v=DSfC6hWwits,,
401110781,2019,2,regular,2019-09-07T16:00:00.000Z,False,True,False,False,51215,3838,Memorial Stadium,142,Missouri,fbs,SEC,38,"[10, 21, 0, 7]",0.9925437569618225,1714,1795,277,West Virginia,fbs,Big 12,7,"[0, 0, 0, 7]",0.00745624303817749,1690,1609,2.436089534694414,https://www.youtube.com/watch?v=SSKK8cviWd4,,
401112202,2019,2,regular,2019-09-07T16:00:00.000Z,False,True,False,False,33493,3665,SECU Stadium,120,Maryland,fbs,Big Ten,63,"[21, 21, 7, 14]",0.9534562826156616,1468,1626,183,Syracuse,fbs,ACC,20,"[7, 6, 7, 0]",0.04654371738433838,1657,1499,2.572493853838029,https://www.youtube.com/watch?v=evveoF8UwmI,,
401110785,2019,2,regular,2019-09-07T16:00:00.000Z,False,True,False,False,50506,3907,Ross-Ade Stadium,2509,Purdue,fbs,Big Ten,42,"[7, 7, 14, 14]",0.8509346842765808,1505,1545,238,Vanderbilt,fbs,SEC,24,"[7, 3, 0, 14]",0.1490653157234192,1505,1465,4.123321412959062,https://www.youtube.com/watch?v=QJXj329XGJ0,,
401112223,2019,2,regular,2019-09-07T16:00:00.000Z,False,True,False,False,111747,3558,Michigan Stadium,130,Michigan,fbs,Big Ten,24,"[7, 0, 7, 0, 7, 3]",0.8376772403717041,1760,1761,349,Army,fbs,FBS Independents,21,"[7, 7, 0, 0, 7, 0]",0.1623227596282959,1727,1726,8.184870776148676,https://www.youtube.com/watch?v=U0wE3nTYkbU,,
401119261,2019,2,regular,2019-09-07T16:00:00.000Z,False,True,False,False,18679,3696,Dix Stadium,2309,Kent State,fbs,Mid-American,26,"[3, 7, 7, 6, 3]",0.8745553493499756,,,338,Kennesaw State,fcs,Big South,23,"[3, 13, 0, 7, 0]",0.12544465065002441,,,8.522847870493946,,,
401110782,2019,2,regular,2019-09-07T16:00:00.000Z,False,True,False,False,70698,3994,Williams-Brice Stadium,2579,South Carolina,fbs,SEC,72,"[21, 23, 7, 21]",0.9907195568084717,,,2127,Charleston Southern,fcs,Big South,10,"[3, 0, 0, 7]",0.00928044319152832,,,1.9076182907747499,https://www.youtube.com/watch?v=yjtgtSz45g0,,
401117862,2019,2,regular,2019-09-07T16:00:00.000Z,False,True,False,False,34487,3805,Simmons Bank Liberty Stadium,235,Memphis,fbs,American Athletic,55,"[17, 10, 21, 7]",0.9994747793607958,,,2582,Southern,fcs,SWAC,24,"[7, 10, 7, 0]",0.000525220639204238,,,0.377627444299999,https://www.youtube.com/watch?v=luA_B63N32c,,
401114254,2019,2,regular,2019-09-07T16:00:00.000Z,False,True,False,False,18972,3768,InfoCision Stadium,2006,Akron,fbs,Mid-American,20,"[6, 0, 0, 14]",0.1980312466621399,1148,1157,5,UAB,fbs,Conference USA,31,"[7, 10, 14, 0]",0.8019687533378601,1537,1528,3.655038957009319,,,
401112192,2019,2,regular,2019-09-07T16:00:00.000Z,False,True,False,True,61808,3793,Kinnick Stadium,2294,Iowa,fbs,Big Ten,30,"[7, 13, 7, 3]",0.968106210231781,1816,1842,164,Rutgers,fbs,Big Ten,0,"[0, 0, 0, 0]",0.031893789768218994,1334,1308,2.0626496161935113,https://www.youtube.com/watch?v=n2pc1GK4jCE,,
401112444,2019,2,regular,2019-09-07T16:30:00.000Z,False,True,False,False,55681,3670,Carter-Finley Stadium,152,NC State,fbs,ACC,41,"[3, 21, 10, 7]",0.991306483745575,,,2717,Western Carolina,fcs,Southern,0,"[0, 0, 0, 0]",0.008693516254425049,,,2.1765626102276525,https://www.youtube.com/watch?v=Z8h9Xmx4yoo,,
401128590,2019,2,regular,2019-09-07T16:30:00.000Z,False,True,False,False,,3847,Cooper Field,46,Georgetown,fcs,Patriot,43,"[7, 15, 21, 0]",,,,2368,Marist,fcs,Pioneer,3,"[0, 3, 0, 0]",,,,,,,
401127050,2019,2,regular,2019-09-07T17:00:00.000Z,False,True,False,False,,3722,Fitton Field,107,Holy Cross,fcs,Patriot,13,"[0, 3, 0, 10]",,,,160,New Hampshire,fcs,CAA,10,"[0, 0, 3, 7]",,,,,,,
401127014,2019,2,regular,2019-09-07T17:00:00.000Z,False,True,False,False,,5389,Kessler Stadium,2405,Monmouth,fcs,Big South,24,"[7, 14, 0, 3]",,,,322,Lafayette,fcs,Patriot,21,"[0, 7, 7, 7]",,,,,,,
401127268,2019,2,regular,2019-09-07T17:00:00.000Z,False,True,False,False,,3829,Memorial Stadium,282,Indiana State,fcs,MVFC,35,"[7, 7, 7, 14]",,,,2168,Dayton,fcs,Pioneer,42,"[7, 14, 14, 7]",,,,,,,
401132279,2019,2,regular,2019-09-07T17:00:00.000Z,False,True,False,False,,3777,Joe Walton Stadium,2523,Robert Morris,fcs,NEC,7,"[7, 0, 0, 0]",,,,2310,Kentucky State,ii,SIAC,13,"[0, 6, 7, 0]",,,,,,,
401114224,2019,2,regular,2019-09-07T17:00:00.000Z,False,True,False,False,45919,587,Rice-Eccles Stadium,254,Utah,fbs,Pac-12,35,"[0, 21, 7, 7]",0.997487485408783,1690,1707,2459,Northern Illinois,fbs,Mid-American,17,"[7, 10, 0, 0]",0.002512514591217041,1442,1425,3.614945046124735,https://www.youtube.com/watch?v=jRj9kQS3pro,,
401128527,2019,2,regular,2019-09-07T17:30:00.000Z,False,True,False,False,,3597,Alumni Memorial Field,2678,VMI,fcs,Southern,63,"[21, 7, 22, 13]",,,,2369,Mars Hill,ii,South Atlantic,21,"[0, 14, 0, 7]",,,,,,,
401127048,2019,2,regular,2019-09-07T18:00:00.000Z,False,True,False,False,,3894,Rhodes Stadium,2210,Elon,fcs,CAA,35,"[7, 14, 7, 7]",,,,2643,The Citadel,fcs,Southern,28,"[0, 7, 7, 14]",,,,,,,
401112441,2019,2,regular,2019-09-07T18:00:00.000Z,False,True,False,False,46599,721,Bobby Dodd Stadium,59,Georgia Tech,fbs,ACC,14,"[0, 14, 0, 0]",0.5079487562179565,1527,1524,58,South Florida,fbs,American Athletic,10,"[3, 0, 0, 7]",0.49205124378204346,1307,1310,4.192519883011585,https://www.youtube.com/watch?v=FPFVdHZQ8cs,,
401165357,2019,2,regular,2019-09-07T18:00:00.000Z,False,True,False,False,,3627,Bailey Memorial Stadium,2506,Presbyterian,fcs,Big South,7,"[0, 0, 0, 7]",,,,2382,Mercer,fcs,Southern,45,"[21, 7, 14, 3]",,,,,,,
401127304,2019,2,regular,2019-09-07T18:00:00.000Z,False,True,False,False,,844,Stambaugh Stadium,2754,Youngstown State,fcs,MVFC,54,"[6, 21, 20, 7]",,,,47,Howard,fcs,MEAC,28,"[14, 0, 7, 7]",,,,,,,
401119260,2019,2,regular,2019-09-07T18:00:00.000Z,False,True,False,False,10123,3919,Scheumann Stadium,2050,Ball State,fbs,Mid-American,57,"[14, 14, 22, 7]",0.9849693775177002,,,2230,Fordham,fcs,Patriot,29,"[14, 0, 15, 0]",0.015030622482299805,,,3.6408713539752378,,,
401119262,2019,2,regular,2019-09-07T18:30:00.000Z,False,True,False,False,16022,3996,Yager Stadium,193,Miami (OH),fbs,Mid-American,48,"[10, 31, 0, 7]",1,,,2635,Tennessee Tech,fcs,OVC,17,"[3, 0, 0, 14]",0,,,2.393364831254229,,,
401127428,2019,2,regular,2019-09-07T19:00:00.000Z,False,True,False,False,,3742,Governors Stadium,2046,Austin Peay,fcs,OVC,16,"[0, 0, 13, 3]",,,,2110,Central Arkansas,fcs,Southland,24,"[0, 3, 7, 14]",,,,,,,
401110784,2019,2,regular,2019-09-07T19:30:00.000Z,False,True,False,False,81500,3836,"Memorial Stadium (Clemson, SC)",228,Clemson,fbs,ACC,24,"[0, 17, 7, 0]",0.8561573624610901,2136,2135,245,Texas A&M,fbs,SEC,10,"[0, 3, 0, 7]",0.1438426375389099,1771,1772,3.5746468299254874,https://www.youtube.com/watch?v=yfa5ENjiunY,,
401112438,2019,2,regular,2019-09-07T19:30:00.000Z,False,True,False,False,30111,3615,"Alumni Stadium (Chestnut Hill, MA)",103,Boston College,fbs,ACC,45,"[21, 14, 10, 0]",0.9922568798065186,,,257,Richmond,fcs,CAA,13,"[0, 10, 0, 3]",0.007743120193481445,,,2.4431374986401826,https://www.youtube.com/watch?v=QmBsetYjjUg,,
401112158,2019,2,regular,2019-09-07T19:30:00.000Z,False,True,False,False,37784,3830,"Memorial Stadium (Bloomington, IN)",84,Indiana,fbs,Big Ten,52,"[21, 14, 7, 10]",0.9889649748802185,,,2197,Eastern Illinois,fcs,OVC,0,"[0, 0, 0, 0]",0.011035025119781494,,,1.7420792493768402,https://www.youtube.com/watch?v=1t5qS6kkdAA,,
401127202,2019,2,regular,2019-09-07T19:30:00.000Z,False,True,False,False,,3714,Fargodome,2449,North Dakota State,fcs,MVFC,38,"[14, 7, 10, 7]",,,,155,North Dakota,fcs,FCS Independents,7,"[0, 7, 0, 0]",,,,,,,
401112239,2019,2,regular,2019-09-07T19:30:00.000Z,False,True,False,False,52829,3726,Folsom Field,38,Colorado,fbs,Pac-12,34,"[0, 0, 7, 24, 3]",0.6461766362190247,1492,1493,158,Nebraska,fbs,Big Ten,31,"[7, 10, 0, 14, 0]",0.35382336378097534,1478,1477,8.755488061750198,https://www.youtube.com/watch?v=SaKlr1NMnu4,,
401112146,2019,2,regular,2019-09-07T19:30:00.000Z,False,True,False,False,23108,3892,Pratt & Whitney Stadium,41,UConn,fbs,American Athletic,23,"[10, 3, 7, 3]",0.12234452366828918,1058,1067,356,Illinois,fbs,Big Ten,31,"[0, 24, 7, 0]",0.8776554763317108,1376,1367,4.942745725170697,https://www.youtube.com/watch?v=wf0sLgZACC4,,
401114354,2019,2,regular,2019-09-07T19:30:00.000Z,False,True,False,False,10524,3985,Warren McGuirk Alumni Stadium,113,Massachusetts,fbs,FBS Independents,20,"[6, 7, 0, 7]",0.1753198355436325,,,79,Southern Illinois,fcs,MVFC,45,"[0, 17, 14, 14]",0.8246801644563675,,,4.64272166095397,,,
401114250,2019,2,regular,2019-09-07T19:30:00.000Z,False,True,False,False,23174,3776,Joe Aillet Stadium,2348,Louisiana Tech,fbs,Conference USA,20,"[7, 13, 0, 0]",0.7859392762184143,,,2755,Grambling,fcs,SWAC,14,"[0, 0, 7, 7]",0.2140607237815857,,,3.1608844373428235,https://www.youtube.com/watch?v=kTV5JJeib3s,,
401112268,2019,2,regular,2019-09-07T19:30:00.000Z,False,True,False,False,74437,347,Camp Randall Stadium,275,Wisconsin,fbs,Big Ten,61,"[16, 28, 10, 7]",0.9922709465026855,1792,1903,2117,Central Michigan,fbs,Mid-American,0,"[0, 0, 0, 0]",0.007729053497314453,1237,1126,2.0041836917457987,https://www.youtube.com/watch?v=Z_AxOY2-BpU,,
401110780,2019,2,regular,2019-09-07T19:30:00.000Z,False,True,False,False,55143,3693,Davis Wade Stadium,344,Mississippi State,fbs,SEC,38,"[7, 14, 7, 10]",0.9960546493530273,1774,1798,2572,Southern Miss,fbs,Conference USA,15,"[0, 0, 7, 8]",0.003945350646972656,1463,1439,1.7691460894678601,https://www.youtube.com/watch?v=6Hi_PLKaNqQ,,
401114247,2019,2,regular,2019-09-07T19:30:00.000Z,False,True,False,False,29182,3792,Kidd Brewer Stadium,2026,App State,fbs,Sun Belt,56,"[14, 14, 14, 14]",1,1695,1693,2429,Charlotte,fbs,Conference USA,41,"[6, 7, 15, 13]",0,1294,1296,4.783143644258058,,,
401112074,2019,2,regular,2019-09-07T20:00:00.000Z,False,True,False,False,40274,4727,McLane Stadium,239,Baylor,fbs,Big 12,63,"[14, 21, 14, 14]",0.9921056628227234,1456,1569,2636,UTSA,fbs,Conference USA,14,"[0, 0, 7, 7]",0.007894337177276611,1202,1089,1.9011599572292297,https://www.youtube.com/watch?v=dPEiDczPWfY,,
401133586,2019,2,regular,2019-09-07T20:00:00.000Z,False,True,False,False,,3623,Arthur J. Rooney Athletic Field,2184,Duquesne,fcs,NEC,44,"[7, 13, 14, 10]",,,,2682,Walsh,ii,Great Midwest Athletic,3,"[0, 0, 3, 0]",,,,,,,
401135473,2019,2,regular,2019-09-07T20:00:00.000Z,False,True,False,False,,3864,Oliver C. Dawson Stadium,2569,South Carolina State,fcs,MEAC,34,"[14, 10, 3, 7]",,,,2323,Lane College,ii,SIAC,0,"[0, 0, 0, 0]",,,,,,,
401117498,2019,2,regular,2019-09-07T20:00:00.000Z,False,True,False,False,24453,5388,Canvas Stadium,36,Colorado State,fbs,Mountain West,38,"[14, 14, 7, 3]",0.9861897826194763,,,2710,Western Illinois,fcs,MVFC,13,"[3, 3, 0, 7]",0.013810217380523682,,,2.2130847683917323,https://www.youtube.com/watch?v=MBLestEprvE,,
401110776,2019,2,regular,2019-09-07T20:00:00.000Z,False,True,False,False,92746,3917,Sanford Stadium,61,Georgia,fbs,SEC,63,"[7, 35, 7, 14]",0.9951655268669128,,,93,Murray State,fcs,OVC,17,"[7, 0, 10, 0]",0.004834473133087158,,,2.7936598484587885,https://www.youtube.com/watch?v=nqj35uz08Rk,,
401110773,2019,2,regular,2019-09-07T20:00:00.000Z,False,True,False,False,100710,3657,Bryant-Denny Stadium,333,Alabama,fbs,SEC,62,"[21, 17, 24, 0]",0.98759526014328,2064,2096,166,New Mexico State,fbs,FBS Independents,10,"[0, 0, 7, 3]",0.01240473985671997,1086,1054,2.42316149952987,https://www.youtube.com/watch?v=zyqV24HUx_o,,
401126911,2019,2,regular,2019-09-07T20:05:00.000Z,False,True,False,False,,3906,Roos Field,331,Eastern Washington,fcs,Big Sky,59,"[21, 10, 21, 7]",,,,2815,Lindenwood,ii,Great Lakes Valley,31,"[0, 17, 14, 0]",,,,,,,
401114214,2019,2,regular,2019-09-07T20:15:00.000Z,False,True,False,False,36951,1056,Rose Bowl,26,UCLA,fbs,Pac-12,14,"[7, 0, 7, 0]",0.018293511122465134,1427,1413,21,San Diego State,fbs,Mountain West,23,"[10, 0, 10, 3]",0.9817064888775349,1479,1493,5.715548010877727,https://www.youtube.com/watch?v=0tjmD7DV_CY,,
401112440,2019,2,regular,2019-09-07T21:00:00.000Z,False,True,False,False,52969,3697,Doak Campbell Stadium,52,Florida State,fbs,ACC,45,"[14, 10, 0, 14, 7]",0.2975079417228699,1451,1449,2433,UL Monroe,fbs,Sun Belt,44,"[0, 7, 14, 17, 6]",0.7024920582771301,1347,1349,7.253674419698046,https://www.youtube.com/watch?v=kXM4_Myao9k,,
401126973,2019,2,regular,2019-09-07T21:00:00.000Z,False,True,False,False,,3967,UNI-Dome,2460,Northern Iowa,fcs,MVFC,34,"[7, 17, 10, 0]",,,,253,Southern Utah,fcs,Big Sky,14,"[0, 0, 7, 7]",,,,,,,
401126979,2019,2,regular,2019-09-07T21:00:00.000Z,False,True,False,False,,716,Torero Stadium,301,San Diego,fcs,Pioneer,35,"[7, 7, 14, 7]",,,,302,UC Davis,fcs,Big Sky,38,"[14, 7, 7, 10]",,,,,,,
401114229,2019,2,regular,2019-09-07T21:00:00.000Z,False,True,False,False,27585,3820,Gesa Field,265,Washington State,fbs,Pac-12,59,"[14, 10, 21, 14]",0.9616931080818176,,,2458,Northern Colorado,fcs,Big Sky,17,"[7, 3, 0, 7]",0.03830689191818237,,,2.720888857968169,https://www.youtube.com/watch?v=VCvlpBFAreM,,
401126966,2019,2,regular,2019-09-07T21:05:00.000Z,False,True,False,False,,4765,Hillsboro Stadium,2502,Portland State,fcs,Big Sky,70,"[7, 14, 35, 14]",,,,2829,Simon Fraser,ii,Great Northwest,7,"[7, 0, 0, 0]",,,,,,,
401127134,2019,2,regular,2019-09-07T22:00:00.000Z,False,True,False,False,,3781,Johnny Unitas Stadium,119,Towson,fcs,CAA,42,"[14, 14, 14, 0]",,,,2428,North Carolina Central,fcs,MEAC,3,"[0, 0, 0, 3]",,,,,,,
401126986,2019,2,regular,2019-09-07T22:00:00.000Z,False,True,False,False,,3629,Barker-Lane Stadium,2097,Campbell,fcs,Big South,38,"[7, 21, 0, 10]",,,,2551,Shaw,ii,CIAA,14,"[7, 0, 0, 7]",,,,,,,
401127035,2019,2,regular,2019-09-07T22:00:00.000Z,False,True,False,False,,3620,Armstrong Stadium,2261,Hampton,fcs,Big South,17,"[0, 17, 0, 0]",,,,2676,Virginia Union,ii,CIAA,36,"[14, 0, 9, 13]",,,,,,,
401133640,2019,2,regular,2019-09-07T22:00:00.000Z,False,True,False,False,,3979,Wagner College Stadium,2681,Wagner,fcs,NEC,14,"[7, 0, 7, 0]",,,,2188,East Stroudsburg,ii,Pennsylvania State Athletic,24,"[7, 14, 0, 3]",,,,,,,
401121936,2019,2,regular,2019-09-07T22:00:00.000Z,False,True,False,False,17202,3608,Allen E. Paulson Stadium,290,Georgia Southern,fbs,Sun Belt,26,"[0, 10, 6, 10]",1,,,311,Maine,fcs,CAA,18,"[3, 0, 0, 15]",0,,,3.712023466279344,https://www.youtube.com/watch?v=ECbPES8__LY,,
401112439,2019,2,regular,2019-09-07T22:00:00.000Z,False,True,False,False,38313,3982,Wallace Wade Stadium,150,Duke,fbs,ACC,45,"[7, 21, 10, 7]",0.9918578863143921,,,2448,North Carolina A&T,fcs,MEAC,13,"[3, 7, 3, 0]",0.00814211368560791,,,4.030760817632786,https://www.youtube.com/watch?v=UTrD4qEo7Jk,,
401127051,2019,2,regular,2019-09-07T22:00:00.000Z,False,True,False,False,,717,Villanova Stadium,222,Villanova,fcs,CAA,38,"[0, 17, 14, 7]",,,,2329,Lehigh,fcs,Patriot,10,"[0, 3, 7, 0]",,,,,,,
401127229,2019,2,regular,2019-09-07T22:00:00.000Z,False,True,False,False,,3991,"William Dick"""" Price Stadium""""",2450,Norfolk State,fcs,MEAC,44,"[7, 16, 14, 7]",,,,330,Virginia State,ii,CIAA,21,"[0, 7, 0, 14]",,,,,,,
401128614,2019,2,regular,2019-09-07T22:00:00.000Z,False,True,False,False,,3668,Campus Field,2529,Sacred Heart,fcs,NEC,30,"[0, 23, 0, 7]",,,,2083,Bucknell,fcs,Patriot,10,"[0, 3, 7, 0]",,,,,,,
401127049,2019,2,regular,2019-09-07T22:00:00.000Z,False,True,False,False,,3651,Bridgeforth Stadium,256,James Madison,fcs,CAA,44,"[14, 13, 10, 7]",,,,2598,Saint Francis,fcs,NEC,7,"[0, 0, 0, 7]",,,,,,,
401128565,2019,2,regular,2019-09-07T22:00:00.000Z,False,True,False,False,,3897,Richardson Stadium,2166,Davidson,fcs,Pioneer,45,"[10, 21, 7, 7]",,,,2355,Virginia Lynchburg,,,7,"[0, 0, 0, 7]",,,,,,,
401128444,2019,2,regular,2019-09-07T22:00:00.000Z,False,True,False,False,,4582,Hornet Stadium,2011,Alabama State,fcs,SWAC,38,"[7, 13, 11, 7]",,,,2657,Tuskegee,ii,SIAC,31,"[7, 14, 10, 0]",,,,,,,
401136279,2019,2,regular,2019-09-07T22:00:00.000Z,False,True,False,False,,3624,Arute Field,2115,Central Connecticut,fcs,NEC,40,"[3, 21, 13, 3]",,,,2771,Merrimack,fcs,NEC,37,"[7, 7, 7, 16]",,,,,,,
401128553,2019,2,regular,2019-09-07T22:00:00.000Z,False,True,False,False,,3664,Butler Bowl,2086,Butler,fcs,Pioneer,30,"[0, 10, 7, 7, 6]",,,,111756,Indiana Wesleyan,,,27,"[7, 10, 0, 7, 3]",,,,,,,
401132247,2019,2,regular,2019-09-07T22:00:00.000Z,False,True,False,False,,4416,Spec Martin Municipal Stadium,56,Stetson,fcs,Pioneer,58,"[14, 17, 21, 6]",,,,2347,Louisiana Christian,iii,American Southwest,13,"[0, 7, 0, 6]",,,,,,,
401117860,2019,2,regular,2019-09-07T22:00:00.000Z,False,True,False,False,34118,3699,Dowdy-Ficklen Stadium,151,East Carolina,fbs,American Athletic,48,"[17, 14, 7, 10]",0.9906884431838989,,,2241,Gardner-Webb,fcs,Big South,9,"[0, 7, 2, 0]",0.009311556816101074,,,1.9828781370249868,https://www.youtube.com/watch?v=wlZzZoVgB_U,,
401128693,2019,2,regular,2019-09-07T23:00:00.000Z,False,True,False,False,,4424,Husky Stadium,2277,Houston Christian,fcs,Southland,58,"[14, 30, 7, 7]",,,,102626,Texas Wesleyan,,,13,"[7, 0, 0, 6]",,,,,,,
401128733,2019,2,regular,2019-09-07T23:00:00.000Z,False,True,False,False,,3756,Homer Bryce Stadium,2617,Stephen F. Austin,fcs,Southland,26,"[14, 6, 6, 0]",,,,2627,Tarleton State,ii,Lone Star,37,"[14, 7, 6, 10]",,,,,,,
401121937,2019,2,regular,2019-09-07T23:00:00.000Z,False,True,False,False,20351,4246,Center Parc Stadium,2247,Georgia State,fbs,Sun Belt,48,"[3, 14, 21, 10]",1,,,231,Furman,fcs,Southern,42,"[13, 7, 8, 14]",0,,,6.591126284929439,,,
401128478,2019,2,regular,2019-09-07T23:00:00.000Z,False,True,False,False,,3882,Provost Umphrey Stadium,2320,Lamar,fcs,Southland,23,"[0, 7, 3, 10, 3]",,,,2400,Mississippi Valley State,fcs,SWAC,20,"[0, 7, 6, 7, 0]",,,,,,,
401131357,2019,2,regular,2019-09-07T23:00:00.000Z,False,True,False,False,,3701,Drake Stadium,2181,Drake,fcs,Pioneer,7,"[0, 0, 7, 0]",,,,2654,Truman State,ii,Great Lakes,10,"[0, 3, 7, 0]",,,,,,,
401128434,2019,2,regular,2019-09-07T23:00:00.000Z,False,True,False,True,,3809,Louis Crews Stadium,2010,Alabama A&M,fcs,SWAC,34,"[14, 0, 20, 0]",,,,2029,Arkansas-Pine Bluff,fcs,SWAC,52,"[17, 14, 21, 0]",,,,,,,
401128702,2019,2,regular,2019-09-07T23:00:00.000Z,False,True,False,False,,3734,Gayle and Tom Benson Stadium,2916,Incarnate Word,fcs,Southland,63,"[14, 28, 7, 14]",,,,2640,Texas Southern,fcs,SWAC,44,"[7, 10, 20, 7]",,,,,,,
401128659,2019,2,regular,2019-09-07T23:00:00.000Z,False,True,False,False,,5440,Wildcat Stadium (TX),2000,Abilene Christian,fcs,Southland,66,"[14, 31, 7, 14]",,,,108358,Phoenix,,,14,"[0, 0, 7, 7]",,,,,,,
401112442,2019,2,regular,2019-09-07T23:00:00.000Z,False,True,False,False,48808,3873,L&N Federal Credit Union Stadium,97,Louisville,fbs,ACC,42,"[14, 0, 14, 14]",0.9949812889099121,,,2198,Eastern Kentucky,fcs,OVC,0,"[0, 0, 0, 0]",0.005018711090087891,,,1.8264616173450543,https://www.youtube.com/watch?v=bhYO7P2wE0M,,
401128363,2019,2,regular,2019-09-07T23:00:00.000Z,False,True,False,False,,3662,AmFirst Stadium,55,Jacksonville State,fcs,OVC,41,"[7, 14, 6, 14]",,,,236,Chattanooga,fcs,Southern,20,"[3, 3, 14, 0]",,,,,,,
401121938,2019,2,regular,2019-09-07T23:00:00.000Z,False,True,False,False,14511,3797,Ladd Peebles Stadium,6,South Alabama,fbs,Sun Belt,37,"[13, 6, 8, 10]",0.989342987537384,,,2296,Jackson State,fcs,SWAC,14,"[7, 0, 0, 7]",0.010657012462615967,,,3.09623871946121,,,
401127046,2019,2,regular,2019-09-07T23:00:00.000Z,False,True,False,True,,3824,Meade Stadium,227,Rhode Island,fcs,CAA,36,"[3, 10, 0, 9, 14]",,,,48,Delaware,fcs,CAA,44,"[0, 0, 14, 8, 22]",,,,,,,
401114252,2019,2,regular,2019-09-07T23:00:00.000Z,False,True,False,False,20912,3725,"Johnny ""Red"" Floyd Stadium",2393,Middle Tennessee,fbs,Conference USA,45,"[0, 10, 14, 21]",0.9145002365112305,,,2634,Tennessee State,fcs,OVC,26,"[6, 0, 13, 7]",0.08549976348876953,,,4.833473592785612,,,
401127047,2019,2,regular,2019-09-07T23:00:00.000Z,False,True,False,False,,4419,Bob Ford Field,399,UAlbany,fcs,CAA,45,"[7, 21, 7, 10]",,,,2803,Bryant,fcs,NEC,3,"[0, 0, 0, 3]",,,,,,,
401112123,2019,2,regular,2019-09-07T23:00:00.000Z,False,True,False,False,55509,3646,Boone Pickens Stadium,197,Oklahoma State,fbs,Big 12,56,"[14, 14, 28, 0]",0.9832133054733276,,,2377,McNeese,fcs,Southland,14,"[0, 0, 7, 7]",0.016786694526672363,,,2.2783912245786526,https://www.youtube.com/watch?v=-uV-l5WVyJU,,
401112115,2019,2,regular,2019-09-07T23:00:00.000Z,False,True,False,False,82181,3835,"Memorial Stadium (Norman, OK)",201,Oklahoma,fbs,Big 12,70,"[14, 14, 28, 14]",1,,,233,South Dakota,fcs,MVFC,14,"[0, 0, 14, 0]",0,,,2.3389896984658654,https://www.youtube.com/watch?v=HvsfX8-w1wY,,
401112097,2019,2,regular,2019-09-07T23:00:00.000Z,False,True,False,False,33493,3833,Memorial Stadium,2305,Kansas,fbs,Big 12,7,"[7, 0, 0, 0]",0.05460664629936218,1383,1365,324,Coastal Carolina,fbs,Sun Belt,12,"[0, 6, 6, 0]",0.9453933537006378,1259,1277,3.687621413761398,https://www.youtube.com/watch?v=9BU18Kwm2iM,,
401128729,2019,2,regular,2019-09-07T23:00:00.000Z,False,True,False,False,,3647,Elliott T. Bowers Stadium,2534,Sam Houston,fcs,Southland,77,"[42, 21, 14, 0]",,,,2824,Oklahoma Panhandle,,,0,"[0, 0, 0, 0]",,,,,,,
401128452,2019,2,regular,2019-09-07T23:00:00.000Z,False,True,False,False,,3771,Jack Spinks Stadium,2016,Alcorn State,fcs,SWAC,45,"[21, 7, 3, 14]",,,,2401,Mississippi College,ii,Gulf South,7,"[0, 0, 0, 7]",,,,,,,
401127293,2019,2,regular,2019-09-07T23:00:00.000Z,False,True,False,False,,5237,Dana J. Dykhouse Stadium,2571,South Dakota State,fcs,MVFC,38,"[7, 14, 14, 3]",,,,2341,Long Island University,fcs,NEC,3,"[0, 3, 0, 0]",,,,,,,
401128725,2019,2,regular,2019-09-07T23:00:00.000Z,False,True,False,False,,3963,Harry Turpin Stadium,2466,Northwestern State,fcs,Southland,7,"[0, 7, 0, 0]",,,,2395,Midwestern State,ii,Lone Star,33,"[13, 13, 0, 7]",,,,,,,
401114248,2019,2,regular,2019-09-07T23:00:00.000Z,False,True,False,True,13311,218,FIU Stadium,2229,Florida International,fbs,Conference USA,14,"[7, 0, 7, 0]",0.2643582224845886,1395,1382,98,Western Kentucky,fbs,Conference USA,20,"[7, 7, 3, 3]",0.7356417775154114,1365,1378,5.790927765404366,https://www.youtube.com/watch?v=TO4_tmYNLUw,,
401114253,2019,2,regular,2019-09-07T23:00:00.000Z,False,True,False,False,22766,3735,Gerald J. Ford Stadium,2567,SMU,fbs,American Athletic,49,"[21, 7, 14, 7]",0.9924631714820862,1425,1485,249,North Texas,fbs,Conference USA,27,"[0, 14, 6, 7]",0.007536828517913818,1485,1425,2.8910237674460606,https://www.youtube.com/watch?v=YxmxoEj4ug0,,
401110783,2019,2,regular,2019-09-07T23:00:00.000Z,False,True,False,False,92475,3853,Neyland Stadium,2633,Tennessee,fbs,SEC,26,"[7, 6, 0, 3, 7, 3]",0.12586385011672974,1372,1376,252,BYU,fbs,FBS Independents,29,"[3, 0, 7, 6, 7, 6]",0.8741361498832703,1520,1516,6.771271104316513,https://www.youtube.com/watch?v=pYPZgcwmxkw,,
401117500,2019,2,regular,2019-09-07T23:00:00.000Z,False,True,False,False,20003,3644,Bobcat Stadium (TX),326,Texas State,fbs,Sun Belt,14,"[7, 7, 0, 0]",0.27299484610557556,1185,1193,2751,Wyoming,fbs,Mountain West,23,"[0, 10, 10, 3]",0.7270051538944244,1513,1505,4.633587874465559,https://www.youtube.com/watch?v=rZoMO_VS9Pw,,
401114249,2019,2,regular,2019-09-07T23:00:00.000Z,False,True,False,False,30811,3715,FAU Stadium,2226,Florida Atlantic,fbs,Conference USA,14,"[0, 6, 0, 8]",0.009611310437321663,1495,1433,2116,UCF,fbs,American Athletic,48,"[14, 14, 13, 7]",0.9903886895626783,1773,1835,3.136384240625767,https://www.youtube.com/watch?v=9Kk8cv_-2sU,,
401114193,2019,2,regular,2019-09-07T23:30:00.000Z,False,True,False,False,50920,3626,Autzen Stadium,2483,Oregon,fbs,Pac-12,77,"[7, 28, 28, 14]",0.9889649748802185,1593,1809,2440,Nevada,fbs,Mountain West,6,"[3, 3, 0, 0]",0.011035025119781494,1464,1248,3.175089617354383,https://www.youtube.com/watch?v=JeVxvO0mT3A,,
401110774,2019,2,regular,2019-09-07T23:30:00.000Z,False,True,False,False,85317,3785,Jordan-Hare Stadium,2,Auburn,fbs,SEC,24,"[0, 14, 7, 3]",1,1805,1819,2655,Tulane,fbs,American Athletic,6,"[3, 3, 0, 0]",0,1527,1513,3.4439257782192634,https://www.youtube.com/watch?v=XKhCUdafXGs,,
401110777,2019,2,regular,2019-09-07T23:30:00.000Z,False,True,False,False,55240,3683,Kroger Field,96,Kentucky,fbs,SEC,38,"[14, 3, 7, 14]",0.9893767833709717,1636,1668,2199,Eastern Michigan,fbs,Mid-American,17,"[0, 3, 7, 7]",0.01062321662902832,1463,1431,2.9419880000428056,https://www.youtube.com/watch?v=Yizp73iLs5s,,
401117499,2019,2,regular,2019-09-07T23:30:00.000Z,False,True,False,False,22247,3905,Maverik Stadium,328,Utah State,fbs,Mountain West,62,"[17, 17, 14, 14]",0.9845576286315918,,,2619,Stony Brook,fcs,CAA,7,"[0, 0, 7, 0]",0.015442371368408203,,,2.3170910487082383,https://www.youtube.com/watch?v=9d4ZYkQiXHI,,
401112258,2019,2,regular,2019-09-07T23:30:00.000Z,False,True,False,False,104136,3632,Beaver Stadium,213,Penn State,fbs,Big Ten,45,"[7, 0, 28, 10]",0.9874663949012756,1777,1828,2084,Buffalo,fbs,Mid-American,13,"[0, 10, 3, 0]",0.012533605098724365,1477,1426,4.13849645775969,https://www.youtube.com/watch?v=5n0mfRnCB_c,,
401127259,2019,2,regular,2019-09-07T23:30:00.000Z,False,True,False,False,,3744,Hancock Stadium,2287,Illinois State,fcs,MVFC,42,"[21, 14, 0, 7]",,,,2413,Morehead State,fcs,Pioneer,14,"[0, 0, 7, 7]",,,,,,,
401128506,2019,2,regular,2019-09-07T23:30:00.000Z,False,True,False,False,,5400,William B. Greene Jr. Stadium,2193,East Tennessee State,fcs,Southern,48,"[17, 8, 16, 7]",,,,2560,Shorter,ii,Gulf South,10,"[0, 3, 0, 7]",,,,,,,
401110778,2019,2,regular,2019-09-07T23:30:00.000Z,False,True,False,False,98763,3910,DKR-Texas Memorial Stadium,251,Texas,fbs,Big 12,38,"[0, 7, 14, 17]",0.18097847700119019,1734,1730,99,LSU,fbs,SEC,45,"[3, 17, 3, 22]",0.8190215229988098,1857,1861,6.456879398814792,https://www.youtube.com/watch?v=qGJwLdhYo3g,,
401114347,2019,2,regular,2019-09-07T23:30:00.000Z,False,True,False,False,16231,3666,Cajun Field,309,Louisiana,fbs,Sun Belt,35,"[7, 14, 14, 0]",0.9950653910636902,1378,1418,2335,Liberty,fbs,FBS Independents,14,"[7, 7, 0, 0]",0.0049346089363098145,1283,1243,4.399123563675678,,,
401110775,2019,2,regular,2019-09-07T23:30:00.000Z,False,True,False,False,80007,3634,Ben Hill Griffin Stadium,57,Florida,fbs,SEC,45,"[3, 14, 14, 14]",0.9906398057937622,,,2630,UT Martin,fcs,OVC,0,"[0, 0, 0, 0]",0.009360194206237793,,,2.3047414596671794,https://www.youtube.com/watch?v=VY37ub_0jRs,,
401112213,2019,2,regular,2019-09-07T23:30:00.000Z,False,True,False,False,73113,3936,Spartan Stadium,127,Michigan State,fbs,Big Ten,51,"[21, 10, 6, 14]",0.9900622963905334,1641,1695,2711,Western Michigan,fbs,Mid-American,17,"[0, 7, 0, 10]",0.009937703609466553,1319,1265,2.2010141549053914,https://www.youtube.com/watch?v=54_R9WhAxSM,,
401110779,2019,2,regular,2019-09-07T23:30:00.000Z,False,True,False,True,47915,3974,Vaught-Hemingway Stadium,145,Ole Miss,fbs,SEC,31,"[7, 3, 7, 14]",1,1478,1496,8,Arkansas,fbs,SEC,17,"[0, 3, 0, 14]",0,1357,1339,3.5191951015720124,https://www.youtube.com/watch?v=CUZG7ajXTUA,,
401126945,2019,2,regular,2019-09-08T00:00:00.000Z,False,True,False,False,,3643,Bobcat Stadium,147,Montana State,fcs,Big Sky,38,"[10, 0, 28, 0]",,,,2546,Southeast Missouri State,fcs,OVC,17,"[0, 10, 0, 7]",,,,,,,
401117861,2019,2,regular,2019-09-08T00:00:00.000Z,False,True,False,False,29360,4728,TDECU Stadium,248,Houston,fbs,American Athletic,37,"[24, 10, 3, 0]",0.9310969710350037,,,2504,Prairie View A&M,fcs,SWAC,17,"[3, 7, 0, 7]",0.06890302896499634,,,2.527827134484061,,,
401112443,2019,2,regular,2019-09-08T00:00:00.000Z,False,True,False,True,50500,3787,Kenan Stadium,153,North Carolina,fbs,ACC,28,"[17, 0, 3, 8]",0.6863285899162292,1424,1427,2390,Miami,fbs,ACC,25,"[3, 10, 6, 6]",0.31367141008377075,1606,1603,5.677182508833238,https://www.youtube.com/watch?v=2ZB89C2lK84,,
401112140,2019,2,regular,2019-09-08T00:00:00.000Z,False,True,False,False,56957,3784,Jones AT&T Stadium,2641,Texas Tech,fbs,Big 12,38,"[7, 14, 10, 7]",0.9663365483283997,1563,1610,2638,UTEP,fbs,Conference USA,3,"[0, 0, 0, 3]",0.03366345167160034,1148,1101,2.0399157632848315,https://www.youtube.com/watch?v=XWMYhmLi4CA,,
401126902,2019,2,regular,2019-09-08T00:00:00.000Z,False,True,False,True,,3942,Stewart Stadium,2692,Weber State,fcs,Big Sky,41,"[3, 14, 14, 10]",,,,13,Cal Poly,fcs,Big Sky,24,"[3, 7, 7, 7]",,,,,,,
401117501,2019,2,regular,2019-09-08T01:00:00.000Z,False,True,False,False,12471,3935,CEFCU Stadium,23,San José State,fbs,Mountain West,16,"[3, 7, 0, 6]",0.02770652435719967,1203,1175,202,Tulsa,fbs,American Athletic,34,"[7, 10, 3, 14]",0.9722934756428003,1353,1381,4.5550356164756005,https://www.youtube.com/watch?v=NwaJymR3q8g,,
401126921,2019,2,regular,2019-09-08T01:00:00.000Z,False,True,False,False,,3791,Kibbie Dome,70,Idaho,fcs,Big Sky,41,"[3, 14, 14, 10]",,,,2120,Central Washington,ii,Great Northwest,31,"[0, 17, 7, 7]",,,,,,,
401126938,2019,2,regular,2019-09-08T01:00:00.000Z,False,True,False,False,,3987,Washington-Grizzly Stadium,149,Montana,fcs,Big Sky,61,"[10, 6, 24, 21]",,,,2453,North Alabama,fcs,Big South,17,"[7, 10, 0, 0]",,,,,,,
401117502,2019,2,regular,2019-09-08T02:00:00.000Z,False,True,False,False,18742,3914,Sam Boyd Stadium,2439,UNLV,fbs,Mountain West,17,"[0, 3, 7, 7]",0.004771778360009193,1276,1233,2032,Arkansas State,fbs,Sun Belt,43,"[10, 13, 10, 10]",0.9952282216399908,1502,1545,3.2854428298302234,https://www.youtube.com/watch?v=T89z_qFArE4,,
401112230,2019,2,regular,2019-09-08T02:30:00.000Z,False,True,False,False,34790,3660,Valley Children's Stadium,278,Fresno State,fbs,Mountain West,35,"[0, 10, 11, 7, 7, 0]",0.37887516617774963,1675,1666,135,Minnesota,fbs,Big Ten,38,"[7, 7, 0, 14, 7, 3]",0.6211248338222504,1595,1604,9.376183004048768,https://www.youtube.com/watch?v=hH3Obk_2zOM,,
401114207,2019,2,regular,2019-09-08T02:30:00.000Z,False,True,False,True,62109,477,Los Angeles Memorial Coliseum,30,USC,fbs,Pac-12,45,"[3, 21, 7, 14]",0.9338459372520447,1591,1661,24,Stanford,fbs,Pac-12,20,"[7, 13, 0, 0]",0.06615406274795532,1653,1583,5.0751156597504705,https://www.youtube.com/watch?v=QgwdXdnOK1U,,
401114175,2019,2,regular,2019-09-08T02:30:00.000Z,False,True,False,True,66327,3765,Husky Stadium,264,Washington,fbs,Pac-12,19,"[0, 10, 3, 6]",0.346286803483963,1739,1727,25,California,fbs,Pac-12,20,"[0, 3, 14, 3]",0.653713196516037,1521,1533,6.404283756740843,https://www.youtube.com/watch?v=jW3sy18zwwo,,
401114165,2019,2,regular,2019-09-08T02:45:00.000Z,False,True,False,False,40741,3619,Arizona Stadium,12,Arizona,fbs,Pac-12,65,"[21, 30, 7, 7]",0.9984458684921265,,,2464,Northern Arizona,fcs,Big Sky,41,"[7, 6, 14, 14]",0.0015541315078735352,,,2.2377621481547507,https://www.youtube.com/watch?v=SRhqwpIjpBg,,
401114200,2019,2,regular,2019-09-08T03:59:00.000Z,False,True,False,False,26807,3610,Aloha Stadium,62,Hawai'i,fbs,Mountain West,31,"[7, 14, 7, 3]",0.8110338449478149,1302,1302,204,Oregon State,fbs,Pac-12,28,"[14, 14, 0, 0]",0.18896615505218506,1210,1210,6.898296283445837,https://www.youtube.com/watch?v=qUHQ5U2ldnc,,
401112448,2019,3,regular,2019-09-13T22:00:00.000Z,False,True,False,False,31345,3630,Allegacy Federal Credit Union Stadium,154,Wake Forest,fbs,ACC,24,"[7, 14, 0, 3]",0.953884482383728,1593,1592,153,North Carolina,fbs,ACC,18,"[0, 0, 3, 15]",0.04611551761627197,1427,1428,3.7138807411854184,https://www.youtube.com/watch?v=EGiq_EWnDpQ,,
401112098,2019,3,regular,2019-09-13T23:30:00.000Z,False,True,False,False,32848,3615,"Alumni Stadium (Chestnut Hill, MA)",103,Boston College,fbs,ACC,24,"[17, 7, 0, 0]",0.004365826956927776,1597,1503,2305,Kansas,fbs,Big 12,48,"[7, 21, 13, 7]",0.9956341730430722,1365,1459,5.480231385732928,https://www.youtube.com/watch?v=2OJRYWWoQZw,,
401114230,2019,3,regular,2019-09-14T01:15:00.000Z,False,True,True,False,40523,3891,NRG Stadium,248,Houston,fbs,American Athletic,24,"[0, 14, 0, 10]",0.050321221351623535,1455,1468,265,Washington State,fbs,Pac-12,31,"[0, 7, 14, 10]",0.9496787786483765,1772,1759,5.631999280146713,https://www.youtube.com/watch?v=3YNUVb3tRhc,,
401110792,2019,3,regular,2019-09-14T16:00:00.000Z,False,True,False,False,54522,3693,Davis Wade Stadium,344,Mississippi State,fbs,SEC,24,"[0, 14, 7, 3]",0.08659802377223969,1798,1774,2306,Kansas State,fbs,Big 12,31,"[3, 14, 0, 14]",0.9134019762277603,1670,1694,5.89152090538054,https://www.youtube.com/watch?v=_ZxzrzYMAGc,,
401110788,2019,3,regular,2019-09-14T16:00:00.000Z,False,True,False,False,92746,3917,Sanford Stadium,61,Georgia,fbs,SEC,55,"[13, 21, 14, 7]",0.9858822226524353,1866,1990,2032,Arkansas State,fbs,Sun Belt,0,"[0, 0, 0, 0]",0.014117777347564697,1545,1421,1.9238608143053992,https://www.youtube.com/watch?v=5G9VcqCRmLI,,
401112159,2019,3,regular,2019-09-14T16:00:00.000Z,False,True,False,True,47945,3830,"Memorial Stadium (Bloomington, IN)",84,Indiana,fbs,Big Ten,10,"[3, 7, 0, 0]",0.020157726481556892,1500,1439,194,Ohio State,fbs,Big Ten,51,"[7, 23, 21, 0]",0.9798422735184431,1962,2023,3.2989310811607084,https://www.youtube.com/watch?v=qa0IIRIKkVc,,
401128591,2019,3,regular,2019-09-14T16:00:00.000Z,False,True,False,True,,36,Leonidoff Field,2368,Marist,fcs,Pioneer,26,"[12, 7, 0, 7]",,,,56,Stetson,fcs,Pioneer,23,"[7, 3, 7, 6]",,,,,,,
401136280,2019,3,regular,2019-09-14T16:00:00.000Z,False,True,False,False,,3694,DeGol Field,2598,Saint Francis,fcs,NEC,42,"[7, 13, 15, 7]",,,,2771,Merrimack,fcs,NEC,14,"[7, 7, 0, 0]",,,,,,,
401112144,2019,3,regular,2019-09-14T16:00:00.000Z,False,True,False,False,57052,3842,Milan Puskar Stadium,277,West Virginia,fbs,Big 12,44,"[14, 7, 10, 13]",0.9785355925559998,1609,1649,152,NC State,fbs,ACC,27,"[7, 14, 6, 0]",0.021464407444000244,1641,1601,6.249071769521766,https://www.youtube.com/watch?v=Ze7gX-dGfPQ,,
401128630,2019,3,regular,2019-09-14T16:00:00.000Z,False,True,False,False,,3847,Cooper Field,46,Georgetown,fcs,Patriot,69,"[18, 35, 3, 13]",,,,2108,Catholic,iii,NEWMAC,0,"[0, 0, 0, 0]",,,,,,,
401117863,2019,3,regular,2019-09-14T16:00:00.000Z,False,True,False,False,35526,3854,Nippert Stadium,2132,Cincinnati,fbs,American Athletic,35,"[0, 14, 21, 0]",0.9495875835418701,1539,1581,193,Miami (OH),fbs,Mid-American,13,"[10, 0, 3, 0]",0.05041241645812988,1434,1392,3.705151204642848,https://www.youtube.com/watch?v=F6kYgfrIf0w,,
401112147,2019,3,regular,2019-09-14T16:00:00.000Z,False,True,False,False,34759,3832,"Memorial Stadium (Champaign, IL)",356,Illinois,fbs,Big Ten,31,"[17, 0, 0, 14]",0.4427644908428192,1367,1366,2199,Eastern Michigan,fbs,Mid-American,34,"[14, 9, 0, 11]",0.5572355091571808,1431,1432,8.252284448338177,https://www.youtube.com/watch?v=XTQHQci3qVI,,
401110795,2019,3,regular,2019-09-14T16:00:00.000Z,False,True,False,False,86208,3853,Neyland Stadium,2633,Tennessee,fbs,SEC,45,"[21, 17, 7, 0]",0.9930559992790222,,,236,Chattanooga,fcs,Southern,0,"[0, 0, 0, 0]",0.006944000720977783,,,1.8404441876252349,https://www.youtube.com/watch?v=lYyUWElL5AU,,
401112455,2019,3,regular,2019-09-14T16:00:00.000Z,False,True,False,False,52314,3799,Lane Stadium,259,Virginia Tech,fbs,ACC,24,"[3, 0, 14, 7]",0.947047233581543,,,231,Furman,fcs,Southern,17,"[0, 14, 0, 3]",0.05295276641845703,,,5.035173413323016,https://www.youtube.com/watch?v=a3pO_fIHhHc,,
401112203,2019,3,regular,2019-09-14T16:00:00.000Z,False,True,False,False,30610,3806,Lincoln Financial Field,218,Temple,fbs,American Athletic,20,"[7, 0, 6, 7]",0.7113075256347656,1558,1560,120,Maryland,fbs,Big Ten,17,"[2, 0, 13, 2]",0.2886924743652344,1626,1624,7.078181446160677,https://www.youtube.com/watch?v=Dv0KXHXxIjE,,
401112259,2019,3,regular,2019-09-14T16:00:00.000Z,False,True,False,False,108661,3632,Beaver Stadium,213,Penn State,fbs,Big Ten,17,"[7, 3, 7, 0]",0.8792334427238858,1828,1823,221,Pittsburgh,fbs,ACC,10,"[0, 10, 0, 0]",0.12076655727611418,1561,1566,4.2012155878,https://www.youtube.com/watch?v=6PhzhKJHI-Y,,
401112452,2019,3,regular,2019-09-14T16:30:00.000Z,False,True,False,False,42871,721,Bobby Dodd Stadium,59,Georgia Tech,fbs,ACC,24,"[0, 6, 8, 10, 0]",0.4964185655117035,,,2643,The Citadel,fcs,Southern,27,"[7, 7, 7, 3, 3]",0.5035814344882965,,,6.89291074003645,https://www.youtube.com/watch?v=U3IJV_h6EFU,,
401128643,2019,3,regular,2019-09-14T16:30:00.000Z,False,True,False,False,,3721,Fisher Field,322,Lafayette,fcs,Patriot,40,"[3, 21, 3, 13]",,,,2529,Sacred Heart,fcs,NEC,56,"[14, 7, 21, 14]",,,,,,,
401127269,2019,3,regular,2019-09-14T17:00:00.000Z,False,True,False,False,,3829,Memorial Stadium,282,Indiana State,fcs,MVFC,19,"[3, 7, 0, 9]",,,,2198,Eastern Kentucky,fcs,OVC,7,"[0, 0, 7, 0]",,,,,,,
401127015,2019,3,regular,2019-09-14T17:00:00.000Z,False,True,False,False,,5389,Kessler Stadium,2405,Monmouth,fcs,Big South,38,"[7, 14, 7, 7, 3]",,,,399,UAlbany,fcs,CAA,35,"[0, 14, 7, 14, 0]",,,,,,,
401127417,2019,3,regular,2019-09-14T17:00:00.000Z,False,True,False,False,,3661,Bulldog Stadium,2803,Bryant,fcs,NEC,14,"[7, 0, 7, 0]",,,,2230,Fordham,fcs,Patriot,29,"[0, 6, 0, 23]",,,,,,,
401127055,2019,3,regular,2019-09-14T17:00:00.000Z,False,True,False,False,,3695,Delaware Stadium,48,Delaware,fcs,CAA,22,"[5, 0, 3, 14]",,,,2449,North Dakota State,fcs,MVFC,47,"[10, 17, 6, 14]",,,,,,,
401114185,2019,3,regular,2019-09-14T17:00:00.000Z,False,True,False,False,49282,3726,Folsom Field,38,Colorado,fbs,Pac-12,23,"[10, 0, 0, 13, 0]",0.012365550734102726,1493,1480,2005,Air Force,fbs,Mountain West,30,"[6, 14, 0, 3, 7]",0.9876344492658973,1499,1512,5.309471567846856,https://www.youtube.com/watch?v=5hkmh0tHNUI,,
401127305,2019,3,regular,2019-09-14T18:00:00.000Z,False,True,False,False,,844,Stambaugh Stadium,2754,Youngstown State,fcs,MVFC,34,"[7, 14, 6, 7]",,,,2184,Duquesne,fcs,NEC,14,"[0, 7, 0, 7]",,,,,,,
401114257,2019,3,regular,2019-09-14T18:00:00.000Z,False,True,False,False,14333,3919,Scheumann Stadium,2050,Ball State,fbs,Mid-American,31,"[14, 3, 7, 7]",0.20708157122135162,1204,1202,2226,Florida Atlantic,fbs,Conference USA,41,"[7, 14, 13, 7]",0.7929184287786484,1433,1435,6.157423165044829,,,
401127294,2019,3,regular,2019-09-14T18:00:00.000Z,False,True,False,False,,5237,Dana J. Dykhouse Stadium,2571,South Dakota State,fcs,MVFC,38,"[10, 7, 14, 7]",,,,2181,Drake,fcs,Pioneer,10,"[0, 3, 0, 7]",,,,,,,
401128610,2019,3,regular,2019-09-14T18:00:00.000Z,False,True,False,False,,3655,Brown Field,2674,Valparaiso,fcs,Pioneer,13,"[6, 0, 7, 0]",,,,2115,Central Connecticut,fcs,NEC,42,"[0, 14, 21, 7]",,,,,,,
401121939,2019,3,regular,2019-09-14T18:00:00.000Z,False,True,False,False,13659,3654,Brooks Stadium (SC),324,Coastal Carolina,fbs,Sun Belt,46,"[12, 7, 14, 13]",0.9951015114784241,,,2450,Norfolk State,fcs,MEAC,7,"[0, 7, 0, 0]",0.004898488521575928,,,2.3578418779722665,,,
401114336,2019,3,regular,2019-09-14T18:30:00.000Z,False,True,False,False,77622,3855,Notre Dame Stadium,87,Notre Dame,fbs,FBS Independents,66,"[7, 31, 14, 14]",0.9891573190689087,1766,1857,167,New Mexico,fbs,Mountain West,14,"[0, 7, 0, 7]",0.010842680931091309,1282,1191,2.8056269705100094,https://www.youtube.com/watch?v=7xXMKdV2dJA,,
401128574,2019,3,regular,2019-09-14T19:00:00.000Z,False,True,False,False,,3777,Joe Walton Stadium,2523,Robert Morris,fcs,NEC,31,"[7, 10, 7, 7]",,,,2168,Dayton,fcs,Pioneer,34,"[7, 13, 7, 7]",,,,,,,
401127288,2019,3,regular,2019-09-14T19:00:00.000Z,False,True,False,False,,1905,DakotaDome,233,South Dakota,fcs,MVFC,52,"[10, 14, 14, 14]",,,,2277,Houston Christian,fcs,Southland,53,"[0, 17, 21, 15]",,,,,,,
401127260,2019,3,regular,2019-09-14T19:00:00.000Z,False,True,False,False,,3858,O'Brien Stadium,2197,Eastern Illinois,fcs,OVC,3,"[0, 3, 0, 0]",,,,2287,Illinois State,fcs,MVFC,21,"[7, 7, 7, 0]",,,,,,,
401119263,2019,3,regular,2019-09-14T19:00:00.000Z,False,True,False,True,18641,3786,Kelly/Shorts Stadium,2117,Central Michigan,fbs,Mid-American,45,"[3, 24, 3, 15]",1,1126,1179,2006,Akron,fbs,Mid-American,24,"[0, 10, 0, 14]",0,1157,1104,3.151546048860478,,,
401114261,2019,3,regular,2019-09-14T19:30:00.000Z,False,True,False,False,30718,3604,Alamodome,2636,UTSA,fbs,Conference USA,13,"[0, 0, 7, 6]",0.03397832438349724,1089,1105,349,Army,fbs,FBS Independents,31,"[10, 0, 7, 14]",0.9660216756165028,1726,1710,4.074760815164192,https://www.youtube.com/watch?v=W6T818d06BM,,
401110794,2019,3,regular,2019-09-14T19:30:00.000Z,False,True,False,True,81954,3994,Williams-Brice Stadium,2579,South Carolina,fbs,SEC,23,"[10, 0, 3, 10]",0.04213317111134529,1517,1515,333,Alabama,fbs,SEC,47,"[14, 10, 10, 13]",0.9578668288886547,2096,2098,4.287156961530976,https://www.youtube.com/watch?v=EbrCpFvyIno,,
401128531,2019,3,regular,2019-09-14T19:30:00.000Z,False,True,False,False,,3704,E. J. Whitmire Stadium,2717,Western Carolina,fcs,Southern,20,"[3, 3, 7, 7]",,,,2822,North Greenville,ii,Gulf South,17,"[0, 7, 10, 0]",,,,,,,
401117865,2019,3,regular,2019-09-14T19:30:00.000Z,False,True,False,False,12373,3797,Ladd Peebles Stadium,6,South Alabama,fbs,Sun Belt,6,"[0, 0, 0, 6]",0,1165,1118,235,Memphis,fbs,American Athletic,42,"[7, 16, 7, 12]",1,1621,1668,2.5928751475809233,https://www.youtube.com/watch?v=trFIeUuCJgM,,
401117864,2019,3,regular,2019-09-14T19:30:00.000Z,False,True,False,True,30707,3852,Navy-Marine Corps Memorial Stadium,2426,Navy,fbs,American Athletic,42,"[14, 14, 14, 0]",0.9998868703842163,1406,1466,151,East Carolina,fbs,American Athletic,10,"[0, 3, 0, 7]",0.0001131296157836914,1188,1128,2.091278463379293,https://www.youtube.com/watch?v=oKOSzk4swCM,,
401112231,2019,3,regular,2019-09-14T19:30:00.000Z,False,True,False,False,41021,3953,Huntington Bank Stadium,135,Minnesota,fbs,Big Ten,35,"[14, 7, 0, 14]",0.8660894632339478,1604,1602,290,Georgia Southern,fbs,Sun Belt,32,"[10, 10, 0, 12]",0.13391053676605225,1361,1363,6.173552243895087,https://www.youtube.com/watch?v=3XWdJm7BUT0,,
401112124,2019,3,regular,2019-09-14T19:30:00.000Z,False,True,False,False,28612,3674,Chapman Stadium,202,Tulsa,fbs,American Athletic,21,"[7, 14, 0, 0]",0.05863001570105553,1381,1360,197,Oklahoma State,fbs,Big 12,40,"[17, 3, 13, 7]",0.9413699842989445,1634,1655,5.054648385978589,https://www.youtube.com/watch?v=wDmotRvqo-8,,
401114208,2019,3,regular,2019-09-14T19:30:00.000Z,False,True,False,False,45008,3652,FBC Mortgage Stadium,2116,UCF,fbs,American Athletic,45,"[28, 10, 0, 7]",1,1835,1852,24,Stanford,fbs,Pac-12,27,"[7, 0, 3, 17]",0,1583,1566,2.4111891950355626,https://www.youtube.com/watch?v=fnR3D-wHrmc,,
401114219,2019,3,regular,2019-09-14T19:30:00.000Z,False,True,False,False,62546,3801,LaVell Edwards Stadium,252,BYU,fbs,FBS Independents,30,"[10, 7, 0, 10, 3]",0.9591811299324036,1516,1519,30,USC,fbs,Pac-12,27,"[7, 10, 0, 10, 0]",0.040818870067596436,1661,1658,8.450267171734987,https://www.youtube.com/watch?v=xBLOHzWuu7M,,
401112246,2019,3,regular,2019-09-14T19:30:00.000Z,False,True,False,False,37714,3911,Ryan Field,77,Northwestern,fbs,Big Ten,30,"[10, 6, 7, 7]",0.9819929599761963,1597,1600,2439,UNLV,fbs,Mountain West,14,"[7, 7, 0, 0]",0.01800704002380371,1233,1230,4.538280622813718,https://www.youtube.com/watch?v=Zjuo0C4QZ2g,,
401112214,2019,3,regular,2019-09-14T20:00:00.000Z,False,True,False,False,73531,3936,Spartan Stadium,127,Michigan State,fbs,Big Ten,7,"[0, 0, 0, 7]",0.5828229784965515,1695,1685,9,Arizona State,fbs,Pac-12,10,"[0, 3, 0, 7]",0.4171770215034485,1610,1620,6.257529727617063,https://www.youtube.com/watch?v=HaHzdSzs0z8,,
401110786,2019,3,regular,2019-09-14T20:00:00.000Z,False,True,False,False,55583,3887,Razorback Stadium,8,Arkansas,fbs,SEC,55,"[24, 3, 7, 21]",0.8053719997406006,1339,1381,36,Colorado State,fbs,Mountain West,34,"[14, 10, 10, 0]",0.19462800025939941,1264,1222,4.573416433789255,https://www.youtube.com/watch?v=c6C12KCtOQU,,
401112453,2019,3,regular,2019-09-14T20:00:00.000Z,False,True,True,False,22665,3810,Nissan Stadium,98,Western Kentucky,fbs,Conference USA,21,"[0, 7, 7, 7]",0,1378,1329,97,Louisville,fbs,ACC,38,"[7, 24, 7, 0]",1,1232,1281,3.186257126656535,https://www.youtube.com/watch?v=R_xd8vq-dmo,,
401128598,2019,3,regular,2019-09-14T20:00:00.000Z,False,True,False,False,,3774,Jayne Stadium,2413,Morehead State,fcs,Pioneer,73,"[21, 10, 21, 21]",,,,3077,Kentucky Christian,,,34,"[21, 7, 6, 0]",,,,,,,
401126946,2019,3,regular,2019-09-14T20:00:00.000Z,False,True,False,False,,3746,Hanson Field,2710,Western Illinois,fcs,MVFC,14,"[0, 7, 7, 0]",,,,147,Montana State,fcs,Big Sky,23,"[7, 0, 10, 6]",,,,,,,
401126912,2019,3,regular,2019-09-14T20:00:00.000Z,False,True,False,False,,3662,AmFirst Stadium,55,Jacksonville State,fcs,OVC,49,"[7, 14, 7, 21]",,,,331,Eastern Washington,fcs,Big Sky,45,"[28, 7, 10, 0]",,,,,,,
401112454,2019,3,regular,2019-09-14T20:00:00.000Z,False,True,False,False,52036,3948,Hard Rock Stadium,2390,Miami,fbs,ACC,63,"[7, 21, 14, 21]",0.9922709465026855,,,2065,Bethune-Cookman,fcs,MEAC,0,"[0, 0, 0, 0]",0.007729053497314453,,,1.7310763344399867,https://www.youtube.com/watch?v=NqwCHlJ7Hiw,,
401112086,2019,3,regular,2019-09-14T20:00:00.000Z,False,True,False,False,61500,3772,Jack Trice Stadium,66,Iowa State,fbs,Big 12,17,"[7, 0, 7, 3]",0.9181613922119141,1636,1644,2294,Iowa,fbs,Big Ten,18,"[3, 3, 3, 9]",0.08183860778808594,1842,1834,5.5870794273098845,https://www.youtube.com/watch?v=2_foVaC7224,,
401110791,2019,3,regular,2019-09-14T20:00:00.000Z,False,True,False,False,45238,3974,Vaught-Hemingway Stadium,145,Ole Miss,fbs,SEC,40,"[13, 14, 7, 6]",0.9140912294387817,,,2545,SE Louisiana,fcs,Southland,29,"[3, 14, 12, 0]",0.08590877056121826,,,5.183768119907072,https://www.youtube.com/watch?v=IsmAekT1_gE,,
401127056,2019,3,regular,2019-09-14T20:00:00.000Z,False,True,False,False,,3651,Bridgeforth Stadium,256,James Madison,fcs,CAA,63,"[7, 28, 14, 14]",,,,2415,Morgan State,fcs,MEAC,12,"[0, 3, 0, 9]",,,,,,,
401127413,2019,3,regular,2019-09-14T20:00:00.000Z,False,True,False,False,,3613,Alumni Stadium,2169,Delaware State,fcs,MEAC,58,"[28, 3, 21, 6]",,,,2339,Lincoln (PA),ii,CIAA,12,"[0, 0, 12, 0]",,,,,,,
401114201,2019,3,regular,2019-09-14T20:15:00.000Z,False,True,False,False,33585,3893,Reser Stadium,204,Oregon State,fbs,Pac-12,45,"[21, 17, 7, 0]",0.8580526113510132,,,13,Cal Poly,fcs,Big Sky,7,"[7, 0, 0, 0]",0.14194738864898682,,,2.2365955335836123,,,
401114225,2019,3,regular,2019-09-14T20:15:00.000Z,False,True,False,False,45989,587,Rice-Eccles Stadium,254,Utah,fbs,Pac-12,31,"[17, 7, 7, 0]",0.990749716758728,,,304,Idaho State,fcs,Big Sky,0,"[0, 0, 0, 0]",0.009250283241271973,,,1.6378812094650304,https://www.youtube.com/watch?v=-aoYHYN0Dy8,,
401114176,2019,3,regular,2019-09-14T20:15:00.000Z,False,True,False,False,35268,3831,California Memorial Stadium,25,California,fbs,Pac-12,23,"[20, 0, 3, 0]",0.9900916814804077,1533,1535,249,North Texas,fbs,Conference USA,17,"[0, 3, 7, 7]",0.009908318519592285,1425,1423,2.897792751796866,https://www.youtube.com/watch?v=BQ9A9VLHb0w,,
401127036,2019,3,regular,2019-09-14T20:30:00.000Z,False,True,False,False,,3933,Soldier Field,47,Howard,fcs,MEAC,20,"[3, 10, 0, 7]",,,,2261,Hampton,fcs,Big South,41,"[0, 20, 14, 7]",,,,,,,
401127203,2019,3,regular,2019-09-14T21:00:00.000Z,False,True,False,False,,3605,Alerus Center,155,North Dakota,fcs,FCS Independents,27,"[14, 0, 13, 0]",,,,2534,Sam Houston,fcs,Southland,23,"[0, 14, 0, 9]",,,,,,,
401117504,2019,3,regular,2019-09-14T21:00:00.000Z,False,True,False,False,28814,3984,War Memorial Stadium,2751,Wyoming,fbs,Mountain West,21,"[0, 14, 0, 7]",0.6932233406731169,,,70,Idaho,fcs,Big Sky,16,"[3, 7, 3, 3]",0.30677665932688314,,,7.9664494245,https://www.youtube.com/watch?v=zeEsqpP5Xp0,,
401114258,2019,3,regular,2019-09-14T21:00:00.000Z,False,True,False,False,18021,3700,Doyt L. Perry Stadium,189,Bowling Green,fbs,Mid-American,7,"[7, 0, 0, 0]",0.177810400724411,1095,1051,2348,Louisiana Tech,fbs,Conference USA,35,"[14, 7, 0, 14]",0.822189599275589,1370,1414,4.13133261227868,,,
401114348,2019,3,regular,2019-09-14T22:00:00.000Z,False,True,False,False,14584,3992,Williams Stadium (VA),2335,Liberty,fbs,FBS Independents,35,"[7, 21, 7, 0]",0.9902329444885254,1243,1303,2084,Buffalo,fbs,Mid-American,17,"[0, 7, 3, 7]",0.00976705551147461,1426,1366,3.003352728088552,,,
401114260,2019,3,regular,2019-09-14T22:00:00.000Z,False,True,False,False,27108,3975,Veterans Memorial Stadium (AL),2653,Troy,fbs,Sun Belt,42,"[7, 7, 7, 21]",0.27666421958234005,1540,1524,2572,Southern Miss,fbs,Conference USA,47,"[14, 3, 9, 21]",0.7233357804176599,1439,1455,6.1307440776,https://www.youtube.com/watch?v=xCCtsospw4o,,
401128554,2019,3,regular,2019-09-14T22:00:00.000Z,False,True,False,False,,3664,Butler Bowl,2086,Butler,fcs,Pioneer,14,"[0, 7, 0, 7]",,,,620,Taylor,,,17,"[7, 7, 3, 0]",,,,,,,
401127059,2019,3,regular,2019-09-14T22:00:00.000Z,False,True,False,False,,3998,Zable Stadium,2729,William & Mary,fcs,CAA,38,"[17, 0, 7, 14]",,,,2142,Colgate,fcs,Patriot,10,"[0, 7, 3, 0]",,,,,,,
401127006,2019,3,regular,2019-09-14T22:00:00.000Z,False,True,False,False,,3710,Ernest W. Spangler Stadium,2241,Gardner-Webb,fcs,Big South,21,"[0, 7, 7, 7]",,,,2428,North Carolina Central,fcs,MEAC,12,"[3, 6, 0, 3]",,,,,,,
401128524,2019,3,regular,2019-09-14T22:00:00.000Z,False,True,False,True,,3737,Gibbs Stadium,2747,Wofford,fcs,Southern,14,"[14, 0, 0, 0]",,,,2535,Samford,fcs,Southern,21,"[14, 0, 7, 0]",,,,,,,
401127215,2019,3,regular,2019-09-14T22:00:00.000Z,False,True,False,False,,3650,Bragg Memorial Stadium,50,Florida A&M,fcs,MEAC,57,"[7, 33, 7, 10]",,,,2232,Fort Valley State,ii,SIAC,20,"[0, 0, 6, 14]",,,,,,,
401117866,2019,3,regular,2019-09-14T22:00:00.000Z,False,True,False,False,31368,3886,Raymond James Stadium,58,South Florida,fbs,American Athletic,55,"[7, 17, 17, 14]",0.9988809823989868,,,2569,South Carolina State,fcs,MEAC,16,"[3, 0, 6, 7]",0.0011190176010131836,,,3.143944020562816,https://www.youtube.com/watch?v=sAGl5Bz1bfQ,,
401114255,2019,3,regular,2019-09-14T22:00:00.000Z,False,True,False,False,12812,4418,Jerry Richardson Stadium,2429,Charlotte,fbs,Conference USA,52,"[21, 10, 14, 7]",0.9914129376411438,1296,1380,113,Massachusetts,fbs,FBS Independents,17,"[0, 10, 0, 7]",0.008587062358856201,1192,1108,1.699591369370782,https://www.youtube.com/watch?v=-ZoCbkTJaIc,,
401126997,2019,3,regular,2019-09-14T22:00:00.000Z,False,True,False,False,,3658,Buccaneer Field,2127,Charleston Southern,fcs,Big South,21,"[7, 7, 0, 7]",,,,2448,North Carolina A&T,fcs,MEAC,27,"[0, 6, 0, 21]",,,,,,,
401127053,2019,3,regular,2019-09-14T22:00:00.000Z,False,True,False,True,,2068,E. Claiborne Robins Stadium,257,Richmond,fcs,CAA,20,"[0, 7, 6, 7]",,,,2210,Elon,fcs,CAA,42,"[14, 14, 14, 0]",,,,,,,
401127057,2019,3,regular,2019-09-14T22:00:00.000Z,False,True,False,False,,3788,Kenneth P. LaValle Stadium,2619,Stony Brook,fcs,CAA,26,"[3, 10, 13, 0]",,,,2681,Wagner,fcs,NEC,10,"[0, 0, 3, 7]",,,,,,,
401128445,2019,3,regular,2019-09-14T22:00:00.000Z,False,True,False,False,,4582,Hornet Stadium,2011,Alabama State,fcs,SWAC,7,"[0, 0, 7, 0]",,,,338,Kennesaw State,fcs,Big South,42,"[21, 7, 14, 0]",,,,,,,
401127058,2019,3,regular,2019-09-14T22:00:00.000Z,False,True,False,False,,3676,Christy Mathewson-Memorial Stadium,2083,Bucknell,fcs,Patriot,10,"[0, 0, 3, 7]",,,,222,Villanova,fcs,CAA,45,"[14, 14, 14, 3]",,,,,,,
401114259,2019,3,regular,2019-09-14T22:30:00.000Z,False,True,False,False,27323,3775,Joan C. Edwards Stadium,276,Marshall,fbs,Conference USA,33,"[10, 17, 0, 6]",0.49711283159604097,1511,1514,195,Ohio,fbs,Mid-American,31,"[3, 14, 7, 7]",0.5028871684039591,1687,1684,6.05052357939999,https://www.youtube.com/watch?v=97_-9gLTNiU,,
401128487,2019,3,regular,2019-09-14T23:00:00.000Z,False,True,False,False,,3599,Ace W. Mumford Stadium,2582,Southern,fcs,SWAC,61,"[16, 24, 7, 14]",,,,2206,Edward Waters,ii,SIAC,0,"[0, 0, 0, 0]",,,,,,,
401128389,2019,3,regular,2019-09-14T23:00:00.000Z,False,True,False,False,,3962,Tucker Stadium,2635,Tennessee Tech,fcs,OVC,31,"[7, 21, 0, 3]",,,,2842,UVA Wise,ii,South Atlantic,14,"[7, 0, 7, 0]",,,,,,,
401117867,2019,3,regular,2019-09-14T23:00:00.000Z,False,True,False,False,17469,3735,Gerald J. Ford Stadium,2567,SMU,fbs,American Athletic,47,"[7, 6, 21, 13]",0.9753960967063904,1485,1531,326,Texas State,fbs,Sun Belt,17,"[3, 0, 7, 7]",0.02460390329360962,1193,1147,2.5141027145734007,https://www.youtube.com/watch?v=yKD0TLB6aZY,,
401127298,2019,3,regular,2019-09-14T23:00:00.000Z,False,True,False,False,,3913,Saluki Stadium,79,Southern Illinois,fcs,MVFC,28,"[0, 14, 14, 0]",,,,2630,UT Martin,fcs,OVC,14,"[14, 0, 0, 0]",,,,,,,
401127054,2019,3,regular,2019-09-14T23:00:00.000Z,False,True,False,True,,3607,Alfond Stadium,311,Maine,fcs,CAA,23,"[6, 7, 3, 7]",,,,119,Towson,fcs,CAA,45,"[7, 10, 14, 14]",,,,,,,
401128482,2019,3,regular,2019-09-14T23:00:00.000Z,False,True,False,False,,5238,Panther Stadium,2504,Prairie View A&M,fcs,SWAC,35,"[0, 21, 0, 14]",,,,2447,Nicholls,fcs,Southland,42,"[6, 0, 29, 7]",,,,,,,
401128460,2019,3,regular,2019-09-14T23:00:00.000Z,False,True,False,False,,3740,Golden Lion Stadium,2029,Arkansas-Pine Bluff,fcs,SWAC,53,"[6, 28, 19, 0]",,,,2324,Langston,,,15,"[0, 6, 3, 6]",,,,,,,
401127030,2019,3,regular,2019-09-14T23:00:00.000Z,False,True,False,False,,4133,Braly Municipal Stadium,2453,North Alabama,fcs,Big South,24,"[12, 6, 3, 3]",,,,2010,Alabama A&M,fcs,SWAC,31,"[0, 0, 21, 10]",,,,,,,
401128566,2019,3,regular,2019-09-14T23:00:00.000Z,False,True,False,False,,3897,Richardson Stadium,2166,Davidson,fcs,Pioneer,41,"[14, 3, 14, 10]",,,,455,West Virginia Wesleyan,ii,Mountain East,0,"[0, 0, 0, 0]",,,,,,,
401128660,2019,3,regular,2019-09-14T23:00:00.000Z,False,True,False,True,,3711,Estes Stadium,2110,Central Arkansas,fcs,Southland,31,"[3, 6, 0, 22]",,,,2000,Abilene Christian,fcs,Southland,30,"[7, 3, 7, 13]",,,,,,,
401128383,2019,3,regular,2019-09-14T23:00:00.000Z,False,True,False,False,,3805,Simmons Bank Liberty Stadium,2296,Jackson State,fcs,SWAC,49,"[21, 7, 14, 7]",,,,2634,Tennessee State,fcs,OVC,44,"[7, 7, 9, 21]",,,,,,,
401126955,2019,3,regular,2019-09-14T23:00:00.000Z,False,True,False,False,,2023,Walkup Skydome,2464,Northern Arizona,fcs,Big Sky,55,"[16, 24, 7, 8]",,,,2703,Western New Mexico,ii,Lone Star,21,"[6, 0, 15, 0]",,,,,,,
401110789,2019,3,regular,2019-09-14T23:00:00.000Z,False,True,False,True,63076,3683,Kroger Field,96,Kentucky,fbs,SEC,21,"[0, 14, 7, 0]",0.09596384316682816,1668,1654,57,Florida,fbs,SEC,29,"[7, 0, 3, 19]",0.9040361568331718,1688,1702,5.982154821200326,https://www.youtube.com/watch?v=4Tb99goI4qc,,
401127022,2019,3,regular,2019-09-14T23:00:00.000Z,False,True,False,False,,3627,Bailey Memorial Stadium,2506,Presbyterian,fcs,Big South,20,"[3, 10, 0, 7]",,,,294,Jacksonville,fcs,Pioneer,30,"[0, 7, 3, 20]",,,,,,,
401127429,2019,3,regular,2019-09-14T23:00:00.000Z,False,True,False,False,,4417,Five Star Stadium at the Moye Complex,2382,Mercer,fcs,Southern,34,"[10, 3, 7, 14]",,,,2046,Austin Peay,fcs,OVC,48,"[7, 6, 14, 21]",,,,,,,
401128453,2019,3,regular,2019-09-14T23:00:00.000Z,False,True,False,False,,3686,Cowboy Stadium,2377,McNeese,fcs,Southland,17,"[7, 10, 0, 0]",,,,2016,Alcorn State,fcs,SWAC,14,"[0, 0, 0, 14]",,,,,,,
401119265,2019,3,regular,2019-09-14T23:00:00.000Z,False,True,False,False,25361,3739,Glass Bowl,2649,Toledo,fbs,Mid-American,45,"[3, 14, 21, 7]",0.9879141449928284,,,93,Murray State,fcs,OVC,0,"[0, 0, 0, 0]",0.01208585500717163,,,2.463817134086167,https://www.youtube.com/watch?v=axsx9XFp4Qk,,
401112450,2019,3,regular,2019-09-14T23:00:00.000Z,False,True,False,False,19852,3725,"Johnny ""Red"" Floyd Stadium",2393,Middle Tennessee,fbs,Conference USA,18,"[3, 0, 8, 7]",0.00047599506797268987,1445,1387,150,Duke,fbs,ACC,41,"[14, 17, 10, 0]",0.9995240049320273,1467,1525,2.511730942932503,https://www.youtube.com/watch?v=k9d7KsTbcgQ,,
401119264,2019,3,regular,2019-09-14T23:00:00.000Z,False,True,False,False,22328,3980,Waldo Stadium,2711,Western Michigan,fbs,Mid-American,57,"[24, 19, 14, 0]",0.9930731058120728,1265,1413,2247,Georgia State,fbs,Sun Belt,10,"[10, 0, 0, 0]",0.006926894187927246,1292,1144,2.701499167780722,,,
401114256,2019,3,regular,2019-09-14T23:00:00.000Z,False,True,False,False,11756,218,FIU Stadium,2229,Florida International,fbs,Conference USA,30,"[7, 6, 7, 10]",0.9764217734336853,,,160,New Hampshire,fcs,CAA,17,"[10, 0, 7, 0]",0.023578226566314697,,,5.827614358852007,https://www.youtube.com/watch?v=9nKQVPMRqjQ,,
401110787,2019,3,regular,2019-09-14T23:00:00.000Z,False,True,False,False,84542,3785,Jordan-Hare Stadium,2,Auburn,fbs,SEC,55,"[14, 10, 14, 17]",0.9998244505810991,1819,1850,2309,Kent State,fbs,Mid-American,16,"[3, 7, 0, 6]",0.00017554941890085551,1152,1121,0.6259572863,https://www.youtube.com/watch?v=vxFoz_Sh3OM,,
401117505,2019,3,regular,2019-09-14T23:00:00.000Z,False,True,False,False,14174,3816,Mackay Stadium,2440,Nevada,fbs,Mountain West,19,"[3, 6, 7, 3]",0.7993618845939636,,,2692,Weber State,fcs,Big Sky,13,"[0, 10, 3, 0]",0.20063811540603638,,,6.044907158790823,https://www.youtube.com/watch?v=ekMmSz9F1xc,,
401110796,2019,3,regular,2019-09-14T23:00:00.000Z,False,True,False,False,97195,3795,Kyle Field,245,Texas A&M,fbs,SEC,62,"[13, 14, 21, 14]",0.9930822253227234,,,2320,Lamar,fcs,Southland,3,"[0, 0, 3, 0]",0.006917774677276611,,,1.8327995827487007,https://www.youtube.com/watch?v=thB7uWiAVng,,
401112451,2019,3,regular,2019-09-14T23:30:00.000Z,False,True,False,True,57826,3923,Scott Stadium,258,Virginia,fbs,ACC,31,"[3, 7, 0, 21]",0.8803160786628723,1636,1635,52,Florida State,fbs,ACC,24,"[0, 14, 3, 7]",0.11968392133712769,1449,1450,6.959159524839128,https://www.youtube.com/watch?v=X5c4c7Yt5RI,,
401110790,2019,3,regular,2019-09-14T23:30:00.000Z,False,True,False,False,100334,3958,Tiger Stadium (LA),99,LSU,fbs,SEC,65,"[3, 21, 27, 14]",0.992433488368988,,,2466,Northwestern State,fcs,Southland,14,"[7, 7, 0, 0]",0.007566511631011963,,,3.6507605102331757,https://www.youtube.com/watch?v=s9uXIq0HwPE,,
401110793,2019,3,regular,2019-09-14T23:30:00.000Z,False,True,False,False,56620,3838,Memorial Stadium,142,Missouri,fbs,SEC,50,"[27, 10, 10, 3]",0.9920511245727539,,,2546,Southeast Missouri State,fcs,OVC,0,"[0, 0, 0, 0]",0.007948875427246094,,,1.974827519789806,https://www.youtube.com/watch?v=wMa3ROifqDM,,
401121940,2019,3,regular,2019-09-14T23:30:00.000Z,False,True,False,False,18183,3666,Cajun Field,309,Louisiana,fbs,Sun Belt,77,"[28, 28, 7, 14]",0.9941574335098267,,,2640,Texas Southern,fcs,SWAC,6,"[3, 3, 0, 0]",0.00584256649017334,,,1.8022367246436368,,,
401112449,2019,3,regular,2019-09-14T23:30:00.000Z,False,True,False,True,50248,1964,JMA Wireless Dome,183,Syracuse,fbs,ACC,6,"[0, 6, 0, 0]",0.030136357992887497,1499,1475,228,Clemson,fbs,ACC,41,"[14, 3, 10, 14]",0.9698636420071125,2135,2159,3.573186831257417,https://www.youtube.com/watch?v=NnME9nnNIq4,,
401112130,2019,3,regular,2019-09-14T23:30:00.000Z,False,True,False,False,60037,3907,Ross-Ade Stadium,2509,Purdue,fbs,Big Ten,13,"[3, 3, 0, 7]",0.007916300557553768,1545,1493,2628,TCU,fbs,Big 12,34,"[10, 3, 14, 7]",0.9920836994424462,1557,1609,3.996335698462112,https://www.youtube.com/watch?v=UfyNGTqxu20,,
401114234,2019,3,regular,2019-09-14T23:30:00.000Z,False,True,False,False,67589,3765,Husky Stadium,264,Washington,fbs,Pac-12,52,"[21, 17, 0, 14]",0.992692232131958,1727,1764,62,Hawai'i,fbs,Mountain West,20,"[0, 7, 13, 0]",0.007307767868041992,1302,1265,1.684208893800342,https://www.youtube.com/watch?v=bTqFmiEWLX0,,
401112136,2019,3,regular,2019-09-15T00:00:00.000Z,False,True,True,False,42417,3891,NRG Stadium,242,Rice,fbs,Conference USA,13,"[0, 0, 0, 13]",0.0056527764296213185,1192,1164,251,Texas,fbs,Big 12,48,"[14, 17, 7, 10]",0.9943472235703786,1730,1758,0.229315235599999,https://www.youtube.com/watch?v=ol9fygEPWBc,,
401112116,2019,3,regular,2019-09-15T00:00:00.000Z,False,True,False,False,52578,1056,Rose Bowl,26,UCLA,fbs,Pac-12,14,"[0, 7, 7, 0]",0.015209435485303402,1413,1370,201,Oklahoma,fbs,Big 12,48,"[17, 17, 7, 7]",0.9847905645146966,1854,1897,3.037999317301198,https://www.youtube.com/watch?v=OzSbRj9vdsA,,
401114339,2019,3,regular,2019-09-15T00:00:00.000Z,False,True,False,False,10123,3601,Aggie Memorial Stadium,166,New Mexico State,fbs,FBS Independents,10,"[0, 0, 10, 0]",0.00033161044120788574,1054,1046,21,San Diego State,fbs,Mountain West,31,"[7, 10, 7, 7]",0.9996683895587921,1493,1501,3.4135618789535913,https://www.youtube.com/watch?v=MkLVDnB1HgU,,
401117868,2019,3,regular,2019-09-15T00:00:00.000Z,False,True,False,False,18746,4729,Yulman Stadium,2655,Tulane,fbs,American Athletic,58,"[10, 28, 13, 7]",0.9935369491577148,,,2623,Missouri State,fcs,MVFC,6,"[0, 6, 0, 0]",0.006463050842285156,,,2.0335689210492176,https://www.youtube.com/watch?v=1aae4E5AkYE,,
401112240,2019,3,regular,2019-09-15T00:00:00.000Z,False,True,False,False,89593,3834,"Memorial Stadium (Lincoln, NE)",158,Nebraska,fbs,Big Ten,44,"[10, 20, 7, 7]",0.9930377006530762,1477,1572,2459,Northern Illinois,fbs,Mid-American,8,"[0, 5, 3, 0]",0.006962299346923828,1425,1330,2.7401791812654297,https://www.youtube.com/watch?v=iPUXmn3yFig,,
401126974,2019,3,regular,2019-09-15T00:05:00.000Z,False,True,False,False,,3706,Eccles Coliseum,253,Southern Utah,fcs,Big Sky,45,"[10, 7, 7, 14, 7]",,,,2617,Stephen F. Austin,fcs,Southland,38,"[0, 17, 7, 14, 0]",,,,,,,
401128507,2019,3,regular,2019-09-15T00:50:00.000Z,False,True,False,True,,5400,William B. Greene Jr. Stadium,2193,East Tennessee State,fcs,Southern,24,"[0, 7, 3, 14, 0]",,,,2678,VMI,fcs,Southern,31,"[0, 7, 7, 10, 7]",,,,,,,
401126962,2019,3,regular,2019-09-15T01:00:00.000Z,False,True,False,True,,3757,Hornet Stadium,16,Sacramento State,fcs,Big Sky,50,"[7, 15, 21, 7]",,,,2458,Northern Colorado,fcs,Big Sky,0,"[0, 0, 0, 0]",,,,,,,
401126980,2019,3,regular,2019-09-15T02:00:00.000Z,False,True,False,False,,3602,Aggie Stadium,302,UC Davis,fcs,Big Sky,41,"[14, 7, 13, 7]",,,,2329,Lehigh,fcs,Patriot,13,"[0, 0, 0, 13]",,,,,,,
401117503,2019,3,regular,2019-09-15T02:15:00.000Z,False,True,False,False,31068,3653,Albertsons Stadium,68,Boise State,fbs,Mountain West,45,"[14, 14, 10, 7]",0.935312032699585,,,2502,Portland State,fcs,Big Sky,10,"[10, 0, 0, 0]",0.06468796730041504,,,3.2949038673061413,https://www.youtube.com/watch?v=5Pl08aawrZE,,
401112141,2019,3,regular,2019-09-15T02:30:00.000Z,False,True,False,False,37307,3619,Arizona Stadium,12,Arizona,fbs,Pac-12,28,"[0, 13, 0, 15]",0.9569215774536133,1446,1489,2641,Texas Tech,fbs,Big 12,14,"[7, 0, 7, 0]",0.04307842254638672,1610,1567,5.915294242204545,https://www.youtube.com/watch?v=JoQ-ffY7lG0,,
401114194,2019,3,regular,2019-09-15T02:45:00.000Z,False,True,False,False,49098,3626,Autzen Stadium,2483,Oregon,fbs,Pac-12,35,"[14, 7, 7, 7]",0.9723343849182129,,,149,Montana,fcs,Big Sky,3,"[0, 0, 3, 0]",0.02766561508178711,,,1.9352628317060934,https://www.youtube.com/watch?v=uBIJtTEd2WU,,
401117869,2019,4,regular,2019-09-20T00:00:00.000Z,False,True,False,True,21032,4729,Yulman Stadium,2655,Tulane,fbs,American Athletic,38,"[7, 7, 7, 17]",0.810069739818573,1513,1520,248,Houston,fbs,American Athletic,31,"[14, 14, 0, 3]",0.189930260181427,1468,1461,7.906592339197531,https://www.youtube.com/watch?v=_lywJJNCucI,,
401114262,2019,4,regular,2019-09-21T00:00:00.000Z,False,True,False,True,18782,3776,Joe Aillet Stadium,2348,Louisiana Tech,fbs,Conference USA,43,"[0, 13, 14, 16]",0.7611225843429565,1414,1434,2229,Florida International,fbs,Conference USA,31,"[0, 10, 14, 7]",0.23887741565704346,1382,1362,7.779658405845899,https://www.youtube.com/watch?v=swpW3L-mheA,,
401114220,2019,4,regular,2019-09-21T01:00:00.000Z,False,True,False,True,55719,477,Los Angeles Memorial Coliseum,30,USC,fbs,Pac-12,30,"[14, 0, 7, 9]",0.571925699710846,1658,1670,254,Utah,fbs,Pac-12,23,"[7, 3, 7, 6]",0.42807430028915405,1707,1695,5.034673998754896,https://www.youtube.com/watch?v=7qECbbzX-8o,,
401117506,2019,4,regular,2019-09-21T01:00:00.000Z,False,True,False,True,36498,3653,Albertsons Stadium,68,Boise State,fbs,Mountain West,30,"[0, 10, 7, 13]",0.9069607853889465,1694,1700,2005,Air Force,fbs,Mountain West,19,"[0, 10, 3, 6]",0.09303921461105347,1512,1506,4.465379995480201,https://www.youtube.com/watch?v=xZw__rAc-KE,,
401110801,2019,4,regular,2019-09-21T16:00:00.000Z,False,True,False,False,46850,3974,Vaught-Hemingway Stadium,145,Ole Miss,fbs,SEC,20,"[7, 6, 0, 7]",0.23432733118534088,1496,1484,25,California,fbs,Pac-12,28,"[7, 7, 14, 0]",0.7656726688146591,1535,1547,5.1423838939516,https://www.youtube.com/watch?v=xStG3iDvJWs,,
401112160,2019,4,regular,2019-09-21T16:00:00.000Z,False,True,False,False,40084,3830,"Memorial Stadium (Bloomington, IN)",84,Indiana,fbs,Big Ten,38,"[7, 10, 14, 7]",0.8716027736663818,1439,1491,41,UConn,fbs,American Athletic,3,"[3, 0, 0, 0]",0.12839722633361816,1067,1015,2.280704174433312,https://www.youtube.com/watch?v=Co3VNXmudlI,,
401112087,2019,4,regular,2019-09-21T16:00:00.000Z,False,True,False,False,57442,3772,Jack Trice Stadium,66,Iowa State,fbs,Big 12,72,"[14, 13, 21, 24]",0.9889559149742126,1644,1761,2433,UL Monroe,fbs,Sun Belt,20,"[0, 13, 7, 0]",0.011044085025787354,1349,1232,2.9242099276799336,https://www.youtube.com/watch?v=ncb7Jmy9zY0,,
401112224,2019,4,regular,2019-09-21T16:00:00.000Z,False,True,False,True,80245,347,Camp Randall Stadium,275,Wisconsin,fbs,Big Ten,35,"[14, 14, 7, 0]",0.9904998540878296,1903,1938,130,Michigan,fbs,Big Ten,14,"[0, 0, 8, 6]",0.00950014591217041,1761,1726,2.0987904951341885,https://www.youtube.com/watch?v=d-FQCjcz_1E,,
401112462,2019,4,regular,2019-09-21T16:00:00.000Z,False,True,False,False,40700,1964,JMA Wireless Dome,183,Syracuse,fbs,ACC,52,"[14, 10, 14, 14]",0.9857956171035767,1475,1512,2711,Western Michigan,fbs,Mid-American,33,"[0, 13, 20, 0]",0.01420438289642334,1413,1376,4.151865252547504,https://www.youtube.com/watch?v=Go3IZBY1iZQ,,
401110799,2019,4,regular,2019-09-21T16:00:00.000Z,False,True,False,True,82776,3634,Ben Hill Griffin Stadium,57,Florida,fbs,SEC,34,"[7, 10, 7, 10]",0.9857720136642456,1702,1747,2633,Tennessee,fbs,SEC,3,"[0, 0, 3, 0]",0.014227986335754395,1376,1331,2.527748071377734,https://www.youtube.com/watch?v=zk5Q-nCUeoE,,
401110797,2019,4,regular,2019-09-21T16:00:00.000Z,False,True,False,False,101821,3657,Bryant-Denny Stadium,333,Alabama,fbs,SEC,49,"[14, 14, 14, 7]",0.9903607964515686,2098,2140,2572,Southern Miss,fbs,Conference USA,7,"[0, 7, 0, 0]",0.009639203548431396,1455,1413,1.7224733873499805,https://www.youtube.com/watch?v=_UIZA1UJ81I,,
401110805,2019,4,regular,2019-09-21T16:00:00.000Z,False,True,False,True,32048,3973,FirstBank Stadium,238,Vanderbilt,fbs,SEC,38,"[7, 10, 14, 7]",0.015377788804471493,1465,1434,99,LSU,fbs,SEC,66,"[28, 10, 21, 7]",0.9846222111955285,1861,1892,3.499665967034867,https://www.youtube.com/watch?v=cwqmTeLdIjE,,
401128592,2019,4,regular,2019-09-21T16:00:00.000Z,False,True,False,False,,36,Leonidoff Field,2368,Marist,fcs,Pioneer,7,"[0, 7, 0, 0]",,,,172,Cornell,fcs,Ivy,21,"[7, 7, 7, 0]",,,,,,,
401112464,2019,4,regular,2019-09-21T16:00:00.000Z,False,True,False,False,24079,3630,Allegacy Federal Credit Union Stadium,154,Wake Forest,fbs,ACC,49,"[14, 14, 14, 7]",0.9882919192314148,,,2210,Elon,fcs,CAA,7,"[7, 0, 0, 0]",0.011708080768585205,,,2.1786935327008665,https://www.youtube.com/watch?v=Pph2OyXtZ74,,
401112215,2019,4,regular,2019-09-21T16:00:00.000Z,False,True,False,True,40114,3911,Ryan Field,77,Northwestern,fbs,Big Ten,10,"[0, 3, 0, 7]",0,1600,1556,127,Michigan State,fbs,Big Ten,31,"[7, 7, 10, 7]",1,1685,1729,4.925794254319417,https://www.youtube.com/watch?v=eRwogfE1_lE,,
401112265,2019,4,regular,2019-09-21T16:00:00.000Z,False,True,False,False,32217,3754,High Point Solutions Stadium,164,Rutgers,fbs,Big Ten,16,"[7, 6, 0, 3]",0.09733326733112335,1308,1294,103,Boston College,fbs,ACC,30,"[7, 10, 7, 6]",0.9026667326688766,1503,1517,5.284038307357658,https://www.youtube.com/watch?v=iq7QyFdAGNQ,,
401127065,2019,4,regular,2019-09-21T16:00:00.000Z,False,True,False,False,,3617,Andy Kerr Stadium,2142,Colgate,fcs,Patriot,21,"[0, 7, 7, 7]",,,,311,Maine,fcs,CAA,35,"[7, 14, 14, 0]",,,,,,,
401114327,2019,4,regular,2019-09-21T16:00:00.000Z,False,True,False,False,28018,3841,Michie Stadium,349,Army,fbs,FBS Independents,52,"[7, 17, 7, 21]",0.9958786368370056,,,2415,Morgan State,fcs,MEAC,21,"[14, 0, 7, 0]",0.004121363162994385,,,4.1087152227521795,https://www.youtube.com/watch?v=tzvknYraUR4,,
401128514,2019,4,regular,2019-09-21T17:00:00.000Z,False,True,False,True,,3868,Paladin Stadium,231,Furman,fcs,Southern,45,"[14, 14, 17, 0]",,,,2382,Mercer,fcs,Southern,10,"[0, 10, 0, 0]",,,,,,,
401127023,2019,4,regular,2019-09-21T17:00:00.000Z,False,True,False,False,,3627,Bailey Memorial Stadium,2506,Presbyterian,fcs,Big South,10,"[10, 0, 0, 0]",,,,2198,Eastern Kentucky,fcs,OVC,35,"[7, 14, 0, 14]",,,,,,,
401136281,2019,4,regular,2019-09-21T17:00:00.000Z,False,True,False,False,,6048,Duane Stadium,2771,Merrimack,fcs,NEC,76,"[21, 25, 16, 14]",,,,561,Mayville State,,,7,"[0, 7, 0, 0]",,,,,,,
401127270,2019,4,regular,2019-09-21T17:00:00.000Z,False,True,False,False,,3829,Memorial Stadium,282,Indiana State,fcs,MVFC,16,"[10, 3, 0, 3]",,,,2197,Eastern Illinois,fcs,OVC,6,"[0, 0, 6, 0]",,,,,,,
401114355,2019,4,regular,2019-09-21T17:00:00.000Z,False,True,False,False,8557,3985,Warren McGuirk Alumni Stadium,113,Massachusetts,fbs,FBS Independents,28,"[7, 7, 7, 7]",0.021339062601327896,1108,1032,324,Coastal Carolina,fbs,Sun Belt,62,"[14, 28, 14, 6]",0.9786609373986721,1277,1353,3.9302217765119285,,,
401128575,2019,4,regular,2019-09-21T17:00:00.000Z,False,True,False,False,,3988,Welcome Stadium,2168,Dayton,fcs,Pioneer,31,"[7, 14, 7, 3]",,,,2184,Duquesne,fcs,NEC,35,"[14, 7, 7, 7]",,,,,,,
401127063,2019,4,regular,2019-09-21T17:00:00.000Z,False,True,False,False,,3695,Delaware Stadium,48,Delaware,fcs,CAA,28,"[7, 0, 14, 7]",,,,219,Pennsylvania,fcs,Ivy,27,"[7, 7, 7, 6]",,,,,,,
401128946,2019,4,regular,2019-09-21T17:00:00.000Z,False,True,False,False,,3694,DeGol Field,2598,Saint Francis,fcs,NEC,14,"[14, 0, 0, 0]",,,,171,Columbia,fcs,Ivy,31,"[14, 7, 3, 7]",,,,,,,
401128583,2019,4,regular,2019-09-21T17:00:00.000Z,False,True,False,False,,3691,D. B. Milne Field,294,Jacksonville,fcs,Pioneer,6,"[0, 0, 0, 6]",,,,159,Dartmouth,fcs,Ivy,35,"[14, 14, 7, 0]",,,,,,,
401128637,2019,4,regular,2019-09-21T17:00:00.000Z,False,True,False,False,,3997,Yale Bowl,43,Yale,fcs,Ivy,23,"[6, 0, 7, 10]",,,,107,Holy Cross,fcs,Patriot,10,"[0, 3, 0, 7]",,,,,,,
401136614,2019,4,regular,2019-09-21T17:00:00.000Z,False,True,False,True,,6043,Bethpage Federal Credit Union Stadium,2341,Long Island University,fcs,NEC,10,"[7, 0, 3, 0]",,,,2529,Sacred Heart,fcs,NEC,34,"[6, 21, 0, 7]",,,,,,,
401128528,2019,4,regular,2019-09-21T17:30:00.000Z,False,True,False,False,,3597,Alumni Memorial Field,2678,VMI,fcs,Southern,21,"[3, 5, 6, 7]",,,,2523,Robert Morris,fcs,NEC,31,"[14, 7, 7, 3]",,,,,,,
401127414,2019,4,regular,2019-09-21T18:00:00.000Z,False,True,False,True,,3613,Alumni Stadium,2169,Delaware State,fcs,MEAC,9,"[7, 2, 0, 0]",,,,47,Howard,fcs,MEAC,24,"[0, 18, 0, 6]",,,,,,,
401119268,2019,4,regular,2019-09-21T18:00:00.000Z,False,True,False,False,17416,3876,Peden Stadium,195,Ohio,fbs,Mid-American,25,"[0, 6, 6, 13]",0,1684,1601,309,Louisiana,fbs,Sun Belt,45,"[7, 3, 14, 21]",1,1418,1501,5.099165962995085,,,
401127418,2019,4,regular,2019-09-21T18:00:00.000Z,False,True,False,False,,3661,Bulldog Stadium,2803,Bryant,fcs,NEC,30,"[3, 7, 7, 13]",,,,225,Brown,fcs,Ivy,35,"[7, 7, 7, 14]",,,,,,,
401128377,2019,4,regular,2019-09-21T18:00:00.000Z,False,True,False,False,,3758,Houck Stadium,2546,Southeast Missouri State,fcs,OVC,56,"[14, 14, 7, 21]",,,,2707,West Virginia State,ii,Mountain East,10,"[0, 0, 10, 0]",,,,,,,
401119269,2019,4,regular,2019-09-21T19:00:00.000Z,False,True,False,False,16954,3768,InfoCision Stadium,2006,Akron,fbs,Mid-American,7,"[7, 0, 0, 0]",0,1104,1076,2653,Troy,fbs,Sun Belt,35,"[7, 14, 14, 0]",1,1524,1552,3.5605188410480206,https://www.youtube.com/watch?v=UUUOSZ35rkY,,
401126913,2019,4,regular,2019-09-21T19:00:00.000Z,False,True,False,True,,3791,Kibbie Dome,70,Idaho,fcs,Big Sky,35,"[14, 14, 0, 7]",,,,331,Eastern Washington,fcs,Big Sky,27,"[0, 0, 7, 20]",,,,,,,
401126939,2019,4,regular,2019-09-21T19:00:00.000Z,False,True,False,False,,3987,Washington-Grizzly Stadium,149,Montana,fcs,Big Sky,47,"[0, 21, 12, 14]",,,,2405,Monmouth,fcs,Big South,27,"[0, 14, 6, 7]",,,,,,,
401126947,2019,4,regular,2019-09-21T19:00:00.000Z,False,True,False,False,,3643,Bobcat Stadium,147,Montana State,fcs,Big Sky,56,"[14, 14, 14, 14]",,,,2450,Norfolk State,fcs,MEAC,21,"[7, 7, 7, 0]",,,,,,,
401127250,2019,4,regular,2019-09-21T19:00:00.000Z,False,True,False,False,,3878,Plaster Sports Complex,2623,Missouri State,fcs,MVFC,24,"[6, 10, 0, 8]",,,,338,Kennesaw State,fcs,Big South,35,"[0, 7, 21, 7]",,,,,,,
401128384,2019,4,regular,2019-09-21T19:00:00.000Z,False,True,False,False,,4029,Hale Stadium,2634,Tennessee State,fcs,OVC,31,"[7, 3, 14, 7]",,,,2029,Arkansas-Pine Bluff,fcs,SWAC,37,"[7, 12, 6, 12]",,,,,,,
401119267,2019,4,regular,2019-09-21T19:00:00.000Z,False,True,False,False,17286,3912,Rynearson Stadium,2199,Eastern Michigan,fbs,Mid-American,34,"[7, 14, 0, 13]",0.5488883852958679,,,2115,Central Connecticut,fcs,NEC,29,"[15, 0, 0, 14]",0.4511116147041321,,,7.7790011473462775,,,
401117870,2019,4,regular,2019-09-21T19:30:00.000Z,False,True,False,False,17621,3965,UB Stadium,2084,Buffalo,fbs,Mid-American,38,"[0, 24, 7, 7]",0.9843186140060425,1366,1419,218,Temple,fbs,American Athletic,22,"[7, 0, 3, 12]",0.01568138599395752,1560,1507,3.339619982475752,,,
401112459,2019,4,regular,2019-09-21T19:30:00.000Z,False,True,False,False,50500,3787,Kenan Stadium,153,North Carolina,fbs,ACC,31,"[7, 10, 7, 7]",0.6857128143310547,1428,1439,2026,App State,fbs,Sun Belt,34,"[13, 14, 7, 0]",0.3142871856689453,1693,1682,5.605322320285504,https://www.youtube.com/watch?v=C7G1_GuQI38,,
401126981,2019,4,regular,2019-09-21T19:30:00.000Z,False,True,False,False,,3714,Fargodome,2449,North Dakota State,fcs,MVFC,27,"[7, 10, 3, 7]",,,,302,UC Davis,fcs,Big Sky,16,"[7, 6, 3, 0]",,,,,,,
401119266,2019,4,regular,2019-09-21T19:30:00.000Z,False,True,False,True,19700,3696,Dix Stadium,2309,Kent State,fbs,Mid-American,62,"[21, 3, 17, 21]",0.9929265379905701,1121,1235,189,Bowling Green,fbs,Mid-American,20,"[7, 0, 0, 13]",0.007073462009429932,1051,937,2.903912916181372,,,
401112131,2019,4,regular,2019-09-21T19:30:00.000Z,False,True,False,False,41250,3616,Amon G. Carter Stadium,2628,TCU,fbs,Big 12,38,"[7, 10, 7, 14]",0.032992735505104065,1609,1600,2567,SMU,fbs,American Athletic,41,"[18, 13, 0, 10]",0.9670072644948959,1531,1540,6.494754908389578,https://www.youtube.com/watch?v=f8oww3bHYoM,,
401127062,2019,4,regular,2019-09-21T19:30:00.000Z,False,True,False,False,,4419,Bob Ford Field,399,UAlbany,fcs,CAA,36,"[12, 10, 7, 7]",,,,322,Lafayette,fcs,Patriot,7,"[0, 0, 7, 0]",,,,,,,
401112457,2019,4,regular,2019-09-21T19:30:00.000Z,False,True,False,True,46530,3697,Doak Campbell Stadium,52,Florida State,fbs,ACC,35,"[21, 0, 0, 14]",0.987979531288147,1450,1457,97,Louisville,fbs,ACC,24,"[0, 7, 10, 7]",0.012020468711853027,1281,1274,4.60926760684307,https://www.youtube.com/watch?v=dioRx8eaHgo,,
401112461,2019,4,regular,2019-09-21T19:30:00.000Z,False,True,False,False,42056,3752,Acrisure Stadium,221,Pittsburgh,fbs,ACC,35,"[7, 14, 7, 7]",0.8179692029953003,1566,1575,2116,UCF,fbs,American Athletic,34,"[0, 10, 21, 3]",0.1820307970046997,1852,1843,6.328077854203636,https://www.youtube.com/watch?v=_J34GUcvKcs,,
401110804,2019,4,regular,2019-09-21T19:30:00.000Z,False,True,False,True,101681,3795,Kyle Field,245,Texas A&M,fbs,SEC,20,"[0, 3, 0, 17]",0.02072167955338955,1772,1763,2,Auburn,fbs,SEC,28,"[14, 0, 7, 7]",0.9792783204466105,1850,1859,4.116984052974198,https://www.youtube.com/watch?v=TvvlJg8E6CU,,
401112253,2019,4,regular,2019-09-21T19:30:00.000Z,False,True,False,False,103190,3861,Ohio Stadium,194,Ohio State,fbs,Big Ten,76,"[7, 42, 14, 13]",0.9889649748802185,2023,2157,193,Miami (OH),fbs,Mid-American,5,"[5, 0, 0, 0]",0.011035025119781494,1392,1258,2.547388009318045,https://www.youtube.com/watch?v=BstYr-a7GEU,,
401114265,2019,4,regular,2019-09-21T19:30:00.000Z,False,True,False,False,27932,3803,Legion Field,5,UAB,fbs,Conference USA,35,"[14, 14, 7, 0]",0.9900304675102234,1528,1567,6,South Alabama,fbs,Sun Belt,3,"[3, 0, 0, 0]",0.009969532489776611,1118,1079,1.7617076127840505,https://www.youtube.com/watch?v=XGxYHE9HDcQ,,
401114235,2019,4,regular,2019-09-21T19:30:00.000Z,False,True,False,False,62117,3801,LaVell Edwards Stadium,252,BYU,fbs,FBS Independents,19,"[3, 9, 7, 0]",0.04044061526656151,1519,1478,264,Washington,fbs,Pac-12,45,"[21, 3, 21, 0]",0.9595593847334385,1764,1805,3.348945882550489,https://www.youtube.com/watch?v=q7yHsnw3Ky8,,
401117509,2019,4,regular,2019-09-21T19:30:00.000Z,False,True,False,False,16246,3674,Chapman Stadium,202,Tulsa,fbs,American Athletic,24,"[0, 14, 3, 7]",0.5184850096702576,1360,1363,2751,Wyoming,fbs,Mountain West,21,"[7, 0, 0, 14]",0.48151499032974243,1505,1502,7.065883773765276,https://www.youtube.com/watch?v=8Fm0y5frFz0,,
401128611,2019,4,regular,2019-09-21T20:00:00.000Z,False,True,False,False,,6077,Stokes Stadium,2654,Truman State,ii,Great Lakes,38,"[10, 7, 21, 0]",,,,2674,Valparaiso,fcs,Pioneer,7,"[0, 0, 0, 7]",,,,,,,
401127301,2019,4,regular,2019-09-21T20:00:00.000Z,False,True,False,False,,3746,Hanson Field,2710,Western Illinois,fcs,MVFC,24,"[0, 3, 7, 14]",,,,2635,Tennessee Tech,fcs,OVC,38,"[7, 7, 10, 14]",,,,,,,
401128603,2019,4,regular,2019-09-21T20:00:00.000Z,False,True,False,False,,716,Torero Stadium,301,San Diego,fcs,Pioneer,31,"[10, 14, 7, 0]",,,,108,Harvard,fcs,Ivy,23,"[0, 0, 7, 16]",,,,,,,
401112458,2019,4,regular,2019-09-21T20:00:00.000Z,False,True,False,False,49997,3948,Hard Rock Stadium,2390,Miami,fbs,ACC,17,"[7, 0, 7, 3]",0.935518205165863,1603,1592,2117,Central Michigan,fbs,Mid-American,12,"[0, 2, 3, 7]",0.06448179483413696,1179,1190,4.099180907035548,https://www.youtube.com/watch?v=wd5cEOwWQcw,,
401126963,2019,4,regular,2019-09-21T20:00:00.000Z,False,True,False,False,,3856,Nottingham Field,2458,Northern Colorado,fcs,Big Sky,6,"[0, 0, 6, 0]",,,,233,South Dakota,fcs,MVFC,14,"[0, 7, 0, 7]",,,,,,,
401127241,2019,4,regular,2019-09-21T20:00:00.000Z,False,True,False,False,,3862,O'Kelly-Riddick Stadium,2428,North Carolina Central,fcs,MEAC,45,"[10, 14, 7, 14]",,,,2207,Elizabeth City State,ii,CIAA,7,"[0, 7, 0, 0]",,,,,,,
401127064,2019,4,regular,2019-09-21T20:00:00.000Z,False,True,False,False,,3720,Finley Stadium,236,Chattanooga,fcs,Southern,14,"[14, 0, 0, 0]",,,,256,James Madison,fcs,CAA,37,"[14, 6, 10, 7]",,,,,,,
401110802,2019,4,regular,2019-09-21T20:00:00.000Z,False,True,False,True,54556,3693,Davis Wade Stadium,344,Mississippi State,fbs,SEC,28,"[7, 14, 0, 7]",0.9955089092254639,1774,1795,96,Kentucky,fbs,SEC,13,"[3, 0, 7, 3]",0.004491090774536133,1654,1633,2.919868291134336,https://www.youtube.com/watch?v=1FR1eeOvFWY,,
401110803,2019,4,regular,2019-09-21T20:00:00.000Z,False,True,False,True,52012,3838,Memorial Stadium,142,Missouri,fbs,SEC,34,"[7, 10, 14, 3]",0.9918347597122192,1795,1814,2579,South Carolina,fbs,SEC,14,"[0, 7, 7, 0]",0.008165240287780762,1515,1496,4.268904978366502,https://www.youtube.com/watch?v=tVIfoP9xXsk,,
401112099,2019,4,regular,2019-09-21T20:30:00.000Z,False,True,False,True,35816,3833,Memorial Stadium,2305,Kansas,fbs,Big 12,24,"[0, 7, 10, 7]",0.25761696696281433,1459,1463,277,West Virginia,fbs,Big 12,29,"[7, 3, 10, 9]",0.7423830330371857,1649,1645,6.26585192452348,https://www.youtube.com/watch?v=R17y3AEqsbc,,
401114340,2019,4,regular,2019-09-21T20:30:00.000Z,False,True,False,False,27269,3971,University Stadium (NM),167,New Mexico,fbs,Mountain West,55,"[14, 17, 17, 7]",0.600825846195221,1191,1190,166,New Mexico State,fbs,FBS Independents,52,"[17, 14, 7, 14]",0.39917415380477905,1046,1047,7.290763030335865,https://www.youtube.com/watch?v=KChO39qVKEk,,
401128555,2019,4,regular,2019-09-21T21:00:00.000Z,False,True,False,False,,3881,Princeton University Stadium,163,Princeton,fcs,Ivy,49,"[14, 28, 7, 0]",,,,2086,Butler,fcs,Pioneer,7,"[0, 0, 0, 7]",,,,,,,
401126930,2019,4,regular,2019-09-21T21:00:00.000Z,False,True,False,False,,3967,UNI-Dome,2460,Northern Iowa,fcs,MVFC,13,"[0, 3, 0, 10]",,,,304,Idaho State,fcs,Big Sky,6,"[3, 3, 0, 0]",,,,,,,
401126967,2019,4,regular,2019-09-21T21:05:00.000Z,False,True,False,False,,4765,Hillsboro Stadium,2502,Portland State,fcs,Big Sky,59,"[14, 17, 21, 7]",,,,2202,Eastern Oregon,,,9,"[0, 0, 6, 3]",,,,,,,
401127061,2019,4,regular,2019-09-21T22:00:00.000Z,False,True,False,True,,3781,Johnny Unitas Stadium,119,Towson,fcs,CAA,45,"[7, 21, 0, 17, 0]",,,,222,Villanova,fcs,CAA,52,"[14, 7, 14, 10, 7]",,,,,,,
401128607,2019,4,regular,2019-09-21T22:00:00.000Z,False,True,False,False,,4416,Spec Martin Municipal Stadium,56,Stetson,fcs,Pioneer,59,"[14, 21, 17, 7]",,,,2702,Western New England,iii,Commonwealth Coast,28,"[7, 0, 7, 14]",,,,,,,
401128454,2019,4,regular,2019-09-21T22:00:00.000Z,False,True,False,True,,3771,Jack Spinks Stadium,2016,Alcorn State,fcs,SWAC,45,"[17, 7, 7, 14]",,,,2504,Prairie View A&M,fcs,SWAC,41,"[0, 19, 15, 7]",,,,,,,
401126998,2019,4,regular,2019-09-21T22:00:00.000Z,False,True,False,False,,3782,Johnson Hagood Stadium,2643,The Citadel,fcs,Southern,22,"[0, 7, 13, 2]",,,,2127,Charleston Southern,fcs,Big South,13,"[0, 3, 3, 7]",,,,,,,
401126987,2019,4,regular,2019-09-21T22:00:00.000Z,False,True,False,False,,3629,Barker-Lane Stadium,2097,Campbell,fcs,Big South,31,"[0, 21, 0, 10]",,,,2166,Davidson,fcs,Pioneer,29,"[7, 0, 7, 15]",,,,,,,
401127060,2019,4,regular,2019-09-21T22:00:00.000Z,False,True,False,True,,3688,Wildcat Stadium,160,New Hampshire,fcs,CAA,27,"[7, 7, 7, 6]",,,,227,Rhode Island,fcs,CAA,24,"[0, 7, 3, 14]",,,,,,,
401127007,2019,4,regular,2019-09-21T22:00:00.000Z,False,True,False,False,,3737,Gibbs Stadium,2747,Wofford,fcs,Southern,49,"[14, 14, 0, 21]",,,,2241,Gardner-Webb,fcs,Big South,10,"[0, 3, 0, 7]",,,,,,,
401114349,2019,4,regular,2019-09-21T22:00:00.000Z,False,True,False,False,18944,3992,Williams Stadium (VA),2335,Liberty,fbs,FBS Independents,62,"[27, 14, 7, 14]",1,,,2261,Hampton,fcs,Big South,27,"[12, 0, 8, 7]",0,,,2.499595603362987,,,
401114263,2019,4,regular,2019-09-21T22:00:00.000Z,False,True,False,False,14210,3715,FAU Stadium,2226,Florida Atlantic,fbs,Conference USA,42,"[14, 14, 7, 7]",1,,,2681,Wagner,fcs,NEC,7,"[0, 7, 0, 0]",0,,,2.186613335732576,https://www.youtube.com/watch?v=fH553JOqi0M,,
401127066,2019,4,regular,2019-09-21T22:00:00.000Z,False,True,False,False,,3788,Kenneth P. LaValle Stadium,2619,Stony Brook,fcs,CAA,45,"[10, 21, 0, 14]",,,,2230,Fordham,fcs,Patriot,10,"[0, 3, 0, 7]",,,,,,,
401127216,2019,4,regular,2019-09-21T22:00:00.000Z,False,True,False,False,,3650,Bragg Memorial Stadium,50,Florida A&M,fcs,MEAC,27,"[17, 2, 0, 8]",,,,2582,Southern,fcs,SWAC,21,"[0, 7, 7, 7]",,,,,,,
401116697,2019,4,regular,2019-09-21T22:00:00.000Z,False,True,False,False,38094,3699,Dowdy-Ficklen Stadium,151,East Carolina,fbs,American Athletic,19,"[7, 3, 3, 6]",1,,,2729,William & Mary,fcs,CAA,7,"[0, 7, 0, 0]",0,,,3.8691868690993965,https://www.youtube.com/watch?v=JWIl5FVFP-s,,
401128446,2019,4,regular,2019-09-21T22:00:00.000Z,False,True,False,True,,4582,Hornet Stadium,2011,Alabama State,fcs,SWAC,23,"[3, 7, 7, 6]",,,,2755,Grambling,fcs,SWAC,20,"[7, 3, 10, 0]",,,,,,,
401121941,2019,4,regular,2019-09-21T23:00:00.000Z,False,True,False,False,24176,3625,Centennial Bank Stadium,2032,Arkansas State,fbs,Sun Belt,41,"[14, 17, 7, 3]",0.9732215404510498,,,79,Southern Illinois,fcs,MVFC,28,"[14, 0, 14, 0]",0.026778459548950195,,,4.344605002753659,https://www.youtube.com/watch?v=Qjxur3pBzCE,,
401121942,2019,4,regular,2019-09-21T23:00:00.000Z,False,True,False,True,15803,3644,Bobcat Stadium (TX),326,Texas State,fbs,Sun Belt,37,"[10, 7, 3, 7, 7, 0, 3]",0.6,1147,1148,2247,Georgia State,fbs,Sun Belt,34,"[7, 10, 0, 10, 7, 0, 0]",0.4,1144,1143,,,,
401128435,2019,4,regular,2019-09-21T23:00:00.000Z,False,True,False,False,,3925,Seibert Stadium,2535,Samford,fcs,Southern,55,"[10, 21, 10, 14]",,,,2010,Alabama A&M,fcs,SWAC,21,"[7, 7, 0, 7]",,,,,,,
401114195,2019,4,regular,2019-09-21T23:00:00.000Z,False,True,False,True,39249,3940,Stanford Stadium,24,Stanford,fbs,Pac-12,6,"[3, 0, 0, 3]",0.011941540986299515,1566,1554,2483,Oregon,fbs,Pac-12,21,"[7, 7, 0, 7]",0.9880584590137005,1809,1821,3.74434383631315,https://www.youtube.com/watch?v=Cs8yDO0pvYQ,,
401128720,2019,4,regular,2019-09-21T23:00:00.000Z,False,True,False,True,,3756,Homer Bryce Stadium,2617,Stephen F. Austin,fcs,Southland,30,"[7, 16, 0, 7]",,,,2447,Nicholls,fcs,Southland,48,"[7, 21, 7, 13]",,,,,,,
401126975,2019,4,regular,2019-09-21T23:00:00.000Z,False,True,False,False,,5237,Dana J. Dykhouse Stadium,2571,South Dakota State,fcs,MVFC,43,"[7, 14, 15, 7]",,,,253,Southern Utah,fcs,Big Sky,7,"[0, 7, 0, 0]",,,,,,,
401127031,2019,4,regular,2019-09-21T23:00:00.000Z,False,True,False,False,,3662,AmFirst Stadium,55,Jacksonville State,fcs,OVC,30,"[7, 16, 0, 7]",,,,2453,North Alabama,fcs,Big South,12,"[0, 6, 6, 0]",,,,,,,
401112463,2019,4,regular,2019-09-21T23:00:00.000Z,False,True,False,False,44573,3923,Scott Stadium,258,Virginia,fbs,ACC,28,"[0, 7, 7, 14]",0.7842563986778259,1635,1626,295,Old Dominion,fbs,Conference USA,17,"[10, 7, 0, 0]",0.21574360132217407,1221,1230,4.823721293435663,https://www.youtube.com/watch?v=XwuKLvvJNUI,,
401128703,2019,4,regular,2019-09-21T23:00:00.000Z,False,True,False,True,,3647,Elliott T. Bowers Stadium,2534,Sam Houston,fcs,Southland,45,"[14, 17, 7, 7]",,,,2916,Incarnate Word,fcs,Southland,6,"[0, 0, 0, 6]",,,,,,,
401128371,2019,4,regular,2019-09-21T23:00:00.000Z,False,True,False,False,,3909,Roy Stewart Stadium,93,Murray State,fcs,OVC,59,"[14, 17, 21, 7]",,,,2413,Morehead State,fcs,Pioneer,7,"[0, 0, 7, 0]",,,,,,,
401127206,2019,4,regular,2019-09-21T23:00:00.000Z,False,True,False,False,,3896,Rice-Totten Field,2400,Mississippi Valley State,fcs,SWAC,6,"[6, 0, 0, 0]",,,,2065,Bethune-Cookman,fcs,MEAC,22,"[2, 13, 0, 7]",,,,,,,
401128694,2019,4,regular,2019-09-21T23:00:00.000Z,False,True,False,True,,4424,Husky Stadium,2277,Houston Christian,fcs,Southland,48,"[14, 10, 17, 7]",,,,2466,Northwestern State,fcs,Southland,21,"[0, 0, 14, 7]",,,,,,,
401112460,2019,4,regular,2019-09-21T23:00:00.000Z,False,True,False,False,57702,3670,Carter-Finley Stadium,152,NC State,fbs,ACC,34,"[6, 14, 7, 7]",0.9703521132469177,1601,1593,2050,Ball State,fbs,Mid-American,23,"[7, 0, 6, 10]",0.029647886753082275,1202,1210,3.8094333928554107,https://www.youtube.com/watch?v=0Orw7E62gTs,,
401128661,2019,4,regular,2019-09-21T23:00:00.000Z,False,True,False,True,,5440,Wildcat Stadium (TX),2000,Abilene Christian,fcs,Southland,17,"[3, 7, 0, 7]",,,,2377,McNeese,fcs,Southland,10,"[3, 0, 0, 7]",,,,,,,
401112075,2019,4,regular,2019-09-21T23:00:00.000Z,False,True,False,False,20198,3895,Rice Stadium,242,Rice,fbs,Conference USA,13,"[0, 3, 3, 7]",0.16269491612911224,1164,1179,239,Baylor,fbs,Big 12,21,"[7, 14, 0, 0]",0.8373050838708878,1569,1554,3.593904419642449,https://www.youtube.com/watch?v=6Jibafwximw,,
401114264,2019,4,regular,2019-09-21T23:30:00.000Z,False,True,False,True,19922,3825,DATCU Stadium,249,North Texas,fbs,Conference USA,45,"[7, 17, 14, 7]",0.9927183985710144,1423,1503,2636,UTSA,fbs,Conference USA,3,"[0, 3, 0, 0]",0.007281601428985596,1105,1025,2.0443887169790944,https://www.youtube.com/watch?v=oAbOuUtO7Gc,,
401112456,2019,4,regular,2019-09-21T23:30:00.000Z,False,True,False,False,81500,3836,"Memorial Stadium (Clemson, SC)",228,Clemson,fbs,ACC,52,"[17, 21, 7, 7]",0.9907479882240295,2159,2186,2429,Charlotte,fbs,Conference USA,10,"[0, 3, 7, 0]",0.009252011775970459,1380,1353,2.170344204163324,https://www.youtube.com/watch?v=PNiunuVXdss,,
401126956,2019,4,regular,2019-09-21T23:30:00.000Z,False,True,False,False,,3744,Hancock Stadium,2287,Illinois State,fcs,MVFC,40,"[10, 13, 14, 3]",,,,2464,Northern Arizona,fcs,Big Sky,27,"[14, 7, 0, 6]",,,,,,,
401127430,2019,4,regular,2019-09-21T23:30:00.000Z,False,True,False,False,,5400,William B. Greene Jr. Stadium,2193,East Tennessee State,fcs,Southern,20,"[3, 7, 0, 10]",,,,2046,Austin Peay,fcs,OVC,14,"[7, 7, 0, 0]",,,,,,,
401112125,2019,4,regular,2019-09-21T23:30:00.000Z,False,True,False,True,96936,3910,DKR-Texas Memorial Stadium,251,Texas,fbs,Big 12,36,"[0, 21, 7, 8]",0.9857167601585388,1758,1760,197,Oklahoma State,fbs,Big 12,30,"[3, 17, 3, 7]",0.014283239841461182,1655,1653,5.652106497269794,https://www.youtube.com/watch?v=qhxOK8myfEI,,
401110798,2019,4,regular,2019-09-21T23:30:00.000Z,False,True,False,False,56058,3887,Razorback Stadium,8,Arkansas,fbs,SEC,24,"[7, 0, 3, 14]",0.10757003724575043,1381,1351,23,San José State,fbs,Mountain West,31,"[7, 17, 0, 7]",0.8924299627542496,1175,1205,6.411863253982853,https://www.youtube.com/watch?v=0Jn-KbUGdcw,,
401112148,2019,4,regular,2019-09-22T00:00:00.000Z,False,True,False,True,44512,3832,"Memorial Stadium (Champaign, IL)",356,Illinois,fbs,Big Ten,38,"[14, 7, 14, 3]",0.4754847288131714,1366,1372,158,Nebraska,fbs,Big Ten,42,"[7, 7, 13, 15]",0.5245152711868286,1572,1566,6.111180697349687,https://www.youtube.com/watch?v=Bmhy1ncoXUs,,
401110800,2019,4,regular,2019-09-22T00:00:00.000Z,False,True,False,False,93246,3917,Sanford Stadium,61,Georgia,fbs,SEC,23,"[0, 7, 6, 10]",0.9919824600219727,1990,1991,87,Notre Dame,fbs,FBS Independents,17,"[0, 10, 0, 7]",0.008017539978027344,1857,1856,5.969774703723662,https://www.youtube.com/watch?v=L43HVaImNPU,,
401114266,2019,4,regular,2019-09-22T00:00:00.000Z,False,True,False,False,10493,3946,Sun Bowl,2638,UTEP,fbs,Conference USA,21,"[7, 7, 7, 0]",0,1101,1078,2440,Nevada,fbs,Mountain West,37,"[0, 21, 3, 13]",1,1248,1271,5.000869451542924,https://www.youtube.com/watch?v=TMf6d1AJQKw,,
401128710,2019,4,regular,2019-09-22T00:00:00.000Z,False,True,False,True,,3944,Strawberry Stadium,2545,SE Louisiana,fcs,Southland,45,"[7, 14, 21, 3]",,,,2320,Lamar,fcs,Southland,34,"[7, 17, 3, 7]",,,,,,,
401114155,2019,4,regular,2019-09-22T02:00:00.000Z,False,True,False,True,45786,3947,Mountain America Stadium,9,Arizona State,fbs,Pac-12,31,"[0, 21, 3, 7]",0.06756284087896347,1620,1607,38,Colorado,fbs,Pac-12,34,"[14, 10, 7, 3]",0.9324371591210365,1480,1493,6.999776563262516,https://www.youtube.com/watch?v=-Viag57w2kU,,
401117510,2019,4,regular,2019-09-22T02:00:00.000Z,False,True,False,False,31034,3660,Valley Children's Stadium,278,Fresno State,fbs,Mountain West,34,"[7, 7, 0, 20]",1,,,16,Sacramento State,fcs,Big Sky,20,"[6, 6, 0, 8]",0,,,5.617323110961146,https://www.youtube.com/watch?v=Js7jdptY4pk,,
401117507,2019,4,regular,2019-09-22T02:15:00.000Z,False,True,False,False,24464,5388,Canvas Stadium,36,Colorado State,fbs,Mountain West,35,"[7, 6, 14, 8]",0.23690389096736908,1222,1231,2649,Toledo,fbs,Mid-American,41,"[7, 7, 21, 6]",0.7630961090326309,1512,1503,7.216368155724121,https://www.youtube.com/watch?v=gyxOoplCgq8,,
401117508,2019,4,regular,2019-09-22T02:30:00.000Z,False,True,False,True,27367,3932,Qualcomm Stadium,21,San Diego State,fbs,Mountain West,17,"[3, 0, 0, 14]",0.05736923962831497,1501,1506,328,Utah State,fbs,Mountain West,23,"[7, 13, 3, 0]",0.942630760371685,1728,1723,3.869304130296449,https://www.youtube.com/watch?v=xRYMEmRKbr8,,
401114215,2019,4,regular,2019-09-22T02:30:00.000Z,False,True,False,True,32952,3820,Gesa Field,265,Washington State,fbs,Pac-12,63,"[7, 28, 14, 14]",0.19968608021736145,1759,1724,26,UCLA,fbs,Pac-12,67,"[10, 7, 21, 29]",0.8003139197826385,1370,1405,7.134205473382776,https://www.youtube.com/watch?v=JmBOvdO_8UA,,
401117511,2019,4,regular,2019-09-22T03:59:00.000Z,False,True,False,False,23465,3610,Aloha Stadium,62,Hawai'i,fbs,Mountain West,35,"[14, 14, 0, 7]",0.9873584508895874,,,2110,Central Arkansas,fcs,Southland,16,"[0, 9, 0, 7]",0.012641549110412598,,,2.2239618993640087,https://www.youtube.com/watch?v=0oTMWMxHiv4,,
401127235,2019,5,regular,2019-09-26T23:30:00.000Z,False,True,False,True,,3603,Aggie Stadium,2448,North Carolina A&T,fcs,MEAC,37,"[7, 21, 9, 0]",,,,2169,Delaware State,fcs,MEAC,0,"[0, 0, 0, 0]",,,,,,,
401117871,2019,5,regular,2019-09-27T00:00:00.000Z,False,True,False,True,33909,3805,Simmons Bank Liberty Stadium,235,Memphis,fbs,American Athletic,35,"[7, 7, 14, 7]",0.9870911836624146,1668,1675,2426,Navy,fbs,American Athletic,23,"[13, 7, 0, 3]",0.01290881633758545,1466,1459,5.6757015403624616,https://www.youtube.com/watch?v=PRlcKWbmV0o,,
401112465,2019,5,regular,2019-09-27T23:00:00.000Z,False,True,False,True,59537,3799,Lane Stadium,259,Virginia Tech,fbs,ACC,10,"[3, 0, 7, 0]",0.012609806843101978,1519,1418,150,Duke,fbs,ACC,45,"[0, 21, 10, 14]",0.987390193156898,1525,1626,2.7684738550585166,https://www.youtube.com/watch?v=sJHyPtysOx0,,
401128652,2019,5,regular,2019-09-27T23:00:00.000Z,False,True,False,True,,3750,Harvard Stadium,108,Harvard,fcs,Ivy,42,"[7, 14, 7, 14]",,,,225,Brown,fcs,Ivy,7,"[7, 0, 0, 0]",,,,,,,
401117512,2019,5,regular,2019-09-28T00:00:00.000Z,False,True,False,True,24786,3713,Falcon Stadium,2005,Air Force,fbs,Mountain West,41,"[7, 14, 13, 7]",0.9207801818847656,1506,1516,23,San José State,fbs,Mountain West,24,"[7, 3, 0, 14]",0.07921981811523438,1205,1195,3.2759983564335604,https://www.youtube.com/watch?v=uAk1SIgpu0o,,
401112204,2019,5,regular,2019-09-28T00:00:00.000Z,False,True,False,True,53228,3665,SECU Stadium,120,Maryland,fbs,Big Ten,0,"[0, 0, 0, 0]",0.0021344812121242285,1624,1463,213,Penn State,fbs,Big Ten,59,"[14, 24, 7, 14]",0.9978655187878758,1823,1984,2.7446237747855005,https://www.youtube.com/watch?v=ETls5FSw59Y,,
401114156,2019,5,regular,2019-09-28T02:30:00.000Z,False,True,False,True,47532,3831,California Memorial Stadium,25,California,fbs,Pac-12,17,"[7, 0, 7, 3]",0.01724705658853054,1547,1538,9,Arizona State,fbs,Pac-12,24,"[7, 0, 7, 10]",0.9827529434114695,1607,1616,5.749139800965914,https://www.youtube.com/watch?v=GDEuJ055eXI,,
401136617,2019,5,regular,2019-09-28T16:00:00.000Z,False,True,False,True,,3979,Wagner College Stadium,2681,Wagner,fcs,NEC,24,"[7, 17, 0, 0]",,,,2341,Long Island University,fcs,NEC,14,"[0, 7, 7, 0]",,,,,,,
401112100,2019,5,regular,2019-09-28T16:00:00.000Z,False,True,False,True,41960,3616,Amon G. Carter Stadium,2628,TCU,fbs,Big 12,51,"[21, 17, 0, 13]",0.9999639691016247,1600,1687,2305,Kansas,fbs,Big 12,14,"[0, 0, 0, 14]",3.6030898375338793e-05,1463,1376,0.5763374327,https://www.youtube.com/watch?v=KytB9pj5SBM,,
401112225,2019,5,regular,2019-09-28T16:00:00.000Z,False,True,False,True,110662,3558,Michigan Stadium,130,Michigan,fbs,Big Ten,52,"[14, 10, 14, 14]",0.9938032031059265,1726,1824,164,Rutgers,fbs,Big Ten,0,"[0, 0, 0, 0]",0.006196796894073486,1294,1196,1.623738095343228,https://www.youtube.com/watch?v=_pRJb2TouR0,,
401112471,2019,5,regular,2019-09-28T16:00:00.000Z,False,True,False,False,40575,1964,JMA Wireless Dome,183,Syracuse,fbs,ACC,41,"[17, 7, 10, 7]",0.983798623085022,,,107,Holy Cross,fcs,Patriot,3,"[0, 3, 0, 0]",0.016201376914978027,,,2.3351943027757347,https://www.youtube.com/watch?v=ADHJapyoVM4,,
401119271,2019,5,regular,2019-09-28T16:00:00.000Z,False,True,False,True,20476,3980,Waldo Stadium,2711,Western Michigan,fbs,Mid-American,31,"[10, 7, 7, 7]",0.9805713295936584,1376,1393,2117,Central Michigan,fbs,Mid-American,15,"[0, 0, 0, 15]",0.019428670406341553,1190,1173,2.7023521997586033,,,
401119270,2019,5,regular,2019-09-28T16:00:00.000Z,False,True,False,True,18419,3996,Yager Stadium,193,Miami (OH),fbs,Mid-American,34,"[0, 13, 21, 0]",0.8759410977363586,1258,1301,2084,Buffalo,fbs,Mid-American,20,"[7, 7, 0, 6]",0.12405890226364136,1419,1376,5.236743397913466,,,
401112247,2019,5,regular,2019-09-28T16:00:00.000Z,False,True,False,True,76825,347,Camp Randall Stadium,275,Wisconsin,fbs,Big Ten,24,"[7, 0, 7, 10]",0.9541242122650146,1938,1929,77,Northwestern,fbs,Big Ten,15,"[3, 0, 0, 12]",0.04587578773498535,1556,1565,3.559194737683048,https://www.youtube.com/watch?v=aukUUoS1-6E,,
401112193,2019,5,regular,2019-09-28T16:00:00.000Z,False,True,False,False,63706,3793,Kinnick Stadium,2294,Iowa,fbs,Big Ten,48,"[17, 7, 10, 14]",0.999992617268665,1834,1908,2393,Middle Tennessee,fbs,Conference USA,3,"[0, 0, 3, 0]",7.382731335048298e-06,1387,1313,0.369269059499999,https://www.youtube.com/watch?v=sCKjRPzkJ4c,,
401117213,2019,5,regular,2019-09-28T16:00:00.000Z,False,True,False,False,24889,3739,Glass Bowl,2649,Toledo,fbs,Mid-American,28,"[0, 3, 11, 14]",0.9698770642280579,1503,1511,252,BYU,fbs,FBS Independents,21,"[0, 7, 14, 0]",0.03012293577194214,1478,1470,6.792514150691153,https://www.youtube.com/watch?v=vfodJ8jKguM,,
401110811,2019,5,regular,2019-09-28T16:00:00.000Z,False,True,False,False,24519,3973,FirstBank Stadium,238,Vanderbilt,fbs,SEC,24,"[14, 0, 7, 3]",0.5210024678043401,1434,1436,2459,Northern Illinois,fbs,Mid-American,18,"[0, 0, 10, 8]",0.4789975321956599,1330,1328,2.9047008191,https://www.youtube.com/watch?v=La5gq5KZBZQ,,
401110807,2019,5,regular,2019-09-28T16:00:00.000Z,False,True,True,True,51441,3687,AT&T Stadium,8,Arkansas,fbs,SEC,27,"[0, 17, 7, 3]",0.1735122948884964,1351,1368,245,Texas A&M,fbs,SEC,31,"[7, 14, 0, 10]",0.8264877051115036,1763,1746,7.224053915767055,https://www.youtube.com/watch?v=N-OZ64C42Yo,,
401112117,2019,5,regular,2019-09-28T16:00:00.000Z,False,True,False,True,84416,3835,"Memorial Stadium (Norman, OK)",201,Oklahoma,fbs,Big 12,55,"[17, 17, 14, 7]",0.9935340881347656,1897,1966,2641,Texas Tech,fbs,Big 12,16,"[0, 10, 6, 0]",0.006465911865234375,1567,1498,2.468477998190584,https://www.youtube.com/watch?v=0x0qWFotDw4,,
401112470,2019,5,regular,2019-09-28T16:30:00.000Z,False,True,False,False,44141,3752,Acrisure Stadium,221,Pittsburgh,fbs,ACC,17,"[0, 10, 0, 7]",0.797400712966919,,,48,Delaware,fcs,CAA,14,"[0, 7, 7, 0]",0.20259928703308105,,,5.437639176486205,https://www.youtube.com/watch?v=5BkwmurzBtw,,
401128649,2019,5,regular,2019-09-28T16:30:00.000Z,False,True,False,False,,3741,Goodman Stadium,2329,Lehigh,fcs,Patriot,10,"[0, 0, 3, 7]",,,,2771,Merrimack,fcs,NEC,3,"[0, 3, 0, 0]",,,,,,,
401127072,2019,5,regular,2019-09-28T17:00:00.000Z,False,True,False,False,,3681,Coffey Field,2230,Fordham,fcs,Patriot,23,"[0, 10, 13, 0]",,,,257,Richmond,fcs,CAA,16,"[3, 7, 3, 3]",,,,,,,
401128631,2019,5,regular,2019-09-28T17:00:00.000Z,False,True,False,False,,3802,Lawrence A. Wien Stadium,171,Columbia,fcs,Ivy,10,"[7, 0, 0, 3]",,,,46,Georgetown,fcs,Patriot,24,"[0, 14, 3, 7]",,,,,,,
401128951,2019,5,regular,2019-09-28T17:00:00.000Z,False,True,False,True,,3997,Yale Bowl,43,Yale,fcs,Ivy,27,"[3, 0, 7, 17]",,,,172,Cornell,fcs,Ivy,16,"[0, 3, 7, 6]",,,,,,,
401127419,2019,5,regular,2019-09-28T17:00:00.000Z,False,True,False,True,,3661,Bulldog Stadium,2803,Bryant,fcs,NEC,6,"[6, 0, 0, 0]",,,,2598,Saint Francis,fcs,NEC,16,"[0, 10, 3, 3]",,,,,,,
401127207,2019,5,regular,2019-09-28T17:00:00.000Z,False,True,False,True,,3990,William H. Greene Stadium,47,Howard,fcs,MEAC,29,"[7, 0, 7, 15]",,,,2065,Bethune-Cookman,fcs,MEAC,37,"[21, 3, 0, 13]",,,,,,,
401127071,2019,5,regular,2019-09-28T17:00:00.000Z,False,True,False,False,,3688,Wildcat Stadium,160,New Hampshire,fcs,CAA,23,"[10, 3, 3, 7]",,,,2184,Duquesne,fcs,NEC,6,"[0, 0, 0, 6]",,,,,,,
401128608,2019,5,regular,2019-09-28T17:00:00.000Z,False,True,False,False,,4416,Spec Martin Municipal Stadium,56,Stetson,fcs,Pioneer,55,"[10, 28, 14, 3]",,,,286,North Carolina Wesleyan,iii,USA South,21,"[14, 0, 7, 0]",,,,,,,
401128508,2019,5,regular,2019-09-28T17:00:00.000Z,False,True,False,True,,3868,Paladin Stadium,231,Furman,fcs,Southern,17,"[7, 3, 0, 7]",,,,2193,East Tennessee State,fcs,Southern,10,"[0, 7, 3, 0]",,,,,,,
401128593,2019,5,regular,2019-09-28T17:00:00.000Z,False,True,False,True,,36,Leonidoff Field,2368,Marist,fcs,Pioneer,17,"[0, 3, 7, 7]",,,,2181,Drake,fcs,Pioneer,41,"[13, 14, 7, 7]",,,,,,,
401128584,2019,5,regular,2019-09-28T17:00:00.000Z,False,True,False,False,,3691,D. B. Milne Field,294,Jacksonville,fcs,Pioneer,42,"[17, 14, 0, 11]",,,,3178,Ave Maria University,,,28,"[7, 14, 0, 7]",,,,,,,
401128529,2019,5,regular,2019-09-28T17:30:00.000Z,False,True,False,True,,3597,Alumni Memorial Field,2678,VMI,fcs,Southern,36,"[10, 14, 0, 12]",,,,2747,Wofford,fcs,Southern,51,"[21, 14, 6, 10]",,,,,,,
401128612,2019,5,regular,2019-09-28T18:00:00.000Z,False,True,False,False,,3655,Brown Field,2674,Valparaiso,fcs,Pioneer,13,"[7, 6, 0, 0]",,,,2128,Charleston (WV),ii,Mountain East,19,"[7, 3, 6, 3]",,,,,,,
401127068,2019,5,regular,2019-09-28T18:00:00.000Z,False,True,False,True,,3894,Rhodes Stadium,2210,Elon,fcs,CAA,10,"[7, 0, 0, 3]",,,,256,James Madison,fcs,CAA,45,"[14, 7, 17, 7]",,,,,,,
401126922,2019,5,regular,2019-09-28T19:00:00.000Z,False,True,False,True,,3856,Nottingham Field,2458,Northern Colorado,fcs,Big Sky,27,"[7, 0, 10, 10]",,,,70,Idaho,fcs,Big Sky,24,"[3, 14, 7, 0]",,,,,,,
401126948,2019,5,regular,2019-09-28T19:00:00.000Z,False,True,False,True,,3643,Bobcat Stadium,147,Montana State,fcs,Big Sky,49,"[0, 14, 7, 28]",,,,2464,Northern Arizona,fcs,Big Sky,31,"[14, 14, 3, 0]",,,,,,,
401127431,2019,5,regular,2019-09-28T19:00:00.000Z,False,True,False,True,,3742,Governors Stadium,2046,Austin Peay,fcs,OVC,52,"[10, 21, 14, 7]",,,,55,Jacksonville State,fcs,OVC,33,"[7, 0, 7, 19]",,,,,,,
401128474,2019,5,regular,2019-09-28T19:00:00.000Z,False,True,True,False,,3812,Lucas Oil Stadium,2296,Jackson State,fcs,SWAC,25,"[10, 0, 0, 15]",,,,2310,Kentucky State,ii,SIAC,33,"[6, 14, 13, 0]",,,,,,,
401128499,2019,5,regular,2019-09-28T19:00:00.000Z,False,True,False,True,,3925,Seibert Stadium,2535,Samford,fcs,Southern,61,"[7, 3, 14, 14, 23]",,,,2643,The Citadel,fcs,Southern,55,"[7, 7, 7, 17, 17]",,,,,,,
401128644,2019,5,regular,2019-09-28T19:30:00.000Z,False,True,False,False,,3721,Fisher Field,322,Lafayette,fcs,Patriot,24,"[3, 7, 0, 14]",,,,219,Pennsylvania,fcs,Ivy,28,"[0, 14, 0, 14]",,,,,,,
401128615,2019,5,regular,2019-09-28T19:30:00.000Z,False,True,False,False,,3676,Christy Mathewson-Memorial Stadium,2083,Bucknell,fcs,Patriot,23,"[7, 7, 3, 6]",,,,163,Princeton,fcs,Ivy,56,"[7, 21, 14, 14]",,,,,,,
401112076,2019,5,regular,2019-09-28T19:30:00.000Z,False,True,False,True,42359,4727,McLane Stadium,239,Baylor,fbs,Big 12,23,"[0, 7, 13, 3]",0.7943100929260254,1554,1557,66,Iowa State,fbs,Big 12,21,"[0, 0, 0, 21]",0.2056899070739746,1761,1758,5.7045062968926645,https://www.youtube.com/watch?v=gARLS-D17VM,,
401114221,2019,5,regular,2019-09-28T19:30:00.000Z,False,True,False,True,66975,3765,Husky Stadium,264,Washington,fbs,Pac-12,28,"[14, 3, 11, 0]",0.9036850929260254,1805,1822,30,USC,fbs,Pac-12,14,"[0, 7, 7, 0]",0.09631490707397461,1670,1653,2.6627272277754424,https://www.youtube.com/watch?v=SpmbzxwFstU,,
401112467,2019,5,regular,2019-09-28T19:30:00.000Z,False,True,False,True,50500,3787,Kenan Stadium,153,North Carolina,fbs,ACC,20,"[7, 7, 0, 6]",0.4234735369682312,1439,1468,228,Clemson,fbs,ACC,21,"[0, 14, 0, 7]",0.5765264630317688,2186,2157,5.215883573211684,https://www.youtube.com/watch?v=9FEg9tRNLJc,,
401112161,2019,5,regular,2019-09-28T19:30:00.000Z,False,True,False,True,71048,3936,Spartan Stadium,127,Michigan State,fbs,Big Ten,40,"[7, 14, 0, 19]",0.8988372087478638,1729,1728,84,Indiana,fbs,Big Ten,31,"[7, 7, 3, 14]",0.10116279125213623,1491,1492,7.875063582084313,https://www.youtube.com/watch?v=s86A6Gnv8bk,,
401114356,2019,5,regular,2019-09-28T19:30:00.000Z,False,True,False,False,7284,3985,Warren McGuirk Alumni Stadium,113,Massachusetts,fbs,FBS Independents,37,"[7, 13, 14, 3]",0.9674361944198608,1032,1047,2006,Akron,fbs,Mid-American,29,"[7, 7, 7, 8]",0.03256380558013916,1076,1061,4.429130746388027,,,
401112466,2019,5,regular,2019-09-28T19:30:00.000Z,False,True,False,True,39352,3615,"Alumni Stadium (Chestnut Hill, MA)",103,Boston College,fbs,ACC,24,"[0, 17, 0, 7]",0.33894115686416626,1517,1517,154,Wake Forest,fbs,ACC,27,"[10, 7, 3, 7]",0.6610588431358337,1592,1592,6.956485329576421,https://www.youtube.com/watch?v=IKbvLWhvJ-k,,
401112472,2019,5,regular,2019-09-28T19:30:00.000Z,False,True,False,False,77622,3855,Notre Dame Stadium,87,Notre Dame,fbs,FBS Independents,35,"[14, 0, 14, 7]",1,1856,1867,258,Virginia,fbs,ACC,20,"[7, 10, 0, 3]",0,1626,1615,5.255761227236125,https://www.youtube.com/watch?v=BhBSv3zBmis,,
401114267,2019,5,regular,2019-09-28T19:30:00.000Z,False,True,False,True,12334,4418,Jerry Richardson Stadium,2429,Charlotte,fbs,Conference USA,27,"[7, 7, 7, 6]",0.0054447646252810955,1353,1318,2226,Florida Atlantic,fbs,Conference USA,45,"[14, 10, 14, 7]",0.9945552353747189,1435,1470,5.5687053788143315,https://www.youtube.com/watch?v=jIRE3c-MyTY,,
401112469,2019,5,regular,2019-09-28T19:30:00.000Z,False,True,False,False,31094,3806,Lincoln Financial Field,218,Temple,fbs,American Athletic,24,"[0, 14, 10, 0]",0.9510238766670227,1507,1562,59,Georgia Tech,fbs,ACC,2,"[0, 0, 2, 0]",0.048976123332977295,1524,1469,3.2387213170379443,https://www.youtube.com/watch?v=Z1TspRoMedw,,
401127067,2019,5,regular,2019-09-28T19:30:00.000Z,False,True,False,True,,4419,Bob Ford Field,399,UAlbany,fcs,CAA,39,"[3, 9, 10, 17]",,,,2729,William & Mary,fcs,CAA,31,"[14, 3, 7, 7]",,,,,,,
401110806,2019,5,regular,2019-09-28T19:30:00.000Z,False,True,False,True,99590,3657,Bryant-Denny Stadium,333,Alabama,fbs,SEC,59,"[7, 31, 14, 7]",0.9869932532310486,2140,2144,145,Ole Miss,fbs,SEC,31,"[10, 0, 7, 14]",0.013006746768951416,1484,1480,3.4967521286066288,https://www.youtube.com/watch?v=OBj8C-pxNsI,,
401127069,2019,5,regular,2019-09-28T19:30:00.000Z,False,True,False,True,,717,Villanova Stadium,222,Villanova,fcs,CAA,33,"[16, 14, 0, 3]",,,,311,Maine,fcs,CAA,17,"[0, 3, 7, 7]",,,,,,,
401112232,2019,5,regular,2019-09-28T19:30:00.000Z,False,True,False,True,50629,3907,Ross-Ade Stadium,2509,Purdue,fbs,Big Ten,31,"[3, 7, 7, 14]",0.006276719272136688,1493,1488,135,Minnesota,fbs,Big Ten,38,"[14, 14, 10, 0]",0.9937232807278633,1602,1607,4.827186453353207,https://www.youtube.com/watch?v=CVWhggxy5o8,,
401121943,2019,5,regular,2019-09-28T19:30:00.000Z,False,True,False,True,25055,3792,Kidd Brewer Stadium,2026,App State,fbs,Sun Belt,56,"[14, 21, 7, 14]",0.8801353573799133,1682,1694,324,Coastal Carolina,fbs,Sun Belt,37,"[14, 7, 9, 7]",0.11986464262008667,1353,1341,4.251181820428195,,,
401117873,2019,5,regular,2019-09-28T20:00:00.000Z,False,True,False,True,28850,3886,Raymond James Stadium,58,South Florida,fbs,American Athletic,21,"[0, 0, 7, 14]",0.006334105506539345,1310,1264,2567,SMU,fbs,American Athletic,48,"[14, 20, 7, 7]",0.9936658944934607,1540,1586,3.625961769952797,https://www.youtube.com/watch?v=KWH1LSyhwSo,,
401110809,2019,5,regular,2019-09-28T20:00:00.000Z,False,True,False,False,79126,3634,Ben Hill Griffin Stadium,57,Florida,fbs,SEC,38,"[7, 10, 14, 7]",0.9883917570114136,,,119,Towson,fcs,CAA,0,"[0, 0, 0, 0]",0.011608242988586426,,,2.0347973259241257,https://www.youtube.com/watch?v=-fsXPsd_GZQ,,
401128491,2019,5,regular,2019-09-28T20:00:00.000Z,False,True,False,True,,3720,Finley Stadium,236,Chattanooga,fcs,Southern,60,"[6, 31, 7, 16]",,,,2717,Western Carolina,fcs,Southern,36,"[7, 14, 15, 0]",,,,,,,
401126940,2019,5,regular,2019-09-28T20:00:00.000Z,False,True,False,True,,3602,Aggie Stadium,302,UC Davis,fcs,Big Sky,20,"[0, 7, 7, 6]",,,,149,Montana,fcs,Big Sky,45,"[7, 10, 21, 7]",,,,,,,
401127024,2019,5,regular,2019-09-28T20:00:00.000Z,False,True,False,True,,4133,Braly Municipal Stadium,2453,North Alabama,fcs,Big South,41,"[7, 14, 17, 3]",,,,2506,Presbyterian,fcs,Big South,21,"[2, 7, 6, 6]",,,,,,,
401127217,2019,5,regular,2019-09-28T20:00:00.000Z,False,True,False,True,,3991,"William Dick"""" Price Stadium""""",2450,Norfolk State,fcs,MEAC,28,"[7, 7, 7, 7]",,,,50,Florida A&M,fcs,MEAC,30,"[7, 10, 6, 7]",,,,,,,
401126914,2019,5,regular,2019-09-28T21:00:00.000Z,False,True,False,False,,3906,Roos Field,331,Eastern Washington,fcs,Big Sky,35,"[14, 14, 0, 7, 0]",,,,155,North Dakota,fcs,FCS Independents,20,"[7, 0, 7, 6, 0]",,,,,,,
401128390,2019,5,regular,2019-09-28T21:00:00.000Z,False,True,False,True,,3858,O'Brien Stadium,2197,Eastern Illinois,fcs,OVC,29,"[7, 0, 7, 15]",,,,2635,Tennessee Tech,fcs,OVC,40,"[0, 21, 13, 6]",,,,,,,
401128469,2019,5,regular,2019-09-28T21:00:00.000Z,False,True,False,True,,499,Cotton Bowl,2504,Prairie View A&M,fcs,SWAC,42,"[14, 17, 0, 11]",,,,2755,Grambling,fcs,SWAC,36,"[17, 6, 0, 13]",,,,,,,
401114269,2019,5,regular,2019-09-28T21:00:00.000Z,False,True,False,False,32192,3775,Joan C. Edwards Stadium,276,Marshall,fbs,Conference USA,14,"[0, 0, 0, 14]",0.002834186190739274,1514,1410,2132,Cincinnati,fbs,American Athletic,52,"[14, 14, 17, 7]",0.9971658138092607,1581,1685,2.7761487542769037,https://www.youtube.com/watch?v=wFso6uQimXg,,
401126931,2019,5,regular,2019-09-28T21:05:00.000Z,False,True,False,True,,1930,Holt Arena,304,Idaho State,fcs,Big Sky,51,"[20, 21, 7, 3]",,,,2502,Portland State,fcs,Big Sky,24,"[0, 10, 14, 0]",,,,,,,
401128623,2019,5,regular,2019-09-28T22:00:00.000Z,False,True,False,False,,3826,Memorial Field,159,Dartmouth,fcs,Ivy,38,"[14, 10, 7, 7]",,,,2142,Colgate,fcs,Patriot,3,"[0, 0, 3, 0]",,,,,,,
401128355,2019,5,regular,2019-09-28T22:00:00.000Z,False,True,False,True,,3908,Roy Kidd Stadium,2198,Eastern Kentucky,fcs,OVC,42,"[7, 14, 7, 14]",,,,2634,Tennessee State,fcs,OVC,16,"[3, 6, 7, 0]",,,,,,,
401128943,2019,5,regular,2019-09-28T22:00:00.000Z,False,True,False,False,,4899,Fifth Third Stadium,338,Kennesaw State,fcs,Big South,31,[],,,,2890,Reinhardt,,,7,[],,,,,,CALLED IN 3RD QUARTER (SEVERE WEATHER),
401127223,2019,5,regular,2019-09-28T22:00:00.000Z,False,True,False,True,,3762,Hughes Stadium,2415,Morgan State,fcs,MEAC,17,"[0, 3, 7, 7]",,,,2428,North Carolina Central,fcs,MEAC,27,"[0, 13, 7, 7]",,,,,,,
401127306,2019,5,regular,2019-09-28T22:00:00.000Z,False,True,False,False,,844,Stambaugh Stadium,2754,Youngstown State,fcs,MVFC,45,"[7, 24, 7, 7]",,,,2523,Robert Morris,fcs,NEC,10,"[7, 0, 3, 0]",,,,,,,
401114350,2019,5,regular,2019-09-28T22:00:00.000Z,False,True,False,False,17101,3992,Williams Stadium (VA),2335,Liberty,fbs,FBS Independents,17,"[7, 7, 3, 0]",0.8112100958824158,1303,1306,167,New Mexico,fbs,Mountain West,10,"[0, 3, 0, 7]",0.18878990411758423,1190,1187,3.761767043652446,,,
401121944,2019,5,regular,2019-09-28T22:00:00.000Z,False,True,False,True,26437,3975,Veterans Memorial Stadium (AL),2653,Troy,fbs,Sun Belt,43,"[10, 21, 6, 6]",0.08615477383136749,1552,1528,2032,Arkansas State,fbs,Sun Belt,50,"[21, 10, 14, 5]",0.9138452261686325,1421,1445,8.70128768157759,https://www.youtube.com/watch?v=C_rwTAxnjWo,,
401114271,2019,5,regular,2019-09-28T22:00:00.000Z,False,True,False,False,18643,3918,S.B. Ballard Stadium,295,Old Dominion,fbs,Conference USA,21,"[3, 0, 10, 8]",0.7887511253356934,1230,1219,151,East Carolina,fbs,American Athletic,24,"[10, 7, 0, 7]",0.21124887466430664,1128,1139,5.330977553940423,https://www.youtube.com/watch?v=VPIF1DBN9AY,,
401121945,2019,5,regular,2019-09-28T22:00:00.000Z,False,True,False,True,19220,3608,Allen E. Paulson Stadium,290,Georgia Southern,fbs,Sun Belt,24,"[3, 10, 8, 3]",0.15778310596942902,1363,1347,309,Louisiana,fbs,Sun Belt,37,"[7, 10, 7, 13]",0.842216894030571,1501,1517,4.7342295764553795,https://www.youtube.com/watch?v=l_6SECRsJ4A,,
401114268,2019,5,regular,2019-09-28T23:00:00.000Z,False,True,False,True,19075,3895,Rice Stadium,242,Rice,fbs,Conference USA,20,"[7, 7, 0, 3, 3]",0.4479139745235443,1179,1189,2348,Louisiana Tech,fbs,Conference USA,23,"[7, 0, 7, 3, 6]",0.5520860254764557,1434,1424,6.4822022370145245,https://www.youtube.com/watch?v=kAc8z7yMy4c,,
401112108,2019,5,regular,2019-09-28T23:00:00.000Z,False,True,False,True,55509,3646,Boone Pickens Stadium,197,Oklahoma State,fbs,Big 12,26,"[10, 6, 7, 3]",0.925445020198822,1653,1682,2306,Kansas State,fbs,Big 12,13,"[0, 3, 0, 10]",0.07455497980117798,1694,1665,3.1193058440507384,https://www.youtube.com/watch?v=dcMIM0HF8F8,,
401117872,2019,5,regular,2019-09-28T23:00:00.000Z,False,True,False,True,44164,3652,FBC Mortgage Stadium,2116,UCF,fbs,American Athletic,56,"[28, 14, 14, 0]",0.986664354801178,1843,1847,41,UConn,fbs,American Athletic,21,"[0, 0, 7, 14]",0.013335645198822021,1015,1011,2.503327495935325,https://www.youtube.com/watch?v=NP0cod6rE9E,,
401121946,2019,5,regular,2019-09-28T23:00:00.000Z,False,True,False,True,16222,3817,Malone Stadium,2433,UL Monroe,fbs,Sun Belt,30,"[7, 10, 0, 13]",0.9981623291969299,1232,1245,6,South Alabama,fbs,Sun Belt,17,"[7, 0, 3, 7]",0.0018376708030700684,1079,1066,3.634980467486752,https://www.youtube.com/watch?v=vrkekaC1aNM,,
401128461,2019,5,regular,2019-09-28T23:00:00.000Z,False,True,False,True,,3740,Golden Lion Stadium,2029,Arkansas-Pine Bluff,fcs,SWAC,7,"[0, 7, 0, 0]",,,,2582,Southern,fcs,SWAC,31,"[14, 0, 7, 10]",,,,,,,
401114273,2019,5,regular,2019-09-28T23:00:00.000Z,False,True,False,True,20304,3796,Houchens Industries-L.T. Smith Stadium,98,Western Kentucky,fbs,Conference USA,20,"[3, 10, 0, 7]",0.8032418489456177,1329,1353,5,UAB,fbs,Conference USA,13,"[3, 7, 3, 0]",0.19675815105438232,1567,1543,4.710998299121003,https://www.youtube.com/watch?v=2lXeGbTw_N8,,
401114272,2019,5,regular,2019-09-28T23:00:00.000Z,False,True,False,True,23337,3815,M. M. Roberts Stadium,2572,Southern Miss,fbs,Conference USA,31,"[14, 10, 7, 0]",0.9986112117767334,1413,1423,2638,UTEP,fbs,Conference USA,13,"[0, 6, 7, 0]",0.0013887882232666016,1078,1068,2.016607102557627,https://www.youtube.com/watch?v=LxWZs3SFFYY,,
401110808,2019,5,regular,2019-09-28T23:00:00.000Z,False,True,False,True,87451,3785,Jordan-Hare Stadium,2,Auburn,fbs,SEC,56,"[21, 21, 7, 7]",0.9892497062683105,1859,1942,344,Mississippi State,fbs,SEC,23,"[6, 3, 7, 7]",0.010750293731689453,1795,1712,2.417645476839833,https://www.youtube.com/watch?v=isBOeeTj2jw,,
401114202,2019,5,regular,2019-09-28T23:00:00.000Z,False,True,False,True,32326,3893,Reser Stadium,204,Oregon State,fbs,Pac-12,28,"[0, 0, 7, 21]",0.24953573941549315,1210,1225,24,Stanford,fbs,Pac-12,31,"[7, 7, 7, 10]",0.7504642605845069,1554,1539,3.99590830519999,https://www.youtube.com/watch?v=4_1-3dox9Bw,,
401121947,2019,5,regular,2019-09-28T23:00:00.000Z,False,True,False,False,19159,3644,Bobcat Stadium (TX),326,Texas State,fbs,Sun Belt,24,"[3, 0, 14, 7]",0.9075844883918762,,,2447,Nicholls,fcs,Southland,3,"[0, 3, 0, 0]",0.09241551160812378,,,3.747480200108253,,,
401128662,2019,5,regular,2019-09-28T23:00:00.000Z,False,True,False,True,,3734,Gayle and Tom Benson Stadium,2916,Incarnate Word,fcs,Southland,31,"[7, 6, 7, 11]",,,,2000,Abilene Christian,fcs,Southland,24,"[0, 3, 14, 7]",,,,,,,
401127070,2019,5,regular,2019-09-28T23:00:00.000Z,False,True,False,True,,3824,Meade Stadium,227,Rhode Island,fcs,CAA,27,"[0, 0, 7, 20]",,,,2619,Stony Brook,fcs,CAA,31,"[7, 0, 7, 17]",,,,,,,
401128436,2019,5,regular,2019-09-28T23:00:00.000Z,False,True,False,False,,3797,Ladd Peebles Stadium,2010,Alabama A&M,fcs,SWAC,63,"[14, 28, 14, 7]",,,,2119,Central State,ii,SIAC,20,"[7, 7, 0, 6]",,,,,,,
401128455,2019,5,regular,2019-09-28T23:00:00.000Z,False,True,False,True,,3771,Jack Spinks Stadium,2016,Alcorn State,fcs,SWAC,45,"[7, 14, 17, 7]",,,,2400,Mississippi Valley State,fcs,SWAC,19,"[0, 13, 6, 0]",,,,,,,
401128695,2019,5,regular,2019-09-28T23:00:00.000Z,False,True,False,False,,4424,Husky Stadium,2277,Houston Christian,fcs,Southland,68,"[17, 20, 31, 0]",,,,2640,Texas Southern,fcs,SWAC,31,"[0, 21, 3, 7]",,,,,,,
401128711,2019,5,regular,2019-09-28T23:00:00.000Z,False,True,False,True,,3882,Provost Umphrey Stadium,2320,Lamar,fcs,Southland,17,"[3, 0, 0, 14]",,,,2617,Stephen F. Austin,fcs,Southland,24,"[3, 10, 0, 11]",,,,,,,
401128715,2019,5,regular,2019-09-28T23:00:00.000Z,False,True,False,True,,3686,Cowboy Stadium,2377,McNeese,fcs,Southland,17,"[7, 7, 3, 0]",,,,2534,Sam Houston,fcs,Southland,28,"[0, 9, 6, 13]",,,,,,,
401126988,2019,5,regular,2019-09-28T23:00:00.000Z,False,True,False,False,,4417,Five Star Stadium at the Moye Complex,2382,Mercer,fcs,Southern,27,"[0, 6, 7, 14]",,,,2097,Campbell,fcs,Big South,34,"[6, 7, 7, 14]",,,,,,,
401128726,2019,5,regular,2019-09-28T23:00:00.000Z,False,True,False,True,,3963,Harry Turpin Stadium,2466,Northwestern State,fcs,Southland,27,"[7, 10, 3, 7]",,,,2545,SE Louisiana,fcs,Southland,44,"[10, 7, 20, 7]",,,,,,,
401128372,2019,5,regular,2019-09-28T23:00:00.000Z,False,True,False,True,,3748,Graham Stadium,2630,UT Martin,fcs,OVC,40,"[14, 10, 3, 13]",,,,93,Murray State,fcs,OVC,7,"[0, 7, 0, 0]",,,,,,,
401110810,2019,5,regular,2019-09-28T23:30:00.000Z,False,True,False,True,80828,3994,Williams-Brice Stadium,2579,South Carolina,fbs,SEC,24,"[7, 3, 7, 7]",1,1496,1547,96,Kentucky,fbs,SEC,7,"[0, 0, 0, 7]",0,1633,1582,2.3041707763242014,https://www.youtube.com/watch?v=iVvVO7tPa0s,,
401112468,2019,5,regular,2019-09-28T23:30:00.000Z,False,True,False,True,60351,3697,Doak Campbell Stadium,52,Florida State,fbs,ACC,31,"[3, 14, 7, 7]",0.9830690622329712,1457,1511,152,NC State,fbs,ACC,13,"[0, 6, 0, 7]",0.01693093776702881,1593,1539,4.560054560396151,https://www.youtube.com/watch?v=S15VPhokp0I,,
401112241,2019,5,regular,2019-09-28T23:30:00.000Z,False,True,False,True,89759,3834,"Memorial Stadium (Lincoln, NE)",158,Nebraska,fbs,Big Ten,7,"[0, 0, 7, 0]",0.003377885092049837,1566,1520,194,Ohio State,fbs,Big Ten,48,"[14, 24, 10, 0]",0.9966221149079502,2157,2203,2.8070942014413243,https://www.youtube.com/watch?v=M8QpwE94xng,,
401117513,2019,5,regular,2019-09-28T23:30:00.000Z,False,True,False,True,20017,3905,Maverik Stadium,328,Utah State,fbs,Mountain West,34,"[7, 17, 3, 7]",0.9101111888885498,1723,1708,36,Colorado State,fbs,Mountain West,24,"[7, 14, 3, 0]",0.0898888111114502,1231,1246,6.969401336341408,https://www.youtube.com/watch?v=2Cuabm0uJ_g,,
401114341,2019,5,regular,2019-09-29T00:00:00.000Z,False,True,False,False,8872,3601,Aggie Memorial Stadium,166,New Mexico State,fbs,FBS Independents,17,"[0, 3, 7, 7]",0.007015603594481945,1047,1070,278,Fresno State,fbs,Mountain West,30,"[7, 17, 6, 0]",0.992984396405518,1666,1643,3.1489648131809056,,,
401117514,2019,5,regular,2019-09-29T00:00:00.000Z,False,True,False,True,23029,3984,War Memorial Stadium,2751,Wyoming,fbs,Mountain West,53,"[7, 26, 0, 20]",0.9947817921638489,1502,1569,2439,UNLV,fbs,Mountain West,17,"[10, 0, 0, 7]",0.005218207836151123,1230,1163,3.2054833376670495,https://www.youtube.com/watch?v=zg_ZSvJBTeo,,
401114270,2019,5,regular,2019-09-29T00:00:00.000Z,False,True,False,False,30123,3825,DATCU Stadium,249,North Texas,fbs,Conference USA,25,"[0, 6, 12, 7]",0.017089709639549255,1503,1444,248,Houston,fbs,American Athletic,46,"[14, 3, 14, 15]",0.9829102903604507,1461,1520,3.5557841828903993,https://www.youtube.com/watch?v=rU8Yqb07aeo,,
401126984,2019,5,regular,2019-09-29T00:00:00.000Z,False,True,False,False,,3942,Stewart Stadium,2692,Weber State,fcs,Big Sky,29,"[20, 7, 2, 0]",,,,2460,Northern Iowa,fcs,MVFC,17,"[3, 7, 0, 7]",,,,,,,
401126903,2019,5,regular,2019-09-29T00:05:00.000Z,False,True,False,True,,3706,Eccles Coliseum,253,Southern Utah,fcs,Big Sky,21,"[0, 7, 6, 8]",,,,13,Cal Poly,fcs,Big Sky,24,"[3, 14, 0, 7]",,,,,,,
401114226,2019,5,regular,2019-09-29T02:00:00.000Z,False,True,False,True,46115,587,Rice-Eccles Stadium,254,Utah,fbs,Pac-12,38,"[7, 14, 10, 7]",0.9792787432670593,1695,1762,265,Washington State,fbs,Pac-12,13,"[7, 6, 0, 0]",0.020721256732940674,1724,1657,3.9895349396594506,https://www.youtube.com/watch?v=hw2KO6Sn_5M,,
401117515,2019,5,regular,2019-09-29T02:30:00.000Z,False,True,False,True,15137,3816,Mackay Stadium,2440,Nevada,fbs,Mountain West,3,"[0, 3, 0, 0]",0.0023246894124895334,1271,1107,62,Hawai'i,fbs,Mountain West,54,"[7, 24, 14, 9]",0.9976753105875105,1265,1429,2.5157944523421683,https://www.youtube.com/watch?v=eguD8iDOL40,,
401114166,2019,5,regular,2019-09-29T02:30:00.000Z,False,True,False,True,38283,3619,Arizona Stadium,12,Arizona,fbs,Pac-12,20,"[0, 6, 7, 7]",0.9399816989898682,1489,1489,26,UCLA,fbs,Pac-12,17,"[7, 0, 10, 0]",0.060018301010131836,1405,1405,6.520902231355791,https://www.youtube.com/watch?v=2G0WPZeiYGQ,,
401121948,2019,6,regular,2019-10-03T23:30:00.000Z,False,True,False,True,20013,3797,Ladd Peebles Stadium,6,South Alabama,fbs,Sun Belt,17,"[0, 7, 7, 3, 0, 0]",0.47755993625945864,1066,1078,290,Georgia Southern,fbs,Sun Belt,20,"[0, 10, 0, 7, 0, 3]",0.5224400637405413,1347,1335,8.1206199088,https://www.youtube.com/watch?v=VxEqjRo1mBs,,
401117874,2019,6,regular,2019-10-04T00:00:00.000Z,False,True,False,True,33253,3699,Dowdy-Ficklen Stadium,151,East Carolina,fbs,American Athletic,17,"[7, 3, 0, 7]",0.06099997088313103,1139,1152,218,Temple,fbs,American Athletic,27,"[0, 17, 7, 3]",0.939000029116869,1562,1549,4.424679829839478,https://www.youtube.com/watch?v=IUgxlVGhDHo,,
401128689,2019,6,regular,2019-10-04T23:00:00.000Z,False,True,False,True,,3730,Franklin Field,219,Pennsylvania,fcs,Ivy,15,"[0, 7, 0, 8]",,,,159,Dartmouth,fcs,Ivy,28,"[14, 7, 0, 7]",,,,,,,
401117875,2019,6,regular,2019-10-05T00:00:00.000Z,False,True,False,True,40121,3854,Nippert Stadium,2132,Cincinnati,fbs,American Athletic,27,"[0, 10, 10, 7]",1,1685,1688,2116,UCF,fbs,American Athletic,24,"[3, 13, 0, 8]",0,1847,1844,6.047219796561954,https://www.youtube.com/watch?v=XmF3CgiSZVA,,
401117519,2019,6,regular,2019-10-05T02:00:00.000Z,False,True,False,True,16119,3935,CEFCU Stadium,23,San José State,fbs,Mountain West,32,"[6, 20, 0, 6]",1,1195,1214,167,New Mexico,fbs,Mountain West,21,"[0, 7, 7, 7]",0,1187,1168,2.7847166237192864,https://www.youtube.com/watch?v=d7suslcxMFE,,
401112205,2019,6,regular,2019-10-05T16:00:00.000Z,False,True,False,True,30185,3754,High Point Solutions Stadium,164,Rutgers,fbs,Big Ten,7,"[0, 7, 0, 0]",0.08222194015979767,1196,1110,120,Maryland,fbs,Big Ten,48,"[7, 20, 21, 0]",0.9177780598402023,1463,1549,4.091414407793623,https://www.youtube.com/watch?v=N0IdO4PJhV0,,
401112126,2019,6,regular,2019-10-05T16:00:00.000Z,False,True,False,True,56479,3784,Jones AT&T Stadium,2641,Texas Tech,fbs,Big 12,45,"[13, 7, 14, 11]",0.9696377515792847,1498,1529,197,Oklahoma State,fbs,Big 12,35,"[0, 7, 14, 14]",0.030362248420715332,1682,1651,3.516413170524893,https://www.youtube.com/watch?v=dlPdSNA2bPw,,
401114328,2019,6,regular,2019-10-05T16:00:00.000Z,False,True,False,False,38019,3841,Michie Stadium,349,Army,fbs,FBS Independents,33,"[7, 7, 7, 12]",0.027655649930238724,1710,1675,2655,Tulane,fbs,American Athletic,42,"[14, 7, 7, 14]",0.9723443500697613,1520,1555,4.917997701820965,https://www.youtube.com/watch?v=igYkSYQDtqw,,
401110813,2019,6,regular,2019-10-05T16:00:00.000Z,False,True,False,False,100266,3958,Tiger Stadium (LA),99,LSU,fbs,SEC,42,"[7, 14, 14, 7]",0.9899235963821411,1892,1970,328,Utah State,fbs,Mountain West,6,"[6, 0, 0, 0]",0.010076403617858887,1708,1630,2.398193219746788,https://www.youtube.com/watch?v=1FbrJWzrLmc,,
401136599,2019,6,regular,2019-10-05T16:00:00.000Z,False,True,False,True,,3623,Arthur J. Rooney Athletic Field,2184,Duquesne,fcs,NEC,21,"[7, 6, 0, 8]",,,,2341,Long Island University,fcs,NEC,14,"[0, 0, 7, 7]",,,,,,,
401117876,2019,6,regular,2019-10-05T16:00:00.000Z,False,True,False,True,18038,3892,Pratt & Whitney Stadium,41,UConn,fbs,American Athletic,22,"[0, 14, 0, 8]",0.05780467391014099,1011,971,58,South Florida,fbs,American Athletic,48,"[7, 20, 7, 14]",0.942195326089859,1264,1304,4.386093287672202,https://www.youtube.com/watch?v=1md_3wEMscA,,
401112101,2019,6,regular,2019-10-05T16:00:00.000Z,False,True,False,True,34402,3833,Memorial Stadium,2305,Kansas,fbs,Big 12,20,"[7, 0, 0, 13]",0.0020838615018874407,1376,1373,201,Oklahoma,fbs,Big 12,45,"[7, 14, 14, 10]",0.9979161384981126,1966,1969,3.74645205551053,https://www.youtube.com/watch?v=QwByD52VHis,,
401112194,2019,6,regular,2019-10-05T16:00:00.000Z,False,True,False,True,111519,3558,Michigan Stadium,130,Michigan,fbs,Big Ten,10,"[10, 0, 0, 0]",0.8991846442222595,1824,1838,2294,Iowa,fbs,Big Ten,3,"[0, 3, 0, 0]",0.10081535577774048,1908,1894,3.9104579246137887,https://www.youtube.com/watch?v=w2n4PeaXEmE,,
401112269,2019,6,regular,2019-10-05T16:00:00.000Z,False,True,False,False,74559,347,Camp Randall Stadium,275,Wisconsin,fbs,Big Ten,48,"[7, 21, 13, 7]",0.9936109781265259,1929,1982,2309,Kent State,fbs,Mid-American,0,"[0, 0, 0, 0]",0.006389021873474121,1235,1182,2.4403158175911948,https://www.youtube.com/watch?v=fLkaFvWp81c,,
401112260,2019,6,regular,2019-10-05T16:00:00.000Z,False,True,False,True,106536,3632,Beaver Stadium,213,Penn State,fbs,Big Ten,35,"[21, 7, 0, 7]",0.9930024743080139,1984,2003,2509,Purdue,fbs,Big Ten,7,"[0, 7, 0, 0]",0.006997525691986084,1488,1469,2.290043121232771,https://www.youtube.com/watch?v=Kh-CGDSc7X4,,
401128556,2019,6,regular,2019-10-05T16:00:00.000Z,False,True,False,True,,4416,Spec Martin Municipal Stadium,56,Stetson,fcs,Pioneer,30,"[14, 0, 3, 13]",,,,2086,Butler,fcs,Pioneer,27,"[10, 7, 0, 10]",,,,,,,
401128576,2019,6,regular,2019-10-05T16:00:00.000Z,False,True,False,True,,3988,Welcome Stadium,2168,Dayton,fcs,Pioneer,56,"[7, 28, 7, 14]",,,,294,Jacksonville,fcs,Pioneer,28,"[7, 7, 7, 7]",,,,,,,
401127077,2019,6,regular,2019-10-05T16:30:00.000Z,False,True,False,False,,3656,Brown Stadium,225,Brown,fcs,Ivy,28,"[7, 7, 0, 14]",,,,227,Rhode Island,fcs,CAA,31,"[7, 10, 7, 7]",,,,,,,
401112473,2019,6,regular,2019-10-05T16:30:00.000Z,False,True,False,True,46007,3873,L&N Federal Credit Union Stadium,97,Louisville,fbs,ACC,41,"[14, 14, 3, 10]",1,1274,1278,103,Boston College,fbs,ACC,39,"[7, 15, 7, 10]",0,1517,1513,7.180923851948934,https://www.youtube.com/watch?v=PlPYD2sUz6U,,
401130356,2019,6,regular,2019-10-05T17:00:00.000Z,False,True,False,False,,3997,Yale Bowl,43,Yale,fcs,Ivy,48,"[17, 28, 0, 3]",,,,2230,Fordham,fcs,Patriot,24,"[7, 3, 0, 14]",,,,,,,
401128675,2019,6,regular,2019-10-05T17:00:00.000Z,False,True,False,False,,3750,Harvard Stadium,108,Harvard,fcs,Ivy,62,"[7, 34, 14, 7]",,,,47,Howard,fcs,MEAC,17,"[3, 0, 7, 7]",,,,,,,
401128669,2019,6,regular,2019-10-05T17:00:00.000Z,False,True,False,True,,3881,Princeton University Stadium,163,Princeton,fcs,Ivy,21,"[7, 0, 7, 7]",,,,171,Columbia,fcs,Ivy,10,"[3, 7, 0, 0]",,,,,,,
401127261,2019,6,regular,2019-10-05T17:00:00.000Z,False,True,False,True,,3744,Hancock Stadium,2287,Illinois State,fcs,MVFC,3,"[3, 0, 0, 0]",,,,2449,North Dakota State,fcs,MVFC,37,"[16, 7, 7, 7]",,,,,,,
401127420,2019,6,regular,2019-10-05T17:00:00.000Z,False,True,False,False,,6048,Duane Stadium,2771,Merrimack,fcs,NEC,17,"[7, 7, 3, 0]",,,,2803,Bryant,fcs,NEC,24,"[7, 10, 7, 0]",,,,,,,
401128567,2019,6,regular,2019-10-05T17:00:00.000Z,False,True,False,True,,3774,Jayne Stadium,2413,Morehead State,fcs,Pioneer,31,"[7, 0, 3, 21]",,,,2166,Davidson,fcs,Pioneer,42,"[14, 21, 7, 0]",,,,,,,
401126989,2019,6,regular,2019-10-05T17:00:00.000Z,False,True,False,True,,3629,Barker-Lane Stadium,2097,Campbell,fcs,Big South,28,"[7, 7, 0, 14]",,,,2506,Presbyterian,fcs,Big South,14,"[7, 0, 0, 7]",,,,,,,
401128624,2019,6,regular,2019-10-05T17:00:00.000Z,False,True,False,True,,3617,Andy Kerr Stadium,2142,Colgate,fcs,Patriot,14,"[7, 7, 0, 0]",,,,2329,Lehigh,fcs,Patriot,21,"[0, 14, 0, 7]",,,,,,,
401127032,2019,6,regular,2019-10-05T18:00:00.000Z,False,True,False,True,,3620,Armstrong Stadium,2261,Hampton,fcs,Big South,40,"[6, 14, 3, 17]",,,,2453,North Alabama,fcs,Big South,34,"[2, 0, 13, 19]",,,,,,,
401126982,2019,6,regular,2019-10-05T18:00:00.000Z,False,True,False,False,,3605,Alerus Center,155,North Dakota,fcs,FCS Independents,38,"[14, 14, 7, 3]",,,,302,UC Davis,fcs,Big Sky,36,"[0, 14, 14, 8]",,,,,,,
401127230,2019,6,regular,2019-10-05T18:00:00.000Z,False,True,False,True,,3991,"William Dick"""" Price Stadium""""",2450,Norfolk State,fcs,MEAC,19,"[3, 6, 10, 0]",,,,2448,North Carolina A&T,fcs,MEAC,58,"[13, 24, 14, 7]",,,,,,,
401128373,2019,6,regular,2019-10-05T18:00:00.000Z,False,True,False,True,,3909,Roy Stewart Stadium,93,Murray State,fcs,OVC,24,"[7, 2, 7, 8]",,,,2197,Eastern Illinois,fcs,OVC,17,"[0, 7, 3, 7]",,,,,,,
401127075,2019,6,regular,2019-10-05T18:00:00.000Z,False,True,False,True,,2068,E. Claiborne Robins Stadium,257,Richmond,fcs,CAA,23,"[10, 13, 0, 0]",,,,399,UAlbany,fcs,CAA,20,"[7, 6, 0, 7]",,,,,,,
401128616,2019,6,regular,2019-10-05T18:00:00.000Z,False,True,False,True,,3676,Christy Mathewson-Memorial Stadium,2083,Bucknell,fcs,Patriot,14,"[0, 14, 0, 0]",,,,107,Holy Cross,fcs,Patriot,21,"[0, 14, 7, 0]",,,,,,,
401128500,2019,6,regular,2019-10-05T18:00:00.000Z,False,True,False,True,,3782,Johnson Hagood Stadium,2643,The Citadel,fcs,Southern,21,"[7, 0, 7, 7]",,,,2678,VMI,fcs,Southern,34,"[7, 10, 7, 10]",,,,,,,
401127218,2019,6,regular,2019-10-05T18:00:00.000Z,False,True,False,True,,3650,Bragg Memorial Stadium,50,Florida A&M,fcs,MEAC,28,"[7, 7, 0, 14]",,,,2428,North Carolina Central,fcs,MEAC,21,"[0, 7, 7, 7]",,,,,,,
401136593,2019,6,regular,2019-10-05T18:00:00.000Z,False,True,False,True,,3668,Campus Field,2529,Sacred Heart,fcs,NEC,3,"[0, 3, 0, 0]",,,,2115,Central Connecticut,fcs,NEC,28,"[7, 7, 14, 0]",,,,,,,
401112088,2019,6,regular,2019-10-05T18:00:00.000Z,False,True,False,True,59553,3772,Jack Trice Stadium,66,Iowa State,fbs,Big 12,49,"[7, 14, 14, 14]",0.9986979961395264,1758,1813,2628,TCU,fbs,Big 12,24,"[0, 3, 7, 14]",0.0013020038604736328,1687,1632,2.3003973814032466,https://www.youtube.com/watch?v=_6tIk1-oRd4,,
401126932,2019,6,regular,2019-10-05T19:00:00.000Z,False,True,False,True,,3987,Washington-Grizzly Stadium,149,Montana,fcs,Big Sky,59,"[0, 24, 14, 21]",,,,304,Idaho State,fcs,Big Sky,20,"[10, 7, 3, 0]",,,,,,,
401128356,2019,6,regular,2019-10-05T19:00:00.000Z,False,True,False,True,,3908,Roy Kidd Stadium,2198,Eastern Kentucky,fcs,OVC,28,"[7, 7, 7, 7]",,,,2630,UT Martin,fcs,OVC,38,"[7, 10, 14, 7]",,,,,,,
401127295,2019,6,regular,2019-10-05T19:00:00.000Z,False,True,False,True,,5237,Dana J. Dykhouse Stadium,2571,South Dakota State,fcs,MVFC,28,"[6, 3, 6, 13]",,,,79,Southern Illinois,fcs,MVFC,10,"[3, 7, 0, 0]",,,,,,,
401127271,2019,6,regular,2019-10-05T19:00:00.000Z,False,True,False,True,,1905,DakotaDome,233,South Dakota,fcs,MVFC,38,"[14, 10, 14, 0]",,,,282,Indiana State,fcs,MVFC,0,"[0, 0, 0, 0]",,,,,,,
401128437,2019,6,regular,2019-10-05T19:00:00.000Z,False,True,False,True,,3809,Louis Crews Stadium,2010,Alabama A&M,fcs,SWAC,35,"[7, 7, 14, 0, 7]",,,,2640,Texas Southern,fcs,SWAC,28,"[0, 13, 7, 8, 0]",,,,,,,
401119273,2019,6,regular,2019-10-05T19:00:00.000Z,False,True,False,True,15235,3786,Kelly/Shorts Stadium,2117,Central Michigan,fbs,Mid-American,42,"[7, 14, 14, 7]",0.9955506324768066,1173,1272,2199,Eastern Michigan,fbs,Mid-American,16,"[3, 0, 7, 6]",0.004449367523193359,1432,1333,2.951849657166992,,,
401128632,2019,6,regular,2019-10-05T19:00:00.000Z,False,True,False,False,,3921,Schoellkopf Field,172,Cornell,fcs,Ivy,8,"[0, 0, 8, 0]",,,,46,Georgetown,fcs,Patriot,14,"[8, 0, 0, 6]",,,,,,,
401128515,2019,6,regular,2019-10-05T19:00:00.000Z,False,True,False,True,,3925,Seibert Stadium,2535,Samford,fcs,Southern,14,"[7, 7, 0, 0]",,,,231,Furman,fcs,Southern,58,"[28, 14, 10, 6]",,,,,,,
401128613,2019,6,regular,2019-10-05T19:00:00.000Z,False,True,False,True,,3701,Drake Stadium,2181,Drake,fcs,Pioneer,35,"[0, 21, 14, 0]",,,,2674,Valparaiso,fcs,Pioneer,6,"[0, 6, 0, 0]",,,,,,,
401128447,2019,6,regular,2019-10-05T19:25:00.000Z,False,True,False,True,,4582,Hornet Stadium,2011,Alabama State,fcs,SWAC,7,"[0, 0, 7, 0]",,,,2016,Alcorn State,fcs,SWAC,35,"[14, 14, 0, 7]",,,,,,,
401128509,2019,6,regular,2019-10-05T19:30:00.000Z,False,True,False,True,,5400,William B. Greene Jr. Stadium,2193,East Tennessee State,fcs,Southern,17,"[0, 3, 7, 7]",,,,2747,Wofford,fcs,Southern,35,"[7, 21, 0, 7]",,,,,,,
401127074,2019,6,regular,2019-10-05T19:30:00.000Z,False,True,False,True,,3998,Zable Stadium,2729,William & Mary,fcs,CAA,28,"[7, 7, 7, 7]",,,,222,Villanova,fcs,CAA,35,"[14, 7, 0, 14]",,,,,,,
401127076,2019,6,regular,2019-10-05T19:30:00.000Z,False,True,False,True,,3688,Wildcat Stadium,160,New Hampshire,fcs,CAA,26,"[13, 7, 0, 6]",,,,2210,Elon,fcs,CAA,10,"[3, 7, 0, 0]",,,,,,,
401127008,2019,6,regular,2019-10-05T19:30:00.000Z,False,True,False,False,,3704,E. J. Whitmire Stadium,2717,Western Carolina,fcs,Southern,21,"[14, 0, 0, 7]",,,,2241,Gardner-Webb,fcs,Big South,24,"[7, 7, 7, 3]",,,,,,,
401119272,2019,6,regular,2019-10-05T19:30:00.000Z,False,True,False,True,10365,3764,Huskie Stadium,2459,Northern Illinois,fbs,Mid-American,20,"[14, 3, 0, 3]",0.47007009387016296,1328,1305,2050,Ball State,fbs,Mid-American,27,"[0, 3, 14, 10]",0.529929906129837,1210,1233,4.419284977274113,,,
401121949,2019,6,regular,2019-10-05T19:30:00.000Z,False,True,False,True,16109,4246,Center Parc Stadium,2247,Georgia State,fbs,Sun Belt,52,"[7, 24, 7, 14]",0.9545359015464783,1143,1200,2032,Arkansas State,fbs,Sun Belt,38,"[0, 21, 7, 10]",0.04546409845352173,1445,1388,4.1315415413910515,,,
401112476,2019,6,regular,2019-10-05T19:30:00.000Z,False,True,False,True,53183,3948,Hard Rock Stadium,2390,Miami,fbs,ACC,35,"[0, 7, 7, 21]",0.06774948537349701,1592,1565,259,Virginia Tech,fbs,ACC,42,"[21, 7, 0, 14]",0.932250514626503,1418,1445,4.726457339586521,https://www.youtube.com/watch?v=EtQ06LbB_6Y,,
401117516,2019,6,regular,2019-10-05T19:30:00.000Z,False,True,False,False,37957,3852,Navy-Marine Corps Memorial Stadium,2426,Navy,fbs,American Athletic,34,"[0, 14, 7, 13]",0.8293102383613586,1459,1477,2005,Air Force,fbs,Mountain West,25,"[3, 3, 3, 16]",0.17068976163864136,1516,1498,5.415888298247949,https://www.youtube.com/watch?v=xtZzWdLw0S8,,
401114337,2019,6,regular,2019-10-05T19:30:00.000Z,False,True,False,False,77622,3855,Notre Dame Stadium,87,Notre Dame,fbs,FBS Independents,52,"[21, 14, 10, 7]",0.9893020391464233,1867,1905,189,Bowling Green,fbs,Mid-American,0,"[0, 0, 0, 0]",0.01069796085357666,937,899,1.8420194330466362,https://www.youtube.com/watch?v=ALhXzLbvvag,,
401112137,2019,6,regular,2019-10-05T19:30:00.000Z,False,True,False,True,62069,3842,Milan Puskar Stadium,277,West Virginia,fbs,Big 12,31,"[7, 7, 3, 14]",0.0187513530254364,1645,1632,251,Texas,fbs,Big 12,42,"[7, 14, 0, 21]",0.9812486469745636,1760,1773,6.489948667862041,https://www.youtube.com/watch?v=P4h1ed8a2Po,,
401119274,2019,6,regular,2019-10-05T19:30:00.000Z,False,True,False,True,20042,3965,UB Stadium,2084,Buffalo,fbs,Mid-American,20,"[0, 7, 0, 7, 6]",0.4172612726688385,1376,1385,195,Ohio,fbs,Mid-American,21,"[0, 0, 7, 7, 7]",0.5827387273311615,1601,1592,6.886206199182469,,,
401112149,2019,6,regular,2019-10-05T19:30:00.000Z,False,True,False,True,39341,3953,Huntington Bank Stadium,135,Minnesota,fbs,Big Ten,40,"[3, 13, 14, 10]",0.9766424298286438,1607,1639,356,Illinois,fbs,Big Ten,17,"[7, 3, 7, 0]",0.0233575701713562,1372,1340,4.408863522627614,https://www.youtube.com/watch?v=CCog5Y5xfhM,,
401114275,2019,6,regular,2019-10-05T19:30:00.000Z,False,True,False,True,15023,3725,"Johnny ""Red"" Floyd Stadium",2393,Middle Tennessee,fbs,Conference USA,24,"[10, 7, 0, 7]",0.9768895506858826,1313,1340,276,Marshall,fbs,Conference USA,13,"[7, 6, 0, 0]",0.02311044931411743,1410,1383,4.249953142248088,https://www.youtube.com/watch?v=sOCA0d2vomE,,
401112077,2019,6,regular,2019-10-05T19:30:00.000Z,False,True,False,True,50448,3636,Bill Snyder Family Stadium,2306,Kansas State,fbs,Big 12,12,"[3, 0, 3, 6]",0.0029689923394471407,1665,1605,239,Baylor,fbs,Big 12,31,"[0, 10, 7, 14]",0.9970310076605529,1557,1617,3.6626611622703895,https://www.youtube.com/watch?v=WoBCKqW9UAs,,
401110812,2019,6,regular,2019-10-05T19:30:00.000Z,False,True,False,True,90584,3634,Ben Hill Griffin Stadium,57,Florida,fbs,SEC,24,"[7, 10, 0, 7]",0.8113582134246826,1747,1783,2,Auburn,fbs,SEC,13,"[6, 7, 0, 0]",0.18864178657531738,1942,1906,5.078793276887071,https://www.youtube.com/watch?v=FsZu3wL0xTs,,
401119275,2019,6,regular,2019-10-05T19:30:00.000Z,False,True,False,True,22141,3739,Glass Bowl,2649,Toledo,fbs,Mid-American,31,"[14, 10, 0, 7]",0.9624199271202087,1511,1514,2711,Western Michigan,fbs,Mid-American,24,"[7, 0, 10, 7]",0.03758007287979126,1393,1390,3.5680790223567107,,,
401117877,2019,6,regular,2019-10-05T19:45:00.000Z,False,True,False,False,17143,3817,Malone Stadium,2433,UL Monroe,fbs,Sun Belt,33,"[3, 14, 9, 7]",0.0059992969036102295,1245,1241,235,Memphis,fbs,American Athletic,52,"[7, 22, 10, 13]",0.9940007030963898,1675,1679,5.153781834810645,https://www.youtube.com/watch?v=nGDVo-hXIYo,,
401110815,2019,6,regular,2019-10-05T20:00:00.000Z,False,True,False,False,50023,3838,Memorial Stadium,142,Missouri,fbs,SEC,42,"[21, 21, 0, 0]",0.9922709465026855,1814,1866,2653,Troy,fbs,Sun Belt,10,"[7, 0, 3, 0]",0.007729053497314453,1528,1476,2.6493643055479503,https://www.youtube.com/watch?v=vdn5n3BC2Oo,,
401112242,2019,6,regular,2019-10-05T20:00:00.000Z,False,True,False,True,89384,3834,"Memorial Stadium (Lincoln, NE)",158,Nebraska,fbs,Big Ten,13,"[7, 3, 0, 3]",0.8860813975334167,1520,1522,77,Northwestern,fbs,Big Ten,10,"[0, 3, 7, 0]",0.11391860246658325,1565,1563,5.007124736120789,https://www.youtube.com/watch?v=T3WbVQp8hrI,,
401128730,2019,6,regular,2019-10-05T20:00:00.000Z,False,True,False,True,,3891,NRG Stadium,2617,Stephen F. Austin,fcs,Southland,20,"[7, 3, 0, 10]",,,,2534,Sam Houston,fcs,Southland,31,"[0, 14, 0, 17]",,,,,,,
401128681,2019,6,regular,2019-10-05T20:00:00.000Z,False,True,False,True,,3779,Manning Field at John L. Guidry Stadium,2447,Nicholls,fcs,Southland,34,"[6, 14, 7, 7]",,,,2110,Central Arkansas,fcs,Southland,14,"[0, 0, 7, 7]",,,,,,,
401128462,2019,6,regular,2019-10-05T20:00:00.000Z,False,True,False,False,,3740,Golden Lion Stadium,2029,Arkansas-Pine Bluff,fcs,SWAC,45,"[7, 17, 7, 14]",,,,2323,Lane College,ii,SIAC,38,"[3, 3, 25, 7]",,,,,,,
401128492,2019,6,regular,2019-10-05T20:00:00.000Z,False,True,False,True,,4417,Five Star Stadium at the Moye Complex,2382,Mercer,fcs,Southern,17,"[14, 0, 0, 3]",,,,236,Chattanooga,fcs,Southern,34,"[7, 10, 10, 7]",,,,,,,
401127208,2019,6,regular,2019-10-05T20:00:00.000Z,False,True,False,True,,3850,Municipal Stadium,2065,Bethune-Cookman,fcs,MEAC,31,"[3, 7, 14, 7]",,,,2415,Morgan State,fcs,MEAC,20,"[0, 6, 0, 14]",,,,,,,
401127251,2019,6,regular,2019-10-05T20:00:00.000Z,False,True,False,True,,3746,Hanson Field,2710,Western Illinois,fcs,MVFC,31,"[7, 7, 0, 7, 10]",,,,2623,Missouri State,fcs,MVFC,37,"[0, 7, 0, 14, 16]",,,,,,,
401128479,2019,6,regular,2019-10-05T20:00:00.000Z,False,True,False,False,,3896,Rice-Totten Field,2400,Mississippi Valley State,fcs,SWAC,31,"[7, 10, 7, 7]",,,,2355,Virginia Lynchburg,,,23,"[0, 7, 7, 9]",,,,,,,
401112475,2019,6,regular,2019-10-05T20:00:00.000Z,False,True,False,True,45044,721,Bobby Dodd Stadium,59,Georgia Tech,fbs,ACC,22,"[0, 0, 7, 15]",0.016188042238354683,1469,1431,153,North Carolina,fbs,ACC,38,"[3, 14, 0, 21]",0.9838119577616453,1468,1506,5.2908563601214045,https://www.youtube.com/watch?v=0NvN2cwQdp0,,
401114167,2019,6,regular,2019-10-05T20:30:00.000Z,False,True,False,True,52569,3726,Folsom Field,38,Colorado,fbs,Pac-12,30,"[3, 17, 7, 3]",0.44740116596221924,1493,1484,12,Arizona,fbs,Pac-12,35,"[7, 7, 14, 7]",0.5525988340377808,1489,1498,7.138084738127398,https://www.youtube.com/watch?v=nUMeRoupkXc,,
401126923,2019,6,regular,2019-10-05T21:00:00.000Z,False,True,False,True,,3791,Kibbie Dome,70,Idaho,fcs,Big Sky,35,"[0, 14, 7, 14]",,,,2692,Weber State,fcs,Big Sky,41,"[10, 10, 14, 7]",,,,,,,
401128716,2019,6,regular,2019-10-05T21:00:00.000Z,False,True,False,True,,3686,Cowboy Stadium,2377,McNeese,fcs,Southland,38,"[10, 14, 0, 14]",,,,2545,SE Louisiana,fcs,Southland,34,"[3, 14, 3, 14]",,,,,,,
401128594,2019,6,regular,2019-10-05T21:00:00.000Z,False,True,False,True,,716,Torero Stadium,301,San Diego,fcs,Pioneer,31,"[7, 14, 0, 10]",,,,2368,Marist,fcs,Pioneer,7,"[0, 7, 0, 0]",,,,,,,
401127284,2019,6,regular,2019-10-05T21:00:00.000Z,False,True,False,True,,3967,UNI-Dome,2460,Northern Iowa,fcs,MVFC,21,"[7, 14, 0, 0]",,,,2754,Youngstown State,fcs,MVFC,14,"[0, 7, 7, 0]",,,,,,,
401126968,2019,6,regular,2019-10-05T21:05:00.000Z,False,True,False,True,,4765,Hillsboro Stadium,2502,Portland State,fcs,Big Sky,52,"[10, 28, 7, 7]",,,,253,Southern Utah,fcs,Big Sky,31,"[0, 10, 7, 14]",,,,,,,
401126999,2019,6,regular,2019-10-05T22:00:00.000Z,False,True,False,False,,3658,Buccaneer Field,2127,Charleston Southern,fcs,Big South,24,"[7, 0, 7, 10]",,,,2542,Savannah State,ii,SIAC,19,"[7, 9, 3, 0]",,,,,,,
401127016,2019,6,regular,2019-10-05T22:00:00.000Z,False,True,False,False,,3979,Wagner College Stadium,2681,Wagner,fcs,NEC,14,"[0, 7, 0, 7]",,,,2405,Monmouth,fcs,Big South,16,"[3, 0, 7, 6]",,,,,,,
401127073,2019,6,regular,2019-10-05T22:00:00.000Z,False,True,False,True,,3788,Kenneth P. LaValle Stadium,2619,Stony Brook,fcs,CAA,38,"[14, 7, 7, 10, 0]",,,,256,James Madison,fcs,CAA,45,"[14, 14, 3, 7, 7]",,,,,,,
401114276,2019,6,regular,2019-10-05T22:00:00.000Z,False,True,False,True,18405,3918,S.B. Ballard Stadium,295,Old Dominion,fbs,Conference USA,3,"[0, 3, 0, 0]",0.1821931153535843,1219,1192,98,Western Kentucky,fbs,Conference USA,20,"[0, 10, 3, 7]",0.8178068846464157,1353,1380,3.9483979417222876,https://www.youtube.com/watch?v=uoBdcOs1rKs,,
401127248,2019,6,regular,2019-10-05T23:00:00.000Z,False,True,False,True,,3613,Alumni Stadium,2169,Delaware State,fcs,MEAC,24,"[0, 3, 7, 14]",,,,2569,South Carolina State,fcs,MEAC,38,"[10, 7, 14, 7]",,,,,,,
401114277,2019,6,regular,2019-10-05T23:00:00.000Z,False,True,False,True,23526,3803,Legion Field,5,UAB,fbs,Conference USA,35,"[0, 21, 14, 0]",0.9916006922721863,1543,1545,242,Rice,fbs,Conference USA,20,"[7, 13, 0, 0]",0.00839930772781372,1189,1187,4.449202953423873,https://www.youtube.com/watch?v=FM_mRoD9e4Q,,
401128364,2019,6,regular,2019-10-05T23:00:00.000Z,False,True,False,True,,3662,AmFirst Stadium,55,Jacksonville State,fcs,OVC,31,"[3, 14, 7, 7]",,,,2634,Tennessee State,fcs,OVC,23,"[17, 3, 3, 0]",,,,,,,
401126957,2019,6,regular,2019-10-05T23:00:00.000Z,False,True,False,True,,2023,Walkup Skydome,2464,Northern Arizona,fcs,Big Sky,41,"[0, 10, 24, 7]",,,,2458,Northern Colorado,fcs,Big Sky,23,"[3, 10, 7, 3]",,,,,,,
401128378,2019,6,regular,2019-10-05T23:00:00.000Z,False,True,False,True,,3758,Houck Stadium,2546,Southeast Missouri State,fcs,OVC,43,"[6, 14, 3, 7, 13]",,,,2635,Tennessee Tech,fcs,OVC,37,"[7, 13, 7, 3, 7]",,,,,,,
401114274,2019,6,regular,2019-10-05T23:00:00.000Z,False,True,False,False,12746,218,FIU Stadium,2229,Florida International,fbs,Conference USA,44,"[17, 17, 10, 0]",0.9898033738136292,1362,1449,113,Massachusetts,fbs,FBS Independents,0,"[0, 0, 0, 0]",0.01019662618637085,1047,960,2.4416363945876203,https://www.youtube.com/watch?v=VOAGtIXiuuw,,
401110816,2019,6,regular,2019-10-05T23:00:00.000Z,False,True,False,True,92709,3853,Neyland Stadium,2633,Tennessee,fbs,SEC,14,"[7, 7, 0, 0]",0.005913631059229374,1331,1325,61,Georgia,fbs,SEC,43,"[10, 16, 3, 14]",0.9940863689407706,1991,1997,4.968751390259134,https://www.youtube.com/watch?v=FoGc_Zjg6l4,,
401128663,2019,6,regular,2019-10-05T23:00:00.000Z,False,True,False,True,,3882,Provost Umphrey Stadium,2320,Lamar,fcs,Southland,27,"[7, 3, 7, 10]",,,,2000,Abilene Christian,fcs,Southland,24,"[0, 13, 11, 0]",,,,,,,
401128470,2019,6,regular,2019-10-05T23:00:00.000Z,False,True,False,True,,3976,Mississippi Veterans Memorial Stadium,2296,Jackson State,fcs,SWAC,21,"[0, 7, 7, 7]",,,,2755,Grambling,fcs,SWAC,44,"[0, 10, 14, 20]",,,,,,,
401128696,2019,6,regular,2019-10-05T23:00:00.000Z,False,True,False,True,,4424,Husky Stadium,2277,Houston Christian,fcs,Southland,36,"[7, 13, 10, 6]",,,,2916,Incarnate Word,fcs,Southland,38,"[14, 14, 10, 0]",,,,,,,
401117878,2019,6,regular,2019-10-05T23:30:00.000Z,False,True,False,True,28142,3735,Gerald J. Ford Stadium,2567,SMU,fbs,American Athletic,43,"[6, 3, 0, 21, 7, 0, 6]",0.573611855506897,1586,1583,202,Tulsa,fbs,American Athletic,37,"[3, 20, 7, 0, 7, 0, 0]",0.426388144493103,1363,1366,7.3574493818722875,https://www.youtube.com/watch?v=VsS6TRsg1_k,,
401112216,2019,6,regular,2019-10-05T23:30:00.000Z,False,True,False,True,104797,3861,Ohio Stadium,194,Ohio State,fbs,Big Ten,34,"[3, 24, 0, 7]",0.9730877876281738,2203,2214,127,Michigan State,fbs,Big Ten,10,"[0, 10, 0, 0]",0.026912212371826172,1728,1717,3.760998322836445,https://www.youtube.com/watch?v=eYsN3swjwpM,,
401110814,2019,6,regular,2019-10-05T23:30:00.000Z,False,True,False,True,47601,3974,Vaught-Hemingway Stadium,145,Ole Miss,fbs,SEC,31,"[10, 0, 14, 7]",0.9794037938117981,1480,1538,238,Vanderbilt,fbs,SEC,6,"[0, 6, 0, 0]",0.020596206188201904,1436,1378,3.347576737212517,https://www.youtube.com/watch?v=UTgk6G86w-I,,
401112474,2019,6,regular,2019-10-06T00:00:00.000Z,False,True,False,True,22610,3982,Wallace Wade Stadium,150,Duke,fbs,ACC,30,"[3, 0, 7, 20]",0.32623282074928284,1626,1618,221,Pittsburgh,fbs,ACC,33,"[10, 9, 7, 7]",0.6737671792507172,1575,1583,6.429627033137432,https://www.youtube.com/watch?v=6oZiwL-Tzz4,,
401114342,2019,6,regular,2019-10-06T00:00:00.000Z,False,True,False,False,23140,3601,Aggie Memorial Stadium,166,New Mexico State,fbs,FBS Independents,13,"[0, 0, 6, 7]",0.325421005487442,1070,1074,2335,Liberty,fbs,FBS Independents,20,"[3, 7, 3, 7]",0.674578994512558,1306,1302,5.552509759915503,,,
401126904,2019,6,regular,2019-10-06T00:00:00.000Z,False,True,False,True,,1027,Alex G. Spanos Stadium,13,Cal Poly,fcs,Big Sky,28,"[7, 0, 0, 21, 0]",,,,147,Montana State,fcs,Big Sky,34,"[0, 14, 14, 0, 6]",,,,,,,
401114177,2019,6,regular,2019-10-06T00:00:00.000Z,False,True,False,True,54766,3626,Autzen Stadium,2483,Oregon,fbs,Pac-12,17,"[0, 0, 10, 7]",1,1821,1819,25,California,fbs,Pac-12,7,"[7, 0, 0, 0]",0,1538,1540,4.839576188394561,https://www.youtube.com/watch?v=E5jACW0bs5k,,
401114278,2019,6,regular,2019-10-06T00:00:00.000Z,False,True,False,True,13876,3946,Sun Bowl,2638,UTEP,fbs,Conference USA,16,"[0, 3, 7, 6]",0.05140644311904907,1068,1043,2636,UTSA,fbs,Conference USA,26,"[7, 3, 6, 10]",0.9485935568809509,1025,1050,4.080984684621105,https://www.youtube.com/watch?v=sjgnbD1q-PY,,
401126915,2019,6,regular,2019-10-06T01:00:00.000Z,False,True,False,True,,3757,Hornet Stadium,16,Sacramento State,fcs,Big Sky,48,"[21, 6, 7, 14]",,,,331,Eastern Washington,fcs,Big Sky,27,"[7, 7, 6, 7]",,,,,,,
401114203,2019,6,regular,2019-10-06T01:00:00.000Z,False,True,False,True,48532,1056,Rose Bowl,26,UCLA,fbs,Pac-12,31,"[0, 10, 14, 7]",0.007833192124962807,1405,1344,204,Oregon State,fbs,Pac-12,48,"[21, 6, 14, 7]",0.9921668078750372,1225,1286,3.5842494515136774,https://www.youtube.com/watch?v=pwlddeCygn0,,
401117518,2019,6,regular,2019-10-06T02:00:00.000Z,False,True,False,True,29767,5388,Canvas Stadium,36,Colorado State,fbs,Mountain West,10,"[3, 0, 0, 7]",0,1246,1238,21,San Diego State,fbs,Mountain West,24,"[3, 7, 7, 7]",1,1506,1514,3.7910383835902124,https://www.youtube.com/watch?v=mEXLLxjF73M,,
401117517,2019,6,regular,2019-10-06T02:30:00.000Z,False,True,False,True,24681,3914,Sam Boyd Stadium,2439,UNLV,fbs,Mountain West,13,"[0, 0, 7, 6]",0.004993477836251259,1163,1155,68,Boise State,fbs,Mountain West,38,"[7, 10, 7, 14]",0.9950065221637487,1700,1708,3.5724001813627244,https://www.youtube.com/watch?v=9_eUHPeoCLc,,
401114209,2019,6,regular,2019-10-06T02:30:00.000Z,False,True,False,True,33225,3940,Stanford Stadium,24,Stanford,fbs,Pac-12,23,"[3, 10, 7, 3]",0.9820113182067871,1539,1578,264,Washington,fbs,Pac-12,13,"[7, 3, 3, 0]",0.01798868179321289,1822,1783,3.685597238013583,https://www.youtube.com/watch?v=k36iI3PGYOw,,
401121950,2019,7,regular,2019-10-10T00:00:00.000Z,False,True,False,True,21012,3666,Cajun Field,309,Louisiana,fbs,Sun Belt,7,"[0, 7, 0, 0]",0.034240175038576126,1517,1511,2026,App State,fbs,Sun Belt,17,"[7, 0, 3, 7]",0.9657598249614239,1694,1700,5.205745106162038,https://www.youtube.com/watch?v=GZGx8Z1KwUo,,
401127209,2019,7,regular,2019-10-10T22:00:00.000Z,False,True,False,True,,3862,O'Kelly-Riddick Stadium,2428,North Carolina Central,fcs,MEAC,13,"[0, 3, 0, 10]",,,,2065,Bethune-Cookman,fcs,MEAC,27,"[0, 7, 7, 13]",,,,,,,
401112477,2019,7,regular,2019-10-11T00:00:00.000Z,False,True,False,True,55860,3670,Carter-Finley Stadium,152,NC State,fbs,ACC,16,"[6, 7, 3, 0]",0.8663032650947571,1539,1545,183,Syracuse,fbs,ACC,10,"[0, 0, 3, 7]",0.13369673490524292,1512,1506,3.574854160830395,https://www.youtube.com/watch?v=-aGdEgLb1bU,,
401121951,2019,7,regular,2019-10-11T01:15:00.000Z,False,True,False,True,16783,3644,Bobcat Stadium (TX),326,Texas State,fbs,Sun Belt,14,"[0, 7, 7, 0]",0,1148,1135,2433,UL Monroe,fbs,Sun Belt,24,"[7, 10, 0, 7]",1,1241,1254,5.795883780658564,https://www.youtube.com/watch?v=eu92chyUS5s,,
401128645,2019,7,regular,2019-10-11T23:00:00.000Z,False,True,False,False,,3881,Princeton University Stadium,163,Princeton,fcs,Ivy,28,"[7, 7, 14, 0]",,,,322,Lafayette,fcs,Patriot,3,"[0, 3, 0, 0]",,,,,,,
401112478,2019,7,regular,2019-10-12T00:00:00.000Z,False,True,False,True,54538,3948,Hard Rock Stadium,2390,Miami,fbs,ACC,17,"[7, 0, 0, 10]",0.5871061086654663,1565,1580,258,Virginia,fbs,ACC,9,"[0, 3, 0, 6]",0.4128938913345337,1615,1600,4.19345777476493,https://www.youtube.com/watch?v=N-FVufhKd4c,,
401117522,2019,7,regular,2019-10-12T00:00:00.000Z,False,True,False,True,15393,3971,University Stadium (NM),167,New Mexico,fbs,Mountain West,21,"[6, 8, 0, 7]",0.16098202764987946,1168,1143,36,Colorado State,fbs,Mountain West,35,"[7, 14, 7, 7]",0.8390179723501205,1238,1263,5.947122499710445,https://www.youtube.com/watch?v=nJjM__squVY,,
401114186,2019,7,regular,2019-10-12T02:00:00.000Z,False,True,False,True,50529,3626,Autzen Stadium,2483,Oregon,fbs,Pac-12,45,"[7, 17, 14, 7]",0.9898262619972229,1819,1897,38,Colorado,fbs,Pac-12,3,"[3, 0, 0, 0]",0.0101737380027771,1484,1406,2.3610268502256955,https://www.youtube.com/watch?v=uBloTzouaW0,,
401110817,2019,7,regular,2019-10-12T16:00:00.000Z,False,True,False,True,92746,3917,Sanford Stadium,61,Georgia,fbs,SEC,17,"[3, 7, 0, 7, 0, 0]",0.10321684926748276,1997,1962,2579,South Carolina,fbs,SEC,20,"[7, 10, 0, 0, 0, 3]",0.8967831507325172,1547,1582,7.963367582302831,https://www.youtube.com/watch?v=nYc0UJJv-jw,,
401117881,2019,7,regular,2019-10-12T16:00:00.000Z,False,True,False,True,34253,3806,Lincoln Financial Field,218,Temple,fbs,American Athletic,30,"[13, 10, 0, 7]",0.940722644329071,1549,1551,235,Memphis,fbs,American Athletic,28,"[0, 14, 7, 7]",0.059277355670928955,1679,1677,5.832246903910191,https://www.youtube.com/watch?v=jlietEGgnh0,,
401112206,2019,7,regular,2019-10-12T16:00:00.000Z,False,True,False,True,52296,3907,Ross-Ade Stadium,2509,Purdue,fbs,Big Ten,40,"[13, 17, 3, 7]",0.95618736743927,1469,1545,120,Maryland,fbs,Big Ten,14,"[0, 14, 0, 0]",0.04381263256072998,1549,1473,3.3407950469530125,https://www.youtube.com/watch?v=LK1xL7-33D4,,
401119280,2019,7,regular,2019-10-12T16:00:00.000Z,False,True,False,True,19199,3700,Doyt L. Perry Stadium,189,Bowling Green,fbs,Mid-American,20,"[10, 7, 3, 0]",0.9759900569915771,899,986,2649,Toledo,fbs,Mid-American,7,"[0, 7, 0, 0]",0.02400994300842285,1514,1427,3.129703726056788,,,
401112118,2019,7,regular,2019-10-12T16:00:00.000Z,False,True,True,True,92100,499,Cotton Bowl,251,Texas,fbs,Big 12,27,"[0, 3, 14, 10]",0.08341903239488602,1773,1778,201,Oklahoma,fbs,Big 12,34,"[7, 3, 10, 14]",0.916580967605114,1969,1964,5.8105455245614674,https://www.youtube.com/watch?v=SH0lW3QRe3Q,,
401136604,2019,7,regular,2019-10-12T16:00:00.000Z,False,True,False,True,,3694,DeGol Field,2598,Saint Francis,fcs,NEC,17,"[3, 7, 0, 7, 0, 0]",,,,2523,Robert Morris,fcs,NEC,20,"[0, 3, 7, 7, 0, 3]",,,,,,,
401110821,2019,7,regular,2019-10-12T16:00:00.000Z,False,True,False,True,85462,3853,Neyland Stadium,2633,Tennessee,fbs,SEC,20,"[7, 3, 3, 7]",0.9479985237121582,1325,1373,344,Mississippi State,fbs,SEC,10,"[0, 3, 0, 7]",0.0520014762878418,1712,1664,3.7807657081018764,https://www.youtube.com/watch?v=gSPyfUn5M9g,,
401112162,2019,7,regular,2019-10-12T16:00:00.000Z,False,True,False,True,37055,3830,"Memorial Stadium (Bloomington, IN)",84,Indiana,fbs,Big Ten,35,"[21, 0, 14, 0]",0.8681360483169556,1492,1543,164,Rutgers,fbs,Big Ten,0,"[0, 0, 0, 0]",0.13186395168304443,1110,1059,1.432674671455007,https://www.youtube.com/watch?v=UyaC8yazTxw,,
401127081,2019,7,regular,2019-10-12T16:00:00.000Z,False,True,False,True,,3607,Alfond Stadium,311,Maine,fcs,CAA,17,"[7, 3, 7, 0]",,,,257,Richmond,fcs,CAA,24,"[0, 7, 14, 3]",,,,,,,
401112150,2019,7,regular,2019-10-12T16:00:00.000Z,False,True,False,True,37275,3832,"Memorial Stadium (Champaign, IL)",356,Illinois,fbs,Big Ten,25,"[0, 7, 10, 8]",0.019749373197555542,1340,1346,130,Michigan,fbs,Big Ten,42,"[14, 14, 0, 14]",0.9802506268024445,1838,1832,4.011171151563116,https://www.youtube.com/watch?v=gShOMahP5H4,,
401119278,2019,7,regular,2019-10-12T16:00:00.000Z,False,True,False,True,21702,3980,Waldo Stadium,2711,Western Michigan,fbs,Mid-American,38,"[0, 21, 0, 17]",0.8957079648971558,1390,1434,193,Miami (OH),fbs,Mid-American,16,"[6, 0, 3, 7]",0.10429203510284424,1301,1257,5.899728075668889,,,
401128638,2019,7,regular,2019-10-12T16:30:00.000Z,False,True,False,False,,3656,Brown Stadium,225,Brown,fcs,Ivy,31,"[7, 10, 7, 7]",,,,107,Holy Cross,fcs,Patriot,47,"[13, 14, 7, 13]",,,,,,,
401112480,2019,7,regular,2019-10-12T16:30:00.000Z,False,True,False,True,21741,3982,Wallace Wade Stadium,150,Duke,fbs,ACC,41,"[10, 28, 3, 0]",0.9721860289573669,1618,1641,59,Georgia Tech,fbs,ACC,23,"[7, 7, 3, 6]",0.027813971042633057,1431,1408,3.208758673148476,https://www.youtube.com/watch?v=Y9XqrxX6dYg,,
401127017,2019,7,regular,2019-10-12T17:00:00.000Z,False,True,False,True,,5389,Kessler Stadium,2405,Monmouth,fcs,Big South,45,"[21, 17, 7, 0]",,,,2506,Presbyterian,fcs,Big South,0,"[0, 0, 0, 0]",,,,,,,
401127231,2019,7,regular,2019-10-12T17:00:00.000Z,False,True,False,True,,3990,William H. Greene Stadium,47,Howard,fcs,MEAC,21,"[7, 14, 0, 0]",,,,2450,Norfolk State,fcs,MEAC,49,"[14, 14, 14, 7]",,,,,,,
401128557,2019,7,regular,2019-10-12T17:00:00.000Z,False,True,False,True,,3664,Butler Bowl,2086,Butler,fcs,Pioneer,7,"[7, 0, 0, 0]",,,,2181,Drake,fcs,Pioneer,42,"[7, 14, 21, 0]",,,,,,,
401128365,2019,7,regular,2019-10-12T17:00:00.000Z,False,True,False,True,,3858,O'Brien Stadium,2197,Eastern Illinois,fcs,OVC,20,"[7, 0, 7, 6]",,,,55,Jacksonville State,fcs,OVC,28,"[7, 14, 0, 7]",,,,,,,
401128617,2019,7,regular,2019-10-12T17:00:00.000Z,False,True,False,True,,3617,Andy Kerr Stadium,2142,Colgate,fcs,Patriot,14,"[7, 0, 7, 0]",,,,2083,Bucknell,fcs,Patriot,32,"[14, 6, 6, 6]",,,,,,,
401127272,2019,7,regular,2019-10-12T17:00:00.000Z,False,True,False,True,,3829,Memorial Stadium,282,Indiana State,fcs,MVFC,20,"[0, 0, 10, 10]",,,,2710,Western Illinois,fcs,MVFC,10,"[0, 10, 0, 0]",,,,,,,
401128585,2019,7,regular,2019-10-12T17:00:00.000Z,False,True,False,True,,3691,D. B. Milne Field,294,Jacksonville,fcs,Pioneer,22,"[7, 0, 7, 8]",,,,2413,Morehead State,fcs,Pioneer,30,"[7, 3, 6, 14]",,,,,,,
401136609,2019,7,regular,2019-10-12T17:00:00.000Z,False,True,False,False,,3730,Franklin Field,219,Pennsylvania,fcs,Ivy,38,"[14, 10, 0, 14]",,,,2529,Sacred Heart,fcs,NEC,24,"[0, 10, 7, 7]",,,,,,,
401128568,2019,7,regular,2019-10-12T17:00:00.000Z,False,True,False,True,,3897,Richardson Stadium,2166,Davidson,fcs,Pioneer,17,"[3, 14, 0, 0]",,,,301,San Diego,fcs,Pioneer,37,"[3, 14, 14, 6]",,,,,,,
401127421,2019,7,regular,2019-10-12T17:00:00.000Z,False,True,False,True,,3661,Bulldog Stadium,2803,Bryant,fcs,NEC,27,"[10, 0, 14, 3]",,,,2341,Long Island University,fcs,NEC,22,"[0, 10, 0, 12]",,,,,,,
401127224,2019,7,regular,2019-10-12T17:00:00.000Z,False,True,False,True,,3762,Hughes Stadium,2415,Morgan State,fcs,MEAC,34,"[7, 14, 3, 10]",,,,2169,Delaware State,fcs,MEAC,3,"[0, 0, 3, 0]",,,,,,,
401128947,2019,7,regular,2019-10-12T17:00:00.000Z,False,True,False,False,,3802,Lawrence A. Wien Stadium,171,Columbia,fcs,Ivy,14,"[0, 7, 7, 0]",,,,2115,Central Connecticut,fcs,NEC,24,"[7, 10, 0, 7]",,,,,,,
401128676,2019,7,regular,2019-10-12T17:00:00.000Z,False,True,False,True,,3750,Harvard Stadium,108,Harvard,fcs,Ivy,35,"[7, 21, 0, 7]",,,,172,Cornell,fcs,Ivy,22,"[7, 3, 0, 12]",,,,,,,
401127009,2019,7,regular,2019-10-12T17:30:00.000Z,False,True,False,True,,3710,Ernest W. Spangler Stadium,2241,Gardner-Webb,fcs,Big South,35,"[14, 7, 7, 7]",,,,2261,Hampton,fcs,Big South,27,"[3, 21, 0, 3]",,,,,,,
401127080,2019,7,regular,2019-10-12T17:30:00.000Z,False,True,False,True,,3651,Bridgeforth Stadium,256,James Madison,fcs,CAA,38,"[7, 10, 0, 21]",,,,222,Villanova,fcs,CAA,24,"[0, 10, 14, 0]",,,,,,,
401128525,2019,7,regular,2019-10-12T17:30:00.000Z,False,True,False,True,,3597,Alumni Memorial Field,2678,VMI,fcs,Southern,48,"[14, 14, 0, 13, 7]",,,,2535,Samford,fcs,Southern,41,"[14, 10, 14, 3, 0]",,,,,,,
401128690,2019,7,regular,2019-10-12T17:30:00.000Z,False,True,False,True,,3826,Memorial Field,159,Dartmouth,fcs,Ivy,42,"[21, 7, 14, 0]",,,,43,Yale,fcs,Ivy,10,"[0, 3, 0, 7]",,,,,,,
401127278,2019,7,regular,2019-10-12T18:00:00.000Z,False,True,False,True,,3714,Fargodome,2449,North Dakota State,fcs,MVFC,46,"[15, 3, 7, 21]",,,,2460,Northern Iowa,fcs,MVFC,14,"[0, 14, 0, 0]",,,,,,,
401128633,2019,7,regular,2019-10-12T18:00:00.000Z,False,True,False,True,,3847,Cooper Field,46,Georgetown,fcs,Patriot,27,"[8, 7, 6, 6]",,,,2230,Fordham,fcs,Patriot,30,"[6, 10, 7, 7]",,,,,,,
401128501,2019,7,regular,2019-10-12T18:00:00.000Z,False,True,False,True,,3782,Johnson Hagood Stadium,2643,The Citadel,fcs,Southern,35,"[14, 14, 0, 7]",,,,2717,Western Carolina,fcs,Southern,17,"[3, 7, 7, 0]",,,,,,,
401127079,2019,7,regular,2019-10-12T18:00:00.000Z,False,True,False,True,,3894,Rhodes Stadium,2210,Elon,fcs,CAA,42,"[7, 0, 21, 14]",,,,48,Delaware,fcs,CAA,7,"[0, 0, 0, 7]",,,,,,,
401127219,2019,7,regular,2019-10-12T18:00:00.000Z,False,True,False,True,,3864,Oliver C. Dawson Stadium,2569,South Carolina State,fcs,MEAC,38,"[0, 14, 3, 21]",,,,50,Florida A&M,fcs,MEAC,42,"[7, 7, 14, 14]",,,,,,,
401119276,2019,7,regular,2019-10-12T18:00:00.000Z,False,True,False,True,17852,3912,Rynearson Stadium,2199,Eastern Michigan,fbs,Mid-American,23,"[7, 10, 6, 0]",0.14670410752296448,1333,1315,2050,Ball State,fbs,Mid-American,29,"[0, 14, 7, 8]",0.8532958924770355,1233,1251,5.441950238040109,,,
401128463,2019,7,regular,2019-10-12T18:00:00.000Z,False,True,False,True,,3740,Golden Lion Stadium,2029,Arkansas-Pine Bluff,fcs,SWAC,38,"[7, 14, 7, 10]",,,,2400,Mississippi Valley State,fcs,SWAC,6,"[6, 0, 0, 0]",,,,,,,
401128577,2019,7,regular,2019-10-12T18:00:00.000Z,False,True,False,True,,3655,Brown Field,2674,Valparaiso,fcs,Pioneer,28,"[7, 0, 14, 7]",,,,2168,Dayton,fcs,Pioneer,41,"[14, 7, 13, 7]",,,,,,,
401114283,2019,7,regular,2019-10-12T18:30:00.000Z,False,True,False,True,18351,3775,Joan C. Edwards Stadium,276,Marshall,fbs,Conference USA,31,"[7, 10, 7, 7]",0.9783946871757507,1383,1395,295,Old Dominion,fbs,Conference USA,17,"[0, 10, 7, 0]",0.021605312824249268,1192,1180,3.370049323672264,https://www.youtube.com/watch?v=x6gSOSVbyEI,,
401128448,2019,7,regular,2019-10-12T19:00:00.000Z,False,True,False,True,,3976,Mississippi Veterans Memorial Stadium,2296,Jackson State,fcs,SWAC,16,"[3, 7, 0, 6]",,,,2011,Alabama State,fcs,SWAC,31,"[7, 7, 10, 7]",,,,,,,
401127000,2019,7,regular,2019-10-12T19:00:00.000Z,False,True,False,True,,4899,Fifth Third Stadium,338,Kennesaw State,fcs,Big South,45,"[14, 14, 3, 14]",,,,2127,Charleston Southern,fcs,Big South,23,"[0, 6, 7, 10]",,,,,,,
401114343,2019,7,regular,2019-10-12T19:00:00.000Z,False,True,False,False,15764,3786,Kelly/Shorts Stadium,2117,Central Michigan,fbs,Mid-American,42,"[14, 14, 6, 8]",0.9870442152023315,1272,1284,166,New Mexico State,fbs,FBS Independents,28,"[7, 14, 0, 7]",0.012955784797668457,1074,1062,3.791000236265565,,,
401128438,2019,7,regular,2019-10-12T19:00:00.000Z,False,True,False,True,,3902,Eddie Robinson Stadium,2755,Grambling,fcs,SWAC,23,"[0, 7, 3, 13]",,,,2010,Alabama A&M,fcs,SWAC,10,"[0, 0, 10, 0]",,,,,,,
401128456,2019,7,regular,2019-10-12T19:00:00.000Z,False,True,False,False,,3771,Jack Spinks Stadium,2016,Alcorn State,fcs,SWAC,42,"[14, 14, 14, 0]",,,,2542,Savannah State,ii,SIAC,17,"[3, 14, 0, 0]",,,,,,,
401128712,2019,7,regular,2019-10-12T19:00:00.000Z,False,True,False,True,,3647,Elliott T. Bowers Stadium,2534,Sam Houston,fcs,Southland,17,"[7, 0, 0, 0, 10]",,,,2320,Lamar,fcs,Southland,20,"[0, 7, 0, 0, 13]",,,,,,,
401127252,2019,7,regular,2019-10-12T19:00:00.000Z,False,True,False,True,,3878,Plaster Sports Complex,2623,Missouri State,fcs,MVFC,10,"[7, 0, 0, 3]",,,,233,South Dakota,fcs,MVFC,45,"[7, 24, 14, 0]",,,,,,,
401128945,2019,7,regular,2019-10-12T19:00:00.000Z,False,True,False,False,,6177,Alexander Durley Sports Complex,2640,Texas Southern,fcs,SWAC,20,"[7, 10, 0, 3]",,,,2402,Missouri S&T,ii,Great Lakes,23,"[10, 7, 6, 0]",,,,,,,
401128374,2019,7,regular,2019-10-12T19:00:00.000Z,False,True,False,True,,4029,Hale Stadium,2634,Tennessee State,fcs,OVC,17,"[7, 3, 0, 7]",,,,93,Murray State,fcs,OVC,31,"[7, 14, 0, 10]",,,,,,,
401127432,2019,7,regular,2019-10-12T19:00:00.000Z,False,True,False,True,,3742,Governors Stadium,2046,Austin Peay,fcs,OVC,28,"[0, 7, 7, 14]",,,,2546,Southeast Missouri State,fcs,OVC,24,"[3, 0, 14, 7]",,,,,,,
401126933,2019,7,regular,2019-10-12T19:05:00.000Z,False,True,False,False,,1930,Holt Arena,304,Idaho State,fcs,Big Sky,55,"[3, 28, 10, 14]",,,,155,North Dakota,fcs,FCS Independents,20,"[7, 0, 6, 7]",,,,,,,
401117214,2019,7,regular,2019-10-12T19:30:00.000Z,False,True,False,False,35375,3886,Raymond James Stadium,58,South Florida,fbs,American Athletic,27,"[0, 7, 7, 13]",0.906298041343689,1304,1312,252,BYU,fbs,FBS Independents,23,"[3, 13, 7, 0]",0.09370195865631104,1470,1462,6.805120480890987,https://www.youtube.com/watch?v=PjDwFFdnVkQ,,
401119279,2019,7,regular,2019-10-12T19:30:00.000Z,False,True,False,True,18019,3876,Peden Stadium,195,Ohio,fbs,Mid-American,36,"[7, 14, 0, 15]",0.655938982963562,1592,1569,2459,Northern Illinois,fbs,Mid-American,39,"[10, 0, 12, 17]",0.344061017036438,1305,1328,7.703756422728767,,,
401110822,2019,7,regular,2019-10-12T19:30:00.000Z,False,True,False,True,106749,3795,Kyle Field,245,Texas A&M,fbs,SEC,28,"[7, 6, 7, 8]",0.0038643013685941696,1746,1739,333,Alabama,fbs,SEC,47,"[14, 10, 10, 13]",0.9961356986314058,2144,2151,3.734207105331475,https://www.youtube.com/watch?v=v8ICkhvkjCo,,
401119277,2019,7,regular,2019-10-12T19:30:00.000Z,False,True,False,True,22692,3768,InfoCision Stadium,2006,Akron,fbs,Mid-American,3,"[0, 3, 0, 0]",0,1061,1015,2309,Kent State,fbs,Mid-American,26,"[7, 10, 0, 9]",1,1182,1228,3.5258967699019226,,,
401117879,2019,7,regular,2019-10-12T19:30:00.000Z,False,True,False,True,25716,4728,TDECU Stadium,248,Houston,fbs,American Athletic,23,"[3, 7, 7, 6]",0.017389673739671707,1520,1501,2132,Cincinnati,fbs,American Athletic,38,"[14, 7, 0, 17]",0.9826103262603283,1688,1707,5.45775536636565,https://www.youtube.com/watch?v=FFRn_7tAfNg,,
401112479,2019,7,regular,2019-10-12T19:30:00.000Z,False,True,False,True,80500,3836,"Memorial Stadium (Clemson, SC)",228,Clemson,fbs,ACC,45,"[14, 14, 14, 3]",0.9926841259002686,2157,2169,52,Florida State,fbs,ACC,14,"[0, 0, 7, 7]",0.007315874099731445,1511,1499,2.177580008261577,https://www.youtube.com/watch?v=Vcs8EnyeJ_A,,
401112217,2019,7,regular,2019-10-12T19:30:00.000Z,False,True,False,True,80470,347,Camp Randall Stadium,275,Wisconsin,fbs,Big Ten,38,"[7, 10, 0, 21]",0.9993680715560913,1982,2056,127,Michigan State,fbs,Big Ten,0,"[0, 0, 0, 0]",0.0006319284439086914,1717,1643,1.8089286939820781,https://www.youtube.com/watch?v=Ig_B57279Ok,,
401114157,2019,7,regular,2019-10-12T19:30:00.000Z,False,True,False,True,48536,3947,Mountain America Stadium,9,Arizona State,fbs,Pac-12,38,"[0, 17, 7, 14]",0.5243253597055922,1616,1620,265,Washington State,fbs,Pac-12,34,"[10, 7, 14, 3]",0.47567464029440776,1657,1653,7.5769134754,https://www.youtube.com/watch?v=l6y6h5GEc-g,,
401117880,2019,7,regular,2019-10-12T19:45:00.000Z,False,True,False,True,17040,4729,Yulman Stadium,2655,Tulane,fbs,American Athletic,49,"[14, 14, 14, 7]",0.9910761713981628,1555,1603,41,UConn,fbs,American Athletic,7,"[0, 0, 0, 7]",0.008923828601837158,971,923,1.816861384100176,https://www.youtube.com/watch?v=wmwGvf1lTvQ,,
401112089,2019,7,regular,2019-10-12T20:00:00.000Z,False,True,False,True,51836,3842,Milan Puskar Stadium,277,West Virginia,fbs,Big 12,14,"[7, 7, 0, 0]",0.01701495796442032,1632,1589,66,Iowa State,fbs,Big 12,38,"[0, 14, 7, 17]",0.9829850420355797,1813,1856,4.920790905693739,https://www.youtube.com/watch?v=mHsN2VzD1FA,,
401112482,2019,7,regular,2019-10-12T20:00:00.000Z,False,True,False,False,51716,3799,Lane Stadium,259,Virginia Tech,fbs,ACC,34,"[10, 7, 7, 10]",0.9759634137153625,,,227,Rhode Island,fcs,CAA,17,"[0, 6, 11, 0]",0.02403658628463745,,,3.4099124738131814,https://www.youtube.com/watch?v=PWGr2YerIKg,,
401117524,2019,7,regular,2019-10-12T20:00:00.000Z,False,True,False,True,15311,3816,Mackay Stadium,2440,Nevada,fbs,Mountain West,41,"[14, 10, 7, 10]",0.3650626838207245,1107,1109,23,San José State,fbs,Mountain West,38,"[3, 7, 14, 14]",0.6349373161792755,1214,1212,5.362241348517168,https://www.youtube.com/watch?v=CtJgzXQbVyE,,
401112078,2019,7,regular,2019-10-12T20:00:00.000Z,False,True,False,True,47264,4727,McLane Stadium,239,Baylor,fbs,Big 12,33,"[0, 3, 14, 3, 7, 6]",0.6997777223587036,1617,1617,2641,Texas Tech,fbs,Big 12,30,"[3, 3, 7, 7, 7, 3]",0.3002222776412964,1529,1529,9.934875628363917,https://www.youtube.com/watch?v=6PnytLZikls,,
401114280,2019,7,regular,2019-10-12T20:00:00.000Z,False,True,False,True,12107,3715,FAU Stadium,2226,Florida Atlantic,fbs,Conference USA,28,"[2, 10, 10, 6]",0.9877955913543701,1470,1490,2393,Middle Tennessee,fbs,Conference USA,13,"[6, 7, 0, 0]",0.012204408645629883,1340,1320,5.503896439553837,https://www.youtube.com/watch?v=N6y8fE5RIiI,,
401110823,2019,7,regular,2019-10-12T20:00:00.000Z,False,True,False,False,20048,3973,FirstBank Stadium,238,Vanderbilt,fbs,SEC,10,"[7, 3, 0, 0]",0.016350936144590378,1378,1286,2439,UNLV,fbs,Mountain West,34,"[7, 17, 0, 10]",0.9836490638554096,1155,1247,3.3854286801667484,https://www.youtube.com/watch?v=bvbeLzUU36Q,,
401126949,2019,7,regular,2019-10-12T20:00:00.000Z,False,True,False,True,,3643,Bobcat Stadium,147,Montana State,fcs,Big Sky,21,"[7, 7, 0, 7]",,,,16,Sacramento State,fcs,Big Sky,34,"[7, 14, 13, 0]",,,,,,,
401128721,2019,7,regular,2019-10-12T20:00:00.000Z,False,True,False,True,,3779,Manning Field at John L. Guidry Stadium,2447,Nicholls,fcs,Southland,45,"[14, 10, 7, 14]",,,,2466,Northwestern State,fcs,Southland,35,"[0, 7, 14, 14]",,,,,,,
401127078,2019,7,regular,2019-10-12T20:00:00.000Z,False,True,False,True,,3781,Johnny Unitas Stadium,119,Towson,fcs,CAA,21,"[7, 7, 7, 0]",,,,399,UAlbany,fcs,CAA,38,"[7, 10, 14, 7]",,,,,,,
401126916,2019,7,regular,2019-10-12T20:05:00.000Z,False,True,False,True,,3906,Roos Field,331,Eastern Washington,fcs,Big Sky,54,"[10, 30, 14, 0]",,,,2458,Northern Colorado,fcs,Big Sky,21,"[0, 0, 14, 7]",,,,,,,
401128704,2019,7,regular,2019-10-12T21:00:00.000Z,False,True,False,True,,3944,Strawberry Stadium,2545,SE Louisiana,fcs,Southland,21,"[7, 7, 0, 7]",,,,2916,Incarnate Word,fcs,Southland,27,"[3, 14, 3, 7]",,,,,,,
401128682,2019,7,regular,2019-10-12T21:00:00.000Z,False,True,False,True,,3711,Estes Stadium,2110,Central Arkansas,fcs,Southland,40,"[10, 10, 14, 6]",,,,2377,McNeese,fcs,Southland,31,"[10, 14, 0, 7]",,,,,,,
401121952,2019,7,regular,2019-10-12T21:00:00.000Z,False,True,False,True,17249,3654,Brooks Stadium (SC),324,Coastal Carolina,fbs,Sun Belt,21,"[3, 3, 7, 8]",0.22091767191886902,1341,1307,2247,Georgia State,fbs,Sun Belt,31,"[3, 14, 14, 0]",0.779082328081131,1200,1234,4.785518422733993,,,
401126924,2019,7,regular,2019-10-12T21:05:00.000Z,False,True,False,True,,4765,Hillsboro Stadium,2502,Portland State,fcs,Big Sky,24,"[0, 0, 10, 14]",,,,70,Idaho,fcs,Big Sky,0,"[0, 0, 0, 0]",,,,,,,
401127082,2019,7,regular,2019-10-12T22:00:00.000Z,False,True,False,True,,3788,Kenneth P. LaValle Stadium,2619,Stony Brook,fcs,CAA,14,"[0, 7, 7, 0]",,,,160,New Hampshire,fcs,CAA,20,"[7, 0, 3, 10]",,,,,,,
401127296,2019,7,regular,2019-10-12T22:00:00.000Z,False,True,False,True,,844,Stambaugh Stadium,2754,Youngstown State,fcs,MVFC,28,"[7, 7, 7, 7]",,,,2571,South Dakota State,fcs,MVFC,38,"[3, 0, 13, 22]",,,,,,,
401114284,2019,7,regular,2019-10-12T22:00:00.000Z,False,True,False,True,15728,3604,Alamodome,2636,UTSA,fbs,Conference USA,14,"[0, 7, 7, 0]",0.21888630092144012,1050,1052,5,UAB,fbs,Conference USA,33,"[3, 13, 7, 10]",0.7811136990785599,1545,1543,4.499879580433632,https://www.youtube.com/watch?v=EvnieKQIcLY,,
401114279,2019,7,regular,2019-10-12T23:00:00.000Z,False,True,False,True,16834,218,FIU Stadium,2229,Florida International,fbs,Conference USA,48,"[7, 21, 13, 7]",0.9913955330848694,1449,1497,2429,Charlotte,fbs,Conference USA,23,"[10, 7, 6, 0]",0.008604466915130615,1318,1270,3.329128228331482,https://www.youtube.com/watch?v=31o0U61zUQs,,
401110820,2019,7,regular,2019-10-12T23:00:00.000Z,False,True,False,True,62621,3838,Memorial Stadium,142,Missouri,fbs,SEC,38,"[3, 9, 23, 3]",0.761269211769104,1866,1862,145,Ole Miss,fbs,SEC,27,"[7, 0, 7, 13]",0.238730788230896,1538,1542,3.830276584612691,https://www.youtube.com/watch?v=Z7jrqafLJLQ,,
401114285,2019,7,regular,2019-10-12T23:00:00.000Z,False,True,False,False,16107,3796,Houchens Industries-L.T. Smith Stadium,98,Western Kentucky,fbs,Conference USA,17,"[7, 0, 3, 7]",0.6682924032211304,1380,1416,349,Army,fbs,FBS Independents,8,"[0, 0, 0, 8]",0.33170759677886963,1675,1639,2.3243433301015237,https://www.youtube.com/watch?v=y6dHubbwNoE,,
401114281,2019,7,regular,2019-10-12T23:00:00.000Z,False,True,False,False,19682,3776,Joe Aillet Stadium,2348,Louisiana Tech,fbs,Conference USA,69,"[28, 24, 10, 7]",0.988903284072876,1424,1505,113,Massachusetts,fbs,FBS Independents,21,"[0, 14, 7, 0]",0.011096715927124023,960,879,1.9751896236814652,https://www.youtube.com/watch?v=GzlKFHSkVuw,,
401117520,2019,7,regular,2019-10-12T23:00:00.000Z,False,True,False,True,22544,3713,Falcon Stadium,2005,Air Force,fbs,Mountain West,43,"[7, 15, 7, 14]",0.9846773461890033,1498,1557,278,Fresno State,fbs,Mountain West,24,"[14, 10, 0, 0]",0.015322653810996734,1643,1584,4.25841262279999,https://www.youtube.com/watch?v=dBBhhR1Spz0,,
401128391,2019,7,regular,2019-10-12T23:00:00.000Z,False,True,False,True,,3962,Tucker Stadium,2635,Tennessee Tech,fcs,OVC,14,"[0, 0, 0, 14]",,,,2630,UT Martin,fcs,OVC,55,"[10, 17, 21, 7]",,,,,,,
401128483,2019,7,regular,2019-10-12T23:00:00.000Z,False,True,False,True,,3599,Ace W. Mumford Stadium,2582,Southern,fcs,SWAC,34,"[7, 7, 3, 17]",,,,2504,Prairie View A&M,fcs,SWAC,28,"[7, 0, 7, 14]",,,,,,,
401114282,2019,7,regular,2019-10-12T23:00:00.000Z,False,True,False,True,25225,3815,M. M. Roberts Stadium,2572,Southern Miss,fbs,Conference USA,45,"[13, 15, 10, 7]",1,1423,1465,249,North Texas,fbs,Conference USA,27,"[7, 13, 0, 7]",0,1444,1402,4.180209614055785,https://www.youtube.com/watch?v=JrGAs3ndO4Q,,
401128664,2019,7,regular,2019-10-12T23:00:00.000Z,False,True,False,True,,5440,Wildcat Stadium (TX),2000,Abilene Christian,fcs,Southland,45,"[14, 7, 17, 7]",,,,2277,Houston Christian,fcs,Southland,20,"[0, 6, 14, 0]",,,,,,,
401127262,2019,7,regular,2019-10-12T23:00:00.000Z,False,True,False,True,,3913,Saluki Stadium,79,Southern Illinois,fcs,MVFC,7,"[0, 0, 7, 0]",,,,2287,Illinois State,fcs,MVFC,21,"[7, 7, 7, 0]",,,,,,,
401126905,2019,7,regular,2019-10-12T23:05:00.000Z,False,True,False,True,,3602,Aggie Stadium,302,UC Davis,fcs,Big Sky,48,"[24, 10, 0, 14]",,,,13,Cal Poly,fcs,Big Sky,24,"[0, 10, 7, 7]",,,,,,,
401117882,2019,7,regular,2019-10-12T23:30:00.000Z,False,True,False,True,17951,3674,Chapman Stadium,202,Tulsa,fbs,American Athletic,17,"[3, 0, 7, 7]",0.0027668671682476997,1366,1303,2426,Navy,fbs,American Athletic,45,"[7, 21, 0, 17]",0.9972331328317523,1477,1540,3.2550426590073744,,,
401112195,2019,7,regular,2019-10-12T23:30:00.000Z,False,True,False,True,69034,3793,Kinnick Stadium,2294,Iowa,fbs,Big Ten,12,"[3, 3, 0, 6]",0.10694080591201782,1894,1893,213,Penn State,fbs,Big Ten,17,"[0, 7, 3, 7]",0.8930591940879822,2003,2004,5.29855288940745,https://www.youtube.com/watch?v=11C2YgsPc3Q,,
401110818,2019,7,regular,2019-10-12T23:30:00.000Z,False,True,False,True,57060,3683,Kroger Field,96,Kentucky,fbs,SEC,24,"[0, 7, 10, 7]",0.9510094523429871,1582,1579,8,Arkansas,fbs,SEC,20,"[7, 6, 0, 7]",0.04899054765701294,1368,1371,5.227305971920166,https://www.youtube.com/watch?v=uVNsWmsu8FM,,
401114222,2019,7,regular,2019-10-12T23:30:00.000Z,False,True,False,False,77622,3855,Notre Dame Stadium,87,Notre Dame,fbs,FBS Independents,30,"[0, 17, 3, 10]",0.4094727337360382,1905,1903,30,USC,fbs,Pac-12,27,"[3, 0, 10, 14]",0.5905272662639618,1653,1655,4.786498552745053,https://www.youtube.com/watch?v=TjM7kDhpHw8,,
401112233,2019,7,regular,2019-10-12T23:30:00.000Z,False,True,False,True,43502,3953,Huntington Bank Stadium,135,Minnesota,fbs,Big Ten,34,"[7, 7, 20, 0]",0.9932210445404053,1639,1695,158,Nebraska,fbs,Big Ten,7,"[0, 0, 0, 7]",0.0067789554595947266,1522,1466,2.0312898023380073,https://www.youtube.com/watch?v=GXTLT5wTH8Y,,
401112481,2019,7,regular,2019-10-12T23:30:00.000Z,False,True,False,True,24434,3630,Allegacy Federal Credit Union Stadium,154,Wake Forest,fbs,ACC,59,"[7, 14, 10, 28]",0.26100364327430725,1592,1567,97,Louisville,fbs,ACC,62,"[21, 10, 14, 17]",0.7389963567256927,1278,1303,6.432816653830747,https://www.youtube.com/watch?v=_7KJA2jaQHQ,,
401110819,2019,7,regular,2019-10-13T00:00:00.000Z,False,True,False,True,102321,3958,Tiger Stadium (LA),99,LSU,fbs,SEC,42,"[7, 14, 14, 7]",0.9407246112823486,1970,1983,57,Florida,fbs,SEC,28,"[7, 14, 7, 0]",0.05927538871765137,1783,1770,5.794544147168479,https://www.youtube.com/watch?v=DynpyUPpxok,,
401126976,2019,7,regular,2019-10-13T00:00:00.000Z,False,True,False,True,,3942,Stewart Stadium,2692,Weber State,fcs,Big Sky,29,"[0, 7, 7, 15]",,,,253,Southern Utah,fcs,Big Sky,14,"[0, 7, 0, 7]",,,,,,,
401114204,2019,7,regular,2019-10-13T00:00:00.000Z,False,True,False,True,31730,3893,Reser Stadium,204,Oregon State,fbs,Pac-12,7,"[0, 0, 0, 7]",0.0042793601751327515,1286,1214,254,Utah,fbs,Pac-12,52,"[21, 14, 14, 3]",0.9957206398248672,1762,1834,2.6149365959711455,https://www.youtube.com/watch?v=rWJpTQm1Huo,,
401117521,2019,7,regular,2019-10-13T02:15:00.000Z,False,True,False,True,36902,3653,Albertsons Stadium,68,Boise State,fbs,Mountain West,59,"[14, 17, 21, 7]",0.9954827427864075,1708,1732,62,Hawai'i,fbs,Mountain West,37,"[7, 7, 7, 16]",0.004517257213592529,1429,1405,2.860617374416703,https://www.youtube.com/watch?v=zH4h2Q7v3wg,,
401117523,2019,7,regular,2019-10-13T02:30:00.000Z,False,True,False,True,28758,3932,Qualcomm Stadium,21,San Diego State,fbs,Mountain West,26,"[3, 3, 13, 7]",0.8070743680000305,1514,1519,2751,Wyoming,fbs,Mountain West,22,"[0, 14, 0, 8]",0.19292563199996948,1569,1564,5.780039180622296,https://www.youtube.com/watch?v=B2gN6Z3ZlsI,,
401114168,2019,7,regular,2019-10-13T03:00:00.000Z,False,True,False,True,47933,3619,Arizona Stadium,12,Arizona,fbs,Pac-12,27,"[0, 17, 0, 10]",0.014906817115843296,1498,1467,264,Washington,fbs,Pac-12,51,"[6, 7, 14, 24]",0.9850931828841567,1783,1814,5.62821205992297,https://www.youtube.com/watch?v=EWxa5bZ1cmU,,
401121953,2019,8,regular,2019-10-17T00:00:00.000Z,False,True,False,True,23182,3975,Veterans Memorial Stadium (AL),2653,Troy,fbs,Sun Belt,37,"[3, 13, 7, 14]",0.9673157334327698,1476,1494,6,South Alabama,fbs,Sun Belt,13,"[3, 7, 3, 0]",0.032684266567230225,1078,1060,4.264503743490582,https://www.youtube.com/watch?v=nSBMhjI0h3g,,
401128493,2019,8,regular,2019-10-17T23:00:00.000Z,False,True,False,True,,3720,Finley Stadium,236,Chattanooga,fcs,Southern,16,"[7, 0, 6, 3]",,,,2193,East Tennessee State,fcs,Southern,13,"[0, 13, 0, 0]",,,,,,,
401121954,2019,8,regular,2019-10-17T23:30:00.000Z,False,True,False,True,19176,3625,Centennial Bank Stadium,2032,Arkansas State,fbs,Sun Belt,20,"[7, 3, 3, 7]",0.0031345656607300043,1388,1360,309,Louisiana,fbs,Sun Belt,37,"[7, 17, 0, 13]",0.99686543433927,1511,1539,5.617043541167954,https://www.youtube.com/watch?v=rW-BExuBTck,,
401114210,2019,8,regular,2019-10-18T01:00:00.000Z,False,True,False,True,31464,3940,Stanford Stadium,24,Stanford,fbs,Pac-12,16,"[10, 0, 0, 6]",0.018494710326194763,1578,1507,26,UCLA,fbs,Pac-12,34,"[14, 7, 6, 7]",0.9815052896738052,1344,1415,3.522038442526153,https://www.youtube.com/watch?v=q7NAx9AUdsI,,
401114288,2019,8,regular,2019-10-18T22:30:00.000Z,False,True,False,True,15138,3715,FAU Stadium,2226,Florida Atlantic,fbs,Conference USA,31,"[14, 3, 0, 14]",0.22212068736553192,1490,1475,276,Marshall,fbs,Conference USA,36,"[10, 7, 5, 14]",0.7778793126344681,1395,1410,7.256064243334572,https://www.youtube.com/watch?v=yT8dp273cuw,,
401112483,2019,8,regular,2019-10-18T23:00:00.000Z,False,True,False,True,44886,1964,JMA Wireless Dome,183,Syracuse,fbs,ACC,20,"[3, 3, 7, 7]",0.05961050040104308,1506,1499,221,Pittsburgh,fbs,ACC,27,"[10, 14, 0, 3]",0.9403894995989569,1583,1590,4.8604519055,https://www.youtube.com/watch?v=oi-dDvK2pxI,,
401112248,2019,8,regular,2019-10-19T00:30:00.000Z,False,True,False,True,47330,3911,Ryan Field,77,Northwestern,fbs,Big Ten,3,"[3, 0, 0, 0]",0.011199034750461578,1563,1500,194,Ohio State,fbs,Big Ten,52,"[7, 24, 7, 14]",0.9888009652495384,2214,2277,2.983137287978191,https://www.youtube.com/watch?v=o-sJOjf0ntc,,
401117528,2019,8,regular,2019-10-19T02:00:00.000Z,False,True,False,True,26256,3660,Valley Children's Stadium,278,Fresno State,fbs,Mountain West,56,"[7, 21, 7, 21]",0.9905309677124023,1584,1622,2439,UNLV,fbs,Mountain West,27,"[3, 14, 3, 7]",0.009469032287597656,1247,1209,3.9887915483531975,https://www.youtube.com/watch?v=W-QmSCs1InA,,
401127225,2019,8,regular,2019-10-19T14:30:00.000Z,False,True,False,True,,3864,Oliver C. Dawson Stadium,2569,South Carolina State,fcs,MEAC,24,"[0, 10, 7, 7]",,,,2415,Morgan State,fcs,MEAC,10,"[3, 0, 0, 7]",,,,,,,
401112484,2019,8,regular,2019-10-19T16:00:00.000Z,False,True,False,True,30275,3615,"Alumni Stadium (Chestnut Hill, MA)",103,Boston College,fbs,ACC,45,"[7, 17, 7, 14]",0.9920719265937805,1513,1566,152,NC State,fbs,ACC,24,"[0, 3, 7, 14]",0.007928073406219482,1545,1492,3.3860711333580427,https://www.youtube.com/watch?v=XLORmB15i1w,,
401136600,2019,8,regular,2019-10-19T16:00:00.000Z,False,True,False,True,,3668,Campus Field,2529,Sacred Heart,fcs,NEC,6,"[0, 0, 6, 0]",,,,2184,Duquesne,fcs,NEC,20,"[3, 14, 0, 3]",,,,,,,
401117886,2019,8,regular,2019-10-19T16:00:00.000Z,False,True,False,True,19760,3892,Pratt & Whitney Stadium,41,UConn,fbs,American Athletic,17,"[0, 7, 3, 7]",0.24567952752113342,923,949,248,Houston,fbs,American Athletic,24,"[3, 7, 7, 7]",0.7543204724788666,1501,1475,4.943372031887883,https://www.youtube.com/watch?v=SZ6xOHlTYJ0,,
401112485,2019,8,regular,2019-10-19T16:00:00.000Z,False,True,False,True,51015,3873,L&N Federal Credit Union Stadium,97,Louisville,fbs,ACC,10,"[0, 3, 0, 7]",0.03702320531010628,1303,1302,228,Clemson,fbs,ACC,45,"[3, 14, 7, 21]",0.9629767946898937,2169,2170,3.8064418375980362,https://www.youtube.com/watch?v=rBfJC6IfWv0,,
401112488,2019,8,regular,2019-10-19T16:00:00.000Z,False,True,False,True,54106,3948,Hard Rock Stadium,2390,Miami,fbs,ACC,21,"[14, 7, 0, 0, 0]",0.46652281284332275,1580,1553,59,Georgia Tech,fbs,ACC,28,"[14, 7, 0, 0, 7]",0.5334771871566772,1408,1435,7.5441263665818425,https://www.youtube.com/watch?v=BVLz6YoE3gY,,
401128634,2019,8,regular,2019-10-19T16:00:00.000Z,False,True,False,True,,3847,Cooper Field,46,Georgetown,fcs,Patriot,14,"[7, 7, 0, 0]",,,,322,Lafayette,fcs,Patriot,10,"[7, 3, 0, 0]",,,,,,,
401112119,2019,8,regular,2019-10-19T16:00:00.000Z,False,True,False,True,82620,3835,"Memorial Stadium (Norman, OK)",201,Oklahoma,fbs,Big 12,52,"[14, 14, 21, 3]",0.9723909497261047,1964,2025,277,West Virginia,fbs,Big 12,14,"[0, 14, 0, 0]",0.027609050273895264,1589,1528,2.667334003155152,https://www.youtube.com/watch?v=AdVg2rx-NI8,,
401128595,2019,8,regular,2019-10-19T16:00:00.000Z,False,True,False,False,,36,Leonidoff Field,2368,Marist,fcs,Pioneer,7,"[0, 0, 0, 7]",,,,159,Dartmouth,fcs,Ivy,49,"[14, 21, 7, 7]",,,,,,,
401136605,2019,8,regular,2019-10-19T16:00:00.000Z,False,True,False,True,,3979,Wagner College Stadium,2681,Wagner,fcs,NEC,13,"[7, 3, 0, 3]",,,,2523,Robert Morris,fcs,NEC,21,"[7, 0, 7, 7]",,,,,,,
401119283,2019,8,regular,2019-10-19T16:00:00.000Z,False,True,False,True,15009,3876,Peden Stadium,195,Ohio,fbs,Mid-American,45,"[10, 14, 7, 14]",0.18574184338923302,1569,1561,2309,Kent State,fbs,Mid-American,38,"[14, 10, 0, 14]",0.814258156610767,1228,1236,6.424976226,,,
401110829,2019,8,regular,2019-10-19T16:00:00.000Z,False,True,False,True,78883,3994,Williams-Brice Stadium,2579,South Carolina,fbs,SEC,27,"[7, 3, 10, 7]",0.07026401907205582,1582,1575,57,Florida,fbs,SEC,38,"[3, 7, 7, 21]",0.9297359809279442,1770,1777,6.953542220886306,https://www.youtube.com/watch?v=CfdSzkXnwPM,,
401112090,2019,8,regular,2019-10-19T16:00:00.000Z,False,True,False,True,52315,3784,Jones AT&T Stadium,2641,Texas Tech,fbs,Big 12,24,"[0, 7, 10, 7]",0.09131135791540146,1529,1535,66,Iowa State,fbs,Big 12,34,"[7, 13, 7, 7]",0.9086886420845985,1856,1850,3.7590184788658574,https://www.youtube.com/watch?v=d1FvX0YaCyw,,
401112151,2019,8,regular,2019-10-19T16:00:00.000Z,False,True,False,True,37363,3832,"Memorial Stadium (Champaign, IL)",356,Illinois,fbs,Big Ten,24,"[0, 7, 7, 10]",0.3040737509727478,1346,1364,275,Wisconsin,fbs,Big Ten,23,"[7, 6, 7, 3]",0.6959262490272522,2056,2038,6.258012268476091,https://www.youtube.com/watch?v=ojNpMSByGok,,
401110825,2019,8,regular,2019-10-19T16:00:00.000Z,False,True,False,True,54619,3887,Razorback Stadium,8,Arkansas,fbs,SEC,10,"[0, 0, 10, 0]",0,1371,1319,2,Auburn,fbs,SEC,51,"[17, 0, 14, 20]",1,1906,1958,2.99013827681008,https://www.youtube.com/watch?v=taX8UxYz5KQ,,
401112196,2019,8,regular,2019-10-19T16:00:00.000Z,False,True,False,True,69250,3793,Kinnick Stadium,2294,Iowa,fbs,Big Ten,26,"[6, 3, 7, 10]",0.7294161915779114,1893,1884,2509,Purdue,fbs,Big Ten,20,"[0, 7, 0, 13]",0.2705838084220886,1545,1554,4.657293400305336,https://www.youtube.com/watch?v=YBncwT30S8I,,
401128653,2019,8,regular,2019-10-19T16:30:00.000Z,False,True,False,True,,3656,Brown Stadium,225,Brown,fcs,Ivy,22,"[6, 13, 3, 0]",,,,163,Princeton,fcs,Ivy,65,"[17, 34, 7, 7]",,,,,,,
401127083,2019,8,regular,2019-10-19T17:00:00.000Z,False,True,False,True,,3695,Delaware Stadium,48,Delaware,fcs,CAA,16,"[0, 10, 3, 3]",,,,160,New Hampshire,fcs,CAA,10,"[0, 10, 0, 0]",,,,,,,
401128569,2019,8,regular,2019-10-19T17:00:00.000Z,False,True,False,True,,3691,D. B. Milne Field,294,Jacksonville,fcs,Pioneer,19,"[0, 3, 10, 6]",,,,2166,Davidson,fcs,Pioneer,49,"[7, 14, 7, 21]",,,,,,,
401127273,2019,8,regular,2019-10-19T17:00:00.000Z,False,True,False,True,,3829,Memorial Stadium,282,Indiana State,fcs,MVFC,23,"[7, 3, 7, 6]",,,,2571,South Dakota State,fcs,MVFC,42,"[7, 28, 0, 7]",,,,,,,
401128650,2019,8,regular,2019-10-19T17:00:00.000Z,False,True,False,True,,3681,Coffey Field,2230,Fordham,fcs,Patriot,27,"[0, 10, 7, 7, 3]",,,,2329,Lehigh,fcs,Patriot,30,"[7, 7, 3, 7, 6]",,,,,,,
401128639,2019,8,regular,2019-10-19T17:00:00.000Z,False,True,False,False,,3722,Fitton Field,107,Holy Cross,fcs,Patriot,21,"[7, 0, 7, 7]",,,,108,Harvard,fcs,Ivy,31,"[17, 7, 7, 0]",,,,,,,
401128502,2019,8,regular,2019-10-19T17:00:00.000Z,False,True,False,True,,3868,Paladin Stadium,231,Furman,fcs,Southern,10,"[3, 0, 0, 7]",,,,2643,The Citadel,fcs,Southern,27,"[7, 0, 14, 6]",,,,,,,
401136612,2019,8,regular,2019-10-19T17:00:00.000Z,False,True,False,True,,6043,Bethpage Federal Credit Union Stadium,2341,Long Island University,fcs,NEC,0,"[0, 0, 0, 0]",,,,2598,Saint Francis,fcs,NEC,30,"[3, 6, 0, 21]",,,,,,,
401127010,2019,8,regular,2019-10-19T17:00:00.000Z,False,True,False,True,,5389,Kessler Stadium,2405,Monmouth,fcs,Big South,49,"[7, 14, 21, 7]",,,,2241,Gardner-Webb,fcs,Big South,28,"[7, 0, 14, 7]",,,,,,,
401127422,2019,8,regular,2019-10-19T17:00:00.000Z,False,True,False,True,,3624,Arute Field,2115,Central Connecticut,fcs,NEC,52,"[14, 14, 14, 10]",,,,2803,Bryant,fcs,NEC,14,"[0, 14, 0, 0]",,,,,,,
401128948,2019,8,regular,2019-10-19T17:30:00.000Z,False,True,False,True,,3802,Lawrence A. Wien Stadium,171,Columbia,fcs,Ivy,44,"[10, 7, 13, 14]",,,,219,Pennsylvania,fcs,Ivy,6,"[0, 0, 0, 6]",,,,,,,
401128625,2019,8,regular,2019-10-19T17:30:00.000Z,False,True,False,False,,3921,Schoellkopf Field,172,Cornell,fcs,Ivy,20,"[3, 7, 7, 3]",,,,2142,Colgate,fcs,Patriot,21,"[0, 14, 7, 0]",,,,,,,
401128532,2019,8,regular,2019-10-19T17:30:00.000Z,False,True,False,True,,3737,Gibbs Stadium,2747,Wofford,fcs,Southern,59,"[7, 28, 14, 10]",,,,2717,Western Carolina,fcs,Southern,7,"[7, 0, 0, 0]",,,,,,,
401127415,2019,8,regular,2019-10-19T18:00:00.000Z,False,True,False,False,,3613,Alumni Stadium,2169,Delaware State,fcs,MEAC,21,"[14, 7, 0, 0]",,,,2771,Merrimack,fcs,NEC,30,"[7, 17, 3, 3]",,,,,,,
401128558,2019,8,regular,2019-10-19T18:00:00.000Z,False,True,False,True,,3774,Jayne Stadium,2413,Morehead State,fcs,Pioneer,31,"[10, 14, 0, 7]",,,,2086,Butler,fcs,Pioneer,20,"[0, 7, 7, 6]",,,,,,,
401127263,2019,8,regular,2019-10-19T18:00:00.000Z,False,True,False,True,,3746,Hanson Field,2710,Western Illinois,fcs,MVFC,14,"[0, 0, 7, 7]",,,,2287,Illinois State,fcs,MVFC,28,"[7, 7, 0, 14]",,,,,,,
401119282,2019,8,regular,2019-10-19T18:00:00.000Z,False,True,False,True,15100,3700,Doyt L. Perry Stadium,189,Bowling Green,fbs,Mid-American,20,"[7, 0, 7, 6]",0.013059164397418499,986,972,2117,Central Michigan,fbs,Mid-American,38,"[7, 14, 7, 10]",0.9869408356025815,1284,1298,4.1217790774493706,,,
401119285,2019,8,regular,2019-10-19T18:00:00.000Z,False,True,False,True,15113,3919,Scheumann Stadium,2050,Ball State,fbs,Mid-American,52,"[17, 21, 14, 0]",0.9965556859970093,1251,1387,2649,Toledo,fbs,Mid-American,14,"[0, 0, 7, 7]",0.0034443140029907227,1427,1291,2.6301158429256244,,,
401114178,2019,8,regular,2019-10-19T18:30:00.000Z,False,True,False,True,42064,3831,California Memorial Stadium,25,California,fbs,Pac-12,17,"[0, 3, 14, 0]",0.10441708564758301,1540,1510,204,Oregon State,fbs,Pac-12,21,"[7, 7, 0, 7]",0.895582914352417,1214,1244,6.4846724886897675,https://www.youtube.com/watch?v=XgS3U13cIcU,,
401119284,2019,8,regular,2019-10-19T18:30:00.000Z,False,True,False,True,11710,3996,Yager Stadium,193,Miami (OH),fbs,Mid-American,27,"[0, 7, 14, 6]",0.9746237397193909,1257,1259,2459,Northern Illinois,fbs,Mid-American,24,"[3, 7, 7, 7]",0.02537626028060913,1328,1326,5.688978550977009,,,
401112109,2019,8,regular,2019-10-19T18:30:00.000Z,False,True,False,True,48298,3636,Bill Snyder Family Stadium,2306,Kansas State,fbs,Big 12,24,"[7, 7, 3, 7]",0.5399063229560852,1605,1616,2628,TCU,fbs,Big 12,17,"[0, 10, 7, 0]",0.4600936770439148,1632,1621,5.04414136384757,https://www.youtube.com/watch?v=rLVobnDL1Uw,,
401127025,2019,8,regular,2019-10-19T18:30:00.000Z,False,True,False,True,,3627,Bailey Memorial Stadium,2506,Presbyterian,fcs,Big South,10,"[7, 3, 0, 0]",,,,338,Kennesaw State,fcs,Big South,55,"[14, 14, 27, 0]",,,,,,,
401121956,2019,8,regular,2019-10-19T19:00:00.000Z,False,True,False,True,11015,3608,Allen E. Paulson Stadium,290,Georgia Southern,fbs,Sun Belt,30,"[3, 7, 0, 0, 7, 7, 6]",0.6869688034057617,1335,1336,324,Coastal Carolina,fbs,Sun Belt,27,"[0, 7, 0, 3, 7, 7, 3]",0.3130311965942383,1307,1306,10.082458679086736,,,
401128357,2019,8,regular,2019-10-19T19:00:00.000Z,False,True,False,True,,3909,Roy Stewart Stadium,93,Murray State,fcs,OVC,27,"[3, 7, 7, 10]",,,,2198,Eastern Kentucky,fcs,OVC,34,"[7, 10, 17, 0]",,,,,,,
401126964,2019,8,regular,2019-10-19T19:00:00.000Z,False,True,False,True,,3856,Nottingham Field,2458,Northern Colorado,fcs,Big Sky,30,"[0, 14, 10, 6]",,,,2502,Portland State,fcs,Big Sky,38,"[10, 14, 7, 7]",,,,,,,
401127299,2019,8,regular,2019-10-19T19:00:00.000Z,False,True,False,True,,3913,Saluki Stadium,79,Southern Illinois,fcs,MVFC,35,"[14, 14, 7, 0]",,,,2754,Youngstown State,fcs,MVFC,10,"[3, 7, 0, 0]",,,,,,,
401117526,2019,8,regular,2019-10-19T19:00:00.000Z,False,True,False,True,22884,3984,War Memorial Stadium,2751,Wyoming,fbs,Mountain West,23,"[7, 0, 6, 10]",0.9004409313201904,1564,1557,167,New Mexico,fbs,Mountain West,10,"[0, 0, 0, 10]",0.09955906867980957,1143,1150,3.2375976727031706,https://www.youtube.com/watch?v=9ZvIFdE2CqM,,
401128521,2019,8,regular,2019-10-19T19:00:00.000Z,False,True,False,True,,4417,Five Star Stadium at the Moye Complex,2382,Mercer,fcs,Southern,34,"[3, 10, 14, 7]",,,,2678,VMI,fcs,Southern,27,"[3, 3, 0, 21]",,,,,,,
401128475,2019,8,regular,2019-10-19T19:00:00.000Z,False,True,False,True,,3896,Rice-Totten Field,2400,Mississippi Valley State,fcs,SWAC,28,"[7, 14, 0, 7, 0]",,,,2296,Jackson State,fcs,SWAC,31,"[0, 7, 14, 7, 3]",,,,,,,
401128488,2019,8,regular,2019-10-19T19:00:00.000Z,False,True,False,True,,499,Cotton Bowl,2640,Texas Southern,fcs,SWAC,21,"[7, 0, 0, 14]",,,,2582,Southern,fcs,SWAC,28,"[7, 0, 14, 7]",,,,,,,
401128944,2019,8,regular,2019-10-19T19:00:00.000Z,False,True,False,True,,3748,Graham Stadium,2630,UT Martin,fcs,OVC,27,"[14, 7, 0, 6]",,,,2197,Eastern Illinois,fcs,OVC,18,"[11, 0, 0, 7]",,,,,,,
401128722,2019,8,regular,2019-10-19T19:00:00.000Z,False,True,False,True,,3647,Elliott T. Bowers Stadium,2534,Sam Houston,fcs,Southland,17,"[7, 3, 7, 0]",,,,2447,Nicholls,fcs,Southland,0,"[0, 0, 0, 0]",,,,,,,
401128484,2019,8,regular,2019-10-19T19:00:00.000Z,False,True,False,False,,5238,Panther Stadium,2504,Prairie View A&M,fcs,SWAC,51,"[13, 10, 21, 7]",,,,2355,Virginia Lynchburg,,,0,"[0, 0, 0, 0]",,,,,,,
401121955,2019,8,regular,2019-10-19T19:30:00.000Z,False,True,False,True,27717,3792,Kidd Brewer Stadium,2026,App State,fbs,Sun Belt,52,"[21, 10, 7, 14]",0.9912928342819214,1700,1774,2433,UL Monroe,fbs,Sun Belt,7,"[7, 0, 0, 0]",0.008707165718078613,1254,1180,2.6990708807945465,https://www.youtube.com/watch?v=6ia8Y8_FaOo,,
401112234,2019,8,regular,2019-10-19T19:30:00.000Z,False,True,False,True,26429,3754,High Point Solutions Stadium,164,Rutgers,fbs,Big Ten,7,"[0, 0, 0, 7]",0.011613146401941776,1059,1035,135,Minnesota,fbs,Big Ten,42,"[7, 7, 7, 21]",0.9883868535980582,1695,1719,2.487328742174288,https://www.youtube.com/watch?v=ZDBi_IxsItE,,
401117885,2019,8,regular,2019-10-19T19:30:00.000Z,False,True,False,True,33209,3854,Nippert Stadium,2132,Cincinnati,fbs,American Athletic,24,"[10, 0, 7, 7]",0.9984102845191956,1707,1699,202,Tulsa,fbs,American Athletic,13,"[0, 7, 3, 3]",0.0015897154808044434,1303,1311,3.7516419435476402,https://www.youtube.com/watch?v=LWj6Ee2VM-g,,
401117887,2019,8,regular,2019-10-19T19:30:00.000Z,False,True,False,True,23132,3735,Gerald J. Ford Stadium,2567,SMU,fbs,American Athletic,45,"[10, 14, 7, 14]",0.9685285091400146,1583,1639,218,Temple,fbs,American Athletic,21,"[0, 7, 7, 7]",0.03147149085998535,1551,1495,3.803793223541437,https://www.youtube.com/watch?v=Hl3-wCMj7cI,,
401127085,2019,8,regular,2019-10-19T19:30:00.000Z,False,True,False,True,,3998,Zable Stadium,2729,William & Mary,fcs,CAA,10,"[3, 0, 7, 0]",,,,256,James Madison,fcs,CAA,38,"[7, 14, 10, 7]",,,,,,,
401110828,2019,8,regular,2019-10-19T19:30:00.000Z,False,True,False,True,59282,3693,Davis Wade Stadium,344,Mississippi State,fbs,SEC,13,"[0, 7, 0, 6]",0.040196970105171204,1664,1639,99,LSU,fbs,SEC,36,"[3, 19, 14, 0]",0.9598030298948288,1983,2008,3.39507377062528,https://www.youtube.com/watch?v=rCYtzeRfBw8,,
401114196,2019,8,regular,2019-10-19T19:30:00.000Z,False,True,False,True,70867,3765,Husky Stadium,264,Washington,fbs,Pac-12,31,"[7, 14, 10, 0]",0.2604016959667206,1814,1813,2483,Oregon,fbs,Pac-12,35,"[7, 7, 14, 7]",0.7395983040332794,1897,1898,6.51743302604113,https://www.youtube.com/watch?v=cqZR1wtU8Sc,,
401114289,2019,8,regular,2019-10-19T19:30:00.000Z,False,True,False,True,23419,3776,Joe Aillet Stadium,2348,Louisiana Tech,fbs,Conference USA,45,"[7, 17, 0, 21]",0.9911662340164185,1505,1533,2572,Southern Miss,fbs,Conference USA,30,"[14, 13, 0, 3]",0.008833765983581543,1465,1437,6.681634423385533,https://www.youtube.com/watch?v=SKoqxshiQSA,,
401112489,2019,8,regular,2019-10-19T19:30:00.000Z,False,True,False,True,65632,3799,Lane Stadium,259,Virginia Tech,fbs,ACC,43,"[7, 14, 0, 10, 3, 7, 0, 0, 0, 2]",0.9321513772010803,1445,1446,153,North Carolina,fbs,ACC,41,"[10, 7, 7, 7, 3, 7, 0, 0, 0, 0]",0.06784862279891968,1506,1505,11.64937265011503,https://www.youtube.com/watch?v=nWZuWTMUYO8,,
401127084,2019,8,regular,2019-10-19T19:30:00.000Z,False,True,False,True,,4419,Bob Ford Field,399,UAlbany,fcs,CAA,35,"[0, 6, 22, 7]",,,,227,Rhode Island,fcs,CAA,28,"[7, 7, 7, 7]",,,,,,,
401127253,2019,8,regular,2019-10-19T19:30:00.000Z,False,True,False,True,,3714,Fargodome,2449,North Dakota State,fcs,MVFC,22,"[8, 7, 0, 7]",,,,2623,Missouri State,fcs,MVFC,0,"[0, 0, 0, 0]",,,,,,,
401112486,2019,8,regular,2019-10-19T19:30:00.000Z,False,True,False,True,52847,3923,Scott Stadium,258,Virginia,fbs,ACC,48,"[0, 17, 24, 7]",0.9433942437171936,1600,1700,150,Duke,fbs,ACC,14,"[0, 0, 7, 7]",0.056605756282806396,1641,1541,2.1615847827228256,https://www.youtube.com/watch?v=5CFijGjb98g,,
401112163,2019,8,regular,2019-10-19T19:30:00.000Z,False,True,False,True,32606,3665,SECU Stadium,120,Maryland,fbs,Big Ten,28,"[7, 14, 7, 0]",0.17352384328842163,1473,1467,84,Indiana,fbs,Big Ten,34,"[14, 10, 7, 3]",0.8264761567115784,1543,1549,7.910412911172437,https://www.youtube.com/watch?v=1ODOe8pxEzE,,
401117883,2019,8,regular,2019-10-19T19:30:00.000Z,False,True,False,True,29774,3852,Navy-Marine Corps Memorial Stadium,2426,Navy,fbs,American Athletic,35,"[7, 14, 0, 14]",0.9081270098686218,1540,1599,58,South Florida,fbs,American Athletic,3,"[0, 3, 0, 0]",0.09187299013137817,1312,1253,2.0636602135238715,https://www.youtube.com/watch?v=VCd2v2QxW3E,,
401119281,2019,8,regular,2019-10-19T19:30:00.000Z,False,True,False,True,16909,3768,InfoCision Stadium,2006,Akron,fbs,Mid-American,0,"[0, 0, 0, 0]",0.44038426876068115,1015,1000,2084,Buffalo,fbs,Mid-American,21,"[7, 0, 7, 7]",0.5596157312393188,1385,1400,3.568155925410409,,,
401114290,2019,8,regular,2019-10-19T20:00:00.000Z,False,True,False,True,16094,3825,DATCU Stadium,249,North Texas,fbs,Conference USA,33,"[7, 10, 3, 13]",0.3730626106262207,1402,1402,2393,Middle Tennessee,fbs,Conference USA,30,"[3, 13, 0, 14]",0.6269373893737793,1320,1320,7.185748062308997,https://www.youtube.com/watch?v=4sNSvmmBKWk,,
401114286,2019,8,regular,2019-10-19T20:00:00.000Z,False,True,False,True,15816,3796,Houchens Industries-L.T. Smith Stadium,98,Western Kentucky,fbs,Conference USA,30,"[7, 10, 13, 0]",0.9849293231964111,1416,1437,2429,Charlotte,fbs,Conference USA,14,"[7, 7, 0, 0]",0.015070676803588867,1270,1249,3.797006218063295,https://www.youtube.com/watch?v=J2xtrXcihl8,,
401128366,2019,8,regular,2019-10-19T20:00:00.000Z,False,True,False,True,,3662,AmFirst Stadium,55,Jacksonville State,fcs,OVC,21,"[0, 7, 0, 14]",,,,2546,Southeast Missouri State,fcs,OVC,24,"[0, 7, 3, 14]",,,,,,,
401128665,2019,8,regular,2019-10-19T20:00:00.000Z,False,True,False,True,,5440,Wildcat Stadium (TX),2000,Abilene Christian,fcs,Southland,31,"[0, 14, 10, 0, 7]",,,,2617,Stephen F. Austin,fcs,Southland,24,"[7, 7, 0, 10, 0]",,,,,,,
401128578,2019,8,regular,2019-10-19T20:00:00.000Z,False,True,False,True,,4416,Spec Martin Municipal Stadium,56,Stetson,fcs,Pioneer,38,"[7, 14, 17, 0]",,,,2168,Dayton,fcs,Pioneer,21,"[0, 7, 7, 7]",,,,,,,
401126990,2019,8,regular,2019-10-19T20:00:00.000Z,False,True,False,True,,3629,Barker-Lane Stadium,2097,Campbell,fcs,Big South,31,"[7, 10, 0, 14]",,,,2261,Hampton,fcs,Big South,16,"[3, 7, 0, 6]",,,,,,,
401114291,2019,8,regular,2019-10-19T20:00:00.000Z,False,True,False,True,19511,3803,Legion Field,5,UAB,fbs,Conference USA,38,"[14, 14, 7, 3]",1,1543,1565,295,Old Dominion,fbs,Conference USA,14,"[0, 3, 11, 0]",0,1180,1158,2.34174466233352,https://www.youtube.com/watch?v=vwHisohyJ6Q,,
401110830,2019,8,regular,2019-10-19T20:00:00.000Z,False,True,False,True,23900,3973,FirstBank Stadium,238,Vanderbilt,fbs,SEC,21,"[0, 14, 0, 7]",0.6540396809577942,1286,1334,142,Missouri,fbs,SEC,14,"[0, 7, 7, 0]",0.3459603190422058,1862,1814,4.729821570659549,https://www.youtube.com/watch?v=1IssnzS5bg0,,
401126958,2019,8,regular,2019-10-19T20:00:00.000Z,False,True,False,True,,3942,Stewart Stadium,2692,Weber State,fcs,Big Sky,51,"[7, 7, 16, 21]",,,,2464,Northern Arizona,fcs,Big Sky,28,"[7, 14, 0, 7]",,,,,,,
401112079,2019,8,regular,2019-10-19T20:00:00.000Z,False,True,False,True,55060,3646,Boone Pickens Stadium,197,Oklahoma State,fbs,Big 12,27,"[6, 7, 7, 7]",0.039742399007081985,1651,1603,239,Baylor,fbs,Big 12,45,"[7, 3, 14, 21]",0.960257600992918,1617,1665,7.124268469684583,https://www.youtube.com/watch?v=1f8fgFoqLbk,,
401127087,2019,8,regular,2019-10-19T20:00:00.000Z,False,True,False,False,,3781,Johnny Unitas Stadium,119,Towson,fcs,CAA,56,"[21, 21, 14, 0]",,,,2083,Bucknell,fcs,Patriot,7,"[0, 7, 0, 0]",,,,,,,
401128705,2019,8,regular,2019-10-19T21:00:00.000Z,False,True,False,True,,3734,Gayle and Tom Benson Stadium,2916,Incarnate Word,fcs,Southland,35,"[14, 14, 7, 0]",,,,2320,Lamar,fcs,Southland,17,"[7, 0, 7, 3]",,,,,,,
401127285,2019,8,regular,2019-10-19T21:00:00.000Z,False,True,False,True,,3967,UNI-Dome,2460,Northern Iowa,fcs,MVFC,42,"[14, 7, 14, 7]",,,,233,South Dakota,fcs,MVFC,27,"[21, 3, 3, 0]",,,,,,,
401128697,2019,8,regular,2019-10-19T21:00:00.000Z,False,True,False,True,,3686,Cowboy Stadium,2377,McNeese,fcs,Southland,42,"[14, 14, 7, 7]",,,,2277,Houston Christian,fcs,Southland,27,"[7, 13, 0, 7]",,,,,,,
401128604,2019,8,regular,2019-10-19T21:00:00.000Z,False,True,False,True,,716,Torero Stadium,301,San Diego,fcs,Pioneer,42,"[7, 21, 14, 0]",,,,2674,Valparaiso,fcs,Pioneer,17,"[3, 0, 14, 0]",,,,,,,
401127433,2019,8,regular,2019-10-19T21:30:00.000Z,False,True,False,True,,3810,Nissan Stadium,2634,Tennessee State,fcs,OVC,26,"[0, 9, 7, 10]",,,,2046,Austin Peay,fcs,OVC,24,"[10, 7, 7, 0]",,,,,,,
401126925,2019,8,regular,2019-10-19T21:30:00.000Z,False,True,False,True,,3791,Kibbie Dome,70,Idaho,fcs,Big Sky,45,"[17, 7, 21, 0]",,,,304,Idaho State,fcs,Big Sky,21,"[0, 7, 14, 0]",,,,,,,
401127086,2019,8,regular,2019-10-19T22:00:00.000Z,False,True,False,False,,2068,E. Claiborne Robins Stadium,257,Richmond,fcs,CAA,27,"[3, 17, 7, 0]",,,,43,Yale,fcs,Ivy,28,"[0, 7, 7, 14]",,,,,,,
401114351,2019,8,regular,2019-10-19T22:00:00.000Z,False,True,False,False,18657,3992,Williams Stadium (VA),2335,Liberty,fbs,FBS Independents,59,"[17, 28, 7, 7]",0.9750958681106567,,,311,Maine,fcs,CAA,44,"[3, 14, 7, 20]",0.02490413188934326,,,2.895375954239205,https://www.youtube.com/watch?v=Gn8jyrQOTi0,,
401110826,2019,8,regular,2019-10-19T22:00:00.000Z,False,True,False,True,92746,3917,Sanford Stadium,61,Georgia,fbs,SEC,21,"[0, 0, 14, 7]",0.8760462999343872,1962,1974,96,Kentucky,fbs,SEC,0,"[0, 0, 0, 0]",0.12395370006561279,1579,1567,3.523164588760377,https://www.youtube.com/watch?v=DT67P5dZqE0,,
401114292,2019,8,regular,2019-10-19T22:00:00.000Z,False,True,False,True,17657,3604,Alamodome,2636,UTSA,fbs,Conference USA,31,"[7, 0, 17, 7]",0.4222389757633209,1052,1059,242,Rice,fbs,Conference USA,27,"[3, 7, 14, 3]",0.5777610242366791,1187,1180,7.000072455080325,https://www.youtube.com/watch?v=a2XD-wm1HAE,,
401114158,2019,8,regular,2019-10-19T22:00:00.000Z,False,True,False,True,46402,587,Rice-Eccles Stadium,254,Utah,fbs,Pac-12,21,"[0, 14, 0, 7]",0.9279980063438416,1834,1854,9,Arizona State,fbs,Pac-12,3,"[0, 0, 3, 0]",0.07200199365615845,1620,1600,3.1514339128875304,https://www.youtube.com/watch?v=J2ipeDKbuhY,,
401117529,2019,8,regular,2019-10-19T23:00:00.000Z,False,True,False,True,18285,3935,CEFCU Stadium,23,San José State,fbs,Mountain West,17,"[7, 0, 3, 7]",0.032826390117406845,1212,1216,21,San Diego State,fbs,Mountain West,27,"[7, 6, 14, 0]",0.9671736098825932,1519,1515,4.033311589322592,https://www.youtube.com/watch?v=mHLwz-41E2E,,
401112102,2019,8,regular,2019-10-19T23:00:00.000Z,False,True,False,True,97137,3910,DKR-Texas Memorial Stadium,251,Texas,fbs,Big 12,50,"[14, 7, 3, 26]",0.2180418074131012,1778,1773,2305,Kansas,fbs,Big 12,48,"[3, 14, 7, 24]",0.7819581925868988,1373,1378,10.493328191033195,https://www.youtube.com/watch?v=MWWAzG9YRm0,,
401117888,2019,8,regular,2019-10-19T23:00:00.000Z,False,True,False,True,30221,3805,Simmons Bank Liberty Stadium,235,Memphis,fbs,American Athletic,47,"[13, 21, 6, 7]",0.9923426508903503,1677,1748,2655,Tulane,fbs,American Athletic,17,"[3, 7, 0, 7]",0.007657349109649658,1603,1532,3.1005145140876493,https://www.youtube.com/watch?v=-3hfxTM4VtM,,
401114287,2019,8,regular,2019-10-19T23:00:00.000Z,False,True,False,True,13951,218,FIU Stadium,2229,Florida International,fbs,Conference USA,32,"[3, 15, 0, 14]",0.9887574315071106,1497,1491,2638,UTEP,fbs,Conference USA,17,"[7, 0, 0, 10]",0.011242568492889404,1043,1049,3.023876536432181,https://www.youtube.com/watch?v=2pBwQ9F6W-U,,
401119286,2019,8,regular,2019-10-19T23:00:00.000Z,False,True,False,True,20528,3912,Rynearson Stadium,2199,Eastern Michigan,fbs,Mid-American,34,"[3, 7, 10, 14]",0.8880856037139893,1315,1332,2711,Western Michigan,fbs,Mid-American,27,"[7, 7, 7, 6]",0.11191439628601074,1434,1417,5.788617616935232,,,
401114187,2019,8,regular,2019-10-19T23:00:00.000Z,False,True,False,True,28514,3820,Gesa Field,265,Washington State,fbs,Pac-12,41,"[21, 3, 7, 10]",0.971752941608429,1653,1707,38,Colorado,fbs,Pac-12,10,"[3, 0, 7, 0]",0.028247058391571045,1406,1352,2.408168353532932,https://www.youtube.com/watch?v=e-r-BVzeYrk,,
401128683,2019,8,regular,2019-10-19T23:00:00.000Z,False,True,False,True,,3963,Harry Turpin Stadium,2466,Northwestern State,fcs,Southland,30,"[14, 10, 0, 6]",,,,2110,Central Arkansas,fcs,Southland,31,"[7, 7, 10, 7]",,,,,,,
401114329,2019,8,regular,2019-10-19T23:00:00.000Z,False,True,False,False,21720,4246,Center Parc Stadium,2247,Georgia State,fbs,Sun Belt,28,"[7, 7, 6, 8]",0.9705097079277039,1234,1269,349,Army,fbs,FBS Independents,21,"[7, 7, 7, 0]",0.029490292072296143,1639,1604,5.057656394616165,,,
401117884,2019,8,regular,2019-10-19T23:00:00.000Z,False,True,False,True,42906,3652,FBC Mortgage Stadium,2116,UCF,fbs,American Athletic,41,"[21, 14, 6, 0]",0.8848254084587097,1844,1820,151,East Carolina,fbs,American Athletic,28,"[0, 6, 16, 6]",0.11517459154129028,1152,1176,2.8047897590482487,https://www.youtube.com/watch?v=kScyDx04Z40,,
401127001,2019,8,regular,2019-10-19T23:00:00.000Z,False,True,False,True,,4133,Braly Municipal Stadium,2453,North Alabama,fcs,Big South,20,"[11, 0, 6, 3]",,,,2127,Charleston Southern,fcs,Big South,25,"[10, 3, 3, 9]",,,,,,,
401127210,2019,8,regular,2019-10-19T23:00:00.000Z,False,True,False,True,,3850,Municipal Stadium,2065,Bethune-Cookman,fcs,MEAC,35,"[0, 19, 6, 10]",,,,2450,Norfolk State,fcs,MEAC,22,"[7, 7, 0, 8]",,,,,,,
401112487,2019,8,regular,2019-10-19T23:30:00.000Z,False,True,False,True,24782,3630,Allegacy Federal Credit Union Stadium,154,Wake Forest,fbs,ACC,22,"[6, 6, 0, 10]",0.5187206864356995,1567,1567,52,Florida State,fbs,ACC,20,"[0, 14, 0, 6]",0.48127931356430054,1499,1499,6.949353725624641,https://www.youtube.com/watch?v=wcJJjviYHbs,,
401110827,2019,8,regular,2019-10-19T23:30:00.000Z,False,True,False,True,50257,3974,Vaught-Hemingway Stadium,145,Ole Miss,fbs,SEC,17,"[7, 0, 7, 3]",0.30337801575660706,1542,1544,245,Texas A&M,fbs,SEC,24,"[3, 7, 7, 7]",0.6966219842433929,1739,1737,6.394210924537428,https://www.youtube.com/watch?v=8I3UYGwuW6E,,
401112226,2019,8,regular,2019-10-19T23:30:00.000Z,False,True,False,True,110669,3632,Beaver Stadium,213,Penn State,fbs,Big Ten,28,"[7, 14, 0, 7]",0.7261315584182739,2004,2004,130,Michigan,fbs,Big Ten,21,"[0, 7, 7, 7]",0.2738684415817261,1832,1832,3.9306194665556022,https://www.youtube.com/watch?v=b8JH3MSSGhM,,
401126977,2019,8,regular,2019-10-20T00:05:00.000Z,False,True,False,True,,3706,Eccles Coliseum,253,Southern Utah,fcs,Big Sky,25,"[0, 7, 0, 18]",,,,302,UC Davis,fcs,Big Sky,33,"[12, 14, 7, 0]",,,,,,,
401126906,2019,8,regular,2019-10-20T00:05:00.000Z,False,True,False,False,,1027,Alex G. Spanos Stadium,13,Cal Poly,fcs,Big Sky,26,"[3, 14, 6, 3]",,,,155,North Dakota,fcs,FCS Independents,30,"[0, 7, 14, 9]",,,,,,,
401126941,2019,8,regular,2019-10-20T01:00:00.000Z,False,True,False,True,,3757,Hornet Stadium,16,Sacramento State,fcs,Big Sky,49,"[18, 17, 14, 0]",,,,149,Montana,fcs,Big Sky,22,"[7, 8, 7, 0]",,,,,,,
401110824,2019,8,regular,2019-10-20T01:00:00.000Z,False,True,False,True,101821,3657,Bryant-Denny Stadium,333,Alabama,fbs,SEC,35,"[14, 7, 7, 7]",0.9812179803848267,2151,2133,2633,Tennessee,fbs,SEC,13,"[7, 3, 3, 0]",0.01878201961517334,1373,1391,3.175392257049013,https://www.youtube.com/watch?v=dEFpECimm3k,,
401114169,2019,8,regular,2019-10-20T01:30:00.000Z,False,True,False,True,53826,477,Los Angeles Memorial Coliseum,30,USC,fbs,Pac-12,41,"[10, 7, 10, 14]",1,1655,1703,12,Arizona,fbs,Pac-12,14,"[0, 0, 0, 14]",0,1467,1419,2.892947012369141,https://www.youtube.com/watch?v=0Rg61I657xU,,
401117215,2019,8,regular,2019-10-20T02:15:00.000Z,False,True,False,False,58930,3801,LaVell Edwards Stadium,252,BYU,fbs,FBS Independents,28,"[7, 0, 21, 0]",0.9327654242515564,1462,1467,68,Boise State,fbs,Mountain West,25,"[7, 3, 0, 15]",0.0672345757484436,1732,1727,4.712894076855678,https://www.youtube.com/watch?v=unFSb22B1kg,,
401117527,2019,8,regular,2019-10-20T02:15:00.000Z,False,True,False,True,15240,3905,Maverik Stadium,328,Utah State,fbs,Mountain West,36,"[9, 13, 0, 14]",0.8729591369628906,1630,1642,2440,Nevada,fbs,Mountain West,10,"[3, 0, 0, 7]",0.12704086303710938,1109,1097,2.76534918706495,https://www.youtube.com/watch?v=Ij1Y3n6y0c8,,
401117525,2019,8,regular,2019-10-20T03:00:00.000Z,False,True,False,True,23757,3610,Aloha Stadium,62,Hawai'i,fbs,Mountain West,26,"[3, 17, 0, 6]",0.0044745250855394636,1405,1340,2005,Air Force,fbs,Mountain West,56,"[7, 21, 7, 21]",0.9955254749144605,1557,1622,3.3733261457,https://www.youtube.com/watch?v=AHnq4qQ03ME,,
401180853,2019,9,regular,2019-10-20T18:00:00.000Z,False,True,False,True,,3650,Bragg Memorial Stadium,50,Florida A&M,fcs,MEAC,34,"[14, 7, 0, 7, 6]",,,,2448,North Carolina A&T,fcs,MEAC,31,"[7, 7, 3, 11, 3]",,,,,,,
401117889,2019,9,regular,2019-10-24T23:30:00.000Z,False,True,False,True,24543,4728,TDECU Stadium,248,Houston,fbs,American Athletic,31,"[0, 13, 7, 11]",0.5926393866539001,1475,1480,2567,SMU,fbs,American Athletic,34,"[7, 14, 10, 3]",0.40736061334609985,1639,1634,7.258594383041912,https://www.youtube.com/watch?v=kQUFO1IR4-I,,
401128476,2019,9,regular,2019-10-24T23:30:00.000Z,False,True,False,True,,5238,Panther Stadium,2504,Prairie View A&M,fcs,SWAC,35,"[7, 7, 0, 14, 7, 0]",,,,2296,Jackson State,fcs,SWAC,38,"[6, 16, 3, 3, 7, 3]",,,,,,,
401128691,2019,9,regular,2019-10-25T22:00:00.000Z,False,True,False,True,,3826,Memorial Field,159,Dartmouth,fcs,Ivy,59,"[10, 28, 14, 7]",,,,171,Columbia,fcs,Ivy,24,"[3, 7, 14, 0]",,,,,,,
401114188,2019,9,regular,2019-10-26T01:00:00.000Z,False,True,False,True,48913,3726,Folsom Field,38,Colorado,fbs,Pac-12,31,"[3, 14, 14, 0]",0.2802545428276062,1352,1367,30,USC,fbs,Pac-12,35,"[7, 7, 7, 14]",0.7197454571723938,1703,1688,6.4286595273834495,https://www.youtube.com/watch?v=8IV1HFc0QhQ,,
401112197,2019,9,regular,2019-10-26T16:00:00.000Z,False,True,False,True,42104,3911,Ryan Field,77,Northwestern,fbs,Big Ten,0,"[0, 0, 0, 0]",0.036228153854608536,1500,1489,2294,Iowa,fbs,Big Ten,20,"[7, 3, 7, 3]",0.9637718461453915,1884,1895,3.4005627447826456,https://www.youtube.com/watch?v=SMkXte6FNoo,,
401112266,2019,9,regular,2019-10-26T16:00:00.000Z,False,True,False,False,23058,3754,High Point Solutions Stadium,164,Rutgers,fbs,Big Ten,44,"[7, 14, 17, 6]",0.44136794026763276,1035,1073,2335,Liberty,fbs,FBS Independents,34,"[14, 7, 3, 10]",0.5586320597323673,1302,1264,4.6757894951,https://www.youtube.com/watch?v=kEEczqF20Eo,,
401112110,2019,9,regular,2019-10-26T16:00:00.000Z,False,True,False,True,50394,3636,Bill Snyder Family Stadium,2306,Kansas State,fbs,Big 12,48,"[7, 17, 17, 7]",0.7151952385902405,1616,1651,201,Oklahoma,fbs,Big 12,41,"[17, 6, 0, 18]",0.2848047614097595,2025,1990,4.9537387533238055,https://www.youtube.com/watch?v=p9FrpTc8VHk,,
401114330,2019,9,regular,2019-10-26T16:00:00.000Z,False,True,False,False,35346,3841,Michie Stadium,349,Army,fbs,FBS Independents,29,"[7, 3, 7, 12]",0.4557778537273407,1604,1565,23,San José State,fbs,Mountain West,34,"[7, 16, 0, 11]",0.5442221462726593,1216,1255,4.557963900219541,https://www.youtube.com/watch?v=88qYUyig6n8,,
401112254,2019,9,regular,2019-10-26T16:00:00.000Z,False,True,False,True,102998,3861,Ohio Stadium,194,Ohio State,fbs,Big Ten,38,"[0, 10, 14, 14]",0.9932357668876648,2277,2332,275,Wisconsin,fbs,Big Ten,7,"[0, 0, 7, 0]",0.006764233112335205,2038,1983,3.9614223397787054,https://www.youtube.com/watch?v=HPTtMy3MilE,,
401121957,2019,9,regular,2019-10-26T16:00:00.000Z,False,True,False,True,17969,3797,Ladd Peebles Stadium,6,South Alabama,fbs,Sun Belt,3,"[0, 0, 0, 3]",0.002876534592360258,1060,1064,2026,App State,fbs,Sun Belt,30,"[7, 6, 10, 7]",0.9971234654076397,1774,1770,2.6825635858959593,,,
401119288,2019,9,regular,2019-10-26T16:00:00.000Z,False,True,False,True,16778,3980,Waldo Stadium,2711,Western Michigan,fbs,Mid-American,49,"[0, 21, 28, 0]",0.9942641258239746,1417,1472,189,Bowling Green,fbs,Mid-American,10,"[3, 0, 7, 0]",0.005735874176025391,972,917,2.774110972884204,,,
401128579,2019,9,regular,2019-10-26T16:00:00.000Z,False,True,False,True,,3988,Welcome Stadium,2168,Dayton,fcs,Pioneer,38,"[7, 13, 0, 18]",,,,301,San Diego,fcs,Pioneer,50,"[13, 9, 14, 14]",,,,,,,
401127423,2019,9,regular,2019-10-26T16:00:00.000Z,False,True,False,True,,3777,Joe Walton Stadium,2523,Robert Morris,fcs,NEC,24,"[0, 0, 17, 7]",,,,2803,Bryant,fcs,NEC,20,"[10, 3, 0, 7]",,,,,,,
401136594,2019,9,regular,2019-10-26T16:00:00.000Z,False,True,False,True,,3624,Arute Field,2115,Central Connecticut,fcs,NEC,28,"[0, 14, 7, 7]",,,,2341,Long Island University,fcs,NEC,0,"[0, 0, 0, 0]",,,,,,,
401112152,2019,9,regular,2019-10-26T16:00:00.000Z,False,True,False,True,58735,3907,Ross-Ade Stadium,2509,Purdue,fbs,Big Ten,6,"[0, 0, 0, 6]",0.08379388600587845,1554,1488,356,Illinois,fbs,Big Ten,24,"[3, 14, 7, 0]",0.9162061139941216,1364,1430,3.315575182575739,https://www.youtube.com/watch?v=iyYyUzRFSIM,,
401112494,2019,9,regular,2019-10-26T16:00:00.000Z,False,True,False,True,47918,3752,Acrisure Stadium,221,Pittsburgh,fbs,ACC,12,"[3, 3, 3, 3]",0.399538516998291,1590,1581,2390,Miami,fbs,ACC,16,"[3, 7, 0, 6]",0.600461483001709,1553,1562,5.85341874783066,https://www.youtube.com/watch?v=hvNxznRBQDY,,
401136835,2019,9,regular,2019-10-26T16:00:00.000Z,False,True,False,True,,3997,Yale Bowl,43,Yale,fcs,Ivy,46,"[7, 13, 6, 20]",,,,219,Pennsylvania,fcs,Ivy,41,"[0, 13, 14, 14]",,,,,,,
401136610,2019,9,regular,2019-10-26T16:00:00.000Z,False,True,False,True,,3694,DeGol Field,2598,Saint Francis,fcs,NEC,33,"[10, 10, 3, 7, 3]",,,,2529,Sacred Heart,fcs,NEC,36,"[3, 7, 6, 14, 6]",,,,,,,
401110835,2019,9,regular,2019-10-26T16:00:00.000Z,False,True,False,True,102025,3795,Kyle Field,245,Texas A&M,fbs,SEC,49,"[14, 14, 14, 7]",0.9973340630531311,1737,1771,344,Mississippi State,fbs,SEC,30,"[0, 10, 7, 13]",0.0026659369468688965,1639,1605,2.5375005558433954,https://www.youtube.com/watch?v=Se-f1QztMYU,,
401128635,2019,9,regular,2019-10-26T16:30:00.000Z,False,True,False,True,,3741,Goodman Stadium,2329,Lehigh,fcs,Patriot,27,"[10, 0, 0, 17]",,,,46,Georgetown,fcs,Patriot,24,"[0, 3, 13, 8]",,,,,,,
401128670,2019,9,regular,2019-10-26T17:00:00.000Z,False,True,False,True,,3881,Princeton University Stadium,163,Princeton,fcs,Ivy,30,"[10, 0, 13, 7]",,,,108,Harvard,fcs,Ivy,24,"[0, 14, 0, 10]",,,,,,,
401128626,2019,9,regular,2019-10-26T17:00:00.000Z,False,True,False,True,,3722,Fitton Field,107,Holy Cross,fcs,Patriot,31,"[7, 14, 10, 0]",,,,2142,Colgate,fcs,Patriot,10,"[0, 3, 0, 7]",,,,,,,
401136601,2019,9,regular,2019-10-26T17:00:00.000Z,False,True,False,True,,3623,Arthur J. Rooney Athletic Field,2184,Duquesne,fcs,NEC,28,"[0, 14, 7, 7]",,,,2681,Wagner,fcs,NEC,24,"[0, 14, 0, 10]",,,,,,,
401127088,2019,9,regular,2019-10-26T17:00:00.000Z,False,True,False,True,,3695,Delaware Stadium,48,Delaware,fcs,CAA,25,"[7, 3, 15, 0]",,,,257,Richmond,fcs,CAA,35,"[21, 7, 7, 0]",,,,,,,
401128511,2019,9,regular,2019-10-26T17:00:00.000Z,False,True,False,True,,3925,Seibert Stadium,2535,Samford,fcs,Southern,24,"[7, 0, 10, 7]",,,,2193,East Tennessee State,fcs,Southern,17,"[0, 14, 0, 3]",,,,,,,
401127091,2019,9,regular,2019-10-26T17:00:00.000Z,False,True,False,True,,3607,Alfond Stadium,311,Maine,fcs,CAA,34,"[0, 21, 10, 3]",,,,2729,William & Mary,fcs,CAA,25,"[6, 6, 0, 13]",,,,,,,
401128570,2019,9,regular,2019-10-26T17:00:00.000Z,False,True,False,True,,3897,Richardson Stadium,2166,Davidson,fcs,Pioneer,21,"[0, 7, 0, 14]",,,,2368,Marist,fcs,Pioneer,27,"[7, 3, 14, 3]",,,,,,,
401126950,2019,9,regular,2019-10-26T17:00:00.000Z,False,True,False,False,,3605,Alerus Center,155,North Dakota,fcs,FCS Independents,16,"[7, 0, 3, 6]",,,,147,Montana State,fcs,Big Sky,12,"[3, 3, 0, 6]",,,,,,,
401128609,2019,9,regular,2019-10-26T17:00:00.000Z,False,True,False,True,,3655,Brown Field,2674,Valparaiso,fcs,Pioneer,19,"[3, 10, 6, 0]",,,,56,Stetson,fcs,Pioneer,10,"[10, 0, 0, 0]",,,,,,,
401127026,2019,9,regular,2019-10-26T17:00:00.000Z,False,True,False,False,,6048,Duane Stadium,2771,Merrimack,fcs,NEC,24,"[7, 7, 0, 10]",,,,2506,Presbyterian,fcs,Big South,21,"[7, 7, 0, 7]",,,,,,,
401127089,2019,9,regular,2019-10-26T17:00:00.000Z,False,True,False,True,,3824,Meade Stadium,227,Rhode Island,fcs,CAA,13,"[3, 3, 7, 0]",,,,2210,Elon,fcs,CAA,38,"[7, 0, 17, 14]",,,,,,,
401127237,2019,9,regular,2019-10-26T17:00:00.000Z,False,True,False,True,,3603,Aggie Stadium,2448,North Carolina A&T,fcs,MEAC,64,"[10, 24, 23, 7]",,,,47,Howard,fcs,MEAC,6,"[6, 0, 0, 0]",,,,,,,
401128559,2019,9,regular,2019-10-26T17:00:00.000Z,False,True,False,True,,3664,Butler Bowl,2086,Butler,fcs,Pioneer,24,"[6, 8, 3, 7]",,,,294,Jacksonville,fcs,Pioneer,14,"[14, 0, 0, 0]",,,,,,,
401114298,2019,9,regular,2019-10-26T17:00:00.000Z,False,True,False,True,20367,3895,Rice Stadium,242,Rice,fbs,Conference USA,6,"[0, 0, 6, 0]",0.09864077717065811,1180,1172,2572,Southern Miss,fbs,Conference USA,20,"[0, 10, 3, 7]",0.9013592228293419,1437,1445,4.275083489549075,https://www.youtube.com/watch?v=yq4tDbSrSJE,,
401128494,2019,9,regular,2019-10-26T17:30:00.000Z,False,True,False,True,,3737,Gibbs Stadium,2747,Wofford,fcs,Southern,35,"[0, 14, 7, 7, 7]",,,,236,Chattanooga,fcs,Southern,34,"[7, 7, 0, 14, 6]",,,,,,,
401126991,2019,9,regular,2019-10-26T17:30:00.000Z,False,True,False,True,,3710,Ernest W. Spangler Stadium,2241,Gardner-Webb,fcs,Big South,47,"[10, 14, 3, 0, 7, 7, 6]",,,,2097,Campbell,fcs,Big South,49,"[0, 13, 0, 14, 7, 7, 8]",,,,,,,
401128654,2019,9,regular,2019-10-26T17:30:00.000Z,False,True,False,True,,3921,Schoellkopf Field,172,Cornell,fcs,Ivy,37,"[6, 14, 14, 3]",,,,225,Brown,fcs,Ivy,35,"[6, 6, 13, 10]",,,,,,,
401128503,2019,9,regular,2019-10-26T18:00:00.000Z,False,True,False,True,,3782,Johnson Hagood Stadium,2643,The Citadel,fcs,Southern,35,"[7, 7, 7, 14]",,,,2382,Mercer,fcs,Southern,24,"[0, 10, 14, 0]",,,,,,,
401127302,2019,9,regular,2019-10-26T18:00:00.000Z,False,True,False,True,,844,Stambaugh Stadium,2754,Youngstown State,fcs,MVFC,59,"[28, 17, 14, 0]",,,,2710,Western Illinois,fcs,MVFC,14,"[7, 0, 0, 7]",,,,,,,
401127242,2019,9,regular,2019-10-26T18:00:00.000Z,False,True,False,True,,3862,O'Kelly-Riddick Stadium,2428,North Carolina Central,fcs,MEAC,30,"[0, 16, 7, 7]",,,,2169,Delaware State,fcs,MEAC,23,"[3, 10, 0, 10]",,,,,,,
401126917,2019,9,regular,2019-10-26T18:00:00.000Z,False,True,False,True,,3987,Washington-Grizzly Stadium,149,Montana,fcs,Big Sky,34,"[3, 7, 10, 14]",,,,331,Eastern Washington,fcs,Big Sky,17,"[0, 14, 3, 0]",,,,,,,
401127037,2019,9,regular,2019-10-26T18:00:00.000Z,False,True,False,False,,3620,Armstrong Stadium,2261,Hampton,fcs,Big South,56,"[17, 18, 14, 7]",,,,2355,Virginia Lynchburg,,,6,"[0, 6, 0, 0]",,,,,,,
401128599,2019,9,regular,2019-10-26T18:00:00.000Z,False,True,False,True,,3701,Drake Stadium,2181,Drake,fcs,Pioneer,36,"[3, 12, 7, 14]",,,,2413,Morehead State,fcs,Pioneer,17,"[7, 3, 0, 7]",,,,,,,
401128379,2019,9,regular,2019-10-26T18:00:00.000Z,False,True,False,True,,3758,Houck Stadium,2546,Southeast Missouri State,fcs,OVC,17,"[3, 0, 7, 7]",,,,2630,UT Martin,fcs,OVC,10,"[7, 3, 0, 0]",,,,,,,
401117533,2019,9,regular,2019-10-26T18:00:00.000Z,False,True,False,True,16126,3984,War Memorial Stadium,2751,Wyoming,fbs,Mountain West,31,"[14, 10, 7, 0]",0.99277263879776,1557,1580,2440,Nevada,fbs,Mountain West,3,"[3, 0, 0, 0]",0.00722736120223999,1097,1074,2.145402357743616,https://www.youtube.com/watch?v=vBQvc1xV0z4,,
401119292,2019,9,regular,2019-10-26T18:00:00.000Z,False,True,False,True,5572,3919,Scheumann Stadium,2050,Ball State,fbs,Mid-American,21,"[7, 0, 7, 7]",0.08506075292825699,1387,1374,195,Ohio,fbs,Mid-American,34,"[7, 6, 14, 7]",0.914939247071743,1561,1574,4.507198211449818,,,
401114297,2019,9,regular,2019-10-26T18:30:00.000Z,False,True,False,True,22099,3775,Joan C. Edwards Stadium,276,Marshall,fbs,Conference USA,26,"[14, 6, 3, 3]",0.8134667873382568,1410,1411,98,Western Kentucky,fbs,Conference USA,23,"[0, 7, 6, 10]",0.18653321266174316,1437,1436,4.200514859414264,https://www.youtube.com/watch?v=WMoBuxz6SDI,,
401127434,2019,9,regular,2019-10-26T18:30:00.000Z,False,True,False,True,,3962,Tucker Stadium,2635,Tennessee Tech,fcs,OVC,21,"[7, 7, 0, 7]",,,,2046,Austin Peay,fcs,OVC,58,"[20, 24, 7, 7]",,,,,,,
401127264,2019,9,regular,2019-10-26T19:00:00.000Z,False,True,False,True,,3744,Hancock Stadium,2287,Illinois State,fcs,MVFC,24,"[0, 7, 3, 14]",,,,282,Indiana State,fcs,MVFC,7,"[0, 7, 0, 0]",,,,,,,
401127220,2019,9,regular,2019-10-26T19:00:00.000Z,False,True,False,True,,3762,Hughes Stadium,2415,Morgan State,fcs,MEAC,12,"[7, 3, 0, 2]",,,,50,Florida A&M,fcs,MEAC,24,"[7, 17, 0, 0]",,,,,,,
401128358,2019,9,regular,2019-10-26T19:00:00.000Z,False,True,False,True,,3858,O'Brien Stadium,2197,Eastern Illinois,fcs,OVC,6,"[0, 0, 0, 6]",,,,2198,Eastern Kentucky,fcs,OVC,33,"[7, 7, 3, 16]",,,,,,,
401127033,2019,9,regular,2019-10-26T19:00:00.000Z,False,True,False,True,,4899,Fifth Third Stadium,338,Kennesaw State,fcs,Big South,41,"[6, 21, 7, 7]",,,,2453,North Alabama,fcs,Big South,17,"[7, 10, 0, 0]",,,,,,,
401128480,2019,9,regular,2019-10-26T19:00:00.000Z,False,True,False,True,,3896,Rice-Totten Field,2400,Mississippi Valley State,fcs,SWAC,35,"[0, 19, 0, 16]",,,,2640,Texas Southern,fcs,SWAC,14,"[7, 0, 0, 7]",,,,,,,
401127254,2019,9,regular,2019-10-26T19:00:00.000Z,False,True,False,True,,3878,Plaster Sports Complex,2623,Missouri State,fcs,MVFC,6,"[0, 0, 0, 6]",,,,2460,Northern Iowa,fcs,MVFC,29,"[0, 19, 10, 0]",,,,,,,
401128698,2019,9,regular,2019-10-26T19:00:00.000Z,False,True,False,True,,4424,Husky Stadium,2277,Houston Christian,fcs,Southland,13,"[6, 7, 0, 0]",,,,2545,SE Louisiana,fcs,Southland,52,"[14, 14, 17, 7]",,,,,,,
401127279,2019,9,regular,2019-10-26T19:00:00.000Z,False,True,False,True,,5237,Dana J. Dykhouse Stadium,2571,South Dakota State,fcs,MVFC,16,"[6, 0, 3, 7]",,,,2449,North Dakota State,fcs,MVFC,23,"[0, 3, 13, 7]",,,,,,,
401128457,2019,9,regular,2019-10-26T19:00:00.000Z,False,True,False,True,,3771,Jack Spinks Stadium,2016,Alcorn State,fcs,SWAC,27,"[0, 3, 14, 10]",,,,2582,Southern,fcs,SWAC,13,"[0, 6, 0, 7]",,,,,,,
401114344,2019,9,regular,2019-10-26T19:00:00.000Z,False,True,False,False,10907,3608,Allen E. Paulson Stadium,290,Georgia Southern,fbs,Sun Belt,41,"[7, 21, 13, 0]",0.9578995704650879,1336,1396,166,New Mexico State,fbs,FBS Independents,7,"[7, 0, 0, 0]",0.04210042953491211,1062,1002,3.01415757861567,https://www.youtube.com/watch?v=-Rc5MNUXkFU,,
401114294,2019,9,regular,2019-10-26T19:30:00.000Z,False,True,False,True,9512,3725,"Johnny ""Red"" Floyd Stadium",2393,Middle Tennessee,fbs,Conference USA,50,"[14, 0, 23, 13]",1,1320,1435,2229,Florida International,fbs,Conference USA,17,"[7, 10, 0, 0]",0,1491,1376,5.04672612646424,https://www.youtube.com/watch?v=ge21HHITfQQ,,
401119289,2019,9,regular,2019-10-26T19:30:00.000Z,False,True,False,True,14850,3965,UB Stadium,2084,Buffalo,fbs,Mid-American,43,"[3, 27, 3, 10]",0.9906127452850342,1400,1445,2117,Central Michigan,fbs,Mid-American,20,"[7, 7, 0, 6]",0.00938725471496582,1298,1253,3.7587105082177708,,,
401112207,2019,9,regular,2019-10-26T19:30:00.000Z,False,True,False,True,44715,3953,Huntington Bank Stadium,135,Minnesota,fbs,Big Ten,52,"[14, 14, 10, 14]",0.9926899075508118,1719,1808,120,Maryland,fbs,Big Ten,10,"[0, 3, 0, 7]",0.007310092449188232,1467,1378,1.845010771194874,https://www.youtube.com/watch?v=IhCP6E2-iQA,,
401112218,2019,9,regular,2019-10-26T19:30:00.000Z,False,True,False,True,70298,3936,Spartan Stadium,127,Michigan State,fbs,Big Ten,7,"[0, 0, 7, 0]",0.01035227905958891,1643,1628,213,Penn State,fbs,Big Ten,28,"[7, 14, 7, 0]",0.9896477209404111,2004,2019,2.850970572830725,https://www.youtube.com/watch?v=VFLylYA0gKM,,
401119291,2019,9,regular,2019-10-26T19:30:00.000Z,False,True,False,True,8455,3696,Dix Stadium,2309,Kent State,fbs,Mid-American,16,"[0, 6, 0, 10]",0.09323648363351822,1236,1225,193,Miami (OH),fbs,Mid-American,23,"[6, 3, 7, 7]",0.9067635163664818,1259,1270,6.30996078359286,,,
401117890,2019,9,regular,2019-10-26T19:30:00.000Z,False,True,False,True,31118,3852,Navy-Marine Corps Memorial Stadium,2426,Navy,fbs,American Athletic,41,"[21, 10, 0, 10]",0.6229164600372314,1599,1599,2655,Tulane,fbs,American Athletic,38,"[0, 14, 14, 10]",0.37708353996276855,1532,1532,5.198981668395963,https://www.youtube.com/watch?v=cPT0Tn61ygA,,
401114293,2019,9,regular,2019-10-26T19:30:00.000Z,False,True,False,True,8245,4418,Jerry Richardson Stadium,2429,Charlotte,fbs,Conference USA,39,"[0, 7, 14, 18]",0.9970610737800598,1249,1254,249,North Texas,fbs,Conference USA,38,"[14, 7, 14, 3]",0.0029389262199401855,1402,1397,7.001867766052593,https://www.youtube.com/watch?v=T1nTnKNJYdY,,
401112091,2019,9,regular,2019-10-26T19:30:00.000Z,False,True,False,True,61500,3772,Jack Trice Stadium,66,Iowa State,fbs,Big 12,27,"[0, 13, 7, 7]",0.21266719698905945,1850,1816,197,Oklahoma State,fbs,Big 12,34,"[7, 14, 3, 10]",0.7873328030109406,1603,1637,7.232920332978841,https://www.youtube.com/watch?v=B84NK2xngzY,,
401114170,2019,9,regular,2019-10-26T19:30:00.000Z,False,True,False,True,31711,3940,Stanford Stadium,24,Stanford,fbs,Pac-12,41,"[7, 24, 7, 3]",0.9517744779586792,1507,1518,12,Arizona,fbs,Pac-12,31,"[10, 14, 7, 0]",0.0482255220413208,1419,1408,5.40835710575565,https://www.youtube.com/watch?v=WCaiyvWveUM,,
401114295,2019,9,regular,2019-10-26T19:30:00.000Z,False,True,False,True,17744,3918,S.B. Ballard Stadium,295,Old Dominion,fbs,Conference USA,3,"[0, 3, 0, 0]",0.024018172174692154,1158,1088,2226,Florida Atlantic,fbs,Conference USA,41,"[14, 10, 7, 10]",0.9759818278253078,1475,1545,3.2951440542767294,https://www.youtube.com/watch?v=l2fM1L2hKiY,,
401127092,2019,9,regular,2019-10-26T19:30:00.000Z,False,True,False,True,,717,Villanova Stadium,222,Villanova,fcs,CAA,35,"[7, 21, 0, 7]",,,,2619,Stony Brook,fcs,CAA,36,"[7, 3, 10, 16]",,,,,,,
401110833,2019,9,regular,2019-10-26T19:30:00.000Z,False,True,False,True,102160,3958,Tiger Stadium (LA),99,LSU,fbs,SEC,23,"[0, 10, 6, 7]",0.8691832423210144,2008,2008,2,Auburn,fbs,SEC,20,"[3, 7, 3, 7]",0.1308167576789856,1958,1958,6.820851110104222,https://www.youtube.com/watch?v=2YfuWHkjBhc,,
401112493,2019,9,regular,2019-10-26T19:30:00.000Z,False,True,False,True,48689,3873,L&N Federal Credit Union Stadium,97,Louisville,fbs,ACC,28,"[7, 0, 7, 14]",0.9115928411483765,1302,1337,258,Virginia,fbs,ACC,21,"[7, 7, 0, 7]",0.08840715885162354,1700,1665,5.334259267186589,https://www.youtube.com/watch?v=NhLwIOC8s1E,,
401114357,2019,9,regular,2019-10-26T19:30:00.000Z,False,True,False,False,12234,3985,Warren McGuirk Alumni Stadium,113,Massachusetts,fbs,FBS Independents,35,"[7, 14, 7, 7]",0.003514045849442482,879,833,41,UConn,fbs,American Athletic,56,"[14, 21, 7, 14]",0.9964859541505575,949,995,4.633809023467491,https://www.youtube.com/watch?v=jLYAZsEpISc,,
401128618,2019,9,regular,2019-10-26T19:30:00.000Z,False,True,False,True,,3721,Fisher Field,322,Lafayette,fcs,Patriot,21,"[7, 0, 0, 14]",,,,2083,Bucknell,fcs,Patriot,17,"[7, 7, 3, 0]",,,,,,,
401128516,2019,9,regular,2019-10-26T19:30:00.000Z,False,True,False,True,,3704,E. J. Whitmire Stadium,2717,Western Carolina,fcs,Southern,7,"[7, 0, 0, 0]",,,,231,Furman,fcs,Southern,28,"[3, 10, 15, 0]",,,,,,,
401127090,2019,9,regular,2019-10-26T19:30:00.000Z,False,True,False,True,,3651,Bridgeforth Stadium,256,James Madison,fcs,CAA,27,"[7, 17, 3, 0]",,,,119,Towson,fcs,CAA,10,"[0, 10, 0, 0]",,,,,,,
401119290,2019,9,regular,2019-10-26T19:30:00.000Z,False,True,False,True,18061,3739,Glass Bowl,2649,Toledo,fbs,Mid-American,37,"[7, 3, 21, 0, 6]",0.7652207612991333,1291,1293,2199,Eastern Michigan,fbs,Mid-American,34,"[0, 10, 6, 15, 3]",0.2347792387008667,1332,1330,6.85983256641966,,,
401128439,2019,9,regular,2019-10-26T19:30:00.000Z,False,True,False,True,,3803,Legion Field,2011,Alabama State,fcs,SWAC,41,"[0, 21, 0, 0, 20]",,,,2010,Alabama A&M,fcs,SWAC,43,"[7, 0, 7, 7, 22]",,,,,,,
401119287,2019,9,regular,2019-10-26T19:30:00.000Z,False,True,False,True,9027,3764,Huskie Stadium,2459,Northern Illinois,fbs,Mid-American,49,"[7, 14, 14, 14]",0.9945429563522339,1326,1429,2006,Akron,fbs,Mid-American,0,"[0, 0, 0, 0]",0.005457043647766113,1000,897,2.1117669712695903,,,
401112132,2019,9,regular,2019-10-26T19:30:00.000Z,False,True,False,True,47660,3616,Amon G. Carter Stadium,2628,TCU,fbs,Big 12,37,"[3, 10, 14, 10]",0.9959724545478821,1621,1650,251,Texas,fbs,Big 12,27,"[3, 14, 3, 7]",0.00402754545211792,1773,1744,6.716217898783807,https://www.youtube.com/watch?v=6QokU5C5nR4,,
401112492,2019,9,regular,2019-10-26T19:30:00.000Z,False,True,False,True,50517,3697,Doak Campbell Stadium,52,Florida State,fbs,ACC,35,"[13, 8, 14, 0]",1,1499,1539,183,Syracuse,fbs,ACC,17,"[0, 3, 0, 14]",0,1499,1459,2.956891077541412,https://www.youtube.com/watch?v=GpYCH5RqKhE,,
401112164,2019,9,regular,2019-10-26T19:30:00.000Z,False,True,False,True,89317,3834,"Memorial Stadium (Lincoln, NE)",158,Nebraska,fbs,Big Ten,31,"[14, 7, 3, 7]",0.4170900583267212,1466,1459,84,Indiana,fbs,Big Ten,38,"[9, 7, 15, 7]",0.5829099416732788,1549,1556,6.831513494135964,https://www.youtube.com/watch?v=EXiZufhZqdY,,
401117892,2019,9,regular,2019-10-26T19:45:00.000Z,False,True,False,True,33088,3699,Dowdy-Ficklen Stadium,151,East Carolina,fbs,American Athletic,20,"[7, 3, 0, 10]",0.026865767315030098,1176,1118,58,South Florida,fbs,American Athletic,45,"[14, 21, 3, 7]",0.9731342326849699,1253,1311,4.46378522553963,https://www.youtube.com/watch?v=hy7gQ4xgrdo,,
401110834,2019,9,regular,2019-10-26T20:00:00.000Z,False,True,False,True,87397,3853,Neyland Stadium,2633,Tennessee,fbs,SEC,41,"[3, 14, 14, 10]",0.9987469911575317,1391,1458,2579,South Carolina,fbs,SEC,21,"[7, 14, 0, 0]",0.0012530088424682617,1575,1508,6.014107952877111,https://www.youtube.com/watch?v=HWVvx0TDsVE,,
401128367,2019,9,regular,2019-10-26T20:00:00.000Z,False,True,False,True,,3662,AmFirst Stadium,55,Jacksonville State,fcs,OVC,14,"[7, 7, 0, 0]",,,,93,Murray State,fcs,OVC,12,"[0, 0, 7, 5]",,,,,,,
401127211,2019,9,regular,2019-10-26T20:00:00.000Z,False,True,False,True,,3850,Municipal Stadium,2065,Bethune-Cookman,fcs,MEAC,19,"[0, 13, 6, 0]",,,,2569,South Carolina State,fcs,MEAC,27,"[7, 20, 0, 0]",,,,,,,
401112491,2019,9,regular,2019-10-26T20:00:00.000Z,False,True,False,True,50500,3787,Kenan Stadium,153,North Carolina,fbs,ACC,20,"[7, 0, 10, 3]",0.7680346369743347,1505,1506,150,Duke,fbs,ACC,17,"[3, 0, 14, 0]",0.23196536302566528,1541,1540,7.083842850109488,https://www.youtube.com/watch?v=0sHg3GoKyNE,,
401128717,2019,9,regular,2019-10-26T20:00:00.000Z,False,True,False,True,,3756,Homer Bryce Stadium,2617,Stephen F. Austin,fcs,Southland,10,"[7, 0, 3, 0]",,,,2377,McNeese,fcs,Southland,33,"[3, 7, 3, 20]",,,,,,,
401128666,2019,9,regular,2019-10-26T20:00:00.000Z,False,True,False,True,,3779,Manning Field at John L. Guidry Stadium,2447,Nicholls,fcs,Southland,31,"[7, 7, 7, 10, 0]",,,,2000,Abilene Christian,fcs,Southland,37,"[0, 17, 14, 0, 6]",,,,,,,
401128464,2019,9,regular,2019-10-26T20:00:00.000Z,False,True,False,True,,3740,Golden Lion Stadium,2029,Arkansas-Pine Bluff,fcs,SWAC,33,"[12, 7, 7, 7]",,,,2755,Grambling,fcs,SWAC,39,"[9, 13, 7, 10]",,,,,,,
401117532,2019,9,regular,2019-10-26T20:00:00.000Z,False,True,False,True,12617,3971,University Stadium (NM),167,New Mexico,fbs,Mountain West,31,"[3, 0, 7, 21]",0.05400661751627922,1150,1136,62,Hawai'i,fbs,Mountain West,45,"[21, 14, 3, 7]",0.9459933824837208,1340,1354,3.1056443760517727,https://www.youtube.com/watch?v=rVH9RQzKl0U,,
401126934,2019,9,regular,2019-10-26T20:05:00.000Z,False,True,False,True,,3706,Eccles Coliseum,253,Southern Utah,fcs,Big Sky,59,"[28, 3, 14, 14]",,,,304,Idaho State,fcs,Big Sky,34,"[14, 6, 0, 14]",,,,,,,
401127289,2019,9,regular,2019-10-26T21:00:00.000Z,False,True,False,True,,1905,DakotaDome,233,South Dakota,fcs,MVFC,28,"[7, 0, 14, 7]",,,,79,Southern Illinois,fcs,MVFC,48,"[7, 27, 7, 7]",,,,,,,
401128706,2019,9,regular,2019-10-26T21:00:00.000Z,False,True,False,True,,3734,Gayle and Tom Benson Stadium,2916,Incarnate Word,fcs,Southland,41,"[7, 10, 14, 7, 3]",,,,2466,Northwestern State,fcs,Southland,44,"[7, 9, 7, 15, 6]",,,,,,,
401127002,2019,9,regular,2019-10-26T22:00:00.000Z,False,True,False,True,,3658,Buccaneer Field,2127,Charleston Southern,fcs,Big South,13,"[3, 3, 0, 7]",,,,2405,Monmouth,fcs,Big South,35,"[7, 7, 14, 7]",,,,,,,
401117893,2019,9,regular,2019-10-26T23:00:00.000Z,False,True,False,True,17183,3674,Chapman Stadium,202,Tulsa,fbs,American Athletic,41,"[0, 17, 14, 10]",0.3870494067668915,1311,1329,235,Memphis,fbs,American Athletic,42,"[14, 14, 7, 7]",0.6129505932331085,1748,1730,7.558366726100208,https://www.youtube.com/watch?v=a6TiezRdTto,,
401126959,2019,9,regular,2019-10-26T23:00:00.000Z,False,True,False,True,,2023,Walkup Skydome,2464,Northern Arizona,fcs,Big Sky,31,"[14, 7, 7, 3]",,,,2502,Portland State,fcs,Big Sky,29,"[0, 9, 11, 9]",,,,,,,
401126983,2019,9,regular,2019-10-26T23:00:00.000Z,False,True,False,True,,3602,Aggie Stadium,302,UC Davis,fcs,Big Sky,20,"[7, 0, 7, 6]",,,,2692,Weber State,fcs,Big Sky,36,"[7, 9, 10, 10]",,,,,,,
401128684,2019,9,regular,2019-10-26T23:00:00.000Z,False,True,False,True,,3711,Estes Stadium,2110,Central Arkansas,fcs,Southland,29,"[0, 0, 14, 15]",,,,2534,Sam Houston,fcs,Southland,25,"[7, 9, 6, 3]",,,,,,,
401121958,2019,9,regular,2019-10-26T23:00:00.000Z,False,True,False,True,21343,3625,Centennial Bank Stadium,2032,Arkansas State,fbs,Sun Belt,38,"[7, 10, 14, 7]",0.9979146718978882,1360,1395,326,Texas State,fbs,Sun Belt,14,"[0, 14, 0, 0]",0.0020853281021118164,1135,1100,3.2658998830017745,https://www.youtube.com/watch?v=TtHx_VdDL7E,,
401121959,2019,9,regular,2019-10-26T23:00:00.000Z,False,True,False,True,14527,4246,Center Parc Stadium,2247,Georgia State,fbs,Sun Belt,52,"[7, 21, 7, 17]",0.8793339729309082,1269,1337,2653,Troy,fbs,Sun Belt,33,"[0, 14, 0, 19]",0.1206660270690918,1494,1426,3.617094478625111,https://www.youtube.com/watch?v=nZ7smRTcz9E,,
401110831,2019,9,regular,2019-10-26T23:00:00.000Z,False,True,False,True,100233,3657,Bryant-Denny Stadium,333,Alabama,fbs,SEC,48,"[17, 24, 7, 0]",0.9919167160987854,2133,2154,8,Arkansas,fbs,SEC,7,"[0, 0, 0, 7]",0.0080832839012146,1319,1298,2.1521526302764618,https://www.youtube.com/watch?v=KdEKW374fCk,,
401117891,2019,9,regular,2019-10-26T23:00:00.000Z,False,True,False,True,29949,3806,Lincoln Financial Field,218,Temple,fbs,American Athletic,21,"[7, 14, 0, 0]",0.005613238550722599,1495,1413,2116,UCF,fbs,American Athletic,63,"[14, 14, 28, 7]",0.9943867614492774,1820,1902,4.273613913649516,https://www.youtube.com/watch?v=x6TYzkYIfo4,,
401112103,2019,9,regular,2019-10-26T23:00:00.000Z,False,True,False,True,31036,3833,Memorial Stadium,2305,Kansas,fbs,Big 12,37,"[0, 14, 6, 17]",0.9406598210334778,1378,1381,2641,Texas Tech,fbs,Big 12,34,"[7, 10, 10, 7]",0.05934017896652222,1535,1532,6.1912030194358065,https://www.youtube.com/watch?v=97DHByOuPXQ,,
401114159,2019,9,regular,2019-10-26T23:30:00.000Z,False,True,False,True,39811,1056,Rose Bowl,26,UCLA,fbs,Pac-12,42,"[14, 14, 14, 0]",0.9397290945053101,1415,1446,9,Arizona State,fbs,Pac-12,32,"[7, 0, 3, 22]",0.06027090549468994,1600,1569,3.1867693905045797,https://www.youtube.com/watch?v=uJZtashETOw,,
401110832,2019,9,regular,2019-10-26T23:30:00.000Z,False,True,False,True,48446,3683,Kroger Field,96,Kentucky,fbs,SEC,29,"[0, 22, 0, 7]",0.9709197878837585,1567,1649,142,Missouri,fbs,SEC,7,"[0, 0, 7, 0]",0.029080212116241455,1814,1732,2.422778508460594,https://www.youtube.com/watch?v=_-XMAnAyEHI,,
401117531,2019,9,regular,2019-10-26T23:30:00.000Z,False,True,False,True,32890,3660,Valley Children's Stadium,278,Fresno State,fbs,Mountain West,31,"[7, 7, 14, 3]",0.007202768698334694,1622,1566,36,Colorado State,fbs,Mountain West,41,"[14, 7, 3, 17]",0.9927972313016653,1263,1319,7.1760264793804645,https://www.youtube.com/watch?v=ck4R6YrQp4c,,
401112227,2019,9,regular,2019-10-26T23:30:00.000Z,False,True,False,False,111909,3558,Michigan Stadium,130,Michigan,fbs,Big Ten,45,"[3, 14, 7, 21]",1,1832,1925,87,Notre Dame,fbs,FBS Independents,14,"[0, 0, 7, 7]",0,1903,1810,2.5188445362478573,https://www.youtube.com/watch?v=VfzyNGTaq3Y,,
401112490,2019,9,regular,2019-10-26T23:30:00.000Z,False,True,False,True,81081,3836,"Memorial Stadium (Clemson, SC)",228,Clemson,fbs,ACC,59,"[17, 21, 14, 7]",0.999980723771752,2170,2246,103,Boston College,fbs,ACC,7,"[0, 7, 0, 0]",1.927622824804409e-05,1566,1490,0.153416513,https://www.youtube.com/watch?v=Oh2xUpqqbR0,,
401126907,2019,9,regular,2019-10-27T00:00:00.000Z,False,True,False,True,,1027,Alex G. Spanos Stadium,13,Cal Poly,fcs,Big Sky,14,"[0, 0, 7, 7]",,,,16,Sacramento State,fcs,Big Sky,38,"[0, 17, 7, 14]",,,,,,,
401114296,2019,9,regular,2019-10-27T00:00:00.000Z,False,True,False,True,16084,3946,Sun Bowl,2638,UTEP,fbs,Conference USA,21,"[7, 0, 0, 14]",0.01886437088251114,1049,1045,2348,Louisiana Tech,fbs,Conference USA,42,"[7, 21, 14, 0]",0.9811356291174889,1533,1537,3.2929854428150276,https://www.youtube.com/watch?v=eMMn1n7ORHA,,
401114179,2019,9,regular,2019-10-27T02:00:00.000Z,False,True,False,True,46626,587,Rice-Eccles Stadium,254,Utah,fbs,Pac-12,35,"[7, 21, 7, 0]",0.9999953660923852,1854,1909,25,California,fbs,Pac-12,0,"[0, 0, 0, 0]",4.633907614848276e-06,1510,1455,0.7136092372,https://www.youtube.com/watch?v=wMccXPeHjTI,,
401117530,2019,9,regular,2019-10-27T02:15:00.000Z,False,True,False,True,19248,3713,Falcon Stadium,2005,Air Force,fbs,Mountain West,31,"[0, 17, 7, 7]",0.9846248626708984,1622,1684,328,Utah State,fbs,Mountain West,7,"[0, 0, 7, 0]",0.015375137329101562,1642,1580,2.216683739766735,https://www.youtube.com/watch?v=02c9k2UYztM,,
401114197,2019,9,regular,2019-10-27T02:30:00.000Z,False,True,False,True,59361,3626,Autzen Stadium,2483,Oregon,fbs,Pac-12,37,"[9, 8, 7, 13]",0.8573765158653259,1898,1896,265,Washington State,fbs,Pac-12,35,"[3, 14, 3, 15]",0.14262348413467407,1707,1709,6.554094577580979,https://www.youtube.com/watch?v=hzK8ASNEJ6I,,
401117534,2019,9,regular,2019-10-27T02:30:00.000Z,False,True,False,True,19652,3914,Sam Boyd Stadium,2439,UNLV,fbs,Mountain West,17,"[0, 7, 3, 7]",0.4321819543838501,1209,1222,21,San Diego State,fbs,Mountain West,20,"[14, 3, 3, 0]",0.5678180456161499,1515,1502,4.562510690196296,https://www.youtube.com/watch?v=KMJslpfCXPE,,
401121960,2019,10,regular,2019-11-01T00:00:00.000Z,False,True,False,True,18796,3792,Kidd Brewer Stadium,2026,App State,fbs,Sun Belt,21,"[0, 7, 0, 14]",0.12228195369243622,1770,1740,290,Georgia Southern,fbs,Sun Belt,24,"[7, 3, 14, 0]",0.8777180463075638,1396,1426,4.903510223873376,https://www.youtube.com/watch?v=SfEHYVuQXiE,,
401112080,2019,10,regular,2019-11-01T00:00:00.000Z,False,True,False,True,46379,4727,McLane Stadium,239,Baylor,fbs,Big 12,17,"[7, 0, 7, 3]",0.9695121049880981,1665,1664,277,West Virginia,fbs,Big 12,14,"[0, 0, 14, 0]",0.030487895011901855,1528,1529,5.608211827259027,https://www.youtube.com/watch?v=gn20zjECDKY,,
401128671,2019,10,regular,2019-11-01T22:00:00.000Z,False,True,False,True,,3921,Schoellkopf Field,172,Cornell,fcs,Ivy,7,"[0, 0, 7, 0]",,,,163,Princeton,fcs,Ivy,21,"[0, 14, 7, 0]",,,,,,,
401117894,2019,10,regular,2019-11-02T00:00:00.000Z,False,True,False,True,16659,3892,Pratt & Whitney Stadium,41,UConn,fbs,American Athletic,10,"[7, 3, 0, 0]",0.010169917717576027,995,936,2426,Navy,fbs,American Athletic,56,"[14, 14, 14, 14]",0.989830082282424,1599,1658,4.05632843256002,https://www.youtube.com/watch?v=62EJUrhBKSE,,
401136602,2019,10,regular,2019-11-02T16:00:00.000Z,False,True,False,True,,3623,Arthur J. Rooney Athletic Field,2184,Duquesne,fcs,NEC,30,"[7, 13, 10, 0]",,,,2598,Saint Francis,fcs,NEC,21,"[7, 7, 7, 0]",,,,,,,
401136595,2019,10,regular,2019-11-02T16:00:00.000Z,False,True,False,True,,3979,Wagner College Stadium,2681,Wagner,fcs,NEC,13,"[3, 10, 0, 0]",,,,2115,Central Connecticut,fcs,NEC,27,"[6, 7, 7, 7]",,,,,,,
401114300,2019,10,regular,2019-11-02T16:00:00.000Z,False,True,False,True,14644,218,FIU Stadium,2229,Florida International,fbs,Conference USA,24,"[3, 6, 7, 8]",0.9552811980247498,1376,1370,295,Old Dominion,fbs,Conference USA,17,"[7, 0, 0, 10]",0.044718801975250244,1088,1094,5.827080695658198,https://www.youtube.com/watch?v=OkyoS_JBWPs,,
401119295,2019,10,regular,2019-11-02T16:00:00.000Z,False,True,False,True,10438,3786,Kelly/Shorts Stadium,2117,Central Michigan,fbs,Mid-American,48,"[21, 17, 0, 10]",0.9940776824951172,1253,1389,2459,Northern Illinois,fbs,Mid-American,10,"[3, 7, 0, 0]",0.0059223175048828125,1429,1293,2.192130078343822,,,
401136606,2019,10,regular,2019-11-02T16:00:00.000Z,False,True,False,True,,3777,Joe Walton Stadium,2523,Robert Morris,fcs,NEC,28,"[14, 0, 7, 7]",,,,2341,Long Island University,fcs,NEC,17,"[3, 14, 0, 0]",,,,,,,
401112243,2019,10,regular,2019-11-02T16:00:00.000Z,False,True,False,True,50606,3907,Ross-Ade Stadium,2509,Purdue,fbs,Big Ten,31,"[0, 14, 3, 14]",0.5534067153930664,1488,1490,158,Nebraska,fbs,Big Ten,27,"[10, 0, 3, 14]",0.4465932846069336,1459,1457,7.225780256218564,https://www.youtube.com/watch?v=m0hKH6Zb0vY,,
401128627,2019,10,regular,2019-11-02T16:00:00.000Z,False,True,False,True,,3847,Cooper Field,46,Georgetown,fcs,Patriot,14,"[0, 7, 0, 7]",,,,2142,Colgate,fcs,Patriot,24,"[0, 7, 10, 7]",,,,,,,
401110841,2019,10,regular,2019-11-02T16:00:00.000Z,False,True,False,False,100635,3795,Kyle Field,245,Texas A&M,fbs,SEC,45,"[14, 7, 14, 10]",0.9828730225563049,1771,1777,2636,UTSA,fbs,Conference USA,14,"[7, 0, 0, 7]",0.01712697744369507,1059,1053,2.9580299984052867,https://www.youtube.com/watch?v=GcV4R9Sekb0,,
401119294,2019,10,regular,2019-11-02T16:00:00.000Z,False,True,False,True,16017,3912,Rynearson Stadium,2199,Eastern Michigan,fbs,Mid-American,14,"[7, 0, 0, 7]",0,1330,1264,2084,Buffalo,fbs,Mid-American,43,"[2, 27, 7, 7]",1,1445,1511,3.388418534470467,,,
401112208,2019,10,regular,2019-11-02T16:00:00.000Z,False,True,False,True,40701,3665,SECU Stadium,120,Maryland,fbs,Big Ten,7,"[0, 0, 7, 0]",0.04971834644675255,1378,1355,130,Michigan,fbs,Big Ten,38,"[14, 7, 14, 3]",0.9502816535532475,1925,1948,2.757005657971886,https://www.youtube.com/watch?v=GSl72XD4PNg,,
401128949,2019,10,regular,2019-11-02T16:00:00.000Z,False,True,False,True,,3997,Yale Bowl,43,Yale,fcs,Ivy,45,"[7, 14, 3, 21]",,,,171,Columbia,fcs,Ivy,10,"[0, 3, 0, 7]",,,,,,,
401128560,2019,10,regular,2019-11-02T16:00:00.000Z,False,True,False,True,,36,Leonidoff Field,2368,Marist,fcs,Pioneer,37,"[10, 10, 0, 17]",,,,2086,Butler,fcs,Pioneer,27,"[0, 14, 6, 7]",,,,,,,
401114352,2019,10,regular,2019-11-02T16:00:00.000Z,False,True,False,False,10184,3985,Warren McGuirk Alumni Stadium,113,Massachusetts,fbs,FBS Independents,21,"[7, 7, 7, 0]",0.058941181749105453,833,765,2335,Liberty,fbs,FBS Independents,63,"[28, 21, 14, 0]",0.9410588182508945,1264,1332,3.51985906787504,https://www.youtube.com/watch?v=kISGeWgapaU,,
401112495,2019,10,regular,2019-11-02T16:00:00.000Z,False,True,False,True,42857,1964,JMA Wireless Dome,183,Syracuse,fbs,ACC,27,"[17, 3, 7, 0]",0.01509591843932867,1459,1375,103,Boston College,fbs,ACC,58,"[10, 34, 7, 7]",0.9849040815606713,1490,1574,5.082289736983074,https://www.youtube.com/watch?v=h6YnEMsrR7w,,
401112500,2019,10,regular,2019-11-02T16:00:00.000Z,False,True,False,True,31199,3630,Allegacy Federal Credit Union Stadium,154,Wake Forest,fbs,ACC,44,"[21, 13, 10, 0]",0.9914096593856812,1567,1652,152,NC State,fbs,ACC,10,"[0, 10, 0, 0]",0.008590340614318848,1492,1407,2.6358473330816077,https://www.youtube.com/watch?v=rUitJcsvRNs,,
401117895,2019,10,regular,2019-11-02T16:00:00.000Z,False,True,False,True,41361,3652,FBC Mortgage Stadium,2116,UCF,fbs,American Athletic,44,"[14, 7, 21, 2]",0.9154583811759949,1902,1898,248,Houston,fbs,American Athletic,29,"[17, 6, 0, 6]",0.08454161882400513,1480,1484,4.958028365769755,https://www.youtube.com/watch?v=PyDENRm1hDo,,
401128646,2019,10,regular,2019-11-02T16:30:00.000Z,False,True,False,True,,3721,Fisher Field,322,Lafayette,fcs,Patriot,38,"[17, 7, 7, 7]",,,,2230,Fordham,fcs,Patriot,34,"[0, 7, 10, 17]",,,,,,,
401128640,2019,10,regular,2019-11-02T16:30:00.000Z,False,True,False,True,,3741,Goodman Stadium,2329,Lehigh,fcs,Patriot,17,"[0, 7, 7, 3]",,,,107,Holy Cross,fcs,Patriot,24,"[7, 10, 7, 0]",,,,,,,
401127243,2019,10,regular,2019-11-02T17:00:00.000Z,False,True,False,True,,3990,William H. Greene Stadium,47,Howard,fcs,MEAC,6,"[0, 0, 0, 6]",,,,2428,North Carolina Central,fcs,MEAC,28,"[0, 7, 7, 14]",,,,,,,
401128580,2019,10,regular,2019-11-02T17:00:00.000Z,False,True,False,True,,3774,Jayne Stadium,2413,Morehead State,fcs,Pioneer,35,"[7, 7, 14, 7]",,,,2168,Dayton,fcs,Pioneer,49,"[28, 7, 7, 7]",,,,,,,
401128586,2019,10,regular,2019-11-02T17:00:00.000Z,False,True,False,True,,3691,D. B. Milne Field,294,Jacksonville,fcs,Pioneer,24,"[0, 3, 14, 7]",,,,56,Stetson,fcs,Pioneer,27,"[3, 6, 8, 10]",,,,,,,
401127274,2019,10,regular,2019-11-02T17:00:00.000Z,False,True,False,True,,3829,Memorial Stadium,282,Indiana State,fcs,MVFC,14,"[0, 7, 7, 0]",,,,79,Southern Illinois,fcs,MVFC,23,"[7, 10, 3, 3]",,,,,,,
401136282,2019,10,regular,2019-11-02T17:00:00.000Z,False,True,False,False,,3824,Meade Stadium,227,Rhode Island,fcs,CAA,42,"[7, 7, 7, 21]",,,,2771,Merrimack,fcs,NEC,14,"[0, 7, 0, 7]",,,,,,,
401128655,2019,10,regular,2019-11-02T17:00:00.000Z,False,True,False,True,,3730,Franklin Field,219,Pennsylvania,fcs,Ivy,38,"[0, 21, 14, 3]",,,,225,Brown,fcs,Ivy,36,"[7, 12, 3, 14]",,,,,,,
401127094,2019,10,regular,2019-11-02T17:00:00.000Z,False,True,False,True,,3688,Wildcat Stadium,160,New Hampshire,fcs,CAA,28,"[7, 0, 14, 7]",,,,222,Villanova,fcs,CAA,20,"[7, 13, 0, 0]",,,,,,,
401128677,2019,10,regular,2019-11-02T17:00:00.000Z,False,True,False,True,,3750,Harvard Stadium,108,Harvard,fcs,Ivy,6,"[3, 0, 3, 0]",,,,159,Dartmouth,fcs,Ivy,9,"[0, 3, 0, 6]",,,,,,,
401128571,2019,10,regular,2019-11-02T17:00:00.000Z,False,True,False,True,,3897,Richardson Stadium,2166,Davidson,fcs,Pioneer,27,"[7, 7, 7, 6]",,,,2674,Valparaiso,fcs,Pioneer,21,"[0, 6, 7, 8]",,,,,,,
401127265,2019,10,regular,2019-11-02T17:00:00.000Z,False,True,False,True,,3744,Hancock Stadium,2287,Illinois State,fcs,MVFC,10,"[0, 7, 3, 0]",,,,2460,Northern Iowa,fcs,MVFC,27,"[7, 7, 0, 13]",,,,,,,
401127027,2019,10,regular,2019-11-02T17:00:00.000Z,False,True,False,True,,3620,Armstrong Stadium,2261,Hampton,fcs,Big South,40,"[6, 14, 7, 13]",,,,2506,Presbyterian,fcs,Big South,17,"[3, 0, 14, 0]",,,,,,,
401127435,2019,10,regular,2019-11-02T17:00:00.000Z,False,True,False,True,,3908,Roy Kidd Stadium,2198,Eastern Kentucky,fcs,OVC,21,"[10, 0, 0, 11, 0]",,,,2046,Austin Peay,fcs,OVC,28,"[7, 0, 7, 7, 7]",,,,,,,
401127424,2019,10,regular,2019-11-02T17:00:00.000Z,False,True,False,True,,3661,Bulldog Stadium,2803,Bryant,fcs,NEC,17,"[0, 14, 0, 3]",,,,2529,Sacred Heart,fcs,NEC,24,"[0, 14, 10, 0]",,,,,,,
401128530,2019,10,regular,2019-11-02T17:30:00.000Z,False,True,False,True,,3597,Alumni Memorial Field,2678,VMI,fcs,Southern,35,"[13, 6, 3, 13]",,,,2717,Western Carolina,fcs,Southern,43,"[14, 6, 7, 16]",,,,,,,
401127003,2019,10,regular,2019-11-02T17:30:00.000Z,False,True,False,True,,3710,Ernest W. Spangler Stadium,2241,Gardner-Webb,fcs,Big South,27,"[0, 0, 7, 20]",,,,2127,Charleston Southern,fcs,Big South,30,"[10, 14, 6, 0]",,,,,,,
401127238,2019,10,regular,2019-11-02T17:30:00.000Z,False,True,False,True,,3864,Oliver C. Dawson Stadium,2569,South Carolina State,fcs,MEAC,20,"[3, 7, 0, 10]",,,,2448,North Carolina A&T,fcs,MEAC,22,"[0, 16, 6, 0]",,,,,,,
401126951,2019,10,regular,2019-11-02T18:00:00.000Z,False,True,False,True,,3643,Bobcat Stadium,147,Montana State,fcs,Big Sky,42,"[21, 21, 0, 0]",,,,253,Southern Utah,fcs,Big Sky,7,"[0, 0, 0, 7]",,,,,,,
401127097,2019,10,regular,2019-11-02T18:00:00.000Z,False,True,False,True,,3781,Johnny Unitas Stadium,119,Towson,fcs,CAA,31,"[7, 17, 0, 7]",,,,48,Delaware,fcs,CAA,24,"[7, 7, 7, 3]",,,,,,,
401128449,2019,10,regular,2019-11-02T18:00:00.000Z,False,True,False,True,,3896,Rice-Totten Field,2400,Mississippi Valley State,fcs,SWAC,0,"[0, 0, 0, 0]",,,,2011,Alabama State,fcs,SWAC,27,"[0, 17, 7, 3]",,,,,,,
401119293,2019,10,regular,2019-11-02T18:00:00.000Z,False,True,False,True,12113,3700,Doyt L. Perry Stadium,189,Bowling Green,fbs,Mid-American,35,"[7, 14, 7, 7]",1,917,991,2006,Akron,fbs,Mid-American,6,"[6, 0, 0, 0]",0,897,823,3.4428315187166914,,,
401128375,2019,10,regular,2019-11-02T18:00:00.000Z,False,True,False,True,,3909,Roy Stewart Stadium,93,Murray State,fcs,OVC,7,"[7, 0, 0, 0]",,,,2635,Tennessee Tech,fcs,OVC,17,"[3, 7, 7, 0]",,,,,,,
401127093,2019,10,regular,2019-11-02T18:00:00.000Z,False,True,False,True,,3894,Rhodes Stadium,2210,Elon,fcs,CAA,29,"[0, 14, 3, 6, 6]",,,,2729,William & Mary,fcs,CAA,31,"[3, 7, 13, 0, 8]",,,,,,,
401127226,2019,10,regular,2019-11-02T18:00:00.000Z,False,True,False,True,,3991,"William Dick"""" Price Stadium""""",2450,Norfolk State,fcs,MEAC,48,"[17, 14, 7, 10]",,,,2415,Morgan State,fcs,MEAC,0,"[0, 0, 0, 0]",,,,,,,
401127018,2019,10,regular,2019-11-02T18:00:00.000Z,False,True,False,True,,4899,Fifth Third Stadium,338,Kennesaw State,fcs,Big South,21,"[7, 0, 7, 7]",,,,2405,Monmouth,fcs,Big South,45,"[3, 28, 14, 0]",,,,,,,
401128495,2019,10,regular,2019-11-02T18:00:00.000Z,False,True,False,True,,3720,Finley Stadium,236,Chattanooga,fcs,Southern,20,"[3, 9, 0, 8]",,,,231,Furman,fcs,Southern,35,"[0, 14, 7, 14]",,,,,,,
401127290,2019,10,regular,2019-11-02T18:00:00.000Z,False,True,False,True,,3746,Hanson Field,2710,Western Illinois,fcs,MVFC,38,"[7, 0, 10, 21]",,,,233,South Dakota,fcs,MVFC,34,"[7, 10, 3, 14]",,,,,,,
401112501,2019,10,regular,2019-11-02T18:30:00.000Z,False,True,False,False,77622,3855,Notre Dame Stadium,87,Notre Dame,fbs,FBS Independents,21,"[7, 7, 0, 7]",0.861587405204773,1810,1799,259,Virginia Tech,fbs,ACC,20,"[7, 7, 3, 3]",0.13841259479522705,1446,1457,5.9082054583700865,https://www.youtube.com/watch?v=c6GMaEKCUNo,,
401126992,2019,10,regular,2019-11-02T18:30:00.000Z,False,True,False,True,,4133,Braly Municipal Stadium,2453,North Alabama,fcs,Big South,25,"[0, 15, 7, 3]",,,,2097,Campbell,fcs,Big South,24,"[0, 14, 7, 3]",,,,,,,
401128368,2019,10,regular,2019-11-02T19:00:00.000Z,False,True,False,True,,3748,Graham Stadium,2630,UT Martin,fcs,OVC,22,"[0, 13, 6, 3]",,,,55,Jacksonville State,fcs,OVC,17,"[7, 7, 0, 3]",,,,,,,
401128380,2019,10,regular,2019-11-02T19:00:00.000Z,False,True,False,True,,4029,Hale Stadium,2634,Tennessee State,fcs,OVC,13,"[0, 0, 7, 6]",,,,2546,Southeast Missouri State,fcs,OVC,32,"[9, 6, 10, 7]",,,,,,,
401127255,2019,10,regular,2019-11-02T19:00:00.000Z,False,True,False,True,,3878,Plaster Sports Complex,2623,Missouri State,fcs,MVFC,14,"[0, 0, 0, 14]",,,,2571,South Dakota State,fcs,MVFC,35,"[6, 8, 7, 14]",,,,,,,
401127095,2019,10,regular,2019-11-02T19:00:00.000Z,False,True,False,True,,2068,E. Claiborne Robins Stadium,257,Richmond,fcs,CAA,30,"[0, 20, 7, 3]",,,,2619,Stony Brook,fcs,CAA,10,"[3, 7, 0, 0]",,,,,,,
401128471,2019,10,regular,2019-11-02T19:00:00.000Z,False,True,False,True,,3902,Eddie Robinson Stadium,2755,Grambling,fcs,SWAC,55,"[21, 20, 0, 14]",,,,2640,Texas Southern,fcs,SWAC,20,"[0, 14, 6, 0]",,,,,,,
401121962,2019,10,regular,2019-11-02T19:00:00.000Z,False,True,False,True,15098,3654,Brooks Stadium (SC),324,Coastal Carolina,fbs,Sun Belt,36,"[14, 3, 11, 8]",0.4153369963169098,1306,1310,2653,Troy,fbs,Sun Belt,35,"[21, 0, 7, 7]",0.5846630036830902,1426,1422,8.69862527991501,https://www.youtube.com/watch?v=naTfq4pSQwA,,
401112497,2019,10,regular,2019-11-02T19:30:00.000Z,False,True,False,True,63995,3697,Doak Campbell Stadium,52,Florida State,fbs,ACC,10,"[0, 3, 7, 0]",0.06650801002979279,1539,1500,2390,Miami,fbs,ACC,27,"[7, 10, 0, 10]",0.9334919899702072,1562,1601,5.16412682517104,https://www.youtube.com/watch?v=ZY_H8SRqd0s,,
401114302,2019,10,regular,2019-11-02T19:30:00.000Z,False,True,False,True,17385,3895,Rice Stadium,242,Rice,fbs,Conference USA,7,"[0, 7, 0, 0]",0.00020621251314878464,1172,1165,276,Marshall,fbs,Conference USA,20,"[3, 14, 3, 0]",0.9997937874868512,1411,1418,4.278102772502487,https://www.youtube.com/watch?v=E4nDQ6XMDjc,,
401114303,2019,10,regular,2019-11-02T19:30:00.000Z,False,True,False,True,22548,3825,DATCU Stadium,249,North Texas,fbs,Conference USA,52,"[21, 17, 7, 7]",1,1397,1425,2638,UTEP,fbs,Conference USA,26,"[7, 7, 6, 6]",0,1045,1017,1.9818943879543,https://www.youtube.com/watch?v=kCbls-osWdk,,
401128504,2019,10,regular,2019-11-02T19:30:00.000Z,False,True,False,True,,5400,William B. Greene Jr. Stadium,2193,East Tennessee State,fcs,Southern,27,"[10, 3, 7, 7]",,,,2643,The Citadel,fcs,Southern,31,"[7, 3, 7, 14]",,,,,,,
401121961,2019,10,regular,2019-11-02T19:30:00.000Z,False,True,False,True,15327,3817,Malone Stadium,2433,UL Monroe,fbs,Sun Belt,41,"[14, 14, 6, 7]",0.602375864982605,1180,1183,2032,Arkansas State,fbs,Sun Belt,48,"[3, 28, 3, 14]",0.397624135017395,1395,1392,6.733152894948942,https://www.youtube.com/watch?v=3IvId2A5gxQ,,
401114299,2019,10,regular,2019-11-02T19:30:00.000Z,False,True,False,True,13879,4418,Jerry Richardson Stadium,2429,Charlotte,fbs,Conference USA,34,"[14, 10, 10, 0]",0.9881300926208496,1254,1299,2393,Middle Tennessee,fbs,Conference USA,20,"[7, 0, 6, 7]",0.01186990737915039,1435,1390,2.39751439481753,https://www.youtube.com/watch?v=_WwAiHbE9js,,
401112104,2019,10,regular,2019-11-02T19:30:00.000Z,False,True,False,True,47233,3833,Memorial Stadium,2305,Kansas,fbs,Big 12,10,"[3, 0, 0, 7]",0.0006891470402479172,1381,1337,2306,Kansas State,fbs,Big 12,38,"[7, 10, 7, 14]",0.9993108529597521,1651,1695,3.159679028408537,https://www.youtube.com/watch?v=mZBCfrvJyvs,,
401114331,2019,10,regular,2019-11-02T19:30:00.000Z,False,True,False,False,41401,3713,Falcon Stadium,2005,Air Force,fbs,Mountain West,17,"[0, 3, 7, 7]",0.6958861351013184,1684,1683,349,Army,fbs,FBS Independents,13,"[0, 6, 7, 0]",0.30411386489868164,1565,1566,5.154915084661838,https://www.youtube.com/watch?v=vQ9b8LF57Ho,,
401127096,2019,10,regular,2019-11-02T19:30:00.000Z,False,True,False,True,,4419,Bob Ford Field,399,UAlbany,fcs,CAA,31,"[7, 14, 3, 7]",,,,311,Maine,fcs,CAA,47,"[10, 14, 23, 0]",,,,,,,
401110838,2019,10,regular,2019-11-02T19:30:00.000Z,False,True,True,True,84789,3712,EverBank Stadium,57,Florida,fbs,SEC,17,"[0, 3, 0, 14]",0.0005227928049862385,1777,1782,61,Georgia,fbs,SEC,24,"[3, 10, 3, 8]",0.9994772071950138,1974,1969,4.15504031687585,https://www.youtube.com/watch?v=abgzHzMcMTo,,
401112153,2019,10,regular,2019-11-02T19:30:00.000Z,False,True,False,True,35652,3832,"Memorial Stadium (Champaign, IL)",356,Illinois,fbs,Big Ten,38,"[10, 0, 21, 7]",1,1430,1463,164,Rutgers,fbs,Big Ten,10,"[0, 10, 0, 0]",0,1073,1040,3.157082473232103,https://www.youtube.com/watch?v=qlH-OZdj7NE,,
401112127,2019,10,regular,2019-11-02T19:30:00.000Z,False,True,False,True,52861,3646,Boone Pickens Stadium,197,Oklahoma State,fbs,Big 12,34,"[10, 7, 7, 10]",0.9639155864715576,1637,1647,2628,TCU,fbs,Big 12,27,"[3, 14, 0, 10]",0.03608441352844238,1650,1640,4.976850297871971,https://www.youtube.com/watch?v=7FzNp1evRyA,,
401117538,2019,10,regular,2019-11-02T19:30:00.000Z,False,True,False,True,24103,5388,Canvas Stadium,36,Colorado State,fbs,Mountain West,37,"[21, 3, 3, 10]",0.9943531155586243,1319,1356,2439,UNLV,fbs,Mountain West,17,"[0, 0, 3, 14]",0.005646884441375732,1222,1185,1.9963568392593423,https://www.youtube.com/watch?v=MOaHDMo17TA,,
401128685,2019,10,regular,2019-11-02T20:00:00.000Z,False,True,False,True,,3882,Provost Umphrey Stadium,2320,Lamar,fcs,Southland,17,"[0, 10, 0, 7]",,,,2110,Central Arkansas,fcs,Southland,45,"[21, 10, 14, 0]",,,,,,,
401114301,2019,10,regular,2019-11-02T20:00:00.000Z,False,True,False,True,14212,3796,Houchens Industries-L.T. Smith Stadium,98,Western Kentucky,fbs,Conference USA,24,"[14, 0, 7, 3]",0.01003673579543829,1436,1422,2226,Florida Atlantic,fbs,Conference USA,35,"[0, 21, 7, 7]",0.9899632642045617,1545,1559,5.692458335251886,https://www.youtube.com/watch?v=JD_Doo6NJdE,,
401110836,2019,10,regular,2019-11-02T20:00:00.000Z,False,True,False,True,52256,3887,Razorback Stadium,8,Arkansas,fbs,SEC,24,"[0, 10, 7, 7]",0,1298,1252,344,Mississippi State,fbs,SEC,54,"[14, 24, 7, 9]",1,1605,1651,2.7353863637459166,,,
401114227,2019,10,regular,2019-11-02T20:00:00.000Z,False,True,False,True,69270,3765,Husky Stadium,264,Washington,fbs,Pac-12,28,"[7, 7, 7, 7]",0,1813,1811,254,Utah,fbs,Pac-12,33,"[0, 13, 6, 14]",1,1909,1911,6.3939355759590955,https://www.youtube.com/watch?v=U4I1Mxq0qWg,,
401127221,2019,10,regular,2019-11-02T20:00:00.000Z,False,True,False,True,,3650,Bragg Memorial Stadium,50,Florida A&M,fcs,MEAC,52,"[14, 17, 14, 7]",,,,2169,Delaware State,fcs,MEAC,30,"[0, 3, 20, 7]",,,,,,,
401112498,2019,10,regular,2019-11-02T20:00:00.000Z,False,True,False,True,41219,721,Bobby Dodd Stadium,59,Georgia Tech,fbs,ACC,10,"[0, 7, 3, 0]",0.45203500986099243,1435,1427,221,Pittsburgh,fbs,ACC,20,"[10, 7, 0, 3]",0.5479649901390076,1581,1589,3.7755180135827127,https://www.youtube.com/watch?v=E323JGTdgB4,,
401112496,2019,10,regular,2019-11-02T20:00:00.000Z,False,True,False,False,81500,3836,"Memorial Stadium (Clemson, SC)",228,Clemson,fbs,ACC,59,"[21, 21, 14, 3]",0.9928165078163147,,,2747,Wofford,fcs,Southern,14,"[0, 0, 14, 0]",0.007183492183685303,,,1.7673860953131793,https://www.youtube.com/watch?v=2h6jhNGeSkg,,
401117898,2019,10,regular,2019-11-02T20:00:00.000Z,False,True,False,True,27417,4729,Yulman Stadium,2655,Tulane,fbs,American Athletic,38,"[10, 14, 7, 7]",0.9357009530067444,1532,1539,202,Tulsa,fbs,American Athletic,26,"[0, 16, 0, 10]",0.06429904699325562,1329,1322,4.783131360795768,https://www.youtube.com/watch?v=gLaP_pNJ3sY,,
401126918,2019,10,regular,2019-11-02T20:05:00.000Z,False,True,False,True,,3906,Roos Field,331,Eastern Washington,fcs,Big Sky,66,"[17, 21, 21, 7]",,,,2464,Northern Arizona,fcs,Big Sky,38,"[14, 10, 7, 7]",,,,,,,
401114171,2019,10,regular,2019-11-02T20:30:00.000Z,False,True,False,True,36939,3619,Arizona Stadium,12,Arizona,fbs,Pac-12,38,"[6, 13, 12, 7]",0.022820873466004407,1408,1345,204,Oregon State,fbs,Pac-12,56,"[7, 28, 7, 14]",0.9771791265339956,1244,1307,4.85404397259999,https://www.youtube.com/watch?v=hzFQte1GrpA,,
401126935,2019,10,regular,2019-11-02T20:30:00.000Z,False,True,False,True,,1930,Holt Arena,304,Idaho State,fcs,Big Sky,20,"[0, 10, 7, 3]",,,,2458,Northern Colorado,fcs,Big Sky,26,"[6, 6, 6, 8]",,,,,,,
401128731,2019,10,regular,2019-11-02T21:00:00.000Z,False,True,False,True,,3944,Strawberry Stadium,2545,SE Louisiana,fcs,Southland,47,"[13, 6, 14, 14]",,,,2617,Stephen F. Austin,fcs,Southland,30,"[0, 10, 7, 13]",,,,,,,
401128718,2019,10,regular,2019-11-02T21:00:00.000Z,False,True,False,True,,3686,Cowboy Stadium,2377,McNeese,fcs,Southland,30,"[6, 3, 8, 13]",,,,2466,Northwestern State,fcs,Southland,20,"[10, 7, 3, 0]",,,,,,,
401121963,2019,10,regular,2019-11-02T21:00:00.000Z,False,True,False,True,21063,3666,Cajun Field,309,Louisiana,fbs,Sun Belt,31,"[0, 10, 21, 0]",0.9951146841049194,1539,1564,326,Texas State,fbs,Sun Belt,3,"[0, 3, 0, 0]",0.004885315895080566,1100,1075,3.294902128062708,,,
401126908,2019,10,regular,2019-11-02T21:00:00.000Z,False,True,False,True,,3791,Kibbie Dome,70,Idaho,fcs,Big Sky,21,"[0, 7, 7, 7]",,,,13,Cal Poly,fcs,Big Sky,9,"[3, 0, 0, 6]",,,,,,,
401128605,2019,10,regular,2019-11-02T21:00:00.000Z,False,True,False,True,,716,Torero Stadium,301,San Diego,fcs,Pioneer,49,"[7, 28, 14, 0]",,,,2181,Drake,fcs,Pioneer,7,"[0, 0, 7, 0]",,,,,,,
401128440,2019,10,regular,2019-11-02T21:00:00.000Z,False,True,False,True,,3599,Ace W. Mumford Stadium,2582,Southern,fcs,SWAC,35,"[7, 7, 7, 14]",,,,2010,Alabama A&M,fcs,SWAC,31,"[0, 7, 14, 10]",,,,,,,
401128707,2019,10,regular,2019-11-02T21:00:00.000Z,False,True,False,True,,3734,Gayle and Tom Benson Stadium,2916,Incarnate Word,fcs,Southland,23,"[6, 10, 0, 7]",,,,2447,Nicholls,fcs,Southland,27,"[6, 14, 0, 7]",,,,,,,
401126942,2019,10,regular,2019-11-02T21:05:00.000Z,False,True,False,True,,4765,Hillsboro Stadium,2502,Portland State,fcs,Big Sky,23,"[0, 17, 6, 0]",,,,149,Montana,fcs,Big Sky,38,"[7, 7, 14, 10]",,,,,,,
401127280,2019,10,regular,2019-11-02T22:00:00.000Z,False,True,False,True,,844,Stambaugh Stadium,2754,Youngstown State,fcs,MVFC,17,"[0, 7, 3, 7]",,,,2449,North Dakota State,fcs,MVFC,56,"[21, 21, 7, 7]",,,,,,,
401128522,2019,10,regular,2019-11-02T23:00:00.000Z,False,True,False,True,,4417,Five Star Stadium at the Moye Complex,2382,Mercer,fcs,Southern,36,"[3, 7, 6, 7, 13]",,,,2535,Samford,fcs,Southern,33,"[7, 3, 7, 6, 10]",,,,,,,
401112165,2019,10,regular,2019-11-02T23:00:00.000Z,False,True,False,True,40924,3830,"Memorial Stadium (Bloomington, IN)",84,Indiana,fbs,Big Ten,34,"[10, 14, 7, 3]",1,1556,1631,77,Northwestern,fbs,Big Ten,3,"[0, 3, 0, 0]",0,1489,1414,2.4574092148422775,https://www.youtube.com/watch?v=C8PRBHXuODM,,
401128465,2019,10,regular,2019-11-02T23:00:00.000Z,False,True,False,True,,3976,Mississippi Veterans Memorial Stadium,2296,Jackson State,fcs,SWAC,21,"[0, 7, 14, 0]",,,,2029,Arkansas-Pine Bluff,fcs,SWAC,12,"[0, 0, 12, 0]",,,,,,,
401110840,2019,10,regular,2019-11-02T23:00:00.000Z,False,True,False,False,85791,3853,Neyland Stadium,2633,Tennessee,fbs,SEC,30,"[6, 17, 7, 0]",0.998116135597229,1458,1527,5,UAB,fbs,Conference USA,7,"[0, 0, 0, 7]",0.001883864402770996,1565,1496,2.5529729452963785,,,
401110837,2019,10,regular,2019-11-02T23:00:00.000Z,False,True,False,True,87457,3785,Jordan-Hare Stadium,2,Auburn,fbs,SEC,20,"[0, 10, 10, 0]",0.8857839703559875,1958,1946,145,Ole Miss,fbs,SEC,14,"[0, 7, 0, 7]",0.11421602964401245,1544,1556,4.872795511403513,https://www.youtube.com/watch?v=s36RpR-IgU0,,
401117896,2019,10,regular,2019-11-02T23:00:00.000Z,False,True,False,True,32276,3699,Dowdy-Ficklen Stadium,151,East Carolina,fbs,American Athletic,43,"[14, 17, 9, 3]",0.4481917917728424,1118,1144,2132,Cincinnati,fbs,American Athletic,46,"[21, 0, 7, 18]",0.5518082082271576,1699,1673,7.356759442059463,https://www.youtube.com/watch?v=b0dtPVTts4o,,
401110839,2019,10,regular,2019-11-02T23:30:00.000Z,False,True,False,True,71945,3994,Williams-Brice Stadium,2579,South Carolina,fbs,SEC,24,"[0, 14, 0, 10]",1,1508,1529,238,Vanderbilt,fbs,SEC,7,"[7, 0, 0, 0]",0,1334,1313,3.626725863670305,https://www.youtube.com/watch?v=J6kc1Rkk7tw,,
401117897,2019,10,regular,2019-11-02T23:30:00.000Z,False,True,False,True,59506,3805,Simmons Bank Liberty Stadium,235,Memphis,fbs,American Athletic,54,"[7, 16, 17, 14]",0.8034840822219849,1730,1733,2567,SMU,fbs,American Athletic,48,"[7, 10, 7, 24]",0.19651591777801514,1634,1631,6.436865655192729,https://www.youtube.com/watch?v=fRTPBl_Pn0I,,
401112499,2019,10,regular,2019-11-02T23:30:00.000Z,False,True,False,True,50500,3787,Kenan Stadium,153,North Carolina,fbs,ACC,31,"[3, 14, 14, 0]",0.3239459991455078,1506,1505,258,Virginia,fbs,ACC,38,"[7, 10, 21, 0]",0.6760540008544922,1665,1666,6.193962830142724,https://www.youtube.com/watch?v=FZRX1pSWZmg,,
401114198,2019,10,regular,2019-11-03T00:00:00.000Z,False,True,False,True,63011,477,Los Angeles Memorial Coliseum,30,USC,fbs,Pac-12,24,"[10, 7, 0, 7]",0.06833942234516144,1688,1624,2483,Oregon,fbs,Pac-12,56,"[0, 28, 14, 14]",0.9316605776548386,1896,1960,4.137143726751985,https://www.youtube.com/watch?v=fyqjnALX5TI,,
401126971,2019,10,regular,2019-11-03T01:00:00.000Z,False,True,False,True,,3757,Hornet Stadium,16,Sacramento State,fcs,Big Sky,17,"[3, 7, 0, 7]",,,,2692,Weber State,fcs,Big Sky,36,"[9, 14, 6, 7]",,,,,,,
401114189,2019,10,regular,2019-11-03T01:00:00.000Z,False,True,False,True,47118,1056,Rose Bowl,26,UCLA,fbs,Pac-12,31,"[17, 0, 7, 7]",0.978504478931427,1446,1476,38,Colorado,fbs,Pac-12,14,"[0, 7, 0, 7]",0.021495521068572998,1367,1337,2.6785440196348427,https://www.youtube.com/watch?v=3gKiTx9QI_A,,
401117216,2019,10,regular,2019-11-03T02:00:00.000Z,False,True,False,False,25472,3905,Maverik Stadium,328,Utah State,fbs,Mountain West,14,"[7, 7, 0, 0]",0.0079862205311656,1580,1488,252,BYU,fbs,FBS Independents,42,"[7, 14, 14, 7]",0.9920137794688344,1467,1559,4.920128199919722,https://www.youtube.com/watch?v=aSZqLWwj_5g,,
401117536,2019,10,regular,2019-11-03T02:30:00.000Z,False,True,False,True,15631,3816,Mackay Stadium,2440,Nevada,fbs,Mountain West,21,"[0, 14, 0, 7]",0.8814340233802795,1074,1099,167,New Mexico,fbs,Mountain West,10,"[7, 0, 3, 0]",0.11856597661972046,1136,1111,4.621537378981432,https://www.youtube.com/watch?v=e-aseqjYtOQ,,
401117535,2019,10,regular,2019-11-03T02:30:00.000Z,False,True,False,True,19184,3935,CEFCU Stadium,23,San José State,fbs,Mountain West,42,"[14, 10, 10, 8]",0.152021586894989,1255,1272,68,Boise State,fbs,Mountain West,52,"[7, 10, 14, 21]",0.847978413105011,1727,1710,6.122648656241403,https://www.youtube.com/watch?v=w6XB_-TlcrU,,
401117537,2019,10,regular,2019-11-03T03:59:00.000Z,False,True,False,True,22058,3610,Aloha Stadium,62,Hawai'i,fbs,Mountain West,38,"[0, 24, 0, 14]",0.04754652827978134,1354,1362,278,Fresno State,fbs,Mountain West,41,"[7, 7, 17, 10]",0.9524534717202187,1566,1558,6.546561697140557,https://www.youtube.com/watch?v=G9AbU931n8Y,,
401119297,2019,11,regular,2019-11-06T00:00:00.000Z,False,True,False,True,16331,3739,Glass Bowl,2649,Toledo,fbs,Mid-American,35,"[14, 14, 0, 7]",0.40782997012138367,1293,1293,2309,Kent State,fbs,Mid-American,33,"[10, 7, 10, 6]",0.5921700298786163,1225,1225,4.634902900712051,https://www.youtube.com/watch?v=1YqoZaK6D4Q,,
401119296,2019,11,regular,2019-11-06T01:00:00.000Z,False,True,False,True,11314,3980,Waldo Stadium,2711,Western Michigan,fbs,Mid-American,35,"[7, 14, 0, 14]",0.854511559009552,1472,1472,2050,Ball State,fbs,Mid-American,31,"[7, 3, 7, 14]",0.145488440990448,1374,1374,6.531611677988456,https://www.youtube.com/watch?v=8jItPknPuL0,,
401119298,2019,11,regular,2019-11-07T01:00:00.000Z,False,True,False,True,20589,3876,Peden Stadium,195,Ohio,fbs,Mid-American,21,"[0, 7, 0, 14]",0.39517685770988464,1574,1549,193,Miami (OH),fbs,Mid-American,24,"[0, 7, 7, 10]",0.6048231422901154,1270,1295,6.5674639350882345,https://www.youtube.com/watch?v=x8hz9KBrRbA,,
401121964,2019,11,regular,2019-11-08T00:30:00.000Z,False,True,False,True,14857,3654,Brooks Stadium (SC),324,Coastal Carolina,fbs,Sun Belt,7,"[0, 0, 0, 7]",0.004903553985059261,1310,1222,309,Louisiana,fbs,Sun Belt,48,"[14, 10, 21, 3]",0.9950964460149407,1564,1652,2.2824088359034973,https://www.youtube.com/watch?v=mbkGckrP7o0,,
401117899,2019,11,regular,2019-11-08T01:00:00.000Z,False,True,False,True,26214,3886,Raymond James Stadium,58,South Florida,fbs,American Athletic,7,"[0, 0, 7, 0]",0.07220930606126785,1311,1299,218,Temple,fbs,American Athletic,17,"[0, 7, 7, 3]",0.9277906939387321,1413,1425,4.838168316300476,https://www.youtube.com/watch?v=5Ka6KKFxVIU,,
401117900,2019,11,regular,2019-11-09T00:00:00.000Z,False,True,False,True,16331,3674,Chapman Stadium,202,Tulsa,fbs,American Athletic,34,"[7, 10, 7, 10]",0.9207892417907715,1322,1332,2116,UCF,fbs,American Athletic,31,"[14, 14, 3, 0]",0.07921075820922852,1898,1888,6.796410715301272,https://www.youtube.com/watch?v=UZ9lzKdAYa0,,
401114205,2019,11,regular,2019-11-09T03:30:00.000Z,False,True,False,True,34244,3893,Reser Stadium,204,Oregon State,fbs,Pac-12,7,"[0, 0, 7, 0]",0.12713606655597687,1307,1323,264,Washington,fbs,Pac-12,19,"[3, 7, 9, 0]",0.8728639334440231,1811,1795,4.250778976466669,https://www.youtube.com/watch?v=9uBXp22wgYs,,
401127019,2019,11,regular,2019-11-09T17:00:00.000Z,False,True,False,True,,5389,Kessler Stadium,2405,Monmouth,fcs,Big South,49,"[7, 7, 21, 14]",,,,2453,North Alabama,fcs,Big South,38,"[0, 7, 10, 21]",,,,,,,
401114332,2019,11,regular,2019-11-09T17:00:00.000Z,False,True,False,False,35567,3841,Michie Stadium,349,Army,fbs,FBS Independents,63,"[14, 21, 14, 14]",0.9940776824951172,1566,1630,113,Massachusetts,fbs,FBS Independents,7,"[7, 0, 0, 0]",0.0059223175048828125,765,701,2.108984309687418,https://www.youtube.com/watch?v=lVg4XQNOOsY,,
401128641,2019,11,regular,2019-11-09T17:00:00.000Z,False,True,False,True,,3722,Fitton Field,107,Holy Cross,fcs,Patriot,20,"[3, 7, 3, 7]",,,,322,Lafayette,fcs,Patriot,23,"[14, 3, 3, 3]",,,,,,,
401112235,2019,11,regular,2019-11-09T17:00:00.000Z,False,True,False,True,51883,3953,Huntington Bank Stadium,135,Minnesota,fbs,Big Ten,31,"[14, 10, 0, 7]",0.9525043368339539,1808,1822,213,Penn State,fbs,Big Ten,26,"[10, 3, 6, 7]",0.04749566316604614,2019,2005,4.5685833929416715,https://www.youtube.com/watch?v=hJ2X0a0aIWU,,
401112081,2019,11,regular,2019-11-09T17:00:00.000Z,False,True,False,True,45870,3616,Amon G. Carter Stadium,2628,TCU,fbs,Big 12,23,"[3, 6, 0, 0, 7, 7, 0]",0.7784674167633057,1640,1631,239,Baylor,fbs,Big 12,29,"[0, 0, 3, 6, 7, 7, 6]",0.22153258323669434,1664,1673,7.797192130033943,https://www.youtube.com/watch?v=ike9jLKzCEI,,
401112249,2019,11,regular,2019-11-09T17:00:00.000Z,False,True,False,True,37194,3911,Ryan Field,77,Northwestern,fbs,Big Ten,22,"[14, 2, 0, 6]",0.7078761458396912,1414,1415,2509,Purdue,fbs,Big Ten,24,"[0, 7, 14, 3]",0.29212385416030884,1490,1489,5.710845023691182,https://www.youtube.com/watch?v=1ANGz-sJqsg,,
401112209,2019,11,regular,2019-11-09T17:00:00.000Z,False,True,False,True,101022,3861,Ohio Stadium,194,Ohio State,fbs,Big Ten,73,"[21, 21, 10, 21]",0.9946691989898682,2332,2384,120,Maryland,fbs,Big Ten,14,"[0, 0, 7, 7]",0.005330801010131836,1355,1303,2.327572746183458,https://www.youtube.com/watch?v=1fU21c71REk,,
401117902,2019,11,regular,2019-11-09T17:00:00.000Z,False,True,False,True,29528,3735,Gerald J. Ford Stadium,2567,SMU,fbs,American Athletic,59,"[14, 14, 17, 14]",0.8816370964050293,1631,1616,151,East Carolina,fbs,American Athletic,51,"[7, 13, 17, 14]",0.1183629035949707,1144,1159,5.829707218166003,https://www.youtube.com/watch?v=zHw2HNWUZ78,,
401136611,2019,11,regular,2019-11-09T17:00:00.000Z,False,True,False,True,,3668,Campus Field,2529,Sacred Heart,fcs,NEC,41,"[0, 0, 17, 24]",,,,2681,Wagner,fcs,NEC,7,"[0, 7, 0, 0]",,,,,,,
401136596,2019,11,regular,2019-11-09T17:00:00.000Z,False,True,False,True,,3624,Arute Field,2115,Central Connecticut,fcs,NEC,38,"[7, 7, 7, 10, 7]",,,,2598,Saint Francis,fcs,NEC,31,"[0, 14, 10, 7, 0]",,,,,,,
401128561,2019,11,regular,2019-11-09T17:00:00.000Z,False,True,False,True,,3664,Butler Bowl,2086,Butler,fcs,Pioneer,10,"[3, 0, 0, 7]",,,,2166,Davidson,fcs,Pioneer,52,"[0, 33, 6, 13]",,,,,,,
401110844,2019,11,regular,2019-11-09T17:00:00.000Z,False,True,False,True,86201,3634,Ben Hill Griffin Stadium,57,Florida,fbs,SEC,56,"[0, 14, 28, 14]",0.934946596622467,1782,1889,238,Vanderbilt,fbs,SEC,0,"[0, 0, 0, 0]",0.06505340337753296,1313,1206,2.362995799021514,https://www.youtube.com/watch?v=-ASlusWHZsw,,
401128606,2019,11,regular,2019-11-09T17:00:00.000Z,False,True,False,True,,4416,Spec Martin Municipal Stadium,56,Stetson,fcs,Pioneer,7,"[0, 0, 0, 7]",,,,301,San Diego,fcs,Pioneer,51,"[13, 3, 14, 21]",,,,,,,
401110843,2019,11,regular,2019-11-09T17:00:00.000Z,False,True,False,False,42985,3887,Razorback Stadium,8,Arkansas,fbs,SEC,19,"[7, 0, 0, 12]",0.04611809179186821,1252,1202,98,Western Kentucky,fbs,Conference USA,45,"[14, 21, 3, 7]",0.9538819082081318,1422,1472,3.3629320248166965,https://www.youtube.com/watch?v=53jN4Bxp4To,,
401112142,2019,11,regular,2019-11-09T17:00:00.000Z,False,True,False,True,56573,3842,Milan Puskar Stadium,277,West Virginia,fbs,Big 12,17,"[3, 7, 0, 7]",0.0018294325564056635,1529,1476,2641,Texas Tech,fbs,Big 12,38,"[21, 14, 0, 3]",0.9981705674435943,1532,1585,3.504186253729159,https://www.youtube.com/watch?v=8CqUE1SPEeA,,
401112502,2019,11,regular,2019-11-09T17:00:00.000Z,False,True,False,True,37312,3615,"Alumni Stadium (Chestnut Hill, MA)",103,Boston College,fbs,ACC,31,"[7, 7, 0, 17]",0.1395713984966278,1574,1555,52,Florida State,fbs,ACC,38,"[3, 7, 14, 14]",0.8604286015033722,1500,1519,6.755853578090533,https://www.youtube.com/watch?v=80Ndka-BTtw,,
401128656,2019,11,regular,2019-11-09T17:30:00.000Z,False,True,False,True,,3656,Brown Stadium,225,Brown,fcs,Ivy,35,"[0, 21, 7, 7]",,,,43,Yale,fcs,Ivy,59,"[17, 7, 18, 17]",,,,,,,
401112504,2019,11,regular,2019-11-09T17:30:00.000Z,False,True,False,True,44596,3923,Scott Stadium,258,Virginia,fbs,ACC,33,"[14, 10, 0, 9]",0.47553932666778564,1666,1662,59,Georgia Tech,fbs,ACC,28,"[14, 7, 0, 7]",0.5244606733322144,1427,1431,6.351507963704068,https://www.youtube.com/watch?v=dwoIQdPnmXc,,
401128619,2019,11,regular,2019-11-09T18:00:00.000Z,False,True,False,True,,3676,Christy Mathewson-Memorial Stadium,2083,Bucknell,fcs,Patriot,20,"[0, 10, 7, 3]",,,,2329,Lehigh,fcs,Patriot,10,"[0, 3, 0, 7]",,,,,,,
401127100,2019,11,regular,2019-11-09T18:00:00.000Z,False,True,False,True,,3695,Delaware Stadium,48,Delaware,fcs,CAA,17,"[0, 17, 0, 0]",,,,399,UAlbany,fcs,CAA,21,"[7, 7, 0, 7]",,,,,,,
401127098,2019,11,regular,2019-11-09T18:00:00.000Z,False,True,False,True,,717,Villanova Stadium,222,Villanova,fcs,CAA,35,"[14, 7, 0, 14]",,,,257,Richmond,fcs,CAA,28,"[14, 14, 0, 0]",,,,,,,
401136603,2019,11,regular,2019-11-09T18:00:00.000Z,False,True,False,True,,3777,Joe Walton Stadium,2523,Robert Morris,fcs,NEC,41,"[7, 13, 7, 14]",,,,2184,Duquesne,fcs,NEC,21,"[0, 0, 7, 14]",,,,,,,
401128628,2019,11,regular,2019-11-09T18:00:00.000Z,False,True,False,True,,3617,Andy Kerr Stadium,2142,Colgate,fcs,Patriot,24,"[7, 7, 7, 3]",,,,2230,Fordham,fcs,Patriot,13,"[3, 7, 3, 0]",,,,,,,
401127103,2019,11,regular,2019-11-09T18:00:00.000Z,False,True,False,True,,3998,Zable Stadium,2729,William & Mary,fcs,CAA,55,"[21, 14, 7, 13]",,,,227,Rhode Island,fcs,CAA,19,"[0, 6, 6, 7]",,,,,,,
401128581,2019,11,regular,2019-11-09T18:00:00.000Z,False,True,False,True,,3988,Welcome Stadium,2168,Dayton,fcs,Pioneer,59,"[7, 21, 17, 14]",,,,2368,Marist,fcs,Pioneer,35,"[7, 7, 7, 14]",,,,,,,
401127227,2019,11,regular,2019-11-09T18:00:00.000Z,False,True,False,True,,3762,Hughes Stadium,2415,Morgan State,fcs,MEAC,22,"[0, 16, 0, 6]",,,,2448,North Carolina A&T,fcs,MEAC,16,"[3, 7, 3, 3]",,,,,,,
401128517,2019,11,regular,2019-11-09T18:00:00.000Z,False,True,False,True,,3868,Paladin Stadium,231,Furman,fcs,Southern,60,"[15, 17, 14, 14]",,,,2678,VMI,fcs,Southern,21,"[7, 14, 0, 0]",,,,,,,
401128678,2019,11,regular,2019-11-09T18:00:00.000Z,False,True,False,True,,3802,Lawrence A. Wien Stadium,171,Columbia,fcs,Ivy,17,"[0, 7, 0, 3, 7]",,,,108,Harvard,fcs,Ivy,10,"[7, 0, 0, 3, 0]",,,,,,,
401127011,2019,11,regular,2019-11-09T18:00:00.000Z,False,True,False,True,,3627,Bailey Memorial Stadium,2506,Presbyterian,fcs,Big South,24,"[3, 7, 7, 7]",,,,2241,Gardner-Webb,fcs,Big South,14,"[0, 14, 0, 0]",,,,,,,
401126993,2019,11,regular,2019-11-09T18:00:00.000Z,False,True,False,True,,3629,Barker-Lane Stadium,2097,Campbell,fcs,Big South,35,"[7, 14, 0, 14]",,,,338,Kennesaw State,fcs,Big South,38,"[0, 17, 14, 7]",,,,,,,
401128952,2019,11,regular,2019-11-09T18:30:00.000Z,False,True,False,True,,3730,Franklin Field,219,Pennsylvania,fcs,Ivy,21,"[0, 7, 7, 7]",,,,172,Cornell,fcs,Ivy,20,"[0, 7, 7, 6]",,,,,,,
401127249,2019,11,regular,2019-11-09T18:30:00.000Z,False,True,False,True,,3864,Oliver C. Dawson Stadium,2569,South Carolina State,fcs,MEAC,62,"[20, 14, 21, 7]",,,,47,Howard,fcs,MEAC,21,"[0, 7, 7, 7]",,,,,,,
401128587,2019,11,regular,2019-11-09T19:00:00.000Z,False,True,False,True,,3701,Drake Stadium,2181,Drake,fcs,Pioneer,28,"[7, 7, 7, 7]",,,,294,Jacksonville,fcs,Pioneer,14,"[7, 0, 7, 0]",,,,,,,
401126952,2019,11,regular,2019-11-09T19:00:00.000Z,False,True,False,True,,3856,Nottingham Field,2458,Northern Colorado,fcs,Big Sky,14,"[7, 0, 0, 7]",,,,147,Montana State,fcs,Big Sky,45,"[7, 17, 14, 7]",,,,,,,
401128441,2019,11,regular,2019-11-09T19:00:00.000Z,False,True,False,True,,3809,Louis Crews Stadium,2010,Alabama A&M,fcs,SWAC,48,"[3, 10, 7, 28]",,,,2296,Jackson State,fcs,SWAC,43,"[7, 7, 16, 13]",,,,,,,
401127101,2019,11,regular,2019-11-09T19:00:00.000Z,False,True,False,True,,3894,Rhodes Stadium,2210,Elon,fcs,CAA,17,"[0, 3, 7, 7]",,,,311,Maine,fcs,CAA,31,"[28, 0, 0, 3]",,,,,,,
401114307,2019,11,regular,2019-11-09T19:00:00.000Z,False,True,False,True,16297,3918,S.B. Ballard Stadium,295,Old Dominion,fbs,Conference USA,23,"[10, 10, 3, 0]",0.3907220959663391,1094,1091,2636,UTSA,fbs,Conference USA,24,"[10, 0, 0, 14]",0.6092779040336609,1053,1056,5.35543538555563,https://www.youtube.com/watch?v=gKB0ujpOaQ4,,
401127099,2019,11,regular,2019-11-09T19:00:00.000Z,False,True,False,True,,3788,Kenneth P. LaValle Stadium,2619,Stony Brook,fcs,CAA,14,"[0, 7, 7, 0]",,,,119,Towson,fcs,CAA,31,"[3, 14, 7, 7]",,,,,,,
401128359,2019,11,regular,2019-11-09T19:00:00.000Z,False,True,False,True,,3758,Houck Stadium,2546,Southeast Missouri State,fcs,OVC,38,"[7, 7, 7, 17]",,,,2198,Eastern Kentucky,fcs,OVC,31,"[7, 17, 7, 0]",,,,,,,
401127212,2019,11,regular,2019-11-09T19:00:00.000Z,False,True,False,True,,3613,Alumni Stadium,2169,Delaware State,fcs,MEAC,16,"[9, 7, 0, 0]",,,,2065,Bethune-Cookman,fcs,MEAC,13,"[0, 6, 0, 7]",,,,,,,
401128600,2019,11,regular,2019-11-09T19:00:00.000Z,False,True,False,True,,3655,Brown Field,2674,Valparaiso,fcs,Pioneer,21,"[0, 0, 14, 7]",,,,2413,Morehead State,fcs,Pioneer,27,"[14, 0, 0, 13]",,,,,,,
401127232,2019,11,regular,2019-11-09T19:00:00.000Z,False,True,False,True,,3862,O'Kelly-Riddick Stadium,2428,North Carolina Central,fcs,MEAC,21,"[7, 0, 7, 7]",,,,2450,Norfolk State,fcs,MEAC,38,"[10, 7, 14, 7]",,,,,,,
401128369,2019,11,regular,2019-11-09T19:30:00.000Z,False,True,False,True,,3962,Tucker Stadium,2635,Tennessee Tech,fcs,OVC,37,"[10, 14, 7, 6]",,,,55,Jacksonville State,fcs,OVC,27,"[7, 0, 7, 13]",,1493,,,,,
401128450,2019,11,regular,2019-11-09T20:00:00.000Z,False,True,False,True,,3631,BBVA Compass Stadium,2640,Texas Southern,fcs,SWAC,21,"[0, 7, 7, 7]",,,,2011,Alabama State,fcs,SWAC,27,"[14, 13, 0, 0]",,,,,,,
401128458,2019,11,regular,2019-11-09T20:00:00.000Z,False,True,False,True,,3902,Eddie Robinson Stadium,2755,Grambling,fcs,SWAC,19,"[0, 10, 0, 6, 3]",,,,2016,Alcorn State,fcs,SWAC,16,"[0, 10, 6, 0, 0]",,,,,,,
401128523,2019,11,regular,2019-11-09T20:00:00.000Z,False,True,False,True,,4417,Five Star Stadium at the Moye Complex,2382,Mercer,fcs,Southern,7,"[0, 7, 0, 0]",,,,2747,Wofford,fcs,Southern,41,"[3, 17, 14, 7]",,,,,,,
401121967,2019,11,regular,2019-11-09T20:00:00.000Z,False,True,False,True,15473,3644,Bobcat Stadium (TX),326,Texas State,fbs,Sun Belt,30,"[3, 10, 14, 3]",0.524179220199585,1075,1076,6,South Alabama,fbs,Sun Belt,28,"[7, 7, 7, 7]",0.47582077980041504,1064,1063,8.102361118044842,,,
401114190,2019,11,regular,2019-11-09T20:00:00.000Z,False,True,False,True,49224,3726,Folsom Field,38,Colorado,fbs,Pac-12,16,"[7, 3, 0, 6]",0.48093223571777344,1337,1340,24,Stanford,fbs,Pac-12,13,"[3, 3, 0, 7]",0.5190677642822266,1518,1515,4.5434366578283365,https://www.youtube.com/watch?v=OkpF5Yrp9K8,,
401127291,2019,11,regular,2019-11-09T20:00:00.000Z,False,True,False,True,,1905,DakotaDome,233,South Dakota,fcs,MVFC,56,"[21, 14, 14, 7]",,,,2754,Youngstown State,fcs,MVFC,21,"[7, 7, 0, 7]",,,,,,,
401128466,2019,11,regular,2019-11-09T20:00:00.000Z,False,True,False,True,,5238,Panther Stadium,2504,Prairie View A&M,fcs,SWAC,37,"[0, 16, 7, 14]",,,,2029,Arkansas-Pine Bluff,fcs,SWAC,20,"[0, 0, 7, 13]",,,,,,,
401128496,2019,11,regular,2019-11-09T20:00:00.000Z,False,True,False,True,,3925,Seibert Stadium,2535,Samford,fcs,Southern,27,"[7, 0, 13, 7]",,,,236,Chattanooga,fcs,Southern,35,"[7, 21, 7, 0]",,,,,,,
401127266,2019,11,regular,2019-11-09T20:00:00.000Z,False,True,False,True,,5237,Dana J. Dykhouse Stadium,2571,South Dakota State,fcs,MVFC,18,"[3, 8, 7, 0]",,,,2287,Illinois State,fcs,MVFC,27,"[7, 3, 3, 14]",,,,,,,
401127256,2019,11,regular,2019-11-09T20:00:00.000Z,False,True,False,True,,3913,Saluki Stadium,79,Southern Illinois,fcs,MVFC,37,"[13, 17, 0, 7]",,,,2623,Missouri State,fcs,MVFC,14,"[0, 0, 7, 7]",,,,,,,
401128385,2019,11,regular,2019-11-09T20:00:00.000Z,False,True,False,True,,4029,Hale Stadium,2634,Tennessee State,fcs,OVC,38,"[14, 21, 3, 0]",,,,2197,Eastern Illinois,fcs,OVC,49,"[14, 7, 14, 14]",,,,,,,
401114304,2019,11,regular,2019-11-09T20:00:00.000Z,False,True,False,True,15683,3946,Sun Bowl,2638,UTEP,fbs,Conference USA,21,"[14, 7, 0, 0]",0.4209524989128113,1017,1025,2429,Charlotte,fbs,Conference USA,28,"[0, 7, 14, 7]",0.5790475010871887,1299,1291,4.330635667201626,https://www.youtube.com/watch?v=NH1MfP6p-O0,,
401126926,2019,11,regular,2019-11-09T20:10:00.000Z,False,True,False,True,,3987,Washington-Grizzly Stadium,149,Montana,fcs,Big Sky,42,"[0, 14, 14, 14]",,,,70,Idaho,fcs,Big Sky,17,"[3, 7, 0, 7]",,,,,,,
401128672,2019,11,regular,2019-11-09T20:30:00.000Z,False,True,False,True,,4102,Yankee Stadium,159,Dartmouth,fcs,Ivy,27,"[7, 10, 3, 7]",,,,163,Princeton,fcs,Ivy,10,"[0, 7, 3, 0]",,,,,,,
401112154,2019,11,regular,2019-11-09T20:30:00.000Z,False,True,False,True,63370,3936,Spartan Stadium,127,Michigan State,fbs,Big Ten,34,"[14, 14, 3, 3]",0.24801263213157654,1628,1613,356,Illinois,fbs,Big Ten,37,"[3, 7, 0, 27]",0.7519873678684235,1463,1478,5.884116535278356,https://www.youtube.com/watch?v=oMzbh9mxdxQ,,
401114160,2019,11,regular,2019-11-09T20:30:00.000Z,False,True,False,True,54191,3947,Mountain America Stadium,9,Arizona State,fbs,Pac-12,26,"[7, 6, 7, 6]",0.22906345129013062,1569,1564,30,USC,fbs,Pac-12,31,"[28, 0, 3, 0]",0.7709365487098694,1624,1629,5.172156163040839,https://www.youtube.com/watch?v=Aw1l2vnLhbA,,
401114308,2019,11,regular,2019-11-09T20:30:00.000Z,False,True,False,True,23819,3815,M. M. Roberts Stadium,2572,Southern Miss,fbs,Conference USA,37,"[7, 13, 10, 7]",0.9967125654220581,1445,1550,5,UAB,fbs,Conference USA,2,"[0, 2, 0, 0]",0.0032874345779418945,1496,1391,2.2373272732412612,https://www.youtube.com/watch?v=VOyNTcgruvA,,
401117901,2019,11,regular,2019-11-09T20:30:00.000Z,False,True,False,True,38919,3854,Nippert Stadium,2132,Cincinnati,fbs,American Athletic,48,"[14, 24, 3, 7]",0.9911795854568481,1673,1713,41,UConn,fbs,American Athletic,3,"[0, 0, 0, 3]",0.008820414543151855,936,896,2.044735907774674,https://www.youtube.com/watch?v=xhk7jpD16X0,,
401112505,2019,11,regular,2019-11-09T20:30:00.000Z,False,True,False,True,53111,3948,Hard Rock Stadium,2390,Miami,fbs,ACC,52,"[21, 14, 17, 0]",1,1601,1635,97,Louisville,fbs,ACC,27,"[7, 7, 7, 6]",0,1337,1303,2.803713860796479,https://www.youtube.com/watch?v=pmivbUOgxzs,,
401128512,2019,11,regular,2019-11-09T20:30:00.000Z,False,True,False,True,,3704,E. J. Whitmire Stadium,2717,Western Carolina,fcs,Southern,23,"[3, 7, 0, 7, 6]",,,,2193,East Tennessee State,fcs,Southern,20,"[3, 0, 7, 7, 3]",,,,,,,
401127281,2019,11,regular,2019-11-09T20:30:00.000Z,False,True,False,True,,3714,Fargodome,2449,North Dakota State,fcs,MVFC,57,"[13, 14, 13, 17]",,,,2710,Western Illinois,fcs,MVFC,21,"[0, 0, 7, 14]",,,,,,,
401112506,2019,11,regular,2019-11-09T20:30:00.000Z,False,True,False,True,65632,3799,Lane Stadium,259,Virginia Tech,fbs,ACC,36,"[3, 3, 17, 13]",0.9904972910881042,1457,1522,154,Wake Forest,fbs,ACC,17,"[3, 7, 7, 0]",0.009502708911895752,1652,1587,5.637174097314593,https://www.youtube.com/watch?v=bijZvqGqNbY,,
401112111,2019,11,regular,2019-11-09T20:30:00.000Z,False,True,False,True,97833,3910,DKR-Texas Memorial Stadium,251,Texas,fbs,Big 12,27,"[0, 7, 10, 10]",0.9550297856330872,1744,1744,2306,Kansas State,fbs,Big 12,24,"[14, 0, 0, 10]",0.04497021436691284,1695,1695,5.2393560900879805,https://www.youtube.com/watch?v=3ud2IyCulNQ,,
401121965,2019,11,regular,2019-11-09T20:30:00.000Z,False,True,False,True,22108,3975,Veterans Memorial Stadium (AL),2653,Troy,fbs,Sun Belt,49,"[14, 13, 0, 22]",0.9766813516616821,1422,1472,290,Georgia Southern,fbs,Sun Belt,28,"[0, 14, 0, 14]",0.02331864833831787,1426,1376,3.3028867586980537,https://www.youtube.com/watch?v=ryKnRhL5e8Q,,
401127102,2019,11,regular,2019-11-09T20:30:00.000Z,False,True,False,True,,3651,Bridgeforth Stadium,256,James Madison,fcs,CAA,54,"[10, 20, 14, 10]",,1740,,160,New Hampshire,fcs,CAA,16,"[10, 0, 6, 0]",,,,,,,
401110842,2019,11,regular,2019-11-09T20:30:00.000Z,False,True,False,True,101821,3657,Bryant-Denny Stadium,333,Alabama,fbs,SEC,41,"[7, 6, 7, 21]",0.026660535484552383,2154,2135,99,LSU,fbs,SEC,46,"[10, 23, 0, 13]",0.9733394645154476,2008,2027,5.827216449413,https://www.youtube.com/watch?v=VTSdow92S6c,,
401126985,2019,11,regular,2019-11-09T21:00:00.000Z,False,True,False,False,,3942,Stewart Stadium,2692,Weber State,fcs,Big Sky,30,"[14, 6, 0, 10]",,,,155,North Dakota,fcs,FCS Independents,27,"[7, 10, 7, 3]",,,,,,,
401112198,2019,11,regular,2019-11-09T21:00:00.000Z,False,True,False,True,78018,347,Camp Randall Stadium,275,Wisconsin,fbs,Big Ten,24,"[0, 14, 7, 3]",0.9041945934295654,1983,1982,2294,Iowa,fbs,Big Ten,22,"[3, 3, 0, 16]",0.09580540657043457,1895,1896,4.387748172296435,https://www.youtube.com/watch?v=t9mdInLZqcQ,,
401114306,2019,11,regular,2019-11-09T21:00:00.000Z,False,True,False,True,22792,3776,Joe Aillet Stadium,2348,Louisiana Tech,fbs,Conference USA,52,"[7, 10, 14, 21]",0.9758371114730835,1537,1620,249,North Texas,fbs,Conference USA,17,"[3, 0, 0, 14]",0.024162888526916504,1425,1342,3.0059688346352185,https://www.youtube.com/watch?v=eW8cV04igGU,,
401126960,2019,11,regular,2019-11-09T21:00:00.000Z,False,True,False,True,,2023,Walkup Skydome,2464,Northern Arizona,fcs,Big Sky,34,"[0, 17, 0, 17]",,,,16,Sacramento State,fcs,Big Sky,38,"[14, 3, 7, 14]",,,,,,,
401110847,2019,11,regular,2019-11-09T21:00:00.000Z,False,True,False,False,45973,3974,Vaught-Hemingway Stadium,145,Ole Miss,fbs,SEC,41,"[10, 14, 7, 10]",0.9863040447235107,1556,1596,166,New Mexico State,fbs,FBS Independents,3,"[0, 3, 0, 0]",0.013695955276489258,1002,962,2.113212934052806,,,
401127436,2019,11,regular,2019-11-09T21:00:00.000Z,False,True,False,True,,3742,Governors Stadium,2046,Austin Peay,fcs,OVC,38,"[0, 17, 7, 14]",,,,2630,UT Martin,fcs,OVC,24,"[0, 3, 7, 14]",,,,,,,
401128699,2019,11,regular,2019-11-09T21:00:00.000Z,False,True,False,True,,3779,Manning Field at John L. Guidry Stadium,2447,Nicholls,fcs,Southland,48,"[13, 14, 14, 7]",,,,2277,Houston Christian,fcs,Southland,27,"[10, 10, 0, 7]",,,,,,,
401128686,2019,11,regular,2019-11-09T21:00:00.000Z,False,True,False,True,,3711,Estes Stadium,2110,Central Arkansas,fcs,Southland,0,"[0, 0, 0, 0]",,,,2545,SE Louisiana,fcs,Southland,34,"[7, 14, 6, 7]",,,,,,,
401128667,2019,11,regular,2019-11-09T21:00:00.000Z,False,True,False,True,,5440,Wildcat Stadium (TX),2000,Abilene Christian,fcs,Southland,10,"[10, 0, 0, 0]",,,,2534,Sam Houston,fcs,Southland,24,"[0, 14, 10, 0]",,1307,,,,,
401126919,2019,11,regular,2019-11-09T21:30:00.000Z,False,True,False,True,,1930,Holt Arena,304,Idaho State,fcs,Big Sky,5,"[2, 0, 3, 0]",,,,331,Eastern Washington,fcs,Big Sky,48,"[3, 17, 21, 7]",,,,,,,
401128708,2019,11,regular,2019-11-09T22:00:00.000Z,False,True,False,True,,3756,Homer Bryce Stadium,2617,Stephen F. Austin,fcs,Southland,31,"[14, 0, 7, 10]",,,,2916,Incarnate Word,fcs,Southland,24,"[0, 21, 0, 3]",,,,,,,
401127275,2019,11,regular,2019-11-09T22:00:00.000Z,False,True,False,True,,3967,UNI-Dome,2460,Northern Iowa,fcs,MVFC,17,"[7, 10, 0, 0]",,,,282,Indiana State,fcs,MVFC,9,"[3, 3, 3, 0]",,,,,,,
401128489,2019,11,regular,2019-11-09T22:00:00.000Z,False,True,False,False,,3599,Ace W. Mumford Stadium,2582,Southern,fcs,SWAC,58,"[21, 20, 10, 7]",,,,2355,Virginia Lynchburg,,,7,"[7, 0, 0, 0]",,,,,,,
401121966,2019,11,regular,2019-11-09T22:00:00.000Z,False,True,False,True,13213,3817,Malone Stadium,2433,UL Monroe,fbs,Sun Belt,45,"[14, 10, 7, 14]",0.9928433299064636,1183,1225,2247,Georgia State,fbs,Sun Belt,31,"[10, 14, 7, 0]",0.007156670093536377,1337,1295,6.59068522214336,https://www.youtube.com/watch?v=o6n3la2mjWs,,
401126969,2019,11,regular,2019-11-09T22:05:00.000Z,False,True,False,True,,4765,Hillsboro Stadium,2502,Portland State,fcs,Big Sky,28,"[0, 14, 7, 7]",,,,302,UC Davis,fcs,Big Sky,45,"[7, 10, 7, 21]",,,,,,,
401127004,2019,11,regular,2019-11-09T23:00:00.000Z,False,True,False,True,,3658,Buccaneer Field,2127,Charleston Southern,fcs,Big South,27,"[3, 7, 7, 3, 7]",,,,2261,Hampton,fcs,Big South,20,"[13, 0, 0, 7, 0]",,,,,,,
401114305,2019,11,regular,2019-11-09T23:00:00.000Z,False,True,False,True,17603,3715,FAU Stadium,2226,Florida Atlantic,fbs,Conference USA,37,"[7, 6, 15, 9]",0.9950864315032959,1559,1616,2229,Florida International,fbs,Conference USA,7,"[0, 7, 0, 0]",0.0049135684967041016,1370,1313,3.077993765441353,https://www.youtube.com/watch?v=7F0B7reFwBI,,
401117540,2019,11,regular,2019-11-10T00:00:00.000Z,False,True,False,True,32037,3660,Valley Children's Stadium,278,Fresno State,fbs,Mountain West,35,"[7, 7, 14, 7]",0.6391364336013794,1558,1551,328,Utah State,fbs,Mountain West,37,"[7, 14, 10, 6]",0.3608635663986206,1488,1495,7.018642422082334,https://www.youtube.com/watch?v=28p5YHObFc4,,
401114180,2019,11,regular,2019-11-10T00:00:00.000Z,False,True,False,True,39168,3831,California Memorial Stadium,25,California,fbs,Pac-12,33,"[6, 7, 7, 13]",0.9891153573989868,1455,1503,265,Washington State,fbs,Pac-12,20,"[5, 6, 3, 6]",0.010884642601013184,1709,1661,3.9734020387827216,https://www.youtube.com/watch?v=VqlBowLC4g4,,
401110845,2019,11,regular,2019-11-10T00:00:00.000Z,False,True,False,True,92746,3917,Sanford Stadium,61,Georgia,fbs,SEC,27,"[7, 9, 3, 8]",1,1969,2012,142,Missouri,fbs,SEC,0,"[0, 0, 0, 0]",0,1732,1689,2.5569775972459254,https://www.youtube.com/watch?v=mcx0-z194Zg,,
401110848,2019,11,regular,2019-11-10T00:00:00.000Z,False,True,False,False,80849,3994,Williams-Brice Stadium,2579,South Carolina,fbs,SEC,15,"[6, 0, 3, 6]",0.21169595420360565,1529,1535,2026,App State,fbs,Sun Belt,20,"[3, 10, 7, 0]",0.7883040457963943,1740,1734,6.062939371320318,https://www.youtube.com/watch?v=k1rNDCh-TR8,,
401114353,2019,11,regular,2019-11-10T00:30:00.000Z,False,True,False,False,54683,3801,LaVell Edwards Stadium,252,BYU,fbs,FBS Independents,31,"[7, 10, 7, 7]",0.9661120772361755,1559,1556,2335,Liberty,fbs,FBS Independents,24,"[7, 0, 10, 7]",0.03388792276382446,1332,1335,4.149187735846683,https://www.youtube.com/watch?v=Uun9ZKw4mAs,,
401110846,2019,11,regular,2019-11-10T00:30:00.000Z,False,True,False,True,56760,3683,Kroger Field,96,Kentucky,fbs,SEC,13,"[13, 0, 0, 0]",0.28932854533195496,1649,1634,2633,Tennessee,fbs,SEC,17,"[0, 3, 14, 0]",0.710671454668045,1527,1542,5.5448802293063535,https://www.youtube.com/watch?v=vSXrzlYBmzQ,,
401128713,2019,11,regular,2019-11-10T00:30:00.000Z,False,True,False,True,,3963,Harry Turpin Stadium,2466,Northwestern State,fcs,Southland,34,"[7, 7, 7, 13]",,,,2320,Lamar,fcs,Southland,13,"[3, 7, 3, 0]",,,,,,,
401112503,2019,11,regular,2019-11-10T00:30:00.000Z,False,True,False,True,57886,3670,Carter-Finley Stadium,152,NC State,fbs,ACC,10,"[0, 0, 7, 3]",0.002505631186068058,1407,1378,228,Clemson,fbs,ACC,55,"[28, 14, 7, 6]",0.9974943688139319,2246,2275,3.0797558220156276,https://www.youtube.com/watch?v=NnJASsH_6N4,,
401111654,2019,11,regular,2019-11-10T00:30:00.000Z,False,True,False,False,40004,3982,Wallace Wade Stadium,150,Duke,fbs,ACC,7,"[0, 7, 0, 0]",0,1540,1485,87,Notre Dame,fbs,FBS Independents,38,"[14, 7, 7, 10]",1,1799,1854,2.8333335126714907,https://www.youtube.com/watch?v=MErRQh4fvuQ,,
401112092,2019,11,regular,2019-11-10T01:00:00.000Z,False,True,False,True,83541,3835,"Memorial Stadium (Norman, OK)",201,Oklahoma,fbs,Big 12,42,"[14, 21, 7, 0]",0.3660324215888977,1990,1985,66,Iowa State,fbs,Big 12,41,"[7, 7, 7, 20]",0.6339675784111023,1816,1821,4.162112663034463,https://www.youtube.com/watch?v=SbA4UK2OiWo,,
401117541,2019,11,regular,2019-11-10T03:15:00.000Z,False,True,False,True,33018,3653,Albertsons Stadium,68,Boise State,fbs,Mountain West,20,"[7, 0, 3, 7, 3]",0.14606159925460815,1710,1709,2751,Wyoming,fbs,Mountain West,17,"[0, 10, 7, 0, 0]",0.8539384007453918,1580,1581,6.218686778469836,https://www.youtube.com/watch?v=pS8phXN93G4,,
401117542,2019,11,regular,2019-11-10T03:30:00.000Z,False,True,False,True,27973,3932,Qualcomm Stadium,21,San Diego State,fbs,Mountain West,13,"[0, 3, 7, 3]",0.22498223185539246,1502,1466,2440,Nevada,fbs,Mountain West,17,"[3, 0, 7, 7]",0.7750177681446075,1099,1135,6.350096677268769,https://www.youtube.com/watch?v=gAjrTTMs9Ks,,
401117543,2019,11,regular,2019-11-10T04:00:00.000Z,False,True,False,True,19858,3610,Aloha Stadium,62,Hawai'i,fbs,Mountain West,42,"[7, 14, 7, 14]",0.8174763321876526,1362,1361,23,San José State,fbs,Mountain West,40,"[3, 20, 3, 14]",0.1825236678123474,1272,1273,7.503642523817745,https://www.youtube.com/watch?v=uzXWA4G1V5E,,
401119299,2019,12,regular,2019-11-12T23:00:00.000Z,False,True,False,True,10811,3768,InfoCision Stadium,2006,Akron,fbs,Mid-American,14,"[0, 0, 7, 7]",0.045054513961076736,823,797,2199,Eastern Michigan,fbs,Mid-American,42,"[7, 14, 14, 7]",0.9549454860389233,1264,1290,3.0109511417953083,https://www.youtube.com/watch?v=rsBAJEhGzjA,,
401119300,2019,12,regular,2019-11-12T23:30:00.000Z,False,True,False,True,11700,3876,Peden Stadium,195,Ohio,fbs,Mid-American,34,"[0, 0, 14, 17, 3]",0.26375511288642883,1549,1540,2711,Western Michigan,fbs,Mid-American,37,"[3, 7, 7, 14, 6]",0.7362448871135712,1472,1481,9.174316878668584,https://www.youtube.com/watch?v=lXwz0WcpZyk,,
401119302,2019,12,regular,2019-11-14T01:00:00.000Z,False,True,False,True,15610,3739,Glass Bowl,2649,Toledo,fbs,Mid-American,28,"[7, 0, 0, 21]",0.5559999346733093,1293,1289,2459,Northern Illinois,fbs,Mid-American,31,"[7, 7, 14, 3]",0.4440000653266907,1293,1297,7.035000655011273,https://www.youtube.com/watch?v=8jj1d0J20H4,,
401119301,2019,12,regular,2019-11-14T01:00:00.000Z,False,True,False,True,19897,3996,Yager Stadium,193,Miami (OH),fbs,Mid-American,44,"[10, 27, 7, 0]",1,1295,1374,189,Bowling Green,fbs,Mid-American,3,"[3, 0, 0, 0]",0,991,912,2.554266272994616,https://www.youtube.com/watch?v=ky8YxwjsJiQ,,
401119303,2019,12,regular,2019-11-15T00:00:00.000Z,False,True,False,True,8450,3696,Dix Stadium,2309,Kent State,fbs,Mid-American,30,"[0, 6, 0, 24]",0.5182027220726013,1225,1230,2084,Buffalo,fbs,Mid-American,27,"[7, 10, 7, 3]",0.4817972779273987,1511,1506,4.355013440196959,https://www.youtube.com/watch?v=gw5AT-zrblQ,,
401112507,2019,12,regular,2019-11-15T01:00:00.000Z,False,True,False,True,39290,3752,Acrisure Stadium,221,Pittsburgh,fbs,ACC,34,"[3, 14, 7, 3, 7]",0.9301425218582153,1589,1594,153,North Carolina,fbs,ACC,27,"[7, 3, 0, 17, 0]",0.06985747814178467,1505,1500,6.959144694475163,https://www.youtube.com/watch?v=RmhpPW1Z_7U,,
401136615,2019,12,regular,2019-11-16T00:00:00.000Z,False,True,False,False,,717,Villanova Stadium,222,Villanova,fcs,CAA,35,"[14, 14, 7, 0]",,,,2341,Long Island University,fcs,NEC,7,"[0, 7, 0, 0]",,,,,,,
401114309,2019,12,regular,2019-11-16T00:00:00.000Z,False,True,False,True,19893,3775,Joan C. Edwards Stadium,276,Marshall,fbs,Conference USA,31,"[0, 17, 7, 7]",0.9915748238563538,1418,1491,2348,Louisiana Tech,fbs,Conference USA,10,"[7, 0, 3, 0]",0.00842517614364624,1620,1547,4.26030022515585,https://www.youtube.com/watch?v=H1lE6yEM3vE,,
401117547,2019,12,regular,2019-11-16T02:30:00.000Z,False,True,False,True,26876,3932,Qualcomm Stadium,21,San Diego State,fbs,Mountain West,17,"[7, 3, 0, 7]",0.7984199523925781,1466,1489,278,Fresno State,fbs,Mountain West,7,"[7, 0, 0, 0]",0.20158004760742188,1551,1528,4.128033465144953,https://www.youtube.com/watch?v=3Lg12Tk43oU,,
401112219,2019,12,regular,2019-11-16T17:00:00.000Z,False,True,False,True,111496,3558,Michigan Stadium,130,Michigan,fbs,Big Ten,44,"[0, 17, 10, 17]",0.9648515582084656,1948,2001,127,Michigan State,fbs,Big Ten,10,"[7, 0, 3, 0]",0.035148441791534424,1613,1560,3.1656831689511047,https://www.youtube.com/watch?v=UaJ2W8mkqkM,,
401110851,2019,12,regular,2019-11-16T17:00:00.000Z,False,True,False,True,57607,3693,Davis Wade Stadium,344,Mississippi State,fbs,SEC,7,"[7, 0, 0, 0]",0.005778773687779903,1651,1622,333,Alabama,fbs,SEC,38,"[21, 14, 3, 0]",0.9942212263122201,2135,2164,2.8637485049064355,https://www.youtube.com/watch?v=NwfuaNp1sQY,,
401114333,2019,12,regular,2019-11-16T17:00:00.000Z,False,True,False,False,25747,3841,Michie Stadium,349,Army,fbs,FBS Independents,47,"[7, 7, 19, 14]",1,,,2678,VMI,fcs,Southern,6,"[3, 3, 0, 0]",0,,,2.6030029655168185,https://www.youtube.com/watch?v=eipwLrIJXF4,,
401128679,2019,12,regular,2019-11-16T17:00:00.000Z,False,True,False,True,,3750,Harvard Stadium,108,Harvard,fcs,Ivy,20,"[7, 6, 7, 0]",,,,219,Pennsylvania,fcs,Ivy,24,"[7, 3, 7, 7]",,,,,,,
401128588,2019,12,regular,2019-11-16T17:00:00.000Z,False,True,False,True,,36,Leonidoff Field,2368,Marist,fcs,Pioneer,45,"[7, 7, 7, 17, 7, 0]",,,,294,Jacksonville,fcs,Pioneer,52,"[14, 3, 7, 14, 7, 7]",,,,,,,
401127105,2019,12,regular,2019-11-16T17:00:00.000Z,False,True,False,True,,3607,Alfond Stadium,311,Maine,fcs,CAA,34,"[0, 3, 10, 21]",,,,227,Rhode Island,fcs,CAA,30,"[7, 3, 14, 6]",,,,,,,
401110852,2019,12,regular,2019-11-16T17:00:00.000Z,False,True,False,True,57280,3838,Memorial Stadium,142,Missouri,fbs,SEC,6,"[0, 3, 3, 0]",0.049141354858875275,1689,1668,57,Florida,fbs,SEC,23,"[3, 3, 14, 3]",0.9508586451411247,1889,1910,4.075742222062528,https://www.youtube.com/watch?v=QcsOGLx8az4,,
401112510,2019,12,regular,2019-11-16T17:00:00.000Z,False,True,False,False,52857,3697,Doak Campbell Stadium,52,Florida State,fbs,ACC,49,"[14, 7, 14, 14]",0.8976742625236511,,,2011,Alabama State,fcs,SWAC,12,"[3, 3, 6, 0]",0.10232573747634888,,,2.9495349475552564,https://www.youtube.com/watch?v=NPeH5H_Jb1Y,,
401112250,2019,12,regular,2019-11-16T17:00:00.000Z,False,True,False,False,29447,3911,Ryan Field,77,Northwestern,fbs,Big Ten,45,"[0, 21, 3, 21]",0.9410183429718018,1415,1441,113,Massachusetts,fbs,FBS Independents,6,"[3, 3, 0, 0]",0.05898165702819824,701,675,3.3290038967993,https://www.youtube.com/watch?v=EFN3auVpqmM,,
401112244,2019,12,regular,2019-11-16T17:00:00.000Z,False,True,False,True,88842,3834,"Memorial Stadium (Lincoln, NE)",158,Nebraska,fbs,Big Ten,21,"[7, 7, 7, 0]",0.06262475997209549,1457,1468,275,Wisconsin,fbs,Big Ten,37,"[7, 20, 7, 3]",0.9373752400279045,1982,1971,5.016002392784813,https://www.youtube.com/watch?v=8Pd2EzfbEig,,
401136613,2019,12,regular,2019-11-16T17:00:00.000Z,False,True,False,True,,3694,DeGol Field,2598,Saint Francis,fcs,NEC,42,"[14, 7, 7, 14]",,,,2681,Wagner,fcs,NEC,8,"[0, 0, 8, 0]",,,,,,,
401128572,2019,12,regular,2019-11-16T17:00:00.000Z,False,True,False,True,,4416,Spec Martin Municipal Stadium,56,Stetson,fcs,Pioneer,14,"[7, 7, 0, 0]",,,,2166,Davidson,fcs,Pioneer,42,"[7, 7, 14, 14]",,,,,,,
401128562,2019,12,regular,2019-11-16T17:00:00.000Z,False,True,False,True,,3664,Butler Bowl,2086,Butler,fcs,Pioneer,24,"[0, 7, 7, 10]",,,,2674,Valparaiso,fcs,Pioneer,21,"[0, 14, 0, 7]",,,,,,,
401112133,2019,12,regular,2019-11-16T17:00:00.000Z,False,True,False,True,50459,3784,Jones AT&T Stadium,2641,Texas Tech,fbs,Big 12,31,"[0, 16, 12, 3]",0.134515643119812,1585,1585,2628,TCU,fbs,Big 12,33,"[17, 10, 0, 6]",0.865484356880188,1631,1631,6.789958527025032,https://www.youtube.com/watch?v=gMaD7-nAl5Y,,
401136597,2019,12,regular,2019-11-16T17:00:00.000Z,False,True,False,True,,3624,Arute Field,2115,Central Connecticut,fcs,NEC,49,"[0, 14, 21, 14]",,,,2523,Robert Morris,fcs,NEC,28,"[0, 14, 0, 14]",,,,,,,
401128651,2019,12,regular,2019-11-16T17:00:00.000Z,False,True,False,False,,3668,Campus Field,2529,Sacred Heart,fcs,NEC,13,"[0, 0, 0, 13]",,,,2329,Lehigh,fcs,Patriot,6,"[0, 3, 3, 0]",,,,,,,
401117905,2019,12,regular,2019-11-16T17:00:00.000Z,False,True,False,True,27850,3806,Lincoln Financial Field,218,Temple,fbs,American Athletic,29,"[3, 10, 9, 7]",0.8948652148246765,1425,1444,2655,Tulane,fbs,American Athletic,21,"[0, 7, 0, 14]",0.10513478517532349,1539,1520,5.112262731039421,https://www.youtube.com/watch?v=AD0OOpkQXAI,,
401112166,2019,12,regular,2019-11-16T17:00:00.000Z,False,True,False,True,106323,3632,Beaver Stadium,213,Penn State,fbs,Big Ten,34,"[17, 3, 7, 7]",0.942656397819519,2005,1995,84,Indiana,fbs,Big Ten,27,"[14, 0, 3, 10]",0.05734360218048096,1631,1641,5.079929488080555,https://www.youtube.com/watch?v=RAzv73gx_C8,,
401112105,2019,12,regular,2019-11-16T17:00:00.000Z,False,True,False,True,55388,3646,Boone Pickens Stadium,197,Oklahoma State,fbs,Big 12,31,"[14, 10, 7, 0]",0.992087185382843,1647,1659,2305,Kansas,fbs,Big 12,13,"[0, 0, 0, 13]",0.007912814617156982,1337,1325,2.266046038712754,https://www.youtube.com/watch?v=hFiEi7oDt4k,,
401128629,2019,12,regular,2019-11-16T17:30:00.000Z,False,True,False,True,,3721,Fisher Field,322,Lafayette,fcs,Patriot,0,"[0, 0, 0, 0]",,,,2142,Colgate,fcs,Patriot,16,"[6, 0, 7, 3]",,,,,,,
401127257,2019,12,regular,2019-11-16T18:00:00.000Z,False,True,False,True,,3744,Hancock Stadium,2287,Illinois State,fcs,MVFC,17,"[7, 7, 0, 3]",,,,2623,Missouri State,fcs,MVFC,12,"[6, 3, 0, 3]",,,,,,,
401127276,2019,12,regular,2019-11-16T18:00:00.000Z,False,True,False,True,,3829,Memorial Stadium,282,Indiana State,fcs,MVFC,24,"[3, 14, 7, 0]",,,,2754,Youngstown State,fcs,MVFC,17,"[0, 10, 0, 7]",,,,,,,
401128513,2019,12,regular,2019-11-16T18:00:00.000Z,False,True,False,True,,5400,William B. Greene Jr. Stadium,2193,East Tennessee State,fcs,Southern,38,"[10, 21, 0, 7]",,,,2382,Mercer,fcs,Southern,33,"[7, 7, 6, 13]",,,,,,,
401127038,2019,12,regular,2019-11-16T18:00:00.000Z,False,True,False,True,,3620,Armstrong Stadium,2261,Hampton,fcs,Big South,7,"[0, 0, 7, 0]",,,,338,Kennesaw State,fcs,Big South,50,"[21, 10, 12, 7]",,,,,,,
401127437,2019,12,regular,2019-11-16T18:00:00.000Z,False,True,False,True,,3909,Roy Stewart Stadium,93,Murray State,fcs,OVC,7,"[0, 0, 7, 0]",,,,2046,Austin Peay,fcs,OVC,42,"[7, 7, 7, 21]",,,,,,,
401128620,2019,12,regular,2019-11-16T18:00:00.000Z,False,True,False,True,,3676,Christy Mathewson-Memorial Stadium,2083,Bucknell,fcs,Patriot,20,"[6, 0, 0, 14]",,,,46,Georgetown,fcs,Patriot,17,"[7, 3, 7, 0]",,,,,,,
401114312,2019,12,regular,2019-11-16T18:00:00.000Z,False,True,False,True,19875,3803,Legion Field,5,UAB,fbs,Conference USA,37,"[17, 6, 7, 7]",0.9904881119728088,1391,1420,2638,UTEP,fbs,Conference USA,10,"[0, 7, 0, 3]",0.009511888027191162,1025,996,2.3243584876755516,https://www.youtube.com/watch?v=FG0SJmyX_Os,,
401133684,2019,12,regular,2019-11-16T18:00:00.000Z,False,True,False,False,,6048,Duane Stadium,2771,Merrimack,fcs,NEC,57,"[21, 20, 10, 6]",,,,112334,Franklin Pierce,ii,Northeast 10,0,"[0, 0, 0, 0]",,,,,,,
401128642,2019,12,regular,2019-11-16T18:00:00.000Z,False,True,False,True,,3681,Coffey Field,2230,Fordham,fcs,Patriot,27,"[0, 14, 0, 13]",,,,107,Holy Cross,fcs,Patriot,49,"[0, 0, 14, 35]",,,,,,,
401128727,2019,12,regular,2019-11-16T18:00:00.000Z,False,True,False,True,,3647,Elliott T. Bowers Stadium,2534,Sam Houston,fcs,Southland,28,"[21, 0, 7, 0]",,,,2466,Northwestern State,fcs,Southland,31,"[7, 17, 7, 0]",,,,,,,
401127106,2019,12,regular,2019-11-16T18:00:00.000Z,False,True,False,True,,3998,Zable Stadium,2729,William & Mary,fcs,CAA,10,"[3, 0, 0, 7]",,,,119,Towson,fcs,CAA,31,"[14, 10, 7, 0]",,,,,,,
401126994,2019,12,regular,2019-11-16T18:00:00.000Z,False,True,False,True,,3629,Barker-Lane Stadium,2097,Campbell,fcs,Big South,10,"[7, 3, 0, 0]",,,,2405,Monmouth,fcs,Big South,47,"[0, 17, 16, 14]",,,,,,,
401127005,2019,12,regular,2019-11-16T18:00:00.000Z,False,True,False,True,,3627,Bailey Memorial Stadium,2506,Presbyterian,fcs,Big South,7,"[0, 0, 0, 7]",,,,2127,Charleston Southern,fcs,Big South,27,"[14, 7, 3, 3]",,,,,,,
401128673,2019,12,regular,2019-11-16T18:00:00.000Z,False,True,False,True,,3881,Princeton University Stadium,163,Princeton,fcs,Ivy,14,"[0, 7, 7, 0]",,,,43,Yale,fcs,Ivy,51,"[3, 27, 7, 14]",,,,,,,
401127107,2019,12,regular,2019-11-16T18:00:00.000Z,False,True,False,True,,4419,Bob Ford Field,399,UAlbany,fcs,CAA,24,"[7, 10, 0, 7]",,,,160,New Hampshire,fcs,CAA,17,"[7, 7, 0, 3]",,,,,,,
401152635,2019,12,regular,2019-11-16T18:00:00.000Z,False,True,False,False,,3762,Hughes Stadium,2415,Morgan State,fcs,MEAC,59,"[14, 22, 10, 13]",,,,2355,Virginia Lynchburg,,,26,"[12, 0, 0, 14]",,,,,,,
401127425,2019,12,regular,2019-11-16T18:00:00.000Z,False,True,False,True,,3661,Bulldog Stadium,2803,Bryant,fcs,NEC,20,"[3, 9, 8, 0]",,,,2184,Duquesne,fcs,NEC,16,"[3, 0, 3, 10]",,,,,,,
401128657,2019,12,regular,2019-11-16T18:00:00.000Z,False,True,False,True,,3802,Lawrence A. Wien Stadium,171,Columbia,fcs,Ivy,24,"[0, 17, 7, 0]",,,,225,Brown,fcs,Ivy,48,"[21, 7, 20, 0]",,,,,,,
401127213,2019,12,regular,2019-11-16T18:00:00.000Z,False,True,False,True,,3603,Aggie Stadium,2448,North Carolina A&T,fcs,MEAC,47,"[20, 0, 6, 21]",,,,2065,Bethune-Cookman,fcs,MEAC,17,"[0, 10, 0, 7]",,,,,,,
401127108,2019,12,regular,2019-11-16T18:00:00.000Z,False,True,False,True,,3695,Delaware Stadium,48,Delaware,fcs,CAA,17,"[7, 3, 0, 7]",,,,2619,Stony Brook,fcs,CAA,10,"[0, 10, 0, 0]",,,,,,,
401128360,2019,12,regular,2019-11-16T18:00:00.000Z,False,True,False,True,,3908,Roy Kidd Stadium,2198,Eastern Kentucky,fcs,OVC,22,"[7, 9, 0, 6]",,,,2635,Tennessee Tech,fcs,OVC,10,"[7, 0, 3, 0]",,,,,,,
401128381,2019,12,regular,2019-11-16T18:00:00.000Z,False,True,False,True,,3858,O'Brien Stadium,2197,Eastern Illinois,fcs,OVC,12,"[7, 0, 3, 2]",,,,2546,Southeast Missouri State,fcs,OVC,26,"[0, 6, 7, 13]",,,,,,,
401127012,2019,12,regular,2019-11-16T18:30:00.000Z,False,True,False,True,,3710,Ernest W. Spangler Stadium,2241,Gardner-Webb,fcs,Big South,30,"[7, 13, 3, 7]",,,,2453,North Alabama,fcs,Big South,34,"[0, 14, 7, 13]",,,,,,,
401128692,2019,12,regular,2019-11-16T18:30:00.000Z,False,True,False,True,,3826,Memorial Field,159,Dartmouth,fcs,Ivy,17,"[7, 7, 0, 3]",,,,172,Cornell,fcs,Ivy,20,"[3, 3, 6, 8]",,,,,,,
401128518,2019,12,regular,2019-11-16T18:30:00.000Z,False,True,False,True,,3737,Gibbs Stadium,2747,Wofford,fcs,Southern,24,"[7, 7, 7, 3]",,,,231,Furman,fcs,Southern,7,"[7, 0, 0, 0]",,,,,,,
401128668,2019,12,regular,2019-11-16T19:00:00.000Z,False,True,False,True,,5440,Wildcat Stadium (TX),2000,Abilene Christian,fcs,Southland,14,"[0, 7, 0, 7]",,,,2545,SE Louisiana,fcs,Southland,35,"[14, 21, 0, 0]",,,,,,,
401127244,2019,12,regular,2019-11-16T19:00:00.000Z,False,True,False,True,,3862,O'Kelly-Riddick Stadium,2428,North Carolina Central,fcs,MEAC,0,"[0, 0, 0, 0]",,,,2569,South Carolina State,fcs,MEAC,24,"[7, 7, 10, 0]",,,,,,,
401128497,2019,12,regular,2019-11-16T19:00:00.000Z,False,True,False,True,,3720,Finley Stadium,236,Chattanooga,fcs,Southern,34,"[12, 0, 0, 22]",,,,2643,The Citadel,fcs,Southern,33,"[2, 7, 17, 7]",,,,,,,
401128526,2019,12,regular,2019-11-16T19:00:00.000Z,False,True,False,True,,3704,E. J. Whitmire Stadium,2717,Western Carolina,fcs,Southern,13,"[10, 3, 0, 0]",,,,2535,Samford,fcs,Southern,31,"[7, 10, 7, 7]",,,,,,,
401126965,2019,12,regular,2019-11-16T19:00:00.000Z,False,True,False,False,,3605,Alerus Center,155,North Dakota,fcs,FCS Independents,45,"[14, 17, 14, 0]",,,,2458,Northern Colorado,fcs,Big Sky,38,"[7, 14, 10, 7]",,,,,,,
401128582,2019,12,regular,2019-11-16T19:00:00.000Z,False,True,False,True,,3701,Drake Stadium,2181,Drake,fcs,Pioneer,29,"[14, 8, 0, 7]",,,,2168,Dayton,fcs,Pioneer,46,"[7, 18, 7, 14]",,,,,,,
401127300,2019,12,regular,2019-11-16T19:00:00.000Z,False,True,False,True,,3746,Hanson Field,2710,Western Illinois,fcs,MVFC,21,"[0, 7, 0, 14]",,,,79,Southern Illinois,fcs,MVFC,45,"[7, 3, 21, 14]",,,,,,,
401128472,2019,12,regular,2019-11-16T19:00:00.000Z,False,True,False,True,,3896,Rice-Totten Field,2400,Mississippi Valley State,fcs,SWAC,0,"[0, 0, 0, 0]",,,,2755,Grambling,fcs,SWAC,40,"[14, 3, 10, 13]",,,,,,,
401127233,2019,12,regular,2019-11-16T19:00:00.000Z,False,True,False,True,,3613,Alumni Stadium,2169,Delaware State,fcs,MEAC,17,"[10, 0, 7, 0]",,,,2450,Norfolk State,fcs,MEAC,33,"[0, 16, 7, 10]",,,,,,,
401114338,2019,12,regular,2019-11-16T19:30:00.000Z,False,True,False,False,74080,3855,Notre Dame Stadium,87,Notre Dame,fbs,FBS Independents,52,"[14, 24, 7, 7]",0.9972503781318665,1854,1917,2426,Navy,fbs,American Athletic,20,"[0, 3, 7, 10]",0.002749621868133545,1658,1595,2.3215604967387367,https://www.youtube.com/watch?v=hDUSuGfdImg,,
401121969,2019,12,regular,2019-11-16T20:00:00.000Z,False,True,False,True,18927,3625,Centennial Bank Stadium,2032,Arkansas State,fbs,Sun Belt,28,"[7, 0, 14, 7]",0.7004687786102295,1392,1388,324,Coastal Carolina,fbs,Sun Belt,27,"[3, 10, 0, 14]",0.2995312213897705,1222,1226,7.842374878366305,https://www.youtube.com/watch?v=NrZX0K8j-wM,,
401127286,2019,12,regular,2019-11-16T20:00:00.000Z,False,True,False,True,,5237,Dana J. Dykhouse Stadium,2571,South Dakota State,fcs,MVFC,38,"[0, 7, 10, 21]",,,,2460,Northern Iowa,fcs,MVFC,7,"[0, 0, 7, 0]",,,,,,,
401128485,2019,12,regular,2019-11-16T20:00:00.000Z,False,True,False,False,,5238,Panther Stadium,2504,Prairie View A&M,fcs,SWAC,41,"[7, 20, 0, 14]",,,,2206,Edward Waters,ii,SIAC,14,"[7, 0, 7, 0]",,,,,,,
401128386,2019,12,regular,2019-11-16T20:00:00.000Z,False,True,False,True,,3748,Graham Stadium,2630,UT Martin,fcs,OVC,28,"[7, 0, 7, 14]",,,,2634,Tennessee State,fcs,OVC,17,"[7, 3, 7, 0]",,,,,,,
401126943,2019,12,regular,2019-11-16T20:00:00.000Z,False,True,False,True,,3987,Washington-Grizzly Stadium,149,Montana,fcs,Big Sky,35,"[14, 7, 14, 0]",,,,2692,Weber State,fcs,Big Sky,16,"[3, 0, 0, 13]",,,,,,,
401128477,2019,12,regular,2019-11-16T20:00:00.000Z,False,True,False,True,,3976,Mississippi Veterans Memorial Stadium,2296,Jackson State,fcs,SWAC,34,"[10, 14, 3, 7]",,,,2582,Southern,fcs,SWAC,40,"[7, 10, 16, 7]",,,,,,,
401117217,2019,12,regular,2019-11-16T20:00:00.000Z,False,True,False,False,57379,3801,LaVell Edwards Stadium,252,BYU,fbs,FBS Independents,42,"[7, 21, 14, 0]",0.9804530143737793,,,304,Idaho State,fcs,Big Sky,10,"[0, 3, 7, 0]",0.019546985626220703,,,2.221771718499827,https://www.youtube.com/watch?v=bwBylpOom48,,
401121972,2019,12,regular,2019-11-16T20:00:00.000Z,False,True,False,True,15619,3644,Bobcat Stadium (TX),326,Texas State,fbs,Sun Belt,27,"[3, 7, 10, 7]",0.004713363014161587,1076,1022,2653,Troy,fbs,Sun Belt,63,"[14, 21, 7, 21]",0.9952866369858384,1472,1526,3.6376240909841977,https://www.youtube.com/watch?v=SiQi3BQz0EM,,
401121970,2019,12,regular,2019-11-16T20:00:00.000Z,False,True,False,True,10266,3608,Allen E. Paulson Stadium,290,Georgia Southern,fbs,Sun Belt,51,"[7, 17, 7, 20]",0.9904350638389587,1376,1413,2433,UL Monroe,fbs,Sun Belt,29,"[7, 0, 7, 15]",0.00956493616104126,1225,1188,3.323449779844932,,,
401128442,2019,12,regular,2019-11-16T20:00:00.000Z,False,True,False,True,,3771,Jack Spinks Stadium,2016,Alcorn State,fcs,SWAC,34,"[7, 14, 6, 7]",,,,2010,Alabama A&M,fcs,SWAC,28,"[7, 7, 7, 7]",,,,,,,
401128700,2019,12,regular,2019-11-16T20:00:00.000Z,False,True,False,True,,4424,Husky Stadium,2277,Houston Christian,fcs,Southland,31,"[7, 17, 7, 0]",,,,2320,Lamar,fcs,Southland,26,"[6, 10, 7, 3]",,,,,,,
401110849,2019,12,regular,2019-11-16T20:30:00.000Z,False,True,False,True,87451,3785,Jordan-Hare Stadium,2,Auburn,fbs,SEC,14,"[0, 0, 0, 14]",0.1433824747800827,1946,1938,61,Georgia,fbs,SEC,21,"[7, 7, 7, 0]",0.8566175252199173,2012,2020,4.716768854717882,https://www.youtube.com/watch?v=QRXtWSyD72w,,
401127104,2019,12,regular,2019-11-16T20:30:00.000Z,False,True,False,True,,3651,Bridgeforth Stadium,256,James Madison,fcs,CAA,48,"[10, 14, 14, 10]",,,,257,Richmond,fcs,CAA,6,"[0, 6, 0, 0]",,,,,,,
401110854,2019,12,regular,2019-11-16T20:30:00.000Z,False,True,False,True,23288,3973,FirstBank Stadium,238,Vanderbilt,fbs,SEC,14,"[14, 0, 0, 0]",0.0036427921149879694,1206,1190,96,Kentucky,fbs,SEC,38,"[3, 21, 14, 0]",0.996357207885012,1634,1650,3.456198434626047,,,
401127282,2019,12,regular,2019-11-16T20:30:00.000Z,False,True,False,True,,3714,Fargodome,2449,North Dakota State,fcs,MVFC,49,"[14, 14, 14, 7]",,,,233,South Dakota,fcs,MVFC,14,"[0, 7, 0, 7]",,,,,,,
401117904,2019,12,regular,2019-11-16T20:30:00.000Z,False,True,False,True,25149,4728,TDECU Stadium,248,Houston,fbs,American Athletic,27,"[17, 3, 0, 7]",0.019276853650808334,1484,1465,235,Memphis,fbs,American Athletic,45,"[7, 21, 14, 3]",0.9807231463491917,1733,1752,4.366168452244771,https://www.youtube.com/watch?v=SLew4PxF9Gk,,
401119304,2019,12,regular,2019-11-16T20:30:00.000Z,False,True,False,True,7249,3919,Scheumann Stadium,2050,Ball State,fbs,Mid-American,44,"[3, 24, 14, 3]",0.5690982937812805,1374,1374,2117,Central Michigan,fbs,Mid-American,45,"[3, 8, 20, 14]",0.4309017062187195,1389,1389,5.535545755452387,,,
401112093,2019,12,regular,2019-11-16T20:30:00.000Z,False,True,False,True,58946,3772,Jack Trice Stadium,66,Iowa State,fbs,Big 12,23,"[7, 3, 10, 3]",0.30456504225730896,1821,1821,251,Texas,fbs,Big 12,21,"[0, 7, 0, 14]",0.695434957742691,1744,1744,4.979121754048445,https://www.youtube.com/watch?v=Oo45EOulGTI,,
401112511,2019,12,regular,2019-11-16T20:30:00.000Z,False,True,False,True,43263,721,Bobby Dodd Stadium,59,Georgia Tech,fbs,ACC,0,"[0, 0, 0, 0]",0.002270834520459175,1431,1305,259,Virginia Tech,fbs,ACC,45,"[14, 17, 14, 0]",0.9977291654795408,1522,1648,2.2465501299407884,https://www.youtube.com/watch?v=XwKP37UgMng,,
401112255,2019,12,regular,2019-11-16T20:30:00.000Z,False,True,False,True,33528,3754,High Point Solutions Stadium,164,Rutgers,fbs,Big Ten,21,"[7, 0, 7, 7]",0,1040,1081,194,Ohio State,fbs,Big Ten,56,"[21, 14, 14, 7]",1,2384,2343,3.3007563294934568,https://www.youtube.com/watch?v=nvoxlg0kaxk,,
401112112,2019,12,regular,2019-11-16T20:30:00.000Z,False,True,False,True,46332,3636,Bill Snyder Family Stadium,2306,Kansas State,fbs,Big 12,20,"[10, 3, 7, 0]",0.24237659573554993,1695,1673,277,West Virginia,fbs,Big 12,24,"[14, 0, 0, 10]",0.7576234042644501,1476,1498,7.304503117346437,https://www.youtube.com/watch?v=GJdGYO5MSlQ,,
401112508,2019,12,regular,2019-11-16T20:30:00.000Z,False,True,False,True,80875,3836,"Memorial Stadium (Clemson, SC)",228,Clemson,fbs,ACC,52,"[14, 17, 14, 7]",0.9912890195846558,2275,2332,154,Wake Forest,fbs,ACC,3,"[3, 0, 0, 0]",0.008710980415344238,1587,1530,2.564614935281947,https://www.youtube.com/watch?v=lUZ7GCucSHI,,
401112509,2019,12,regular,2019-11-16T21:00:00.000Z,False,True,False,True,16286,3982,Wallace Wade Stadium,150,Duke,fbs,ACC,6,"[0, 6, 0, 0]",0.020081903785467148,1485,1335,183,Syracuse,fbs,ACC,49,"[14, 0, 21, 14]",0.9799180962145329,1375,1525,3.0978160772867294,https://www.youtube.com/watch?v=XIn4AdBfXyA,,
401126961,2019,12,regular,2019-11-16T21:00:00.000Z,False,True,False,True,,3706,Eccles Coliseum,253,Southern Utah,fcs,Big Sky,31,"[3, 14, 14, 0]",,,,2464,Northern Arizona,fcs,Big Sky,30,"[3, 17, 7, 3]",,,,,,,
401117548,2019,12,regular,2019-11-16T21:00:00.000Z,False,True,False,True,21317,3914,Sam Boyd Stadium,2439,UNLV,fbs,Mountain West,7,"[7, 0, 0, 0]",0.1152481660246849,1185,1170,62,Hawai'i,fbs,Mountain West,21,"[0, 7, 7, 7]",0.8847518339753151,1361,1376,3.957800938313133,https://www.youtube.com/watch?v=crJ2Q0JS1vU,,
401112199,2019,12,regular,2019-11-16T21:00:00.000Z,False,True,False,True,67518,3793,Kinnick Stadium,2294,Iowa,fbs,Big Ten,23,"[13, 7, 0, 3]",0.8916332125663757,1896,1897,135,Minnesota,fbs,Big Ten,19,"[0, 6, 7, 6]",0.10836678743362427,1822,1821,3.8938740150487923,https://www.youtube.com/watch?v=q2q6KPTsB9o,,
401127222,2019,12,regular,2019-11-16T21:00:00.000Z,False,True,False,True,,3650,Bragg Memorial Stadium,50,Florida A&M,fcs,MEAC,39,"[3, 14, 22, 0]",,,,47,Howard,fcs,MEAC,7,"[0, 0, 0, 7]",,,,,,,
401114345,2019,12,regular,2019-11-16T21:00:00.000Z,False,True,False,False,25804,3601,Aggie Memorial Stadium,166,New Mexico State,fbs,FBS Independents,41,"[14, 10, 3, 14]",1,,,2916,Incarnate Word,fcs,Southland,28,"[0, 7, 7, 14]",0,,,3.435930776099934,,,
401117546,2019,12,regular,2019-11-16T21:00:00.000Z,False,True,False,True,16364,3905,Maverik Stadium,328,Utah State,fbs,Mountain West,26,"[0, 20, 3, 3]",0.916754424571991,1495,1504,2751,Wyoming,fbs,Mountain West,21,"[0, 14, 0, 7]",0.08324557542800903,1581,1572,6.330406899866455,https://www.youtube.com/watch?v=LovhbcMJ2rk,,
401128687,2019,12,regular,2019-11-16T21:00:00.000Z,False,True,False,True,,3711,Estes Stadium,2110,Central Arkansas,fcs,Southland,30,"[3, 10, 10, 7]",,,,2617,Stephen F. Austin,fcs,Southland,7,"[0, 7, 0, 0]",,,,,,,
401128719,2019,12,regular,2019-11-16T21:00:00.000Z,False,True,False,True,,3779,Manning Field at John L. Guidry Stadium,2447,Nicholls,fcs,Southland,34,"[10, 17, 0, 7]",,,,2377,McNeese,fcs,Southland,20,"[7, 0, 7, 6]",,,,,,,
401114231,2019,12,regular,2019-11-16T21:30:00.000Z,False,True,False,True,32952,3820,Gesa Field,265,Washington State,fbs,Pac-12,49,"[13, 9, 10, 17]",0.7703658938407898,1661,1714,24,Stanford,fbs,Pac-12,22,"[0, 14, 8, 0]",0.2296341061592102,1515,1462,3.923131502728366,https://www.youtube.com/watch?v=PiCtm4CWQ3U,,
401114310,2019,12,regular,2019-11-16T21:30:00.000Z,False,True,False,True,10411,3725,"Johnny ""Red"" Floyd Stadium",2393,Middle Tennessee,fbs,Conference USA,28,"[0, 14, 7, 7]",0.10137531161308289,1390,1371,242,Rice,fbs,Conference USA,31,"[10, 21, 0, 0]",0.8986246883869171,1165,1184,5.196484710380165,https://www.youtube.com/watch?v=F9gec_ueYPs,,
401128601,2019,12,regular,2019-11-16T22:00:00.000Z,False,True,False,True,,716,Torero Stadium,301,San Diego,fcs,Pioneer,52,"[3, 28, 14, 7]",,,,2413,Morehead State,fcs,Pioneer,20,"[0, 0, 6, 14]",,,,,,,
401121971,2019,12,regular,2019-11-16T22:00:00.000Z,False,True,False,True,16748,3797,Ladd Peebles Stadium,6,South Alabama,fbs,Sun Belt,27,"[7, 7, 7, 6]",0.35274121165275574,1063,1088,309,Louisiana,fbs,Sun Belt,37,"[3, 14, 6, 14]",0.6472587883472443,1652,1627,6.044480723449276,,,
401126927,2019,12,regular,2019-11-16T22:00:00.000Z,False,True,False,True,,3791,Kibbie Dome,70,Idaho,fcs,Big Sky,7,"[0, 0, 7, 0]",,,,16,Sacramento State,fcs,Big Sky,31,"[7, 17, 0, 7]",,,,,,,
401114311,2019,12,regular,2019-11-16T23:00:00.000Z,False,True,False,True,14179,3604,Alamodome,2636,UTSA,fbs,Conference USA,17,"[7, 3, 7, 0]",0.0284053236246109,1056,1058,2572,Southern Miss,fbs,Conference USA,36,"[7, 9, 13, 7]",0.9715946763753891,1550,1548,6.354311691590869,https://www.youtube.com/watch?v=6oYD6a-Gfe8,,
401117903,2019,12,regular,2019-11-17T00:00:00.000Z,False,True,False,True,29112,3886,Raymond James Stadium,58,South Florida,fbs,American Athletic,17,"[7, 3, 7, 0]",0.7549476623535156,1299,1317,2132,Cincinnati,fbs,American Athletic,20,"[0, 0, 10, 10]",0.24505233764648438,1713,1695,5.736268955660154,https://www.youtube.com/watch?v=048t94O4ENs,,
401117544,2019,12,regular,2019-11-17T00:00:00.000Z,False,True,False,True,24914,5388,Canvas Stadium,36,Colorado State,fbs,Mountain West,21,"[14, 0, 0, 7]",0,1356,1347,2005,Air Force,fbs,Mountain West,38,"[0, 10, 0, 28]",1,1683,1692,5.3023123141694635,https://www.youtube.com/watch?v=E8jzDNFt5qc,,
401110850,2019,12,regular,2019-11-17T00:00:00.000Z,False,True,False,True,53797,3974,Vaught-Hemingway Stadium,145,Ole Miss,fbs,SEC,37,"[0, 7, 16, 14]",0.16959623992443085,1596,1587,99,LSU,fbs,SEC,58,"[14, 17, 13, 14]",0.8304037600755692,2027,2036,3.7701686228078124,https://www.youtube.com/watch?v=I08Hh7WvvGU,,
401126953,2019,12,regular,2019-11-17T00:00:00.000Z,False,True,False,True,,3602,Aggie Stadium,302,UC Davis,fcs,Big Sky,17,"[0, 10, 7, 0]",,,,147,Montana State,fcs,Big Sky,27,"[7, 7, 0, 13]",,,,,,,
401114161,2019,12,regular,2019-11-17T00:30:00.000Z,False,True,False,True,30980,3893,Reser Stadium,204,Oregon State,fbs,Pac-12,35,"[14, 14, 7, 0]",0.9152588844299316,1323,1330,9,Arizona State,fbs,Pac-12,34,"[14, 7, 7, 6]",0.08474111557006836,1564,1557,5.356778690556715,https://www.youtube.com/watch?v=PrgXl2KLbkU,,
401112082,2019,12,regular,2019-11-17T00:30:00.000Z,False,True,False,True,50223,4727,McLane Stadium,239,Baylor,fbs,Big 12,31,"[14, 17, 0, 0]",0.2758142054080963,1673,1686,201,Oklahoma,fbs,Big 12,34,"[3, 7, 7, 17]",0.7241857945919037,1985,1972,4.606359978792677,https://www.youtube.com/watch?v=Pi9AFVyEKRk,,
401110853,2019,12,regular,2019-11-17T00:30:00.000Z,False,True,False,True,104957,3795,Kyle Field,245,Texas A&M,fbs,SEC,30,"[3, 10, 0, 17]",0.9542589783668518,1777,1811,2579,South Carolina,fbs,SEC,6,"[3, 0, 0, 3]",0.04574102163314819,1535,1501,2.498729033751747,https://www.youtube.com/watch?v=zTxogzRMNzA,,
401121968,2019,12,regular,2019-11-17T00:30:00.000Z,False,True,False,True,17908,4246,Center Parc Stadium,2247,Georgia State,fbs,Sun Belt,27,"[21, 0, 0, 6]",0.00783978495746851,1295,1266,2026,App State,fbs,Sun Belt,56,"[14, 21, 7, 14]",0.9921602150425315,1734,1763,4.4562178385545845,,,
401112512,2019,12,regular,2019-11-17T00:30:00.000Z,False,True,False,True,54089,3670,Carter-Finley Stadium,152,NC State,fbs,ACC,20,"[0, 10, 0, 10]",0.030024122446775436,1378,1338,97,Louisville,fbs,ACC,34,"[0, 7, 20, 7]",0.9699758775532246,1303,1343,5.557381830245661,https://www.youtube.com/watch?v=vr8mRXDwOOY,,
401126909,2019,12,regular,2019-11-17T01:00:00.000Z,False,True,False,True,,1027,Alex G. Spanos Stadium,13,Cal Poly,fcs,Big Sky,41,"[0, 14, 14, 13]",,,,331,Eastern Washington,fcs,Big Sky,42,"[14, 14, 7, 7]",,,,,,,
401114216,2019,12,regular,2019-11-17T01:00:00.000Z,False,True,False,True,47307,587,Rice-Eccles Stadium,254,Utah,fbs,Pac-12,49,"[7, 21, 7, 14]",0.9848089814186096,1911,1989,26,UCLA,fbs,Pac-12,3,"[3, 0, 0, 0]",0.01519101858139038,1476,1398,3.512130078332163,https://www.youtube.com/watch?v=ChRIj-x3kng,,
401117545,2019,12,regular,2019-11-17T03:15:00.000Z,False,True,False,True,31492,3653,Albertsons Stadium,68,Boise State,fbs,Mountain West,42,"[28, 0, 14, 0]",0.9934778213500977,1709,1731,167,New Mexico,fbs,Mountain West,9,"[0, 0, 3, 6]",0.006522178649902344,1111,1089,1.5400919323509767,https://www.youtube.com/watch?v=qRp35bCgNOc,,
401114172,2019,12,regular,2019-11-17T03:30:00.000Z,False,True,False,True,54219,3626,Autzen Stadium,2483,Oregon,fbs,Pac-12,34,"[14, 7, 7, 6]",0.9930345416069031,1960,1968,12,Arizona,fbs,Pac-12,6,"[0, 6, 0, 0]",0.006965458393096924,1345,1337,2.356703194817532,https://www.youtube.com/watch?v=93xf63JSBgU,,
401114181,2019,12,regular,2019-11-17T04:00:00.000Z,False,True,False,True,46397,3831,California Memorial Stadium,25,California,fbs,Pac-12,17,"[7, 3, 0, 7]",0.04158807918429375,1503,1454,30,USC,fbs,Pac-12,41,"[10, 7, 17, 7]",0.9584119208157063,1629,1678,3.8531837167439265,https://www.youtube.com/watch?v=7LMESgUE1N0,,
401127020,2019,12,regular,2019-11-23T17:00:00.000Z,False,True,False,True,,5389,Kessler Stadium,2405,Monmouth,fcs,Big South,48,"[14, 17, 14, 3]",,,,2261,Hampton,fcs,Big South,13,"[7, 6, 0, 0]",,,,,,,
401127013,2019,12,regular,2019-11-23T19:00:00.000Z,False,True,False,True,,4899,Fifth Third Stadium,338,Kennesaw State,fcs,Big South,42,"[7, 7, 14, 14]",,,,2241,Gardner-Webb,fcs,Big South,14,"[7, 0, 0, 7]",,,,,,,
401126995,2019,12,regular,2019-11-23T20:30:00.000Z,False,True,False,True,,3658,Buccaneer Field,2127,Charleston Southern,fcs,Big South,41,"[14, 13, 7, 7]",,,,2097,Campbell,fcs,Big South,31,"[7, 7, 17, 0]",,,,,,,
401119306,2019,13,regular,2019-11-20T00:30:00.000Z,False,True,False,True,9715,3700,Doyt L. Perry Stadium,189,Bowling Green,fbs,Mid-American,24,"[14, 10, 0, 0]",0.018882229924201965,912,867,195,Ohio,fbs,Mid-American,66,"[24, 14, 28, 0]",0.981117770075798,1540,1585,4.49291616470954,https://www.youtube.com/watch?v=vxA0wcvOfcc,,
401119305,2019,13,regular,2019-11-20T00:30:00.000Z,False,True,False,True,5062,3764,Huskie Stadium,2459,Northern Illinois,fbs,Mid-American,17,"[0, 7, 3, 7]",0.005784125067293644,1297,1219,2199,Eastern Michigan,fbs,Mid-American,45,"[7, 7, 24, 7]",0.9942158749327064,1290,1368,3.3045831979303224,https://www.youtube.com/watch?v=Rlbr-KpJjeY,,
401119307,2019,13,regular,2019-11-21T00:30:00.000Z,False,True,False,True,22921,3996,Yager Stadium,193,Miami (OH),fbs,Mid-American,20,"[3, 14, 3, 0]",0.9072561860084534,1374,1368,2006,Akron,fbs,Mid-American,17,"[0, 3, 7, 7]",0.09274381399154663,797,803,4.362989285217697,https://www.youtube.com/watch?v=8d6gchP6QT4,,
401119308,2019,13,regular,2019-11-21T00:30:00.000Z,False,True,False,True,13830,3965,UB Stadium,2084,Buffalo,fbs,Mid-American,49,"[14, 14, 7, 14]",0.9535856246948242,1506,1528,2649,Toledo,fbs,Mid-American,30,"[7, 13, 3, 7]",0.04641437530517578,1289,1267,4.077321411839569,https://www.youtube.com/watch?v=7DEKO83uAxw,,
401128723,2019,13,regular,2019-11-22T00:00:00.000Z,False,True,False,True,,3944,Strawberry Stadium,2545,SE Louisiana,fcs,Southland,27,"[14, 0, 0, 13]",,,,2447,Nicholls,fcs,Southland,28,"[0, 14, 7, 7]",,,,,,,
401128728,2019,13,regular,2019-11-22T00:00:00.000Z,False,True,False,True,,3963,Harry Turpin Stadium,2466,Northwestern State,fcs,Southland,20,"[0, 7, 7, 6]",,,,2617,Stephen F. Austin,fcs,Southland,32,"[13, 14, 5, 0]",,,,,,,
401112513,2019,13,regular,2019-11-22T01:00:00.000Z,False,True,False,True,38198,721,Bobby Dodd Stadium,59,Georgia Tech,fbs,ACC,28,"[7, 14, 7, 0]",0.7258539199829102,1305,1306,152,NC State,fbs,ACC,26,"[0, 3, 10, 13]",0.27414608001708984,1338,1337,3.386746191868048,https://www.youtube.com/watch?v=IxtWxQj3wwc,,
401128688,2019,13,regular,2019-11-23T00:30:00.000Z,False,True,False,True,,3734,Gayle and Tom Benson Stadium,2916,Incarnate Word,fcs,Southland,35,"[0, 14, 14, 7]",,,,2110,Central Arkansas,fcs,Southland,52,"[3, 21, 7, 21]",,,,,,,
401117550,2019,13,regular,2019-11-23T02:30:00.000Z,False,True,False,True,21152,3984,War Memorial Stadium,2751,Wyoming,fbs,Mountain West,17,"[0, 7, 7, 3]",0.9543407559394836,1572,1574,36,Colorado State,fbs,Mountain West,7,"[0, 7, 0, 0]",0.04565924406051636,1347,1345,4.147418069154059,https://www.youtube.com/watch?v=UZgCsMp0qNo,,
401114358,2019,13,regular,2019-11-23T17:00:00.000Z,False,True,False,False,8204,3985,Warren McGuirk Alumni Stadium,113,Massachusetts,fbs,FBS Independents,24,"[0, 0, 10, 14]",0.008910424076020718,675,683,252,BYU,fbs,FBS Independents,56,"[7, 42, 7, 0]",0.9910895759239793,1556,1548,2.450141739786162,https://www.youtube.com/watch?v=dVIZJbIwJT0,,
401112220,2019,13,regular,2019-11-23T17:00:00.000Z,False,True,False,True,24641,3754,High Point Solutions Stadium,164,Rutgers,fbs,Big Ten,0,"[0, 0, 0, 0]",0,1081,1062,127,Michigan State,fbs,Big Ten,27,"[10, 7, 3, 7]",1,1560,1579,2.481818113541014,https://www.youtube.com/watch?v=gMLzUtKYFN8,,
401119309,2019,13,regular,2019-11-23T17:00:00.000Z,False,True,False,True,8825,3696,Dix Stadium,2309,Kent State,fbs,Mid-American,41,"[7, 14, 10, 10]",0.7498628497123718,1230,1233,2050,Ball State,fbs,Mid-American,38,"[7, 17, 0, 14]",0.2501371502876282,1374,1371,8.047047156841721,,,
401112236,2019,13,regular,2019-11-23T17:00:00.000Z,False,True,False,True,30246,3911,Ryan Field,77,Northwestern,fbs,Big Ten,22,"[0, 9, 7, 6]",0.1696029296852969,1441,1439,135,Minnesota,fbs,Big Ten,38,"[14, 7, 7, 10]",0.8303970703147031,1821,1823,1.3550595502,https://www.youtube.com/watch?v=lfiXWt_mbtM,,
401112094,2019,13,regular,2019-11-23T17:00:00.000Z,False,True,False,True,58120,3772,Jack Trice Stadium,66,Iowa State,fbs,Big 12,41,"[7, 7, 7, 20]",0.7135382890701294,1821,1806,2305,Kansas,fbs,Big 12,31,"[6, 3, 15, 7]",0.2864617109298706,1325,1340,6.499736982867293,https://www.youtube.com/watch?v=V3Yfq9bg3Gg,,
401117908,2019,13,regular,2019-11-23T17:00:00.000Z,False,True,False,True,12084,3892,Pratt & Whitney Stadium,41,UConn,fbs,American Athletic,24,"[7, 0, 7, 10]",0.4529178738594055,896,902,151,East Carolina,fbs,American Athletic,31,"[10, 7, 7, 7]",0.5470821261405945,1159,1153,6.823294611899975,https://www.youtube.com/watch?v=ID6H9O0ma14,,
401112128,2019,13,regular,2019-11-23T17:00:00.000Z,False,True,False,True,46022,3842,Milan Puskar Stadium,277,West Virginia,fbs,Big 12,13,"[0, 10, 3, 0]",0.2936887741088867,1498,1497,197,Oklahoma State,fbs,Big 12,20,"[7, 0, 3, 10]",0.7063112258911133,1659,1660,4.884408645245207,https://www.youtube.com/watch?v=zWmdHi-orCI,,
401117906,2019,13,regular,2019-11-23T17:00:00.000Z,False,True,False,True,21032,4729,Yulman Stadium,2655,Tulane,fbs,American Athletic,31,"[0, 7, 10, 14]",0.5316972136497498,1520,1536,2116,UCF,fbs,American Athletic,34,"[10, 7, 14, 3]",0.46830278635025024,1888,1872,5.735475791679436,https://www.youtube.com/watch?v=qHKHF8HbGQg,,
401112520,2019,13,regular,2019-11-23T17:00:00.000Z,False,True,False,False,37329,3923,Scott Stadium,258,Virginia,fbs,ACC,55,"[10, 14, 14, 17]",0.984646737575531,1662,1698,2335,Liberty,fbs,FBS Independents,27,"[7, 7, 7, 6]",0.015353262424468994,1335,1299,3.9405289931151604,https://www.youtube.com/watch?v=7O7u99yfs0Y,,
401127114,2019,13,regular,2019-11-23T17:00:00.000Z,False,True,False,True,,2068,E. Claiborne Robins Stadium,257,Richmond,fcs,CAA,15,"[0, 10, 2, 3, 0]",,,,2729,William & Mary,fcs,CAA,21,"[0, 8, 0, 7, 6]",,,,,,,
401112155,2019,13,regular,2019-11-23T17:00:00.000Z,False,True,False,True,58331,3793,Kinnick Stadium,2294,Iowa,fbs,Big Ten,19,"[7, 6, 0, 6]",0.8366944789886475,1897,1886,356,Illinois,fbs,Big Ten,10,"[7, 0, 0, 3]",0.16330552101135254,1478,1489,5.104967824687091,https://www.youtube.com/watch?v=F8lHVz5dhPM,,
401110856,2019,13,regular,2019-11-23T17:00:00.000Z,False,True,False,False,80692,3785,Jordan-Hare Stadium,2,Auburn,fbs,SEC,52,"[7, 24, 7, 14]",0.9938032031059265,,,2535,Samford,fcs,Southern,0,"[0, 0, 0, 0]",0.006196796894073486,,,2.065782500265221,https://www.youtube.com/watch?v=-FDZA5_7FDk,,
401112256,2019,13,regular,2019-11-23T17:00:00.000Z,False,True,False,True,104355,3861,Ohio Stadium,194,Ohio State,fbs,Big Ten,28,"[7, 7, 7, 7]",0.6330385804176331,2343,2338,213,Penn State,fbs,Big Ten,17,"[0, 0, 17, 0]",0.36696141958236694,1995,2000,3.5440959372095864,https://www.youtube.com/watch?v=W2Y_2FHsLwA,,
401128636,2019,13,regular,2019-11-23T17:00:00.000Z,False,True,False,True,,3722,Fitton Field,107,Holy Cross,fcs,Patriot,24,"[0, 14, 0, 10]",,,,46,Georgetown,fcs,Patriot,0,"[0, 0, 0, 0]",,,,,,,
401136607,2019,13,regular,2019-11-23T17:00:00.000Z,False,True,False,True,,3777,Joe Walton Stadium,2523,Robert Morris,fcs,NEC,16,"[0, 7, 3, 6]",,,,2529,Sacred Heart,fcs,NEC,14,"[7, 0, 7, 0]",,,,,,,
401128658,2019,13,regular,2019-11-23T17:00:00.000Z,False,True,False,True,,3656,Brown Stadium,225,Brown,fcs,Ivy,23,"[3, 7, 13, 0]",,,,159,Dartmouth,fcs,Ivy,29,"[0, 7, 7, 15]",,,,,,,
401127112,2019,13,regular,2019-11-23T17:00:00.000Z,False,True,False,True,,3824,Meade Stadium,227,Rhode Island,fcs,CAA,21,"[0, 0, 14, 7]",,,,256,James Madison,fcs,CAA,55,"[10, 21, 7, 17]",,,,,,,
401127426,2019,13,regular,2019-11-23T17:00:00.000Z,False,True,False,True,,3979,Wagner College Stadium,2681,Wagner,fcs,NEC,10,"[7, 3, 0, 0]",,,,2803,Bryant,fcs,NEC,14,"[0, 0, 7, 7]",,,,,,,
401136598,2019,13,regular,2019-11-23T17:00:00.000Z,False,True,False,True,,3623,Arthur J. Rooney Athletic Field,2184,Duquesne,fcs,NEC,10,"[0, 10, 0, 0]",,,,2115,Central Connecticut,fcs,NEC,43,"[12, 7, 17, 7]",,,,,,,
401128680,2019,13,regular,2019-11-23T17:00:00.000Z,False,True,False,True,,3997,Yale Bowl,43,Yale,fcs,Ivy,50,"[3, 0, 16, 17, 14]",,,,108,Harvard,fcs,Ivy,43,"[3, 12, 14, 7, 7]",,,,,,,
401128505,2019,13,regular,2019-11-23T17:00:00.000Z,False,True,False,True,,3782,Johnson Hagood Stadium,2643,The Citadel,fcs,Southern,11,"[0, 0, 3, 8]",,,,2747,Wofford,fcs,Southern,31,"[14, 0, 14, 3]",,,,,,,
401128589,2019,13,regular,2019-11-23T17:00:00.000Z,False,True,True,True,,3691,D. B. Milne Field,294,Jacksonville,fcs,Pioneer,28,"[0, 14, 7, 7]",,,,301,San Diego,fcs,Pioneer,47,"[10, 7, 13, 17]",,,,,,,
401136616,2019,13,regular,2019-11-23T17:00:00.000Z,False,True,False,False,,6043,Bethpage Federal Credit Union Stadium,2341,Long Island University,fcs,NEC,10,"[0, 0, 0, 10]",,,,2771,Merrimack,fcs,NEC,24,"[10, 7, 0, 7]",,,,,,,
401127267,2019,13,regular,2019-11-23T17:00:00.000Z,False,True,False,True,,844,Stambaugh Stadium,2754,Youngstown State,fcs,MVFC,21,"[7, 7, 0, 7]",,,,2287,Illinois State,fcs,MVFC,3,"[0, 3, 0, 0]",,,,,,,
401110855,2019,13,regular,2019-11-23T17:00:00.000Z,False,True,False,False,101821,3657,Bryant-Denny Stadium,333,Alabama,fbs,SEC,66,"[17, 21, 21, 7]",1,,,2717,Western Carolina,fcs,Southern,3,"[0, 0, 0, 3]",0,,,2.1618969107699244,https://www.youtube.com/watch?v=k4mw1kyDjXs,,
401128647,2019,13,regular,2019-11-23T17:30:00.000Z,False,True,False,True,,3741,Goodman Stadium,2329,Lehigh,fcs,Patriot,16,"[0, 7, 3, 6]",,,,322,Lafayette,fcs,Patriot,17,"[7, 0, 7, 3]",,,,,,,
401128519,2019,13,regular,2019-11-23T18:00:00.000Z,False,True,False,False,,3868,Paladin Stadium,231,Furman,fcs,Southern,64,"[21, 22, 14, 7]",,,,3179,Point University,,,7,"[0, 7, 0, 0]",,,,,,,
401128602,2019,13,regular,2019-11-23T18:00:00.000Z,False,True,False,True,,3774,Jayne Stadium,2413,Morehead State,fcs,Pioneer,16,"[0, 6, 7, 3]",,,,56,Stetson,fcs,Pioneer,31,"[0, 14, 7, 10]",,,,,,,
401128701,2019,13,regular,2019-11-23T18:00:00.000Z,False,True,False,True,,3647,Elliott T. Bowers Stadium,2534,Sam Houston,fcs,Southland,37,"[20, 7, 0, 10]",,,,2277,Houston Christian,fcs,Southland,14,"[0, 7, 7, 0]",,,,,,,
401128573,2019,13,regular,2019-11-23T18:00:00.000Z,False,True,False,True,,3897,Richardson Stadium,2166,Davidson,fcs,Pioneer,28,"[7, 7, 7, 7]",,,,2181,Drake,fcs,Pioneer,31,"[7, 14, 3, 7]",,,,,,,
401128563,2019,13,regular,2019-11-23T18:00:00.000Z,False,True,False,True,,3988,Welcome Stadium,2168,Dayton,fcs,Pioneer,51,"[17, 21, 10, 3]",,,,2086,Butler,fcs,Pioneer,38,"[3, 14, 7, 14]",,,,,,,
401127113,2019,13,regular,2019-11-23T18:00:00.000Z,False,True,False,True,,3688,Wildcat Stadium,160,New Hampshire,fcs,CAA,28,"[7, 7, 0, 14]",,,,311,Maine,fcs,CAA,10,"[7, 0, 0, 3]",,,,,,,
401127234,2019,13,regular,2019-11-23T18:00:00.000Z,False,True,False,True,,3991,"William Dick"""" Price Stadium""""",2450,Norfolk State,fcs,MEAC,17,"[0, 3, 7, 7, 0]",,,,2569,South Carolina State,fcs,MEAC,20,"[7, 0, 7, 3, 3]",,,,,,,
401127110,2019,13,regular,2019-11-23T18:00:00.000Z,False,True,False,True,,717,Villanova Stadium,222,Villanova,fcs,CAA,55,"[20, 14, 14, 7]",,,,48,Delaware,fcs,CAA,33,"[7, 10, 0, 16]",,,,,,,
401128674,2019,13,regular,2019-11-23T18:00:00.000Z,False,True,False,True,,3730,Franklin Field,219,Pennsylvania,fcs,Ivy,7,"[7, 0, 0, 0]",,,,163,Princeton,fcs,Ivy,28,"[7, 3, 10, 8]",,,,,,,
401128621,2019,13,regular,2019-11-23T18:00:00.000Z,False,True,True,True,,3681,Coffey Field,2230,Fordham,fcs,Patriot,31,"[7, 3, 7, 14]",,,,2083,Bucknell,fcs,Patriot,14,"[0, 14, 0, 0]",,,,,,,
401128498,2019,13,regular,2019-11-23T18:00:00.000Z,False,True,False,True,,3597,Alumni Memorial Field,2678,VMI,fcs,Southern,31,"[3, 14, 14, 0]",,,,236,Chattanooga,fcs,Southern,24,"[10, 0, 7, 7]",,,,,,,
401127239,2019,13,regular,2019-11-23T18:00:00.000Z,False,True,False,True,,3603,Aggie Stadium,2448,North Carolina A&T,fcs,MEAC,54,"[16, 14, 24, 0]",,,,2428,North Carolina Central,fcs,MEAC,0,"[0, 0, 0, 0]",,,,,,,
401127228,2019,13,regular,2019-11-23T18:00:00.000Z,False,True,False,True,,3990,William H. Greene Stadium,47,Howard,fcs,MEAC,20,"[0, 7, 7, 6]",,,,2415,Morgan State,fcs,MEAC,15,"[8, 0, 0, 7]",,,,,,,
401128950,2019,13,regular,2019-11-23T18:30:00.000Z,False,True,False,True,,3921,Schoellkopf Field,172,Cornell,fcs,Ivy,35,"[7, 14, 14, 0]",,,,171,Columbia,fcs,Ivy,9,"[0, 9, 0, 0]",,,,,,,
401128361,2019,13,regular,2019-11-23T19:00:00.000Z,False,True,False,True,,3662,AmFirst Stadium,55,Jacksonville State,fcs,OVC,23,"[6, 3, 7, 7]",,,,2198,Eastern Kentucky,fcs,OVC,29,"[6, 3, 14, 6]",,,,,,,
401127109,2019,13,regular,2019-11-23T19:00:00.000Z,False,True,False,True,,3788,Kenneth P. LaValle Stadium,2619,Stony Brook,fcs,CAA,26,"[0, 14, 0, 12]",,,,399,UAlbany,fcs,CAA,31,"[21, 3, 0, 7]",,,,,,,
401128443,2019,13,regular,2019-11-23T19:00:00.000Z,False,True,False,True,,3809,Louis Crews Stadium,2010,Alabama A&M,fcs,SWAC,30,"[7, 21, 0, 2]",,,,2400,Mississippi Valley State,fcs,SWAC,13,"[7, 0, 0, 6]",,,,,,,
401128596,2019,13,regular,2019-11-23T19:00:00.000Z,False,True,False,True,,3655,Brown Field,2674,Valparaiso,fcs,Pioneer,14,"[0, 8, 0, 6]",,,,2368,Marist,fcs,Pioneer,26,"[7, 9, 0, 10]",,,,,,,
401126944,2019,13,regular,2019-11-23T19:00:00.000Z,False,True,False,True,,3643,Bobcat Stadium,147,Montana State,fcs,Big Sky,48,"[17, 14, 3, 14]",,,,149,Montana,fcs,Big Sky,14,"[0, 14, 0, 0]",,,,,,,
401127416,2019,13,regular,2019-11-23T19:00:00.000Z,False,True,False,False,,3613,Alumni Stadium,2169,Delaware State,fcs,MEAC,21,"[0, 0, 7, 14]",,,,2598,Saint Francis,fcs,NEC,35,"[14, 14, 7, 0]",,,,,,,
401128376,2019,13,regular,2019-11-23T19:00:00.000Z,False,True,True,True,,3758,Houck Stadium,2546,Southeast Missouri State,fcs,OVC,31,"[3, 14, 0, 14]",,,,93,Murray State,fcs,OVC,24,"[7, 17, 0, 0]",,,,,,,
401127111,2019,13,regular,2019-11-23T19:00:00.000Z,False,True,False,True,,3781,Johnny Unitas Stadium,119,Towson,fcs,CAA,23,"[14, 3, 3, 3]",,,,2210,Elon,fcs,CAA,25,"[0, 3, 16, 6]",,,,,,,
401126978,2019,13,regular,2019-11-23T19:00:00.000Z,False,True,False,False,,3605,Alerus Center,155,North Dakota,fcs,FCS Independents,36,"[7, 10, 10, 9]",,,,253,Southern Utah,fcs,Big Sky,18,"[0, 15, 3, 0]",,,,,,,
401127287,2019,13,regular,2019-11-23T19:00:00.000Z,False,True,False,True,,3967,UNI-Dome,2460,Northern Iowa,fcs,MVFC,38,"[7, 10, 14, 7]",,,,2710,Western Illinois,fcs,MVFC,7,"[7, 0, 0, 0]",,,,,,,
401183793,2019,13,regular,2019-11-23T19:00:00.000Z,False,True,False,True,13844,3971,University Stadium (NM),167,New Mexico,fbs,Mountain West,22,"[7, 3, 6, 6]",0.013996691443026066,1089,1094,2005,Air Force,fbs,Mountain West,44,"[7, 7, 16, 14]",0.9860033085569739,1692,1687,3.5835198122376672,https://www.youtube.com/watch?v=-HGisnBOSgI,,
401121976,2019,13,regular,2019-11-23T19:00:00.000Z,False,True,False,True,12501,4246,Center Parc Stadium,2247,Georgia State,fbs,Sun Belt,28,"[0, 14, 7, 7]",0.8688942790031433,1266,1277,6,South Alabama,fbs,Sun Belt,15,"[3, 0, 0, 12]",0.1311057209968567,1088,1077,2.751204060967398,,,
401126910,2019,13,regular,2019-11-23T19:05:00.000Z,False,True,False,True,,3856,Nottingham Field,2458,Northern Colorado,fcs,Big Sky,21,"[7, 7, 7, 0]",,,,13,Cal Poly,fcs,Big Sky,28,"[0, 7, 7, 14]",,,,,,,
401112514,2019,13,regular,2019-11-23T19:30:00.000Z,False,True,False,False,71827,3855,Notre Dame Stadium,87,Notre Dame,fbs,FBS Independents,40,"[3, 13, 17, 7]",0.9937388300895691,1917,1964,103,Boston College,fbs,ACC,7,"[0, 7, 0, 0]",0.006261169910430908,1555,1508,3.5464465109745253,https://www.youtube.com/watch?v=VvC68n_FRgY,,
401128387,2019,13,regular,2019-11-23T19:30:00.000Z,False,True,False,True,,3962,Tucker Stadium,2635,Tennessee Tech,fcs,OVC,27,"[14, 13, 0, 0]",,,,2634,Tennessee State,fcs,OVC,37,"[0, 10, 13, 14]",,,,,,,
401121973,2019,13,regular,2019-11-23T19:30:00.000Z,False,True,False,True,22125,3792,Kidd Brewer Stadium,2026,App State,fbs,Sun Belt,35,"[7, 7, 14, 7]",0.9950939416885376,1763,1747,326,Texas State,fbs,Sun Belt,13,"[0, 10, 3, 0]",0.004906058311462402,1022,1038,4.484304111658195,,,
401121974,2019,13,regular,2019-11-23T20:00:00.000Z,False,True,False,True,18319,3625,Centennial Bank Stadium,2032,Arkansas State,fbs,Sun Belt,38,"[14, 21, 3, 0]",0.9877967238426208,1388,1394,290,Georgia Southern,fbs,Sun Belt,33,"[3, 16, 8, 6]",0.01220327615737915,1413,1407,3.972118966742199,https://www.youtube.com/watch?v=JGw7n_tMV9o,,
401127283,2019,13,regular,2019-11-23T20:00:00.000Z,False,True,False,True,,3913,Saluki Stadium,79,Southern Illinois,fcs,MVFC,7,"[0, 7, 0, 0]",,,,2449,North Dakota State,fcs,MVFC,21,"[7, 0, 7, 7]",,,,,,,
401128459,2019,13,regular,2019-11-23T20:00:00.000Z,False,True,False,True,,3976,Mississippi Veterans Memorial Stadium,2296,Jackson State,fcs,SWAC,6,"[0, 0, 6, 0]",,,,2016,Alcorn State,fcs,SWAC,41,"[7, 24, 7, 3]",,,,,,,
401127258,2019,13,regular,2019-11-23T20:00:00.000Z,False,True,False,True,,3878,Plaster Sports Complex,2623,Missouri State,fcs,MVFC,24,"[0, 7, 7, 10]",,,,282,Indiana State,fcs,MVFC,51,"[7, 14, 17, 13]",,,,,,,
401127292,2019,13,regular,2019-11-23T20:00:00.000Z,False,True,False,True,,1905,DakotaDome,233,South Dakota,fcs,MVFC,24,"[0, 10, 14, 0]",,,,2571,South Dakota State,fcs,MVFC,21,"[7, 0, 7, 7]",,,,,,,
401127438,2019,13,regular,2019-11-23T20:00:00.000Z,False,True,False,True,,3742,Governors Stadium,2046,Austin Peay,fcs,OVC,35,"[7, 14, 14, 0]",,,,2197,Eastern Illinois,fcs,OVC,7,"[0, 7, 0, 0]",,,,,,,
401110858,2019,13,regular,2019-11-23T20:30:00.000Z,False,True,False,False,41495,3683,Kroger Field,96,Kentucky,fbs,SEC,50,"[16, 13, 7, 14]",0.9892310500144958,,,2630,UT Martin,fcs,OVC,7,"[0, 0, 0, 7]",0.01076894998550415,,,1.8185418059687957,,,
401112083,2019,13,regular,2019-11-23T20:30:00.000Z,False,True,False,True,49109,4727,McLane Stadium,239,Baylor,fbs,Big 12,24,"[0, 7, 14, 3]",0.8422521948814392,1686,1719,251,Texas,fbs,Big 12,10,"[0, 3, 0, 7]",0.1577478051185608,1744,1711,3.562302399141363,https://www.youtube.com/watch?v=z6LTcW1tVU4,,
401112518,2019,13,regular,2019-11-23T20:30:00.000Z,False,True,False,False,50500,3787,Kenan Stadium,153,North Carolina,fbs,ACC,56,"[21, 21, 14, 0]",0.9941574335098267,,,2382,Mercer,fcs,Southern,7,"[0, 0, 0, 7]",0.00584256649017334,,,1.850203137493868,https://www.youtube.com/watch?v=NL3RmvMvPTE,,
401114217,2019,13,regular,2019-11-23T20:30:00.000Z,False,True,False,True,64156,477,Los Angeles Memorial Coliseum,30,USC,fbs,Pac-12,52,"[10, 14, 14, 14]",0.9404777884483337,1678,1690,26,UCLA,fbs,Pac-12,35,"[7, 7, 14, 7]",0.05952221155166626,1398,1386,4.023562325010766,https://www.youtube.com/watch?v=UtPc3WR3lqU,,
401127214,2019,13,regular,2019-11-23T20:30:00.000Z,False,True,True,True,,4013,Camping World Stadium,2065,Bethune-Cookman,fcs,MEAC,31,"[7, 14, 0, 10]",,,,50,Florida A&M,fcs,MEAC,27,"[7, 6, 7, 7]",,,,,,,
401110862,2019,13,regular,2019-11-23T20:30:00.000Z,False,True,False,False,19863,3973,FirstBank Stadium,238,Vanderbilt,fbs,SEC,38,"[7, 7, 17, 7]",0.9999915745156858,,,2193,East Tennessee State,fcs,Southern,0,"[0, 0, 0, 0]",8.425484314233955e-06,,,0.783403934099999,,,
401114315,2019,13,regular,2019-11-23T20:30:00.000Z,False,True,False,True,18346,3803,Legion Field,5,UAB,fbs,Conference USA,20,"[3, 10, 7, 0]",0.942054033279419,1420,1434,2348,Louisiana Tech,fbs,Conference USA,14,"[0, 7, 0, 7]",0.057945966720581055,1547,1533,3.7784711947306384,https://www.youtube.com/watch?v=_TPZLFFw4ik,,
401110857,2019,13,regular,2019-11-23T20:30:00.000Z,False,True,False,True,92746,3917,Sanford Stadium,61,Georgia,fbs,SEC,19,"[3, 10, 3, 3]",0.9717144966125488,2020,2017,245,Texas A&M,fbs,SEC,13,"[0, 3, 3, 7]",0.028285503387451172,1811,1814,3.7035625392656253,https://www.youtube.com/watch?v=w9AtpJsXOFk,,
401114318,2019,13,regular,2019-11-23T20:30:00.000Z,False,True,False,True,20369,3815,M. M. Roberts Stadium,2572,Southern Miss,fbs,Conference USA,10,"[7, 0, 0, 3]",0,1548,1495,98,Western Kentucky,fbs,Conference USA,28,"[7, 14, 0, 7]",1,1472,1525,3.9933122194459365,https://www.youtube.com/watch?v=NHJvq3R04Ko,,
401114317,2019,13,regular,2019-11-23T20:30:00.000Z,False,True,False,True,18477,3895,Rice Stadium,242,Rice,fbs,Conference USA,20,"[10, 10, 0, 0]",0.9775077104568481,1184,1199,249,North Texas,fbs,Conference USA,14,"[0, 0, 7, 7]",0.022492289543151855,1342,1327,2.9422426237130876,https://www.youtube.com/watch?v=MW1S1zwl_8Q,,
401114313,2019,13,regular,2019-11-23T20:30:00.000Z,False,True,False,True,10526,4418,Jerry Richardson Stadium,2429,Charlotte,fbs,Conference USA,24,"[0, 7, 3, 14]",0.9179976582527161,1291,1327,276,Marshall,fbs,Conference USA,13,"[7, 3, 3, 0]",0.08200234174728394,1491,1455,4.733952081316041,https://www.youtube.com/watch?v=MVtv5Hoo9E8,,
401112210,2019,13,regular,2019-11-23T20:30:00.000Z,False,True,False,True,34082,3665,SECU Stadium,120,Maryland,fbs,Big Ten,7,"[0, 0, 0, 7]",0,1303,1181,158,Nebraska,fbs,Big Ten,54,"[17, 17, 10, 10]",1,1468,1590,2.5617033805406577,https://www.youtube.com/watch?v=Sms2FSdvQyE,,
401112519,2019,13,regular,2019-11-23T20:30:00.000Z,False,True,False,True,55936,3799,Lane Stadium,259,Virginia Tech,fbs,ACC,28,"[14, 7, 0, 7]",0.9802259802818298,1648,1715,221,Pittsburgh,fbs,ACC,0,"[0, 0, 0, 0]",0.019774019718170166,1594,1527,2.3134711849644014,https://www.youtube.com/watch?v=Am_pIfHog4o,,
401112167,2019,13,regular,2019-11-23T20:30:00.000Z,False,True,False,True,43671,3830,"Memorial Stadium (Bloomington, IN)",84,Indiana,fbs,Big Ten,14,"[7, 7, 0, 0]",0.01617622934281826,1641,1615,130,Michigan,fbs,Big Ten,39,"[7, 14, 18, 0]",0.9838237706571817,2001,2027,3.955328629477863,https://www.youtube.com/watch?v=d-7z0FaRies,,
401117911,2019,13,regular,2019-11-23T20:30:00.000Z,False,True,False,True,33732,3852,Navy-Marine Corps Memorial Stadium,2426,Navy,fbs,American Athletic,35,"[7, 3, 10, 15]",0.9022092223167419,1595,1606,2567,SMU,fbs,American Athletic,28,"[7, 14, 0, 7]",0.09779077768325806,1616,1605,6.049599101937089,https://www.youtube.com/watch?v=DEH6PG5gyH0,,
401117553,2019,13,regular,2019-11-23T21:00:00.000Z,False,True,False,True,17373,3914,Sam Boyd Stadium,2439,UNLV,fbs,Mountain West,38,"[7, 14, 3, 14]",0.7687506079673767,1170,1172,23,San José State,fbs,Mountain West,35,"[6, 0, 22, 7]",0.2312493920326233,1273,1271,8.286703804107763,https://www.youtube.com/watch?v=q6GUii8nvxw,,
401112263,2019,13,regular,2019-11-23T21:00:00.000Z,False,True,False,True,70747,347,Camp Randall Stadium,275,Wisconsin,fbs,Big Ten,45,"[14, 10, 14, 7]",0.992505669593811,1971,1975,2509,Purdue,fbs,Big Ten,24,"[3, 14, 7, 0]",0.007494330406188965,1489,1485,4.023310758846251,https://www.youtube.com/watch?v=i1YnDnFP2FI,,
401114182,2019,13,regular,2019-11-23T21:00:00.000Z,False,True,False,True,48904,3940,Stanford Stadium,24,Stanford,fbs,Pac-12,20,"[7, 3, 7, 3]",0.13227003812789917,1462,1455,25,California,fbs,Pac-12,24,"[7, 3, 0, 14]",0.8677299618721008,1454,1461,6.106806830008254,https://www.youtube.com/watch?v=5XjXmnRCIKk,,
401126936,2019,13,regular,2019-11-23T21:00:00.000Z,False,True,False,True,,3942,Stewart Stadium,2692,Weber State,fcs,Big Sky,38,"[7, 24, 7, 0]",,,,304,Idaho State,fcs,Big Sky,10,"[0, 0, 3, 7]",,,,,,,
401128714,2019,13,regular,2019-11-23T21:00:00.000Z,False,True,False,True,,3882,Provost Umphrey Stadium,2320,Lamar,fcs,Southland,3,"[0, 0, 0, 3]",,,,2377,McNeese,fcs,Southland,27,"[7, 0, 0, 20]",,,,,,,
401128467,2019,13,regular,2019-11-23T21:00:00.000Z,False,True,False,True,,3740,Golden Lion Stadium,2029,Arkansas-Pine Bluff,fcs,SWAC,45,"[10, 21, 0, 14]",,,,2640,Texas Southern,fcs,SWAC,13,"[0, 7, 0, 6]",,,,,,,
401126928,2019,13,regular,2019-11-23T21:00:00.000Z,False,True,False,True,,2023,Walkup Skydome,2464,Northern Arizona,fcs,Big Sky,53,"[10, 20, 6, 17, 0]",,,,70,Idaho,fcs,Big Sky,60,"[10, 14, 22, 7, 7]",,,,,,,
401114319,2019,13,regular,2019-11-23T21:00:00.000Z,False,True,False,False,21584,3601,Aggie Memorial Stadium,166,New Mexico State,fbs,FBS Independents,44,"[7, 7, 7, 23]",0.5666019916534424,962,979,2638,UTEP,fbs,Conference USA,35,"[0, 13, 3, 19]",0.4333980083465576,996,979,7.278341867028811,,,
401112516,2019,13,regular,2019-11-23T21:00:00.000Z,False,True,False,True,46769,3873,L&N Federal Credit Union Stadium,97,Louisville,fbs,ACC,56,"[21, 7, 21, 7]",0.9549611210823059,1343,1417,183,Syracuse,fbs,ACC,34,"[3, 7, 17, 7]",0.04503887891769409,1525,1451,2.7362851780036346,https://www.youtube.com/watch?v=PEWHw3IKwNs,,
401117909,2019,13,regular,2019-11-23T21:00:00.000Z,False,True,False,True,25136,3886,Raymond James Stadium,58,South Florida,fbs,American Athletic,10,"[10, 0, 0, 0]",0,1317,1259,235,Memphis,fbs,American Athletic,49,"[7, 21, 14, 7]",1,1752,1810,3.7283001184254783,https://www.youtube.com/watch?v=ZWDz3GupP3A,,
401126920,2019,13,regular,2019-11-23T21:05:00.000Z,False,True,False,True,,3906,Roos Field,331,Eastern Washington,fcs,Big Sky,53,"[17, 13, 15, 8]",,,,2502,Portland State,fcs,Big Sky,46,"[7, 10, 8, 21]",,,,,,,
401114316,2019,13,regular,2019-11-23T21:30:00.000Z,False,True,False,True,9806,3725,"Johnny ""Red"" Floyd Stadium",2393,Middle Tennessee,fbs,Conference USA,38,"[14, 14, 7, 3]",0.8597222566604614,1371,1393,295,Old Dominion,fbs,Conference USA,17,"[7, 3, 7, 0]",0.14027774333953857,1091,1069,3.024005786512172,https://www.youtube.com/watch?v=dNz8LkTHskA,,
401121977,2019,13,regular,2019-11-23T22:00:00.000Z,False,True,False,True,14262,3666,Cajun Field,309,Louisiana,fbs,Sun Belt,53,"[14, 17, 19, 3]",0.9507039189338684,1627,1766,2653,Troy,fbs,Sun Belt,3,"[3, 0, 0, 0]",0.04929608106613159,1526,1387,2.609826425050599,,,
401121975,2019,13,regular,2019-11-23T22:00:00.000Z,False,True,False,True,10135,3817,Malone Stadium,2433,UL Monroe,fbs,Sun Belt,45,"[14, 7, 10, 14]",0.770855724811554,1188,1189,324,Coastal Carolina,fbs,Sun Belt,42,"[14, 0, 14, 14]",0.22914427518844604,1226,1225,7.894184840049245,https://www.youtube.com/watch?v=wOnbfGulLno,,
401126972,2019,13,regular,2019-11-23T22:00:00.000Z,False,True,False,True,,3757,Hornet Stadium,16,Sacramento State,fcs,Big Sky,27,"[3, 7, 3, 14]",,,,302,UC Davis,fcs,Big Sky,17,"[7, 10, 0, 0]",,,,,,,
401114314,2019,13,regular,2019-11-23T23:00:00.000Z,False,True,False,True,14335,3604,Alamodome,2636,UTSA,fbs,Conference USA,26,"[3, 0, 8, 15]",0.03440888971090317,1058,1075,2226,Florida Atlantic,fbs,Conference USA,40,"[7, 10, 16, 7]",0.9655911102890968,1616,1599,3.77380742083504,https://www.youtube.com/watch?v=-D6MLCQBHiM,,
401117907,2019,13,regular,2019-11-24T00:00:00.000Z,False,True,False,True,30101,3854,Nippert Stadium,2132,Cincinnati,fbs,American Athletic,15,"[0, 6, 7, 2]",0.9409928917884827,1695,1692,218,Temple,fbs,American Athletic,13,"[0, 0, 0, 13]",0.059007108211517334,1444,1447,4.834975869768985,https://www.youtube.com/watch?v=vxvmm0XZxTc,,
401112113,2019,13,regular,2019-11-24T00:00:00.000Z,False,True,False,True,50117,3784,Jones AT&T Stadium,2641,Texas Tech,fbs,Big 12,27,"[0, 3, 14, 10]",0.2685520052909851,1585,1586,2306,Kansas State,fbs,Big 12,30,"[3, 3, 17, 7]",0.7314479947090149,1673,1672,6.1459799394182015,https://www.youtube.com/watch?v=F4QDg6m_yF8,,
401110859,2019,13,regular,2019-11-24T00:00:00.000Z,False,True,False,True,101173,3958,Tiger Stadium (LA),99,LSU,fbs,SEC,56,"[7, 21, 21, 7]",0.9744508266448975,2036,2042,8,Arkansas,fbs,SEC,20,"[3, 3, 0, 14]",0.02554917335510254,1202,1196,2.923028906216836,https://www.youtube.com/watch?v=GWXuq1JKFa8,,
401112517,2019,13,regular,2019-11-24T00:00:00.000Z,False,True,False,False,27339,218,FIU Stadium,2229,Florida International,fbs,Conference USA,30,"[10, 3, 3, 14]",0.9651749134063721,1313,1338,2390,Miami,fbs,ACC,24,"[0, 0, 3, 21]",0.03482508659362793,1635,1610,3.847711489052429,https://www.youtube.com/watch?v=dPb6AGkPJdU,,
401110861,2019,13,regular,2019-11-24T00:30:00.000Z,False,True,False,True,49348,3838,Memorial Stadium,142,Missouri,fbs,SEC,20,"[3, 7, 7, 3]",0.1920822262763977,1668,1653,2633,Tennessee,fbs,SEC,24,"[0, 17, 7, 0]",0.8079177737236023,1542,1557,6.540853269578838,https://www.youtube.com/watch?v=cMWXhkxI9TQ,,
401112515,2019,13,regular,2019-11-24T00:30:00.000Z,False,True,False,True,24130,3630,Allegacy Federal Credit Union Stadium,154,Wake Forest,fbs,ACC,39,"[3, 10, 10, 16]",0.9559476971626282,1530,1538,150,Duke,fbs,ACC,27,"[7, 3, 3, 14]",0.044052302837371826,1335,1327,6.714264253049398,https://www.youtube.com/watch?v=wk5jWOhHSbQ,,
401117910,2019,13,regular,2019-11-24T00:30:00.000Z,False,True,False,True,16120,3674,Chapman Stadium,202,Tulsa,fbs,American Athletic,14,"[7, 0, 0, 7]",0.0961095467209816,1332,1323,248,Houston,fbs,American Athletic,24,"[0, 14, 3, 7]",0.9038904532790184,1465,1474,4.852137542707414,https://www.youtube.com/watch?v=5Al1Qn52pyA,,
401114162,2019,13,regular,2019-11-24T00:30:00.000Z,False,True,False,True,51875,3947,Mountain America Stadium,9,Arizona State,fbs,Pac-12,31,"[7, 3, 3, 18]",0.9994776248931885,1557,1564,2483,Oregon,fbs,Pac-12,28,"[7, 0, 0, 21]",0.0005223751068115234,1968,1961,5.199423109248625,https://www.youtube.com/watch?v=bqnIrNgc1NY,,
401110860,2019,13,regular,2019-11-24T00:30:00.000Z,False,True,False,False,54683,3693,Davis Wade Stadium,344,Mississippi State,fbs,SEC,45,"[7, 14, 7, 17]",0.9866151809692383,,,2000,Abilene Christian,fcs,Southland,7,"[0, 7, 0, 0]",0.013384819030761719,,,2.5168133844257525,,,
401112120,2019,13,regular,2019-11-24T01:00:00.000Z,False,True,False,True,82241,3835,"Memorial Stadium (Norman, OK)",201,Oklahoma,fbs,Big 12,28,"[14, 7, 7, 0]",0.8504981398582458,1972,1965,2628,TCU,fbs,Big 12,24,"[0, 10, 7, 7]",0.14950186014175415,1631,1638,3.765734406290105,https://www.youtube.com/watch?v=WHoYVdlAv5Y,,
401114206,2019,13,regular,2019-11-24T02:00:00.000Z,False,True,False,True,22016,3820,Gesa Field,265,Washington State,fbs,Pac-12,54,"[7, 14, 14, 19]",0.6614951491355896,1714,1702,204,Oregon State,fbs,Pac-12,53,"[7, 17, 0, 29]",0.3385048508644104,1330,1342,9.37082089644433,https://www.youtube.com/watch?v=BGcB1skEF9g,,
401114191,2019,13,regular,2019-11-24T03:00:00.000Z,False,True,False,True,44618,3726,Folsom Field,38,Colorado,fbs,Pac-12,20,"[3, 10, 7, 0]",0.9842905402183533,1340,1373,264,Washington,fbs,Pac-12,14,"[0, 0, 7, 7]",0.01570945978164673,1795,1762,4.471233250625084,,,
401114173,2019,13,regular,2019-11-24T03:00:00.000Z,False,True,False,True,35991,3619,Arizona Stadium,12,Arizona,fbs,Pac-12,7,"[0, 0, 0, 7]",0.00273160170763731,1337,1332,254,Utah,fbs,Pac-12,35,"[14, 0, 14, 7]",0.9972683982923627,1989,1994,1.9056620598068577,https://www.youtube.com/watch?v=YaFn1i4mpZ8,,
401117551,2019,13,regular,2019-11-24T03:30:00.000Z,False,True,False,True,32303,3660,Valley Children's Stadium,278,Fresno State,fbs,Mountain West,28,"[7, 14, 7, 0]",0.051360223442316055,1528,1481,2440,Nevada,fbs,Mountain West,35,"[14, 0, 14, 7]",0.948639776557684,1135,1182,5.663482873444987,https://www.youtube.com/watch?v=ozdTpS_PE74,,
401117549,2019,13,regular,2019-11-24T03:30:00.000Z,False,True,False,True,18315,3905,Maverik Stadium,328,Utah State,fbs,Mountain West,21,"[7, 0, 7, 7]",0.007470618933439255,1504,1432,68,Boise State,fbs,Mountain West,56,"[21, 21, 14, 0]",0.9925293810665607,1731,1803,3.7710971268511844,https://www.youtube.com/watch?v=l2n-AIREO_Q,,
401117552,2019,13,regular,2019-11-24T04:00:00.000Z,False,True,False,True,24911,3610,Aloha Stadium,62,Hawai'i,fbs,Mountain West,14,"[7, 0, 7, 0]",0.4507617950439453,1376,1379,21,San Diego State,fbs,Mountain West,11,"[0, 3, 0, 8]",0.5492382049560547,1489,1486,4.502834254531139,https://www.youtube.com/watch?v=kRN5KpBdDrQ,,
401119310,2019,14,regular,2019-11-26T23:00:00.000Z,False,True,False,True,21414,3768,InfoCision Stadium,2006,Akron,fbs,Mid-American,3,"[3, 0, 0, 0]",0.0032683766912668943,803,756,195,Ohio,fbs,Mid-American,52,"[14, 17, 7, 14]",0.9967316233087331,1585,1632,2.5713990371467474,,,
401119311,2019,14,regular,2019-11-27T00:00:00.000Z,False,True,False,True,3568,3764,Huskie Stadium,2459,Northern Illinois,fbs,Mid-American,17,"[3, 7, 0, 7]",0.6737271547317505,1219,1224,2711,Western Michigan,fbs,Mid-American,14,"[0, 0, 7, 7]",0.3262728452682495,1481,1476,4.998910391610468,,,
401128451,2019,14,regular,2019-11-28T20:00:00.000Z,False,True,False,True,,4582,Hornet Stadium,2011,Alabama State,fcs,SWAC,17,"[0, 3, 6, 8]",,,,2504,Prairie View A&M,fcs,SWAC,20,"[0, 14, 6, 0]",,,,,,,
401110863,2019,14,regular,2019-11-29T00:30:00.000Z,False,True,False,True,57529,3693,Davis Wade Stadium,344,Mississippi State,fbs,SEC,21,"[7, 7, 7, 0]",0.3750979006290436,1622,1622,145,Ole Miss,fbs,SEC,20,"[0, 14, 0, 6]",0.6249020993709564,1587,1587,5.696007334799149,https://www.youtube.com/watch?v=-dGesLJS1ys,,
401119314,2019,14,regular,2019-11-29T17:00:00.000Z,False,True,False,True,7155,3919,Scheumann Stadium,2050,Ball State,fbs,Mid-American,41,"[7, 7, 6, 21]",0.9611311554908752,1371,1399,193,Miami (OH),fbs,Mid-American,27,"[7, 20, 0, 0]",0.038868844509124756,1368,1340,4.912719997189113,,,
401112138,2019,14,regular,2019-11-29T17:00:00.000Z,False,True,False,True,93747,3910,DKR-Texas Memorial Stadium,251,Texas,fbs,Big 12,49,"[6, 22, 14, 7]",0.9897730350494385,1711,1760,2641,Texas Tech,fbs,Big 12,24,"[14, 7, 3, 0]",0.010226964950561523,1586,1537,4.778989074189002,https://www.youtube.com/watch?v=h4OqvQxCRkc,,
401112521,2019,14,regular,2019-11-29T17:00:00.000Z,False,True,False,True,52619,3923,Scott Stadium,258,Virginia,fbs,ACC,39,"[13, 0, 7, 19]",0.7831374406814575,1698,1714,259,Virginia Tech,fbs,ACC,30,"[3, 3, 21, 3]",0.21686255931854248,1715,1699,6.849057152149368,https://www.youtube.com/watch?v=qPD904-4c4o,,
401119312,2019,14,regular,2019-11-29T17:00:00.000Z,False,True,False,True,13749,3965,UB Stadium,2084,Buffalo,fbs,Mid-American,49,"[21, 14, 0, 14]",0.992511510848999,1528,1568,189,Bowling Green,fbs,Mid-American,7,"[0, 7, 0, 0]",0.0074884891510009766,867,827,1.7019145668755025,,,
401119315,2019,14,regular,2019-11-29T17:00:00.000Z,False,True,False,True,9101,3786,Kelly/Shorts Stadium,2117,Central Michigan,fbs,Mid-American,49,"[14, 21, 7, 7]",0.9934287071228027,1389,1496,2649,Toledo,fbs,Mid-American,7,"[0, 7, 0, 0]",0.006571292877197266,1267,1160,2.3679750674547173,,,
401119313,2019,14,regular,2019-11-29T17:00:00.000Z,False,True,False,True,13444,3912,Rynearson Stadium,2199,Eastern Michigan,fbs,Mid-American,26,"[7, 7, 6, 6]",0.17538580298423767,1368,1341,2309,Kent State,fbs,Mid-American,34,"[14, 10, 7, 3]",0.8246141970157623,1233,1260,6.3013075019464,,,
401110864,2019,14,regular,2019-11-29T19:30:00.000Z,False,True,False,True,33961,3983,War Memorial Stadium (AR),8,Arkansas,fbs,SEC,14,"[7, 0, 7, 0]",0.24928267300128937,1196,1211,142,Missouri,fbs,SEC,24,"[0, 10, 7, 7]",0.7507173269987106,1653,1638,6.325316170192355,https://www.youtube.com/watch?v=0MKdPq3RTDo,,
401112200,2019,14,regular,2019-11-29T19:30:00.000Z,False,True,False,True,89039,3834,"Memorial Stadium (Lincoln, NE)",158,Nebraska,fbs,Big Ten,24,"[3, 7, 14, 0]",0.5158697366714478,1590,1602,2294,Iowa,fbs,Big Ten,27,"[14, 10, 0, 3]",0.48413026332855225,1886,1874,5.613888302645978,https://www.youtube.com/watch?v=NHChm3knZxQ,,
401117554,2019,14,regular,2019-11-29T20:30:00.000Z,False,True,False,True,12324,5388,Canvas Stadium,36,Colorado State,fbs,Mountain West,24,"[7, 7, 7, 3]",0.09312214702367783,1345,1364,68,Boise State,fbs,Mountain West,31,"[7, 17, 0, 7]",0.9068778529763222,1803,1784,5.782025311516289,https://www.youtube.com/watch?v=PkKUFSuQoDM,,
401117913,2019,14,regular,2019-11-29T20:30:00.000Z,False,True,False,True,36472,3805,Simmons Bank Liberty Stadium,235,Memphis,fbs,American Athletic,34,"[17, 3, 0, 14]",0.9813882112503052,1810,1819,2132,Cincinnati,fbs,American Athletic,24,"[3, 14, 0, 7]",0.018611788749694824,1692,1683,4.325972854294397,https://www.youtube.com/watch?v=SAB3t4c_wlQ,,
401114232,2019,14,regular,2019-11-29T21:00:00.000Z,False,True,False,True,70931,3765,Husky Stadium,264,Washington,fbs,Pac-12,31,"[7, 14, 7, 3]",0.9432212114334106,1762,1796,265,Washington State,fbs,Pac-12,13,"[7, 3, 3, 0]",0.056778788566589355,1702,1668,3.610762588238782,https://www.youtube.com/watch?v=LNJXMZNMHII,,
401112134,2019,14,regular,2019-11-29T21:15:00.000Z,False,True,False,True,40126,3616,Amon G. Carter Stadium,2628,TCU,fbs,Big 12,17,"[7, 3, 7, 0]",0.4163273870944977,1638,1625,277,West Virginia,fbs,Big 12,20,"[7, 3, 3, 7]",0.5836726129055023,1497,1510,6.123536540061663,https://www.youtube.com/watch?v=roLeP2Em2kw,,
401121979,2019,14,regular,2019-11-29T22:00:00.000Z,False,True,False,True,16319,3797,Ladd Peebles Stadium,6,South Alabama,fbs,Sun Belt,34,"[14, 0, 6, 14]",0.8669297099113464,1077,1090,2032,Arkansas State,fbs,Sun Belt,30,"[7, 0, 10, 13]",0.13307029008865356,1394,1381,6.9450705289584045,,,
401121978,2019,14,regular,2019-11-29T23:00:00.000Z,False,True,False,True,18989,3975,Veterans Memorial Stadium (AL),2653,Troy,fbs,Sun Belt,13,"[10, 3, 0, 0]",0.007386612705886364,1387,1332,2026,App State,fbs,Sun Belt,48,"[20, 14, 7, 7]",0.9926133872941136,1747,1802,3.0421993471902287,https://www.youtube.com/watch?v=71q2DaLssSc,,
401117912,2019,14,regular,2019-11-30T01:00:00.000Z,False,True,False,True,45216,3652,FBC Mortgage Stadium,2116,UCF,fbs,American Athletic,34,"[7, 17, 7, 3]",0.9906269311904907,1872,1878,58,South Florida,fbs,American Athletic,7,"[0, 0, 7, 0]",0.009373068809509277,1259,1253,2.3364362927924662,https://www.youtube.com/watch?v=EojMxcBiqpo,,
401112156,2019,14,regular,2019-11-30T17:00:00.000Z,False,True,False,True,35895,3832,"Memorial Stadium (Champaign, IL)",356,Illinois,fbs,Big Ten,10,"[0, 7, 3, 0]",0.17884092032909393,1489,1436,77,Northwestern,fbs,Big Ten,29,"[3, 7, 7, 12]",0.8211590796709061,1439,1492,4.131490544138158,https://www.youtube.com/watch?v=PGiEhOwE9kI,,
401110868,2019,14,regular,2019-11-30T17:00:00.000Z,False,True,False,False,48336,3683,Kroger Field,96,Kentucky,fbs,SEC,45,"[7, 10, 14, 14]",0.9778153300285339,1650,1709,97,Louisville,fbs,ACC,13,"[6, 7, 0, 0]",0.022184669971466064,1417,1358,2.672318167478833,https://www.youtube.com/watch?v=G4ydTY33qN0,,
401117915,2019,14,regular,2019-11-30T17:00:00.000Z,False,True,False,True,27978,3699,Dowdy-Ficklen Stadium,151,East Carolina,fbs,American Athletic,24,"[3, 0, 7, 14]",0.009857703000307083,1153,1106,202,Tulsa,fbs,American Athletic,49,"[7, 14, 14, 14]",0.9901422969996929,1323,1370,3.1799985392066135,https://www.youtube.com/watch?v=fcBS4v4IXs0,,
401110867,2019,14,regular,2019-11-30T17:00:00.000Z,False,True,False,False,55000,721,Bobby Dodd Stadium,59,Georgia Tech,fbs,ACC,7,"[0, 7, 0, 0]",0.027748359367251396,1306,1262,61,Georgia,fbs,SEC,52,"[17, 0, 21, 14]",0.9722516406327486,2017,2061,2.6458139000955483,https://www.youtube.com/watch?v=sy66umKsip0,,
401186000,2019,14,regular,2019-11-30T17:00:00.000Z,False,True,False,False,,5389,Kessler Stadium,2405,Monmouth,fcs,Big South,44,"[7, 19, 11, 7]",,,,107,Holy Cross,fcs,Patriot,27,"[0, 7, 6, 14]",,,,,,FCS CHAMPIONSHIP - FIRST ROUND,
401112168,2019,14,regular,2019-11-30T17:00:00.000Z,False,True,False,True,55338,3907,Ross-Ade Stadium,2509,Purdue,fbs,Big Ten,41,"[0, 10, 7, 14, 7, 3]",0,1485,1488,84,Indiana,fbs,Big Ten,44,"[7, 14, 7, 3, 7, 6]",1,1615,1612,8.821213615389901,https://www.youtube.com/watch?v=pIX_0ZODDxE,,
401114321,2019,14,regular,2019-11-30T17:00:00.000Z,False,True,False,True,18596,3775,Joan C. Edwards Stadium,276,Marshall,fbs,Conference USA,30,"[0, 10, 7, 7, 6]",0.8734099864959717,1455,1454,2229,Florida International,fbs,Conference USA,27,"[0, 7, 0, 17, 3]",0.12659001350402832,1338,1339,8.296962969202117,https://www.youtube.com/watch?v=r6XmKV377N8,,
401121980,2019,14,regular,2019-11-30T17:00:00.000Z,False,True,False,True,15102,3654,Brooks Stadium (SC),324,Coastal Carolina,fbs,Sun Belt,24,"[0, 7, 7, 10]",0.9174847602844238,1225,1224,326,Texas State,fbs,Sun Belt,21,"[0, 7, 0, 14]",0.08251523971557617,1038,1039,5.142422280613042,,,
401110870,2019,14,regular,2019-11-30T17:00:00.000Z,False,True,False,False,80580,3994,Williams-Brice Stadium,2579,South Carolina,fbs,SEC,3,"[0, 3, 0, 0]",0.011241721920669079,1501,1497,228,Clemson,fbs,ACC,38,"[14, 10, 7, 7]",0.9887582780793309,2332,2336,2.7325297108322304,https://www.youtube.com/watch?v=WVKNVQyq3c8,,
401112228,2019,14,regular,2019-11-30T17:00:00.000Z,False,True,False,True,112071,3558,Michigan Stadium,130,Michigan,fbs,Big Ten,27,"[13, 3, 3, 8]",0,2027,1984,194,Ohio State,fbs,Big Ten,56,"[14, 14, 14, 14]",1,2338,2381,4.746098961014583,https://www.youtube.com/watch?v=_G-i2F9tkZ8,,
401112525,2019,14,regular,2019-11-30T17:30:00.000Z,False,True,False,True,33719,1964,JMA Wireless Dome,183,Syracuse,fbs,ACC,39,"[10, 7, 3, 10, 9]",0.9542230367660522,1451,1472,154,Wake Forest,fbs,ACC,30,"[3, 3, 14, 10, 0]",0.045776963233947754,1538,1517,8.651742396095901,https://www.youtube.com/watch?v=z83Xi6YcZhQ,,
401185995,2019,14,regular,2019-11-30T18:00:00.000Z,False,True,False,False,,4419,Bob Ford Field,399,UAlbany,fcs,CAA,42,"[0, 7, 28, 7]",,,,2115,Central Connecticut,fcs,NEC,14,"[7, 0, 0, 7]",,,,,,FCS CHAMPIONSHIP - FIRST ROUND,
401185996,2019,14,regular,2019-11-30T18:00:00.000Z,False,True,False,False,,3742,Governors Stadium,2046,Austin Peay,fcs,OVC,42,"[7, 0, 28, 7]",,,,231,Furman,fcs,Southern,6,"[0, 3, 0, 3]",,,,,,FCS CHAMPIONSHIP - FIRST ROUND,
401114324,2019,14,regular,2019-11-30T19:00:00.000Z,False,True,False,True,7589,3796,Houchens Industries-L.T. Smith Stadium,98,Western Kentucky,fbs,Conference USA,31,"[3, 7, 7, 14]",0.9834078550338745,1525,1525,2393,Middle Tennessee,fbs,Conference USA,26,"[3, 10, 0, 13]",0.01659214496612549,1393,1393,7.203105174924076,https://www.youtube.com/watch?v=Nzf50AYJ8f8,,
401185994,2019,14,regular,2019-11-30T19:00:00.000Z,False,True,False,False,,3758,Houck Stadium,2546,Southeast Missouri State,fcs,OVC,6,"[3, 0, 0, 3]",,,,2287,Illinois State,fcs,MVFC,24,"[7, 14, 0, 3]",,,,,,FCS CHAMPIONSHIP - FIRST ROUND,
401114320,2019,14,regular,2019-11-30T19:00:00.000Z,False,True,False,True,16369,3918,S.B. Ballard Stadium,295,Old Dominion,fbs,Conference USA,22,"[7, 0, 7, 8]",0.24038921296596527,1069,1056,2429,Charlotte,fbs,Conference USA,38,"[14, 10, 14, 0]",0.7596107870340347,1327,1340,4.658308450053997,https://www.youtube.com/watch?v=w3p9bL0RPHo,,
401114346,2019,14,regular,2019-11-30T19:00:00.000Z,False,True,False,False,18674,3992,Williams Stadium (VA),2335,Liberty,fbs,FBS Independents,49,"[10, 10, 15, 14]",0.9982233643531799,1299,1317,166,New Mexico State,fbs,FBS Independents,28,"[7, 7, 7, 7]",0.0017766356468200684,979,961,3.7766036020691014,,,
401185999,2019,14,regular,2019-11-30T19:00:00.000Z,False,True,False,False,,3967,UNI-Dome,2460,Northern Iowa,fcs,MVFC,17,"[7, 0, 0, 10]",,,,301,San Diego,fcs,Pioneer,3,"[0, 3, 0, 0]",,,,,,FCS CHAMPIONSHIP - FIRST ROUND,
401117556,2019,14,regular,2019-11-30T19:00:00.000Z,False,True,False,True,21425,3713,Falcon Stadium,2005,Air Force,fbs,Mountain West,20,"[0, 7, 3, 10]",0.888720691204071,1687,1706,2751,Wyoming,fbs,Mountain West,6,"[0, 0, 0, 6]",0.11127930879592896,1574,1555,2.9291722956427755,https://www.youtube.com/watch?v=7quC8UTgK74,,
401114326,2019,14,regular,2019-11-30T20:00:00.000Z,False,True,False,True,11776,3946,Sun Bowl,2638,UTEP,fbs,Conference USA,16,"[6, 10, 0, 0]",0.031053923070430756,979,968,242,Rice,fbs,Conference USA,30,"[14, 0, 10, 6]",0.9689460769295692,1199,1210,4.771086077842444,https://www.youtube.com/watch?v=-C7Nfs6iSkY,,
401117558,2019,14,regular,2019-11-30T20:00:00.000Z,False,True,False,True,16683,3816,Mackay Stadium,2440,Nevada,fbs,Mountain West,30,"[0, 13, 0, 14, 3]",0.348285973072052,1182,1177,2439,UNLV,fbs,Mountain West,33,"[17, 7, 0, 3, 6]",0.651714026927948,1172,1177,6.25706706801387,https://www.youtube.com/watch?v=XtUqZoiZGMc,,
401114322,2019,14,regular,2019-11-30T20:30:00.000Z,False,True,False,True,13414,3715,FAU Stadium,2226,Florida Atlantic,fbs,Conference USA,34,"[10, 7, 7, 10]",0.9835566878318787,1599,1626,2572,Southern Miss,fbs,Conference USA,17,"[0, 10, 7, 0]",0.016443312168121338,1495,1468,3.5453622644782485,https://www.youtube.com/watch?v=GMoAsXuu2BI,,
401112261,2019,14,regular,2019-11-30T20:30:00.000Z,False,True,False,True,98895,3632,Beaver Stadium,213,Penn State,fbs,Big Ten,27,"[7, 0, 6, 14]",0.9355490803718567,2000,1968,164,Rutgers,fbs,Big Ten,6,"[3, 0, 0, 3]",0.06445091962814331,1062,1094,3.6617414878026575,https://www.youtube.com/watch?v=zqo3Yy1dzeM,,
401110865,2019,14,regular,2019-11-30T20:30:00.000Z,False,True,False,True,87451,3785,Jordan-Hare Stadium,2,Auburn,fbs,SEC,48,"[7, 20, 13, 8]",0.7716699838638306,1938,1942,333,Alabama,fbs,SEC,45,"[3, 28, 7, 7]",0.22833001613616943,2164,2160,8.597189244410163,https://www.youtube.com/watch?v=HBVKaWZSWEg,,
401112522,2019,14,regular,2019-11-30T20:30:00.000Z,False,True,False,True,40889,3752,Acrisure Stadium,221,Pittsburgh,fbs,ACC,19,"[0, 9, 7, 3]",0.042413365095853806,1527,1512,103,Boston College,fbs,ACC,26,"[6, 7, 10, 3]",0.9575866349041462,1508,1523,5.693930076371839,https://www.youtube.com/watch?v=UtswEpDFxD4,,
401112221,2019,14,regular,2019-11-30T20:30:00.000Z,False,True,False,True,51366,3936,Spartan Stadium,127,Michigan State,fbs,Big Ten,19,"[3, 10, 0, 6]",0.9600876569747925,1579,1575,120,Maryland,fbs,Big Ten,16,"[7, 0, 9, 0]",0.03991234302520752,1181,1185,5.681487815535098,https://www.youtube.com/watch?v=M6OXkDI2as4,,
401112237,2019,14,regular,2019-11-30T20:30:00.000Z,False,True,False,True,53756,3953,Huntington Bank Stadium,135,Minnesota,fbs,Big Ten,17,"[7, 0, 3, 7]",0.009989224374294281,1823,1786,275,Wisconsin,fbs,Big Ten,38,"[0, 10, 14, 14]",0.9900107756257057,1975,2012,3.4738878811605467,https://www.youtube.com/watch?v=CtXfIPNT3ss,,
401112523,2019,14,regular,2019-11-30T20:30:00.000Z,False,True,False,True,15913,3982,Wallace Wade Stadium,150,Duke,fbs,ACC,27,"[3, 10, 0, 14]",0.8963722586631775,1327,1366,2390,Miami,fbs,ACC,17,"[0, 14, 3, 0]",0.10362774133682251,1610,1571,7.263291124327601,https://www.youtube.com/watch?v=giDBCJa952M,,
401114323,2019,14,regular,2019-11-30T20:30:00.000Z,False,True,False,True,14782,3776,Joe Aillet Stadium,2348,Louisiana Tech,fbs,Conference USA,41,"[14, 10, 10, 7]",0.9499015808105469,1533,1525,2636,UTSA,fbs,Conference USA,27,"[10, 7, 3, 7]",0.050098419189453125,1075,1083,4.661603984506054,,,
401112084,2019,14,regular,2019-11-30T20:30:00.000Z,False,True,False,True,22531,3833,Memorial Stadium,2305,Kansas,fbs,Big 12,6,"[0, 0, 6, 0]",0.02360108494758606,1340,1222,239,Baylor,fbs,Big 12,61,"[21, 13, 14, 13]",0.9763989150524139,1719,1837,2.861738171016371,https://www.youtube.com/watch?v=kxVUFSvSS-k,,
401117914,2019,14,regular,2019-11-30T20:30:00.000Z,False,True,False,True,26083,3806,Lincoln Financial Field,218,Temple,fbs,American Athletic,49,"[7, 7, 28, 7]",0.9938063025474548,1447,1472,41,UConn,fbs,American Athletic,17,"[14, 3, 0, 0]",0.006193697452545166,902,877,3.7497676759326914,https://www.youtube.com/watch?v=uVW1NzZAke4,,
401185997,2019,14,regular,2019-11-30T21:00:00.000Z,False,True,False,False,,3737,Gibbs Stadium,2747,Wofford,fcs,Southern,21,"[7, 0, 7, 7]",,,,338,Kennesaw State,fcs,Big South,28,"[0, 7, 7, 14]",,,,,,FCS CHAMPIONSHIP - FIRST ROUND,
401185998,2019,14,regular,2019-11-30T21:00:00.000Z,False,True,False,False,,3944,Strawberry Stadium,2545,SE Louisiana,fcs,Southland,45,"[7, 7, 17, 14]",,,,222,Villanova,fcs,CAA,44,"[10, 21, 0, 13]",,,,,,FCS CHAMPIONSHIP - FIRST ROUND,
401185993,2019,14,regular,2019-11-30T21:00:00.000Z,False,True,False,False,,3779,Manning Field at John L. Guidry Stadium,2447,Nicholls,fcs,Southland,24,"[3, 7, 7, 7]",,,,155,North Dakota,fcs,FCS Independents,6,"[0, 3, 3, 0]",,,,,,FCS CHAMPIONSHIP - FIRST ROUND,
401110871,2019,14,regular,2019-11-30T21:00:00.000Z,False,True,False,True,87367,3853,Neyland Stadium,2633,Tennessee,fbs,SEC,28,"[7, 14, 0, 7]",0.9273202419281006,1557,1564,238,Vanderbilt,fbs,SEC,10,"[3, 0, 0, 7]",0.07267975807189941,1190,1183,2.6343264552206875,https://www.youtube.com/watch?v=JyL6ascHDH8,,
401114212,2019,14,regular,2019-11-30T21:00:00.000Z,False,True,False,False,37391,3940,Stanford Stadium,24,Stanford,fbs,Pac-12,24,"[10, 7, 0, 7]",0.050007585843387506,1455,1454,87,Notre Dame,fbs,FBS Independents,45,"[7, 14, 7, 17]",0.9499924141566125,1964,1965,3.8506693014,https://www.youtube.com/watch?v=2yOwDudPxw8,,
401117917,2019,14,regular,2019-11-30T21:00:00.000Z,False,True,False,True,20761,3735,Gerald J. Ford Stadium,2567,SMU,fbs,American Athletic,37,"[14, 7, 0, 16]",0.9091079831123352,1605,1636,2655,Tulane,fbs,American Athletic,20,"[7, 3, 7, 3]",0.0908920168876648,1536,1505,3.71772104506114,https://www.youtube.com/watch?v=AEuMf4c6BIo,,
401114325,2019,14,regular,2019-11-30T21:00:00.000Z,False,True,False,True,16406,3825,DATCU Stadium,249,North Texas,fbs,Conference USA,21,"[7, 7, 7, 0]",0.037513479590415955,1327,1326,5,UAB,fbs,Conference USA,26,"[3, 14, 9, 0]",0.962486520409584,1434,1435,5.683160431239627,https://www.youtube.com/watch?v=oS9tRzs-z5U,,
401117555,2019,14,regular,2019-11-30T21:00:00.000Z,False,True,False,True,11611,3971,University Stadium (NM),167,New Mexico,fbs,Mountain West,25,"[0, 6, 12, 7]",0.020954269915819168,1094,1095,328,Utah State,fbs,Mountain West,38,"[7, 24, 7, 0]",0.9790457300841808,1432,1431,3.8669572773404317,https://www.youtube.com/watch?v=7rtwab_IGJU,,
401114199,2019,14,regular,2019-11-30T21:00:00.000Z,False,True,False,True,56243,3626,Autzen Stadium,2483,Oregon,fbs,Pac-12,24,"[10, 7, 0, 7]",1,1961,1942,204,Oregon State,fbs,Pac-12,10,"[3, 0, 0, 7]",0,1342,1361,3.4944724612406803,https://www.youtube.com/watch?v=EU3kP_YH53M,,
401128473,2019,14,regular,2019-11-30T22:00:00.000Z,False,True,True,True,,3493,Caesars Superdome,2755,Grambling,fcs,SWAC,28,"[7, 14, 0, 7]",,,,2582,Southern,fcs,SWAC,30,"[3, 14, 7, 6]",,,,,,,
401121981,2019,14,regular,2019-11-30T23:00:00.000Z,False,True,False,True,15175,3608,Allen E. Paulson Stadium,290,Georgia Southern,fbs,Sun Belt,38,"[7, 10, 14, 7]",0.9905115365982056,1407,1465,2247,Georgia State,fbs,Sun Belt,10,"[7, 0, 3, 0]",0.009488463401794434,1277,1219,2.7873200601422194,https://www.youtube.com/watch?v=UNT--3l7ja8,,
401112524,2019,14,regular,2019-12-01T00:00:00.000Z,False,True,False,True,56413,3670,Carter-Finley Stadium,152,NC State,fbs,ACC,10,"[3, 7, 0, 0]",0.005270056426525116,1337,1270,153,North Carolina,fbs,ACC,41,"[0, 6, 28, 7]",0.9947299435734749,1500,1567,4.274453746052859,https://www.youtube.com/watch?v=tovgysZ5FW0,,
401112095,2019,14,regular,2019-12-01T00:00:00.000Z,False,True,False,True,48990,3636,Bill Snyder Family Stadium,2306,Kansas State,fbs,Big 12,27,"[7, 7, 3, 10]",0.8038017749786377,1672,1699,66,Iowa State,fbs,Big 12,17,"[0, 14, 3, 0]",0.1961982250213623,1806,1779,4.02264277492667,https://www.youtube.com/watch?v=Ho7jw7HTXKU,,
401110869,2019,14,regular,2019-12-01T00:00:00.000Z,False,True,False,True,102218,3958,Tiger Stadium (LA),99,LSU,fbs,SEC,50,"[21, 10, 10, 9]",0.9910911917686462,2042,2138,245,Texas A&M,fbs,SEC,7,"[0, 0, 7, 0]",0.00890880823135376,1814,1718,2.040612814946173,https://www.youtube.com/watch?v=fo-m6L4zMSo,,
401117916,2019,14,regular,2019-12-01T00:00:00.000Z,False,True,False,True,22824,4728,TDECU Stadium,248,Houston,fbs,American Athletic,41,"[14, 13, 7, 7]",0.2850027084350586,1474,1452,2426,Navy,fbs,American Athletic,56,"[21, 7, 14, 14]",0.7149972915649414,1606,1628,7.311250569347181,https://www.youtube.com/watch?v=Xdeva4UBAHc,,
401121982,2019,14,regular,2019-12-01T00:30:00.000Z,False,True,False,True,14227,3666,Cajun Field,309,Louisiana,fbs,Sun Belt,31,"[7, 14, 7, 3]",0.7981259226799011,1766,1747,2433,UL Monroe,fbs,Sun Belt,30,"[7, 7, 10, 6]",0.20187407732009888,1189,1208,7.337588635496618,,,
401114192,2019,14,regular,2019-12-01T00:30:00.000Z,False,True,False,True,46879,587,Rice-Eccles Stadium,254,Utah,fbs,Pac-12,45,"[0, 17, 14, 14]",0.9951024055480957,1994,2006,38,Colorado,fbs,Pac-12,15,"[7, 0, 0, 8]",0.004897594451904297,1373,1361,3.3209084099940296,https://www.youtube.com/watch?v=xtke_zIecVY,,
401110866,2019,14,regular,2019-12-01T00:30:00.000Z,False,True,False,False,89409,3634,Ben Hill Griffin Stadium,57,Florida,fbs,SEC,40,"[7, 23, 7, 3]",0.9252719879150391,1910,1926,52,Florida State,fbs,ACC,17,"[7, 0, 10, 0]",0.07472801208496094,1519,1503,2.8825115701343473,https://www.youtube.com/watch?v=lGi_h64MwYo,,
401112121,2019,14,regular,2019-12-01T01:00:00.000Z,False,True,False,True,54575,3646,Boone Pickens Stadium,197,Oklahoma State,fbs,Big 12,16,"[7, 6, 3, 0]",0.012954527512192726,1660,1647,201,Oklahoma,fbs,Big 12,34,"[10, 10, 7, 7]",0.9870454724878073,1965,1978,4.059348509012075,https://www.youtube.com/watch?v=wqoyTX-iDOA,,
401117218,2019,14,regular,2019-12-01T02:00:00.000Z,False,True,False,False,28180,3932,Qualcomm Stadium,21,San Diego State,fbs,Mountain West,13,"[0, 7, 3, 3]",0.9509077072143555,1486,1508,252,BYU,fbs,FBS Independents,3,"[3, 0, 0, 0]",0.04909229278564453,1548,1526,3.6714719408319665,https://www.youtube.com/watch?v=ylU5dBU5dX4,,
401114163,2019,14,regular,2019-12-01T03:00:00.000Z,False,True,False,True,54074,3947,Mountain America Stadium,9,Arizona State,fbs,Pac-12,24,"[0, 6, 15, 3]",1,1564,1565,12,Arizona,fbs,Pac-12,14,"[0, 7, 0, 7]",0,1332,1331,4.517849240277113,https://www.youtube.com/watch?v=vRNBLA37hbQ,,
401114183,2019,14,regular,2019-12-01T03:30:00.000Z,False,True,False,True,38102,1056,Rose Bowl,26,UCLA,fbs,Pac-12,18,"[7, 3, 8, 0]",0.12487050890922546,1386,1372,25,California,fbs,Pac-12,28,"[7, 7, 7, 7]",0.8751294910907745,1461,1475,5.307244055232343,https://www.youtube.com/watch?v=NIwdBmQGnZ4,,
401117557,2019,14,regular,2019-12-01T03:30:00.000Z,False,True,False,True,12835,3935,CEFCU Stadium,23,San José State,fbs,Mountain West,17,"[3, 0, 7, 7]",0.6154201626777649,1271,1278,278,Fresno State,fbs,Mountain West,16,"[14, 2, 0, 0]",0.3845798373222351,1481,1474,5.8815181872103715,https://www.youtube.com/watch?v=noHD_8HFma4,,
401114334,2019,14,regular,2019-12-01T04:59:00.000Z,False,True,False,False,26256,3610,Aloha Stadium,62,Hawai'i,fbs,Mountain West,52,"[10, 14, 14, 14]",0.9823133945465088,1379,1458,349,Army,fbs,FBS Independents,31,"[10, 7, 14, 0]",0.01768660545349121,1630,1551,5.432854078669332,https://www.youtube.com/watch?v=4h1N7EWyW3I,,
401132973,2019,15,regular,2019-12-07T01:00:00.000Z,False,True,True,True,38679,4738,Levi's Stadium,2483,Oregon,fbs,Pac-12,37,"[10, 10, 3, 14]",0.99424147605896,1942,2011,254,Utah,fbs,Pac-12,15,"[0, 0, 15, 0]",0.005758523941040039,2006,1937,2.9901535069967227,https://www.youtube.com/watch?v=GpyDSr21fFs,,
401132974,2019,15,regular,2019-12-07T17:00:00.000Z,False,True,True,True,65191,3687,AT&T Stadium,201,Oklahoma,fbs,Big 12,30,"[10, 0, 10, 3, 7]",0.9328779578208923,1978,1984,239,Baylor,fbs,Big 12,23,"[0, 13, 0, 10, 0]",0.06712204217910767,1837,1831,6.520222887986531,https://www.youtube.com/watch?v=qBG9dtPd_Ys,,
401132982,2019,15,regular,2019-12-07T17:00:00.000Z,False,True,True,True,22427,3727,Ford Field,2117,Central Michigan,fbs,Mid-American,21,"[0, 14, 0, 7]",0.2593478262424469,1496,1483,193,Miami (OH),fbs,Mid-American,26,"[7, 3, 7, 9]",0.7406521737575531,1340,1353,6.499850060407151,https://www.youtube.com/watch?v=95jk0LfYi_U,,
401132984,2019,15,regular,2019-12-07T17:00:00.000Z,False,True,False,True,18618,3792,Kidd Brewer Stadium,2026,App State,fbs,Sun Belt,45,"[21, 14, 7, 3]",0.9086868762969971,1802,1808,309,Louisiana,fbs,Sun Belt,38,"[7, 10, 7, 14]",0.09131312370300293,1747,1741,2.8791716530741978,https://www.youtube.com/watch?v=j-wHpsBKQfs,,
401187253,2019,15,regular,2019-12-07T18:00:00.000Z,False,True,False,False,,3651,Bridgeforth Stadium,256,James Madison,fcs,CAA,66,"[21, 17, 14, 14]",,,,2405,Monmouth,fcs,Big South,21,"[14, 7, 0, 0]",,,,,,FCS CHAMPIONSHIP - SECOND ROUND,
401132980,2019,15,regular,2019-12-07T18:30:00.000Z,False,True,False,True,14387,3715,FAU Stadium,2226,Florida Atlantic,fbs,Conference USA,49,"[14, 21, 7, 7]",0.988764226436615,1626,1727,5,UAB,fbs,Conference USA,6,"[3, 3, 0, 0]",0.01123577356338501,1435,1334,2.3361079235706588,https://www.youtube.com/watch?v=7R21znaf2vU,,
401187277,2019,15,regular,2019-12-07T19:00:00.000Z,False,True,False,True,,5237,Dana J. Dykhouse Stadium,2571,South Dakota State,fcs,MVFC,10,"[10, 0, 0, 0]",,,,2460,Northern Iowa,fcs,MVFC,13,"[0, 3, 7, 3]",,,,,,FCS CHAMPIONSHIP - SECOND ROUND,
401187276,2019,15,regular,2019-12-07T20:00:00.000Z,False,True,False,False,,3711,Estes Stadium,2110,Central Arkansas,fcs,Southland,14,"[0, 7, 0, 7]",,,,2287,Illinois State,fcs,MVFC,24,"[0, 21, 0, 3]",,,,,,FCS CHAMPIONSHIP - SECOND ROUND,
401187315,2019,15,regular,2019-12-07T20:00:00.000Z,False,True,False,False,,3942,Stewart Stadium,2692,Weber State,fcs,Big Sky,26,"[3, 9, 14, 0]",,,,338,Kennesaw State,fcs,Big South,20,"[3, 14, 0, 3]",,,,,,FCS CHAMPIONSHIP - SECOND ROUND,
401187316,2019,15,regular,2019-12-07T20:00:00.000Z,False,True,False,False,,3987,Washington-Grizzly Stadium,149,Montana,fcs,Big Sky,73,"[10, 28, 20, 15]",,,,2545,SE Louisiana,fcs,Southland,28,"[7, 14, 7, 0]",,,,,,FCS CHAMPIONSHIP - SECOND ROUND,
401187252,2019,15,regular,2019-12-07T20:00:00.000Z,False,True,False,False,,3643,Bobcat Stadium,147,Montana State,fcs,Big Sky,47,"[16, 10, 14, 7]",,,,399,UAlbany,fcs,CAA,21,"[7, 0, 0, 14]",,,,,,FCS CHAMPIONSHIP - SECOND ROUND,
401132976,2019,15,regular,2019-12-07T20:30:00.000Z,False,True,False,True,33008,3805,Simmons Bank Liberty Stadium,235,Memphis,fbs,American Athletic,29,"[10, 0, 10, 9]",0.6453192234039307,1819,1819,2132,Cincinnati,fbs,American Athletic,24,"[7, 7, 7, 3]",0.35468077659606934,1683,1683,7.369098150969021,https://www.youtube.com/watch?v=Rcc03nOiP5I,,
401187313,2019,15,regular,2019-12-07T20:30:00.000Z,False,True,False,False,,3714,Fargodome,2449,North Dakota State,fcs,MVFC,37,"[7, 7, 10, 13]",,,,2447,Nicholls,fcs,Southland,13,"[3, 7, 3, 0]",,,,,,FCS CHAMPIONSHIP - SECOND ROUND,
401132981,2019,15,regular,2019-12-07T21:00:00.000Z,False,True,True,True,74150,5348,Mercedes-Benz Stadium,99,LSU,fbs,SEC,37,"[14, 3, 17, 3]",0.9852923154830933,2138,2207,61,Georgia,fbs,SEC,10,"[0, 3, 0, 7]",0.014707684516906738,2061,1992,2.203717504713043,https://www.youtube.com/watch?v=GMinxjQVJwU,,
401187336,2019,15,regular,2019-12-07T21:00:00.000Z,False,True,False,True,,3771,Jack Spinks Stadium,2016,Alcorn State,fcs,SWAC,39,"[9, 7, 0, 23]",,,,2582,Southern,fcs,SWAC,24,"[7, 7, 3, 7]",,,,,,SWAC Championship Game,
401132979,2019,15,regular,2019-12-07T21:00:00.000Z,False,True,False,True,23561,3653,Albertsons Stadium,68,Boise State,fbs,Mountain West,31,"[3, 14, 14, 0]",0.99430251121521,1784,1801,62,Hawai'i,fbs,Mountain West,10,"[3, 0, 0, 7]",0.005697488784790039,1458,1441,3.1400793616049536,https://www.youtube.com/watch?v=UKy5QHRkPX8,,
401132975,2019,15,regular,2019-12-08T00:30:00.000Z,False,True,True,True,66810,3628,Bank of America Stadium,228,Clemson,fbs,ACC,62,"[14, 17, 14, 17]",0.9911001324653625,2336,2396,258,Virginia,fbs,ACC,17,"[7, 0, 7, 3]",0.008899867534637451,1714,1654,2.811052843851129,https://www.youtube.com/watch?v=YMlO3N3khBI,,
401132983,2019,15,regular,2019-12-08T01:00:00.000Z,False,True,True,True,66649,3812,Lucas Oil Stadium,275,Wisconsin,fbs,Big Ten,21,"[7, 14, 0, 0]",0.02587413787841797,2012,2020,194,Ohio State,fbs,Big Ten,34,"[0, 7, 17, 10]",0.974125862121582,2381,2373,4.835239069049399,https://www.youtube.com/watch?v=NxtU7ihLijA,,
401187314,2019,15,regular,2019-12-08T02:00:00.000Z,False,True,False,False,,3757,Hornet Stadium,16,Sacramento State,fcs,Big Sky,28,"[0, 0, 14, 14]",,,,2046,Austin Peay,fcs,OVC,42,"[21, 0, 14, 7]",,,,,,FCS CHAMPIONSHIP - SECOND ROUND,
401114335,2019,15,regular,2019-12-14T20:00:00.000Z,False,True,True,False,68705,3806,Lincoln Financial Field,2426,Navy,fbs,American Athletic,31,"[0, 14, 7, 10]",1,1628,1687,349,Army,fbs,FBS Independents,7,"[7, 0, 0, 0]",0,1551,1492,2.6144716114414197,https://www.youtube.com/watch?v=tfcFYTNSaFg,,
401188397,2019,16,regular,2019-12-14T00:00:00.000Z,False,True,False,False,,3651,Bridgeforth Stadium,256,James Madison,fcs,CAA,17,"[7, 3, 0, 7]",,,,2460,Northern Iowa,fcs,MVFC,0,"[0, 0, 0, 0]",,,,,,FCS CHAMPIONSHIP - QUARTERFINALS,
401188398,2019,16,regular,2019-12-14T01:00:00.000Z,False,True,False,False,,3643,Bobcat Stadium,147,Montana State,fcs,Big Sky,24,"[10, 0, 14, 0]",,,,2046,Austin Peay,fcs,OVC,10,"[0, 3, 0, 7]",,,,,,FCS CHAMPIONSHIP - QUARTERFINALS,
401188399,2019,16,regular,2019-12-14T03:00:00.000Z,False,True,False,True,,3942,Stewart Stadium,2692,Weber State,fcs,Big Sky,17,"[0, 3, 7, 7]",,,,149,Montana,fcs,Big Sky,10,"[0, 7, 0, 3]",,,,,,FCS CHAMPIONSHIP - QUARTERFINALS,
401188396,2019,16,regular,2019-12-14T17:00:00.000Z,False,True,False,True,,3714,Fargodome,2449,North Dakota State,fcs,MVFC,9,"[0, 9, 0, 0]",,,,2287,Illinois State,fcs,MVFC,3,"[0, 0, 3, 0]",,,,,,FCS CHAMPIONSHIP - QUARTERFINALS,
