id,school,mascot,abbreviation,alternateNames,conference,division,classification,color,alternateColor,logos,twitter,location
2005,Air Force,Falcons,AF,"['AF', 'Air Force']",Mountain West,Mountain,fbs,#003594,#ffffff,"['https://cdn.collegefootballdata.com/logos/500/2005.png', 'https://cdn.collegefootballdata.com/logos-dark/500/2005.png', 'https://cdn.collegefootballdata.com/logos/256/2005.png', 'https://cdn.collegefootballdata.com/logos-dark/256/2005.png', 'https://cdn.collegefootballdata.com/logos/128/2005.png', 'https://cdn.collegefootballdata.com/logos-dark/128/2005.png', 'https://cdn.collegefootballdata.com/logos/96/2005.png', 'https://cdn.collegefootballdata.com/logos-dark/96/2005.png', 'https://cdn.collegefootballdata.com/logos/64/2005.png', 'https://cdn.collegefootballdata.com/logos-dark/64/2005.png', 'https://cdn.collegefootballdata.com/logos/48/2005.png', 'https://cdn.collegefootballdata.com/logos-dark/48/2005.png', 'https://cdn.collegefootballdata.com/logos/32/2005.png', 'https://cdn.collegefootballdata.com/logos-dark/32/2005.png', 'https://cdn.collegefootballdata.com/logos/16/2005.png', 'https://cdn.collegefootballdata.com/logos-dark/16/2005.png']",@AF_Football,"{'id': 3713, 'name': 'Falcon Stadium', 'city': 'Colorado Springs', 'state': 'CO', 'zip': '80840', 'countryCode': 'US', 'timezone': 'America/Denver', 'latitude': 38.9969701, 'longitude': -104.8436165, 'elevation': '2024.875732', 'capacity': 46692, 'constructionYear': 1962, 'grass': False, 'dome': False}"
2006,Akron,Zips,AKR,"['AKR', 'Akron']",Mid-American,East,fbs,#041e42,#a89968,"['https://cdn.collegefootballdata.com/logos/500/2006.png', 'https://cdn.collegefootballdata.com/logos-dark/500/2006.png', 'https://cdn.collegefootballdata.com/logos/256/2006.png', 'https://cdn.collegefootballdata.com/logos-dark/256/2006.png', 'https://cdn.collegefootballdata.com/logos/128/2006.png', 'https://cdn.collegefootballdata.com/logos-dark/128/2006.png', 'https://cdn.collegefootballdata.com/logos/96/2006.png', 'https://cdn.collegefootballdata.com/logos-dark/96/2006.png', 'https://cdn.collegefootballdata.com/logos/64/2006.png', 'https://cdn.collegefootballdata.com/logos-dark/64/2006.png', 'https://cdn.collegefootballdata.com/logos/48/2006.png', 'https://cdn.collegefootballdata.com/logos-dark/48/2006.png', 'https://cdn.collegefootballdata.com/logos/32/2006.png', 'https://cdn.collegefootballdata.com/logos-dark/32/2006.png', 'https://cdn.collegefootballdata.com/logos/16/2006.png', 'https://cdn.collegefootballdata.com/logos-dark/16/2006.png']",@ZipsFB,"{'id': 3768, 'name': 'InfoCision Stadium', 'city': 'Akron', 'state': 'OH', 'zip': '44399', 'countryCode': 'US', 'timezone': 'America/New_York', 'latitude': 41.0725534, 'longitude': -81.5083408, 'elevation': '321.2875061', 'capacity': 30000, 'constructionYear': 2009, 'grass': False, 'dome': False}"
333,Alabama,Crimson Tide,ALA,"['ALA', 'Alabama']",SEC,West,fbs,#9e1b32,#ffffff,"['https://cdn.collegefootballdata.com/logos/500/333.png', 'https://cdn.collegefootballdata.com/logos-dark/500/333.png', 'https://cdn.collegefootballdata.com/logos/256/333.png', 'https://cdn.collegefootballdata.com/logos-dark/256/333.png', 'https://cdn.collegefootballdata.com/logos/128/333.png', 'https://cdn.collegefootballdata.com/logos-dark/128/333.png', 'https://cdn.collegefootballdata.com/logos/96/333.png', 'https://cdn.collegefootballdata.com/logos-dark/96/333.png', 'https://cdn.collegefootballdata.com/logos/64/333.png', 'https://cdn.collegefootballdata.com/logos-dark/64/333.png', 'https://cdn.collegefootballdata.com/logos/48/333.png', 'https://cdn.collegefootballdata.com/logos-dark/48/333.png', 'https://cdn.collegefootballdata.com/logos/32/333.png', 'https://cdn.collegefootballdata.com/logos-dark/32/333.png', 'https://cdn.collegefootballdata.com/logos/16/333.png', 'https://cdn.collegefootballdata.com/logos-dark/16/333.png']",@AlabamaFTBL,"{'id': 3657, 'name': 'Bryant-Denny Stadium', 'city': 'Tuscaloosa', 'state': 'AL', 'zip': '35487', 'countryCode': 'US', 'timezone': 'America/Chicago', 'latitude': 33.2082752, 'longitude': -87.5503836, 'elevation': '70.05136108', 'capacity': 101821, 'constructionYear': 1929, 'grass': True, 'dome': False}"
2026,App State,Mountaineers,APP,"['Appalachian State', 'APP', 'App State']",Sun Belt,East,fbs,#000000,#ffcd00,"['https://cdn.collegefootballdata.com/logos/500/2026.png', 'https://cdn.collegefootballdata.com/logos-dark/500/2026.png', 'https://cdn.collegefootballdata.com/logos/256/2026.png', 'https://cdn.collegefootballdata.com/logos-dark/256/2026.png', 'https://cdn.collegefootballdata.com/logos/128/2026.png', 'https://cdn.collegefootballdata.com/logos-dark/128/2026.png', 'https://cdn.collegefootballdata.com/logos/96/2026.png', 'https://cdn.collegefootballdata.com/logos-dark/96/2026.png', 'https://cdn.collegefootballdata.com/logos/64/2026.png', 'https://cdn.collegefootballdata.com/logos-dark/64/2026.png', 'https://cdn.collegefootballdata.com/logos/48/2026.png', 'https://cdn.collegefootballdata.com/logos-dark/48/2026.png', 'https://cdn.collegefootballdata.com/logos/32/2026.png', 'https://cdn.collegefootballdata.com/logos-dark/32/2026.png', 'https://cdn.collegefootballdata.com/logos/16/2026.png', 'https://cdn.collegefootballdata.com/logos-dark/16/2026.png']",@AppState_FB,"{'id': 3792, 'name': 'Kidd Brewer Stadium', 'city': 'Boone', 'state': 'NC', 'zip': '28608', 'countryCode': 'US', 'timezone': 'America/New_York', 'latitude': 36.2114267, 'longitude': -81.6854278, 'elevation': '991.3414307', 'capacity': 30000, 'constructionYear': 1962, 'grass': False, 'dome': False}"
12,Arizona,Wildcats,ARIZ,"['ARIZ', 'Arizona']",Pac-12,South,fbs,#cc0033,#003366,"['https://cdn.collegefootballdata.com/logos/500/12.png', 'https://cdn.collegefootballdata.com/logos-dark/500/12.png', 'https://cdn.collegefootballdata.com/logos/256/12.png', 'https://cdn.collegefootballdata.com/logos-dark/256/12.png', 'https://cdn.collegefootballdata.com/logos/128/12.png', 'https://cdn.collegefootballdata.com/logos-dark/128/12.png', 'https://cdn.collegefootballdata.com/logos/96/12.png', 'https://cdn.collegefootballdata.com/logos-dark/96/12.png', 'https://cdn.collegefootballdata.com/logos/64/12.png', 'https://cdn.collegefootballdata.com/logos-dark/64/12.png', 'https://cdn.collegefootballdata.com/logos/48/12.png', 'https://cdn.collegefootballdata.com/logos-dark/48/12.png', 'https://cdn.collegefootballdata.com/logos/32/12.png', 'https://cdn.collegefootballdata.com/logos-dark/32/12.png', 'https://cdn.collegefootballdata.com/logos/16/12.png', 'https://cdn.collegefootballdata.com/logos-dark/16/12.png']",@ArizonaFBall,"{'id': 3619, 'name': 'Arizona Stadium', 'city': 'Tucson', 'state': 'AZ', 'zip': '85721', 'countryCode': 'US', 'timezone': 'America/Phoenix', 'latitude': 32.2288054, 'longitude': -110.9488677, 'elevation': '742.1530151', 'capacity': 50782, 'constructionYear': 1928, 'grass': False, 'dome': False}"
9,Arizona State,Sun Devils,ASU,"['ASU', 'Arizona St']",Pac-12,South,fbs,#ffc627,#8c1d40,"['https://cdn.collegefootballdata.com/logos/500/9.png', 'https://cdn.collegefootballdata.com/logos-dark/500/9.png', 'https://cdn.collegefootballdata.com/logos/256/9.png', 'https://cdn.collegefootballdata.com/logos-dark/256/9.png', 'https://cdn.collegefootballdata.com/logos/128/9.png', 'https://cdn.collegefootballdata.com/logos-dark/128/9.png', 'https://cdn.collegefootballdata.com/logos/96/9.png', 'https://cdn.collegefootballdata.com/logos-dark/96/9.png', 'https://cdn.collegefootballdata.com/logos/64/9.png', 'https://cdn.collegefootballdata.com/logos-dark/64/9.png', 'https://cdn.collegefootballdata.com/logos/48/9.png', 'https://cdn.collegefootballdata.com/logos-dark/48/9.png', 'https://cdn.collegefootballdata.com/logos/32/9.png', 'https://cdn.collegefootballdata.com/logos-dark/32/9.png', 'https://cdn.collegefootballdata.com/logos/16/9.png', 'https://cdn.collegefootballdata.com/logos-dark/16/9.png']",@ASUFootball,"{'id': 3947, 'name': 'Mountain America Stadium', 'city': 'Tempe', 'state': 'AZ', 'zip': '85287', 'countryCode': 'US', 'timezone': 'America/Phoenix', 'latitude': 33.4264471, 'longitude': -111.9325005, 'elevation': '360.1569519', 'capacity': 65870, 'constructionYear': 1958, 'grass': True, 'dome': False}"
8,Arkansas,Razorbacks,ARK,"['ARK', 'Arkansas']",SEC,West,fbs,#a32136,#ffffff,"['https://cdn.collegefootballdata.com/logos/500/8.png', 'https://cdn.collegefootballdata.com/logos-dark/500/8.png', 'https://cdn.collegefootballdata.com/logos/256/8.png', 'https://cdn.collegefootballdata.com/logos-dark/256/8.png', 'https://cdn.collegefootballdata.com/logos/128/8.png', 'https://cdn.collegefootballdata.com/logos-dark/128/8.png', 'https://cdn.collegefootballdata.com/logos/96/8.png', 'https://cdn.collegefootballdata.com/logos-dark/96/8.png', 'https://cdn.collegefootballdata.com/logos/64/8.png', 'https://cdn.collegefootballdata.com/logos-dark/64/8.png', 'https://cdn.collegefootballdata.com/logos/48/8.png', 'https://cdn.collegefootballdata.com/logos-dark/48/8.png', 'https://cdn.collegefootballdata.com/logos/32/8.png', 'https://cdn.collegefootballdata.com/logos-dark/32/8.png', 'https://cdn.collegefootballdata.com/logos/16/8.png', 'https://cdn.collegefootballdata.com/logos-dark/16/8.png']",@RazorbackFB,"{'id': 3887, 'name': 'Razorback Stadium', 'city': 'Fayetteville', 'state': 'AR', 'zip': '72702', 'countryCode': 'US', 'timezone': 'America/Chicago', 'latitude': 36.0680662, 'longitude': -94.1789534, 'elevation': '403.7972412', 'capacity': 80000, 'constructionYear': 1938, 'grass': False, 'dome': False}"
2032,Arkansas State,Red Wolves,ARST,"['ARST', 'Arkansas St']",Sun Belt,West,fbs,#cc092f,#000000,"['https://cdn.collegefootballdata.com/logos/500/2032.png', 'https://cdn.collegefootballdata.com/logos-dark/500/2032.png', 'https://cdn.collegefootballdata.com/logos/256/2032.png', 'https://cdn.collegefootballdata.com/logos-dark/256/2032.png', 'https://cdn.collegefootballdata.com/logos/128/2032.png', 'https://cdn.collegefootballdata.com/logos-dark/128/2032.png', 'https://cdn.collegefootballdata.com/logos/96/2032.png', 'https://cdn.collegefootballdata.com/logos-dark/96/2032.png', 'https://cdn.collegefootballdata.com/logos/64/2032.png', 'https://cdn.collegefootballdata.com/logos-dark/64/2032.png', 'https://cdn.collegefootballdata.com/logos/48/2032.png', 'https://cdn.collegefootballdata.com/logos-dark/48/2032.png', 'https://cdn.collegefootballdata.com/logos/32/2032.png', 'https://cdn.collegefootballdata.com/logos-dark/32/2032.png', 'https://cdn.collegefootballdata.com/logos/16/2032.png', 'https://cdn.collegefootballdata.com/logos-dark/16/2032.png']",@AStateFB,"{'id': 3625, 'name': 'Centennial Bank Stadium', 'city': 'Jonesboro', 'state': 'AR', 'zip': '72404', 'countryCode': 'US', 'timezone': 'America/Chicago', 'latitude': 35.8488977, 'longitude': -90.6677436, 'elevation': '89.52690887', 'capacity': 30382, 'constructionYear': 1974, 'grass': False, 'dome': False}"
349,Army,Black Knights,ARMY,"['ARMY', 'Army']",FBS Independents,,fbs,#000000,#d3bc8d,"['https://cdn.collegefootballdata.com/logos/500/349.png', 'https://cdn.collegefootballdata.com/logos-dark/500/349.png', 'https://cdn.collegefootballdata.com/logos/256/349.png', 'https://cdn.collegefootballdata.com/logos-dark/256/349.png', 'https://cdn.collegefootballdata.com/logos/128/349.png', 'https://cdn.collegefootballdata.com/logos-dark/128/349.png', 'https://cdn.collegefootballdata.com/logos/96/349.png', 'https://cdn.collegefootballdata.com/logos-dark/96/349.png', 'https://cdn.collegefootballdata.com/logos/64/349.png', 'https://cdn.collegefootballdata.com/logos-dark/64/349.png', 'https://cdn.collegefootballdata.com/logos/48/349.png', 'https://cdn.collegefootballdata.com/logos-dark/48/349.png', 'https://cdn.collegefootballdata.com/logos/32/349.png', 'https://cdn.collegefootballdata.com/logos-dark/32/349.png', 'https://cdn.collegefootballdata.com/logos/16/349.png', 'https://cdn.collegefootballdata.com/logos-dark/16/349.png']",@ArmyWP_Football,"{'id': 3841, 'name': 'Michie Stadium', 'city': 'West Point', 'state': 'NY', 'zip': '10996', 'countryCode': 'US', 'timezone': 'America/New_York', 'latitude': 41.3874924, 'longitude': -73.9640891, 'elevation': '99.21277618', 'capacity': 38000, 'constructionYear': 1924, 'grass': False, 'dome': False}"
2,Auburn,Tigers,AUB,"['AUB', 'Auburn']",SEC,West,fbs,#0c2340,#f26522,"['https://cdn.collegefootballdata.com/logos/500/2.png', 'https://cdn.collegefootballdata.com/logos-dark/500/2.png', 'https://cdn.collegefootballdata.com/logos/256/2.png', 'https://cdn.collegefootballdata.com/logos-dark/256/2.png', 'https://cdn.collegefootballdata.com/logos/128/2.png', 'https://cdn.collegefootballdata.com/logos-dark/128/2.png', 'https://cdn.collegefootballdata.com/logos/96/2.png', 'https://cdn.collegefootballdata.com/logos-dark/96/2.png', 'https://cdn.collegefootballdata.com/logos/64/2.png', 'https://cdn.collegefootballdata.com/logos-dark/64/2.png', 'https://cdn.collegefootballdata.com/logos/48/2.png', 'https://cdn.collegefootballdata.com/logos-dark/48/2.png', 'https://cdn.collegefootballdata.com/logos/32/2.png', 'https://cdn.collegefootballdata.com/logos-dark/32/2.png', 'https://cdn.collegefootballdata.com/logos/16/2.png', 'https://cdn.collegefootballdata.com/logos-dark/16/2.png']",@AuburnFootball,"{'id': 3785, 'name': 'Jordan-Hare Stadium', 'city': 'Auburn', 'state': 'AL', 'zip': '36849', 'countryCode': 'US', 'timezone': 'America/Chicago', 'latitude': 32.6025532, 'longitude': -85.4897479, 'elevation': '201.1737976', 'capacity': 87451, 'constructionYear': 1939, 'grass': True, 'dome': False}"
2050,Ball State,Cardinals,BALL,"['BALL', 'Ball State']",Mid-American,West,fbs,#ba0c2f,#ffffff,"['https://cdn.collegefootballdata.com/logos/500/2050.png', 'https://cdn.collegefootballdata.com/logos-dark/500/2050.png', 'https://cdn.collegefootballdata.com/logos/256/2050.png', 'https://cdn.collegefootballdata.com/logos-dark/256/2050.png', 'https://cdn.collegefootballdata.com/logos/128/2050.png', 'https://cdn.collegefootballdata.com/logos-dark/128/2050.png', 'https://cdn.collegefootballdata.com/logos/96/2050.png', 'https://cdn.collegefootballdata.com/logos-dark/96/2050.png', 'https://cdn.collegefootballdata.com/logos/64/2050.png', 'https://cdn.collegefootballdata.com/logos-dark/64/2050.png', 'https://cdn.collegefootballdata.com/logos/48/2050.png', 'https://cdn.collegefootballdata.com/logos-dark/48/2050.png', 'https://cdn.collegefootballdata.com/logos/32/2050.png', 'https://cdn.collegefootballdata.com/logos-dark/32/2050.png', 'https://cdn.collegefootballdata.com/logos/16/2050.png', 'https://cdn.collegefootballdata.com/logos-dark/16/2050.png']",@BallStateFB,"{'id': 3919, 'name': 'Scheumann Stadium', 'city': 'Muncie', 'state': 'IN', 'zip': '47306', 'countryCode': 'US', 'timezone': 'America/Indiana/Indianapolis', 'latitude': 40.2159422, 'longitude': -85.4161148, 'elevation': '285.481781', 'capacity': 22500, 'constructionYear': 1967, 'grass': False, 'dome': False}"
239,Baylor,Bears,BAY,"['BAY', 'Baylor']",Big 12,,fbs,#154734,#ffb81c,"['https://cdn.collegefootballdata.com/logos/500/239.png', 'https://cdn.collegefootballdata.com/logos-dark/500/239.png', 'https://cdn.collegefootballdata.com/logos/256/239.png', 'https://cdn.collegefootballdata.com/logos-dark/256/239.png', 'https://cdn.collegefootballdata.com/logos/128/239.png', 'https://cdn.collegefootballdata.com/logos-dark/128/239.png', 'https://cdn.collegefootballdata.com/logos/96/239.png', 'https://cdn.collegefootballdata.com/logos-dark/96/239.png', 'https://cdn.collegefootballdata.com/logos/64/239.png', 'https://cdn.collegefootballdata.com/logos-dark/64/239.png', 'https://cdn.collegefootballdata.com/logos/48/239.png', 'https://cdn.collegefootballdata.com/logos-dark/48/239.png', 'https://cdn.collegefootballdata.com/logos/32/239.png', 'https://cdn.collegefootballdata.com/logos-dark/32/239.png', 'https://cdn.collegefootballdata.com/logos/16/239.png', 'https://cdn.collegefootballdata.com/logos-dark/16/239.png']",@BUFootball,"{'id': 4727, 'name': 'McLane Stadium', 'city': 'Waco', 'state': 'TX', 'zip': '76704', 'countryCode': 'US', 'timezone': 'America/Chicago', 'latitude': 31.5582015, 'longitude': -97.1156702, 'elevation': '117.0538101', 'capacity': 45140, 'constructionYear': 2014, 'grass': False, 'dome': False}"
68,Boise State,Broncos,BOIS,"['BOIS', 'Boise St']",Mountain West,Mountain,fbs,#0033a0,#d64309,"['https://cdn.collegefootballdata.com/logos/500/68.png', 'https://cdn.collegefootballdata.com/logos-dark/500/68.png', 'https://cdn.collegefootballdata.com/logos/256/68.png', 'https://cdn.collegefootballdata.com/logos-dark/256/68.png', 'https://cdn.collegefootballdata.com/logos/128/68.png', 'https://cdn.collegefootballdata.com/logos-dark/128/68.png', 'https://cdn.collegefootballdata.com/logos/96/68.png', 'https://cdn.collegefootballdata.com/logos-dark/96/68.png', 'https://cdn.collegefootballdata.com/logos/64/68.png', 'https://cdn.collegefootballdata.com/logos-dark/64/68.png', 'https://cdn.collegefootballdata.com/logos/48/68.png', 'https://cdn.collegefootballdata.com/logos-dark/48/68.png', 'https://cdn.collegefootballdata.com/logos/32/68.png', 'https://cdn.collegefootballdata.com/logos-dark/32/68.png', 'https://cdn.collegefootballdata.com/logos/16/68.png', 'https://cdn.collegefootballdata.com/logos-dark/16/68.png']",@BroncoSportsFB,"{'id': 3653, 'name': 'Albertsons Stadium', 'city': 'Boise', 'state': 'ID', 'zip': '83725', 'countryCode': 'US', 'timezone': 'America/Boise', 'latitude': 43.6028839, 'longitude': -116.1958882, 'elevation': '823.2221069', 'capacity': 36387, 'constructionYear': 1970, 'grass': False, 'dome': False}"
103,Boston College,Eagles,BC,"['BC', 'Boston College']",ACC,Atlantic,fbs,#8c2232,#dbcca6,"['https://cdn.collegefootballdata.com/logos/500/103.png', 'https://cdn.collegefootballdata.com/logos-dark/500/103.png', 'https://cdn.collegefootballdata.com/logos/256/103.png', 'https://cdn.collegefootballdata.com/logos-dark/256/103.png', 'https://cdn.collegefootballdata.com/logos/128/103.png', 'https://cdn.collegefootballdata.com/logos-dark/128/103.png', 'https://cdn.collegefootballdata.com/logos/96/103.png', 'https://cdn.collegefootballdata.com/logos-dark/96/103.png', 'https://cdn.collegefootballdata.com/logos/64/103.png', 'https://cdn.collegefootballdata.com/logos-dark/64/103.png', 'https://cdn.collegefootballdata.com/logos/48/103.png', 'https://cdn.collegefootballdata.com/logos-dark/48/103.png', 'https://cdn.collegefootballdata.com/logos/32/103.png', 'https://cdn.collegefootballdata.com/logos-dark/32/103.png', 'https://cdn.collegefootballdata.com/logos/16/103.png', 'https://cdn.collegefootballdata.com/logos-dark/16/103.png']",@BCFootball,"{'id': 3615, 'name': 'Alumni Stadium (Chestnut Hill, MA)', 'city': 'Chestnut Hill', 'state': 'MA', 'zip': '2467 ', 'countryCode': 'US', 'timezone': 'America/New_York', 'latitude': 42.335104, 'longitude': -71.1664413, 'elevation': '39.82634354', 'capacity': 44500, 'constructionYear': 1957, 'grass': False, 'dome': False}"
189,Bowling Green,Falcons,BGSU,"['Bowling Green State', 'BGSU', 'Bowling Green']",Mid-American,East,fbs,#fd5000,#4f2c1d,"['https://cdn.collegefootballdata.com/logos/500/189.png', 'https://cdn.collegefootballdata.com/logos-dark/500/189.png', 'https://cdn.collegefootballdata.com/logos/256/189.png', 'https://cdn.collegefootballdata.com/logos-dark/256/189.png', 'https://cdn.collegefootballdata.com/logos/128/189.png', 'https://cdn.collegefootballdata.com/logos-dark/128/189.png', 'https://cdn.collegefootballdata.com/logos/96/189.png', 'https://cdn.collegefootballdata.com/logos-dark/96/189.png', 'https://cdn.collegefootballdata.com/logos/64/189.png', 'https://cdn.collegefootballdata.com/logos-dark/64/189.png', 'https://cdn.collegefootballdata.com/logos/48/189.png', 'https://cdn.collegefootballdata.com/logos-dark/48/189.png', 'https://cdn.collegefootballdata.com/logos/32/189.png', 'https://cdn.collegefootballdata.com/logos-dark/32/189.png', 'https://cdn.collegefootballdata.com/logos/16/189.png', 'https://cdn.collegefootballdata.com/logos-dark/16/189.png']",@BG_Football,"{'id': 3700, 'name': 'Doyt L. Perry Stadium', 'city': 'Bowling Green', 'state': 'OH', 'zip': '43403', 'countryCode': 'US', 'timezone': 'America/New_York', 'latitude': 41.3780114, 'longitude': -83.6225, 'elevation': '205.9057465', 'capacity': 24000, 'constructionYear': 1966, 'grass': False, 'dome': False}"
2084,Buffalo,Bulls,BUF,"['BUF', 'Buffalo']",Mid-American,East,fbs,#005bbb,#ffffff,"['https://cdn.collegefootballdata.com/logos/500/2084.png', 'https://cdn.collegefootballdata.com/logos-dark/500/2084.png', 'https://cdn.collegefootballdata.com/logos/256/2084.png', 'https://cdn.collegefootballdata.com/logos-dark/256/2084.png', 'https://cdn.collegefootballdata.com/logos/128/2084.png', 'https://cdn.collegefootballdata.com/logos-dark/128/2084.png', 'https://cdn.collegefootballdata.com/logos/96/2084.png', 'https://cdn.collegefootballdata.com/logos-dark/96/2084.png', 'https://cdn.collegefootballdata.com/logos/64/2084.png', 'https://cdn.collegefootballdata.com/logos-dark/64/2084.png', 'https://cdn.collegefootballdata.com/logos/48/2084.png', 'https://cdn.collegefootballdata.com/logos-dark/48/2084.png', 'https://cdn.collegefootballdata.com/logos/32/2084.png', 'https://cdn.collegefootballdata.com/logos-dark/32/2084.png', 'https://cdn.collegefootballdata.com/logos/16/2084.png', 'https://cdn.collegefootballdata.com/logos-dark/16/2084.png']",@UBFootball,"{'id': 3965, 'name': 'UB Stadium', 'city': 'Amherst', 'state': 'NY', 'zip': '14260', 'countryCode': 'US', 'timezone': 'America/New_York', 'latitude': 42.9991334, 'longitude': -78.7775113, 'elevation': '181.5759735', 'capacity': 30270, 'constructionYear': 1993, 'grass': False, 'dome': False}"
252,BYU,Cougars,BYU,"['Brigham Young', 'BYU', 'BYU']",FBS Independents,,fbs,#003da5,#002e5d,"['https://cdn.collegefootballdata.com/logos/500/252.png', 'https://cdn.collegefootballdata.com/logos-dark/500/252.png', 'https://cdn.collegefootballdata.com/logos/256/252.png', 'https://cdn.collegefootballdata.com/logos-dark/256/252.png', 'https://cdn.collegefootballdata.com/logos/128/252.png', 'https://cdn.collegefootballdata.com/logos-dark/128/252.png', 'https://cdn.collegefootballdata.com/logos/96/252.png', 'https://cdn.collegefootballdata.com/logos-dark/96/252.png', 'https://cdn.collegefootballdata.com/logos/64/252.png', 'https://cdn.collegefootballdata.com/logos-dark/64/252.png', 'https://cdn.collegefootballdata.com/logos/48/252.png', 'https://cdn.collegefootballdata.com/logos-dark/48/252.png', 'https://cdn.collegefootballdata.com/logos/32/252.png', 'https://cdn.collegefootballdata.com/logos-dark/32/252.png', 'https://cdn.collegefootballdata.com/logos/16/252.png', 'https://cdn.collegefootballdata.com/logos-dark/16/252.png']",@BYUFootball,"{'id': 3801, 'name': 'LaVell Edwards Stadium', 'city': 'Provo', 'state': 'UT', 'zip': '84602', 'countryCode': 'US', 'timezone': 'America/Denver', 'latitude': 40.2575347, 'longitude': -111.6545247, 'elevation': '1412.097046', 'capacity': 63470, 'constructionYear': 1964, 'grass': True, 'dome': False}"
25,California,Golden Bears,CAL,"['CAL', 'California']",Pac-12,North,fbs,#041e42,#ffc72c,"['https://cdn.collegefootballdata.com/logos/500/25.png', 'https://cdn.collegefootballdata.com/logos-dark/500/25.png', 'https://cdn.collegefootballdata.com/logos/256/25.png', 'https://cdn.collegefootballdata.com/logos-dark/256/25.png', 'https://cdn.collegefootballdata.com/logos/128/25.png', 'https://cdn.collegefootballdata.com/logos-dark/128/25.png', 'https://cdn.collegefootballdata.com/logos/96/25.png', 'https://cdn.collegefootballdata.com/logos-dark/96/25.png', 'https://cdn.collegefootballdata.com/logos/64/25.png', 'https://cdn.collegefootballdata.com/logos-dark/64/25.png', 'https://cdn.collegefootballdata.com/logos/48/25.png', 'https://cdn.collegefootballdata.com/logos-dark/48/25.png', 'https://cdn.collegefootballdata.com/logos/32/25.png', 'https://cdn.collegefootballdata.com/logos-dark/32/25.png', 'https://cdn.collegefootballdata.com/logos/16/25.png', 'https://cdn.collegefootballdata.com/logos-dark/16/25.png']",@CalFootball,"{'id': 3831, 'name': 'California Memorial Stadium', 'city': 'Berkeley', 'state': 'CA', 'zip': '94720', 'countryCode': 'US', 'timezone': 'America/Los_Angeles', 'latitude': 37.8710434, 'longitude': -122.2507729, 'elevation': '125.3108063', 'capacity': 62467, 'constructionYear': 1923, 'grass': False, 'dome': False}"
2117,Central Michigan,Chippewas,CMU,"['CMU', 'C Michigan']",Mid-American,West,fbs,#6a0032,#ffc82e,"['https://cdn.collegefootballdata.com/logos/500/2117.png', 'https://cdn.collegefootballdata.com/logos-dark/500/2117.png', 'https://cdn.collegefootballdata.com/logos/256/2117.png', 'https://cdn.collegefootballdata.com/logos-dark/256/2117.png', 'https://cdn.collegefootballdata.com/logos/128/2117.png', 'https://cdn.collegefootballdata.com/logos-dark/128/2117.png', 'https://cdn.collegefootballdata.com/logos/96/2117.png', 'https://cdn.collegefootballdata.com/logos-dark/96/2117.png', 'https://cdn.collegefootballdata.com/logos/64/2117.png', 'https://cdn.collegefootballdata.com/logos-dark/64/2117.png', 'https://cdn.collegefootballdata.com/logos/48/2117.png', 'https://cdn.collegefootballdata.com/logos-dark/48/2117.png', 'https://cdn.collegefootballdata.com/logos/32/2117.png', 'https://cdn.collegefootballdata.com/logos-dark/32/2117.png', 'https://cdn.collegefootballdata.com/logos/16/2117.png', 'https://cdn.collegefootballdata.com/logos-dark/16/2117.png']",@CMU_Football,"{'id': 3786, 'name': 'Kelly/Shorts Stadium', 'city': 'Mount Pleasant', 'state': 'MI', 'zip': '48859', 'countryCode': 'US', 'timezone': 'America/Detroit', 'latitude': 43.5777313, 'longitude': -84.7709904, 'elevation': '240.9007721', 'capacity': 30255, 'constructionYear': 1972, 'grass': False, 'dome': False}"
2429,Charlotte,49ers,CLT,"['CLT', 'Charlotte']",Conference USA,East,fbs,#005035,#a49665,"['https://cdn.collegefootballdata.com/logos/500/2429.png', 'https://cdn.collegefootballdata.com/logos-dark/500/2429.png', 'https://cdn.collegefootballdata.com/logos/256/2429.png', 'https://cdn.collegefootballdata.com/logos-dark/256/2429.png', 'https://cdn.collegefootballdata.com/logos/128/2429.png', 'https://cdn.collegefootballdata.com/logos-dark/128/2429.png', 'https://cdn.collegefootballdata.com/logos/96/2429.png', 'https://cdn.collegefootballdata.com/logos-dark/96/2429.png', 'https://cdn.collegefootballdata.com/logos/64/2429.png', 'https://cdn.collegefootballdata.com/logos-dark/64/2429.png', 'https://cdn.collegefootballdata.com/logos/48/2429.png', 'https://cdn.collegefootballdata.com/logos-dark/48/2429.png', 'https://cdn.collegefootballdata.com/logos/32/2429.png', 'https://cdn.collegefootballdata.com/logos-dark/32/2429.png', 'https://cdn.collegefootballdata.com/logos/16/2429.png', 'https://cdn.collegefootballdata.com/logos-dark/16/2429.png']",@CharlotteFTBL,"{'id': 4418, 'name': 'Jerry Richardson Stadium', 'city': 'Charlotte', 'state': 'NC', 'zip': '28223', 'countryCode': 'US', 'timezone': 'America/New_York', 'latitude': 35.3105033, 'longitude': -80.7401194, 'elevation': '190.365509', 'capacity': 15300, 'constructionYear': 2013, 'grass': False, 'dome': False}"
2132,Cincinnati,Bearcats,CIN,"['CIN', 'Cincinnati']",American Athletic,,fbs,#000000,#e00122,"['https://cdn.collegefootballdata.com/logos/500/2132.png', 'https://cdn.collegefootballdata.com/logos-dark/500/2132.png', 'https://cdn.collegefootballdata.com/logos/256/2132.png', 'https://cdn.collegefootballdata.com/logos-dark/256/2132.png', 'https://cdn.collegefootballdata.com/logos/128/2132.png', 'https://cdn.collegefootballdata.com/logos-dark/128/2132.png', 'https://cdn.collegefootballdata.com/logos/96/2132.png', 'https://cdn.collegefootballdata.com/logos-dark/96/2132.png', 'https://cdn.collegefootballdata.com/logos/64/2132.png', 'https://cdn.collegefootballdata.com/logos-dark/64/2132.png', 'https://cdn.collegefootballdata.com/logos/48/2132.png', 'https://cdn.collegefootballdata.com/logos-dark/48/2132.png', 'https://cdn.collegefootballdata.com/logos/32/2132.png', 'https://cdn.collegefootballdata.com/logos-dark/32/2132.png', 'https://cdn.collegefootballdata.com/logos/16/2132.png', 'https://cdn.collegefootballdata.com/logos-dark/16/2132.png']",@GoBearcatsFB,"{'id': 3854, 'name': 'Nippert Stadium', 'city': 'Cincinnati', 'state': 'OH', 'zip': '45221', 'countryCode': 'US', 'timezone': 'America/New_York', 'latitude': 39.1312495, 'longitude': -84.5161913, 'elevation': '230.0660553', 'capacity': 40000, 'constructionYear': 1915, 'grass': False, 'dome': False}"
228,Clemson,Tigers,CLEM,"['CLEM', 'Clemson']",ACC,Atlantic,fbs,#f56600,#522d80,"['https://cdn.collegefootballdata.com/logos/500/228.png', 'https://cdn.collegefootballdata.com/logos-dark/500/228.png', 'https://cdn.collegefootballdata.com/logos/256/228.png', 'https://cdn.collegefootballdata.com/logos-dark/256/228.png', 'https://cdn.collegefootballdata.com/logos/128/228.png', 'https://cdn.collegefootballdata.com/logos-dark/128/228.png', 'https://cdn.collegefootballdata.com/logos/96/228.png', 'https://cdn.collegefootballdata.com/logos-dark/96/228.png', 'https://cdn.collegefootballdata.com/logos/64/228.png', 'https://cdn.collegefootballdata.com/logos-dark/64/228.png', 'https://cdn.collegefootballdata.com/logos/48/228.png', 'https://cdn.collegefootballdata.com/logos-dark/48/228.png', 'https://cdn.collegefootballdata.com/logos/32/228.png', 'https://cdn.collegefootballdata.com/logos-dark/32/228.png', 'https://cdn.collegefootballdata.com/logos/16/228.png', 'https://cdn.collegefootballdata.com/logos-dark/16/228.png']",@ClemsonFB,"{'id': 3836, 'name': 'Memorial Stadium (Clemson, SC)', 'city': 'Clemson', 'state': 'SC', 'zip': '29634', 'countryCode': 'US', 'timezone': 'America/New_York', 'latitude': 34.6787737, 'longitude': -82.8432428, 'elevation': '205.6452179', 'capacity': 81500, 'constructionYear': 1942, 'grass': True, 'dome': False}"
324,Coastal Carolina,Chanticleers,CCU,"['CCU', 'Coastal']",Sun Belt,East,fbs,#006f71,#a27752,"['https://cdn.collegefootballdata.com/logos/500/324.png', 'https://cdn.collegefootballdata.com/logos-dark/500/324.png', 'https://cdn.collegefootballdata.com/logos/256/324.png', 'https://cdn.collegefootballdata.com/logos-dark/256/324.png', 'https://cdn.collegefootballdata.com/logos/128/324.png', 'https://cdn.collegefootballdata.com/logos-dark/128/324.png', 'https://cdn.collegefootballdata.com/logos/96/324.png', 'https://cdn.collegefootballdata.com/logos-dark/96/324.png', 'https://cdn.collegefootballdata.com/logos/64/324.png', 'https://cdn.collegefootballdata.com/logos-dark/64/324.png', 'https://cdn.collegefootballdata.com/logos/48/324.png', 'https://cdn.collegefootballdata.com/logos-dark/48/324.png', 'https://cdn.collegefootballdata.com/logos/32/324.png', 'https://cdn.collegefootballdata.com/logos-dark/32/324.png', 'https://cdn.collegefootballdata.com/logos/16/324.png', 'https://cdn.collegefootballdata.com/logos-dark/16/324.png']",@CoastalFootball,"{'id': 3654, 'name': 'Brooks Stadium (SC)', 'city': 'Conway', 'state': 'SC', 'zip': '29528', 'countryCode': 'US', 'timezone': 'America/New_York', 'latitude': 33.7928506, 'longitude': -79.0166946, 'elevation': '13.74894905', 'capacity': 21000, 'constructionYear': 2003, 'grass': False, 'dome': False}"
38,Colorado,Buffaloes,COLO,"['COLO', 'Colorado']",Pac-12,South,fbs,#cfb87c,#000000,"['https://cdn.collegefootballdata.com/logos/500/38.png', 'https://cdn.collegefootballdata.com/logos-dark/500/38.png', 'https://cdn.collegefootballdata.com/logos/256/38.png', 'https://cdn.collegefootballdata.com/logos-dark/256/38.png', 'https://cdn.collegefootballdata.com/logos/128/38.png', 'https://cdn.collegefootballdata.com/logos-dark/128/38.png', 'https://cdn.collegefootballdata.com/logos/96/38.png', 'https://cdn.collegefootballdata.com/logos-dark/96/38.png', 'https://cdn.collegefootballdata.com/logos/64/38.png', 'https://cdn.collegefootballdata.com/logos-dark/64/38.png', 'https://cdn.collegefootballdata.com/logos/48/38.png', 'https://cdn.collegefootballdata.com/logos-dark/48/38.png', 'https://cdn.collegefootballdata.com/logos/32/38.png', 'https://cdn.collegefootballdata.com/logos-dark/32/38.png', 'https://cdn.collegefootballdata.com/logos/16/38.png', 'https://cdn.collegefootballdata.com/logos-dark/16/38.png']",@CUBuffsFootball,"{'id': 3726, 'name': 'Folsom Field', 'city': 'Boulder', 'state': 'CO', 'zip': '80309', 'countryCode': 'US', 'timezone': 'America/Denver', 'latitude': 40.0094746, 'longitude': -105.266905, 'elevation': '1634.041138', 'capacity': 50183, 'constructionYear': 1924, 'grass': True, 'dome': False}"
36,Colorado State,Rams,CSU,"['CSU', 'Colorado St']",Mountain West,Mountain,fbs,#1e4d2b,#c8c372,"['https://cdn.collegefootballdata.com/logos/500/36.png', 'https://cdn.collegefootballdata.com/logos-dark/500/36.png', 'https://cdn.collegefootballdata.com/logos/256/36.png', 'https://cdn.collegefootballdata.com/logos-dark/256/36.png', 'https://cdn.collegefootballdata.com/logos/128/36.png', 'https://cdn.collegefootballdata.com/logos-dark/128/36.png', 'https://cdn.collegefootballdata.com/logos/96/36.png', 'https://cdn.collegefootballdata.com/logos-dark/96/36.png', 'https://cdn.collegefootballdata.com/logos/64/36.png', 'https://cdn.collegefootballdata.com/logos-dark/64/36.png', 'https://cdn.collegefootballdata.com/logos/48/36.png', 'https://cdn.collegefootballdata.com/logos-dark/48/36.png', 'https://cdn.collegefootballdata.com/logos/32/36.png', 'https://cdn.collegefootballdata.com/logos-dark/32/36.png', 'https://cdn.collegefootballdata.com/logos/16/36.png', 'https://cdn.collegefootballdata.com/logos-dark/16/36.png']",@CSUFootball,"{'id': 5388, 'name': 'Canvas Stadium', 'city': 'Fort Collins', 'state': 'CO', 'zip': '80521', 'countryCode': 'US', 'timezone': 'America/Denver', 'latitude': 40.570015, 'longitude': -105.088435, 'elevation': '1528.4', 'capacity': 36500, 'constructionYear': 2017, 'grass': False, 'dome': False}"
150,Duke,Blue Devils,DUKE,"['DUKE', 'Duke']",ACC,Coastal,fbs,#00539b,#ffffff,"['https://cdn.collegefootballdata.com/logos/500/150.png', 'https://cdn.collegefootballdata.com/logos-dark/500/150.png', 'https://cdn.collegefootballdata.com/logos/256/150.png', 'https://cdn.collegefootballdata.com/logos-dark/256/150.png', 'https://cdn.collegefootballdata.com/logos/128/150.png', 'https://cdn.collegefootballdata.com/logos-dark/128/150.png', 'https://cdn.collegefootballdata.com/logos/96/150.png', 'https://cdn.collegefootballdata.com/logos-dark/96/150.png', 'https://cdn.collegefootballdata.com/logos/64/150.png', 'https://cdn.collegefootballdata.com/logos-dark/64/150.png', 'https://cdn.collegefootballdata.com/logos/48/150.png', 'https://cdn.collegefootballdata.com/logos-dark/48/150.png', 'https://cdn.collegefootballdata.com/logos/32/150.png', 'https://cdn.collegefootballdata.com/logos-dark/32/150.png', 'https://cdn.collegefootballdata.com/logos/16/150.png', 'https://cdn.collegefootballdata.com/logos-dark/16/150.png']",@DukeFootball,"{'id': 3982, 'name': 'Wallace Wade Stadium', 'city': 'Durham', 'state': 'NC', 'zip': '27708', 'countryCode': 'US', 'timezone': 'America/New_York', 'latitude': 35.9953688, 'longitude': -78.9417564, 'elevation': '103.0028152', 'capacity': 40004, 'constructionYear': 1929, 'grass': True, 'dome': False}"
151,East Carolina,Pirates,ECU,"['ECU', 'East Carolina']",American Athletic,,fbs,#592a8a,#fdc82f,"['https://cdn.collegefootballdata.com/logos/500/151.png', 'https://cdn.collegefootballdata.com/logos-dark/500/151.png', 'https://cdn.collegefootballdata.com/logos/256/151.png', 'https://cdn.collegefootballdata.com/logos-dark/256/151.png', 'https://cdn.collegefootballdata.com/logos/128/151.png', 'https://cdn.collegefootballdata.com/logos-dark/128/151.png', 'https://cdn.collegefootballdata.com/logos/96/151.png', 'https://cdn.collegefootballdata.com/logos-dark/96/151.png', 'https://cdn.collegefootballdata.com/logos/64/151.png', 'https://cdn.collegefootballdata.com/logos-dark/64/151.png', 'https://cdn.collegefootballdata.com/logos/48/151.png', 'https://cdn.collegefootballdata.com/logos-dark/48/151.png', 'https://cdn.collegefootballdata.com/logos/32/151.png', 'https://cdn.collegefootballdata.com/logos-dark/32/151.png', 'https://cdn.collegefootballdata.com/logos/16/151.png', 'https://cdn.collegefootballdata.com/logos-dark/16/151.png']",@ECUPiratesFB,"{'id': 3699, 'name': 'Dowdy-Ficklen Stadium', 'city': 'Greenville', 'state': 'NC', 'zip': '27858', 'countryCode': 'US', 'timezone': 'America/New_York', 'latitude': 35.5968486, 'longitude': -77.364564, 'elevation': '19.0564537', 'capacity': 50000, 'constructionYear': 1963, 'grass': True, 'dome': False}"
2199,Eastern Michigan,Eagles,EMU,"['EMU', 'E Michigan']",Mid-American,West,fbs,#046a38,#ffffff,"['https://cdn.collegefootballdata.com/logos/500/2199.png', 'https://cdn.collegefootballdata.com/logos-dark/500/2199.png', 'https://cdn.collegefootballdata.com/logos/256/2199.png', 'https://cdn.collegefootballdata.com/logos-dark/256/2199.png', 'https://cdn.collegefootballdata.com/logos/128/2199.png', 'https://cdn.collegefootballdata.com/logos-dark/128/2199.png', 'https://cdn.collegefootballdata.com/logos/96/2199.png', 'https://cdn.collegefootballdata.com/logos-dark/96/2199.png', 'https://cdn.collegefootballdata.com/logos/64/2199.png', 'https://cdn.collegefootballdata.com/logos-dark/64/2199.png', 'https://cdn.collegefootballdata.com/logos/48/2199.png', 'https://cdn.collegefootballdata.com/logos-dark/48/2199.png', 'https://cdn.collegefootballdata.com/logos/32/2199.png', 'https://cdn.collegefootballdata.com/logos-dark/32/2199.png', 'https://cdn.collegefootballdata.com/logos/16/2199.png', 'https://cdn.collegefootballdata.com/logos-dark/16/2199.png']",@EMUFB,"{'id': 3912, 'name': 'Rynearson Stadium', 'city': 'Ypsilanti', 'state': 'MI', 'zip': '48197', 'countryCode': 'US', 'timezone': 'America/Detroit', 'latitude': 42.256126, 'longitude': -83.647285, 'elevation': '241.248764', 'capacity': 30200, 'constructionYear': 1969, 'grass': False, 'dome': False}"
57,Florida,Gators,FLA,"['FLA', 'Florida']",SEC,East,fbs,#0021a5,#fa4616,"['https://cdn.collegefootballdata.com/logos/500/57.png', 'https://cdn.collegefootballdata.com/logos-dark/500/57.png', 'https://cdn.collegefootballdata.com/logos/256/57.png', 'https://cdn.collegefootballdata.com/logos-dark/256/57.png', 'https://cdn.collegefootballdata.com/logos/128/57.png', 'https://cdn.collegefootballdata.com/logos-dark/128/57.png', 'https://cdn.collegefootballdata.com/logos/96/57.png', 'https://cdn.collegefootballdata.com/logos-dark/96/57.png', 'https://cdn.collegefootballdata.com/logos/64/57.png', 'https://cdn.collegefootballdata.com/logos-dark/64/57.png', 'https://cdn.collegefootballdata.com/logos/48/57.png', 'https://cdn.collegefootballdata.com/logos-dark/48/57.png', 'https://cdn.collegefootballdata.com/logos/32/57.png', 'https://cdn.collegefootballdata.com/logos-dark/32/57.png', 'https://cdn.collegefootballdata.com/logos/16/57.png', 'https://cdn.collegefootballdata.com/logos-dark/16/57.png']",@GatorsFB,"{'id': 3634, 'name': 'Ben Hill Griffin Stadium', 'city': 'Gainesville', 'state': 'FL', 'zip': '32653', 'countryCode': 'US', 'timezone': 'America/New_York', 'latitude': 29.6499357, 'longitude': -82.3485788, 'elevation': '44.97250748', 'capacity': 88548, 'constructionYear': 1930, 'grass': True, 'dome': False}"
2226,Florida Atlantic,Owls,FAU,"['FAU', 'FAU']",Conference USA,East,fbs,#003366,#cc0000,"['https://cdn.collegefootballdata.com/logos/500/2226.png', 'https://cdn.collegefootballdata.com/logos-dark/500/2226.png', 'https://cdn.collegefootballdata.com/logos/256/2226.png', 'https://cdn.collegefootballdata.com/logos-dark/256/2226.png', 'https://cdn.collegefootballdata.com/logos/128/2226.png', 'https://cdn.collegefootballdata.com/logos-dark/128/2226.png', 'https://cdn.collegefootballdata.com/logos/96/2226.png', 'https://cdn.collegefootballdata.com/logos-dark/96/2226.png', 'https://cdn.collegefootballdata.com/logos/64/2226.png', 'https://cdn.collegefootballdata.com/logos-dark/64/2226.png', 'https://cdn.collegefootballdata.com/logos/48/2226.png', 'https://cdn.collegefootballdata.com/logos-dark/48/2226.png', 'https://cdn.collegefootballdata.com/logos/32/2226.png', 'https://cdn.collegefootballdata.com/logos-dark/32/2226.png', 'https://cdn.collegefootballdata.com/logos/16/2226.png', 'https://cdn.collegefootballdata.com/logos-dark/16/2226.png']",@FAUFootball,"{'id': 3715, 'name': 'FAU Stadium', 'city': 'Boca Raton', 'state': 'FL', 'zip': '33499', 'countryCode': 'US', 'timezone': 'America/New_York', 'latitude': 26.3763763, 'longitude': -80.1015759, 'elevation': '3.613628864', 'capacity': 29419, 'constructionYear': 2011, 'grass': False, 'dome': False}"
2229,Florida International,Panthers,FIU,"['Florida Intl', 'FIU', 'FIU']",Conference USA,East,fbs,#091f3f,#c3993f,"['https://cdn.collegefootballdata.com/logos/500/2229.png', 'https://cdn.collegefootballdata.com/logos-dark/500/2229.png', 'https://cdn.collegefootballdata.com/logos/256/2229.png', 'https://cdn.collegefootballdata.com/logos-dark/256/2229.png', 'https://cdn.collegefootballdata.com/logos/128/2229.png', 'https://cdn.collegefootballdata.com/logos-dark/128/2229.png', 'https://cdn.collegefootballdata.com/logos/96/2229.png', 'https://cdn.collegefootballdata.com/logos-dark/96/2229.png', 'https://cdn.collegefootballdata.com/logos/64/2229.png', 'https://cdn.collegefootballdata.com/logos-dark/64/2229.png', 'https://cdn.collegefootballdata.com/logos/48/2229.png', 'https://cdn.collegefootballdata.com/logos-dark/48/2229.png', 'https://cdn.collegefootballdata.com/logos/32/2229.png', 'https://cdn.collegefootballdata.com/logos-dark/32/2229.png', 'https://cdn.collegefootballdata.com/logos/16/2229.png', 'https://cdn.collegefootballdata.com/logos-dark/16/2229.png']",@FIUFootball,"{'id': 2031, 'name': 'Pitbull Stadium', 'city': 'Miami', 'state': 'FL', 'zip': '33199', 'countryCode': 'US', 'timezone': 'America/New_York', 'latitude': 25.7525, 'longitude': -80.37778, 'elevation': '6', 'capacity': 20000, 'constructionYear': 1995, 'grass': False, 'dome': False}"
52,Florida State,Seminoles,FSU,"['FSU', 'Florida St']",ACC,Atlantic,fbs,#782f40,#ceb888,"['https://cdn.collegefootballdata.com/logos/500/52.png', 'https://cdn.collegefootballdata.com/logos-dark/500/52.png', 'https://cdn.collegefootballdata.com/logos/256/52.png', 'https://cdn.collegefootballdata.com/logos-dark/256/52.png', 'https://cdn.collegefootballdata.com/logos/128/52.png', 'https://cdn.collegefootballdata.com/logos-dark/128/52.png', 'https://cdn.collegefootballdata.com/logos/96/52.png', 'https://cdn.collegefootballdata.com/logos-dark/96/52.png', 'https://cdn.collegefootballdata.com/logos/64/52.png', 'https://cdn.collegefootballdata.com/logos-dark/64/52.png', 'https://cdn.collegefootballdata.com/logos/48/52.png', 'https://cdn.collegefootballdata.com/logos-dark/48/52.png', 'https://cdn.collegefootballdata.com/logos/32/52.png', 'https://cdn.collegefootballdata.com/logos-dark/32/52.png', 'https://cdn.collegefootballdata.com/logos/16/52.png', 'https://cdn.collegefootballdata.com/logos-dark/16/52.png']",@FSUFootball,"{'id': 3697, 'name': 'Doak Campbell Stadium', 'city': 'Tallahassee', 'state': 'FL', 'zip': '32306', 'countryCode': 'US', 'timezone': 'America/New_York', 'latitude': 30.4381692, 'longitude': -84.3044032, 'elevation': '19.55942535', 'capacity': 67277, 'constructionYear': 1950, 'grass': True, 'dome': False}"
278,Fresno State,Bulldogs,FRES,"['FRES', 'Fresno St']",Mountain West,West,fbs,#c41230,#13284c,"['https://cdn.collegefootballdata.com/logos/500/278.png', 'https://cdn.collegefootballdata.com/logos-dark/500/278.png', 'https://cdn.collegefootballdata.com/logos/256/278.png', 'https://cdn.collegefootballdata.com/logos-dark/256/278.png', 'https://cdn.collegefootballdata.com/logos/128/278.png', 'https://cdn.collegefootballdata.com/logos-dark/128/278.png', 'https://cdn.collegefootballdata.com/logos/96/278.png', 'https://cdn.collegefootballdata.com/logos-dark/96/278.png', 'https://cdn.collegefootballdata.com/logos/64/278.png', 'https://cdn.collegefootballdata.com/logos-dark/64/278.png', 'https://cdn.collegefootballdata.com/logos/48/278.png', 'https://cdn.collegefootballdata.com/logos-dark/48/278.png', 'https://cdn.collegefootballdata.com/logos/32/278.png', 'https://cdn.collegefootballdata.com/logos-dark/32/278.png', 'https://cdn.collegefootballdata.com/logos/16/278.png', 'https://cdn.collegefootballdata.com/logos-dark/16/278.png']",@FresnoStateFB,"{'id': 3660, 'name': ""Valley Children's Stadium"", 'city': 'Fresno', 'state': 'CA', 'zip': '93740', 'countryCode': 'US', 'timezone': 'America/Los_Angeles', 'latitude': 36.8143527, 'longitude': -119.7580092, 'elevation': '102.564064', 'capacity': 41031, 'constructionYear': 1980, 'grass': False, 'dome': False}"
61,Georgia,Bulldogs,UGA,"['UGA', 'Georgia']",SEC,East,fbs,#ba0c2f,#2c2a29,"['https://cdn.collegefootballdata.com/logos/500/61.png', 'https://cdn.collegefootballdata.com/logos-dark/500/61.png', 'https://cdn.collegefootballdata.com/logos/256/61.png', 'https://cdn.collegefootballdata.com/logos-dark/256/61.png', 'https://cdn.collegefootballdata.com/logos/128/61.png', 'https://cdn.collegefootballdata.com/logos-dark/128/61.png', 'https://cdn.collegefootballdata.com/logos/96/61.png', 'https://cdn.collegefootballdata.com/logos-dark/96/61.png', 'https://cdn.collegefootballdata.com/logos/64/61.png', 'https://cdn.collegefootballdata.com/logos-dark/64/61.png', 'https://cdn.collegefootballdata.com/logos/48/61.png', 'https://cdn.collegefootballdata.com/logos-dark/48/61.png', 'https://cdn.collegefootballdata.com/logos/32/61.png', 'https://cdn.collegefootballdata.com/logos-dark/32/61.png', 'https://cdn.collegefootballdata.com/logos/16/61.png', 'https://cdn.collegefootballdata.com/logos-dark/16/61.png']",@GeorgiaFootball,"{'id': 3917, 'name': 'Sanford Stadium', 'city': 'Athens', 'state': 'GA', 'zip': '30602', 'countryCode': 'US', 'timezone': 'America/New_York', 'latitude': 33.9498197, 'longitude': -83.3733813, 'elevation': '186.1120758', 'capacity': 92746, 'constructionYear': 1929, 'grass': True, 'dome': False}"
290,Georgia Southern,Eagles,GASO,"['GASO', 'GA Southern']",Sun Belt,East,fbs,#041e42,#ffffff,"['https://cdn.collegefootballdata.com/logos/500/290.png', 'https://cdn.collegefootballdata.com/logos-dark/500/290.png', 'https://cdn.collegefootballdata.com/logos/256/290.png', 'https://cdn.collegefootballdata.com/logos-dark/256/290.png', 'https://cdn.collegefootballdata.com/logos/128/290.png', 'https://cdn.collegefootballdata.com/logos-dark/128/290.png', 'https://cdn.collegefootballdata.com/logos/96/290.png', 'https://cdn.collegefootballdata.com/logos-dark/96/290.png', 'https://cdn.collegefootballdata.com/logos/64/290.png', 'https://cdn.collegefootballdata.com/logos-dark/64/290.png', 'https://cdn.collegefootballdata.com/logos/48/290.png', 'https://cdn.collegefootballdata.com/logos-dark/48/290.png', 'https://cdn.collegefootballdata.com/logos/32/290.png', 'https://cdn.collegefootballdata.com/logos-dark/32/290.png', 'https://cdn.collegefootballdata.com/logos/16/290.png', 'https://cdn.collegefootballdata.com/logos-dark/16/290.png']",@GSAthletics_FB,"{'id': 3608, 'name': 'Allen E. Paulson Stadium', 'city': 'Statesboro', 'state': 'GA', 'zip': '30460', 'countryCode': 'US', 'timezone': 'America/New_York', 'latitude': 32.4122471, 'longitude': -81.7849296, 'elevation': '61.25376892', 'capacity': 25000, 'constructionYear': 1984, 'grass': False, 'dome': False}"
2247,Georgia State,Panthers,GAST,"['GAST', 'Georgia St']",Sun Belt,East,fbs,#0039a6,#ffffff,"['https://cdn.collegefootballdata.com/logos/500/2247.png', 'https://cdn.collegefootballdata.com/logos-dark/500/2247.png', 'https://cdn.collegefootballdata.com/logos/256/2247.png', 'https://cdn.collegefootballdata.com/logos-dark/256/2247.png', 'https://cdn.collegefootballdata.com/logos/128/2247.png', 'https://cdn.collegefootballdata.com/logos-dark/128/2247.png', 'https://cdn.collegefootballdata.com/logos/96/2247.png', 'https://cdn.collegefootballdata.com/logos-dark/96/2247.png', 'https://cdn.collegefootballdata.com/logos/64/2247.png', 'https://cdn.collegefootballdata.com/logos-dark/64/2247.png', 'https://cdn.collegefootballdata.com/logos/48/2247.png', 'https://cdn.collegefootballdata.com/logos-dark/48/2247.png', 'https://cdn.collegefootballdata.com/logos/32/2247.png', 'https://cdn.collegefootballdata.com/logos-dark/32/2247.png', 'https://cdn.collegefootballdata.com/logos/16/2247.png', 'https://cdn.collegefootballdata.com/logos-dark/16/2247.png']",@GeorgiaStateFB,"{'id': 4246, 'name': 'Center Parc Stadium', 'city': 'Atlanta', 'state': 'GA', 'zip': '30315', 'countryCode': 'US', 'timezone': 'America/New_York', 'latitude': 33.735267, 'longitude': -84.389949, 'elevation': '287', 'capacity': 25000, 'constructionYear': 2017, 'grass': False, 'dome': False}"
59,Georgia Tech,Yellow Jackets,GT,"['GT', 'Georgia Tech']",ACC,Coastal,fbs,#b3a369,#ffffff,"['https://cdn.collegefootballdata.com/logos/500/59.png', 'https://cdn.collegefootballdata.com/logos-dark/500/59.png', 'https://cdn.collegefootballdata.com/logos/256/59.png', 'https://cdn.collegefootballdata.com/logos-dark/256/59.png', 'https://cdn.collegefootballdata.com/logos/128/59.png', 'https://cdn.collegefootballdata.com/logos-dark/128/59.png', 'https://cdn.collegefootballdata.com/logos/96/59.png', 'https://cdn.collegefootballdata.com/logos-dark/96/59.png', 'https://cdn.collegefootballdata.com/logos/64/59.png', 'https://cdn.collegefootballdata.com/logos-dark/64/59.png', 'https://cdn.collegefootballdata.com/logos/48/59.png', 'https://cdn.collegefootballdata.com/logos-dark/48/59.png', 'https://cdn.collegefootballdata.com/logos/32/59.png', 'https://cdn.collegefootballdata.com/logos-dark/32/59.png', 'https://cdn.collegefootballdata.com/logos/16/59.png', 'https://cdn.collegefootballdata.com/logos-dark/16/59.png']",@GeorgiaTechFB,"{'id': 721, 'name': 'Bobby Dodd Stadium', 'city': 'Atlanta', 'state': 'GA', 'zip': '30332', 'countryCode': 'US', 'timezone': 'America/New_York', 'latitude': 33.7724449, 'longitude': -84.3928054, 'elevation': '279.300415', 'capacity': 55000, 'constructionYear': 1913, 'grass': False, 'dome': False}"
62,Hawai'i,Rainbow Warriors,HAW,"['HAW', ""Hawai'i""]",Mountain West,West,fbs,#024731,#000000,"['https://cdn.collegefootballdata.com/logos/500/62.png', 'https://cdn.collegefootballdata.com/logos-dark/500/62.png', 'https://cdn.collegefootballdata.com/logos/256/62.png', 'https://cdn.collegefootballdata.com/logos-dark/256/62.png', 'https://cdn.collegefootballdata.com/logos/128/62.png', 'https://cdn.collegefootballdata.com/logos-dark/128/62.png', 'https://cdn.collegefootballdata.com/logos/96/62.png', 'https://cdn.collegefootballdata.com/logos-dark/96/62.png', 'https://cdn.collegefootballdata.com/logos/64/62.png', 'https://cdn.collegefootballdata.com/logos-dark/64/62.png', 'https://cdn.collegefootballdata.com/logos/48/62.png', 'https://cdn.collegefootballdata.com/logos-dark/48/62.png', 'https://cdn.collegefootballdata.com/logos/32/62.png', 'https://cdn.collegefootballdata.com/logos-dark/32/62.png', 'https://cdn.collegefootballdata.com/logos/16/62.png', 'https://cdn.collegefootballdata.com/logos-dark/16/62.png']",@HawaiiFootball,"{'id': 7220, 'name': 'Clarence T.C. Ching Athletics Complex', 'city': 'Honolulu', 'state': 'HI', 'zip': '96822', 'countryCode': 'US', 'timezone': 'Pacific/Honolulu', 'latitude': 21.294294, 'longitude': -157.819338, 'elevation': '20', 'capacity': 15194, 'constructionYear': 2015, 'grass': False, 'dome': False}"
248,Houston,Cougars,HOU,"['HOU', 'Houston']",American Athletic,,fbs,#c8102e,#ffffff,"['https://cdn.collegefootballdata.com/logos/500/248.png', 'https://cdn.collegefootballdata.com/logos-dark/500/248.png', 'https://cdn.collegefootballdata.com/logos/256/248.png', 'https://cdn.collegefootballdata.com/logos-dark/256/248.png', 'https://cdn.collegefootballdata.com/logos/128/248.png', 'https://cdn.collegefootballdata.com/logos-dark/128/248.png', 'https://cdn.collegefootballdata.com/logos/96/248.png', 'https://cdn.collegefootballdata.com/logos-dark/96/248.png', 'https://cdn.collegefootballdata.com/logos/64/248.png', 'https://cdn.collegefootballdata.com/logos-dark/64/248.png', 'https://cdn.collegefootballdata.com/logos/48/248.png', 'https://cdn.collegefootballdata.com/logos-dark/48/248.png', 'https://cdn.collegefootballdata.com/logos/32/248.png', 'https://cdn.collegefootballdata.com/logos-dark/32/248.png', 'https://cdn.collegefootballdata.com/logos/16/248.png', 'https://cdn.collegefootballdata.com/logos-dark/16/248.png']",@UHCougarFB,"{'id': 4728, 'name': 'TDECU Stadium', 'city': 'Houston', 'state': 'TX', 'zip': '77004', 'countryCode': 'US', 'timezone': 'America/Chicago', 'latitude': 29.7219885, 'longitude': -95.3491623, 'elevation': '9.57440567', 'capacity': 40000, 'constructionYear': 2014, 'grass': False, 'dome': False}"
356,Illinois,Fighting Illini,ILL,"['ILL', 'Illinois']",Big Ten,West,fbs,#ff5f05,#13294b,"['https://cdn.collegefootballdata.com/logos/500/356.png', 'https://cdn.collegefootballdata.com/logos-dark/500/356.png', 'https://cdn.collegefootballdata.com/logos/256/356.png', 'https://cdn.collegefootballdata.com/logos-dark/256/356.png', 'https://cdn.collegefootballdata.com/logos/128/356.png', 'https://cdn.collegefootballdata.com/logos-dark/128/356.png', 'https://cdn.collegefootballdata.com/logos/96/356.png', 'https://cdn.collegefootballdata.com/logos-dark/96/356.png', 'https://cdn.collegefootballdata.com/logos/64/356.png', 'https://cdn.collegefootballdata.com/logos-dark/64/356.png', 'https://cdn.collegefootballdata.com/logos/48/356.png', 'https://cdn.collegefootballdata.com/logos-dark/48/356.png', 'https://cdn.collegefootballdata.com/logos/32/356.png', 'https://cdn.collegefootballdata.com/logos-dark/32/356.png', 'https://cdn.collegefootballdata.com/logos/16/356.png', 'https://cdn.collegefootballdata.com/logos-dark/16/356.png']",@IlliniFootball,"{'id': 3832, 'name': 'Memorial Stadium (Champaign, IL)', 'city': 'Champaign', 'state': 'IL', 'zip': '61820', 'countryCode': 'US', 'timezone': 'America/Chicago', 'latitude': 40.0993268, 'longitude': -88.2359569, 'elevation': '223.2471619', 'capacity': 60670, 'constructionYear': 1923, 'grass': False, 'dome': False}"
84,Indiana,Hoosiers,IU,"['IU', 'Indiana']",Big Ten,East,fbs,#990000,#ffffff,"['https://cdn.collegefootballdata.com/logos/500/84.png', 'https://cdn.collegefootballdata.com/logos-dark/500/84.png', 'https://cdn.collegefootballdata.com/logos/256/84.png', 'https://cdn.collegefootballdata.com/logos-dark/256/84.png', 'https://cdn.collegefootballdata.com/logos/128/84.png', 'https://cdn.collegefootballdata.com/logos-dark/128/84.png', 'https://cdn.collegefootballdata.com/logos/96/84.png', 'https://cdn.collegefootballdata.com/logos-dark/96/84.png', 'https://cdn.collegefootballdata.com/logos/64/84.png', 'https://cdn.collegefootballdata.com/logos-dark/64/84.png', 'https://cdn.collegefootballdata.com/logos/48/84.png', 'https://cdn.collegefootballdata.com/logos-dark/48/84.png', 'https://cdn.collegefootballdata.com/logos/32/84.png', 'https://cdn.collegefootballdata.com/logos-dark/32/84.png', 'https://cdn.collegefootballdata.com/logos/16/84.png', 'https://cdn.collegefootballdata.com/logos-dark/16/84.png']",@IndianaFootball,"{'id': 3830, 'name': 'Memorial Stadium (Bloomington, IN)', 'city': 'Bloomington', 'state': 'IN', 'zip': '47408', 'countryCode': 'US', 'timezone': 'America/Indiana/Indianapolis', 'latitude': 39.1808959, 'longitude': -86.5256217, 'elevation': '231.6500854', 'capacity': 52656, 'constructionYear': 1960, 'grass': False, 'dome': False}"
2294,Iowa,Hawkeyes,IOWA,"['IOWA', 'Iowa']",Big Ten,West,fbs,#000000,#ffcd00,"['https://cdn.collegefootballdata.com/logos/500/2294.png', 'https://cdn.collegefootballdata.com/logos-dark/500/2294.png', 'https://cdn.collegefootballdata.com/logos/256/2294.png', 'https://cdn.collegefootballdata.com/logos-dark/256/2294.png', 'https://cdn.collegefootballdata.com/logos/128/2294.png', 'https://cdn.collegefootballdata.com/logos-dark/128/2294.png', 'https://cdn.collegefootballdata.com/logos/96/2294.png', 'https://cdn.collegefootballdata.com/logos-dark/96/2294.png', 'https://cdn.collegefootballdata.com/logos/64/2294.png', 'https://cdn.collegefootballdata.com/logos-dark/64/2294.png', 'https://cdn.collegefootballdata.com/logos/48/2294.png', 'https://cdn.collegefootballdata.com/logos-dark/48/2294.png', 'https://cdn.collegefootballdata.com/logos/32/2294.png', 'https://cdn.collegefootballdata.com/logos-dark/32/2294.png', 'https://cdn.collegefootballdata.com/logos/16/2294.png', 'https://cdn.collegefootballdata.com/logos-dark/16/2294.png']",@HawkeyeFootball,"{'id': 3793, 'name': 'Kinnick Stadium', 'city': 'Iowa City', 'state': 'IA', 'zip': '52242', 'countryCode': 'US', 'timezone': 'America/Chicago', 'latitude': 41.6586045, 'longitude': -91.5510829, 'elevation': '220.6357727', 'capacity': 69250, 'constructionYear': 1929, 'grass': False, 'dome': False}"
66,Iowa State,Cyclones,ISU,"['ISU', 'Iowa State']",Big 12,,fbs,#c8102e,#f1be48,"['https://cdn.collegefootballdata.com/logos/500/66.png', 'https://cdn.collegefootballdata.com/logos-dark/500/66.png', 'https://cdn.collegefootballdata.com/logos/256/66.png', 'https://cdn.collegefootballdata.com/logos-dark/256/66.png', 'https://cdn.collegefootballdata.com/logos/128/66.png', 'https://cdn.collegefootballdata.com/logos-dark/128/66.png', 'https://cdn.collegefootballdata.com/logos/96/66.png', 'https://cdn.collegefootballdata.com/logos-dark/96/66.png', 'https://cdn.collegefootballdata.com/logos/64/66.png', 'https://cdn.collegefootballdata.com/logos-dark/64/66.png', 'https://cdn.collegefootballdata.com/logos/48/66.png', 'https://cdn.collegefootballdata.com/logos-dark/48/66.png', 'https://cdn.collegefootballdata.com/logos/32/66.png', 'https://cdn.collegefootballdata.com/logos-dark/32/66.png', 'https://cdn.collegefootballdata.com/logos/16/66.png', 'https://cdn.collegefootballdata.com/logos-dark/16/66.png']",@CycloneFB,"{'id': 3772, 'name': 'Jack Trice Stadium', 'city': 'Ames', 'state': 'IA', 'zip': '50011', 'countryCode': 'US', 'timezone': 'America/Chicago', 'latitude': 42.0139977, 'longitude': -93.6357716, 'elevation': '274.9135437', 'capacity': 61500, 'constructionYear': 1975, 'grass': True, 'dome': False}"
2305,Kansas,Jayhawks,KU,"['KU', 'Kansas']",Big 12,,fbs,#0051ba,#e8000d,"['https://cdn.collegefootballdata.com/logos/500/2305.png', 'https://cdn.collegefootballdata.com/logos-dark/500/2305.png', 'https://cdn.collegefootballdata.com/logos/256/2305.png', 'https://cdn.collegefootballdata.com/logos-dark/256/2305.png', 'https://cdn.collegefootballdata.com/logos/128/2305.png', 'https://cdn.collegefootballdata.com/logos-dark/128/2305.png', 'https://cdn.collegefootballdata.com/logos/96/2305.png', 'https://cdn.collegefootballdata.com/logos-dark/96/2305.png', 'https://cdn.collegefootballdata.com/logos/64/2305.png', 'https://cdn.collegefootballdata.com/logos-dark/64/2305.png', 'https://cdn.collegefootballdata.com/logos/48/2305.png', 'https://cdn.collegefootballdata.com/logos-dark/48/2305.png', 'https://cdn.collegefootballdata.com/logos/32/2305.png', 'https://cdn.collegefootballdata.com/logos-dark/32/2305.png', 'https://cdn.collegefootballdata.com/logos/16/2305.png', 'https://cdn.collegefootballdata.com/logos-dark/16/2305.png']",@KU_Football,"{'id': 3833, 'name': 'Memorial Stadium', 'city': 'Lawrence', 'state': 'KS', 'zip': '66045', 'countryCode': 'US', 'timezone': 'America/Chicago', 'latitude': 38.9629418, 'longitude': -95.2463686, 'elevation': '274.855957', 'capacity': 47000, 'constructionYear': 1921, 'grass': False, 'dome': False}"
2306,Kansas State,Wildcats,KSU,"['KSU', 'Kansas St']",Big 12,,fbs,#512888,#ffffff,"['https://cdn.collegefootballdata.com/logos/500/2306.png', 'https://cdn.collegefootballdata.com/logos-dark/500/2306.png', 'https://cdn.collegefootballdata.com/logos/256/2306.png', 'https://cdn.collegefootballdata.com/logos-dark/256/2306.png', 'https://cdn.collegefootballdata.com/logos/128/2306.png', 'https://cdn.collegefootballdata.com/logos-dark/128/2306.png', 'https://cdn.collegefootballdata.com/logos/96/2306.png', 'https://cdn.collegefootballdata.com/logos-dark/96/2306.png', 'https://cdn.collegefootballdata.com/logos/64/2306.png', 'https://cdn.collegefootballdata.com/logos-dark/64/2306.png', 'https://cdn.collegefootballdata.com/logos/48/2306.png', 'https://cdn.collegefootballdata.com/logos-dark/48/2306.png', 'https://cdn.collegefootballdata.com/logos/32/2306.png', 'https://cdn.collegefootballdata.com/logos-dark/32/2306.png', 'https://cdn.collegefootballdata.com/logos/16/2306.png', 'https://cdn.collegefootballdata.com/logos-dark/16/2306.png']",@KStateFB,"{'id': 3636, 'name': 'Bill Snyder Family Stadium', 'city': 'Manhattan', 'state': 'KS', 'zip': '66502', 'countryCode': 'US', 'timezone': 'America/Chicago', 'latitude': 39.2020096, 'longitude': -96.5938395, 'elevation': '328.0574646', 'capacity': 50000, 'constructionYear': 1968, 'grass': False, 'dome': False}"
2309,Kent State,Golden Flashes,KENT,"['KENT', 'Kent State']",Mid-American,East,fbs,#002664,#eaab00,"['https://cdn.collegefootballdata.com/logos/500/2309.png', 'https://cdn.collegefootballdata.com/logos-dark/500/2309.png', 'https://cdn.collegefootballdata.com/logos/256/2309.png', 'https://cdn.collegefootballdata.com/logos-dark/256/2309.png', 'https://cdn.collegefootballdata.com/logos/128/2309.png', 'https://cdn.collegefootballdata.com/logos-dark/128/2309.png', 'https://cdn.collegefootballdata.com/logos/96/2309.png', 'https://cdn.collegefootballdata.com/logos-dark/96/2309.png', 'https://cdn.collegefootballdata.com/logos/64/2309.png', 'https://cdn.collegefootballdata.com/logos-dark/64/2309.png', 'https://cdn.collegefootballdata.com/logos/48/2309.png', 'https://cdn.collegefootballdata.com/logos-dark/48/2309.png', 'https://cdn.collegefootballdata.com/logos/32/2309.png', 'https://cdn.collegefootballdata.com/logos-dark/32/2309.png', 'https://cdn.collegefootballdata.com/logos/16/2309.png', 'https://cdn.collegefootballdata.com/logos-dark/16/2309.png']",@KentStFootball,"{'id': 3696, 'name': 'Dix Stadium', 'city': 'Kent', 'state': 'OH', 'zip': '44242', 'countryCode': 'US', 'timezone': 'America/New_York', 'latitude': 41.1390935, 'longitude': -81.31346, 'elevation': '321.3641663', 'capacity': 25319, 'constructionYear': 1969, 'grass': False, 'dome': False}"
96,Kentucky,Wildcats,UK,"['UK', 'Kentucky']",SEC,East,fbs,#0033a0,#ffffff,"['https://cdn.collegefootballdata.com/logos/500/96.png', 'https://cdn.collegefootballdata.com/logos-dark/500/96.png', 'https://cdn.collegefootballdata.com/logos/256/96.png', 'https://cdn.collegefootballdata.com/logos-dark/256/96.png', 'https://cdn.collegefootballdata.com/logos/128/96.png', 'https://cdn.collegefootballdata.com/logos-dark/128/96.png', 'https://cdn.collegefootballdata.com/logos/96/96.png', 'https://cdn.collegefootballdata.com/logos-dark/96/96.png', 'https://cdn.collegefootballdata.com/logos/64/96.png', 'https://cdn.collegefootballdata.com/logos-dark/64/96.png', 'https://cdn.collegefootballdata.com/logos/48/96.png', 'https://cdn.collegefootballdata.com/logos-dark/48/96.png', 'https://cdn.collegefootballdata.com/logos/32/96.png', 'https://cdn.collegefootballdata.com/logos-dark/32/96.png', 'https://cdn.collegefootballdata.com/logos/16/96.png', 'https://cdn.collegefootballdata.com/logos-dark/16/96.png']",@UKFootball,"{'id': 3683, 'name': 'Kroger Field', 'city': 'Lexington', 'state': 'KY', 'zip': '40506', 'countryCode': 'US', 'timezone': 'America/New_York', 'latitude': 38.0220905, 'longitude': -84.5053408, 'elevation': '307.4248962', 'capacity': 61000, 'constructionYear': 1973, 'grass': False, 'dome': False}"
2335,Liberty,Flames,LIB,"['LIB', 'Liberty']",FBS Independents,,fbs,#0a254e,#b72025,"['https://cdn.collegefootballdata.com/logos/500/2335.png', 'https://cdn.collegefootballdata.com/logos-dark/500/2335.png', 'https://cdn.collegefootballdata.com/logos/256/2335.png', 'https://cdn.collegefootballdata.com/logos-dark/256/2335.png', 'https://cdn.collegefootballdata.com/logos/128/2335.png', 'https://cdn.collegefootballdata.com/logos-dark/128/2335.png', 'https://cdn.collegefootballdata.com/logos/96/2335.png', 'https://cdn.collegefootballdata.com/logos-dark/96/2335.png', 'https://cdn.collegefootballdata.com/logos/64/2335.png', 'https://cdn.collegefootballdata.com/logos-dark/64/2335.png', 'https://cdn.collegefootballdata.com/logos/48/2335.png', 'https://cdn.collegefootballdata.com/logos-dark/48/2335.png', 'https://cdn.collegefootballdata.com/logos/32/2335.png', 'https://cdn.collegefootballdata.com/logos-dark/32/2335.png', 'https://cdn.collegefootballdata.com/logos/16/2335.png', 'https://cdn.collegefootballdata.com/logos-dark/16/2335.png']",@LibertyFootball,"{'id': 3992, 'name': 'Williams Stadium (VA)', 'city': 'Lynchburg', 'state': 'VA', 'zip': '24502', 'countryCode': 'US', 'timezone': 'America/New_York', 'latitude': 37.3544305, 'longitude': -79.1750239, 'elevation': '272.9237061', 'capacity': 25000, 'constructionYear': 1989, 'grass': False, 'dome': False}"
309,Louisiana,Ragin' Cajuns,UL,"['UL Lafayette', 'UL', 'Louisiana']",Sun Belt,West,fbs,#ce181e,#000000,"['https://cdn.collegefootballdata.com/logos/500/309.png', 'https://cdn.collegefootballdata.com/logos-dark/500/309.png', 'https://cdn.collegefootballdata.com/logos/256/309.png', 'https://cdn.collegefootballdata.com/logos-dark/256/309.png', 'https://cdn.collegefootballdata.com/logos/128/309.png', 'https://cdn.collegefootballdata.com/logos-dark/128/309.png', 'https://cdn.collegefootballdata.com/logos/96/309.png', 'https://cdn.collegefootballdata.com/logos-dark/96/309.png', 'https://cdn.collegefootballdata.com/logos/64/309.png', 'https://cdn.collegefootballdata.com/logos-dark/64/309.png', 'https://cdn.collegefootballdata.com/logos/48/309.png', 'https://cdn.collegefootballdata.com/logos-dark/48/309.png', 'https://cdn.collegefootballdata.com/logos/32/309.png', 'https://cdn.collegefootballdata.com/logos-dark/32/309.png', 'https://cdn.collegefootballdata.com/logos/16/309.png', 'https://cdn.collegefootballdata.com/logos-dark/16/309.png']",@RaginCajunsFB,"{'id': 3666, 'name': 'Cajun Field', 'city': 'Lafayette', 'state': 'LA', 'zip': '70506', 'countryCode': 'US', 'timezone': 'America/Chicago', 'latitude': 30.2158434, 'longitude': -92.0417371, 'elevation': '3.556508303', 'capacity': 41426, 'constructionYear': 1971, 'grass': False, 'dome': False}"
2348,Louisiana Tech,Bulldogs,LT,"['LT', 'Louisiana Tech']",Conference USA,West,fbs,#003087,#cb333b,"['https://cdn.collegefootballdata.com/logos/500/2348.png', 'https://cdn.collegefootballdata.com/logos-dark/500/2348.png', 'https://cdn.collegefootballdata.com/logos/256/2348.png', 'https://cdn.collegefootballdata.com/logos-dark/256/2348.png', 'https://cdn.collegefootballdata.com/logos/128/2348.png', 'https://cdn.collegefootballdata.com/logos-dark/128/2348.png', 'https://cdn.collegefootballdata.com/logos/96/2348.png', 'https://cdn.collegefootballdata.com/logos-dark/96/2348.png', 'https://cdn.collegefootballdata.com/logos/64/2348.png', 'https://cdn.collegefootballdata.com/logos-dark/64/2348.png', 'https://cdn.collegefootballdata.com/logos/48/2348.png', 'https://cdn.collegefootballdata.com/logos-dark/48/2348.png', 'https://cdn.collegefootballdata.com/logos/32/2348.png', 'https://cdn.collegefootballdata.com/logos-dark/32/2348.png', 'https://cdn.collegefootballdata.com/logos/16/2348.png', 'https://cdn.collegefootballdata.com/logos-dark/16/2348.png']",@LATechFB,"{'id': 3776, 'name': 'Joe Aillet Stadium', 'city': 'Ruston', 'state': 'LA', 'zip': '71272', 'countryCode': 'US', 'timezone': 'America/Chicago', 'latitude': 32.5321487, 'longitude': -92.6560019, 'elevation': '72.87982941', 'capacity': 28019, 'constructionYear': 1968, 'grass': False, 'dome': False}"
97,Louisville,Cardinals,LOU,"['LOU', 'Louisville']",ACC,Atlantic,fbs,#c9001f,#000000,"['https://cdn.collegefootballdata.com/logos/500/97.png', 'https://cdn.collegefootballdata.com/logos-dark/500/97.png', 'https://cdn.collegefootballdata.com/logos/256/97.png', 'https://cdn.collegefootballdata.com/logos-dark/256/97.png', 'https://cdn.collegefootballdata.com/logos/128/97.png', 'https://cdn.collegefootballdata.com/logos-dark/128/97.png', 'https://cdn.collegefootballdata.com/logos/96/97.png', 'https://cdn.collegefootballdata.com/logos-dark/96/97.png', 'https://cdn.collegefootballdata.com/logos/64/97.png', 'https://cdn.collegefootballdata.com/logos-dark/64/97.png', 'https://cdn.collegefootballdata.com/logos/48/97.png', 'https://cdn.collegefootballdata.com/logos-dark/48/97.png', 'https://cdn.collegefootballdata.com/logos/32/97.png', 'https://cdn.collegefootballdata.com/logos-dark/32/97.png', 'https://cdn.collegefootballdata.com/logos/16/97.png', 'https://cdn.collegefootballdata.com/logos-dark/16/97.png']",@LouisvilleFB,"{'id': 3873, 'name': 'L&N Federal Credit Union Stadium', 'city': 'Louisville', 'state': 'KY', 'zip': '40292', 'countryCode': 'US', 'timezone': 'America/Kentucky/Louisville', 'latitude': 38.2057621, 'longitude': -85.7588141, 'elevation': '138.5615997', 'capacity': 60000, 'constructionYear': 1998, 'grass': False, 'dome': False}"
99,LSU,Tigers,LSU,"['Louisiana State', 'LSU', 'LSU']",SEC,West,fbs,#461d7c,#fdd023,"['https://cdn.collegefootballdata.com/logos/500/99.png', 'https://cdn.collegefootballdata.com/logos-dark/500/99.png', 'https://cdn.collegefootballdata.com/logos/256/99.png', 'https://cdn.collegefootballdata.com/logos-dark/256/99.png', 'https://cdn.collegefootballdata.com/logos/128/99.png', 'https://cdn.collegefootballdata.com/logos-dark/128/99.png', 'https://cdn.collegefootballdata.com/logos/96/99.png', 'https://cdn.collegefootballdata.com/logos-dark/96/99.png', 'https://cdn.collegefootballdata.com/logos/64/99.png', 'https://cdn.collegefootballdata.com/logos-dark/64/99.png', 'https://cdn.collegefootballdata.com/logos/48/99.png', 'https://cdn.collegefootballdata.com/logos-dark/48/99.png', 'https://cdn.collegefootballdata.com/logos/32/99.png', 'https://cdn.collegefootballdata.com/logos-dark/32/99.png', 'https://cdn.collegefootballdata.com/logos/16/99.png', 'https://cdn.collegefootballdata.com/logos-dark/16/99.png']",@LSUFootball,"{'id': 3958, 'name': 'Tiger Stadium (LA)', 'city': 'Baton Rouge', 'state': 'LA', 'zip': '70803', 'countryCode': 'US', 'timezone': 'America/Chicago', 'latitude': 30.412035, 'longitude': -91.1838163, 'elevation': '7.640734673', 'capacity': 102321, 'constructionYear': 1924, 'grass': True, 'dome': False}"
276,Marshall,Thundering Herd,MRSH,"['MRSH', 'Marshall']",Conference USA,East,fbs,#00b140,#000000,"['https://cdn.collegefootballdata.com/logos/500/276.png', 'https://cdn.collegefootballdata.com/logos-dark/500/276.png', 'https://cdn.collegefootballdata.com/logos/256/276.png', 'https://cdn.collegefootballdata.com/logos-dark/256/276.png', 'https://cdn.collegefootballdata.com/logos/128/276.png', 'https://cdn.collegefootballdata.com/logos-dark/128/276.png', 'https://cdn.collegefootballdata.com/logos/96/276.png', 'https://cdn.collegefootballdata.com/logos-dark/96/276.png', 'https://cdn.collegefootballdata.com/logos/64/276.png', 'https://cdn.collegefootballdata.com/logos-dark/64/276.png', 'https://cdn.collegefootballdata.com/logos/48/276.png', 'https://cdn.collegefootballdata.com/logos-dark/48/276.png', 'https://cdn.collegefootballdata.com/logos/32/276.png', 'https://cdn.collegefootballdata.com/logos-dark/32/276.png', 'https://cdn.collegefootballdata.com/logos/16/276.png', 'https://cdn.collegefootballdata.com/logos-dark/16/276.png']",@HerdFB,"{'id': 3775, 'name': 'Joan C. Edwards Stadium', 'city': 'Huntington', 'state': 'WV', 'zip': '25755', 'countryCode': 'US', 'timezone': 'America/New_York', 'latitude': 38.4247042, 'longitude': -82.4214412, 'elevation': '163.7328186', 'capacity': 38016, 'constructionYear': 1991, 'grass': False, 'dome': False}"
120,Maryland,Terrapins,MD,"['MD', 'Maryland']",Big Ten,East,fbs,#ce1126,#ffffff,"['https://cdn.collegefootballdata.com/logos/500/120.png', 'https://cdn.collegefootballdata.com/logos-dark/500/120.png', 'https://cdn.collegefootballdata.com/logos/256/120.png', 'https://cdn.collegefootballdata.com/logos-dark/256/120.png', 'https://cdn.collegefootballdata.com/logos/128/120.png', 'https://cdn.collegefootballdata.com/logos-dark/128/120.png', 'https://cdn.collegefootballdata.com/logos/96/120.png', 'https://cdn.collegefootballdata.com/logos-dark/96/120.png', 'https://cdn.collegefootballdata.com/logos/64/120.png', 'https://cdn.collegefootballdata.com/logos-dark/64/120.png', 'https://cdn.collegefootballdata.com/logos/48/120.png', 'https://cdn.collegefootballdata.com/logos-dark/48/120.png', 'https://cdn.collegefootballdata.com/logos/32/120.png', 'https://cdn.collegefootballdata.com/logos-dark/32/120.png', 'https://cdn.collegefootballdata.com/logos/16/120.png', 'https://cdn.collegefootballdata.com/logos-dark/16/120.png']",@TerpsFootball,"{'id': 3665, 'name': 'SECU Stadium', 'city': 'College Park', 'state': 'MD', 'zip': '20742', 'countryCode': 'US', 'timezone': 'America/New_York', 'latitude': 38.9903332, 'longitude': -76.9473792, 'elevation': '32.68748093', 'capacity': 51802, 'constructionYear': 1950, 'grass': False, 'dome': False}"
113,Massachusetts,Minutemen,MASS,"['UMass', 'MASS', 'UMass']",FBS Independents,,fbs,#881c1c,#ffffff,"['https://cdn.collegefootballdata.com/logos/500/113.png', 'https://cdn.collegefootballdata.com/logos-dark/500/113.png', 'https://cdn.collegefootballdata.com/logos/256/113.png', 'https://cdn.collegefootballdata.com/logos-dark/256/113.png', 'https://cdn.collegefootballdata.com/logos/128/113.png', 'https://cdn.collegefootballdata.com/logos-dark/128/113.png', 'https://cdn.collegefootballdata.com/logos/96/113.png', 'https://cdn.collegefootballdata.com/logos-dark/96/113.png', 'https://cdn.collegefootballdata.com/logos/64/113.png', 'https://cdn.collegefootballdata.com/logos-dark/64/113.png', 'https://cdn.collegefootballdata.com/logos/48/113.png', 'https://cdn.collegefootballdata.com/logos-dark/48/113.png', 'https://cdn.collegefootballdata.com/logos/32/113.png', 'https://cdn.collegefootballdata.com/logos-dark/32/113.png', 'https://cdn.collegefootballdata.com/logos/16/113.png', 'https://cdn.collegefootballdata.com/logos-dark/16/113.png']",@UMassFootball,"{'id': 3985, 'name': 'Warren McGuirk Alumni Stadium', 'city': 'Hadley', 'state': 'MA', 'zip': '1003 ', 'countryCode': 'US', 'timezone': 'America/New_York', 'latitude': 42.3773244, 'longitude': -72.5360595, 'elevation': '46.58664703', 'capacity': 17000, 'constructionYear': 1965, 'grass': False, 'dome': False}"
235,Memphis,Tigers,MEM,"['MEM', 'Memphis']",American Athletic,,fbs,#00498f,#9c9ea1,"['https://cdn.collegefootballdata.com/logos/500/235.png', 'https://cdn.collegefootballdata.com/logos-dark/500/235.png', 'https://cdn.collegefootballdata.com/logos/256/235.png', 'https://cdn.collegefootballdata.com/logos-dark/256/235.png', 'https://cdn.collegefootballdata.com/logos/128/235.png', 'https://cdn.collegefootballdata.com/logos-dark/128/235.png', 'https://cdn.collegefootballdata.com/logos/96/235.png', 'https://cdn.collegefootballdata.com/logos-dark/96/235.png', 'https://cdn.collegefootballdata.com/logos/64/235.png', 'https://cdn.collegefootballdata.com/logos-dark/64/235.png', 'https://cdn.collegefootballdata.com/logos/48/235.png', 'https://cdn.collegefootballdata.com/logos-dark/48/235.png', 'https://cdn.collegefootballdata.com/logos/32/235.png', 'https://cdn.collegefootballdata.com/logos-dark/32/235.png', 'https://cdn.collegefootballdata.com/logos/16/235.png', 'https://cdn.collegefootballdata.com/logos-dark/16/235.png']",@MemphisFB,"{'id': 3805, 'name': 'Simmons Bank Liberty Stadium', 'city': 'Memphis', 'state': 'TN', 'zip': '38152', 'countryCode': 'US', 'timezone': 'America/Chicago', 'latitude': 35.1209429, 'longitude': -89.977147, 'elevation': '90.62445831', 'capacity': 58325, 'constructionYear': 1965, 'grass': False, 'dome': False}"
2390,Miami,Hurricanes,MIA,"['Miami (FL)', 'MIA', 'Miami']",ACC,Coastal,fbs,#f47321,#005030,"['https://cdn.collegefootballdata.com/logos/500/2390.png', 'https://cdn.collegefootballdata.com/logos-dark/500/2390.png', 'https://cdn.collegefootballdata.com/logos/256/2390.png', 'https://cdn.collegefootballdata.com/logos-dark/256/2390.png', 'https://cdn.collegefootballdata.com/logos/128/2390.png', 'https://cdn.collegefootballdata.com/logos-dark/128/2390.png', 'https://cdn.collegefootballdata.com/logos/96/2390.png', 'https://cdn.collegefootballdata.com/logos-dark/96/2390.png', 'https://cdn.collegefootballdata.com/logos/64/2390.png', 'https://cdn.collegefootballdata.com/logos-dark/64/2390.png', 'https://cdn.collegefootballdata.com/logos/48/2390.png', 'https://cdn.collegefootballdata.com/logos-dark/48/2390.png', 'https://cdn.collegefootballdata.com/logos/32/2390.png', 'https://cdn.collegefootballdata.com/logos-dark/32/2390.png', 'https://cdn.collegefootballdata.com/logos/16/2390.png', 'https://cdn.collegefootballdata.com/logos-dark/16/2390.png']",@CanesFootball,"{'id': 3948, 'name': 'Hard Rock Stadium', 'city': 'Miami Gardens', 'state': 'FL', 'zip': '33299', 'countryCode': 'US', 'timezone': 'America/New_York', 'latitude': 25.9579665, 'longitude': -80.2388604, 'elevation': '2.624486446', 'capacity': 64767, 'constructionYear': 1987, 'grass': False, 'dome': False}"
193,Miami (OH),RedHawks,M-OH,"['M-OH', 'Miami OH']",Mid-American,East,fbs,#c41230,#ffffff,"['https://cdn.collegefootballdata.com/logos/500/193.png', 'https://cdn.collegefootballdata.com/logos-dark/500/193.png', 'https://cdn.collegefootballdata.com/logos/256/193.png', 'https://cdn.collegefootballdata.com/logos-dark/256/193.png', 'https://cdn.collegefootballdata.com/logos/128/193.png', 'https://cdn.collegefootballdata.com/logos-dark/128/193.png', 'https://cdn.collegefootballdata.com/logos/96/193.png', 'https://cdn.collegefootballdata.com/logos-dark/96/193.png', 'https://cdn.collegefootballdata.com/logos/64/193.png', 'https://cdn.collegefootballdata.com/logos-dark/64/193.png', 'https://cdn.collegefootballdata.com/logos/48/193.png', 'https://cdn.collegefootballdata.com/logos-dark/48/193.png', 'https://cdn.collegefootballdata.com/logos/32/193.png', 'https://cdn.collegefootballdata.com/logos-dark/32/193.png', 'https://cdn.collegefootballdata.com/logos/16/193.png', 'https://cdn.collegefootballdata.com/logos-dark/16/193.png']",@MiamiOHFootball,"{'id': 3996, 'name': 'Yager Stadium', 'city': 'Oxford', 'state': 'OH', 'zip': '45056', 'countryCode': 'US', 'timezone': 'America/New_York', 'latitude': 39.5197009, 'longitude': -84.7330255, 'elevation': '242.2643585', 'capacity': 24286, 'constructionYear': 1983, 'grass': False, 'dome': False}"
130,Michigan,Wolverines,MICH,"['MICH', 'Michigan']",Big Ten,East,fbs,#00274c,#ffcb05,"['https://cdn.collegefootballdata.com/logos/500/130.png', 'https://cdn.collegefootballdata.com/logos-dark/500/130.png', 'https://cdn.collegefootballdata.com/logos/256/130.png', 'https://cdn.collegefootballdata.com/logos-dark/256/130.png', 'https://cdn.collegefootballdata.com/logos/128/130.png', 'https://cdn.collegefootballdata.com/logos-dark/128/130.png', 'https://cdn.collegefootballdata.com/logos/96/130.png', 'https://cdn.collegefootballdata.com/logos-dark/96/130.png', 'https://cdn.collegefootballdata.com/logos/64/130.png', 'https://cdn.collegefootballdata.com/logos-dark/64/130.png', 'https://cdn.collegefootballdata.com/logos/48/130.png', 'https://cdn.collegefootballdata.com/logos-dark/48/130.png', 'https://cdn.collegefootballdata.com/logos/32/130.png', 'https://cdn.collegefootballdata.com/logos-dark/32/130.png', 'https://cdn.collegefootballdata.com/logos/16/130.png', 'https://cdn.collegefootballdata.com/logos-dark/16/130.png']",@UMichFootball,"{'id': 3558, 'name': 'Michigan Stadium', 'city': 'Ann Arbor', 'state': 'MI', 'zip': '48109', 'countryCode': 'US', 'timezone': 'America/Detroit', 'latitude': 42.2658365, 'longitude': -83.7486956, 'elevation': '255.5500031', 'capacity': 107601, 'constructionYear': 1927, 'grass': False, 'dome': False}"
127,Michigan State,Spartans,MSU,"['MSU', 'Michigan St']",Big Ten,East,fbs,#173f35,#ffffff,"['https://cdn.collegefootballdata.com/logos/500/127.png', 'https://cdn.collegefootballdata.com/logos-dark/500/127.png', 'https://cdn.collegefootballdata.com/logos/256/127.png', 'https://cdn.collegefootballdata.com/logos-dark/256/127.png', 'https://cdn.collegefootballdata.com/logos/128/127.png', 'https://cdn.collegefootballdata.com/logos-dark/128/127.png', 'https://cdn.collegefootballdata.com/logos/96/127.png', 'https://cdn.collegefootballdata.com/logos-dark/96/127.png', 'https://cdn.collegefootballdata.com/logos/64/127.png', 'https://cdn.collegefootballdata.com/logos-dark/64/127.png', 'https://cdn.collegefootballdata.com/logos/48/127.png', 'https://cdn.collegefootballdata.com/logos-dark/48/127.png', 'https://cdn.collegefootballdata.com/logos/32/127.png', 'https://cdn.collegefootballdata.com/logos-dark/32/127.png', 'https://cdn.collegefootballdata.com/logos/16/127.png', 'https://cdn.collegefootballdata.com/logos-dark/16/127.png']",@MSU_Football,"{'id': 3936, 'name': 'Spartan Stadium', 'city': 'East Lansing', 'state': 'MI', 'zip': '48824', 'countryCode': 'US', 'timezone': 'America/Detroit', 'latitude': 42.7281474, 'longitude': -84.4848526, 'elevation': '254.8794861', 'capacity': 75005, 'constructionYear': 1923, 'grass': True, 'dome': False}"
2393,Middle Tennessee,Blue Raiders,MTSU,"['Middle Tennessee State', 'MTSU', 'MTSU']",Conference USA,East,fbs,#036eb7,#ffffff,"['https://cdn.collegefootballdata.com/logos/500/2393.png', 'https://cdn.collegefootballdata.com/logos-dark/500/2393.png', 'https://cdn.collegefootballdata.com/logos/256/2393.png', 'https://cdn.collegefootballdata.com/logos-dark/256/2393.png', 'https://cdn.collegefootballdata.com/logos/128/2393.png', 'https://cdn.collegefootballdata.com/logos-dark/128/2393.png', 'https://cdn.collegefootballdata.com/logos/96/2393.png', 'https://cdn.collegefootballdata.com/logos-dark/96/2393.png', 'https://cdn.collegefootballdata.com/logos/64/2393.png', 'https://cdn.collegefootballdata.com/logos-dark/64/2393.png', 'https://cdn.collegefootballdata.com/logos/48/2393.png', 'https://cdn.collegefootballdata.com/logos-dark/48/2393.png', 'https://cdn.collegefootballdata.com/logos/32/2393.png', 'https://cdn.collegefootballdata.com/logos-dark/32/2393.png', 'https://cdn.collegefootballdata.com/logos/16/2393.png', 'https://cdn.collegefootballdata.com/logos-dark/16/2393.png']",@MT_FB,"{'id': 3725, 'name': 'Johnny ""Red"" Floyd Stadium', 'city': 'Murfreesboro', 'state': 'TN', 'zip': '37132', 'countryCode': 'US', 'timezone': 'America/Chicago', 'latitude': 35.8511463, 'longitude': -86.3681649, 'elevation': '191.7279816', 'capacity': 30788, 'constructionYear': 1933, 'grass': False, 'dome': False}"
135,Minnesota,Golden Gophers,MINN,"['MINN', 'Minnesota']",Big Ten,West,fbs,#7a0019,#ffcc33,"['https://cdn.collegefootballdata.com/logos/500/135.png', 'https://cdn.collegefootballdata.com/logos-dark/500/135.png', 'https://cdn.collegefootballdata.com/logos/256/135.png', 'https://cdn.collegefootballdata.com/logos-dark/256/135.png', 'https://cdn.collegefootballdata.com/logos/128/135.png', 'https://cdn.collegefootballdata.com/logos-dark/128/135.png', 'https://cdn.collegefootballdata.com/logos/96/135.png', 'https://cdn.collegefootballdata.com/logos-dark/96/135.png', 'https://cdn.collegefootballdata.com/logos/64/135.png', 'https://cdn.collegefootballdata.com/logos-dark/64/135.png', 'https://cdn.collegefootballdata.com/logos/48/135.png', 'https://cdn.collegefootballdata.com/logos-dark/48/135.png', 'https://cdn.collegefootballdata.com/logos/32/135.png', 'https://cdn.collegefootballdata.com/logos-dark/32/135.png', 'https://cdn.collegefootballdata.com/logos/16/135.png', 'https://cdn.collegefootballdata.com/logos-dark/16/135.png']",@GopherFootball,"{'id': 3953, 'name': 'Huntington Bank Stadium', 'city': 'Minneapolis', 'state': 'MN', 'zip': '55488', 'countryCode': 'US', 'timezone': 'America/Chicago', 'latitude': 44.976525, 'longitude': -93.2245462, 'elevation': '254.3902283', 'capacity': 50850, 'constructionYear': 2009, 'grass': False, 'dome': False}"
344,Mississippi State,Bulldogs,MSST,"['MSST', 'Mississippi St']",SEC,West,fbs,#5d1725,#c1c6c8,"['https://cdn.collegefootballdata.com/logos/500/344.png', 'https://cdn.collegefootballdata.com/logos-dark/500/344.png', 'https://cdn.collegefootballdata.com/logos/256/344.png', 'https://cdn.collegefootballdata.com/logos-dark/256/344.png', 'https://cdn.collegefootballdata.com/logos/128/344.png', 'https://cdn.collegefootballdata.com/logos-dark/128/344.png', 'https://cdn.collegefootballdata.com/logos/96/344.png', 'https://cdn.collegefootballdata.com/logos-dark/96/344.png', 'https://cdn.collegefootballdata.com/logos/64/344.png', 'https://cdn.collegefootballdata.com/logos-dark/64/344.png', 'https://cdn.collegefootballdata.com/logos/48/344.png', 'https://cdn.collegefootballdata.com/logos-dark/48/344.png', 'https://cdn.collegefootballdata.com/logos/32/344.png', 'https://cdn.collegefootballdata.com/logos-dark/32/344.png', 'https://cdn.collegefootballdata.com/logos/16/344.png', 'https://cdn.collegefootballdata.com/logos-dark/16/344.png']",@HailStateFB,"{'id': 3693, 'name': 'Davis Wade Stadium', 'city': 'Starkville', 'state': 'MS', 'zip': '39762', 'countryCode': 'US', 'timezone': 'America/Chicago', 'latitude': 33.4563403, 'longitude': -88.7933652, 'elevation': '110.2742081', 'capacity': 61337, 'constructionYear': 1914, 'grass': True, 'dome': False}"
142,Missouri,Tigers,MIZ,"['MIZ', 'Missouri']",SEC,East,fbs,#f1b82d,#000000,"['https://cdn.collegefootballdata.com/logos/500/142.png', 'https://cdn.collegefootballdata.com/logos-dark/500/142.png', 'https://cdn.collegefootballdata.com/logos/256/142.png', 'https://cdn.collegefootballdata.com/logos-dark/256/142.png', 'https://cdn.collegefootballdata.com/logos/128/142.png', 'https://cdn.collegefootballdata.com/logos-dark/128/142.png', 'https://cdn.collegefootballdata.com/logos/96/142.png', 'https://cdn.collegefootballdata.com/logos-dark/96/142.png', 'https://cdn.collegefootballdata.com/logos/64/142.png', 'https://cdn.collegefootballdata.com/logos-dark/64/142.png', 'https://cdn.collegefootballdata.com/logos/48/142.png', 'https://cdn.collegefootballdata.com/logos-dark/48/142.png', 'https://cdn.collegefootballdata.com/logos/32/142.png', 'https://cdn.collegefootballdata.com/logos-dark/32/142.png', 'https://cdn.collegefootballdata.com/logos/16/142.png', 'https://cdn.collegefootballdata.com/logos-dark/16/142.png']",@MizzouFootball,"{'id': 3838, 'name': 'Memorial Stadium', 'city': 'Columbia', 'state': 'MO', 'zip': '65211', 'countryCode': 'US', 'timezone': 'America/Chicago', 'latitude': 38.9358491, 'longitude': -92.3332009, 'elevation': '212.6865692', 'capacity': 71168, 'constructionYear': 1927, 'grass': False, 'dome': False}"
2426,Navy,Midshipmen,NAVY,"['NAVY', 'Navy']",American Athletic,,fbs,#00225b,#b5a67c,"['https://cdn.collegefootballdata.com/logos/500/2426.png', 'https://cdn.collegefootballdata.com/logos-dark/500/2426.png', 'https://cdn.collegefootballdata.com/logos/256/2426.png', 'https://cdn.collegefootballdata.com/logos-dark/256/2426.png', 'https://cdn.collegefootballdata.com/logos/128/2426.png', 'https://cdn.collegefootballdata.com/logos-dark/128/2426.png', 'https://cdn.collegefootballdata.com/logos/96/2426.png', 'https://cdn.collegefootballdata.com/logos-dark/96/2426.png', 'https://cdn.collegefootballdata.com/logos/64/2426.png', 'https://cdn.collegefootballdata.com/logos-dark/64/2426.png', 'https://cdn.collegefootballdata.com/logos/48/2426.png', 'https://cdn.collegefootballdata.com/logos-dark/48/2426.png', 'https://cdn.collegefootballdata.com/logos/32/2426.png', 'https://cdn.collegefootballdata.com/logos-dark/32/2426.png', 'https://cdn.collegefootballdata.com/logos/16/2426.png', 'https://cdn.collegefootballdata.com/logos-dark/16/2426.png']",@NavyFB,"{'id': 3852, 'name': 'Navy-Marine Corps Memorial Stadium', 'city': 'Annapolis', 'state': 'MD', 'zip': '21402', 'countryCode': 'US', 'timezone': 'America/New_York', 'latitude': 38.9846985, 'longitude': -76.5076335, 'elevation': '10.74990082', 'capacity': 34000, 'constructionYear': 1959, 'grass': False, 'dome': False}"
152,NC State,Wolfpack,NCSU,"['North Carolina St.', 'NCSU', 'NC State']",ACC,Atlantic,fbs,#cc0000,#ffffff,"['https://cdn.collegefootballdata.com/logos/500/152.png', 'https://cdn.collegefootballdata.com/logos-dark/500/152.png', 'https://cdn.collegefootballdata.com/logos/256/152.png', 'https://cdn.collegefootballdata.com/logos-dark/256/152.png', 'https://cdn.collegefootballdata.com/logos/128/152.png', 'https://cdn.collegefootballdata.com/logos-dark/128/152.png', 'https://cdn.collegefootballdata.com/logos/96/152.png', 'https://cdn.collegefootballdata.com/logos-dark/96/152.png', 'https://cdn.collegefootballdata.com/logos/64/152.png', 'https://cdn.collegefootballdata.com/logos-dark/64/152.png', 'https://cdn.collegefootballdata.com/logos/48/152.png', 'https://cdn.collegefootballdata.com/logos-dark/48/152.png', 'https://cdn.collegefootballdata.com/logos/32/152.png', 'https://cdn.collegefootballdata.com/logos-dark/32/152.png', 'https://cdn.collegefootballdata.com/logos/16/152.png', 'https://cdn.collegefootballdata.com/logos-dark/16/152.png']",@PackFootball,"{'id': 3670, 'name': 'Carter-Finley Stadium', 'city': 'Raleigh', 'state': 'NC', 'zip': '27695', 'countryCode': 'US', 'timezone': 'America/New_York', 'latitude': 35.8008001, 'longitude': -78.7195655, 'elevation': '117.0089951', 'capacity': 58000, 'constructionYear': 1966, 'grass': True, 'dome': False}"
158,Nebraska,Cornhuskers,NEB,"['NEB', 'Nebraska']",Big Ten,West,fbs,#d00000,#ffffff,"['https://cdn.collegefootballdata.com/logos/500/158.png', 'https://cdn.collegefootballdata.com/logos-dark/500/158.png', 'https://cdn.collegefootballdata.com/logos/256/158.png', 'https://cdn.collegefootballdata.com/logos-dark/256/158.png', 'https://cdn.collegefootballdata.com/logos/128/158.png', 'https://cdn.collegefootballdata.com/logos-dark/128/158.png', 'https://cdn.collegefootballdata.com/logos/96/158.png', 'https://cdn.collegefootballdata.com/logos-dark/96/158.png', 'https://cdn.collegefootballdata.com/logos/64/158.png', 'https://cdn.collegefootballdata.com/logos-dark/64/158.png', 'https://cdn.collegefootballdata.com/logos/48/158.png', 'https://cdn.collegefootballdata.com/logos-dark/48/158.png', 'https://cdn.collegefootballdata.com/logos/32/158.png', 'https://cdn.collegefootballdata.com/logos-dark/32/158.png', 'https://cdn.collegefootballdata.com/logos/16/158.png', 'https://cdn.collegefootballdata.com/logos-dark/16/158.png']",@HuskerFBNation,"{'id': 3834, 'name': 'Memorial Stadium (Lincoln, NE)', 'city': 'Lincoln', 'state': 'NE', 'zip': '68588', 'countryCode': 'US', 'timezone': 'America/Chicago', 'latitude': 40.820682, 'longitude': -96.705594, 'elevation': '354.9318848', 'capacity': 85458, 'constructionYear': 1923, 'grass': False, 'dome': False}"
2440,Nevada,Wolf Pack,NEV,"['NEV', 'Nevada']",Mountain West,West,fbs,#041e42,#8a8d8f,"['https://cdn.collegefootballdata.com/logos/500/2440.png', 'https://cdn.collegefootballdata.com/logos-dark/500/2440.png', 'https://cdn.collegefootballdata.com/logos/256/2440.png', 'https://cdn.collegefootballdata.com/logos-dark/256/2440.png', 'https://cdn.collegefootballdata.com/logos/128/2440.png', 'https://cdn.collegefootballdata.com/logos-dark/128/2440.png', 'https://cdn.collegefootballdata.com/logos/96/2440.png', 'https://cdn.collegefootballdata.com/logos-dark/96/2440.png', 'https://cdn.collegefootballdata.com/logos/64/2440.png', 'https://cdn.collegefootballdata.com/logos-dark/64/2440.png', 'https://cdn.collegefootballdata.com/logos/48/2440.png', 'https://cdn.collegefootballdata.com/logos-dark/48/2440.png', 'https://cdn.collegefootballdata.com/logos/32/2440.png', 'https://cdn.collegefootballdata.com/logos-dark/32/2440.png', 'https://cdn.collegefootballdata.com/logos/16/2440.png', 'https://cdn.collegefootballdata.com/logos-dark/16/2440.png']",@NevadaFootball,"{'id': 3816, 'name': 'Mackay Stadium', 'city': 'Reno', 'state': 'NV', 'zip': '89557', 'countryCode': 'US', 'timezone': 'America/Los_Angeles', 'latitude': 39.5469459, 'longitude': -119.8175435, 'elevation': '1406.57605', 'capacity': 27000, 'constructionYear': 1966, 'grass': False, 'dome': False}"
167,New Mexico,Lobos,UNM,"['UNM', 'New Mexico']",Mountain West,Mountain,fbs,#ba0c2f,#a7a8aa,"['https://cdn.collegefootballdata.com/logos/500/167.png', 'https://cdn.collegefootballdata.com/logos-dark/500/167.png', 'https://cdn.collegefootballdata.com/logos/256/167.png', 'https://cdn.collegefootballdata.com/logos-dark/256/167.png', 'https://cdn.collegefootballdata.com/logos/128/167.png', 'https://cdn.collegefootballdata.com/logos-dark/128/167.png', 'https://cdn.collegefootballdata.com/logos/96/167.png', 'https://cdn.collegefootballdata.com/logos-dark/96/167.png', 'https://cdn.collegefootballdata.com/logos/64/167.png', 'https://cdn.collegefootballdata.com/logos-dark/64/167.png', 'https://cdn.collegefootballdata.com/logos/48/167.png', 'https://cdn.collegefootballdata.com/logos-dark/48/167.png', 'https://cdn.collegefootballdata.com/logos/32/167.png', 'https://cdn.collegefootballdata.com/logos-dark/32/167.png', 'https://cdn.collegefootballdata.com/logos/16/167.png', 'https://cdn.collegefootballdata.com/logos-dark/16/167.png']",@UNMLoboFB,"{'id': 3971, 'name': 'University Stadium (NM)', 'city': 'Albuquerque', 'state': 'NM', 'zip': '87131', 'countryCode': 'US', 'timezone': 'America/Denver', 'latitude': 35.0669479, 'longitude': -106.6283225, 'elevation': '1554.471924', 'capacity': 39224, 'constructionYear': 1960, 'grass': False, 'dome': False}"
166,New Mexico State,Aggies,NMSU,"['NMSU', 'New Mexico St']",FBS Independents,,fbs,#8c0b42,#ffffff,"['https://cdn.collegefootballdata.com/logos/500/166.png', 'https://cdn.collegefootballdata.com/logos-dark/500/166.png', 'https://cdn.collegefootballdata.com/logos/256/166.png', 'https://cdn.collegefootballdata.com/logos-dark/256/166.png', 'https://cdn.collegefootballdata.com/logos/128/166.png', 'https://cdn.collegefootballdata.com/logos-dark/128/166.png', 'https://cdn.collegefootballdata.com/logos/96/166.png', 'https://cdn.collegefootballdata.com/logos-dark/96/166.png', 'https://cdn.collegefootballdata.com/logos/64/166.png', 'https://cdn.collegefootballdata.com/logos-dark/64/166.png', 'https://cdn.collegefootballdata.com/logos/48/166.png', 'https://cdn.collegefootballdata.com/logos-dark/48/166.png', 'https://cdn.collegefootballdata.com/logos/32/166.png', 'https://cdn.collegefootballdata.com/logos-dark/32/166.png', 'https://cdn.collegefootballdata.com/logos/16/166.png', 'https://cdn.collegefootballdata.com/logos-dark/16/166.png']",@NMStateFootball,"{'id': 3601, 'name': 'Aggie Memorial Stadium', 'city': 'Las Cruces', 'state': 'NM', 'zip': '88003', 'countryCode': 'US', 'timezone': 'America/Denver', 'latitude': 32.2796202, 'longitude': -106.7411148, 'elevation': '1208.201294', 'capacity': 28853, 'constructionYear': 1978, 'grass': False, 'dome': False}"
153,North Carolina,Tar Heels,UNC,"['UNC', 'North Carolina']",ACC,Coastal,fbs,#7bafd4,#13294b,"['https://cdn.collegefootballdata.com/logos/500/153.png', 'https://cdn.collegefootballdata.com/logos-dark/500/153.png', 'https://cdn.collegefootballdata.com/logos/256/153.png', 'https://cdn.collegefootballdata.com/logos-dark/256/153.png', 'https://cdn.collegefootballdata.com/logos/128/153.png', 'https://cdn.collegefootballdata.com/logos-dark/128/153.png', 'https://cdn.collegefootballdata.com/logos/96/153.png', 'https://cdn.collegefootballdata.com/logos-dark/96/153.png', 'https://cdn.collegefootballdata.com/logos/64/153.png', 'https://cdn.collegefootballdata.com/logos-dark/64/153.png', 'https://cdn.collegefootballdata.com/logos/48/153.png', 'https://cdn.collegefootballdata.com/logos-dark/48/153.png', 'https://cdn.collegefootballdata.com/logos/32/153.png', 'https://cdn.collegefootballdata.com/logos-dark/32/153.png', 'https://cdn.collegefootballdata.com/logos/16/153.png', 'https://cdn.collegefootballdata.com/logos-dark/16/153.png']",@UNCFootball,"{'id': 3787, 'name': 'Kenan Stadium', 'city': 'Chapel Hill', 'state': 'NC', 'zip': '27515', 'countryCode': 'US', 'timezone': 'America/New_York', 'latitude': 35.9069294, 'longitude': -79.0478889, 'elevation': '127.7569809', 'capacity': 50500, 'constructionYear': 1927, 'grass': False, 'dome': False}"
2459,Northern Illinois,Huskies,NIU,"['NIU', 'N Illinois']",Mid-American,West,fbs,#c8102e,#000000,"['https://cdn.collegefootballdata.com/logos/500/2459.png', 'https://cdn.collegefootballdata.com/logos-dark/500/2459.png', 'https://cdn.collegefootballdata.com/logos/256/2459.png', 'https://cdn.collegefootballdata.com/logos-dark/256/2459.png', 'https://cdn.collegefootballdata.com/logos/128/2459.png', 'https://cdn.collegefootballdata.com/logos-dark/128/2459.png', 'https://cdn.collegefootballdata.com/logos/96/2459.png', 'https://cdn.collegefootballdata.com/logos-dark/96/2459.png', 'https://cdn.collegefootballdata.com/logos/64/2459.png', 'https://cdn.collegefootballdata.com/logos-dark/64/2459.png', 'https://cdn.collegefootballdata.com/logos/48/2459.png', 'https://cdn.collegefootballdata.com/logos-dark/48/2459.png', 'https://cdn.collegefootballdata.com/logos/32/2459.png', 'https://cdn.collegefootballdata.com/logos-dark/32/2459.png', 'https://cdn.collegefootballdata.com/logos/16/2459.png', 'https://cdn.collegefootballdata.com/logos-dark/16/2459.png']",@NIU_Football,"{'id': 3764, 'name': 'Huskie Stadium', 'city': 'DeKalb', 'state': 'IL', 'zip': '60115', 'countryCode': 'US', 'timezone': 'America/Chicago', 'latitude': 41.9339586, 'longitude': -88.7778357, 'elevation': '267.4530029', 'capacity': 23595, 'constructionYear': 1965, 'grass': False, 'dome': False}"
249,North Texas,Mean Green,UNT,"['UNT', 'North Texas']",Conference USA,West,fbs,#00853e,#ffffff,"['https://cdn.collegefootballdata.com/logos/500/249.png', 'https://cdn.collegefootballdata.com/logos-dark/500/249.png', 'https://cdn.collegefootballdata.com/logos/256/249.png', 'https://cdn.collegefootballdata.com/logos-dark/256/249.png', 'https://cdn.collegefootballdata.com/logos/128/249.png', 'https://cdn.collegefootballdata.com/logos-dark/128/249.png', 'https://cdn.collegefootballdata.com/logos/96/249.png', 'https://cdn.collegefootballdata.com/logos-dark/96/249.png', 'https://cdn.collegefootballdata.com/logos/64/249.png', 'https://cdn.collegefootballdata.com/logos-dark/64/249.png', 'https://cdn.collegefootballdata.com/logos/48/249.png', 'https://cdn.collegefootballdata.com/logos-dark/48/249.png', 'https://cdn.collegefootballdata.com/logos/32/249.png', 'https://cdn.collegefootballdata.com/logos-dark/32/249.png', 'https://cdn.collegefootballdata.com/logos/16/249.png', 'https://cdn.collegefootballdata.com/logos-dark/16/249.png']",@MeanGreenFB,"{'id': 3825, 'name': 'DATCU Stadium', 'city': 'Denton', 'state': 'TX', 'zip': '76210', 'countryCode': 'US', 'timezone': 'America/Chicago', 'latitude': 33.203899, 'longitude': -97.159245, 'elevation': '198.6871948', 'capacity': 30850, 'constructionYear': 2011, 'grass': False, 'dome': False}"
77,Northwestern,Wildcats,NU,"['NU', 'Northwestern']",Big Ten,West,fbs,#582c83,#ffffff,"['https://cdn.collegefootballdata.com/logos/500/77.png', 'https://cdn.collegefootballdata.com/logos-dark/500/77.png', 'https://cdn.collegefootballdata.com/logos/256/77.png', 'https://cdn.collegefootballdata.com/logos-dark/256/77.png', 'https://cdn.collegefootballdata.com/logos/128/77.png', 'https://cdn.collegefootballdata.com/logos-dark/128/77.png', 'https://cdn.collegefootballdata.com/logos/96/77.png', 'https://cdn.collegefootballdata.com/logos-dark/96/77.png', 'https://cdn.collegefootballdata.com/logos/64/77.png', 'https://cdn.collegefootballdata.com/logos-dark/64/77.png', 'https://cdn.collegefootballdata.com/logos/48/77.png', 'https://cdn.collegefootballdata.com/logos-dark/48/77.png', 'https://cdn.collegefootballdata.com/logos/32/77.png', 'https://cdn.collegefootballdata.com/logos-dark/32/77.png', 'https://cdn.collegefootballdata.com/logos/16/77.png', 'https://cdn.collegefootballdata.com/logos-dark/16/77.png']",@NUFBFamily,"{'id': 5960, 'name': 'Lanny and Sharon Martin Stadium', 'city': 'Evanston', 'state': 'IL', 'zip': '60208', 'countryCode': 'US', 'timezone': 'America/Chicago', 'latitude': 42.058246, 'longitude': -87.670876, 'elevation': '179', 'capacity': 12023, 'constructionYear': 1997, 'grass': False, 'dome': False}"
87,Notre Dame,Fighting Irish,ND,"['ND', 'Notre Dame']",FBS Independents,,fbs,#0c2340,#c99700,"['https://cdn.collegefootballdata.com/logos/500/87.png', 'https://cdn.collegefootballdata.com/logos-dark/500/87.png', 'https://cdn.collegefootballdata.com/logos/256/87.png', 'https://cdn.collegefootballdata.com/logos-dark/256/87.png', 'https://cdn.collegefootballdata.com/logos/128/87.png', 'https://cdn.collegefootballdata.com/logos-dark/128/87.png', 'https://cdn.collegefootballdata.com/logos/96/87.png', 'https://cdn.collegefootballdata.com/logos-dark/96/87.png', 'https://cdn.collegefootballdata.com/logos/64/87.png', 'https://cdn.collegefootballdata.com/logos-dark/64/87.png', 'https://cdn.collegefootballdata.com/logos/48/87.png', 'https://cdn.collegefootballdata.com/logos-dark/48/87.png', 'https://cdn.collegefootballdata.com/logos/32/87.png', 'https://cdn.collegefootballdata.com/logos-dark/32/87.png', 'https://cdn.collegefootballdata.com/logos/16/87.png', 'https://cdn.collegefootballdata.com/logos-dark/16/87.png']",@NDFootball,"{'id': 3855, 'name': 'Notre Dame Stadium', 'city': 'Notre Dame', 'state': 'IN', 'zip': '46556', 'countryCode': 'US', 'timezone': 'America/Indiana/Indianapolis', 'latitude': 41.698378, 'longitude': -86.2339425, 'elevation': '222.645401', 'capacity': 80795, 'constructionYear': 1930, 'grass': False, 'dome': False}"
195,Ohio,Bobcats,OHIO,"['OHIO', 'Ohio']",Mid-American,East,fbs,#024230,#ffffff,"['https://cdn.collegefootballdata.com/logos/500/195.png', 'https://cdn.collegefootballdata.com/logos-dark/500/195.png', 'https://cdn.collegefootballdata.com/logos/256/195.png', 'https://cdn.collegefootballdata.com/logos-dark/256/195.png', 'https://cdn.collegefootballdata.com/logos/128/195.png', 'https://cdn.collegefootballdata.com/logos-dark/128/195.png', 'https://cdn.collegefootballdata.com/logos/96/195.png', 'https://cdn.collegefootballdata.com/logos-dark/96/195.png', 'https://cdn.collegefootballdata.com/logos/64/195.png', 'https://cdn.collegefootballdata.com/logos-dark/64/195.png', 'https://cdn.collegefootballdata.com/logos/48/195.png', 'https://cdn.collegefootballdata.com/logos-dark/48/195.png', 'https://cdn.collegefootballdata.com/logos/32/195.png', 'https://cdn.collegefootballdata.com/logos-dark/32/195.png', 'https://cdn.collegefootballdata.com/logos/16/195.png', 'https://cdn.collegefootballdata.com/logos-dark/16/195.png']",@OhioFootball,"{'id': 3876, 'name': 'Peden Stadium', 'city': 'Athens', 'state': 'OH', 'zip': '45701', 'countryCode': 'US', 'timezone': 'America/New_York', 'latitude': 39.3212794, 'longitude': -82.1034315, 'elevation': '194.230896', 'capacity': 24000, 'constructionYear': 1929, 'grass': False, 'dome': False}"
194,Ohio State,Buckeyes,OSU,"['OSU', 'Ohio State']",Big Ten,East,fbs,#ba0c2f,#a7b1b7,"['https://cdn.collegefootballdata.com/logos/500/194.png', 'https://cdn.collegefootballdata.com/logos-dark/500/194.png', 'https://cdn.collegefootballdata.com/logos/256/194.png', 'https://cdn.collegefootballdata.com/logos-dark/256/194.png', 'https://cdn.collegefootballdata.com/logos/128/194.png', 'https://cdn.collegefootballdata.com/logos-dark/128/194.png', 'https://cdn.collegefootballdata.com/logos/96/194.png', 'https://cdn.collegefootballdata.com/logos-dark/96/194.png', 'https://cdn.collegefootballdata.com/logos/64/194.png', 'https://cdn.collegefootballdata.com/logos-dark/64/194.png', 'https://cdn.collegefootballdata.com/logos/48/194.png', 'https://cdn.collegefootballdata.com/logos-dark/48/194.png', 'https://cdn.collegefootballdata.com/logos/32/194.png', 'https://cdn.collegefootballdata.com/logos-dark/32/194.png', 'https://cdn.collegefootballdata.com/logos/16/194.png', 'https://cdn.collegefootballdata.com/logos-dark/16/194.png']",@OhioStateFB,"{'id': 3861, 'name': 'Ohio Stadium', 'city': 'Columbus', 'state': 'OH', 'zip': '43210', 'countryCode': 'US', 'timezone': 'America/New_York', 'latitude': 40.0016447, 'longitude': -83.0197266, 'elevation': '216.6770325', 'capacity': 102780, 'constructionYear': 1922, 'grass': False, 'dome': False}"
201,Oklahoma,Sooners,OU,"['OU', 'Oklahoma']",Big 12,,fbs,#841617,#ffffff,"['https://cdn.collegefootballdata.com/logos/500/201.png', 'https://cdn.collegefootballdata.com/logos-dark/500/201.png', 'https://cdn.collegefootballdata.com/logos/256/201.png', 'https://cdn.collegefootballdata.com/logos-dark/256/201.png', 'https://cdn.collegefootballdata.com/logos/128/201.png', 'https://cdn.collegefootballdata.com/logos-dark/128/201.png', 'https://cdn.collegefootballdata.com/logos/96/201.png', 'https://cdn.collegefootballdata.com/logos-dark/96/201.png', 'https://cdn.collegefootballdata.com/logos/64/201.png', 'https://cdn.collegefootballdata.com/logos-dark/64/201.png', 'https://cdn.collegefootballdata.com/logos/48/201.png', 'https://cdn.collegefootballdata.com/logos-dark/48/201.png', 'https://cdn.collegefootballdata.com/logos/32/201.png', 'https://cdn.collegefootballdata.com/logos-dark/32/201.png', 'https://cdn.collegefootballdata.com/logos/16/201.png', 'https://cdn.collegefootballdata.com/logos-dark/16/201.png']",@OU_Football,"{'id': 3835, 'name': 'Memorial Stadium (Norman, OK)', 'city': 'Norman', 'state': 'OK', 'zip': '73019', 'countryCode': 'US', 'timezone': 'America/Chicago', 'latitude': 35.2058537, 'longitude': -97.4423145, 'elevation': '355.0962524', 'capacity': 86112, 'constructionYear': 1925, 'grass': True, 'dome': False}"
197,Oklahoma State,Cowboys,OKST,"['OKST', 'Oklahoma St']",Big 12,,fbs,#fe5c00,#000000,"['https://cdn.collegefootballdata.com/logos/500/197.png', 'https://cdn.collegefootballdata.com/logos-dark/500/197.png', 'https://cdn.collegefootballdata.com/logos/256/197.png', 'https://cdn.collegefootballdata.com/logos-dark/256/197.png', 'https://cdn.collegefootballdata.com/logos/128/197.png', 'https://cdn.collegefootballdata.com/logos-dark/128/197.png', 'https://cdn.collegefootballdata.com/logos/96/197.png', 'https://cdn.collegefootballdata.com/logos-dark/96/197.png', 'https://cdn.collegefootballdata.com/logos/64/197.png', 'https://cdn.collegefootballdata.com/logos-dark/64/197.png', 'https://cdn.collegefootballdata.com/logos/48/197.png', 'https://cdn.collegefootballdata.com/logos-dark/48/197.png', 'https://cdn.collegefootballdata.com/logos/32/197.png', 'https://cdn.collegefootballdata.com/logos-dark/32/197.png', 'https://cdn.collegefootballdata.com/logos/16/197.png', 'https://cdn.collegefootballdata.com/logos-dark/16/197.png']",@CowboyFB,"{'id': 3646, 'name': 'Boone Pickens Stadium', 'city': 'Stillwater', 'state': 'OK', 'zip': '74078', 'countryCode': 'US', 'timezone': 'America/Chicago', 'latitude': 36.125673, 'longitude': -97.066513, 'elevation': '276.4808655', 'capacity': 55509, 'constructionYear': 1919, 'grass': False, 'dome': False}"
295,Old Dominion,Monarchs,ODU,"['ODU', 'Old Dominion']",Conference USA,East,fbs,#043657,#98c5ea,"['https://cdn.collegefootballdata.com/logos/500/295.png', 'https://cdn.collegefootballdata.com/logos-dark/500/295.png', 'https://cdn.collegefootballdata.com/logos/256/295.png', 'https://cdn.collegefootballdata.com/logos-dark/256/295.png', 'https://cdn.collegefootballdata.com/logos/128/295.png', 'https://cdn.collegefootballdata.com/logos-dark/128/295.png', 'https://cdn.collegefootballdata.com/logos/96/295.png', 'https://cdn.collegefootballdata.com/logos-dark/96/295.png', 'https://cdn.collegefootballdata.com/logos/64/295.png', 'https://cdn.collegefootballdata.com/logos-dark/64/295.png', 'https://cdn.collegefootballdata.com/logos/48/295.png', 'https://cdn.collegefootballdata.com/logos-dark/48/295.png', 'https://cdn.collegefootballdata.com/logos/32/295.png', 'https://cdn.collegefootballdata.com/logos-dark/32/295.png', 'https://cdn.collegefootballdata.com/logos/16/295.png', 'https://cdn.collegefootballdata.com/logos-dark/16/295.png']",@ODUFootball,"{'id': 3918, 'name': 'S.B. Ballard Stadium', 'city': 'Norfolk', 'state': 'VA', 'zip': '23551', 'countryCode': 'US', 'timezone': 'America/New_York', 'latitude': 36.8889533, 'longitude': -76.3049175, 'elevation': '3.147987843', 'capacity': 20118, 'constructionYear': 1936, 'grass': False, 'dome': False}"
145,Ole Miss,Rebels,MISS,"['MISS', 'Ole Miss']",SEC,West,fbs,#13294b,#cf142b,"['https://cdn.collegefootballdata.com/logos/500/145.png', 'https://cdn.collegefootballdata.com/logos-dark/500/145.png', 'https://cdn.collegefootballdata.com/logos/256/145.png', 'https://cdn.collegefootballdata.com/logos-dark/256/145.png', 'https://cdn.collegefootballdata.com/logos/128/145.png', 'https://cdn.collegefootballdata.com/logos-dark/128/145.png', 'https://cdn.collegefootballdata.com/logos/96/145.png', 'https://cdn.collegefootballdata.com/logos-dark/96/145.png', 'https://cdn.collegefootballdata.com/logos/64/145.png', 'https://cdn.collegefootballdata.com/logos-dark/64/145.png', 'https://cdn.collegefootballdata.com/logos/48/145.png', 'https://cdn.collegefootballdata.com/logos-dark/48/145.png', 'https://cdn.collegefootballdata.com/logos/32/145.png', 'https://cdn.collegefootballdata.com/logos-dark/32/145.png', 'https://cdn.collegefootballdata.com/logos/16/145.png', 'https://cdn.collegefootballdata.com/logos-dark/16/145.png']",@OleMissFB,"{'id': 3974, 'name': 'Vaught-Hemingway Stadium', 'city': 'Oxford', 'state': 'MS', 'zip': '38677', 'countryCode': 'US', 'timezone': 'America/Chicago', 'latitude': 34.3619837, 'longitude': -89.5342076, 'elevation': '146.8517151', 'capacity': 64038, 'constructionYear': 1915, 'grass': True, 'dome': False}"
2483,Oregon,Ducks,ORE,"['ORE', 'Oregon']",Pac-12,North,fbs,#007030,#fee11a,"['https://cdn.collegefootballdata.com/logos/500/2483.png', 'https://cdn.collegefootballdata.com/logos-dark/500/2483.png', 'https://cdn.collegefootballdata.com/logos/256/2483.png', 'https://cdn.collegefootballdata.com/logos-dark/256/2483.png', 'https://cdn.collegefootballdata.com/logos/128/2483.png', 'https://cdn.collegefootballdata.com/logos-dark/128/2483.png', 'https://cdn.collegefootballdata.com/logos/96/2483.png', 'https://cdn.collegefootballdata.com/logos-dark/96/2483.png', 'https://cdn.collegefootballdata.com/logos/64/2483.png', 'https://cdn.collegefootballdata.com/logos-dark/64/2483.png', 'https://cdn.collegefootballdata.com/logos/48/2483.png', 'https://cdn.collegefootballdata.com/logos-dark/48/2483.png', 'https://cdn.collegefootballdata.com/logos/32/2483.png', 'https://cdn.collegefootballdata.com/logos-dark/32/2483.png', 'https://cdn.collegefootballdata.com/logos/16/2483.png', 'https://cdn.collegefootballdata.com/logos-dark/16/2483.png']",@OregonFootball,"{'id': 3626, 'name': 'Autzen Stadium', 'city': 'Eugene', 'state': 'OR', 'zip': '97401', 'countryCode': 'US', 'timezone': 'America/Los_Angeles', 'latitude': 44.0582712, 'longitude': -123.0684883, 'elevation': '127.4198303', 'capacity': 54000, 'constructionYear': 1967, 'grass': False, 'dome': False}"
204,Oregon State,Beavers,ORST,"['ORST', 'Oregon St']",Pac-12,North,fbs,#dc4405,#000000,"['https://cdn.collegefootballdata.com/logos/500/204.png', 'https://cdn.collegefootballdata.com/logos-dark/500/204.png', 'https://cdn.collegefootballdata.com/logos/256/204.png', 'https://cdn.collegefootballdata.com/logos-dark/256/204.png', 'https://cdn.collegefootballdata.com/logos/128/204.png', 'https://cdn.collegefootballdata.com/logos-dark/128/204.png', 'https://cdn.collegefootballdata.com/logos/96/204.png', 'https://cdn.collegefootballdata.com/logos-dark/96/204.png', 'https://cdn.collegefootballdata.com/logos/64/204.png', 'https://cdn.collegefootballdata.com/logos-dark/64/204.png', 'https://cdn.collegefootballdata.com/logos/48/204.png', 'https://cdn.collegefootballdata.com/logos-dark/48/204.png', 'https://cdn.collegefootballdata.com/logos/32/204.png', 'https://cdn.collegefootballdata.com/logos-dark/32/204.png', 'https://cdn.collegefootballdata.com/logos/16/204.png', 'https://cdn.collegefootballdata.com/logos-dark/16/204.png']",@BeaverFootball,"{'id': 3893, 'name': 'Reser Stadium', 'city': 'Corvallis', 'state': 'OR', 'zip': '97331', 'countryCode': 'US', 'timezone': 'America/Los_Angeles', 'latitude': 44.5594559, 'longitude': -123.2814341, 'elevation': '66.90744781', 'capacity': 43363, 'constructionYear': 1953, 'grass': False, 'dome': False}"
213,Penn State,Nittany Lions,PSU,"['PSU', 'Penn State']",Big Ten,East,fbs,#001e44,#ffffff,"['https://cdn.collegefootballdata.com/logos/500/213.png', 'https://cdn.collegefootballdata.com/logos-dark/500/213.png', 'https://cdn.collegefootballdata.com/logos/256/213.png', 'https://cdn.collegefootballdata.com/logos-dark/256/213.png', 'https://cdn.collegefootballdata.com/logos/128/213.png', 'https://cdn.collegefootballdata.com/logos-dark/128/213.png', 'https://cdn.collegefootballdata.com/logos/96/213.png', 'https://cdn.collegefootballdata.com/logos-dark/96/213.png', 'https://cdn.collegefootballdata.com/logos/64/213.png', 'https://cdn.collegefootballdata.com/logos-dark/64/213.png', 'https://cdn.collegefootballdata.com/logos/48/213.png', 'https://cdn.collegefootballdata.com/logos-dark/48/213.png', 'https://cdn.collegefootballdata.com/logos/32/213.png', 'https://cdn.collegefootballdata.com/logos-dark/32/213.png', 'https://cdn.collegefootballdata.com/logos/16/213.png', 'https://cdn.collegefootballdata.com/logos-dark/16/213.png']",@PennStateFball,"{'id': 3632, 'name': 'Beaver Stadium', 'city': 'University Park', 'state': 'PA', 'zip': '16802', 'countryCode': 'US', 'timezone': 'America/New_York', 'latitude': 40.8121958, 'longitude': -77.8561023, 'elevation': '354.1551514', 'capacity': 106572, 'constructionYear': 1960, 'grass': True, 'dome': False}"
221,Pittsburgh,Panthers,PITT,"['Pitt', 'PITT', 'Pitt']",ACC,Coastal,fbs,#003594,#ffb81c,"['https://cdn.collegefootballdata.com/logos/500/221.png', 'https://cdn.collegefootballdata.com/logos-dark/500/221.png', 'https://cdn.collegefootballdata.com/logos/256/221.png', 'https://cdn.collegefootballdata.com/logos-dark/256/221.png', 'https://cdn.collegefootballdata.com/logos/128/221.png', 'https://cdn.collegefootballdata.com/logos-dark/128/221.png', 'https://cdn.collegefootballdata.com/logos/96/221.png', 'https://cdn.collegefootballdata.com/logos-dark/96/221.png', 'https://cdn.collegefootballdata.com/logos/64/221.png', 'https://cdn.collegefootballdata.com/logos-dark/64/221.png', 'https://cdn.collegefootballdata.com/logos/48/221.png', 'https://cdn.collegefootballdata.com/logos-dark/48/221.png', 'https://cdn.collegefootballdata.com/logos/32/221.png', 'https://cdn.collegefootballdata.com/logos-dark/32/221.png', 'https://cdn.collegefootballdata.com/logos/16/221.png', 'https://cdn.collegefootballdata.com/logos-dark/16/221.png']",@Pitt_FB,"{'id': 3752, 'name': 'Acrisure Stadium', 'city': 'Pittsburgh', 'state': 'PA', 'zip': '15260', 'countryCode': 'US', 'timezone': 'America/New_York', 'latitude': 40.4467648, 'longitude': -80.0157603, 'elevation': '220.5887146', 'capacity': 68400, 'constructionYear': 2001, 'grass': True, 'dome': False}"
2509,Purdue,Boilermakers,PUR,"['PUR', 'Purdue']",Big Ten,West,fbs,#ceb888,#000000,"['https://cdn.collegefootballdata.com/logos/500/2509.png', 'https://cdn.collegefootballdata.com/logos-dark/500/2509.png', 'https://cdn.collegefootballdata.com/logos/256/2509.png', 'https://cdn.collegefootballdata.com/logos-dark/256/2509.png', 'https://cdn.collegefootballdata.com/logos/128/2509.png', 'https://cdn.collegefootballdata.com/logos-dark/128/2509.png', 'https://cdn.collegefootballdata.com/logos/96/2509.png', 'https://cdn.collegefootballdata.com/logos-dark/96/2509.png', 'https://cdn.collegefootballdata.com/logos/64/2509.png', 'https://cdn.collegefootballdata.com/logos-dark/64/2509.png', 'https://cdn.collegefootballdata.com/logos/48/2509.png', 'https://cdn.collegefootballdata.com/logos-dark/48/2509.png', 'https://cdn.collegefootballdata.com/logos/32/2509.png', 'https://cdn.collegefootballdata.com/logos-dark/32/2509.png', 'https://cdn.collegefootballdata.com/logos/16/2509.png', 'https://cdn.collegefootballdata.com/logos-dark/16/2509.png']",@BoilerFootball,"{'id': 3907, 'name': 'Ross-Ade Stadium', 'city': 'West Lafayette', 'state': 'IN', 'zip': '47907', 'countryCode': 'US', 'timezone': 'America/Indiana/Indianapolis', 'latitude': 40.4352253, 'longitude': -86.9186843, 'elevation': '197.5337677', 'capacity': 57282, 'constructionYear': 1924, 'grass': True, 'dome': False}"
242,Rice,Owls,RICE,"['RICE', 'Rice']",Conference USA,West,fbs,#00205b,#c1c6c8,"['https://cdn.collegefootballdata.com/logos/500/242.png', 'https://cdn.collegefootballdata.com/logos-dark/500/242.png', 'https://cdn.collegefootballdata.com/logos/256/242.png', 'https://cdn.collegefootballdata.com/logos-dark/256/242.png', 'https://cdn.collegefootballdata.com/logos/128/242.png', 'https://cdn.collegefootballdata.com/logos-dark/128/242.png', 'https://cdn.collegefootballdata.com/logos/96/242.png', 'https://cdn.collegefootballdata.com/logos-dark/96/242.png', 'https://cdn.collegefootballdata.com/logos/64/242.png', 'https://cdn.collegefootballdata.com/logos-dark/64/242.png', 'https://cdn.collegefootballdata.com/logos/48/242.png', 'https://cdn.collegefootballdata.com/logos-dark/48/242.png', 'https://cdn.collegefootballdata.com/logos/32/242.png', 'https://cdn.collegefootballdata.com/logos-dark/32/242.png', 'https://cdn.collegefootballdata.com/logos/16/242.png', 'https://cdn.collegefootballdata.com/logos-dark/16/242.png']",@RiceFootball,"{'id': 3895, 'name': 'Rice Stadium', 'city': 'Houston', 'state': 'TX', 'zip': '77251', 'countryCode': 'US', 'timezone': 'America/Chicago', 'latitude': 29.7163297, 'longitude': -95.4093261, 'elevation': '7.148301601', 'capacity': 47000, 'constructionYear': 1950, 'grass': False, 'dome': False}"
164,Rutgers,Scarlet Knights,RUTG,"['RUTG', 'Rutgers']",Big Ten,East,fbs,#ce0e2d,#ffffff,"['https://cdn.collegefootballdata.com/logos/500/164.png', 'https://cdn.collegefootballdata.com/logos-dark/500/164.png', 'https://cdn.collegefootballdata.com/logos/256/164.png', 'https://cdn.collegefootballdata.com/logos-dark/256/164.png', 'https://cdn.collegefootballdata.com/logos/128/164.png', 'https://cdn.collegefootballdata.com/logos-dark/128/164.png', 'https://cdn.collegefootballdata.com/logos/96/164.png', 'https://cdn.collegefootballdata.com/logos-dark/96/164.png', 'https://cdn.collegefootballdata.com/logos/64/164.png', 'https://cdn.collegefootballdata.com/logos-dark/64/164.png', 'https://cdn.collegefootballdata.com/logos/48/164.png', 'https://cdn.collegefootballdata.com/logos-dark/48/164.png', 'https://cdn.collegefootballdata.com/logos/32/164.png', 'https://cdn.collegefootballdata.com/logos-dark/32/164.png', 'https://cdn.collegefootballdata.com/logos/16/164.png', 'https://cdn.collegefootballdata.com/logos-dark/16/164.png']",@Rfootball,"{'id': 6577, 'name': 'SHI Stadium', 'city': 'Piscataway', 'state': 'NJ', 'zip': '08854', 'countryCode': 'US', 'timezone': 'America/New_York', 'latitude': 40.513611, 'longitude': -74.465278, 'elevation': '19', 'capacity': 52454, 'constructionYear': 1994, 'grass': False, 'dome': False}"
21,San Diego State,Aztecs,SDSU,"['SDSU', 'San Diego St']",Mountain West,West,fbs,#a6192e,#000000,"['https://cdn.collegefootballdata.com/logos/500/21.png', 'https://cdn.collegefootballdata.com/logos-dark/500/21.png', 'https://cdn.collegefootballdata.com/logos/256/21.png', 'https://cdn.collegefootballdata.com/logos-dark/256/21.png', 'https://cdn.collegefootballdata.com/logos/128/21.png', 'https://cdn.collegefootballdata.com/logos-dark/128/21.png', 'https://cdn.collegefootballdata.com/logos/96/21.png', 'https://cdn.collegefootballdata.com/logos-dark/96/21.png', 'https://cdn.collegefootballdata.com/logos/64/21.png', 'https://cdn.collegefootballdata.com/logos-dark/64/21.png', 'https://cdn.collegefootballdata.com/logos/48/21.png', 'https://cdn.collegefootballdata.com/logos-dark/48/21.png', 'https://cdn.collegefootballdata.com/logos/32/21.png', 'https://cdn.collegefootballdata.com/logos-dark/32/21.png', 'https://cdn.collegefootballdata.com/logos/16/21.png', 'https://cdn.collegefootballdata.com/logos-dark/16/21.png']",@AztecFB,"{'id': 7311, 'name': 'Snapdragon Stadium', 'city': 'San Diego', 'state': 'CA', 'zip': '92093', 'countryCode': 'US', 'timezone': 'America/Los_Angeles', 'latitude': 32.784444, 'longitude': -117.122833, 'elevation': '62', 'capacity': 35000, 'constructionYear': 2022, 'grass': True, 'dome': False}"
23,San José State,Spartans,SJSU,"['San Jose St.', 'SJSU', 'San José St']",Mountain West,West,fbs,#0055a2,#e5a823,"['https://cdn.collegefootballdata.com/logos/500/23.png', 'https://cdn.collegefootballdata.com/logos-dark/500/23.png', 'https://cdn.collegefootballdata.com/logos/256/23.png', 'https://cdn.collegefootballdata.com/logos-dark/256/23.png', 'https://cdn.collegefootballdata.com/logos/128/23.png', 'https://cdn.collegefootballdata.com/logos-dark/128/23.png', 'https://cdn.collegefootballdata.com/logos/96/23.png', 'https://cdn.collegefootballdata.com/logos-dark/96/23.png', 'https://cdn.collegefootballdata.com/logos/64/23.png', 'https://cdn.collegefootballdata.com/logos-dark/64/23.png', 'https://cdn.collegefootballdata.com/logos/48/23.png', 'https://cdn.collegefootballdata.com/logos-dark/48/23.png', 'https://cdn.collegefootballdata.com/logos/32/23.png', 'https://cdn.collegefootballdata.com/logos-dark/32/23.png', 'https://cdn.collegefootballdata.com/logos/16/23.png', 'https://cdn.collegefootballdata.com/logos-dark/16/23.png']",@SanJoseStateFB,"{'id': 3935, 'name': 'CEFCU Stadium', 'city': 'San Jose', 'state': 'CA', 'zip': '95112', 'countryCode': 'US', 'timezone': 'America/Los_Angeles', 'latitude': 37.3196675, 'longitude': -121.8682962, 'elevation': '28.30708694', 'capacity': 30456, 'constructionYear': 1933, 'grass': False, 'dome': False}"
2567,SMU,Mustangs,SMU,"['Southern Methodist', 'SMU', 'SMU']",American Athletic,,fbs,#d70000,#0033a1,"['https://cdn.collegefootballdata.com/logos/500/2567.png', 'https://cdn.collegefootballdata.com/logos-dark/500/2567.png', 'https://cdn.collegefootballdata.com/logos/256/2567.png', 'https://cdn.collegefootballdata.com/logos-dark/256/2567.png', 'https://cdn.collegefootballdata.com/logos/128/2567.png', 'https://cdn.collegefootballdata.com/logos-dark/128/2567.png', 'https://cdn.collegefootballdata.com/logos/96/2567.png', 'https://cdn.collegefootballdata.com/logos-dark/96/2567.png', 'https://cdn.collegefootballdata.com/logos/64/2567.png', 'https://cdn.collegefootballdata.com/logos-dark/64/2567.png', 'https://cdn.collegefootballdata.com/logos/48/2567.png', 'https://cdn.collegefootballdata.com/logos-dark/48/2567.png', 'https://cdn.collegefootballdata.com/logos/32/2567.png', 'https://cdn.collegefootballdata.com/logos-dark/32/2567.png', 'https://cdn.collegefootballdata.com/logos/16/2567.png', 'https://cdn.collegefootballdata.com/logos-dark/16/2567.png']",@SMUFB,"{'id': 3735, 'name': 'Gerald J. Ford Stadium', 'city': 'University Park', 'state': 'TX', 'zip': '75275', 'countryCode': 'US', 'timezone': 'America/Chicago', 'latitude': 32.8377223, 'longitude': -96.7827859, 'elevation': '169.4058075', 'capacity': 32000, 'constructionYear': 2000, 'grass': False, 'dome': False}"
6,South Alabama,Jaguars,USA,"['USA', 'South Alabama']",Sun Belt,West,fbs,#00205b,#bf0d3e,"['https://cdn.collegefootballdata.com/logos/500/6.png', 'https://cdn.collegefootballdata.com/logos-dark/500/6.png', 'https://cdn.collegefootballdata.com/logos/256/6.png', 'https://cdn.collegefootballdata.com/logos-dark/256/6.png', 'https://cdn.collegefootballdata.com/logos/128/6.png', 'https://cdn.collegefootballdata.com/logos-dark/128/6.png', 'https://cdn.collegefootballdata.com/logos/96/6.png', 'https://cdn.collegefootballdata.com/logos-dark/96/6.png', 'https://cdn.collegefootballdata.com/logos/64/6.png', 'https://cdn.collegefootballdata.com/logos-dark/64/6.png', 'https://cdn.collegefootballdata.com/logos/48/6.png', 'https://cdn.collegefootballdata.com/logos-dark/48/6.png', 'https://cdn.collegefootballdata.com/logos/32/6.png', 'https://cdn.collegefootballdata.com/logos-dark/32/6.png', 'https://cdn.collegefootballdata.com/logos/16/6.png', 'https://cdn.collegefootballdata.com/logos-dark/16/6.png']",@SouthAlabamaFB,"{'id': 6526, 'name': 'Hancock Whitney Stadium', 'city': 'Mobile', 'state': 'AL', 'zip': '36688', 'countryCode': 'US', 'timezone': 'America/Chicago', 'latitude': 30.696904, 'longitude': -88.192013, 'elevation': '45', 'capacity': 25450, 'constructionYear': 2020, 'grass': False, 'dome': False}"
2579,South Carolina,Gamecocks,SC,"['SC', 'South Carolina']",SEC,East,fbs,#73000a,#000000,"['https://cdn.collegefootballdata.com/logos/500/2579.png', 'https://cdn.collegefootballdata.com/logos-dark/500/2579.png', 'https://cdn.collegefootballdata.com/logos/256/2579.png', 'https://cdn.collegefootballdata.com/logos-dark/256/2579.png', 'https://cdn.collegefootballdata.com/logos/128/2579.png', 'https://cdn.collegefootballdata.com/logos-dark/128/2579.png', 'https://cdn.collegefootballdata.com/logos/96/2579.png', 'https://cdn.collegefootballdata.com/logos-dark/96/2579.png', 'https://cdn.collegefootballdata.com/logos/64/2579.png', 'https://cdn.collegefootballdata.com/logos-dark/64/2579.png', 'https://cdn.collegefootballdata.com/logos/48/2579.png', 'https://cdn.collegefootballdata.com/logos-dark/48/2579.png', 'https://cdn.collegefootballdata.com/logos/32/2579.png', 'https://cdn.collegefootballdata.com/logos-dark/32/2579.png', 'https://cdn.collegefootballdata.com/logos/16/2579.png', 'https://cdn.collegefootballdata.com/logos-dark/16/2579.png']",@GamecockFB,"{'id': 3994, 'name': 'Williams-Brice Stadium', 'city': 'Columbia', 'state': 'SC', 'zip': '29208', 'countryCode': 'US', 'timezone': 'America/New_York', 'latitude': 33.9730239, 'longitude': -81.0191726, 'elevation': '60.54548645', 'capacity': 80250, 'constructionYear': 1934, 'grass': True, 'dome': False}"
2572,Southern Miss,Golden Eagles,USM,"['Southern Mississippi', 'USM', 'Southern Miss']",Conference USA,West,fbs,#ffc72c,#231f20,"['https://cdn.collegefootballdata.com/logos/500/2572.png', 'https://cdn.collegefootballdata.com/logos-dark/500/2572.png', 'https://cdn.collegefootballdata.com/logos/256/2572.png', 'https://cdn.collegefootballdata.com/logos-dark/256/2572.png', 'https://cdn.collegefootballdata.com/logos/128/2572.png', 'https://cdn.collegefootballdata.com/logos-dark/128/2572.png', 'https://cdn.collegefootballdata.com/logos/96/2572.png', 'https://cdn.collegefootballdata.com/logos-dark/96/2572.png', 'https://cdn.collegefootballdata.com/logos/64/2572.png', 'https://cdn.collegefootballdata.com/logos-dark/64/2572.png', 'https://cdn.collegefootballdata.com/logos/48/2572.png', 'https://cdn.collegefootballdata.com/logos-dark/48/2572.png', 'https://cdn.collegefootballdata.com/logos/32/2572.png', 'https://cdn.collegefootballdata.com/logos-dark/32/2572.png', 'https://cdn.collegefootballdata.com/logos/16/2572.png', 'https://cdn.collegefootballdata.com/logos-dark/16/2572.png']",@SouthernMissFB,"{'id': 3815, 'name': 'M. M. Roberts Stadium', 'city': 'Hattiesburg', 'state': 'MS', 'zip': '39402', 'countryCode': 'US', 'timezone': 'America/Chicago', 'latitude': 31.3289321, 'longitude': -89.3318118, 'elevation': '64.52726746', 'capacity': 36000, 'constructionYear': 1932, 'grass': False, 'dome': False}"
58,South Florida,Bulls,USF,"['USF', 'South Florida']",American Athletic,,fbs,#006747,#cfc493,"['https://cdn.collegefootballdata.com/logos/500/58.png', 'https://cdn.collegefootballdata.com/logos-dark/500/58.png', 'https://cdn.collegefootballdata.com/logos/256/58.png', 'https://cdn.collegefootballdata.com/logos-dark/256/58.png', 'https://cdn.collegefootballdata.com/logos/128/58.png', 'https://cdn.collegefootballdata.com/logos-dark/128/58.png', 'https://cdn.collegefootballdata.com/logos/96/58.png', 'https://cdn.collegefootballdata.com/logos-dark/96/58.png', 'https://cdn.collegefootballdata.com/logos/64/58.png', 'https://cdn.collegefootballdata.com/logos-dark/64/58.png', 'https://cdn.collegefootballdata.com/logos/48/58.png', 'https://cdn.collegefootballdata.com/logos-dark/48/58.png', 'https://cdn.collegefootballdata.com/logos/32/58.png', 'https://cdn.collegefootballdata.com/logos-dark/32/58.png', 'https://cdn.collegefootballdata.com/logos/16/58.png', 'https://cdn.collegefootballdata.com/logos-dark/16/58.png']",@USFFootball,"{'id': 3886, 'name': 'Raymond James Stadium', 'city': 'Tampa', 'state': 'FL', 'zip': '33620', 'countryCode': 'US', 'timezone': 'America/New_York', 'latitude': 27.9758691, 'longitude': -82.5033344, 'elevation': '11.07972908', 'capacity': 65828, 'constructionYear': 1998, 'grass': True, 'dome': False}"
24,Stanford,Cardinal,STAN,"['STAN', 'Stanford']",Pac-12,North,fbs,#8c1515,#ffffff,"['https://cdn.collegefootballdata.com/logos/500/24.png', 'https://cdn.collegefootballdata.com/logos-dark/500/24.png', 'https://cdn.collegefootballdata.com/logos/256/24.png', 'https://cdn.collegefootballdata.com/logos-dark/256/24.png', 'https://cdn.collegefootballdata.com/logos/128/24.png', 'https://cdn.collegefootballdata.com/logos-dark/128/24.png', 'https://cdn.collegefootballdata.com/logos/96/24.png', 'https://cdn.collegefootballdata.com/logos-dark/96/24.png', 'https://cdn.collegefootballdata.com/logos/64/24.png', 'https://cdn.collegefootballdata.com/logos-dark/64/24.png', 'https://cdn.collegefootballdata.com/logos/48/24.png', 'https://cdn.collegefootballdata.com/logos-dark/48/24.png', 'https://cdn.collegefootballdata.com/logos/32/24.png', 'https://cdn.collegefootballdata.com/logos-dark/32/24.png', 'https://cdn.collegefootballdata.com/logos/16/24.png', 'https://cdn.collegefootballdata.com/logos-dark/16/24.png']",@StanfordFball,"{'id': 3940, 'name': 'Stanford Stadium', 'city': 'Stanford', 'state': 'CA', 'zip': '94305', 'countryCode': 'US', 'timezone': 'America/Los_Angeles', 'latitude': 37.4345556, 'longitude': -122.1611271, 'elevation': '18.38425636', 'capacity': 50424, 'constructionYear': 2006, 'grass': True, 'dome': False}"
183,Syracuse,Orange,SYR,"['SYR', 'Syracuse']",ACC,Atlantic,fbs,#f76900,#000e54,"['https://cdn.collegefootballdata.com/logos/500/183.png', 'https://cdn.collegefootballdata.com/logos-dark/500/183.png', 'https://cdn.collegefootballdata.com/logos/256/183.png', 'https://cdn.collegefootballdata.com/logos-dark/256/183.png', 'https://cdn.collegefootballdata.com/logos/128/183.png', 'https://cdn.collegefootballdata.com/logos-dark/128/183.png', 'https://cdn.collegefootballdata.com/logos/96/183.png', 'https://cdn.collegefootballdata.com/logos-dark/96/183.png', 'https://cdn.collegefootballdata.com/logos/64/183.png', 'https://cdn.collegefootballdata.com/logos-dark/64/183.png', 'https://cdn.collegefootballdata.com/logos/48/183.png', 'https://cdn.collegefootballdata.com/logos-dark/48/183.png', 'https://cdn.collegefootballdata.com/logos/32/183.png', 'https://cdn.collegefootballdata.com/logos-dark/32/183.png', 'https://cdn.collegefootballdata.com/logos/16/183.png', 'https://cdn.collegefootballdata.com/logos-dark/16/183.png']",@CuseFootball,"{'id': 1964, 'name': 'JMA Wireless Dome', 'city': 'Syracuse', 'state': 'NY', 'zip': '13244', 'countryCode': 'US', 'timezone': 'America/New_York', 'latitude': 43.0362269, 'longitude': -76.1363161, 'elevation': '162.6989746', 'capacity': 49057, 'constructionYear': 1980, 'grass': False, 'dome': True}"
2628,TCU,Horned Frogs,TCU,"['Texas Christian', 'TCU', 'TCU']",Big 12,,fbs,#4d1979,#ffffff,"['https://cdn.collegefootballdata.com/logos/500/2628.png', 'https://cdn.collegefootballdata.com/logos-dark/500/2628.png', 'https://cdn.collegefootballdata.com/logos/256/2628.png', 'https://cdn.collegefootballdata.com/logos-dark/256/2628.png', 'https://cdn.collegefootballdata.com/logos/128/2628.png', 'https://cdn.collegefootballdata.com/logos-dark/128/2628.png', 'https://cdn.collegefootballdata.com/logos/96/2628.png', 'https://cdn.collegefootballdata.com/logos-dark/96/2628.png', 'https://cdn.collegefootballdata.com/logos/64/2628.png', 'https://cdn.collegefootballdata.com/logos-dark/64/2628.png', 'https://cdn.collegefootballdata.com/logos/48/2628.png', 'https://cdn.collegefootballdata.com/logos-dark/48/2628.png', 'https://cdn.collegefootballdata.com/logos/32/2628.png', 'https://cdn.collegefootballdata.com/logos-dark/32/2628.png', 'https://cdn.collegefootballdata.com/logos/16/2628.png', 'https://cdn.collegefootballdata.com/logos-dark/16/2628.png']",@TCUFootball,"{'id': 3616, 'name': 'Amon G. Carter Stadium', 'city': 'Fort Worth', 'state': 'TX', 'zip': '76129', 'countryCode': 'US', 'timezone': 'America/Chicago', 'latitude': 32.7096604, 'longitude': -97.3680835, 'elevation': '185.4387054', 'capacity': 46000, 'constructionYear': 1929, 'grass': True, 'dome': False}"
218,Temple,Owls,TEM,"['TEM', 'Temple']",American Athletic,,fbs,#a41e35,#ffffff,"['https://cdn.collegefootballdata.com/logos/500/218.png', 'https://cdn.collegefootballdata.com/logos-dark/500/218.png', 'https://cdn.collegefootballdata.com/logos/256/218.png', 'https://cdn.collegefootballdata.com/logos-dark/256/218.png', 'https://cdn.collegefootballdata.com/logos/128/218.png', 'https://cdn.collegefootballdata.com/logos-dark/128/218.png', 'https://cdn.collegefootballdata.com/logos/96/218.png', 'https://cdn.collegefootballdata.com/logos-dark/96/218.png', 'https://cdn.collegefootballdata.com/logos/64/218.png', 'https://cdn.collegefootballdata.com/logos-dark/64/218.png', 'https://cdn.collegefootballdata.com/logos/48/218.png', 'https://cdn.collegefootballdata.com/logos-dark/48/218.png', 'https://cdn.collegefootballdata.com/logos/32/218.png', 'https://cdn.collegefootballdata.com/logos-dark/32/218.png', 'https://cdn.collegefootballdata.com/logos/16/218.png', 'https://cdn.collegefootballdata.com/logos-dark/16/218.png']",@Temple_FB,"{'id': 3806, 'name': 'Lincoln Financial Field', 'city': 'Philadelphia', 'state': 'PA', 'zip': '19122', 'countryCode': 'US', 'timezone': 'America/New_York', 'latitude': 39.9007995, 'longitude': -75.1675414, 'elevation': '3.198706865', 'capacity': 69879, 'constructionYear': 2003, 'grass': False, 'dome': False}"
2633,Tennessee,Volunteers,TENN,"['TENN', 'Tennessee']",SEC,East,fbs,#ff8200,#ffffff,"['https://cdn.collegefootballdata.com/logos/500/2633.png', 'https://cdn.collegefootballdata.com/logos-dark/500/2633.png', 'https://cdn.collegefootballdata.com/logos/256/2633.png', 'https://cdn.collegefootballdata.com/logos-dark/256/2633.png', 'https://cdn.collegefootballdata.com/logos/128/2633.png', 'https://cdn.collegefootballdata.com/logos-dark/128/2633.png', 'https://cdn.collegefootballdata.com/logos/96/2633.png', 'https://cdn.collegefootballdata.com/logos-dark/96/2633.png', 'https://cdn.collegefootballdata.com/logos/64/2633.png', 'https://cdn.collegefootballdata.com/logos-dark/64/2633.png', 'https://cdn.collegefootballdata.com/logos/48/2633.png', 'https://cdn.collegefootballdata.com/logos-dark/48/2633.png', 'https://cdn.collegefootballdata.com/logos/32/2633.png', 'https://cdn.collegefootballdata.com/logos-dark/32/2633.png', 'https://cdn.collegefootballdata.com/logos/16/2633.png', 'https://cdn.collegefootballdata.com/logos-dark/16/2633.png']",@Vol_Football,"{'id': 3853, 'name': 'Neyland Stadium', 'city': 'Knoxville', 'state': 'TN', 'zip': '37996', 'countryCode': 'US', 'timezone': 'America/New_York', 'latitude': 35.9550131, 'longitude': -83.9250128, 'elevation': '271.9517212', 'capacity': 102455, 'constructionYear': 1921, 'grass': True, 'dome': False}"
251,Texas,Longhorns,TEX,"['TEX', 'Texas']",Big 12,,fbs,#bf5700,#ffffff,"['https://cdn.collegefootballdata.com/logos/500/251.png', 'https://cdn.collegefootballdata.com/logos-dark/500/251.png', 'https://cdn.collegefootballdata.com/logos/256/251.png', 'https://cdn.collegefootballdata.com/logos-dark/256/251.png', 'https://cdn.collegefootballdata.com/logos/128/251.png', 'https://cdn.collegefootballdata.com/logos-dark/128/251.png', 'https://cdn.collegefootballdata.com/logos/96/251.png', 'https://cdn.collegefootballdata.com/logos-dark/96/251.png', 'https://cdn.collegefootballdata.com/logos/64/251.png', 'https://cdn.collegefootballdata.com/logos-dark/64/251.png', 'https://cdn.collegefootballdata.com/logos/48/251.png', 'https://cdn.collegefootballdata.com/logos-dark/48/251.png', 'https://cdn.collegefootballdata.com/logos/32/251.png', 'https://cdn.collegefootballdata.com/logos-dark/32/251.png', 'https://cdn.collegefootballdata.com/logos/16/251.png', 'https://cdn.collegefootballdata.com/logos-dark/16/251.png']",@TexasFootball,"{'id': 3910, 'name': 'DKR-Texas Memorial Stadium', 'city': 'Austin', 'state': 'TX', 'zip': '78712', 'countryCode': 'US', 'timezone': 'America/Chicago', 'latitude': 30.2836813, 'longitude': -97.7325345, 'elevation': '160.3089447', 'capacity': 100119, 'constructionYear': 1924, 'grass': False, 'dome': False}"
245,Texas A&M,Aggies,TA&M,"['TA&M', 'Texas A&M']",SEC,West,fbs,#500000,#ffffff,"['https://cdn.collegefootballdata.com/logos/500/245.png', 'https://cdn.collegefootballdata.com/logos-dark/500/245.png', 'https://cdn.collegefootballdata.com/logos/256/245.png', 'https://cdn.collegefootballdata.com/logos-dark/256/245.png', 'https://cdn.collegefootballdata.com/logos/128/245.png', 'https://cdn.collegefootballdata.com/logos-dark/128/245.png', 'https://cdn.collegefootballdata.com/logos/96/245.png', 'https://cdn.collegefootballdata.com/logos-dark/96/245.png', 'https://cdn.collegefootballdata.com/logos/64/245.png', 'https://cdn.collegefootballdata.com/logos-dark/64/245.png', 'https://cdn.collegefootballdata.com/logos/48/245.png', 'https://cdn.collegefootballdata.com/logos-dark/48/245.png', 'https://cdn.collegefootballdata.com/logos/32/245.png', 'https://cdn.collegefootballdata.com/logos-dark/32/245.png', 'https://cdn.collegefootballdata.com/logos/16/245.png', 'https://cdn.collegefootballdata.com/logos-dark/16/245.png']",@AggieFootball,"{'id': 3795, 'name': 'Kyle Field', 'city': 'College Station', 'state': 'TX', 'zip': '77843', 'countryCode': 'US', 'timezone': 'America/Chicago', 'latitude': 30.6098891, 'longitude': -96.3403828, 'elevation': '108.824585', 'capacity': 102733, 'constructionYear': 1927, 'grass': True, 'dome': False}"
326,Texas State,Bobcats,TXST,"['TXST', 'Texas St']",Sun Belt,West,fbs,#501214,#6a5638,"['https://cdn.collegefootballdata.com/logos/500/326.png', 'https://cdn.collegefootballdata.com/logos-dark/500/326.png', 'https://cdn.collegefootballdata.com/logos/256/326.png', 'https://cdn.collegefootballdata.com/logos-dark/256/326.png', 'https://cdn.collegefootballdata.com/logos/128/326.png', 'https://cdn.collegefootballdata.com/logos-dark/128/326.png', 'https://cdn.collegefootballdata.com/logos/96/326.png', 'https://cdn.collegefootballdata.com/logos-dark/96/326.png', 'https://cdn.collegefootballdata.com/logos/64/326.png', 'https://cdn.collegefootballdata.com/logos-dark/64/326.png', 'https://cdn.collegefootballdata.com/logos/48/326.png', 'https://cdn.collegefootballdata.com/logos-dark/48/326.png', 'https://cdn.collegefootballdata.com/logos/32/326.png', 'https://cdn.collegefootballdata.com/logos-dark/32/326.png', 'https://cdn.collegefootballdata.com/logos/16/326.png', 'https://cdn.collegefootballdata.com/logos-dark/16/326.png']",@TXStateFootball,"{'id': 3644, 'name': 'Bobcat Stadium (TX)', 'city': 'San Marcos', 'state': 'TX', 'zip': '78666', 'countryCode': 'US', 'timezone': 'America/Chicago', 'latitude': 29.8910008, 'longitude': -97.9255735, 'elevation': '177.8676453', 'capacity': 30000, 'constructionYear': 1981, 'grass': False, 'dome': False}"
2641,Texas Tech,Red Raiders,TTU,"['TTU', 'Texas Tech']",Big 12,,fbs,#c30020,#000000,"['https://cdn.collegefootballdata.com/logos/500/2641.png', 'https://cdn.collegefootballdata.com/logos-dark/500/2641.png', 'https://cdn.collegefootballdata.com/logos/256/2641.png', 'https://cdn.collegefootballdata.com/logos-dark/256/2641.png', 'https://cdn.collegefootballdata.com/logos/128/2641.png', 'https://cdn.collegefootballdata.com/logos-dark/128/2641.png', 'https://cdn.collegefootballdata.com/logos/96/2641.png', 'https://cdn.collegefootballdata.com/logos-dark/96/2641.png', 'https://cdn.collegefootballdata.com/logos/64/2641.png', 'https://cdn.collegefootballdata.com/logos-dark/64/2641.png', 'https://cdn.collegefootballdata.com/logos/48/2641.png', 'https://cdn.collegefootballdata.com/logos-dark/48/2641.png', 'https://cdn.collegefootballdata.com/logos/32/2641.png', 'https://cdn.collegefootballdata.com/logos-dark/32/2641.png', 'https://cdn.collegefootballdata.com/logos/16/2641.png', 'https://cdn.collegefootballdata.com/logos-dark/16/2641.png']",@TexasTechFB,"{'id': 3784, 'name': 'Jones AT&T Stadium', 'city': 'Lubbock', 'state': 'TX', 'zip': '79409', 'countryCode': 'US', 'timezone': 'America/Chicago', 'latitude': 33.5910518, 'longitude': -101.8728824, 'elevation': '980.7632446', 'capacity': 60454, 'constructionYear': 1947, 'grass': False, 'dome': False}"
2649,Toledo,Rockets,TOL,"['TOL', 'Toledo']",Mid-American,West,fbs,#0b2240,#ffcd00,"['https://cdn.collegefootballdata.com/logos/500/2649.png', 'https://cdn.collegefootballdata.com/logos-dark/500/2649.png', 'https://cdn.collegefootballdata.com/logos/256/2649.png', 'https://cdn.collegefootballdata.com/logos-dark/256/2649.png', 'https://cdn.collegefootballdata.com/logos/128/2649.png', 'https://cdn.collegefootballdata.com/logos-dark/128/2649.png', 'https://cdn.collegefootballdata.com/logos/96/2649.png', 'https://cdn.collegefootballdata.com/logos-dark/96/2649.png', 'https://cdn.collegefootballdata.com/logos/64/2649.png', 'https://cdn.collegefootballdata.com/logos-dark/64/2649.png', 'https://cdn.collegefootballdata.com/logos/48/2649.png', 'https://cdn.collegefootballdata.com/logos-dark/48/2649.png', 'https://cdn.collegefootballdata.com/logos/32/2649.png', 'https://cdn.collegefootballdata.com/logos-dark/32/2649.png', 'https://cdn.collegefootballdata.com/logos/16/2649.png', 'https://cdn.collegefootballdata.com/logos-dark/16/2649.png']",@ToledoFB,"{'id': 3739, 'name': 'Glass Bowl', 'city': 'Toledo', 'state': 'OH', 'zip': '43606', 'countryCode': 'US', 'timezone': 'America/New_York', 'latitude': 41.6574777, 'longitude': -83.6135652, 'elevation': '181.4839783', 'capacity': 26038, 'constructionYear': 1937, 'grass': False, 'dome': False}"
2653,Troy,Trojans,TROY,"['TROY', 'Troy']",Sun Belt,East,fbs,#862633,#b1b1b1,"['https://cdn.collegefootballdata.com/logos/500/2653.png', 'https://cdn.collegefootballdata.com/logos-dark/500/2653.png', 'https://cdn.collegefootballdata.com/logos/256/2653.png', 'https://cdn.collegefootballdata.com/logos-dark/256/2653.png', 'https://cdn.collegefootballdata.com/logos/128/2653.png', 'https://cdn.collegefootballdata.com/logos-dark/128/2653.png', 'https://cdn.collegefootballdata.com/logos/96/2653.png', 'https://cdn.collegefootballdata.com/logos-dark/96/2653.png', 'https://cdn.collegefootballdata.com/logos/64/2653.png', 'https://cdn.collegefootballdata.com/logos-dark/64/2653.png', 'https://cdn.collegefootballdata.com/logos/48/2653.png', 'https://cdn.collegefootballdata.com/logos-dark/48/2653.png', 'https://cdn.collegefootballdata.com/logos/32/2653.png', 'https://cdn.collegefootballdata.com/logos-dark/32/2653.png', 'https://cdn.collegefootballdata.com/logos/16/2653.png', 'https://cdn.collegefootballdata.com/logos-dark/16/2653.png']",@TroyTrojansFB,"{'id': 3975, 'name': 'Veterans Memorial Stadium (AL)', 'city': 'Troy', 'state': 'AL', 'zip': '36082', 'countryCode': 'US', 'timezone': 'America/Chicago', 'latitude': 31.7995565, 'longitude': -85.9518328, 'elevation': '154.7746277', 'capacity': 30000, 'constructionYear': 1950, 'grass': False, 'dome': False}"
2655,Tulane,Green Wave,TULN,"['TULN', 'Tulane']",American Athletic,,fbs,#006747,#418fde,"['https://cdn.collegefootballdata.com/logos/500/2655.png', 'https://cdn.collegefootballdata.com/logos-dark/500/2655.png', 'https://cdn.collegefootballdata.com/logos/256/2655.png', 'https://cdn.collegefootballdata.com/logos-dark/256/2655.png', 'https://cdn.collegefootballdata.com/logos/128/2655.png', 'https://cdn.collegefootballdata.com/logos-dark/128/2655.png', 'https://cdn.collegefootballdata.com/logos/96/2655.png', 'https://cdn.collegefootballdata.com/logos-dark/96/2655.png', 'https://cdn.collegefootballdata.com/logos/64/2655.png', 'https://cdn.collegefootballdata.com/logos-dark/64/2655.png', 'https://cdn.collegefootballdata.com/logos/48/2655.png', 'https://cdn.collegefootballdata.com/logos-dark/48/2655.png', 'https://cdn.collegefootballdata.com/logos/32/2655.png', 'https://cdn.collegefootballdata.com/logos-dark/32/2655.png', 'https://cdn.collegefootballdata.com/logos/16/2655.png', 'https://cdn.collegefootballdata.com/logos-dark/16/2655.png']",@GreenWaveFB,"{'id': 4729, 'name': 'Yulman Stadium', 'city': 'New Orleans', 'state': 'LA', 'zip': '70118', 'countryCode': 'US', 'timezone': 'America/Chicago', 'latitude': 29.944616, 'longitude': -90.116692, 'elevation': '0.0000000000000000000000000000000000000118', 'capacity': 30000, 'constructionYear': 2014, 'grass': False, 'dome': False}"
202,Tulsa,Golden Hurricane,TLSA,"['TLSA', 'Tulsa']",American Athletic,,fbs,#003595,#d0b787,"['https://cdn.collegefootballdata.com/logos/500/202.png', 'https://cdn.collegefootballdata.com/logos-dark/500/202.png', 'https://cdn.collegefootballdata.com/logos/256/202.png', 'https://cdn.collegefootballdata.com/logos-dark/256/202.png', 'https://cdn.collegefootballdata.com/logos/128/202.png', 'https://cdn.collegefootballdata.com/logos-dark/128/202.png', 'https://cdn.collegefootballdata.com/logos/96/202.png', 'https://cdn.collegefootballdata.com/logos-dark/96/202.png', 'https://cdn.collegefootballdata.com/logos/64/202.png', 'https://cdn.collegefootballdata.com/logos-dark/64/202.png', 'https://cdn.collegefootballdata.com/logos/48/202.png', 'https://cdn.collegefootballdata.com/logos-dark/48/202.png', 'https://cdn.collegefootballdata.com/logos/32/202.png', 'https://cdn.collegefootballdata.com/logos-dark/32/202.png', 'https://cdn.collegefootballdata.com/logos/16/202.png', 'https://cdn.collegefootballdata.com/logos-dark/16/202.png']",@TulsaFootball,"{'id': 3674, 'name': 'Chapman Stadium', 'city': 'Tulsa', 'state': 'OK', 'zip': '74194', 'countryCode': 'US', 'timezone': 'America/Chicago', 'latitude': 36.1489175, 'longitude': -95.9437853, 'elevation': '235.5928345', 'capacity': 30000, 'constructionYear': 1930, 'grass': False, 'dome': False}"
5,UAB,Blazers,UAB,"['Alabama-Birmingham', 'UAB', 'UAB']",Conference USA,West,fbs,#1a5632,#fdb913,"['https://cdn.collegefootballdata.com/logos/500/5.png', 'https://cdn.collegefootballdata.com/logos-dark/500/5.png', 'https://cdn.collegefootballdata.com/logos/256/5.png', 'https://cdn.collegefootballdata.com/logos-dark/256/5.png', 'https://cdn.collegefootballdata.com/logos/128/5.png', 'https://cdn.collegefootballdata.com/logos-dark/128/5.png', 'https://cdn.collegefootballdata.com/logos/96/5.png', 'https://cdn.collegefootballdata.com/logos-dark/96/5.png', 'https://cdn.collegefootballdata.com/logos/64/5.png', 'https://cdn.collegefootballdata.com/logos-dark/64/5.png', 'https://cdn.collegefootballdata.com/logos/48/5.png', 'https://cdn.collegefootballdata.com/logos-dark/48/5.png', 'https://cdn.collegefootballdata.com/logos/32/5.png', 'https://cdn.collegefootballdata.com/logos-dark/32/5.png', 'https://cdn.collegefootballdata.com/logos/16/5.png', 'https://cdn.collegefootballdata.com/logos-dark/16/5.png']",@UAB_FB,"{'id': 7221, 'name': 'Protective Stadium', 'city': 'Birmingham', 'state': 'AL', 'zip': '35203', 'countryCode': 'US', 'timezone': 'America/Chicago', 'latitude': 33.5206824, 'longitude': -86.8024326, 'elevation': '187', 'capacity': 45000, 'constructionYear': 2021, 'grass': False, 'dome': False}"
2116,UCF,Knights,UCF,"['Central Florida', 'UCF', 'UCF']",American Athletic,,fbs,#000000,#b4a169,"['https://cdn.collegefootballdata.com/logos/500/2116.png', 'https://cdn.collegefootballdata.com/logos-dark/500/2116.png', 'https://cdn.collegefootballdata.com/logos/256/2116.png', 'https://cdn.collegefootballdata.com/logos-dark/256/2116.png', 'https://cdn.collegefootballdata.com/logos/128/2116.png', 'https://cdn.collegefootballdata.com/logos-dark/128/2116.png', 'https://cdn.collegefootballdata.com/logos/96/2116.png', 'https://cdn.collegefootballdata.com/logos-dark/96/2116.png', 'https://cdn.collegefootballdata.com/logos/64/2116.png', 'https://cdn.collegefootballdata.com/logos-dark/64/2116.png', 'https://cdn.collegefootballdata.com/logos/48/2116.png', 'https://cdn.collegefootballdata.com/logos-dark/48/2116.png', 'https://cdn.collegefootballdata.com/logos/32/2116.png', 'https://cdn.collegefootballdata.com/logos-dark/32/2116.png', 'https://cdn.collegefootballdata.com/logos/16/2116.png', 'https://cdn.collegefootballdata.com/logos-dark/16/2116.png']",@UCF_Football,"{'id': 3652, 'name': 'FBC Mortgage Stadium', 'city': 'Orlando', 'state': 'FL', 'zip': '32816', 'countryCode': 'US', 'timezone': 'America/New_York', 'latitude': 28.6079765, 'longitude': -81.1927233, 'elevation': '20.94113731', 'capacity': 44206, 'constructionYear': 2007, 'grass': True, 'dome': False}"
26,UCLA,Bruins,UCLA,"['UCLA', 'UCLA']",Pac-12,South,fbs,#2774ae,#f2a900,"['https://cdn.collegefootballdata.com/logos/500/26.png', 'https://cdn.collegefootballdata.com/logos-dark/500/26.png', 'https://cdn.collegefootballdata.com/logos/256/26.png', 'https://cdn.collegefootballdata.com/logos-dark/256/26.png', 'https://cdn.collegefootballdata.com/logos/128/26.png', 'https://cdn.collegefootballdata.com/logos-dark/128/26.png', 'https://cdn.collegefootballdata.com/logos/96/26.png', 'https://cdn.collegefootballdata.com/logos-dark/96/26.png', 'https://cdn.collegefootballdata.com/logos/64/26.png', 'https://cdn.collegefootballdata.com/logos-dark/64/26.png', 'https://cdn.collegefootballdata.com/logos/48/26.png', 'https://cdn.collegefootballdata.com/logos-dark/48/26.png', 'https://cdn.collegefootballdata.com/logos/32/26.png', 'https://cdn.collegefootballdata.com/logos-dark/32/26.png', 'https://cdn.collegefootballdata.com/logos/16/26.png', 'https://cdn.collegefootballdata.com/logos-dark/16/26.png']",@UCLAFootball,"{'id': 1056, 'name': 'Rose Bowl', 'city': 'Pasadena', 'state': 'CA', 'zip': '90095', 'countryCode': 'US', 'timezone': 'America/Los_Angeles', 'latitude': 34.1613284, 'longitude': -118.1676462, 'elevation': '245.1772461', 'capacity': 88565, 'constructionYear': 1922, 'grass': True, 'dome': False}"
41,UConn,Huskies,CONN,"['Connecticut', 'CONN', 'UConn']",FBS Independents,,fbs,#000e2f,#ffffff,"['https://cdn.collegefootballdata.com/logos/500/41.png', 'https://cdn.collegefootballdata.com/logos-dark/500/41.png', 'https://cdn.collegefootballdata.com/logos/256/41.png', 'https://cdn.collegefootballdata.com/logos-dark/256/41.png', 'https://cdn.collegefootballdata.com/logos/128/41.png', 'https://cdn.collegefootballdata.com/logos-dark/128/41.png', 'https://cdn.collegefootballdata.com/logos/96/41.png', 'https://cdn.collegefootballdata.com/logos-dark/96/41.png', 'https://cdn.collegefootballdata.com/logos/64/41.png', 'https://cdn.collegefootballdata.com/logos-dark/64/41.png', 'https://cdn.collegefootballdata.com/logos/48/41.png', 'https://cdn.collegefootballdata.com/logos-dark/48/41.png', 'https://cdn.collegefootballdata.com/logos/32/41.png', 'https://cdn.collegefootballdata.com/logos-dark/32/41.png', 'https://cdn.collegefootballdata.com/logos/16/41.png', 'https://cdn.collegefootballdata.com/logos-dark/16/41.png']",@UConnFootball,"{'id': 3892, 'name': 'Pratt & Whitney Stadium', 'city': 'East Hartford', 'state': 'CT', 'zip': '6118 ', 'countryCode': 'US', 'timezone': 'America/New_York', 'latitude': 41.7595675, 'longitude': -72.6187728, 'elevation': '6.515614986', 'capacity': 40000, 'constructionYear': 2003, 'grass': True, 'dome': False}"
2433,UL Monroe,Warhawks,ULM,"['La.-Monroe', 'ULM', 'UL Monroe']",Sun Belt,West,fbs,#840029,#fdb913,"['https://cdn.collegefootballdata.com/logos/500/2433.png', 'https://cdn.collegefootballdata.com/logos-dark/500/2433.png', 'https://cdn.collegefootballdata.com/logos/256/2433.png', 'https://cdn.collegefootballdata.com/logos-dark/256/2433.png', 'https://cdn.collegefootballdata.com/logos/128/2433.png', 'https://cdn.collegefootballdata.com/logos-dark/128/2433.png', 'https://cdn.collegefootballdata.com/logos/96/2433.png', 'https://cdn.collegefootballdata.com/logos-dark/96/2433.png', 'https://cdn.collegefootballdata.com/logos/64/2433.png', 'https://cdn.collegefootballdata.com/logos-dark/64/2433.png', 'https://cdn.collegefootballdata.com/logos/48/2433.png', 'https://cdn.collegefootballdata.com/logos-dark/48/2433.png', 'https://cdn.collegefootballdata.com/logos/32/2433.png', 'https://cdn.collegefootballdata.com/logos-dark/32/2433.png', 'https://cdn.collegefootballdata.com/logos/16/2433.png', 'https://cdn.collegefootballdata.com/logos-dark/16/2433.png']",@ULM_FB,"{'id': 3817, 'name': 'Malone Stadium', 'city': 'Monroe', 'state': 'LA', 'zip': '71209', 'countryCode': 'US', 'timezone': 'America/Chicago', 'latitude': 32.5308089, 'longitude': -92.0660602, 'elevation': '22.998209', 'capacity': 27617, 'constructionYear': 1978, 'grass': False, 'dome': False}"
2439,UNLV,Rebels,UNLV,"['Nevada-Las Vegas', 'UNLV', 'UNLV']",Mountain West,West,fbs,#cf0a2c,#cac8c8,"['https://cdn.collegefootballdata.com/logos/500/2439.png', 'https://cdn.collegefootballdata.com/logos-dark/500/2439.png', 'https://cdn.collegefootballdata.com/logos/256/2439.png', 'https://cdn.collegefootballdata.com/logos-dark/256/2439.png', 'https://cdn.collegefootballdata.com/logos/128/2439.png', 'https://cdn.collegefootballdata.com/logos-dark/128/2439.png', 'https://cdn.collegefootballdata.com/logos/96/2439.png', 'https://cdn.collegefootballdata.com/logos-dark/96/2439.png', 'https://cdn.collegefootballdata.com/logos/64/2439.png', 'https://cdn.collegefootballdata.com/logos-dark/64/2439.png', 'https://cdn.collegefootballdata.com/logos/48/2439.png', 'https://cdn.collegefootballdata.com/logos-dark/48/2439.png', 'https://cdn.collegefootballdata.com/logos/32/2439.png', 'https://cdn.collegefootballdata.com/logos-dark/32/2439.png', 'https://cdn.collegefootballdata.com/logos/16/2439.png', 'https://cdn.collegefootballdata.com/logos-dark/16/2439.png']",@UNLVFootball,"{'id': 6501, 'name': 'Allegiant Stadium', 'city': 'Las Vegas', 'state': 'NV', 'zip': '89118', 'countryCode': 'US', 'timezone': 'America/Los_Angeles', 'latitude': 36.09075, 'longitude': -115.183722, 'elevation': '666', 'capacity': 65000, 'constructionYear': 2020, 'grass': False, 'dome': True}"
30,USC,Trojans,USC,"['USC', 'USC']",Pac-12,South,fbs,#990000,#ffcc00,"['https://cdn.collegefootballdata.com/logos/500/30.png', 'https://cdn.collegefootballdata.com/logos-dark/500/30.png', 'https://cdn.collegefootballdata.com/logos/256/30.png', 'https://cdn.collegefootballdata.com/logos-dark/256/30.png', 'https://cdn.collegefootballdata.com/logos/128/30.png', 'https://cdn.collegefootballdata.com/logos-dark/128/30.png', 'https://cdn.collegefootballdata.com/logos/96/30.png', 'https://cdn.collegefootballdata.com/logos-dark/96/30.png', 'https://cdn.collegefootballdata.com/logos/64/30.png', 'https://cdn.collegefootballdata.com/logos-dark/64/30.png', 'https://cdn.collegefootballdata.com/logos/48/30.png', 'https://cdn.collegefootballdata.com/logos-dark/48/30.png', 'https://cdn.collegefootballdata.com/logos/32/30.png', 'https://cdn.collegefootballdata.com/logos-dark/32/30.png', 'https://cdn.collegefootballdata.com/logos/16/30.png', 'https://cdn.collegefootballdata.com/logos-dark/16/30.png']",@uscfb,"{'id': 477, 'name': 'Los Angeles Memorial Coliseum', 'city': 'Los Angeles', 'state': 'CA', 'zip': '90089', 'countryCode': 'US', 'timezone': 'America/Los_Angeles', 'latitude': 34.014167, 'longitude': -118.287778, 'elevation': '42.50374222', 'capacity': 77500, 'constructionYear': 1923, 'grass': True, 'dome': False}"
254,Utah,Utes,UTAH,"['UTAH', 'Utah']",Pac-12,South,fbs,#be0000,#ffffff,"['https://cdn.collegefootballdata.com/logos/500/254.png', 'https://cdn.collegefootballdata.com/logos-dark/500/254.png', 'https://cdn.collegefootballdata.com/logos/256/254.png', 'https://cdn.collegefootballdata.com/logos-dark/256/254.png', 'https://cdn.collegefootballdata.com/logos/128/254.png', 'https://cdn.collegefootballdata.com/logos-dark/128/254.png', 'https://cdn.collegefootballdata.com/logos/96/254.png', 'https://cdn.collegefootballdata.com/logos-dark/96/254.png', 'https://cdn.collegefootballdata.com/logos/64/254.png', 'https://cdn.collegefootballdata.com/logos-dark/64/254.png', 'https://cdn.collegefootballdata.com/logos/48/254.png', 'https://cdn.collegefootballdata.com/logos-dark/48/254.png', 'https://cdn.collegefootballdata.com/logos/32/254.png', 'https://cdn.collegefootballdata.com/logos-dark/32/254.png', 'https://cdn.collegefootballdata.com/logos/16/254.png', 'https://cdn.collegefootballdata.com/logos-dark/16/254.png']",@Utah_Football,"{'id': 587, 'name': 'Rice-Eccles Stadium', 'city': 'Salt Lake City', 'state': 'UT', 'zip': '84112', 'countryCode': 'US', 'timezone': 'America/Denver', 'latitude': 40.7599724, 'longitude': -111.8488255, 'elevation': '1411.543579', 'capacity': 51444, 'constructionYear': 1998, 'grass': False, 'dome': False}"
328,Utah State,Aggies,USU,"['USU', 'Utah State']",Mountain West,Mountain,fbs,#0f2439,#ffffff,"['https://cdn.collegefootballdata.com/logos/500/328.png', 'https://cdn.collegefootballdata.com/logos-dark/500/328.png', 'https://cdn.collegefootballdata.com/logos/256/328.png', 'https://cdn.collegefootballdata.com/logos-dark/256/328.png', 'https://cdn.collegefootballdata.com/logos/128/328.png', 'https://cdn.collegefootballdata.com/logos-dark/128/328.png', 'https://cdn.collegefootballdata.com/logos/96/328.png', 'https://cdn.collegefootballdata.com/logos-dark/96/328.png', 'https://cdn.collegefootballdata.com/logos/64/328.png', 'https://cdn.collegefootballdata.com/logos-dark/64/328.png', 'https://cdn.collegefootballdata.com/logos/48/328.png', 'https://cdn.collegefootballdata.com/logos-dark/48/328.png', 'https://cdn.collegefootballdata.com/logos/32/328.png', 'https://cdn.collegefootballdata.com/logos-dark/32/328.png', 'https://cdn.collegefootballdata.com/logos/16/328.png', 'https://cdn.collegefootballdata.com/logos-dark/16/328.png']",@USUFootball,"{'id': 3905, 'name': 'Maverik Stadium', 'city': 'Logan', 'state': 'UT', 'zip': '84322', 'countryCode': 'US', 'timezone': 'America/Denver', 'latitude': 41.7517394, 'longitude': -111.8116007, 'elevation': '1427.914429', 'capacity': 25513, 'constructionYear': 1968, 'grass': False, 'dome': False}"
2638,UTEP,Miners,UTEP,"['Texas-El Paso', 'UTEP', 'UTEP']",Conference USA,West,fbs,#ff8200,#041e42,"['https://cdn.collegefootballdata.com/logos/500/2638.png', 'https://cdn.collegefootballdata.com/logos-dark/500/2638.png', 'https://cdn.collegefootballdata.com/logos/256/2638.png', 'https://cdn.collegefootballdata.com/logos-dark/256/2638.png', 'https://cdn.collegefootballdata.com/logos/128/2638.png', 'https://cdn.collegefootballdata.com/logos-dark/128/2638.png', 'https://cdn.collegefootballdata.com/logos/96/2638.png', 'https://cdn.collegefootballdata.com/logos-dark/96/2638.png', 'https://cdn.collegefootballdata.com/logos/64/2638.png', 'https://cdn.collegefootballdata.com/logos-dark/64/2638.png', 'https://cdn.collegefootballdata.com/logos/48/2638.png', 'https://cdn.collegefootballdata.com/logos-dark/48/2638.png', 'https://cdn.collegefootballdata.com/logos/32/2638.png', 'https://cdn.collegefootballdata.com/logos-dark/32/2638.png', 'https://cdn.collegefootballdata.com/logos/16/2638.png', 'https://cdn.collegefootballdata.com/logos-dark/16/2638.png']",@UTEPFB,"{'id': 3946, 'name': 'Sun Bowl', 'city': 'El Paso', 'state': 'TX', 'zip': '79968', 'countryCode': 'US', 'timezone': 'America/Denver', 'latitude': 31.7733353, 'longitude': -106.507957, 'elevation': '1183.697876', 'capacity': 51500, 'constructionYear': 1963, 'grass': False, 'dome': False}"
2636,UTSA,Roadrunners,UTSA,"['Texas-San Antonio', 'UTSA', 'UTSA']",Conference USA,West,fbs,#0c2340,#f15a22,"['https://cdn.collegefootballdata.com/logos/500/2636.png', 'https://cdn.collegefootballdata.com/logos-dark/500/2636.png', 'https://cdn.collegefootballdata.com/logos/256/2636.png', 'https://cdn.collegefootballdata.com/logos-dark/256/2636.png', 'https://cdn.collegefootballdata.com/logos/128/2636.png', 'https://cdn.collegefootballdata.com/logos-dark/128/2636.png', 'https://cdn.collegefootballdata.com/logos/96/2636.png', 'https://cdn.collegefootballdata.com/logos-dark/96/2636.png', 'https://cdn.collegefootballdata.com/logos/64/2636.png', 'https://cdn.collegefootballdata.com/logos-dark/64/2636.png', 'https://cdn.collegefootballdata.com/logos/48/2636.png', 'https://cdn.collegefootballdata.com/logos-dark/48/2636.png', 'https://cdn.collegefootballdata.com/logos/32/2636.png', 'https://cdn.collegefootballdata.com/logos-dark/32/2636.png', 'https://cdn.collegefootballdata.com/logos/16/2636.png', 'https://cdn.collegefootballdata.com/logos-dark/16/2636.png']",,"{'id': 3604, 'name': 'Alamodome', 'city': 'San Antonio', 'state': 'TX', 'zip': '78299', 'countryCode': 'US', 'timezone': 'America/Chicago', 'latitude': 29.4169834, 'longitude': -98.4788143, 'elevation': '201.5526886', 'capacity': 36582, 'constructionYear': 1993, 'grass': False, 'dome': True}"
238,Vanderbilt,Commodores,VAN,"['VAN', 'Vanderbilt']",SEC,East,fbs,#000000,#cfae70,"['https://cdn.collegefootballdata.com/logos/500/238.png', 'https://cdn.collegefootballdata.com/logos-dark/500/238.png', 'https://cdn.collegefootballdata.com/logos/256/238.png', 'https://cdn.collegefootballdata.com/logos-dark/256/238.png', 'https://cdn.collegefootballdata.com/logos/128/238.png', 'https://cdn.collegefootballdata.com/logos-dark/128/238.png', 'https://cdn.collegefootballdata.com/logos/96/238.png', 'https://cdn.collegefootballdata.com/logos-dark/96/238.png', 'https://cdn.collegefootballdata.com/logos/64/238.png', 'https://cdn.collegefootballdata.com/logos-dark/64/238.png', 'https://cdn.collegefootballdata.com/logos/48/238.png', 'https://cdn.collegefootballdata.com/logos-dark/48/238.png', 'https://cdn.collegefootballdata.com/logos/32/238.png', 'https://cdn.collegefootballdata.com/logos-dark/32/238.png', 'https://cdn.collegefootballdata.com/logos/16/238.png', 'https://cdn.collegefootballdata.com/logos-dark/16/238.png']",@VandyFootball,"{'id': 3973, 'name': 'FirstBank Stadium', 'city': 'Nashville', 'state': 'TN', 'zip': '37212', 'countryCode': 'US', 'timezone': 'America/Chicago', 'latitude': 36.1440455, 'longitude': -86.8088942, 'elevation': '159.9194641', 'capacity': 40351, 'constructionYear': 1922, 'grass': False, 'dome': False}"
258,Virginia,Cavaliers,UVA,"['UVA', 'Virginia']",ACC,Coastal,fbs,#232d4b,#f84c1e,"['https://cdn.collegefootballdata.com/logos/500/258.png', 'https://cdn.collegefootballdata.com/logos-dark/500/258.png', 'https://cdn.collegefootballdata.com/logos/256/258.png', 'https://cdn.collegefootballdata.com/logos-dark/256/258.png', 'https://cdn.collegefootballdata.com/logos/128/258.png', 'https://cdn.collegefootballdata.com/logos-dark/128/258.png', 'https://cdn.collegefootballdata.com/logos/96/258.png', 'https://cdn.collegefootballdata.com/logos-dark/96/258.png', 'https://cdn.collegefootballdata.com/logos/64/258.png', 'https://cdn.collegefootballdata.com/logos-dark/64/258.png', 'https://cdn.collegefootballdata.com/logos/48/258.png', 'https://cdn.collegefootballdata.com/logos-dark/48/258.png', 'https://cdn.collegefootballdata.com/logos/32/258.png', 'https://cdn.collegefootballdata.com/logos-dark/32/258.png', 'https://cdn.collegefootballdata.com/logos/16/258.png', 'https://cdn.collegefootballdata.com/logos-dark/16/258.png']",@UVAFootball,"{'id': 3923, 'name': 'Scott Stadium', 'city': 'Charlottesville', 'state': 'VA', 'zip': '22904', 'countryCode': 'US', 'timezone': 'America/New_York', 'latitude': 38.0311801, 'longitude': -78.5137897, 'elevation': '170.4677429', 'capacity': 61500, 'constructionYear': 1931, 'grass': True, 'dome': False}"
259,Virginia Tech,Hokies,VT,"['VT', 'Virginia Tech']",ACC,Coastal,fbs,#861f41,#e87722,"['https://cdn.collegefootballdata.com/logos/500/259.png', 'https://cdn.collegefootballdata.com/logos-dark/500/259.png', 'https://cdn.collegefootballdata.com/logos/256/259.png', 'https://cdn.collegefootballdata.com/logos-dark/256/259.png', 'https://cdn.collegefootballdata.com/logos/128/259.png', 'https://cdn.collegefootballdata.com/logos-dark/128/259.png', 'https://cdn.collegefootballdata.com/logos/96/259.png', 'https://cdn.collegefootballdata.com/logos-dark/96/259.png', 'https://cdn.collegefootballdata.com/logos/64/259.png', 'https://cdn.collegefootballdata.com/logos-dark/64/259.png', 'https://cdn.collegefootballdata.com/logos/48/259.png', 'https://cdn.collegefootballdata.com/logos-dark/48/259.png', 'https://cdn.collegefootballdata.com/logos/32/259.png', 'https://cdn.collegefootballdata.com/logos-dark/32/259.png', 'https://cdn.collegefootballdata.com/logos/16/259.png', 'https://cdn.collegefootballdata.com/logos-dark/16/259.png']",@VT_Football,"{'id': 3799, 'name': 'Lane Stadium', 'city': 'Blacksburg', 'state': 'VA', 'zip': '24061', 'countryCode': 'US', 'timezone': 'America/New_York', 'latitude': 37.2199873, 'longitude': -80.4180643, 'elevation': '632.2631226', 'capacity': 65632, 'constructionYear': 1965, 'grass': True, 'dome': False}"
154,Wake Forest,Demon Deacons,WAKE,"['WAKE', 'Wake Forest']",ACC,Atlantic,fbs,#ceb888,#2c2a29,"['https://cdn.collegefootballdata.com/logos/500/154.png', 'https://cdn.collegefootballdata.com/logos-dark/500/154.png', 'https://cdn.collegefootballdata.com/logos/256/154.png', 'https://cdn.collegefootballdata.com/logos-dark/256/154.png', 'https://cdn.collegefootballdata.com/logos/128/154.png', 'https://cdn.collegefootballdata.com/logos-dark/128/154.png', 'https://cdn.collegefootballdata.com/logos/96/154.png', 'https://cdn.collegefootballdata.com/logos-dark/96/154.png', 'https://cdn.collegefootballdata.com/logos/64/154.png', 'https://cdn.collegefootballdata.com/logos-dark/64/154.png', 'https://cdn.collegefootballdata.com/logos/48/154.png', 'https://cdn.collegefootballdata.com/logos-dark/48/154.png', 'https://cdn.collegefootballdata.com/logos/32/154.png', 'https://cdn.collegefootballdata.com/logos-dark/32/154.png', 'https://cdn.collegefootballdata.com/logos/16/154.png', 'https://cdn.collegefootballdata.com/logos-dark/16/154.png']",@WakeFB,"{'id': 3630, 'name': 'Allegacy Federal Credit Union Stadium', 'city': 'Winston-Salem', 'state': 'NC', 'zip': '27105', 'countryCode': 'US', 'timezone': 'America/New_York', 'latitude': 36.1305507, 'longitude': -80.2545851, 'elevation': '283.548584', 'capacity': 31500, 'constructionYear': 1968, 'grass': False, 'dome': False}"
264,Washington,Huskies,WASH,"['WASH', 'Washington']",Pac-12,North,fbs,#33006f,#e8d3a2,"['https://cdn.collegefootballdata.com/logos/500/264.png', 'https://cdn.collegefootballdata.com/logos-dark/500/264.png', 'https://cdn.collegefootballdata.com/logos/256/264.png', 'https://cdn.collegefootballdata.com/logos-dark/256/264.png', 'https://cdn.collegefootballdata.com/logos/128/264.png', 'https://cdn.collegefootballdata.com/logos-dark/128/264.png', 'https://cdn.collegefootballdata.com/logos/96/264.png', 'https://cdn.collegefootballdata.com/logos-dark/96/264.png', 'https://cdn.collegefootballdata.com/logos/64/264.png', 'https://cdn.collegefootballdata.com/logos-dark/64/264.png', 'https://cdn.collegefootballdata.com/logos/48/264.png', 'https://cdn.collegefootballdata.com/logos-dark/48/264.png', 'https://cdn.collegefootballdata.com/logos/32/264.png', 'https://cdn.collegefootballdata.com/logos-dark/32/264.png', 'https://cdn.collegefootballdata.com/logos/16/264.png', 'https://cdn.collegefootballdata.com/logos-dark/16/264.png']",@UW_Football,"{'id': 3765, 'name': 'Husky Stadium', 'city': 'Seattle', 'state': 'WA', 'zip': '98195', 'countryCode': 'US', 'timezone': 'America/Los_Angeles', 'latitude': 47.6503235, 'longitude': -122.3015746, 'elevation': '11.65622807', 'capacity': 70138, 'constructionYear': 1920, 'grass': False, 'dome': False}"
265,Washington State,Cougars,WSU,"['WSU', 'Washington St']",Pac-12,North,fbs,#a60f2d,#4d4d4d,"['https://cdn.collegefootballdata.com/logos/500/265.png', 'https://cdn.collegefootballdata.com/logos-dark/500/265.png', 'https://cdn.collegefootballdata.com/logos/256/265.png', 'https://cdn.collegefootballdata.com/logos-dark/256/265.png', 'https://cdn.collegefootballdata.com/logos/128/265.png', 'https://cdn.collegefootballdata.com/logos-dark/128/265.png', 'https://cdn.collegefootballdata.com/logos/96/265.png', 'https://cdn.collegefootballdata.com/logos-dark/96/265.png', 'https://cdn.collegefootballdata.com/logos/64/265.png', 'https://cdn.collegefootballdata.com/logos-dark/64/265.png', 'https://cdn.collegefootballdata.com/logos/48/265.png', 'https://cdn.collegefootballdata.com/logos-dark/48/265.png', 'https://cdn.collegefootballdata.com/logos/32/265.png', 'https://cdn.collegefootballdata.com/logos-dark/32/265.png', 'https://cdn.collegefootballdata.com/logos/16/265.png', 'https://cdn.collegefootballdata.com/logos-dark/16/265.png']",@WSUCougarFB,"{'id': 3820, 'name': 'Gesa Field', 'city': 'Pullman', 'state': 'WA', 'zip': '99164', 'countryCode': 'US', 'timezone': 'America/Los_Angeles', 'latitude': 46.731831, 'longitude': -117.1604991, 'elevation': '773.9526367', 'capacity': 32952, 'constructionYear': 1972, 'grass': False, 'dome': False}"
98,Western Kentucky,Hilltoppers,WKU,"['WKU', 'Western KY']",Conference USA,East,fbs,#c60c30,#ffffff,"['https://cdn.collegefootballdata.com/logos/500/98.png', 'https://cdn.collegefootballdata.com/logos-dark/500/98.png', 'https://cdn.collegefootballdata.com/logos/256/98.png', 'https://cdn.collegefootballdata.com/logos-dark/256/98.png', 'https://cdn.collegefootballdata.com/logos/128/98.png', 'https://cdn.collegefootballdata.com/logos-dark/128/98.png', 'https://cdn.collegefootballdata.com/logos/96/98.png', 'https://cdn.collegefootballdata.com/logos-dark/96/98.png', 'https://cdn.collegefootballdata.com/logos/64/98.png', 'https://cdn.collegefootballdata.com/logos-dark/64/98.png', 'https://cdn.collegefootballdata.com/logos/48/98.png', 'https://cdn.collegefootballdata.com/logos-dark/48/98.png', 'https://cdn.collegefootballdata.com/logos/32/98.png', 'https://cdn.collegefootballdata.com/logos-dark/32/98.png', 'https://cdn.collegefootballdata.com/logos/16/98.png', 'https://cdn.collegefootballdata.com/logos-dark/16/98.png']",@WKUFootball,"{'id': 3796, 'name': 'Houchens Industries-L.T. Smith Stadium', 'city': 'Bowling Green', 'state': 'KY', 'zip': '42101', 'countryCode': 'US', 'timezone': 'America/Chicago', 'latitude': 36.9847901, 'longitude': -86.4594041, 'elevation': '154.4346619', 'capacity': 22113, 'constructionYear': 1968, 'grass': False, 'dome': False}"
2711,Western Michigan,Broncos,WMU,"['WMU', 'W Michigan']",Mid-American,West,fbs,#532e1f,#f1c500,"['https://cdn.collegefootballdata.com/logos/500/2711.png', 'https://cdn.collegefootballdata.com/logos-dark/500/2711.png', 'https://cdn.collegefootballdata.com/logos/256/2711.png', 'https://cdn.collegefootballdata.com/logos-dark/256/2711.png', 'https://cdn.collegefootballdata.com/logos/128/2711.png', 'https://cdn.collegefootballdata.com/logos-dark/128/2711.png', 'https://cdn.collegefootballdata.com/logos/96/2711.png', 'https://cdn.collegefootballdata.com/logos-dark/96/2711.png', 'https://cdn.collegefootballdata.com/logos/64/2711.png', 'https://cdn.collegefootballdata.com/logos-dark/64/2711.png', 'https://cdn.collegefootballdata.com/logos/48/2711.png', 'https://cdn.collegefootballdata.com/logos-dark/48/2711.png', 'https://cdn.collegefootballdata.com/logos/32/2711.png', 'https://cdn.collegefootballdata.com/logos-dark/32/2711.png', 'https://cdn.collegefootballdata.com/logos/16/2711.png', 'https://cdn.collegefootballdata.com/logos-dark/16/2711.png']",@WMU_Football,"{'id': 3980, 'name': 'Waldo Stadium', 'city': 'Kalamazoo', 'state': 'MI', 'zip': '49008', 'countryCode': 'US', 'timezone': 'America/Detroit', 'latitude': 42.2860064, 'longitude': -85.6007573, 'elevation': '243.8211212', 'capacity': 30200, 'constructionYear': 1939, 'grass': False, 'dome': False}"
277,West Virginia,Mountaineers,WVU,"['WVU', 'West Virginia']",Big 12,,fbs,#eaaa00,#002855,"['https://cdn.collegefootballdata.com/logos/500/277.png', 'https://cdn.collegefootballdata.com/logos-dark/500/277.png', 'https://cdn.collegefootballdata.com/logos/256/277.png', 'https://cdn.collegefootballdata.com/logos-dark/256/277.png', 'https://cdn.collegefootballdata.com/logos/128/277.png', 'https://cdn.collegefootballdata.com/logos-dark/128/277.png', 'https://cdn.collegefootballdata.com/logos/96/277.png', 'https://cdn.collegefootballdata.com/logos-dark/96/277.png', 'https://cdn.collegefootballdata.com/logos/64/277.png', 'https://cdn.collegefootballdata.com/logos-dark/64/277.png', 'https://cdn.collegefootballdata.com/logos/48/277.png', 'https://cdn.collegefootballdata.com/logos-dark/48/277.png', 'https://cdn.collegefootballdata.com/logos/32/277.png', 'https://cdn.collegefootballdata.com/logos-dark/32/277.png', 'https://cdn.collegefootballdata.com/logos/16/277.png', 'https://cdn.collegefootballdata.com/logos-dark/16/277.png']",@WVUFootball,"{'id': 3842, 'name': 'Milan Puskar Stadium', 'city': 'Morgantown', 'state': 'WV', 'zip': '26507', 'countryCode': 'US', 'timezone': 'America/New_York', 'latitude': 39.6502744, 'longitude': -79.9551873, 'elevation': '327.409668', 'capacity': 60000, 'constructionYear': 1980, 'grass': False, 'dome': False}"
275,Wisconsin,Badgers,WIS,"['WIS', 'Wisconsin']",Big Ten,West,fbs,#a00000,#ffffff,"['https://cdn.collegefootballdata.com/logos/500/275.png', 'https://cdn.collegefootballdata.com/logos-dark/500/275.png', 'https://cdn.collegefootballdata.com/logos/256/275.png', 'https://cdn.collegefootballdata.com/logos-dark/256/275.png', 'https://cdn.collegefootballdata.com/logos/128/275.png', 'https://cdn.collegefootballdata.com/logos-dark/128/275.png', 'https://cdn.collegefootballdata.com/logos/96/275.png', 'https://cdn.collegefootballdata.com/logos-dark/96/275.png', 'https://cdn.collegefootballdata.com/logos/64/275.png', 'https://cdn.collegefootballdata.com/logos-dark/64/275.png', 'https://cdn.collegefootballdata.com/logos/48/275.png', 'https://cdn.collegefootballdata.com/logos-dark/48/275.png', 'https://cdn.collegefootballdata.com/logos/32/275.png', 'https://cdn.collegefootballdata.com/logos-dark/32/275.png', 'https://cdn.collegefootballdata.com/logos/16/275.png', 'https://cdn.collegefootballdata.com/logos-dark/16/275.png']",@BadgerFootball,"{'id': 347, 'name': 'Camp Randall Stadium', 'city': 'Madison', 'state': 'WI', 'zip': '53711', 'countryCode': 'US', 'timezone': 'America/Chicago', 'latitude': 43.06994, 'longitude': -89.4126943, 'elevation': '263.604126', 'capacity': 80321, 'constructionYear': 1917, 'grass': False, 'dome': False}"
2751,Wyoming,Cowboys,WYO,"['WYO', 'Wyoming']",Mountain West,Mountain,fbs,#492f24,#ffc425,"['https://cdn.collegefootballdata.com/logos/500/2751.png', 'https://cdn.collegefootballdata.com/logos-dark/500/2751.png', 'https://cdn.collegefootballdata.com/logos/256/2751.png', 'https://cdn.collegefootballdata.com/logos-dark/256/2751.png', 'https://cdn.collegefootballdata.com/logos/128/2751.png', 'https://cdn.collegefootballdata.com/logos-dark/128/2751.png', 'https://cdn.collegefootballdata.com/logos/96/2751.png', 'https://cdn.collegefootballdata.com/logos-dark/96/2751.png', 'https://cdn.collegefootballdata.com/logos/64/2751.png', 'https://cdn.collegefootballdata.com/logos-dark/64/2751.png', 'https://cdn.collegefootballdata.com/logos/48/2751.png', 'https://cdn.collegefootballdata.com/logos-dark/48/2751.png', 'https://cdn.collegefootballdata.com/logos/32/2751.png', 'https://cdn.collegefootballdata.com/logos-dark/32/2751.png', 'https://cdn.collegefootballdata.com/logos/16/2751.png', 'https://cdn.collegefootballdata.com/logos-dark/16/2751.png']",@Wyo_Football,"{'id': 3984, 'name': 'War Memorial Stadium', 'city': 'Laramie', 'state': 'WY', 'zip': '82071', 'countryCode': 'US', 'timezone': 'America/Denver', 'latitude': 41.31161, 'longitude': -105.5681384, 'elevation': '2200.153564', 'capacity': 29181, 'constructionYear': 1950, 'grass': False, 'dome': False}"
